object={
	name="baobab_generator_2_0"
	clamp_to_water_level=no
	render_under_water=no
	generated_content=yes
	layer="semidynamic_medium"
	pdxmesh="tree_baobab_01_mesh"
	count=725
	transform="1056.264404 0.000000 1490.462280 0.000000 0.577781 0.000000 0.816192 0.194200 0.194200 0.194200
1066.581665 0.000000 1487.398560 0.000000 0.566933 0.000000 0.823764 0.192025 0.192025 0.192025
1087.419312 0.000000 1490.465820 0.000000 0.410752 0.000000 0.911747 0.196768 0.196768 0.196768
1085.524414 0.000000 1474.107178 0.000000 0.676030 0.000000 0.736874 0.192865 0.192865 0.192865
1082.134033 0.000000 1496.058228 0.000000 0.199208 0.000000 0.979957 0.247598 0.247598 0.247598
1060.590088 0.000000 1478.600464 0.000000 0.453888 0.000000 0.891059 0.232521 0.232521 0.232521
1086.127319 0.000000 1486.033691 0.000000 0.297227 0.000000 0.954807 0.196296 0.196296 0.196296
1058.040283 0.000000 1486.898682 0.000000 0.481452 0.000000 0.876473 0.254109 0.254109 0.254109
1063.443970 0.000000 1479.883179 0.000000 0.024897 0.000000 0.999690 0.226609 0.226609 0.226609
1064.221680 0.000000 1489.036987 0.000000 0.568439 0.000000 0.822725 0.203451 0.203451 0.203451
1084.880859 0.000000 1491.823486 0.000000 0.003675 0.000000 0.999993 0.227614 0.227614 0.227614
1080.270874 0.000000 1489.103516 0.000000 0.588396 0.000000 0.808573 0.223085 0.223085 0.223085
1085.359375 0.000000 1489.667358 0.000000 0.538255 0.000000 0.842782 0.237934 0.237934 0.237934
1085.998047 0.000000 1501.219849 0.000000 0.098107 0.000000 0.995176 0.253794 0.253794 0.253794
1133.255371 0.000000 1523.469238 0.000000 0.142014 0.000000 0.989865 0.199540 0.199540 0.199540
1140.885132 0.000000 1520.344849 0.000000 0.645462 0.000000 0.763792 0.227050 0.227050 0.227050
1145.729980 0.000000 1509.383301 0.000000 0.147507 0.000000 0.989061 0.188811 0.188811 0.188811
1132.186279 0.000000 1516.302002 0.000000 0.532223 0.000000 0.846604 0.191178 0.191178 0.191178
1102.124634 0.000000 1497.602539 0.000000 0.202466 0.000000 0.979289 0.189592 0.189592 0.189592
1138.569214 0.000000 1524.567505 0.000000 0.607685 0.000000 0.794178 0.193625 0.193625 0.193625
1122.996948 0.000000 1524.557129 0.000000 0.559151 0.000000 0.829066 0.220694 0.220694 0.220694
1137.158813 0.000000 1503.222168 0.000000 0.443180 0.000000 0.896433 0.217663 0.217663 0.217663
1103.712891 0.000000 1487.207886 0.000000 0.114998 0.000000 0.993366 0.244587 0.244587 0.244587
1135.560791 0.000000 1511.357422 0.000000 0.383671 0.000000 0.923470 0.214905 0.214905 0.214905
1121.615479 0.000000 1522.689453 0.000000 0.073204 0.000000 0.997317 0.217775 0.217775 0.217775
1105.646729 0.000000 1487.918579 0.000000 0.466892 0.000000 0.884314 0.233664 0.233664 0.233664
1122.607544 0.000000 1520.987671 0.000000 0.442272 0.000000 0.896881 0.259352 0.259352 0.259352
1124.916992 0.000000 1520.334961 0.000000 0.637805 0.000000 0.770198 0.266060 0.266060 0.266060
1151.683594 0.000000 1538.118530 0.000000 0.140529 0.000000 0.990077 0.259205 0.259205 0.259205
1133.255371 0.000000 1579.953613 0.000000 0.212946 0.000000 0.977064 0.188996 0.188996 0.188996
1140.449829 0.000000 1557.838623 0.000000 0.065729 0.000000 0.997838 0.239763 0.239763 0.239763
1146.134033 0.000000 1552.542603 0.000000 0.302832 0.000000 0.953044 0.200733 0.200733 0.200733
1133.059937 0.000000 1567.469971 0.000000 0.359801 0.000000 0.933029 0.189791 0.189791 0.189791
1146.875244 0.000000 1525.232666 0.000000 0.339916 0.000000 0.940456 0.209041 0.209041 0.209041
1142.755981 0.000000 1551.173584 0.000000 0.587038 0.000000 0.809559 0.197153 0.197153 0.197153
1112.358154 0.000000 1533.589111 0.000000 0.000769 0.000000 1.000000 0.191249 0.191249 0.191249
1129.246460 0.000000 1573.389893 0.000000 0.521469 0.000000 0.853270 0.205524 0.205524 0.205524
1130.451904 0.000000 1560.012207 0.000000 0.633038 0.000000 0.774120 0.210081 0.210081 0.210081
1123.895264 0.000000 1537.591797 0.000000 0.315800 0.000000 0.948826 0.221332 0.221332 0.221332
1143.370483 0.000000 1558.733521 0.000000 0.567010 0.000000 0.823711 0.219942 0.219942 0.219942
1151.940552 0.000000 1544.527588 0.000000 0.363912 0.000000 0.931433 0.211134 0.211134 0.211134
1144.373535 0.000000 1525.216553 0.000000 0.020157 0.000000 0.999797 0.223572 0.223572 0.223572
1136.587158 0.000000 1576.004150 0.000000 0.481052 0.000000 0.876692 0.223610 0.223610 0.223610
1119.953247 0.000000 1530.753296 0.000000 0.124869 0.000000 0.992173 0.266603 0.266603 0.266603
1118.270752 0.000000 1534.354858 0.000000 0.015351 0.000000 0.999882 0.255740 0.255740 0.255740
1193.206665 0.000000 1477.137451 0.000000 0.223807 0.000000 0.974633 0.222881 0.222881 0.222881
1183.430420 0.000000 1479.365723 0.000000 0.653898 0.000000 0.756582 0.194002 0.194002 0.194002
1188.590088 0.000000 1478.600464 0.000000 0.677689 0.000000 0.735348 0.271089 0.271089 0.271089
1206.755981 0.000000 1494.689209 0.000000 0.611492 0.000000 0.791250 0.191762 0.191762 0.191762
1191.815552 0.000000 1478.147461 0.000000 0.425231 0.000000 0.905085 0.260385 0.260385 0.260385
1244.282104 0.000000 1505.489746 0.000000 0.578473 0.000000 0.815702 0.193808 0.193808 0.193808
1234.736938 0.000000 1518.714844 0.000000 0.450027 0.000000 0.893015 0.199977 0.199977 0.199977
1235.921631 0.000000 1492.919189 0.000000 0.518781 0.000000 0.854907 0.190784 0.190784 0.190784
1261.233887 0.000000 1494.491089 0.000000 0.421905 0.000000 0.906640 0.191356 0.191356 0.191356
1230.124634 0.000000 1497.602539 0.000000 0.337157 0.000000 0.941449 0.189892 0.189892 0.189892
1277.042114 0.000000 1524.251831 0.000000 0.697815 0.000000 0.716278 0.194817 0.194817 0.194817
1261.790894 0.000000 1481.931885 0.000000 0.683462 0.000000 0.729986 0.193360 0.193360 0.193360
1265.916626 0.000000 1486.383789 0.000000 0.048630 0.000000 0.998817 0.188600 0.188600 0.188600
1255.675415 0.000000 1523.367676 0.000000 0.528654 0.000000 0.848837 0.201031 0.201031 0.201031
1262.917847 0.000000 1489.908447 0.000000 0.480820 0.000000 0.876819 0.227955 0.227955 0.227955
1237.636475 0.000000 1523.095947 0.000000 0.536269 0.000000 0.844047 0.190593 0.190593 0.190593
1225.424194 0.000000 1496.467529 0.000000 0.234020 0.000000 0.972232 0.209151 0.209151 0.209151
1227.936890 0.000000 1501.363159 0.000000 0.071468 0.000000 0.997443 0.205954 0.205954 0.205954
1252.675659 0.000000 1501.435791 0.000000 0.064485 0.000000 0.997919 0.192781 0.192781 0.192781
1222.827515 0.000000 1524.592651 0.000000 0.705114 0.000000 0.709093 0.234055 0.234055 0.234055
1220.256348 0.000000 1524.109497 0.000000 0.566699 0.000000 0.823925 0.216305 0.216305 0.216305
1223.626831 0.000000 1514.943970 0.000000 0.384773 0.000000 0.923011 0.227672 0.227672 0.227672
1250.794434 0.000000 1506.853271 0.000000 0.641850 0.000000 0.766830 0.222359 0.222359 0.222359
1230.008911 0.000000 1488.338867 0.000000 0.015690 0.000000 0.999877 0.234304 0.234304 0.234304
1155.589233 0.000000 1537.460327 0.000000 0.597514 0.000000 0.801858 0.220538 0.220538 0.220538
1212.270508 0.000000 1573.411987 0.000000 0.201790 0.000000 0.979429 0.220873 0.220873 0.220873
1159.651001 0.000000 1542.565552 0.000000 0.606298 0.000000 0.795237 0.192540 0.192540 0.192540
1190.720825 0.000000 1571.812744 0.000000 0.323049 0.000000 0.946382 0.188219 0.188219 0.188219
1205.811401 0.000000 1566.377197 0.000000 0.113309 0.000000 0.993560 0.188229 0.188229 0.188229
1210.308594 0.000000 1569.677734 0.000000 0.449415 0.000000 0.893323 0.285059 0.285059 0.285059
1188.176392 0.000000 1569.097778 0.000000 0.686721 0.000000 0.726921 0.222386 0.222386 0.222386
1182.089844 0.000000 1554.013428 0.000000 0.065017 0.000000 0.997884 0.189434 0.189434 0.189434
1208.579102 0.000000 1574.240479 0.000000 0.223880 0.000000 0.974617 0.193708 0.193708 0.193708
1204.391968 0.000000 1573.464844 0.000000 0.141588 0.000000 0.989926 0.192793 0.192793 0.192793
1190.737793 0.000000 1563.556030 0.000000 0.584532 0.000000 0.811371 0.210193 0.210193 0.210193
1210.989014 0.000000 1558.712158 0.000000 0.193097 0.000000 0.981180 0.197643 0.197643 0.197643
1207.879395 0.000000 1568.272949 0.000000 0.436884 0.000000 0.899518 0.199805 0.199805 0.199805
1214.888184 0.000000 1561.703125 0.000000 0.393151 0.000000 0.919474 0.219365 0.219365 0.219365
1210.085693 0.000000 1572.236694 0.000000 0.658676 0.000000 0.752427 0.213358 0.213358 0.213358
1152.974365 0.000000 1537.785889 0.000000 0.450010 0.000000 0.893023 0.242508 0.242508 0.242508
1186.441895 0.000000 1559.041504 0.000000 0.086307 0.000000 0.996269 0.214113 0.214113 0.214113
1186.794434 0.000000 1563.337646 0.000000 0.498527 0.000000 0.866874 0.273227 0.273227 0.273227
1185.651611 0.000000 1561.275635 0.000000 0.157022 0.000000 0.987595 0.220845 0.220845 0.220845
1189.593018 0.000000 1567.288818 0.000000 0.573461 0.000000 0.819233 0.232633 0.232633 0.232633
1154.523438 0.000000 1539.493042 0.000000 0.382955 0.000000 0.923767 0.236744 0.236744 0.236744
1213.048584 0.000000 1564.343506 0.000000 0.208451 0.000000 0.978033 0.271712 0.271712 0.271712
1154.200317 0.000000 1541.697388 0.000000 0.640889 0.000000 0.767633 0.245965 0.245965 0.245965
1211.122925 0.000000 1564.504395 0.000000 0.512801 0.000000 0.858508 0.294012 0.294012 0.294012
1219.834473 0.000000 1525.080688 0.000000 0.534001 0.000000 0.845484 0.191826 0.191826 0.191826
1257.423462 0.000000 1557.500366 0.000000 0.516219 0.000000 0.856457 0.258483 0.258483 0.258483
1225.453857 0.000000 1531.397461 0.000000 0.277343 0.000000 0.960771 0.215671 0.215671 0.215671
1222.599243 0.000000 1578.179077 0.000000 0.623969 0.000000 0.781449 0.229306 0.229306 0.229306
1254.270874 0.000000 1526.485107 0.000000 0.618725 0.000000 0.785608 0.202319 0.202319 0.202319
1279.097656 0.000000 1564.467285 0.000000 0.525893 0.000000 0.850551 0.220057 0.220057 0.220057
1220.956909 0.000000 1571.245239 0.000000 0.114358 0.000000 0.993440 0.186185 0.186185 0.186185
1221.568970 0.000000 1529.095947 0.000000 0.125716 0.000000 0.992066 0.209167 0.209167 0.209167
1229.333862 0.000000 1529.407471 0.000000 0.592123 0.000000 0.805848 0.197220 0.197220 0.197220
1221.348755 0.000000 1533.519897 0.000000 0.573188 0.000000 0.819424 0.204451 0.204451 0.204451
1277.935669 0.000000 1555.108154 0.000000 0.674386 0.000000 0.738379 0.253263 0.253263 0.253263
1269.757935 0.000000 1544.442871 0.000000 0.111746 0.000000 0.993737 0.199159 0.199159 0.199159
1217.602173 0.000000 1555.451416 0.000000 0.523975 0.000000 0.851733 0.201889 0.201889 0.201889
1219.856934 0.000000 1575.150024 0.000000 0.433005 0.000000 0.901391 0.207810 0.207810 0.207810
1257.764648 0.000000 1553.402344 0.000000 0.016316 0.000000 0.999867 0.239891 0.239891 0.239891
1262.444580 0.000000 1576.440308 0.000000 0.202391 0.000000 0.979305 0.204516 0.204516 0.204516
1270.755981 0.000000 1551.173584 0.000000 0.166461 0.000000 0.986048 0.221806 0.221806 0.221806
1228.396729 0.000000 1537.585938 0.000000 0.212110 0.000000 0.977246 0.196160 0.196160 0.196160
1219.168213 0.000000 1569.030762 0.000000 0.317316 0.000000 0.948320 0.239213 0.239213 0.239213
1222.297607 0.000000 1526.426270 0.000000 0.485333 0.000000 0.874330 0.255046 0.255046 0.255046
1258.451904 0.000000 1560.012207 0.000000 0.605659 0.000000 0.795724 0.204945 0.204945 0.204945
1254.386963 0.000000 1547.426270 0.000000 0.635058 0.000000 0.772464 0.266820 0.266820 0.266820
1271.542480 0.000000 1548.207886 0.000000 0.425530 0.000000 0.904944 0.215611 0.215611 0.215611
1218.786255 0.000000 1559.978760 0.000000 0.095814 0.000000 0.995399 0.227339 0.227339 0.227339
1255.437012 0.000000 1552.460083 0.000000 0.293194 0.000000 0.956053 0.257718 0.257718 0.257718
1218.854492 0.000000 1572.625122 0.000000 0.097770 0.000000 0.995209 0.211140 0.211140 0.211140
1254.985352 0.000000 1556.942505 0.000000 0.450411 0.000000 0.892821 0.258815 0.258815 0.258815
1276.546265 0.000000 1553.017822 0.000000 0.542109 0.000000 0.840308 0.237160 0.237160 0.237160
1276.605713 0.000000 1557.004761 0.000000 0.112479 0.000000 0.993654 0.253558 0.253558 0.253558
1256.581299 0.000000 1555.342529 0.000000 0.418831 0.000000 0.908064 0.257818 0.257818 0.257818
1220.206177 0.000000 1527.333008 0.000000 0.512998 0.000000 0.858390 0.230384 0.230384 0.230384
1253.382812 0.000000 1552.660156 0.000000 0.604532 0.000000 0.796581 0.241392 0.241392 0.241392
1276.194946 0.000000 1560.667236 0.000000 0.040075 0.000000 0.999197 0.279444 0.279444 0.279444
1271.776123 0.000000 1552.803101 0.000000 0.657312 0.000000 0.753618 0.254486 0.254486 0.254486
1274.464966 0.000000 1561.365479 0.000000 0.099877 0.000000 0.995000 0.276856 0.276856 0.276856
1277.805542 0.000000 1560.724487 0.000000 0.518906 0.000000 0.854831 0.302605 0.302605 0.302605
1303.427856 0.000000 1404.620361 0.000000 0.243130 0.000000 0.969994 0.217564 0.217564 0.217564
1294.452148 0.000000 1411.219727 0.000000 0.227273 0.000000 0.973831 0.247634 0.247634 0.247634
1295.150513 0.000000 1409.235962 0.000000 0.190044 0.000000 0.981776 0.250966 0.250966 0.250966
1299.982056 0.000000 1409.807129 0.000000 0.029125 0.000000 0.999576 0.280053 0.280053 0.280053
1299.869141 0.000000 1406.944702 0.000000 0.638558 0.000000 0.769574 0.314120 0.314120 0.314120
1296.782227 0.000000 1413.818359 0.000000 0.653574 0.000000 0.756863 0.282110 0.282110 0.282110
1299.355347 0.000000 1412.143066 0.000000 0.309683 0.000000 0.950840 0.285326 0.285326 0.285326
1280.290283 0.000000 1559.443237 0.000000 0.574173 0.000000 0.818734 0.210942 0.210942 0.210942
1307.221802 0.000000 1571.106689 0.000000 0.537117 0.000000 0.843508 0.191229 0.191229 0.191229
1305.924683 0.000000 1578.318604 0.000000 0.394757 0.000000 0.918785 0.241112 0.241112 0.241112
1306.840820 0.000000 1551.782471 0.000000 0.271959 0.000000 0.962309 0.200337 0.200337 0.200337
1289.597778 0.000000 1574.953613 0.000000 0.399886 0.000000 0.916565 0.197535 0.197535 0.197535
1311.822266 0.000000 1551.139282 0.000000 0.340100 0.000000 0.940389 0.224282 0.224282 0.224282
1306.772095 0.000000 1574.988403 0.000000 0.556430 0.000000 0.830895 0.223338 0.223338 0.223338
1306.616211 0.000000 1549.160522 0.000000 0.351068 0.000000 0.936350 0.218615 0.218615 0.218615
1303.931152 0.000000 1576.795410 0.000000 0.190846 0.000000 0.981620 0.207682 0.207682 0.207682
1311.885010 0.000000 1544.268188 0.000000 0.120835 0.000000 0.992673 0.210702 0.210702 0.210702
1087.683594 0.000000 1594.602905 0.000000 0.261707 0.000000 0.965147 0.247830 0.247830 0.247830
1082.134033 0.000000 1609.026978 0.000000 0.303292 0.000000 0.952898 0.190701 0.190701 0.190701
1071.844604 0.000000 1588.672974 0.000000 0.370930 0.000000 0.928661 0.190338 0.190338 0.190338
1075.521606 0.000000 1609.571411 0.000000 0.103741 0.000000 0.994604 0.187183 0.187183 0.187183
1074.317383 0.000000 1584.753662 0.000000 0.513238 0.000000 0.858246 0.206313 0.206313 0.206313
1083.875732 0.000000 1595.768677 0.000000 0.077317 0.000000 0.997007 0.186166 0.186166 0.186166
1086.188843 0.000000 1596.637085 0.000000 0.263929 0.000000 0.964542 0.215446 0.215446 0.215446
1140.600708 0.000000 1604.776367 0.000000 0.121281 0.000000 0.992618 0.215485 0.215485 0.215485
1145.915649 0.000000 1592.277222 0.000000 0.147055 0.000000 0.989128 0.219089 0.219089 0.219089
1093.003174 0.000000 1617.690552 0.000000 0.196827 0.000000 0.980438 0.212707 0.212707 0.212707
1092.956909 0.000000 1627.729614 0.000000 0.594399 0.000000 0.804171 0.258513 0.258513 0.258513
1146.165039 0.000000 1604.113159 0.000000 0.100043 0.000000 0.994983 0.204746 0.204746 0.204746
1138.317383 0.000000 1584.753662 0.000000 0.136308 0.000000 0.990667 0.196958 0.196958 0.196958
1143.430908 0.000000 1595.439575 0.000000 0.333989 0.000000 0.942577 0.218314 0.218314 0.218314
1095.290527 0.000000 1624.407593 0.000000 0.300972 0.000000 0.953633 0.273187 0.273187 0.273187
1132.877319 0.000000 1615.349487 0.000000 0.629604 0.000000 0.776916 0.229435 0.229435 0.229435
1097.807983 0.000000 1617.268066 0.000000 0.049754 0.000000 0.998761 0.237951 0.237951 0.237951
1092.219482 0.000000 1614.196655 0.000000 0.358632 0.000000 0.933479 0.198807 0.198807 0.198807
1142.469360 0.000000 1591.716553 0.000000 0.062232 0.000000 0.998062 0.196073 0.196073 0.196073
1138.335327 0.000000 1602.455566 0.000000 0.163844 0.000000 0.986486 0.193893 0.193893 0.193893
1130.699829 0.000000 1621.941284 0.000000 0.488958 0.000000 0.872307 0.196823 0.196823 0.196823
1095.626831 0.000000 1627.912720 0.000000 0.241707 0.000000 0.970349 0.251735 0.251735 0.251735
1088.974365 0.000000 1594.270264 0.000000 0.334085 0.000000 0.942543 0.218316 0.218316 0.218316
1145.532715 0.000000 1596.537109 0.000000 0.690063 0.000000 0.723749 0.230878 0.230878 0.230878
1093.188354 0.000000 1624.302612 0.000000 0.669823 0.000000 0.742520 0.281140 0.281140 0.281140
1145.361084 0.000000 1594.351807 0.000000 0.369570 0.000000 0.929203 0.224015 0.224015 0.224015
1095.299561 0.000000 1622.300659 0.000000 0.663097 0.000000 0.748534 0.288477 0.288477 0.288477
1094.226929 0.000000 1626.137451 0.000000 0.302015 0.000000 0.953303 0.253499 0.253499 0.253499
1097.185303 0.000000 1625.097656 0.000000 0.101690 0.000000 0.994816 0.225952 0.225952 0.225952
1097.040405 0.000000 1623.087036 0.000000 0.246928 0.000000 0.969034 0.245171 0.245171 0.245171
1092.253662 0.000000 1620.928345 0.000000 0.111082 0.000000 0.993811 0.242348 0.242348 0.242348
1129.423462 0.000000 1670.469116 0.000000 0.119635 0.000000 0.992818 0.190401 0.190401 0.190401
1149.734009 0.000000 1672.257080 0.000000 0.313716 0.000000 0.949517 0.199126 0.199126 0.199126
1149.524414 0.000000 1643.560303 0.000000 0.203677 0.000000 0.979038 0.188272 0.188272 0.188272
1151.290771 0.000000 1638.451904 0.000000 0.563488 0.000000 0.826124 0.194964 0.194964 0.194964
1142.117310 0.000000 1645.068237 0.000000 0.628324 0.000000 0.777952 0.192767 0.192767 0.192767
1139.521606 0.000000 1666.055786 0.000000 0.182261 0.000000 0.983250 0.188569 0.188569 0.188569
1149.935669 0.000000 1668.076904 0.000000 0.695356 0.000000 0.718665 0.205436 0.205436 0.205436
1140.612793 0.000000 1653.758911 0.000000 0.002225 0.000000 0.999997 0.229021 0.229021 0.229021
1147.669312 0.000000 1657.751709 0.000000 0.632020 0.000000 0.774952 0.198716 0.198716 0.198716
1142.496216 0.000000 1667.355713 0.000000 0.435595 0.000000 0.900143 0.232960 0.232960 0.232960
1142.469360 0.000000 1648.200928 0.000000 0.567166 0.000000 0.823603 0.228038 0.228038 0.228038
1141.610352 0.000000 1673.539673 0.000000 0.073917 0.000000 0.997264 0.213125 0.213125 0.213125
1143.879395 0.000000 1681.241699 0.000000 0.287146 0.000000 0.957887 0.234546 0.234546 0.234546
1139.473267 0.000000 1678.424805 0.000000 0.482341 0.000000 0.875984 0.227120 0.227120 0.227120
1141.305176 0.000000 1651.697754 0.000000 0.130506 0.000000 0.991448 0.221914 0.221914 0.221914
1155.589233 0.000000 1593.944702 0.000000 0.406441 0.000000 0.913677 0.190363 0.190363 0.190363
1165.333862 0.000000 1585.891846 0.000000 0.325167 0.000000 0.945657 0.200146 0.200146 0.200146
1152.522339 0.000000 1597.264526 0.000000 0.242311 0.000000 0.970199 0.191296 0.191296 0.191296
1254.270874 0.000000 1582.969482 0.000000 0.467862 0.000000 0.883802 0.191476 0.191476 0.191476
1277.042114 0.000000 1637.220581 0.000000 0.693700 0.000000 0.720264 0.212114 0.212114 0.212114
1278.612427 0.000000 1633.202759 0.000000 0.355901 0.000000 0.934524 0.250449 0.250449 0.250449
1257.897095 0.000000 1581.590820 0.000000 0.083113 0.000000 0.996540 0.198800 0.198800 0.198800
1274.989014 0.000000 1615.196533 0.000000 0.561804 0.000000 0.827270 0.209818 0.209818 0.209818
1272.270874 0.000000 1602.072266 0.000000 0.547051 0.000000 0.837099 0.284737 0.284737 0.284737
1272.713501 0.000000 1610.985474 0.000000 0.666820 0.000000 0.745219 0.240392 0.240392 0.240392
1273.095215 0.000000 1605.342163 0.000000 0.634747 0.000000 0.772720 0.290434 0.290434 0.290434
1273.763306 0.000000 1602.578125 0.000000 0.202768 0.000000 0.979227 0.270826 0.270826 0.270826
1152.354126 0.000000 1686.014771 0.000000 0.615346 0.000000 0.788257 0.192520 0.192520 0.192520
1155.716309 0.000000 1679.153076 0.000000 0.017261 0.000000 0.999851 0.188752 0.188752 0.188752
1161.888916 0.000000 1693.311890 0.000000 0.162181 0.000000 0.986761 0.211346 0.211346 0.211346
1169.216431 0.000000 1677.928101 0.000000 0.384691 0.000000 0.923046 0.188844 0.188844 0.188844
1161.807983 0.000000 1673.752441 0.000000 0.441355 0.000000 0.897333 0.198959 0.198959 0.198959
1158.827515 0.000000 1694.045776 0.000000 0.278977 0.000000 0.960298 0.196081 0.196081 0.196081
1168.405029 0.000000 1675.601929 0.000000 0.427616 0.000000 0.903960 0.219990 0.219990 0.219990
1166.486328 0.000000 1676.728638 0.000000 0.076778 0.000000 0.997048 0.232851 0.232851 0.232851
1164.884766 0.000000 1685.029297 0.000000 0.479135 0.000000 0.877741 0.251574 0.251574 0.251574
1165.010498 0.000000 1672.071167 0.000000 0.412731 0.000000 0.910853 0.276060 0.276060 0.276060
1164.710571 0.000000 1674.780640 0.000000 0.646484 0.000000 0.762927 0.312222 0.312222 0.312222
1279.290771 0.000000 1638.451904 0.000000 0.387885 0.000000 0.921708 0.210640 0.210640 0.210640
1277.449707 0.000000 1647.533081 0.000000 0.553159 0.000000 0.833076 0.191070 0.191070 0.191070
1167.347534 0.000000 1694.815308 0.000000 0.694701 0.000000 0.719299 0.201567 0.201567 0.201567
1194.581665 0.000000 1713.336060 0.000000 0.175715 0.000000 0.984441 0.208285 0.208285 0.208285
1189.084961 0.000000 1709.328857 0.000000 0.656614 0.000000 0.754227 0.258885 0.258885 0.258885
1197.790894 0.000000 1707.869385 0.000000 0.389646 0.000000 0.920965 0.190064 0.190064 0.190064
1189.443237 0.000000 1714.333252 0.000000 0.412522 0.000000 0.910948 0.189990 0.189990 0.189990
1165.333862 0.000000 1698.860596 0.000000 0.312759 0.000000 0.949833 0.206919 0.206919 0.206919
1191.553711 0.000000 1711.733521 0.000000 0.659009 0.000000 0.752135 0.256316 0.256316 0.256316
1191.451416 0.000000 1709.526733 0.000000 0.410317 0.000000 0.911943 0.237388 0.237388 0.237388
1193.380981 0.000000 1710.478882 0.000000 0.393330 0.000000 0.919397 0.237808 0.237808 0.237808
1268.600708 0.000000 1717.745117 0.000000 0.445579 0.000000 0.895243 0.192386 0.192386 0.192386
1216.290283 0.000000 1728.896362 0.000000 0.109829 0.000000 0.993950 0.188877 0.188877 0.188877
1226.048218 0.000000 1740.031616 0.000000 0.029012 0.000000 0.999579 0.192386 0.192386 0.192386
1279.419312 0.000000 1716.403320 0.000000 0.609649 0.000000 0.792672 0.193374 0.193374 0.193374
1241.924683 0.000000 1747.771729 0.000000 0.634172 0.000000 0.773192 0.192829 0.192829 0.192829
1252.050049 0.000000 1730.820801 0.000000 0.330586 0.000000 0.943776 0.224927 0.224927 0.224927
1247.949707 0.000000 1728.787231 0.000000 0.406284 0.000000 0.913747 0.252686 0.252686 0.252686
1272.851562 0.000000 1726.143677 0.000000 0.435520 0.000000 0.900179 0.237154 0.237154 0.237154
1278.018555 0.000000 1720.426392 0.000000 0.507094 0.000000 0.861891 0.206221 0.206221 0.206221
1216.073120 0.000000 1733.092773 0.000000 0.283438 0.000000 0.958991 0.188190 0.188190 0.188190
1245.536743 0.000000 1734.544434 0.000000 0.415043 0.000000 0.909802 0.205772 0.205772 0.205772
1231.660034 0.000000 1745.696533 0.000000 0.475849 0.000000 0.879527 0.220006 0.220006 0.220006
1225.349487 0.000000 1747.086304 0.000000 0.183059 0.000000 0.983102 0.234519 0.234519 0.234519
1278.888184 0.000000 1731.156250 0.000000 0.671016 0.000000 0.741443 0.213587 0.213587 0.213587
1242.516602 0.000000 1733.310181 0.000000 0.531531 0.000000 0.847039 0.217475 0.217475 0.217475
1249.651611 0.000000 1730.728760 0.000000 0.626437 0.000000 0.779472 0.241986 0.241986 0.241986
1278.808594 0.000000 1722.558716 0.000000 0.588964 0.000000 0.808159 0.226715 0.226715 0.226715
1238.302124 0.000000 1756.069702 0.000000 0.391145 0.000000 0.920329 0.199218 0.199218 0.199218
1228.406494 0.000000 1751.963989 0.000000 0.177541 0.000000 0.984113 0.203341 0.203341 0.203341
1315.530884 0.000000 1632.151001 0.000000 0.545128 0.000000 0.838353 0.211374 0.211374 0.211374
1306.616821 0.000000 1587.771973 0.000000 0.140868 0.000000 0.990028 0.189294 0.189294 0.189294
1299.298462 0.000000 1599.509644 0.000000 0.032951 0.000000 0.999457 0.228967 0.228967 0.228967
1287.651001 0.000000 1599.049927 0.000000 0.057041 0.000000 0.998372 0.186017 0.186017 0.186017
1310.599976 0.000000 1631.266113 0.000000 0.435374 0.000000 0.900250 0.208734 0.208734 0.208734
1305.550537 0.000000 1593.163940 0.000000 0.571305 0.000000 0.820738 0.213648 0.213648 0.213648
1298.408936 0.000000 1609.972046 0.000000 0.342522 0.000000 0.939510 0.195949 0.195949 0.195949
1306.844482 0.000000 1583.280029 0.000000 0.348821 0.000000 0.937189 0.201330 0.201330 0.201330
1302.596802 0.000000 1602.093628 0.000000 0.631163 0.000000 0.775650 0.263225 0.263225 0.263225
1280.522339 0.000000 1597.264526 0.000000 0.384375 0.000000 0.923177 0.194652 0.194652 0.194652
1292.652466 0.000000 1606.989380 0.000000 0.638013 0.000000 0.770026 0.192089 0.192089 0.192089
1296.310547 0.000000 1606.357056 0.000000 0.041067 0.000000 0.999156 0.192520 0.192520 0.192520
1308.682983 0.000000 1594.996460 0.000000 0.318330 0.000000 0.947980 0.193895 0.193895 0.193895
1306.772095 0.000000 1631.472778 0.000000 0.472924 0.000000 0.881103 0.196623 0.196623 0.196623
1315.373291 0.000000 1608.505859 0.000000 0.611318 0.000000 0.791385 0.200321 0.200321 0.200321
1280.226196 0.000000 1632.879517 0.000000 0.528672 0.000000 0.848826 0.239426 0.239426 0.239426
1309.075928 0.000000 1633.962646 0.000000 0.372622 0.000000 0.927983 0.198983 0.198983 0.198983
1308.116333 0.000000 1636.978149 0.000000 0.400263 0.000000 0.916400 0.204675 0.204675 0.204675
1296.764038 0.000000 1597.514526 0.000000 0.397467 0.000000 0.917616 0.210790 0.210790 0.210790
1313.210693 0.000000 1631.005371 0.000000 0.315833 0.000000 0.948815 0.222990 0.222990 0.222990
1313.496704 0.000000 1605.793213 0.000000 0.435083 0.000000 0.900390 0.215774 0.215774 0.215774
1309.193848 0.000000 1607.773682 0.000000 0.179583 0.000000 0.983743 0.274533 0.274533 0.274533
1305.026123 0.000000 1581.810425 0.000000 0.016604 0.000000 0.999862 0.217529 0.217529 0.217529
1311.429199 0.000000 1605.490601 0.000000 0.320881 0.000000 0.947120 0.247921 0.247921 0.247921
1308.327393 0.000000 1609.381104 0.000000 0.427946 0.000000 0.903804 0.305567 0.305567 0.305567
1308.559937 0.000000 1610.838989 0.000000 0.210346 0.000000 0.977627 0.289183 0.289183 0.289183
1315.530884 0.000000 1688.635376 0.000000 0.585916 0.000000 0.810371 0.199022 0.199022 0.199022
1280.290283 0.000000 1672.411987 0.000000 0.369828 0.000000 0.929100 0.198058 0.198058 0.198058
1283.589233 0.000000 1650.429077 0.000000 0.624564 0.000000 0.780974 0.208999 0.208999 0.208999
1325.255371 0.000000 1692.922363 0.000000 0.405289 0.000000 0.914189 0.244630 0.244630 0.244630
1324.186279 0.000000 1685.755127 0.000000 0.565529 0.000000 0.824728 0.242980 0.242980 0.242980
1287.651001 0.000000 1655.534302 0.000000 0.586040 0.000000 0.810282 0.202776 0.202776 0.202776
1289.597778 0.000000 1687.922363 0.000000 0.569664 0.000000 0.821877 0.276845 0.276845 0.276845
1281.602173 0.000000 1668.420166 0.000000 0.454647 0.000000 0.890672 0.213467 0.213467 0.213467
1283.856934 0.000000 1688.118774 0.000000 0.616739 0.000000 0.787167 0.197552 0.197552 0.197552
1280.173096 0.000000 1639.871460 0.000000 0.426473 0.000000 0.904500 0.209483 0.209483 0.209483
1314.996948 0.000000 1694.010254 0.000000 0.365511 0.000000 0.930807 0.188797 0.188797 0.188797
1295.660034 0.000000 1689.212158 0.000000 0.408610 0.000000 0.912709 0.201231 0.201231 0.201231
1286.827515 0.000000 1694.045776 0.000000 0.466714 0.000000 0.884408 0.231098 0.231098 0.231098
1283.898438 0.000000 1690.803467 0.000000 0.061612 0.000000 0.998100 0.203404 0.203404 0.203404
1285.178101 0.000000 1663.416870 0.000000 0.654713 0.000000 0.755878 0.217973 0.217973 0.217973
1287.626831 0.000000 1684.397095 0.000000 0.464833 0.000000 0.885399 0.228482 0.228482 0.228482
1280.974365 0.000000 1650.754639 0.000000 0.261893 0.000000 0.965097 0.221980 0.221980 0.221980
1324.263306 0.000000 1688.221924 0.000000 0.407124 0.000000 0.913373 0.252710 0.252710 0.252710
1320.552612 0.000000 1690.898071 0.000000 0.318593 0.000000 0.947891 0.227158 0.227158 0.227158
1293.842407 0.000000 1689.524658 0.000000 0.055713 0.000000 0.998447 0.236680 0.236680 0.236680
1280.290283 0.000000 1728.896362 0.000000 0.091653 0.000000 0.995791 0.188862 0.188862 0.188862
1305.268799 0.000000 1710.940430 0.000000 0.249855 0.000000 0.968283 0.189962 0.189962 0.189962
1294.146729 0.000000 1716.384766 0.000000 0.447911 0.000000 0.894078 0.198135 0.198135 0.198135
1314.074463 0.000000 1700.051025 0.000000 0.511034 0.000000 0.859560 0.197101 0.197101 0.197101
1289.437988 0.000000 1695.348877 0.000000 0.085700 0.000000 0.996321 0.211742 0.211742 0.211742
1280.073120 0.000000 1733.092773 0.000000 0.095705 0.000000 0.995410 0.193968 0.193968 0.193968
1321.897095 0.000000 1694.559570 0.000000 0.007101 0.000000 0.999975 0.227687 0.227687 0.227687
1314.139526 0.000000 1696.257568 0.000000 0.125583 0.000000 0.992083 0.190064 0.190064 0.190064
1295.712891 0.000000 1713.145386 0.000000 0.242183 0.000000 0.970231 0.200814 0.200814 0.200814
1289.939697 0.000000 1709.819702 0.000000 0.089488 0.000000 0.995988 0.196398 0.196398 0.196398
1319.443970 0.000000 1705.820679 0.000000 0.243393 0.000000 0.969928 0.206773 0.206773 0.206773
1292.424805 0.000000 1712.951050 0.000000 0.074179 0.000000 0.997245 0.256369 0.256369 0.256369
1318.658447 0.000000 1702.752197 0.000000 0.559609 0.000000 0.828757 0.220703 0.220703 0.220703
1319.590698 0.000000 1698.146362 0.000000 0.696738 0.000000 0.717325 0.222606 0.222606 0.222606
1323.597290 0.000000 1696.555786 0.000000 0.667974 0.000000 0.744185 0.260166 0.260166 0.260166
1288.162109 0.000000 1714.252075 0.000000 0.047254 0.000000 0.998883 0.230006 0.230006 0.230006
1916.341309 0.000000 1691.214722 0.000000 0.249449 0.000000 0.968388 0.202618 0.202618 0.202618
1934.189453 0.000000 1674.490601 0.000000 0.569376 0.000000 0.822077 0.223601 0.223601 0.223601
1977.729980 0.000000 1678.836426 0.000000 0.064399 0.000000 0.997924 0.188906 0.188906 0.188906
1927.693237 0.000000 1669.879395 0.000000 0.529135 0.000000 0.848538 0.192791 0.192791 0.192791
1934.124634 0.000000 1667.055664 0.000000 0.222871 0.000000 0.974848 0.188574 0.188574 0.188574
1950.599976 0.000000 1687.750488 0.000000 0.654975 0.000000 0.755651 0.213289 0.213289 0.213289
1938.852783 0.000000 1674.654297 0.000000 0.191894 0.000000 0.981416 0.204372 0.204372 0.204372
1934.569336 0.000000 1671.815674 0.000000 0.095139 0.000000 0.995464 0.212683 0.212683 0.212683
1936.405029 0.000000 1675.601929 0.000000 0.065653 0.000000 0.997843 0.219175 0.219175 0.219175
1984.354126 0.000000 1686.014771 0.000000 0.682466 0.000000 0.730917 0.192326 0.192326 0.192326
2030.271362 0.000000 1675.335327 0.000000 0.146617 0.000000 0.989193 0.186849 0.186849 0.186849
2020.050049 0.000000 1674.336426 0.000000 0.375535 0.000000 0.926808 0.203449 0.203449 0.203449
2015.085693 0.000000 1645.675781 0.000000 0.602029 0.000000 0.798475 0.198299 0.198299 0.198299
2028.084717 0.000000 1668.790649 0.000000 0.159150 0.000000 0.987254 0.230185 0.230185 0.230185
1917.524414 0.000000 1700.044678 0.000000 0.185679 0.000000 0.982610 0.188079 0.188079 0.188079
1913.426636 0.000000 1711.930176 0.000000 0.295557 0.000000 0.955325 0.244923 0.244923 0.244923
1913.532715 0.000000 1709.505859 0.000000 0.680754 0.000000 0.732512 0.253472 0.253472 0.253472
1915.325317 0.000000 1706.646606 0.000000 0.456033 0.000000 0.889963 0.241830 0.241830 0.241830
1903.844604 0.000000 1758.126099 0.000000 0.321712 0.000000 0.946838 0.212186 0.212186 0.212186
1898.133911 0.000000 1755.152954 0.000000 0.271271 0.000000 0.962503 0.196861 0.196861 0.196861
1894.192993 0.000000 1756.722534 0.000000 0.266689 0.000000 0.963783 0.188909 0.188909 0.188909
1911.430908 0.000000 1764.892700 0.000000 0.358870 0.000000 0.933387 0.215349 0.215349 0.215349
1900.817139 0.000000 1760.541626 0.000000 0.439170 0.000000 0.898404 0.239743 0.239743 0.239743
1910.928345 0.000000 1767.900635 0.000000 0.433712 0.000000 0.901051 0.218366 0.218366 0.218366
1983.683594 0.000000 1707.571655 0.000000 0.443852 0.000000 0.896100 0.207973 0.207973 0.207973
1982.112061 0.000000 1738.449951 0.000000 0.674606 0.000000 0.738178 0.199331 0.199331 0.199331
1943.538208 0.000000 1730.818115 0.000000 0.588115 0.000000 0.808777 0.195277 0.195277 0.195277
1946.132568 0.000000 1728.983032 0.000000 0.405675 0.000000 0.914017 0.217006 0.217006 0.217006
1949.260010 0.000000 1728.800537 0.000000 0.392252 0.000000 0.919858 0.224454 0.224454 0.224454
2036.600708 0.000000 1717.745117 0.000000 0.468516 0.000000 0.883455 0.192969 0.192969 0.192969
1985.476685 0.000000 1700.989990 0.000000 0.392003 0.000000 0.919964 0.240229 0.240229 0.240229
1993.095337 0.000000 1706.518677 0.000000 0.637750 0.000000 0.770243 0.213911 0.213911 0.213911
1994.276367 0.000000 1715.138672 0.000000 0.586755 0.000000 0.809765 0.191400 0.191400 0.191400
2032.887695 0.000000 1719.406738 0.000000 0.326421 0.000000 0.945225 0.196644 0.196644 0.196644
1995.269287 0.000000 1703.861328 0.000000 0.336554 0.000000 0.941664 0.190526 0.190526 0.190526
1993.939697 0.000000 1709.819702 0.000000 0.429589 0.000000 0.903025 0.193362 0.193362 0.193362
2037.610352 0.000000 1730.024048 0.000000 0.133018 0.000000 0.991114 0.202742 0.202742 0.202742
1986.492065 0.000000 1698.120850 0.000000 0.540060 0.000000 0.841627 0.206720 0.206720 0.206720
2026.549194 0.000000 1705.642578 0.000000 0.473966 0.000000 0.880543 0.224342 0.224342 0.224342
1934.124634 0.000000 1780.024414 0.000000 0.268016 0.000000 0.963415 0.188645 0.188645 0.188645
1977.915649 0.000000 1761.730347 0.000000 0.666215 0.000000 0.745759 0.193591 0.193591 0.193591
1970.569214 0.000000 1806.989380 0.000000 0.250956 0.000000 0.967998 0.205189 0.205189 0.205189
1943.538208 0.000000 1787.302490 0.000000 0.166910 0.000000 0.985972 0.187036 0.187036 0.187036
1936.913574 0.000000 1783.585693 0.000000 0.355594 0.000000 0.934640 0.205801 0.205801 0.205801
1981.449707 0.000000 1760.501831 0.000000 0.517998 0.000000 0.855382 0.192539 0.192539 0.192539
1955.651001 0.000000 1773.958008 0.000000 0.637418 0.000000 0.770518 0.193044 0.193044 0.193044
2012.282104 0.000000 1787.911621 0.000000 0.567835 0.000000 0.823142 0.190827 0.190827 0.190827
2009.268799 0.000000 1767.424805 0.000000 0.685591 0.000000 0.727987 0.192366 0.192366 0.192366
1986.164551 0.000000 1770.387207 0.000000 0.430729 0.000000 0.902481 0.189463 0.189463 0.189463
2010.548950 0.000000 1792.328735 0.000000 0.656282 0.000000 0.754515 0.192637 0.192637 0.192637
1984.522339 0.000000 1766.717651 0.000000 0.112926 0.000000 0.993603 0.200002 0.200002 0.200002
2024.628784 0.000000 1757.155884 0.000000 0.701524 0.000000 0.712646 0.217979 0.217979 0.217979
1884.282104 0.000000 1844.395996 0.000000 0.079673 0.000000 0.996821 0.236543 0.236543 0.236543
1882.548950 0.000000 1848.813110 0.000000 0.425020 0.000000 0.905184 0.225098 0.225098 0.225098
1887.949707 0.000000 1841.755981 0.000000 0.105607 0.000000 0.994408 0.186285 0.186285 0.186285
1892.176392 0.000000 1851.519653 0.000000 0.651668 0.000000 0.758504 0.191939 0.191939 0.191939
1885.565796 0.000000 1850.798706 0.000000 0.405796 0.000000 0.913964 0.218733 0.218733 0.218733
1885.536743 0.000000 1847.513184 0.000000 0.404241 0.000000 0.914653 0.249436 0.249436 0.249436
1886.667969 0.000000 1843.881348 0.000000 0.365609 0.000000 0.930769 0.221413 0.221413 0.221413
1897.206665 0.000000 1872.528076 0.000000 0.603975 0.000000 0.797003 0.194013 0.194013 0.194013
1886.802368 0.000000 1864.045532 0.000000 0.565102 0.000000 0.825021 0.206183 0.206183 0.206183
1898.581665 0.000000 1882.789185 0.000000 0.312933 0.000000 0.949775 0.188743 0.188743 0.188743
1893.084961 0.000000 1878.781982 0.000000 0.170174 0.000000 0.985414 0.198211 0.198211 0.198211
1902.271362 0.000000 1901.272827 0.000000 0.405343 0.000000 0.914165 0.191217 0.191217 0.191217
1893.443237 0.000000 1883.786377 0.000000 0.567691 0.000000 0.823242 0.191239 0.191239 0.191239
1897.606079 0.000000 1901.465820 0.000000 0.526953 0.000000 0.849894 0.233314 0.233314 0.233314
1890.040283 0.000000 1882.289307 0.000000 0.185991 0.000000 0.982551 0.191563 0.191563 0.191563
1915.669312 0.000000 1883.689209 0.000000 0.370406 0.000000 0.928870 0.230702 0.230702 0.230702
1898.699829 0.000000 1904.363159 0.000000 0.408163 0.000000 0.912909 0.247133 0.247133 0.247133
1889.860474 0.000000 1872.725586 0.000000 0.500226 0.000000 0.865895 0.230973 0.230973 0.230973
1891.895264 0.000000 1876.498047 0.000000 0.681198 0.000000 0.732099 0.216619 0.216619 0.216619
1886.946777 0.000000 1877.223389 0.000000 0.463363 0.000000 0.886168 0.224133 0.224133 0.224133
1970.281372 0.000000 1850.569214 0.000000 0.509039 0.000000 0.860743 0.190294 0.190294 0.190294
1983.683594 0.000000 1820.540405 0.000000 0.195760 0.000000 0.980652 0.189711 0.189711 0.189711
1971.915527 0.000000 1819.541260 0.000000 0.085796 0.000000 0.996313 0.187210 0.187210 0.187210
1966.271362 0.000000 1844.788452 0.000000 0.317895 0.000000 0.948126 0.188323 0.188323 0.188323
1967.844604 0.000000 1814.610474 0.000000 0.188617 0.000000 0.982051 0.188105 0.188105 0.188105
1965.790894 0.000000 1820.838135 0.000000 0.028679 0.000000 0.999589 0.186910 0.186910 0.186910
1974.117310 0.000000 1814.521362 0.000000 0.104058 0.000000 0.994571 0.187552 0.187552 0.187552
1957.993652 0.000000 1837.063354 0.000000 0.693307 0.000000 0.720642 0.203476 0.203476 0.203476
1952.344604 0.000000 1845.817627 0.000000 0.013337 0.000000 0.999911 0.193035 0.193035 0.193035
1956.675659 0.000000 1840.342041 0.000000 0.263616 0.000000 0.964628 0.208754 0.208754 0.208754
1950.089844 0.000000 1836.435303 0.000000 0.166238 0.000000 0.986086 0.195623 0.195623 0.195623
1949.536743 0.000000 1847.513184 0.000000 0.539952 0.000000 0.841696 0.209465 0.209465 0.209465
1970.542358 0.000000 1813.298584 0.000000 0.587197 0.000000 0.809444 0.233847 0.233847 0.233847
1968.601685 0.000000 1812.342285 0.000000 0.569536 0.000000 0.821966 0.227195 0.227195 0.227195
2000.913574 0.000000 1840.070068 0.000000 0.498007 0.000000 0.867173 0.196013 0.196013 0.196013
1927.674683 0.000000 1887.930420 0.000000 0.589638 0.000000 0.807668 0.193780 0.193780 0.193780
1939.921631 0.000000 1888.309814 0.000000 0.191433 0.000000 0.981506 0.189850 0.189850 0.189850
1983.419312 0.000000 1885.856445 0.000000 0.114498 0.000000 0.993423 0.189276 0.189276 0.189276
1958.270874 0.000000 1865.391357 0.000000 0.161333 0.000000 0.986900 0.188570 0.188570 0.188570
1964.186279 0.000000 1911.692627 0.000000 0.702033 0.000000 0.712144 0.201683 0.201683 0.201683
1941.636475 0.000000 1918.486572 0.000000 0.460952 0.000000 0.887425 0.221477 0.221477 0.221477
1962.133911 0.000000 1868.121704 0.000000 0.496192 0.000000 0.868213 0.205151 0.205151 0.205151
1967.560791 0.000000 1906.748047 0.000000 0.110698 0.000000 0.993854 0.203263 0.203263 0.203263
1984.315308 0.000000 1890.409912 0.000000 0.015430 0.000000 0.999881 0.211399 0.211399 0.211399
1997.883423 0.000000 1912.480591 0.000000 0.061167 0.000000 0.998128 0.186998 0.186998 0.186998
1989.348755 0.000000 1872.426147 0.000000 0.549895 0.000000 0.835234 0.190745 0.190745 0.190745
1997.646240 0.000000 1904.730591 0.000000 0.589748 0.000000 0.807588 0.206566 0.206566 0.206566
1994.748779 0.000000 1906.177246 0.000000 0.388802 0.000000 0.921321 0.203631 0.203631 0.203631
1919.683594 0.000000 1933.509155 0.000000 0.436483 0.000000 0.899713 0.192596 0.192596 0.192596
1898.064331 0.000000 1971.792603 0.000000 0.471251 0.000000 0.881999 0.190293 0.190293 0.190293
1902.444580 0.000000 1971.830933 0.000000 0.372767 0.000000 0.927925 0.211273 0.211273 0.211273
1903.152222 0.000000 1965.939453 0.000000 0.070389 0.000000 0.997520 0.194512 0.194512 0.194512
1908.391968 0.000000 1968.855469 0.000000 0.223181 0.000000 0.974777 0.197150 0.197150 0.197150
1906.616577 0.000000 1966.521973 0.000000 0.322402 0.000000 0.946603 0.218112 0.218112 0.218112
1909.008667 0.000000 1964.690552 0.000000 0.676679 0.000000 0.736278 0.205126 0.205126 0.205126
1919.940552 0.000000 1939.918213 0.000000 0.308394 0.000000 0.951259 0.265566 0.265566 0.265566
1927.674683 0.000000 1944.414795 0.000000 0.580172 0.000000 0.814494 0.192514 0.192514 0.192514
1959.675415 0.000000 1975.242676 0.000000 0.084481 0.000000 0.996425 0.186086 0.186086 0.186086
1924.861816 0.000000 1948.423340 0.000000 0.068982 0.000000 0.997618 0.193665 0.193665 0.193665
1920.073120 0.000000 1959.030273 0.000000 0.264159 0.000000 0.964479 0.207072 0.207072 0.207072
1920.522339 0.000000 1936.170776 0.000000 0.607799 0.000000 0.794091 0.254639 0.254639 0.254639
1921.439453 0.000000 1944.848145 0.000000 0.193474 0.000000 0.981105 0.265083 0.265083 0.265083
1940.737915 0.000000 1920.471680 0.000000 0.675102 0.000000 0.737724 0.245171 0.245171 0.245171
1921.541504 0.000000 1941.632812 0.000000 0.694482 0.000000 0.719510 0.327492 0.327492 0.327492
1983.683594 0.000000 1989.993530 0.000000 0.472424 0.000000 0.881372 0.190843 0.190843 0.190843
1972.449829 0.000000 2009.713623 0.000000 0.298856 0.000000 0.954298 0.221846 0.221846 0.221846
1961.897095 0.000000 1976.981445 0.000000 0.675246 0.000000 0.737592 0.192234 0.192234 0.192234
1955.373291 0.000000 2003.896484 0.000000 0.259426 0.000000 0.965763 0.229177 0.229177 0.229177
1969.495239 0.000000 1977.053223 0.000000 0.389209 0.000000 0.921150 0.203636 0.203636 0.203636
1946.616211 0.000000 2001.035522 0.000000 0.036972 0.000000 0.999316 0.204664 0.204664 0.204664
1958.386963 0.000000 1999.301270 0.000000 0.381309 0.000000 0.924448 0.209668 0.209668 0.209668
1953.496704 0.000000 2001.183838 0.000000 0.230052 0.000000 0.973178 0.227779 0.227779 0.227779
1987.589233 0.000000 1989.335327 0.000000 0.532154 0.000000 0.846648 0.192060 0.192060 0.192060
1991.693237 0.000000 2008.785645 0.000000 0.632833 0.000000 0.774289 0.193588 0.193588 0.193588
2001.893799 0.000000 1990.267944 0.000000 0.361854 0.000000 0.932235 0.190109 0.190109 0.190109
1997.646240 0.000000 2017.699341 0.000000 0.004783 0.000000 0.999989 0.186305 0.186305 0.186305
1984.110718 0.000000 1987.317627 0.000000 0.484722 0.000000 0.874668 0.206793 0.206793 0.206793
1993.807983 0.000000 2012.658691 0.000000 0.601011 0.000000 0.799240 0.230588 0.230588 0.230588
1990.202026 0.000000 1988.465942 0.000000 0.156175 0.000000 0.987729 0.198880 0.198880 0.198880
1999.212769 0.000000 1989.406494 0.000000 0.688106 0.000000 0.725610 0.213912 0.213912 0.213912
1991.851929 0.000000 2014.130615 0.000000 0.489461 0.000000 0.872025 0.228137 0.228137 0.228137
1983.290771 0.000000 2033.842529 0.000000 0.576990 0.000000 0.816751 0.204508 0.204508 0.204508
4478.061523 0.000000 855.453735 0.000000 0.151531 0.000000 0.988453 0.303382 0.303382 0.303382
4494.515625 0.000000 840.727966 0.000000 0.337395 0.000000 0.941363 0.312784 0.312784 0.312784
4557.066406 0.000000 843.997437 0.000000 0.571471 0.000000 0.820622 0.241395 0.241395 0.241395
4565.436035 0.000000 842.079224 0.000000 0.224465 0.000000 0.974482 0.209840 0.209840 0.209840
4563.281738 0.000000 846.435669 0.000000 0.562553 0.000000 0.826761 0.304217 0.304217 0.304217
4567.825684 0.000000 844.701660 0.000000 0.585992 0.000000 0.810317 0.285683 0.285683 0.285683
4562.458984 0.000000 842.218384 0.000000 0.597339 0.000000 0.801989 0.334203 0.334203 0.334203
4558.955566 0.000000 843.073425 0.000000 0.585257 0.000000 0.810848 0.309344 0.309344 0.309344
4547.320312 0.000000 839.569336 0.000000 0.536520 0.000000 0.843888 0.333974 0.333974 0.333974
4561.982910 0.000000 850.519348 0.000000 0.120604 0.000000 0.992701 0.233105 0.233105 0.233105
4560.782227 0.000000 848.974609 0.000000 0.220507 0.000000 0.975385 0.268784 0.268784 0.268784
4571.648926 0.000000 854.699097 0.000000 0.095620 0.000000 0.995418 0.302046 0.302046 0.302046
4675.928711 0.000000 877.397522 0.000000 0.545695 0.000000 0.837984 0.257768 0.257768 0.257768
4677.887695 0.000000 878.094238 0.000000 0.566959 0.000000 0.823746 0.246488 0.246488 0.246488
4674.931152 0.000000 878.740356 0.000000 0.223383 0.000000 0.974731 0.278279 0.278279 0.278279
4735.012207 0.000000 876.447815 0.000000 0.049741 0.000000 0.998762 0.283802 0.283802 0.283802
4757.428223 0.000000 879.613281 0.000000 0.642542 0.000000 0.766251 0.193462 0.193462 0.193462
4756.724609 0.000000 876.966003 0.000000 0.187615 0.000000 0.982243 0.243615 0.243615 0.243615
4759.875000 0.000000 879.341431 0.000000 0.482161 0.000000 0.876083 0.308607 0.308607 0.308607
4736.444336 0.000000 876.990234 0.000000 0.121337 0.000000 0.992611 0.289292 0.289292 0.289292
6010.133789 0.000000 874.730103 0.000000 0.154716 0.000000 0.987959 0.216051 0.216051 0.216051
6008.851562 0.000000 878.878052 0.000000 0.531559 0.000000 0.847022 0.190541 0.190541 0.190541
4987.742676 0.000000 1280.333252 0.000000 0.001799 0.000000 0.999998 0.238143 0.238143 0.238143
4988.194824 0.000000 1278.245361 0.000000 0.233353 0.000000 0.972392 0.298890 0.298890 0.298890
4953.614258 0.000000 1294.391968 0.000000 0.339066 0.000000 0.940763 0.314744 0.314744 0.314744
4989.805664 0.000000 1278.302612 0.000000 0.660229 0.000000 0.751064 0.324252 0.324252 0.324252
4963.060059 0.000000 1296.651123 0.000000 0.700580 0.000000 0.713574 0.348423 0.348423 0.348423
4948.950195 0.000000 1308.309814 0.000000 0.595864 0.000000 0.803086 0.259418 0.259418 0.259418
4950.797363 0.000000 1300.115234 0.000000 0.645269 0.000000 0.763956 0.279198 0.279198 0.279198
4963.895020 0.000000 1311.654297 0.000000 0.045512 0.000000 0.998964 0.222582 0.222582 0.222582
4947.875488 0.000000 1314.589478 0.000000 0.181168 0.000000 0.983452 0.224443 0.224443 0.224443
4984.357422 0.000000 1307.487549 0.000000 0.484087 0.000000 0.875020 0.255827 0.255827 0.255827
4991.450684 0.000000 1307.069946 0.000000 0.315809 0.000000 0.948823 0.282168 0.282168 0.282168
4972.434570 0.000000 1310.919312 0.000000 0.490219 0.000000 0.871599 0.272119 0.272119 0.272119
4960.142090 0.000000 1312.858521 0.000000 0.627005 0.000000 0.779016 0.342252 0.342252 0.342252
4947.023926 0.000000 1313.395142 0.000000 0.447205 0.000000 0.894431 0.317907 0.317907 0.317907
4949.606445 0.000000 1299.968262 0.000000 0.381171 0.000000 0.924505 0.324279 0.324279 0.324279
4975.433105 0.000000 1310.515625 0.000000 0.529397 0.000000 0.848374 0.322620 0.322620 0.322620
4997.002930 0.000000 1278.784302 0.000000 0.087264 0.000000 0.996185 0.233089 0.233089 0.233089
4993.602051 0.000000 1273.029541 0.000000 0.637673 0.000000 0.770307 0.277176 0.277176 0.277176
4992.956543 0.000000 1283.776123 0.000000 0.526659 0.000000 0.850077 0.254657 0.254657 0.254657
4995.816406 0.000000 1278.086914 0.000000 0.641908 0.000000 0.766782 0.333246 0.333246 0.333246
4142.271484 0.000000 1731.819702 0.000000 0.429675 0.000000 0.902984 0.277483 0.277483 0.277483
4138.699707 0.000000 1734.910034 0.000000 0.178591 0.000000 0.983923 0.279611 0.279611 0.279611
4144.299805 0.000000 1730.677734 0.000000 0.564302 0.000000 0.825569 0.320865 0.320865 0.320865
4138.814453 0.000000 1732.384766 0.000000 0.083209 0.000000 0.996532 0.286364 0.286364 0.286364
4179.139160 0.000000 1742.194946 0.000000 0.373236 0.000000 0.927736 0.263311 0.263311 0.263311
4220.200684 0.000000 1738.603882 0.000000 0.318462 0.000000 0.947936 0.307300 0.307300 0.307300
4193.783691 0.000000 1738.095459 0.000000 0.295695 0.000000 0.955282 0.316205 0.316205 0.316205
4160.036621 0.000000 1741.126465 0.000000 0.622164 0.000000 0.782887 0.323967 0.323967 0.323967
4178.752930 0.000000 1740.885376 0.000000 0.342174 0.000000 0.939637 0.320708 0.320708 0.320708
4193.949219 0.000000 1736.136963 0.000000 0.298139 0.000000 0.954523 0.315791 0.315791 0.315791
4184.109375 0.000000 1737.494507 0.000000 0.674108 0.000000 0.738633 0.342737 0.342737 0.342737
4192.504395 0.000000 1737.878540 0.000000 0.041956 0.000000 0.999119 0.298473 0.298473 0.298473
4253.245605 0.000000 1730.366089 0.000000 0.536306 0.000000 0.844023 0.289750 0.289750 0.289750
4523.937012 0.000000 1750.958740 0.000000 0.314832 0.000000 0.949147 0.243872 0.243872 0.243872
4528.143066 0.000000 1746.947876 0.000000 0.177611 0.000000 0.984101 0.310314 0.310314 0.310314
4527.452637 0.000000 1744.510376 0.000000 0.254904 0.000000 0.966966 0.296359 0.296359 0.296359
4503.544434 0.000000 1747.322388 0.000000 0.226174 0.000000 0.974087 0.297429 0.297429 0.297429
4554.837402 0.000000 1746.139404 0.000000 0.009710 0.000000 0.999953 0.241087 0.241087 0.241087
4556.118164 0.000000 1751.005737 0.000000 0.026294 0.000000 0.999654 0.282009 0.282009 0.282009
4555.246582 0.000000 1749.259277 0.000000 0.249989 0.000000 0.968249 0.299302 0.299302 0.299302
4494.121582 0.000000 1753.034058 0.000000 0.551959 0.000000 0.833871 0.264650 0.264650 0.264650
4506.746094 0.000000 1751.042603 0.000000 0.694437 0.000000 0.719554 0.266470 0.266470 0.266470
4535.127441 0.000000 1759.950806 0.000000 0.318218 0.000000 0.948017 0.302229 0.302229 0.302229
4520.875000 0.000000 1751.889282 0.000000 0.518006 0.000000 0.855377 0.315749 0.315749 0.315749
4520.942383 0.000000 1754.448120 0.000000 0.493500 0.000000 0.869746 0.319428 0.319428 0.319428
4501.606445 0.000000 1751.843262 0.000000 0.502337 0.000000 0.864672 0.320206 0.320206 0.320206
4525.988281 0.000000 1760.862671 0.000000 0.522711 0.000000 0.852510 0.331703 0.331703 0.331703
4549.568848 0.000000 1755.033447 0.000000 0.299292 0.000000 0.954162 0.273827 0.273827 0.273827
4554.448242 0.000000 1754.620605 0.000000 0.678990 0.000000 0.734148 0.218461 0.218461 0.218461
4549.380859 0.000000 1751.173706 0.000000 0.284598 0.000000 0.958647 0.311383 0.311383 0.311383
4573.531738 0.000000 1751.859253 0.000000 0.644926 0.000000 0.764245 0.321630 0.321630 0.321630
4546.168457 0.000000 1751.035278 0.000000 0.487814 0.000000 0.872948 0.318929 0.318929 0.318929
4546.946289 0.000000 1753.460938 0.000000 0.505245 0.000000 0.862976 0.329561 0.329561 0.329561
4556.047363 0.000000 1757.897461 0.000000 0.698153 0.000000 0.715948 0.339039 0.339039 0.339039
4842.064453 0.000000 1519.917603 0.000000 0.144595 0.000000 0.989491 0.236629 0.236629 0.236629
4842.936523 0.000000 1521.093994 0.000000 0.702433 0.000000 0.711750 0.321550 0.321550 0.321550
4837.203613 0.000000 1522.832153 0.000000 0.270078 0.000000 0.962838 0.312876 0.312876 0.312876
4845.862305 0.000000 1520.971802 0.000000 0.663440 0.000000 0.748229 0.338583 0.338583 0.338583
4836.441406 0.000000 1524.571655 0.000000 0.436999 0.000000 0.899462 0.314550 0.314550 0.314550
4838.270996 0.000000 1526.485107 0.000000 0.500891 0.000000 0.865511 0.191512 0.191512 0.191512
4865.383301 0.000000 1527.154419 0.000000 0.698287 0.000000 0.715818 0.345427 0.345427 0.345427
5042.026855 0.000000 1504.677979 0.000000 0.356933 0.000000 0.934130 0.322633 0.322633 0.322633
5044.391602 0.000000 1505.048828 0.000000 0.346403 0.000000 0.938086 0.282779 0.282779 0.282779
5039.751465 0.000000 1506.153931 0.000000 0.032123 0.000000 0.999484 0.300650 0.300650 0.300650
5069.883301 0.000000 1517.089966 0.000000 0.007375 0.000000 0.999973 0.196233 0.196233 0.196233
5071.887695 0.000000 1516.331055 0.000000 0.437230 0.000000 0.899350 0.325458 0.325458 0.325458
5057.476562 0.000000 1531.536865 0.000000 0.330734 0.000000 0.943724 0.209762 0.209762 0.209762
5110.755859 0.000000 1551.173584 0.000000 0.379998 0.000000 0.924987 0.193701 0.193701 0.193701
5083.871582 0.000000 1545.145630 0.000000 0.130662 0.000000 0.991427 0.260891 0.260891 0.260891
5093.219727 0.000000 1548.657593 0.000000 0.554024 0.000000 0.832501 0.324568 0.324568 0.324568
5079.098145 0.000000 1544.092529 0.000000 0.590854 0.000000 0.806778 0.324859 0.324859 0.324859
5082.288574 0.000000 1544.910889 0.000000 0.645981 0.000000 0.763353 0.280077 0.280077 0.280077
4642.040527 0.000000 1599.867432 0.000000 0.096929 0.000000 0.995291 0.220516 0.220516 0.220516
4662.469238 0.000000 1591.716553 0.000000 0.497714 0.000000 0.867341 0.215976 0.215976 0.215976
4666.962891 0.000000 1599.701172 0.000000 0.704529 0.000000 0.709675 0.329044 0.329044 0.329044
4633.702148 0.000000 1607.004761 0.000000 0.029716 0.000000 0.999558 0.264348 0.264348 0.264348
4667.085449 0.000000 1592.079590 0.000000 0.129301 0.000000 0.991605 0.289906 0.289906 0.289906
4638.718750 0.000000 1600.984253 0.000000 0.185196 0.000000 0.982702 0.304254 0.304254 0.304254
4666.229980 0.000000 1593.383667 0.000000 0.405078 0.000000 0.914282 0.311861 0.311861 0.311861
4704.264648 0.000000 1603.431030 0.000000 0.612997 0.000000 0.790086 0.191358 0.191358 0.191358
4685.467773 0.000000 1597.117798 0.000000 0.240413 0.000000 0.970671 0.249481 0.249481 0.249481
4679.650879 0.000000 1599.049927 0.000000 0.474273 0.000000 0.880378 0.242296 0.242296 0.242296
4698.661621 0.000000 1603.000122 0.000000 0.249646 0.000000 0.968337 0.211892 0.211892 0.211892
4683.269531 0.000000 1590.892578 0.000000 0.364939 0.000000 0.931032 0.277840 0.277840 0.277840
4698.616211 0.000000 1605.644897 0.000000 0.624937 0.000000 0.780676 0.302953 0.302953 0.302953
4695.098145 0.000000 1600.576904 0.000000 0.703269 0.000000 0.710923 0.304129 0.304129 0.304129
4689.973633 0.000000 1596.483887 0.000000 0.100003 0.000000 0.994987 0.268860 0.268860 0.268860
4698.808105 0.000000 1598.568359 0.000000 0.018758 0.000000 0.999824 0.296545 0.296545 0.296545
4680.004395 0.000000 1593.386719 0.000000 0.549026 0.000000 0.835805 0.324400 0.324400 0.324400
4785.077637 0.000000 1613.950439 0.000000 0.682408 0.000000 0.730972 0.307072 0.307072 0.307072
4781.660156 0.000000 1613.512817 0.000000 0.104267 0.000000 0.994549 0.286440 0.286440 0.286440
5178.165039 0.000000 1152.238159 0.000000 0.359057 0.000000 0.933316 0.271778 0.271778 0.271778
5173.757812 0.000000 1149.052246 0.000000 0.042772 0.000000 0.999085 0.204746 0.204746 0.204746
5162.157715 0.000000 1152.523804 0.000000 0.182710 0.000000 0.983167 0.263344 0.263344 0.263344
5179.206543 0.000000 1159.668213 0.000000 0.389718 0.000000 0.920934 0.211540 0.211540 0.211540
5166.630859 0.000000 1153.464111 0.000000 0.402809 0.000000 0.915284 0.240495 0.240495 0.240495
5179.648926 0.000000 1151.200195 0.000000 0.291747 0.000000 0.956495 0.289199 0.289199 0.289199
5162.833008 0.000000 1153.920288 0.000000 0.641257 0.000000 0.767326 0.280714 0.280714 0.280714
5171.138184 0.000000 1161.699707 0.000000 0.201696 0.000000 0.979448 0.307483 0.307483 0.307483
5182.782227 0.000000 1167.707520 0.000000 0.137186 0.000000 0.990545 0.281508 0.281508 0.281508
5170.147461 0.000000 1154.760132 0.000000 0.442739 0.000000 0.896650 0.325034 0.325034 0.325034
5240.634766 0.000000 1165.476074 0.000000 0.466329 0.000000 0.884611 0.225925 0.225925 0.225925
5235.521484 0.000000 1157.696411 0.000000 0.069998 0.000000 0.997547 0.186512 0.186512 0.186512
5202.409180 0.000000 1158.097046 0.000000 0.191682 0.000000 0.981457 0.238502 0.238502 0.238502
5195.937012 0.000000 1162.456909 0.000000 0.484894 0.000000 0.874573 0.223685 0.223685 0.223685
5225.764648 0.000000 1158.011719 0.000000 0.392471 0.000000 0.919764 0.226148 0.226148 0.226148
5224.221680 0.000000 1150.130737 0.000000 0.470329 0.000000 0.882491 0.216384 0.216384 0.216384
5243.279297 0.000000 1154.889038 0.000000 0.241765 0.000000 0.970335 0.232748 0.232748 0.232748
5235.473145 0.000000 1170.065430 0.000000 0.156812 0.000000 0.987628 0.248584 0.248584 0.248584
5239.370605 0.000000 1163.342896 0.000000 0.468997 0.000000 0.883200 0.270538 0.270538 0.270538
5185.729980 0.000000 1162.279785 0.000000 0.015404 0.000000 0.999881 0.239867 0.239867 0.239867
5195.945801 0.000000 1151.755981 0.000000 0.337612 0.000000 0.941285 0.283800 0.283800 0.283800
5237.193359 0.000000 1169.022461 0.000000 0.331657 0.000000 0.943400 0.306796 0.306796 0.306796
5236.105469 0.000000 1172.078491 0.000000 0.283641 0.000000 0.958930 0.258893 0.258893 0.258893
5241.096680 0.000000 1163.752441 0.000000 0.633948 0.000000 0.773376 0.284582 0.284582 0.284582
5204.460938 0.000000 1160.912109 0.000000 0.030444 0.000000 0.999537 0.296555 0.296555 0.296555
5201.384766 0.000000 1160.892822 0.000000 0.048828 0.000000 0.998807 0.293813 0.293813 0.293813
5241.029297 0.000000 1157.835693 0.000000 0.485404 0.000000 0.874290 0.325359 0.325359 0.325359
5197.509277 0.000000 1167.463745 0.000000 0.529693 0.000000 0.848189 0.329472 0.329472 0.329472
5205.697754 0.000000 1151.170044 0.000000 0.409119 0.000000 0.912481 0.312199 0.312199 0.312199
5209.625977 0.000000 1156.709839 0.000000 0.438858 0.000000 0.898556 0.314708 0.314708 0.314708
5201.163574 0.000000 1150.108032 0.000000 0.653547 0.000000 0.756886 0.334413 0.334413 0.334413
5207.062988 0.000000 1151.361450 0.000000 0.347486 0.000000 0.937685 0.318040 0.318040 0.318040
5238.006836 0.000000 1166.199097 0.000000 0.594150 0.000000 0.804354 0.328603 0.328603 0.328603
5230.713867 0.000000 1161.398071 0.000000 0.702978 0.000000 0.711212 0.339555 0.339555 0.339555
6036.950195 0.000000 912.919189 0.000000 0.441341 0.000000 0.897339 0.191659 0.191659 0.191659
6268.270508 0.000000 330.755707 0.000000 0.079567 0.000000 0.996830 0.194618 0.194618 0.194618
6324.449707 0.000000 315.182373 0.000000 0.054816 0.000000 0.998496 0.187700 0.187700 0.187700
6318.271484 0.000000 319.710388 0.000000 0.070290 0.000000 0.997527 0.199459 0.199459 0.199459
6308.049805 0.000000 318.711456 0.000000 0.221551 0.000000 0.975149 0.252609 0.252609 0.252609
6326.872070 0.000000 328.756287 0.000000 0.249322 0.000000 0.968421 0.196600 0.196600 0.196600
6319.365234 0.000000 313.225525 0.000000 0.589291 0.000000 0.807921 0.218550 0.218550 0.218550
6317.060059 0.000000 324.813660 0.000000 0.303811 0.000000 0.952732 0.199875 0.199875 0.199875
6285.883301 0.000000 330.918091 0.000000 0.485805 0.000000 0.874067 0.211307 0.211307 0.211307
6308.219727 0.000000 322.579376 0.000000 0.178332 0.000000 0.983970 0.268576 0.268576 0.268576
6313.927734 0.000000 327.155151 0.000000 0.259165 0.000000 0.965833 0.193231 0.193231 0.193231
6314.699707 0.000000 322.800690 0.000000 0.162324 0.000000 0.986737 0.204794 0.204794 0.204794
6310.737793 0.000000 320.899750 0.000000 0.495086 0.000000 0.868844 0.230859 0.230859 0.230859
6283.713867 0.000000 320.425018 0.000000 0.563932 0.000000 0.825821 0.216255 0.216255 0.216255
6310.885742 0.000000 326.583588 0.000000 0.633170 0.000000 0.774013 0.230429 0.230429 0.230429
6319.560547 0.000000 325.185516 0.000000 0.179608 0.000000 0.983738 0.204203 0.204203 0.204203
6306.441895 0.000000 316.385223 0.000000 0.615688 0.000000 0.787990 0.237230 0.237230 0.237230
6306.794434 0.000000 320.681335 0.000000 0.140292 0.000000 0.990110 0.251636 0.251636 0.251636
6319.221680 0.000000 315.720520 0.000000 0.071023 0.000000 0.997475 0.221561 0.221561 0.221561
6312.632324 0.000000 322.057037 0.000000 0.460063 0.000000 0.887886 0.221461 0.221461 0.221461
6309.990723 0.000000 319.059235 0.000000 0.431397 0.000000 0.902162 0.259005 0.259005 0.259005
6309.000000 0.000000 317.103394 0.000000 0.208051 0.000000 0.978118 0.235855 0.235855 0.235855
6349.066406 0.000000 335.638062 0.000000 0.179757 0.000000 0.983711 0.199174 0.199174 0.199174
6345.163574 0.000000 321.722687 0.000000 0.391143 0.000000 0.920330 0.231147 0.231147 0.231147
6340.957031 0.000000 328.588959 0.000000 0.622611 0.000000 0.782532 0.191810 0.191810 0.191810
6339.856934 0.000000 332.493835 0.000000 0.534552 0.000000 0.845136 0.190574 0.190574 0.190574
6345.808105 0.000000 318.127441 0.000000 0.280161 0.000000 0.959953 0.214884 0.214884 0.214884
6346.749023 0.000000 324.614746 0.000000 0.054255 0.000000 0.998527 0.221999 0.221999 0.221999
6350.486328 0.000000 321.103699 0.000000 0.609882 0.000000 0.792492 0.231695 0.231695 0.231695
6347.567871 0.000000 322.575226 0.000000 0.549671 0.000000 0.835381 0.244284 0.244284 0.244284
6269.041992 0.000000 394.564392 0.000000 0.556487 0.000000 0.830856 0.191431 0.191431 0.191431
6249.206543 0.000000 403.934296 0.000000 0.389277 0.000000 0.921121 0.191230 0.191230 0.191230
6253.901367 0.000000 396.345062 0.000000 0.049795 0.000000 0.998759 0.195101 0.195101 0.195101
6253.233887 0.000000 421.287903 0.000000 0.643228 0.000000 0.765675 0.192815 0.192815 0.192815
6250.133789 0.000000 399.527954 0.000000 0.252278 0.000000 0.967655 0.191403 0.191403 0.191403
6245.993652 0.000000 424.953979 0.000000 0.320457 0.000000 0.947263 0.228014 0.228014 0.228014
6242.997070 0.000000 451.354065 0.000000 0.476025 0.000000 0.879432 0.196661 0.196661 0.196661
6257.158691 0.000000 430.018982 0.000000 0.653254 0.000000 0.757139 0.216073 0.216073 0.216073
6244.675781 0.000000 428.232697 0.000000 0.184167 0.000000 0.982895 0.207585 0.207585 0.207585
6243.373047 0.000000 422.333923 0.000000 0.567008 0.000000 0.823712 0.210823 0.210823 0.210823
6247.131348 0.000000 430.369751 0.000000 0.169639 0.000000 0.985506 0.190526 0.190526 0.190526
6223.660156 0.000000 446.555908 0.000000 0.693793 0.000000 0.720175 0.202519 0.202519 0.202519
6246.985352 0.000000 427.255066 0.000000 0.390122 0.000000 0.920763 0.211546 0.211546 0.211546
6254.915039 0.000000 404.476410 0.000000 0.058963 0.000000 0.998260 0.231720 0.231720 0.231720
6324.600586 0.000000 362.120056 0.000000 0.487905 0.000000 0.872897 0.207744 0.207744 0.207744
6326.803711 0.000000 340.972412 0.000000 0.622880 0.000000 0.782317 0.197636 0.197636 0.197636
6324.449707 0.000000 371.666748 0.000000 0.184357 0.000000 0.982859 0.187549 0.187549 0.187549
6275.716309 0.000000 380.012421 0.000000 0.699206 0.000000 0.714920 0.194134 0.194134 0.194134
6333.524414 0.000000 344.419678 0.000000 0.121938 0.000000 0.992538 0.187523 0.187523 0.187523
6329.426758 0.000000 356.305206 0.000000 0.179491 0.000000 0.983760 0.189934 0.189934 0.189934
6323.521484 0.000000 366.915100 0.000000 0.337324 0.000000 0.941389 0.224228 0.224228 0.224228
6310.643555 0.000000 390.608337 0.000000 0.180533 0.000000 0.983569 0.222069 0.222069 0.222069
6312.221680 0.000000 359.349487 0.000000 0.614719 0.000000 0.788746 0.201315 0.201315 0.201315
6327.542480 0.000000 362.036041 0.000000 0.089813 0.000000 0.995959 0.230938 0.230938 0.230938
6328.373535 0.000000 339.044678 0.000000 0.259680 0.000000 0.965695 0.226784 0.226784 0.226784
6312.552734 0.000000 391.757385 0.000000 0.123884 0.000000 0.992297 0.224104 0.224104 0.224104
6327.775879 0.000000 366.631195 0.000000 0.296458 0.000000 0.955046 0.277905 0.277905 0.277905
6331.648926 0.000000 360.418976 0.000000 0.478923 0.000000 0.877857 0.261345 0.261345 0.261345
6338.164551 0.000000 358.277802 0.000000 0.090135 0.000000 0.995930 0.230945 0.230945 0.230945
6343.650879 0.000000 356.393646 0.000000 0.305474 0.000000 0.952200 0.220314 0.220314 0.220314
6345.437988 0.000000 339.723938 0.000000 0.665391 0.000000 0.746495 0.192425 0.192425 0.192425
6377.605957 0.000000 376.387756 0.000000 0.252845 0.000000 0.967507 0.200093 0.200093 0.200093
6372.219727 0.000000 379.063751 0.000000 0.614451 0.000000 0.788955 0.224538 0.224538 0.224538
6375.131348 0.000000 373.885376 0.000000 0.089845 0.000000 0.995956 0.208626 0.208626 0.208626
6370.441895 0.000000 372.869598 0.000000 0.009997 0.000000 0.999950 0.218914 0.218914 0.218914
6286.189453 0.000000 431.834381 0.000000 0.530356 0.000000 0.847775 0.192043 0.192043 0.192043
6332.270508 0.000000 443.724457 0.000000 0.669487 0.000000 0.742824 0.228526 0.228526 0.228526
6311.866699 0.000000 437.094177 0.000000 0.594365 0.000000 0.804196 0.235802 0.235802 0.235802
6293.035156 0.000000 436.107727 0.000000 0.299451 0.000000 0.954112 0.190829 0.190829 0.190829
6279.693359 0.000000 427.223206 0.000000 0.250180 0.000000 0.968199 0.189800 0.189800 0.189800
6308.049805 0.000000 431.680206 0.000000 0.068790 0.000000 0.997631 0.187251 0.187251 0.187251
6298.661621 0.000000 416.828308 0.000000 0.293722 0.000000 0.955891 0.230699 0.230699 0.230699
6334.112305 0.000000 439.309326 0.000000 0.647286 0.000000 0.762247 0.206548 0.206548 0.206548
6292.194824 0.000000 441.303467 0.000000 0.675850 0.000000 0.737039 0.192345 0.192345 0.192345
6294.596680 0.000000 415.921783 0.000000 0.298860 0.000000 0.954297 0.257152 0.257152 0.257152
6272.173340 0.000000 397.215271 0.000000 0.208865 0.000000 0.977944 0.188324 0.188324 0.188324
6295.828125 0.000000 419.567413 0.000000 0.023000 0.000000 0.999735 0.216126 0.216126 0.216126
6301.234863 0.000000 419.099426 0.000000 0.409285 0.000000 0.912407 0.217069 0.217069 0.217069
6311.131348 0.000000 430.369751 0.000000 0.181152 0.000000 0.983455 0.196648 0.196648 0.196648
6290.867188 0.000000 438.354553 0.000000 0.194709 0.000000 0.980861 0.195956 0.195956 0.195956
6310.737793 0.000000 433.868500 0.000000 0.178467 0.000000 0.983946 0.209147 0.209147 0.209147
6294.343750 0.000000 412.782837 0.000000 0.302712 0.000000 0.953082 0.236489 0.236489 0.236489
6283.443359 0.000000 425.377686 0.000000 0.490745 0.000000 0.871303 0.219401 0.219401 0.219401
6291.100098 0.000000 448.137573 0.000000 0.006196 0.000000 0.999981 0.221820 0.221820 0.221820
6291.281738 0.000000 451.045074 0.000000 0.159480 0.000000 0.987201 0.221676 0.221676 0.221676
6290.112793 0.000000 421.582245 0.000000 0.343856 0.000000 0.939022 0.253206 0.253206 0.253206
6312.632324 0.000000 435.025787 0.000000 0.194895 0.000000 0.980824 0.237825 0.237825 0.237825
6292.672363 0.000000 414.947968 0.000000 0.313416 0.000000 0.949616 0.242270 0.242270 0.242270
6290.017090 0.000000 419.175323 0.000000 0.360082 0.000000 0.932921 0.245843 0.245843 0.245843
6295.098145 0.000000 414.404968 0.000000 0.375239 0.000000 0.926928 0.259555 0.259555 0.259555
6354.736816 0.000000 445.511658 0.000000 0.373919 0.000000 0.927462 0.198109 0.198109 0.198109
6342.599121 0.000000 448.491577 0.000000 0.269004 0.000000 0.963139 0.205442 0.205442 0.205442
6339.716309 0.000000 436.496796 0.000000 0.375832 0.000000 0.926688 0.199913 0.199913 0.199913
6362.844238 0.000000 397.108093 0.000000 0.552437 0.000000 0.833555 0.233028 0.233028 0.233028
6339.856934 0.000000 445.462585 0.000000 0.436384 0.000000 0.899760 0.230440 0.230440 0.230440
6345.889160 0.000000 450.655640 0.000000 0.366897 0.000000 0.930261 0.194450 0.194450 0.194450
6352.310547 0.000000 420.185242 0.000000 0.491010 0.000000 0.871154 0.198687 0.198687 0.198687
6336.226074 0.000000 446.707642 0.000000 0.451563 0.000000 0.892239 0.216935 0.216935 0.216935
6336.205078 0.000000 417.809296 0.000000 0.273705 0.000000 0.961814 0.212271 0.212271 0.212271
6348.396484 0.000000 407.898376 0.000000 0.091560 0.000000 0.995800 0.209451 0.209451 0.209451
6358.697754 0.000000 441.909241 0.000000 0.141402 0.000000 0.989952 0.202027 0.202027 0.202027
6365.269531 0.000000 397.549988 0.000000 0.239105 0.000000 0.970994 0.225575 0.225575 0.225575
6340.637695 0.000000 413.963440 0.000000 0.521460 0.000000 0.853275 0.274114 0.274114 0.274114
6337.278809 0.000000 441.265839 0.000000 0.331698 0.000000 0.943385 0.228244 0.228244 0.228244
6344.162109 0.000000 415.111420 0.000000 0.094791 0.000000 0.995497 0.246146 0.246146 0.246146
6344.383301 0.000000 417.254395 0.000000 0.134781 0.000000 0.990875 0.225855 0.225855 0.225855
6246.270996 0.000000 453.281921 0.000000 0.198486 0.000000 0.980104 0.189390 0.189390 0.189390
6253.233887 0.000000 477.772278 0.000000 0.554783 0.000000 0.831995 0.192763 0.192763 0.192763
6245.084961 0.000000 466.672607 0.000000 0.008788 0.000000 0.999961 0.185505 0.185505 0.185505
6259.720703 0.000000 489.746765 0.000000 0.024921 0.000000 0.999689 0.185660 0.185660 0.185660
6259.521484 0.000000 479.883850 0.000000 0.068224 0.000000 0.997670 0.235550 0.235550 0.235550
6270.112305 0.000000 495.793701 0.000000 0.371232 0.000000 0.928540 0.189003 0.189003 0.189003
6264.851562 0.000000 483.487427 0.000000 0.664074 0.000000 0.747667 0.267928 0.267928 0.267928
6266.308594 0.000000 496.474548 0.000000 0.334095 0.000000 0.942539 0.195850 0.195850 0.195850
6257.158691 0.000000 486.503357 0.000000 0.409215 0.000000 0.912438 0.191310 0.191310 0.191310
6256.887695 0.000000 476.750519 0.000000 0.676164 0.000000 0.736751 0.235152 0.235152 0.235152
6262.496094 0.000000 481.183899 0.000000 0.612142 0.000000 0.790748 0.257380 0.257380 0.257380
6256.015137 0.000000 479.656464 0.000000 0.628895 0.000000 0.777490 0.233053 0.233053 0.233053
6263.370605 0.000000 485.530426 0.000000 0.011361 0.000000 0.999935 0.251764 0.251764 0.251764
6264.713379 0.000000 481.297974 0.000000 0.546402 0.000000 0.837523 0.233766 0.233766 0.233766
6265.096680 0.000000 485.939941 0.000000 0.703875 0.000000 0.710324 0.269512 0.269512 0.269512
6322.281250 0.000000 494.944214 0.000000 0.368882 0.000000 0.929476 0.229012 0.229012 0.229012
6324.600586 0.000000 475.088806 0.000000 0.554569 0.000000 0.832138 0.195791 0.195791 0.195791
6335.419434 0.000000 473.747070 0.000000 0.005758 0.000000 0.999983 0.187152 0.187152 0.187152
6329.426758 0.000000 469.273956 0.000000 0.626412 0.000000 0.779492 0.276702 0.276702 0.276702
6318.271484 0.000000 489.163513 0.000000 0.514676 0.000000 0.857385 0.234766 0.234766 0.234766
6289.626465 0.000000 457.084503 0.000000 0.365324 0.000000 0.930880 0.212882 0.212882 0.212882
6334.127441 0.000000 469.314972 0.000000 0.110381 0.000000 0.993889 0.245875 0.245875 0.245875
6325.811523 0.000000 493.174072 0.000000 0.224398 0.000000 0.974498 0.193714 0.193714 0.193714
6319.152344 0.000000 497.345703 0.000000 0.550105 0.000000 0.835096 0.190624 0.190624 0.190624
6314.452148 0.000000 486.809113 0.000000 0.310994 0.000000 0.950412 0.230258 0.230258 0.230258
6291.922852 0.000000 455.674408 0.000000 0.284869 0.000000 0.958566 0.204809 0.204809 0.204809
6323.473145 0.000000 492.252869 0.000000 0.665582 0.000000 0.746325 0.220063 0.220063 0.220063
6316.435059 0.000000 487.850128 0.000000 0.062864 0.000000 0.998022 0.216051 0.216051 0.216051
6329.789062 0.000000 471.236786 0.000000 0.262627 0.000000 0.964898 0.237126 0.237126 0.237126
6348.406250 0.000000 452.823303 0.000000 0.703851 0.000000 0.710348 0.202681 0.202681 0.202681
6336.668457 0.000000 469.645416 0.000000 0.432245 0.000000 0.901756 0.227803 0.227803 0.227803
"}
object={
	name="baobab_generator_2_1"
	clamp_to_water_level=no
	render_under_water=no
	generated_content=yes
	layer="semidynamic_medium"
	pdxmesh="tree_baobab_02_mesh"
	count=660
	transform="1078.803467 0.000000 1470.659912 0.000000 0.762961 0.000000 0.646445 0.194648 0.194648 0.194648
1087.683594 0.000000 1481.634155 0.000000 0.866248 0.000000 0.499614 0.195951 0.195951 0.195951
1074.317383 0.000000 1471.784912 0.000000 0.991194 0.000000 0.132420 0.203665 0.203665 0.203665
1066.133911 0.000000 1472.731079 0.000000 0.834307 0.000000 0.551301 0.206058 0.206058 0.206058
1085.935669 0.000000 1498.623779 0.000000 0.926778 0.000000 0.375610 0.297311 0.297311 0.297311
1086.018555 0.000000 1494.488892 0.000000 0.876804 0.000000 0.480848 0.207020 0.207020 0.207020
1083.875732 0.000000 1482.799927 0.000000 0.909376 0.000000 0.415976 0.220270 0.220270 0.220270
1063.553711 0.000000 1485.796021 0.000000 0.882864 0.000000 0.469629 0.248636 0.248636 0.248636
1087.545410 0.000000 1500.552856 0.000000 0.964893 0.000000 0.262644 0.245901 0.245901 0.245901
1059.024292 0.000000 1489.165894 0.000000 0.724249 0.000000 0.689538 0.248523 0.248523 0.248523
1058.304321 0.000000 1484.693604 0.000000 0.999996 0.000000 0.002826 0.287876 0.287876 0.287876
1063.451416 0.000000 1483.589233 0.000000 0.945566 0.000000 0.325430 0.271536 0.271536 0.271536
1062.302734 0.000000 1481.660400 0.000000 0.998942 0.000000 0.045978 0.278922 0.278922 0.278922
1059.805054 0.000000 1487.508057 0.000000 0.881052 0.000000 0.473020 0.269329 0.269329 0.269329
1061.573853 0.000000 1480.098022 0.000000 0.938081 0.000000 0.346416 0.281154 0.281154 0.281154
1082.545166 0.000000 1500.564453 0.000000 0.915260 0.000000 0.402863 0.280404 0.280404 0.280404
1091.834473 0.000000 1468.596313 0.000000 0.714645 0.000000 0.699487 0.194972 0.194972 0.194972
1138.281372 0.000000 1511.662964 0.000000 0.954727 0.000000 0.297483 0.248348 0.248348 0.248348
1123.530884 0.000000 1519.182251 0.000000 0.858503 0.000000 0.512808 0.245632 0.245632 0.245632
1140.449829 0.000000 1501.354248 0.000000 0.732883 0.000000 0.680355 0.193368 0.193368 0.193368
1149.042114 0.000000 1524.251831 0.000000 0.999405 0.000000 0.034490 0.199742 0.199742 0.199742
1135.365356 0.000000 1499.397339 0.000000 0.937469 0.000000 0.348069 0.201357 0.201357 0.201357
1139.720459 0.000000 1506.465576 0.000000 0.999319 0.000000 0.036910 0.238045 0.238045 0.238045
1118.599976 0.000000 1518.297363 0.000000 0.926421 0.000000 0.376490 0.196772 0.196772 0.196772
1105.893799 0.000000 1481.908569 0.000000 0.804639 0.000000 0.593765 0.237864 0.237864 0.237864
1126.643433 0.000000 1520.295898 0.000000 0.998864 0.000000 0.047645 0.263372 0.263372 0.263372
1100.424805 0.000000 1487.013550 0.000000 0.725078 0.000000 0.688667 0.255898 0.255898 0.255898
1116.116333 0.000000 1524.009399 0.000000 0.998172 0.000000 0.060440 0.219937 0.219937 0.219937
1124.314209 0.000000 1521.989624 0.000000 0.990432 0.000000 0.138002 0.287339 0.287339 0.287339
1104.764038 0.000000 1484.545776 0.000000 0.998571 0.000000 0.053446 0.268775 0.268775 0.268775
1121.210693 0.000000 1518.036621 0.000000 0.986684 0.000000 0.162650 0.220764 0.220764 0.220764
1139.473267 0.000000 1508.971680 0.000000 0.840662 0.000000 0.541560 0.231173 0.231173 0.231173
1135.221924 0.000000 1501.892334 0.000000 0.957947 0.000000 0.286947 0.244368 0.244368 0.244368
1103.288574 0.000000 1483.131714 0.000000 0.869220 0.000000 0.494425 0.255945 0.255945 0.255945
1129.206665 0.000000 1533.621826 0.000000 0.828913 0.000000 0.559378 0.196147 0.196147 0.196147
1113.268799 0.000000 1541.487305 0.000000 0.937863 0.000000 0.347006 0.197434 0.197434 0.197434
1145.426636 0.000000 1542.477051 0.000000 0.953474 0.000000 0.301475 0.200803 0.200803 0.200803
1139.720459 0.000000 1562.949951 0.000000 0.947768 0.000000 0.318960 0.253097 0.253097 0.253097
1114.844482 0.000000 1526.795654 0.000000 0.997203 0.000000 0.074736 0.215328 0.215328 0.215328
1129.897095 0.000000 1525.106445 0.000000 0.992765 0.000000 0.120078 0.218057 0.218057 0.218057
1134.444580 0.000000 1576.440308 0.000000 0.999743 0.000000 0.022691 0.218200 0.218200 0.218200
1122.139526 0.000000 1526.804443 0.000000 0.950450 0.000000 0.310877 0.233429 0.233429 0.233429
1099.269287 0.000000 1534.408203 0.000000 0.980190 0.000000 0.198058 0.204059 0.204059 0.204059
1137.605835 0.000000 1577.932007 0.000000 0.996404 0.000000 0.084729 0.240556 0.240556 0.240556
1119.085693 0.000000 1532.707031 0.000000 0.988867 0.000000 0.148805 0.313880 0.313880 0.313880
1141.610352 0.000000 1560.570923 0.000000 0.995627 0.000000 0.093423 0.231611 0.231611 0.231611
1124.142212 0.000000 1525.173340 0.000000 0.837602 0.000000 0.546281 0.225136 0.225136 0.225136
1119.881958 0.000000 1527.727539 0.000000 0.996970 0.000000 0.077782 0.286884 0.286884 0.286884
1145.682983 0.000000 1527.233887 0.000000 0.967557 0.000000 0.252651 0.226986 0.226986 0.226986
1150.188843 0.000000 1540.152710 0.000000 0.902105 0.000000 0.431517 0.302080 0.302080 0.302080
1136.736572 0.000000 1571.765015 0.000000 0.948536 0.000000 0.316670 0.255225 0.255225 0.255225
1210.134033 0.000000 1496.058228 0.000000 0.953036 0.000000 0.302857 0.205042 0.205042 0.205042
1190.192993 0.000000 1474.300659 0.000000 0.833280 0.000000 0.552851 0.230944 0.230944 0.230944
1206.496216 0.000000 1497.902588 0.000000 0.849322 0.000000 0.527874 0.202327 0.202327 0.202327
1189.573853 0.000000 1480.098022 0.000000 0.900169 0.000000 0.435540 0.282321 0.282321 0.282321
1216.354126 0.000000 1516.561646 0.000000 0.921640 0.000000 0.388046 0.197015 0.197015 0.197015
1223.674683 0.000000 1492.539795 0.000000 0.787587 0.000000 0.616204 0.194530 0.194530 0.194530
1219.716309 0.000000 1509.699951 0.000000 0.850033 0.000000 0.526730 0.226496 0.226496 0.226496
1252.050049 0.000000 1504.883301 0.000000 0.992473 0.000000 0.122461 0.203769 0.203769 0.203769
1235.298462 0.000000 1486.540894 0.000000 0.993548 0.000000 0.113410 0.217046 0.217046 0.217046
1225.163696 0.000000 1507.894531 0.000000 0.992736 0.000000 0.120311 0.199067 0.199067 0.199067
1221.003174 0.000000 1504.721802 0.000000 0.786911 0.000000 0.617066 0.194604 0.194604 0.194604
1247.949707 0.000000 1502.849731 0.000000 0.905107 0.000000 0.425184 0.197369 0.197369 0.197369
1257.396362 0.000000 1482.352661 0.000000 0.971588 0.000000 0.236677 0.244288 0.244288 0.244288
1278.612427 0.000000 1520.234009 0.000000 0.928567 0.000000 0.371165 0.221999 0.221999 0.221999
1228.652466 0.000000 1494.020630 0.000000 0.722062 0.000000 0.691828 0.226970 0.226970 0.226970
1271.010986 0.000000 1523.546631 0.000000 0.921556 0.000000 0.388245 0.226905 0.226905 0.226905
1222.113892 0.000000 1507.552246 0.000000 0.754490 0.000000 0.656311 0.205495 0.205495 0.205495
1219.168213 0.000000 1512.546387 0.000000 0.854311 0.000000 0.519762 0.244482 0.244482 0.244482
1260.193481 0.000000 1489.538330 0.000000 0.967286 0.000000 0.253690 0.247137 0.247137 0.247137
1276.341309 0.000000 1521.761597 0.000000 0.901175 0.000000 0.433455 0.240387 0.240387 0.240387
1271.341309 0.000000 1519.885742 0.000000 0.927101 0.000000 0.374811 0.238494 0.238494 0.238494
1249.651611 0.000000 1504.791260 0.000000 0.950082 0.000000 0.312002 0.255331 0.255331 0.255331
1255.451416 0.000000 1483.589233 0.000000 0.971376 0.000000 0.237548 0.249583 0.249583 0.249583
1232.326904 0.000000 1491.260742 0.000000 0.764985 0.000000 0.644049 0.273957 0.273957 0.273957
1254.302734 0.000000 1481.660400 0.000000 0.795277 0.000000 0.606246 0.239495 0.239495 0.239495
1231.814819 0.000000 1489.225708 0.000000 0.929900 0.000000 0.367813 0.262224 0.262224 0.262224
1180.282104 0.000000 1561.974121 0.000000 0.787910 0.000000 0.615790 0.194617 0.194617 0.194617
1202.281372 0.000000 1568.147339 0.000000 0.999779 0.000000 0.021037 0.208173 0.208173 0.208173
1204.885132 0.000000 1576.829224 0.000000 0.979528 0.000000 0.201309 0.198583 0.198583 0.198583
1154.164551 0.000000 1544.449707 0.000000 0.953608 0.000000 0.301050 0.211431 0.211431 0.211431
1214.112061 0.000000 1568.996826 0.000000 0.896623 0.000000 0.442796 0.287970 0.287970 0.287970
1193.606079 0.000000 1562.559570 0.000000 0.764655 0.000000 0.644440 0.193810 0.193810 0.193810
1152.522339 0.000000 1540.780151 0.000000 0.990919 0.000000 0.134461 0.302558 0.302558 0.302558
1201.158813 0.000000 1559.706543 0.000000 0.997438 0.000000 0.071533 0.199348 0.199348 0.199348
1188.219849 0.000000 1565.235596 0.000000 0.994123 0.000000 0.108258 0.259842 0.259842 0.259842
1156.061279 0.000000 1541.287720 0.000000 0.913733 0.000000 0.406314 0.216287 0.216287 0.216287
1188.675659 0.000000 1557.920166 0.000000 0.877245 0.000000 0.480043 0.220272 0.220272 0.220272
1187.373291 0.000000 1552.021484 0.000000 0.998310 0.000000 0.058110 0.235479 0.235479 0.235479
1191.131470 0.000000 1560.057251 0.000000 0.723586 0.000000 0.690235 0.206890 0.206890 0.206890
1190.885986 0.000000 1569.239868 0.000000 0.962596 0.000000 0.270941 0.221392 0.221392 0.221392
1187.097656 0.000000 1567.178223 0.000000 0.818547 0.000000 0.574439 0.261425 0.261425 0.261425
1183.716431 0.000000 1565.528687 0.000000 0.885694 0.000000 0.464269 0.241754 0.241754 0.241754
1211.060547 0.000000 1567.670410 0.000000 0.760009 0.000000 0.649913 0.329138 0.329138 0.329138
1188.653442 0.000000 1563.343018 0.000000 0.998466 0.000000 0.055377 0.267624 0.267624 0.267624
1273.426636 0.000000 1542.477051 0.000000 0.966996 0.000000 0.254793 0.248172 0.248172 0.248172
1274.134033 0.000000 1552.542603 0.000000 0.728867 0.000000 0.684656 0.262418 0.262418 0.262418
1252.050049 0.000000 1561.367676 0.000000 0.864943 0.000000 0.501871 0.209789 0.209789 0.209789
1272.634888 0.000000 1560.866699 0.000000 0.834546 0.000000 0.550939 0.245690 0.245690 0.245690
1253.443237 0.000000 1544.880127 0.000000 0.864086 0.000000 0.503343 0.222910 0.222910 0.222910
1254.720825 0.000000 1571.812744 0.000000 0.838130 0.000000 0.545471 0.238973 0.238973 0.238973
1257.606079 0.000000 1562.559570 0.000000 0.842197 0.000000 0.539170 0.215282 0.215282 0.215282
1258.157837 0.000000 1547.914429 0.000000 0.999570 0.000000 0.029324 0.201393 0.201393 0.201393
1271.430908 0.000000 1538.955200 0.000000 0.984155 0.000000 0.177308 0.221646 0.221646 0.221646
1257.897095 0.000000 1525.106445 0.000000 0.973111 0.000000 0.230337 0.204787 0.204787 0.204787
1257.927490 0.000000 1569.811401 0.000000 0.821487 0.000000 0.570227 0.230587 0.230587 0.230587
1252.675659 0.000000 1557.920166 0.000000 0.786127 0.000000 0.618065 0.231510 0.231510 0.231510
1220.219482 0.000000 1557.712280 0.000000 0.790279 0.000000 0.612748 0.227751 0.227751 0.227751
1268.612793 0.000000 1540.790161 0.000000 0.710146 0.000000 0.704055 0.231382 0.231382 0.231382
1270.496216 0.000000 1554.386963 0.000000 0.999312 0.000000 0.037090 0.291360 0.291360 0.291360
1255.131470 0.000000 1560.057251 0.000000 0.962224 0.000000 0.272260 0.231980 0.231980 0.231980
1254.737793 0.000000 1563.556030 0.000000 0.798379 0.000000 0.602155 0.208310 0.208310 0.208310
1224.260498 0.000000 1534.083740 0.000000 0.974539 0.000000 0.224220 0.241326 0.241326 0.241326
1258.622314 0.000000 1579.103149 0.000000 0.999757 0.000000 0.022053 0.232713 0.232713 0.232713
1270.928345 0.000000 1541.963135 0.000000 0.979677 0.000000 0.200582 0.250334 0.250334 0.250334
1222.927612 0.000000 1531.425537 0.000000 0.838648 0.000000 0.544674 0.238009 0.238009 0.238009
1224.000732 0.000000 1529.139404 0.000000 0.825967 0.000000 0.563719 0.252147 0.252147 0.252147
1217.278687 0.000000 1570.953369 0.000000 0.963349 0.000000 0.268252 0.299088 0.299088 0.299088
1270.374756 0.000000 1556.627808 0.000000 0.858630 0.000000 0.512596 0.260349 0.260349 0.260349
1256.804443 0.000000 1559.202393 0.000000 0.984251 0.000000 0.176776 0.272300 0.272300 0.272300
1274.545166 0.000000 1557.048828 0.000000 0.953565 0.000000 0.301187 0.330513 0.330513 0.330513
1277.407227 0.000000 1562.461670 0.000000 0.962203 0.000000 0.272333 0.285472 0.285472 0.285472
1279.198608 0.000000 1560.098145 0.000000 0.999624 0.000000 0.027422 0.314993 0.314993 0.314993
1298.736938 0.000000 1405.746094 0.000000 0.980570 0.000000 0.196170 0.295198 0.295198 0.295198
1297.812744 0.000000 1411.489990 0.000000 0.813960 0.000000 0.580921 0.320284 0.320284 0.320284
1299.922729 0.000000 1415.908813 0.000000 0.734131 0.000000 0.679008 0.225363 0.225363 0.225363
1280.354126 0.000000 1516.561646 0.000000 0.948839 0.000000 0.315759 0.197634 0.197634 0.197634
1290.048218 0.000000 1570.578491 0.000000 0.722361 0.000000 0.691517 0.193900 0.193900 0.193900
1293.066528 0.000000 1578.294312 0.000000 0.936359 0.000000 0.351045 0.199214 0.199214 0.199214
1306.661499 0.000000 1546.515747 0.000000 0.926329 0.000000 0.376716 0.220874 0.220874 0.220874
1293.883423 0.000000 1573.574341 0.000000 0.837934 0.000000 0.545771 0.194595 0.194595 0.194595
1280.073120 0.000000 1563.639648 0.000000 0.999728 0.000000 0.023302 0.251650 0.251650 0.251650
1309.587891 0.000000 1544.745850 0.000000 0.987055 0.000000 0.160380 0.230570 0.230570 0.230570
1309.193848 0.000000 1551.289307 0.000000 0.885449 0.000000 0.464737 0.245752 0.245752 0.245752
1311.429199 0.000000 1549.006226 0.000000 0.985594 0.000000 0.169130 0.266047 0.266047 0.266047
1076.600708 0.000000 1604.776367 0.000000 0.851421 0.000000 0.524483 0.267759 0.267759 0.267759
1077.757935 0.000000 1600.927246 0.000000 0.969969 0.000000 0.243230 0.197700 0.197700 0.197700
1079.542480 0.000000 1604.692261 0.000000 0.880468 0.000000 0.474106 0.250521 0.250521 0.250521
1071.681152 0.000000 1584.464355 0.000000 0.800615 0.000000 0.599179 0.220205 0.220205 0.220205
1085.258179 0.000000 1593.576782 0.000000 0.799561 0.000000 0.600585 0.234803 0.234803 0.234803
1076.288452 0.000000 1602.392578 0.000000 0.961678 0.000000 0.274181 0.258284 0.258284 0.258284
1142.803467 0.000000 1583.628662 0.000000 0.989088 0.000000 0.147323 0.198874 0.198874 0.198874
1151.419312 0.000000 1603.434570 0.000000 0.727539 0.000000 0.686066 0.193677 0.193677 0.193677
1149.524414 0.000000 1587.075928 0.000000 0.953958 0.000000 0.299940 0.213565 0.213565 0.213565
1149.042114 0.000000 1637.220581 0.000000 0.875436 0.000000 0.483334 0.202892 0.202892 0.202892
1135.365356 0.000000 1612.366089 0.000000 0.977951 0.000000 0.208834 0.215819 0.215819 0.215819
1142.117310 0.000000 1588.583862 0.000000 0.962692 0.000000 0.270601 0.198990 0.198990 0.198990
1097.424194 0.000000 1609.436279 0.000000 0.976774 0.000000 0.214270 0.208203 0.208203 0.208203
1099.714111 0.000000 1619.565674 0.000000 0.915164 0.000000 0.403081 0.211151 0.211151 0.211151
1143.542480 0.000000 1604.692261 0.000000 0.987567 0.000000 0.157198 0.242550 0.242550 0.242550
1151.450562 0.000000 1589.491821 0.000000 0.971269 0.000000 0.237986 0.220796 0.220796 0.220796
1147.596436 0.000000 1598.088867 0.000000 0.973435 0.000000 0.228965 0.233768 0.233768 0.233768
1097.640015 0.000000 1614.789551 0.000000 0.998511 0.000000 0.054560 0.239969 0.239969 0.239969
1094.203369 0.000000 1618.857788 0.000000 0.999587 0.000000 0.028725 0.308279 0.308279 0.308279
1138.281372 0.000000 1681.116089 0.000000 0.934324 0.000000 0.356425 0.235741 0.235741 0.235741
1140.449829 0.000000 1670.807373 0.000000 0.912713 0.000000 0.408601 0.234769 0.234769 0.234769
1127.866577 0.000000 1679.750488 0.000000 0.712283 0.000000 0.701892 0.194561 0.194561 0.194561
1132.186279 0.000000 1685.755127 0.000000 0.816606 0.000000 0.577196 0.194163 0.194163 0.194163
1145.915649 0.000000 1648.761597 0.000000 0.935433 0.000000 0.353504 0.219137 0.219137 0.219137
1133.059937 0.000000 1680.438721 0.000000 0.999941 0.000000 0.010865 0.208285 0.208285 0.208285
1129.606079 0.000000 1675.528320 0.000000 0.892328 0.000000 0.451388 0.203286 0.203286 0.203286
1147.742432 0.000000 1675.723877 0.000000 0.987831 0.000000 0.155530 0.223037 0.223037 0.223037
1143.033203 0.000000 1676.494751 0.000000 0.772271 0.000000 0.635293 0.267856 0.267856 0.267856
1138.278564 0.000000 1668.755737 0.000000 0.838897 0.000000 0.544290 0.206156 0.206156 0.206156
1142.928345 0.000000 1654.931885 0.000000 0.997103 0.000000 0.076058 0.253933 0.253933 0.253933
1137.258545 0.000000 1675.503906 0.000000 0.920948 0.000000 0.389684 0.228945 0.228945 0.228945
1155.834473 0.000000 1581.565063 0.000000 0.966868 0.000000 0.255278 0.198324 0.198324 0.198324
1161.453857 0.000000 1587.881836 0.000000 0.906102 0.000000 0.423059 0.216042 0.216042 0.216042
1161.437988 0.000000 1582.380127 0.000000 0.918254 0.000000 0.395993 0.214362 0.214362 0.214362
1157.568970 0.000000 1585.580322 0.000000 0.856813 0.000000 0.515627 0.220688 0.220688 0.220688
1162.448364 0.000000 1585.167480 0.000000 0.780229 0.000000 0.625494 0.223606 0.223606 0.223606
1158.927612 0.000000 1587.909912 0.000000 0.708654 0.000000 0.705557 0.221925 0.221925 0.221925
1261.901245 0.000000 1582.516968 0.000000 0.999086 0.000000 0.042757 0.201261 0.201261 0.201261
1273.426636 0.000000 1598.961426 0.000000 0.974799 0.000000 0.223086 0.212407 0.212407 0.212407
1278.127319 0.000000 1599.002441 0.000000 0.818666 0.000000 0.574270 0.194349 0.194349 0.194349
1272.851562 0.000000 1613.174927 0.000000 0.919730 0.000000 0.392552 0.230956 0.230956 0.230956
1271.542480 0.000000 1604.692261 0.000000 0.708111 0.000000 0.706101 0.268795 0.268795 0.268795
1276.341309 0.000000 1634.730347 0.000000 0.905748 0.000000 0.423816 0.234480 0.234480 0.234480
1278.298462 0.000000 1631.033203 0.000000 0.985898 0.000000 0.167349 0.256398 0.256398 0.256398
1270.093628 0.000000 1605.829834 0.000000 0.857390 0.000000 0.514667 0.275786 0.275786 0.275786
1155.834473 0.000000 1638.049438 0.000000 0.986831 0.000000 0.161752 0.198520 0.198520 0.198520
1155.589233 0.000000 1650.429077 0.000000 0.997972 0.000000 0.063661 0.199499 0.199499 0.199499
1162.048218 0.000000 1683.547241 0.000000 0.727946 0.000000 0.685635 0.262383 0.262383 0.262383
1158.599243 0.000000 1691.147827 0.000000 0.822613 0.000000 0.568602 0.201795 0.201795 0.201795
1152.315308 0.000000 1664.472412 0.000000 0.765765 0.000000 0.643120 0.193634 0.193634 0.193634
1161.597778 0.000000 1687.922363 0.000000 0.934990 0.000000 0.354675 0.236810 0.236810 0.236810
1162.748779 0.000000 1680.239746 0.000000 0.881695 0.000000 0.471820 0.209188 0.209188 0.209188
1165.152710 0.000000 1683.277954 0.000000 0.910073 0.000000 0.414448 0.256994 0.256994 0.256994
1159.626831 0.000000 1684.397095 0.000000 0.965596 0.000000 0.260049 0.249122 0.249122 0.249122
1279.683594 0.000000 1651.087280 0.000000 0.855413 0.000000 0.517946 0.224659 0.224659 0.224659
1277.935669 0.000000 1668.076904 0.000000 0.958019 0.000000 0.286706 0.222223 0.222223 0.222223
1155.834473 0.000000 1694.533813 0.000000 0.978999 0.000000 0.203867 0.198667 0.198667 0.198667
1161.437988 0.000000 1695.348877 0.000000 0.742517 0.000000 0.669827 0.231278 0.231278 0.231278
1192.221680 0.000000 1714.974487 0.000000 0.759118 0.000000 0.650954 0.215346 0.215346 0.215346
1234.736938 0.000000 1744.652344 0.000000 0.711620 0.000000 0.702565 0.199892 0.199892 0.199892
1257.423462 0.000000 1726.953491 0.000000 0.968531 0.000000 0.248891 0.198273 0.198273 0.198273
1279.097656 0.000000 1733.920410 0.000000 0.993353 0.000000 0.115108 0.213732 0.213732 0.213732
1274.165039 0.000000 1717.081909 0.000000 0.777950 0.000000 0.628326 0.208887 0.208887 0.208887
1267.521606 0.000000 1722.540161 0.000000 0.909529 0.000000 0.415640 0.196201 0.196201 0.196201
1225.597778 0.000000 1744.406738 0.000000 0.846412 0.000000 0.532529 0.247121 0.247121 0.247121
1233.114990 0.000000 1749.091064 0.000000 0.867915 0.000000 0.496712 0.206807 0.206807 0.206807
1252.219849 0.000000 1734.688721 0.000000 0.753471 0.000000 0.657481 0.193283 0.193283 0.193283
1222.656738 0.000000 1743.348999 0.000000 0.824111 0.000000 0.566428 0.216831 0.216831 0.216831
1274.989014 0.000000 1728.165283 0.000000 0.817295 0.000000 0.576220 0.224570 0.224570 0.224570
1275.279419 0.000000 1719.732788 0.000000 0.741976 0.000000 0.670426 0.245380 0.245380 0.245380
1219.834473 0.000000 1751.018188 0.000000 0.838107 0.000000 0.545506 0.196039 0.196039 0.196039
1236.950073 0.000000 1760.184814 0.000000 0.732876 0.000000 0.680362 0.194956 0.194956 0.194956
1225.437988 0.000000 1751.833252 0.000000 0.944809 0.000000 0.327622 0.244601 0.244601 0.244601
1242.844482 0.000000 1752.733154 0.000000 0.999419 0.000000 0.034092 0.206917 0.206917 0.206917
1234.973877 0.000000 1752.418579 0.000000 0.884093 0.000000 0.467312 0.195569 0.195569 0.195569
1240.982788 0.000000 1754.889526 0.000000 0.918941 0.000000 0.394396 0.229894 0.229894 0.229894
1312.264404 0.000000 1603.431030 0.000000 0.988303 0.000000 0.152501 0.213276 0.213276 0.213276
1295.347534 0.000000 1581.846558 0.000000 0.986482 0.000000 0.163869 0.210960 0.210960 0.210960
1305.268799 0.000000 1597.971680 0.000000 0.963556 0.000000 0.267506 0.235237 0.235237 0.235237
1281.469238 0.000000 1636.110596 0.000000 0.965986 0.000000 0.258596 0.230083 0.230083 0.230083
1297.893799 0.000000 1594.877319 0.000000 0.875604 0.000000 0.483030 0.195469 0.195469 0.195469
1314.996948 0.000000 1637.525879 0.000000 0.882211 0.000000 0.470853 0.209202 0.209202 0.209202
1297.983643 0.000000 1602.930786 0.000000 0.933188 0.000000 0.359389 0.203335 0.203335 0.203335
1304.763672 0.000000 1612.293701 0.000000 0.987423 0.000000 0.158102 0.209939 0.209939 0.209939
1310.841187 0.000000 1613.194702 0.000000 0.780602 0.000000 0.625028 0.281104 0.281104 0.281104
1302.908936 0.000000 1592.562378 0.000000 0.940396 0.000000 0.340081 0.217236 0.217236 0.217236
1296.434082 0.000000 1611.623657 0.000000 0.857842 0.000000 0.513913 0.236700 0.236700 0.236700
1284.637939 0.000000 1600.135254 0.000000 0.809455 0.000000 0.587182 0.241889 0.241889 0.241889
1303.342529 0.000000 1597.073242 0.000000 0.707926 0.000000 0.706287 0.235062 0.235062 0.235062
1281.941895 0.000000 1634.190552 0.000000 0.802901 0.000000 0.596112 0.249346 0.249346 0.249346
1307.871582 0.000000 1601.630005 0.000000 0.794637 0.000000 0.607085 0.311710 0.311710 0.311710
1287.674683 0.000000 1661.992920 0.000000 0.998807 0.000000 0.048833 0.207870 0.207870 0.207870
1310.802368 0.000000 1638.108032 0.000000 0.788019 0.000000 0.615650 0.231563 0.231563 0.231563
1280.315308 0.000000 1664.472412 0.000000 0.854449 0.000000 0.519535 0.234597 0.234597 0.234597
1293.066528 0.000000 1691.263062 0.000000 0.817664 0.000000 0.575696 0.246040 0.246040 0.246040
1319.675415 0.000000 1692.820801 0.000000 0.962100 0.000000 0.272696 0.219241 0.219241 0.219241
1329.044556 0.000000 1686.730835 0.000000 0.778286 0.000000 0.627909 0.208894 0.208894 0.208894
1310.599976 0.000000 1687.750488 0.000000 0.976124 0.000000 0.217214 0.198223 0.198223 0.198223
1285.963745 0.000000 1658.745850 0.000000 0.803306 0.000000 0.595567 0.199431 0.199431 0.199431
1284.061279 0.000000 1654.256470 0.000000 0.961227 0.000000 0.275758 0.210684 0.210684 0.210684
1322.622314 0.000000 1692.071899 0.000000 0.878667 0.000000 0.477436 0.272134 0.272134 0.272134
1291.346924 0.000000 1686.010864 0.000000 0.936355 0.000000 0.351054 0.272871 0.272871 0.272871
1280.010498 0.000000 1666.733154 0.000000 0.983566 0.000000 0.180548 0.241047 0.241047 0.241047
1287.561523 0.000000 1689.020752 0.000000 0.779072 0.000000 0.626934 0.270927 0.270927 0.270927
1323.936890 0.000000 1694.474365 0.000000 0.884459 0.000000 0.466618 0.269520 0.269520 0.269520
1285.476685 0.000000 1689.325073 0.000000 0.997273 0.000000 0.073796 0.260589 0.260589 0.260589
1325.863159 0.000000 1684.864014 0.000000 0.898358 0.000000 0.439263 0.254368 0.254368 0.254368
1321.206665 0.000000 1703.074951 0.000000 0.790805 0.000000 0.612068 0.264942 0.264942 0.264942
1283.834473 0.000000 1694.533813 0.000000 0.885133 0.000000 0.465338 0.195895 0.195895 0.195895
1311.430420 0.000000 1705.303223 0.000000 0.987415 0.000000 0.158152 0.206668 0.206668 0.206668
1280.315308 0.000000 1720.956787 0.000000 0.856800 0.000000 0.515649 0.195875 0.195875 0.195875
1306.616821 0.000000 1700.740723 0.000000 0.745509 0.000000 0.666495 0.200433 0.200433 0.200433
1316.590088 0.000000 1704.537964 0.000000 0.727194 0.000000 0.686432 0.200137 0.200137 0.200137
1283.605225 0.000000 1717.807861 0.000000 0.948885 0.000000 0.315621 0.197074 0.197074 0.197074
1308.682983 0.000000 1707.965210 0.000000 0.992133 0.000000 0.125185 0.198809 0.198809 0.198809
1308.263916 0.000000 1703.827271 0.000000 0.999707 0.000000 0.024216 0.208139 0.208139 0.208139
1313.860474 0.000000 1703.272461 0.000000 0.997716 0.000000 0.067555 0.207665 0.207665 0.207665
1291.631714 0.000000 1711.047607 0.000000 0.937050 0.000000 0.349195 0.281069 0.281069 0.281069
1981.734009 0.000000 1672.257080 0.000000 0.997916 0.000000 0.064531 0.218776 0.218776 0.218776
1947.221802 0.000000 1684.075439 0.000000 0.943408 0.000000 0.331634 0.220506 0.220506 0.220506
1931.936890 0.000000 1670.816284 0.000000 0.988156 0.000000 0.153453 0.213264 0.213264 0.213264
1981.935669 0.000000 1668.076904 0.000000 0.949607 0.000000 0.313444 0.213388 0.213388 0.213388
2015.430420 0.000000 1648.818848 0.000000 0.937019 0.000000 0.349279 0.197239 0.197239 0.197239
2031.365356 0.000000 1668.850464 0.000000 0.934481 0.000000 0.356012 0.231599 0.231599 0.231599
1987.856934 0.000000 1688.118774 0.000000 0.836327 0.000000 0.548231 0.194568 0.194568 0.194568
2027.248413 0.000000 1670.872925 0.000000 0.870931 0.000000 0.491405 0.280434 0.280434 0.280434
2024.804443 0.000000 1672.171143 0.000000 0.848859 0.000000 0.528619 0.267630 0.267630 0.267630
1901.255371 0.000000 1749.406738 0.000000 0.987394 0.000000 0.158282 0.198671 0.198671 0.198671
1913.915649 0.000000 1705.245972 0.000000 0.818383 0.000000 0.574673 0.240253 0.240253 0.240253
1887.273193 0.000000 1749.407715 0.000000 0.934118 0.000000 0.356964 0.196583 0.196583 0.196583
1914.815186 0.000000 1702.100342 0.000000 0.954492 0.000000 0.298238 0.215706 0.215706 0.215706
1917.258179 0.000000 1706.545532 0.000000 0.791504 0.000000 0.611164 0.224865 0.224865 0.224865
1897.206665 0.000000 1759.559326 0.000000 0.993192 0.000000 0.116492 0.214812 0.214812 0.214812
1887.430420 0.000000 1761.787598 0.000000 0.999743 0.000000 0.022692 0.199839 0.199839 0.199839
1904.446289 0.000000 1761.846436 0.000000 0.999549 0.000000 0.030032 0.240386 0.240386 0.240386
1907.156128 0.000000 1765.088745 0.000000 0.918190 0.000000 0.396140 0.266549 0.266549 0.266549
1952.264404 0.000000 1716.399780 0.000000 0.790505 0.000000 0.612456 0.195475 0.195475 0.195475
1951.430420 0.000000 1705.303223 0.000000 0.989618 0.000000 0.143726 0.198722 0.198722 0.198722
1941.428101 0.000000 1726.878906 0.000000 0.868472 0.000000 0.495738 0.196374 0.196374 0.196374
1957.084961 0.000000 1709.328857 0.000000 0.994675 0.000000 0.103059 0.199059 0.199059 0.199059
1946.661499 0.000000 1715.968872 0.000000 0.923945 0.000000 0.382526 0.196766 0.196766 0.196766
1938.852783 0.000000 1731.138672 0.000000 0.966260 0.000000 0.257568 0.197821 0.197821 0.197821
1951.949707 0.000000 1728.787231 0.000000 0.905697 0.000000 0.423926 0.229374 0.229374 0.229374
1981.449707 0.000000 1704.017456 0.000000 0.952397 0.000000 0.304860 0.199703 0.199703 0.199703
1950.841187 0.000000 1726.163452 0.000000 0.867302 0.000000 0.497783 0.226025 0.226025 0.226025
1982.830811 0.000000 1741.766357 0.000000 0.992389 0.000000 0.123145 0.221303 0.221303 0.221303
1984.354126 0.000000 1742.499146 0.000000 0.729840 0.000000 0.683618 0.193987 0.193987 0.193987
1991.674683 0.000000 1718.477295 0.000000 0.768155 0.000000 0.640264 0.193842 0.193842 0.193842
2029.255371 0.000000 1749.406738 0.000000 0.851773 0.000000 0.523911 0.195939 0.195939 0.195939
1986.164551 0.000000 1713.902832 0.000000 0.918210 0.000000 0.396094 0.227805 0.227805 0.227805
2030.271362 0.000000 1731.819702 0.000000 0.957382 0.000000 0.288826 0.202005 0.202005 0.202005
2029.790894 0.000000 1707.869385 0.000000 0.998954 0.000000 0.045724 0.246778 0.246778 0.246778
1991.651001 0.000000 1712.018677 0.000000 0.741221 0.000000 0.671261 0.211097 0.211097 0.211097
2031.365356 0.000000 1725.334839 0.000000 0.716488 0.000000 0.697599 0.231544 0.231544 0.231544
2029.059937 0.000000 1736.923096 0.000000 0.810225 0.000000 0.586118 0.195153 0.195153 0.195153
1993.424194 0.000000 1722.405029 0.000000 0.961910 0.000000 0.273365 0.197477 0.197477 0.197477
1984.522339 0.000000 1710.233276 0.000000 0.758047 0.000000 0.652200 0.211430 0.211430 0.211430
1996.652466 0.000000 1719.958130 0.000000 0.709534 0.000000 0.704672 0.192679 0.192679 0.192679
2034.278564 0.000000 1725.240112 0.000000 0.728549 0.000000 0.684994 0.266934 0.266934 0.266934
1986.759888 0.000000 1703.645874 0.000000 0.763292 0.000000 0.646053 0.251704 0.251704 0.251704
2035.409058 0.000000 1720.017456 0.000000 0.871048 0.000000 0.491198 0.266826 0.266826 0.266826
1984.974365 0.000000 1707.239014 0.000000 0.983266 0.000000 0.182178 0.241018 0.241018 0.241018
2035.473267 0.000000 1734.909180 0.000000 0.762160 0.000000 0.647388 0.223162 0.223162 0.223162
1988.637939 0.000000 1713.104004 0.000000 0.989049 0.000000 0.147587 0.244895 0.244895 0.244895
2033.818970 0.000000 1721.278931 0.000000 0.999449 0.000000 0.033205 0.282586 0.282586 0.282586
1986.093750 0.000000 1705.597656 0.000000 0.860551 0.000000 0.509364 0.245713 0.245713 0.245713
2033.665527 0.000000 1723.293823 0.000000 0.993711 0.000000 0.111976 0.295703 0.295703 0.295703
1952.264404 0.000000 1772.884155 0.000000 0.996147 0.000000 0.087695 0.217374 0.217374 0.217374
1941.428101 0.000000 1783.363281 0.000000 0.719377 0.000000 0.694620 0.209714 0.209714 0.209714
1958.465210 0.000000 1776.113403 0.000000 0.995066 0.000000 0.099217 0.199256 0.199256 0.199256
1949.234741 0.000000 1774.724365 0.000000 0.999576 0.000000 0.029103 0.202510 0.202510 0.202510
2016.264404 0.000000 1772.884155 0.000000 0.913323 0.000000 0.407237 0.197173 0.197173 0.197173
1987.589233 0.000000 1763.397827 0.000000 0.717041 0.000000 0.697031 0.193068 0.193068 0.193068
2025.396362 0.000000 1764.774536 0.000000 0.996351 0.000000 0.085352 0.224021 0.224021 0.224021
2021.993652 0.000000 1780.578979 0.000000 0.830832 0.000000 0.556523 0.216997 0.216997 0.216997
2029.456909 0.000000 1755.229126 0.000000 0.991983 0.000000 0.126372 0.223447 0.223447 0.223447
2023.443970 0.000000 1762.305054 0.000000 0.998846 0.000000 0.048029 0.210101 0.210101 0.210101
2027.550903 0.000000 1757.815430 0.000000 0.975249 0.000000 0.221108 0.237108 0.237108 0.237108
2026.549194 0.000000 1762.126953 0.000000 0.973179 0.000000 0.230049 0.213395 0.213395 0.213395
1892.050049 0.000000 1843.789551 0.000000 0.999009 0.000000 0.044498 0.199633 0.199633 0.199633
1887.273193 0.000000 1862.376465 0.000000 0.991987 0.000000 0.126344 0.198846 0.198846 0.198846
1892.219849 0.000000 1847.657471 0.000000 0.823367 0.000000 0.567509 0.194350 0.194350 0.194350
1882.516602 0.000000 1846.278931 0.000000 0.808624 0.000000 0.588325 0.242826 0.242826 0.242826
1887.716431 0.000000 1847.950562 0.000000 0.900747 0.000000 0.434343 0.256496 0.256496 0.256496
1908.600708 0.000000 1887.198242 0.000000 0.812872 0.000000 0.582442 0.194568 0.194568 0.194568
1888.264404 0.000000 1885.852905 0.000000 0.979241 0.000000 0.202698 0.198650 0.198650 0.198650
1895.866577 0.000000 1905.687988 0.000000 0.741520 0.000000 0.670930 0.208187 0.208187 0.208187
1919.419312 0.000000 1885.856445 0.000000 0.998348 0.000000 0.057450 0.199498 0.199498 0.199498
1878.797119 0.000000 1864.958984 0.000000 0.852550 0.000000 0.522645 0.195332 0.195332 0.195332
1913.426636 0.000000 1881.383301 0.000000 0.978657 0.000000 0.205500 0.210465 0.210465 0.210465
1892.050049 0.000000 1900.273926 0.000000 0.945473 0.000000 0.325700 0.202662 0.202662 0.202662
1890.074463 0.000000 1869.504150 0.000000 0.960266 0.000000 0.279085 0.213837 0.213837 0.213837
1886.773926 0.000000 1880.456055 0.000000 0.796488 0.000000 0.604654 0.200310 0.200310 0.200310
1914.165039 0.000000 1886.535034 0.000000 0.892578 0.000000 0.450894 0.204324 0.204324 0.204324
1918.127319 0.000000 1881.424316 0.000000 0.801276 0.000000 0.598295 0.194236 0.194236 0.194236
1889.456543 0.000000 1877.909302 0.000000 0.998146 0.000000 0.060870 0.238755 0.238755 0.238755
1884.263916 0.000000 1873.280396 0.000000 0.712434 0.000000 0.701739 0.205727 0.205727 0.205727
1887.085693 0.000000 1871.613281 0.000000 0.803807 0.000000 0.594890 0.203441 0.203441 0.203441
1906.335327 0.000000 1884.877441 0.000000 0.961260 0.000000 0.275642 0.209620 0.209620 0.209620
1894.737793 0.000000 1902.462280 0.000000 0.920022 0.000000 0.391867 0.239189 0.239189 0.239189
1889.762817 0.000000 1875.352905 0.000000 0.947912 0.000000 0.318533 0.245827 0.245827 0.245827
1899.827026 0.000000 1902.171143 0.000000 0.989735 0.000000 0.142912 0.291509 0.291509 0.291509
1896.632446 0.000000 1903.619507 0.000000 0.713563 0.000000 0.700591 0.264536 0.264536 0.264536
1948.282104 0.000000 1844.395996 0.000000 0.923133 0.000000 0.384480 0.204091 0.204091 0.204091
1974.803467 0.000000 1809.566162 0.000000 0.800464 0.000000 0.599380 0.233861 0.233861 0.233861
1947.221802 0.000000 1853.528564 0.000000 0.930081 0.000000 0.367354 0.196572 0.196572 0.196572
1983.419312 0.000000 1829.372070 0.000000 0.851816 0.000000 0.523842 0.194907 0.194907 0.194907
1977.426636 0.000000 1824.898926 0.000000 0.792897 0.000000 0.609355 0.194356 0.194356 0.194356
1946.840820 0.000000 1834.204346 0.000000 0.969827 0.000000 0.243794 0.198002 0.198002 0.198002
1977.915649 0.000000 1818.214722 0.000000 0.917731 0.000000 0.397203 0.196125 0.196125 0.196125
1969.916626 0.000000 1825.290039 0.000000 0.950612 0.000000 0.310383 0.197045 0.197045 0.197045
1946.548950 0.000000 1848.813110 0.000000 0.720313 0.000000 0.693649 0.214543 0.214543 0.214543
1970.317383 0.000000 1810.691162 0.000000 0.869011 0.000000 0.494794 0.242084 0.242084 0.242084
1982.127319 0.000000 1824.939941 0.000000 0.788125 0.000000 0.615516 0.194206 0.194206 0.194206
1951.949707 0.000000 1841.755981 0.000000 0.864307 0.000000 0.502965 0.205705 0.205705 0.205705
1979.875732 0.000000 1821.706177 0.000000 0.998397 0.000000 0.056593 0.214442 0.214442 0.214442
1979.669312 0.000000 1827.204834 0.000000 0.778546 0.000000 0.627588 0.211849 0.211849 0.211849
1962.622314 0.000000 1861.525024 0.000000 0.952041 0.000000 0.305969 0.212427 0.212427 0.212427
1997.467529 0.000000 1823.055298 0.000000 0.999450 0.000000 0.033162 0.199747 0.199747 0.199747
1998.124634 0.000000 1836.508789 0.000000 0.849700 0.000000 0.527266 0.208415 0.208415 0.208415
2002.408936 0.000000 1835.909546 0.000000 0.984311 0.000000 0.176443 0.198384 0.198384 0.198384
1983.683594 0.000000 1877.024780 0.000000 0.821632 0.000000 0.570019 0.195609 0.195609 0.195609
1933.467529 0.000000 1879.539673 0.000000 0.997987 0.000000 0.063426 0.199485 0.199485 0.199485
1945.924683 0.000000 1917.224854 0.000000 0.917628 0.000000 0.397441 0.214342 0.214342 0.214342
1922.164551 0.000000 1883.355957 0.000000 0.999881 0.000000 0.015423 0.199888 0.199888 0.199888
1939.298462 0.000000 1881.931519 0.000000 0.819367 0.000000 0.573270 0.213734 0.213734 0.213734
1974.872192 0.000000 1910.318726 0.000000 0.734707 0.000000 0.678384 0.192927 0.192927 0.192927
1977.614258 0.000000 1916.365479 0.000000 0.841118 0.000000 0.540852 0.195363 0.195363 0.195363
1982.112061 0.000000 1907.903076 0.000000 0.972978 0.000000 0.230900 0.208010 0.208010 0.208010
1982.018555 0.000000 1889.879517 0.000000 0.951432 0.000000 0.307858 0.215576 0.215576 0.215576
1958.192993 0.000000 1869.691284 0.000000 0.763109 0.000000 0.646270 0.197758 0.197758 0.197758
1967.152222 0.000000 1909.455078 0.000000 0.772543 0.000000 0.634962 0.221476 0.221476 0.221476
1935.712891 0.000000 1882.598511 0.000000 0.773813 0.000000 0.633414 0.214688 0.214688 0.214688
1976.579102 0.000000 1913.146729 0.000000 0.959697 0.000000 0.281037 0.218062 0.218062 0.218062
1945.163940 0.000000 1919.843750 0.000000 0.846670 0.000000 0.532118 0.218404 0.218404 0.218404
1978.085693 0.000000 1911.142944 0.000000 0.997950 0.000000 0.064006 0.224319 0.224319 0.224319
1984.354126 0.000000 1911.952271 0.000000 0.994908 0.000000 0.100789 0.206199 0.206199 0.206199
1998.189453 0.000000 1900.428101 0.000000 0.999991 0.000000 0.004214 0.199972 0.199972 0.199972
1994.048218 0.000000 1909.484741 0.000000 0.889198 0.000000 0.457523 0.217576 0.217576 0.217576
2005.428101 0.000000 1896.332031 0.000000 0.988473 0.000000 0.151396 0.198805 0.198805 0.198805
2011.974365 0.000000 1895.713867 0.000000 0.772517 0.000000 0.634994 0.193559 0.193559 0.193559
2007.538208 0.000000 1900.271240 0.000000 0.997484 0.000000 0.070891 0.199336 0.199336 0.199336
1993.597778 0.000000 1913.859863 0.000000 0.776866 0.000000 0.629666 0.193995 0.193995 0.193995
1987.605225 0.000000 1887.260986 0.000000 0.994235 0.000000 0.107222 0.199061 0.199061 0.199061
2008.763672 0.000000 1894.715576 0.000000 0.855716 0.000000 0.517446 0.198384 0.198384 0.198384
1906.281372 0.000000 1963.537964 0.000000 0.948232 0.000000 0.317578 0.197701 0.197701 0.197701
1919.419312 0.000000 1942.340820 0.000000 0.949304 0.000000 0.314360 0.300543 0.300543 0.300543
1905.044556 0.000000 1969.152710 0.000000 0.895365 0.000000 0.445333 0.253217 0.253217 0.253217
1916.880859 0.000000 1943.698486 0.000000 0.727180 0.000000 0.686446 0.213719 0.213719 0.213719
1918.998657 0.000000 1944.450317 0.000000 0.808169 0.000000 0.588950 0.265706 0.265706 0.265706
1927.693237 0.000000 1952.301270 0.000000 0.989737 0.000000 0.142901 0.198872 0.198872 0.198872
1964.186279 0.000000 1968.177002 0.000000 0.943682 0.000000 0.330854 0.196927 0.196927 0.196927
1946.616821 0.000000 1926.678223 0.000000 0.957839 0.000000 0.287305 0.197272 0.197272 0.197272
1954.074463 0.000000 1925.988525 0.000000 0.895867 0.000000 0.444322 0.195805 0.195805 0.195805
1942.302124 0.000000 1925.522827 0.000000 0.974444 0.000000 0.224632 0.205928 0.205928 0.205928
1923.605225 0.000000 1943.745361 0.000000 0.971564 0.000000 0.236777 0.312693 0.312693 0.312693
1950.227295 0.000000 1925.026123 0.000000 0.919715 0.000000 0.392588 0.196374 0.196374 0.196374
1954.139526 0.000000 1922.195068 0.000000 0.984492 0.000000 0.175431 0.221673 0.221673 0.221673
1923.928833 0.000000 1950.600708 0.000000 0.800835 0.000000 0.598884 0.232903 0.232903 0.232903
1921.897461 0.000000 1943.260254 0.000000 0.887589 0.000000 0.460636 0.330480 0.330480 0.330480
1974.803467 0.000000 1979.019287 0.000000 0.709950 0.000000 0.704252 0.193953 0.193953 0.193953
1961.423462 0.000000 2009.375366 0.000000 0.999999 0.000000 0.001709 0.199989 0.199989 0.199989
1980.270508 0.000000 2025.286987 0.000000 0.982606 0.000000 0.185704 0.198461 0.198461 0.198461
1977.729980 0.000000 2017.742676 0.000000 0.999312 0.000000 0.037099 0.204657 0.204657 0.204657
1965.233887 0.000000 2002.850464 0.000000 0.952715 0.000000 0.303866 0.249259 0.249259 0.249259
1946.840820 0.000000 2003.657471 0.000000 0.927016 0.000000 0.375021 0.248764 0.248764 0.248764
1958.465210 0.000000 2002.050903 0.000000 0.961577 0.000000 0.274537 0.278126 0.278126 0.278126
1981.042114 0.000000 2032.611206 0.000000 0.982617 0.000000 0.185645 0.212870 0.212870 0.212870
1976.851562 0.000000 2008.565552 0.000000 0.817903 0.000000 0.575356 0.194796 0.194796 0.194796
1951.822266 0.000000 2003.014282 0.000000 0.954281 0.000000 0.298912 0.258754 0.258754 0.258754
1978.308594 0.000000 2021.552734 0.000000 0.990635 0.000000 0.136540 0.200336 0.200336 0.200336
1981.449707 0.000000 1986.439331 0.000000 0.749045 0.000000 0.662519 0.193220 0.193220 0.193220
1979.742432 0.000000 2014.630127 0.000000 0.996902 0.000000 0.078660 0.199263 0.199263 0.199263
1960.507935 0.000000 2001.375488 0.000000 0.933804 0.000000 0.357784 0.246051 0.246051 0.246051
1998.189453 0.000000 2013.396851 0.000000 0.999999 0.000000 0.001520 0.200546 0.200546 0.200546
1993.095337 0.000000 1988.940552 0.000000 0.997697 0.000000 0.067828 0.219840 0.219840 0.219840
1995.936890 0.000000 2009.722534 0.000000 0.967170 0.000000 0.254130 0.212021 0.212021 0.212021
1995.269287 0.000000 1986.283203 0.000000 0.998338 0.000000 0.057631 0.224408 0.224408 0.224408
1990.113892 0.000000 2015.911621 0.000000 0.983566 0.000000 0.180551 0.244280 0.244280 0.244280
1993.975220 0.000000 2014.465210 0.000000 0.734437 0.000000 0.678676 0.256233 0.256233 0.256233
1987.834473 0.000000 2033.440063 0.000000 0.948179 0.000000 0.317737 0.197578 0.197578 0.197578
1984.173096 0.000000 2035.262085 0.000000 0.999993 0.000000 0.003663 0.205004 0.205004 0.205004
4545.278809 0.000000 836.656494 0.000000 0.823375 0.000000 0.567498 0.320128 0.320128 0.320128
4552.816895 0.000000 838.789551 0.000000 0.974880 0.000000 0.222731 0.266887 0.266887 0.266887
4565.138184 0.000000 846.597351 0.000000 0.983459 0.000000 0.181133 0.361214 0.361214 0.361214
4551.451660 0.000000 838.499023 0.000000 0.854428 0.000000 0.519571 0.361808 0.361808 0.361808
4575.430176 0.000000 858.037598 0.000000 0.999571 0.000000 0.029276 0.200278 0.200278 0.200278
4568.196777 0.000000 853.533630 0.000000 0.717717 0.000000 0.696334 0.315963 0.315963 0.315963
4565.078125 0.000000 849.393311 0.000000 0.772833 0.000000 0.634610 0.259532 0.259532 0.259532
4563.355469 0.000000 847.299377 0.000000 0.873890 0.000000 0.486124 0.325384 0.325384 0.325384
4559.355469 0.000000 848.868958 0.000000 0.987528 0.000000 0.157442 0.379396 0.379396 0.379396
4570.827148 0.000000 858.334412 0.000000 0.965179 0.000000 0.261590 0.379781 0.379781 0.379781
6006.755859 0.000000 873.361023 0.000000 0.970647 0.000000 0.240507 0.213263 0.213263 0.213263
6016.315430 0.000000 873.691223 0.000000 0.958157 0.000000 0.286244 0.204166 0.204166 0.204166
6017.602051 0.000000 877.638916 0.000000 0.951863 0.000000 0.306525 0.214536 0.214536 0.214536
4972.084473 0.000000 1273.400024 0.000000 0.995706 0.000000 0.092566 0.312676 0.312676 0.312676
4990.888184 0.000000 1279.281250 0.000000 0.999886 0.000000 0.015099 0.260742 0.260742 0.260742
4965.505371 0.000000 1298.343872 0.000000 0.989362 0.000000 0.145472 0.253613 0.253613 0.253613
4983.657227 0.000000 1283.030029 0.000000 0.997253 0.000000 0.074068 0.311142 0.311142 0.311142
4966.209961 0.000000 1276.156128 0.000000 0.907462 0.000000 0.420133 0.302535 0.302535 0.302535
4973.740723 0.000000 1272.865479 0.000000 0.785286 0.000000 0.619133 0.292267 0.292267 0.292267
4953.114746 0.000000 1296.982666 0.000000 0.995367 0.000000 0.096152 0.371176 0.371176 0.371176
4976.446289 0.000000 1309.971436 0.000000 0.750504 0.000000 0.660866 0.252186 0.252186 0.252186
4979.006836 0.000000 1307.585693 0.000000 0.994333 0.000000 0.106306 0.220433 0.220433 0.220433
4948.109863 0.000000 1310.830322 0.000000 0.922540 0.000000 0.385902 0.308837 0.308837 0.308837
4964.142090 0.000000 1299.235840 0.000000 0.945860 0.000000 0.324576 0.249860 0.249860 0.249860
4961.762695 0.000000 1310.509155 0.000000 0.957960 0.000000 0.286902 0.253807 0.253807 0.253807
4977.127930 0.000000 1300.968506 0.000000 0.821051 0.000000 0.570855 0.287910 0.287910 0.287910
4952.548340 0.000000 1301.197632 0.000000 0.997872 0.000000 0.065207 0.364124 0.364124 0.364124
4962.589355 0.000000 1299.338745 0.000000 0.942957 0.000000 0.332915 0.343971 0.343971 0.343971
4951.747070 0.000000 1299.248779 0.000000 0.875167 0.000000 0.483822 0.361420 0.361420 0.361420
4977.631836 0.000000 1310.319336 0.000000 0.999633 0.000000 0.027096 0.398146 0.398146 0.398146
4985.227051 0.000000 1308.907837 0.000000 0.949968 0.000000 0.312347 0.375732 0.375732 0.375732
4972.707520 0.000000 1313.198242 0.000000 0.861782 0.000000 0.507280 0.359356 0.359356 0.359356
4959.786621 0.000000 1315.229492 0.000000 0.997849 0.000000 0.065551 0.395218 0.395218 0.395218
4981.175781 0.000000 1306.765381 0.000000 0.906611 0.000000 0.421966 0.366722 0.366722 0.366722
4979.870117 0.000000 1300.433838 0.000000 0.896183 0.000000 0.443685 0.364881 0.364881 0.364881
4993.603027 0.000000 1276.609619 0.000000 0.758772 0.000000 0.651357 0.321372 0.321372 0.321372
4992.026367 0.000000 1279.773315 0.000000 0.716253 0.000000 0.697841 0.334003 0.334003 0.334003
4152.634766 0.000000 1730.319824 0.000000 0.948825 0.000000 0.315801 0.242754 0.242754 0.242754
4151.657227 0.000000 1734.905029 0.000000 0.808205 0.000000 0.588902 0.294530 0.294530 0.294530
4134.151855 0.000000 1734.855103 0.000000 0.953241 0.000000 0.302211 0.330466 0.330466 0.330466
4136.328125 0.000000 1735.277954 0.000000 0.951085 0.000000 0.308930 0.376007 0.376007 0.376007
4180.862305 0.000000 1743.198242 0.000000 0.975134 0.000000 0.221616 0.316410 0.316410 0.316410
4185.450195 0.000000 1742.228027 0.000000 0.919590 0.000000 0.392880 0.263606 0.263606 0.263606
4223.035645 0.000000 1736.139404 0.000000 0.833379 0.000000 0.552702 0.241745 0.241745 0.241745
4254.427246 0.000000 1732.818481 0.000000 0.854163 0.000000 0.520005 0.313419 0.313419 0.313419
4227.614258 0.000000 1737.110229 0.000000 0.774952 0.000000 0.632020 0.354737 0.354737 0.354737
4510.600098 0.000000 1744.234863 0.000000 0.963646 0.000000 0.267181 0.201168 0.201168 0.201168
4530.714844 0.000000 1745.004150 0.000000 0.999598 0.000000 0.028347 0.225930 0.225930 0.225930
4525.109375 0.000000 1745.939087 0.000000 0.842227 0.000000 0.539123 0.363325 0.363325 0.363325
4550.827637 0.000000 1750.530151 0.000000 0.977481 0.000000 0.211023 0.242639 0.242639 0.242639
4557.842285 0.000000 1746.009033 0.000000 0.939110 0.000000 0.343616 0.293420 0.293420 0.293420
4573.699219 0.000000 1750.134766 0.000000 0.999529 0.000000 0.030698 0.364807 0.364807 0.364807
4555.079590 0.000000 1750.330322 0.000000 0.894779 0.000000 0.446510 0.364640 0.364640 0.364640
4556.208496 0.000000 1748.631958 0.000000 0.829554 0.000000 0.558426 0.354737 0.354737 0.354737
4530.757324 0.000000 1752.363770 0.000000 0.762360 0.000000 0.647153 0.281099 0.281099 0.281099
4522.488281 0.000000 1752.263794 0.000000 0.771310 0.000000 0.636460 0.355254 0.355254 0.355254
4528.982910 0.000000 1754.446655 0.000000 0.894161 0.000000 0.447745 0.331159 0.331159 0.331159
4517.476562 0.000000 1753.136475 0.000000 0.988683 0.000000 0.150017 0.388496 0.388496 0.388496
4548.386230 0.000000 1761.432617 0.000000 0.737642 0.000000 0.675192 0.272729 0.272729 0.272729
4570.266113 0.000000 1755.773804 0.000000 0.749133 0.000000 0.662419 0.301704 0.301704 0.301704
4549.604004 0.000000 1756.614624 0.000000 0.987759 0.000000 0.155985 0.389091 0.389091 0.389091
4548.526367 0.000000 1752.086548 0.000000 0.986857 0.000000 0.161598 0.387600 0.387600 0.387600
4847.961914 0.000000 1523.853638 0.000000 0.923385 0.000000 0.383876 0.310897 0.310897 0.310897
4846.877930 0.000000 1522.017212 0.000000 0.770674 0.000000 0.637229 0.299477 0.299477 0.299477
4845.109375 0.000000 1520.001587 0.000000 0.940713 0.000000 0.339204 0.374858 0.374858 0.374858
4861.398438 0.000000 1526.939941 0.000000 0.968752 0.000000 0.248030 0.382604 0.382604 0.382604
4837.115234 0.000000 1525.946167 0.000000 0.906685 0.000000 0.421809 0.366735 0.366735 0.366735
4864.976074 0.000000 1525.598389 0.000000 0.991975 0.000000 0.126437 0.391739 0.391739 0.391739
5049.614258 0.000000 1520.974854 0.000000 0.999944 0.000000 0.010590 0.286543 0.286543 0.286543
5044.392090 0.000000 1516.980469 0.000000 0.978080 0.000000 0.208229 0.289525 0.289525 0.289525
5044.752441 0.000000 1514.991089 0.000000 0.804931 0.000000 0.593369 0.270259 0.270259 0.270259
5040.736816 0.000000 1515.280640 0.000000 0.780555 0.000000 0.625087 0.277440 0.277440 0.277440
5045.913086 0.000000 1516.267700 0.000000 0.999411 0.000000 0.034312 0.294772 0.294772 0.294772
5067.577637 0.000000 1512.614868 0.000000 0.788581 0.000000 0.614931 0.334038 0.334038 0.334038
5079.245605 0.000000 1524.254272 0.000000 0.929888 0.000000 0.367842 0.264262 0.264262 0.264262
5092.590332 0.000000 1535.084839 0.000000 0.908269 0.000000 0.418388 0.196174 0.196174 0.196174
5080.982910 0.000000 1528.952026 0.000000 0.867041 0.000000 0.498237 0.291728 0.291728 0.291728
5079.051758 0.000000 1528.125977 0.000000 0.799921 0.000000 0.600106 0.256847 0.256847 0.256847
5103.143066 0.000000 1550.755615 0.000000 0.822554 0.000000 0.568687 0.260645 0.260645 0.260645
5101.502441 0.000000 1547.438965 0.000000 0.907927 0.000000 0.419129 0.351743 0.351743 0.351743
4644.762207 0.000000 1603.067627 0.000000 0.996057 0.000000 0.088711 0.360730 0.360730 0.360730
4642.022949 0.000000 1603.598267 0.000000 0.786023 0.000000 0.618197 0.331233 0.331233 0.331233
4633.662598 0.000000 1604.357788 0.000000 0.921801 0.000000 0.387663 0.342032 0.342032 0.342032
4669.523438 0.000000 1595.147949 0.000000 0.970274 0.000000 0.242009 0.319763 0.319763 0.319763
4633.165527 0.000000 1605.761108 0.000000 0.962704 0.000000 0.270556 0.348228 0.348228 0.348228
4642.155762 0.000000 1601.115479 0.000000 0.953314 0.000000 0.301982 0.376718 0.376718 0.376718
4684.396484 0.000000 1594.070312 0.000000 0.969447 0.000000 0.245299 0.219624 0.219624 0.219624
4699.921387 0.000000 1597.518188 0.000000 0.994849 0.000000 0.101368 0.227094 0.227094 0.227094
4692.471191 0.000000 1603.388062 0.000000 0.846098 0.000000 0.533028 0.325650 0.325650 0.325650
4696.050781 0.000000 1599.275513 0.000000 0.843891 0.000000 0.536515 0.273137 0.273137 0.273137
4703.070801 0.000000 1602.219727 0.000000 0.880459 0.000000 0.474123 0.342829 0.342829 0.342829
4695.490234 0.000000 1604.586914 0.000000 0.962985 0.000000 0.269556 0.381671 0.381671 0.381671
4818.112793 0.000000 1607.754150 0.000000 0.836278 0.000000 0.548305 0.272742 0.272742 0.272742
5182.888184 0.000000 1166.312500 0.000000 0.995724 0.000000 0.092383 0.340993 0.340993 0.340993
5183.545410 0.000000 1161.646606 0.000000 0.869818 0.000000 0.493373 0.278432 0.278432 0.278432
5172.417969 0.000000 1160.012573 0.000000 0.964224 0.000000 0.265091 0.263743 0.263743 0.263743
5183.537598 0.000000 1159.953857 0.000000 0.996735 0.000000 0.080744 0.295573 0.295573 0.295573
5168.071777 0.000000 1153.447144 0.000000 0.846213 0.000000 0.532845 0.341980 0.341980 0.341980
5172.879395 0.000000 1151.685913 0.000000 0.825115 0.000000 0.564965 0.356582 0.356582 0.356582
5236.600586 0.000000 1152.901367 0.000000 0.999825 0.000000 0.018725 0.224949 0.224949 0.224949
5198.189453 0.000000 1166.131226 0.000000 0.989521 0.000000 0.144388 0.297925 0.297925 0.297925
5184.290527 0.000000 1164.052612 0.000000 0.900674 0.000000 0.434495 0.196577 0.196577 0.196577
5222.465332 0.000000 1154.785278 0.000000 0.735007 0.000000 0.678060 0.267198 0.267198 0.267198
5193.424316 0.000000 1157.561279 0.000000 0.999994 0.000000 0.003539 0.199967 0.199967 0.199967
5213.565918 0.000000 1172.986206 0.000000 0.904619 0.000000 0.426221 0.230354 0.230354 0.230354
5188.219238 0.000000 1162.321655 0.000000 0.936010 0.000000 0.351972 0.220205 0.220205 0.220205
5196.424805 0.000000 1148.107300 0.000000 0.800164 0.000000 0.599781 0.232883 0.232883 0.232883
5198.569336 0.000000 1163.456299 0.000000 0.809676 0.000000 0.586878 0.228285 0.228285 0.228285
5203.150879 0.000000 1163.449097 0.000000 0.980381 0.000000 0.197111 0.241823 0.241823 0.241823
5186.422852 0.000000 1158.087158 0.000000 0.720958 0.000000 0.692979 0.267527 0.267527 0.267527
5236.288574 0.000000 1150.517578 0.000000 0.982783 0.000000 0.184763 0.257098 0.257098 0.257098
5236.948730 0.000000 1156.413574 0.000000 0.968850 0.000000 0.247650 0.284127 0.284127 0.284127
5193.040527 0.000000 1171.212036 0.000000 0.901285 0.000000 0.433226 0.276464 0.276464 0.276464
5237.498535 0.000000 1167.163696 0.000000 0.910931 0.000000 0.412559 0.271112 0.271112 0.271112
5188.483398 0.000000 1164.117310 0.000000 0.934064 0.000000 0.357106 0.326916 0.326916 0.326916
5186.931152 0.000000 1161.162231 0.000000 0.844586 0.000000 0.535420 0.341818 0.341818 0.341818
5203.123535 0.000000 1152.376831 0.000000 0.956345 0.000000 0.292240 0.369168 0.369168 0.369168
5236.736328 0.000000 1154.538574 0.000000 0.969982 0.000000 0.243177 0.383810 0.383810 0.383810
5243.392090 0.000000 1156.755371 0.000000 0.880535 0.000000 0.473982 0.362276 0.362276 0.362276
5202.772461 0.000000 1154.366943 0.000000 0.786920 0.000000 0.617055 0.349364 0.349364 0.349364
5204.287598 0.000000 1150.352295 0.000000 0.997756 0.000000 0.066952 0.394881 0.394881 0.394881
5208.585449 0.000000 1154.906250 0.000000 0.996936 0.000000 0.078216 0.394019 0.394019 0.394019
6042.616699 0.000000 909.959412 0.000000 0.870262 0.000000 0.492589 0.195499 0.195499 0.195499
6311.866699 0.000000 324.125427 0.000000 0.951175 0.000000 0.308652 0.288467 0.288467 0.288467
6324.885254 0.000000 334.172974 0.000000 0.760119 0.000000 0.649784 0.194173 0.194173 0.194173
6304.909180 0.000000 324.665192 0.000000 0.833937 0.000000 0.551859 0.205043 0.205043 0.205043
6333.041992 0.000000 338.080017 0.000000 0.951647 0.000000 0.307195 0.238736 0.238736 0.238736
6323.521484 0.000000 310.430725 0.000000 0.968863 0.000000 0.247597 0.229196 0.229196 0.229196
6285.646484 0.000000 323.168121 0.000000 0.972378 0.000000 0.233412 0.268738 0.268738 0.268738
6321.158691 0.000000 317.050232 0.000000 0.958250 0.000000 0.285930 0.245439 0.245439 0.245439
6308.176270 0.000000 326.441467 0.000000 0.710913 0.000000 0.703279 0.246257 0.246257 0.246257
6320.763672 0.000000 322.228333 0.000000 0.953298 0.000000 0.302031 0.205051 0.205051 0.205051
6285.152832 0.000000 327.652924 0.000000 0.999596 0.000000 0.028438 0.291612 0.291612 0.291612
6313.246582 0.000000 330.733643 0.000000 0.776897 0.000000 0.629628 0.203933 0.203933 0.203933
6287.784668 0.000000 324.244537 0.000000 0.855841 0.000000 0.517238 0.254362 0.254362 0.254362
6309.593262 0.000000 324.632538 0.000000 0.983904 0.000000 0.178700 0.317019 0.317019 0.317019
6283.567871 0.000000 322.575226 0.000000 0.947654 0.000000 0.319301 0.244770 0.244770 0.244770
6318.922852 0.000000 317.743195 0.000000 0.911398 0.000000 0.411526 0.243892 0.243892 0.243892
6310.151855 0.000000 322.745697 0.000000 0.956881 0.000000 0.290482 0.276636 0.276636 0.276636
6308.653320 0.000000 320.686737 0.000000 0.876024 0.000000 0.482267 0.280747 0.280747 0.280747
6350.189453 0.000000 318.865631 0.000000 0.943258 0.000000 0.332062 0.218400 0.218400 0.218400
6346.048340 0.000000 327.922180 0.000000 0.900457 0.000000 0.434945 0.218948 0.218948 0.218948
6349.883301 0.000000 330.918091 0.000000 0.986285 0.000000 0.165051 0.204413 0.204413 0.204413
6349.646484 0.000000 323.168121 0.000000 0.879197 0.000000 0.476459 0.277050 0.277050 0.277050
6345.889160 0.000000 337.686890 0.000000 0.865396 0.000000 0.501089 0.246897 0.246897 0.246897
6342.113770 0.000000 321.380371 0.000000 0.998916 0.000000 0.046559 0.211229 0.211229 0.211229
6347.713867 0.000000 320.425018 0.000000 0.823648 0.000000 0.567101 0.256862 0.256862 0.256862
6351.784668 0.000000 324.244537 0.000000 0.991699 0.000000 0.128584 0.262661 0.262661 0.262661
6349.897461 0.000000 325.529816 0.000000 0.770613 0.000000 0.637304 0.254777 0.254777 0.254777
6260.449707 0.000000 428.151123 0.000000 0.847260 0.000000 0.531179 0.195177 0.195177 0.195177
6255.844727 0.000000 402.501068 0.000000 0.799557 0.000000 0.600590 0.258726 0.258726 0.258726
6221.066406 0.000000 448.606812 0.000000 0.768809 0.000000 0.639478 0.194111 0.194111 0.194111
6221.883301 0.000000 443.886841 0.000000 1.000000 0.000000 0.000661 0.199994 0.199994 0.199994
6307.530762 0.000000 389.494781 0.000000 0.807244 0.000000 0.590218 0.195272 0.195272 0.195272
6314.581543 0.000000 357.711060 0.000000 0.995952 0.000000 0.089891 0.205213 0.205213 0.205213
6317.233887 0.000000 364.803528 0.000000 0.918533 0.000000 0.395345 0.196905 0.196905 0.196905
6330.165039 0.000000 361.456940 0.000000 0.984937 0.000000 0.172915 0.287393 0.287393 0.287393
6330.875000 0.000000 339.060730 0.000000 0.951128 0.000000 0.308798 0.244981 0.244981 0.244981
6275.856934 0.000000 388.978210 0.000000 0.725836 0.000000 0.687867 0.228009 0.228009 0.228009
6329.786621 0.000000 343.431061 0.000000 0.808553 0.000000 0.588424 0.208520 0.208520 0.208520
6332.365723 0.000000 341.633911 0.000000 0.958999 0.000000 0.283408 0.237069 0.237069 0.237069
6332.880859 0.000000 362.135956 0.000000 0.862503 0.000000 0.506052 0.272206 0.272206 0.272206
6335.940430 0.000000 358.355743 0.000000 0.807740 0.000000 0.589539 0.282521 0.282521 0.282521
6333.359375 0.000000 359.979797 0.000000 0.960858 0.000000 0.277042 0.281175 0.281175 0.281175
6324.948730 0.000000 365.632324 0.000000 0.898108 0.000000 0.439774 0.267336 0.267336 0.267336
6325.040527 0.000000 367.553711 0.000000 0.985847 0.000000 0.167645 0.293970 0.293970 0.293970
6373.993652 0.000000 368.469604 0.000000 0.997390 0.000000 0.072201 0.199323 0.199323 0.199323
6336.173340 0.000000 340.730896 0.000000 0.972599 0.000000 0.232490 0.201532 0.201532 0.201532
6341.963867 0.000000 359.605255 0.000000 0.945401 0.000000 0.325911 0.240472 0.240472 0.240472
6372.675781 0.000000 371.748322 0.000000 0.976689 0.000000 0.214660 0.239362 0.239362 0.239362
6374.737793 0.000000 377.384125 0.000000 0.789623 0.000000 0.613593 0.236433 0.236433 0.236433
6339.661133 0.000000 359.979797 0.000000 0.999933 0.000000 0.011532 0.263053 0.263053 0.263053
6290.736816 0.000000 445.511658 0.000000 0.908122 0.000000 0.418705 0.216106 0.216106 0.216106
6304.264648 0.000000 417.259155 0.000000 0.784291 0.000000 0.620393 0.193735 0.193735 0.193735
6317.901367 0.000000 396.345062 0.000000 0.942454 0.000000 0.334336 0.235105 0.235105 0.235105
6335.419434 0.000000 417.262695 0.000000 0.750936 0.000000 0.660375 0.204451 0.204451 0.204451
6329.729980 0.000000 436.180145 0.000000 0.958249 0.000000 0.285935 0.215872 0.215872 0.215872
6297.924805 0.000000 448.631104 0.000000 0.756672 0.000000 0.653795 0.194485 0.194485 0.194485
6286.124512 0.000000 424.399445 0.000000 0.839250 0.000000 0.543745 0.247819 0.247819 0.247819
6310.465332 0.000000 420.488373 0.000000 0.750618 0.000000 0.660736 0.203465 0.203465 0.203465
6273.476562 0.000000 401.849304 0.000000 0.735808 0.000000 0.677190 0.194428 0.194428 0.194428
6286.146973 0.000000 417.244110 0.000000 0.998776 0.000000 0.049467 0.199574 0.199574 0.199574
6288.020996 0.000000 439.618896 0.000000 0.993117 0.000000 0.117125 0.210415 0.210415 0.210415
6317.060059 0.000000 437.782410 0.000000 0.877048 0.000000 0.480403 0.196059 0.196059 0.196059
6314.133789 0.000000 399.527954 0.000000 0.933121 0.000000 0.359561 0.196694 0.196694 0.196694
6288.913574 0.000000 427.960724 0.000000 0.910565 0.000000 0.413365 0.230585 0.230585 0.230585
6289.114746 0.000000 449.950470 0.000000 0.998882 0.000000 0.047276 0.260055 0.260055 0.260055
6318.165527 0.000000 412.932861 0.000000 0.993663 0.000000 0.112401 0.210469 0.210469 0.210469
6289.983398 0.000000 416.758881 0.000000 0.967138 0.000000 0.254251 0.216296 0.216296 0.216296
6317.457031 0.000000 399.604156 0.000000 0.731847 0.000000 0.681469 0.209948 0.209948 0.209948
6289.116211 0.000000 442.638123 0.000000 0.956872 0.000000 0.290510 0.215810 0.215810 0.215810
6293.436035 0.000000 446.688568 0.000000 0.921354 0.000000 0.388726 0.214464 0.214464 0.214464
6284.244629 0.000000 446.007263 0.000000 0.758799 0.000000 0.651325 0.252479 0.252479 0.252479
6310.885742 0.000000 439.552338 0.000000 0.935326 0.000000 0.353786 0.235790 0.235790 0.235790
6319.681152 0.000000 398.292450 0.000000 0.990408 0.000000 0.138176 0.217822 0.217822 0.217822
6288.434082 0.000000 425.451782 0.000000 0.930748 0.000000 0.365662 0.268393 0.268393 0.268393
6288.003418 0.000000 422.693298 0.000000 0.963771 0.000000 0.266730 0.278348 0.278348 0.278348
6288.326660 0.000000 418.057587 0.000000 0.816839 0.000000 0.576865 0.254666 0.254666 0.254666
6336.290527 0.000000 429.755768 0.000000 0.838767 0.000000 0.544490 0.194681 0.194681 0.194681
6358.797363 0.000000 396.365265 0.000000 0.979568 0.000000 0.201113 0.198559 0.198559 0.198559
6350.124512 0.000000 424.399445 0.000000 0.976880 0.000000 0.213790 0.203889 0.203889 0.203889
6345.095215 0.000000 407.378052 0.000000 0.979135 0.000000 0.203213 0.220207 0.220207 0.220207
6337.469238 0.000000 449.938721 0.000000 0.954750 0.000000 0.297408 0.204040 0.204040 0.204040
6359.427734 0.000000 444.386017 0.000000 0.928101 0.000000 0.372328 0.204235 0.204235 0.204235
6346.276367 0.000000 415.998047 0.000000 0.880283 0.000000 0.474449 0.206080 0.206080 0.206080
6359.759277 0.000000 439.516418 0.000000 0.993952 0.000000 0.109817 0.215994 0.215994 0.215994
6354.867188 0.000000 438.354553 0.000000 0.803238 0.000000 0.595658 0.225174 0.225174 0.225174
6338.892090 0.000000 433.591919 0.000000 0.797720 0.000000 0.603028 0.223073 0.223073 0.223073
6339.898438 0.000000 448.147278 0.000000 0.888309 0.000000 0.459245 0.215506 0.215506 0.215506
6338.854492 0.000000 442.937561 0.000000 0.746496 0.000000 0.665390 0.228528 0.228528 0.228528
6363.828125 0.000000 399.429810 0.000000 0.923405 0.000000 0.383828 0.244477 0.244477 0.244477
6337.798828 0.000000 445.329681 0.000000 0.733004 0.000000 0.680224 0.237623 0.237623 0.237623
6342.483887 0.000000 414.323059 0.000000 0.771400 0.000000 0.636350 0.305720 0.305720 0.305720
6260.600586 0.000000 475.088806 0.000000 0.764172 0.000000 0.645012 0.218370 0.218370 0.218370
6239.430176 0.000000 462.646942 0.000000 0.922752 0.000000 0.385394 0.197086 0.197086 0.197086
6242.074219 0.000000 457.394775 0.000000 0.923212 0.000000 0.384291 0.235225 0.235225 0.235225
6255.365234 0.000000 482.678650 0.000000 0.999968 0.000000 0.007954 0.201603 0.201603 0.201603
6264.634766 0.000000 487.663605 0.000000 0.976976 0.000000 0.213348 0.285140 0.285140 0.285140
6258.335449 0.000000 472.768036 0.000000 0.807968 0.000000 0.589227 0.222356 0.222356 0.222356
6241.860352 0.000000 460.616180 0.000000 0.933430 0.000000 0.358760 0.218016 0.218016 0.218016
6258.278320 0.000000 482.583923 0.000000 0.986976 0.000000 0.160867 0.248974 0.248974 0.248974
6244.193359 0.000000 459.334015 0.000000 0.842148 0.000000 0.539247 0.211264 0.211264 0.211264
6256.749512 0.000000 474.482635 0.000000 0.782817 0.000000 0.622253 0.231417 0.231417 0.231417
6262.375000 0.000000 483.424713 0.000000 0.966652 0.000000 0.256094 0.295347 0.295347 0.295347
6313.423340 0.000000 484.297211 0.000000 0.930153 0.000000 0.367173 0.197989 0.197989 0.197989
6272.290527 0.000000 486.240143 0.000000 0.934862 0.000000 0.355011 0.197508 0.197508 0.197508
6281.437988 0.000000 452.692688 0.000000 0.911393 0.000000 0.411536 0.196717 0.196717 0.196717
6317.060059 0.000000 494.266785 0.000000 0.998125 0.000000 0.061215 0.223250 0.223250 0.223250
6323.720703 0.000000 489.746765 0.000000 0.764694 0.000000 0.644393 0.194318 0.194318 0.194318
6313.605957 0.000000 489.356506 0.000000 0.768891 0.000000 0.639380 0.211650 0.211650 0.211650
6290.974121 0.000000 453.277924 0.000000 0.921125 0.000000 0.389266 0.216534 0.216534 0.216534
6320.763672 0.000000 491.681458 0.000000 0.750406 0.000000 0.660977 0.250321 0.250321 0.250321
6322.335449 0.000000 472.768036 0.000000 0.861344 0.000000 0.508022 0.205637 0.205637 0.205637
6284.406250 0.000000 452.823303 0.000000 0.764068 0.000000 0.645136 0.208615 0.208615 0.208615
6325.008789 0.000000 496.096863 0.000000 0.918719 0.000000 0.394913 0.209180 0.209180 0.209180
6287.844238 0.000000 455.002167 0.000000 0.937152 0.000000 0.348922 0.215016 0.215016 0.215016
6326.928223 0.000000 468.760071 0.000000 0.858540 0.000000 0.512747 0.273922 0.273922 0.273922
6335.940430 0.000000 471.324493 0.000000 0.961873 0.000000 0.273497 0.249897 0.249897 0.249897
6331.596680 0.000000 468.401428 0.000000 0.997394 0.000000 0.072149 0.293639 0.293639 0.293639
6329.532715 0.000000 466.849609 0.000000 0.999130 0.000000 0.041702 0.284576 0.284576 0.284576
6321.177734 0.000000 493.488220 0.000000 0.964584 0.000000 0.263774 0.263775 0.263775 0.263775
6319.226074 0.000000 492.819183 0.000000 0.965738 0.000000 0.259521 0.284818 0.284818 0.284818
6351.347656 0.000000 452.159058 0.000000 0.802325 0.000000 0.596887 0.201415 0.201415 0.201415
"}
object={
	name="baobab_generator_2_2"
	clamp_to_water_level=no
	render_under_water=no
	generated_content=yes
	layer="semidynamic_medium"
	pdxmesh="tree_baobab_03_mesh"
	count=729
	transform="1069.901245 0.000000 1469.548218 0.000000 0.987890 0.000000 -0.155154 0.201089 0.201089 0.201089
1081.426636 0.000000 1485.992676 0.000000 0.860429 0.000000 -0.509571 0.215467 0.215467 0.215467
1061.084961 0.000000 1483.391357 0.000000 0.905614 0.000000 -0.424103 0.308897 0.308897 0.308897
1071.844604 0.000000 1475.704224 0.000000 0.925359 0.000000 -0.379093 0.203640 0.203640 0.203640
1061.443237 0.000000 1488.395752 0.000000 0.804056 0.000000 -0.594553 0.297885 0.297885 0.297885
1082.165039 0.000000 1491.144409 0.000000 0.963335 0.000000 -0.268300 0.289533 0.289533 0.289533
1080.851562 0.000000 1500.206177 0.000000 0.971403 0.000000 -0.237438 0.232060 0.232060 0.232060
1069.456909 0.000000 1472.807251 0.000000 0.822314 0.000000 -0.569035 0.219963 0.219963 0.219963
1083.669312 0.000000 1488.298584 0.000000 0.751267 0.000000 -0.659999 0.293487 0.293487 0.293487
1082.989014 0.000000 1502.227783 0.000000 0.720230 0.000000 -0.693736 0.252626 0.252626 0.252626
1083.206421 0.000000 1498.574463 0.000000 0.929611 0.000000 -0.368542 0.315730 0.315730 0.315730
1083.649170 0.000000 1490.106445 0.000000 0.944760 0.000000 -0.327764 0.291180 0.291180 0.291180
1134.271362 0.000000 1505.882202 0.000000 0.987156 0.000000 -0.159761 0.233216 0.233216 0.233216
1127.675415 0.000000 1523.367676 0.000000 0.996564 0.000000 -0.082828 0.263976 0.263976 0.263976
1133.059937 0.000000 1510.985596 0.000000 0.896596 0.000000 -0.442849 0.204123 0.204123 0.204123
1089.602173 0.000000 1498.967041 0.000000 0.979810 0.000000 -0.199932 0.212920 0.212920 0.212920
1100.652466 0.000000 1494.020630 0.000000 0.904451 0.000000 -0.426578 0.226496 0.226496 0.226496
1141.811401 0.000000 1509.892822 0.000000 0.924504 0.000000 -0.381173 0.224646 0.224646 0.224646
1132.877319 0.000000 1502.380737 0.000000 0.914552 0.000000 -0.404469 0.247971 0.247971 0.247971
1135.152222 0.000000 1514.064453 0.000000 0.984177 0.000000 -0.177190 0.214968 0.214968 0.214968
1143.010986 0.000000 1523.546631 0.000000 0.877637 0.000000 -0.479326 0.264261 0.264261 0.264261
1136.763550 0.000000 1508.400146 0.000000 0.801180 0.000000 -0.598423 0.263241 0.263241 0.263241
1105.983643 0.000000 1489.962036 0.000000 0.789001 0.000000 -0.614392 0.233158 0.233158 0.233158
1137.605835 0.000000 1521.447632 0.000000 0.999642 0.000000 -0.026748 0.213198 0.213198 0.213198
1143.033203 0.000000 1507.041626 0.000000 0.770820 0.000000 -0.637053 0.214699 0.214699 0.214699
1141.610352 0.000000 1504.086548 0.000000 0.727247 0.000000 -0.686376 0.230629 0.230629 0.230629
1130.622314 0.000000 1522.618774 0.000000 0.772410 0.000000 -0.635124 0.253867 0.253867 0.253867
1107.875488 0.000000 1484.042603 0.000000 0.891691 0.000000 -0.452644 0.231747 0.231747 0.231747
1134.922729 0.000000 1503.915039 0.000000 0.994959 0.000000 -0.100279 0.251755 0.251755 0.251755
1102.853149 0.000000 1485.495483 0.000000 0.956491 0.000000 -0.291761 0.290179 0.290179 0.290179
1108.950073 0.000000 1534.247314 0.000000 0.874307 0.000000 -0.485373 0.204175 0.204175 0.204175
1142.803467 0.000000 1527.144287 0.000000 0.997753 0.000000 -0.067000 0.218204 0.218204 0.218204
1127.866577 0.000000 1566.781738 0.000000 0.998935 0.000000 -0.046130 0.213425 0.213425 0.213425
1151.419312 0.000000 1546.950195 0.000000 0.999751 0.000000 -0.022302 0.200189 0.200189 0.200189
1126.270874 0.000000 1526.485107 0.000000 0.916557 0.000000 -0.399904 0.212898 0.212898 0.212898
1132.186279 0.000000 1572.786377 0.000000 0.714868 0.000000 -0.699259 0.205800 0.205800 0.205800
1134.271362 0.000000 1562.366577 0.000000 0.969564 0.000000 -0.244836 0.258069 0.258069 0.258069
1114.616821 0.000000 1531.287598 0.000000 0.963998 0.000000 -0.265911 0.220726 0.220726 0.220726
1097.095337 0.000000 1537.065552 0.000000 0.877874 0.000000 -0.478891 0.204738 0.204738 0.204738
1118.773926 0.000000 1541.549805 0.000000 0.914797 0.000000 -0.403914 0.203218 0.203218 0.203218
1126.720825 0.000000 1571.812744 0.000000 0.951377 0.000000 -0.308030 0.235504 0.235504 0.235504
1113.550537 0.000000 1536.679565 0.000000 0.828540 0.000000 -0.559929 0.214897 0.214897 0.214897
1124.590088 0.000000 1535.084839 0.000000 0.993109 0.000000 -0.117198 0.211972 0.211972 0.211972
1129.606079 0.000000 1562.559570 0.000000 0.999730 0.000000 -0.023236 0.200784 0.200784 0.200784
1144.851562 0.000000 1556.690552 0.000000 0.929469 0.000000 -0.368900 0.231668 0.231668 0.231668
1143.430908 0.000000 1538.955200 0.000000 0.993455 0.000000 -0.114226 0.201072 0.201072 0.201072
1147.875732 0.000000 1539.284302 0.000000 0.988463 0.000000 -0.151464 0.259675 0.259675 0.259675
1141.811401 0.000000 1566.377197 0.000000 0.927268 0.000000 -0.374397 0.205448 0.205448 0.205448
1149.449707 0.000000 1534.564331 0.000000 0.745343 0.000000 -0.666682 0.220156 0.220156 0.220156
1135.152222 0.000000 1570.548828 0.000000 0.956435 0.000000 -0.291945 0.241179 0.241179 0.241179
1116.682983 0.000000 1538.512085 0.000000 0.899301 0.000000 -0.437330 0.220596 0.220596 0.220596
1121.860474 0.000000 1533.819336 0.000000 0.882644 0.000000 -0.470043 0.326952 0.326952 0.326952
1140.340698 0.000000 1525.414185 0.000000 0.849600 0.000000 -0.527428 0.241619 0.241619 0.241619
1124.294800 0.000000 1528.734863 0.000000 0.936719 0.000000 -0.350081 0.220639 0.220639 0.220639
1135.560791 0.000000 1567.841797 0.000000 0.983870 0.000000 -0.178883 0.255582 0.255582 0.255582
1139.473267 0.000000 1565.456055 0.000000 0.715423 0.000000 -0.698692 0.281533 0.281533 0.281533
1117.269653 0.000000 1527.237549 0.000000 0.986825 0.000000 -0.161790 0.248290 0.248290 0.248290
1121.762817 0.000000 1536.446655 0.000000 0.999944 0.000000 -0.010547 0.273645 0.273645 0.273645
1139.339844 0.000000 1560.367432 0.000000 0.812350 0.000000 -0.583170 0.261609 0.261609 0.261609
1144.713501 0.000000 1554.501099 0.000000 0.709655 0.000000 -0.704549 0.259387 0.259387 0.259387
1142.374756 0.000000 1556.627808 0.000000 0.841473 0.000000 -0.540299 0.282128 0.282128 0.282128
1140.417847 0.000000 1555.403198 0.000000 0.904856 0.000000 -0.425719 0.270451 0.270451 0.270451
1136.863892 0.000000 1569.554077 0.000000 0.969021 0.000000 -0.246979 0.291332 0.291332 0.291332
1120.125000 0.000000 1534.220215 0.000000 0.809036 0.000000 -0.587760 0.325078 0.325078 0.325078
1118.455078 0.000000 1531.156616 0.000000 0.951212 0.000000 -0.308538 0.330768 0.330768 0.330768
1204.449829 0.000000 1501.354248 0.000000 0.823010 0.000000 -0.568027 0.204148 0.204148 0.204148
1193.396362 0.000000 1482.352661 0.000000 0.963090 0.000000 -0.269181 0.227825 0.227825 0.227825
1191.443970 0.000000 1479.883179 0.000000 0.720783 0.000000 -0.693161 0.316009 0.316009 0.316009
1194.549194 0.000000 1479.705078 0.000000 0.762002 0.000000 -0.647574 0.228683 0.228683 0.228683
1187.895264 0.000000 1481.107422 0.000000 0.799101 0.000000 -0.601197 0.274832 0.274832 0.274832
1188.193237 0.000000 1476.052734 0.000000 0.850286 0.000000 -0.526321 0.299559 0.299559 0.299559
1191.451416 0.000000 1483.589233 0.000000 0.951614 0.000000 -0.307296 0.266532 0.266532 0.266532
1190.302734 0.000000 1481.660400 0.000000 0.999284 0.000000 -0.037827 0.296930 0.296930 0.296930
1257.206665 0.000000 1477.137451 0.000000 0.911714 0.000000 -0.410826 0.203118 0.203118 0.203118
1258.581665 0.000000 1487.398560 0.000000 0.762282 0.000000 -0.647245 0.205800 0.205800 0.205800
1249.639404 0.000000 1498.631348 0.000000 0.730405 0.000000 -0.683015 0.244646 0.244646 0.244646
1253.993652 0.000000 1498.157104 0.000000 0.749937 0.000000 -0.661510 0.207527 0.207527 0.207527
1233.114990 0.000000 1523.153564 0.000000 0.924353 0.000000 -0.381539 0.203421 0.203421 0.203421
1216.390503 0.000000 1512.143921 0.000000 0.965670 0.000000 -0.259773 0.202395 0.202395 0.202395
1264.887695 0.000000 1493.469238 0.000000 0.826484 0.000000 -0.562960 0.207552 0.207552 0.207552
1262.165649 0.000000 1486.135986 0.000000 0.999813 0.000000 -0.019328 0.211987 0.211987 0.211987
1255.553711 0.000000 1485.796021 0.000000 0.748560 0.000000 -0.663067 0.225150 0.225150 0.225150
1274.107300 0.000000 1523.794189 0.000000 0.999786 0.000000 -0.020687 0.263758 0.263758 0.263758
1226.423096 0.000000 1492.341309 0.000000 0.791674 0.000000 -0.610944 0.277671 0.277671 0.277671
1227.910645 0.000000 1496.276733 0.000000 0.777547 0.000000 -0.628825 0.258844 0.258844 0.258844
1251.886841 0.000000 1499.218262 0.000000 0.999967 0.000000 -0.008188 0.242158 0.242158 0.242158
1221.188354 0.000000 1511.333862 0.000000 0.728398 0.000000 -0.685154 0.268014 0.268014 0.268014
1274.542236 0.000000 1517.764771 0.000000 0.962774 0.000000 -0.270309 0.278827 0.278827 0.278827
1213.734009 0.000000 1559.288330 0.000000 0.821517 0.000000 -0.570184 0.224940 0.224940 0.224940
1204.449829 0.000000 1557.838623 0.000000 0.949607 0.000000 -0.313444 0.202706 0.202706 0.202706
1191.866577 0.000000 1566.781738 0.000000 0.912950 0.000000 -0.408071 0.238322 0.238322 0.238322
1185.639404 0.000000 1555.115723 0.000000 0.713002 0.000000 -0.701162 0.273700 0.273700 0.273700
1209.729980 0.000000 1565.867676 0.000000 0.867701 0.000000 -0.497086 0.330571 0.330571 0.330571
1184.909058 0.000000 1567.321411 0.000000 0.948271 0.000000 -0.317462 0.296954 0.296954 0.296954
1188.050049 0.000000 1561.367676 0.000000 0.968125 0.000000 -0.250469 0.258183 0.258183 0.258183
1206.872192 0.000000 1571.412476 0.000000 0.733348 0.000000 -0.679853 0.207766 0.207766 0.207766
1203.720459 0.000000 1562.949951 0.000000 0.946998 0.000000 -0.321239 0.226196 0.226196 0.226196
1215.097656 0.000000 1564.467285 0.000000 0.933995 0.000000 -0.357286 0.288344 0.288344 0.288344
1189.993652 0.000000 1554.641479 0.000000 0.970841 0.000000 -0.239723 0.233266 0.233266 0.233266
1152.110718 0.000000 1535.442627 0.000000 0.997673 0.000000 -0.068177 0.209149 0.209149 0.209149
1211.742432 0.000000 1562.755127 0.000000 0.989492 0.000000 -0.144586 0.296648 0.296648 0.296648
1181.536743 0.000000 1565.091309 0.000000 0.985032 0.000000 -0.172374 0.216065 0.216065 0.216065
1207.033203 0.000000 1563.526001 0.000000 0.726673 0.000000 -0.686984 0.279858 0.279858 0.279858
1182.662720 0.000000 1571.268555 0.000000 0.748957 0.000000 -0.662618 0.249347 0.249347 0.249347
1205.610352 0.000000 1560.570923 0.000000 0.999968 0.000000 -0.007942 0.248887 0.248887 0.248887
1215.545410 0.000000 1557.037231 0.000000 0.995231 0.000000 -0.097545 0.228852 0.228852 0.228852
1212.370483 0.000000 1570.974731 0.000000 0.960296 0.000000 -0.278984 0.280240 0.280240 0.280240
1209.397339 0.000000 1563.228394 0.000000 0.726217 0.000000 -0.687465 0.314435 0.314435 0.314435
1187.886841 0.000000 1555.702637 0.000000 0.908950 0.000000 -0.416906 0.285046 0.285046 0.285046
1203.339844 0.000000 1560.367432 0.000000 0.902814 0.000000 -0.430031 0.248449 0.248449 0.248449
1152.668579 0.000000 1542.848511 0.000000 0.954775 0.000000 -0.297329 0.287923 0.287923 0.287923
1207.657227 0.000000 1565.451904 0.000000 0.902689 0.000000 -0.430294 0.268093 0.268093 0.268093
1213.135376 0.000000 1567.804810 0.000000 0.984069 0.000000 -0.177785 0.366075 0.366075 0.366075
1255.866577 0.000000 1566.781738 0.000000 0.985101 0.000000 -0.171977 0.234560 0.234560 0.234560
1223.693237 0.000000 1556.910645 0.000000 0.999744 0.000000 -0.022642 0.200192 0.200192 0.200192
1261.233887 0.000000 1550.975464 0.000000 0.957451 0.000000 -0.288598 0.202266 0.202266 0.202266
1230.716187 0.000000 1534.811768 0.000000 0.904916 0.000000 -0.425590 0.203512 0.203512 0.203512
1225.095337 0.000000 1537.065552 0.000000 0.991134 0.000000 -0.132869 0.225916 0.225916 0.225916
1225.437988 0.000000 1525.895752 0.000000 0.959668 0.000000 -0.281134 0.226816 0.226816 0.226816
1255.675415 0.000000 1579.852051 0.000000 0.998550 0.000000 -0.053841 0.205600 0.205600 0.205600
1221.003174 0.000000 1561.206177 0.000000 0.998772 0.000000 -0.049549 0.200415 0.200415 0.200415
1265.044556 0.000000 1573.762085 0.000000 0.995762 0.000000 -0.091970 0.200770 0.200770 0.200770
1267.521606 0.000000 1553.087036 0.000000 0.930767 0.000000 -0.365613 0.203037 0.203037 0.203037
1253.993652 0.000000 1554.641479 0.000000 0.943266 0.000000 -0.332037 0.261058 0.261058 0.261058
1258.064331 0.000000 1576.401978 0.000000 0.972244 0.000000 -0.233968 0.288596 0.288596 0.288596
1274.875244 0.000000 1525.232666 0.000000 0.939732 0.000000 -0.341911 0.218154 0.218154 0.218154
1216.390503 0.000000 1568.628296 0.000000 0.913438 0.000000 -0.406978 0.322068 0.322068 0.322068
1216.073120 0.000000 1563.639648 0.000000 0.978374 0.000000 -0.206845 0.222292 0.222292 0.222292
1252.176392 0.000000 1569.097778 0.000000 0.983038 0.000000 -0.183401 0.202338 0.202338 0.202338
1251.651001 0.000000 1548.020508 0.000000 0.972751 0.000000 -0.231854 0.216787 0.216787 0.216787
1227.269287 0.000000 1534.408203 0.000000 0.935182 0.000000 -0.354168 0.244641 0.244641 0.244641
1257.246460 0.000000 1573.389893 0.000000 0.858682 0.000000 -0.512508 0.265019 0.265019 0.265019
1256.221680 0.000000 1545.521362 0.000000 0.980875 0.000000 -0.194639 0.219812 0.219812 0.219812
1229.243652 0.000000 1532.319214 0.000000 0.999529 0.000000 -0.030688 0.213244 0.213244 0.213244
1226.448364 0.000000 1528.683105 0.000000 0.803376 0.000000 -0.595472 0.235341 0.235341 0.235341
1272.270874 0.000000 1545.587891 0.000000 0.985036 0.000000 -0.172346 0.257779 0.257779 0.257779
1275.206421 0.000000 1555.058838 0.000000 0.835187 0.000000 -0.549966 0.334022 0.334022 0.334022
1258.478760 0.000000 1550.815186 0.000000 0.916278 0.000000 -0.400544 0.232152 0.232152 0.232152
1278.888184 0.000000 1561.703125 0.000000 0.982846 0.000000 -0.184429 0.322551 0.322551 0.322551
1271.370483 0.000000 1558.733521 0.000000 0.882878 0.000000 -0.469603 0.235685 0.235685 0.235685
1279.545410 0.000000 1557.037231 0.000000 0.999817 0.000000 -0.019128 0.233348 0.233348 0.233348
1260.424194 0.000000 1577.624146 0.000000 0.787470 0.000000 -0.616353 0.279112 0.279112 0.279112
1217.729858 0.000000 1557.670410 0.000000 0.841181 0.000000 -0.540753 0.269466 0.269466 0.269466
1256.507935 0.000000 1549.500488 0.000000 0.817526 0.000000 -0.575892 0.288259 0.288259 0.288259
1256.552612 0.000000 1577.929321 0.000000 0.924534 0.000000 -0.381101 0.286543 0.286543 0.286543
1276.529175 0.000000 1558.511597 0.000000 0.997217 0.000000 -0.074552 0.336942 0.336942 0.336942
1274.382690 0.000000 1559.954834 0.000000 0.808841 0.000000 -0.588028 0.391926 0.391926 0.391926
1295.660034 0.000000 1406.790283 0.000000 0.999346 0.000000 -0.036155 0.257318 0.257318 0.257318
1303.931152 0.000000 1407.342285 0.000000 0.817899 0.000000 -0.575361 0.294684 0.294684 0.294684
1303.245850 0.000000 1411.285522 0.000000 0.836621 0.000000 -0.547783 0.288713 0.288713 0.288713
1300.687622 0.000000 1408.328125 0.000000 0.984836 0.000000 -0.173487 0.338655 0.338655 0.338655
1298.552246 0.000000 1409.775757 0.000000 0.993275 0.000000 -0.115776 0.357222 0.357222 0.357222
1298.458984 0.000000 1407.062134 0.000000 0.901218 0.000000 -0.433365 0.377833 0.377833 0.377833
1300.737915 0.000000 1412.112305 0.000000 0.943611 0.000000 -0.331055 0.329174 0.329174 0.329174
1297.373657 0.000000 1412.215820 0.000000 0.903538 0.000000 -0.428508 0.326637 0.326637 0.326637
1303.427856 0.000000 1574.073486 0.000000 0.895544 0.000000 -0.444972 0.206208 0.206208 0.206208
1301.636475 0.000000 1579.580322 0.000000 0.905140 0.000000 -0.425113 0.203837 0.203837 0.203837
1297.114990 0.000000 1579.637939 0.000000 0.887506 0.000000 -0.460795 0.213636 0.213636 0.213636
1309.234741 0.000000 1548.786865 0.000000 0.961312 0.000000 -0.275462 0.300536 0.300536 0.300536
1295.660034 0.000000 1576.243408 0.000000 0.973078 0.000000 -0.230474 0.215604 0.215604 0.215604
1078.755981 0.000000 1607.657959 0.000000 0.823236 0.000000 -0.567699 0.281611 0.281611 0.281611
1074.335327 0.000000 1602.455566 0.000000 0.989482 0.000000 -0.144655 0.235291 0.235291 0.235291
1087.211670 0.000000 1592.394287 0.000000 0.786803 0.000000 -0.617204 0.275263 0.275263 0.275263
1088.354126 0.000000 1629.530396 0.000000 0.870810 0.000000 -0.491620 0.203400 0.203400 0.203400
1151.683594 0.000000 1594.602905 0.000000 0.930474 0.000000 -0.366358 0.243652 0.243652 0.243652
1091.589233 0.000000 1593.944702 0.000000 0.975808 0.000000 -0.218628 0.201596 0.201596 0.201596
1098.048218 0.000000 1627.062866 0.000000 0.738606 0.000000 -0.674137 0.205633 0.205633 0.205633
1133.901245 0.000000 1582.516968 0.000000 0.719451 0.000000 -0.694544 0.205463 0.205463 0.205463
1091.716309 0.000000 1622.668701 0.000000 0.745923 0.000000 -0.666032 0.222670 0.222670 0.222670
1145.426636 0.000000 1598.961426 0.000000 0.972948 0.000000 -0.231026 0.249556 0.249556 0.249556
1134.271362 0.000000 1618.850952 0.000000 0.918535 0.000000 -0.395340 0.203501 0.203501 0.203501
1133.059937 0.000000 1623.954346 0.000000 0.716351 0.000000 -0.697740 0.206748 0.206748 0.206748
1099.936890 0.000000 1614.331909 0.000000 0.999430 0.000000 -0.033773 0.208772 0.208772 0.208772
1141.757935 0.000000 1600.927246 0.000000 0.977915 0.000000 -0.209005 0.240969 0.240969 0.240969
1140.612793 0.000000 1597.274536 0.000000 0.875104 0.000000 -0.483934 0.234694 0.234694 0.234694
1147.669312 0.000000 1601.267334 0.000000 0.929564 0.000000 -0.368661 0.252144 0.252144 0.252144
1094.113892 0.000000 1620.520996 0.000000 0.945412 0.000000 -0.325877 0.333894 0.333894 0.333894
1091.168213 0.000000 1625.515137 0.000000 0.707521 0.000000 -0.706692 0.231000 0.231000 0.231000
1095.290405 0.000000 1616.234863 0.000000 0.918970 0.000000 -0.394326 0.289367 0.289367 0.289367
1142.928345 0.000000 1598.447510 0.000000 0.884730 0.000000 -0.466104 0.254067 0.254067 0.254067
1150.188843 0.000000 1596.637085 0.000000 0.939468 0.000000 -0.342636 0.242039 0.242039 0.242039
1139.915527 0.000000 1650.088135 0.000000 0.982479 0.000000 -0.186373 0.210452 0.210452 0.210452
1145.426636 0.000000 1655.445801 0.000000 0.785372 0.000000 -0.619025 0.231980 0.231980 0.231980
1139.720459 0.000000 1675.918701 0.000000 0.760742 0.000000 -0.649055 0.254180 0.254180 0.254180
1146.165039 0.000000 1660.597534 0.000000 0.995814 0.000000 -0.091404 0.208266 0.208266 0.208266
1146.875244 0.000000 1638.201416 0.000000 0.963401 0.000000 -0.268063 0.202507 0.202507 0.202507
1129.927490 0.000000 1682.780151 0.000000 0.972587 0.000000 -0.232540 0.209803 0.209803 0.209803
1136.763550 0.000000 1677.853271 0.000000 0.742466 0.000000 -0.669884 0.258531 0.258531 0.258531
1148.365845 0.000000 1640.774536 0.000000 0.841343 0.000000 -0.540502 0.214643 0.214643 0.214643
1146.989014 0.000000 1671.680908 0.000000 0.827486 0.000000 -0.561486 0.304563 0.304563 0.304563
1147.206421 0.000000 1668.027588 0.000000 0.816686 0.000000 -0.577082 0.260200 0.260200 0.260200
1140.127808 0.000000 1655.929321 0.000000 0.813937 0.000000 -0.580953 0.266642 0.266642 0.266642
1144.713501 0.000000 1667.469849 0.000000 0.854348 0.000000 -0.519701 0.267697 0.267697 0.267697
1142.374756 0.000000 1669.596558 0.000000 0.972683 0.000000 -0.232137 0.308760 0.308760 0.308760
1143.657227 0.000000 1678.420654 0.000000 0.999686 0.000000 -0.025038 0.287525 0.287525 0.287525
1145.096802 0.000000 1672.111816 0.000000 0.957359 0.000000 -0.288902 0.314239 0.314239 0.314239
1146.545166 0.000000 1670.017578 0.000000 0.809191 0.000000 -0.587545 0.305450 0.305450 0.305450
1153.476685 0.000000 1588.021240 0.000000 0.718811 0.000000 -0.695205 0.220604 0.220604 0.220604
1160.000732 0.000000 1585.623779 0.000000 0.815672 0.000000 -0.578514 0.252640 0.252640 0.252640
1276.270508 0.000000 1629.896362 0.000000 0.823678 0.000000 -0.567058 0.206372 0.206372 0.206372
1274.134033 0.000000 1609.026978 0.000000 0.991543 0.000000 -0.129778 0.243107 0.243107 0.243107
1272.634888 0.000000 1617.351074 0.000000 0.714739 0.000000 -0.699391 0.218133 0.218133 0.218133
1270.496216 0.000000 1610.871338 0.000000 0.886069 0.000000 -0.463554 0.238034 0.238034 0.238034
1275.206421 0.000000 1611.543213 0.000000 0.998094 0.000000 -0.061708 0.240811 0.240811 0.240811
1275.279419 0.000000 1606.764038 0.000000 0.881862 0.000000 -0.471508 0.255412 0.255412 0.255412
1279.022949 0.000000 1635.728027 0.000000 0.770962 0.000000 -0.636881 0.300604 0.300604 0.300604
1272.956177 0.000000 1606.978271 0.000000 0.937903 0.000000 -0.346897 0.296602 0.296602 0.296602
1270.075073 0.000000 1603.107544 0.000000 0.999878 0.000000 -0.015617 0.295140 0.295140 0.295140
1271.633301 0.000000 1600.280396 0.000000 0.953393 0.000000 -0.301731 0.268806 0.268806 0.268806
1272.550049 0.000000 1603.538330 0.000000 0.987220 0.000000 -0.159363 0.327511 0.327511 0.327511
1153.476685 0.000000 1644.505615 0.000000 0.941679 0.000000 -0.336512 0.203213 0.203213 0.203213
1165.883423 0.000000 1686.543091 0.000000 0.994704 0.000000 -0.102781 0.281627 0.281627 0.281627
1165.646240 0.000000 1678.793091 0.000000 0.957223 0.000000 -0.289353 0.202675 0.202675 0.202675
1153.602173 0.000000 1668.420166 0.000000 0.787626 0.000000 -0.616153 0.208199 0.208199 0.208199
1152.173096 0.000000 1639.871460 0.000000 0.992749 0.000000 -0.120209 0.209720 0.209720 0.209720
1159.290527 0.000000 1680.891968 0.000000 0.797762 0.000000 -0.602973 0.226695 0.226695 0.226695
1163.346924 0.000000 1686.010864 0.000000 0.985044 0.000000 -0.172304 0.269421 0.269421 0.269421
1154.854492 0.000000 1685.593872 0.000000 0.922442 0.000000 -0.386135 0.234340 0.234340 0.234340
1163.164307 0.000000 1674.602051 0.000000 0.999015 0.000000 -0.044372 0.311869 0.311869 0.311869
1278.127319 0.000000 1655.486816 0.000000 0.751646 0.000000 -0.659567 0.206024 0.206024 0.206024
1215.419312 0.000000 1716.403320 0.000000 0.966851 0.000000 -0.255343 0.211225 0.211225 0.211225
1169.626343 0.000000 1699.740723 0.000000 0.720527 0.000000 -0.693427 0.252619 0.252619 0.252619
1193.396362 0.000000 1708.290161 0.000000 0.999529 0.000000 -0.030688 0.227891 0.227891 0.227891
1195.534790 0.000000 1710.520996 0.000000 0.711222 0.000000 -0.702968 0.233492 0.233492 0.233492
1162.448364 0.000000 1698.136230 0.000000 0.999852 0.000000 -0.017223 0.217582 0.217582 0.217582
1171.922729 0.000000 1698.330688 0.000000 0.805431 0.000000 -0.592690 0.227781 0.227781 0.227781
1188.534668 0.000000 1711.709351 0.000000 0.861870 0.000000 -0.507129 0.285012 0.285012 0.285012
1244.282104 0.000000 1731.427246 0.000000 0.923648 0.000000 -0.383242 0.287830 0.287830 0.287830
1266.281372 0.000000 1737.600464 0.000000 0.999231 0.000000 -0.039203 0.200274 0.200274 0.200274
1268.449829 0.000000 1727.291748 0.000000 0.999001 0.000000 -0.044679 0.200396 0.200396 0.200396
1222.599243 0.000000 1747.632202 0.000000 0.958845 0.000000 -0.283930 0.288762 0.288762 0.288762
1249.639404 0.000000 1724.568848 0.000000 0.948545 0.000000 -0.316641 0.202574 0.202574 0.202574
1219.716309 0.000000 1735.637451 0.000000 0.993188 0.000000 -0.116525 0.201064 0.201064 0.201064
1229.066528 0.000000 1747.747437 0.000000 0.999997 0.000000 -0.002620 0.242062 0.242062 0.242062
1243.974365 0.000000 1726.260742 0.000000 0.952594 0.000000 -0.304244 0.207069 0.207069 0.207069
1221.003174 0.000000 1730.659302 0.000000 0.942597 0.000000 -0.333933 0.212123 0.212123 0.212123
1225.888916 0.000000 1749.796265 0.000000 0.767088 0.000000 -0.641542 0.300764 0.300764 0.300764
1252.675659 0.000000 1727.373291 0.000000 0.895586 0.000000 -0.444888 0.206207 0.206207 0.206207
1270.496216 0.000000 1723.840088 0.000000 0.886194 0.000000 -0.463314 0.266380 0.266380 0.266380
1255.131470 0.000000 1729.510376 0.000000 0.891596 0.000000 -0.452832 0.218380 0.218380 0.218380
1216.205078 0.000000 1716.949951 0.000000 0.958260 0.000000 -0.285899 0.208048 0.208048 0.208048
1242.132568 0.000000 1728.983032 0.000000 0.898597 0.000000 -0.438776 0.263355 0.263355 0.263355
1246.841187 0.000000 1726.163452 0.000000 0.821560 0.000000 -0.570122 0.231158 0.231158 0.231158
1275.206421 0.000000 1724.511963 0.000000 0.859727 0.000000 -0.510755 0.286378 0.286378 0.286378
1228.244629 0.000000 1745.147827 0.000000 0.997319 0.000000 -0.073179 0.244416 0.244416 0.244416
1272.956177 0.000000 1719.947021 0.000000 0.944112 0.000000 -0.329624 0.275479 0.275479 0.275479
1272.713501 0.000000 1723.954224 0.000000 0.873584 0.000000 -0.486673 0.305918 0.305918 0.305918
1224.026367 0.000000 1748.985596 0.000000 0.913053 0.000000 -0.407840 0.293458 0.293458 0.293458
1246.802368 0.000000 1751.076782 0.000000 0.960688 0.000000 -0.277631 0.201896 0.201896 0.201896
1238.797119 0.000000 1751.990234 0.000000 0.720875 0.000000 -0.693065 0.206404 0.206404 0.206404
1242.616821 0.000000 1757.225098 0.000000 0.995219 0.000000 -0.097672 0.200867 0.200867 0.200867
1280.354126 0.000000 1629.530396 0.000000 0.910950 0.000000 -0.412516 0.203556 0.203556 0.203556
1300.950073 0.000000 1590.731689 0.000000 0.926238 0.000000 -0.376938 0.202702 0.202702 0.202702
1299.921631 0.000000 1605.887939 0.000000 0.801134 0.000000 -0.598485 0.224127 0.224127 0.224127
1311.430420 0.000000 1592.334473 0.000000 0.797568 0.000000 -0.603229 0.204769 0.204769 0.204769
1307.221802 0.000000 1627.591064 0.000000 0.963471 0.000000 -0.267812 0.201861 0.201861 0.201861
1311.273193 0.000000 1636.438965 0.000000 0.883977 0.000000 -0.467531 0.247930 0.247930 0.247930
1307.974365 0.000000 1613.291992 0.000000 0.934780 0.000000 -0.355228 0.266391 0.266391 0.266391
1311.949707 0.000000 1615.818481 0.000000 0.959713 0.000000 -0.280983 0.232716 0.232716 0.232716
1302.690430 0.000000 1609.579468 0.000000 0.940704 0.000000 -0.339227 0.228833 0.228833 0.228833
1311.822266 0.000000 1607.623657 0.000000 0.999924 0.000000 -0.012292 0.288298 0.288298 0.288298
1285.963745 0.000000 1602.261475 0.000000 0.885548 0.000000 -0.464547 0.239276 0.239276 0.239276
1307.115967 0.000000 1600.037720 0.000000 0.780733 0.000000 -0.624865 0.368243 0.368243 0.368243
1307.921387 0.000000 1597.518188 0.000000 0.750878 0.000000 -0.660441 0.251868 0.251868 0.251868
1299.875488 0.000000 1597.011353 0.000000 0.964343 0.000000 -0.264654 0.258470 0.258470 0.258470
1313.615479 0.000000 1635.658203 0.000000 0.986318 0.000000 -0.164852 0.248346 0.248346 0.248346
1304.281860 0.000000 1603.577637 0.000000 0.879091 0.000000 -0.476654 0.328485 0.328485 0.328485
1300.672607 0.000000 1601.119873 0.000000 0.822203 0.000000 -0.569194 0.298359 0.298359 0.298359
1312.249146 0.000000 1609.938232 0.000000 0.992413 0.000000 -0.122949 0.279838 0.279838 0.279838
1308.897827 0.000000 1603.201416 0.000000 0.860025 0.000000 -0.510251 0.375431 0.375431 0.375431
1302.346924 0.000000 1604.206177 0.000000 0.998207 0.000000 -0.059859 0.280525 0.280525 0.280525
1306.051758 0.000000 1613.856689 0.000000 0.740586 0.000000 -0.671961 0.274179 0.274179 0.274179
1309.381714 0.000000 1612.157715 0.000000 0.962163 0.000000 -0.272475 0.328182 0.328182 0.328182
1305.702271 0.000000 1607.004761 0.000000 0.956248 0.000000 -0.292559 0.310728 0.310728 0.310728
1306.288574 0.000000 1601.395264 0.000000 0.845158 0.000000 -0.534516 0.363514 0.363514 0.363514
1283.834473 0.000000 1638.049438 0.000000 0.987236 0.000000 -0.159264 0.210151 0.210151 0.210151
1286.599243 0.000000 1691.147827 0.000000 0.719189 0.000000 -0.694814 0.299988 0.299988 0.299988
1281.476685 0.000000 1644.505615 0.000000 0.941601 0.000000 -0.336730 0.202915 0.202915 0.202915
1284.956909 0.000000 1684.213989 0.000000 0.998370 0.000000 -0.057065 0.200520 0.200520 0.200520
1322.064331 0.000000 1689.370728 0.000000 0.886035 0.000000 -0.463618 0.277579 0.277579 0.277579
1283.605225 0.000000 1661.323486 0.000000 0.998393 0.000000 -0.056670 0.200510 0.200510 0.200510
1286.798706 0.000000 1652.313843 0.000000 0.883477 0.000000 -0.468474 0.212518 0.212518 0.212518
1286.656738 0.000000 1686.864624 0.000000 0.760562 0.000000 -0.649265 0.297079 0.297079 0.297079
1284.256348 0.000000 1693.562622 0.000000 0.971196 0.000000 -0.238284 0.269747 0.269747 0.269747
1327.961792 0.000000 1693.306763 0.000000 0.896941 0.000000 -0.442149 0.226722 0.226722 0.226722
1282.873169 0.000000 1664.337158 0.000000 0.878301 0.000000 -0.478108 0.245665 0.245665 0.245665
1326.584106 0.000000 1686.827393 0.000000 0.912240 0.000000 -0.409656 0.273760 0.273760 0.273760
1288.816650 0.000000 1686.055176 0.000000 0.837062 0.000000 -0.547108 0.328686 0.328686 0.328686
1291.119385 0.000000 1691.666016 0.000000 0.948054 0.000000 -0.318110 0.271585 0.271585 0.271585
1321.461914 0.000000 1693.646484 0.000000 0.900508 0.000000 -0.434840 0.269432 0.269432 0.269432
1288.076660 0.000000 1687.486328 0.000000 0.868675 0.000000 -0.495382 0.326649 0.326649 0.326649
1283.716309 0.000000 1735.637451 0.000000 0.879728 0.000000 -0.475478 0.213817 0.213817 0.213817
1318.270874 0.000000 1695.938232 0.000000 0.791396 0.000000 -0.611304 0.234362 0.234362 0.234362
1282.164551 0.000000 1713.902832 0.000000 0.996794 0.000000 -0.080008 0.209278 0.209278 0.209278
1325.790894 0.000000 1707.869385 0.000000 0.997598 0.000000 -0.069264 0.200658 0.200658 0.200658
1310.773926 0.000000 1711.002930 0.000000 0.861398 0.000000 -0.507930 0.214225 0.214225 0.214225
1305.550537 0.000000 1706.132690 0.000000 1.000000 0.000000 -0.000052 0.200561 0.200561 0.200561
1322.133911 0.000000 1698.668579 0.000000 0.985904 0.000000 -0.167310 0.272801 0.272801 0.272801
1285.963745 0.000000 1715.230225 0.000000 0.857633 0.000000 -0.514263 0.205124 0.205124 0.205124
1286.297607 0.000000 1695.879395 0.000000 0.717040 0.000000 -0.697032 0.267027 0.267027 0.267027
1290.112183 0.000000 1712.685181 0.000000 0.982119 0.000000 -0.188259 0.342815 0.342815 0.342815
1321.191162 0.000000 1696.661743 0.000000 0.965539 0.000000 -0.260257 0.282153 0.282153 0.282153
1288.084595 0.000000 1710.166260 0.000000 0.995938 0.000000 -0.090041 0.276719 0.276719 0.276719
1291.124878 0.000000 1713.787720 0.000000 0.996173 0.000000 -0.087401 0.338619 0.338619 0.338619
1917.042114 0.000000 1693.704956 0.000000 0.989649 0.000000 -0.143511 0.201276 0.201276 0.201276
1913.614258 0.000000 1690.427979 0.000000 0.834167 0.000000 -0.551513 0.258363 0.258363 0.258363
1912.579102 0.000000 1687.209229 0.000000 0.999994 0.000000 -0.003412 0.219652 0.219652 0.219652
1915.743408 0.000000 1688.774414 0.000000 0.800330 0.000000 -0.599559 0.264544 0.264544 0.264544
1955.530884 0.000000 1688.635376 0.000000 0.946056 0.000000 -0.324003 0.207281 0.207281 0.207281
1972.449829 0.000000 1670.807373 0.000000 0.749540 0.000000 -0.661960 0.205779 0.205779 0.205779
1978.134033 0.000000 1665.511353 0.000000 0.999805 0.000000 -0.019732 0.218738 0.218738 0.218738
1936.913574 0.000000 1670.616943 0.000000 0.985849 0.000000 -0.167636 0.236808 0.236808 0.236808
1976.851562 0.000000 1669.659302 0.000000 0.994929 0.000000 -0.100576 0.214063 0.214063 0.214063
1979.742432 0.000000 1675.723877 0.000000 0.959227 0.000000 -0.282638 0.206839 0.206839 0.206839
2025.423462 0.000000 1670.469116 0.000000 0.994900 0.000000 -0.100867 0.257492 0.257492 0.257492
2025.606079 0.000000 1675.528320 0.000000 0.986828 0.000000 -0.161771 0.251767 0.251767 0.251767
2033.158813 0.000000 1672.675293 0.000000 0.967342 0.000000 -0.253475 0.203030 0.203030 0.203030
2023.131470 0.000000 1673.026001 0.000000 0.751978 0.000000 -0.659189 0.267326 0.267326 0.267326
2017.860474 0.000000 1646.788086 0.000000 0.900874 0.000000 -0.434080 0.229030 0.229030 0.229030
2031.221924 0.000000 1671.345459 0.000000 0.882097 0.000000 -0.471068 0.266559 0.266559 0.266559
1919.683594 0.000000 1707.571655 0.000000 0.986206 0.000000 -0.165524 0.201536 0.201536 0.201536
1911.430908 0.000000 1708.408325 0.000000 0.791084 0.000000 -0.611707 0.269970 0.269970 0.269970
1915.669312 0.000000 1714.236084 0.000000 0.734438 0.000000 -0.678676 0.220342 0.220342 0.220342
1915.596436 0.000000 1711.057617 0.000000 0.987201 0.000000 -0.159480 0.291250 0.291250 0.291250
1907.915527 0.000000 1763.056885 0.000000 0.970108 0.000000 -0.242674 0.262750 0.262750 0.262750
1890.074463 0.000000 1756.535400 0.000000 0.952742 0.000000 -0.303779 0.202736 0.202736 0.202736
1892.590088 0.000000 1761.022339 0.000000 0.888941 0.000000 -0.458023 0.203920 0.203920 0.203920
1882.844482 0.000000 1752.733154 0.000000 0.998974 0.000000 -0.045293 0.200424 0.200424 0.200424
1908.612793 0.000000 1766.727661 0.000000 0.991325 0.000000 -0.131434 0.265032 0.265032 0.265032
1901.456909 0.000000 1755.229126 0.000000 0.999673 0.000000 -0.025560 0.226692 0.226692 0.226692
1899.550903 0.000000 1757.815430 0.000000 0.728113 0.000000 -0.685457 0.229338 0.229338 0.229338
1902.914917 0.000000 1760.101440 0.000000 0.970508 0.000000 -0.241071 0.269810 0.269810 0.269810
1948.282104 0.000000 1731.427246 0.000000 0.736926 0.000000 -0.675974 0.243215 0.243215 0.243215
1982.612427 0.000000 1746.171509 0.000000 0.981146 0.000000 -0.193270 0.203590 0.203590 0.203590
1983.450562 0.000000 1702.460571 0.000000 0.999580 0.000000 -0.028994 0.259428 0.259428 0.259428
1983.211670 0.000000 1705.363037 0.000000 0.999102 0.000000 -0.042378 0.250660 0.250660 0.250660
2025.206665 0.000000 1703.074951 0.000000 0.940485 0.000000 -0.339834 0.202684 0.202684 0.202684
2034.281372 0.000000 1737.600464 0.000000 0.834334 0.000000 -0.551259 0.240807 0.240807 0.240807
2025.423462 0.000000 1726.953491 0.000000 0.999312 0.000000 -0.037078 0.200347 0.200347 0.200347
1997.467529 0.000000 1710.086548 0.000000 0.915723 0.000000 -0.401809 0.203355 0.203355 0.203355
2028.186279 0.000000 1742.239502 0.000000 0.877887 0.000000 -0.478867 0.204675 0.204675 0.204675
1998.124634 0.000000 1723.540039 0.000000 0.890374 0.000000 -0.455230 0.203540 0.203540 0.203540
2035.521606 0.000000 1722.540161 0.000000 0.897273 0.000000 -0.441476 0.319547 0.319547 0.319547
2037.811401 0.000000 1735.830322 0.000000 0.812127 0.000000 -0.583481 0.213973 0.213973 0.213973
2031.152222 0.000000 1740.001953 0.000000 0.843242 0.000000 -0.537534 0.212150 0.212150 0.212150
1989.963745 0.000000 1715.230225 0.000000 0.800660 0.000000 -0.599119 0.234150 0.234150 0.234150
1988.061279 0.000000 1710.740845 0.000000 0.994587 0.000000 -0.103903 0.252970 0.252970 0.252970
2038.496216 0.000000 1723.840088 0.000000 0.709580 0.000000 -0.704625 0.218215 0.218215 0.218215
2032.015381 0.000000 1722.312744 0.000000 0.992877 0.000000 -0.119145 0.302839 0.302839 0.302839
1992.260498 0.000000 1703.536865 0.000000 0.985563 0.000000 -0.169312 0.231047 0.231047 0.231047
1988.014893 0.000000 1700.618286 0.000000 0.999087 0.000000 -0.042718 0.230323 0.230323 0.230323
1934.189453 0.000000 1787.459351 0.000000 0.993551 0.000000 -0.113385 0.223359 0.223359 0.223359
1961.423462 0.000000 1783.437866 0.000000 0.991409 0.000000 -0.130800 0.200933 0.200933 0.200933
1983.683594 0.000000 1764.056030 0.000000 0.984497 0.000000 -0.175400 0.226506 0.226506 0.226506
1953.639404 0.000000 1781.053223 0.000000 0.873414 0.000000 -0.486979 0.228610 0.228610 0.228610
1938.852783 0.000000 1787.623047 0.000000 0.777131 0.000000 -0.629339 0.215841 0.215841 0.215841
1982.127319 0.000000 1768.455566 0.000000 0.721765 0.000000 -0.692138 0.232010 0.232010 0.232010
1934.569336 0.000000 1784.784424 0.000000 0.983005 0.000000 -0.183579 0.227779 0.227779 0.227779
1953.496704 0.000000 1775.246338 0.000000 0.722504 0.000000 -0.691367 0.269490 0.269490 0.269490
1936.687988 0.000000 1786.200806 0.000000 0.749298 0.000000 -0.662233 0.235282 0.235282 0.235282
2026.581665 0.000000 1769.820435 0.000000 0.758511 0.000000 -0.651661 0.224964 0.224964 0.224964
2015.430420 0.000000 1761.787598 0.000000 0.805027 0.000000 -0.593238 0.204439 0.204439 0.204439
2005.428101 0.000000 1783.363281 0.000000 0.818497 0.000000 -0.574511 0.204737 0.204737 0.204737
2022.465210 0.000000 1776.113403 0.000000 0.982911 0.000000 -0.184082 0.201364 0.201364 0.201364
2011.974365 0.000000 1782.745117 0.000000 0.746373 0.000000 -0.665527 0.205908 0.205908 0.205908
2028.817139 0.000000 1760.541626 0.000000 0.768930 0.000000 -0.639333 0.207246 0.207246 0.207246
2019.373291 0.000000 1777.958984 0.000000 0.720633 0.000000 -0.693317 0.218039 0.218039 0.218039
2027.534790 0.000000 1767.005371 0.000000 0.982478 0.000000 -0.186377 0.220865 0.220865 0.220865
1895.866577 0.000000 1849.203613 0.000000 0.997507 0.000000 -0.070568 0.200600 0.200600 0.200600
1883.221802 0.000000 1853.528564 0.000000 0.722437 0.000000 -0.691437 0.207052 0.207052 0.207052
1888.909058 0.000000 1849.743286 0.000000 0.999955 0.000000 -0.009511 0.245549 0.245549 0.245549
1906.281372 0.000000 1907.053589 0.000000 0.774237 0.000000 -0.632896 0.205218 0.205218 0.205218
1897.423462 0.000000 1896.406616 0.000000 0.944683 0.000000 -0.327984 0.202253 0.202253 0.202253
1882.616821 0.000000 1870.193848 0.000000 0.781405 0.000000 -0.624024 0.206309 0.206309 0.206309
1892.590088 0.000000 1873.991089 0.000000 0.998839 0.000000 -0.048176 0.220229 0.220229 0.220229
1909.757935 0.000000 1883.349121 0.000000 0.955845 0.000000 -0.293871 0.202718 0.202718 0.202718
1886.227295 0.000000 1868.541748 0.000000 0.817867 0.000000 -0.575407 0.220054 0.220054 0.220054
1965.255371 0.000000 1862.375488 0.000000 0.990661 0.000000 -0.136347 0.214484 0.214484 0.214484
1953.639404 0.000000 1837.537598 0.000000 0.948701 0.000000 -0.316175 0.243974 0.243974 0.243974
1956.050049 0.000000 1843.789551 0.000000 0.884549 0.000000 -0.466447 0.203877 0.203877 0.203877
1962.064331 0.000000 1858.823853 0.000000 0.999882 0.000000 -0.015371 0.202955 0.202955 0.202955
1973.811401 0.000000 1848.799072 0.000000 0.755707 0.000000 -0.654910 0.206685 0.206685 0.206685
1949.565796 0.000000 1850.798706 0.000000 0.917498 0.000000 -0.397740 0.211675 0.211675 0.211675
1949.234741 0.000000 1831.208740 0.000000 0.971561 0.000000 -0.236787 0.202864 0.202864 0.202864
1971.006592 0.000000 1815.945068 0.000000 0.919625 0.000000 -0.392797 0.250182 0.250182 0.250182
1950.841187 0.000000 1839.132202 0.000000 0.945306 0.000000 -0.326184 0.219141 0.219141 0.219141
1955.886841 0.000000 1838.124512 0.000000 0.870993 0.000000 -0.491295 0.277037 0.277037 0.277037
1998.189453 0.000000 1843.943726 0.000000 0.989938 0.000000 -0.141499 0.201028 0.201028 0.201028
1970.281372 0.000000 1907.053589 0.000000 0.884387 0.000000 -0.466755 0.204001 0.204001 0.204001
1938.736938 0.000000 1914.105469 0.000000 0.913917 0.000000 -0.405901 0.202765 0.202765 0.202765
1965.901245 0.000000 1864.938843 0.000000 0.926998 0.000000 -0.375066 0.209027 0.209027 0.209027
1934.146729 0.000000 1885.837891 0.000000 0.768090 0.000000 -0.640342 0.208504 0.208504 0.208504
1969.044556 0.000000 1912.668335 0.000000 0.965258 0.000000 -0.261299 0.202442 0.202442 0.202442
1943.427856 0.000000 1912.979736 0.000000 0.930783 0.000000 -0.365572 0.202990 0.202990 0.202990
1961.897095 0.000000 1864.012695 0.000000 0.735252 0.000000 -0.677794 0.225394 0.225394 0.225394
1937.983643 0.000000 1885.352661 0.000000 0.847919 0.000000 -0.530126 0.219418 0.219418 0.219418
1932.424805 0.000000 1882.404175 0.000000 0.756527 0.000000 -0.653962 0.213683 0.213683 0.213683
1982.830811 0.000000 1911.219482 0.000000 0.722532 0.000000 -0.691337 0.235832 0.235832 0.235832
1987.716309 0.000000 1905.090576 0.000000 0.805447 0.000000 -0.592668 0.205226 0.205226 0.205226
1985.476685 0.000000 1870.443115 0.000000 0.844723 0.000000 -0.535204 0.204159 0.204159 0.204159
1984.390503 0.000000 1907.534546 0.000000 0.954418 0.000000 -0.298473 0.225878 0.225878 0.225878
1984.110718 0.000000 1874.348877 0.000000 0.835732 0.000000 -0.549138 0.205442 0.205442 0.205442
1918.127319 0.000000 1937.908691 0.000000 0.979095 0.000000 -0.203405 0.246712 0.246712 0.246712
1902.584106 0.000000 1969.249268 0.000000 0.921527 0.000000 -0.388315 0.285510 0.285510 0.285510
1918.777100 0.000000 1940.896973 0.000000 0.998821 0.000000 -0.048550 0.324509 0.324509 0.324509
1950.802368 0.000000 1920.529907 0.000000 0.982970 0.000000 -0.183765 0.226623 0.226623 0.226623
1920.290283 0.000000 1954.833862 0.000000 0.881395 0.000000 -0.472379 0.217422 0.217422 0.217422
1958.270874 0.000000 1921.875732 0.000000 0.960064 0.000000 -0.279779 0.202230 0.202230 0.202230
1942.797119 0.000000 1921.443359 0.000000 0.999070 0.000000 -0.043119 0.260854 0.260854 0.260854
1922.164551 0.000000 1939.840332 0.000000 0.995418 0.000000 -0.095614 0.310159 0.310159 0.310159
1925.003174 0.000000 1956.596802 0.000000 0.977831 0.000000 -0.209397 0.232807 0.232807 0.232807
1970.569214 0.000000 1976.442505 0.000000 0.999255 0.000000 -0.038586 0.202060 0.202060 0.202060
1962.064331 0.000000 1971.792603 0.000000 0.929047 0.000000 -0.369961 0.213736 0.213736 0.213736
1921.602173 0.000000 1950.842041 0.000000 0.832355 0.000000 -0.554243 0.257163 0.257163 0.257163
1925.963745 0.000000 1941.167725 0.000000 0.750423 0.000000 -0.660958 0.249311 0.249311 0.249311
1924.219482 0.000000 1953.102905 0.000000 0.998667 0.000000 -0.051624 0.219142 0.219142 0.219142
1967.961792 0.000000 1975.728638 0.000000 0.736450 0.000000 -0.676492 0.253520 0.253520 0.253520
1922.873169 0.000000 1946.759033 0.000000 0.977701 0.000000 -0.210003 0.247999 0.247999 0.247999
1920.010498 0.000000 1949.155029 0.000000 0.994133 0.000000 -0.108169 0.256492 0.256492 0.256492
1923.661377 0.000000 1941.542358 0.000000 0.907498 0.000000 -0.420057 0.352871 0.352871 0.352871
1920.668579 0.000000 1938.239136 0.000000 0.882571 0.000000 -0.470179 0.370709 0.370709 0.370709
1920.520874 0.000000 1940.238770 0.000000 0.948941 0.000000 -0.315454 0.386634 0.386634 0.386634
1923.098755 0.000000 1938.592773 0.000000 0.798133 0.000000 -0.602481 0.328313 0.328313 0.328313
1923.585327 0.000000 1940.062012 0.000000 0.931597 0.000000 -0.363493 0.350338 0.350338 0.350338
1934.124634 0.000000 2005.961914 0.000000 0.868787 0.000000 -0.495187 0.204850 0.204850 0.204850
1954.074463 0.000000 1982.472900 0.000000 0.999929 0.000000 -0.011893 0.200099 0.200099 0.200099
1946.661499 0.000000 1998.390747 0.000000 0.982959 0.000000 -0.183826 0.201615 0.201615 0.201615
1971.521606 0.000000 2004.962036 0.000000 0.968953 0.000000 -0.247243 0.204134 0.204134 0.204134
1977.614258 0.000000 2029.334229 0.000000 0.970662 0.000000 -0.240449 0.202213 0.202213 0.202213
1961.764648 0.000000 2005.277344 0.000000 0.986223 0.000000 -0.165418 0.259962 0.259962 0.259962
1954.139526 0.000000 1978.679443 0.000000 0.735595 0.000000 -0.677422 0.206968 0.206968 0.206968
1955.651001 0.000000 1999.895508 0.000000 0.901565 0.000000 -0.432643 0.233866 0.233866 0.233866
1949.234741 0.000000 2000.661865 0.000000 0.888471 0.000000 -0.458932 0.247768 0.247768 0.247768
1964.084717 0.000000 2007.696899 0.000000 0.937213 0.000000 -0.348757 0.237348 0.237348 0.237348
1968.015381 0.000000 2004.734619 0.000000 0.818749 0.000000 -0.574151 0.236220 0.236220 0.236220
1949.193848 0.000000 2003.164307 0.000000 0.933676 0.000000 -0.358120 0.278608 0.278608 0.278608
1963.705322 0.000000 2004.340820 0.000000 0.783774 0.000000 -0.621046 0.284427 0.284427 0.284427
1993.453857 0.000000 1983.272461 0.000000 0.991206 0.000000 -0.132326 0.200994 0.200994 0.200994
1993.163696 0.000000 2016.253906 0.000000 0.825416 0.000000 -0.564525 0.266245 0.266245 0.266245
2000.913574 0.000000 2009.523193 0.000000 0.754440 0.000000 -0.656369 0.205988 0.205988 0.205988
1989.348755 0.000000 1985.394897 0.000000 0.985081 0.000000 -0.172089 0.206835 0.206835 0.206835
1996.396729 0.000000 1989.460938 0.000000 0.822265 0.000000 -0.569105 0.233635 0.233635 0.233635
4544.354004 0.000000 838.749146 0.000000 0.712274 0.000000 -0.701902 0.310975 0.310975 0.310975
4559.150391 0.000000 844.392273 0.000000 0.852206 0.000000 -0.523207 0.318698 0.318698 0.318698
4563.869141 0.000000 842.100891 0.000000 0.748710 0.000000 -0.662897 0.433300 0.433300 0.433300
4559.857910 0.000000 846.071472 0.000000 0.720159 0.000000 -0.693810 0.381914 0.381914 0.381914
4557.528320 0.000000 845.299683 0.000000 0.883880 0.000000 -0.467714 0.431835 0.431835 0.431835
4544.036621 0.000000 837.376465 0.000000 0.994838 0.000000 -0.101477 0.351923 0.351923 0.351923
4553.653320 0.000000 847.161011 0.000000 0.992705 0.000000 -0.120568 0.409113 0.409113 0.409113
4480.173340 0.000000 849.090271 0.000000 0.752141 0.000000 -0.659002 0.206826 0.206826 0.206826
4480.013672 0.000000 851.788391 0.000000 0.999621 0.000000 -0.027539 0.275185 0.275185 0.275185
4566.760742 0.000000 856.470032 0.000000 0.841669 0.000000 -0.539993 0.331002 0.331002 0.331002
4551.773438 0.000000 847.812622 0.000000 0.725909 0.000000 -0.687791 0.395543 0.395543 0.395543
4554.945312 0.000000 847.411743 0.000000 0.996662 0.000000 -0.081642 0.337232 0.337232 0.337232
4567.642578 0.000000 854.684692 0.000000 0.947088 0.000000 -0.320975 0.423413 0.423413 0.423413
4758.645996 0.000000 877.931396 0.000000 0.949911 0.000000 -0.312522 0.287128 0.287128 0.287128
4741.528809 0.000000 876.603821 0.000000 0.955290 0.000000 -0.295669 0.315681 0.315681 0.315681
6013.733887 0.000000 881.475830 0.000000 0.989511 0.000000 -0.144456 0.201086 0.201086 0.201086
6014.018555 0.000000 873.160706 0.000000 0.749643 0.000000 -0.661842 0.230194 0.230194 0.230194
6006.496094 0.000000 876.574524 0.000000 0.956629 0.000000 -0.291308 0.216341 0.216341 0.216341
6011.206543 0.000000 877.246399 0.000000 0.792767 0.000000 -0.609524 0.254576 0.254576 0.254576
6012.546387 0.000000 875.205322 0.000000 0.981279 0.000000 -0.192592 0.250017 0.250017 0.250017
6014.808594 0.000000 875.293152 0.000000 0.752663 0.000000 -0.658406 0.254393 0.254393 0.254393
4978.569336 0.000000 1298.630005 0.000000 0.988105 0.000000 -0.153780 0.203197 0.203197 0.203197
4983.033203 0.000000 1281.104126 0.000000 0.803401 0.000000 -0.595438 0.227825 0.227825 0.227825
4966.985352 0.000000 1274.520630 0.000000 0.999940 0.000000 -0.010961 0.327596 0.327596 0.327596
4961.615234 0.000000 1296.751953 0.000000 0.997751 0.000000 -0.067033 0.237494 0.237494 0.237494
4955.270508 0.000000 1294.402466 0.000000 0.952044 0.000000 -0.305961 0.371239 0.371239 0.371239
4950.839355 0.000000 1293.221069 0.000000 0.747348 0.000000 -0.664433 0.347193 0.347193 0.347193
4987.649902 0.000000 1297.610107 0.000000 0.735430 0.000000 -0.677601 0.410332 0.410332 0.410332
4967.991211 0.000000 1275.547852 0.000000 0.930468 0.000000 -0.366373 0.341724 0.341724 0.341724
4984.805176 0.000000 1282.170410 0.000000 0.973519 0.000000 -0.228607 0.351723 0.351723 0.351723
4949.138184 0.000000 1298.472290 0.000000 0.707246 0.000000 -0.706967 0.448532 0.448532 0.448532
4950.251465 0.000000 1299.031006 0.000000 0.798714 0.000000 -0.601712 0.449323 0.449323 0.449323
4977.098145 0.000000 1313.516602 0.000000 0.870204 0.000000 -0.492692 0.216469 0.216469 0.216469
4971.534668 0.000000 1315.130371 0.000000 0.967448 0.000000 -0.253069 0.226423 0.226423 0.226423
4977.495117 0.000000 1299.240723 0.000000 0.975078 0.000000 -0.221864 0.236503 0.236503 0.236503
4944.764160 0.000000 1315.092651 0.000000 0.987102 0.000000 -0.160092 0.272632 0.272632 0.272632
4989.061035 0.000000 1299.696899 0.000000 0.884093 0.000000 -0.467312 0.305285 0.305285 0.305285
4985.361328 0.000000 1311.929932 0.000000 0.716428 0.000000 -0.697662 0.276229 0.276229 0.276229
4949.078125 0.000000 1301.268311 0.000000 0.983339 0.000000 -0.181779 0.381750 0.381750 0.381750
4972.925781 0.000000 1315.708008 0.000000 0.938863 0.000000 -0.344291 0.413492 0.413492 0.413492
4963.259766 0.000000 1301.705078 0.000000 0.811874 0.000000 -0.583833 0.418979 0.418979 0.418979
4974.689453 0.000000 1311.440186 0.000000 0.929703 0.000000 -0.368310 0.428815 0.428815 0.428815
4981.138184 0.000000 1305.453735 0.000000 0.763786 0.000000 -0.645469 0.453601 0.453601 0.453601
4976.785645 0.000000 1311.070068 0.000000 0.744478 0.000000 -0.667647 0.450007 0.450007 0.450007
4982.974121 0.000000 1306.987061 0.000000 0.823726 0.000000 -0.566988 0.446054 0.446054 0.446054
4995.928711 0.000000 1272.788208 0.000000 0.917206 0.000000 -0.398413 0.247859 0.247859 0.247859
4994.917480 0.000000 1276.085693 0.000000 0.767086 0.000000 -0.641544 0.447123 0.447123 0.447123
4994.320312 0.000000 1279.703491 0.000000 0.997753 0.000000 -0.067006 0.405123 0.405123 0.405123
4994.417969 0.000000 1278.564087 0.000000 0.765537 0.000000 -0.643391 0.453394 0.453394 0.453394
4993.476562 0.000000 1305.599365 0.000000 0.753882 0.000000 -0.657010 0.306598 0.306598 0.306598
4137.605957 0.000000 1732.012695 0.000000 0.858871 0.000000 -0.512192 0.333761 0.333761 0.333761
4149.811523 0.000000 1735.830322 0.000000 0.921838 0.000000 -0.387574 0.291642 0.291642 0.291642
4147.473145 0.000000 1734.909180 0.000000 0.733713 0.000000 -0.679459 0.356154 0.356154 0.356154
4152.805176 0.000000 1734.045410 0.000000 0.995318 0.000000 -0.096653 0.344773 0.344773 0.344773
4187.221680 0.000000 1740.559814 0.000000 0.974647 0.000000 -0.223749 0.202113 0.202113 0.202113
4176.020996 0.000000 1738.759521 0.000000 0.945598 0.000000 -0.325339 0.298402 0.298402 0.298402
4164.957031 0.000000 1740.698364 0.000000 0.817993 0.000000 -0.575228 0.308923 0.308923 0.308923
4178.853027 0.000000 1731.138672 0.000000 0.998739 0.000000 -0.050205 0.200470 0.200470 0.200470
4177.116211 0.000000 1741.778809 0.000000 0.894946 0.000000 -0.446175 0.262285 0.262285 0.262285
4189.536621 0.000000 1734.544434 0.000000 0.797345 0.000000 -0.603524 0.231715 0.231715 0.231715
4178.928223 0.000000 1735.436035 0.000000 0.825251 0.000000 -0.564766 0.354427 0.354427 0.354427
4165.392090 0.000000 1744.271118 0.000000 0.811099 0.000000 -0.584909 0.334181 0.334181 0.334181
4181.435547 0.000000 1740.538818 0.000000 0.733039 0.000000 -0.680187 0.457144 0.457144 0.457144
4256.344727 0.000000 1732.848877 0.000000 0.979187 0.000000 -0.202959 0.287756 0.287756 0.287756
4524.424316 0.000000 1747.077271 0.000000 0.922172 0.000000 -0.386780 0.242802 0.242802 0.242802
4511.818848 0.000000 1750.515747 0.000000 0.985706 0.000000 -0.168477 0.412932 0.412932 0.412932
4504.192871 0.000000 1749.550415 0.000000 0.906810 0.000000 -0.421540 0.433242 0.433242 0.433242
4527.561523 0.000000 1746.006836 0.000000 0.934115 0.000000 -0.356973 0.427886 0.427886 0.427886
4497.626465 0.000000 1756.225098 0.000000 0.908007 0.000000 -0.418955 0.223970 0.223970 0.223970
4537.029297 0.000000 1757.452393 0.000000 0.910391 0.000000 -0.413749 0.298595 0.298595 0.298595
4532.512207 0.000000 1760.869995 0.000000 0.957888 0.000000 -0.287143 0.269671 0.269671 0.269671
4523.779785 0.000000 1755.997070 0.000000 0.934874 0.000000 -0.354981 0.361200 0.361200 0.361200
4525.066406 0.000000 1756.614014 0.000000 0.999696 0.000000 -0.024651 0.382347 0.382347 0.382347
4532.127930 0.000000 1756.500977 0.000000 0.967160 0.000000 -0.254168 0.417259 0.417259 0.417259
4522.449707 0.000000 1753.776489 0.000000 0.936637 0.000000 -0.350302 0.421511 0.421511 0.421511
4525.161133 0.000000 1761.733765 0.000000 0.731451 0.000000 -0.681894 0.450204 0.450204 0.450204
4503.747070 0.000000 1751.123779 0.000000 0.974648 0.000000 -0.223745 0.399784 0.399784 0.399784
4515.340820 0.000000 1752.270752 0.000000 0.961869 0.000000 -0.273511 0.421164 0.421164 0.421164
4539.795410 0.000000 1757.866089 0.000000 0.779847 0.000000 -0.625970 0.451671 0.451671 0.451671
4537.383301 0.000000 1754.371826 0.000000 0.857719 0.000000 -0.514118 0.441251 0.441251 0.441251
4536.164062 0.000000 1763.938721 0.000000 0.805874 0.000000 -0.592087 0.448407 0.448407 0.448407
4518.609863 0.000000 1755.380493 0.000000 0.992310 0.000000 -0.123780 0.409480 0.409480 0.409480
4539.234375 0.000000 1755.387817 0.000000 0.808939 0.000000 -0.587892 0.442205 0.442205 0.442205
4497.910645 0.000000 1753.041748 0.000000 0.957292 0.000000 -0.289123 0.421309 0.421309 0.421309
4532.036133 0.000000 1754.552612 0.000000 0.941631 0.000000 -0.336646 0.423144 0.423144 0.423144
4496.956055 0.000000 1753.835693 0.000000 0.856315 0.000000 -0.516454 0.439427 0.439427 0.439427
4546.492188 0.000000 1754.605225 0.000000 0.892108 0.000000 -0.451822 0.242730 0.242730 0.242730
4571.828125 0.000000 1755.054810 0.000000 0.884680 0.000000 -0.466199 0.349842 0.349842 0.349842
4548.025391 0.000000 1755.240967 0.000000 0.999436 0.000000 -0.033580 0.321684 0.321684 0.321684
4570.472168 0.000000 1754.249268 0.000000 0.772388 0.000000 -0.635150 0.357933 0.357933 0.357933
4571.964355 0.000000 1753.725098 0.000000 0.782663 0.000000 -0.622445 0.448978 0.448978 0.448978
4556.998047 0.000000 1752.874878 0.000000 0.840805 0.000000 -0.541338 0.443700 0.443700 0.443700
4558.447754 0.000000 1751.998291 0.000000 0.986479 0.000000 -0.163885 0.412577 0.412577 0.412577
4863.022949 0.000000 1522.759277 0.000000 0.827012 0.000000 -0.562184 0.335846 0.335846 0.335846
4856.531250 0.000000 1524.054688 0.000000 0.987774 0.000000 -0.155892 0.389810 0.389810 0.389810
4862.677246 0.000000 1527.624146 0.000000 0.866135 0.000000 -0.499811 0.269730 0.269730 0.269730
4835.340820 0.000000 1526.333252 0.000000 0.992257 0.000000 -0.124203 0.409109 0.409109 0.409109
4864.013672 0.000000 1529.600830 0.000000 0.990300 0.000000 -0.138945 0.308106 0.308106 0.308106
5039.152344 0.000000 1514.064453 0.000000 0.987687 0.000000 -0.156445 0.273708 0.273708 0.273708
5041.605957 0.000000 1521.447632 0.000000 0.982569 0.000000 -0.185900 0.273238 0.273238 0.273238
5052.718750 0.000000 1509.825195 0.000000 0.995075 0.000000 -0.099121 0.289572 0.289572 0.289572
5039.560547 0.000000 1511.357422 0.000000 0.729028 0.000000 -0.684484 0.322386 0.322386 0.322386
5042.714844 0.000000 1519.066650 0.000000 0.986137 0.000000 -0.165934 0.272769 0.272769 0.272769
5042.554199 0.000000 1505.837769 0.000000 0.749735 0.000000 -0.661738 0.446397 0.446397 0.446397
5070.936035 0.000000 1515.165649 0.000000 0.997268 0.000000 -0.073866 0.262643 0.262643 0.262643
5068.884766 0.000000 1515.576172 0.000000 0.787823 0.000000 -0.615902 0.336852 0.336852 0.336852
5057.717285 0.000000 1513.038940 0.000000 0.846493 0.000000 -0.532400 0.377957 0.377957 0.377957
5060.023926 0.000000 1515.645020 0.000000 0.981161 0.000000 -0.193192 0.412959 0.412959 0.412959
5094.465332 0.000000 1550.175903 0.000000 0.995866 0.000000 -0.090831 0.272159 0.272159 0.272159
5061.348633 0.000000 1533.519897 0.000000 0.796116 0.000000 -0.605144 0.240550 0.240550 0.240550
5079.828125 0.000000 1549.254883 0.000000 0.894973 0.000000 -0.446119 0.333651 0.333651 0.333651
5091.024414 0.000000 1545.650269 0.000000 0.997637 0.000000 -0.068707 0.263670 0.263670 0.263670
5100.304199 0.000000 1548.777466 0.000000 0.899676 0.000000 -0.436559 0.323154 0.323154 0.323154
5060.386230 0.000000 1535.495117 0.000000 0.787532 0.000000 -0.616273 0.362365 0.362365 0.362365
5095.139160 0.000000 1548.805786 0.000000 0.836287 0.000000 -0.548291 0.348370 0.348370 0.348370
4640.264648 0.000000 1603.431030 0.000000 0.812995 0.000000 -0.582270 0.248932 0.248932 0.248932
4638.773926 0.000000 1598.034180 0.000000 0.838271 0.000000 -0.545253 0.329914 0.329914 0.329914
4667.875488 0.000000 1595.768677 0.000000 0.992389 0.000000 -0.123145 0.230368 0.230368 0.230368
4662.755859 0.000000 1607.657959 0.000000 0.835135 0.000000 -0.550045 0.274765 0.274765 0.274765
4667.669434 0.000000 1601.267334 0.000000 0.961124 0.000000 -0.276116 0.324686 0.324686 0.324686
4656.749512 0.000000 1604.170166 0.000000 0.847267 0.000000 -0.531168 0.376563 0.376563 0.376563
4663.476074 0.000000 1593.457764 0.000000 0.941557 0.000000 -0.336854 0.299966 0.299966 0.299966
4661.912598 0.000000 1604.341187 0.000000 0.917306 0.000000 -0.398183 0.400272 0.400272 0.400272
4659.659180 0.000000 1605.678589 0.000000 0.940526 0.000000 -0.339720 0.426480 0.426480 0.426480
4641.640625 0.000000 1598.714478 0.000000 0.941928 0.000000 -0.335815 0.415473 0.415473 0.415473
4689.893555 0.000000 1594.877319 0.000000 0.969452 0.000000 -0.245281 0.226314 0.226314 0.226314
4701.234863 0.000000 1605.271240 0.000000 0.929307 0.000000 -0.369308 0.304646 0.304646 0.304646
4685.243652 0.000000 1588.803589 0.000000 0.750046 0.000000 -0.661386 0.359305 0.359305 0.359305
4678.202148 0.000000 1593.075317 0.000000 0.949887 0.000000 -0.312593 0.346879 0.346879 0.346879
4687.212891 0.000000 1594.015869 0.000000 0.894131 0.000000 -0.447806 0.226805 0.226805 0.226805
4683.020996 0.000000 1592.804810 0.000000 0.956441 0.000000 -0.291927 0.387808 0.387808 0.387808
4692.110352 0.000000 1595.200317 0.000000 0.957396 0.000000 -0.288780 0.365458 0.365458 0.365458
4679.854492 0.000000 1592.310547 0.000000 0.858906 0.000000 -0.512133 0.355855 0.355855 0.355855
4685.156250 0.000000 1590.498901 0.000000 0.817759 0.000000 -0.575561 0.369630 0.369630 0.369630
4681.760254 0.000000 1590.264160 0.000000 0.897980 0.000000 -0.440037 0.427692 0.427692 0.427692
4704.531738 0.000000 1604.750122 0.000000 0.772255 0.000000 -0.635313 0.446232 0.446232 0.446232
4694.991211 0.000000 1593.841309 0.000000 0.745694 0.000000 -0.666289 0.453160 0.453160 0.453160
4694.552246 0.000000 1605.810791 0.000000 0.816289 0.000000 -0.577644 0.441358 0.441358 0.441358
4701.867188 0.000000 1602.420166 0.000000 0.991854 0.000000 -0.127377 0.392870 0.392870 0.392870
4783.812988 0.000000 1613.666992 0.000000 0.945189 0.000000 -0.326523 0.384750 0.384750 0.384750
4821.939941 0.000000 1606.895874 0.000000 0.852893 0.000000 -0.522085 0.358952 0.358952 0.358952
5168.887695 0.000000 1154.562988 0.000000 0.984589 0.000000 -0.174885 0.276481 0.276481 0.276481
5180.605469 0.000000 1161.614136 0.000000 0.802932 0.000000 -0.596071 0.357297 0.357297 0.357297
5181.495117 0.000000 1148.847778 0.000000 0.838429 0.000000 -0.545010 0.346906 0.346906 0.346906
5178.544922 0.000000 1161.658203 0.000000 0.933340 0.000000 -0.358993 0.321575 0.321575 0.321575
5175.306152 0.000000 1151.511108 0.000000 0.970152 0.000000 -0.242496 0.418712 0.418712 0.418712
5198.146973 0.000000 1151.541016 0.000000 0.845737 0.000000 -0.533599 0.204497 0.204497 0.204497
5239.033203 0.000000 1168.135376 0.000000 0.775553 0.000000 -0.631282 0.262752 0.262752 0.262752
5234.616699 0.000000 1175.740723 0.000000 0.745613 0.000000 -0.666379 0.221413 0.221413 0.221413
5186.892090 0.000000 1167.888794 0.000000 0.726600 0.000000 -0.687060 0.313076 0.313076 0.313076
5237.008789 0.000000 1173.909302 0.000000 0.998248 0.000000 -0.059162 0.299845 0.299845 0.299845
5184.956543 0.000000 1170.807373 0.000000 0.919290 0.000000 -0.393582 0.239290 0.239290 0.239290
5187.928711 0.000000 1159.819458 0.000000 0.949862 0.000000 -0.312670 0.298026 0.298026 0.298026
5193.114258 0.000000 1159.801270 0.000000 0.982659 0.000000 -0.185423 0.258043 0.258043 0.258043
5206.347168 0.000000 1152.331177 0.000000 0.765723 0.000000 -0.643171 0.407901 0.407901 0.407901
5238.093750 0.000000 1153.954834 0.000000 0.988669 0.000000 -0.150115 0.355309 0.355309 0.355309
5193.975098 0.000000 1167.199585 0.000000 0.963968 0.000000 -0.266020 0.363136 0.363136 0.363136
5242.544922 0.000000 1161.658203 0.000000 0.965433 0.000000 -0.260653 0.399557 0.399557 0.399557
5241.095215 0.000000 1153.467163 0.000000 0.974065 0.000000 -0.226268 0.355225 0.355225 0.355225
5189.865234 0.000000 1164.513550 0.000000 0.826874 0.000000 -0.562387 0.368930 0.368930 0.368930
5186.917480 0.000000 1163.116943 0.000000 0.964998 0.000000 -0.262257 0.341098 0.341098 0.341098
5194.271484 0.000000 1158.789307 0.000000 0.994632 0.000000 -0.103478 0.407065 0.407065 0.407065
5197.583496 0.000000 1162.456421 0.000000 0.983566 0.000000 -0.180548 0.379300 0.379300 0.379300
5240.776367 0.000000 1156.530640 0.000000 0.790107 0.000000 -0.612968 0.446288 0.446288 0.446288
5185.285645 0.000000 1158.799438 0.000000 0.843561 0.000000 -0.537033 0.440903 0.440903 0.440903
5184.026367 0.000000 1166.804565 0.000000 0.919376 0.000000 -0.393380 0.427758 0.427758 0.427758
5239.306152 0.000000 1151.511108 0.000000 0.988164 0.000000 -0.153403 0.411766 0.411766 0.411766
5221.650391 0.000000 1168.839844 0.000000 0.976518 0.000000 -0.215437 0.415612 0.415612 0.415612
5207.879395 0.000000 1157.300537 0.000000 0.989522 0.000000 -0.144384 0.411069 0.411069 0.411069
5200.823242 0.000000 1151.292236 0.000000 0.909857 0.000000 -0.414923 0.432686 0.432686 0.432686
5205.595215 0.000000 1160.855103 0.000000 0.905326 0.000000 -0.424717 0.429458 0.429458 0.429458
5208.600586 0.000000 1152.793823 0.000000 0.815039 0.000000 -0.579406 0.447212 0.447212 0.447212
5223.639160 0.000000 1151.097290 0.000000 0.888602 0.000000 -0.458679 0.436403 0.436403 0.436403
5224.736816 0.000000 1157.478760 0.000000 0.998943 0.000000 -0.045974 0.403513 0.403513 0.403513
5238.526367 0.000000 1148.263672 0.000000 0.992112 0.000000 -0.125355 0.409602 0.409602 0.409602
5187.138672 0.000000 1168.944092 0.000000 0.748029 0.000000 -0.663666 0.455440 0.455440 0.455440
6041.550293 0.000000 915.351440 0.000000 0.999881 0.000000 -0.015451 0.234415 0.234415 0.234415
6040.357910 0.000000 912.260986 0.000000 0.980685 0.000000 -0.195594 0.218664 0.218664 0.218664
6322.281250 0.000000 325.491089 0.000000 0.938652 0.000000 -0.344865 0.233695 0.233695 0.233695
6282.048340 0.000000 327.922180 0.000000 0.720092 0.000000 -0.693878 0.291970 0.291970 0.291970
6277.002930 0.000000 318.549866 0.000000 0.761185 0.000000 -0.648535 0.209857 0.209857 0.209857
6321.044434 0.000000 331.105835 0.000000 0.925736 0.000000 -0.378169 0.215029 0.215029 0.215029
6308.675781 0.000000 315.263947 0.000000 0.961405 0.000000 -0.275139 0.203247 0.203247 0.203247
6320.015137 0.000000 310.203339 0.000000 0.994437 0.000000 -0.105331 0.241545 0.241545 0.241545
6278.113770 0.000000 321.380371 0.000000 0.992568 0.000000 -0.121694 0.213168 0.213168 0.213168
6330.107422 0.000000 337.622284 0.000000 0.731353 0.000000 -0.681999 0.226734 0.226734 0.226734
6325.008789 0.000000 326.643738 0.000000 0.992401 0.000000 -0.123044 0.228073 0.228073 0.228073
6305.651855 0.000000 318.619354 0.000000 0.893344 0.000000 -0.449373 0.259887 0.259887 0.259887
6285.897461 0.000000 325.529816 0.000000 0.963140 0.000000 -0.269000 0.300341 0.300341 0.300341
6336.354004 0.000000 330.389771 0.000000 0.952748 0.000000 -0.303763 0.202042 0.202042 0.202042
6337.469238 0.000000 336.969971 0.000000 0.876500 0.000000 -0.481402 0.204075 0.204075 0.204075
6353.116211 0.000000 329.669373 0.000000 0.996633 0.000000 -0.081987 0.205893 0.205893 0.205893
6342.656738 0.000000 331.239655 0.000000 0.933674 0.000000 -0.358125 0.251941 0.251941 0.251941
6345.349609 0.000000 334.976929 0.000000 0.793735 0.000000 -0.608264 0.298334 0.298334 0.298334
6344.026367 0.000000 336.876282 0.000000 0.845246 0.000000 -0.534377 0.269310 0.269310 0.269310
6240.264648 0.000000 417.259155 0.000000 0.764831 0.000000 -0.644230 0.205155 0.205155 0.205155
6241.639160 0.000000 425.428223 0.000000 0.978881 0.000000 -0.204430 0.212972 0.212972 0.212972
6269.524414 0.000000 400.904053 0.000000 0.915287 0.000000 -0.402803 0.203157 0.203157 0.203157
6244.049805 0.000000 431.680206 0.000000 0.982874 0.000000 -0.184279 0.203500 0.203500 0.203500
6271.291016 0.000000 395.795685 0.000000 0.812763 0.000000 -0.582595 0.218916 0.218916 0.218916
6250.157715 0.000000 418.226868 0.000000 0.922489 0.000000 -0.386024 0.216322 0.216322 0.216322
6249.764648 0.000000 423.714844 0.000000 0.977892 0.000000 -0.209111 0.209545 0.209545 0.209545
6252.817383 0.000000 404.916626 0.000000 0.817443 0.000000 -0.576009 0.290837 0.290837 0.290837
6253.457031 0.000000 399.604156 0.000000 0.899610 0.000000 -0.436694 0.280615 0.280615 0.280615
6263.033203 0.000000 433.838531 0.000000 0.821191 0.000000 -0.570653 0.227432 0.227432 0.227432
6261.610352 0.000000 430.883453 0.000000 0.896479 0.000000 -0.443085 0.240131 0.240131 0.240131
6251.550781 0.000000 402.190399 0.000000 0.724075 0.000000 -0.689721 0.243501 0.243501 0.243501
6246.386719 0.000000 417.738708 0.000000 0.763810 0.000000 -0.645442 0.241324 0.241324 0.241324
6259.339844 0.000000 430.679993 0.000000 0.859025 0.000000 -0.511934 0.253762 0.253762 0.253762
6245.382812 0.000000 422.972656 0.000000 0.998958 0.000000 -0.045636 0.250721 0.250721 0.250721
6314.064453 0.000000 390.230042 0.000000 0.997502 0.000000 -0.070643 0.244371 0.244371 0.244371
6313.246582 0.000000 387.218018 0.000000 0.972960 0.000000 -0.230975 0.224947 0.224947 0.224947
6314.622559 0.000000 392.931305 0.000000 0.856147 0.000000 -0.516732 0.282749 0.282749 0.282749
6329.683105 0.000000 341.061981 0.000000 0.953238 0.000000 -0.302221 0.256848 0.256848 0.256848
6334.677246 0.000000 341.452301 0.000000 0.993970 0.000000 -0.109652 0.240472 0.240472 0.240472
6324.417969 0.000000 369.231262 0.000000 0.928115 0.000000 -0.372294 0.272862 0.272862 0.272862
6334.998535 0.000000 362.887848 0.000000 0.801029 0.000000 -0.598626 0.273480 0.273480 0.273480
6333.495117 0.000000 358.066467 0.000000 0.979705 0.000000 -0.200443 0.294756 0.294756 0.294756
6326.250977 0.000000 366.669525 0.000000 0.930241 0.000000 -0.366948 0.341748 0.341748 0.341748
6339.834473 0.000000 338.908783 0.000000 0.727268 0.000000 -0.686354 0.205194 0.205194 0.205194
6343.674805 0.000000 362.852264 0.000000 0.898108 0.000000 -0.439775 0.203240 0.203240 0.203240
6361.924805 0.000000 392.146729 0.000000 0.877735 0.000000 -0.479147 0.203680 0.203680 0.203680
6367.273438 0.000000 393.782654 0.000000 0.912839 0.000000 -0.408321 0.228647 0.228647 0.228647
6336.522461 0.000000 354.608307 0.000000 0.789143 0.000000 -0.614209 0.205862 0.205862 0.205862
6336.205078 0.000000 361.324921 0.000000 0.989577 0.000000 -0.144002 0.281530 0.281530 0.281530
6364.116211 0.000000 394.321869 0.000000 0.923174 0.000000 -0.384383 0.259737 0.259737 0.259737
6337.541504 0.000000 360.070312 0.000000 0.867422 0.000000 -0.497572 0.291058 0.291058 0.291058
6313.423340 0.000000 427.812836 0.000000 0.716460 0.000000 -0.697628 0.206650 0.206650 0.206650
6333.733887 0.000000 429.600861 0.000000 0.745774 0.000000 -0.666199 0.205006 0.205006 0.205006
6291.921875 0.000000 419.716034 0.000000 0.963023 0.000000 -0.269421 0.282388 0.282388 0.282388
6297.268555 0.000000 411.799744 0.000000 0.963997 0.000000 -0.265912 0.202352 0.202352 0.202352
6319.844727 0.000000 402.501068 0.000000 0.893065 0.000000 -0.449928 0.203728 0.203728 0.203728
6291.298340 0.000000 413.337799 0.000000 0.956342 0.000000 -0.292250 0.202777 0.202777 0.202777
6321.916504 0.000000 413.180634 0.000000 0.987808 0.000000 -0.155678 0.201405 0.201405 0.201405
6335.097656 0.000000 434.779846 0.000000 0.975344 0.000000 -0.220692 0.202055 0.202055 0.202055
6294.690430 0.000000 423.407532 0.000000 0.884622 0.000000 -0.466308 0.204542 0.204542 0.204542
6290.409180 0.000000 423.800140 0.000000 0.732125 0.000000 -0.681170 0.278371 0.278371 0.278371
6283.937012 0.000000 428.160004 0.000000 0.948792 0.000000 -0.315900 0.222563 0.222563 0.222563
6334.612305 0.000000 447.030914 0.000000 0.726748 0.000000 -0.686904 0.210373 0.210373 0.210373
6330.308594 0.000000 439.990173 0.000000 0.852206 0.000000 -0.523206 0.262757 0.262757 0.262757
6308.219727 0.000000 435.548126 0.000000 0.954180 0.000000 -0.299234 0.227071 0.227071 0.227071
6313.927734 0.000000 440.123901 0.000000 0.904126 0.000000 -0.427266 0.208417 0.208417 0.208417
6289.216309 0.000000 435.271912 0.000000 0.884590 0.000000 -0.466369 0.211282 0.211282 0.211282
6288.310547 0.000000 420.185242 0.000000 0.925184 0.000000 -0.379519 0.297567 0.297567 0.297567
6334.830566 0.000000 442.625763 0.000000 0.921094 0.000000 -0.389340 0.259841 0.259841 0.259841
6332.370605 0.000000 441.287262 0.000000 0.825970 0.000000 -0.563713 0.268763 0.268763 0.268763
6287.150391 0.000000 449.001617 0.000000 0.987282 0.000000 -0.158976 0.267957 0.267957 0.267957
6289.040527 0.000000 447.926117 0.000000 0.754877 0.000000 -0.655866 0.280245 0.280245 0.280245
6336.354004 0.000000 443.358521 0.000000 0.742727 0.000000 -0.669594 0.266300 0.266300 0.266300
6366.802246 0.000000 395.451782 0.000000 0.875565 0.000000 -0.483100 0.235908 0.235908 0.235908
6362.616699 0.000000 401.600037 0.000000 0.798358 0.000000 -0.602183 0.224184 0.224184 0.224184
6349.066406 0.000000 448.606812 0.000000 0.996254 0.000000 -0.086471 0.200702 0.200702 0.200702
6350.716309 0.000000 405.124268 0.000000 0.944149 0.000000 -0.329517 0.212072 0.212072 0.212072
6340.861816 0.000000 423.345154 0.000000 0.981769 0.000000 -0.190080 0.201814 0.201814 0.201814
6336.390625 0.000000 438.940765 0.000000 0.722520 0.000000 -0.691350 0.234553 0.234553 0.234553
6336.073242 0.000000 433.952087 0.000000 0.987041 0.000000 -0.160465 0.247108 0.247108 0.247108
6340.061523 0.000000 411.600220 0.000000 0.931723 0.000000 -0.363169 0.258083 0.258083 0.258083
6342.798828 0.000000 409.657593 0.000000 0.914480 0.000000 -0.404632 0.228592 0.228592 0.228592
6345.939941 0.000000 410.679077 0.000000 0.990128 0.000000 -0.140169 0.259443 0.259443 0.259443
6356.862305 0.000000 444.057648 0.000000 0.999757 0.000000 -0.022051 0.230017 0.230017 0.230017
6269.733887 0.000000 486.085236 0.000000 0.991955 0.000000 -0.126587 0.254557 0.254557 0.254557
6268.270508 0.000000 500.208832 0.000000 0.993453 0.000000 -0.114239 0.200815 0.200815 0.200815
6223.347656 0.000000 452.159058 0.000000 0.986744 0.000000 -0.162287 0.207882 0.207882 0.207882
6242.139648 0.000000 453.601318 0.000000 0.999653 0.000000 -0.026327 0.212067 0.212067 0.212067
6267.742676 0.000000 489.552002 0.000000 0.727584 0.000000 -0.686019 0.253741 0.253741 0.253741
6266.988770 0.000000 485.509064 0.000000 0.855109 0.000000 -0.518448 0.289132 0.289132 0.289132
6259.409180 0.000000 477.361237 0.000000 0.938703 0.000000 -0.344726 0.275846 0.275846 0.275846
6260.417969 0.000000 482.200012 0.000000 0.905102 0.000000 -0.425194 0.287750 0.287750 0.287750
6258.491699 0.000000 475.515259 0.000000 0.958084 0.000000 -0.286487 0.262492 0.262492 0.262492
6263.627441 0.000000 482.502472 0.000000 0.840231 0.000000 -0.542229 0.321996 0.321996 0.321996
6335.683594 0.000000 464.915436 0.000000 0.747500 0.000000 -0.664261 0.210066 0.210066 0.210066
6311.866699 0.000000 493.578552 0.000000 0.916878 0.000000 -0.399167 0.202819 0.202819 0.202819
6294.797363 0.000000 452.849640 0.000000 0.744064 0.000000 -0.668109 0.206850 0.206850 0.206850
6321.916504 0.000000 469.665009 0.000000 0.796865 0.000000 -0.604158 0.206154 0.206154 0.206154
6318.917969 0.000000 473.189728 0.000000 0.860654 0.000000 -0.509190 0.217908 0.217908 0.217908
6327.430664 0.000000 465.752045 0.000000 0.951589 0.000000 -0.307374 0.208281 0.208281 0.208281
6313.764648 0.000000 480.199219 0.000000 0.987692 0.000000 -0.156413 0.201412 0.201412 0.201412
6324.612793 0.000000 467.586975 0.000000 0.996624 0.000000 -0.082101 0.217256 0.217256 0.217256
6314.699707 0.000000 492.253815 0.000000 0.710912 0.000000 -0.703281 0.251552 0.251552 0.251552
6322.616699 0.000000 497.928223 0.000000 0.994227 0.000000 -0.107293 0.231279 0.231279 0.231279
6319.560547 0.000000 494.638641 0.000000 0.970789 0.000000 -0.239936 0.253253 0.253253 0.253253
6321.258789 0.000000 489.331970 0.000000 0.999867 0.000000 -0.016331 0.228809 0.228809 0.228809
6315.827148 0.000000 490.061768 0.000000 0.864476 0.000000 -0.502674 0.271053 0.271053 0.271053
6334.188965 0.000000 466.949615 0.000000 0.714950 0.000000 -0.699176 0.267085 0.267085 0.267085
6319.125977 0.000000 490.792145 0.000000 0.889294 0.000000 -0.457336 0.312530 0.312530 0.312530
6339.834473 0.000000 451.877533 0.000000 0.919948 0.000000 -0.392042 0.205636 0.205636 0.205636
6338.164551 0.000000 471.246552 0.000000 0.774374 0.000000 -0.632728 0.205302 0.205302 0.205302
"}
object={
	name="baobab_generator_2_3"
	clamp_to_water_level=no
	render_under_water=no
	generated_content=yes
	layer="semidynamic_medium"
	pdxmesh="tree_baobab_04_mesh"
	count=797
	transform="1065.206665 0.000000 1477.137451 0.000000 0.327946 0.000000 -0.944697 0.210652 0.210652 0.210652
1076.600708 0.000000 1491.807617 0.000000 0.094817 0.000000 -0.995495 0.209764 0.209764 0.209764
1085.734009 0.000000 1502.803955 0.000000 0.538183 0.000000 -0.842828 0.263342 0.263342 0.263342
1054.773926 0.000000 1485.065430 0.000000 0.422676 0.000000 -0.906281 0.210196 0.210196 0.210196
1065.396362 0.000000 1482.352661 0.000000 0.207831 0.000000 -0.978165 0.255465 0.255465 0.255465
1057.456543 0.000000 1482.518677 0.000000 0.651779 0.000000 -0.758409 0.250260 0.250260 0.250260
1059.651001 0.000000 1491.536133 0.000000 0.027318 0.000000 -0.999627 0.240929 0.240929 0.240929
1076.968994 0.000000 1472.951660 0.000000 0.305172 0.000000 -0.952297 0.227626 0.227626 0.227626
1059.895264 0.000000 1481.107422 0.000000 0.503438 0.000000 -0.864031 0.297265 0.297265 0.297265
1083.279419 0.000000 1493.795288 0.000000 0.604504 0.000000 -0.796602 0.313630 0.313630 0.313630
1060.534668 0.000000 1485.771851 0.000000 0.168952 0.000000 -0.985624 0.314854 0.314854 0.314854
1084.546265 0.000000 1496.533447 0.000000 0.412105 0.000000 -0.911137 0.305454 0.305454 0.305454
1083.596436 0.000000 1485.120117 0.000000 0.536966 0.000000 -0.843604 0.275632 0.275632 0.275632
1084.605713 0.000000 1500.520386 0.000000 0.679651 0.000000 -0.733535 0.324531 0.324531 0.324531
1059.248779 0.000000 1482.955078 0.000000 0.544954 0.000000 -0.838466 0.319885 0.319885 0.319885
1088.290283 0.000000 1502.958862 0.000000 0.074066 0.000000 -0.997253 0.212704 0.212704 0.212704
1101.467529 0.000000 1484.149048 0.000000 0.693813 0.000000 -0.720155 0.265032 0.265032 0.265032
1088.315308 0.000000 1495.019287 0.000000 0.370328 0.000000 -0.928901 0.208477 0.208477 0.208477
1113.924683 0.000000 1521.834229 0.000000 0.189263 0.000000 -0.981926 0.210166 0.210166 0.210166
1089.476685 0.000000 1475.052490 0.000000 0.574053 0.000000 -0.818818 0.220188 0.220188 0.220188
1102.146729 0.000000 1490.447266 0.000000 0.055985 0.000000 -0.998432 0.263701 0.263701 0.263701
1107.298462 0.000000 1486.540894 0.000000 0.532114 0.000000 -0.846672 0.220747 0.220747 0.220747
1102.716187 0.000000 1478.327393 0.000000 0.148889 0.000000 -0.988854 0.242156 0.242156 0.242156
1119.273193 0.000000 1523.470215 0.000000 0.352621 0.000000 -0.935766 0.235203 0.235203 0.235203
1145.614258 0.000000 1520.974854 0.000000 0.639577 0.000000 -0.768727 0.207990 0.207990 0.207990
1130.064331 0.000000 1519.917603 0.000000 0.510769 0.000000 -0.859718 0.209041 0.209041 0.209041
1098.276367 0.000000 1489.201172 0.000000 0.488893 0.000000 -0.872344 0.237278 0.237278 0.237278
1088.173096 0.000000 1470.418335 0.000000 0.364390 0.000000 -0.931246 0.210915 0.210915 0.210915
1134.444580 0.000000 1519.955933 0.000000 0.094785 0.000000 -0.995498 0.213817 0.213817 0.213817
1100.396729 0.000000 1481.101562 0.000000 0.465703 0.000000 -0.884941 0.233605 0.233605 0.233605
1120.693359 0.000000 1520.582031 0.000000 0.479542 0.000000 -0.877519 0.275587 0.275587 0.275587
1103.212769 0.000000 1481.047119 0.000000 0.672979 0.000000 -0.739662 0.266891 0.266891 0.266891
1098.423096 0.000000 1492.341309 0.000000 0.218690 0.000000 -0.975794 0.249631 0.249631 0.249631
1140.503296 0.000000 1523.011353 0.000000 0.652741 0.000000 -0.757581 0.271399 0.271399 0.271399
1137.258545 0.000000 1506.050781 0.000000 0.437542 0.000000 -0.899198 0.254395 0.254395 0.254395
1102.008911 0.000000 1488.338867 0.000000 0.313608 0.000000 -0.949552 0.300807 0.300807 0.300807
1103.814819 0.000000 1489.225708 0.000000 0.080832 0.000000 -0.996728 0.306448 0.306448 0.306448
1138.281372 0.000000 1568.147339 0.000000 0.559744 0.000000 -0.828666 0.287400 0.287400 0.287400
1140.600708 0.000000 1548.291992 0.000000 0.370586 0.000000 -0.928798 0.207732 0.207732 0.207732
1129.423462 0.000000 1557.500366 0.000000 0.074115 0.000000 -0.997250 0.216375 0.216375 0.216375
1118.802368 0.000000 1525.139282 0.000000 0.316483 0.000000 -0.948598 0.259303 0.259303 0.259303
1119.430420 0.000000 1535.850098 0.000000 0.541239 0.000000 -0.840869 0.339923 0.339923 0.339923
1140.885132 0.000000 1576.829224 0.000000 0.095532 0.000000 -0.995426 0.211232 0.211232 0.211232
1124.050049 0.000000 1561.367676 0.000000 0.522792 0.000000 -0.852460 0.207899 0.207899 0.207899
1145.915649 0.000000 1535.792847 0.000000 0.160959 0.000000 -0.986961 0.214142 0.214142 0.214142
1122.074463 0.000000 1530.597900 0.000000 0.109929 0.000000 -0.993939 0.310296 0.310296 0.310296
1137.044556 0.000000 1573.762085 0.000000 0.071117 0.000000 -0.997468 0.260534 0.260534 0.260534
1139.521606 0.000000 1553.087036 0.000000 0.663316 0.000000 -0.748340 0.206966 0.206966 0.206966
1138.569214 0.000000 1581.051880 0.000000 0.631175 0.000000 -0.775641 0.252012 0.252012 0.252012
1150.127319 0.000000 1542.518066 0.000000 0.062259 0.000000 -0.998060 0.325322 0.325322 0.325322
1126.192993 0.000000 1530.785034 0.000000 0.479658 0.000000 -0.877456 0.209621 0.209621 0.209621
1118.227295 0.000000 1529.635498 0.000000 0.048589 0.000000 -0.998819 0.363568 0.363568 0.363568
1137.158813 0.000000 1559.706543 0.000000 0.377641 0.000000 -0.925952 0.222680 0.222680 0.222680
1124.219849 0.000000 1565.235596 0.000000 0.581700 0.000000 -0.813403 0.208657 0.208657 0.208657
1132.877319 0.000000 1558.865112 0.000000 0.250108 0.000000 -0.968218 0.228296 0.228296 0.228296
1129.927490 0.000000 1569.811401 0.000000 0.516471 0.000000 -0.856304 0.227549 0.227549 0.227549
1121.456543 0.000000 1539.003052 0.000000 0.595549 0.000000 -0.803319 0.223792 0.223792 0.223792
1136.763550 0.000000 1564.884521 0.000000 0.048192 0.000000 -0.998838 0.333493 0.333493 0.333493
1116.263916 0.000000 1534.374146 0.000000 0.335494 0.000000 -0.942042 0.273044 0.273044 0.273044
1142.496216 0.000000 1554.386963 0.000000 0.580314 0.000000 -0.814393 0.306122 0.306122 0.306122
1127.131470 0.000000 1560.057251 0.000000 0.127710 0.000000 -0.991812 0.225561 0.225561 0.225561
1138.278564 0.000000 1555.786987 0.000000 0.456861 0.000000 -0.889538 0.224371 0.224371 0.224371
1138.616577 0.000000 1571.131348 0.000000 0.274959 0.000000 -0.961456 0.272814 0.272814 0.272814
1126.885986 0.000000 1569.239868 0.000000 0.526303 0.000000 -0.850297 0.234033 0.234033 0.234033
1135.961792 0.000000 1580.338013 0.000000 0.282219 0.000000 -0.959350 0.236160 0.236160 0.236160
1149.258179 0.000000 1537.092407 0.000000 0.188471 0.000000 -0.982079 0.260059 0.260059 0.260059
1137.258545 0.000000 1562.535156 0.000000 0.542187 0.000000 -0.840258 0.304531 0.304531 0.304531
1147.596436 0.000000 1541.604492 0.000000 0.684140 0.000000 -0.729350 0.274531 0.274531 0.274531
1116.903564 0.000000 1531.699463 0.000000 0.419323 0.000000 -0.907837 0.310998 0.310998 0.310998
1137.177856 0.000000 1566.691406 0.000000 0.638387 0.000000 -0.769715 0.311052 0.311052 0.311052
1120.870728 0.000000 1532.323608 0.000000 0.620363 0.000000 -0.784314 0.340927 0.340927 0.340927
1123.859863 0.000000 1530.760498 0.000000 0.410412 0.000000 -0.911900 0.302634 0.302634 0.302634
1120.706299 0.000000 1529.227417 0.000000 0.533048 0.000000 -0.846085 0.330233 0.330233 0.330233
1151.487793 0.000000 1541.406250 0.000000 0.667327 0.000000 -0.744764 0.348577 0.348577 0.348577
1189.084961 0.000000 1483.391357 0.000000 0.212254 0.000000 -0.977215 0.284180 0.284180 0.284180
1186.074463 0.000000 1474.113525 0.000000 0.221450 0.000000 -0.975172 0.212615 0.212615 0.212615
1203.521606 0.000000 1496.602661 0.000000 0.658520 0.000000 -0.752563 0.217712 0.217712 0.217712
1190.658447 0.000000 1476.814697 0.000000 0.465412 0.000000 -0.885094 0.321098 0.321098 0.321098
1190.213745 0.000000 1478.607056 0.000000 0.527364 0.000000 -0.849639 0.323321 0.323321 0.323321
1276.270508 0.000000 1516.927612 0.000000 0.186052 0.000000 -0.982540 0.284724 0.284724 0.284724
1261.255371 0.000000 1523.469238 0.000000 0.515884 0.000000 -0.856658 0.206935 0.206935 0.206935
1268.885132 0.000000 1520.344849 0.000000 0.555995 0.000000 -0.831186 0.216516 0.216516 0.216516
1222.599243 0.000000 1521.694702 0.000000 0.470992 0.000000 -0.882138 0.208227 0.208227 0.208227
1253.084961 0.000000 1483.391357 0.000000 0.165357 0.000000 -0.986234 0.259007 0.259007 0.259007
1230.146729 0.000000 1490.447266 0.000000 0.320495 0.000000 -0.947250 0.319670 0.319670 0.319670
1270.872192 0.000000 1514.928101 0.000000 0.071323 0.000000 -0.997453 0.211604 0.211604 0.211604
1220.956909 0.000000 1514.760864 0.000000 0.481751 0.000000 -0.876308 0.310588 0.310588 0.310588
1273.614258 0.000000 1520.974854 0.000000 0.565562 0.000000 -0.824706 0.288616 0.288616 0.288616
1258.157837 0.000000 1491.430054 0.000000 0.473369 0.000000 -0.880864 0.236174 0.236174 0.236174
1248.344604 0.000000 1506.911377 0.000000 0.466942 0.000000 -0.884288 0.252502 0.252502 0.252502
1223.290527 0.000000 1511.438843 0.000000 0.455558 0.000000 -0.890206 0.221726 0.221726 0.221726
1232.310547 0.000000 1493.388306 0.000000 0.551923 0.000000 -0.833895 0.244253 0.244253 0.244253
1231.712891 0.000000 1487.207886 0.000000 0.572895 0.000000 -0.819629 0.230672 0.230672 0.230672
1233.983643 0.000000 1489.962036 0.000000 0.075551 0.000000 -0.997142 0.351529 0.351529 0.351529
1272.579102 0.000000 1517.756104 0.000000 0.517285 0.000000 -0.855813 0.276097 0.276097 0.276097
1222.656738 0.000000 1517.411499 0.000000 0.194681 0.000000 -0.980867 0.258527 0.258527 0.258527
1227.443359 0.000000 1498.580811 0.000000 0.645635 0.000000 -0.763647 0.260948 0.260948 0.260948
1274.085693 0.000000 1515.752319 0.000000 0.380898 0.000000 -0.924617 0.241631 0.241631 0.241631
1250.441895 0.000000 1502.557129 0.000000 0.623253 0.000000 -0.782020 0.304716 0.304716 0.304716
1275.743408 0.000000 1519.321289 0.000000 0.621979 0.000000 -0.783034 0.306131 0.306131 0.306131
1249.051514 0.000000 1500.785278 0.000000 0.183713 0.000000 -0.982980 0.277469 0.277469 0.277469
1179.221802 0.000000 1571.106689 0.000000 0.023077 0.000000 -0.999734 0.211785 0.211785 0.211785
1198.271362 0.000000 1562.366577 0.000000 0.191819 0.000000 -0.981430 0.210147 0.210147 0.210147
1208.634888 0.000000 1560.866699 0.000000 0.642734 0.000000 -0.766090 0.282381 0.282381 0.282381
1185.638062 0.000000 1571.846802 0.000000 0.525312 0.000000 -0.850910 0.247402 0.247402 0.247402
1184.344604 0.000000 1563.395752 0.000000 0.096998 0.000000 -0.995285 0.327463 0.327463 0.327463
1157.963745 0.000000 1545.777100 0.000000 0.191817 0.000000 -0.981431 0.220700 0.220700 0.220700
1181.565796 0.000000 1568.376831 0.000000 0.649994 0.000000 -0.759939 0.234622 0.234622 0.234622
1214.830811 0.000000 1572.313232 0.000000 0.507147 0.000000 -0.861859 0.274957 0.274957 0.274957
1184.506104 0.000000 1569.735962 0.000000 0.557728 0.000000 -0.830024 0.294347 0.294347 0.294347
1215.035522 0.000000 1566.686279 0.000000 0.675138 0.000000 -0.737691 0.324720 0.324720 0.324720
1185.958618 0.000000 1565.307129 0.000000 0.490559 0.000000 -0.871408 0.320283 0.320283 0.320283
1215.474121 0.000000 1570.302612 0.000000 0.630059 0.000000 -0.776547 0.309974 0.309974 0.309974
1212.200928 0.000000 1569.150757 0.000000 0.602694 0.000000 -0.797972 0.365883 0.365883 0.365883
1209.390381 0.000000 1567.485352 0.000000 0.367169 0.000000 -0.930154 0.365933 0.365933 0.365933
1211.111816 0.000000 1566.201172 0.000000 0.131402 0.000000 -0.991329 0.438752 0.438752 0.438752
1216.354126 0.000000 1573.046021 0.000000 0.572820 0.000000 -0.819681 0.274766 0.274766 0.274766
1268.600708 0.000000 1548.291992 0.000000 0.610848 0.000000 -0.791748 0.230075 0.230075 0.230075
1248.264404 0.000000 1546.946655 0.000000 0.074166 0.000000 -0.997246 0.210835 0.210835 0.210835
1251.530884 0.000000 1575.666626 0.000000 0.590822 0.000000 -0.806802 0.206445 0.206445 0.206445
1216.290283 0.000000 1559.443237 0.000000 0.010643 0.000000 -0.999943 0.285300 0.285300 0.285300
1261.255371 0.000000 1579.953613 0.000000 0.336217 0.000000 -0.941784 0.221819 0.221819 0.221819
1268.449829 0.000000 1557.838623 0.000000 0.646610 0.000000 -0.762821 0.210200 0.210200 0.210200
1219.716309 0.000000 1566.184326 0.000000 0.610207 0.000000 -0.792242 0.252448 0.252448 0.252448
1260.186279 0.000000 1572.786377 0.000000 0.655933 0.000000 -0.754819 0.264675 0.264675 0.264675
1254.465210 0.000000 1550.175903 0.000000 0.012253 0.000000 -0.999925 0.342412 0.342412 0.342412
1274.165039 0.000000 1547.628784 0.000000 0.148367 0.000000 -0.988932 0.242163 0.242163 0.242163
1252.219849 0.000000 1565.235596 0.000000 0.290561 0.000000 -0.956857 0.212105 0.212105 0.212105
1275.742432 0.000000 1562.755127 0.000000 0.474849 0.000000 -0.880068 0.272925 0.272925 0.272925
1251.373291 0.000000 1552.021484 0.000000 0.607794 0.000000 -0.794094 0.210689 0.210689 0.210689
1275.669312 0.000000 1544.782959 0.000000 0.502609 0.000000 -0.864514 0.264088 0.264088 0.264088
1254.643433 0.000000 1576.780273 0.000000 0.392222 0.000000 -0.919870 0.246935 0.246935 0.246935
1222.827515 0.000000 1581.077026 0.000000 0.616844 0.000000 -0.787086 0.233893 0.233893 0.233893
1219.898438 0.000000 1577.834717 0.000000 0.034913 0.000000 -0.999390 0.246583 0.246583 0.246583
1254.885986 0.000000 1569.239868 0.000000 0.463035 0.000000 -0.886340 0.269034 0.269034 0.269034
1275.279419 0.000000 1550.279663 0.000000 0.290585 0.000000 -0.956849 0.262575 0.262575 0.262575
1254.352295 0.000000 1574.266602 0.000000 0.442553 0.000000 -0.896742 0.270850 0.270850 0.270850
1216.956543 0.000000 1566.197998 0.000000 0.400847 0.000000 -0.916145 0.298593 0.298593 0.298593
1260.263306 0.000000 1575.253174 0.000000 0.316177 0.000000 -0.948700 0.309499 0.309499 0.309499
1273.532715 0.000000 1540.052734 0.000000 0.229154 0.000000 -0.973390 0.257960 0.257960 0.257960
1272.956177 0.000000 1550.493896 0.000000 0.695227 0.000000 -0.718790 0.257134 0.257134 0.257134
1272.713501 0.000000 1554.501099 0.000000 0.572211 0.000000 -0.820107 0.355836 0.355836 0.355836
1270.075073 0.000000 1546.623169 0.000000 0.351874 0.000000 -0.936047 0.282640 0.282640 0.282640
1256.273193 0.000000 1575.293701 0.000000 0.619931 0.000000 -0.784656 0.300714 0.300714 0.300714
1252.267090 0.000000 1549.968872 0.000000 0.366343 0.000000 -0.930480 0.293732 0.293732 0.293732
1258.572388 0.000000 1574.656982 0.000000 0.495124 0.000000 -0.868822 0.313019 0.313019 0.313019
1273.096802 0.000000 1559.143066 0.000000 0.110593 0.000000 -0.993866 0.367791 0.367791 0.367791
1277.998047 0.000000 1557.704224 0.000000 0.537421 0.000000 -0.843314 0.328650 0.328650 0.328650
1305.924683 0.000000 1408.865479 0.000000 0.688233 0.000000 -0.725490 0.207093 0.207093 0.207093
1293.066528 0.000000 1408.841187 0.000000 0.477695 0.000000 -0.878526 0.212213 0.212213 0.212213
1300.862061 0.000000 1404.291992 0.000000 0.687834 0.000000 -0.725868 0.313295 0.313295 0.313295
1303.825562 0.000000 1409.545410 0.000000 0.362535 0.000000 -0.931970 0.293825 0.293825 0.293825
1297.040649 0.000000 1408.160522 0.000000 0.257541 0.000000 -0.966267 0.424080 0.424080 0.424080
1297.270264 0.000000 1406.442627 0.000000 0.552667 0.000000 -0.833402 0.381457 0.381457 0.381457
1301.138306 0.000000 1411.441040 0.000000 0.661638 0.000000 -0.749824 0.392720 0.392720 0.392720
1295.347534 0.000000 1412.393433 0.000000 0.703672 0.000000 -0.710524 0.250422 0.250422 0.250422
1302.797119 0.000000 1413.083984 0.000000 0.371278 0.000000 -0.928522 0.269512 0.269512 0.269512
1312.264404 0.000000 1546.946655 0.000000 0.258882 0.000000 -0.965909 0.256054 0.256054 0.256054
1309.075928 0.000000 1577.478271 0.000000 0.444973 0.000000 -0.895544 0.229875 0.229875 0.229875
1305.163940 0.000000 1580.937500 0.000000 0.476754 0.000000 -0.879037 0.264620 0.264620 0.264620
1313.496704 0.000000 1549.308838 0.000000 0.550062 0.000000 -0.835124 0.241622 0.241622 0.241622
1281.116211 0.000000 1561.577393 0.000000 0.398497 0.000000 -0.917170 0.277378 0.277378 0.277378
1308.897827 0.000000 1546.717041 0.000000 0.019293 0.000000 -0.999814 0.317156 0.317156 0.317156
1078.496216 0.000000 1610.871338 0.000000 0.282232 0.000000 -0.959346 0.215647 0.215647 0.215647
1075.409058 0.000000 1607.048706 0.000000 0.031258 0.000000 -0.999511 0.253878 0.253878 0.253878
1072.601685 0.000000 1586.404785 0.000000 0.531717 0.000000 -0.846922 0.260766 0.260766 0.260766
1074.491943 0.000000 1605.202759 0.000000 0.340792 0.000000 -0.940139 0.274354 0.274354 0.274354
1095.674683 0.000000 1605.508545 0.000000 0.415510 0.000000 -0.909589 0.207415 0.207415 0.207415
1129.423462 0.000000 1613.984741 0.000000 0.335419 0.000000 -0.942069 0.208436 0.208436 0.208436
1139.915527 0.000000 1593.603760 0.000000 0.381693 0.000000 -0.924289 0.210598 0.210598 0.210598
1095.693237 0.000000 1613.395020 0.000000 0.074949 0.000000 -0.997187 0.248897 0.248897 0.248897
1097.163696 0.000000 1620.863281 0.000000 0.355434 0.000000 -0.934701 0.331910 0.331910 0.331910
1150.127319 0.000000 1599.002441 0.000000 0.698017 0.000000 -0.716081 0.242771 0.242771 0.242771
1088.522339 0.000000 1597.264526 0.000000 0.472627 0.000000 -0.881262 0.216222 0.216222 0.216222
1147.875732 0.000000 1595.768677 0.000000 0.509495 0.000000 -0.860474 0.263945 0.263945 0.263945
1149.449707 0.000000 1591.048706 0.000000 0.325705 0.000000 -0.945471 0.266169 0.266169 0.266169
1142.755981 0.000000 1607.657959 0.000000 0.060769 0.000000 -0.998152 0.259243 0.259243 0.259243
1146.815186 0.000000 1589.131592 0.000000 0.110176 0.000000 -0.993912 0.238424 0.238424 0.238424
1132.084717 0.000000 1612.306274 0.000000 0.502979 0.000000 -0.864299 0.245104 0.245104 0.245104
1137.495239 0.000000 1581.662598 0.000000 0.406141 0.000000 -0.913811 0.266030 0.266030 0.266030
1099.443359 0.000000 1611.549561 0.000000 0.314080 0.000000 -0.949396 0.239860 0.239860 0.239860
1144.270874 0.000000 1602.072266 0.000000 0.620280 0.000000 -0.784380 0.261535 0.261535 0.261535
1149.258179 0.000000 1593.576782 0.000000 0.089272 0.000000 -0.996007 0.271923 0.271923 0.271923
1095.851929 0.000000 1618.739990 0.000000 0.440256 0.000000 -0.897872 0.346687 0.346687 0.346687
1097.975220 0.000000 1619.074585 0.000000 0.357639 0.000000 -0.933860 0.328884 0.328884 0.328884
1093.526245 0.000000 1622.628418 0.000000 0.290172 0.000000 -0.956975 0.344521 0.344521 0.344521
1095.681641 0.000000 1620.480591 0.000000 0.408344 0.000000 -0.912828 0.364274 0.364274 0.364274
1151.419312 0.000000 1659.918945 0.000000 0.115493 0.000000 -0.993308 0.210353 0.210353 0.210353
1145.729980 0.000000 1678.836426 0.000000 0.011530 0.000000 -0.999934 0.315804 0.315804 0.315804
1146.134033 0.000000 1665.511353 0.000000 0.451430 0.000000 -0.892306 0.217794 0.217794 0.217794
1134.271362 0.000000 1675.335327 0.000000 0.563231 0.000000 -0.826299 0.225566 0.225566 0.225566
1144.634888 0.000000 1673.835449 0.000000 0.558556 0.000000 -0.829467 0.336392 0.336392 0.336392
1151.097656 0.000000 1677.436035 0.000000 0.527417 0.000000 -0.849607 0.207984 0.207984 0.207984
1144.851562 0.000000 1669.659302 0.000000 0.020788 0.000000 -0.999784 0.350094 0.350094 0.350094
1150.018555 0.000000 1663.942017 0.000000 0.357473 0.000000 -0.933924 0.212177 0.212177 0.212177
1141.757935 0.000000 1657.411621 0.000000 0.354632 0.000000 -0.935006 0.233811 0.233811 0.233811
1143.430908 0.000000 1651.923950 0.000000 0.571476 0.000000 -0.820619 0.262625 0.262625 0.262625
1141.811401 0.000000 1679.345947 0.000000 0.573876 0.000000 -0.818942 0.285647 0.285647 0.285647
1146.308594 0.000000 1682.646484 0.000000 0.144825 0.000000 -0.989457 0.223978 0.223978 0.223978
1137.158813 0.000000 1672.675293 0.000000 0.487345 0.000000 -0.873209 0.209675 0.209675 0.209675
1135.152222 0.000000 1683.517578 0.000000 0.234356 0.000000 -0.972151 0.222981 0.222981 0.222981
1141.008667 0.000000 1682.268677 0.000000 0.664809 0.000000 -0.747013 0.227896 0.227896 0.227896
1143.370483 0.000000 1671.702271 0.000000 0.556102 0.000000 -0.831114 0.336487 0.336487 0.336487
1145.397339 0.000000 1676.197144 0.000000 0.557174 0.000000 -0.830396 0.306858 0.306858 0.306858
1140.417847 0.000000 1668.371948 0.000000 0.682750 0.000000 -0.730652 0.262687 0.262687 0.262687
1153.469238 0.000000 1636.110596 0.000000 0.646223 0.000000 -0.763149 0.215323 0.215323 0.215323
1152.110718 0.000000 1591.927002 0.000000 0.413810 0.000000 -0.910363 0.227607 0.227607 0.227607
1156.014893 0.000000 1587.649536 0.000000 0.660824 0.000000 -0.750541 0.252691 0.252691 0.252691
1268.600708 0.000000 1604.776367 0.000000 0.468595 0.000000 -0.883413 0.232223 0.232223 0.232223
1277.734009 0.000000 1615.772705 0.000000 0.577549 0.000000 -0.816356 0.208703 0.208703 0.208703
1268.449829 0.000000 1614.322998 0.000000 0.017161 0.000000 -0.999853 0.211248 0.211248 0.211248
1274.165039 0.000000 1604.113159 0.000000 0.010389 0.000000 -0.999946 0.311198 0.311198 0.311198
1277.935669 0.000000 1611.592529 0.000000 0.660464 0.000000 -0.750858 0.213846 0.213846 0.213846
1269.757935 0.000000 1600.927246 0.000000 0.014751 0.000000 -0.999891 0.242533 0.242533 0.242533
1270.755981 0.000000 1607.657959 0.000000 0.424691 0.000000 -0.905339 0.285231 0.285231 0.285231
1275.669312 0.000000 1601.267334 0.000000 0.051777 0.000000 -0.998659 0.250675 0.250675 0.250675
1270.928345 0.000000 1598.447510 0.000000 0.001352 0.000000 -0.999999 0.245601 0.245601 0.245601
1273.788940 0.000000 1600.924316 0.000000 0.456895 0.000000 -0.889521 0.312762 0.312762 0.312762
1152.290283 0.000000 1672.411987 0.000000 0.024299 0.000000 -0.999705 0.211004 0.211004 0.211004
1161.163696 0.000000 1677.347656 0.000000 0.502668 0.000000 -0.864479 0.219811 0.219811 0.219811
1161.095337 0.000000 1650.034302 0.000000 0.544969 0.000000 -0.838456 0.208069 0.208069 0.208069
1156.956909 0.000000 1684.213989 0.000000 0.333373 0.000000 -0.942795 0.270257 0.270257 0.270257
1157.348755 0.000000 1646.488647 0.000000 0.039219 0.000000 -0.999231 0.223729 0.223729 0.223729
1163.936890 0.000000 1670.816284 0.000000 0.652650 0.000000 -0.757659 0.208847 0.208847 0.208847
1158.656738 0.000000 1686.864624 0.000000 0.115697 0.000000 -0.993285 0.283210 0.283210 0.283210
1163.714111 0.000000 1676.050049 0.000000 0.016080 0.000000 -0.999871 0.291222 0.291222 0.291222
1164.076904 0.000000 1673.357300 0.000000 0.456058 0.000000 -0.889950 0.356391 0.356391 0.356391
1163.577515 0.000000 1682.067993 0.000000 0.184683 0.000000 -0.982798 0.318965 0.318965 0.318965
1277.734009 0.000000 1672.257080 0.000000 0.028877 0.000000 -0.999583 0.245224 0.245224 0.245224
1277.524414 0.000000 1643.560303 0.000000 0.685458 0.000000 -0.728113 0.206108 0.206108 0.206108
1279.545410 0.000000 1670.005981 0.000000 0.589092 0.000000 -0.808066 0.256881 0.256881 0.256881
1172.950073 0.000000 1703.700439 0.000000 0.039759 0.000000 -0.999209 0.210129 0.210129 0.210129
1164.406494 0.000000 1695.479614 0.000000 0.356314 0.000000 -0.934366 0.255819 0.255819 0.255819
1167.844482 0.000000 1697.658447 0.000000 0.449132 0.000000 -0.893465 0.239235 0.239235 0.239235
1192.686523 0.000000 1713.184326 0.000000 0.595498 0.000000 -0.803357 0.290515 0.290515 0.290515
1190.058228 0.000000 1710.833740 0.000000 0.392207 0.000000 -0.919877 0.307440 0.307440 0.307440
1277.734009 0.000000 1728.741455 0.000000 0.555606 0.000000 -0.831445 0.234898 0.234898 0.234898
1273.729980 0.000000 1735.320801 0.000000 0.140594 0.000000 -0.990067 0.213385 0.213385 0.213385
1274.134033 0.000000 1721.995728 0.000000 0.701815 0.000000 -0.712360 0.330400 0.330400 0.330400
1272.634888 0.000000 1730.319824 0.000000 0.032552 0.000000 -0.999470 0.213441 0.213441 0.213441
1242.548950 0.000000 1735.844360 0.000000 0.420018 0.000000 -0.907516 0.224843 0.224843 0.224843
1229.883423 0.000000 1743.027466 0.000000 0.061732 0.000000 -0.998093 0.239050 0.239050 0.239050
1257.606079 0.000000 1732.012695 0.000000 0.594891 0.000000 -0.803806 0.207809 0.207809 0.207809
1277.935669 0.000000 1724.561279 0.000000 0.546923 0.000000 -0.837183 0.279498 0.279498 0.279498
1248.344604 0.000000 1732.848877 0.000000 0.640520 0.000000 -0.767942 0.243931 0.243931 0.243931
1269.811401 0.000000 1735.830322 0.000000 0.192124 0.000000 -0.981371 0.212896 0.212896 0.212896
1270.755981 0.000000 1720.626709 0.000000 0.348874 0.000000 -0.937170 0.265734 0.265734 0.265734
1254.737793 0.000000 1733.009155 0.000000 0.102432 0.000000 -0.994740 0.237107 0.237107 0.237107
1222.827515 0.000000 1750.530151 0.000000 0.667894 0.000000 -0.744256 0.248608 0.248608 0.248608
1245.260010 0.000000 1728.800537 0.000000 0.667011 0.000000 -0.745048 0.299156 0.299156 0.299156
1250.441895 0.000000 1728.494629 0.000000 0.332522 0.000000 -0.943096 0.277362 0.277362 0.277362
1276.546265 0.000000 1722.470947 0.000000 0.056544 0.000000 -0.998400 0.320835 0.320835 0.320835
1246.667969 0.000000 1730.912598 0.000000 0.553640 0.000000 -0.832756 0.301398 0.301398 0.301398
1223.561523 0.000000 1745.505127 0.000000 0.022620 0.000000 -0.999744 0.303237 0.303237 0.303237
1228.277832 0.000000 1749.787476 0.000000 0.195109 0.000000 -0.980781 0.278701 0.278701 0.278701
1227.119385 0.000000 1748.150391 0.000000 0.586949 0.000000 -0.809624 0.294876 0.294876 0.294876
1231.347534 0.000000 1751.299683 0.000000 0.444293 0.000000 -0.895882 0.211263 0.211263 0.211263
1287.674683 0.000000 1605.508545 0.000000 0.700401 0.000000 -0.713749 0.205556 0.205556 0.205556
1301.428101 0.000000 1613.910156 0.000000 0.160557 0.000000 -0.987027 0.210557 0.210557 0.210557
1313.639404 0.000000 1611.600098 0.000000 0.008366 0.000000 -0.999965 0.318985 0.318985 0.318985
1302.797119 0.000000 1582.537109 0.000000 0.688966 0.000000 -0.724794 0.212176 0.212176 0.212176
1305.924683 0.000000 1634.802979 0.000000 0.544569 0.000000 -0.838716 0.207948 0.207948 0.207948
1282.164551 0.000000 1600.934082 0.000000 0.677930 0.000000 -0.735127 0.270729 0.270729 0.270729
1294.124634 0.000000 1610.571289 0.000000 0.303650 0.000000 -0.952784 0.273679 0.273679 0.273679
1310.773926 0.000000 1598.034180 0.000000 0.620942 0.000000 -0.783857 0.277596 0.277596 0.277596
1296.913574 0.000000 1614.132568 0.000000 0.456943 0.000000 -0.889496 0.210400 0.210400 0.210400
1313.638062 0.000000 1628.331177 0.000000 0.165345 0.000000 -0.986236 0.239112 0.239112 0.239112
1302.003418 0.000000 1595.264893 0.000000 0.200998 0.000000 -0.979592 0.269898 0.269898 0.269898
1303.828003 0.000000 1605.739258 0.000000 0.598495 0.000000 -0.801126 0.302776 0.302776 0.302776
1284.061279 0.000000 1597.772095 0.000000 0.089933 0.000000 -0.995948 0.228791 0.228791 0.228791
1312.693359 0.000000 1633.550781 0.000000 0.075325 0.000000 -0.997159 0.272173 0.272173 0.272173
1302.343750 0.000000 1598.954712 0.000000 0.332317 0.000000 -0.943168 0.295998 0.295998 0.295998
1309.260010 0.000000 1615.831787 0.000000 0.162657 0.000000 -0.986683 0.253325 0.253325 0.253325
1294.569336 0.000000 1615.331299 0.000000 0.206893 0.000000 -0.978364 0.235765 0.235765 0.235765
1307.115234 0.000000 1610.846191 0.000000 0.334075 0.000000 -0.942546 0.350558 0.350558 0.350558
1304.755737 0.000000 1600.911743 0.000000 0.334099 0.000000 -0.942538 0.328137 0.328137 0.328137
1300.471069 0.000000 1603.388062 0.000000 0.465489 0.000000 -0.885054 0.303966 0.303966 0.303966
1311.885010 0.000000 1600.752563 0.000000 0.302393 0.000000 -0.953183 0.317231 0.317231 0.317231
1304.466675 0.000000 1608.086548 0.000000 0.373176 0.000000 -0.927761 0.302183 0.302183 0.302183
1309.062500 0.000000 1599.238770 0.000000 0.066972 0.000000 -0.997755 0.362938 0.362938 0.362938
1280.004639 0.000000 1634.876587 0.000000 0.309543 0.000000 -0.950885 0.290760 0.290760 0.290760
1313.555908 0.000000 1608.236816 0.000000 0.040211 0.000000 -0.999191 0.315085 0.315085 0.315085
1311.589478 0.000000 1611.607544 0.000000 0.235334 0.000000 -0.971915 0.405854 0.405854 0.405854
1310.632446 0.000000 1608.872681 0.000000 0.626802 0.000000 -0.779179 0.354739 0.354739 0.354739
1307.994141 0.000000 1606.595703 0.000000 0.427202 0.000000 -0.904156 0.393684 0.393684 0.393684
1307.663208 0.000000 1604.358154 0.000000 0.232960 0.000000 -0.972486 0.422081 0.422081 0.422081
1305.662842 0.000000 1604.357788 0.000000 0.078144 0.000000 -0.996942 0.370552 0.370552 0.370552
1306.272827 0.000000 1609.645874 0.000000 0.563463 0.000000 -0.826141 0.372149 0.372149 0.372149
1290.048218 0.000000 1683.547241 0.000000 0.472684 0.000000 -0.881232 0.220187 0.220187 0.220187
1282.164551 0.000000 1657.418457 0.000000 0.173318 0.000000 -0.984866 0.212726 0.212726 0.212726
1318.720825 0.000000 1684.781494 0.000000 0.072475 0.000000 -0.997370 0.224773 0.224773 0.224773
1284.861816 0.000000 1666.001465 0.000000 0.318270 0.000000 -0.948000 0.210584 0.210584 0.210584
1293.883423 0.000000 1686.543091 0.000000 0.225024 0.000000 -0.974353 0.276662 0.276662 0.276662
1280.110718 0.000000 1648.411377 0.000000 0.007133 0.000000 -0.999975 0.268943 0.268943 0.268943
1280.522339 0.000000 1653.748901 0.000000 0.251733 0.000000 -0.967797 0.247726 0.247726 0.247726
1326.444580 0.000000 1689.409058 0.000000 0.498785 0.000000 -0.866726 0.258712 0.258712 0.258712
1327.152222 0.000000 1683.517578 0.000000 0.415884 0.000000 -0.909418 0.210548 0.210548 0.210548
1289.888916 0.000000 1693.311890 0.000000 0.696879 0.000000 -0.717188 0.272848 0.272848 0.272848
1318.643433 0.000000 1689.749023 0.000000 0.605977 0.000000 -0.795482 0.228847 0.228847 0.228847
1321.246460 0.000000 1686.358643 0.000000 0.436218 0.000000 -0.899841 0.238080 0.238080 0.238080
1316.314209 0.000000 1691.442749 0.000000 0.224644 0.000000 -0.974441 0.253779 0.253779 0.253779
1289.349487 0.000000 1690.601929 0.000000 0.194740 0.000000 -0.980855 0.283082 0.283082 0.283082
1292.244629 0.000000 1688.663452 0.000000 0.676393 0.000000 -0.736541 0.293450 0.293450 0.293450
1324.424194 0.000000 1690.592896 0.000000 0.281957 0.000000 -0.959427 0.332727 0.332727 0.332727
1288.026367 0.000000 1692.501221 0.000000 0.124966 0.000000 -0.992161 0.285981 0.285981 0.285981
1290.837524 0.000000 1689.655029 0.000000 0.654005 0.000000 -0.756490 0.325591 0.325591 0.325591
1293.467529 0.000000 1710.086548 0.000000 0.596572 0.000000 -0.802560 0.259394 0.259394 0.259394
1325.901245 0.000000 1695.485718 0.000000 0.503751 0.000000 -0.863849 0.268168 0.268168 0.268168
1287.651001 0.000000 1712.018677 0.000000 0.516817 0.000000 -0.856096 0.244866 0.244866 0.244866
1318.192993 0.000000 1700.238159 0.000000 0.100032 0.000000 -0.994984 0.261517 0.261517 0.261517
1310.227295 0.000000 1699.088623 0.000000 0.404370 0.000000 -0.914596 0.221018 0.221018 0.221018
1292.652466 0.000000 1719.958130 0.000000 0.258881 0.000000 -0.965909 0.233704 0.233704 0.233704
1324.817139 0.000000 1704.057251 0.000000 0.376693 0.000000 -0.926338 0.237595 0.237595 0.237595
1284.061279 0.000000 1710.740845 0.000000 0.574458 0.000000 -0.818534 0.218880 0.218880 0.218880
1325.456909 0.000000 1698.744751 0.000000 0.179791 0.000000 -0.983705 0.222209 0.222209 0.222209
1311.085693 0.000000 1702.160156 0.000000 0.405057 0.000000 -0.914291 0.221009 0.221009 0.221009
1323.550903 0.000000 1701.331055 0.000000 0.446750 0.000000 -0.894659 0.305918 0.305918 0.305918
1322.549194 0.000000 1705.642578 0.000000 0.493831 0.000000 -0.869558 0.280794 0.280794 0.280794
1320.628784 0.000000 1700.671509 0.000000 0.643254 0.000000 -0.765653 0.304040 0.304040 0.304040
1291.945557 0.000000 1716.599731 0.000000 0.625176 0.000000 -0.780484 0.299178 0.299178 0.299178
1323.042236 0.000000 1703.401978 0.000000 0.039107 0.000000 -0.999235 0.318198 0.318198 0.318198
1292.302734 0.000000 1714.929688 0.000000 0.144599 0.000000 -0.989490 0.368156 0.368156 0.368156
1916.270508 0.000000 1686.380737 0.000000 0.320489 0.000000 -0.947252 0.213900 0.213900 0.213900
1908.885132 0.000000 1689.797974 0.000000 0.445691 0.000000 -0.895187 0.208305 0.208305 0.208305
1980.270508 0.000000 1686.380737 0.000000 0.071050 0.000000 -0.997473 0.211232 0.211232 0.211232
1976.634888 0.000000 1673.835449 0.000000 0.472460 0.000000 -0.881352 0.214905 0.214905 0.214905
1937.216431 0.000000 1677.928101 0.000000 0.590511 0.000000 -0.807029 0.225169 0.225169 0.225169
1946.772095 0.000000 1687.957153 0.000000 0.351033 0.000000 -0.936363 0.236592 0.236592 0.236592
1950.662720 0.000000 1684.237305 0.000000 0.027629 0.000000 -0.999618 0.228092 0.228092 0.228092
1978.989014 0.000000 1671.680908 0.000000 0.706609 0.000000 -0.707604 0.233581 0.233581 0.233581
1979.206421 0.000000 1668.027588 0.000000 0.598993 0.000000 -0.800754 0.235504 0.235504 0.235504
1936.687988 0.000000 1673.232056 0.000000 0.662815 0.000000 -0.748783 0.255274 0.255274 0.255274
1990.599243 0.000000 1691.147827 0.000000 0.682362 0.000000 -0.731014 0.206549 0.206549 0.206549
2018.074463 0.000000 1643.566650 0.000000 0.144492 0.000000 -0.989506 0.213170 0.213170 0.213170
2028.877319 0.000000 1671.833862 0.000000 0.521481 0.000000 -0.853263 0.329224 0.329224 0.329224
2020.675659 0.000000 1670.888916 0.000000 0.003425 0.000000 -0.999994 0.217070 0.217070 0.217070
2026.451904 0.000000 1672.980957 0.000000 0.480270 0.000000 -0.877121 0.340808 0.340808 0.340808
2029.660034 0.000000 1669.997192 0.000000 0.528371 0.000000 -0.849014 0.281333 0.281333 0.281333
1915.875732 0.000000 1708.737427 0.000000 0.561326 0.000000 -0.827594 0.288732 0.288732 0.288732
1917.449707 0.000000 1704.017456 0.000000 0.063602 0.000000 -0.997975 0.259198 0.259198 0.259198
1910.469360 0.000000 1704.685303 0.000000 0.640670 0.000000 -0.767817 0.233485 0.233485 0.233485
1910.928345 0.000000 1711.416260 0.000000 0.052058 0.000000 -0.998644 0.275550 0.275550 0.275550
1913.361084 0.000000 1707.320557 0.000000 0.376195 0.000000 -0.926541 0.300665 0.300665 0.300665
1886.802368 0.000000 1751.076782 0.000000 0.218250 0.000000 -0.975893 0.212646 0.212646 0.212646
1901.901245 0.000000 1751.970093 0.000000 0.666491 0.000000 -0.745513 0.222722 0.222722 0.222722
1913.426636 0.000000 1768.414551 0.000000 0.119841 0.000000 -0.992793 0.245397 0.245397 0.245397
1901.790894 0.000000 1764.353760 0.000000 0.691954 0.000000 -0.721941 0.209600 0.209600 0.209600
1886.227295 0.000000 1755.572998 0.000000 0.379755 0.000000 -0.925087 0.211059 0.211059 0.211059
1890.139526 0.000000 1752.741943 0.000000 0.512747 0.000000 -0.858540 0.209666 0.209666 0.209666
1905.098145 0.000000 1765.391602 0.000000 0.401733 0.000000 -0.915757 0.278714 0.278714 0.278714
1902.326538 0.000000 1762.133667 0.000000 0.627553 0.000000 -0.778574 0.277420 0.277420 0.277420
1909.305176 0.000000 1764.666504 0.000000 0.179437 0.000000 -0.983770 0.311574 0.311574 0.311574
1905.878906 0.000000 1763.359497 0.000000 0.606894 0.000000 -0.794783 0.290185 0.290185 0.290185
1903.881714 0.000000 1763.748169 0.000000 0.603543 0.000000 -0.797330 0.278055 0.278055 0.278055
1980.270508 0.000000 1742.865112 0.000000 0.599587 0.000000 -0.800309 0.238121 0.238121 0.238121
1953.639404 0.000000 1724.568848 0.000000 0.279809 0.000000 -0.960056 0.211890 0.211890 0.211890
1941.034912 0.000000 1735.248413 0.000000 0.528971 0.000000 -0.848640 0.207337 0.207337 0.207337
1981.524414 0.000000 1700.044678 0.000000 0.285183 0.000000 -0.958473 0.227870 0.227870 0.227870
1921.476685 0.000000 1700.989990 0.000000 0.574000 0.000000 -0.818855 0.208264 0.208264 0.208264
1950.773926 0.000000 1711.002930 0.000000 0.292766 0.000000 -0.956184 0.226411 0.226411 0.226411
1947.974365 0.000000 1726.260742 0.000000 0.006720 0.000000 -0.999977 0.249877 0.249877 0.249877
1946.548950 0.000000 1735.844360 0.000000 0.057251 0.000000 -0.998360 0.214170 0.214170 0.214170
1953.456543 0.000000 1708.456177 0.000000 0.484601 0.000000 -0.874736 0.248119 0.248119 0.248119
1987.589233 0.000000 1706.913452 0.000000 0.559295 0.000000 -0.828969 0.244122 0.244122 0.244122
2036.449829 0.000000 1727.291748 0.000000 0.505149 0.000000 -0.863032 0.264036 0.264036 0.264036
1993.453857 0.000000 1700.850586 0.000000 0.285577 0.000000 -0.958356 0.212909 0.212909 0.212909
2029.233887 0.000000 1720.428589 0.000000 0.558364 0.000000 -0.829596 0.208427 0.208427 0.208427
1998.146729 0.000000 1716.384766 0.000000 0.215000 0.000000 -0.976614 0.210311 0.210311 0.210311
2035.720459 0.000000 1732.403076 0.000000 0.234595 0.000000 -0.972093 0.253621 0.253621 0.253621
1989.568970 0.000000 1698.549072 0.000000 0.217958 0.000000 -0.975958 0.232840 0.232840 0.232840
2021.993652 0.000000 1724.094604 0.000000 0.352864 0.000000 -0.935675 0.211330 0.211330 0.211330
1989.348755 0.000000 1702.973022 0.000000 0.253338 0.000000 -0.967378 0.274667 0.274667 0.274667
1984.110718 0.000000 1704.895752 0.000000 0.169139 0.000000 -0.985592 0.314849 0.314849 0.314849
2033.158813 0.000000 1729.159668 0.000000 0.670803 0.000000 -0.741636 0.222654 0.222654 0.222654
2028.877319 0.000000 1728.318237 0.000000 0.206120 0.000000 -0.978527 0.213700 0.213700 0.213700
2028.817139 0.000000 1704.057251 0.000000 0.490874 0.000000 -0.871230 0.265700 0.265700 0.265700
2032.763550 0.000000 1734.337646 0.000000 0.086545 0.000000 -0.996248 0.253048 0.253048 0.253048
1996.396729 0.000000 1707.039062 0.000000 0.360649 0.000000 -0.932701 0.228293 0.228293 0.228293
2028.084717 0.000000 1725.275024 0.000000 0.451208 0.000000 -0.892419 0.236506 0.236506 0.236506
1986.523438 0.000000 1708.946167 0.000000 0.143300 0.000000 -0.989679 0.262249 0.262249 0.262249
2036.417847 0.000000 1724.856323 0.000000 0.592163 0.000000 -0.805818 0.301598 0.301598 0.301598
1984.060181 0.000000 1702.779419 0.000000 0.530724 0.000000 -0.847545 0.317541 0.317541 0.317541
1983.419312 0.000000 1772.887695 0.000000 0.681419 0.000000 -0.731894 0.206047 0.206047 0.206047
1941.034912 0.000000 1791.732788 0.000000 0.016948 0.000000 -0.999856 0.211638 0.211638 0.211638
1981.524414 0.000000 1756.529053 0.000000 0.097654 0.000000 -0.995220 0.212687 0.212687 0.212687
1957.993652 0.000000 1780.578979 0.000000 0.305222 0.000000 -0.952281 0.234475 0.234475 0.234475
1951.822266 0.000000 1777.076782 0.000000 0.360638 0.000000 -0.932706 0.281026 0.281026 0.281026
1979.875732 0.000000 1765.221802 0.000000 0.017363 0.000000 -0.999849 0.229627 0.229627 0.229627
1955.373291 0.000000 1777.958984 0.000000 0.368850 0.000000 -0.929489 0.268157 0.268157 0.268157
1950.089844 0.000000 1779.950928 0.000000 0.366315 0.000000 -0.930491 0.261212 0.261212 0.261212
1952.249146 0.000000 1779.391357 0.000000 0.382132 0.000000 -0.924108 0.297640 0.297640 0.297640
1953.555908 0.000000 1777.689941 0.000000 0.666186 0.000000 -0.745785 0.297832 0.297832 0.297832
2025.206665 0.000000 1759.559326 0.000000 0.663692 0.000000 -0.748006 0.238268 0.238268 0.238268
2029.901245 0.000000 1751.970093 0.000000 0.328256 0.000000 -0.944589 0.211729 0.211729 0.211729
2017.639404 0.000000 1781.053223 0.000000 0.220393 0.000000 -0.975411 0.211952 0.211952 0.211952
2021.084961 0.000000 1765.813232 0.000000 0.611407 0.000000 -0.791316 0.206838 0.206838 0.206838
2016.909058 0.000000 1793.258911 0.000000 0.534331 0.000000 -0.845275 0.207417 0.207417 0.207417
2029.790894 0.000000 1764.353760 0.000000 0.285420 0.000000 -0.958403 0.211196 0.211196 0.211196
2009.550537 0.000000 1762.617065 0.000000 0.199689 0.000000 -0.979859 0.212824 0.212824 0.212824
2026.133911 0.000000 1755.152954 0.000000 0.224110 0.000000 -0.974564 0.272351 0.272351 0.272351
2022.192993 0.000000 1756.722534 0.000000 0.405689 0.000000 -0.914011 0.210651 0.210651 0.210651
2020.675659 0.000000 1783.857666 0.000000 0.297809 0.000000 -0.954625 0.214134 0.214134 0.214134
1888.344604 0.000000 1845.817627 0.000000 0.632481 0.000000 -0.774576 0.253305 0.253305 0.253305
1884.530762 0.000000 1849.174927 0.000000 0.704300 0.000000 -0.709903 0.299197 0.299197 0.299197
1886.427490 0.000000 1845.787231 0.000000 0.548062 0.000000 -0.836438 0.293238 0.293238 0.293238
1887.430420 0.000000 1874.756348 0.000000 0.422157 0.000000 -0.906523 0.265715 0.265715 0.265715
1901.059937 0.000000 1906.376221 0.000000 0.226407 0.000000 -0.974033 0.252337 0.252337 0.252337
1902.917847 0.000000 1885.299072 0.000000 0.024231 0.000000 -0.999706 0.215467 0.215467 0.215467
1884.682983 0.000000 1877.418335 0.000000 0.457402 0.000000 -0.889260 0.224364 0.224364 0.224364
1912.270874 0.000000 1884.494141 0.000000 0.185686 0.000000 -0.982609 0.260106 0.260106 0.260106
1901.601929 0.000000 1903.909302 0.000000 0.231529 0.000000 -0.972828 0.280875 0.280875 0.280875
1952.264404 0.000000 1829.368530 0.000000 0.099701 0.000000 -0.995017 0.210099 0.210099 0.210099
1961.423462 0.000000 1839.922241 0.000000 0.569120 0.000000 -0.822254 0.206748 0.206748 0.206748
1946.661499 0.000000 1828.937622 0.000000 0.047052 0.000000 -0.998892 0.214075 0.214075 0.214075
1978.165039 0.000000 1830.050659 0.000000 0.217770 0.000000 -0.976000 0.212482 0.212482 0.212482
1951.822266 0.000000 1833.561157 0.000000 0.521355 0.000000 -0.853340 0.223521 0.223521 0.223521
1969.158813 0.000000 1842.128418 0.000000 0.248313 0.000000 -0.968680 0.212357 0.212357 0.212357
1966.165649 0.000000 1825.042236 0.000000 0.304861 0.000000 -0.952397 0.211806 0.211806 0.211806
1972.340698 0.000000 1807.836060 0.000000 0.103271 0.000000 -0.994653 0.260015 0.260015 0.260015
1972.968994 0.000000 1811.857910 0.000000 0.616299 0.000000 -0.787513 0.250998 0.250998 0.250998
1954.441895 0.000000 1841.463379 0.000000 0.632583 0.000000 -0.774493 0.254625 0.254625 0.254625
1953.051514 0.000000 1839.691528 0.000000 0.341548 0.000000 -0.939864 0.291456 0.291456 0.291456
1998.716187 0.000000 1817.233643 0.000000 0.094768 0.000000 -0.995499 0.230142 0.230142 0.230142
2000.310547 0.000000 1832.294556 0.000000 0.598594 0.000000 -0.801053 0.210802 0.210802 0.210802
1995.269287 0.000000 1816.830078 0.000000 0.370077 0.000000 -0.929001 0.216056 0.216056 0.216056
1997.243652 0.000000 1814.741089 0.000000 0.692454 0.000000 -0.721462 0.227426 0.227426 0.227426
1961.206665 0.000000 1872.528076 0.000000 0.136541 0.000000 -0.990634 0.214380 0.214380 0.214380
1966.271362 0.000000 1901.272827 0.000000 0.410201 0.000000 -0.911995 0.209746 0.209746 0.209746
1927.651001 0.000000 1881.471802 0.000000 0.129543 0.000000 -0.991574 0.212770 0.212770 0.212770
1951.273193 0.000000 1918.860840 0.000000 0.651038 0.000000 -0.759045 0.208069 0.208069 0.208069
1970.616577 0.000000 1910.037598 0.000000 0.278737 0.000000 -0.960368 0.225211 0.225211 0.225211
1987.589233 0.000000 1876.366577 0.000000 0.204417 0.000000 -0.978884 0.210052 0.210052 0.210052
2005.034912 0.000000 1904.701538 0.000000 0.133479 0.000000 -0.991052 0.210045 0.210045 0.210045
2000.020752 0.000000 1908.212646 0.000000 0.701516 0.000000 -0.712654 0.207427 0.207427 0.207427
2002.852783 0.000000 1900.591797 0.000000 0.305593 0.000000 -0.952162 0.210383 0.210383 0.210383
1984.205078 0.000000 1886.403076 0.000000 0.619085 0.000000 -0.785324 0.216982 0.216982 0.216982
1997.152710 0.000000 1909.215454 0.000000 0.216976 0.000000 -0.976177 0.235635 0.235635 0.235635
1995.346924 0.000000 1911.948364 0.000000 0.016920 0.000000 -0.999857 0.243945 0.243945 0.243945
1900.186279 0.000000 1968.177002 0.000000 0.027727 0.000000 -0.999616 0.278977 0.278977 0.278977
1910.872192 0.000000 1966.803101 0.000000 0.651986 0.000000 -0.758231 0.233288 0.233288 0.233288
1919.097656 0.000000 1959.857910 0.000000 0.183586 0.000000 -0.983004 0.211939 0.211939 0.211939
1918.018555 0.000000 1946.363892 0.000000 0.184442 0.000000 -0.982843 0.284757 0.284757 0.284757
1940.950073 0.000000 1929.637939 0.000000 0.114865 0.000000 -0.993381 0.210357 0.210357 0.210357
1935.347534 0.000000 1920.752808 0.000000 0.634573 0.000000 -0.772863 0.206395 0.206395 0.206395
1965.255371 0.000000 1975.344238 0.000000 0.621495 0.000000 -0.783418 0.256190 0.256190 0.256190
1923.716309 0.000000 1961.574951 0.000000 0.706079 0.000000 -0.708133 0.251665 0.251665 0.251665
1920.315308 0.000000 1946.894287 0.000000 0.648502 0.000000 -0.761213 0.290296 0.290296 0.290296
1946.844482 0.000000 1922.186279 0.000000 0.024474 0.000000 -0.999700 0.240966 0.240966 0.240966
1938.973877 0.000000 1921.871704 0.000000 0.587457 0.000000 -0.809255 0.235697 0.235697 0.235697
1922.892212 0.000000 1958.670044 0.000000 0.495208 0.000000 -0.868775 0.272475 0.272475 0.272475
1962.622314 0.000000 1974.493774 0.000000 0.213322 0.000000 -0.976982 0.241271 0.241271 0.241271
1925.178101 0.000000 1945.838745 0.000000 0.631307 0.000000 -0.775533 0.231043 0.231043 0.231043
1922.786255 0.000000 1955.369385 0.000000 0.057411 0.000000 -0.998351 0.266608 0.266608 0.266608
1945.026123 0.000000 1920.716675 0.000000 0.203759 0.000000 -0.979021 0.261234 0.261234 0.261234
1952.264404 0.000000 1998.821655 0.000000 0.437818 0.000000 -0.899064 0.236705 0.236705 0.236705
1981.734009 0.000000 2011.163330 0.000000 0.465697 0.000000 -0.884944 0.207458 0.207458 0.207458
1939.921631 0.000000 2001.278564 0.000000 0.445714 0.000000 -0.895176 0.208305 0.208305 0.208305
1965.901245 0.000000 1977.907593 0.000000 0.030026 0.000000 -0.999549 0.253896 0.253896 0.253896
1953.639404 0.000000 2006.990723 0.000000 0.210860 0.000000 -0.977516 0.209665 0.209665 0.209665
1958.270874 0.000000 1978.360107 0.000000 0.281223 0.000000 -0.959642 0.210432 0.210432 0.210432
1967.365356 0.000000 2007.756714 0.000000 0.096867 0.000000 -0.995297 0.254334 0.254334 0.254334
1976.634888 0.000000 2012.741699 0.000000 0.275005 0.000000 -0.961443 0.211130 0.211130 0.211130
1938.408936 0.000000 2005.362671 0.000000 0.398849 0.000000 -0.917017 0.210720 0.210720 0.210720
1979.875732 0.000000 1991.159302 0.000000 0.591981 0.000000 -0.805952 0.208775 0.208775 0.208775
1950.089844 0.000000 2005.888428 0.000000 0.348644 0.000000 -0.937255 0.244867 0.244867 0.244867
1976.579102 0.000000 2026.115479 0.000000 0.029947 0.000000 -0.999551 0.225239 0.225239 0.225239
1970.278564 0.000000 2007.661987 0.000000 0.424133 0.000000 -0.905600 0.239616 0.239616 0.239616
1962.478760 0.000000 2002.690186 0.000000 0.125372 0.000000 -0.992110 0.303881 0.303881 0.303881
1965.452271 0.000000 2005.522949 0.000000 0.522080 0.000000 -0.852897 0.295351 0.295351 0.295351
1959.437012 0.000000 2004.335083 0.000000 0.612310 0.000000 -0.790618 0.256388 0.256388 0.256388
1956.267090 0.000000 2001.843872 0.000000 0.246875 0.000000 -0.969047 0.317281 0.317281 0.317281
1997.467529 0.000000 1992.508423 0.000000 0.521281 0.000000 -0.853385 0.207658 0.207658 0.207658
1998.124634 0.000000 2005.961914 0.000000 0.271662 0.000000 -0.962393 0.212292 0.212292 0.212292
1985.476685 0.000000 1983.411865 0.000000 0.582241 0.000000 -0.813016 0.208769 0.208769 0.208769
1998.716187 0.000000 1986.686768 0.000000 0.215519 0.000000 -0.976500 0.219073 0.219073 0.219073
1993.424194 0.000000 2004.826904 0.000000 0.444493 0.000000 -0.895782 0.209424 0.209424 0.209424
1995.714111 0.000000 2014.956299 0.000000 0.327365 0.000000 -0.944898 0.293230 0.293230 0.293230
1978.875244 0.000000 2033.592041 0.000000 0.517453 0.000000 -0.855712 0.211763 0.211763 0.211763
1993.453857 0.000000 2039.756836 0.000000 0.491204 0.000000 -0.871045 0.209899 0.209899 0.209899
1989.568970 0.000000 2037.455322 0.000000 0.570635 0.000000 -0.821203 0.209020 0.209020 0.209020
4478.128906 0.000000 854.126160 0.000000 0.333132 0.000000 -0.942880 0.458735 0.458735 0.458735
4493.066406 0.000000 843.997437 0.000000 0.593789 0.000000 -0.804621 0.347736 0.347736 0.347736
4542.830566 0.000000 838.016357 0.000000 0.463032 0.000000 -0.886342 0.273184 0.273184 0.273184
4492.244629 0.000000 841.397888 0.000000 0.442511 0.000000 -0.896763 0.307466 0.307466 0.307466
4540.370605 0.000000 836.677917 0.000000 0.094849 0.000000 -0.995492 0.261602 0.261602 0.261602
4493.842285 0.000000 842.259033 0.000000 0.020120 0.000000 -0.999798 0.369391 0.369391 0.369391
4558.452148 0.000000 846.375977 0.000000 0.639722 0.000000 -0.768607 0.386869 0.386869 0.386869
4481.476562 0.000000 853.724304 0.000000 0.354535 0.000000 -0.935043 0.233812 0.233812 0.233812
4482.492188 0.000000 850.855225 0.000000 0.496680 0.000000 -0.867934 0.324369 0.324369 0.324369
4568.357910 0.000000 855.776611 0.000000 0.274281 0.000000 -0.961650 0.298854 0.298854 0.298854
4570.002441 0.000000 861.300964 0.000000 0.424758 0.000000 -0.905307 0.253250 0.253250 0.253250
4573.291992 0.000000 858.556702 0.000000 0.684651 0.000000 -0.728871 0.324320 0.324320 0.324320
4579.134277 0.000000 864.567261 0.000000 0.548943 0.000000 -0.835859 0.411310 0.411310 0.411310
4563.230957 0.000000 849.955261 0.000000 0.287105 0.000000 -0.957899 0.484975 0.484975 0.484975
4569.454590 0.000000 856.374329 0.000000 0.428929 0.000000 -0.903338 0.486134 0.486134 0.486134
4578.155762 0.000000 866.818604 0.000000 0.018483 0.000000 -0.999829 0.502699 0.502699 0.502699
4571.101074 0.000000 856.418884 0.000000 0.617526 0.000000 -0.786551 0.469152 0.469152 0.469152
4676.219238 0.000000 879.899780 0.000000 0.187963 0.000000 -0.982176 0.300910 0.300910 0.300910
4735.545410 0.000000 879.224731 0.000000 0.478783 0.000000 -0.877933 0.370226 0.370226 0.370226
4676.483398 0.000000 881.695496 0.000000 0.274391 0.000000 -0.961618 0.368026 0.368026 0.368026
4740.219238 0.000000 879.899780 0.000000 0.014178 0.000000 -0.999900 0.356700 0.356700 0.356700
4736.010254 0.000000 875.951904 0.000000 0.690211 0.000000 -0.723608 0.321357 0.321357 0.321357
4741.887695 0.000000 878.094238 0.000000 0.628572 0.000000 -0.777752 0.334973 0.334973 0.334973
4737.099609 0.000000 878.676697 0.000000 0.687426 0.000000 -0.726255 0.456010 0.456010 0.456010
6004.600586 0.000000 870.479431 0.000000 0.543722 0.000000 -0.839265 0.208081 0.208081 0.208081
6013.935547 0.000000 877.295654 0.000000 0.682190 0.000000 -0.731175 0.267972 0.267972 0.267972
6011.279297 0.000000 872.467163 0.000000 0.596692 0.000000 -0.802470 0.270127 0.270127 0.270127
4989.041992 0.000000 1298.314331 0.000000 0.510816 0.000000 -0.859690 0.321040 0.321040 0.321040
4954.771973 0.000000 1292.566528 0.000000 0.702274 0.000000 -0.711907 0.256962 0.256962 0.256962
4967.131348 0.000000 1277.635376 0.000000 0.379518 0.000000 -0.925184 0.360915 0.360915 0.360915
4962.607422 0.000000 1295.050171 0.000000 0.284106 0.000000 -0.958793 0.361499 0.361499 0.361499
4971.248535 0.000000 1275.482300 0.000000 0.379856 0.000000 -0.925046 0.436648 0.436648 0.436648
4986.732422 0.000000 1296.329224 0.000000 0.430581 0.000000 -0.902552 0.430536 0.430536 0.430536
4990.039551 0.000000 1283.116577 0.000000 0.617657 0.000000 -0.786448 0.458068 0.458068 0.458068
4984.429688 0.000000 1279.851685 0.000000 0.076037 0.000000 -0.997105 0.499633 0.499633 0.499633
4952.647461 0.000000 1295.603516 0.000000 0.142676 0.000000 -0.989769 0.470252 0.470252 0.470252
4956.400879 0.000000 1294.114502 0.000000 0.390995 0.000000 -0.920393 0.478221 0.478221 0.478221
4950.857910 0.000000 1297.259766 0.000000 0.483937 0.000000 -0.875103 0.481410 0.481410 0.481410
4945.893555 0.000000 1312.455444 0.000000 0.185601 0.000000 -0.982625 0.257247 0.257247 0.257247
4978.542480 0.000000 1304.939209 0.000000 0.598266 0.000000 -0.801298 0.384884 0.384884 0.384884
4958.946777 0.000000 1312.379639 0.000000 0.505947 0.000000 -0.862564 0.355811 0.355811 0.355811
4949.721191 0.000000 1311.313354 0.000000 0.075053 0.000000 -0.997180 0.380335 0.380335 0.380335
4972.617676 0.000000 1312.116821 0.000000 0.108741 0.000000 -0.994070 0.511676 0.511676 0.511676
4947.108887 0.000000 1312.137939 0.000000 0.160630 0.000000 -0.987015 0.504508 0.504508 0.504508
4995.716309 0.000000 1283.762451 0.000000 0.657759 0.000000 -0.753228 0.229305 0.229305 0.229305
4993.729980 0.000000 1275.248535 0.000000 0.515447 0.000000 -0.856921 0.368572 0.368572 0.368572
4992.129395 0.000000 1274.700928 0.000000 0.342575 0.000000 -0.939490 0.376081 0.376081 0.376081
4992.022461 0.000000 1278.363037 0.000000 0.227671 0.000000 -0.973738 0.450209 0.450209 0.450209
4995.138672 0.000000 1281.912842 0.000000 0.424089 0.000000 -0.905621 0.486543 0.486543 0.486543
4151.033203 0.000000 1732.979126 0.000000 0.162151 0.000000 -0.986766 0.277887 0.277887 0.277887
4146.837402 0.000000 1736.207520 0.000000 0.238778 0.000000 -0.971074 0.408900 0.408900 0.408900
4137.787598 0.000000 1734.321533 0.000000 0.209036 0.000000 -0.977908 0.503912 0.503912 0.503912
4160.354004 0.000000 1742.499146 0.000000 0.219358 0.000000 -0.975645 0.262397 0.262397 0.262397
4178.736816 0.000000 1744.652344 0.000000 0.480578 0.000000 -0.876952 0.289475 0.289475 0.289475
4220.270508 0.000000 1742.865112 0.000000 0.061535 0.000000 -0.998105 0.316086 0.316086 0.316086
4165.476562 0.000000 1745.809448 0.000000 0.358186 0.000000 -0.933650 0.354201 0.354201 0.354201
4188.971191 0.000000 1739.843994 0.000000 0.056824 0.000000 -0.998384 0.307018 0.307018 0.307018
4177.633301 0.000000 1743.360107 0.000000 0.368498 0.000000 -0.929629 0.429372 0.429372 0.429372
4161.433105 0.000000 1741.786987 0.000000 0.223000 0.000000 -0.974819 0.443860 0.443860 0.443860
4186.950684 0.000000 1739.390015 0.000000 0.019860 0.000000 -0.999803 0.518483 0.518483 0.518483
4176.442383 0.000000 1735.338867 0.000000 0.099354 0.000000 -0.995052 0.512397 0.512397 0.512397
4260.219727 0.000000 1734.688721 0.000000 0.606216 0.000000 -0.795300 0.290204 0.290204 0.290204
4224.036621 0.000000 1741.126465 0.000000 0.513287 0.000000 -0.858217 0.466974 0.466974 0.466974
4225.433105 0.000000 1741.786987 0.000000 0.069211 0.000000 -0.997602 0.497465 0.497465 0.497465
4504.941406 0.000000 1744.758911 0.000000 0.186357 0.000000 -0.982482 0.315906 0.315906 0.315906
4532.959961 0.000000 1744.590332 0.000000 0.209585 0.000000 -0.977790 0.392613 0.392613 0.392613
4525.661621 0.000000 1744.786743 0.000000 0.221280 0.000000 -0.975210 0.486805 0.486805 0.486805
4533.066895 0.000000 1747.734131 0.000000 0.327787 0.000000 -0.944752 0.482136 0.482136 0.482136
4502.857910 0.000000 1749.134766 0.000000 0.510976 0.000000 -0.859595 0.479028 0.479028 0.479028
4502.560059 0.000000 1746.189941 0.000000 0.322326 0.000000 -0.946629 0.494929 0.494929 0.494929
4545.469238 0.000000 1749.079346 0.000000 0.527419 0.000000 -0.849605 0.264929 0.264929 0.264929
4546.944824 0.000000 1749.998169 0.000000 0.540655 0.000000 -0.841244 0.474615 0.474615 0.474615
4557.223633 0.000000 1750.567871 0.000000 0.605522 0.000000 -0.795829 0.470311 0.470311 0.470311
4558.619629 0.000000 1749.057495 0.000000 0.310383 0.000000 -0.950612 0.495890 0.495890 0.495890
4534.803711 0.000000 1753.081787 0.000000 0.184384 0.000000 -0.982854 0.213913 0.213913 0.213913
4538.815430 0.000000 1758.584717 0.000000 0.387744 0.000000 -0.921767 0.248381 0.248381 0.248381
4528.601562 0.000000 1755.857910 0.000000 0.284033 0.000000 -0.958815 0.413131 0.413131 0.413131
4543.487793 0.000000 1767.343750 0.000000 0.440309 0.000000 -0.897846 0.414471 0.414471 0.414471
4540.241699 0.000000 1761.758057 0.000000 0.652215 0.000000 -0.758034 0.332581 0.332581 0.332581
4541.523438 0.000000 1764.601074 0.000000 0.037895 0.000000 -0.999282 0.360724 0.360724 0.360724
4514.589355 0.000000 1751.213745 0.000000 0.536089 0.000000 -0.844161 0.460882 0.460882 0.460882
4538.513184 0.000000 1764.712036 0.000000 0.462484 0.000000 -0.886628 0.419390 0.419390 0.419390
4543.538574 0.000000 1765.500854 0.000000 0.647553 0.000000 -0.762020 0.459052 0.459052 0.459052
4534.458008 0.000000 1763.925049 0.000000 0.235887 0.000000 -0.971781 0.454708 0.454708 0.454708
4540.005859 0.000000 1759.282715 0.000000 0.571472 0.000000 -0.820621 0.473529 0.473529 0.473529
4530.878418 0.000000 1757.981934 0.000000 0.575438 0.000000 -0.817845 0.473160 0.473160 0.473160
4542.685059 0.000000 1764.673706 0.000000 0.693669 0.000000 -0.720294 0.454813 0.454813 0.454813
4512.610840 0.000000 1752.798340 0.000000 0.222163 0.000000 -0.975010 0.502885 0.502885 0.502885
4533.138184 0.000000 1757.328735 0.000000 0.018261 0.000000 -0.999833 0.504264 0.504264 0.504264
4546.702148 0.000000 1756.178345 0.000000 0.226887 0.000000 -0.973921 0.483735 0.483735 0.483735
4546.810059 0.000000 1757.455933 0.000000 0.375785 0.000000 -0.926707 0.473848 0.473848 0.473848
4556.818359 0.000000 1756.442139 0.000000 0.641305 0.000000 -0.767286 0.466814 0.466814 0.466814
4557.379395 0.000000 1753.961914 0.000000 0.552878 0.000000 -0.833262 0.475247 0.475247 0.475247
4834.997070 0.000000 1524.557129 0.000000 0.285701 0.000000 -0.958319 0.332611 0.332611 0.332611
4849.522949 0.000000 1523.265503 0.000000 0.672368 0.000000 -0.740217 0.353909 0.353909 0.353909
4857.597656 0.000000 1525.794922 0.000000 0.470701 0.000000 -0.882293 0.442108 0.442108 0.442108
4865.469238 0.000000 1523.141846 0.000000 0.292605 0.000000 -0.956233 0.336900 0.336900 0.336900
5042.281250 0.000000 1511.662964 0.000000 0.300514 0.000000 -0.953777 0.276594 0.276594 0.276594
5038.271484 0.000000 1505.882202 0.000000 0.198362 0.000000 -0.980129 0.344474 0.344474 0.344474
5055.097656 0.000000 1507.982910 0.000000 0.649827 0.000000 -0.760082 0.207437 0.207437 0.207437
5054.112305 0.000000 1512.512451 0.000000 0.265710 0.000000 -0.964053 0.233616 0.233616 0.233616
5048.579102 0.000000 1517.756104 0.000000 0.247811 0.000000 -0.968808 0.228324 0.228324 0.228324
5045.610352 0.000000 1504.086548 0.000000 0.065374 0.000000 -0.997861 0.392105 0.392105 0.392105
5042.616699 0.000000 1514.646973 0.000000 0.428805 0.000000 -0.903397 0.262816 0.262816 0.262816
5040.587402 0.000000 1519.519775 0.000000 0.067188 0.000000 -0.997740 0.420142 0.420142 0.420142
5040.863770 0.000000 1513.069702 0.000000 0.098069 0.000000 -0.995180 0.428708 0.428708 0.428708
5039.226074 0.000000 1509.537964 0.000000 0.506633 0.000000 -0.862162 0.392716 0.392716 0.392716
5049.560059 0.000000 1519.237793 0.000000 0.515579 0.000000 -0.856842 0.407241 0.407241 0.407241
5043.333496 0.000000 1513.001465 0.000000 0.384836 0.000000 -0.922985 0.383446 0.383446 0.383446
5040.909180 0.000000 1511.640869 0.000000 0.183890 0.000000 -0.982947 0.477980 0.477980 0.477980
5057.469238 0.000000 1523.141846 0.000000 0.493169 0.000000 -0.869933 0.223897 0.223897 0.223897
5056.036621 0.000000 1513.621094 0.000000 0.023817 0.000000 -0.999716 0.423835 0.423835 0.423835
5061.568848 0.000000 1529.095947 0.000000 0.549731 0.000000 -0.835342 0.229708 0.229708 0.229708
5078.343750 0.000000 1542.470337 0.000000 0.661990 0.000000 -0.749512 0.261881 0.261881 0.261881
5107.409180 0.000000 1550.564331 0.000000 0.031476 0.000000 -0.999505 0.271479 0.271479 0.271479
5104.749512 0.000000 1547.685791 0.000000 0.250062 0.000000 -0.968230 0.306803 0.306803 0.306803
5093.573730 0.000000 1536.582397 0.000000 0.063505 0.000000 -0.997982 0.445641 0.445641 0.445641
5061.380859 0.000000 1525.236206 0.000000 0.128546 0.000000 -0.991704 0.405801 0.405801 0.405801
4645.443359 0.000000 1601.364502 0.000000 0.631496 0.000000 -0.775379 0.330667 0.330667 0.330667
4637.587891 0.000000 1601.230225 0.000000 0.098278 0.000000 -0.995159 0.350798 0.350798 0.350798
4648.221680 0.000000 1602.005737 0.000000 0.657749 0.000000 -0.753237 0.284631 0.284631 0.284631
4646.386719 0.000000 1603.910645 0.000000 0.440293 0.000000 -0.897854 0.334965 0.334965 0.334965
4663.542480 0.000000 1604.692261 0.000000 0.216595 0.000000 -0.976262 0.262445 0.262445 0.262445
4659.409180 0.000000 1607.048706 0.000000 0.610896 0.000000 -0.791711 0.355491 0.355491 0.355491
4630.347168 0.000000 1604.206177 0.000000 0.463854 0.000000 -0.885911 0.428564 0.428564 0.428564
4638.637207 0.000000 1599.731445 0.000000 0.026163 0.000000 -0.999658 0.362726 0.362726 0.362726
4660.736328 0.000000 1606.413574 0.000000 0.028769 0.000000 -0.999586 0.449162 0.449162 0.449162
4669.779785 0.000000 1592.341553 0.000000 0.457031 0.000000 -0.889451 0.470877 0.470877 0.470877
4640.945312 0.000000 1600.217896 0.000000 0.641083 0.000000 -0.767471 0.466836 0.466836 0.466836
4653.605469 0.000000 1602.777954 0.000000 0.562653 0.000000 -0.826693 0.474347 0.474347 0.474347
4697.268555 0.000000 1597.971680 0.000000 0.689750 0.000000 -0.724048 0.206165 0.206165 0.206165
4710.465332 0.000000 1606.660278 0.000000 0.706961 0.000000 -0.707253 0.206374 0.206374 0.206374
4686.716309 0.000000 1591.296143 0.000000 0.654868 0.000000 -0.755743 0.226770 0.226770 0.226770
4676.061523 0.000000 1597.772095 0.000000 0.565084 0.000000 -0.825033 0.220309 0.220309 0.220309
4696.357910 0.000000 1590.073486 0.000000 0.383195 0.000000 -0.923667 0.245706 0.245706 0.245706
4688.764160 0.000000 1597.514526 0.000000 0.305659 0.000000 -0.952141 0.372976 0.372976 0.372976
4699.116211 0.000000 1600.037720 0.000000 0.684374 0.000000 -0.729131 0.279834 0.279834 0.279834
4687.288574 0.000000 1596.100464 0.000000 0.319049 0.000000 -0.947738 0.287662 0.287662 0.287662
4702.555664 0.000000 1603.900024 0.000000 0.410407 0.000000 -0.911902 0.428578 0.428578 0.428578
4699.663086 0.000000 1604.358154 0.000000 0.473762 0.000000 -0.880653 0.388379 0.388379 0.388379
4697.662598 0.000000 1604.357788 0.000000 0.080945 0.000000 -0.996719 0.399658 0.399658 0.399658
4677.821289 0.000000 1599.168701 0.000000 0.619020 0.000000 -0.785376 0.404071 0.404071 0.404071
4696.170898 0.000000 1593.063354 0.000000 0.477312 0.000000 -0.878734 0.406333 0.406333 0.406333
4696.008789 0.000000 1601.972534 0.000000 0.059249 0.000000 -0.998243 0.496603 0.496603 0.496603
4699.909180 0.000000 1599.058350 0.000000 0.349915 0.000000 -0.936781 0.480877 0.480877 0.480877
4698.827148 0.000000 1592.631226 0.000000 0.104731 0.000000 -0.994501 0.506861 0.506861 0.506861
5172.449707 0.000000 1162.447998 0.000000 0.696186 0.000000 -0.717862 0.219698 0.219698 0.219698
5174.755859 0.000000 1155.782959 0.000000 0.393736 0.000000 -0.919224 0.316078 0.316078 0.316078
5172.948730 0.000000 1156.413574 0.000000 0.251833 0.000000 -0.967771 0.332143 0.332143 0.332143
5165.502441 0.000000 1152.048340 0.000000 0.284802 0.000000 -0.958586 0.445328 0.445328 0.445328
5179.166992 0.000000 1153.380249 0.000000 0.442330 0.000000 -0.896852 0.352504 0.352504 0.352504
5180.552246 0.000000 1159.106689 0.000000 0.470954 0.000000 -0.882158 0.382512 0.382512 0.382512
5171.048340 0.000000 1156.377319 0.000000 0.052880 0.000000 -0.998601 0.496632 0.496632 0.496632
5225.423340 0.000000 1162.109741 0.000000 0.339017 0.000000 -0.940780 0.284350 0.284350 0.284350
5237.757812 0.000000 1149.052246 0.000000 0.703712 0.000000 -0.710486 0.207299 0.207299 0.207299
5185.602051 0.000000 1160.060791 0.000000 0.003613 0.000000 -0.999994 0.297559 0.297559 0.297559
5193.808105 0.000000 1165.393066 0.000000 0.398344 0.000000 -0.917236 0.274572 0.274572 0.274572
5238.755859 0.000000 1155.782959 0.000000 0.242676 0.000000 -0.970107 0.254906 0.254906 0.254906
5199.712891 0.000000 1148.301636 0.000000 0.679445 0.000000 -0.733726 0.209769 0.209769 0.209769
5194.749023 0.000000 1171.880371 0.000000 0.224612 0.000000 -0.974448 0.355933 0.355933 0.355933
5226.452148 0.000000 1164.621582 0.000000 0.600764 0.000000 -0.799426 0.336124 0.336124 0.336124
5186.786133 0.000000 1164.588135 0.000000 0.027059 0.000000 -0.999634 0.375632 0.375632 0.375632
5204.387207 0.000000 1156.484619 0.000000 0.130022 0.000000 -0.991511 0.271188 0.271188 0.271188
5196.076660 0.000000 1164.997925 0.000000 0.642380 0.000000 -0.766387 0.327446 0.327446 0.327446
5224.581055 0.000000 1159.951904 0.000000 0.634875 0.000000 -0.772615 0.263858 0.263858 0.263858
5224.507812 0.000000 1154.109863 0.000000 0.440467 0.000000 -0.897769 0.298977 0.298977 0.298977
5227.705078 0.000000 1157.075195 0.000000 0.471908 0.000000 -0.881648 0.291098 0.291098 0.291098
5212.530762 0.000000 1171.362427 0.000000 0.305795 0.000000 -0.952097 0.396293 0.396293 0.396293
5196.302734 0.000000 1150.085938 0.000000 0.372817 0.000000 -0.927905 0.353658 0.353658 0.353658
5197.010254 0.000000 1163.711792 0.000000 0.660228 0.000000 -0.751065 0.414455 0.414455 0.414455
5205.357910 0.000000 1153.580200 0.000000 0.440335 0.000000 -0.897834 0.380936 0.380936 0.380936
5185.273926 0.000000 1157.207275 0.000000 0.365367 0.000000 -0.930864 0.376654 0.376654 0.376654
5188.623047 0.000000 1161.074707 0.000000 0.561295 0.000000 -0.827616 0.467172 0.467172 0.467172
5228.637695 0.000000 1159.240723 0.000000 0.698232 0.000000 -0.715872 0.452985 0.452985 0.452985
5204.673828 0.000000 1155.040771 0.000000 0.453442 0.000000 -0.891286 0.472786 0.472786 0.472786
5227.135742 0.000000 1161.310547 0.000000 0.638685 0.000000 -0.769468 0.467075 0.467075 0.467075
5203.341797 0.000000 1151.127197 0.000000 0.675574 0.000000 -0.737292 0.463335 0.463335 0.463335
5237.597656 0.000000 1155.358643 0.000000 0.493837 0.000000 -0.869554 0.469488 0.469488 0.469488
6044.282227 0.000000 940.645996 0.000000 0.038666 0.000000 -0.999252 0.215328 0.215328 0.215328
6038.302246 0.000000 908.804077 0.000000 0.080159 0.000000 -0.996782 0.221890 0.221890 0.221890
6270.112305 0.000000 326.340576 0.000000 0.573964 0.000000 -0.818880 0.220189 0.220189 0.220189
6272.354004 0.000000 330.389771 0.000000 0.406354 0.000000 -0.913716 0.209925 0.209925 0.209925
6288.020996 0.000000 326.650146 0.000000 0.110270 0.000000 -0.993902 0.213671 0.213671 0.213671
6281.163574 0.000000 321.722687 0.000000 0.587663 0.000000 -0.809105 0.226517 0.226517 0.226517
6310.720703 0.000000 329.156555 0.000000 0.635550 0.000000 -0.772060 0.228376 0.228376 0.228376
6304.344727 0.000000 320.739502 0.000000 0.167013 0.000000 -0.985955 0.285117 0.285117 0.285117
6316.877441 0.000000 316.208862 0.000000 0.633344 0.000000 -0.773870 0.223232 0.223232 0.223232
6319.152344 0.000000 327.892578 0.000000 0.619006 0.000000 -0.785386 0.231246 0.231246 0.231246
6281.808105 0.000000 318.127441 0.000000 0.599286 0.000000 -0.800535 0.208806 0.208806 0.208806
6311.131348 0.000000 317.401001 0.000000 0.579145 0.000000 -0.815225 0.231888 0.231888 0.231888
6282.749023 0.000000 324.614746 0.000000 0.359518 0.000000 -0.933138 0.286744 0.286744 0.286744
6324.392090 0.000000 330.808594 0.000000 0.278721 0.000000 -0.960372 0.275602 0.275602 0.275602
6322.278320 0.000000 313.130798 0.000000 0.259236 0.000000 -0.965814 0.275988 0.275988 0.275988
6322.616699 0.000000 328.475098 0.000000 0.343016 0.000000 -0.939329 0.275725 0.275725 0.275725
6307.097656 0.000000 324.521942 0.000000 0.137496 0.000000 -0.990502 0.311126 0.311126 0.311126
6283.577637 0.000000 326.442993 0.000000 0.682565 0.000000 -0.730825 0.293246 0.293246 0.293246
6284.884766 0.000000 329.404297 0.000000 0.335856 0.000000 -0.941913 0.310432 0.310432 0.310432
6284.416504 0.000000 324.339813 0.000000 0.606351 0.000000 -0.795197 0.319117 0.319117 0.319117
6342.599121 0.000000 335.522827 0.000000 0.312595 0.000000 -0.949887 0.286369 0.286369 0.286369
6352.020996 0.000000 326.650146 0.000000 0.424436 0.000000 -0.905458 0.235549 0.235549 0.235549
6345.597656 0.000000 332.297302 0.000000 0.572594 0.000000 -0.819839 0.287051 0.287051 0.287051
6353.216309 0.000000 322.303162 0.000000 0.461005 0.000000 -0.887397 0.228318 0.228318 0.228318
6349.152832 0.000000 327.652924 0.000000 0.584472 0.000000 -0.811414 0.269070 0.269070 0.269070
6343.561523 0.000000 333.395782 0.000000 0.030167 0.000000 -0.999545 0.290928 0.290928 0.290928
6270.612305 0.000000 390.546539 0.000000 0.158433 0.000000 -0.987370 0.212688 0.212688 0.212688
6226.736816 0.000000 445.511658 0.000000 0.033587 0.000000 -0.999436 0.212089 0.212089 0.212089
6249.423340 0.000000 427.812836 0.000000 0.231897 0.000000 -0.972740 0.211013 0.211013 0.211013
6250.581543 0.000000 414.195435 0.000000 0.394010 0.000000 -0.919106 0.208877 0.208877 0.208877
6265.729980 0.000000 436.180145 0.000000 0.639078 0.000000 -0.769142 0.206572 0.206572 0.206572
6254.271484 0.000000 432.679138 0.000000 0.202891 0.000000 -0.979201 0.210235 0.210235 0.210235
6246.465332 0.000000 420.488373 0.000000 0.077315 0.000000 -0.997007 0.254632 0.254632 0.254632
6253.791016 0.000000 408.728760 0.000000 0.127235 0.000000 -0.991873 0.212431 0.212431 0.212431
6224.020996 0.000000 439.618896 0.000000 0.621103 0.000000 -0.783729 0.222121 0.222121 0.222121
6259.720703 0.000000 433.262390 0.000000 0.605253 0.000000 -0.796033 0.269920 0.269920 0.269920
6245.443359 0.000000 415.192596 0.000000 0.401927 0.000000 -0.915672 0.209100 0.209100 0.209100
6225.114746 0.000000 449.950470 0.000000 0.266210 0.000000 -0.963915 0.222622 0.222622 0.222622
6243.650879 0.000000 418.332977 0.000000 0.279022 0.000000 -0.960285 0.232066 0.232066 0.232066
6225.116211 0.000000 442.638123 0.000000 0.453293 0.000000 -0.891361 0.224417 0.224417 0.224417
6255.681152 0.000000 398.292450 0.000000 0.301134 0.000000 -0.953582 0.311370 0.311370 0.311370
6247.437012 0.000000 422.772522 0.000000 0.155873 0.000000 -0.987777 0.262039 0.262039 0.262039
6253.664062 0.000000 402.386261 0.000000 0.599075 0.000000 -0.800693 0.319381 0.319381 0.319381
6254.857422 0.000000 400.894470 0.000000 0.649959 0.000000 -0.759969 0.303810 0.303810 0.303810
6272.354004 0.000000 386.874146 0.000000 0.131493 0.000000 -0.991317 0.228311 0.228311 0.228311
6317.255371 0.000000 393.781738 0.000000 0.480133 0.000000 -0.877196 0.278344 0.278344 0.278344
6330.133789 0.000000 366.370697 0.000000 0.657243 0.000000 -0.753678 0.220296 0.220296 0.220296
6335.291016 0.000000 339.311310 0.000000 0.382700 0.000000 -0.923873 0.260912 0.260912 0.260912
6311.675293 0.000000 393.680115 0.000000 0.091693 0.000000 -0.995787 0.231587 0.231587 0.231587
6273.469238 0.000000 393.454346 0.000000 0.192588 0.000000 -0.981280 0.227599 0.227599 0.227599
6310.720703 0.000000 385.640930 0.000000 0.532357 0.000000 -0.846520 0.209324 0.209324 0.209324
6276.957031 0.000000 385.073334 0.000000 0.526462 0.000000 -0.850199 0.223452 0.223452 0.223452
6318.917969 0.000000 360.220978 0.000000 0.007022 0.000000 -0.999975 0.229746 0.229746 0.229746
6334.127441 0.000000 356.346222 0.000000 0.471385 0.000000 -0.881927 0.253784 0.253784 0.253784
6314.157715 0.000000 361.742493 0.000000 0.253678 0.000000 -0.967289 0.226878 0.226878 0.226878
6326.755859 0.000000 365.001648 0.000000 0.618797 0.000000 -0.785551 0.342402 0.342402 0.342402
6272.226074 0.000000 390.223267 0.000000 0.412164 0.000000 -0.911110 0.233021 0.233021 0.233021
6331.669434 0.000000 358.611145 0.000000 0.053226 0.000000 -0.998582 0.268149 0.268149 0.268149
6326.496094 0.000000 368.215149 0.000000 0.180619 0.000000 -0.983553 0.293669 0.293669 0.293669
6322.278320 0.000000 369.615173 0.000000 0.387289 0.000000 -0.921959 0.247014 0.247014 0.247014
6275.898438 0.000000 391.662903 0.000000 0.543559 0.000000 -0.839371 0.235090 0.235090 0.235090
6319.961914 0.000000 394.166138 0.000000 0.577417 0.000000 -0.816449 0.257126 0.257126 0.257126
6331.279297 0.000000 364.107788 0.000000 0.342596 0.000000 -0.939483 0.272902 0.272902 0.272902
6310.352539 0.000000 388.094757 0.000000 0.350976 0.000000 -0.936384 0.275561 0.275561 0.275561
6328.956055 0.000000 364.321991 0.000000 0.159229 0.000000 -0.987242 0.328786 0.328786 0.328786
6333.061035 0.000000 339.462585 0.000000 0.023839 0.000000 -0.999716 0.271614 0.271614 0.271614
6315.937012 0.000000 395.333801 0.000000 0.223214 0.000000 -0.974769 0.283951 0.283951 0.283951
6377.423340 0.000000 371.328461 0.000000 0.513961 0.000000 -0.857813 0.217041 0.217041 0.217041
6375.866699 0.000000 380.609802 0.000000 0.482782 0.000000 -0.875740 0.254935 0.254935 0.254935
6372.049805 0.000000 375.195831 0.000000 0.430259 0.000000 -0.902706 0.273893 0.273893 0.273893
6340.637695 0.000000 357.479065 0.000000 0.118403 0.000000 -0.992966 0.262665 0.262665 0.262665
6336.668457 0.000000 356.676666 0.000000 0.344648 0.000000 -0.938732 0.275691 0.275691 0.275691
6336.520996 0.000000 358.676300 0.000000 0.511870 0.000000 -0.859063 0.323853 0.323853 0.323853
6275.834473 0.000000 395.393158 0.000000 0.036618 0.000000 -0.999329 0.212256 0.212256 0.212256
6314.581543 0.000000 414.195435 0.000000 0.403098 0.000000 -0.915157 0.208657 0.208657 0.208657
6282.048340 0.000000 440.890930 0.000000 0.060912 0.000000 -0.998143 0.210743 0.210743 0.210743
6293.428223 0.000000 427.738281 0.000000 0.451059 0.000000 -0.892494 0.208398 0.208398 0.208398
6298.840820 0.000000 422.094971 0.000000 0.588506 0.000000 -0.808493 0.207522 0.207522 0.207522
6285.066406 0.000000 448.606812 0.000000 0.152126 0.000000 -0.988361 0.288375 0.288375 0.288375
6295.427734 0.000000 444.386017 0.000000 0.028085 0.000000 -0.999606 0.214635 0.214635 0.214635
6318.917969 0.000000 416.705353 0.000000 0.255260 0.000000 -0.966873 0.213213 0.213213 0.213213
6285.883301 0.000000 443.886841 0.000000 0.522452 0.000000 -0.852669 0.232763 0.232763 0.232763
6313.605957 0.000000 432.872131 0.000000 0.662540 0.000000 -0.749026 0.255280 0.255280 0.255280
6293.636230 0.000000 449.892853 0.000000 0.549035 0.000000 -0.835799 0.242971 0.242971 0.242971
6334.018555 0.000000 421.285706 0.000000 0.364996 0.000000 -0.931009 0.225531 0.225531 0.225531
6313.764648 0.000000 423.714844 0.000000 0.144398 0.000000 -0.989520 0.222594 0.222594 0.222594
6284.652344 0.000000 420.817474 0.000000 0.628877 0.000000 -0.777505 0.234992 0.234992 0.234992
6313.896973 0.000000 395.418976 0.000000 0.557032 0.000000 -0.830491 0.230916 0.230916 0.230916
6308.176270 0.000000 439.410217 0.000000 0.683727 0.000000 -0.729738 0.225010 0.225010 0.225010
6281.808105 0.000000 431.096191 0.000000 0.209272 0.000000 -0.977857 0.226021 0.226021 0.226021
6301.587891 0.000000 415.058380 0.000000 0.355569 0.000000 -0.934650 0.233798 0.233798 0.233798
6287.660156 0.000000 446.555908 0.000000 0.458912 0.000000 -0.888482 0.321306 0.321306 0.321306
6314.699707 0.000000 435.769440 0.000000 0.405218 0.000000 -0.914220 0.254968 0.254968 0.254968
6298.616211 0.000000 419.473053 0.000000 0.013100 0.000000 -0.999914 0.246886 0.246886 0.246886
6286.569336 0.000000 429.159393 0.000000 0.537440 0.000000 -0.843302 0.239173 0.239173 0.239173
6286.452148 0.000000 450.985382 0.000000 0.624276 0.000000 -0.781204 0.250835 0.250835 0.250835
6296.755859 0.000000 414.739838 0.000000 0.513607 0.000000 -0.858026 0.316687 0.316687 0.316687
6292.471191 0.000000 417.216187 0.000000 0.244088 0.000000 -0.969753 0.286419 0.286419 0.286419
6285.917480 0.000000 426.836853 0.000000 0.311464 0.000000 -0.950258 0.290715 0.290715 0.290715
6296.281738 0.000000 417.405823 0.000000 0.576683 0.000000 -0.816968 0.310409 0.310409 0.310409
6293.939941 0.000000 420.724060 0.000000 0.389035 0.000000 -0.921223 0.280403 0.280403 0.280403
6287.977051 0.000000 444.457703 0.000000 0.141471 0.000000 -0.989942 0.308010 0.308010 0.308010
6343.674805 0.000000 419.336639 0.000000 0.466328 0.000000 -0.884612 0.244369 0.244369 0.244369
6355.921875 0.000000 419.716034 0.000000 0.486212 0.000000 -0.873841 0.210807 0.210807 0.210807
6349.467773 0.000000 410.945892 0.000000 0.397173 0.000000 -0.917744 0.210592 0.210592 0.210592
6357.035156 0.000000 436.107727 0.000000 0.581644 0.000000 -0.813443 0.262402 0.262402 0.262402
6336.315430 0.000000 421.816193 0.000000 0.620584 0.000000 -0.784140 0.222129 0.222129 0.222129
6338.164551 0.000000 414.762177 0.000000 0.638563 0.000000 -0.769570 0.331767 0.331767 0.331767
6350.146973 0.000000 417.244110 0.000000 0.203814 0.000000 -0.979010 0.212443 0.212443 0.212443
6352.020996 0.000000 439.618896 0.000000 0.091125 0.000000 -0.995839 0.212743 0.212743 0.212743
6356.194824 0.000000 441.303467 0.000000 0.333481 0.000000 -0.942757 0.273085 0.273085 0.273085
6339.605469 0.000000 418.667206 0.000000 0.477535 0.000000 -0.878613 0.237453 0.237453 0.237453
6348.652344 0.000000 420.817474 0.000000 0.693318 0.000000 -0.720632 0.207333 0.207333 0.207333
6341.963867 0.000000 416.089630 0.000000 0.320565 0.000000 -0.947227 0.318193 0.318193 0.318193
6353.983398 0.000000 416.758881 0.000000 0.053155 0.000000 -0.998586 0.229215 0.229215 0.229215
6347.269531 0.000000 404.720703 0.000000 0.248084 0.000000 -0.968738 0.239396 0.239396 0.239396
6360.982910 0.000000 399.264496 0.000000 0.074645 0.000000 -0.997210 0.234621 0.234621 0.234621
6351.212891 0.000000 407.843933 0.000000 0.417888 0.000000 -0.908498 0.228898 0.228898 0.228898
6357.389160 0.000000 438.616516 0.000000 0.504966 0.000000 -0.863140 0.272257 0.272257 0.272257
6364.442383 0.000000 395.408020 0.000000 0.044343 0.000000 -0.999016 0.281643 0.281643 0.281643
6339.661133 0.000000 416.464172 0.000000 0.663602 0.000000 -0.748086 0.296567 0.296567 0.296567
6342.215332 0.000000 411.544006 0.000000 0.678506 0.000000 -0.734595 0.304163 0.304163 0.304163
6260.449707 0.000000 484.635498 0.000000 0.291139 0.000000 -0.956681 0.279649 0.279649 0.279649
6266.133789 0.000000 479.339447 0.000000 0.218954 0.000000 -0.975735 0.221780 0.221780 0.221780
6244.590332 0.000000 461.881683 0.000000 0.551549 0.000000 -0.834142 0.220490 0.220490 0.220490
6254.917969 0.000000 473.189728 0.000000 0.658500 0.000000 -0.752581 0.207125 0.207125 0.207125
6241.456543 0.000000 465.799896 0.000000 0.498267 0.000000 -0.867024 0.209823 0.209823 0.209823
6261.610352 0.000000 487.367828 0.000000 0.690113 0.000000 -0.723701 0.249429 0.249429 0.249429
6268.194824 0.000000 487.464142 0.000000 0.124145 0.000000 -0.992264 0.280092 0.280092 0.280092
6272.354004 0.000000 499.842896 0.000000 0.638480 0.000000 -0.769638 0.206139 0.206139 0.206139
6287.347656 0.000000 452.159058 0.000000 0.176672 0.000000 -0.984270 0.231962 0.231962 0.231962
6285.333984 0.000000 456.204376 0.000000 0.662536 0.000000 -0.749030 0.217653 0.217653 0.217653
6325.757812 0.000000 471.239746 0.000000 0.479127 0.000000 -0.877746 0.234747 0.234747 0.234747
6331.875488 0.000000 466.081238 0.000000 0.649243 0.000000 -0.760581 0.310661 0.310661 0.310661
6316.877441 0.000000 485.661987 0.000000 0.248999 0.000000 -0.968504 0.225559 0.225559 0.225559
6331.669434 0.000000 471.579895 0.000000 0.353161 0.000000 -0.935563 0.275516 0.275516 0.275516
6317.602051 0.000000 491.799988 0.000000 0.347887 0.000000 -0.937536 0.336607 0.336607 0.336607
6345.437988 0.000000 452.692688 0.000000 0.066912 0.000000 -0.997759 0.212577 0.212577 0.212577
6336.522461 0.000000 467.577057 0.000000 0.164403 0.000000 -0.986393 0.240533 0.240533 0.240533
"}
