object={
	name="baobab_generator_3_0"
	clamp_to_water_level=no
	render_under_water=no
	generated_content=yes
	layer="semidynamic_high"
	pdxmesh="tree_baobab_01_mesh"
	count=584
	transform="1087.836060 0.000000 1473.077881 0.000000 0.002983 0.000000 0.999996 0.194553 0.194553 0.194553
1086.808594 0.000000 1496.621216 0.000000 0.625611 0.000000 0.780135 0.218331 0.218331 0.218331
1056.410645 0.000000 1485.963257 0.000000 0.665120 0.000000 0.746736 0.240345 0.240345 0.240345
1085.495117 0.000000 1487.754028 0.000000 0.435759 0.000000 0.900063 0.233806 0.233806 0.233806
1065.043945 0.000000 1480.609375 0.000000 0.492229 0.000000 0.870466 0.217657 0.217657 0.217657
1062.039062 0.000000 1486.695435 0.000000 0.592308 0.000000 0.805712 0.223165 0.223165 0.223165
1062.058228 0.000000 1484.896240 0.000000 0.061660 0.000000 0.998097 0.227376 0.227376 0.227376
1084.396973 0.000000 1494.881714 0.000000 0.329288 0.000000 0.944229 0.244246 0.244246 0.244246
1085.121704 0.000000 1484.818726 0.000000 0.474642 0.000000 0.880179 0.228690 0.228690 0.228690
1084.552368 0.000000 1498.012939 0.000000 0.155794 0.000000 0.987790 0.262418 0.262418 0.262418
1061.055908 0.000000 1482.036987 0.000000 0.476675 0.000000 0.879080 0.263679 0.263679 0.263679
1084.820068 0.000000 1499.255371 0.000000 0.502706 0.000000 0.864458 0.274971 0.274971 0.274971
1083.589600 0.000000 1501.158691 0.000000 0.174875 0.000000 0.984591 0.251952 0.251952 0.251952
1090.492065 0.000000 1472.183350 0.000000 0.394851 0.000000 0.918745 0.188949 0.188949 0.188949
1113.163940 0.000000 1524.453125 0.000000 0.705245 0.000000 0.708963 0.193944 0.193944 0.193944
1135.961792 0.000000 1523.853638 0.000000 0.310957 0.000000 0.950424 0.192037 0.192037 0.192037
1125.505493 0.000000 1524.281372 0.000000 0.352627 0.000000 0.935764 0.215244 0.215244 0.215244
1139.339844 0.000000 1503.883057 0.000000 0.615286 0.000000 0.788304 0.206971 0.206971 0.206971
1128.552612 0.000000 1521.444946 0.000000 0.487732 0.000000 0.872993 0.226361 0.226361 0.226361
1133.660034 0.000000 1500.544067 0.000000 0.322042 0.000000 0.946725 0.218105 0.218105 0.218105
1101.989746 0.000000 1495.508179 0.000000 0.371698 0.000000 0.928354 0.205155 0.205155 0.205155
1141.193481 0.000000 1507.928711 0.000000 0.270843 0.000000 0.962623 0.208861 0.208861 0.208861
1136.863892 0.000000 1513.069702 0.000000 0.540553 0.000000 0.841310 0.215835 0.215835 0.215835
1142.407227 0.000000 1521.629395 0.000000 0.627311 0.000000 0.778768 0.216510 0.216510 0.216510
1135.125977 0.000000 1507.510864 0.000000 0.667288 0.000000 0.744800 0.223832 0.223832 0.223832
1126.249512 0.000000 1522.286011 0.000000 0.419687 0.000000 0.907669 0.237610 0.237610 0.237610
1125.751831 0.000000 1519.127075 0.000000 0.671203 0.000000 0.741274 0.238688 0.238688 0.238688
1104.534668 0.000000 1482.421509 0.000000 0.311152 0.000000 0.950360 0.238273 0.238273 0.238273
1123.728149 0.000000 1520.625122 0.000000 0.367355 0.000000 0.930081 0.256997 0.256997 0.256997
1125.993652 0.000000 1554.641479 0.000000 0.392669 0.000000 0.919680 0.191258 0.191258 0.191258
1110.003418 0.000000 1538.780518 0.000000 0.537065 0.000000 0.843541 0.192106 0.192106 0.192106
1110.302124 0.000000 1530.132202 0.000000 0.705931 0.000000 0.708281 0.193810 0.193810 0.193810
1115.827881 0.000000 1529.117310 0.000000 0.451799 0.000000 0.892120 0.208093 0.208093 0.208093
1128.666260 0.000000 1571.400635 0.000000 0.183350 0.000000 0.983048 0.206746 0.206746 0.206746
1142.278564 0.000000 1525.109985 0.000000 0.343017 0.000000 0.939329 0.230120 0.230120 0.230120
1122.286743 0.000000 1528.705811 0.000000 0.194930 0.000000 0.980817 0.223922 0.223922 0.223922
1147.325317 0.000000 1537.193481 0.000000 0.140877 0.000000 0.990027 0.207771 0.207771 0.207771
1135.125977 0.000000 1563.995239 0.000000 0.702877 0.000000 0.711312 0.237713 0.237713 0.237713
1135.226074 0.000000 1566.022339 0.000000 0.220369 0.000000 0.975417 0.226001 0.226001 0.226001
1149.121704 0.000000 1541.303101 0.000000 0.205074 0.000000 0.978746 0.248492 0.248492 0.248492
1143.627441 0.000000 1555.705566 0.000000 0.374753 0.000000 0.927125 0.250197 0.250197 0.250197
1118.746948 0.000000 1526.666138 0.000000 0.126703 0.000000 0.991941 0.248440 0.248440 0.248440
1135.751465 0.000000 1562.638306 0.000000 0.476835 0.000000 0.878993 0.232179 0.232179 0.232179
1146.513306 0.000000 1538.774536 0.000000 0.189305 0.000000 0.981918 0.228509 0.228509 0.228509
1119.390869 0.000000 1529.020264 0.000000 0.245689 0.000000 0.969349 0.266232 0.266232 0.266232
1197.790894 0.000000 1481.931885 0.000000 0.044503 0.000000 0.999009 0.189331 0.189331 0.189331
1203.409058 0.000000 1494.079956 0.000000 0.596158 0.000000 0.802867 0.196328 0.196328 0.196328
1193.043945 0.000000 1480.609375 0.000000 0.542659 0.000000 0.839953 0.242373 0.242373 0.242373
1193.112671 0.000000 1479.031494 0.000000 0.272538 0.000000 0.962145 0.228650 0.228650 0.228650
1186.393921 0.000000 1481.286743 0.000000 0.525252 0.000000 0.850947 0.239340 0.239340 0.239340
1223.693237 0.000000 1500.426270 0.000000 0.629907 0.000000 0.776671 0.193894 0.193894 0.193894
1226.276367 0.000000 1489.201172 0.000000 0.599053 0.000000 0.800709 0.192119 0.192119 0.192119
1218.892212 0.000000 1506.795044 0.000000 0.188079 0.000000 0.982154 0.194167 0.194167 0.194167
1246.841187 0.000000 1500.225952 0.000000 0.418035 0.000000 0.908431 0.189901 0.189901 0.189901
1258.549194 0.000000 1479.705078 0.000000 0.446314 0.000000 0.894876 0.190800 0.190800 0.190800
1229.917725 0.000000 1500.039917 0.000000 0.635547 0.000000 0.772062 0.206357 0.206357 0.206357
1263.774780 0.000000 1487.782349 0.000000 0.586592 0.000000 0.809883 0.200910 0.200910 0.200910
1253.505493 0.000000 1524.281372 0.000000 0.629665 0.000000 0.776867 0.197730 0.197730 0.197730
1225.306274 0.000000 1494.268311 0.000000 0.479523 0.000000 0.877529 0.217430 0.217430 0.217430
1259.536621 0.000000 1482.156860 0.000000 0.064641 0.000000 0.997909 0.197748 0.197748 0.197748
1222.226929 0.000000 1513.168701 0.000000 0.214194 0.000000 0.976791 0.206355 0.206355 0.206355
1270.407227 0.000000 1521.629395 0.000000 0.121242 0.000000 0.992623 0.220189 0.220189 0.220189
1220.837402 0.000000 1516.833496 0.000000 0.674956 0.000000 0.737858 0.238790 0.238790 0.238790
1218.331055 0.000000 1508.539551 0.000000 0.380286 0.000000 0.924869 0.216568 0.216568 0.216568
1257.043945 0.000000 1480.609375 0.000000 0.123665 0.000000 0.992324 0.225633 0.225633 0.225633
1273.560059 0.000000 1519.237793 0.000000 0.182409 0.000000 0.983223 0.240519 0.240519 0.240519
1261.746216 0.000000 1488.729736 0.000000 0.679536 0.000000 0.733642 0.236160 0.236160 0.236160
1235.159302 0.000000 1488.813354 0.000000 0.174042 0.000000 0.984738 0.229735 0.229735 0.229735
1220.645142 0.000000 1513.207642 0.000000 0.349995 0.000000 0.936751 0.243993 0.243993 0.243993
1235.123779 0.000000 1491.283081 0.000000 0.260275 0.000000 0.965534 0.219502 0.219502 0.219502
1277.091431 0.000000 1520.305298 0.000000 0.067534 0.000000 0.997717 0.220735 0.220735 0.220735
1276.833740 0.000000 1518.322021 0.000000 0.703750 0.000000 0.710448 0.243279 0.243279 0.243279
1251.772095 0.000000 1502.750610 0.000000 0.598981 0.000000 0.800763 0.256947 0.256947 0.256947
1232.823242 0.000000 1490.198486 0.000000 0.637819 0.000000 0.770186 0.268646 0.268646 0.268646
1201.044556 0.000000 1573.762085 0.000000 0.553352 0.000000 0.832948 0.192504 0.192504 0.192504
1209.614258 0.000000 1577.459229 0.000000 0.556247 0.000000 0.831017 0.192163 0.192163 0.192163
1193.927490 0.000000 1569.811401 0.000000 0.668723 0.000000 0.743512 0.192780 0.192780 0.192780
1201.258545 0.000000 1562.535156 0.000000 0.332058 0.000000 0.943259 0.190479 0.190479 0.190479
1214.298462 0.000000 1574.548828 0.000000 0.248840 0.000000 0.968545 0.199183 0.199183 0.199183
1183.860107 0.000000 1572.911621 0.000000 0.165626 0.000000 0.986189 0.197311 0.197311 0.197311
1208.393677 0.000000 1570.204834 0.000000 0.654397 0.000000 0.756151 0.208561 0.208561 0.208561
1180.530762 0.000000 1566.753052 0.000000 0.019704 0.000000 0.999806 0.204420 0.204420 0.204420
1187.914307 0.000000 1553.837280 0.000000 0.204605 0.000000 0.978845 0.214465 0.214465 0.214465
1215.198608 0.000000 1560.098145 0.000000 0.269376 0.000000 0.963035 0.217194 0.217194 0.217194
1155.098755 0.000000 1543.202148 0.000000 0.376189 0.000000 0.926543 0.224984 0.224984 0.224984
1185.783813 0.000000 1568.642334 0.000000 0.254014 0.000000 0.967201 0.240017 0.240017 0.240017
1204.391724 0.000000 1561.533203 0.000000 0.080705 0.000000 0.996738 0.220981 0.220981 0.220981
1214.039429 0.000000 1565.538452 0.000000 0.110722 0.000000 0.993851 0.241624 0.241624 0.241624
1208.805054 0.000000 1564.592285 0.000000 0.372590 0.000000 0.927996 0.271544 0.271544 0.271544
1209.142822 0.000000 1568.856689 0.000000 0.071982 0.000000 0.997406 0.239922 0.239922 0.239922
1208.429443 0.000000 1562.273560 0.000000 0.413548 0.000000 0.910483 0.259224 0.259224 0.259224
1185.452271 0.000000 1562.621948 0.000000 0.431632 0.000000 0.902050 0.255833 0.255833 0.255833
1184.915405 0.000000 1565.993652 0.000000 0.134081 0.000000 0.990970 0.249353 0.249353 0.249353
1212.154541 0.000000 1565.177856 0.000000 0.073717 0.000000 0.997279 0.266610 0.266610 0.266610
1185.949341 0.000000 1566.683838 0.000000 0.623069 0.000000 0.782167 0.262936 0.262936 0.262936
1213.826050 0.000000 1566.797974 0.000000 0.162231 0.000000 0.986753 0.289271 0.289271 0.289271
1213.235596 0.000000 1569.859497 0.000000 0.277818 0.000000 0.960634 0.278518 0.278518 0.278518
1209.995117 0.000000 1564.243530 0.000000 0.622811 0.000000 0.782373 0.281577 0.281577 0.281577
1270.803467 0.000000 1527.144287 0.000000 0.397253 0.000000 0.917709 0.192456 0.192456 0.192456
1225.888916 0.000000 1580.343140 0.000000 0.468045 0.000000 0.883705 0.190936 0.190936 0.190936
1222.202026 0.000000 1536.590942 0.000000 0.459378 0.000000 0.888241 0.190036 0.190036 0.190036
1262.584106 0.000000 1573.858643 0.000000 0.312443 0.000000 0.949937 0.206055 0.206055 0.206055
1219.928833 0.000000 1555.210083 0.000000 0.298361 0.000000 0.954453 0.207568 0.207568 0.207568
1223.561523 0.000000 1576.052002 0.000000 0.058577 0.000000 0.998283 0.208157 0.208157 0.208157
1268.417847 0.000000 1555.403198 0.000000 0.070338 0.000000 0.997523 0.202716 0.202716 0.202716
1259.248413 0.000000 1557.904175 0.000000 0.222323 0.000000 0.974973 0.213936 0.213936 0.213936
1255.873657 0.000000 1561.865601 0.000000 0.013494 0.000000 0.999909 0.211368 0.211368 0.211368
1226.859009 0.000000 1532.606812 0.000000 0.269632 0.000000 0.962964 0.207151 0.207151 0.207151
1219.196289 0.000000 1570.828613 0.000000 0.131474 0.000000 0.991320 0.233351 0.233351 0.233351
1223.854370 0.000000 1535.826172 0.000000 0.571851 0.000000 0.820358 0.214573 0.214573 0.214573
1258.287964 0.000000 1555.760376 0.000000 0.501045 0.000000 0.865421 0.215141 0.215141 0.215141
1225.625610 0.000000 1535.302979 0.000000 0.343426 0.000000 0.939180 0.223513 0.223513 0.223513
1274.963013 0.000000 1543.216797 0.000000 0.513893 0.000000 0.857854 0.221608 0.221608 0.221608
1216.129395 0.000000 1557.122803 0.000000 0.307491 0.000000 0.951551 0.231799 0.231799 0.231799
1253.460205 0.000000 1556.413330 0.000000 0.465494 0.000000 0.885051 0.224175 0.224175 0.224175
1255.139160 0.000000 1548.805786 0.000000 0.165633 0.000000 0.986188 0.253795 0.253795 0.253795
1258.936646 0.000000 1577.578369 0.000000 0.195166 0.000000 0.980770 0.246023 0.246023 0.246023
1217.717041 0.000000 1569.523315 0.000000 0.347232 0.000000 0.937779 0.267661 0.267661 0.267661
1279.265015 0.000000 1558.530029 0.000000 0.282274 0.000000 0.959334 0.242263 0.242263 0.242263
1276.552368 0.000000 1554.497314 0.000000 0.518830 0.000000 0.854877 0.248546 0.248546 0.248546
1275.155518 0.000000 1553.528442 0.000000 0.408861 0.000000 0.912597 0.251965 0.251965 0.251965
1222.787476 0.000000 1529.969604 0.000000 0.071453 0.000000 0.997444 0.238489 0.238489 0.238489
1216.036377 0.000000 1571.673340 0.000000 0.150393 0.000000 0.988626 0.260886 0.260886 0.260886
1256.307739 0.000000 1556.670654 0.000000 0.266136 0.000000 0.963935 0.250955 0.250955 0.250955
1273.621582 0.000000 1557.968872 0.000000 0.498411 0.000000 0.866941 0.287237 0.287237 0.287237
1275.613647 0.000000 1556.285400 0.000000 0.599158 0.000000 0.800631 0.303120 0.303120 0.303120
1217.508423 0.000000 1568.366577 0.000000 0.515155 0.000000 0.857097 0.273868 0.273868 0.273868
1275.585693 0.000000 1561.636108 0.000000 0.542846 0.000000 0.839832 0.297034 0.297034 0.297034
1276.814941 0.000000 1559.795044 0.000000 0.619943 0.000000 0.784647 0.297046 0.297046 0.297046
1296.364136 0.000000 1409.196411 0.000000 0.405182 0.000000 0.914236 0.302951 0.302951 0.302951
1286.656738 0.000000 1573.895874 0.000000 0.537495 0.000000 0.843267 0.190732 0.190732 0.190732
1301.436035 0.000000 1576.376099 0.000000 0.619129 0.000000 0.785289 0.192108 0.192108 0.192108
1292.244629 0.000000 1575.694702 0.000000 0.324262 0.000000 0.945967 0.198380 0.198380 0.198380
1291.346924 0.000000 1573.042114 0.000000 0.168573 0.000000 0.985689 0.196499 0.196499 0.196499
1303.825562 0.000000 1578.998535 0.000000 0.006991 0.000000 0.999976 0.206601 0.206601 0.206601
1295.150513 0.000000 1578.689087 0.000000 0.576180 0.000000 0.817323 0.201698 0.201698 0.201698
1307.848511 0.000000 1578.737305 0.000000 0.154515 0.000000 0.987990 0.227791 0.227791 0.227791
1311.070923 0.000000 1545.735352 0.000000 0.555310 0.000000 0.831643 0.217911 0.217911 0.217911
1306.534668 0.000000 1579.873535 0.000000 0.336888 0.000000 0.941545 0.231624 0.231624 0.231624
1086.127319 0.000000 1599.002441 0.000000 0.679431 0.000000 0.733739 0.193521 0.193521 0.193521
1079.776123 0.000000 1609.287476 0.000000 0.295515 0.000000 0.955338 0.217644 0.217644 0.217644
1070.857178 0.000000 1587.066406 0.000000 0.346539 0.000000 0.938035 0.210003 0.210003 0.210003
1087.487793 0.000000 1597.890625 0.000000 0.436826 0.000000 0.899546 0.218422 0.218422 0.218422
1084.241577 0.000000 1592.304932 0.000000 0.342032 0.000000 0.939688 0.224319 0.224319 0.224319
1079.532715 0.000000 1606.172363 0.000000 0.327173 0.000000 0.944964 0.239452 0.239452 0.239452
1139.521606 0.000000 1609.571411 0.000000 0.172087 0.000000 0.985082 0.189531 0.189531 0.189531
1092.861816 0.000000 1609.517090 0.000000 0.366701 0.000000 0.930339 0.190749 0.190749 0.190749
1129.606079 0.000000 1619.043945 0.000000 0.572627 0.000000 0.819816 0.192202 0.192202 0.192202
1098.748779 0.000000 1623.755371 0.000000 0.136789 0.000000 0.990600 0.186400 0.186400 0.186400
1148.341309 0.000000 1634.730347 0.000000 0.010910 0.000000 0.999940 0.191360 0.191360 0.191360
1151.836060 0.000000 1586.046631 0.000000 0.543781 0.000000 0.839227 0.200313 0.200313 0.200313
1135.221924 0.000000 1614.861084 0.000000 0.392513 0.000000 0.919746 0.214188 0.214188 0.214188
1097.114258 0.000000 1611.676270 0.000000 0.662947 0.000000 0.748667 0.213437 0.213437 0.213437
1133.660034 0.000000 1613.512817 0.000000 0.535415 0.000000 0.844589 0.214840 0.214840 0.214840
1140.116699 0.000000 1583.893433 0.000000 0.125736 0.000000 0.992064 0.197668 0.197668 0.197668
1092.837402 0.000000 1629.802246 0.000000 0.080609 0.000000 0.996746 0.216357 0.216357 0.216357
1147.649170 0.000000 1603.075195 0.000000 0.232412 0.000000 0.972617 0.219818 0.219818 0.219818
1143.988525 0.000000 1597.185791 0.000000 0.405673 0.000000 0.914018 0.224717 0.224717 0.224717
1094.769043 0.000000 1617.569824 0.000000 0.391573 0.000000 0.920147 0.249083 0.249083 0.249083
1094.284668 0.000000 1621.734863 0.000000 0.264799 0.000000 0.964304 0.273196 0.273196 0.273196
1092.258545 0.000000 1625.084351 0.000000 0.136960 0.000000 0.990577 0.261104 0.261104 0.261104
1095.646240 0.000000 1623.383667 0.000000 0.176063 0.000000 0.984379 0.268492 0.268492 0.268492
1126.737793 0.000000 1676.524780 0.000000 0.301672 0.000000 0.953412 0.188952 0.188952 0.188952
1148.880859 0.000000 1661.276611 0.000000 0.027704 0.000000 0.999616 0.185746 0.185746 0.185746
1145.532715 0.000000 1653.021484 0.000000 0.240899 0.000000 0.970550 0.209255 0.209255 0.209255
1148.605713 0.000000 1669.973511 0.000000 0.296492 0.000000 0.955035 0.199782 0.199782 0.199782
1147.060547 0.000000 1680.639160 0.000000 0.428260 0.000000 0.903655 0.206852 0.206852 0.206852
1141.193481 0.000000 1677.381836 0.000000 0.107502 0.000000 0.994205 0.225310 0.225310 0.225310
1138.464111 0.000000 1653.975220 0.000000 0.011480 0.000000 0.999934 0.201121 0.201121 0.201121
1137.177856 0.000000 1679.660156 0.000000 0.450592 0.000000 0.892730 0.223017 0.223017 0.223017
1145.390381 0.000000 1680.454102 0.000000 0.193588 0.000000 0.981083 0.215905 0.215905 0.215905
1141.526611 0.000000 1671.982422 0.000000 0.668830 0.000000 0.743416 0.227584 0.227584 0.227584
1146.382690 0.000000 1672.923584 0.000000 0.140192 0.000000 0.990124 0.230538 0.230538 0.230538
1144.508789 0.000000 1679.489624 0.000000 0.094725 0.000000 0.995503 0.239785 0.239785 0.239785
1144.393433 0.000000 1671.189453 0.000000 0.652335 0.000000 0.757931 0.291302 0.291302 0.291302
1154.759888 0.000000 1590.677124 0.000000 0.397780 0.000000 0.917481 0.189414 0.189414 0.189414
1258.133911 0.000000 1585.699829 0.000000 0.288701 0.000000 0.957419 0.189950 0.189950 0.189950
1271.370483 0.000000 1615.217896 0.000000 0.381613 0.000000 0.924322 0.189194 0.189194 0.189194
1276.546265 0.000000 1609.502197 0.000000 0.118480 0.000000 0.992956 0.189137 0.189137 0.189137
1268.127808 0.000000 1599.444946 0.000000 0.120576 0.000000 0.992704 0.195092 0.195092 0.195092
1270.374756 0.000000 1613.112183 0.000000 0.480978 0.000000 0.876732 0.200386 0.200386 0.200386
1275.166870 0.000000 1605.255249 0.000000 0.404322 0.000000 0.914617 0.245415 0.245415 0.245415
1271.532715 0.000000 1606.172363 0.000000 0.351980 0.000000 0.936007 0.235213 0.235213 0.235213
1270.872070 0.000000 1601.947876 0.000000 0.604410 0.000000 0.796673 0.242274 0.242274 0.242274
1161.453857 0.000000 1644.366211 0.000000 0.187053 0.000000 0.982350 0.190680 0.190680 0.190680
1154.492065 0.000000 1641.636475 0.000000 0.507565 0.000000 0.861614 0.190278 0.190278 0.190278
1161.349487 0.000000 1690.601929 0.000000 0.057949 0.000000 0.998320 0.187674 0.187674 0.187674
1164.244629 0.000000 1688.663452 0.000000 0.674973 0.000000 0.737843 0.205098 0.205098 0.205098
1154.759888 0.000000 1647.161499 0.000000 0.697605 0.000000 0.716483 0.199676 0.199676 0.199676
1156.256348 0.000000 1693.562622 0.000000 0.663091 0.000000 0.748539 0.192292 0.192292 0.192292
1166.936279 0.000000 1684.618774 0.000000 0.325209 0.000000 0.945642 0.218161 0.218161 0.218161
1152.013672 0.000000 1642.569580 0.000000 0.658349 0.000000 0.752713 0.201009 0.201009 0.201009
1160.816650 0.000000 1686.055176 0.000000 0.010158 0.000000 0.999948 0.215902 0.215902 0.215902
1156.837402 0.000000 1686.286621 0.000000 0.543431 0.000000 0.839454 0.231941 0.231941 0.231941
1167.107910 0.000000 1673.241821 0.000000 0.701048 0.000000 0.713114 0.272937 0.272937 0.272937
1164.418213 0.000000 1687.122803 0.000000 0.613642 0.000000 0.789585 0.255695 0.255695 0.255695
1167.086670 0.000000 1675.582153 0.000000 0.686850 0.000000 0.726799 0.301498 0.301498 0.301498
1277.061157 0.000000 1638.603149 0.000000 0.417152 0.000000 0.908837 0.198650 0.198650 0.198650
1276.194946 0.000000 1673.635986 0.000000 0.386651 0.000000 0.922226 0.208001 0.208001 0.208001
1188.590088 0.000000 1704.537964 0.000000 0.321252 0.000000 0.946994 0.190995 0.190995 0.190995
1169.982788 0.000000 1697.785034 0.000000 0.099093 0.000000 0.995078 0.204733 0.204733 0.204733
1164.231934 0.000000 1697.367798 0.000000 0.375643 0.000000 0.926765 0.227486 0.227486 0.227486
1193.985107 0.000000 1715.467896 0.000000 0.171597 0.000000 0.985167 0.205751 0.205751 0.205751
1248.909058 0.000000 1736.774536 0.000000 0.173494 0.000000 0.984835 0.190064 0.190064 0.190064
1245.565796 0.000000 1737.829956 0.000000 0.531129 0.000000 0.847291 0.191167 0.191167 0.191167
1229.152710 0.000000 1739.762329 0.000000 0.602196 0.000000 0.798348 0.191691 0.191691 0.191691
1237.436035 0.000000 1745.829224 0.000000 0.196193 0.000000 0.980565 0.187314 0.187314 0.187314
1218.892212 0.000000 1732.732544 0.000000 0.533801 0.000000 0.845610 0.197393 0.197393 0.197393
1271.879395 0.000000 1737.726074 0.000000 0.573812 0.000000 0.818987 0.197918 0.197918 0.197918
1219.898438 0.000000 1747.287842 0.000000 0.191145 0.000000 0.981562 0.188146 0.188146 0.188146
1218.786255 0.000000 1729.431885 0.000000 0.095875 0.000000 0.995393 0.190602 0.190602 0.190602
1223.626831 0.000000 1740.881470 0.000000 0.019969 0.000000 0.999801 0.185481 0.185481 0.185481
1227.346924 0.000000 1742.495239 0.000000 0.206377 0.000000 0.978473 0.199507 0.199507 0.199507
1276.605713 0.000000 1726.457886 0.000000 0.497741 0.000000 0.867326 0.207894 0.207894 0.207894
1241.637573 0.000000 1731.228638 0.000000 0.577102 0.000000 0.816672 0.212831 0.212831 0.212831
1273.095215 0.000000 1718.310913 0.000000 0.559189 0.000000 0.829040 0.245407 0.245407 0.245407
1270.250977 0.000000 1722.294556 0.000000 0.562639 0.000000 0.826702 0.236789 0.236789 0.236789
1276.552368 0.000000 1723.950439 0.000000 0.023513 0.000000 0.999724 0.240765 0.240765 0.240765
1223.945435 0.000000 1746.937256 0.000000 0.627983 0.000000 0.778227 0.257908 0.257908 0.257908
1275.155518 0.000000 1722.981567 0.000000 0.463513 0.000000 0.886090 0.271898 0.271898 0.271898
1246.551758 0.000000 1729.286133 0.000000 0.541435 0.000000 0.840743 0.256793 0.256793 0.256793
1274.259521 0.000000 1720.663452 0.000000 0.086619 0.000000 0.996242 0.256773 0.256773 0.256773
1274.078369 0.000000 1723.803955 0.000000 0.177260 0.000000 0.984164 0.261792 0.261792 0.261792
1272.776245 0.000000 1721.374390 0.000000 0.007574 0.000000 0.999971 0.245744 0.245744 0.245744
1273.029053 0.000000 1722.679443 0.000000 0.401786 0.000000 0.915734 0.258069 0.258069 0.258069
1240.358154 0.000000 1759.526611 0.000000 0.430678 0.000000 0.902506 0.189884 0.189884 0.189884
1235.922729 0.000000 1754.815063 0.000000 0.542466 0.000000 0.840078 0.190911 0.190911 0.190911
1300.724731 0.000000 1611.262939 0.000000 0.413196 0.000000 0.910642 0.192265 0.192265 0.192265
1296.003174 0.000000 1608.865234 0.000000 0.153828 0.000000 0.988098 0.204676 0.204676 0.204676
1293.917725 0.000000 1613.008667 0.000000 0.476852 0.000000 0.878984 0.211163 0.211163 0.211163
1298.112671 0.000000 1607.754150 0.000000 0.368692 0.000000 0.929552 0.196261 0.196261 0.196261
1301.939941 0.000000 1606.895874 0.000000 0.382595 0.000000 0.923916 0.206188 0.206188 0.206188
1303.989624 0.000000 1594.592285 0.000000 0.352805 0.000000 0.935697 0.223693 0.223693 0.223693
1281.798950 0.000000 1631.501587 0.000000 0.300781 0.000000 0.953693 0.209309 0.209309 0.209309
1304.050781 0.000000 1599.275513 0.000000 0.158440 0.000000 0.987369 0.233206 0.233206 0.233206
1280.520874 0.000000 1601.332520 0.000000 0.368573 0.000000 0.929599 0.213795 0.213795 0.213795
1310.429565 0.000000 1606.737427 0.000000 0.109135 0.000000 0.994027 0.247244 0.247244 0.247244
1312.008667 0.000000 1632.046875 0.000000 0.627842 0.000000 0.778341 0.229395 0.229395 0.229395
1300.786621 0.000000 1598.898438 0.000000 0.307269 0.000000 0.951623 0.249086 0.249086 0.249086
1297.981812 0.000000 1611.474731 0.000000 0.416364 0.000000 0.909198 0.225778 0.225778 0.225778
1305.165405 0.000000 1605.761108 0.000000 0.218157 0.000000 0.975914 0.268697 0.268697 0.268697
1309.300537 0.000000 1606.476929 0.000000 0.461707 0.000000 0.887033 0.286350 0.286350 0.286350
1308.152344 0.000000 1605.487427 0.000000 0.263805 0.000000 0.964576 0.285283 0.285283 0.285283
1308.754395 0.000000 1604.301758 0.000000 0.386551 0.000000 0.922268 0.290909 0.290909 0.290909
1308.840942 0.000000 1602.116089 0.000000 0.658818 0.000000 0.752303 0.311372 0.311372 0.311372
1307.330688 0.000000 1609.752319 0.000000 0.297372 0.000000 0.954762 0.281383 0.281383 0.281383
1306.669189 0.000000 1604.579468 0.000000 0.538430 0.000000 0.842671 0.308907 0.308907 0.308907
1285.348755 0.000000 1646.488647 0.000000 0.676689 0.000000 0.736269 0.193802 0.193802 0.193802
1314.139526 0.000000 1639.773193 0.000000 0.137089 0.000000 0.990559 0.186939 0.186939 0.186939
1282.492065 0.000000 1641.636475 0.000000 0.605918 0.000000 0.795527 0.192649 0.192649 0.192649
1282.759888 0.000000 1647.161499 0.000000 0.261912 0.000000 0.965092 0.192385 0.192385 0.192385
1284.637939 0.000000 1656.619629 0.000000 0.136232 0.000000 0.990677 0.196957 0.196957 0.196957
1292.277832 0.000000 1693.303101 0.000000 0.257905 0.000000 0.966170 0.213688 0.213688 0.213688
1280.060181 0.000000 1646.295044 0.000000 0.487032 0.000000 0.873384 0.216677 0.216677 0.216677
1284.837402 0.000000 1686.286621 0.000000 0.674178 0.000000 0.738569 0.208902 0.208902 0.208902
1322.718262 0.000000 1684.545898 0.000000 0.248891 0.000000 0.968531 0.210212 0.210212 0.210212
1318.249512 0.000000 1691.739136 0.000000 0.466751 0.000000 0.884389 0.211892 0.211892 0.211892
1322.734131 0.000000 1686.061035 0.000000 0.135438 0.000000 0.990786 0.225100 0.225100 0.225100
1291.080078 0.000000 1687.854492 0.000000 0.376063 0.000000 0.926594 0.251022 0.251022 0.251022
1288.996094 0.000000 1689.265747 0.000000 0.663887 0.000000 0.747833 0.273998 0.273998 0.273998
1325.468140 0.000000 1691.556519 0.000000 0.254100 0.000000 0.967178 0.255773 0.255773 0.255773
1325.661743 0.000000 1688.302368 0.000000 0.460548 0.000000 0.887635 0.254295 0.254295 0.254295
1290.106323 0.000000 1686.593506 0.000000 0.558100 0.000000 0.829774 0.256482 0.256482 0.256482
1286.734985 0.000000 1688.100952 0.000000 0.522333 0.000000 0.852741 0.261157 0.261157 0.261157
1325.862305 0.000000 1690.424927 0.000000 0.563211 0.000000 0.826313 0.265880 0.265880 0.265880
1295.347534 0.000000 1694.815308 0.000000 0.146229 0.000000 0.989251 0.190579 0.190579 0.190579
1321.396362 0.000000 1708.290161 0.000000 0.611189 0.000000 0.791485 0.192704 0.192704 0.192704
1313.456543 0.000000 1708.456177 0.000000 0.305648 0.000000 0.952145 0.189461 0.189461 0.189461
1316.294800 0.000000 1698.187988 0.000000 0.534375 0.000000 0.845247 0.199258 0.199258 0.199258
1307.921387 0.000000 1710.486938 0.000000 0.380342 0.000000 0.924846 0.189181 0.189181 0.189181
1280.956543 0.000000 1735.651123 0.000000 0.027795 0.000000 0.999614 0.190714 0.190714 0.190714
1306.002319 0.000000 1708.566650 0.000000 0.025944 0.000000 0.999663 0.191524 0.191524 0.191524
1283.661377 0.000000 1715.604858 0.000000 0.667545 0.000000 0.744569 0.199227 0.199227 0.199227
1324.378174 0.000000 1695.027466 0.000000 0.510920 0.000000 0.859628 0.229466 0.229466 0.229466
1320.668823 0.000000 1699.184570 0.000000 0.380063 0.000000 0.924960 0.248763 0.248763 0.248763
1322.449707 0.000000 1697.292114 0.000000 0.675471 0.000000 0.737386 0.260434 0.260434 0.260434
1918.612427 0.000000 1689.687134 0.000000 0.238493 0.000000 0.971144 0.189043 0.189043 0.189043
1974.496216 0.000000 1667.355713 0.000000 0.024997 0.000000 0.999687 0.185528 0.185528 0.185528
1936.434082 0.000000 1668.108032 0.000000 0.320626 0.000000 0.947206 0.197456 0.197456 0.197456
1976.713501 0.000000 1667.469849 0.000000 0.471116 0.000000 0.882071 0.207490 0.207490 0.207490
2012.263916 0.000000 1647.342896 0.000000 0.598139 0.000000 0.801392 0.192109 0.192109 0.192109
1907.915527 0.000000 1706.572510 0.000000 0.422775 0.000000 0.906235 0.192496 0.192496 0.192496
1914.165039 0.000000 1717.081909 0.000000 0.280730 0.000000 0.959787 0.190527 0.190527 0.190527
1884.116333 0.000000 1749.946899 0.000000 0.343602 0.000000 0.939115 0.188578 0.188578 0.188578
1911.475952 0.000000 1706.426514 0.000000 0.670583 0.000000 0.741835 0.233169 0.233169 0.233169
1913.788940 0.000000 1713.893066 0.000000 0.450921 0.000000 0.892564 0.223023 0.223023 0.223023
1914.963013 0.000000 1712.669922 0.000000 0.635946 0.000000 0.771734 0.238653 0.238653 0.238653
1910.224854 0.000000 1709.709961 0.000000 0.231241 0.000000 0.972896 0.229382 0.229382 0.229382
1912.202881 0.000000 1711.487793 0.000000 0.683340 0.000000 0.730100 0.256251 0.256251 0.256251
1894.270874 0.000000 1752.422607 0.000000 0.070988 0.000000 0.997477 0.189516 0.189516 0.189516
1892.193237 0.000000 1758.474609 0.000000 0.208199 0.000000 0.978086 0.187258 0.187258 0.187258
1899.597290 0.000000 1753.040161 0.000000 0.351225 0.000000 0.936291 0.201362 0.201362 0.201362
1908.127808 0.000000 1768.898071 0.000000 0.166095 0.000000 0.986110 0.193918 0.193918 0.193918
1910.224854 0.000000 1766.194336 0.000000 0.065225 0.000000 0.997871 0.212200 0.212200 0.212200
1982.127319 0.000000 1711.971191 0.000000 0.339772 0.000000 0.940508 0.190221 0.190221 0.190221
1955.895264 0.000000 1707.044922 0.000000 0.189287 0.000000 0.981922 0.196745 0.196745 0.196745
1980.341309 0.000000 1747.699097 0.000000 0.360200 0.000000 0.932875 0.194373 0.194373 0.194373
1946.516602 0.000000 1733.310181 0.000000 0.465270 0.000000 0.885169 0.204704 0.204704 0.204704
1983.836060 0.000000 1699.015381 0.000000 0.348330 0.000000 0.937372 0.198679 0.198679 0.198679
1980.370483 0.000000 1740.427856 0.000000 0.695216 0.000000 0.718801 0.214049 0.214049 0.214049
1982.298462 0.000000 1744.001953 0.000000 0.422005 0.000000 0.906594 0.203199 0.203199 0.203199
1946.051758 0.000000 1726.825439 0.000000 0.551775 0.000000 0.833993 0.213309 0.213309 0.213309
1983.180664 0.000000 1700.632690 0.000000 0.278125 0.000000 0.960545 0.224727 0.224727 0.224727
1950.604736 0.000000 1727.811401 0.000000 0.114637 0.000000 0.993407 0.211405 0.211405 0.211405
2025.606079 0.000000 1732.012695 0.000000 0.375575 0.000000 0.926792 0.191119 0.191119 0.191119
2030.444580 0.000000 1745.893433 0.000000 0.123442 0.000000 0.992352 0.188078 0.188078 0.188078
1990.798706 0.000000 1708.798218 0.000000 0.271651 0.000000 0.962396 0.188959 0.188959 0.188959
2037.008667 0.000000 1738.753052 0.000000 0.681108 0.000000 0.732183 0.192206 0.192206 0.192206
2031.560791 0.000000 1737.294922 0.000000 0.182382 0.000000 0.983228 0.194958 0.194958 0.194958
2031.221924 0.000000 1727.829834 0.000000 0.476441 0.000000 0.879206 0.203960 0.203960 0.203960
1988.679565 0.000000 1708.767578 0.000000 0.532430 0.000000 0.846474 0.211165 0.211165 0.211165
2031.143188 0.000000 1720.208740 0.000000 0.182258 0.000000 0.983251 0.214907 0.214907 0.214907
2033.177856 0.000000 1736.144531 0.000000 0.373848 0.000000 0.927490 0.218167 0.218167 0.218167
1990.638794 0.000000 1704.084106 0.000000 0.025011 0.000000 0.999687 0.208438 0.208438 0.208438
2030.407837 0.000000 1721.701294 0.000000 0.522403 0.000000 0.852699 0.220882 0.220882 0.220882
1984.065918 0.000000 1700.568481 0.000000 0.387261 0.000000 0.921970 0.240112 0.240112 0.240112
2032.418945 0.000000 1720.807861 0.000000 0.081671 0.000000 0.996659 0.243693 0.243693 0.243693
1977.786499 0.000000 1755.540405 0.000000 0.659343 0.000000 0.751842 0.192884 0.192884 0.192884
1940.724731 0.000000 1780.716064 0.000000 0.570046 0.000000 0.821613 0.191266 0.191266 0.191266
1981.258179 0.000000 1763.029907 0.000000 0.454049 0.000000 0.890977 0.202742 0.202742 0.202742
1983.940552 0.000000 1770.465088 0.000000 0.536056 0.000000 0.844182 0.195558 0.195558 0.195558
1949.193848 0.000000 1777.226807 0.000000 0.325793 0.000000 0.945441 0.193979 0.193979 0.193979
1979.596436 0.000000 1767.541992 0.000000 0.522744 0.000000 0.852490 0.195393 0.195393 0.195393
1938.931519 0.000000 1782.341797 0.000000 0.290079 0.000000 0.957003 0.207447 0.207447 0.207447
1955.886841 0.000000 1781.640137 0.000000 0.189046 0.000000 0.981968 0.207656 0.207656 0.207656
1955.914307 0.000000 1779.774780 0.000000 0.198719 0.000000 0.980057 0.225572 0.225572 0.225572
1954.170532 0.000000 1779.372925 0.000000 0.699768 0.000000 0.714370 0.236701 0.236701 0.236701
1950.632446 0.000000 1778.325806 0.000000 0.423530 0.000000 0.905882 0.221639 0.221639 0.221639
1954.717041 0.000000 1776.378662 0.000000 0.348857 0.000000 0.937176 0.224451 0.224451 0.224451
2022.270874 0.000000 1752.422607 0.000000 0.303780 0.000000 0.952742 0.191335 0.191335 0.191335
2006.003418 0.000000 1764.718018 0.000000 0.271557 0.000000 0.962422 0.189001 0.189001 0.189001
1984.110718 0.000000 1761.380127 0.000000 0.459222 0.000000 0.888321 0.191126 0.191126 0.191126
2023.553711 0.000000 1768.217896 0.000000 0.408366 0.000000 0.912818 0.190388 0.190388 0.190388
2013.536743 0.000000 1791.028809 0.000000 0.154216 0.000000 0.988037 0.188642 0.188642 0.188642
2022.658447 0.000000 1759.236572 0.000000 0.612339 0.000000 0.790595 0.194638 0.194638 0.194638
2027.597290 0.000000 1753.040161 0.000000 0.236304 0.000000 0.971679 0.203292 0.203292 0.203292
2027.536621 0.000000 1764.578735 0.000000 0.178277 0.000000 0.983980 0.199155 0.199155 0.199155
2025.043945 0.000000 1763.031250 0.000000 0.471909 0.000000 0.881647 0.210190 0.210190 0.210190
1881.924683 0.000000 1860.740479 0.000000 0.277063 0.000000 0.960852 0.191143 0.191143 0.191143
1886.599976 0.000000 1857.203613 0.000000 0.333338 0.000000 0.942807 0.190473 0.190473 0.190473
1886.385010 0.000000 1849.094727 0.000000 0.560772 0.000000 0.827970 0.248896 0.248896 0.248896
1887.343506 0.000000 1850.636841 0.000000 0.028663 0.000000 0.999589 0.218503 0.218503 0.218503
1883.705688 0.000000 1847.538818 0.000000 0.319611 0.000000 0.947549 0.230441 0.230441 0.230441
1914.134033 0.000000 1891.448853 0.000000 0.649221 0.000000 0.760600 0.193959 0.193959 0.193959
1903.152222 0.000000 1909.455078 0.000000 0.627067 0.000000 0.778966 0.192977 0.192977 0.192977
1895.553711 0.000000 1881.186646 0.000000 0.249347 0.000000 0.968414 0.187849 0.187849 0.187849
1896.221680 0.000000 1884.427612 0.000000 0.615378 0.000000 0.788232 0.192067 0.192067 0.192067
1887.881958 0.000000 1866.633789 0.000000 0.004215 0.000000 0.999991 0.202617 0.202617 0.202617
1895.873657 0.000000 1900.771851 0.000000 0.566552 0.000000 0.824026 0.221741 0.221741 0.221741
1917.495117 0.000000 1883.144653 0.000000 0.560219 0.000000 0.828344 0.216188 0.216188 0.216188
1886.270752 0.000000 1873.261108 0.000000 0.500751 0.000000 0.865591 0.225754 0.225754 0.225754
1915.649170 0.000000 1885.497070 0.000000 0.077470 0.000000 0.996995 0.216303 0.216303 0.216303
1888.356323 0.000000 1876.351196 0.000000 0.669171 0.000000 0.743109 0.225735 0.225735 0.225735
1898.998291 0.000000 1900.651367 0.000000 0.655211 0.000000 0.755446 0.227271 0.227271 0.227271
1899.856201 0.000000 1903.558594 0.000000 0.002204 0.000000 0.999998 0.248885 0.248885 0.248885
1964.186279 0.000000 1855.208252 0.000000 0.691560 0.000000 0.722319 0.194257 0.194257 0.194257
1967.365356 0.000000 1838.303589 0.000000 0.387680 0.000000 0.921794 0.191656 0.191656 0.191656
1980.880859 0.000000 1830.729736 0.000000 0.556657 0.000000 0.830742 0.191110 0.191110 0.191110
1983.940552 0.000000 1826.949463 0.000000 0.353585 0.000000 0.935403 0.188903 0.188903 0.188903
1950.667969 0.000000 1843.881348 0.000000 0.618655 0.000000 0.785663 0.204205 0.204205 0.204205
1946.281006 0.000000 1851.346313 0.000000 0.225286 0.000000 0.974293 0.206514 0.206514 0.206514
1979.596436 0.000000 1824.026367 0.000000 0.556225 0.000000 0.831032 0.210644 0.210644 0.210644
1950.427490 0.000000 1845.787231 0.000000 0.187646 0.000000 0.982237 0.200960 0.200960 0.200960
1973.482910 0.000000 1808.822144 0.000000 0.070352 0.000000 0.997522 0.223063 0.223063 0.223063
1993.095337 0.000000 1819.487427 0.000000 0.662506 0.000000 0.749056 0.194082 0.194082 0.194082
1937.893799 0.000000 1877.299194 0.000000 0.492904 0.000000 0.870084 0.191700 0.191700 0.191700
1942.343750 0.000000 1881.376587 0.000000 0.535013 0.000000 0.844844 0.191207 0.191207 0.191207
1973.008667 0.000000 1908.206177 0.000000 0.346933 0.000000 0.937890 0.188611 0.188611 0.188611
1958.658447 0.000000 1872.205322 0.000000 0.226582 0.000000 0.973992 0.187266 0.187266 0.187266
1939.875488 0.000000 1879.433228 0.000000 0.591565 0.000000 0.806258 0.195321 0.195321 0.195321
1960.628784 0.000000 1870.124634 0.000000 0.076632 0.000000 0.997059 0.195415 0.195415 0.195415
1982.808594 0.000000 1892.011841 0.000000 0.017832 0.000000 0.999841 0.191436 0.191436 0.191436
1940.672607 0.000000 1883.541748 0.000000 0.139410 0.000000 0.990235 0.200340 0.200340 0.200340
1952.929810 0.000000 1920.461914 0.000000 0.098161 0.000000 0.995171 0.203907 0.203907 0.203907
1937.646729 0.000000 1883.309204 0.000000 0.552585 0.000000 0.833457 0.211499 0.211499 0.211499
1968.863892 0.000000 1908.460327 0.000000 0.219750 0.000000 0.975556 0.208106 0.208106 0.208106
1978.542236 0.000000 1913.155396 0.000000 0.131790 0.000000 0.991278 0.206008 0.206008 0.206008
1983.474121 0.000000 1909.208862 0.000000 0.008980 0.000000 0.999960 0.202683 0.202683 0.202683
1986.873169 0.000000 1890.274658 0.000000 0.325723 0.000000 0.945465 0.189516 0.189516 0.189516
1897.246460 0.000000 1968.780518 0.000000 0.658247 0.000000 0.752802 0.192127 0.192127 0.192127
1900.873901 0.000000 1965.458008 0.000000 0.621211 0.000000 0.783644 0.196661 0.196661 0.196661
1917.359375 0.000000 1941.542358 0.000000 0.142908 0.000000 0.989736 0.202875 0.202875 0.202875
1908.752563 0.000000 1966.866089 0.000000 0.230158 0.000000 0.973153 0.209094 0.209094 0.209094
1903.482178 0.000000 1968.026855 0.000000 0.676460 0.000000 0.736479 0.255122 0.255122 0.255122
1937.626343 0.000000 1925.678223 0.000000 0.042231 0.000000 0.999108 0.189124 0.189124 0.189124
1954.996948 0.000000 1976.432129 0.000000 0.343176 0.000000 0.939271 0.189335 0.189335 0.189335
1951.881958 0.000000 1923.118164 0.000000 0.605150 0.000000 0.796112 0.212396 0.212396 0.212396
1964.424194 0.000000 1973.014771 0.000000 0.506969 0.000000 0.861964 0.206220 0.206220 0.206220
1943.052002 0.000000 1923.516602 0.000000 0.369596 0.000000 0.929192 0.220641 0.220641 0.220641
1925.887573 0.000000 1951.297363 0.000000 0.240076 0.000000 0.970754 0.198215 0.198215 0.198215
1941.078003 0.000000 1922.596436 0.000000 0.173102 0.000000 0.984904 0.222717 0.222717 0.222717
1944.548584 0.000000 1922.525757 0.000000 0.086301 0.000000 0.996269 0.204554 0.204554 0.204554
1920.271973 0.000000 1941.424072 0.000000 0.182738 0.000000 0.983162 0.296768 0.296768 0.296768
1977.915649 0.000000 1987.667847 0.000000 0.043059 0.000000 0.999073 0.189321 0.189321 0.189321
1974.872192 0.000000 2023.287476 0.000000 0.576027 0.000000 0.817431 0.193072 0.193072 0.193072
1957.443237 0.000000 1996.755127 0.000000 0.512999 0.000000 0.858389 0.192012 0.192012 0.192012
1942.690430 0.000000 2004.970093 0.000000 0.354672 0.000000 0.934991 0.190498 0.190498 0.190498
1978.107300 0.000000 2032.153564 0.000000 0.185972 0.000000 0.982555 0.188095 0.188095 0.188095
1981.258179 0.000000 1988.967407 0.000000 0.660567 0.000000 0.750767 0.192050 0.192050 0.192050
1979.060547 0.000000 2019.545410 0.000000 0.177911 0.000000 0.984047 0.196610 0.196610 0.196610
1952.249146 0.000000 2005.328857 0.000000 0.544813 0.000000 0.838557 0.203107 0.203107 0.203107
1957.382812 0.000000 2004.535156 0.000000 0.396604 0.000000 0.917990 0.201963 0.201963 0.201963
1953.555908 0.000000 2003.627441 0.000000 0.504115 0.000000 0.863637 0.235381 0.235381 0.235381
1948.327393 0.000000 2004.771729 0.000000 0.135011 0.000000 0.990844 0.218088 0.218088 0.218088
1954.717041 0.000000 2002.316162 0.000000 0.328277 0.000000 0.944582 0.230625 0.230625 0.230625
1990.798706 0.000000 1991.220093 0.000000 0.298907 0.000000 0.954282 0.189243 0.189243 0.189243
1991.299561 0.000000 2017.691284 0.000000 0.434054 0.000000 0.900887 0.217502 0.217502 0.217502
1991.854370 0.000000 1987.701172 0.000000 0.239913 0.000000 0.970794 0.206723 0.206723 0.206723
1990.203369 0.000000 2014.248413 0.000000 0.071772 0.000000 0.997421 0.220051 0.220051 0.220051
1991.681641 0.000000 2015.871216 0.000000 0.028356 0.000000 0.999598 0.219252 0.219252 0.219252
1982.677124 0.000000 2035.983521 0.000000 0.052500 0.000000 0.998621 0.200858 0.200858 0.200858
1998.716187 0.000000 2043.171143 0.000000 0.588340 0.000000 0.808614 0.193181 0.193181 0.193181
1986.492065 0.000000 2037.027100 0.000000 0.317424 0.000000 0.948284 0.188318 0.188318 0.188318
6003.521484 0.000000 875.274475 0.000000 0.153351 0.000000 0.988172 0.188858 0.188858 0.188858
6012.880859 0.000000 870.495300 0.000000 0.143493 0.000000 0.989651 0.192814 0.192814 0.192814
6012.396973 0.000000 873.553589 0.000000 0.288157 0.000000 0.957583 0.220826 0.220826 0.220826
4948.737793 0.000000 1299.143555 0.000000 0.231754 0.000000 0.972774 0.198113 0.198113 0.198113
5173.610352 0.000000 1165.180298 0.000000 0.126364 0.000000 0.991984 0.188361 0.188361 0.188361
5175.775879 0.000000 1157.412476 0.000000 0.312858 0.000000 0.949800 0.223759 0.223759 0.223759
5179.613770 0.000000 1160.894775 0.000000 0.168239 0.000000 0.985746 0.262167 0.262167 0.262167
5178.839844 0.000000 1150.279419 0.000000 0.447151 0.000000 0.894459 0.296692 0.296692 0.296692
5170.914062 0.000000 1154.324097 0.000000 0.269433 0.000000 0.963019 0.312507 0.312507 0.312507
5170.717773 0.000000 1158.256714 0.000000 0.407869 0.000000 0.913040 0.312095 0.312095 0.312095
5174.761230 0.000000 1150.856201 0.000000 0.515936 0.000000 0.856627 0.321413 0.321413 0.321413
5171.507324 0.000000 1158.477295 0.000000 0.226527 0.000000 0.974005 0.297457 0.297457 0.297457
5223.437012 0.000000 1157.069458 0.000000 0.432468 0.000000 0.901649 0.195218 0.195218 0.195218
5208.739258 0.000000 1158.256714 0.000000 0.503481 0.000000 0.864007 0.207076 0.207076 0.207076
5225.984863 0.000000 1150.624146 0.000000 0.106932 0.000000 0.994266 0.210486 0.210486 0.210486
5207.875000 0.000000 1161.763306 0.000000 0.513820 0.000000 0.857898 0.219830 0.219830 0.219830
5236.391602 0.000000 1166.142578 0.000000 0.702600 0.000000 0.711585 0.261424 0.261424 0.261424
5234.837402 0.000000 1171.363770 0.000000 0.441591 0.000000 0.897217 0.256938 0.256938 0.256938
5203.367188 0.000000 1159.694824 0.000000 0.048364 0.000000 0.998830 0.235078 0.235078 0.235078
5197.373047 0.000000 1164.956421 0.000000 0.457965 0.000000 0.888970 0.266211 0.266211 0.266211
5241.621582 0.000000 1162.578247 0.000000 0.420715 0.000000 0.907193 0.275622 0.275622 0.275622
5236.551758 0.000000 1170.815796 0.000000 0.499932 0.000000 0.866064 0.302332 0.302332 0.302332
5206.552246 0.000000 1153.935791 0.000000 0.391209 0.000000 0.920302 0.308911 0.308911 0.308911
5204.351074 0.000000 1152.751953 0.000000 0.689740 0.000000 0.724057 0.301663 0.301663 0.301663
5197.407227 0.000000 1150.568848 0.000000 0.646266 0.000000 0.763112 0.282625 0.282625 0.282625
5207.490234 0.000000 1152.711914 0.000000 0.653553 0.000000 0.756881 0.325360 0.325360 0.325360
5193.007812 0.000000 1166.396606 0.000000 0.419720 0.000000 0.907654 0.298158 0.298158 0.298158
5186.485352 0.000000 1170.824829 0.000000 0.149550 0.000000 0.988754 0.294997 0.294997 0.294997
5187.816406 0.000000 1165.118164 0.000000 0.118349 0.000000 0.992972 0.266363 0.266363 0.266363
5237.956543 0.000000 1168.222412 0.000000 0.529287 0.000000 0.848443 0.318615 0.318615 0.318615
5205.293457 0.000000 1152.216309 0.000000 0.345940 0.000000 0.938257 0.284861 0.284861 0.284861
5200.733398 0.000000 1148.217041 0.000000 0.304049 0.000000 0.952656 0.311369 0.311369 0.311369
5184.173828 0.000000 1157.363037 0.000000 0.471494 0.000000 0.881869 0.286786 0.286786 0.286786
5229.105469 0.000000 1160.773071 0.000000 0.311165 0.000000 0.950356 0.304173 0.304173 0.304173
5205.633301 0.000000 1159.857178 0.000000 0.089336 0.000000 0.996001 0.286834 0.286834 0.286834
5203.115234 0.000000 1153.385620 0.000000 0.198491 0.000000 0.980103 0.306178 0.306178 0.306178
5186.178223 0.000000 1168.608398 0.000000 0.512421 0.000000 0.858734 0.321100 0.321100 0.321100
5227.801758 0.000000 1163.347046 0.000000 0.556396 0.000000 0.830917 0.325076 0.325076 0.325076
5220.247070 0.000000 1168.842407 0.000000 0.231616 0.000000 0.972807 0.303865 0.303865 0.303865
5200.411621 0.000000 1160.762573 0.000000 0.505309 0.000000 0.862939 0.320638 0.320638 0.320638
5235.150391 0.000000 1172.330688 0.000000 0.648663 0.000000 0.761076 0.322668 0.322668 0.322668
5194.726562 0.000000 1167.798584 0.000000 0.599398 0.000000 0.800451 0.329102 0.329102 0.329102
5185.388184 0.000000 1169.878784 0.000000 0.573932 0.000000 0.818903 0.326700 0.326700 0.326700
5187.028320 0.000000 1160.217163 0.000000 0.700683 0.000000 0.713473 0.329566 0.329566 0.329566
5195.871094 0.000000 1168.687378 0.000000 0.674186 0.000000 0.738562 0.336521 0.336521 0.336521
5242.780762 0.000000 1160.540894 0.000000 0.070257 0.000000 0.997529 0.297575 0.297575 0.297575
5224.066406 0.000000 1156.422363 0.000000 0.645397 0.000000 0.763848 0.333594 0.333594 0.333594
5222.004883 0.000000 1152.839233 0.000000 0.484010 0.000000 0.875062 0.318597 0.318597 0.318597
5194.003906 0.000000 1169.334595 0.000000 0.513299 0.000000 0.858210 0.321178 0.321178 0.321178
5240.570312 0.000000 1154.318481 0.000000 0.591437 0.000000 0.806351 0.328345 0.328345 0.328345
5207.809570 0.000000 1150.925049 0.000000 0.290397 0.000000 0.956906 0.313979 0.313979 0.313979
5200.090332 0.000000 1162.001465 0.000000 0.433915 0.000000 0.900954 0.316809 0.316809 0.316809
5209.832031 0.000000 1153.323364 0.000000 0.439883 0.000000 0.898055 0.314795 0.314795 0.314795
5206.682617 0.000000 1159.512573 0.000000 0.243023 0.000000 0.970020 0.301069 0.301069 0.301069
5239.626953 0.000000 1149.621094 0.000000 0.614368 0.000000 0.789019 0.330541 0.330541 0.330541
5205.157227 0.000000 1158.646362 0.000000 0.215056 0.000000 0.976602 0.296558 0.296558 0.296558
5206.765137 0.000000 1158.519165 0.000000 0.318960 0.000000 0.947768 0.306978 0.306978 0.306978
5195.194824 0.000000 1158.895386 0.000000 0.185797 0.000000 0.982588 0.305678 0.305678 0.305678
5201.572266 0.000000 1162.777344 0.000000 0.329874 0.000000 0.944025 0.308456 0.308456 0.308456
5243.707031 0.000000 1157.523682 0.000000 0.673712 0.000000 0.738994 0.336472 0.336472 0.336472
6042.002441 0.000000 917.785339 0.000000 0.286559 0.000000 0.958063 0.200523 0.200523 0.200523
6270.612305 0.000000 334.062164 0.000000 0.330628 0.000000 0.943761 0.190451 0.190451 0.190451
6270.830566 0.000000 329.657013 0.000000 0.541380 0.000000 0.840778 0.200281 0.200281 0.200281
6315.827148 0.000000 320.608643 0.000000 0.162257 0.000000 0.986749 0.192166 0.192166 0.192166
6324.752441 0.000000 328.819214 0.000000 0.031205 0.000000 0.999513 0.214739 0.214739 0.214739
6308.845703 0.000000 328.401733 0.000000 0.150423 0.000000 0.988622 0.201315 0.201315 0.201315
6320.736816 0.000000 329.108704 0.000000 0.298394 0.000000 0.954443 0.225121 0.225121 0.225121
6312.504883 0.000000 325.815491 0.000000 0.400268 0.000000 0.916398 0.221205 0.221205 0.221205
6323.333496 0.000000 326.829590 0.000000 0.705539 0.000000 0.708671 0.236858 0.236858 0.236858
6306.905762 0.000000 317.802856 0.000000 0.086402 0.000000 0.996260 0.225643 0.225643 0.225643
6311.334473 0.000000 322.180206 0.000000 0.323789 0.000000 0.946129 0.251086 0.251086 0.251086
6309.444336 0.000000 325.853577 0.000000 0.324149 0.000000 0.946006 0.276920 0.276920 0.276920
6309.766602 0.000000 320.228790 0.000000 0.334152 0.000000 0.942519 0.259008 0.259008 0.259008
6345.040527 0.000000 323.946442 0.000000 0.558882 0.000000 0.829248 0.227858 0.227858 0.227858
6346.837402 0.000000 334.029999 0.000000 0.211249 0.000000 0.977432 0.242740 0.242740 0.242740
6347.164062 0.000000 318.976990 0.000000 0.613546 0.000000 0.789659 0.229068 0.229068 0.229068
6346.169922 0.000000 322.995575 0.000000 0.063385 0.000000 0.997989 0.232547 0.232547 0.232547
6346.652832 0.000000 321.487671 0.000000 0.413984 0.000000 0.910284 0.244045 0.244045 0.244045
6343.945312 0.000000 334.827850 0.000000 0.102949 0.000000 0.994687 0.228989 0.228989 0.228989
6344.996094 0.000000 333.640747 0.000000 0.178689 0.000000 0.983906 0.234420 0.234420 0.234420
6218.048340 0.000000 440.890930 0.000000 0.619626 0.000000 0.784897 0.193916 0.193916 0.193916
6261.811523 0.000000 436.689697 0.000000 0.216675 0.000000 0.976244 0.188689 0.188689 0.188689
6222.452148 0.000000 450.985382 0.000000 0.665124 0.000000 0.746733 0.202070 0.202070 0.202070
6242.441895 0.000000 429.353973 0.000000 0.630261 0.000000 0.776383 0.199643 0.199643 0.199643
6257.258789 0.000000 432.847595 0.000000 0.107368 0.000000 0.994219 0.197444 0.197444 0.197444
6270.677246 0.000000 397.936676 0.000000 0.681508 0.000000 0.731811 0.202324 0.202324 0.202324
6261.498535 0.000000 432.866821 0.000000 0.706943 0.000000 0.707271 0.231301 0.231301 0.231301
6247.139160 0.000000 419.118347 0.000000 0.137231 0.000000 0.990539 0.224365 0.224365 0.224365
6309.443359 0.000000 358.708221 0.000000 0.697889 0.000000 0.716206 0.194220 0.194220 0.194220
6320.887695 0.000000 363.781769 0.000000 0.072203 0.000000 0.997390 0.187280 0.187280 0.187280
6275.167969 0.000000 382.858948 0.000000 0.060404 0.000000 0.998174 0.185671 0.185671 0.185671
6328.270996 0.000000 359.415955 0.000000 0.662851 0.000000 0.748751 0.198197 0.198197 0.198197
6308.101074 0.000000 386.767578 0.000000 0.443326 0.000000 0.896360 0.191687 0.191687 0.191687
6316.193359 0.000000 359.850800 0.000000 0.563335 0.000000 0.826229 0.190775 0.190775 0.190775
6334.777344 0.000000 359.334442 0.000000 0.385538 0.000000 0.922692 0.265249 0.265249 0.265249
6328.776367 0.000000 365.749420 0.000000 0.198211 0.000000 0.980159 0.250480 0.250480 0.250480
6327.950684 0.000000 364.884674 0.000000 0.331635 0.000000 0.943408 0.269305 0.269305 0.269305
6334.343750 0.000000 360.510620 0.000000 0.624628 0.000000 0.780923 0.289942 0.289942 0.289942
6335.271973 0.000000 361.827057 0.000000 0.208026 0.000000 0.978123 0.272364 0.272364 0.272364
6372.176270 0.000000 382.925842 0.000000 0.207353 0.000000 0.978266 0.188270 0.188270 0.188270
6374.885742 0.000000 383.067963 0.000000 0.044621 0.000000 0.999004 0.186093 0.186093 0.186093
6376.632324 0.000000 378.541412 0.000000 0.156040 0.000000 0.987751 0.202221 0.202221 0.202221
6374.151855 0.000000 379.230072 0.000000 0.569057 0.000000 0.822298 0.233416 0.233416 0.233416
6365.530273 0.000000 393.079651 0.000000 0.245421 0.000000 0.969417 0.216784 0.216784 0.216784
6370.989746 0.000000 371.120636 0.000000 0.434540 0.000000 0.900652 0.220982 0.220982 0.220982
6373.460449 0.000000 370.241486 0.000000 0.017659 0.000000 0.999844 0.216033 0.216033 0.216033
6326.872070 0.000000 441.725037 0.000000 0.249733 0.000000 0.968315 0.190290 0.190290 0.190290
6277.002930 0.000000 431.518616 0.000000 0.333150 0.000000 0.942874 0.190933 0.190933 0.190933
6310.720703 0.000000 442.125305 0.000000 0.460663 0.000000 0.887575 0.191821 0.191821 0.191821
6330.165039 0.000000 417.941315 0.000000 0.579702 0.000000 0.814829 0.193104 0.193104 0.193104
6334.127441 0.000000 412.830597 0.000000 0.044906 0.000000 0.998991 0.187810 0.187810 0.187810
6309.993652 0.000000 424.953979 0.000000 0.569857 0.000000 0.821744 0.192295 0.192295 0.192295
6285.646484 0.000000 436.136871 0.000000 0.617838 0.000000 0.786306 0.193110 0.193110 0.193110
6285.152832 0.000000 440.621674 0.000000 0.624406 0.000000 0.781100 0.191608 0.191608 0.191608
6332.718750 0.000000 436.622070 0.000000 0.518299 0.000000 0.855199 0.190523 0.190523 0.190523
6279.290527 0.000000 430.062988 0.000000 0.540110 0.000000 0.841595 0.192799 0.192799 0.192799
6292.387207 0.000000 422.187744 0.000000 0.279188 0.000000 0.960236 0.200429 0.200429 0.200429
6301.193848 0.000000 421.601746 0.000000 0.072473 0.000000 0.997370 0.190354 0.190354 0.190354
6281.640137 0.000000 428.617706 0.000000 0.255172 0.000000 0.966896 0.196669 0.196669 0.196669
6315.827148 0.000000 433.577393 0.000000 0.331359 0.000000 0.943505 0.194042 0.194042 0.194042
6283.910645 0.000000 423.073578 0.000000 0.324316 0.000000 0.945949 0.199259 0.199259 0.199259
6309.593262 0.000000 437.601288 0.000000 0.307829 0.000000 0.951442 0.205989 0.205989 0.205989
6286.936035 0.000000 441.962524 0.000000 0.056657 0.000000 0.998394 0.195181 0.195181 0.195181
6286.324707 0.000000 419.278534 0.000000 0.145005 0.000000 0.989431 0.205376 0.205376 0.205376
6283.119141 0.000000 449.009796 0.000000 0.106763 0.000000 0.994284 0.212077 0.212077 0.212077
6311.873535 0.000000 432.178131 0.000000 0.553604 0.000000 0.832780 0.215161 0.215161 0.215161
6332.200684 0.000000 439.463318 0.000000 0.703604 0.000000 0.710592 0.227469 0.227469 0.227469
6282.324219 0.000000 426.884064 0.000000 0.416998 0.000000 0.908907 0.218933 0.218933 0.218933
6285.842285 0.000000 446.868378 0.000000 0.418617 0.000000 0.908163 0.242530 0.242530 0.242530
6299.871582 0.000000 415.458069 0.000000 0.040973 0.000000 0.999160 0.216440 0.216440 0.216440
6289.633301 0.000000 444.219482 0.000000 0.541197 0.000000 0.840896 0.226592 0.226592 0.226592
6316.377930 0.000000 395.886871 0.000000 0.469148 0.000000 0.883120 0.235417 0.235417 0.235417
6298.288574 0.000000 415.223328 0.000000 0.375761 0.000000 0.926717 0.222447 0.222447 0.222447
6286.515625 0.000000 445.337311 0.000000 0.614295 0.000000 0.789076 0.251357 0.251357 0.251357
6289.981934 0.000000 425.302856 0.000000 0.604398 0.000000 0.796682 0.254531 0.254531 0.254531
6291.060547 0.000000 422.601196 0.000000 0.256257 0.000000 0.966609 0.233853 0.233853 0.233853
6286.955566 0.000000 447.682800 0.000000 0.681080 0.000000 0.732209 0.266834 0.266834 0.266834
6289.638672 0.000000 420.392365 0.000000 0.230039 0.000000 0.973181 0.249928 0.249928 0.249928
6340.957031 0.000000 441.557709 0.000000 0.101884 0.000000 0.994796 0.188450 0.188450 0.188450
6345.349609 0.000000 447.945679 0.000000 0.562273 0.000000 0.826952 0.193065 0.193065 0.193065
6338.786133 0.000000 430.291290 0.000000 0.646928 0.000000 0.762551 0.197012 0.197012 0.197012
6338.873047 0.000000 421.680847 0.000000 0.116093 0.000000 0.993238 0.199214 0.199214 0.199214
6336.956543 0.000000 436.510529 0.000000 0.532031 0.000000 0.846725 0.202924 0.202924 0.202924
6343.561523 0.000000 446.364532 0.000000 0.695979 0.000000 0.718062 0.212156 0.212156 0.212156
6352.326660 0.000000 418.057587 0.000000 0.663831 0.000000 0.747883 0.202050 0.202050 0.202050
6357.837891 0.000000 440.337921 0.000000 0.142509 0.000000 0.989793 0.222918 0.222918 0.222918
6338.838379 0.000000 446.688965 0.000000 0.497549 0.000000 0.867436 0.223935 0.223935 0.223935
6357.261719 0.000000 442.551483 0.000000 0.084185 0.000000 0.996450 0.221810 0.221810 0.221810
6337.707031 0.000000 443.894592 0.000000 0.158455 0.000000 0.987366 0.224780 0.224780 0.224780
6343.009277 0.000000 417.030457 0.000000 0.431287 0.000000 0.902215 0.260581 0.260581 0.260581
6340.648926 0.000000 417.500641 0.000000 0.209846 0.000000 0.977735 0.247892 0.247892 0.247892
6340.728516 0.000000 415.636902 0.000000 0.029056 0.000000 0.999578 0.269741 0.269741 0.269741
6340.218262 0.000000 412.821716 0.000000 0.342647 0.000000 0.939464 0.267499 0.267499 0.267499
6338.523926 0.000000 415.891754 0.000000 0.339327 0.000000 0.940669 0.264420 0.264420 0.264420
6262.755859 0.000000 477.970398 0.000000 0.203117 0.000000 0.979154 0.187721 0.187721 0.187721
6244.294922 0.000000 455.531769 0.000000 0.503116 0.000000 0.864219 0.197924 0.197924 0.197924
6270.830566 0.000000 499.110138 0.000000 0.324829 0.000000 0.945773 0.188856 0.188856 0.188856
6242.304199 0.000000 467.974823 0.000000 0.563183 0.000000 0.826332 0.200581 0.200581 0.200581
6242.286621 0.000000 455.502747 0.000000 0.643014 0.000000 0.765854 0.209311 0.209311 0.209311
6243.859863 0.000000 457.557343 0.000000 0.522012 0.000000 0.852938 0.224425 0.224425 0.224425
6266.544922 0.000000 483.845703 0.000000 0.054244 0.000000 0.998528 0.211241 0.211241 0.211241
6242.940430 0.000000 461.961395 0.000000 0.305034 0.000000 0.952342 0.217809 0.217809 0.217809
6259.356445 0.000000 474.050354 0.000000 0.662802 0.000000 0.748795 0.239372 0.239372 0.239372
6317.233887 0.000000 477.772278 0.000000 0.062857 0.000000 0.998022 0.189459 0.189459 0.189459
6319.365234 0.000000 482.678650 0.000000 0.270157 0.000000 0.962816 0.190446 0.190446 0.190446
6294.302246 0.000000 456.929047 0.000000 0.298345 0.000000 0.954458 0.190030 0.190030 0.190030
6319.774902 0.000000 471.063538 0.000000 0.220578 0.000000 0.975369 0.192804 0.192804 0.192804
6320.863770 0.000000 496.351013 0.000000 0.404393 0.000000 0.914585 0.205619 0.205619 0.205619
6335.487793 0.000000 468.203156 0.000000 0.430580 0.000000 0.902553 0.255002 0.255002 0.255002
6314.998047 0.000000 488.541931 0.000000 0.429784 0.000000 0.902932 0.241167 0.241167 0.241167
6332.606934 0.000000 469.730042 0.000000 0.197003 0.000000 0.980403 0.246806 0.246806 0.246806
"}
object={
	name="baobab_generator_3_1"
	clamp_to_water_level=no
	render_under_water=no
	generated_content=yes
	layer="semidynamic_high"
	pdxmesh="tree_baobab_02_mesh"
	count=590
	transform="1060.193237 0.000000 1476.052734 0.000000 0.881409 0.000000 0.472353 0.196850 0.196850 0.196850
1085.258179 0.000000 1480.608032 0.000000 0.953154 0.000000 0.302484 0.207170 0.207170 0.207170
1080.956177 0.000000 1494.009521 0.000000 0.999620 0.000000 0.027561 0.232628 0.232628 0.232628
1080.713501 0.000000 1498.016724 0.000000 0.900477 0.000000 0.434904 0.224071 0.224071 0.224071
1072.601685 0.000000 1473.436035 0.000000 0.899389 0.000000 0.437148 0.207595 0.207595 0.207595
1060.762085 0.000000 1490.098877 0.000000 0.999033 0.000000 0.043975 0.224598 0.224598 0.224598
1062.213745 0.000000 1478.607056 0.000000 0.880938 0.000000 0.473232 0.248551 0.248551 0.248551
1063.927368 0.000000 1481.767700 0.000000 0.736874 0.000000 0.676030 0.260904 0.260904 0.260904
1084.956909 0.000000 1493.359619 0.000000 0.721836 0.000000 0.692064 0.249365 0.249365 0.249365
1059.134155 0.000000 1485.895386 0.000000 0.871035 0.000000 0.491220 0.273651 0.273651 0.273651
1085.768066 0.000000 1495.791870 0.000000 0.744023 0.000000 0.668154 0.256582 0.256582 0.256582
1085.635010 0.000000 1497.215698 0.000000 0.938008 0.000000 0.346614 0.267886 0.267886 0.267886
1083.613647 0.000000 1499.801025 0.000000 0.931536 0.000000 0.363648 0.291721 0.291721 0.291721
1058.137939 0.000000 1483.496826 0.000000 0.848630 0.000000 0.528987 0.275303 0.275303 0.275303
1132.084717 0.000000 1499.337524 0.000000 0.899149 0.000000 0.437642 0.195816 0.195816 0.195816
1124.100952 0.000000 1516.455078 0.000000 0.857562 0.000000 0.514380 0.195144 0.195144 0.195144
1132.424194 0.000000 1521.139771 0.000000 0.837866 0.000000 0.545876 0.218174 0.218174 0.218174
1120.929810 0.000000 1525.071289 0.000000 0.973222 0.000000 0.229867 0.236956 0.236956 0.236956
1137.077515 0.000000 1500.981689 0.000000 0.999826 0.000000 0.018651 0.229416 0.229416 0.229416
1140.105469 0.000000 1510.984741 0.000000 0.861831 0.000000 0.507196 0.212754 0.212754 0.212754
1141.498657 0.000000 1506.069946 0.000000 0.726725 0.000000 0.686928 0.216593 0.216593 0.216593
1138.333252 0.000000 1507.530273 0.000000 0.983424 0.000000 0.181322 0.235641 0.235641 0.235641
1124.710693 0.000000 1518.090332 0.000000 0.943379 0.000000 0.331717 0.248669 0.248669 0.248669
1124.175659 0.000000 1523.508423 0.000000 0.747284 0.000000 0.664505 0.264055 0.264055 0.264055
1105.973755 0.000000 1483.515137 0.000000 0.822065 0.000000 0.569394 0.252955 0.252955 0.252955
1144.531372 0.000000 1524.054688 0.000000 0.857676 0.000000 0.514191 0.243625 0.243625 0.243625
1101.914429 0.000000 1486.836792 0.000000 0.825344 0.000000 0.564630 0.259810 0.259810 0.259810
1104.717651 0.000000 1480.930908 0.000000 0.993537 0.000000 0.113512 0.247713 0.247713 0.247713
1123.060181 0.000000 1522.588623 0.000000 0.976509 0.000000 0.215477 0.271311 0.271311 0.271311
1101.467529 0.000000 1540.633423 0.000000 0.725135 0.000000 0.688607 0.194975 0.194975 0.194975
1149.524414 0.000000 1530.591553 0.000000 0.966442 0.000000 0.256885 0.198216 0.198216 0.198216
1110.797119 0.000000 1526.052734 0.000000 0.814831 0.000000 0.579699 0.195677 0.195677 0.195677
1147.669312 0.000000 1544.782959 0.000000 0.850586 0.000000 0.525836 0.194747 0.194747 0.194747
1126.737793 0.000000 1563.556030 0.000000 0.887686 0.000000 0.460449 0.195948 0.195948 0.195948
1141.008667 0.000000 1569.299927 0.000000 0.740975 0.000000 0.671533 0.198394 0.198394 0.198394
1114.002319 0.000000 1539.113525 0.000000 0.997385 0.000000 0.072270 0.206506 0.206506 0.206506
1145.361084 0.000000 1537.867432 0.000000 0.986867 0.000000 0.161536 0.217517 0.217517 0.217517
1127.709595 0.000000 1525.080444 0.000000 0.908604 0.000000 0.417659 0.219214 0.219214 0.219214
1134.145630 0.000000 1568.901123 0.000000 0.870661 0.000000 0.491883 0.245131 0.245131 0.245131
1138.333252 0.000000 1564.014648 0.000000 0.880284 0.000000 0.474447 0.253493 0.253493 0.253493
1139.333496 0.000000 1569.485840 0.000000 0.916658 0.000000 0.399672 0.256347 0.256347 0.256347
1122.527588 0.000000 1532.185669 0.000000 0.743761 0.000000 0.668446 0.258414 0.258414 0.258414
1137.522705 0.000000 1579.749878 0.000000 0.937747 0.000000 0.347320 0.239022 0.239022 0.239022
1149.523560 0.000000 1538.663574 0.000000 0.843712 0.000000 0.536796 0.254813 0.254813 0.254813
1138.026733 0.000000 1561.162354 0.000000 0.796106 0.000000 0.605158 0.237595 0.237595 0.237595
1142.250977 0.000000 1552.841431 0.000000 0.852597 0.000000 0.522569 0.242445 0.242445 0.242445
1117.555054 0.000000 1533.051392 0.000000 0.749311 0.000000 0.662218 0.257701 0.257701 0.257701
1150.787476 0.000000 1543.762207 0.000000 0.946950 0.000000 0.321381 0.275760 0.275760 0.275760
1138.095459 0.000000 1565.415039 0.000000 0.992888 0.000000 0.119049 0.261787 0.261787 0.261787
1136.909302 0.000000 1568.125244 0.000000 0.966821 0.000000 0.255456 0.277619 0.277619 0.277619
1117.126709 0.000000 1530.285278 0.000000 0.806555 0.000000 0.591159 0.264690 0.264690 0.264690
1186.940674 0.000000 1478.680176 0.000000 0.710558 0.000000 0.703638 0.242559 0.242559 0.242559
1191.927368 0.000000 1481.767700 0.000000 0.922352 0.000000 0.386350 0.283935 0.283935 0.283935
1191.969727 0.000000 1476.518555 0.000000 0.818730 0.000000 0.574179 0.272804 0.272804 0.272804
1219.856934 0.000000 1518.665649 0.000000 0.847778 0.000000 0.530352 0.195604 0.195604 0.195604
1255.443970 0.000000 1479.883179 0.000000 0.750038 0.000000 0.661395 0.194585 0.194585 0.194585
1262.630737 0.000000 1492.370361 0.000000 0.928835 0.000000 0.370495 0.212630 0.212630 0.212630
1260.304199 0.000000 1492.293091 0.000000 0.810994 0.000000 0.585055 0.207574 0.207574 0.207574
1227.945557 0.000000 1490.662231 0.000000 0.960601 0.000000 0.277931 0.232942 0.232942 0.232942
1223.299561 0.000000 1509.331909 0.000000 0.796616 0.000000 0.604486 0.217161 0.217161 0.217161
1226.323975 0.000000 1500.087158 0.000000 0.847025 0.000000 0.531553 0.219415 0.219415 0.219415
1219.196289 0.000000 1514.344238 0.000000 0.986949 0.000000 0.161035 0.255453 0.255453 0.255453
1261.502441 0.000000 1490.954590 0.000000 0.999442 0.000000 0.033391 0.250342 0.250342 0.250342
1233.241333 0.000000 1486.225098 0.000000 0.999066 0.000000 0.043205 0.244604 0.244604 0.244604
1221.526245 0.000000 1509.659668 0.000000 0.729003 0.000000 0.684510 0.231869 0.231869 0.231869
1222.216797 0.000000 1515.825684 0.000000 0.992396 0.000000 0.123084 0.247532 0.247532 0.247532
1274.732300 0.000000 1522.266724 0.000000 0.831822 0.000000 0.555042 0.250444 0.250444 0.250444
1275.650024 0.000000 1523.547607 0.000000 0.950599 0.000000 0.310421 0.256406 0.256406 0.256406
1248.099487 0.000000 1505.413330 0.000000 0.999994 0.000000 0.003444 0.262111 0.262111 0.262111
1250.905884 0.000000 1503.974731 0.000000 0.865405 0.000000 0.501074 0.267506 0.267506 0.267506
1220.024048 0.000000 1515.645020 0.000000 0.999636 0.000000 0.026976 0.281640 0.281640 0.281640
1233.163452 0.000000 1489.014282 0.000000 0.961774 0.000000 0.273845 0.294757 0.294757 0.294757
1178.548950 0.000000 1566.391235 0.000000 0.774691 0.000000 0.632340 0.194958 0.194958 0.194958
1183.949707 0.000000 1559.334106 0.000000 0.857544 0.000000 0.514411 0.195818 0.195818 0.195818
1214.612427 0.000000 1576.718384 0.000000 0.770527 0.000000 0.637407 0.194565 0.194565 0.194565
1202.616577 0.000000 1571.131348 0.000000 0.859894 0.000000 0.510473 0.202550 0.202550 0.202550
1207.370483 0.000000 1558.733521 0.000000 0.932863 0.000000 0.360231 0.217995 0.217995 0.217995
1185.051514 0.000000 1557.269653 0.000000 0.711458 0.000000 0.702728 0.219138 0.219138 0.219138
1184.249146 0.000000 1553.453857 0.000000 0.930421 0.000000 0.366493 0.224151 0.224151 0.224151
1212.194946 0.000000 1560.667236 0.000000 0.990749 0.000000 0.135705 0.242939 0.242939 0.242939
1154.093750 0.000000 1536.144531 0.000000 0.964740 0.000000 0.263204 0.231070 0.231070 0.231070
1182.427490 0.000000 1563.365356 0.000000 0.982363 0.000000 0.186983 0.229074 0.229074 0.229074
1205.498657 0.000000 1562.554321 0.000000 0.995726 0.000000 0.092359 0.233827 0.233827 0.233827
1213.962402 0.000000 1570.866211 0.000000 0.989413 0.000000 0.145128 0.269860 0.269860 0.269860
1186.794678 0.000000 1561.985962 0.000000 0.995276 0.000000 0.097089 0.268845 0.268845 0.268845
1186.885498 0.000000 1554.662842 0.000000 0.724557 0.000000 0.689215 0.255880 0.255880 0.255880
1187.054199 0.000000 1565.907471 0.000000 0.864903 0.000000 0.501938 0.281035 0.281035 0.281035
1210.465332 0.000000 1562.609985 0.000000 0.947948 0.000000 0.318425 0.283032 0.283032 0.283032
1210.232056 0.000000 1568.481323 0.000000 0.967593 0.000000 0.252513 0.318301 0.318301 0.318301
1220.256348 0.000000 1580.593872 0.000000 0.819916 0.000000 0.572483 0.208760 0.208760 0.208760
1220.014893 0.000000 1531.165161 0.000000 0.757090 0.000000 0.653310 0.210435 0.210435 0.210435
1260.873901 0.000000 1570.067383 0.000000 0.868316 0.000000 0.496011 0.200686 0.200686 0.200686
1227.600586 0.000000 1530.799927 0.000000 0.983467 0.000000 0.181089 0.216178 0.216178 0.216178
1256.632446 0.000000 1564.713257 0.000000 0.818209 0.000000 0.574920 0.206724 0.206724 0.206724
1259.705322 0.000000 1552.465820 0.000000 0.827817 0.000000 0.560999 0.217917 0.217917 0.217917
1221.476685 0.000000 1576.356323 0.000000 0.922617 0.000000 0.385716 0.235198 0.235198 0.235198
1277.048584 0.000000 1564.343506 0.000000 0.726130 0.000000 0.687557 0.208873 0.208873 0.208873
1252.845703 0.000000 1571.057983 0.000000 0.763435 0.000000 0.645884 0.208603 0.208603 0.208603
1228.800293 0.000000 1535.640869 0.000000 0.993167 0.000000 0.116702 0.218101 0.218101 0.218101
1273.788940 0.000000 1544.439941 0.000000 0.876444 0.000000 0.481504 0.244373 0.244373 0.244373
1271.633301 0.000000 1543.796021 0.000000 0.972998 0.000000 0.230812 0.249720 0.249720 0.249720
1252.999878 0.000000 1559.759644 0.000000 0.816773 0.000000 0.576959 0.220611 0.220611 0.220611
1258.718262 0.000000 1571.577148 0.000000 0.898218 0.000000 0.439549 0.216826 0.216826 0.216826
1252.762085 0.000000 1546.583252 0.000000 0.991015 0.000000 0.133751 0.260373 0.260373 0.260373
1256.327271 0.000000 1547.349976 0.000000 0.952068 0.000000 0.305885 0.257551 0.257551 0.257551
1223.773682 0.000000 1525.625122 0.000000 0.999681 0.000000 0.025267 0.248269 0.248269 0.248269
1271.988525 0.000000 1540.701416 0.000000 0.983388 0.000000 0.181517 0.250720 0.250720 0.250720
1255.006714 0.000000 1544.481934 0.000000 0.967995 0.000000 0.250971 0.244013 0.244013 0.244013
1273.763306 0.000000 1546.093750 0.000000 0.930620 0.000000 0.365986 0.239696 0.239696 0.239696
1256.266113 0.000000 1553.841553 0.000000 0.973019 0.000000 0.230727 0.274088 0.274088 0.274088
1225.455688 0.000000 1529.845215 0.000000 0.995069 0.000000 0.099185 0.263323 0.263323 0.263323
1255.754639 0.000000 1550.986572 0.000000 0.958727 0.000000 0.284329 0.287176 0.287176 0.287176
1261.060913 0.000000 1574.020874 0.000000 0.828711 0.000000 0.559677 0.262831 0.262831 0.262831
1258.734131 0.000000 1573.092285 0.000000 0.886180 0.000000 0.463342 0.243780 0.243780 0.243780
1218.917725 0.000000 1558.507568 0.000000 0.829656 0.000000 0.558275 0.245509 0.245509 0.245509
1270.872070 0.000000 1545.463501 0.000000 0.941735 0.000000 0.336355 0.255807 0.255807 0.255807
1278.782349 0.000000 1563.098145 0.000000 0.999407 0.000000 0.034446 0.291437 0.291437 0.291437
1256.031860 0.000000 1576.628662 0.000000 0.719224 0.000000 0.694778 0.257513 0.257513 0.257513
1271.635620 0.000000 1557.361572 0.000000 0.956851 0.000000 0.290577 0.266246 0.266246 0.266246
1274.078369 0.000000 1554.350830 0.000000 0.770939 0.000000 0.636909 0.289660 0.289660 0.289660
1259.721924 0.000000 1576.471802 0.000000 0.862391 0.000000 0.506243 0.268321 0.268321 0.268321
1254.447388 0.000000 1551.568848 0.000000 0.867468 0.000000 0.497494 0.280225 0.280225 0.280225
1254.902344 0.000000 1553.683960 0.000000 0.933680 0.000000 0.358109 0.284845 0.284845 0.284845
1275.392212 0.000000 1552.145996 0.000000 0.926651 0.000000 0.375922 0.272165 0.272165 0.272165
1257.626221 0.000000 1554.666016 0.000000 0.927151 0.000000 0.374689 0.279275 0.279275 0.279275
1297.633179 0.000000 1404.453857 0.000000 0.997117 0.000000 0.075879 0.259443 0.259443 0.259443
1302.839355 0.000000 1406.189819 0.000000 0.993292 0.000000 0.115637 0.276025 0.276025 0.276025
1300.429321 0.000000 1405.647705 0.000000 0.831163 0.000000 0.556029 0.273430 0.273430 0.273430
1299.485352 0.000000 1404.594482 0.000000 0.989406 0.000000 0.145173 0.296824 0.296824 0.296824
1296.040405 0.000000 1407.979492 0.000000 0.849514 0.000000 0.527566 0.315827 0.315827 0.315827
1297.982788 0.000000 1415.363159 0.000000 0.976047 0.000000 0.217561 0.223232 0.223232 0.223232
1300.239868 0.000000 1413.261353 0.000000 0.889137 0.000000 0.457641 0.300060 0.300060 0.300060
1281.469238 0.000000 1523.141846 0.000000 0.926692 0.000000 0.375823 0.197114 0.197114 0.197114
1280.226196 0.000000 1519.910767 0.000000 0.719791 0.000000 0.694191 0.193008 0.193008 0.193008
1298.736938 0.000000 1575.199219 0.000000 0.937045 0.000000 0.349209 0.197684 0.197684 0.197684
1294.452148 0.000000 1580.672852 0.000000 0.790545 0.000000 0.612405 0.205179 0.205179 0.205179
1305.450073 0.000000 1572.774902 0.000000 0.751061 0.000000 0.660232 0.205433 0.205433 0.205433
1304.941406 0.000000 1575.305786 0.000000 0.749768 0.000000 0.661701 0.225743 0.225743 0.225743
1305.614136 0.000000 1576.813843 0.000000 0.823747 0.000000 0.566957 0.253022 0.253022 0.253022
1072.887695 0.000000 1606.437988 0.000000 0.983026 0.000000 0.183464 0.198526 0.198526 0.198526
1080.956177 0.000000 1606.978271 0.000000 0.966591 0.000000 0.256325 0.211994 0.211994 0.211994
1076.948608 0.000000 1608.288574 0.000000 0.992114 0.000000 0.125339 0.231116 0.231116 0.231116
1076.736572 0.000000 1606.413574 0.000000 0.870056 0.000000 0.492952 0.259918 0.259918 0.259918
1077.912476 0.000000 1604.341187 0.000000 0.968642 0.000000 0.248459 0.275716 0.275716 0.275716
1127.866577 0.000000 1623.266113 0.000000 0.999927 0.000000 0.012077 0.199919 0.199919 0.199919
1150.612427 0.000000 1633.202759 0.000000 0.822719 0.000000 0.568449 0.194943 0.194943 0.194943
1094.656738 0.000000 1630.380249 0.000000 0.894399 0.000000 0.447270 0.195774 0.195774 0.195774
1140.340698 0.000000 1581.898560 0.000000 0.930533 0.000000 0.366208 0.196490 0.196490 0.196490
1133.601929 0.000000 1621.487427 0.000000 0.828189 0.000000 0.560449 0.197864 0.197864 0.197864
1151.940552 0.000000 1601.011963 0.000000 0.821438 0.000000 0.570299 0.211789 0.211789 0.211789
1095.324707 0.000000 1608.172485 0.000000 0.998355 0.000000 0.057342 0.205557 0.205557 0.205557
1140.127808 0.000000 1599.444946 0.000000 0.997393 0.000000 0.072165 0.230835 0.230835 0.230835
1149.359375 0.000000 1602.636108 0.000000 0.910990 0.000000 0.412429 0.212061 0.212061 0.212061
1141.305176 0.000000 1595.213379 0.000000 0.966016 0.000000 0.258482 0.214104 0.214104 0.214104
1134.922729 0.000000 1616.883789 0.000000 0.973556 0.000000 0.228449 0.212341 0.212341 0.212341
1147.459473 0.000000 1590.922607 0.000000 0.913908 0.000000 0.405922 0.237888 0.237888 0.237888
1149.495117 0.000000 1600.722778 0.000000 0.833710 0.000000 0.552203 0.231943 0.231943 0.231943
1138.757324 0.000000 1582.910645 0.000000 0.915363 0.000000 0.402629 0.227693 0.227693 0.227693
1096.825562 0.000000 1616.071533 0.000000 0.887452 0.000000 0.460900 0.263764 0.263764 0.263764
1094.391357 0.000000 1623.530518 0.000000 0.921453 0.000000 0.388490 0.304775 0.304775 0.304775
1124.050049 0.000000 1674.336426 0.000000 0.998512 0.000000 0.054530 0.199619 0.199619 0.199619
1137.916626 0.000000 1655.836914 0.000000 0.949048 0.000000 0.315131 0.197639 0.197639 0.197639
1150.112061 0.000000 1681.965576 0.000000 0.998799 0.000000 0.048986 0.199627 0.199627 0.199627
1147.875732 0.000000 1652.253052 0.000000 0.755596 0.000000 0.655038 0.194383 0.194383 0.194383
1142.755981 0.000000 1664.142334 0.000000 0.857721 0.000000 0.514116 0.195080 0.195080 0.195080
1151.836060 0.000000 1642.531006 0.000000 0.996054 0.000000 0.088748 0.207432 0.207432 0.207432
1148.546265 0.000000 1665.986572 0.000000 0.964778 0.000000 0.263066 0.205495 0.205495 0.205495
1131.827026 0.000000 1676.233643 0.000000 0.813223 0.000000 0.581953 0.201617 0.201617 0.201617
1150.677124 0.000000 1640.592896 0.000000 0.760576 0.000000 0.649249 0.200683 0.200683 0.200683
1150.808594 0.000000 1666.074341 0.000000 0.806681 0.000000 0.590987 0.201495 0.201495 0.201495
1140.105469 0.000000 1680.437866 0.000000 0.850239 0.000000 0.526397 0.241372 0.241372 0.241372
1143.475952 0.000000 1649.942139 0.000000 0.767952 0.000000 0.640508 0.232922 0.232922 0.232922
1141.692383 0.000000 1649.781860 0.000000 0.914972 0.000000 0.403517 0.220463 0.220463 0.220463
1141.498657 0.000000 1675.523071 0.000000 0.709369 0.000000 0.704838 0.225723 0.225723 0.225723
1143.001831 0.000000 1673.081543 0.000000 0.732131 0.000000 0.681164 0.268887 0.268887 0.268887
1142.485107 0.000000 1677.749756 0.000000 0.997775 0.000000 0.066665 0.284995 0.284995 0.284995
1145.621582 0.000000 1670.937622 0.000000 0.990338 0.000000 0.138671 0.318552 0.318552 0.318552
1147.589600 0.000000 1670.611816 0.000000 0.999762 0.000000 0.021809 0.287348 0.287348 0.287348
1157.348755 0.000000 1590.004272 0.000000 0.828243 0.000000 0.560370 0.195545 0.195545 0.195545
1158.297607 0.000000 1582.910645 0.000000 0.940434 0.000000 0.339977 0.208829 0.208829 0.208829
1152.974365 0.000000 1594.270264 0.000000 0.882300 0.000000 0.470688 0.196869 0.196869 0.196869
1163.600586 0.000000 1587.284302 0.000000 0.909519 0.000000 0.415662 0.209946 0.209946 0.209946
1279.419312 0.000000 1603.434570 0.000000 0.972397 0.000000 0.233334 0.198413 0.198413 0.198413
1279.412231 0.000000 1634.410645 0.000000 0.941321 0.000000 0.337513 0.273252 0.273252 0.273252
1279.189697 0.000000 1632.057129 0.000000 0.708454 0.000000 0.705757 0.261642 0.261642 0.261642
1165.066528 0.000000 1691.263062 0.000000 0.975977 0.000000 0.217874 0.198382 0.198382 0.198382
1169.116211 0.000000 1685.294434 0.000000 0.895272 0.000000 0.445520 0.196080 0.196080 0.196080
1167.660034 0.000000 1689.212158 0.000000 0.766218 0.000000 0.642581 0.193554 0.193554 0.193554
1158.202026 0.000000 1649.559692 0.000000 0.907026 0.000000 0.421075 0.203655 0.203655 0.203655
1166.569336 0.000000 1671.815674 0.000000 0.889385 0.000000 0.457160 0.204246 0.204246 0.204246
1167.977173 0.000000 1687.114014 0.000000 0.799311 0.000000 0.600917 0.229944 0.229944 0.229944
1160.026367 0.000000 1692.501221 0.000000 0.931275 0.000000 0.364316 0.227304 0.227304 0.227304
1163.621582 0.000000 1683.970459 0.000000 0.999630 0.000000 0.027216 0.281633 0.281633 0.281633
1164.826050 0.000000 1677.233032 0.000000 0.981481 0.000000 0.191559 0.277258 0.277258 0.277258
1157.391968 0.000000 1687.786743 0.000000 0.903191 0.000000 0.429239 0.242502 0.242502 0.242502
1160.076660 0.000000 1687.486328 0.000000 0.823847 0.000000 0.566812 0.232621 0.232621 0.232621
1163.080078 0.000000 1687.854492 0.000000 0.979900 0.000000 0.199487 0.261053 0.261053 0.261053
1167.678223 0.000000 1674.464111 0.000000 0.910952 0.000000 0.412512 0.317499 0.317499 0.317499
1165.373169 0.000000 1673.315796 0.000000 0.999251 0.000000 0.038706 0.315700 0.315700 0.315700
1278.188843 0.000000 1653.121460 0.000000 0.725853 0.000000 0.687850 0.203043 0.203043 0.203043
1278.677124 0.000000 1640.592896 0.000000 0.809211 0.000000 0.587519 0.208534 0.208534 0.208534
1215.097656 0.000000 1733.920410 0.000000 0.954163 0.000000 0.299288 0.197799 0.197799 0.197799
1166.121460 0.000000 1696.549683 0.000000 0.851389 0.000000 0.524534 0.216521 0.216521 0.216521
1190.039062 0.000000 1712.632935 0.000000 0.991984 0.000000 0.126367 0.259448 0.259448 0.259448
1191.006714 0.000000 1713.935059 0.000000 0.827994 0.000000 0.560737 0.249327 0.249327 0.249327
1255.866577 0.000000 1736.234863 0.000000 0.916552 0.000000 0.399916 0.197227 0.197227 0.197227
1216.315308 0.000000 1720.956787 0.000000 0.717838 0.000000 0.696210 0.194617 0.194617 0.194617
1219.605225 0.000000 1717.807861 0.000000 0.973405 0.000000 0.229092 0.198240 0.198240 0.198240
1275.742432 0.000000 1732.208252 0.000000 0.975730 0.000000 0.218977 0.198071 0.198071 0.198071
1220.219482 0.000000 1727.165405 0.000000 0.998318 0.000000 0.057968 0.199522 0.199522 0.199522
1271.033203 0.000000 1732.979126 0.000000 0.918511 0.000000 0.395396 0.196499 0.196499 0.196499
1244.116333 0.000000 1749.946899 0.000000 0.860432 0.000000 0.509566 0.195261 0.195261 0.195261
1241.163940 0.000000 1750.390625 0.000000 0.874429 0.000000 0.485154 0.201844 0.201844 0.201844
1220.256348 0.000000 1750.046997 0.000000 0.779276 0.000000 0.626681 0.193659 0.193659 0.193659
1250.794434 0.000000 1732.790771 0.000000 0.894843 0.000000 0.446382 0.221838 0.221838 0.221838
1249.051514 0.000000 1726.722778 0.000000 0.879782 0.000000 0.475378 0.220348 0.220348 0.220348
1247.716431 0.000000 1734.981812 0.000000 0.999061 0.000000 0.043322 0.211266 0.211266 0.211266
1231.977173 0.000000 1743.598389 0.000000 0.729656 0.000000 0.683815 0.207969 0.207969 0.207969
1276.194946 0.000000 1730.120361 0.000000 0.798450 0.000000 0.602061 0.210294 0.210294 0.210294
1233.040649 0.000000 1747.066772 0.000000 0.918241 0.000000 0.396021 0.213324 0.213324 0.213324
1271.776123 0.000000 1722.256226 0.000000 0.917310 0.000000 0.398174 0.248254 0.248254 0.248254
1229.842407 0.000000 1746.009033 0.000000 0.953883 0.000000 0.300179 0.236767 0.236767 0.236767
1274.545166 0.000000 1726.501953 0.000000 0.997998 0.000000 0.063245 0.254191 0.254191 0.254191
1226.837524 0.000000 1746.139404 0.000000 0.990600 0.000000 0.136790 0.246183 0.246183 0.246183
1221.147461 0.000000 1748.520386 0.000000 0.995052 0.000000 0.099352 0.252367 0.252367 0.252367
1244.480591 0.000000 1733.092163 0.000000 0.954307 0.000000 0.298827 0.245181 0.245181 0.245181
1271.627441 0.000000 1725.158691 0.000000 0.999052 0.000000 0.043544 0.255697 0.255697 0.255697
1275.166870 0.000000 1718.223999 0.000000 0.865397 0.000000 0.501087 0.249861 0.249861 0.249861
1248.099487 0.000000 1731.350830 0.000000 0.987657 0.000000 0.156629 0.257707 0.257707 0.257707
1225.361450 0.000000 1748.539429 0.000000 0.997610 0.000000 0.069097 0.280525 0.280525 0.280525
1241.026123 0.000000 1751.263550 0.000000 0.779212 0.000000 0.626761 0.200009 0.200009 0.200009
1223.773682 0.000000 1751.562622 0.000000 0.936939 0.000000 0.349493 0.229631 0.229631 0.229631
1226.945435 0.000000 1751.161743 0.000000 0.995010 0.000000 0.099775 0.242490 0.242490 0.242490
1293.467529 0.000000 1597.117798 0.000000 0.892453 0.000000 0.451141 0.196903 0.196903 0.196903
1295.712891 0.000000 1600.176636 0.000000 0.744424 0.000000 0.667707 0.193338 0.193338 0.193338
1315.651001 0.000000 1604.504883 0.000000 0.990367 0.000000 0.138471 0.198856 0.198856 0.198856
1280.205078 0.000000 1603.981201 0.000000 0.999213 0.000000 0.039665 0.199653 0.199653 0.199653
1304.982788 0.000000 1585.436401 0.000000 0.922651 0.000000 0.385635 0.196744 0.196744 0.196744
1300.109741 0.000000 1593.252197 0.000000 0.956582 0.000000 0.291465 0.203042 0.203042 0.203042
1306.002319 0.000000 1595.597900 0.000000 0.800878 0.000000 0.598827 0.209353 0.209353 0.209353
1300.386963 0.000000 1608.359619 0.000000 0.967097 0.000000 0.254410 0.206664 0.206664 0.206664
1280.668579 0.000000 1599.332886 0.000000 0.728385 0.000000 0.685168 0.223322 0.223322 0.223322
1297.646729 0.000000 1600.887329 0.000000 0.984006 0.000000 0.178136 0.224883 0.224883 0.224883
1314.607544 0.000000 1633.956421 0.000000 0.983487 0.000000 0.180981 0.222678 0.222678 0.222678
1295.572021 0.000000 1613.162354 0.000000 0.730288 0.000000 0.683139 0.225271 0.225271 0.225271
1313.938477 0.000000 1632.451050 0.000000 0.751881 0.000000 0.659299 0.232479 0.232479 0.232479
1303.097900 0.000000 1600.576904 0.000000 0.909247 0.000000 0.416258 0.263991 0.263991 0.263991
1305.591064 0.000000 1599.544312 0.000000 0.986084 0.000000 0.166248 0.260732 0.260732 0.260732
1283.585327 0.000000 1601.155762 0.000000 0.991467 0.000000 0.130358 0.251748 0.251748 0.251748
1307.789185 0.000000 1611.983521 0.000000 0.820564 0.000000 0.571554 0.288811 0.288811 0.288811
1308.418945 0.000000 1600.448975 0.000000 0.773799 0.000000 0.633432 0.320755 0.320755 0.320755
1302.552368 0.000000 1605.810791 0.000000 0.934185 0.000000 0.356790 0.269653 0.269653 0.269653
1309.867188 0.000000 1602.420166 0.000000 0.891897 0.000000 0.452238 0.329027 0.329027 0.329027
1306.844604 0.000000 1606.887207 0.000000 0.754594 0.000000 0.656191 0.312476 0.312476 0.312476
1307.765869 0.000000 1603.234253 0.000000 0.975107 0.000000 0.221735 0.344525 0.344525 0.344525
1312.693359 0.000000 1690.035156 0.000000 0.967384 0.000000 0.253314 0.202387 0.202387 0.202387
1316.100952 0.000000 1685.908203 0.000000 0.995524 0.000000 0.094514 0.202958 0.202958 0.202958
1281.439453 0.000000 1662.426270 0.000000 0.997904 0.000000 0.064718 0.213236 0.213236 0.213236
1282.422852 0.000000 1666.446533 0.000000 0.923715 0.000000 0.383081 0.219739 0.219739 0.219739
1326.877930 0.000000 1691.470337 0.000000 0.995816 0.000000 0.091376 0.226139 0.226139 0.226139
1290.104736 0.000000 1685.137695 0.000000 0.996889 0.000000 0.078824 0.250574 0.250574 0.250574
1325.109253 0.000000 1689.454712 0.000000 0.806402 0.000000 0.591367 0.266569 0.266569 0.266569
1286.643066 0.000000 1689.929565 0.000000 0.904048 0.000000 0.427430 0.277637 0.277637 0.277637
1286.798706 0.000000 1708.798218 0.000000 0.995975 0.000000 0.089633 0.199249 0.199249 0.199249
1292.406494 0.000000 1695.479614 0.000000 0.717632 0.000000 0.696422 0.193268 0.193268 0.193268
1282.892212 0.000000 1732.732544 0.000000 0.720278 0.000000 0.693685 0.199051 0.199051 0.199051
1313.762817 0.000000 1705.899780 0.000000 0.770986 0.000000 0.636851 0.200860 0.200860 0.200860
1309.291748 0.000000 1705.822266 0.000000 0.832646 0.000000 0.553805 0.201991 0.201991 0.201991
1288.383423 0.000000 1716.395020 0.000000 0.800181 0.000000 0.599759 0.205365 0.205365 0.205365
1295.814819 0.000000 1715.163208 0.000000 0.838903 0.000000 0.544281 0.217201 0.217201 0.217201
1323.779663 0.000000 1699.512695 0.000000 0.994989 0.000000 0.099984 0.266588 0.266588 0.266588
1325.450073 0.000000 1697.050659 0.000000 0.962504 0.000000 0.271267 0.230937 0.230937 0.230937
1289.291260 0.000000 1711.324585 0.000000 0.911583 0.000000 0.411116 0.264130 0.264130 0.264130
1291.304077 0.000000 1712.327515 0.000000 0.980078 0.000000 0.198614 0.326778 0.326778 0.326778
1293.407227 0.000000 1715.412598 0.000000 0.806588 0.000000 0.591115 0.294432 0.294432 0.294432
1911.341309 0.000000 1689.338867 0.000000 0.813593 0.000000 0.581435 0.206629 0.206629 0.206629
1910.407227 0.000000 1691.082520 0.000000 0.962724 0.000000 0.270486 0.218208 0.218208 0.218208
1914.542236 0.000000 1687.217896 0.000000 0.981655 0.000000 0.190666 0.225780 0.225780 0.225780
1953.638062 0.000000 1684.815552 0.000000 0.956652 0.000000 0.291234 0.197602 0.197602 0.197602
2020.590088 0.000000 1648.053589 0.000000 0.794468 0.000000 0.607306 0.195030 0.195030 0.195030
2014.227295 0.000000 1642.604248 0.000000 0.922689 0.000000 0.385546 0.196591 0.196591 0.196591
1984.226196 0.000000 1689.363892 0.000000 0.964658 0.000000 0.263506 0.197803 0.197803 0.197803
2020.999878 0.000000 1672.728394 0.000000 0.972659 0.000000 0.232238 0.221949 0.221949 0.221949
2026.287964 0.000000 1668.729126 0.000000 0.870784 0.000000 0.491666 0.232164 0.232164 0.232164
2026.998291 0.000000 1674.713867 0.000000 0.994192 0.000000 0.107618 0.258763 0.258763 0.258763
2025.198730 0.000000 1674.054932 0.000000 0.873152 0.000000 0.487448 0.239254 0.239254 0.239254
2027.793579 0.000000 1672.703247 0.000000 0.811817 0.000000 0.583912 0.285526 0.285526 0.285526
1918.127319 0.000000 1711.971191 0.000000 0.892019 0.000000 0.451998 0.196195 0.196195 0.196195
1909.757935 0.000000 1713.895996 0.000000 0.998273 0.000000 0.058740 0.199538 0.199538 0.199538
1885.075928 0.000000 1746.931396 0.000000 0.999179 0.000000 0.040518 0.199646 0.199646 0.199646
1919.450562 0.000000 1702.460571 0.000000 0.977510 0.000000 0.210890 0.197984 0.197984 0.197984
1917.121704 0.000000 1710.756226 0.000000 0.982120 0.000000 0.188257 0.240909 0.240909 0.240909
1914.513306 0.000000 1708.227661 0.000000 0.923127 0.000000 0.384495 0.257733 0.257733 0.257733
1912.881714 0.000000 1706.054688 0.000000 0.995547 0.000000 0.094265 0.270007 0.270007 0.270007
1905.916626 0.000000 1768.805664 0.000000 0.967383 0.000000 0.253318 0.198114 0.198114 0.198114
1887.085693 0.000000 1758.644531 0.000000 0.846732 0.000000 0.532020 0.195028 0.195028 0.195028
1898.549194 0.000000 1762.126953 0.000000 0.999092 0.000000 0.042594 0.212387 0.212387 0.212387
1903.681152 0.000000 1753.917480 0.000000 0.780268 0.000000 0.625446 0.208933 0.208933 0.208933
1906.636963 0.000000 1761.469971 0.000000 0.887057 0.000000 0.461660 0.210353 0.210353 0.210353
1900.434570 0.000000 1762.794312 0.000000 0.937577 0.000000 0.347776 0.236939 0.236939 0.236939
1906.464111 0.000000 1766.943970 0.000000 0.991710 0.000000 0.128498 0.246339 0.246339 0.246339
1899.042236 0.000000 1759.886353 0.000000 0.947707 0.000000 0.319141 0.229094 0.229094 0.229094
1909.692383 0.000000 1762.750610 0.000000 0.803224 0.000000 0.595677 0.221252 0.221252 0.221252
1943.871582 0.000000 1734.012329 0.000000 0.820631 0.000000 0.571459 0.194685 0.194685 0.194685
1947.789307 0.000000 1729.710938 0.000000 0.896706 0.000000 0.442627 0.228022 0.228022 0.228022
1982.061768 0.000000 1702.719360 0.000000 0.786417 0.000000 0.617696 0.244949 0.244949 0.244949
2020.050049 0.000000 1730.820801 0.000000 0.721700 0.000000 0.692206 0.194656 0.194656 0.194656
2025.764648 0.000000 1722.855469 0.000000 0.967178 0.000000 0.254101 0.197787 0.197787 0.197787
2023.131470 0.000000 1729.510376 0.000000 0.725694 0.000000 0.688017 0.192897 0.192897 0.192897
1990.202026 0.000000 1706.044067 0.000000 0.881865 0.000000 0.471502 0.198922 0.198922 0.198922
2026.451904 0.000000 1729.465332 0.000000 0.953443 0.000000 0.301572 0.197132 0.197132 0.197132
1990.927612 0.000000 1700.878662 0.000000 0.995332 0.000000 0.096511 0.211755 0.211755 0.211755
2033.077515 0.000000 1726.919189 0.000000 0.952234 0.000000 0.305369 0.232474 0.232474 0.232474
2028.434570 0.000000 1706.309937 0.000000 0.828497 0.000000 0.559994 0.236688 0.236688 0.236688
1994.587402 0.000000 1707.811523 0.000000 0.977104 0.000000 0.212763 0.223302 0.223302 0.223302
2032.863892 0.000000 1739.007202 0.000000 0.911456 0.000000 0.411396 0.230621 0.230621 0.230621
2036.948608 0.000000 1721.257324 0.000000 0.998831 0.000000 0.048348 0.243402 0.243402 0.243402
1991.854370 0.000000 1705.279297 0.000000 0.985084 0.000000 0.172075 0.229304 0.229304 0.229304
2032.438599 0.000000 1723.436157 0.000000 0.986797 0.000000 0.161964 0.294148 0.294148 0.294148
1975.010986 0.000000 1805.968506 0.000000 0.952070 0.000000 0.305882 0.197478 0.197478 0.197478
1978.815186 0.000000 1758.584717 0.000000 0.974023 0.000000 0.226450 0.197861 0.197861 0.197861
1939.150757 0.000000 1784.777222 0.000000 0.775400 0.000000 0.631471 0.212764 0.212764 0.212764
1936.405029 0.000000 1788.570679 0.000000 0.746442 0.000000 0.665450 0.200448 0.200448 0.200448
1982.188843 0.000000 1766.090210 0.000000 0.753377 0.000000 0.657589 0.215224 0.215224 0.215224
1989.963745 0.000000 1771.714600 0.000000 0.997793 0.000000 0.066405 0.199453 0.199453 0.199453
1984.668579 0.000000 1768.786011 0.000000 0.986149 0.000000 0.165865 0.216374 0.216374 0.216374
2019.914307 0.000000 1779.774780 0.000000 0.808727 0.000000 0.588184 0.216460 0.216460 0.216460
2024.686523 0.000000 1769.668701 0.000000 0.940691 0.000000 0.339265 0.220393 0.220393 0.220393
2027.779663 0.000000 1755.997070 0.000000 0.839253 0.000000 0.543741 0.237046 0.237046 0.237046
1882.281006 0.000000 1851.346313 0.000000 0.928590 0.000000 0.371108 0.208440 0.208440 0.208440
1889.651611 0.000000 1843.697510 0.000000 0.938912 0.000000 0.344158 0.212982 0.212982 0.212982
1889.958618 0.000000 1847.729004 0.000000 0.843287 0.000000 0.537463 0.232246 0.232246 0.232246
1885.621216 0.000000 1844.647461 0.000000 0.944742 0.000000 0.327815 0.264266 0.264266 0.264266
1901.233887 0.000000 1889.881714 0.000000 0.893512 0.000000 0.449040 0.196803 0.196803 0.196803
1882.844482 0.000000 1865.701904 0.000000 0.745016 0.000000 0.667046 0.193893 0.193893 0.193893
1895.131470 0.000000 1898.963501 0.000000 0.751148 0.000000 0.660134 0.194602 0.194602 0.194602
1895.443970 0.000000 1875.273804 0.000000 0.762443 0.000000 0.647056 0.193763 0.193763 0.193763
1880.982788 0.000000 1867.858276 0.000000 0.925838 0.000000 0.377920 0.196372 0.196372 0.196372
1919.940552 0.000000 1883.433838 0.000000 0.943316 0.000000 0.331897 0.202593 0.202593 0.202593
1890.304321 0.000000 1880.084229 0.000000 0.804829 0.000000 0.593507 0.214392 0.214392 0.214392
1885.291748 0.000000 1875.275391 0.000000 0.995860 0.000000 0.090904 0.214026 0.214026 0.214026
1910.075073 0.000000 1885.529419 0.000000 0.882492 0.000000 0.470327 0.205108 0.205108 0.205108
1913.788940 0.000000 1883.346191 0.000000 0.845649 0.000000 0.533740 0.233312 0.233312 0.233312
1899.631348 0.000000 1907.534302 0.000000 0.979914 0.000000 0.199422 0.221338 0.221338 0.221338
1890.940674 0.000000 1874.070801 0.000000 1.000000 0.000000 0.000081 0.240895 0.240895 0.240895
1898.445190 0.000000 1902.840210 0.000000 0.993196 0.000000 0.116451 0.292308 0.292308 0.292308
1896.332397 0.000000 1902.187378 0.000000 0.770768 0.000000 0.637116 0.266868 0.266868 0.266868
1973.008667 0.000000 1851.721802 0.000000 0.912968 0.000000 0.408031 0.196065 0.196065 0.196065
1946.616211 0.000000 1831.582397 0.000000 0.994177 0.000000 0.107756 0.198989 0.198989 0.198989
1949.193848 0.000000 1833.711182 0.000000 0.917669 0.000000 0.397345 0.204982 0.204982 0.204982
1981.359375 0.000000 1828.573608 0.000000 0.993700 0.000000 0.112074 0.219258 0.219258 0.219258
1952.249146 0.000000 1835.875732 0.000000 0.828693 0.000000 0.559704 0.207948 0.207948 0.207948
1963.936890 0.000000 1863.927490 0.000000 0.990101 0.000000 0.140355 0.223250 0.223250 0.223250
1972.116699 0.000000 1809.830933 0.000000 0.988034 0.000000 0.154237 0.249104 0.249104 0.249104
1948.530762 0.000000 1849.174927 0.000000 0.975765 0.000000 0.218823 0.216765 0.216765 0.216765
1955.914307 0.000000 1836.259155 0.000000 0.979378 0.000000 0.202038 0.226688 0.226688 0.226688
1957.460205 0.000000 1838.835205 0.000000 0.996533 0.000000 0.083204 0.243886 0.243886 0.243886
1971.249023 0.000000 1811.910278 0.000000 0.888405 0.000000 0.459061 0.242870 0.242870 0.242870
2001.626343 0.000000 1812.709473 0.000000 0.947018 0.000000 0.321182 0.197551 0.197551 0.197551
1999.212769 0.000000 1819.953369 0.000000 0.893390 0.000000 0.449282 0.202279 0.202279 0.202279
1999.571045 0.000000 1814.112549 0.000000 0.784746 0.000000 0.619817 0.196116 0.196116 0.196116
1945.268799 0.000000 1880.393555 0.000000 0.801379 0.000000 0.598157 0.195598 0.195598 0.195598
1972.885132 0.000000 1915.735474 0.000000 0.834001 0.000000 0.551763 0.196060 0.196060 0.196060
1937.114990 0.000000 1918.544189 0.000000 0.946962 0.000000 0.321346 0.197346 0.197346 0.197346
1942.596802 0.000000 1884.515503 0.000000 0.726183 0.000000 0.687501 0.193566 0.193566 0.193566
1982.612427 0.000000 1915.624634 0.000000 0.986465 0.000000 0.163970 0.198684 0.198684 0.198684
1968.763550 0.000000 1903.790771 0.000000 0.998962 0.000000 0.045548 0.199573 0.199573 0.199573
1959.443970 0.000000 1875.273804 0.000000 0.996777 0.000000 0.080228 0.199298 0.199298 0.199298
1948.116333 0.000000 1919.400024 0.000000 0.708703 0.000000 0.705507 0.198874 0.198874 0.198874
1963.550903 0.000000 1870.784180 0.000000 0.962053 0.000000 0.272863 0.197447 0.197447 0.197447
1943.931152 0.000000 1915.701660 0.000000 0.969118 0.000000 0.246598 0.205681 0.205681 0.205681
1940.471069 0.000000 1885.809937 0.000000 0.999990 0.000000 0.004447 0.208355 0.208355 0.208355
1961.191162 0.000000 1866.114868 0.000000 0.842264 0.000000 0.539065 0.217288 0.217288 0.217288
1943.245850 0.000000 1919.644897 0.000000 0.974014 0.000000 0.226488 0.238083 0.238083 0.238083
1985.602173 0.000000 1894.357666 0.000000 0.772477 0.000000 0.635043 0.194675 0.194675 0.194675
2001.116211 0.000000 1911.231934 0.000000 0.889176 0.000000 0.457566 0.196025 0.196025 0.196025
2007.871582 0.000000 1903.465454 0.000000 0.999285 0.000000 0.037819 0.199674 0.199674 0.199674
1986.759888 0.000000 1873.098999 0.000000 0.988072 0.000000 0.153990 0.198553 0.198553 0.198553
2005.175049 0.000000 1899.202393 0.000000 0.818046 0.000000 0.575153 0.194263 0.194263 0.194263
2007.654907 0.000000 1897.639893 0.000000 0.814916 0.000000 0.579579 0.197627 0.197627 0.197627
1985.439453 0.000000 1888.363770 0.000000 0.995748 0.000000 0.092115 0.231631 0.231631 0.231631
1997.897339 0.000000 1907.092285 0.000000 0.805662 0.000000 0.592375 0.216388 0.216388 0.216388
1911.879395 0.000000 1963.663574 0.000000 0.993270 0.000000 0.115821 0.198986 0.198986 0.198986
1918.808594 0.000000 1948.496216 0.000000 0.867269 0.000000 0.497840 0.227029 0.227029 0.227029
1904.736572 0.000000 1967.155640 0.000000 0.900773 0.000000 0.434290 0.251475 0.251475 0.251475
1906.704468 0.000000 1968.392822 0.000000 0.929703 0.000000 0.368309 0.233454 0.233454 0.233454
1901.060913 0.000000 1969.411499 0.000000 0.982646 0.000000 0.185493 0.246339 0.246339 0.246339
1923.589233 0.000000 1932.850952 0.000000 0.975912 0.000000 0.218165 0.198545 0.198545 0.198545
1926.113892 0.000000 1959.427246 0.000000 0.843722 0.000000 0.536780 0.195049 0.195049 0.195049
1944.982788 0.000000 1924.342651 0.000000 0.902479 0.000000 0.430733 0.202501 0.202501 0.202501
1949.269653 0.000000 1922.628174 0.000000 0.765022 0.000000 0.644004 0.212548 0.212548 0.212548
1964.263306 0.000000 1970.643799 0.000000 0.994920 0.000000 0.100671 0.203997 0.203997 0.203997
1922.200317 0.000000 1937.088013 0.000000 0.810508 0.000000 0.585727 0.234165 0.234165 0.234165
1922.331055 0.000000 1960.414551 0.000000 0.999952 0.000000 0.009837 0.238493 0.238493 0.238493
1922.930908 0.000000 1951.943481 0.000000 0.989806 0.000000 0.142423 0.241730 0.241730 0.241730
1920.212158 0.000000 1944.108887 0.000000 0.874790 0.000000 0.484502 0.295138 0.295138 0.295138
1921.154053 0.000000 1939.277832 0.000000 0.734405 0.000000 0.678712 0.314550 0.314550 0.314550
1962.157837 0.000000 1999.789429 0.000000 0.885593 0.000000 0.464461 0.196081 0.196081 0.196081
1972.340698 0.000000 1977.289185 0.000000 0.972463 0.000000 0.233057 0.197798 0.197798 0.197798
1967.681152 0.000000 1979.854980 0.000000 0.723140 0.000000 0.690702 0.194195 0.194195 0.194195
1964.304199 0.000000 2000.652466 0.000000 0.998693 0.000000 0.051106 0.208955 0.208955 0.208955
1956.762085 0.000000 1998.458252 0.000000 0.999811 0.000000 0.019440 0.230521 0.230521 0.230521
1954.022705 0.000000 1998.988892 0.000000 0.865871 0.000000 0.500266 0.219939 0.219939 0.219939
1966.407837 0.000000 2004.123169 0.000000 0.736998 0.000000 0.675895 0.242423 0.242423 0.242423
1960.266113 0.000000 2005.716553 0.000000 0.794835 0.000000 0.606826 0.243321 0.243321 0.243321
1959.754639 0.000000 2002.861572 0.000000 0.829104 0.000000 0.559094 0.269527 0.269527 0.269527
1958.447388 0.000000 2003.443848 0.000000 0.924051 0.000000 0.382270 0.275012 0.275012 0.275012
1991.290527 0.000000 2019.798218 0.000000 0.884356 0.000000 0.466813 0.195635 0.195635 0.195635
1992.260498 0.000000 1985.958740 0.000000 0.998623 0.000000 0.052457 0.207830 0.207830 0.207830
1993.640015 0.000000 2010.180176 0.000000 0.978377 0.000000 0.206828 0.208289 0.208289 0.208289
1995.567871 0.000000 2017.106445 0.000000 0.999935 0.000000 0.011374 0.236232 0.236232 0.236232
1995.164307 0.000000 2013.508301 0.000000 0.910577 0.000000 0.413339 0.246902 0.246902 0.246902
6010.165039 0.000000 869.816345 0.000000 0.828759 0.000000 0.559605 0.195552 0.195552 0.195552
6016.010254 0.000000 875.951904 0.000000 0.741354 0.000000 0.671114 0.215938 0.215938 0.215938
4951.245605 0.000000 1298.316772 0.000000 0.998154 0.000000 0.060740 0.221041 0.221041 0.221041
4945.973633 0.000000 1314.062012 0.000000 0.997093 0.000000 0.076193 0.267141 0.267141 0.267141
4959.786621 0.000000 1315.229492 0.000000 0.997849 0.000000 0.065551 0.322429 0.322429 0.322429
4665.915527 0.000000 1592.277222 0.000000 0.735194 0.000000 0.677857 0.194793 0.194793 0.194793
5174.375000 0.000000 1161.237183 0.000000 0.917160 0.000000 0.398519 0.209133 0.209133 0.209133
5170.491699 0.000000 1153.327759 0.000000 0.998865 0.000000 0.047633 0.220105 0.220105 0.220105
5180.194824 0.000000 1165.276611 0.000000 0.997951 0.000000 0.063979 0.240914 0.240914 0.240914
5167.143066 0.000000 1155.364990 0.000000 0.954559 0.000000 0.298021 0.223112 0.223112 0.223112
5172.736328 0.000000 1154.538574 0.000000 0.884080 0.000000 0.467336 0.254666 0.254666 0.254666
5168.418945 0.000000 1155.964111 0.000000 0.840689 0.000000 0.541519 0.258558 0.258558 0.258558
5180.780762 0.000000 1149.779053 0.000000 0.722816 0.000000 0.691041 0.295842 0.295842 0.295842
5169.188477 0.000000 1157.394165 0.000000 0.752027 0.000000 0.659132 0.350110 0.350110 0.350110
5171.445801 0.000000 1160.631958 0.000000 0.863615 0.000000 0.504152 0.357381 0.357381 0.357381
5165.368652 0.000000 1153.151855 0.000000 0.839420 0.000000 0.543483 0.343987 0.343987 0.343987
5174.749512 0.000000 1162.509033 0.000000 0.727296 0.000000 0.686324 0.342214 0.342214 0.342214
5174.512695 0.000000 1163.841431 0.000000 0.984822 0.000000 0.173566 0.386673 0.386673 0.386673
5182.671387 0.000000 1165.460693 0.000000 0.994182 0.000000 0.107717 0.392860 0.392860 0.392860
5174.137695 0.000000 1163.057617 0.000000 0.784545 0.000000 0.620072 0.348905 0.348905 0.348905
5192.162109 0.000000 1149.408325 0.000000 0.868950 0.000000 0.494900 0.215981 0.215981 0.215981
5198.486328 0.000000 1168.369263 0.000000 0.992626 0.000000 0.121215 0.231180 0.231180 0.231180
5224.804199 0.000000 1163.811768 0.000000 0.954488 0.000000 0.298250 0.252512 0.252512 0.252512
5203.159180 0.000000 1149.907104 0.000000 0.897465 0.000000 0.441086 0.246285 0.246285 0.246285
5196.826172 0.000000 1168.873657 0.000000 0.924942 0.000000 0.380108 0.280115 0.280115 0.280115
5225.198730 0.000000 1165.695557 0.000000 0.749536 0.000000 0.661964 0.235262 0.235262 0.235262
5184.049316 0.000000 1160.385742 0.000000 0.999941 0.000000 0.010865 0.263068 0.263068 0.263068
5185.603027 0.000000 1163.640869 0.000000 0.901577 0.000000 0.432620 0.268536 0.268536 0.268536
5227.793457 0.000000 1164.343872 0.000000 0.847458 0.000000 0.530862 0.287613 0.287613 0.287613
5192.482910 0.000000 1170.037598 0.000000 0.994713 0.000000 0.102698 0.286180 0.286180 0.286180
5240.393555 0.000000 1162.830078 0.000000 0.984947 0.000000 0.172855 0.309800 0.309800 0.309800
5200.371094 0.000000 1149.216919 0.000000 0.801323 0.000000 0.598233 0.347242 0.347242 0.347242
5186.417969 0.000000 1165.595337 0.000000 0.816545 0.000000 0.577282 0.296883 0.296883 0.296883
5236.449219 0.000000 1169.755615 0.000000 0.851481 0.000000 0.524385 0.343416 0.343416 0.343416
5213.504883 0.000000 1170.746094 0.000000 0.999889 0.000000 0.014872 0.341093 0.341093 0.341093
5205.271973 0.000000 1150.244751 0.000000 0.730768 0.000000 0.682626 0.342601 0.342601 0.342601
5221.217285 0.000000 1169.776978 0.000000 0.867347 0.000000 0.497704 0.362543 0.362543 0.362543
5238.947754 0.000000 1149.114868 0.000000 0.948354 0.000000 0.317214 0.375341 0.375341 0.375341
5226.975098 0.000000 1163.824707 0.000000 0.973214 0.000000 0.229900 0.382278 0.382278 0.382278
5196.656738 0.000000 1167.948120 0.000000 0.982536 0.000000 0.186073 0.386963 0.386963 0.386963
5230.016602 0.000000 1160.766235 0.000000 0.995257 0.000000 0.097278 0.392557 0.392557 0.392557
5194.203125 0.000000 1166.251709 0.000000 0.784249 0.000000 0.620446 0.348868 0.348868 0.348868
5195.901367 0.000000 1166.799072 0.000000 0.994747 0.000000 0.102360 0.392167 0.392167 0.392167
5239.520508 0.000000 1150.666504 0.000000 0.839288 0.000000 0.543687 0.356087 0.356087 0.356087
5238.564941 0.000000 1165.504517 0.000000 0.915423 0.000000 0.402493 0.368354 0.368354 0.368354
5200.838867 0.000000 1163.115234 0.000000 0.814170 0.000000 0.580626 0.354066 0.354066 0.354066
5205.215332 0.000000 1154.409668 0.000000 0.960189 0.000000 0.279351 0.381269 0.381269 0.381269
5192.339355 0.000000 1169.218994 0.000000 0.875677 0.000000 0.482897 0.364142 0.364142 0.364142
5209.893066 0.000000 1154.314819 0.000000 0.804659 0.000000 0.593738 0.351436 0.351436 0.351436
5197.501953 0.000000 1166.626587 0.000000 0.908954 0.000000 0.416896 0.370047 0.370047 0.370047
5194.773926 0.000000 1169.604248 0.000000 0.996949 0.000000 0.078058 0.394031 0.394031 0.394031
5202.672363 0.000000 1155.179443 0.000000 0.815324 0.000000 0.579005 0.352980 0.352980 0.352980
5238.126953 0.000000 1149.787231 0.000000 0.999998 0.000000 0.001991 0.399848 0.399848 0.399848
5243.470703 0.000000 1158.891235 0.000000 0.878071 0.000000 0.478531 0.361881 0.361881 0.361881
5200.094727 0.000000 1151.038208 0.000000 0.714901 0.000000 0.699226 0.340847 0.340847 0.340847
5226.365234 0.000000 1159.521606 0.000000 0.835683 0.000000 0.549212 0.355583 0.355583 0.355583
5223.783691 0.000000 1153.846680 0.000000 0.999977 0.000000 0.006830 0.399478 0.399478 0.399478
5227.251953 0.000000 1160.548584 0.000000 0.920841 0.000000 0.389938 0.369399 0.369399 0.369399
6038.003418 0.000000 917.452393 0.000000 0.941643 0.000000 0.336614 0.197086 0.197086 0.197086
6040.982910 0.000000 907.623901 0.000000 0.923954 0.000000 0.382504 0.196521 0.196521 0.196521
6268.370605 0.000000 328.318512 0.000000 0.814026 0.000000 0.580828 0.204638 0.204638 0.204638
6313.605957 0.000000 319.903381 0.000000 0.831495 0.000000 0.555532 0.195589 0.195589 0.195589
6272.226074 0.000000 333.738892 0.000000 0.916172 0.000000 0.400786 0.196500 0.196500 0.196500
6328.579102 0.000000 331.584259 0.000000 0.888068 0.000000 0.459712 0.195886 0.195886 0.195886
6308.101074 0.000000 330.283203 0.000000 0.755091 0.000000 0.655620 0.193395 0.193395 0.193395
6283.346680 0.000000 330.385895 0.000000 0.746962 0.000000 0.664866 0.206337 0.206337 0.206337
6279.852051 0.000000 319.599365 0.000000 0.793777 0.000000 0.608209 0.197265 0.197265 0.197265
6314.151367 0.000000 324.933472 0.000000 0.849270 0.000000 0.527959 0.208405 0.208405 0.208405
6305.958496 0.000000 322.650818 0.000000 0.999830 0.000000 0.018418 0.242816 0.242816 0.242816
6320.863770 0.000000 326.897888 0.000000 0.989595 0.000000 0.143878 0.249307 0.249307 0.249307
6321.665527 0.000000 311.184479 0.000000 0.999997 0.000000 0.002313 0.239737 0.239737 0.239737
6311.873535 0.000000 319.209381 0.000000 0.931005 0.000000 0.365007 0.225214 0.225214 0.225214
6321.177734 0.000000 324.035095 0.000000 0.936868 0.000000 0.349684 0.233788 0.233788 0.233788
6283.621582 0.000000 328.345490 0.000000 0.872813 0.000000 0.488054 0.248199 0.248199 0.248199
6313.330078 0.000000 323.583557 0.000000 0.973920 0.000000 0.226892 0.235940 0.235940 0.235940
6286.479004 0.000000 326.902466 0.000000 0.731898 0.000000 0.681414 0.248772 0.248772 0.248772
6307.174316 0.000000 321.895325 0.000000 0.817304 0.000000 0.576207 0.275556 0.275556 0.275556
6310.659180 0.000000 323.919983 0.000000 0.996458 0.000000 0.084088 0.282321 0.282321 0.282321
6352.913574 0.000000 314.991974 0.000000 0.931353 0.000000 0.364117 0.197162 0.197162 0.197162
6348.244629 0.000000 333.038513 0.000000 0.803835 0.000000 0.594853 0.200442 0.200442 0.200442
6347.346680 0.000000 330.385895 0.000000 0.999912 0.000000 0.013231 0.218320 0.218320 0.218320
6343.852051 0.000000 319.599365 0.000000 0.807629 0.000000 0.589691 0.197500 0.197500 0.197500
6348.076660 0.000000 317.732361 0.000000 0.976753 0.000000 0.214369 0.206043 0.206043 0.206043
6350.936035 0.000000 328.993774 0.000000 0.857953 0.000000 0.513728 0.208606 0.208606 0.208606
6341.476562 0.000000 333.700104 0.000000 0.949745 0.000000 0.313024 0.241764 0.241764 0.241764
6348.416504 0.000000 324.339813 0.000000 0.712099 0.000000 0.702079 0.252708 0.252708 0.252708
6348.826172 0.000000 321.608002 0.000000 0.942040 0.000000 0.335500 0.260983 0.260983 0.260983
6341.392090 0.000000 332.161682 0.000000 0.899507 0.000000 0.436907 0.239303 0.239303 0.239303
6271.022949 0.000000 393.071808 0.000000 0.821775 0.000000 0.569812 0.200773 0.200773 0.200773
6255.365234 0.000000 426.194275 0.000000 0.996009 0.000000 0.089247 0.199331 0.199331 0.199331
6247.675293 0.000000 450.164490 0.000000 0.985518 0.000000 0.169569 0.198724 0.198724 0.198724
6239.822266 0.000000 421.451752 0.000000 0.789129 0.000000 0.614228 0.195046 0.195046 0.195046
6256.763672 0.000000 435.197083 0.000000 0.995290 0.000000 0.096939 0.199224 0.199224 0.199224
6221.152832 0.000000 440.621674 0.000000 0.958605 0.000000 0.284739 0.197477 0.197477 0.197477
6250.549316 0.000000 406.501984 0.000000 0.937345 0.000000 0.348402 0.198187 0.198187 0.198187
6250.478516 0.000000 421.127747 0.000000 0.865973 0.000000 0.500092 0.205743 0.205743 0.205743
6245.505371 0.000000 451.078308 0.000000 0.919872 0.000000 0.392218 0.201910 0.201910 0.201910
6256.601562 0.000000 400.232880 0.000000 0.965982 0.000000 0.258610 0.217305 0.217305 0.217305
6240.249023 0.000000 423.766357 0.000000 0.997667 0.000000 0.068267 0.209872 0.209872 0.209872
6254.326660 0.000000 406.508698 0.000000 0.752055 0.000000 0.659100 0.224841 0.224841 0.224841
6253.066406 0.000000 400.989014 0.000000 0.878081 0.000000 0.478512 0.276008 0.276008 0.276008
6334.018555 0.000000 364.801331 0.000000 0.866307 0.000000 0.499512 0.195756 0.195756 0.195756
6311.553711 0.000000 356.108551 0.000000 0.962505 0.000000 0.271264 0.197634 0.197634 0.197634
6274.854492 0.000000 386.453186 0.000000 0.999830 0.000000 0.018450 0.222720 0.222720 0.222720
6318.877930 0.000000 392.329742 0.000000 0.893818 0.000000 0.448430 0.210535 0.210535 0.210535
6273.941895 0.000000 391.534271 0.000000 0.962899 0.000000 0.269863 0.215022 0.215022 0.215022
6334.222168 0.000000 361.617920 0.000000 0.988890 0.000000 0.148646 0.318171 0.318171 0.318171
6316.112305 0.000000 392.960754 0.000000 0.967246 0.000000 0.253841 0.251363 0.251363 0.251363
6365.075684 0.000000 391.306458 0.000000 0.866805 0.000000 0.498647 0.195243 0.195243 0.195243
6341.852539 0.000000 361.751831 0.000000 0.758551 0.000000 0.651614 0.205569 0.205569 0.205569
6375.873535 0.000000 375.693756 0.000000 0.968873 0.000000 0.247558 0.238772 0.238772 0.238772
6372.653320 0.000000 377.171112 0.000000 0.845800 0.000000 0.533500 0.237270 0.237270 0.237270
6342.483887 0.000000 357.838684 0.000000 0.898570 0.000000 0.438830 0.234194 0.234194 0.234194
6339.098633 0.000000 357.030273 0.000000 0.828501 0.000000 0.559987 0.229814 0.229814 0.229814
6317.791016 0.000000 408.728760 0.000000 0.953552 0.000000 0.301228 0.197823 0.197823 0.197823
6281.424316 0.000000 423.264435 0.000000 0.893126 0.000000 0.449806 0.196506 0.196506 0.196506
6327.879395 0.000000 438.585449 0.000000 0.975058 0.000000 0.221949 0.197961 0.197961 0.197961
6314.452148 0.000000 430.324738 0.000000 0.974102 0.000000 0.226107 0.197950 0.197950 0.197950
6334.888184 0.000000 432.015656 0.000000 0.936435 0.000000 0.350840 0.206591 0.206591 0.206591
6330.085938 0.000000 442.549225 0.000000 0.971075 0.000000 0.238773 0.202543 0.202543 0.202543
6315.597168 0.000000 397.415100 0.000000 0.999161 0.000000 0.040964 0.216856 0.216856 0.216856
6311.437012 0.000000 422.772522 0.000000 0.898983 0.000000 0.437984 0.206552 0.206552 0.206552
6319.774902 0.000000 414.579163 0.000000 0.988741 0.000000 0.149639 0.210038 0.210038 0.210038
6296.466797 0.000000 421.914703 0.000000 0.933447 0.000000 0.358715 0.207546 0.207546 0.207546
6295.825684 0.000000 449.311005 0.000000 0.752708 0.000000 0.658355 0.201536 0.201536 0.201536
6284.277832 0.000000 450.646851 0.000000 0.978928 0.000000 0.204205 0.228807 0.228807 0.228807
6285.989746 0.000000 422.305115 0.000000 0.735815 0.000000 0.677183 0.235822 0.235822 0.235822
6291.981934 0.000000 449.572815 0.000000 0.976699 0.000000 0.214612 0.247915 0.247915 0.247915
6333.962402 0.000000 441.178680 0.000000 0.841098 0.000000 0.540883 0.244960 0.244960 0.244960
6291.869141 0.000000 446.710266 0.000000 0.918046 0.000000 0.396474 0.233970 0.233970 0.233970
6287.615723 0.000000 424.144989 0.000000 0.776732 0.000000 0.629831 0.245574 0.245574 0.245574
6293.357910 0.000000 419.283264 0.000000 0.984783 0.000000 0.173787 0.259487 0.259487 0.259487
6286.922852 0.000000 425.611267 0.000000 0.742506 0.000000 0.669839 0.244463 0.244463 0.244463
6284.118652 0.000000 426.723389 0.000000 0.757647 0.000000 0.652665 0.247763 0.247763 0.247763
6289.019043 0.000000 424.008179 0.000000 0.932631 0.000000 0.360831 0.268524 0.268524 0.268524
6353.116211 0.000000 442.638123 0.000000 0.939007 0.000000 0.343897 0.197020 0.197020 0.197020
6342.827637 0.000000 451.389496 0.000000 0.997159 0.000000 0.075328 0.199294 0.199294 0.199294
6337.439453 0.000000 419.769989 0.000000 0.984827 0.000000 0.173539 0.213018 0.213018 0.213018
6337.116211 0.000000 431.889832 0.000000 0.895298 0.000000 0.445467 0.215712 0.215712 0.215712
6354.130371 0.000000 440.483856 0.000000 0.935311 0.000000 0.353826 0.228518 0.228518 0.228518
6341.852539 0.000000 418.236206 0.000000 0.922533 0.000000 0.385918 0.219697 0.219697 0.219697
6347.631836 0.000000 411.906952 0.000000 0.998245 0.000000 0.059222 0.223277 0.223277 0.223277
6341.476562 0.000000 446.668854 0.000000 0.974593 0.000000 0.223984 0.240263 0.240263 0.240263
6338.200195 0.000000 412.009857 0.000000 0.717824 0.000000 0.696224 0.239991 0.239991 0.239991
6337.541504 0.000000 416.554688 0.000000 0.936773 0.000000 0.349938 0.226499 0.226499 0.226499
6344.084473 0.000000 411.025574 0.000000 0.896967 0.000000 0.442098 0.247269 0.247269 0.247269
6347.861328 0.000000 410.060150 0.000000 0.999453 0.000000 0.033063 0.223636 0.223636 0.223636
6338.331055 0.000000 435.336426 0.000000 0.969477 0.000000 0.245182 0.220694 0.220694 0.220694
6345.808594 0.000000 417.748871 0.000000 0.798850 0.000000 0.601530 0.241535 0.241535 0.241535
6336.313965 0.000000 445.132690 0.000000 0.990421 0.000000 0.138083 0.249420 0.249420 0.249420
6341.821289 0.000000 412.996887 0.000000 0.999109 0.000000 0.042206 0.306719 0.306719 0.306719
6345.788574 0.000000 414.791473 0.000000 0.915318 0.000000 0.402731 0.275407 0.275407 0.275407
6345.029297 0.000000 415.992920 0.000000 0.980651 0.000000 0.195765 0.281402 0.281402 0.281402
6343.631836 0.000000 414.049469 0.000000 0.823871 0.000000 0.566778 0.309281 0.309281 0.309281
6246.192871 0.000000 457.581879 0.000000 0.906059 0.000000 0.423151 0.196673 0.196673 0.196673
6267.206543 0.000000 481.855743 0.000000 0.900914 0.000000 0.433998 0.207636 0.207636 0.207636
6243.895020 0.000000 464.388611 0.000000 0.730948 0.000000 0.682433 0.203128 0.203128 0.203128
6254.630859 0.000000 475.651672 0.000000 0.964336 0.000000 0.264682 0.200123 0.200123 0.200123
6244.142090 0.000000 451.970215 0.000000 0.995757 0.000000 0.092021 0.205190 0.205190 0.205190
6241.762695 0.000000 463.243561 0.000000 0.999723 0.000000 0.023533 0.204798 0.204798 0.204798
6267.060547 0.000000 494.467285 0.000000 0.807804 0.000000 0.589452 0.204516 0.204516 0.204516
6259.138184 0.000000 483.887146 0.000000 0.855205 0.000000 0.518290 0.241556 0.241556 0.241556
6263.635742 0.000000 484.158478 0.000000 0.903292 0.000000 0.429026 0.286485 0.286485 0.286485
6261.027344 0.000000 483.392059 0.000000 0.857226 0.000000 0.514941 0.263202 0.263202 0.263202
6316.084473 0.000000 482.618774 0.000000 0.783172 0.000000 0.621806 0.196091 0.196091 0.196091
6282.448242 0.000000 455.479950 0.000000 0.986968 0.000000 0.160918 0.201185 0.201185 0.201185
6327.542480 0.000000 475.004791 0.000000 0.928829 0.000000 0.370509 0.196494 0.196494 0.196494
6320.749512 0.000000 474.482635 0.000000 0.845621 0.000000 0.533784 0.204278 0.204278 0.204278
6312.632324 0.000000 491.510162 0.000000 0.770276 0.000000 0.637711 0.208736 0.208736 0.208736
6326.075195 0.000000 473.420013 0.000000 0.882196 0.000000 0.470883 0.214312 0.214312 0.214312
6286.121582 0.000000 453.893463 0.000000 0.954431 0.000000 0.298431 0.211464 0.211464 0.211464
6324.105469 0.000000 494.265961 0.000000 0.926236 0.000000 0.376945 0.226058 0.226058 0.226058
6326.224609 0.000000 467.053772 0.000000 0.951175 0.000000 0.308652 0.261640 0.261640 0.261640
6316.260742 0.000000 492.808350 0.000000 0.999993 0.000000 0.003659 0.273301 0.273301 0.273301
6327.988281 0.000000 467.498291 0.000000 0.868903 0.000000 0.494982 0.256914 0.256914 0.256914
6319.751465 0.000000 489.435150 0.000000 0.714582 0.000000 0.699552 0.239897 0.239897 0.239897
6349.333984 0.000000 456.204376 0.000000 0.979828 0.000000 0.199845 0.198342 0.198342 0.198342
6071.542480 0.000000 2621.411133 0.000000 0.740605 0.000000 0.671941 0.198388 0.198388 0.198388
"}
object={
	name="baobab_generator_3_2"
	clamp_to_water_level=no
	render_under_water=no
	generated_content=yes
	layer="semidynamic_high"
	pdxmesh="tree_baobab_03_mesh"
	count=591
	transform="1085.449707 0.000000 1478.079956 0.000000 0.760178 0.000000 -0.649714 0.205650 0.205650 0.205650
1084.365845 0.000000 1471.321411 0.000000 0.884318 0.000000 -0.466886 0.204184 0.204184 0.204184
1062.386963 0.000000 1490.941895 0.000000 0.747686 0.000000 -0.664052 0.208811 0.208811 0.208811
1071.681152 0.000000 1471.495605 0.000000 0.999767 0.000000 -0.021603 0.200205 0.200205 0.200205
1087.940552 0.000000 1488.043213 0.000000 0.991219 0.000000 -0.132228 0.212144 0.212144 0.212144
1065.380981 0.000000 1484.541382 0.000000 0.995650 0.000000 -0.093170 0.228789 0.228789 0.228789
1081.788940 0.000000 1487.955566 0.000000 0.798212 0.000000 -0.602377 0.243021 0.243021 0.243021
1057.168701 0.000000 1488.885986 0.000000 0.954695 0.000000 -0.297585 0.242463 0.242463 0.242463
1063.006714 0.000000 1487.997559 0.000000 0.987658 0.000000 -0.156626 0.241256 0.241256 0.241256
1081.763306 0.000000 1489.609375 0.000000 0.974924 0.000000 -0.222537 0.242366 0.242366 0.242366
1084.607178 0.000000 1486.448853 0.000000 0.829287 0.000000 -0.558823 0.268642 0.268642 0.268642
1083.166870 0.000000 1492.286499 0.000000 0.999979 0.000000 -0.006536 0.288137 0.288137 0.288137
1058.393921 0.000000 1481.286743 0.000000 0.718928 0.000000 -0.695085 0.290684 0.290684 0.290684
1083.155518 0.000000 1497.044067 0.000000 0.831173 0.000000 -0.556014 0.300512 0.300512 0.300512
1082.259521 0.000000 1494.725952 0.000000 0.730675 0.000000 -0.682726 0.308889 0.308889 0.308889
1062.330078 0.000000 1482.941895 0.000000 0.838582 0.000000 -0.544776 0.295019 0.295019 0.295019
1083.392212 0.000000 1495.661621 0.000000 0.996998 0.000000 -0.077427 0.290114 0.290114 0.290114
1137.044556 0.000000 1517.277710 0.000000 0.990312 0.000000 -0.138863 0.201078 0.201078 0.201078
1117.075928 0.000000 1520.993896 0.000000 0.907334 0.000000 -0.420411 0.205941 0.205941 0.205941
1141.008667 0.000000 1512.815552 0.000000 0.885535 0.000000 -0.464573 0.204403 0.204403 0.204403
1105.307007 0.000000 1479.539673 0.000000 0.762161 0.000000 -0.647387 0.229944 0.229944 0.229944
1099.910645 0.000000 1496.276733 0.000000 0.895848 0.000000 -0.444360 0.213434 0.213434 0.213434
1098.112183 0.000000 1486.747681 0.000000 0.977441 0.000000 -0.211209 0.211889 0.211889 0.211889
1132.873901 0.000000 1513.583008 0.000000 0.991670 0.000000 -0.128803 0.215541 0.215541 0.215541
1102.324707 0.000000 1492.481689 0.000000 0.930670 0.000000 -0.365860 0.219652 0.219652 0.219652
1144.590820 0.000000 1522.504395 0.000000 0.951677 0.000000 -0.307100 0.236677 0.236677 0.236677
1135.226074 0.000000 1509.537964 0.000000 0.992683 0.000000 -0.120747 0.242953 0.242953 0.242953
1101.681030 0.000000 1482.366455 0.000000 0.947976 0.000000 -0.318341 0.240433 0.240433 0.240433
1100.302734 0.000000 1488.992188 0.000000 0.756033 0.000000 -0.654534 0.290679 0.290679 0.290679
1100.622803 0.000000 1492.225342 0.000000 0.969892 0.000000 -0.243537 0.248608 0.248608 0.248608
1125.367920 0.000000 1521.466187 0.000000 0.997035 0.000000 -0.076953 0.293529 0.293529 0.293529
1146.815186 0.000000 1532.647217 0.000000 0.985316 0.000000 -0.170739 0.201499 0.201499 0.201499
1096.260498 0.000000 1534.083740 0.000000 0.987876 0.000000 -0.155242 0.201362 0.201362 0.201362
1124.193237 0.000000 1532.537109 0.000000 0.953404 0.000000 -0.301697 0.217649 0.217649 0.217649
1133.601929 0.000000 1565.003052 0.000000 0.723442 0.000000 -0.690385 0.207134 0.207134 0.207134
1126.352295 0.000000 1574.266602 0.000000 0.934003 0.000000 -0.357264 0.204082 0.204082 0.204082
1138.714722 0.000000 1575.551025 0.000000 0.996668 0.000000 -0.081570 0.207024 0.207024 0.207024
1116.442627 0.000000 1525.095581 0.000000 0.933886 0.000000 -0.357572 0.225514 0.225514 0.225514
1132.435303 0.000000 1561.053223 0.000000 0.721280 0.000000 -0.692643 0.223101 0.223101 0.223101
1118.946777 0.000000 1538.317139 0.000000 0.951522 0.000000 -0.307581 0.228375 0.228375 0.228375
1114.413818 0.000000 1533.349609 0.000000 0.827471 0.000000 -0.561508 0.232262 0.232262 0.232262
1143.776123 0.000000 1552.803101 0.000000 0.708009 0.000000 -0.706204 0.268588 0.268588 0.268588
1146.963013 0.000000 1543.216797 0.000000 0.800349 0.000000 -0.599535 0.256898 0.256898 0.256898
1120.356323 0.000000 1537.444946 0.000000 0.994572 0.000000 -0.104054 0.275915 0.275915 0.275915
1141.526611 0.000000 1559.013672 0.000000 0.798615 0.000000 -0.601842 0.274849 0.274849 0.274849
1138.837158 0.000000 1566.754395 0.000000 0.981340 0.000000 -0.192280 0.261687 0.261687 0.261687
1151.538696 0.000000 1539.563354 0.000000 0.999947 0.000000 -0.010283 0.306218 0.306218 0.306218
1117.169556 0.000000 1528.677734 0.000000 0.829746 0.000000 -0.558141 0.283900 0.283900 0.283900
1143.635620 0.000000 1557.361572 0.000000 0.983887 0.000000 -0.178791 0.273071 0.273071 0.273071
1141.027100 0.000000 1556.595215 0.000000 0.971440 0.000000 -0.237287 0.283937 0.283937 0.283937
1150.576294 0.000000 1537.341675 0.000000 0.718447 0.000000 -0.695582 0.288048 0.288048 0.288048
1150.684937 0.000000 1538.736206 0.000000 0.934045 0.000000 -0.357156 0.317805 0.317805 0.317805
1200.015381 0.000000 1496.375244 0.000000 0.853749 0.000000 -0.520685 0.205127 0.205127 0.205127
1189.195312 0.000000 1477.186157 0.000000 0.863729 0.000000 -0.503957 0.298854 0.298854 0.298854
1226.048218 0.000000 1514.094116 0.000000 0.817381 0.000000 -0.576097 0.204138 0.204138 0.204138
1252.590088 0.000000 1478.600464 0.000000 0.763152 0.000000 -0.646219 0.205438 0.205438 0.205438
1225.888916 0.000000 1523.858765 0.000000 0.997037 0.000000 -0.076923 0.200615 0.200615 0.200615
1254.643433 0.000000 1520.295898 0.000000 0.945426 0.000000 -0.325838 0.202983 0.202983 0.202983
1218.854492 0.000000 1516.140747 0.000000 0.761220 0.000000 -0.648493 0.233761 0.233761 0.233761
1252.534668 0.000000 1485.771851 0.000000 0.821480 0.000000 -0.570238 0.210100 0.210100 0.210100
1230.324707 0.000000 1492.481689 0.000000 0.978704 0.000000 -0.205275 0.240907 0.240907 0.240907
1233.646729 0.000000 1487.918579 0.000000 0.775427 0.000000 -0.631438 0.257624 0.257624 0.257624
1260.596680 0.000000 1487.545044 0.000000 0.851642 0.000000 -0.524123 0.221793 0.221793 0.221793
1229.989746 0.000000 1495.508179 0.000000 0.882859 0.000000 -0.469639 0.247970 0.247970 0.247970
1272.590820 0.000000 1522.504395 0.000000 0.735282 0.000000 -0.677761 0.265212 0.265212 0.265212
1250.989624 0.000000 1500.808105 0.000000 0.978341 0.000000 -0.207001 0.265515 0.265515 0.265515
1227.004761 0.000000 1494.413696 0.000000 0.746048 0.000000 -0.665892 0.268801 0.268801 0.268801
1228.622803 0.000000 1492.225342 0.000000 0.997820 0.000000 -0.066001 0.262474 0.262474 0.262474
1272.193359 0.000000 1521.044556 0.000000 0.977162 0.000000 -0.212496 0.271514 0.271514 0.271514
1249.198730 0.000000 1503.444824 0.000000 0.988036 0.000000 -0.154226 0.275979 0.275979 0.275979
1233.695801 0.000000 1491.179077 0.000000 0.837751 0.000000 -0.546053 0.311783 0.311783 0.311783
1182.599976 0.000000 1574.781738 0.000000 0.999695 0.000000 -0.024691 0.200188 0.200188 0.200188
1200.763550 0.000000 1564.884521 0.000000 0.996079 0.000000 -0.088464 0.200807 0.200807 0.200807
1182.667969 0.000000 1561.459473 0.000000 0.764943 0.000000 -0.644098 0.218557 0.218557 0.218557
1189.990845 0.000000 1561.715454 0.000000 0.788773 0.000000 -0.614685 0.266195 0.266195 0.266195
1188.999878 0.000000 1559.759644 0.000000 0.906030 0.000000 -0.423214 0.238575 0.238575 0.238575
1210.464966 0.000000 1561.365479 0.000000 0.990308 0.000000 -0.138890 0.257107 0.257107 0.257107
1182.385010 0.000000 1566.672852 0.000000 0.717711 0.000000 -0.696341 0.290725 0.290725 0.290725
1186.989624 0.000000 1557.292480 0.000000 0.931265 0.000000 -0.364344 0.260530 0.260530 0.260530
1213.407227 0.000000 1562.461670 0.000000 0.987110 0.000000 -0.160041 0.271468 0.271468 0.271468
1186.905884 0.000000 1560.459106 0.000000 0.981471 0.000000 -0.191613 0.275717 0.275717 0.275717
1207.001831 0.000000 1560.112793 0.000000 0.771287 0.000000 -0.636487 0.275791 0.275791 0.275791
1208.508789 0.000000 1566.520874 0.000000 0.774935 0.000000 -0.632040 0.346972 0.346972 0.346972
1212.124512 0.000000 1567.293335 0.000000 0.871539 0.000000 -0.490325 0.382231 0.382231 0.382231
1229.467529 0.000000 1540.633423 0.000000 0.720555 0.000000 -0.693398 0.205165 0.205165 0.205165
1217.476685 0.000000 1531.536865 0.000000 0.834164 0.000000 -0.551516 0.204084 0.204084 0.204084
1279.290771 0.000000 1525.483154 0.000000 0.860195 0.000000 -0.509965 0.204008 0.204008 0.204008
1217.469238 0.000000 1579.626221 0.000000 0.714134 0.000000 -0.700010 0.205711 0.205711 0.205711
1263.152222 0.000000 1570.548828 0.000000 0.999637 0.000000 -0.026945 0.200215 0.200215 0.200215
1255.553711 0.000000 1542.280396 0.000000 0.749268 0.000000 -0.662267 0.206686 0.206686 0.206686
1265.605835 0.000000 1577.932007 0.000000 0.948334 0.000000 -0.317275 0.202700 0.202700 0.202700
1228.406494 0.000000 1526.026489 0.000000 0.820691 0.000000 -0.571372 0.205314 0.205314 0.205314
1218.492065 0.000000 1528.667725 0.000000 0.942060 0.000000 -0.335445 0.203160 0.203160 0.203160
1218.892212 0.000000 1563.279419 0.000000 0.823609 0.000000 -0.567158 0.217463 0.217463 0.217463
1252.100952 0.000000 1572.939453 0.000000 0.979938 0.000000 -0.199302 0.214072 0.214072 0.214072
1272.373535 0.000000 1525.216553 0.000000 0.997596 0.000000 -0.069302 0.209161 0.209161 0.209161
1269.305176 0.000000 1538.729004 0.000000 0.999323 0.000000 -0.036793 0.217826 0.217826 0.217826
1217.798950 0.000000 1575.017212 0.000000 0.990005 0.000000 -0.141030 0.216836 0.216836 0.216836
1256.666260 0.000000 1571.400635 0.000000 0.962939 0.000000 -0.269720 0.250272 0.250272 0.250272
1268.948608 0.000000 1551.804199 0.000000 0.975125 0.000000 -0.221656 0.229488 0.229488 0.229488
1227.020874 0.000000 1536.320435 0.000000 0.794317 0.000000 -0.607504 0.236812 0.236812 0.236812
1270.093628 0.000000 1549.345459 0.000000 0.957263 0.000000 -0.289217 0.237577 0.237577 0.237577
1256.504761 0.000000 1568.471802 0.000000 0.844733 0.000000 -0.535188 0.250491 0.250491 0.250491
1257.985107 0.000000 1546.014771 0.000000 0.840226 0.000000 -0.542237 0.277100 0.277100 0.277100
1221.147461 0.000000 1579.067261 0.000000 0.995612 0.000000 -0.093574 0.243631 0.243631 0.243631
1270.224854 0.000000 1540.256836 0.000000 0.995560 0.000000 -0.094126 0.256212 0.256212 0.256212
1218.930908 0.000000 1556.552856 0.000000 0.974274 0.000000 -0.225367 0.280079 0.280079 0.280079
1255.682861 0.000000 1573.329102 0.000000 0.972971 0.000000 -0.230928 0.255434 0.255434 0.255434
1222.675903 0.000000 1527.963257 0.000000 0.995200 0.000000 -0.097857 0.286092 0.286092 0.286092
1224.235718 0.000000 1532.460693 0.000000 0.996305 0.000000 -0.085890 0.242357 0.242357 0.242357
1273.878052 0.000000 1555.659424 0.000000 0.894904 0.000000 -0.446258 0.337471 0.337471 0.337471
1217.707153 0.000000 1573.582031 0.000000 0.714477 0.000000 -0.699659 0.271030 0.271030 0.271030
1255.114014 0.000000 1555.532959 0.000000 0.927958 0.000000 -0.372684 0.307220 0.307220 0.307220
1261.661743 0.000000 1575.333618 0.000000 0.978748 0.000000 -0.205069 0.283101 0.283101 0.283101
1225.044312 0.000000 1528.279541 0.000000 0.952761 0.000000 -0.303720 0.272451 0.272451 0.272451
1216.003906 0.000000 1567.158081 0.000000 0.999461 0.000000 -0.032837 0.271927 0.271927 0.271927
1259.740479 0.000000 1574.010132 0.000000 0.993702 0.000000 -0.112058 0.287626 0.287626 0.287626
1275.804077 0.000000 1559.459473 0.000000 0.966582 0.000000 -0.256359 0.373628 0.373628 0.373628
1275.196167 0.000000 1560.684570 0.000000 0.899263 0.000000 -0.437409 0.358777 0.358777 0.358777
1274.069092 0.000000 1559.012207 0.000000 0.993627 0.000000 -0.112717 0.366380 0.366380 0.366380
1297.116211 0.000000 1402.872559 0.000000 0.860728 0.000000 -0.509066 0.204600 0.204600 0.204600
1305.163940 0.000000 1411.484375 0.000000 0.806746 0.000000 -0.590898 0.205603 0.205603 0.205603
1302.371582 0.000000 1408.451050 0.000000 0.979399 0.000000 -0.201937 0.271269 0.271269 0.271269
1295.857666 0.000000 1410.915283 0.000000 0.745000 0.000000 -0.667065 0.302983 0.302983 0.302983
1297.929321 0.000000 1408.840454 0.000000 0.966343 0.000000 -0.257256 0.372455 0.372455 0.372455
1296.709717 0.000000 1411.614868 0.000000 0.969235 0.000000 -0.246139 0.359764 0.359764 0.359764
1301.477173 0.000000 1409.062378 0.000000 0.986414 0.000000 -0.164278 0.338280 0.338280 0.338280
1300.261841 0.000000 1410.850342 0.000000 0.991448 0.000000 -0.130499 0.359082 0.359082 0.359082
1301.078003 0.000000 1414.237061 0.000000 0.944216 0.000000 -0.329327 0.225120 0.225120 0.225120
1307.270386 0.000000 1576.824341 0.000000 0.804731 0.000000 -0.593640 0.270788 0.270788 0.270788
1302.371582 0.000000 1577.904175 0.000000 0.799361 0.000000 -0.600851 0.236693 0.236693 0.236693
1310.555786 0.000000 1547.415649 0.000000 0.931072 0.000000 -0.364837 0.276338 0.276338 0.276338
1305.114868 0.000000 1579.404541 0.000000 0.912610 0.000000 -0.408832 0.277431 0.277431 0.277431
1085.449707 0.000000 1591.048706 0.000000 0.992417 0.000000 -0.122921 0.201046 0.201046 0.201046
1069.456909 0.000000 1585.776001 0.000000 0.774683 0.000000 -0.632350 0.205640 0.205640 0.205640
1074.542358 0.000000 1587.361084 0.000000 0.877165 0.000000 -0.480189 0.221179 0.221179 0.221179
1078.093628 0.000000 1605.829834 0.000000 0.993249 0.000000 -0.115998 0.263546 0.263546 0.263546
1146.107300 0.000000 1636.762939 0.000000 0.920083 0.000000 -0.391723 0.203718 0.203718 0.203718
1140.968994 0.000000 1585.920410 0.000000 0.719166 0.000000 -0.694838 0.214268 0.214268 0.214268
1090.892212 0.000000 1619.763794 0.000000 0.853507 0.000000 -0.521081 0.205063 0.205063 0.205063
1144.357544 0.000000 1589.909424 0.000000 0.729955 0.000000 -0.683496 0.219153 0.219153 0.219153
1151.022949 0.000000 1635.728027 0.000000 0.989397 0.000000 -0.145237 0.209996 0.209996 0.209996
1131.827026 0.000000 1619.749268 0.000000 0.996401 0.000000 -0.084765 0.210467 0.210467 0.210467
1132.435303 0.000000 1617.537598 0.000000 0.981484 0.000000 -0.191544 0.236025 0.236025 0.236025
1099.567871 0.000000 1621.715820 0.000000 0.768482 0.000000 -0.639871 0.218495 0.218495 0.218495
1142.075073 0.000000 1603.107544 0.000000 0.987821 0.000000 -0.155595 0.238927 0.238927 0.238927
1151.211670 0.000000 1592.394287 0.000000 0.799809 0.000000 -0.600254 0.242980 0.242980 0.242980
1148.870728 0.000000 1588.954956 0.000000 0.746322 0.000000 -0.665585 0.236618 0.236618 0.236618
1135.569580 0.000000 1581.665649 0.000000 0.788287 0.000000 -0.615308 0.228147 0.228147 0.228147
1137.127930 0.000000 1583.390381 0.000000 0.754239 0.000000 -0.656600 0.244098 0.244098 0.244098
1144.204712 0.000000 1591.823364 0.000000 0.987419 0.000000 -0.158128 0.232037 0.232037 0.232037
1142.224854 0.000000 1596.741211 0.000000 0.955066 0.000000 -0.296394 0.250770 0.250770 0.250770
1092.650269 0.000000 1619.338623 0.000000 0.918002 0.000000 -0.396575 0.272218 0.272218 0.272218
1145.095215 0.000000 1605.342163 0.000000 0.978615 0.000000 -0.205700 0.249091 0.249091 0.249091
1148.241577 0.000000 1592.304932 0.000000 0.991210 0.000000 -0.132300 0.247756 0.247756 0.247756
1148.607178 0.000000 1599.417603 0.000000 0.799139 0.000000 -0.601146 0.254392 0.254392 0.254392
1092.645142 0.000000 1626.176392 0.000000 0.999265 0.000000 -0.038340 0.284498 0.284498 0.284498
1096.816772 0.000000 1619.652954 0.000000 0.990690 0.000000 -0.136139 0.297561 0.297561 0.297561
1130.699829 0.000000 1678.425659 0.000000 0.996724 0.000000 -0.080883 0.202476 0.202476 0.202476
1148.718994 0.000000 1679.278320 0.000000 0.889894 0.000000 -0.456167 0.204435 0.204435 0.204435
1133.601929 0.000000 1677.971802 0.000000 0.725191 0.000000 -0.688548 0.219231 0.219231 0.219231
1132.873901 0.000000 1683.036133 0.000000 0.997815 0.000000 -0.066069 0.209126 0.209126 0.209126
1132.435303 0.000000 1674.021973 0.000000 0.773343 0.000000 -0.633988 0.215906 0.215906 0.215906
1128.632446 0.000000 1677.682007 0.000000 0.794487 0.000000 -0.607281 0.215534 0.215534 0.215534
1130.151367 0.000000 1680.558472 0.000000 0.954458 0.000000 -0.298347 0.211714 0.211714 0.211714
1149.061157 0.000000 1638.603149 0.000000 0.993247 0.000000 -0.116022 0.209674 0.209674 0.209674
1149.048584 0.000000 1677.312256 0.000000 0.970274 0.000000 -0.242008 0.218080 0.218080 0.218080
1147.122925 0.000000 1677.473145 0.000000 0.957678 0.000000 -0.287840 0.251799 0.251799 0.251799
1138.333252 0.000000 1676.983398 0.000000 0.990891 0.000000 -0.134664 0.252409 0.252409 0.252409
1142.213257 0.000000 1681.052246 0.000000 0.892598 0.000000 -0.450853 0.272288 0.272288 0.272288
1141.702759 0.000000 1655.883789 0.000000 0.991556 0.000000 -0.129677 0.256922 0.256922 0.256922
1145.878052 0.000000 1668.628174 0.000000 0.786206 0.000000 -0.617964 0.322328 0.322328 0.322328
1164.406494 0.000000 1582.510864 0.000000 0.849978 0.000000 -0.526818 0.204987 0.204987 0.204987
1152.060181 0.000000 1589.810669 0.000000 0.854659 0.000000 -0.519190 0.218042 0.218042 0.218042
1276.880859 0.000000 1604.792236 0.000000 0.919654 0.000000 -0.392730 0.203728 0.203728 0.203728
1278.830811 0.000000 1628.797607 0.000000 0.970929 0.000000 -0.239368 0.202890 0.202890 0.202890
1268.288452 0.000000 1602.392578 0.000000 0.999792 0.000000 -0.020394 0.225494 0.225494 0.225494
1271.776123 0.000000 1609.287476 0.000000 0.978095 0.000000 -0.208159 0.246797 0.246797 0.246797
1275.649170 0.000000 1603.075195 0.000000 0.890087 0.000000 -0.455792 0.279869 0.279869 0.279869
1274.545166 0.000000 1613.533203 0.000000 0.792662 0.000000 -0.609662 0.244427 0.244427 0.244427
1277.091431 0.000000 1633.274048 0.000000 0.972615 0.000000 -0.232423 0.257818 0.257818 0.257818
1170.736938 0.000000 1688.167969 0.000000 0.987021 0.000000 -0.160589 0.201047 0.201047 0.201047
1155.856934 0.000000 1688.118774 0.000000 0.962726 0.000000 -0.270477 0.202393 0.202393 0.202393
1152.110718 0.000000 1648.411377 0.000000 0.993428 0.000000 -0.114459 0.200959 0.200959 0.200959
1168.687988 0.000000 1673.232056 0.000000 0.999934 0.000000 -0.011496 0.222002 0.222002 0.222002
1157.188354 0.000000 1680.786987 0.000000 0.892968 0.000000 -0.450120 0.220768 0.220768 0.220768
1161.975220 0.000000 1675.558960 0.000000 0.987084 0.000000 -0.160201 0.236690 0.236690 0.236690
1159.856445 0.000000 1682.728516 0.000000 0.922202 0.000000 -0.386709 0.253707 0.253707 0.253707
1162.652832 0.000000 1677.112671 0.000000 0.846755 0.000000 -0.531982 0.270513 0.270513 0.270513
1162.229004 0.000000 1682.314819 0.000000 0.999239 0.000000 -0.039012 0.283384 0.283384 0.283384
1276.365845 0.000000 1640.774536 0.000000 0.942185 0.000000 -0.335093 0.206218 0.206218 0.206218
1278.888184 0.000000 1674.671875 0.000000 0.935697 0.000000 -0.352804 0.203376 0.203376 0.203376
1279.537720 0.000000 1668.313232 0.000000 0.986337 0.000000 -0.164742 0.248344 0.248344 0.248344
1161.453857 0.000000 1700.850586 0.000000 0.942824 0.000000 -0.333292 0.202333 0.202333 0.202333
1214.018555 0.000000 1720.426392 0.000000 0.935848 0.000000 -0.352403 0.202832 0.202832 0.202832
1165.243652 0.000000 1701.772339 0.000000 0.915616 0.000000 -0.402053 0.212924 0.212924 0.212924
1158.297607 0.000000 1695.879395 0.000000 0.752680 0.000000 -0.658387 0.218770 0.218770 0.218770
1186.304321 0.000000 1710.631104 0.000000 0.972216 0.000000 -0.234086 0.237869 0.237869 0.237869
1162.685181 0.000000 1696.494507 0.000000 0.977743 0.000000 -0.209807 0.252677 0.252677 0.252677
1193.913086 0.000000 1711.926025 0.000000 0.971189 0.000000 -0.238312 0.268565 0.268565 0.268565
1223.693237 0.000000 1726.363770 0.000000 0.898653 0.000000 -0.438659 0.203174 0.203174 0.203174
1220.956909 0.000000 1740.698364 0.000000 0.770691 0.000000 -0.637209 0.205088 0.205088 0.205088
1239.538208 0.000000 1730.818115 0.000000 0.999181 0.000000 -0.040464 0.200323 0.200323 0.200323
1219.856934 0.000000 1744.603149 0.000000 0.971546 0.000000 -0.236852 0.202030 0.202030 0.202030
1235.100220 0.000000 1747.278198 0.000000 0.981703 0.000000 -0.190419 0.210497 0.210497 0.210497
1230.452148 0.000000 1750.125977 0.000000 0.922665 0.000000 -0.385603 0.204376 0.204376 0.204376
1268.417847 0.000000 1724.856323 0.000000 0.736636 0.000000 -0.676289 0.241940 0.241940 0.241940
1231.150513 0.000000 1748.142212 0.000000 0.981877 0.000000 -0.189521 0.232507 0.232507 0.232507
1224.816650 0.000000 1742.539551 0.000000 0.857244 0.000000 -0.514910 0.236442 0.236442 0.236442
1221.476685 0.000000 1745.809448 0.000000 0.997982 0.000000 -0.063494 0.236302 0.236302 0.236302
1253.990845 0.000000 1731.168579 0.000000 0.737925 0.000000 -0.674883 0.261243 0.261243 0.261243
1255.873657 0.000000 1731.318726 0.000000 0.992810 0.000000 -0.119699 0.228025 0.228025 0.228025
1243.789307 0.000000 1729.710938 0.000000 0.991453 0.000000 -0.130467 0.256938 0.256938 0.256938
1273.878052 0.000000 1725.112549 0.000000 0.729607 0.000000 -0.683866 0.304925 0.304925 0.304925
1245.245483 0.000000 1730.366089 0.000000 0.934758 0.000000 -0.355286 0.287068 0.287068 0.287068
1242.960815 0.000000 1730.819580 0.000000 0.972083 0.000000 -0.234637 0.264939 0.264939 0.264939
1249.198730 0.000000 1729.382324 0.000000 0.968488 0.000000 -0.249061 0.267622 0.267622 0.267622
1277.768066 0.000000 1721.729370 0.000000 0.976924 0.000000 -0.213585 0.279783 0.279783 0.279783
1277.635010 0.000000 1723.153198 0.000000 0.942179 0.000000 -0.335111 0.290170 0.290170 0.290170
1240.196777 0.000000 1757.283691 0.000000 0.842938 0.000000 -0.538011 0.229400 0.229400 0.229400
1294.146729 0.000000 1603.416016 0.000000 0.720338 0.000000 -0.693623 0.205645 0.205645 0.205645
1291.936890 0.000000 1614.331909 0.000000 0.956875 0.000000 -0.290499 0.202281 0.202281 0.202281
1283.856934 0.000000 1631.634399 0.000000 0.981333 0.000000 -0.192316 0.201546 0.201546 0.201546
1280.164185 0.000000 1637.901611 0.000000 0.901494 0.000000 -0.432791 0.241173 0.241173 0.241173
1312.929810 0.000000 1638.040039 0.000000 0.900132 0.000000 -0.435617 0.249778 0.249778 0.249778
1304.739258 0.000000 1610.131714 0.000000 0.999732 0.000000 -0.023167 0.241290 0.241290 0.241290
1282.200317 0.000000 1598.181763 0.000000 0.986153 0.000000 -0.165839 0.257648 0.257648 0.257648
1310.899414 0.000000 1634.424316 0.000000 0.975794 0.000000 -0.218692 0.242301 0.242301 0.242301
1300.110352 0.000000 1595.200317 0.000000 0.776905 0.000000 -0.629617 0.257582 0.257582 0.257582
1310.555786 0.000000 1603.900024 0.000000 0.979529 0.000000 -0.201301 0.283003 0.283003 0.283003
1281.866943 0.000000 1637.765625 0.000000 0.917293 0.000000 -0.398212 0.240579 0.240579 0.240579
1299.159302 0.000000 1601.782104 0.000000 0.999194 0.000000 -0.040146 0.261922 0.261922 0.261922
1310.637329 0.000000 1599.731445 0.000000 0.998700 0.000000 -0.050969 0.259886 0.259886 0.259886
1306.510254 0.000000 1612.355713 0.000000 0.799542 0.000000 -0.600611 0.272249 0.272249 0.272249
1306.808105 0.000000 1598.568359 0.000000 0.736243 0.000000 -0.676718 0.314008 0.314008 0.314008
1308.055420 0.000000 1608.087280 0.000000 0.896043 0.000000 -0.443967 0.384869 0.384869 0.384869
1311.106812 0.000000 1609.913086 0.000000 0.998477 0.000000 -0.055170 0.323618 0.323618 0.323618
1313.210693 0.000000 1687.489746 0.000000 0.967221 0.000000 -0.253937 0.204202 0.204202 0.204202
1311.881958 0.000000 1640.696289 0.000000 0.984649 0.000000 -0.174547 0.223024 0.223024 0.223024
1317.505493 0.000000 1693.734497 0.000000 0.992545 0.000000 -0.121876 0.224618 0.224618 0.224618
1282.523438 0.000000 1652.461792 0.000000 0.804283 0.000000 -0.594246 0.231559 0.231559 0.231559
1308.442627 0.000000 1638.064331 0.000000 0.997612 0.000000 -0.069073 0.219364 0.219364 0.219364
1281.729858 0.000000 1670.639160 0.000000 0.936755 0.000000 -0.349987 0.213498 0.213498 0.213498
1284.679565 0.000000 1652.283203 0.000000 0.883243 0.000000 -0.468915 0.219807 0.219807 0.219807
1285.147461 0.000000 1692.036011 0.000000 0.933759 0.000000 -0.357902 0.272520 0.272520 0.272520
1292.418213 0.000000 1687.122803 0.000000 0.748081 0.000000 -0.663608 0.264848 0.264848 0.264848
1322.936646 0.000000 1690.547119 0.000000 0.726125 0.000000 -0.687563 0.318473 0.318473 0.318473
1320.984863 0.000000 1692.270264 0.000000 0.877359 0.000000 -0.479835 0.270499 0.270499 0.270499
1322.991455 0.000000 1693.425781 0.000000 0.978121 0.000000 -0.208037 0.291432 0.291432 0.291432
1317.084961 0.000000 1709.328857 0.000000 0.714113 0.000000 -0.700030 0.205324 0.205324 0.205324
1316.193237 0.000000 1701.990234 0.000000 0.878278 0.000000 -0.478149 0.216281 0.216281 0.216281
1284.637939 0.000000 1713.104004 0.000000 0.867456 0.000000 -0.497514 0.214093 0.214093 0.214093
1308.903564 0.000000 1701.152588 0.000000 0.791037 0.000000 -0.611768 0.215596 0.215596 0.215596
1281.116211 0.000000 1731.030518 0.000000 0.995640 0.000000 -0.093276 0.215116 0.215116 0.215116
1325.664185 0.000000 1701.526855 0.000000 0.991549 0.000000 -0.129736 0.215552 0.215552 0.215552
1286.215454 0.000000 1710.684570 0.000000 0.853143 0.000000 -0.521677 0.235320 0.235320 0.235320
1319.709595 0.000000 1694.533569 0.000000 0.871538 0.000000 -0.490328 0.232341 0.232341 0.232341
1286.483765 0.000000 1713.463623 0.000000 0.860821 0.000000 -0.508907 0.237576 0.237576 0.237576
1321.043945 0.000000 1706.546875 0.000000 0.836844 0.000000 -0.547441 0.235757 0.235757 0.235757
1322.270874 0.000000 1702.023071 0.000000 0.989351 0.000000 -0.145547 0.282730 0.282730 0.282730
1289.788452 0.000000 1713.932129 0.000000 0.970112 0.000000 -0.242656 0.298358 0.298358 0.298358
1290.491211 0.000000 1711.418823 0.000000 0.999647 0.000000 -0.026587 0.292080 0.292080 0.292080
1913.560059 0.000000 1688.690918 0.000000 0.841140 0.000000 -0.540817 0.258128 0.258128 0.258128
1914.732300 0.000000 1691.719849 0.000000 0.866180 0.000000 -0.499732 0.249787 0.249787 0.249787
1941.428101 0.000000 1670.394531 0.000000 0.924022 0.000000 -0.382340 0.202645 0.202645 0.202645
1983.097656 0.000000 1677.436035 0.000000 0.937528 0.000000 -0.347909 0.202573 0.202573 0.202573
1978.165039 0.000000 1660.597534 0.000000 0.932591 0.000000 -0.360934 0.202674 0.202674 0.202674
1929.807983 0.000000 1673.752441 0.000000 0.962120 0.000000 -0.272626 0.202378 0.202378 0.202378
1974.755981 0.000000 1664.142334 0.000000 0.878997 0.000000 -0.476827 0.204343 0.204343 0.204343
1952.693359 0.000000 1690.035156 0.000000 0.844181 0.000000 -0.536059 0.205085 0.205085 0.205085
1982.830811 0.000000 1685.281982 0.000000 0.937314 0.000000 -0.348486 0.203332 0.203332 0.203332
1979.279419 0.000000 1663.248413 0.000000 0.802802 0.000000 -0.596245 0.207953 0.207953 0.207953
1953.210693 0.000000 1687.489746 0.000000 0.783216 0.000000 -0.621750 0.224487 0.224487 0.224487
1948.691528 0.000000 1686.139160 0.000000 0.999747 0.000000 -0.022475 0.225523 0.225523 0.225523
1933.917725 0.000000 1669.493042 0.000000 0.954104 0.000000 -0.299476 0.228258 0.228258 0.228258
1980.194946 0.000000 1673.635986 0.000000 0.752013 0.000000 -0.659148 0.228880 0.228880 0.228880
2023.866577 0.000000 1679.750488 0.000000 0.933221 0.000000 -0.359304 0.202431 0.202431 0.202431
2021.990845 0.000000 1674.684204 0.000000 0.989510 0.000000 -0.144465 0.220326 0.220326 0.220326
2029.740601 0.000000 1668.256104 0.000000 0.890406 0.000000 -0.455168 0.269911 0.269911 0.269911
2029.534546 0.000000 1673.068359 0.000000 0.922294 0.000000 -0.386489 0.301480 0.301480 0.301480
2026.089600 0.000000 1671.660156 0.000000 0.994715 0.000000 -0.102671 0.298874 0.298874 0.298874
2028.297485 0.000000 1670.099365 0.000000 0.787399 0.000000 -0.616444 0.318302 0.318302 0.318302
1908.612793 0.000000 1710.243286 0.000000 0.995826 0.000000 -0.091270 0.200867 0.200867 0.200867
1912.357544 0.000000 1702.878174 0.000000 0.729363 0.000000 -0.684127 0.219163 0.219163 0.219163
1917.495117 0.000000 1713.691528 0.000000 0.804031 0.000000 -0.594587 0.234071 0.234071 0.234071
1912.204712 0.000000 1704.792114 0.000000 0.985790 0.000000 -0.167982 0.255367 0.255367 0.255367
1882.616821 0.000000 1757.225098 0.000000 0.996268 0.000000 -0.086316 0.200626 0.200626 0.200626
1918.127319 0.000000 1768.455566 0.000000 0.994409 0.000000 -0.105601 0.200779 0.200779 0.200779
1915.669312 0.000000 1770.720459 0.000000 0.748365 0.000000 -0.663287 0.206789 0.206789 0.206789
1892.294800 0.000000 1754.672363 0.000000 0.778689 0.000000 -0.627410 0.206350 0.206350 0.206350
1894.658447 0.000000 1759.236572 0.000000 0.962440 0.000000 -0.271495 0.207892 0.207892 0.207892
1896.628784 0.000000 1757.155884 0.000000 0.980100 0.000000 -0.198506 0.207113 0.207113 0.207113
1911.633301 0.000000 1769.733521 0.000000 0.990082 0.000000 -0.140493 0.220275 0.220275 0.220275
1950.667969 0.000000 1730.912598 0.000000 0.713292 0.000000 -0.700867 0.224511 0.224511 0.224511
1953.762817 0.000000 1705.899780 0.000000 0.855354 0.000000 -0.518044 0.213130 0.213130 0.213130
1947.568481 0.000000 1727.938599 0.000000 0.978852 0.000000 -0.204568 0.230405 0.230405 0.230405
1983.011719 0.000000 1703.893555 0.000000 0.816545 0.000000 -0.577282 0.271648 0.271648 0.271648
1995.936890 0.000000 1727.300659 0.000000 0.912053 0.000000 -0.410072 0.203481 0.203481 0.203481
1987.605225 0.000000 1717.807861 0.000000 0.890818 0.000000 -0.454361 0.203709 0.203709 0.203709
2038.755981 0.000000 1720.626709 0.000000 0.999917 0.000000 -0.012852 0.200114 0.200114 0.200114
1995.443359 0.000000 1724.518311 0.000000 0.895984 0.000000 -0.444086 0.204308 0.204308 0.204308
2033.258545 0.000000 1731.988281 0.000000 0.869101 0.000000 -0.494634 0.227500 0.227500 0.227500
2035.339844 0.000000 1729.820557 0.000000 0.990695 0.000000 -0.136102 0.229409 0.229409 0.229409
1987.661377 0.000000 1715.604858 0.000000 0.901874 0.000000 -0.432000 0.212080 0.212080 0.212080
2027.536621 0.000000 1708.094360 0.000000 0.999912 0.000000 -0.013299 0.209672 0.209672 0.209672
2030.326538 0.000000 1705.649292 0.000000 0.994463 0.000000 -0.105087 0.216398 0.216398 0.216398
1987.807495 0.000000 1702.333130 0.000000 0.961334 0.000000 -0.275383 0.274175 0.274175 0.274175
1985.194214 0.000000 1703.805542 0.000000 0.990112 0.000000 -0.140278 0.293037 0.293037 0.293037
1986.359009 0.000000 1702.178467 0.000000 0.866505 0.000000 -0.499169 0.279754 0.279754 0.279754
2034.361328 0.000000 1722.323853 0.000000 0.809205 0.000000 -0.587526 0.325069 0.325069 0.325069
1977.426636 0.000000 1768.414551 0.000000 0.910235 0.000000 -0.414093 0.202984 0.202984 0.202984
1941.228027 0.000000 1788.920776 0.000000 0.756764 0.000000 -0.653688 0.206670 0.206670 0.206670
1943.654907 0.000000 1784.671143 0.000000 0.999831 0.000000 -0.018363 0.209728 0.209728 0.209728
1936.434082 0.000000 1781.076782 0.000000 0.844187 0.000000 -0.536049 0.206013 0.206013 0.206013
2025.423462 0.000000 1783.437866 0.000000 0.999662 0.000000 -0.026010 0.200169 0.200169 0.200169
2031.844604 0.000000 1758.126099 0.000000 0.801766 0.000000 -0.597638 0.204638 0.204638 0.204638
2010.616821 0.000000 1757.225098 0.000000 0.831982 0.000000 -0.554803 0.204185 0.204185 0.204185
2006.596802 0.000000 1771.546753 0.000000 0.998251 0.000000 -0.059114 0.200465 0.200465 0.200465
2013.565796 0.000000 1794.314331 0.000000 0.797830 0.000000 -0.602882 0.205735 0.205735 0.205735
2008.763672 0.000000 1781.746826 0.000000 0.923475 0.000000 -0.383658 0.203391 0.203391 0.203391
2010.132568 0.000000 1785.467407 0.000000 0.914347 0.000000 -0.404932 0.203903 0.203903 0.203903
2024.221680 0.000000 1771.458862 0.000000 0.882886 0.000000 -0.469587 0.204576 0.204576 0.204576
1984.974365 0.000000 1763.723389 0.000000 0.863457 0.000000 -0.504423 0.208088 0.208088 0.208088
2023.451416 0.000000 1766.011108 0.000000 0.937675 0.000000 -0.347514 0.212281 0.212281 0.212281
2025.380981 0.000000 1766.963257 0.000000 0.718722 0.000000 -0.695298 0.235909 0.235909 0.235909
2027.042236 0.000000 1759.886353 0.000000 0.992687 0.000000 -0.120715 0.228040 0.228040 0.228040
1894.720825 0.000000 1854.234619 0.000000 0.883724 0.000000 -0.468008 0.203648 0.203648 0.203648
1886.662720 0.000000 1853.690430 0.000000 0.962072 0.000000 -0.272795 0.205564 0.205564 0.205564
1878.302124 0.000000 1869.038452 0.000000 0.785857 0.000000 -0.618408 0.205160 0.205160 0.205160
1915.875732 0.000000 1878.190552 0.000000 0.945944 0.000000 -0.324331 0.202639 0.202639 0.202639
1900.193481 0.000000 1884.928955 0.000000 0.992401 0.000000 -0.123044 0.201155 0.201155 0.201155
1903.560791 0.000000 1906.748047 0.000000 0.999990 0.000000 -0.004444 0.215180 0.215180 0.215180
1915.596436 0.000000 1880.510742 0.000000 0.987922 0.000000 -0.154951 0.229682 0.229682 0.229682
1887.909790 0.000000 1878.951782 0.000000 0.986704 0.000000 -0.162527 0.233258 0.233258 0.233258
1888.125000 0.000000 1873.126465 0.000000 0.956945 0.000000 -0.290270 0.256609 0.256609 0.256609
1914.963013 0.000000 1882.123047 0.000000 0.784621 0.000000 -0.619976 0.267611 0.267611 0.267611
1952.909058 0.000000 1849.743286 0.000000 0.871054 0.000000 -0.491187 0.203589 0.203589 0.203589
1959.675415 0.000000 1862.273926 0.000000 0.754040 0.000000 -0.656829 0.205278 0.205278 0.205278
1975.430908 0.000000 1821.377075 0.000000 0.999985 0.000000 -0.005480 0.200042 0.200042 0.200042
1955.373291 0.000000 1834.443359 0.000000 0.773931 0.000000 -0.633270 0.205907 0.205907 0.205907
1953.651611 0.000000 1843.697510 0.000000 0.763027 0.000000 -0.646366 0.233723 0.233723 0.233723
1974.278564 0.000000 1807.531860 0.000000 0.883278 0.000000 -0.468849 0.234448 0.234448 0.234448
1981.495117 0.000000 1826.660278 0.000000 0.796465 0.000000 -0.604685 0.234246 0.234246 0.234246
1954.989624 0.000000 1839.714355 0.000000 0.983176 0.000000 -0.182659 0.269656 0.269656 0.269656
1997.333862 0.000000 1811.829346 0.000000 0.779175 0.000000 -0.626806 0.205328 0.205328 0.205328
1996.396729 0.000000 1820.007812 0.000000 0.778228 0.000000 -0.627981 0.206356 0.206356 0.206356
1998.569336 0.000000 1841.268799 0.000000 0.999943 0.000000 -0.010652 0.202908 0.202908 0.202908
2000.434082 0.000000 1837.561157 0.000000 0.999133 0.000000 -0.041642 0.216758 0.216758 0.216758
1936.764038 0.000000 1879.936401 0.000000 0.773680 0.000000 -0.633577 0.208418 0.208418 0.208418
1963.597290 0.000000 1866.008911 0.000000 0.926694 0.000000 -0.375818 0.225771 0.225771 0.225771
1964.873901 0.000000 1908.973633 0.000000 0.998669 0.000000 -0.051575 0.221404 0.221404 0.221404
1943.825562 0.000000 1917.904785 0.000000 0.742152 0.000000 -0.670231 0.236706 0.236706 0.236706
1982.298462 0.000000 1913.455078 0.000000 0.947728 0.000000 -0.319080 0.214316 0.214316 0.214316
1968.736572 0.000000 1910.671265 0.000000 0.742590 0.000000 -0.669747 0.231604 0.231604 0.231604
2010.840820 0.000000 1890.688721 0.000000 0.928889 0.000000 -0.370359 0.202605 0.202605 0.202605
2010.132568 0.000000 1898.436157 0.000000 0.879724 0.000000 -0.475484 0.204144 0.204144 0.204144
1990.656738 0.000000 1912.802124 0.000000 0.968798 0.000000 -0.247853 0.202157 0.202157 0.202157
1999.784668 0.000000 1905.807007 0.000000 0.987857 0.000000 -0.155363 0.223922 0.223922 0.223922
1985.278687 0.000000 1909.859619 0.000000 0.993173 0.000000 -0.116647 0.225692 0.225692 0.225692
1995.577515 0.000000 1908.005493 0.000000 0.727422 0.000000 -0.686190 0.234455 0.234455 0.234455
1914.134033 0.000000 1947.933228 0.000000 0.982702 0.000000 -0.185194 0.201279 0.201279 0.201279
1894.720825 0.000000 1967.203369 0.000000 0.941085 0.000000 -0.338170 0.202498 0.202498 0.202498
1900.263306 0.000000 1970.643799 0.000000 0.966827 0.000000 -0.255432 0.218247 0.218247 0.218247
1919.449219 0.000000 1938.026611 0.000000 0.934363 0.000000 -0.356323 0.319010 0.319010 0.319010
1918.343750 0.000000 1942.073120 0.000000 0.997279 0.000000 -0.073716 0.314009 0.314009 0.314009
1924.061279 0.000000 1936.678345 0.000000 0.898540 0.000000 -0.438892 0.203743 0.203743 0.203743
1920.956543 0.000000 1961.588623 0.000000 0.977468 0.000000 -0.211082 0.220022 0.220022 0.220022
1956.142212 0.000000 1920.563965 0.000000 0.734927 0.000000 -0.678146 0.210253 0.210253 0.210253
1952.666016 0.000000 1921.107666 0.000000 0.963089 0.000000 -0.269182 0.227825 0.227825 0.227825
1923.459351 0.000000 1956.984985 0.000000 0.724436 0.000000 -0.689342 0.266821 0.266821 0.266821
1923.273560 0.000000 1945.302002 0.000000 0.872522 0.000000 -0.488575 0.290796 0.290796 0.290796
1922.951050 0.000000 1942.569580 0.000000 0.845544 0.000000 -0.533905 0.342481 0.342481 0.342481
1921.904907 0.000000 1938.305420 0.000000 0.914356 0.000000 -0.404910 0.367409 0.367409 0.367409
1922.524048 0.000000 1940.969849 0.000000 0.979066 0.000000 -0.203545 0.343457 0.343457 0.343457
1921.189209 0.000000 1942.571533 0.000000 0.868983 0.000000 -0.494842 0.377230 0.377230 0.377230
1921.495605 0.000000 1940.583008 0.000000 0.858029 0.000000 -0.513602 0.398128 0.398128 0.398128
1932.652466 0.000000 2002.380005 0.000000 0.886564 0.000000 -0.462607 0.203962 0.203962 0.203962
1980.341309 0.000000 2030.120972 0.000000 0.911242 0.000000 -0.411870 0.207046 0.207046 0.207046
1983.450562 0.000000 1984.882446 0.000000 0.957791 0.000000 -0.287467 0.210414 0.210414 0.210414
1975.370483 0.000000 2010.608521 0.000000 0.996098 0.000000 -0.088251 0.215056 0.215056 0.215056
1974.374756 0.000000 2008.502808 0.000000 0.960408 0.000000 -0.278596 0.229139 0.229139 0.229139
1944.739258 0.000000 2005.522339 0.000000 0.994408 0.000000 -0.105607 0.223255 0.223255 0.223255
1969.665527 0.000000 2005.715698 0.000000 0.731247 0.000000 -0.682113 0.238214 0.238214 0.238214
1967.569580 0.000000 1977.056274 0.000000 0.995984 0.000000 -0.089532 0.242420 0.242420 0.242420
1961.028320 0.000000 2003.659912 0.000000 0.888017 0.000000 -0.459810 0.287466 0.287466 0.287466
1996.652466 0.000000 2002.380005 0.000000 0.911029 0.000000 -0.412342 0.203555 0.203555 0.203555
1994.748779 0.000000 2019.145996 0.000000 0.829396 0.000000 -0.558661 0.205106 0.205106 0.205106
1997.243652 0.000000 1984.194214 0.000000 0.769791 0.000000 -0.638296 0.206222 0.206222 0.206222
1997.917725 0.000000 2008.399292 0.000000 0.946139 0.000000 -0.323760 0.228609 0.228609 0.228609
1996.076904 0.000000 2012.263550 0.000000 0.934934 0.000000 -0.354821 0.237446 0.237446 0.237446
1988.386230 0.000000 1987.370117 0.000000 0.934640 0.000000 -0.355596 0.219519 0.219519 0.219519
1981.061157 0.000000 2033.993774 0.000000 0.733672 0.000000 -0.679504 0.224154 0.224154 0.224154
6007.542480 0.000000 870.395386 0.000000 0.950324 0.000000 -0.311263 0.204788 0.204788 0.204788
6015.545410 0.000000 879.224731 0.000000 0.791162 0.000000 -0.611607 0.208142 0.208142 0.208142
6012.605469 0.000000 879.192261 0.000000 0.910896 0.000000 -0.412636 0.223882 0.223882 0.223882
6008.713379 0.000000 876.688599 0.000000 0.764997 0.000000 -0.644034 0.231150 0.231150 0.231150
4946.442871 0.000000 1315.519775 0.000000 0.999665 0.000000 -0.025900 0.251475 0.251475 0.251475
4946.551758 0.000000 1311.033203 0.000000 0.999836 0.000000 -0.018112 0.286209 0.286209 0.286209
4960.928711 0.000000 1315.131836 0.000000 0.739875 0.000000 -0.672744 0.305847 0.305847 0.305847
4958.879883 0.000000 1314.486084 0.000000 0.789580 0.000000 -0.613647 0.350119 0.350119 0.350119
4946.227539 0.000000 1313.265625 0.000000 0.999924 0.000000 -0.012290 0.400911 0.400911 0.400911
5175.532715 0.000000 1154.297363 0.000000 0.953208 0.000000 -0.302314 0.292886 0.292886 0.292886
5183.265137 0.000000 1163.139404 0.000000 0.820790 0.000000 -0.571231 0.307485 0.307485 0.307485
5175.001953 0.000000 1164.722168 0.000000 0.845284 0.000000 -0.534317 0.298533 0.298533 0.298533
5182.371094 0.000000 1160.977173 0.000000 0.844002 0.000000 -0.536341 0.310153 0.310153 0.310153
5181.635254 0.000000 1158.309448 0.000000 0.981640 0.000000 -0.190742 0.345294 0.345294 0.345294
5169.295410 0.000000 1153.448364 0.000000 0.792414 0.000000 -0.609984 0.407021 0.407021 0.407021
5173.369629 0.000000 1150.118530 0.000000 0.729811 0.000000 -0.683649 0.439285 0.439285 0.439285
5177.530273 0.000000 1151.581787 0.000000 0.885425 0.000000 -0.464782 0.436928 0.436928 0.436928
5171.584961 0.000000 1159.751343 0.000000 0.993590 0.000000 -0.113045 0.408655 0.408655 0.408655
5175.520508 0.000000 1150.666504 0.000000 0.926236 0.000000 -0.376943 0.429526 0.429526 0.429526
5182.230469 0.000000 1164.618652 0.000000 0.871695 0.000000 -0.490048 0.433883 0.433883 0.433883
5183.653809 0.000000 1165.693726 0.000000 0.985164 0.000000 -0.171617 0.411410 0.411410 0.411410
5240.851562 0.000000 1161.299927 0.000000 0.880103 0.000000 -0.474783 0.204014 0.204014 0.204014
5240.713379 0.000000 1159.110474 0.000000 0.990025 0.000000 -0.140890 0.219131 0.219131 0.219131
5199.409668 0.000000 1169.847656 0.000000 0.999662 0.000000 -0.026011 0.233454 0.233454 0.233454
5194.960449 0.000000 1163.852417 0.000000 0.992969 0.000000 -0.118374 0.244060 0.244060 0.244060
5187.459473 0.000000 1166.203735 0.000000 0.861651 0.000000 -0.507501 0.306608 0.306608 0.306608
5224.266113 0.000000 1158.450928 0.000000 0.820250 0.000000 -0.572006 0.258818 0.258818 0.258818
5192.825684 0.000000 1164.196533 0.000000 0.753740 0.000000 -0.657172 0.265978 0.265978 0.265978
5223.754395 0.000000 1155.595947 0.000000 0.983564 0.000000 -0.180558 0.293013 0.293013 0.293013
5194.169922 0.000000 1170.261230 0.000000 0.966549 0.000000 -0.256482 0.319157 0.319157 0.319157
5187.718262 0.000000 1158.481445 0.000000 0.809669 0.000000 -0.586887 0.306729 0.306729 0.306729
5203.671875 0.000000 1158.422241 0.000000 0.969267 0.000000 -0.246010 0.277038 0.277038 0.277038
5186.696289 0.000000 1159.330078 0.000000 0.814183 0.000000 -0.580608 0.306511 0.306511 0.306511
5199.086426 0.000000 1167.222778 0.000000 0.746973 0.000000 -0.664854 0.325592 0.325592 0.325592
5192.816895 0.000000 1167.777954 0.000000 0.894110 0.000000 -0.447848 0.372146 0.372146 0.372146
5243.613770 0.000000 1160.894775 0.000000 0.710566 0.000000 -0.703630 0.429432 0.429432 0.429432
5194.822754 0.000000 1151.414062 0.000000 0.999133 0.000000 -0.041642 0.335595 0.335595 0.335595
5237.240234 0.000000 1171.930420 0.000000 0.854326 0.000000 -0.519738 0.375942 0.375942 0.375942
5189.303711 0.000000 1161.969116 0.000000 0.831128 0.000000 -0.556082 0.440631 0.440631 0.440631
5195.498535 0.000000 1170.965698 0.000000 0.947034 0.000000 -0.321133 0.321447 0.321447 0.321447
5195.079102 0.000000 1158.043823 0.000000 0.934452 0.000000 -0.356088 0.424814 0.424814 0.424814
5184.444336 0.000000 1159.412109 0.000000 0.996705 0.000000 -0.081117 0.405859 0.405859 0.405859
5212.595215 0.000000 1170.316284 0.000000 0.859703 0.000000 -0.510794 0.364949 0.364949 0.364949
5227.118652 0.000000 1159.776978 0.000000 0.858502 0.000000 -0.512810 0.441135 0.441135 0.441135
5238.544434 0.000000 1167.213745 0.000000 0.866230 0.000000 -0.499646 0.439969 0.439969 0.439969
5237.460449 0.000000 1170.005981 0.000000 0.779772 0.000000 -0.626064 0.381944 0.381944 0.381944
5222.142578 0.000000 1153.779175 0.000000 0.985739 0.000000 -0.168283 0.412917 0.412917 0.412917
5187.876465 0.000000 1168.094482 0.000000 0.755168 0.000000 -0.655531 0.454613 0.454613 0.454613
5236.438965 0.000000 1155.523804 0.000000 0.952116 0.000000 -0.305736 0.420479 0.420479 0.420479
5205.270508 0.000000 1155.842773 0.000000 0.897183 0.000000 -0.441659 0.430264 0.430264 0.430264
5189.609375 0.000000 1167.759277 0.000000 0.799843 0.000000 -0.600209 0.449180 0.449180 0.449180
5214.477539 0.000000 1170.227173 0.000000 0.905091 0.000000 -0.425219 0.433553 0.433553 0.433553
5189.303223 0.000000 1166.781982 0.000000 0.968454 0.000000 -0.249193 0.419240 0.419240 0.419240
5208.848145 0.000000 1157.226074 0.000000 0.997747 0.000000 -0.067085 0.405129 0.405129 0.405129
5226.336914 0.000000 1162.352661 0.000000 0.881603 0.000000 -0.471991 0.437551 0.437551 0.437551
5228.438477 0.000000 1162.649902 0.000000 0.999722 0.000000 -0.023571 0.401642 0.401642 0.401642
5189.930176 0.000000 1166.088745 0.000000 0.902932 0.000000 -0.429783 0.433938 0.433938 0.433938
5207.627930 0.000000 1158.177612 0.000000 0.992302 0.000000 -0.123842 0.409268 0.409268 0.409268
5188.335449 0.000000 1166.376343 0.000000 0.879157 0.000000 -0.476532 0.437945 0.437945 0.437945
5202.618164 0.000000 1151.667725 0.000000 0.761605 0.000000 -0.648042 0.453859 0.453859 0.453859
5241.400391 0.000000 1155.932007 0.000000 0.939706 0.000000 -0.341984 0.426664 0.426664 0.426664
5209.275879 0.000000 1155.904541 0.000000 0.941388 0.000000 -0.337325 0.426285 0.426285 0.426285
5215.110352 0.000000 1170.831909 0.000000 0.999103 0.000000 -0.042353 0.403236 0.403236 0.403236
5225.537598 0.000000 1157.100830 0.000000 0.987390 0.000000 -0.158309 0.412145 0.412145 0.412145
5241.776855 0.000000 1155.160278 0.000000 0.856277 0.000000 -0.516517 0.441465 0.441465 0.441465
5194.788086 0.000000 1166.969849 0.000000 0.869170 0.000000 -0.494514 0.439517 0.439517 0.439517
5202.646484 0.000000 1150.537720 0.000000 0.753997 0.000000 -0.656878 0.454750 0.454750 0.454750
5242.640625 0.000000 1156.535156 0.000000 0.873664 0.000000 -0.486531 0.438817 0.438817 0.438817
5222.932129 0.000000 1151.438232 0.000000 0.874242 0.000000 -0.485490 0.438726 0.438726 0.438726
5242.913574 0.000000 1157.385864 0.000000 0.986600 0.000000 -0.163158 0.412520 0.412520 0.412520
5207.070312 0.000000 1156.982544 0.000000 0.944989 0.000000 -0.327102 0.425457 0.425457 0.425457
5184.930664 0.000000 1168.228882 0.000000 0.726237 0.000000 -0.687445 0.457904 0.457904 0.457904
6038.909180 0.000000 914.749817 0.000000 0.972570 0.000000 -0.232610 0.208639 0.208639 0.208639
6040.196777 0.000000 910.018005 0.000000 0.918224 0.000000 -0.396061 0.216447 0.216447 0.216447
6266.085938 0.000000 329.580475 0.000000 0.998953 0.000000 -0.045750 0.207774 0.207774 0.207774
6275.716309 0.000000 323.528046 0.000000 0.837005 0.000000 -0.547195 0.203903 0.203903 0.203903
6316.084473 0.000000 313.165649 0.000000 0.880992 0.000000 -0.473131 0.204614 0.204614 0.204614
6317.602051 0.000000 322.346863 0.000000 0.954145 0.000000 -0.299346 0.218800 0.218800 0.218800
6310.352539 0.000000 331.610382 0.000000 0.999816 0.000000 -0.019182 0.211985 0.211985 0.211985
6322.714844 0.000000 332.894775 0.000000 0.779709 0.000000 -0.626142 0.210811 0.210811 0.210811
6321.258789 0.000000 319.878845 0.000000 0.779372 0.000000 -0.626562 0.219551 0.219551 0.219551
6327.341309 0.000000 333.713867 0.000000 0.861535 0.000000 -0.507698 0.226469 0.226469 0.226469
6326.447266 0.000000 331.631348 0.000000 0.857711 0.000000 -0.514133 0.246341 0.246341 0.246341
6321.077637 0.000000 314.809814 0.000000 0.924416 0.000000 -0.381385 0.256029 0.256029 0.256029
6322.737793 0.000000 315.919556 0.000000 0.979756 0.000000 -0.200195 0.225690 0.225690 0.225690
6325.913086 0.000000 330.095856 0.000000 0.989762 0.000000 -0.142728 0.253717 0.253717 0.253717
6320.720703 0.000000 312.465637 0.000000 0.984049 0.000000 -0.177900 0.255562 0.255562 0.255562
6306.794922 0.000000 319.329712 0.000000 0.897883 0.000000 -0.440234 0.305666 0.305666 0.305666
6308.453613 0.000000 323.848358 0.000000 0.999212 0.000000 -0.039682 0.320775 0.320775 0.320775
6284.848145 0.000000 326.324951 0.000000 0.963674 0.000000 -0.267082 0.300283 0.300283 0.300283
6307.054199 0.000000 323.251190 0.000000 0.999009 0.000000 -0.044498 0.299397 0.299397 0.299397
6354.867188 0.000000 325.385803 0.000000 0.782145 0.000000 -0.623096 0.205626 0.205626 0.205626
6350.569336 0.000000 316.190643 0.000000 0.710055 0.000000 -0.704146 0.222020 0.222020 0.222020
6344.816895 0.000000 330.430176 0.000000 0.959930 0.000000 -0.280239 0.227983 0.227983 0.227983
6347.119141 0.000000 336.041046 0.000000 0.986142 0.000000 -0.165904 0.255327 0.255327 0.255327
6347.577637 0.000000 326.442993 0.000000 0.823748 0.000000 -0.566956 0.233599 0.233599 0.233599
6340.837402 0.000000 330.661591 0.000000 0.945612 0.000000 -0.325297 0.241743 0.241743 0.241743
6351.409668 0.000000 322.582092 0.000000 0.944964 0.000000 -0.327174 0.268179 0.268179 0.268179
6256.446289 0.000000 406.221436 0.000000 0.985226 0.000000 -0.171259 0.201418 0.201418 0.201418
6268.365723 0.000000 398.118286 0.000000 0.758901 0.000000 -0.651206 0.206728 0.206728 0.206728
6259.473145 0.000000 435.768494 0.000000 0.994990 0.000000 -0.099970 0.211776 0.211776 0.211776
6271.835938 0.000000 399.874695 0.000000 0.876335 0.000000 -0.481702 0.217544 0.217544 0.217544
6248.507812 0.000000 419.812988 0.000000 0.774086 0.000000 -0.633080 0.236014 0.236014 0.236014
6223.977051 0.000000 444.457703 0.000000 0.757532 0.000000 -0.652797 0.219943 0.219943 0.219943
6244.267090 0.000000 420.281342 0.000000 0.818765 0.000000 -0.574129 0.250026 0.250026 0.250026
6251.041992 0.000000 404.261383 0.000000 0.845596 0.000000 -0.533823 0.230571 0.230571 0.230571
6251.779785 0.000000 400.372040 0.000000 0.999935 0.000000 -0.011442 0.226492 0.226492 0.226492
6245.460449 0.000000 426.725861 0.000000 0.932986 0.000000 -0.359914 0.259226 0.259226 0.259226
6258.026855 0.000000 431.474792 0.000000 0.735879 0.000000 -0.677113 0.257412 0.257412 0.257412
6252.527832 0.000000 403.374390 0.000000 0.998688 0.000000 -0.051211 0.293924 0.293924 0.293924
6252.179688 0.000000 398.813629 0.000000 0.936665 0.000000 -0.350226 0.278410 0.278410 0.278410
6253.841309 0.000000 403.714722 0.000000 0.859353 0.000000 -0.511383 0.308015 0.308015 0.308015
6323.409180 0.000000 364.392487 0.000000 0.989109 0.000000 -0.147187 0.214612 0.214612 0.214612
6335.835938 0.000000 343.390320 0.000000 0.972905 0.000000 -0.231203 0.208624 0.208624 0.208624
6316.424316 0.000000 391.452301 0.000000 0.904755 0.000000 -0.425932 0.214415 0.214415 0.214415
6316.304199 0.000000 362.605621 0.000000 0.984194 0.000000 -0.177095 0.209195 0.209195 0.209195
6272.164062 0.000000 395.245331 0.000000 0.992197 0.000000 -0.124682 0.210913 0.210913 0.210913
6326.075195 0.000000 360.451263 0.000000 0.771764 0.000000 -0.635909 0.227228 0.227228 0.227228
6273.798828 0.000000 388.845306 0.000000 0.780602 0.000000 -0.625028 0.234605 0.234605 0.234605
6326.093750 0.000000 363.173645 0.000000 0.712959 0.000000 -0.701206 0.280290 0.280290 0.280290
6329.095215 0.000000 362.685883 0.000000 0.836144 0.000000 -0.548510 0.297700 0.297700 0.297700
6331.157715 0.000000 340.658020 0.000000 0.778036 0.000000 -0.628219 0.265247 0.265247 0.265247
6327.532715 0.000000 363.516113 0.000000 0.942183 0.000000 -0.335100 0.270774 0.270774 0.270774
6328.234863 0.000000 340.649139 0.000000 0.989812 0.000000 -0.142383 0.253711 0.253711 0.253711
6327.606934 0.000000 367.798309 0.000000 0.923982 0.000000 -0.382435 0.342396 0.342396 0.342396
6332.821777 0.000000 360.945831 0.000000 0.989477 0.000000 -0.144689 0.338654 0.338654 0.338654
6340.061523 0.000000 355.115845 0.000000 0.990568 0.000000 -0.137019 0.201287 0.201287 0.201287
6361.164062 0.000000 394.765686 0.000000 0.896769 0.000000 -0.442499 0.204063 0.204063 0.204063
6337.439453 0.000000 363.285614 0.000000 0.807220 0.000000 -0.590251 0.219025 0.219025 0.219025
6373.593262 0.000000 381.116913 0.000000 0.772010 0.000000 -0.635610 0.233531 0.233531 0.233531
6337.897461 0.000000 361.697784 0.000000 0.782149 0.000000 -0.623092 0.294904 0.294904 0.294904
6339.585449 0.000000 358.499573 0.000000 0.906944 0.000000 -0.421252 0.272809 0.272809 0.272809
6336.271973 0.000000 359.861603 0.000000 0.998645 0.000000 -0.052036 0.295084 0.295084 0.295084
6303.822266 0.000000 421.451752 0.000000 0.888255 0.000000 -0.459351 0.203932 0.203932 0.203932
6327.033203 0.000000 433.838531 0.000000 0.996886 0.000000 -0.078853 0.200749 0.200749 0.200749
6321.495117 0.000000 395.490662 0.000000 0.771566 0.000000 -0.636150 0.206111 0.206111 0.206111
6332.880859 0.000000 418.620331 0.000000 0.846050 0.000000 -0.533103 0.205334 0.205334 0.205334
6295.931152 0.000000 447.107880 0.000000 0.782468 0.000000 -0.622691 0.213255 0.213255 0.213255
6303.885254 0.000000 414.580719 0.000000 0.819807 0.000000 -0.572641 0.208898 0.208898 0.208898
6287.784668 0.000000 437.213287 0.000000 0.819850 0.000000 -0.572578 0.213829 0.213829 0.213829
6290.931641 0.000000 426.716827 0.000000 0.745893 0.000000 -0.666066 0.226465 0.226465 0.226465
6334.298340 0.000000 444.861298 0.000000 0.999620 0.000000 -0.027555 0.239111 0.239111 0.239111
6314.151367 0.000000 437.902222 0.000000 0.806283 0.000000 -0.591529 0.231513 0.231513 0.231513
6334.998535 0.000000 419.372223 0.000000 0.807742 0.000000 -0.589536 0.219015 0.219015 0.219015
6331.060547 0.000000 437.982910 0.000000 0.926346 0.000000 -0.376673 0.229383 0.229383 0.229383
6300.897949 0.000000 417.029541 0.000000 0.778718 0.000000 -0.627375 0.257530 0.257530 0.257530
6319.569336 0.000000 395.493805 0.000000 0.822003 0.000000 -0.569484 0.251190 0.251190 0.251190
6312.504883 0.000000 438.784241 0.000000 0.928917 0.000000 -0.370288 0.231689 0.231689 0.231689
6282.837402 0.000000 446.998749 0.000000 0.876203 0.000000 -0.481941 0.237117 0.237117 0.237117
6287.572266 0.000000 426.990509 0.000000 0.898917 0.000000 -0.438118 0.265806 0.265806 0.265806
6289.270508 0.000000 446.208221 0.000000 0.942686 0.000000 -0.333682 0.271949 0.271949 0.271949
6317.450195 0.000000 397.910095 0.000000 0.807112 0.000000 -0.590399 0.251626 0.251626 0.251626
6313.330078 0.000000 436.552307 0.000000 0.957932 0.000000 -0.286994 0.258926 0.258926 0.258926
6291.123535 0.000000 418.079926 0.000000 0.874452 0.000000 -0.485112 0.288177 0.288177 0.288177
6292.786621 0.000000 412.726562 0.000000 0.966165 0.000000 -0.257926 0.261888 0.261888 0.261888
6296.008789 0.000000 415.800690 0.000000 0.741511 0.000000 -0.670941 0.308443 0.308443 0.308443
6359.871582 0.000000 434.871643 0.000000 0.970404 0.000000 -0.241487 0.202040 0.202040 0.202040
6339.167969 0.000000 439.343323 0.000000 0.859522 0.000000 -0.511099 0.217933 0.217933 0.217933
6341.178223 0.000000 420.760651 0.000000 0.950664 0.000000 -0.310222 0.211850 0.211850 0.211850
6352.003418 0.000000 422.693298 0.000000 0.967923 0.000000 -0.251247 0.203008 0.203008 0.203008
6359.550293 0.000000 437.179565 0.000000 0.999742 0.000000 -0.022711 0.216525 0.216525 0.216525
6355.139160 0.000000 443.054352 0.000000 0.999964 0.000000 -0.008435 0.228694 0.228694 0.228694
6347.020996 0.000000 406.632874 0.000000 0.952346 0.000000 -0.305020 0.254514 0.254514 0.254514
6344.607910 0.000000 409.226044 0.000000 0.998700 0.000000 -0.050978 0.240631 0.240631 0.240631
6362.746094 0.000000 395.417603 0.000000 0.995271 0.000000 -0.097137 0.245978 0.245978 0.245978
6345.291016 0.000000 412.183899 0.000000 0.870186 0.000000 -0.492724 0.288393 0.288393 0.288393
6339.098633 0.000000 413.514648 0.000000 0.805486 0.000000 -0.592615 0.268205 0.268205 0.268205
6362.472168 0.000000 398.624298 0.000000 0.949182 0.000000 -0.314728 0.258297 0.258297 0.258297
6339.585449 0.000000 414.983948 0.000000 0.984198 0.000000 -0.177074 0.309343 0.309343 0.309343
6344.764648 0.000000 413.856171 0.000000 0.874979 0.000000 -0.484162 0.288150 0.288150 0.288150
6265.729980 0.000000 492.664520 0.000000 0.995447 0.000000 -0.095319 0.200655 0.200655 0.200655
6239.085938 0.000000 459.503876 0.000000 0.726468 0.000000 -0.687200 0.206526 0.206526 0.206526
6259.339844 0.000000 487.164368 0.000000 0.996612 0.000000 -0.082243 0.213848 0.213848 0.213848
6257.818848 0.000000 478.622742 0.000000 0.911702 0.000000 -0.410851 0.257849 0.257849 0.257849
6260.948730 0.000000 478.601074 0.000000 0.875873 0.000000 -0.482542 0.263090 0.263090 0.263090
6258.737793 0.000000 485.372681 0.000000 0.725773 0.000000 -0.687934 0.233210 0.233210 0.233210
6240.870605 0.000000 459.120514 0.000000 0.999143 0.000000 -0.041389 0.235951 0.235951 0.235951
6242.527344 0.000000 458.982574 0.000000 0.985184 0.000000 -0.171501 0.255437 0.255437 0.255437
6261.526855 0.000000 485.810486 0.000000 0.917251 0.000000 -0.398309 0.262471 0.262471 0.262471
6256.720703 0.000000 481.918762 0.000000 0.985738 0.000000 -0.168289 0.243769 0.243769 0.243769
6258.992676 0.000000 481.281097 0.000000 0.794069 0.000000 -0.607827 0.280164 0.280164 0.280164
6265.877930 0.000000 482.456268 0.000000 0.949766 0.000000 -0.312961 0.301675 0.301675 0.301675
6286.716309 0.000000 461.608643 0.000000 0.899876 0.000000 -0.436145 0.203155 0.203155 0.203155
6321.158691 0.000000 486.503357 0.000000 0.984411 0.000000 -0.175884 0.201412 0.201412 0.201412
6327.879395 0.000000 495.069824 0.000000 0.959712 0.000000 -0.280986 0.209168 0.209168 0.209168
6328.270996 0.000000 472.384705 0.000000 0.980846 0.000000 -0.194784 0.202450 0.202450 0.202450
6317.452148 0.000000 480.444824 0.000000 0.999681 0.000000 -0.025239 0.203054 0.203054 0.203054
6292.737793 0.000000 451.877960 0.000000 0.967673 0.000000 -0.252210 0.229932 0.229932 0.229932
6324.127930 0.000000 469.757446 0.000000 0.972159 0.000000 -0.234320 0.240219 0.240219 0.240219
6329.361328 0.000000 464.664246 0.000000 0.993395 0.000000 -0.114747 0.216516 0.216516 0.216516
6289.373535 0.000000 451.981476 0.000000 0.839566 0.000000 -0.543258 0.259439 0.259439 0.259439
6289.982910 0.000000 455.128754 0.000000 0.992581 0.000000 -0.121588 0.240671 0.240671 0.240671
6318.145508 0.000000 495.698059 0.000000 0.968561 0.000000 -0.248775 0.253423 0.253423 0.253423
6288.782227 0.000000 453.584015 0.000000 0.755535 0.000000 -0.655109 0.240240 0.240240 0.240240
6333.121582 0.000000 468.100006 0.000000 0.849389 0.000000 -0.527767 0.298327 0.298327 0.298327
6314.445312 0.000000 490.730896 0.000000 0.953333 0.000000 -0.301922 0.266413 0.266413 0.266413
6317.321289 0.000000 490.357941 0.000000 0.999238 0.000000 -0.039033 0.300363 0.300363 0.300363
6330.285645 0.000000 468.293701 0.000000 0.750155 0.000000 -0.661262 0.317407 0.317407 0.317407
6339.589355 0.000000 464.257233 0.000000 0.740703 0.000000 -0.671833 0.204874 0.204874 0.204874
"}
object={
	name="baobab_generator_3_3"
	clamp_to_water_level=no
	render_under_water=no
	generated_content=yes
	layer="semidynamic_high"
	pdxmesh="tree_baobab_04_mesh"
	count=551
	transform="1074.569214 0.000000 1468.083130 0.000000 0.296905 0.000000 -0.954907 0.209507 0.209507 0.209507
1087.290771 0.000000 1468.998779 0.000000 0.405278 0.000000 -0.914193 0.208495 0.208495 0.208495
1087.097656 0.000000 1507.982910 0.000000 0.294073 0.000000 -0.955783 0.209529 0.209529 0.209529
1067.550903 0.000000 1475.393555 0.000000 0.427639 0.000000 -0.903950 0.219405 0.219405 0.219405
1086.888184 0.000000 1505.218750 0.000000 0.300322 0.000000 -0.953838 0.218163 0.218163 0.218163
1062.658447 0.000000 1476.814697 0.000000 0.049142 0.000000 -0.998792 0.219415 0.219415 0.219415
1063.815552 0.000000 1478.147461 0.000000 0.185493 0.000000 -0.982646 0.287669 0.287669 0.287669
1082.963013 0.000000 1486.732422 0.000000 0.547726 0.000000 -0.836658 0.297405 0.297405 0.297405
1087.537720 0.000000 1498.860107 0.000000 0.089273 0.000000 -0.996007 0.288202 0.288202 0.288202
1081.095215 0.000000 1492.373413 0.000000 0.284127 0.000000 -0.958787 0.259863 0.259863 0.259863
1059.868042 0.000000 1484.434570 0.000000 0.659830 0.000000 -0.751415 0.311639 0.311639 0.311639
1082.078369 0.000000 1497.866455 0.000000 0.375557 0.000000 -0.926799 0.316609 0.316609 0.316609
1082.127563 0.000000 1493.186157 0.000000 0.260188 0.000000 -0.965558 0.324381 0.324381 0.324381
1060.226440 0.000000 1488.745728 0.000000 0.504851 0.000000 -0.863207 0.308474 0.308474 0.308474
1097.424194 0.000000 1496.467529 0.000000 0.012219 0.000000 -0.999925 0.212646 0.212646 0.212646
1146.107300 0.000000 1523.794189 0.000000 0.503691 0.000000 -0.863884 0.214541 0.214541 0.214541
1143.879395 0.000000 1511.788574 0.000000 0.397904 0.000000 -0.917427 0.210585 0.210585 0.210585
1132.435303 0.000000 1504.568848 0.000000 0.426200 0.000000 -0.904629 0.218091 0.218091 0.218091
1099.945557 0.000000 1490.662231 0.000000 0.361140 0.000000 -0.932512 0.241927 0.241927 0.241927
1088.013672 0.000000 1473.116455 0.000000 0.587004 0.000000 -0.809584 0.223916 0.223916 0.223916
1129.461914 0.000000 1524.193359 0.000000 0.224648 0.000000 -0.974440 0.236927 0.236927 0.236927
1137.177856 0.000000 1510.207031 0.000000 0.464014 0.000000 -0.885828 0.282897 0.282897 0.282897
1105.241333 0.000000 1486.225098 0.000000 0.628926 0.000000 -0.777465 0.273355 0.273355 0.273355
1138.837158 0.000000 1510.270020 0.000000 0.023216 0.000000 -0.999730 0.285050 0.285050 0.285050
1102.716187 0.000000 1534.811768 0.000000 0.022033 0.000000 -0.999757 0.210826 0.210826 0.210826
1144.634888 0.000000 1560.866699 0.000000 0.279674 0.000000 -0.960095 0.209160 0.209160 0.209160
1149.935669 0.000000 1555.108154 0.000000 0.343118 0.000000 -0.939292 0.209142 0.209142 0.209142
1145.786499 0.000000 1529.602905 0.000000 0.042698 0.000000 -0.999088 0.212399 0.212399 0.212399
1124.176392 0.000000 1569.097778 0.000000 0.155578 0.000000 -0.987824 0.212537 0.212537 0.212537
1124.675659 0.000000 1557.920166 0.000000 0.340713 0.000000 -0.940167 0.211604 0.211604 0.211604
1100.396729 0.000000 1537.585938 0.000000 0.530274 0.000000 -0.847827 0.210313 0.210313 0.210313
1147.206421 0.000000 1555.058838 0.000000 0.163873 0.000000 -0.986481 0.226543 0.226543 0.226543
1110.908936 0.000000 1536.078003 0.000000 0.518998 0.000000 -0.854775 0.219604 0.219604 0.219604
1126.985352 0.000000 1556.942505 0.000000 0.279374 0.000000 -0.960182 0.227941 0.227941 0.227941
1134.584106 0.000000 1573.858643 0.000000 0.648866 0.000000 -0.760903 0.222996 0.222996 0.222996
1145.532715 0.000000 1540.052734 0.000000 0.110286 0.000000 -0.993900 0.254129 0.254129 0.254129
1144.956177 0.000000 1550.493896 0.000000 0.185960 0.000000 -0.982557 0.224905 0.224905 0.224905
1117.291748 0.000000 1536.369141 0.000000 0.246799 0.000000 -0.969067 0.250610 0.250610 0.250610
1151.211670 0.000000 1535.909912 0.000000 0.252684 0.000000 -0.967549 0.242118 0.242118 0.242118
1134.877930 0.000000 1578.501587 0.000000 0.412004 0.000000 -0.911182 0.243884 0.243884 0.243884
1134.922729 0.000000 1560.399414 0.000000 0.314271 0.000000 -0.949333 0.246777 0.246777 0.246777
1138.737793 0.000000 1558.575806 0.000000 0.090155 0.000000 -0.995928 0.261679 0.261679 0.261679
1120.666016 0.000000 1525.717041 0.000000 0.575463 0.000000 -0.817828 0.257166 0.257166 0.257166
1122.940674 0.000000 1535.164551 0.000000 0.456016 0.000000 -0.889972 0.299976 0.299976 0.299976
1136.299683 0.000000 1561.224609 0.000000 0.008316 0.000000 -0.999965 0.271889 0.271889 0.271889
1148.607178 0.000000 1542.933228 0.000000 0.467982 0.000000 -0.883738 0.284198 0.284198 0.284198
1136.143311 0.000000 1577.494751 0.000000 0.432812 0.000000 -0.901484 0.261358 0.261358 0.261358
1118.456787 0.000000 1528.128784 0.000000 0.273952 0.000000 -0.961743 0.355736 0.355736 0.355736
1123.450684 0.000000 1533.738892 0.000000 0.401356 0.000000 -0.915922 0.305749 0.305749 0.305749
1121.012085 0.000000 1535.291382 0.000000 0.118862 0.000000 -0.992911 0.351703 0.351703 0.351703
1121.218384 0.000000 1527.897461 0.000000 0.154184 0.000000 -0.988042 0.315237 0.315237 0.315237
1141.739014 0.000000 1557.703247 0.000000 0.633642 0.000000 -0.773626 0.300268 0.300268 0.300268
1148.908813 0.000000 1540.013916 0.000000 0.185877 0.000000 -0.982573 0.323470 0.323470 0.323470
1118.290405 0.000000 1535.649048 0.000000 0.105920 0.000000 -0.994375 0.355275 0.355275 0.355275
1119.837402 0.000000 1531.886475 0.000000 0.204306 0.000000 -0.978907 0.369114 0.369114 0.369114
1191.553711 0.000000 1485.796021 0.000000 0.681635 0.000000 -0.731693 0.207275 0.207275 0.207275
1202.278564 0.000000 1499.302612 0.000000 0.302976 0.000000 -0.952998 0.211036 0.211036 0.211036
1185.762817 0.000000 1479.962280 0.000000 0.674688 0.000000 -0.738103 0.214923 0.214923 0.214923
1225.597778 0.000000 1518.469238 0.000000 0.385292 0.000000 -0.922795 0.208949 0.208949 0.208949
1233.116211 0.000000 1515.841309 0.000000 0.553064 0.000000 -0.833139 0.208482 0.208482 0.208482
1278.830811 0.000000 1515.828857 0.000000 0.148949 0.000000 -0.988845 0.212774 0.212774 0.212774
1235.100220 0.000000 1521.340698 0.000000 0.363338 0.000000 -0.931657 0.226904 0.226904 0.226904
1279.022949 0.000000 1522.759277 0.000000 0.156820 0.000000 -0.987627 0.225234 0.225234 0.225234
1276.370483 0.000000 1514.490356 0.000000 0.544777 0.000000 -0.838581 0.233746 0.233746 0.233746
1278.298462 0.000000 1518.064453 0.000000 0.376115 0.000000 -0.926573 0.255477 0.255477 0.255477
1225.114258 0.000000 1498.707520 0.000000 0.577665 0.000000 -0.816274 0.233226 0.233226 0.233226
1270.447144 0.000000 1517.803223 0.000000 0.340457 0.000000 -0.940260 0.232637 0.232637 0.232637
1218.240967 0.000000 1510.911133 0.000000 0.310384 0.000000 -0.950611 0.263631 0.263631 0.263631
1220.253662 0.000000 1507.959595 0.000000 0.645149 0.000000 -0.764057 0.241225 0.241225 0.241225
1255.927368 0.000000 1481.767700 0.000000 0.397865 0.000000 -0.917444 0.274582 0.274582 0.274582
1275.144043 0.000000 1520.783447 0.000000 0.041878 0.000000 -0.999123 0.301274 0.301274 0.301274
1277.900391 0.000000 1521.661621 0.000000 0.325934 0.000000 -0.945393 0.271818 0.271818 0.271818
1232.370850 0.000000 1488.123169 0.000000 0.408990 0.000000 -0.912539 0.340456 0.340456 0.340456
1158.798706 0.000000 1539.345093 0.000000 0.556607 0.000000 -0.830776 0.208812 0.208812 0.208812
1152.205078 0.000000 1547.496826 0.000000 0.689764 0.000000 -0.724035 0.207075 0.207075 0.207075
1203.473267 0.000000 1565.456055 0.000000 0.232078 0.000000 -0.972697 0.223007 0.223007 0.223007
1211.743408 0.000000 1575.805664 0.000000 0.608698 0.000000 -0.793402 0.221005 0.221005 0.221005
1156.637939 0.000000 1543.650879 0.000000 0.229154 0.000000 -0.973390 0.232699 0.232699 0.232699
1156.679565 0.000000 1539.314453 0.000000 0.414143 0.000000 -0.910212 0.238409 0.238409 0.238409
1205.193481 0.000000 1564.413086 0.000000 0.437281 0.000000 -0.899325 0.234015 0.234015 0.234015
1190.151733 0.000000 1565.401978 0.000000 0.321188 0.000000 -0.947016 0.234261 0.234261 0.234261
1202.737793 0.000000 1558.575806 0.000000 0.367990 0.000000 -0.929830 0.239086 0.239086 0.239086
1207.086548 0.000000 1561.694458 0.000000 0.554508 0.000000 -0.832178 0.282047 0.282047 0.282047
1186.170532 0.000000 1553.435425 0.000000 0.509304 0.000000 -0.860586 0.253084 0.253084 0.253084
1183.343506 0.000000 1568.214966 0.000000 0.166198 0.000000 -0.986093 0.293989 0.293989 0.293989
1182.635132 0.000000 1569.641357 0.000000 0.234403 0.000000 -0.972140 0.292467 0.292467 0.292467
1152.951294 0.000000 1539.313354 0.000000 0.130898 0.000000 -0.991396 0.337304 0.337304 0.337304
1215.099731 0.000000 1568.039307 0.000000 0.703044 0.000000 -0.711146 0.327616 0.327616 0.327616
1184.756958 0.000000 1564.700195 0.000000 0.026978 0.000000 -0.999636 0.334096 0.334096 0.334096
1187.174561 0.000000 1564.551514 0.000000 0.218766 0.000000 -0.975777 0.337705 0.337705 0.337705
1153.854492 0.000000 1540.521484 0.000000 0.690949 0.000000 -0.722903 0.333632 0.333632 0.333632
1187.812500 0.000000 1562.480225 0.000000 0.187883 0.000000 -0.982191 0.354095 0.354095 0.354095
1215.301758 0.000000 1569.176270 0.000000 0.075710 0.000000 -0.997130 0.349944 0.349944 0.349944
1152.006470 0.000000 1541.841675 0.000000 0.400304 0.000000 -0.916382 0.345199 0.345199 0.345199
1210.283813 0.000000 1566.892944 0.000000 0.357215 0.000000 -0.934022 0.426828 0.426828 0.426828
1211.348755 0.000000 1569.826294 0.000000 0.093017 0.000000 -0.995665 0.386120 0.386120 0.386120
1249.639404 0.000000 1555.115723 0.000000 0.246925 0.000000 -0.969035 0.208906 0.208906 0.208906
1216.226196 0.000000 1576.395142 0.000000 0.452443 0.000000 -0.891794 0.209623 0.209623 0.209623
1252.142212 0.000000 1525.173340 0.000000 0.525338 0.000000 -0.850894 0.218211 0.218211 0.218211
1217.116211 0.000000 1561.577393 0.000000 0.033177 0.000000 -0.999449 0.249497 0.249497 0.249497
1268.127808 0.000000 1542.960571 0.000000 0.275092 0.000000 -0.961418 0.244583 0.244583 0.244583
1257.461914 0.000000 1580.677734 0.000000 0.386665 0.000000 -0.922220 0.232017 0.232017 0.232017
1224.096313 0.000000 1527.263184 0.000000 0.388097 0.000000 -0.921618 0.288927 0.288927 0.288927
1218.240967 0.000000 1567.395508 0.000000 0.229962 0.000000 -0.973200 0.259367 0.259367 0.259367
1259.434082 0.000000 1554.168213 0.000000 0.288864 0.000000 -0.957370 0.249956 0.249956 0.249956
1257.028320 0.000000 1551.784912 0.000000 0.592596 0.000000 -0.805500 0.291967 0.291967 0.291967
1254.210083 0.000000 1558.578003 0.000000 0.555825 0.000000 -0.831300 0.291639 0.291639 0.291639
1253.219971 0.000000 1548.657593 0.000000 0.618391 0.000000 -0.785870 0.287131 0.287131 0.287131
1271.627441 0.000000 1555.705566 0.000000 0.059649 0.000000 -0.998219 0.336291 0.336291 0.336291
1257.198730 0.000000 1561.086182 0.000000 0.156317 0.000000 -0.987707 0.280929 0.280929 0.280929
1272.550049 0.000000 1547.053955 0.000000 0.654840 0.000000 -0.755768 0.262054 0.262054 0.262054
1270.250977 0.000000 1552.841431 0.000000 0.368186 0.000000 -0.929752 0.305202 0.305202 0.305202
1253.208130 0.000000 1551.117432 0.000000 0.511373 0.000000 -0.859359 0.290072 0.290072 0.290072
1255.991211 0.000000 1557.969727 0.000000 0.399636 0.000000 -0.916674 0.323173 0.323173 0.323173
1216.036621 0.000000 1570.105469 0.000000 0.396700 0.000000 -0.917948 0.346812 0.346812 0.346812
1273.029053 0.000000 1553.226318 0.000000 0.625748 0.000000 -0.780025 0.308750 0.308750 0.308750
1275.589600 0.000000 1557.643066 0.000000 0.222280 0.000000 -0.974983 0.403245 0.403245 0.403245
1272.393433 0.000000 1558.220703 0.000000 0.591217 0.000000 -0.806512 0.349271 0.349271 0.349271
1272.056152 0.000000 1559.684326 0.000000 0.166283 0.000000 -0.986078 0.365795 0.365795 0.365795
1276.996460 0.000000 1561.452393 0.000000 0.535646 0.000000 -0.844443 0.395652 0.395652 0.395652
1301.857300 0.000000 1405.212158 0.000000 0.675265 0.000000 -0.737575 0.313783 0.313783 0.313783
1298.430542 0.000000 1410.758423 0.000000 0.221751 0.000000 -0.975103 0.434062 0.434062 0.434062
1297.626343 0.000000 1417.318848 0.000000 0.331345 0.000000 -0.943510 0.208773 0.208773 0.208773
1301.606323 0.000000 1412.937012 0.000000 0.522224 0.000000 -0.852808 0.353672 0.353672 0.353672
1311.273193 0.000000 1579.954590 0.000000 0.345844 0.000000 -0.938292 0.208664 0.208664 0.208664
1315.651001 0.000000 1548.020508 0.000000 0.513995 0.000000 -0.857793 0.208494 0.208494 0.208494
1288.816650 0.000000 1573.086426 0.000000 0.415701 0.000000 -0.909501 0.226239 0.226239 0.226239
1310.429565 0.000000 1550.253052 0.000000 0.379365 0.000000 -0.925247 0.267951 0.267951 0.267951
1281.437988 0.000000 1563.038696 0.000000 0.525456 0.000000 -0.850821 0.271794 0.271794 0.271794
1078.075073 0.000000 1603.107544 0.000000 0.332443 0.000000 -0.943123 0.250657 0.250657 0.250657
1085.523560 0.000000 1595.147949 0.000000 0.507040 0.000000 -0.861923 0.291579 0.291579 0.291579
1139.006592 0.000000 1590.007568 0.000000 0.276942 0.000000 -0.960887 0.211274 0.211274 0.211274
1148.365845 0.000000 1584.290161 0.000000 0.496402 0.000000 -0.868093 0.209843 0.209843 0.209843
1130.451904 0.000000 1616.496582 0.000000 0.388742 0.000000 -0.921347 0.227932 0.227932 0.227932
1095.173218 0.000000 1610.769165 0.000000 0.272349 0.000000 -0.962199 0.229400 0.229400 0.229400
1139.409058 0.000000 1607.048706 0.000000 0.282005 0.000000 -0.959413 0.217005 0.217005 0.217005
1099.910645 0.000000 1609.245483 0.000000 0.109600 0.000000 -0.993976 0.227163 0.227163 0.227163
1144.956177 0.000000 1606.978271 0.000000 0.238892 0.000000 -0.971046 0.242313 0.242313 0.242313
1140.288452 0.000000 1602.392578 0.000000 0.330753 0.000000 -0.943717 0.260454 0.260454 0.260454
1145.788940 0.000000 1600.924316 0.000000 0.701422 0.000000 -0.712746 0.259595 0.259595 0.259595
1143.633301 0.000000 1600.280396 0.000000 0.235753 0.000000 -0.971813 0.269260 0.269260 0.269260
1094.067017 0.000000 1614.697998 0.000000 0.327486 0.000000 -0.944856 0.264727 0.264727 0.264727
1147.325317 0.000000 1593.677856 0.000000 0.267889 0.000000 -0.963450 0.267240 0.267240 0.267240
1142.093628 0.000000 1605.829834 0.000000 0.639949 0.000000 -0.768418 0.261081 0.261081 0.261081
1146.963013 0.000000 1599.701172 0.000000 0.223658 0.000000 -0.974668 0.259473 0.259473 0.259473
1151.487793 0.000000 1597.890625 0.000000 0.116492 0.000000 -0.993192 0.259801 0.259801 0.259801
1095.856445 0.000000 1626.244141 0.000000 0.337868 0.000000 -0.941194 0.323587 0.323587 0.323587
1094.216797 0.000000 1628.794434 0.000000 0.383884 0.000000 -0.923381 0.265069 0.265069 0.265069
1149.523560 0.000000 1595.147949 0.000000 0.180458 0.000000 -0.983583 0.270273 0.270273 0.270273
1145.763306 0.000000 1602.578125 0.000000 0.023443 0.000000 -0.999725 0.273104 0.273104 0.273104
1096.168701 0.000000 1617.338135 0.000000 0.036015 0.000000 -0.999351 0.313650 0.313650 0.313650
1094.432007 0.000000 1627.455078 0.000000 0.289734 0.000000 -0.957107 0.325014 0.325014 0.325014
1096.482910 0.000000 1621.912598 0.000000 0.524393 0.000000 -0.851476 0.326269 0.326269 0.326269
1097.007690 0.000000 1618.271606 0.000000 0.119436 0.000000 -0.992842 0.336096 0.336096 0.336096
1094.215210 0.000000 1624.905396 0.000000 0.663141 0.000000 -0.748495 0.350176 0.350176 0.350176
1144.270874 0.000000 1658.556641 0.000000 0.142433 0.000000 -0.989804 0.222615 0.222615 0.222615
1135.560791 0.000000 1680.810547 0.000000 0.250524 0.000000 -0.968110 0.226915 0.226915 0.226915
1147.279419 0.000000 1663.248413 0.000000 0.438150 0.000000 -0.898902 0.220611 0.220611 0.220611
1144.357544 0.000000 1646.393799 0.000000 0.578998 0.000000 -0.815329 0.216221 0.216221 0.216221
1151.545410 0.000000 1670.005981 0.000000 0.603137 0.000000 -0.797637 0.218492 0.218492 0.218492
1144.956177 0.000000 1663.462646 0.000000 0.683672 0.000000 -0.729789 0.213521 0.213521 0.213521
1139.339844 0.000000 1673.336182 0.000000 0.457173 0.000000 -0.889378 0.232387 0.232387 0.232387
1145.361084 0.000000 1650.836182 0.000000 0.031198 0.000000 -0.999513 0.246634 0.246634 0.246634
1139.156128 0.000000 1652.119995 0.000000 0.590815 0.000000 -0.806807 0.234327 0.234327 0.234327
1148.194946 0.000000 1673.635986 0.000000 0.626734 0.000000 -0.779234 0.224627 0.224627 0.224627
1143.633301 0.000000 1656.764771 0.000000 0.210553 0.000000 -0.977582 0.245523 0.245523 0.245523
1135.125977 0.000000 1676.963989 0.000000 0.386680 0.000000 -0.922214 0.240178 0.240178 0.240178
1146.464966 0.000000 1674.334229 0.000000 0.408320 0.000000 -0.912839 0.241216 0.241216 0.241216
1143.086548 0.000000 1674.663208 0.000000 0.429752 0.000000 -0.902947 0.282300 0.282300 0.282300
1142.224854 0.000000 1653.225586 0.000000 0.337719 0.000000 -0.941247 0.306009 0.306009 0.306009
1143.988525 0.000000 1653.670166 0.000000 0.457480 0.000000 -0.889220 0.302772 0.302772 0.302772
1143.627441 0.000000 1668.674316 0.000000 0.580607 0.000000 -0.814184 0.331287 0.331287 0.331287
1143.191162 0.000000 1679.937378 0.000000 0.618531 0.000000 -0.785760 0.311756 0.311756 0.311756
1144.805054 0.000000 1677.561035 0.000000 0.009893 0.000000 -0.999951 0.322056 0.322056 0.322056
1143.635620 0.000000 1670.330322 0.000000 0.135746 0.000000 -0.990744 0.351152 0.351152 0.351152
1144.056152 0.000000 1672.653076 0.000000 0.005079 0.000000 -0.999987 0.355391 0.355391 0.355391
1154.492065 0.000000 1585.152100 0.000000 0.555293 0.000000 -0.831655 0.211323 0.211323 0.211323
1268.612793 0.000000 1597.274536 0.000000 0.537075 0.000000 -0.843535 0.208395 0.208395 0.208395
1259.597290 0.000000 1583.587036 0.000000 0.364487 0.000000 -0.931208 0.221490 0.221490 0.221490
1275.743408 0.000000 1632.290039 0.000000 0.545299 0.000000 -0.838242 0.210142 0.210142 0.210142
1278.566406 0.000000 1637.191162 0.000000 0.705900 0.000000 -0.708311 0.271275 0.271275 0.271275
1271.305908 0.000000 1603.386108 0.000000 0.069771 0.000000 -0.997563 0.339123 0.339123 0.339123
1152.390503 0.000000 1681.597046 0.000000 0.053318 0.000000 -0.998578 0.212312 0.212312 0.212312
1153.278687 0.000000 1683.922119 0.000000 0.404035 0.000000 -0.914744 0.222361 0.222361 0.222361
1159.561523 0.000000 1689.020752 0.000000 0.346534 0.000000 -0.938037 0.244899 0.244899 0.244899
1158.226929 0.000000 1682.621826 0.000000 0.095131 0.000000 -0.995465 0.273285 0.273285 0.273285
1157.476685 0.000000 1689.325073 0.000000 0.665903 0.000000 -0.746038 0.238226 0.238226 0.238226
1158.216797 0.000000 1685.278809 0.000000 0.078820 0.000000 -0.996889 0.283945 0.283945 0.283945
1162.960205 0.000000 1672.211792 0.000000 0.271601 0.000000 -0.962410 0.310680 0.310680 0.310680
1166.515747 0.000000 1687.993530 0.000000 0.111452 0.000000 -0.993770 0.265686 0.265686 0.265686
1162.104736 0.000000 1685.137695 0.000000 0.615343 0.000000 -0.788259 0.313249 0.313249 0.313249
1165.509277 0.000000 1675.823120 0.000000 0.218661 0.000000 -0.975801 0.416300 0.416300 0.416300
1274.875244 0.000000 1638.201416 0.000000 0.580083 0.000000 -0.814557 0.207843 0.207843 0.207843
1278.018555 0.000000 1663.942017 0.000000 0.585864 0.000000 -0.810410 0.207784 0.207784 0.207784
1274.989014 0.000000 1671.680908 0.000000 0.580898 0.000000 -0.813976 0.213604 0.213604 0.213604
1276.605713 0.000000 1669.973511 0.000000 0.449914 0.000000 -0.893072 0.241928 0.241928 0.241928
1278.808594 0.000000 1666.074341 0.000000 0.647639 0.000000 -0.761948 0.251663 0.251663 0.251663
1279.211670 0.000000 1648.878662 0.000000 0.353863 0.000000 -0.935297 0.262837 0.262837 0.262837
1185.456543 0.000000 1708.456177 0.000000 0.413205 0.000000 -0.910638 0.209575 0.209575 0.209575
1212.880859 0.000000 1717.760986 0.000000 0.539340 0.000000 -0.842088 0.209123 0.209123 0.209123
1171.958252 0.000000 1701.243774 0.000000 0.212136 0.000000 -0.977240 0.223230 0.223230 0.223230
1187.895264 0.000000 1707.044922 0.000000 0.401995 0.000000 -0.915642 0.210977 0.210977 0.210977
1167.571045 0.000000 1701.143799 0.000000 0.107538 0.000000 -0.994201 0.235628 0.235628 0.235628
1195.536621 0.000000 1708.094360 0.000000 0.340108 0.000000 -0.940386 0.223127 0.223127 0.223127
1160.096313 0.000000 1696.716309 0.000000 0.273847 0.000000 -0.961773 0.240429 0.240429 0.240429
1187.248779 0.000000 1708.892578 0.000000 0.199815 0.000000 -0.979834 0.265602 0.265602 0.265602
1167.104492 0.000000 1699.383301 0.000000 0.558602 0.000000 -0.829436 0.253486 0.253486 0.253486
1162.945435 0.000000 1694.677368 0.000000 0.634569 0.000000 -0.772866 0.266528 0.266528 0.266528
1270.374756 0.000000 1726.080933 0.000000 0.314190 0.000000 -0.949360 0.245391 0.245391 0.245391
1246.427490 0.000000 1732.818481 0.000000 0.182569 0.000000 -0.983193 0.267346 0.267346 0.267346
1252.999878 0.000000 1729.212769 0.000000 0.321568 0.000000 -0.946887 0.249441 0.249441 0.249441
1252.653442 0.000000 1732.796143 0.000000 0.157130 0.000000 -0.987578 0.247711 0.247711 0.247711
1270.093628 0.000000 1718.798584 0.000000 0.203174 0.000000 -0.979143 0.245630 0.245630 0.245630
1276.396973 0.000000 1720.819214 0.000000 0.563519 0.000000 -0.826103 0.298328 0.298328 0.298328
1222.498657 0.000000 1749.074341 0.000000 0.022875 0.000000 -0.999738 0.323271 0.323271 0.323271
1245.621216 0.000000 1731.678711 0.000000 0.468368 0.000000 -0.883533 0.305302 0.305302 0.305302
1247.658936 0.000000 1730.064941 0.000000 0.515377 0.000000 -0.856963 0.302532 0.302532 0.302532
1275.392212 0.000000 1721.599121 0.000000 0.625032 0.000000 -0.780599 0.333723 0.333723 0.333723
1243.827881 0.000000 1755.054810 0.000000 0.402226 0.000000 -0.915540 0.223724 0.223724 0.223724
1239.052002 0.000000 1754.063477 0.000000 0.550205 0.000000 -0.835030 0.237634 0.237634 0.237634
1283.605225 0.000000 1604.839111 0.000000 0.072830 0.000000 -0.997344 0.211593 0.211593 0.211593
1291.443359 0.000000 1611.549561 0.000000 0.389549 0.000000 -0.921006 0.210521 0.210521 0.210521
1283.898438 0.000000 1634.319092 0.000000 0.349381 0.000000 -0.936981 0.217625 0.217625 0.217625
1283.661377 0.000000 1602.636108 0.000000 0.013122 0.000000 -0.999914 0.242554 0.242554 0.242554
1313.051514 0.000000 1613.754028 0.000000 0.614124 0.000000 -0.789210 0.252367 0.252367 0.252367
1309.993286 0.000000 1596.360352 0.000000 0.465110 0.000000 -0.885253 0.263481 0.263481 0.263481
1297.241333 0.000000 1599.193848 0.000000 0.549232 0.000000 -0.835670 0.252327 0.252327 0.252327
1301.555786 0.000000 1597.328247 0.000000 0.176639 0.000000 -0.984276 0.293757 0.293757 0.293757
1298.442993 0.000000 1597.941650 0.000000 0.151847 0.000000 -0.988404 0.281018 0.281018 0.281018
1311.070923 0.000000 1602.219727 0.000000 0.465411 0.000000 -0.885095 0.305387 0.305387 0.305387
1283.098755 0.000000 1599.686523 0.000000 0.415921 0.000000 -0.909401 0.276999 0.276999 0.276999
1295.615479 0.000000 1610.316895 0.000000 0.379553 0.000000 -0.925170 0.272154 0.272154 0.272154
1305.273560 0.000000 1602.491089 0.000000 0.308145 0.000000 -0.951340 0.354513 0.354513 0.354513
1301.588501 0.000000 1600.107178 0.000000 0.233744 0.000000 -0.972298 0.317639 0.317639 0.317639
1304.008911 0.000000 1601.972534 0.000000 0.682627 0.000000 -0.730767 0.316218 0.316218 0.316218
1301.697998 0.000000 1603.045044 0.000000 0.669358 0.000000 -0.742940 0.297725 0.297725 0.297725
1303.063110 0.000000 1603.236450 0.000000 0.374649 0.000000 -0.927167 0.321015 0.321015 0.321015
1309.522949 0.000000 1609.366333 0.000000 0.573528 0.000000 -0.819186 0.409827 0.409827 0.409827
1310.440186 0.000000 1611.626343 0.000000 0.508472 0.000000 -0.861079 0.392621 0.392621 0.392621
1304.600708 0.000000 1604.668823 0.000000 0.489407 0.000000 -0.872055 0.355035 0.355035 0.355035
1309.677246 0.000000 1600.152710 0.000000 0.405258 0.000000 -0.914202 0.407066 0.407066 0.407066
1281.469238 0.000000 1692.594971 0.000000 0.697899 0.000000 -0.716196 0.205979 0.205979 0.205979
1306.844482 0.000000 1639.764404 0.000000 0.221589 0.000000 -0.975140 0.210596 0.210596 0.210596
1318.352295 0.000000 1687.235352 0.000000 0.383044 0.000000 -0.923730 0.225307 0.225307 0.225307
1320.273193 0.000000 1688.262451 0.000000 0.304596 0.000000 -0.952482 0.246925 0.246925 0.246925
1282.093750 0.000000 1649.113281 0.000000 0.124434 0.000000 -0.992228 0.236826 0.236826 0.236826
1312.666016 0.000000 1638.685791 0.000000 0.446430 0.000000 -0.894818 0.261097 0.261097 0.261097
1322.572388 0.000000 1687.625732 0.000000 0.676569 0.000000 -0.736379 0.269442 0.269442 0.269442
1286.216797 0.000000 1685.278809 0.000000 0.398452 0.000000 -0.917189 0.270368 0.270368 0.270368
1327.482178 0.000000 1685.604980 0.000000 0.183566 0.000000 -0.983007 0.281848 0.281848 0.281848
1325.060913 0.000000 1686.989624 0.000000 0.663766 0.000000 -0.747940 0.306047 0.306047 0.306047
1286.498657 0.000000 1692.589966 0.000000 0.011353 0.000000 -0.999936 0.309634 0.309634 0.309634
1287.945435 0.000000 1690.452881 0.000000 0.389393 0.000000 -0.921072 0.310407 0.310407 0.310407
1324.112549 0.000000 1692.101318 0.000000 0.404140 0.000000 -0.914697 0.299938 0.299938 0.299938
1324.225342 0.000000 1684.281250 0.000000 0.587062 0.000000 -0.809542 0.285289 0.285289 0.285289
1292.281982 0.000000 1690.048828 0.000000 0.199463 0.000000 -0.979905 0.287372 0.287372 0.287372
1327.844604 0.000000 1701.641724 0.000000 0.600690 0.000000 -0.799482 0.206360 0.206360 0.206360
1281.602173 0.000000 1724.904541 0.000000 0.662490 0.000000 -0.749071 0.206975 0.206975 0.206975
1304.358154 0.000000 1703.042236 0.000000 0.110591 0.000000 -0.993866 0.212575 0.212575 0.212575
1290.423096 0.000000 1718.278809 0.000000 0.221116 0.000000 -0.975247 0.225884 0.225884 0.225884
1316.142212 0.000000 1694.626465 0.000000 0.447168 0.000000 -0.894450 0.220501 0.220501 0.220501
1294.008911 0.000000 1714.276367 0.000000 0.431434 0.000000 -0.902144 0.240861 0.240861 0.240861
1287.773682 0.000000 1695.078247 0.000000 0.462787 0.000000 -0.886469 0.273190 0.273190 0.273190
1322.243408 0.000000 1700.416138 0.000000 0.119552 0.000000 -0.992828 0.314610 0.314610 0.314610
1321.112671 0.000000 1704.968994 0.000000 0.045920 0.000000 -0.998945 0.293613 0.293613 0.293613
1293.914429 0.000000 1712.774292 0.000000 0.295777 0.000000 -0.955257 0.345846 0.345846 0.345846
1288.764526 0.000000 1712.996826 0.000000 0.231073 0.000000 -0.972936 0.329743 0.329743 0.329743
1322.488525 0.000000 1695.779419 0.000000 0.702847 0.000000 -0.711341 0.303273 0.303273 0.303273
1911.010986 0.000000 1692.999756 0.000000 0.036944 0.000000 -0.999317 0.213977 0.213977 0.213977
1914.107300 0.000000 1693.247314 0.000000 0.338241 0.000000 -0.941060 0.212375 0.212375 0.212375
1912.590820 0.000000 1691.957520 0.000000 0.520515 0.000000 -0.853852 0.266440 0.266440 0.266440
1931.443359 0.000000 1668.033936 0.000000 0.633450 0.000000 -0.773783 0.219359 0.219359 0.219359
1975.370483 0.000000 1671.702271 0.000000 0.038216 0.000000 -0.999269 0.214539 0.214539 0.214539
1980.605713 0.000000 1669.973511 0.000000 0.168648 0.000000 -0.985676 0.234858 0.234858 0.234858
1932.076904 0.000000 1673.357300 0.000000 0.671968 0.000000 -0.740580 0.245911 0.245911 0.245911
2010.616821 0.000000 1644.256348 0.000000 0.564148 0.000000 -0.825673 0.206912 0.206912 0.206912
2022.737793 0.000000 1676.524780 0.000000 0.305026 0.000000 -0.952344 0.210702 0.210702 0.210702
2029.452271 0.000000 1666.616699 0.000000 0.558400 0.000000 -0.829572 0.221706 0.221706 0.221706
2018.441895 0.000000 1672.010254 0.000000 0.632378 0.000000 -0.774660 0.208407 0.208407 0.208407
2028.435303 0.000000 1674.021973 0.000000 0.359326 0.000000 -0.933212 0.251606 0.251606 0.251606
2030.922729 0.000000 1673.368164 0.000000 0.468222 0.000000 -0.883611 0.253841 0.253841 0.253841
2023.873657 0.000000 1674.834351 0.000000 0.527854 0.000000 -0.849335 0.243337 0.243337 0.243337
1890.996948 0.000000 1750.494629 0.000000 0.190473 0.000000 -0.981692 0.210674 0.210674 0.210674
1912.270874 0.000000 1715.041016 0.000000 0.657380 0.000000 -0.753560 0.210060 0.210060 0.210060
1915.459473 0.000000 1703.891357 0.000000 0.169643 0.000000 -0.985506 0.237650 0.237650 0.237650
1911.988525 0.000000 1710.154541 0.000000 0.244651 0.000000 -0.969611 0.271962 0.271962 0.271962
1914.884155 0.000000 1709.814819 0.000000 0.678309 0.000000 -0.734777 0.285349 0.285349 0.285349
1914.285522 0.000000 1710.949951 0.000000 0.336941 0.000000 -0.941526 0.320666 0.320666 0.320666
1878.797119 0.000000 1751.990234 0.000000 0.386839 0.000000 -0.922147 0.208204 0.208204 0.208204
1907.006592 0.000000 1759.460693 0.000000 0.323236 0.000000 -0.946319 0.210384 0.210384 0.210384
1889.860474 0.000000 1759.756836 0.000000 0.570766 0.000000 -0.821113 0.209019 0.209019 0.209019
1915.596436 0.000000 1767.541992 0.000000 0.660626 0.000000 -0.750715 0.213844 0.213844 0.213844
1901.664185 0.000000 1758.011230 0.000000 0.278416 0.000000 -0.960461 0.264207 0.264207 0.264207
1911.988525 0.000000 1766.638916 0.000000 0.420853 0.000000 -0.907129 0.254692 0.254692 0.254692
1956.590088 0.000000 1704.537964 0.000000 0.233371 0.000000 -0.972388 0.209667 0.209667 0.209667
1950.089844 0.000000 1723.466553 0.000000 0.442163 0.000000 -0.896935 0.209029 0.209029 0.209029
1949.587891 0.000000 1714.198975 0.000000 0.428231 0.000000 -0.903669 0.210563 0.210563 0.210563
1953.860474 0.000000 1703.272461 0.000000 0.406272 0.000000 -0.913752 0.210070 0.210070 0.210070
1945.637573 0.000000 1731.228638 0.000000 0.525894 0.000000 -0.850550 0.234039 0.234039 0.234039
2033.044556 0.000000 1743.215210 0.000000 0.268915 0.000000 -0.963164 0.210050 0.210050 0.210050
2025.396362 0.000000 1708.290161 0.000000 0.128462 0.000000 -0.991714 0.210980 0.210980 0.210980
2020.675659 0.000000 1727.373291 0.000000 0.346291 0.000000 -0.938127 0.211395 0.211395 0.211395
2034.616577 0.000000 1740.584473 0.000000 0.071663 0.000000 -0.997429 0.213847 0.213847 0.213847
1994.423096 0.000000 1718.278809 0.000000 0.355568 0.000000 -0.934651 0.211303 0.211303 0.211303
2029.452271 0.000000 1723.101074 0.000000 0.012903 0.000000 -0.999917 0.238245 0.238245 0.238245
1984.013672 0.000000 1699.053955 0.000000 0.011889 0.000000 -0.999929 0.241131 0.241131 0.241131
1988.386230 0.000000 1704.948242 0.000000 0.697504 0.000000 -0.716581 0.245371 0.245371 0.245371
2034.737793 0.000000 1728.028931 0.000000 0.081478 0.000000 -0.996675 0.248804 0.248804 0.248804
1995.020874 0.000000 1705.773560 0.000000 0.691457 0.000000 -0.722418 0.232580 0.232580 0.232580
1986.200317 0.000000 1711.150513 0.000000 0.146911 0.000000 -0.989150 0.269429 0.269429 0.269429
1993.625610 0.000000 1704.756104 0.000000 0.552651 0.000000 -0.833413 0.257636 0.257636 0.257636
2034.333252 0.000000 1733.467773 0.000000 0.107510 0.000000 -0.994204 0.255612 0.255612 0.255612
2031.049927 0.000000 1723.741211 0.000000 0.196654 0.000000 -0.980473 0.287432 0.287432 0.287432
2037.040649 0.000000 1723.178711 0.000000 0.143752 0.000000 -0.989614 0.317023 0.317023 0.317023
2032.720703 0.000000 1724.575073 0.000000 0.556630 0.000000 -0.830760 0.304089 0.304089 0.304089
2035.138062 0.000000 1726.543457 0.000000 0.507198 0.000000 -0.861830 0.274956 0.274956 0.274956
2034.992432 0.000000 1723.937378 0.000000 0.213260 0.000000 -0.976995 0.348606 0.348606 0.348606
1974.803467 0.000000 1753.081787 0.000000 0.648466 0.000000 -0.761244 0.205616 0.205616 0.205616
1946.840820 0.000000 1777.719971 0.000000 0.071078 0.000000 -0.997471 0.210670 0.210670 0.210670
1961.764648 0.000000 1779.339844 0.000000 0.056571 0.000000 -0.998399 0.211719 0.211719 0.211719
1956.675659 0.000000 1783.857666 0.000000 0.346663 0.000000 -0.937990 0.210632 0.210632 0.210632
1941.175049 0.000000 1786.233643 0.000000 0.281757 0.000000 -0.959486 0.215652 0.215652 0.215652
1957.382812 0.000000 1778.597656 0.000000 0.580254 0.000000 -0.814435 0.233185 0.233185 0.233185
1951.429199 0.000000 1774.943726 0.000000 0.551303 0.000000 -0.834305 0.254972 0.254972 0.254972
1950.429565 0.000000 1776.190552 0.000000 0.105811 0.000000 -0.994386 0.286374 0.286374 0.286374
2020.590088 0.000000 1761.022339 0.000000 0.268403 0.000000 -0.963307 0.209567 0.209567 0.209567
1988.061279 0.000000 1767.225220 0.000000 0.695076 0.000000 -0.718937 0.206810 0.206810 0.206810
2012.263916 0.000000 1760.311646 0.000000 0.693439 0.000000 -0.720515 0.206930 0.206930 0.206930
2006.343750 0.000000 1768.407837 0.000000 0.202528 0.000000 -0.979276 0.212797 0.212797 0.212797
2010.516602 0.000000 1789.794556 0.000000 0.106039 0.000000 -0.994362 0.221615 0.221615 0.221615
2019.886841 0.000000 1781.640137 0.000000 0.064325 0.000000 -0.997929 0.240444 0.240444 0.240444
2021.382812 0.000000 1778.597656 0.000000 0.139581 0.000000 -0.990211 0.239454 0.239454 0.239454
2026.243408 0.000000 1756.900513 0.000000 0.425287 0.000000 -0.905059 0.260121 0.260121 0.260121
1888.506104 0.000000 1852.157837 0.000000 0.037285 0.000000 -0.999305 0.220938 0.220938 0.220938
1890.794434 0.000000 1845.759521 0.000000 0.582055 0.000000 -0.813149 0.218778 0.218778 0.218778
1891.097656 0.000000 1849.600098 0.000000 0.437041 0.000000 -0.899441 0.221956 0.221956 0.221956
1884.480591 0.000000 1846.060913 0.000000 0.448448 0.000000 -0.893809 0.307296 0.307296 0.307296
1905.916626 0.000000 1881.774414 0.000000 0.034120 0.000000 -0.999418 0.211317 0.211317 0.211317
1911.542480 0.000000 1887.114136 0.000000 0.251476 0.000000 -0.967864 0.212162 0.212162 0.212162
1892.193237 0.000000 1871.443359 0.000000 0.622308 0.000000 -0.782772 0.208193 0.208193 0.208193
1892.534668 0.000000 1881.162476 0.000000 0.694161 0.000000 -0.719820 0.218456 0.218456 0.218456
1885.269653 0.000000 1866.143799 0.000000 0.374778 0.000000 -0.927115 0.218683 0.218683 0.218683
1898.151367 0.000000 1906.495972 0.000000 0.575480 0.000000 -0.817816 0.237215 0.237215 0.237215
1917.359375 0.000000 1885.057983 0.000000 0.562103 0.000000 -0.827067 0.221655 0.221655 0.221655
1888.410645 0.000000 1881.353882 0.000000 0.138652 0.000000 -0.990341 0.242295 0.242295 0.242295
1891.248779 0.000000 1878.345703 0.000000 0.578777 0.000000 -0.815486 0.243772 0.243772 0.243772
1888.870728 0.000000 1871.229858 0.000000 0.051583 0.000000 -0.998669 0.257932 0.257932 0.257932
1900.260864 0.000000 1904.917725 0.000000 0.166159 0.000000 -0.986099 0.285135 0.285135 0.285135
1897.330078 0.000000 1905.146118 0.000000 0.315375 0.000000 -0.948967 0.289184 0.289184 0.289184
1901.321289 0.000000 1902.467285 0.000000 0.256341 0.000000 -0.966586 0.280367 0.280367 0.280367
1972.449829 0.000000 1840.260498 0.000000 0.639317 0.000000 -0.768943 0.205803 0.205803 0.205803
1974.469360 0.000000 1817.654053 0.000000 0.100661 0.000000 -0.994921 0.213762 0.213762 0.213762
1946.516602 0.000000 1846.278931 0.000000 0.613343 0.000000 -0.789817 0.231339 0.231339 0.231339
1958.985352 0.000000 1839.364380 0.000000 0.414115 0.000000 -0.910225 0.216899 0.216899 0.216899
1964.424194 0.000000 1860.046021 0.000000 0.030560 0.000000 -0.999533 0.225232 0.225232 0.225232
1951.716431 0.000000 1847.950562 0.000000 0.060937 0.000000 -0.998142 0.233371 0.233371 0.233371
1970.636963 0.000000 1817.954346 0.000000 0.344390 0.000000 -0.938827 0.247695 0.247695 0.247695
1969.566528 0.000000 1814.682617 0.000000 0.457664 0.000000 -0.889125 0.249943 0.249943 0.249943
1970.757324 0.000000 1808.848145 0.000000 0.006049 0.000000 -0.999982 0.282384 0.282384 0.282384
2003.921631 0.000000 1831.825439 0.000000 0.324075 0.000000 -0.946031 0.208209 0.208209 0.208209
2001.893799 0.000000 1820.814819 0.000000 0.109007 0.000000 -0.994041 0.210764 0.210764 0.210764
2000.003174 0.000000 1834.802734 0.000000 0.455931 0.000000 -0.890015 0.231064 0.231064 0.231064
1971.720459 0.000000 1901.856201 0.000000 0.122892 0.000000 -0.992420 0.210842 0.210842 0.210842
1956.590088 0.000000 1873.991089 0.000000 0.699885 0.000000 -0.714256 0.206058 0.206058 0.206058
1930.276367 0.000000 1884.591797 0.000000 0.354409 0.000000 -0.935091 0.209806 0.209806 0.209806
1954.996948 0.000000 1919.947754 0.000000 0.012232 0.000000 -0.999925 0.212646 0.212646 0.212646
1978.308594 0.000000 1908.583984 0.000000 0.670824 0.000000 -0.741617 0.207300 0.207300 0.207300
1980.370483 0.000000 1909.880981 0.000000 0.623924 0.000000 -0.781485 0.220787 0.220787 0.220787
1934.008911 0.000000 1883.729492 0.000000 0.384824 0.000000 -0.922990 0.240206 0.240206 0.240206
1942.371582 0.000000 1916.810425 0.000000 0.286419 0.000000 -0.958104 0.244416 0.244416 0.244416
1990.599243 0.000000 1917.085327 0.000000 0.182032 0.000000 -0.983293 0.209354 0.209354 0.209354
1987.168213 0.000000 1907.937012 0.000000 0.533315 0.000000 -0.845917 0.216801 0.216801 0.216801
2005.228027 0.000000 1901.889526 0.000000 0.099633 0.000000 -0.995024 0.213772 0.213772 0.213772
1984.010498 0.000000 1892.670654 0.000000 0.024688 0.000000 -0.999695 0.233809 0.233809 0.233809
1901.059937 0.000000 1962.860596 0.000000 0.000931 0.000000 -1.000000 0.211170 0.211170 0.211170
1904.587158 0.000000 1971.394775 0.000000 0.317077 0.000000 -0.948400 0.234316 0.234316 0.234316
1901.863159 0.000000 1967.285889 0.000000 0.227901 0.000000 -0.973684 0.272279 0.272279 0.272279
1919.487793 0.000000 1936.796875 0.000000 0.205206 0.000000 -0.978719 0.266943 0.266943 0.266943
1918.222290 0.000000 1943.180420 0.000000 0.201492 0.000000 -0.979490 0.358289 0.358289 0.358289
1918.787476 0.000000 1939.152832 0.000000 0.409782 0.000000 -0.912183 0.344857 0.344857 0.344857
1924.637939 0.000000 1939.041504 0.000000 0.312344 0.000000 -0.949969 0.224813 0.224813 0.224813
1947.827881 0.000000 1924.507935 0.000000 0.098117 0.000000 -0.995175 0.223095 0.223095 0.223095
1921.116211 0.000000 1956.968018 0.000000 0.122766 0.000000 -0.992436 0.243933 0.243933 0.243933
1948.442627 0.000000 1920.486206 0.000000 0.582285 0.000000 -0.812985 0.238420 0.238420 0.238420
1921.729858 0.000000 1953.061035 0.000000 0.116732 0.000000 -0.993164 0.239755 0.239755 0.239755
1925.852539 0.000000 1943.314331 0.000000 0.458098 0.000000 -0.888902 0.258128 0.258128 0.258128
1922.422852 0.000000 1948.868408 0.000000 0.007681 0.000000 -0.999970 0.261555 0.261555 0.261555
1924.253662 0.000000 1959.834595 0.000000 0.075927 0.000000 -0.997113 0.254653 0.254653 0.254653
1920.011719 0.000000 1945.321899 0.000000 0.444011 0.000000 -0.896021 0.350963 0.350963 0.350963
1921.273926 0.000000 1947.988525 0.000000 0.459371 0.000000 -0.888244 0.295645 0.295645 0.295645
1921.633667 0.000000 1946.199341 0.000000 0.223242 0.000000 -0.974763 0.301552 0.301552 0.301552
1950.802368 0.000000 1977.014282 0.000000 0.294812 0.000000 -0.955555 0.208412 0.208412 0.208412
1944.763672 0.000000 2007.684326 0.000000 0.068136 0.000000 -0.997676 0.212942 0.212942 0.212942
1974.496216 0.000000 2006.261963 0.000000 0.706768 0.000000 -0.707445 0.209397 0.209397 0.209397
1947.115234 0.000000 2006.236816 0.000000 0.358097 0.000000 -0.933684 0.211428 0.211428 0.211428
1978.085693 0.000000 2024.111694 0.000000 0.593341 0.000000 -0.804952 0.223825 0.223825 0.223825
1979.743408 0.000000 2027.680664 0.000000 0.179318 0.000000 -0.983791 0.230535 0.230535 0.230535
1944.466675 0.000000 2003.477173 0.000000 0.501890 0.000000 -0.864931 0.249166 0.249166 0.249166
1972.417847 0.000000 2007.278198 0.000000 0.243378 0.000000 -0.969931 0.243648 0.243648 0.243648
1951.429199 0.000000 2000.881226 0.000000 0.517714 0.000000 -0.855554 0.265136 0.265136 0.265136
1967.143188 0.000000 2002.630615 0.000000 0.609375 0.000000 -0.792882 0.241894 0.241894 0.241894
1957.219971 0.000000 2000.532593 0.000000 0.499061 0.000000 -0.866567 0.310063 0.310063 0.310063
1950.429565 0.000000 2002.128052 0.000000 0.587223 0.000000 -0.809425 0.286649 0.286649 0.286649
1959.139160 0.000000 2000.680786 0.000000 0.479684 0.000000 -0.877441 0.312073 0.312073 0.312073
1957.208130 0.000000 2002.992432 0.000000 0.211347 0.000000 -0.977411 0.307778 0.307778 0.307778
1963.860962 0.000000 2002.259155 0.000000 0.122597 0.000000 -0.992457 0.303947 0.303947 0.303947
1989.003174 0.000000 2013.081177 0.000000 0.188090 0.000000 -0.982152 0.210175 0.210175 0.210175
1995.443359 0.000000 2006.940186 0.000000 0.038049 0.000000 -0.999276 0.222335 0.222335 0.222335
1986.759888 0.000000 1986.067749 0.000000 0.039093 0.000000 -0.999236 0.232214 0.232214 0.232214
1998.569336 0.000000 2010.721924 0.000000 0.437558 0.000000 -0.899190 0.213980 0.213980 0.213980
1984.060181 0.000000 1985.201294 0.000000 0.013956 0.000000 -0.999903 0.246875 0.246875 0.246875
1996.800293 0.000000 1987.515869 0.000000 0.369384 0.000000 -0.929277 0.237699 0.237699 0.237699
1980.365845 0.000000 2036.165161 0.000000 0.489902 0.000000 -0.871778 0.208988 0.208988 0.208988
1985.476685 0.000000 2039.896240 0.000000 0.392910 0.000000 -0.919577 0.208303 0.208303 0.208303
1993.437988 0.000000 2034.255127 0.000000 0.659316 0.000000 -0.751866 0.206054 0.206054 0.206054
1995.269287 0.000000 2042.767578 0.000000 0.343317 0.000000 -0.939220 0.211425 0.211425 0.211425
1997.243652 0.000000 2040.678589 0.000000 0.678888 0.000000 -0.734242 0.207205 0.207205 0.207205
6008.956055 0.000000 872.681335 0.000000 0.075206 0.000000 -0.997168 0.257562 0.257562 0.257562
6020.861816 0.000000 875.220154 0.000000 0.388521 0.000000 -0.921440 0.208484 0.208484 0.208484
5176.851562 0.000000 1161.299927 0.000000 0.664016 0.000000 -0.747718 0.207064 0.207064 0.207064
5177.096680 0.000000 1163.752441 0.000000 0.625224 0.000000 -0.780446 0.253460 0.253460 0.253460
5174.250977 0.000000 1157.450806 0.000000 0.224294 0.000000 -0.974522 0.270908 0.270908 0.270908
5163.594727 0.000000 1152.087280 0.000000 0.252615 0.000000 -0.967567 0.354956 0.354956 0.354956
5173.027344 0.000000 1161.204590 0.000000 0.696694 0.000000 -0.717369 0.288769 0.288769 0.288769
5180.820312 0.000000 1160.349121 0.000000 0.442699 0.000000 -0.896671 0.376315 0.376315 0.376315
5183.012207 0.000000 1158.869629 0.000000 0.514939 0.000000 -0.857227 0.329457 0.329457 0.329457
5170.361328 0.000000 1157.480103 0.000000 0.404184 0.000000 -0.914678 0.473511 0.473511 0.473511
5179.732422 0.000000 1152.389648 0.000000 0.141378 0.000000 -0.989956 0.363530 0.363530 0.363530
5178.651855 0.000000 1151.270142 0.000000 0.067625 0.000000 -0.997711 0.413453 0.413453 0.413453
5170.397461 0.000000 1155.678101 0.000000 0.696619 0.000000 -0.717441 0.453934 0.453934 0.453934
5176.883301 0.000000 1150.820312 0.000000 0.364625 0.000000 -0.931154 0.491487 0.491487 0.491487
5235.409180 0.000000 1155.173706 0.000000 0.298764 0.000000 -0.954327 0.218180 0.218180 0.218180
5195.910645 0.000000 1157.370483 0.000000 0.263199 0.000000 -0.964742 0.244757 0.244757 0.244757
5206.645996 0.000000 1160.353271 0.000000 0.569701 0.000000 -0.821852 0.251930 0.251930 0.251930
5224.327148 0.000000 1151.959351 0.000000 0.391548 0.000000 -0.920158 0.251069 0.251069 0.251069
5184.129395 0.000000 1161.732178 0.000000 0.439943 0.000000 -0.898026 0.287682 0.287682 0.287682
5234.095215 0.000000 1170.024414 0.000000 0.548777 0.000000 -0.835969 0.315531 0.315531 0.315531
5199.678223 0.000000 1166.104736 0.000000 0.079727 0.000000 -0.996817 0.349816 0.349816 0.349816
5207.490234 0.000000 1155.134888 0.000000 0.638277 0.000000 -0.769807 0.313803 0.313803 0.313803
5186.320312 0.000000 1166.734741 0.000000 0.553051 0.000000 -0.833147 0.319607 0.319607 0.319607
5235.962891 0.000000 1173.171509 0.000000 0.263032 0.000000 -0.964787 0.435137 0.435137 0.435137
5194.871094 0.000000 1164.962036 0.000000 0.264660 0.000000 -0.964342 0.456332 0.456332 0.456332
5213.473145 0.000000 1171.863403 0.000000 0.646432 0.000000 -0.762972 0.379315 0.379315 0.379315
5229.612305 0.000000 1162.670776 0.000000 0.021294 0.000000 -0.999773 0.507928 0.507928 0.507928
5223.352051 0.000000 1152.369629 0.000000 0.277231 0.000000 -0.960803 0.498540 0.498540 0.498540
5193.779297 0.000000 1168.197632 0.000000 0.652557 0.000000 -0.757740 0.461179 0.461179 0.461179
5187.649414 0.000000 1169.804565 0.000000 0.493088 0.000000 -0.869979 0.480608 0.480608 0.480608
5226.156738 0.000000 1161.342285 0.000000 0.627666 0.000000 -0.778482 0.468162 0.468162 0.468162
5239.562988 0.000000 1167.327881 0.000000 0.543876 0.000000 -0.839166 0.476070 0.476070 0.476070
5226.467285 0.000000 1158.711670 0.000000 0.327414 0.000000 -0.944881 0.494517 0.494517 0.494517
5239.679688 0.000000 1165.493042 0.000000 0.036421 0.000000 -0.999337 0.517217 0.517217 0.517217
5184.859375 0.000000 1167.009277 0.000000 0.540957 0.000000 -0.841051 0.468602 0.468602 0.468602
5207.644531 0.000000 1156.466309 0.000000 0.245233 0.000000 -0.969464 0.501073 0.501073 0.501073
5227.877930 0.000000 1159.528931 0.000000 0.378376 0.000000 -0.925652 0.490356 0.490356 0.490356
5203.731445 0.000000 1151.854980 0.000000 0.046112 0.000000 -0.998936 0.516476 0.516476 0.516476
5238.761230 0.000000 1150.856201 0.000000 0.671173 0.000000 -0.741301 0.463790 0.463790 0.463790
5184.347656 0.000000 1168.992554 0.000000 0.527664 0.000000 -0.849453 0.477536 0.477536 0.477536
6038.294922 0.000000 911.223083 0.000000 0.547416 0.000000 -0.836861 0.219237 0.219237 0.219237
6266.308594 0.000000 327.021423 0.000000 0.397193 0.000000 -0.917735 0.210011 0.210011 0.210011
6270.298340 0.000000 331.892548 0.000000 0.294862 0.000000 -0.955540 0.226385 0.226385 0.226385
6286.189453 0.000000 318.865631 0.000000 0.249240 0.000000 -0.968442 0.208561 0.208561 0.208561
6313.423340 0.000000 314.844086 0.000000 0.320039 0.000000 -0.947404 0.208081 0.208081 0.208081
6329.614258 0.000000 334.803009 0.000000 0.446131 0.000000 -0.894968 0.208163 0.208163 0.208163
6335.022949 0.000000 336.587433 0.000000 0.575394 0.000000 -0.817876 0.218867 0.218867 0.218867
6323.339844 0.000000 317.711243 0.000000 0.527623 0.000000 -0.849479 0.232685 0.232685 0.232685
6286.936035 0.000000 328.993774 0.000000 0.126709 0.000000 -0.991940 0.262526 0.262526 0.262526
6306.456055 0.000000 327.374786 0.000000 0.128242 0.000000 -0.991743 0.245279 0.245279 0.245279
6322.704590 0.000000 330.345947 0.000000 0.550039 0.000000 -0.835139 0.260386 0.260386 0.260386
6287.409668 0.000000 322.582092 0.000000 0.174502 0.000000 -0.984657 0.253142 0.253142 0.253142
6304.099609 0.000000 319.241455 0.000000 0.459352 0.000000 -0.888254 0.271879 0.271879 0.271879
6282.104492 0.000000 329.512634 0.000000 0.672394 0.000000 -0.740194 0.276190 0.276190 0.276190
6309.564453 0.000000 327.075562 0.000000 0.042131 0.000000 -0.999112 0.296717 0.296717 0.296717
6310.914062 0.000000 325.204041 0.000000 0.581199 0.000000 -0.813761 0.327039 0.327039 0.327039
6308.342773 0.000000 325.129089 0.000000 0.243129 0.000000 -0.969994 0.373893 0.373893 0.373893
6309.650391 0.000000 321.574280 0.000000 0.100542 0.000000 -0.994933 0.339766 0.339766 0.339766
6345.975098 0.000000 319.933960 0.000000 0.337393 0.000000 -0.941364 0.254749 0.254749 0.254749
6243.886719 0.000000 426.015106 0.000000 0.107202 0.000000 -0.994237 0.245574 0.245574 0.245574
6222.936035 0.000000 441.962524 0.000000 0.507788 0.000000 -0.861482 0.223703 0.223703 0.223703
6252.434570 0.000000 407.169312 0.000000 0.587012 0.000000 -0.809578 0.260942 0.260942 0.260942
6261.193359 0.000000 434.725586 0.000000 0.416604 0.000000 -0.909088 0.238373 0.238373 0.238373
6243.914551 0.000000 424.149750 0.000000 0.405820 0.000000 -0.913953 0.241254 0.241254 0.241254
6254.835449 0.000000 399.441162 0.000000 0.445616 0.000000 -0.895224 0.307377 0.307377 0.307377
6320.015137 0.000000 366.687714 0.000000 0.690815 0.000000 -0.723032 0.206860 0.206860 0.206860
6318.630859 0.000000 362.682922 0.000000 0.568699 0.000000 -0.822546 0.218957 0.218957 0.218957
6328.713379 0.000000 368.329224 0.000000 0.545228 0.000000 -0.838288 0.229775 0.229775 0.229775
6312.272949 0.000000 389.121887 0.000000 0.072335 0.000000 -0.997380 0.269286 0.269286 0.269286
6313.461914 0.000000 394.505890 0.000000 0.456044 0.000000 -0.889957 0.232403 0.232403 0.232403
6327.627441 0.000000 369.533722 0.000000 0.693263 0.000000 -0.720685 0.280896 0.280896 0.280896
6331.166992 0.000000 362.598999 0.000000 0.531292 0.000000 -0.847189 0.300667 0.300667 0.300667
6332.957031 0.000000 363.672180 0.000000 0.200482 0.000000 -0.979697 0.324576 0.324576 0.324576
6339.605469 0.000000 362.182831 0.000000 0.132247 0.000000 -0.991217 0.211130 0.211130 0.211130
6374.985352 0.000000 370.770691 0.000000 0.530297 0.000000 -0.847812 0.236628 0.236628 0.236628
6370.794434 0.000000 377.165710 0.000000 0.016012 0.000000 -0.999872 0.219752 0.219752 0.219752
6373.990723 0.000000 375.543610 0.000000 0.201335 0.000000 -0.979523 0.278578 0.278578 0.278578
6373.000000 0.000000 373.587769 0.000000 0.090477 0.000000 -0.995899 0.280748 0.280748 0.280748
6325.811523 0.000000 436.689697 0.000000 0.088006 0.000000 -0.996120 0.212400 0.212400 0.212400
6299.116211 0.000000 413.865875 0.000000 0.600398 0.000000 -0.799701 0.217235 0.217235 0.217235
6292.862305 0.000000 444.057648 0.000000 0.118902 0.000000 -0.992906 0.228457 0.228457 0.228457
6335.940430 0.000000 414.840118 0.000000 0.460986 0.000000 -0.887407 0.225650 0.225650 0.225650
6290.130371 0.000000 440.483856 0.000000 0.659031 0.000000 -0.752116 0.221553 0.221553 0.221553
6303.429199 0.000000 419.318756 0.000000 0.267400 0.000000 -0.963585 0.232214 0.232214 0.232214
6294.347168 0.000000 418.034271 0.000000 0.194422 0.000000 -0.980918 0.267135 0.267135 0.267135
6310.151855 0.000000 435.714447 0.000000 0.242604 0.000000 -0.970125 0.286451 0.286451 0.286451
6335.474121 0.000000 440.615051 0.000000 0.334553 0.000000 -0.942377 0.275899 0.275899 0.275899
6296.050781 0.000000 413.103638 0.000000 0.341422 0.000000 -0.939910 0.270100 0.270100 0.270100
6286.941895 0.000000 421.031189 0.000000 0.310292 0.000000 -0.950641 0.279251 0.279251 0.279251
6284.962891 0.000000 425.511322 0.000000 0.652753 0.000000 -0.757570 0.274065 0.274065 0.274065
6297.591309 0.000000 413.372375 0.000000 0.611917 0.000000 -0.790922 0.264398 0.264398 0.264398
6284.418457 0.000000 444.466553 0.000000 0.414077 0.000000 -0.910242 0.284070 0.284070 0.284070
6297.273438 0.000000 416.319153 0.000000 0.685521 0.000000 -0.728053 0.306611 0.306611 0.306611
6291.482422 0.000000 421.080566 0.000000 0.344851 0.000000 -0.938657 0.320434 0.320434 0.320434
6284.281738 0.000000 447.392639 0.000000 0.596076 0.000000 -0.802928 0.290498 0.290498 0.290498
6288.687012 0.000000 421.504486 0.000000 0.690665 0.000000 -0.723174 0.309122 0.309122 0.309122
6289.509277 0.000000 422.761108 0.000000 0.522810 0.000000 -0.852449 0.313561 0.313561 0.313561
6366.227539 0.000000 399.947998 0.000000 0.606967 0.000000 -0.794727 0.208026 0.208026 0.208026
6342.656738 0.000000 444.208405 0.000000 0.478836 0.000000 -0.877904 0.210165 0.210165 0.210165
6344.260254 0.000000 404.396301 0.000000 0.351438 0.000000 -0.936211 0.216259 0.216259 0.216259
6340.256348 0.000000 450.906342 0.000000 0.479323 0.000000 -0.877639 0.213510 0.213510 0.213510
6346.112305 0.000000 413.544525 0.000000 0.029005 0.000000 -0.999579 0.225249 0.225249 0.225249
6338.422852 0.000000 423.790222 0.000000 0.146090 0.000000 -0.989271 0.228141 0.228141 0.228141
6348.800293 0.000000 405.953400 0.000000 0.564022 0.000000 -0.825760 0.236084 0.236084 0.236084
6346.587402 0.000000 408.670959 0.000000 0.233470 0.000000 -0.972364 0.267869 0.267869 0.267869
6354.928223 0.000000 436.295380 0.000000 0.344656 0.000000 -0.938729 0.242172 0.242172 0.242172
6336.520996 0.000000 415.160675 0.000000 0.481015 0.000000 -0.876712 0.261793 0.261793 0.261793
6356.010742 0.000000 439.599976 0.000000 0.040731 0.000000 -0.999170 0.281713 0.281713 0.281713
6356.232910 0.000000 437.510284 0.000000 0.363992 0.000000 -0.931402 0.266849 0.266849 0.266849
6342.992676 0.000000 415.457672 0.000000 0.462017 0.000000 -0.886871 0.378437 0.378437 0.378437
6341.154785 0.000000 412.038147 0.000000 0.017339 0.000000 -0.999850 0.359807 0.359807 0.359807
6341.485352 0.000000 414.815125 0.000000 0.531658 0.000000 -0.846959 0.372221 0.372221 0.372221
6269.935547 0.000000 481.905029 0.000000 0.440383 0.000000 -0.897810 0.208488 0.208488 0.208488
6238.227539 0.000000 456.432373 0.000000 0.223832 0.000000 -0.974628 0.210578 0.210578 0.210578
6268.370605 0.000000 497.771637 0.000000 0.286195 0.000000 -0.958171 0.226489 0.226489 0.226489
6263.775879 0.000000 479.599945 0.000000 0.365376 0.000000 -0.930860 0.250123 0.250123 0.250123
6257.665527 0.000000 480.637604 0.000000 0.689500 0.000000 -0.724286 0.254658 0.254658 0.254658
6266.464844 0.000000 488.162415 0.000000 0.293699 0.000000 -0.955898 0.262519 0.262519 0.262519
6261.040527 0.000000 480.522461 0.000000 0.541986 0.000000 -0.840388 0.287876 0.287876 0.287876
6263.001953 0.000000 486.909637 0.000000 0.199691 0.000000 -0.979859 0.311057 0.311057 0.311057
6266.382812 0.000000 486.751740 0.000000 0.477604 0.000000 -0.878575 0.316413 0.316413 0.316413
6265.621582 0.000000 484.765778 0.000000 0.338428 0.000000 -0.940992 0.328003 0.328003 0.328003
6314.581543 0.000000 470.679810 0.000000 0.096812 0.000000 -0.995303 0.209751 0.209751 0.209751
6329.729980 0.000000 492.664520 0.000000 0.626167 0.000000 -0.779689 0.206139 0.206139 0.206139
6318.630859 0.000000 475.651672 0.000000 0.535239 0.000000 -0.844701 0.216777 0.216777 0.216777
6327.633301 0.000000 470.592865 0.000000 0.020918 0.000000 -0.999781 0.282096 0.282096 0.282096
6315.248535 0.000000 484.701019 0.000000 0.246751 0.000000 -0.969079 0.243599 0.243599 0.243599
6333.495117 0.000000 471.035217 0.000000 0.103709 0.000000 -0.994608 0.276067 0.276067 0.276067
6330.962891 0.000000 470.013702 0.000000 0.334487 0.000000 -0.942400 0.275901 0.275901 0.275901
6330.884277 0.000000 467.158539 0.000000 0.447761 0.000000 -0.894153 0.317342 0.317342 0.317342
6317.920898 0.000000 493.198975 0.000000 0.448052 0.000000 -0.894008 0.300193 0.300193 0.300193
6328.202637 0.000000 468.831604 0.000000 0.095953 0.000000 -0.995386 0.354025 0.354025 0.354025
6353.626465 0.000000 457.084503 0.000000 0.622840 0.000000 -0.782349 0.206392 0.206392 0.206392
6351.844238 0.000000 455.002167 0.000000 0.607015 0.000000 -0.794690 0.222326 0.222326 0.222326
"}
