object={
	name="bush_02_generator_2_0"
	clamp_to_water_level=no
	render_under_water=no
	generated_content=yes
	layer="semidynamic_high"
	pdxmesh="tree_bush_03_mesh"
	count=1141
	transform="569.915649 0.000000 1140.402222 0.000000 0.840599 0.000000 -0.541658 0.101822 0.101822 0.101822
573.258179 0.000000 1141.701782 0.000000 0.717814 0.000000 0.696235 0.157389 0.157389 0.157389
571.325317 0.000000 1141.802856 0.000000 0.894941 0.000000 0.446184 0.154001 0.154001 0.154001
572.241577 0.000000 1140.429932 0.000000 0.870298 0.000000 0.492525 0.158700 0.158700 0.158700
573.779541 0.000000 1140.466553 0.000000 0.221659 0.000000 0.975124 0.154425 0.154425 0.154425
572.908752 0.000000 1144.623291 0.000000 0.964125 0.000000 0.265448 0.189958 0.189958 0.189958
571.085327 0.000000 1140.204590 0.000000 0.653806 0.000000 0.756662 0.152033 0.152033 0.152033
570.229919 0.000000 1141.508667 0.000000 0.585702 0.000000 0.810527 0.151601 0.151601 0.151601
571.330261 0.000000 1142.877563 0.000000 0.490714 0.000000 0.871321 0.193265 0.193265 0.193265
570.467651 0.000000 1142.432861 0.000000 0.355198 0.000000 0.934791 0.192312 0.192312 0.192312
573.770813 0.000000 1142.406128 0.000000 0.876301 0.000000 -0.481765 0.203200 0.203200 0.203200
1707.135864 0.000000 2516.935547 0.000000 0.990537 0.000000 0.137246 0.188526 0.188526 0.188526
1706.156738 0.000000 2516.967285 0.000000 0.660485 0.000000 0.750840 0.184236 0.184236 0.184236
1706.336914 0.000000 2517.977783 0.000000 0.983478 0.000000 -0.181028 0.190453 0.190453 0.190453
1704.647339 0.000000 2517.612305 0.000000 0.996062 0.000000 -0.088657 0.200565 0.200565 0.200565
1774.444580 0.000000 2536.674805 0.000000 0.465272 0.000000 0.885168 0.136292 0.136292 0.136292
1776.143311 0.000000 2537.729004 0.000000 0.959688 0.000000 0.281067 0.177646 0.177646 0.177646
1777.185059 0.000000 2537.171631 0.000000 0.967094 0.000000 -0.254420 0.180740 0.180740 0.180740
1776.439697 0.000000 2534.901855 0.000000 0.334809 0.000000 0.942286 0.192173 0.192173 0.192173
1777.625122 0.000000 2536.229248 0.000000 0.995459 0.000000 -0.095190 0.179816 0.179816 0.179816
1774.665649 0.000000 2535.779785 0.000000 0.060253 0.000000 0.998183 0.190384 0.190384 0.190384
1774.721313 0.000000 2534.879395 0.000000 0.980705 0.000000 0.195495 0.198747 0.198747 0.198747
1650.281372 0.000000 2641.350342 0.000000 0.523558 0.000000 0.851990 0.123585 0.123585 0.123585
1639.866577 0.000000 2639.984863 0.000000 0.514666 0.000000 0.857391 0.132754 0.132754 0.132754
1657.729980 0.000000 2639.070801 0.000000 0.841560 0.000000 -0.540164 0.130051 0.130051 0.130051
1653.811401 0.000000 2639.580322 0.000000 0.843597 0.000000 0.536977 0.125426 0.125426 0.125426
1648.763550 0.000000 2638.087646 0.000000 0.991410 0.000000 -0.130793 0.119263 0.119263 0.119263
1642.699829 0.000000 2638.660156 0.000000 0.989381 0.000000 0.145345 0.112082 0.112082 0.112082
1638.737793 0.000000 2636.759033 0.000000 0.988795 0.000000 -0.149277 0.124963 0.124963 0.124963
1642.451904 0.000000 2633.215332 0.000000 0.315840 0.000000 0.948812 0.096023 0.096023 0.096023
1659.279419 0.000000 2623.482666 0.000000 0.698353 0.000000 0.715753 0.111384 0.111384 0.111384
1651.473267 0.000000 2638.659180 0.000000 0.936996 0.000000 0.349341 0.126280 0.126280 0.126280
1657.397339 0.000000 2636.431641 0.000000 0.902100 0.000000 -0.431528 0.103977 0.103977 0.103977
1643.827026 0.000000 2636.468018 0.000000 0.999275 0.000000 -0.038084 0.107693 0.107693 0.107693
1656.956177 0.000000 2623.697021 0.000000 0.962923 0.000000 -0.269777 0.123756 0.123756 0.123756
1640.632446 0.000000 2637.916504 0.000000 0.998113 0.000000 -0.061397 0.134717 0.134717 0.134717
1642.151367 0.000000 2640.792725 0.000000 0.373854 0.000000 0.927488 0.101341 0.101341 0.101341
1652.105469 0.000000 2640.672119 0.000000 0.800933 0.000000 0.598754 0.117438 0.117438 0.117438
1638.151733 0.000000 2638.604980 0.000000 0.958257 0.000000 -0.285909 0.138522 0.138522 0.138522
1649.177856 0.000000 2639.894531 0.000000 0.146693 0.000000 0.989182 0.113386 0.113386 0.113386
1657.095215 0.000000 2622.060791 0.000000 0.364299 0.000000 0.931282 0.118011 0.118011 0.118011
1641.330078 0.000000 2639.442871 0.000000 0.976508 0.000000 -0.215479 0.148358 0.148358 0.148358
1641.198730 0.000000 2634.289307 0.000000 0.999733 0.000000 0.023094 0.127637 0.127637 0.127637
1640.332397 0.000000 2636.484131 0.000000 0.811520 0.000000 -0.584324 0.137125 0.137125 0.137125
1650.837158 0.000000 2639.957520 0.000000 0.708191 0.000000 0.706021 0.124544 0.124544 0.124544
1639.334595 0.000000 2638.039551 0.000000 0.895551 0.000000 -0.444959 0.139270 0.139270 0.139270
1685.428101 0.000000 2630.628906 0.000000 0.942742 0.000000 0.333524 0.126349 0.126349 0.126349
1711.365356 0.000000 2629.084961 0.000000 0.906208 0.000000 -0.422831 0.106786 0.106786 0.106786
1680.913574 0.000000 2630.851318 0.000000 0.610223 0.000000 0.792230 0.097089 0.097089 0.097089
1682.408936 0.000000 2626.690674 0.000000 0.696797 0.000000 0.717268 0.109192 0.109192 0.109192
1713.158813 0.000000 2632.909668 0.000000 0.610068 0.000000 0.792349 0.152296 0.152296 0.152296
1706.451904 0.000000 2633.215332 0.000000 0.893564 0.000000 -0.448935 0.115411 0.115411 0.115411
1685.175049 0.000000 2633.499268 0.000000 0.554999 0.000000 0.831851 0.123737 0.123737 0.123737
1669.178101 0.000000 2623.651367 0.000000 0.997373 0.000000 -0.072440 0.137010 0.137010 0.137010
1680.434082 0.000000 2628.342529 0.000000 0.003911 0.000000 0.999992 0.133603 0.133603 0.133603
1683.150757 0.000000 2632.042725 0.000000 0.580617 0.000000 0.814176 0.121147 0.121147 0.121147
1680.003174 0.000000 2625.583984 0.000000 0.818918 0.000000 0.573911 0.104371 0.104371 0.104371
1682.931519 0.000000 2629.607422 0.000000 0.920496 0.000000 0.390752 0.152646 0.152646 0.152646
1718.374756 0.000000 2629.831055 0.000000 0.995896 0.000000 -0.090510 0.121919 0.121919 0.121919
1709.660034 0.000000 2630.231445 0.000000 0.501071 0.000000 0.865406 0.168429 0.168429 0.168429
1714.737793 0.000000 2631.778809 0.000000 0.405764 0.000000 0.913978 0.140852 0.140852 0.140852
1707.248413 0.000000 2631.107178 0.000000 0.987306 0.000000 0.158830 0.109804 0.109804 0.109804
1681.981812 0.000000 2628.193359 0.000000 0.903424 0.000000 0.428748 0.138633 0.138633 0.138633
1682.458496 0.000000 2633.377197 0.000000 0.438229 0.000000 0.898863 0.120487 0.120487 0.120487
1715.138062 0.000000 2630.293457 0.000000 0.839429 0.000000 -0.543469 0.148893 0.148893 0.148893
1681.019165 0.000000 2626.898926 0.000000 0.987336 0.000000 -0.158642 0.128942 0.128942 0.128942
1681.384644 0.000000 2629.486572 0.000000 0.677824 0.000000 0.735224 0.136919 0.136919 0.136919
1683.367432 0.000000 2628.288574 0.000000 0.205317 0.000000 0.978695 0.147909 0.147909 0.147909
1709.534546 0.000000 2633.302734 0.000000 0.928882 0.000000 -0.370376 0.187107 0.187107 0.187107
1711.812744 0.000000 2630.385742 0.000000 0.969675 0.000000 0.244399 0.193982 0.193982 0.193982
1708.297485 0.000000 2630.333740 0.000000 0.983741 0.000000 -0.179594 0.175231 0.175231 0.175231
1712.498535 0.000000 2631.833984 0.000000 0.419975 0.000000 0.907535 0.192759 0.192759 0.192759
1717.815186 0.000000 2628.656250 0.000000 0.991559 0.000000 0.129656 0.188014 0.188014 0.188014
1711.941284 0.000000 2632.900635 0.000000 0.941972 0.000000 0.335693 0.193942 0.193942 0.193942
1715.446045 0.000000 2629.225830 0.000000 0.879656 0.000000 -0.475611 0.175271 0.175271 0.175271
1713.624756 0.000000 2631.704834 0.000000 0.985844 0.000000 -0.167666 0.201072 0.201072 0.201072
1709.612549 0.000000 2631.264404 0.000000 0.990697 0.000000 0.136086 0.173473 0.173473 0.173473
1788.605713 0.000000 2630.207764 0.000000 0.838678 0.000000 0.544627 0.155637 0.155637 0.155637
1786.545166 0.000000 2630.251953 0.000000 0.629016 0.000000 0.777392 0.162215 0.162215 0.162215
1789.998047 0.000000 2630.907227 0.000000 0.825239 0.000000 -0.564783 0.161572 0.161572 0.161572
1787.589600 0.000000 2630.846191 0.000000 0.999656 0.000000 0.026241 0.166807 0.166807 0.166807
3053.255371 0.000000 3105.031738 0.000000 0.794999 0.000000 0.606611 0.142636 0.142636 0.142636
3009.469238 0.000000 3104.704346 0.000000 0.940511 0.000000 -0.339763 0.133105 0.133105 0.133105
3057.044678 0.000000 3098.840088 0.000000 0.854385 0.000000 0.519641 0.098261 0.098261 0.098261
3065.614258 0.000000 3102.537354 0.000000 0.593518 0.000000 0.804820 0.110339 0.110339 0.110339
3067.743408 0.000000 3100.883789 0.000000 0.547767 0.000000 0.836631 0.112308 0.112308 0.112308
3052.424072 0.000000 3102.702393 0.000000 0.427547 0.000000 0.903993 0.125301 0.125301 0.125301
3068.200928 0.000000 3094.229004 0.000000 0.738181 0.000000 0.674602 0.173405 0.173405 0.173405
3058.704590 0.000000 3098.080322 0.000000 0.986144 0.000000 -0.165892 0.166706 0.166706 0.166706
3069.962402 0.000000 3095.944336 0.000000 0.934222 0.000000 0.356693 0.175529 0.175529 0.175529
3069.135498 0.000000 3092.882812 0.000000 0.947434 0.000000 0.319950 0.131397 0.131397 0.131397
3059.251709 0.000000 3099.320312 0.000000 0.871822 0.000000 0.489822 0.163124 0.163124 0.163124
3010.944824 0.000000 3105.623047 0.000000 0.999856 0.000000 0.016959 0.194853 0.194853 0.194853
3069.235596 0.000000 3094.937744 0.000000 0.915276 0.000000 -0.402827 0.179935 0.179935 0.179935
3058.142090 0.000000 3099.068604 0.000000 0.406066 0.000000 0.913844 0.159742 0.159742 0.159742
3010.057129 0.000000 3105.458252 0.000000 0.995390 0.000000 0.095905 0.194362 0.194362 0.194362
2926.271240 0.000000 3200.413574 0.000000 0.951320 0.000000 -0.308204 0.108070 0.108070 0.108070
2931.720459 0.000000 3200.996826 0.000000 0.860327 0.000000 -0.509743 0.106546 0.106546 0.106546
2931.339844 0.000000 3198.414307 0.000000 0.882248 0.000000 -0.470784 0.128017 0.128017 0.128017
2936.713623 0.000000 3192.548096 0.000000 0.998051 0.000000 0.062408 0.121886 0.121886 0.121886
2930.737793 0.000000 3196.622559 0.000000 0.978830 0.000000 -0.204673 0.132516 0.132516 0.132516
2933.526611 0.000000 3197.060547 0.000000 0.932497 0.000000 0.361179 0.162769 0.162769 0.162769
2937.029053 0.000000 3191.273193 0.000000 0.295655 0.000000 0.955295 0.171483 0.171483 0.171483
2939.392334 0.000000 3190.192871 0.000000 0.320128 0.000000 0.947374 0.189384 0.189384 0.189384
2937.614258 0.000000 3271.990479 0.000000 0.972040 0.000000 -0.234814 0.135468 0.135468 0.135468
2942.612305 0.000000 3271.249756 0.000000 0.940977 0.000000 0.338469 0.145720 0.145720 0.145720
2936.579102 0.000000 3268.771729 0.000000 0.668803 0.000000 0.743440 0.148315 0.148315 0.148315
2943.022949 0.000000 3273.774902 0.000000 0.935746 0.000000 -0.352676 0.110497 0.110497 0.110497
2930.714844 0.000000 3270.082275 0.000000 0.393112 0.000000 0.919490 0.120830 0.120830 0.120830
2935.341309 0.000000 3270.901367 0.000000 0.952475 0.000000 -0.304617 0.171420 0.171420 0.171420
2934.447266 0.000000 3268.818848 0.000000 0.976989 0.000000 -0.213288 0.120144 0.120144 0.120144
2934.159912 0.000000 3270.256104 0.000000 0.999909 0.000000 -0.013499 0.169821 0.169821 0.169821
2943.189697 0.000000 3270.104004 0.000000 0.977861 0.000000 0.209256 0.146350 0.146350 0.146350
2934.354980 0.000000 3271.461426 0.000000 0.989185 0.000000 -0.146674 0.170543 0.170543 0.170543
2933.628662 0.000000 3270.924805 0.000000 0.827366 0.000000 -0.561663 0.203797 0.203797 0.203797
2958.189453 0.000000 3256.053223 0.000000 0.948877 0.000000 0.315647 0.145833 0.145833 0.145833
2955.937012 0.000000 3252.378662 0.000000 0.608371 0.000000 0.793653 0.113126 0.113126 0.113126
2944.226318 0.000000 3270.926270 0.000000 0.863258 0.000000 -0.504763 0.127604 0.127604 0.127604
2955.443359 0.000000 3249.596436 0.000000 0.740007 0.000000 0.672599 0.149897 0.149897 0.149897
2956.076904 0.000000 3254.919922 0.000000 0.991810 0.000000 -0.127723 0.171002 0.171002 0.171002
2945.941895 0.000000 3272.237305 0.000000 0.994266 0.000000 0.106939 0.171961 0.171961 0.171961
2959.572021 0.000000 3251.209229 0.000000 0.985479 0.000000 0.169798 0.145982 0.145982 0.145982
2958.941895 0.000000 3245.250000 0.000000 0.361220 0.000000 0.932481 0.143322 0.143322 0.143322
2957.010498 0.000000 3253.633545 0.000000 0.811871 0.000000 0.583838 0.171870 0.171870 0.171870
2956.710449 0.000000 3256.343262 0.000000 0.993960 0.000000 0.109744 0.131750 0.131750 0.131750
2957.583252 0.000000 3252.378418 0.000000 0.532419 0.000000 0.846481 0.169716 0.169716 0.169716
2957.189453 0.000000 3247.650146 0.000000 0.871852 0.000000 0.489770 0.135570 0.135570 0.135570
2957.373291 0.000000 3254.878174 0.000000 0.684676 0.000000 0.728847 0.165881 0.165881 0.165881
2956.303711 0.000000 3248.563721 0.000000 0.526598 0.000000 0.850115 0.155041 0.155041 0.155041
2952.697510 0.000000 3248.530762 0.000000 0.993237 0.000000 0.116104 0.152933 0.152933 0.152933
2959.281494 0.000000 3252.415527 0.000000 0.508053 0.000000 0.861326 0.161431 0.161431 0.161431
2954.195801 0.000000 3249.944092 0.000000 0.820493 0.000000 0.571656 0.150528 0.150528 0.150528
2959.094727 0.000000 3246.365723 0.000000 0.655219 0.000000 0.755439 0.194548 0.194548 0.194548
2957.947754 0.000000 3250.053711 0.000000 0.216856 0.000000 0.976204 0.191392 0.191392 0.191392
2955.204346 0.000000 3250.560303 0.000000 0.774600 0.000000 0.632451 0.195641 0.195641 0.195641
2957.069824 0.000000 3250.606934 0.000000 0.838992 0.000000 -0.544143 0.203663 0.203663 0.203663
2958.058105 0.000000 3247.753906 0.000000 0.434646 0.000000 0.900601 0.192863 0.192863 0.192863
2956.131836 0.000000 3250.086914 0.000000 0.890644 0.000000 -0.454701 0.203005 0.203005 0.203005
2942.018555 0.000000 3301.988770 0.000000 0.902188 0.000000 0.431343 0.155188 0.155188 0.155188
2942.998535 0.000000 3300.075439 0.000000 0.832736 0.000000 -0.553670 0.160363 0.160363 0.160363
2940.956787 0.000000 3300.859619 0.000000 0.211376 0.000000 0.977405 0.150083 0.150083 0.150083
2940.552490 0.000000 3305.512939 0.000000 0.928195 0.000000 0.372094 0.168795 0.168795 0.168795
2938.259521 0.000000 3302.225830 0.000000 0.985245 0.000000 -0.171152 0.196025 0.196025 0.196025
2938.078369 0.000000 3305.366455 0.000000 0.560872 0.000000 0.827903 0.193791 0.193791 0.193791
2941.635010 0.000000 3304.715820 0.000000 0.810388 0.000000 0.585894 0.167464 0.167464 0.167464
2942.953369 0.000000 3301.251465 0.000000 0.649947 0.000000 0.759980 0.153097 0.153097 0.153097
2940.866699 0.000000 3303.188232 0.000000 0.489049 0.000000 0.872256 0.193253 0.193253 0.193253
2941.448730 0.000000 3302.557617 0.000000 0.478737 0.000000 0.877959 0.193178 0.193178 0.193178
2941.357666 0.000000 3303.980713 0.000000 0.942995 0.000000 0.332806 0.197840 0.197840 0.197840
2962.736816 0.000000 3326.214844 0.000000 0.951225 0.000000 0.308498 0.099002 0.099002 0.099002
2960.020752 0.000000 3320.322021 0.000000 0.548970 0.000000 0.835842 0.096850 0.096850 0.096850
2957.646240 0.000000 3316.840088 0.000000 0.952715 0.000000 -0.303867 0.100983 0.100983 0.100983
2950.114014 0.000000 3315.052246 0.000000 0.572096 0.000000 0.820187 0.117304 0.117304 0.117304
2969.163818 0.000000 3331.953125 0.000000 0.818186 0.000000 0.574954 0.124142 0.124142 0.124142
2964.862061 0.000000 3324.760742 0.000000 0.918929 0.000000 -0.394423 0.109519 0.109519 0.109519
2951.173340 0.000000 3305.300537 0.000000 0.999746 0.000000 0.022549 0.115883 0.115883 0.115883
2947.928711 0.000000 3306.225586 0.000000 0.266958 0.000000 0.963708 0.151980 0.151980 0.151980
2962.130127 0.000000 3321.187012 0.000000 0.857275 0.000000 0.514858 0.126633 0.126633 0.126633
2957.897461 0.000000 3319.201660 0.000000 0.968189 0.000000 -0.250219 0.140619 0.140619 0.140619
2955.567871 0.000000 3316.247070 0.000000 0.902563 0.000000 -0.430559 0.173289 0.173289 0.173289
2951.299561 0.000000 3316.831787 0.000000 0.733966 0.000000 0.679186 0.115945 0.115945 0.115945
2959.977051 0.000000 3325.160889 0.000000 0.590693 0.000000 0.806896 0.113588 0.113588 0.113588
2949.887695 0.000000 3306.922363 0.000000 0.974473 0.000000 -0.224504 0.139937 0.139937 0.139937
2971.270508 0.000000 3327.840088 0.000000 0.974785 0.000000 -0.223145 0.135417 0.135417 0.135417
2968.941406 0.000000 3326.321533 0.000000 0.928707 0.000000 -0.370813 0.158760 0.158760 0.158760
2971.848389 0.000000 3329.752930 0.000000 0.835093 0.000000 0.550109 0.112717 0.112717 0.112717
2956.416504 0.000000 3318.011719 0.000000 0.652992 0.000000 0.757365 0.135680 0.135680 0.135680
2961.633057 0.000000 3324.922607 0.000000 0.661925 0.000000 0.749570 0.149361 0.149361 0.149361
2946.930908 0.000000 3307.568359 0.000000 0.963647 0.000000 -0.267179 0.159908 0.159908 0.159908
2944.129395 0.000000 3308.138428 0.000000 0.967291 0.000000 -0.253670 0.147977 0.147977 0.147977
2966.839355 0.000000 3326.658691 0.000000 0.992676 0.000000 0.120803 0.186394 0.186394 0.186394
2969.614014 0.000000 3327.829346 0.000000 0.953292 0.000000 0.302051 0.155331 0.155331 0.155331
2946.917725 0.000000 3309.523193 0.000000 0.926110 0.000000 -0.377252 0.195657 0.195657 0.195657
2964.429443 0.000000 3326.116455 0.000000 0.709681 0.000000 0.704523 0.181912 0.181912 0.181912
2944.022461 0.000000 3311.800537 0.000000 0.998406 0.000000 0.056447 0.138686 0.138686 0.138686
2945.603271 0.000000 3310.047119 0.000000 0.999996 0.000000 0.002933 0.138923 0.138923 0.138923
2945.633545 0.000000 3301.824219 0.000000 0.994764 0.000000 0.102199 0.182038 0.182038 0.182038
2959.887695 0.000000 3323.831055 0.000000 0.994671 0.000000 0.103096 0.152997 0.152997 0.152997
2963.485352 0.000000 3325.063232 0.000000 0.987249 0.000000 -0.159187 0.148652 0.148652 0.148652
2948.623047 0.000000 3307.480957 0.000000 0.792457 0.000000 0.609928 0.136035 0.136035 0.136035
2968.647461 0.000000 3329.041016 0.000000 0.943892 0.000000 0.330253 0.194532 0.194532 0.194532
2956.848145 0.000000 3319.996826 0.000000 0.935234 0.000000 0.354030 0.137889 0.137889 0.137889
2944.655273 0.000000 3309.239014 0.000000 0.999924 0.000000 -0.012327 0.146836 0.146836 0.146836
2961.553955 0.000000 3322.274414 0.000000 0.965668 0.000000 0.259779 0.150551 0.150551 0.150551
2967.847900 0.000000 3326.145020 0.000000 0.914356 0.000000 0.404911 0.184632 0.184632 0.184632
2955.498535 0.000000 3317.372070 0.000000 0.964582 0.000000 0.263785 0.169416 0.169416 0.169416
2954.770020 0.000000 3319.432861 0.000000 0.998978 0.000000 -0.045189 0.200288 0.200288 0.200288
2963.690918 0.000000 3322.896973 0.000000 0.538250 0.000000 0.842785 0.181144 0.181144 0.181144
2947.896484 0.000000 3309.677734 0.000000 0.538344 0.000000 0.842725 0.187111 0.187111 0.187111
2947.255371 0.000000 3308.566650 0.000000 0.926177 0.000000 -0.377088 0.195656 0.195656 0.195656
2944.727051 0.000000 3301.575195 0.000000 0.768182 0.000000 0.640232 0.178594 0.178594 0.178594
2965.328369 0.000000 3326.434570 0.000000 0.958152 0.000000 0.286259 0.184831 0.184831 0.184831
2955.565674 0.000000 3318.219238 0.000000 0.993011 0.000000 0.118024 0.199247 0.199247 0.199247
2958.189453 0.000000 3369.021973 0.000000 0.895199 0.000000 -0.445667 0.101470 0.101470 0.101470
2977.639404 0.000000 3362.615723 0.000000 0.999733 0.000000 -0.023087 0.129507 0.129507 0.129507
2965.034912 0.000000 3373.295166 0.000000 0.615432 0.000000 0.788190 0.097110 0.097110 0.097110
2960.020752 0.000000 3376.806396 0.000000 0.560622 0.000000 0.828072 0.120507 0.120507 0.120507
2978.996826 0.000000 3388.541504 0.000000 0.998998 0.000000 0.044750 0.112445 0.112445 0.112445
2967.827881 0.000000 3356.754883 0.000000 0.472227 0.000000 0.881477 0.098459 0.098459 0.098459
2967.871582 0.000000 3372.059082 0.000000 0.323055 0.000000 0.946380 0.109230 0.109230 0.109230
2972.116211 0.000000 3387.993652 0.000000 0.955289 0.000000 0.295672 0.119297 0.119297 0.119297
2974.841064 0.000000 3364.210205 0.000000 0.078592 0.000000 0.996907 0.098185 0.098185 0.098185
2958.569336 0.000000 3366.346924 0.000000 0.743463 0.000000 0.668777 0.126394 0.126394 0.126394
2957.917725 0.000000 3364.024414 0.000000 0.951546 0.000000 -0.307508 0.121647 0.121647 0.121647
2960.405029 0.000000 3370.133301 0.000000 0.455686 0.000000 0.890141 0.104886 0.104886 0.104886
2963.281494 0.000000 3388.232666 0.000000 0.882709 0.000000 -0.469921 0.173529 0.173529 0.173529
2962.112793 0.000000 3358.769775 0.000000 0.262420 0.000000 0.964954 0.146587 0.146587 0.146587
2958.486328 0.000000 3371.260010 0.000000 0.090447 0.000000 0.995901 0.147870 0.147870 0.147870
2977.051514 0.000000 3364.769531 0.000000 0.998854 0.000000 0.047870 0.125299 0.125299 0.125299
2975.716309 0.000000 3373.028809 0.000000 0.846291 0.000000 0.532720 0.127648 0.127648 0.127648
2968.739258 0.000000 3361.147217 0.000000 0.951325 0.000000 -0.308189 0.153901 0.153901 0.153901
2967.245850 0.000000 3388.238525 0.000000 0.354341 0.000000 0.935116 0.147057 0.147057 0.147057
2971.848389 0.000000 3386.237305 0.000000 0.993040 0.000000 0.117777 0.123902 0.123902 0.123902
2975.589600 0.000000 3362.623291 0.000000 0.995660 0.000000 -0.093066 0.139348 0.139348 0.139348
2967.132568 0.000000 3370.526855 0.000000 0.220009 0.000000 0.975498 0.160314 0.160314 0.160314
2961.260742 0.000000 3375.142334 0.000000 0.989830 0.000000 0.142254 0.131612 0.131612 0.131612
2969.702148 0.000000 3358.020264 0.000000 0.994939 0.000000 -0.100483 0.132074 0.132074 0.132074
2963.982178 0.000000 3386.760254 0.000000 0.785516 0.000000 0.618842 0.169432 0.169432 0.169432
2968.838135 0.000000 3370.689697 0.000000 0.998396 0.000000 0.056609 0.119113 0.119113 0.119113
2959.107910 0.000000 3367.773193 0.000000 0.887400 0.000000 0.461001 0.127438 0.127438 0.127438
2956.710449 0.000000 3369.312012 0.000000 0.830208 0.000000 0.557453 0.180845 0.180845 0.180845
2966.790283 0.000000 3359.106934 0.000000 0.293870 0.000000 0.955845 0.128470 0.128470 0.128470
2963.482422 0.000000 3358.268066 0.000000 0.467308 0.000000 0.884094 0.147661 0.147661 0.147661
2962.552246 0.000000 3386.729004 0.000000 0.995155 0.000000 -0.098315 0.173652 0.173652 0.173652
2963.060547 0.000000 3359.788818 0.000000 0.648064 0.000000 0.761586 0.148726 0.148726 0.148726
2969.114990 0.000000 3386.904541 0.000000 0.079717 0.000000 0.996818 0.129140 0.129140 0.129140
2966.003174 0.000000 3361.794434 0.000000 0.901265 0.000000 -0.433268 0.144895 0.144895 0.144895
2957.373291 0.000000 3367.846924 0.000000 0.974458 0.000000 -0.224569 0.195799 0.195799 0.195799
2963.671875 0.000000 3361.312988 0.000000 0.994644 0.000000 0.103356 0.173097 0.173097 0.173097
2961.638672 0.000000 3373.876465 0.000000 0.917622 0.000000 0.397455 0.172516 0.172516 0.172516
2957.509277 0.000000 3370.354492 0.000000 0.454465 0.000000 0.890765 0.135697 0.135697 0.135697
2968.281250 0.000000 3373.288330 0.000000 0.995536 0.000000 -0.094379 0.156211 0.156211 0.156211
2955.079834 0.000000 3388.377197 0.000000 0.049998 0.000000 0.998749 0.184987 0.184987 0.184987
2959.086670 0.000000 3370.113525 0.000000 0.364192 0.000000 0.931324 0.149264 0.149264 0.149264
2966.251709 0.000000 3388.952881 0.000000 0.850797 0.000000 0.525494 0.150248 0.150248 0.150248
2962.405518 0.000000 3372.342285 0.000000 0.992461 0.000000 -0.122562 0.186159 0.186159 0.186159
2960.442383 0.000000 3373.385742 0.000000 0.494223 0.000000 0.869335 0.168927 0.168927 0.168927
2963.857666 0.000000 3372.774658 0.000000 0.761797 0.000000 0.647816 0.181275 0.181275 0.181275
2962.832031 0.000000 3376.755859 0.000000 0.258370 0.000000 0.966046 0.182537 0.182537 0.182537
2974.678955 0.000000 3386.543457 0.000000 0.961525 0.000000 -0.274718 0.189338 0.189338 0.189338
2962.524414 0.000000 3374.496338 0.000000 0.999050 0.000000 0.043586 0.167275 0.167275 0.167275
2972.595215 0.000000 3373.207031 0.000000 0.915965 0.000000 0.401258 0.170281 0.170281 0.170281
2963.938965 0.000000 3360.292480 0.000000 0.743028 0.000000 0.669261 0.169616 0.169616 0.169616
2973.504883 0.000000 3373.636719 0.000000 0.395797 0.000000 0.918338 0.166157 0.166157 0.166157
2965.270752 0.000000 3358.733398 0.000000 0.595654 0.000000 0.803241 0.194062 0.194062 0.194062
2972.635742 0.000000 3372.206299 0.000000 0.107007 0.000000 0.994258 0.164510 0.164510 0.164510
2974.264648 0.000000 3387.398926 0.000000 0.106444 0.000000 0.994319 0.178928 0.178928 0.178928
2959.296143 0.000000 3388.600830 0.000000 0.889376 0.000000 0.457176 0.196977 0.196977 0.196977
2968.071289 0.000000 3388.733154 0.000000 0.999575 0.000000 0.029165 0.199814 0.199814 0.199814
2958.584229 0.000000 3388.983643 0.000000 0.983766 0.000000 0.179455 0.198851 0.198851 0.198851
2964.213135 0.000000 3358.592773 0.000000 0.423542 0.000000 0.905876 0.192784 0.192784 0.192784
2974.802246 0.000000 3389.123535 0.000000 0.352188 0.000000 0.935929 0.102340 0.102340 0.102340
2957.467529 0.000000 3404.617676 0.000000 0.997363 0.000000 -0.072574 0.103320 0.103320 0.103320
2966.797119 0.000000 3390.037109 0.000000 0.974776 0.000000 0.223186 0.137940 0.137940 0.137940
2953.095459 0.000000 3401.049805 0.000000 0.670372 0.000000 0.742025 0.128694 0.128694 0.128694
2956.396729 0.000000 3401.570312 0.000000 0.948445 0.000000 0.316941 0.121984 0.121984 0.121984
2966.343750 0.000000 3406.454834 0.000000 0.805291 0.000000 0.592880 0.124602 0.124602 0.124602
2963.875488 0.000000 3404.511230 0.000000 0.320736 0.000000 0.947169 0.109759 0.109759 0.109759
2967.342529 0.000000 3404.573242 0.000000 0.990722 0.000000 -0.135905 0.139538 0.139538 0.139538
2955.631592 0.000000 3405.578857 0.000000 0.982289 0.000000 0.187370 0.135875 0.135875 0.135875
2961.373535 0.000000 3389.168945 0.000000 0.444251 0.000000 0.895902 0.115110 0.115110 0.115110
2959.288574 0.000000 3403.600586 0.000000 0.989696 0.000000 0.143185 0.165626 0.165626 0.165626
2965.077881 0.000000 3391.190186 0.000000 0.924739 0.000000 0.380602 0.134443 0.134443 0.134443
2952.096436 0.000000 3391.247559 0.000000 0.090864 0.000000 0.995863 0.166557 0.166557 0.166557
2954.859131 0.000000 3396.591064 0.000000 0.765979 0.000000 0.642865 0.127631 0.127631 0.127631
2964.110352 0.000000 3402.700195 0.000000 0.565012 0.000000 0.825083 0.111299 0.111299 0.111299
2952.084717 0.000000 3404.697510 0.000000 0.981630 0.000000 0.190792 0.123053 0.123053 0.123053
2952.607910 0.000000 3402.897949 0.000000 0.998132 0.000000 -0.061100 0.145380 0.145380 0.145380
2955.861084 0.000000 3403.731934 0.000000 0.946239 0.000000 0.323468 0.119740 0.119740 0.119740
2976.706299 0.000000 3393.211670 0.000000 0.932316 0.000000 -0.361644 0.117332 0.117332 0.117332
2970.746094 0.000000 3389.089600 0.000000 0.990042 0.000000 -0.140774 0.153629 0.153629 0.153629
2953.291260 0.000000 3405.855713 0.000000 0.990796 0.000000 -0.135361 0.124345 0.124345 0.124345
2952.235840 0.000000 3396.445068 0.000000 0.956861 0.000000 0.290546 0.132082 0.132082 0.132082
2957.791260 0.000000 3389.115234 0.000000 0.983444 0.000000 0.181210 0.156510 0.156510 0.156510
2953.760254 0.000000 3397.764160 0.000000 0.951611 0.000000 0.307306 0.132008 0.132008 0.132008
2961.973633 0.000000 3403.983887 0.000000 0.930081 0.000000 -0.367354 0.187088 0.187088 0.187088
2952.166748 0.000000 3394.647217 0.000000 0.942710 0.000000 -0.333614 0.127415 0.127415 0.127415
2974.456787 0.000000 3392.113281 0.000000 0.997693 0.000000 0.067893 0.170499 0.170499 0.170499
2960.534668 0.000000 3402.890381 0.000000 0.989629 0.000000 -0.143647 0.185722 0.185722 0.185722
2963.355225 0.000000 3389.096191 0.000000 0.980928 0.000000 -0.194370 0.171932 0.171932 0.171932
2955.303955 0.000000 3406.858887 0.000000 0.121876 0.000000 0.992545 0.166196 0.166196 0.166196
2963.024170 0.000000 3403.316895 0.000000 0.935009 0.000000 -0.354623 0.177940 0.177940 0.177940
2954.391357 0.000000 3394.614990 0.000000 0.990341 0.000000 -0.138654 0.153056 0.153056 0.153056
2963.108887 0.000000 3402.059814 0.000000 0.979977 0.000000 -0.199112 0.177033 0.177033 0.177033
2960.389648 0.000000 3403.999512 0.000000 0.955309 0.000000 -0.295610 0.186640 0.186640 0.186640
2958.162354 0.000000 3403.807617 0.000000 0.927132 0.000000 -0.374734 0.168421 0.168421 0.168421
2956.967773 0.000000 3403.677002 0.000000 0.939973 0.000000 0.341248 0.162326 0.162326 0.162326
2977.670898 0.000000 3389.818115 0.000000 0.947868 0.000000 0.318663 0.197935 0.197935 0.197935
2955.115234 0.000000 3391.924805 0.000000 0.151576 0.000000 0.988446 0.182410 0.182410 0.182410
2952.497803 0.000000 3390.297119 0.000000 0.235568 0.000000 0.971858 0.167373 0.167373 0.167373
2964.694580 0.000000 3405.324707 0.000000 0.860752 0.000000 0.509025 0.196600 0.196600 0.196600
2955.104736 0.000000 3390.158691 0.000000 0.307482 0.000000 0.951554 0.183385 0.183385 0.183385
2961.425049 0.000000 3403.205811 0.000000 0.983530 0.000000 -0.180747 0.185943 0.185943 0.185943
2954.141602 0.000000 3391.794189 0.000000 0.853051 0.000000 -0.521828 0.194375 0.194375 0.194375
2969.915527 0.000000 3389.541748 0.000000 0.748194 0.000000 0.663480 0.195382 0.195382 0.195382
2964.828369 0.000000 3404.470215 0.000000 0.021200 0.000000 0.999775 0.190135 0.190135 0.190135
4638.773926 0.000000 807.252930 0.000000 0.887911 0.000000 -0.460014 0.138206 0.138206 0.138206
4670.127441 0.000000 808.221252 0.000000 0.794973 0.000000 0.606645 0.097925 0.097925 0.097925
4618.587402 0.000000 804.061584 0.000000 0.369319 0.000000 0.929303 0.109409 0.109409 0.109409
4616.607910 0.000000 804.616699 0.000000 0.790162 0.000000 0.612898 0.151375 0.151375 0.151375
4619.861328 0.000000 805.450806 0.000000 0.338094 0.000000 0.941112 0.109288 0.109288 0.109288
4679.674805 0.000000 814.727295 0.000000 0.883985 0.000000 -0.467514 0.113780 0.113780 0.113780
4675.605469 0.000000 814.057800 0.000000 0.952573 0.000000 0.304311 0.124255 0.124255 0.124255
4673.439453 0.000000 815.160645 0.000000 0.199013 0.000000 0.979997 0.099120 0.099120 0.099120
4683.945801 0.000000 812.849792 0.000000 0.933198 0.000000 -0.359361 0.127525 0.127525 0.127525
4675.273438 0.000000 815.614502 0.000000 0.831744 0.000000 -0.555160 0.127841 0.127841 0.127841
4679.009277 0.000000 812.421082 0.000000 0.013623 0.000000 0.999907 0.177308 0.177308 0.177308
4673.904785 0.000000 808.617920 0.000000 0.807131 0.000000 0.590373 0.191039 0.191039 0.191039
4674.523926 0.000000 811.282349 0.000000 0.988217 0.000000 0.153057 0.199022 0.199022 0.199022
4679.500000 0.000000 813.503296 0.000000 0.927936 0.000000 0.372740 0.184286 0.184286 0.184286
4677.485352 0.000000 810.205750 0.000000 0.092051 0.000000 0.995754 0.177774 0.177774 0.177774
4673.495605 0.000000 810.895508 0.000000 0.642404 0.000000 0.766367 0.193352 0.193352 0.193352
4681.270996 0.000000 808.497009 0.000000 0.982264 0.000000 -0.187504 0.196692 0.196692 0.196692
4672.270020 0.000000 809.375305 0.000000 0.972503 0.000000 0.232890 0.193499 0.193499 0.193499
4674.940430 0.000000 809.746338 0.000000 0.243965 0.000000 0.969784 0.191569 0.191569 0.191569
4675.738281 0.000000 809.457031 0.000000 0.590313 0.000000 0.807175 0.194020 0.194020 0.194020
4954.840820 0.000000 1382.329346 0.000000 0.999837 0.000000 0.018044 0.099943 0.099943 0.099943
4951.828125 0.000000 1379.801758 0.000000 0.746601 0.000000 0.665272 0.115469 0.115469 0.115469
4954.616211 0.000000 1379.707397 0.000000 0.962894 0.000000 0.269881 0.099130 0.099130 0.099130
4955.580078 0.000000 1381.432861 0.000000 0.961437 0.000000 0.275026 0.198226 0.198226 0.198226
4955.438477 0.000000 1380.015869 0.000000 0.967370 0.000000 0.253368 0.198369 0.198369 0.198369
4954.125977 0.000000 1381.840088 0.000000 0.683125 0.000000 0.730301 0.194788 0.194788 0.194788
4953.893066 0.000000 1380.252319 0.000000 0.269074 0.000000 0.963119 0.191734 0.191734 0.191734
6260.600586 0.000000 1774.229492 0.000000 0.945141 0.000000 0.326663 0.098941 0.098941 0.098941
6259.915527 0.000000 1763.056885 0.000000 0.843024 0.000000 0.537876 0.098192 0.098192 0.098192
6260.449707 0.000000 1783.776123 0.000000 0.999305 0.000000 -0.037267 0.100960 0.100960 0.100960
6271.419434 0.000000 1772.887695 0.000000 0.983389 0.000000 -0.181510 0.132418 0.132418 0.132418
6265.729980 0.000000 1791.805176 0.000000 0.900617 0.000000 -0.434613 0.101431 0.101431 0.101431
6265.426758 0.000000 1768.414551 0.000000 0.813047 0.000000 -0.582199 0.158252 0.158252 0.158252
6266.133789 0.000000 1778.480103 0.000000 0.998491 0.000000 0.054909 0.099825 0.099825 0.099825
6255.365234 0.000000 1781.819214 0.000000 0.941522 0.000000 -0.336950 0.101094 0.101094 0.101094
6253.060059 0.000000 1793.407471 0.000000 0.968107 0.000000 0.250539 0.099194 0.099194 0.099194
6259.720703 0.000000 1788.887451 0.000000 0.262977 0.000000 0.964802 0.102022 0.102022 0.102022
6266.165039 0.000000 1773.566284 0.000000 0.779373 0.000000 0.626560 0.150741 0.150741 0.150741
6259.521484 0.000000 1779.024536 0.000000 0.430413 0.000000 0.902632 0.100467 0.100467 0.100467
6258.317383 0.000000 1754.206787 0.000000 0.849167 0.000000 0.528125 0.098229 0.098229 0.098229
6269.935547 0.000000 1781.045654 0.000000 0.999005 0.000000 0.044600 0.099858 0.099858 0.099858
6270.018555 0.000000 1776.910767 0.000000 0.773253 0.000000 0.634098 0.106855 0.106855 0.106855
6267.875488 0.000000 1765.221802 0.000000 0.499131 0.000000 0.866527 0.132675 0.132675 0.132675
6261.811523 0.000000 1792.314697 0.000000 0.958921 0.000000 0.283672 0.109354 0.109354 0.109354
6256.763672 0.000000 1790.822021 0.000000 0.259780 0.000000 0.965668 0.095837 0.095837 0.095837
6259.006836 0.000000 1759.460693 0.000000 0.120039 0.000000 0.992769 0.095383 0.095383 0.095383
6258.335449 0.000000 1771.908691 0.000000 0.517295 0.000000 0.855807 0.096731 0.096731 0.096731
6256.015137 0.000000 1778.797119 0.000000 0.950825 0.000000 -0.309729 0.101285 0.101285 0.101285
6268.880859 0.000000 1774.245361 0.000000 0.891741 0.000000 0.452546 0.131340 0.131340 0.131340
6250.478516 0.000000 1776.752686 0.000000 0.999251 0.000000 -0.038708 0.104330 0.104330 0.104330
6250.452148 0.000000 1785.949707 0.000000 0.614316 0.000000 0.789060 0.103906 0.103906 0.103906
6253.602051 0.000000 1790.940552 0.000000 0.995026 0.000000 0.099617 0.102195 0.102195 0.102195
6267.279297 0.000000 1776.217163 0.000000 0.480891 0.000000 0.876780 0.103361 0.103361 0.103361
6262.928223 0.000000 1767.900635 0.000000 0.536069 0.000000 0.844174 0.129610 0.129610 0.129610
6263.370605 0.000000 1784.671021 0.000000 0.376294 0.000000 0.926500 0.096498 0.096498 0.096498
6271.940430 0.000000 1770.465088 0.000000 0.280824 0.000000 0.959759 0.126263 0.126263 0.126263
6270.188965 0.000000 1766.090210 0.000000 0.823589 0.000000 0.567187 0.123081 0.123081 0.123081
6265.532715 0.000000 1765.990234 0.000000 0.984499 0.000000 0.175390 0.128686 0.128686 0.128686
6248.581055 0.000000 1781.280029 0.000000 0.917082 0.000000 0.398698 0.106159 0.106159 0.106159
6264.713379 0.000000 1780.438599 0.000000 0.585286 0.000000 0.810827 0.102152 0.102152 0.102152
6262.075195 0.000000 1772.560669 0.000000 0.667061 0.000000 0.745003 0.132492 0.132492 0.132492
6269.359375 0.000000 1772.089233 0.000000 0.982778 0.000000 0.184792 0.152593 0.152593 0.152593
6257.077637 0.000000 1783.403564 0.000000 0.841585 0.000000 -0.540124 0.108376 0.108376 0.108376
6254.922852 0.000000 1786.336914 0.000000 0.225995 0.000000 0.974128 0.102965 0.102965 0.102965
6251.705078 0.000000 1778.403320 0.000000 0.950971 0.000000 0.309282 0.108705 0.108705 0.108705
6263.657227 0.000000 1791.389404 0.000000 0.534779 0.000000 0.844992 0.105744 0.105744 0.105744
6253.660156 0.000000 1782.965942 0.000000 0.988497 0.000000 0.151241 0.108158 0.108158 0.108158
6260.105469 0.000000 1793.406616 0.000000 0.636924 0.000000 0.770927 0.107272 0.107272 0.107272
6263.476074 0.000000 1762.910889 0.000000 0.563038 0.000000 0.826431 0.105861 0.105861 0.105861
6260.288574 0.000000 1771.845703 0.000000 0.538531 0.000000 0.842606 0.111183 0.111183 0.111183
6263.633301 0.000000 1769.733521 0.000000 0.264610 0.000000 0.964355 0.116526 0.116526 0.116526
6269.495117 0.000000 1770.175903 0.000000 0.672896 0.000000 0.739738 0.135253 0.135253 0.135253
6262.093750 0.000000 1775.282959 0.000000 0.629116 0.000000 0.777311 0.108325 0.108325 0.108325
6267.648926 0.000000 1772.528320 0.000000 0.356331 0.000000 0.934360 0.148145 0.148145 0.148145
6263.988281 0.000000 1766.638916 0.000000 0.986315 0.000000 0.164870 0.133188 0.133188 0.133188
6265.763184 0.000000 1772.031250 0.000000 0.997492 0.000000 -0.070780 0.147110 0.147110 0.147110
6269.121582 0.000000 1767.240601 0.000000 0.838780 0.000000 0.544471 0.135839 0.135839 0.135839
6264.549805 0.000000 1772.991455 0.000000 0.901621 0.000000 0.432528 0.144689 0.144689 0.144689
6267.166992 0.000000 1774.708374 0.000000 0.907615 0.000000 0.419804 0.123760 0.123760 0.123760
6268.957031 0.000000 1775.781494 0.000000 0.524248 0.000000 0.851565 0.129009 0.129009 0.129009
6266.513184 0.000000 1764.712036 0.000000 0.005692 0.000000 0.999984 0.130417 0.130417 0.130417
6270.222168 0.000000 1773.727295 0.000000 0.890315 0.000000 0.455344 0.129672 0.129672 0.129672
6271.538574 0.000000 1765.500854 0.000000 0.462976 0.000000 0.886371 0.126006 0.126006 0.126006
6270.787598 0.000000 1769.699707 0.000000 0.994946 0.000000 -0.100411 0.141628 0.141628 0.141628
6266.884277 0.000000 1766.299194 0.000000 0.841249 0.000000 -0.540648 0.139180 0.139180 0.139180
6264.202637 0.000000 1767.972168 0.000000 0.851946 0.000000 0.523629 0.140351 0.140351 0.140351
6264.863770 0.000000 1769.543701 0.000000 0.896049 0.000000 0.443955 0.152910 0.152910 0.152910
6267.732422 0.000000 1773.717773 0.000000 0.406624 0.000000 0.913595 0.148412 0.148412 0.148412
6268.821777 0.000000 1773.055176 0.000000 0.926274 0.000000 0.376851 0.151613 0.151613 0.151613
6272.315430 0.000000 1777.441162 0.000000 0.880970 0.000000 0.473173 0.103670 0.103670 0.103670
6286.146973 0.000000 1772.869141 0.000000 0.980691 0.000000 -0.195564 0.121767 0.121767 0.121767
6276.861816 0.000000 1778.970215 0.000000 0.998313 0.000000 -0.058056 0.100185 0.100185 0.100185
6289.893555 0.000000 1764.330444 0.000000 0.563949 0.000000 0.825809 0.096907 0.096907 0.096907
6294.596680 0.000000 1771.546753 0.000000 0.165078 0.000000 0.986280 0.107569 0.107569 0.107569
6272.073242 0.000000 1789.577148 0.000000 0.155570 0.000000 0.987825 0.095497 0.095497 0.095497
6275.605469 0.000000 1774.292236 0.000000 0.985477 0.000000 -0.169807 0.132931 0.132931 0.132931
6272.110840 0.000000 1761.380127 0.000000 0.847468 0.000000 0.530846 0.098219 0.098219 0.098219
6295.828125 0.000000 1775.192383 0.000000 0.799290 0.000000 0.600946 0.097948 0.097948 0.097948
6288.310547 0.000000 1775.810181 0.000000 0.991744 0.000000 0.128231 0.116050 0.116050 0.116050
6277.963867 0.000000 1771.714600 0.000000 0.931701 0.000000 -0.363226 0.117339 0.117339 0.117339
6289.983398 0.000000 1772.383911 0.000000 0.944788 0.000000 0.327682 0.132471 0.132471 0.132471
6272.205078 0.000000 1773.434326 0.000000 0.612681 0.000000 0.790330 0.127834 0.127834 0.127834
6294.343750 0.000000 1768.407837 0.000000 0.993664 0.000000 0.112394 0.099641 0.099641 0.099641
6282.422852 0.000000 1774.763184 0.000000 0.978729 0.000000 -0.205156 0.129699 0.129699 0.129699
6274.873047 0.000000 1777.305908 0.000000 0.118276 0.000000 0.992981 0.106865 0.106865 0.106865
6276.637695 0.000000 1769.588379 0.000000 0.093217 0.000000 0.995646 0.114250 0.114250 0.114250
6273.439453 0.000000 1775.395020 0.000000 0.188565 0.000000 0.982061 0.123187 0.123187 0.123187
6280.162109 0.000000 1770.736450 0.000000 0.284629 0.000000 0.958638 0.123055 0.123055 0.123055
6281.306152 0.000000 1776.690186 0.000000 0.995374 0.000000 -0.096073 0.107892 0.107892 0.107892
6275.661133 0.000000 1772.089233 0.000000 0.243690 0.000000 0.969853 0.123419 0.123419 0.123419
6280.383301 0.000000 1772.879395 0.000000 0.690168 0.000000 0.723649 0.103701 0.103701 0.103701
6283.945801 0.000000 1773.084106 0.000000 0.996809 0.000000 -0.079827 0.115138 0.115138 0.115138
6288.326660 0.000000 1773.682617 0.000000 0.657194 0.000000 0.753722 0.130255 0.130255 0.130255
6292.672363 0.000000 1770.572998 0.000000 0.997528 0.000000 0.070274 0.134712 0.134712 0.134712
6277.852539 0.000000 1773.861206 0.000000 0.833011 0.000000 0.553256 0.131945 0.131945 0.131945
6272.668457 0.000000 1768.786011 0.000000 0.986378 0.000000 -0.164493 0.121082 0.121082 0.121082
6276.679688 0.000000 1765.251953 0.000000 0.068024 0.000000 0.997684 0.111486 0.111486 0.111486
6283.631836 0.000000 1767.531982 0.000000 0.932084 0.000000 -0.362243 0.121303 0.121303 0.121303
6286.324707 0.000000 1774.903564 0.000000 0.958476 0.000000 0.285173 0.122670 0.122670 0.122670
6294.347168 0.000000 1773.659302 0.000000 0.638378 0.000000 0.769723 0.111090 0.111090 0.111090
6286.008789 0.000000 1770.760742 0.000000 0.068865 0.000000 0.997626 0.116290 0.116290 0.116290
6274.093750 0.000000 1762.082031 0.000000 0.020347 0.000000 0.999793 0.115569 0.115569 0.115569
6285.989746 0.000000 1777.930054 0.000000 0.630792 0.000000 0.775952 0.105066 0.105066 0.105066
6287.814941 0.000000 1771.647583 0.000000 0.957483 0.000000 -0.288488 0.123267 0.123267 0.123267
6290.017090 0.000000 1774.800293 0.000000 0.998412 0.000000 0.056333 0.118554 0.118554 0.118554
6280.084473 0.000000 1766.650635 0.000000 0.999720 0.000000 0.023681 0.119238 0.119238 0.119238
6280.607910 0.000000 1764.851074 0.000000 0.296199 0.000000 0.955126 0.112353 0.112353 0.112353
6278.483887 0.000000 1769.947998 0.000000 0.708817 0.000000 0.705392 0.122363 0.122363 0.122363
6283.861328 0.000000 1765.685181 0.000000 0.921391 0.000000 -0.388637 0.124248 0.124248 0.124248
6289.241211 0.000000 1768.646973 0.000000 0.687119 0.000000 0.726544 0.122787 0.122787 0.122787
6284.623047 0.000000 1774.647217 0.000000 0.968546 0.000000 -0.248835 0.117459 0.117459 0.117459
6272.520996 0.000000 1770.785645 0.000000 0.304370 0.000000 0.952554 0.118300 0.118300 0.118300
6273.897461 0.000000 1773.807129 0.000000 0.302493 0.000000 0.953152 0.126358 0.126358 0.126358
6281.291016 0.000000 1767.808960 0.000000 0.999592 0.000000 0.028547 0.119219 0.119219 0.119219
6283.125000 0.000000 1770.272095 0.000000 0.898468 0.000000 0.439039 0.123122 0.123122 0.123122
4926.112305 0.000000 1964.387451 0.000000 0.166634 0.000000 0.986019 0.116673 0.116673 0.116673
4922.308594 0.000000 1965.068359 0.000000 0.769045 0.000000 0.639194 0.110667 0.110667 0.110667
4919.657227 0.000000 1960.842529 0.000000 0.983131 0.000000 0.182902 0.160400 0.160400 0.160400
4922.541992 0.000000 1969.639771 0.000000 0.237289 0.000000 0.971439 0.119636 0.119636 0.119636
4927.474121 0.000000 1965.693237 0.000000 0.912117 0.000000 0.409929 0.120487 0.120487 0.120487
4924.200684 0.000000 1964.541382 0.000000 0.898857 0.000000 -0.438242 0.155718 0.155718 0.155718
4923.123047 0.000000 1959.895020 0.000000 0.687859 0.000000 0.725845 0.123883 0.123883 0.123883
4923.498047 0.000000 1967.502808 0.000000 0.991249 0.000000 -0.132009 0.164275 0.164275 0.164275
4918.485352 0.000000 1960.171631 0.000000 0.266088 0.000000 0.963949 0.154661 0.154661 0.154661
4925.235840 0.000000 1965.250122 0.000000 0.991901 0.000000 0.127014 0.152879 0.152879 0.152879
4917.240234 0.000000 1962.711670 0.000000 0.864030 0.000000 -0.503441 0.156079 0.156079 0.156079
4926.449707 0.000000 1968.645996 0.000000 0.153568 0.000000 0.988138 0.190982 0.190982 0.190982
4924.446289 0.000000 1967.363403 0.000000 0.828563 0.000000 0.559895 0.196217 0.196217 0.196217
4920.675781 0.000000 1961.002930 0.000000 0.683300 0.000000 0.730138 0.194789 0.194789 0.194789
4921.537109 0.000000 1960.414795 0.000000 0.930726 0.000000 0.365716 0.197616 0.197616 0.197616
4926.625488 0.000000 1973.037354 0.000000 0.749056 0.000000 0.662506 0.195390 0.195390 0.195390
4926.801758 0.000000 1966.217773 0.000000 0.883112 0.000000 -0.469161 0.203109 0.203109 0.203109
4925.111328 0.000000 1966.028076 0.000000 0.835764 0.000000 0.549088 0.196300 0.196300 0.196300
4937.597656 0.000000 1970.344238 0.000000 0.855755 0.000000 0.517381 0.138733 0.138733 0.138733
4928.390625 0.000000 1964.018921 0.000000 0.860397 0.000000 0.509625 0.117297 0.117297 0.117297
4937.889160 0.000000 1975.733765 0.000000 0.763301 0.000000 0.646043 0.119946 0.119946 0.119946
4931.167969 0.000000 1964.421387 0.000000 0.981720 0.000000 0.190330 0.139759 0.139759 0.139759
4937.349609 0.000000 1973.023804 0.000000 0.843879 0.000000 0.536533 0.139182 0.139182 0.139182
4928.164062 0.000000 1976.807861 0.000000 0.964176 0.000000 0.265263 0.112198 0.112198 0.112198
4929.798828 0.000000 1970.407837 0.000000 0.065753 0.000000 0.997836 0.145081 0.145081 0.145081
4936.026367 0.000000 1974.923096 0.000000 0.993860 0.000000 0.110647 0.122256 0.122256 0.122256
4936.076660 0.000000 1969.908203 0.000000 0.253257 0.000000 0.967399 0.155129 0.155129 0.155129
4928.313965 0.000000 1970.210815 0.000000 0.424515 0.000000 0.905421 0.146888 0.146888 0.146888
4928.046387 0.000000 1975.232056 0.000000 0.764121 0.000000 0.645073 0.178009 0.178009 0.178009
4936.996094 0.000000 1971.687622 0.000000 0.868208 0.000000 0.496200 0.138843 0.138843 0.138843
4934.432129 0.000000 1966.361328 0.000000 0.900938 0.000000 -0.433948 0.156263 0.156263 0.156263
4929.457031 0.000000 1971.585693 0.000000 0.633483 0.000000 0.773757 0.148090 0.148090 0.148090
4930.845215 0.000000 1970.212769 0.000000 0.248730 0.000000 0.968573 0.176036 0.176036 0.176036
4932.418457 0.000000 1969.667969 0.000000 0.309852 0.000000 0.950785 0.192006 0.192006 0.192006
4930.095703 0.000000 1974.197388 0.000000 0.534874 0.000000 0.844932 0.193593 0.193593 0.193593
4935.513672 0.000000 1974.055542 0.000000 0.045731 0.000000 0.998954 0.190291 0.190291 0.190291
4935.689453 0.000000 1975.880981 0.000000 0.493283 0.000000 0.869869 0.193284 0.193284 0.193284
4933.198730 0.000000 1967.640991 0.000000 0.596686 0.000000 0.802475 0.194070 0.194070 0.194070
4928.795410 0.000000 1969.350342 0.000000 0.233283 0.000000 0.972409 0.191499 0.191499 0.191499
4931.805176 0.000000 1968.422607 0.000000 0.785567 0.000000 0.618777 0.195753 0.195753 0.195753
4932.128418 0.000000 1966.139160 0.000000 0.862635 0.000000 -0.505827 0.203376 0.203376 0.203376
4931.062012 0.000000 1972.693604 0.000000 0.745717 0.000000 0.666263 0.195358 0.195358 0.195358
4932.331055 0.000000 1974.023071 0.000000 0.853172 0.000000 0.521630 0.196506 0.196506 0.196506
4932.918945 0.000000 1975.348877 0.000000 0.854555 0.000000 0.519362 0.196523 0.196523 0.196523
4930.092285 0.000000 1972.209473 0.000000 0.923975 0.000000 0.382453 0.197502 0.197502 0.197502
4931.206055 0.000000 1967.164307 0.000000 0.973434 0.000000 0.228967 0.198529 0.198529 0.198529
4933.823242 0.000000 1969.475220 0.000000 0.993611 0.000000 -0.112862 0.200720 0.200720 0.200720
4933.970703 0.000000 1974.140625 0.000000 0.059181 0.000000 0.998247 0.190377 0.190377 0.190377
4933.777344 0.000000 1966.931519 0.000000 0.005821 0.000000 0.999983 0.190037 0.190037 0.190037
4928.882324 0.000000 1967.079468 0.000000 0.828916 0.000000 0.559373 0.196221 0.196221 0.196221
4932.622559 0.000000 1972.757080 0.000000 0.994656 0.000000 -0.103242 0.200658 0.200658 0.200658
4928.422363 0.000000 1966.244507 0.000000 0.764566 0.000000 0.644545 0.195541 0.195541 0.195541
4928.005859 0.000000 1972.581909 0.000000 0.935876 0.000000 -0.352329 0.202292 0.202292 0.202292
4928.000488 0.000000 1969.466553 0.000000 0.382551 0.000000 0.923934 0.192499 0.192499 0.192499
4935.230469 0.000000 1969.862549 0.000000 0.363470 0.000000 0.931606 0.192368 0.192368 0.192368
4933.699219 0.000000 1975.048706 0.000000 0.836974 0.000000 -0.547242 0.203686 0.203686 0.203686
4930.343262 0.000000 1975.009888 0.000000 0.871172 0.000000 0.490977 0.196733 0.196733 0.196733
4937.437988 0.000000 1977.770752 0.000000 0.969829 0.000000 -0.243786 0.100784 0.100784 0.100784
4932.206055 0.000000 1979.208008 0.000000 0.997687 0.000000 -0.067969 0.149342 0.149342 0.149342
4935.773438 0.000000 1977.500122 0.000000 0.668837 0.000000 0.743409 0.118325 0.118325 0.118325
4930.702148 0.000000 1982.115845 0.000000 0.992149 0.000000 0.125058 0.174092 0.174092 0.174092
4933.380859 0.000000 1977.111206 0.000000 0.988428 0.000000 0.151692 0.168368 0.168368 0.168368
4928.065918 0.000000 1982.990356 0.000000 0.995279 0.000000 0.097054 0.161404 0.161404 0.161404
4933.392090 0.000000 1979.680420 0.000000 0.988290 0.000000 -0.152585 0.149746 0.149746 0.149746
4930.810059 0.000000 1983.393433 0.000000 0.723285 0.000000 0.690550 0.170549 0.170549 0.170549
4928.978516 0.000000 1982.479004 0.000000 0.785515 0.000000 0.618843 0.158466 0.158466 0.158466
4930.931152 0.000000 1977.534912 0.000000 0.554160 0.000000 0.832410 0.178544 0.178544 0.178544
4929.979492 0.000000 1979.749634 0.000000 0.160049 0.000000 0.987109 0.191023 0.191023 0.191023
4928.751465 0.000000 1980.956543 0.000000 0.237529 0.000000 0.971381 0.191527 0.191527 0.191527
4928.187500 0.000000 1979.610474 0.000000 0.778889 0.000000 0.627162 0.195684 0.195684 0.195684
4929.411133 0.000000 1978.189697 0.000000 0.542370 0.000000 0.840140 0.193649 0.193649 0.193649
4929.654785 0.000000 1980.553711 0.000000 0.972713 0.000000 -0.232010 0.201491 0.201491 0.201491
4930.267578 0.000000 1981.362549 0.000000 0.993130 0.000000 -0.117019 0.200747 0.200747 0.200747
5095.675293 0.000000 2596.570801 0.000000 0.400315 0.000000 0.916378 0.112228 0.112228 0.112228
5098.064453 0.000000 2593.120605 0.000000 0.073171 0.000000 0.997319 0.140849 0.140849 0.140849
5102.444824 0.000000 2593.159180 0.000000 0.244381 0.000000 0.969679 0.130398 0.130398 0.130398
5111.010742 0.000000 2596.749756 0.000000 0.219055 0.000000 0.975712 0.143689 0.143689 0.143689
5107.450195 0.000000 2594.635986 0.000000 0.898628 0.000000 0.438711 0.145761 0.145761 0.145761
5101.661621 0.000000 2592.052246 0.000000 0.251560 0.000000 0.967842 0.151900 0.151900 0.151900
5099.722168 0.000000 2593.190430 0.000000 0.218971 0.000000 0.975731 0.141543 0.141543 0.141543
5097.750000 0.000000 2594.944824 0.000000 0.884164 0.000000 0.467177 0.154436 0.154436 0.154436
5111.350098 0.000000 2597.868652 0.000000 0.682860 0.000000 0.730549 0.146225 0.146225 0.146225
5096.336914 0.000000 2597.502930 0.000000 0.106078 0.000000 0.994358 0.163971 0.163971 0.163971
5103.125000 0.000000 2594.190430 0.000000 0.958725 0.000000 -0.284334 0.201835 0.201835 0.201835
5097.895508 0.000000 2596.479004 0.000000 0.525642 0.000000 0.850706 0.166419 0.166419 0.166419
5099.613281 0.000000 2595.008057 0.000000 0.462039 0.000000 0.886860 0.193058 0.193058 0.193058
5103.338379 0.000000 2597.786865 0.000000 0.480562 0.000000 0.876961 0.193191 0.193191 0.193191
5108.951660 0.000000 2597.864990 0.000000 0.987112 0.000000 0.160028 0.198977 0.198977 0.198977
5098.481445 0.000000 2597.969727 0.000000 0.345078 0.000000 0.938574 0.192243 0.192243 0.192243
5099.401855 0.000000 2596.387451 0.000000 0.981979 0.000000 -0.188990 0.201210 0.201210 0.201210
5106.300293 0.000000 2596.924561 0.000000 0.419068 0.000000 0.907955 0.192753 0.192753 0.192753
5108.903320 0.000000 2596.988770 0.000000 0.327539 0.000000 0.944838 0.192124 0.192124 0.192124
5104.304199 0.000000 2598.017578 0.000000 0.968202 0.000000 0.250168 0.198390 0.198390 0.198390
5107.716797 0.000000 2596.359619 0.000000 0.958656 0.000000 0.284568 0.198163 0.198163 0.198163
5100.933105 0.000000 2595.941895 0.000000 0.977688 0.000000 0.210060 0.198653 0.198653 0.198653
5103.750977 0.000000 2596.233398 0.000000 0.408644 0.000000 0.912694 0.192680 0.192680 0.192680
5105.803223 0.000000 2597.844482 0.000000 0.999960 0.000000 0.008911 0.199943 0.199943 0.199943
5102.158203 0.000000 2594.949219 0.000000 0.992959 0.000000 0.118459 0.199244 0.199244 0.199244
5094.270996 0.000000 2599.688232 0.000000 0.884789 0.000000 0.465992 0.098733 0.098733 0.098733
5117.524414 0.000000 2603.794678 0.000000 0.938031 0.000000 -0.346550 0.101126 0.101126 0.101126
5113.915527 0.000000 2608.996094 0.000000 0.394135 0.000000 0.919053 0.122452 0.122452 0.122452
5097.896973 0.000000 2598.309570 0.000000 0.989817 0.000000 -0.142346 0.154199 0.154199 0.154199
5101.457031 0.000000 2602.494873 0.000000 0.978376 0.000000 0.206835 0.104624 0.104624 0.104624
5117.258301 0.000000 2610.295654 0.000000 0.566182 0.000000 0.824281 0.123249 0.123249 0.123249
5119.450684 0.000000 2606.210449 0.000000 0.346022 0.000000 0.938226 0.113626 0.113626 0.113626
5099.597168 0.000000 2600.305664 0.000000 0.987064 0.000000 -0.160325 0.157104 0.157104 0.157104
5112.373535 0.000000 2598.419678 0.000000 0.854319 0.000000 0.519749 0.143124 0.143124 0.143124
5118.188965 0.000000 2613.355957 0.000000 0.198949 0.000000 0.980010 0.121623 0.121623 0.121623
5097.191406 0.000000 2600.411621 0.000000 0.915832 0.000000 -0.401563 0.106707 0.106707 0.106707
5119.211914 0.000000 2609.113037 0.000000 0.556002 0.000000 0.831181 0.165532 0.165532 0.165532
5116.870605 0.000000 2605.673828 0.000000 0.891855 0.000000 -0.452322 0.139306 0.139306 0.139306
5112.204590 0.000000 2608.541992 0.000000 0.996386 0.000000 -0.084937 0.127515 0.127515 0.127515
5117.523438 0.000000 2611.866699 0.000000 0.279415 0.000000 0.960171 0.121959 0.121959 0.121959
5119.538574 0.000000 2612.766357 0.000000 0.268791 0.000000 0.963199 0.121914 0.121914 0.121914
5113.597656 0.000000 2598.998047 0.000000 0.408546 0.000000 0.912738 0.140327 0.140327 0.140327
5098.449707 0.000000 2601.042236 0.000000 0.477567 0.000000 0.878595 0.150964 0.150964 0.150964
5096.875000 0.000000 2599.154785 0.000000 0.899196 0.000000 0.437545 0.151289 0.151289 0.151289
5107.404297 0.000000 2607.803711 0.000000 0.817529 0.000000 -0.575888 0.168494 0.168494 0.168494
5104.014648 0.000000 2602.190186 0.000000 0.854879 0.000000 0.518828 0.196527 0.196527 0.196527
5114.394531 0.000000 2608.008789 0.000000 0.068970 0.000000 0.997619 0.190439 0.190439 0.190439
5117.047363 0.000000 2606.718018 0.000000 0.924883 0.000000 0.380251 0.197517 0.197517 0.197517
5105.527832 0.000000 2603.746094 0.000000 0.322907 0.000000 0.946431 0.192093 0.192093 0.192093
5110.925781 0.000000 2604.318359 0.000000 0.584905 0.000000 0.811102 0.193977 0.193977 0.193977
5112.758789 0.000000 2602.516846 0.000000 0.178812 0.000000 0.983883 0.191145 0.191145 0.191145
5106.968262 0.000000 2600.684082 0.000000 0.842101 0.000000 0.539320 0.196374 0.196374 0.196374
5116.446289 0.000000 2607.862061 0.000000 0.996512 0.000000 0.083449 0.199468 0.199468 0.199468
5114.833496 0.000000 2606.863525 0.000000 0.955130 0.000000 -0.296187 0.201914 0.201914 0.201914
5104.112793 0.000000 2600.292480 0.000000 0.096363 0.000000 0.995346 0.190614 0.190614 0.190614
5111.991699 0.000000 2604.293701 0.000000 0.869062 0.000000 -0.494703 0.203294 0.203294 0.203294
5112.790527 0.000000 2600.837402 0.000000 0.447703 0.000000 0.894182 0.192955 0.192955 0.192955
5106.006836 0.000000 2600.519043 0.000000 0.308238 0.000000 0.951309 0.191995 0.191995 0.191995
5105.794922 0.000000 2599.408203 0.000000 0.960430 0.000000 -0.278520 0.201797 0.201797 0.201797
5112.056641 0.000000 2607.561768 0.000000 0.858237 0.000000 -0.513253 0.203431 0.203431 0.203431
5110.490234 0.000000 2602.963623 0.000000 0.980550 0.000000 -0.196268 0.201258 0.201258 0.201258
5100.436035 0.000000 2600.770996 0.000000 0.278229 0.000000 0.960515 0.190183 0.190183 0.190183
5099.600586 0.000000 2599.347656 0.000000 0.998809 0.000000 0.048782 0.199689 0.199689 0.199689
5111.239258 0.000000 2601.256104 0.000000 0.784306 0.000000 0.620375 0.195740 0.195740 0.195740
5111.426758 0.000000 2602.338867 0.000000 0.830994 0.000000 0.556281 0.196245 0.196245 0.196245
5107.538086 0.000000 2604.533936 0.000000 0.957856 0.000000 -0.287248 0.201855 0.201855 0.201855
5107.587402 0.000000 2605.928223 0.000000 0.480199 0.000000 0.877159 0.193189 0.193189 0.193189
5110.398438 0.000000 2599.471436 0.000000 0.592784 0.000000 0.805361 0.194039 0.194039 0.194039
5108.885742 0.000000 2607.227051 0.000000 0.986235 0.000000 0.165352 0.198942 0.198942 0.198942
5102.060059 0.000000 2600.130615 0.000000 0.942012 0.000000 -0.335578 0.202179 0.202179 0.202179
5109.597168 0.000000 2601.966797 0.000000 0.895725 0.000000 -0.444609 0.202933 0.202933 0.202933
5117.041992 0.000000 2608.607178 0.000000 0.981533 0.000000 -0.191290 0.201225 0.201225 0.201225
5108.948730 0.000000 2600.317383 0.000000 0.966398 0.000000 0.257050 0.198345 0.198345 0.198345
5101.051758 0.000000 2601.656982 0.000000 0.868646 0.000000 -0.495433 0.201591 0.201591 0.201591
5110.369629 0.000000 2601.134033 0.000000 0.831677 0.000000 -0.555259 0.203748 0.203748 0.203748
5107.254395 0.000000 2603.564697 0.000000 0.086817 0.000000 0.996224 0.190553 0.190553 0.190553
5108.068359 0.000000 2602.914551 0.000000 0.156210 0.000000 0.987724 0.190999 0.190999 0.190999
5102.989746 0.000000 2598.993164 0.000000 0.807436 0.000000 0.589955 0.195983 0.195983 0.195983
5104.797852 0.000000 2600.880127 0.000000 0.023987 0.000000 0.999712 0.190153 0.190153 0.190153
5106.488770 0.000000 2603.258545 0.000000 0.885055 0.000000 -0.465487 0.203082 0.203082 0.203082
5111.933594 0.000000 2600.812012 0.000000 0.999967 0.000000 -0.008155 0.200052 0.200052 0.200052
5111.805176 0.000000 2605.999756 0.000000 0.919260 0.000000 -0.393650 0.202576 0.202576 0.202576
5107.564941 0.000000 2598.828613 0.000000 0.115148 0.000000 0.993348 0.190735 0.190735 0.190735
5115.159668 0.000000 2604.604492 0.000000 0.107627 0.000000 0.994191 0.190687 0.190687 0.190687
5108.706055 0.000000 2599.395752 0.000000 0.626356 0.000000 0.779537 0.194309 0.194309 0.194309
5110.416992 0.000000 2607.593994 0.000000 0.982759 0.000000 0.184894 0.198816 0.198816 0.198816
5106.555664 0.000000 2602.269287 0.000000 0.940077 0.000000 0.340963 0.197785 0.197785 0.197785
5104.464355 0.000000 2598.313721 0.000000 0.568758 0.000000 0.822505 0.193852 0.193852 0.193852
5114.170410 0.000000 2606.385498 0.000000 0.700502 0.000000 0.713650 0.194941 0.194941 0.194941
5103.797852 0.000000 2599.152832 0.000000 0.959267 0.000000 0.282501 0.198177 0.198177 0.198177
5108.699219 0.000000 2601.402832 0.000000 0.901183 0.000000 -0.433438 0.202854 0.202854 0.202854
5114.760254 0.000000 2609.514648 0.000000 0.186104 0.000000 0.982530 0.191192 0.191192 0.191192
5112.038086 0.000000 2602.824707 0.000000 0.828761 0.000000 -0.559602 0.203781 0.203781 0.203781
5121.469238 0.000000 2596.344971 0.000000 0.998682 0.000000 -0.051318 0.141407 0.141407 0.141407
5121.941895 0.000000 2594.424805 0.000000 0.879624 0.000000 -0.475670 0.120642 0.120642 0.120642
5120.004883 0.000000 2595.110840 0.000000 0.997066 0.000000 -0.076551 0.119057 0.119057 0.119057
5121.867188 0.000000 2598.000000 0.000000 0.065415 0.000000 0.997858 0.121611 0.121611 0.121611
5125.147461 0.000000 2595.786133 0.000000 0.897291 0.000000 0.441439 0.179975 0.179975 0.179975
5123.034668 0.000000 2595.955322 0.000000 0.525290 0.000000 0.850923 0.171296 0.171296 0.171296
5127.945312 0.000000 2594.202881 0.000000 0.836662 0.000000 -0.547720 0.179156 0.179156 0.179156
5125.362305 0.000000 2594.481689 0.000000 0.864528 0.000000 0.502586 0.179572 0.179572 0.179572
5124.047852 0.000000 2596.245605 0.000000 0.367090 0.000000 0.930185 0.192393 0.192393 0.192393
5122.095703 0.000000 2595.525391 0.000000 0.643183 0.000000 0.765712 0.172116 0.172116 0.172116
5127.513672 0.000000 2595.383545 0.000000 0.189154 0.000000 0.981947 0.168180 0.168180 0.168180
5127.689453 0.000000 2597.208984 0.000000 0.988848 0.000000 0.148929 0.199048 0.199048 0.199048
5122.932129 0.000000 2594.940918 0.000000 0.975041 0.000000 -0.222024 0.178292 0.178292 0.178292
5130.321289 0.000000 2596.077148 0.000000 0.832807 0.000000 -0.553563 0.203735 0.203735 0.203735
5122.057129 0.000000 2597.098877 0.000000 0.980164 0.000000 -0.198189 0.197324 0.197324 0.197324
5124.941895 0.000000 2597.868652 0.000000 0.248361 0.000000 0.968667 0.191598 0.191598 0.191598
5125.699219 0.000000 2596.376953 0.000000 0.989296 0.000000 -0.145919 0.200932 0.200932 0.200932
5121.476562 0.000000 2604.739990 0.000000 0.646512 0.000000 0.762904 0.097238 0.097238 0.097238
5127.650879 0.000000 2615.768555 0.000000 0.999633 0.000000 -0.027108 0.116066 0.116066 0.116066
5129.095215 0.000000 2610.268555 0.000000 0.743462 0.000000 0.668778 0.105055 0.105055 0.105055
5125.348633 0.000000 2606.723145 0.000000 0.262713 0.000000 0.964874 0.106317 0.106317 0.106317
5120.173340 0.000000 2600.105957 0.000000 0.999824 0.000000 -0.018741 0.120520 0.120520 0.120520
5120.110840 0.000000 2608.645752 0.000000 0.808333 0.000000 0.588725 0.125721 0.125721 0.125721
5124.061523 0.000000 2614.490967 0.000000 0.988290 0.000000 -0.152587 0.158191 0.158191 0.158191
5131.269531 0.000000 2607.611328 0.000000 0.918205 0.000000 0.396106 0.098704 0.098704 0.098704
5126.798828 0.000000 2612.548340 0.000000 0.855243 0.000000 0.518227 0.131021 0.131021 0.131021
5129.939941 0.000000 2613.569580 0.000000 0.977413 0.000000 -0.211339 0.107164 0.107164 0.107164
5122.492188 0.000000 2601.870850 0.000000 0.983625 0.000000 0.180229 0.163199 0.163199 0.163199
5128.260254 0.000000 2607.286865 0.000000 0.877324 0.000000 0.479899 0.098407 0.098407 0.098407
5122.759766 0.000000 2607.395752 0.000000 0.944783 0.000000 0.327697 0.103649 0.103649 0.103649
5120.013672 0.000000 2602.803955 0.000000 0.681435 0.000000 0.731879 0.109662 0.109662 0.109662
5124.386230 0.000000 2608.698242 0.000000 0.468954 0.000000 0.883222 0.119002 0.119002 0.119002
5124.679688 0.000000 2612.517578 0.000000 0.987308 0.000000 0.158819 0.162755 0.162755 0.162755
5127.353027 0.000000 2610.982666 0.000000 0.995695 0.000000 0.092689 0.126795 0.126795 0.126795
5125.125488 0.000000 2611.012451 0.000000 0.140045 0.000000 0.990145 0.142770 0.142770 0.142770
5122.702148 0.000000 2603.444092 0.000000 0.067462 0.000000 0.997722 0.137088 0.137088 0.137088
5120.976074 0.000000 2598.801514 0.000000 0.999018 0.000000 0.044309 0.127551 0.127551 0.127551
5125.821289 0.000000 2615.887451 0.000000 0.992147 0.000000 -0.125081 0.158051 0.158051 0.158051
5122.422363 0.000000 2611.347656 0.000000 0.393163 0.000000 0.919469 0.163983 0.163983 0.163983
5122.168457 0.000000 2598.300781 0.000000 0.839804 0.000000 -0.542890 0.183117 0.183117 0.183117
5123.693359 0.000000 2613.293701 0.000000 0.262153 0.000000 0.965026 0.183098 0.183098 0.183098
5123.569824 0.000000 2611.925537 0.000000 0.255946 0.000000 0.966691 0.163196 0.163196 0.163196
5122.946289 0.000000 2600.726562 0.000000 0.973674 0.000000 0.227944 0.162944 0.162944 0.162944
5124.218262 0.000000 2615.712402 0.000000 0.901842 0.000000 -0.432067 0.159662 0.159662 0.159662
5125.154785 0.000000 2614.928711 0.000000 0.832216 0.000000 0.554452 0.154478 0.154478 0.154478
5129.356934 0.000000 2605.894775 0.000000 0.414537 0.000000 0.910032 0.188402 0.188402 0.188402
5120.041016 0.000000 2611.840576 0.000000 0.164858 0.000000 0.986317 0.183027 0.183027 0.183027
5121.886230 0.000000 2610.403320 0.000000 0.190260 0.000000 0.981734 0.183184 0.183184 0.183184
5125.718750 0.000000 2612.793213 0.000000 0.935408 0.000000 0.353571 0.161704 0.161704 0.161704
5120.017578 0.000000 2613.017090 0.000000 0.212685 0.000000 0.977121 0.191364 0.191364 0.191364
5124.662109 0.000000 2601.696045 0.000000 0.971324 0.000000 0.237760 0.198472 0.198472 0.198472
5130.828125 0.000000 2604.768311 0.000000 0.999854 0.000000 -0.017105 0.196746 0.196746 0.196746
5128.674316 0.000000 2598.390137 0.000000 0.931693 0.000000 0.363247 0.197633 0.197633 0.197633
5126.418945 0.000000 2605.498291 0.000000 0.807066 0.000000 0.590462 0.167433 0.167433 0.167433
5128.497559 0.000000 2599.515869 0.000000 0.700265 0.000000 0.713883 0.194939 0.194939 0.194939
5127.321777 0.000000 2599.711670 0.000000 0.301027 0.000000 0.953615 0.191947 0.191947 0.191947
5127.632812 0.000000 2601.399658 0.000000 0.893289 0.000000 0.449484 0.197032 0.197032 0.197032
5121.544434 0.000000 2611.762207 0.000000 0.998283 0.000000 0.058569 0.191239 0.191239 0.191239
5122.931152 0.000000 2598.863037 0.000000 0.709123 0.000000 0.705085 0.175352 0.175352 0.175352
5130.141602 0.000000 2601.012939 0.000000 0.808210 0.000000 0.588894 0.195991 0.195991 0.195991
5130.084473 0.000000 2605.344971 0.000000 0.956647 0.000000 0.291251 0.194789 0.194789 0.194789
5130.256836 0.000000 2599.423096 0.000000 0.824178 0.000000 0.566330 0.196167 0.196167 0.196167
5131.841797 0.000000 2598.594482 0.000000 0.972575 0.000000 0.232588 0.198506 0.198506 0.198506
5126.149902 0.000000 2600.510010 0.000000 0.965117 0.000000 0.261820 0.198314 0.198314 0.198314
5121.097656 0.000000 2613.364014 0.000000 0.512245 0.000000 0.858839 0.193424 0.193424 0.193424
5127.269043 0.000000 2603.879150 0.000000 0.991915 0.000000 0.126903 0.199190 0.199190 0.199190
5127.303711 0.000000 2600.635010 0.000000 0.875524 0.000000 -0.483175 0.203210 0.203210 0.203210
5126.434082 0.000000 2603.915771 0.000000 0.991313 0.000000 -0.131526 0.200840 0.200840 0.200840
5129.729492 0.000000 2602.289062 0.000000 0.747708 0.000000 0.664028 0.195377 0.195377 0.195377
6196.127930 0.000000 2051.320068 0.000000 0.700458 0.000000 0.713693 0.138151 0.138151 0.138151
6198.075195 0.000000 2054.982422 0.000000 0.431693 0.000000 0.902021 0.163672 0.163672 0.163672
6198.224609 0.000000 2048.616211 0.000000 0.932894 0.000000 0.360151 0.129555 0.129555 0.129555
6199.988281 0.000000 2049.060791 0.000000 0.441474 0.000000 0.897274 0.126446 0.126446 0.126446
6196.518555 0.000000 2052.518799 0.000000 0.337537 0.000000 0.941312 0.168504 0.168504 0.168504
6199.306152 0.000000 2055.261230 0.000000 0.996491 0.000000 -0.083705 0.170201 0.170201 0.170201
6200.863770 0.000000 2051.965576 0.000000 0.734104 0.000000 0.679038 0.157511 0.157511 0.157511
6197.369629 0.000000 2053.868652 0.000000 0.973483 0.000000 -0.228761 0.176638 0.176638 0.176638
6201.927246 0.000000 2051.764648 0.000000 0.999996 0.000000 0.002896 0.161330 0.161330 0.161330
6200.404785 0.000000 2052.920898 0.000000 0.999946 0.000000 0.010430 0.182572 0.182572 0.182572
6199.509766 0.000000 2051.159668 0.000000 0.910665 0.000000 0.413145 0.197289 0.197289 0.197289
6201.169434 0.000000 2053.560547 0.000000 0.989310 0.000000 0.145826 0.181782 0.181782 0.181782
6198.947754 0.000000 2052.864990 0.000000 0.899180 0.000000 -0.437579 0.202883 0.202883 0.202883
6199.626953 0.000000 2053.371094 0.000000 0.924084 0.000000 -0.382189 0.202497 0.202497 0.202497
6198.117676 0.000000 2050.519287 0.000000 0.602222 0.000000 0.798328 0.194114 0.194114 0.194114
6370.997070 0.000000 2428.307129 0.000000 0.354719 0.000000 0.934973 0.096962 0.096962 0.096962
6329.426758 0.000000 2446.227051 0.000000 0.964968 0.000000 0.262368 0.150538 0.150538 0.150538
6334.127441 0.000000 2446.268066 0.000000 0.323495 0.000000 0.946230 0.122146 0.122146 0.122146
6325.757812 0.000000 2448.192871 0.000000 0.994884 0.000000 -0.101023 0.119150 0.119150 0.119150
6326.755859 0.000000 2454.923584 0.000000 0.980017 0.000000 -0.198916 0.113323 0.113323 0.113323
6331.279297 0.000000 2454.029541 0.000000 0.825723 0.000000 -0.564075 0.136448 0.136448 0.136448
6332.546387 0.000000 2456.767822 0.000000 0.846051 0.000000 0.533102 0.135899 0.135899 0.135899
6335.940430 0.000000 2448.277588 0.000000 0.840252 0.000000 0.542196 0.156751 0.156751 0.156751
6328.956055 0.000000 2454.243896 0.000000 0.768087 0.000000 0.640346 0.121619 0.121619 0.121619
6326.075195 0.000000 2450.373047 0.000000 0.875947 0.000000 0.482408 0.149388 0.149388 0.149388
6329.789062 0.000000 2448.189941 0.000000 0.914798 0.000000 0.403911 0.155892 0.155892 0.155892
6327.633301 0.000000 2447.545898 0.000000 0.342301 0.000000 0.939590 0.138380 0.138380 0.138380
6326.093750 0.000000 2453.095459 0.000000 0.658288 0.000000 0.752766 0.123176 0.123176 0.123176
6330.962891 0.000000 2446.966797 0.000000 0.948205 0.000000 -0.317659 0.159609 0.159609 0.159609
6329.095215 0.000000 2452.607666 0.000000 0.933090 0.000000 0.359642 0.167760 0.167760 0.167760
6329.763184 0.000000 2449.843750 0.000000 0.403891 0.000000 0.914807 0.152175 0.152175 0.152175
6331.166992 0.000000 2452.520752 0.000000 0.938092 0.000000 0.346386 0.182792 0.182792 0.182792
6327.532715 0.000000 2453.437988 0.000000 0.065081 0.000000 0.997880 0.120543 0.120543 0.120543
6334.222168 0.000000 2451.539795 0.000000 0.697791 0.000000 0.716301 0.188365 0.188365 0.188365
6326.872070 0.000000 2449.213379 0.000000 0.173955 0.000000 0.984754 0.145075 0.145075 0.145075
6335.335449 0.000000 2455.057617 0.000000 0.677550 0.000000 0.735477 0.166374 0.166374 0.166374
6330.259766 0.000000 2454.960205 0.000000 0.758268 0.000000 0.651943 0.130867 0.130867 0.130867
6330.127441 0.000000 2453.420654 0.000000 0.955419 0.000000 0.295254 0.183110 0.183110 0.183110
6327.306152 0.000000 2450.651855 0.000000 0.188363 0.000000 0.982099 0.145145 0.145145 0.145145
6330.839844 0.000000 2449.420166 0.000000 0.808549 0.000000 0.588429 0.171290 0.171290 0.171290
6332.780762 0.000000 2448.919678 0.000000 0.742754 0.000000 0.669565 0.181651 0.181651 0.181651
6332.821777 0.000000 2450.867676 0.000000 0.823426 0.000000 0.567424 0.184620 0.184620 0.184620
6334.343750 0.000000 2450.432617 0.000000 0.481453 0.000000 0.876472 0.186704 0.186704 0.186704
6335.271973 0.000000 2451.749023 0.000000 0.896795 0.000000 -0.442445 0.196097 0.196097 0.196097
6331.986328 0.000000 2453.172119 0.000000 0.966092 0.000000 -0.258200 0.186411 0.186411 0.186411
6333.796875 0.000000 2448.986328 0.000000 0.686024 0.000000 0.727578 0.181171 0.181171 0.181171
6330.035645 0.000000 2452.408447 0.000000 0.994479 0.000000 0.104931 0.184255 0.184255 0.184255
6333.901855 0.000000 2453.828125 0.000000 0.696723 0.000000 0.717341 0.190540 0.190540 0.190540
6366.802246 0.000000 2428.889160 0.000000 0.533179 0.000000 0.846002 0.096790 0.096790 0.096790
6350.716309 0.000000 2438.561768 0.000000 0.931663 0.000000 0.363324 0.098816 0.098816 0.098816
6345.424316 0.000000 2456.701904 0.000000 0.997388 0.000000 -0.072233 0.100230 0.100230 0.100230
6337.602051 0.000000 2459.201416 0.000000 0.441897 0.000000 0.897066 0.114560 0.114560 0.114560
6345.939941 0.000000 2444.116455 0.000000 0.736554 0.000000 0.676378 0.117053 0.117053 0.117053
6348.396484 0.000000 2441.335938 0.000000 0.914787 0.000000 0.403937 0.099506 0.099506 0.099506
6360.982910 0.000000 2432.701904 0.000000 0.940954 0.000000 0.338534 0.099178 0.099178 0.099178
6351.212891 0.000000 2441.281494 0.000000 0.681541 0.000000 0.731780 0.116755 0.116755 0.116755
6375.590820 0.000000 2432.443359 0.000000 0.810772 0.000000 0.585362 0.143857 0.143857 0.143857
6353.307129 0.000000 2439.773926 0.000000 0.003770 0.000000 0.999993 0.112843 0.112843 0.112843
6367.881836 0.000000 2431.477539 0.000000 0.434761 0.000000 0.900546 0.127495 0.127495 0.127495
6360.755859 0.000000 2448.177246 0.000000 0.962612 0.000000 0.270883 0.111066 0.111066 0.111066
6356.471191 0.000000 2450.653809 0.000000 0.120386 0.000000 0.992727 0.144813 0.144813 0.144813
6339.928711 0.000000 2458.959961 0.000000 0.325261 0.000000 0.945624 0.114082 0.114082 0.114082
6363.828125 0.000000 2432.867188 0.000000 0.212164 0.000000 0.977234 0.099701 0.099701 0.099701
6358.294922 0.000000 2436.301270 0.000000 0.646215 0.000000 0.763156 0.136186 0.136186 0.136186
6377.380859 0.000000 2444.775635 0.000000 0.957283 0.000000 0.289152 0.112109 0.112109 0.112109
6341.852539 0.000000 2451.673584 0.000000 0.512793 0.000000 0.858512 0.106196 0.106196 0.106196
6347.631836 0.000000 2445.344482 0.000000 0.041156 0.000000 0.999153 0.125776 0.125776 0.125776
6380.434570 0.000000 2440.606934 0.000000 0.399047 0.000000 0.916931 0.104130 0.104130 0.104130
6358.347168 0.000000 2451.471680 0.000000 0.899906 0.000000 0.436084 0.125344 0.125344 0.125344
6365.062500 0.000000 2446.504395 0.000000 0.510501 0.000000 0.859877 0.104019 0.104019 0.104019
6346.587402 0.000000 2442.108398 0.000000 0.294584 0.000000 0.955626 0.115035 0.115035 0.115035
6354.017090 0.000000 2452.612793 0.000000 0.014979 0.000000 0.999888 0.116081 0.116081 0.116081
6344.084473 0.000000 2444.463135 0.000000 0.151192 0.000000 0.988504 0.114473 0.114473 0.114473
6347.861328 0.000000 2443.497559 0.000000 0.271669 0.000000 0.962391 0.114943 0.114943 0.114943
6377.043945 0.000000 2440.843750 0.000000 0.946312 0.000000 -0.323254 0.143222 0.143222 0.143222
6349.681152 0.000000 2442.600830 0.000000 0.948492 0.000000 -0.316800 0.155642 0.155642 0.155642
6360.050781 0.000000 2446.541016 0.000000 0.987894 0.000000 -0.155128 0.132305 0.132305 0.132305
6348.302734 0.000000 2449.226562 0.000000 0.622909 0.000000 0.782294 0.159452 0.159452 0.159452
6336.520996 0.000000 2448.598145 0.000000 0.631552 0.000000 0.775333 0.137734 0.137734 0.137734
6358.760742 0.000000 2438.032471 0.000000 0.948132 0.000000 0.317878 0.155802 0.155802 0.155802
6360.543945 0.000000 2439.005615 0.000000 0.984267 0.000000 -0.176688 0.168454 0.168454 0.168454
6374.213867 0.000000 2438.841309 0.000000 0.967721 0.000000 -0.252023 0.167736 0.167736 0.167736
6345.291016 0.000000 2445.621338 0.000000 0.565042 0.000000 0.825062 0.116185 0.116185 0.116185
6357.721191 0.000000 2441.000977 0.000000 0.909541 0.000000 0.415614 0.163564 0.163564 0.163564
6375.927246 0.000000 2442.002197 0.000000 0.994834 0.000000 0.101512 0.141278 0.141278 0.141278
6361.591309 0.000000 2446.809814 0.000000 0.968369 0.000000 0.249524 0.130596 0.130596 0.130596
6375.286133 0.000000 2435.650391 0.000000 0.918957 0.000000 0.394358 0.168111 0.168111 0.168111
6360.543945 0.000000 2443.329590 0.000000 0.889509 0.000000 0.456918 0.174909 0.174909 0.174909
6357.329102 0.000000 2439.452393 0.000000 0.997961 0.000000 0.063827 0.152071 0.152071 0.152071
6363.648926 0.000000 2436.261719 0.000000 0.906204 0.000000 0.422840 0.172913 0.172913 0.172913
6362.808105 0.000000 2445.833984 0.000000 0.746610 0.000000 0.665262 0.125866 0.125866 0.125866
6366.747070 0.000000 2430.416260 0.000000 0.993504 0.000000 -0.113801 0.132693 0.132693 0.132693
6363.479980 0.000000 2443.187012 0.000000 0.306923 0.000000 0.951734 0.159182 0.159182 0.159182
6354.551758 0.000000 2440.720703 0.000000 0.939486 0.000000 0.342586 0.162319 0.162319 0.162319
6352.717773 0.000000 2441.165283 0.000000 0.348247 0.000000 0.937403 0.152950 0.152950 0.152950
6370.394043 0.000000 2441.521240 0.000000 0.895114 0.000000 0.445838 0.172219 0.172219 0.172219
6361.317871 0.000000 2436.088379 0.000000 0.999069 0.000000 -0.043132 0.148102 0.148102 0.148102
6347.125000 0.000000 2448.084717 0.000000 0.325058 0.000000 0.945694 0.158744 0.158744 0.158744
6363.908691 0.000000 2434.331787 0.000000 0.793486 0.000000 0.608589 0.137139 0.137139 0.137139
6366.457031 0.000000 2431.878906 0.000000 0.425732 0.000000 0.904850 0.127453 0.127453 0.127453
6337.273926 0.000000 2456.347900 0.000000 0.057139 0.000000 0.998366 0.140773 0.140773 0.140773
6373.430176 0.000000 2433.295410 0.000000 0.961785 0.000000 0.273807 0.166584 0.166584 0.166584
6344.764648 0.000000 2447.293701 0.000000 0.094366 0.000000 0.995538 0.127068 0.127068 0.127068
6363.985840 0.000000 2439.586182 0.000000 0.150535 0.000000 0.988605 0.178659 0.178659 0.178659
6365.169434 0.000000 2432.427734 0.000000 0.411921 0.000000 0.911220 0.144662 0.144662 0.144662
6337.633789 0.000000 2454.558594 0.000000 0.968312 0.000000 0.249745 0.167273 0.167273 0.167273
6366.441895 0.000000 2440.792236 0.000000 0.843004 0.000000 -0.537907 0.177950 0.177950 0.177950
6369.218262 0.000000 2431.647461 0.000000 0.987592 0.000000 -0.157042 0.146389 0.146389 0.146389
6373.055664 0.000000 2442.271240 0.000000 0.901205 0.000000 -0.433394 0.138077 0.138077 0.138077
6371.236328 0.000000 2433.349365 0.000000 0.675346 0.000000 0.737501 0.184357 0.184357 0.184357
6337.285645 0.000000 2457.940186 0.000000 0.951151 0.000000 -0.308726 0.149377 0.149377 0.149377
6364.656250 0.000000 2443.700684 0.000000 0.999997 0.000000 -0.002484 0.148471 0.148471 0.148471
6345.788574 0.000000 2448.229004 0.000000 0.998914 0.000000 0.046589 0.140967 0.140967 0.140967
6359.267578 0.000000 2443.030273 0.000000 0.999996 0.000000 0.002777 0.196621 0.196621 0.196621
6356.947754 0.000000 2443.457764 0.000000 0.226706 0.000000 0.973963 0.191456 0.191456 0.191456
6359.642578 0.000000 2436.247070 0.000000 0.673977 0.000000 0.738752 0.136350 0.136350 0.136350
6374.330078 0.000000 2443.176270 0.000000 0.997980 0.000000 -0.063536 0.142024 0.142024 0.142024
6357.697754 0.000000 2450.310547 0.000000 0.361729 0.000000 0.932283 0.146018 0.146018 0.146018
6358.991211 0.000000 2441.106934 0.000000 0.500197 0.000000 0.865911 0.172214 0.172214 0.172214
6362.409180 0.000000 2441.684570 0.000000 0.946853 0.000000 0.321667 0.175185 0.175185 0.175185
6347.304199 0.000000 2446.624512 0.000000 0.634800 0.000000 0.772677 0.142653 0.142653 0.142653
6345.029297 0.000000 2449.430420 0.000000 0.587211 0.000000 0.809434 0.136938 0.136938 0.136938
6371.340820 0.000000 2430.083252 0.000000 0.603157 0.000000 0.797623 0.151709 0.151709 0.151709
6353.695801 0.000000 2451.413574 0.000000 0.811989 0.000000 0.583673 0.151554 0.151554 0.151554
6351.304199 0.000000 2444.611572 0.000000 0.085638 0.000000 0.996326 0.190546 0.190546 0.190546
6349.407227 0.000000 2449.709473 0.000000 0.687940 0.000000 0.725768 0.159902 0.159902 0.159902
6373.009277 0.000000 2434.889893 0.000000 0.938606 0.000000 0.344991 0.197758 0.197758 0.197758
6374.609863 0.000000 2433.192871 0.000000 0.861930 0.000000 -0.507028 0.149263 0.149263 0.149263
6361.134766 0.000000 2441.568848 0.000000 0.210793 0.000000 0.977531 0.176880 0.176880 0.176880
6338.538086 0.000000 2452.645996 0.000000 0.987816 0.000000 -0.155629 0.157643 0.157643 0.157643
6352.823242 0.000000 2450.432861 0.000000 0.416388 0.000000 0.909187 0.149005 0.149005 0.149005
6377.102051 0.000000 2436.088135 0.000000 0.560892 0.000000 0.827889 0.147650 0.147650 0.147650
6365.269043 0.000000 2438.780029 0.000000 0.986121 0.000000 -0.166031 0.200499 0.200499 0.200499
6349.162109 0.000000 2451.322510 0.000000 0.865484 0.000000 0.500936 0.164159 0.164159 0.164159
6356.287598 0.000000 2449.492920 0.000000 0.043209 0.000000 0.999066 0.166291 0.166291 0.166291
6355.341797 0.000000 2450.267822 0.000000 0.000857 0.000000 1.000000 0.146363 0.146363 0.146363
6347.529297 0.000000 2451.980957 0.000000 0.909055 0.000000 0.416676 0.167978 0.167978 0.167978
6356.123047 0.000000 2439.370361 0.000000 0.979794 0.000000 -0.200009 0.153358 0.153358 0.153358
6346.822754 0.000000 2450.554688 0.000000 0.412092 0.000000 0.911142 0.164095 0.164095 0.164095
6365.687012 0.000000 2441.683105 0.000000 0.998391 0.000000 -0.056705 0.191943 0.191943 0.191943
6350.561523 0.000000 2449.630859 0.000000 0.082787 0.000000 0.996567 0.172916 0.172916 0.172916
6360.133789 0.000000 2445.293457 0.000000 0.965366 0.000000 -0.260901 0.168914 0.168914 0.168914
6350.829590 0.000000 2451.708496 0.000000 0.986595 0.000000 -0.163186 0.166692 0.166692 0.166692
6362.827148 0.000000 2439.896973 0.000000 0.954241 0.000000 -0.299037 0.188924 0.188924 0.188924
6351.213379 0.000000 2448.487793 0.000000 0.883520 0.000000 0.468393 0.178696 0.178696 0.178696
6357.764648 0.000000 2448.532227 0.000000 0.893215 0.000000 -0.449631 0.177385 0.177385 0.177385
6368.474609 0.000000 2440.057373 0.000000 0.827784 0.000000 0.561047 0.172025 0.172025 0.172025
6356.359863 0.000000 2447.209229 0.000000 0.999756 0.000000 -0.022087 0.200141 0.200141 0.200141
6356.728516 0.000000 2441.526611 0.000000 0.970054 0.000000 -0.242889 0.167121 0.167121 0.167121
6348.386230 0.000000 2444.513428 0.000000 0.963031 0.000000 -0.269392 0.170092 0.170092 0.170092
6361.368652 0.000000 2444.115967 0.000000 0.015253 0.000000 0.999884 0.159213 0.159213 0.159213
6363.101074 0.000000 2437.981445 0.000000 0.737879 0.000000 0.674933 0.171215 0.171215 0.171215
6364.488281 0.000000 2437.030518 0.000000 0.926212 0.000000 -0.377003 0.202461 0.202461 0.202461
6352.389648 0.000000 2443.765137 0.000000 0.891644 0.000000 -0.452738 0.202991 0.202991 0.202991
6370.780762 0.000000 2440.498047 0.000000 0.953834 0.000000 -0.300335 0.176487 0.176487 0.176487
6367.259766 0.000000 2438.575928 0.000000 0.122352 0.000000 0.992487 0.190781 0.190781 0.190781
6369.214844 0.000000 2441.752441 0.000000 0.876855 0.000000 -0.480755 0.178149 0.178149 0.178149
6361.502930 0.000000 2439.401611 0.000000 0.129426 0.000000 0.991589 0.159824 0.159824 0.159824
6367.150879 0.000000 2437.529053 0.000000 0.050225 0.000000 0.998738 0.190320 0.190320 0.190320
6367.095703 0.000000 2433.915771 0.000000 0.930583 0.000000 0.366082 0.169937 0.169937 0.169937
6362.603516 0.000000 2436.112061 0.000000 0.706099 0.000000 0.708113 0.170958 0.170958 0.170958
6359.253418 0.000000 2445.812012 0.000000 0.651988 0.000000 0.758229 0.194521 0.194521 0.194521
6351.096680 0.000000 2446.682373 0.000000 0.480681 0.000000 0.876895 0.193192 0.193192 0.193192
6337.188965 0.000000 2450.930908 0.000000 0.951044 0.000000 0.309057 0.172487 0.172487 0.172487
6356.694824 0.000000 2445.090332 0.000000 0.999991 0.000000 -0.004218 0.200027 0.200027 0.200027
6367.367676 0.000000 2441.104004 0.000000 0.999819 0.000000 0.019013 0.174684 0.174684 0.174684
6354.842285 0.000000 2444.203125 0.000000 0.984717 0.000000 -0.174162 0.201114 0.201114 0.201114
6354.114258 0.000000 2449.025879 0.000000 0.666706 0.000000 0.745320 0.193010 0.193010 0.193010
6357.576172 0.000000 2445.612793 0.000000 0.932807 0.000000 0.360377 0.197653 0.197653 0.197653
6372.752930 0.000000 2439.783691 0.000000 0.584777 0.000000 0.811194 0.184196 0.184196 0.184196
6354.490723 0.000000 2446.168457 0.000000 0.183839 0.000000 0.982956 0.191177 0.191177 0.191177
6368.908203 0.000000 2437.415283 0.000000 0.133185 0.000000 0.991091 0.190850 0.190850 0.190850
6372.292969 0.000000 2437.903809 0.000000 0.780880 0.000000 0.624681 0.195705 0.195705 0.195705
6353.425293 0.000000 2442.971436 0.000000 0.515610 0.000000 0.856824 0.193449 0.193449 0.193449
6359.981445 0.000000 2447.483643 0.000000 0.044572 0.000000 0.999006 0.181223 0.181223 0.181223
6368.805664 0.000000 2433.973389 0.000000 0.831247 0.000000 0.555903 0.189101 0.189101 0.189101
6370.942871 0.000000 2434.677002 0.000000 0.974028 0.000000 -0.226426 0.201454 0.201454 0.201454
6370.677246 0.000000 2438.013672 0.000000 0.141402 0.000000 0.989952 0.190903 0.190903 0.190903
6354.576172 0.000000 2448.231934 0.000000 0.987013 0.000000 -0.160639 0.199338 0.199338 0.199338
6351.972168 0.000000 2445.297852 0.000000 0.941559 0.000000 0.336847 0.197813 0.197813 0.197813
6350.367188 0.000000 2444.455322 0.000000 0.942141 0.000000 0.335218 0.197824 0.197824 0.197824
6357.020508 0.000000 2442.397705 0.000000 0.192648 0.000000 0.981268 0.191234 0.191234 0.191234
6373.422363 0.000000 2438.331543 0.000000 0.528164 0.000000 0.849142 0.183784 0.183784 0.183784
6356.056641 0.000000 2443.401611 0.000000 0.143016 0.000000 0.989720 0.190914 0.190914 0.190914
6350.049805 0.000000 2446.179443 0.000000 0.978640 0.000000 0.205582 0.198682 0.198682 0.198682
6353.699707 0.000000 2444.581543 0.000000 0.921487 0.000000 0.388408 0.197461 0.197461 0.197461
6370.447266 0.000000 2439.656982 0.000000 0.460597 0.000000 0.887609 0.193047 0.193047 0.193047
6371.750488 0.000000 2438.546875 0.000000 0.941802 0.000000 0.336168 0.197817 0.197817 0.197817
6372.307617 0.000000 2435.343262 0.000000 0.988481 0.000000 0.151344 0.199033 0.199033 0.199033
6364.497559 0.000000 2436.197754 0.000000 0.828119 0.000000 0.560552 0.196212 0.196212 0.196212
6369.215332 0.000000 2438.187988 0.000000 0.955473 0.000000 -0.295077 0.201907 0.201907 0.201907
6371.292969 0.000000 2436.249268 0.000000 0.517056 0.000000 0.855952 0.193459 0.193459 0.193459
6373.858887 0.000000 2436.844238 0.000000 0.646264 0.000000 0.763114 0.194473 0.194473 0.194473
6352.693359 0.000000 2445.727295 0.000000 0.928145 0.000000 0.372219 0.197572 0.197572 0.197572
6836.449707 0.000000 2518.072998 0.000000 0.556907 0.000000 0.830575 0.130802 0.130802 0.130802
6817.639160 0.000000 2515.350098 0.000000 0.999376 0.000000 0.035331 0.099888 0.099888 0.099888
6841.426758 0.000000 2502.711426 0.000000 0.784907 0.000000 0.619613 0.115693 0.115693 0.115693
6830.271484 0.000000 2522.601074 0.000000 0.935229 0.000000 0.354044 0.098848 0.098848 0.098848
6841.915527 0.000000 2496.027344 0.000000 0.949108 0.000000 -0.314950 0.114885 0.114885 0.114885
6829.791016 0.000000 2498.650635 0.000000 0.821667 0.000000 -0.569968 0.141618 0.141618 0.141618
6847.097656 0.000000 2524.701660 0.000000 0.999777 0.000000 -0.021135 0.100067 0.100067 0.100067
6825.396484 0.000000 2499.071289 0.000000 0.715233 0.000000 0.698887 0.123492 0.123492 0.123492
6815.822266 0.000000 2511.373535 0.000000 0.906389 0.000000 -0.422445 0.101388 0.101388 0.101388
6843.875488 0.000000 2499.518799 0.000000 0.187089 0.000000 0.982343 0.125859 0.125859 0.125859
6828.877441 0.000000 2519.099365 0.000000 0.166553 0.000000 0.986033 0.144503 0.144503 0.144503
6819.650879 0.000000 2508.254883 0.000000 0.899401 0.000000 0.437126 0.113744 0.113744 0.113744
6828.084473 0.000000 2516.056396 0.000000 0.947943 0.000000 -0.318439 0.101315 0.101315 0.101315
6837.610352 0.000000 2520.805420 0.000000 0.963165 0.000000 0.268909 0.099133 0.099133 0.099133
6826.549316 0.000000 2496.423828 0.000000 0.999918 0.000000 0.012780 0.123199 0.123199 0.123199
6817.496582 0.000000 2509.543213 0.000000 0.930578 0.000000 0.366093 0.099084 0.099084 0.099084
6843.596680 0.000000 2501.838867 0.000000 0.671874 0.000000 0.740665 0.133066 0.133066 0.133066
6819.886719 0.000000 2515.937012 0.000000 0.909146 0.000000 -0.416478 0.110737 0.110737 0.110737
6828.435059 0.000000 2521.287598 0.000000 0.195044 0.000000 0.980794 0.164464 0.164464 0.164464
6835.339844 0.000000 2520.601807 0.000000 0.920261 0.000000 0.391305 0.107293 0.107293 0.107293
6847.035645 0.000000 2526.920654 0.000000 0.817090 0.000000 0.576510 0.152696 0.152696 0.152696
6825.380859 0.000000 2501.260010 0.000000 0.267777 0.000000 0.963481 0.111169 0.111169 0.111169
6816.249023 0.000000 2513.688232 0.000000 0.997762 0.000000 -0.066872 0.139232 0.139232 0.139232
6821.382812 0.000000 2512.894531 0.000000 0.567414 0.000000 0.823433 0.109680 0.109680 0.109680
6830.922852 0.000000 2520.633789 0.000000 0.985266 0.000000 0.171029 0.111989 0.111989 0.111989
6834.737793 0.000000 2518.810059 0.000000 0.893900 0.000000 0.448266 0.168340 0.168340 0.168340
6827.248535 0.000000 2518.138428 0.000000 0.999280 0.000000 -0.037935 0.145273 0.145273 0.145273
6847.474121 0.000000 2530.536865 0.000000 0.425662 0.000000 0.904882 0.118812 0.118812 0.118812
6844.200684 0.000000 2529.385254 0.000000 0.872045 0.000000 -0.489425 0.124686 0.124686 0.124686
6818.170410 0.000000 2513.669922 0.000000 0.944805 0.000000 -0.327634 0.172118 0.172118 0.172118
6838.224609 0.000000 2500.491211 0.000000 0.801851 0.000000 0.597524 0.119639 0.119639 0.119639
6839.988281 0.000000 2500.935791 0.000000 0.996541 0.000000 -0.083102 0.122452 0.122452 0.122452
6818.717285 0.000000 2510.675537 0.000000 0.553610 0.000000 0.832776 0.172571 0.172571 0.172571
6826.998047 0.000000 2521.979492 0.000000 0.579903 0.000000 0.814686 0.159714 0.159714 0.159714
6837.526855 0.000000 2519.248047 0.000000 0.959910 0.000000 0.280309 0.133793 0.133793 0.133793
6826.500977 0.000000 2500.098145 0.000000 0.069059 0.000000 0.997613 0.168035 0.168035 0.168035
6835.138184 0.000000 2517.324707 0.000000 0.981383 0.000000 -0.192062 0.183757 0.183757 0.183757
6828.925781 0.000000 2501.879883 0.000000 0.123006 0.000000 0.992406 0.120777 0.120777 0.120777
6842.884277 0.000000 2500.595947 0.000000 0.704033 0.000000 0.710167 0.133258 0.133258 0.133258
6829.534668 0.000000 2520.333984 0.000000 0.714782 0.000000 0.699347 0.167749 0.167749 0.167749
6847.099609 0.000000 2528.273682 0.000000 0.456933 0.000000 0.889501 0.181126 0.181126 0.181126
6837.027344 0.000000 2516.829590 0.000000 0.980966 0.000000 -0.194180 0.146001 0.146001 0.146001
6816.286133 0.000000 2510.190674 0.000000 0.231677 0.000000 0.972793 0.139459 0.139459 0.139459
6837.738770 0.000000 2517.937744 0.000000 0.362293 0.000000 0.932064 0.139555 0.139555 0.139555
6829.685059 0.000000 2521.532227 0.000000 0.028158 0.000000 0.999603 0.163544 0.163544 0.163544
6817.384277 0.000000 2510.735840 0.000000 0.197166 0.000000 0.980370 0.139296 0.139296 0.139296
6827.927246 0.000000 2500.157471 0.000000 0.847577 0.000000 -0.530672 0.179613 0.179613 0.179613
6841.149414 0.000000 2501.418213 0.000000 0.976130 0.000000 0.217188 0.184142 0.184142 0.184142
6834.367676 0.000000 2519.941650 0.000000 0.968192 0.000000 -0.250208 0.172244 0.172244 0.172244
6826.449707 0.000000 2501.698975 0.000000 0.359670 0.000000 0.933079 0.169714 0.169714 0.169714
6847.301758 0.000000 2529.410645 0.000000 0.932460 0.000000 0.361274 0.185467 0.185467 0.185467
6827.296875 0.000000 2520.933838 0.000000 0.884994 0.000000 -0.465602 0.167245 0.167245 0.167245
6834.162109 0.000000 2517.812256 0.000000 0.616311 0.000000 0.787503 0.177362 0.177362 0.177362
6826.582031 0.000000 2499.088867 0.000000 0.779184 0.000000 0.626796 0.187465 0.187465 0.187465
6840.222168 0.000000 2500.017090 0.000000 0.965090 0.000000 0.261918 0.183870 0.183870 0.183870
6855.674805 0.000000 2509.258545 0.000000 0.891058 0.000000 -0.453889 0.102353 0.102353 0.102353
6851.716309 0.000000 2526.418701 0.000000 0.007113 0.000000 0.999975 0.095023 0.095023 0.095023
6861.066406 0.000000 2538.528809 0.000000 0.760970 0.000000 0.648787 0.107884 0.107884 0.107884
6848.390625 0.000000 2528.862549 0.000000 0.576737 0.000000 0.816930 0.154262 0.154262 0.154262
6887.131348 0.000000 2520.291748 0.000000 0.173715 0.000000 0.984796 0.146679 0.146679 0.146679
6863.660156 0.000000 2536.477783 0.000000 0.879584 0.000000 0.475744 0.138397 0.138397 0.138397
6886.737793 0.000000 2523.790283 0.000000 0.983197 0.000000 0.182549 0.124757 0.124757 0.124757
6861.152832 0.000000 2530.543457 0.000000 0.351591 0.000000 0.936154 0.122805 0.122805 0.122805
6854.827637 0.000000 2541.311279 0.000000 0.964776 0.000000 0.263072 0.136092 0.136092 0.136092
6859.713867 0.000000 2523.315674 0.000000 0.101987 0.000000 0.994786 0.122828 0.122828 0.122828
6851.167969 0.000000 2529.265137 0.000000 0.996078 0.000000 0.088479 0.101115 0.101115 0.101115
6851.898438 0.000000 2538.069092 0.000000 0.874698 0.000000 -0.484668 0.106449 0.106449 0.106449
6859.346680 0.000000 2533.276611 0.000000 0.915667 0.000000 0.401937 0.127708 0.127708 0.127708
6871.931152 0.000000 2537.029785 0.000000 0.989716 0.000000 -0.143044 0.109743 0.109743 0.109743
6848.956543 0.000000 2526.432373 0.000000 0.997122 0.000000 -0.075813 0.130848 0.130848 0.130848
6882.794434 0.000000 2523.572021 0.000000 0.999524 0.000000 0.030850 0.109696 0.109696 0.109696
6873.450195 0.000000 2533.009277 0.000000 0.776121 0.000000 0.630584 0.137014 0.137014 0.137014
6859.910645 0.000000 2512.995361 0.000000 0.932992 0.000000 -0.359898 0.112791 0.112791 0.112791
6855.561523 0.000000 2536.286377 0.000000 0.966278 0.000000 -0.257500 0.139522 0.139522 0.139522
6862.486328 0.000000 2523.994385 0.000000 0.299921 0.000000 0.953964 0.117744 0.117744 0.117744
6867.258789 0.000000 2524.206055 0.000000 0.872943 0.000000 -0.487822 0.134357 0.134357 0.134357
6857.114258 0.000000 2515.426270 0.000000 0.860456 0.000000 -0.509524 0.108824 0.108824 0.108824
6880.929688 0.000000 2541.790039 0.000000 0.999991 0.000000 -0.004150 0.175373 0.175373 0.175373
6863.977051 0.000000 2534.379639 0.000000 0.502271 0.000000 0.864711 0.141357 0.141357 0.141357
6853.476562 0.000000 2536.590820 0.000000 0.928767 0.000000 -0.370663 0.115100 0.115100 0.115100
6857.185059 0.000000 2528.847656 0.000000 0.987685 0.000000 -0.156458 0.132311 0.132311 0.132311
6875.270508 0.000000 2537.058838 0.000000 0.906867 0.000000 0.421417 0.124858 0.124858 0.124858
6885.000000 0.000000 2519.994141 0.000000 0.729141 0.000000 0.684363 0.126854 0.126854 0.126854
6884.653320 0.000000 2523.577393 0.000000 0.956107 0.000000 -0.293017 0.167396 0.167396 0.167396
6857.040527 0.000000 2526.837158 0.000000 0.800613 0.000000 0.599182 0.129509 0.129509 0.129509
6859.004883 0.000000 2511.132568 0.000000 0.993403 0.000000 0.114679 0.121124 0.121124 0.121124
6863.409668 0.000000 2525.472656 0.000000 0.985643 0.000000 0.168841 0.170503 0.170503 0.170503
6853.147461 0.000000 2539.301758 0.000000 0.976243 0.000000 -0.216676 0.175441 0.175441 0.175441
6870.839355 0.000000 2535.877441 0.000000 0.689736 0.000000 0.724061 0.145179 0.145179 0.145179
6865.954102 0.000000 2523.336670 0.000000 0.390665 0.000000 0.920533 0.179610 0.179610 0.179610
6862.515625 0.000000 2535.259277 0.000000 0.960052 0.000000 -0.279820 0.147538 0.147538 0.147538
6873.614258 0.000000 2537.048096 0.000000 0.713736 0.000000 0.700415 0.161184 0.161184 0.161184
6858.104492 0.000000 2532.403320 0.000000 0.847464 0.000000 0.530853 0.127107 0.127107 0.127107
6855.944824 0.000000 2513.250732 0.000000 0.989956 0.000000 -0.141378 0.133935 0.133935 0.133935
6854.455566 0.000000 2513.217773 0.000000 0.471933 0.000000 0.881634 0.128753 0.128753 0.128753
6862.479004 0.000000 2529.793213 0.000000 0.090292 0.000000 0.995915 0.148937 0.148937 0.148937
6849.717285 0.000000 2529.757568 0.000000 0.995077 0.000000 -0.099100 0.159606 0.159606 0.159606
6860.281738 0.000000 2537.314453 0.000000 0.294414 0.000000 0.955678 0.163950 0.163950 0.163950
6875.966309 0.000000 2534.581787 0.000000 0.230268 0.000000 0.973127 0.135698 0.135698 0.135698
6857.361328 0.000000 2539.320801 0.000000 0.995703 0.000000 0.092603 0.133498 0.133498 0.133498
6862.955566 0.000000 2537.604736 0.000000 0.143929 0.000000 0.989588 0.134232 0.134232 0.134232
6856.040039 0.000000 2510.556396 0.000000 0.998049 0.000000 -0.062436 0.184680 0.184680 0.184680
6863.300293 0.000000 2528.400635 0.000000 0.381799 0.000000 0.924245 0.150436 0.150436 0.150436
6867.856934 0.000000 2523.052490 0.000000 0.912488 0.000000 -0.409103 0.153290 0.153290 0.153290
6856.949707 0.000000 2531.520996 0.000000 0.958014 0.000000 -0.286721 0.138525 0.138525 0.138525
6865.638672 0.000000 2526.610840 0.000000 0.988348 0.000000 -0.152210 0.176203 0.176203 0.176203
6885.766602 0.000000 2523.119385 0.000000 0.979008 0.000000 -0.203820 0.166910 0.166910 0.166910
6881.257812 0.000000 2538.330566 0.000000 0.969123 0.000000 0.246580 0.171736 0.171736 0.171736
6849.508301 0.000000 2528.601074 0.000000 0.775787 0.000000 0.630995 0.155645 0.155645 0.155645
6862.093750 0.000000 2525.038086 0.000000 0.665309 0.000000 0.746568 0.166829 0.166829 0.166829
6878.679199 0.000000 2539.277832 0.000000 0.921462 0.000000 -0.388469 0.169067 0.169067 0.169067
6861.927734 0.000000 2537.904785 0.000000 0.287088 0.000000 0.957904 0.163909 0.163909 0.163909
6885.083496 0.000000 2521.342041 0.000000 0.060754 0.000000 0.998153 0.188787 0.188787 0.188787
6878.741699 0.000000 2541.081299 0.000000 0.535901 0.000000 0.844281 0.193601 0.193601 0.193601
6858.770020 0.000000 2528.651611 0.000000 0.260324 0.000000 0.965521 0.191677 0.191677 0.191677
6876.533691 0.000000 2539.776855 0.000000 0.999761 0.000000 0.021880 0.185305 0.185305 0.185305
6857.617676 0.000000 2511.991943 0.000000 0.942215 0.000000 0.335009 0.182310 0.182310 0.182310
6865.233398 0.000000 2524.145508 0.000000 0.977364 0.000000 -0.211567 0.181052 0.181052 0.181052
6876.838379 0.000000 2538.711914 0.000000 0.323429 0.000000 0.946252 0.178106 0.178106 0.178106
6874.143555 0.000000 2541.013916 0.000000 0.962909 0.000000 -0.269827 0.201739 0.201739 0.201739
6874.767578 0.000000 2539.140869 0.000000 0.728858 0.000000 0.684665 0.195199 0.195199 0.195199
6858.654785 0.000000 2531.604980 0.000000 0.984761 0.000000 0.173914 0.192759 0.192759 0.192759
6875.468262 0.000000 2540.015137 0.000000 0.552731 0.000000 0.833360 0.193728 0.193728 0.193728
6858.018555 0.000000 2526.880371 0.000000 0.928048 0.000000 -0.372461 0.202430 0.202430 0.202430
6878.264648 0.000000 2540.133301 0.000000 0.671386 0.000000 0.741108 0.194686 0.194686 0.194686
6859.871094 0.000000 2524.312500 0.000000 0.937425 0.000000 0.348186 0.197736 0.197736 0.197736
6872.071289 0.000000 2541.467529 0.000000 0.458759 0.000000 0.888561 0.187086 0.187086 0.187086
6858.003906 0.000000 2524.959473 0.000000 0.998898 0.000000 0.046943 0.199701 0.199701 0.199701
6873.888184 0.000000 2535.243896 0.000000 0.530755 0.000000 0.847526 0.193562 0.193562 0.193562
6863.046387 0.000000 2527.594238 0.000000 0.994489 0.000000 -0.104837 0.200669 0.200669 0.200669
6863.594238 0.000000 2526.367676 0.000000 0.994699 0.000000 0.102826 0.199344 0.199344 0.199344
6859.565430 0.000000 2527.437988 0.000000 0.999818 0.000000 0.019073 0.199879 0.199879 0.199879
6854.599121 0.000000 2594.897705 0.000000 0.236267 0.000000 0.971688 0.112658 0.112658 0.112658
6861.066406 0.000000 2595.013184 0.000000 0.828761 0.000000 -0.559602 0.103888 0.103888 0.103888
6874.661621 0.000000 2563.234619 0.000000 0.620206 0.000000 0.784439 0.097130 0.097130 0.097130
6875.974121 0.000000 2573.526367 0.000000 0.757394 0.000000 0.652958 0.101842 0.101842 0.101842
6878.227539 0.000000 2546.354248 0.000000 0.612298 0.000000 0.790627 0.104985 0.104985 0.104985
6877.234863 0.000000 2565.505615 0.000000 0.050249 0.000000 0.998737 0.151403 0.151403 0.151403
6878.841309 0.000000 2573.428955 0.000000 0.508631 0.000000 0.860985 0.127848 0.127848 0.127848
6874.616211 0.000000 2565.879395 0.000000 0.210683 0.000000 0.977554 0.130784 0.130784 0.130784
6879.881836 0.000000 2544.446289 0.000000 0.566172 0.000000 0.824287 0.164512 0.164512 0.164512
6873.025879 0.000000 2542.044678 0.000000 0.855330 0.000000 0.518084 0.114507 0.114507 0.114507
6860.277832 0.000000 2597.053223 0.000000 0.799948 0.000000 0.600069 0.161332 0.161332 0.161332
6879.953125 0.000000 2547.472168 0.000000 0.971717 0.000000 0.236147 0.107303 0.107303 0.107303
6872.548340 0.000000 2543.853760 0.000000 0.053154 0.000000 0.998586 0.110898 0.110898 0.110898
6880.706543 0.000000 2545.946045 0.000000 0.954815 0.000000 -0.297200 0.135180 0.135180 0.135180
6875.663086 0.000000 2564.592529 0.000000 0.258973 0.000000 0.965885 0.131000 0.131000 0.131000
6863.857910 0.000000 2597.087158 0.000000 0.991875 0.000000 0.127218 0.138371 0.138371 0.138371
6857.361328 0.000000 2595.805176 0.000000 0.999896 0.000000 -0.014448 0.180475 0.180475 0.180475
6877.531738 0.000000 2542.640625 0.000000 0.910241 0.000000 0.414079 0.193966 0.193966 0.193966
6876.146484 0.000000 2543.157471 0.000000 0.473639 0.000000 0.880719 0.189895 0.189895 0.189895
6879.390625 0.000000 2545.739014 0.000000 0.513262 0.000000 0.858232 0.164173 0.164173 0.164173
6860.118164 0.000000 2598.271484 0.000000 0.660613 0.000000 0.750726 0.194594 0.194594 0.194594
6880.610840 0.000000 2543.579590 0.000000 0.537462 0.000000 0.843288 0.170834 0.170834 0.170834
6859.246582 0.000000 2596.524902 0.000000 0.883873 0.000000 -0.467726 0.167258 0.167258 0.167258
6856.532715 0.000000 2595.109863 0.000000 0.855083 0.000000 -0.518492 0.183522 0.183522 0.183522
6856.899414 0.000000 2596.796631 0.000000 0.937783 0.000000 0.347223 0.197743 0.197743 0.197743
6875.333984 0.000000 2542.603271 0.000000 0.930134 0.000000 -0.367219 0.202394 0.202394 0.202394
6879.787109 0.000000 2541.871338 0.000000 0.668401 0.000000 0.743801 0.194660 0.194660 0.194660
6878.988770 0.000000 2571.090576 0.000000 0.969217 0.000000 -0.246208 0.201584 0.201584 0.201584
6879.382812 0.000000 2566.914307 0.000000 0.569043 0.000000 0.822308 0.186795 0.186795 0.186795
6877.976074 0.000000 2568.478271 0.000000 0.295739 0.000000 0.955269 0.191911 0.191911 0.191911
6877.199219 0.000000 2570.446045 0.000000 0.888237 0.000000 -0.459385 0.203039 0.203039 0.203039
6875.556152 0.000000 2569.112061 0.000000 0.758803 0.000000 0.651320 0.195484 0.195484 0.195484
6876.461426 0.000000 2567.575684 0.000000 0.576633 0.000000 0.817003 0.193913 0.193913 0.193913
6875.580078 0.000000 2567.604736 0.000000 0.071873 0.000000 0.997414 0.190458 0.190458 0.190458
6875.438477 0.000000 2566.187744 0.000000 0.930797 0.000000 0.365537 0.197618 0.197618 0.197618
6874.125977 0.000000 2568.011963 0.000000 0.910880 0.000000 0.412671 0.197292 0.197292 0.197292
6877.965332 0.000000 2567.651855 0.000000 0.968699 0.000000 -0.248239 0.201597 0.201597 0.201597
6878.460449 0.000000 2542.615234 0.000000 0.992505 0.000000 0.122200 0.199220 0.199220 0.199220
6878.327637 0.000000 2569.882812 0.000000 0.243084 0.000000 0.970005 0.191563 0.191563 0.191563
6877.207520 0.000000 2541.910156 0.000000 0.913925 0.000000 -0.405883 0.202661 0.202661 0.202661
6874.757812 0.000000 2569.285645 0.000000 0.635313 0.000000 0.772255 0.194383 0.194383 0.194383
6908.270508 0.000000 2646.614990 0.000000 0.875840 0.000000 0.482601 0.144426 0.144426 0.144426
6905.729980 0.000000 2639.070801 0.000000 0.522191 0.000000 0.852828 0.107860 0.107860 0.107860
6894.271484 0.000000 2635.569824 0.000000 0.031904 0.000000 0.999491 0.095901 0.095901 0.095901
6909.041992 0.000000 2653.939453 0.000000 0.874178 0.000000 -0.485605 0.140609 0.140609 0.140609
6857.437988 0.000000 2599.098877 0.000000 0.986247 0.000000 0.165278 0.155476 0.155476 0.155476
6904.634766 0.000000 2634.069824 0.000000 0.579777 0.000000 0.814775 0.123859 0.123859 0.123859
6897.044434 0.000000 2646.965088 0.000000 0.943868 0.000000 -0.330322 0.126835 0.126835 0.126835
6906.165039 0.000000 2620.832031 0.000000 0.776677 0.000000 0.629899 0.097831 0.097831 0.097831
6910.112305 0.000000 2642.199951 0.000000 0.784597 0.000000 0.620006 0.101435 0.101435 0.101435
6889.396484 0.000000 2612.040039 0.000000 0.897263 0.000000 -0.441497 0.147210 0.147210 0.147210
6894.165527 0.000000 2615.823486 0.000000 0.984794 0.000000 -0.173726 0.136328 0.136328 0.136328
6895.152344 0.000000 2643.751953 0.000000 0.917575 0.000000 -0.397563 0.114071 0.114071 0.114071
6907.742676 0.000000 2635.958252 0.000000 0.911763 0.000000 -0.410716 0.101347 0.101347 0.101347
6897.098145 0.000000 2612.657227 0.000000 0.976944 0.000000 -0.213494 0.147784 0.147784 0.147784
6891.534668 0.000000 2614.270996 0.000000 0.610975 0.000000 0.791650 0.108243 0.108243 0.108243
6898.616699 0.000000 2644.334473 0.000000 0.734059 0.000000 0.679085 0.147119 0.147119 0.147119
6903.879395 0.000000 2641.476074 0.000000 0.976430 0.000000 0.215832 0.139086 0.139086 0.139086
6863.844238 0.000000 2601.408447 0.000000 0.996314 0.000000 0.085777 0.106152 0.106152 0.106152
6910.830566 0.000000 2645.516357 0.000000 0.956771 0.000000 0.290842 0.165379 0.165379 0.165379
6890.549316 0.000000 2609.392578 0.000000 0.996927 0.000000 -0.078334 0.121310 0.121310 0.121310
6908.341309 0.000000 2651.448975 0.000000 0.908487 0.000000 0.417913 0.113270 0.113270 0.113270
6899.409180 0.000000 2623.767578 0.000000 0.648959 0.000000 0.760823 0.143284 0.143284 0.143284
6894.630859 0.000000 2622.057861 0.000000 0.836600 0.000000 -0.547814 0.154622 0.154622 0.154622
6897.258789 0.000000 2635.738281 0.000000 0.991415 0.000000 -0.130755 0.156392 0.156392 0.156392
6905.397461 0.000000 2636.431641 0.000000 0.253330 0.000000 0.967380 0.161034 0.161034 0.161034
6904.956055 0.000000 2623.697021 0.000000 0.988672 0.000000 -0.150095 0.145231 0.145231 0.145231
6896.749512 0.000000 2620.888916 0.000000 0.983905 0.000000 -0.178693 0.146491 0.146491 0.146491
6904.713379 0.000000 2627.704346 0.000000 0.971238 0.000000 0.238110 0.112855 0.112855 0.112855
6900.752441 0.000000 2644.678467 0.000000 0.785836 0.000000 0.618435 0.121182 0.121182 0.121182
6892.434570 0.000000 2610.060059 0.000000 0.493936 0.000000 0.869498 0.147809 0.147809 0.147809
6897.818848 0.000000 2625.029053 0.000000 0.814103 0.000000 -0.580720 0.165098 0.165098 0.165098
6897.878906 0.000000 2610.625244 0.000000 0.858015 0.000000 -0.513625 0.120807 0.120807 0.120807
6895.881836 0.000000 2611.013672 0.000000 0.684566 0.000000 0.728951 0.166426 0.166426 0.166426
6901.193359 0.000000 2637.616211 0.000000 0.999808 0.000000 0.019609 0.137729 0.137729 0.137729
6896.863770 0.000000 2642.757324 0.000000 0.528203 0.000000 0.849118 0.172942 0.172942 0.172942
6903.086426 0.000000 2634.897461 0.000000 0.843889 0.000000 -0.536517 0.149995 0.149995 0.149995
6895.226074 0.000000 2639.225342 0.000000 0.700464 0.000000 0.713687 0.119039 0.119039 0.119039
6893.137695 0.000000 2613.341309 0.000000 0.788790 0.000000 0.614663 0.174946 0.174946 0.174946
6898.333496 0.000000 2637.217773 0.000000 0.899324 0.000000 0.437283 0.178898 0.178898 0.178898
6902.766602 0.000000 2642.881836 0.000000 0.955732 0.000000 0.294239 0.146493 0.146493 0.146493
6901.913086 0.000000 2645.955322 0.000000 0.860367 0.000000 0.509675 0.121702 0.121702 0.121702
6858.945312 0.000000 2598.427490 0.000000 0.927480 0.000000 0.373874 0.131707 0.131707 0.131707
6905.095215 0.000000 2622.060791 0.000000 0.459325 0.000000 0.888268 0.139507 0.139507 0.139507
6890.500977 0.000000 2613.066895 0.000000 0.625971 0.000000 0.779847 0.175801 0.175801 0.175801
6903.190918 0.000000 2640.171875 0.000000 0.948946 0.000000 0.315438 0.138625 0.138625 0.138625
6890.374023 0.000000 2610.926025 0.000000 0.717600 0.000000 0.696456 0.185258 0.185258 0.185258
6904.805176 0.000000 2637.795410 0.000000 0.956126 0.000000 0.292957 0.166477 0.166477 0.166477
6896.418945 0.000000 2624.557861 0.000000 0.558351 0.000000 0.829605 0.156862 0.156862 0.156862
6896.909180 0.000000 2641.328369 0.000000 0.925483 0.000000 0.378789 0.182588 0.182588 0.182588
6909.311523 0.000000 2652.572266 0.000000 0.978566 0.000000 -0.205933 0.139289 0.139289 0.139289
6902.485352 0.000000 2637.984131 0.000000 0.159818 0.000000 0.987146 0.186206 0.186206 0.186206
6904.776367 0.000000 2625.124512 0.000000 0.998995 0.000000 -0.044830 0.172234 0.172234 0.172234
6863.355469 0.000000 2599.884521 0.000000 0.984381 0.000000 0.176051 0.158207 0.158207 0.158207
6898.147461 0.000000 2623.353760 0.000000 0.721895 0.000000 0.692002 0.143755 0.143755 0.143755
6900.551758 0.000000 2639.409668 0.000000 0.973585 0.000000 0.228327 0.166835 0.166835 0.166835
6911.189941 0.000000 2648.775879 0.000000 0.690994 0.000000 0.722861 0.145733 0.145733 0.145733
6906.127441 0.000000 2622.873779 0.000000 0.112796 0.000000 0.993618 0.137831 0.137831 0.137831
6907.392090 0.000000 2625.349121 0.000000 0.595203 0.000000 0.803575 0.166880 0.166880 0.166880
6899.604980 0.000000 2645.240723 0.000000 0.962634 0.000000 0.270807 0.149385 0.149385 0.149385
6899.659180 0.000000 2622.397461 0.000000 0.788495 0.000000 0.615041 0.144232 0.144232 0.144232
6894.689453 0.000000 2610.580811 0.000000 0.731363 0.000000 0.681989 0.166787 0.166787 0.166787
6899.655762 0.000000 2637.474121 0.000000 0.886710 0.000000 0.462325 0.178736 0.178736 0.178736
6888.788574 0.000000 2613.167480 0.000000 0.735239 0.000000 0.677808 0.141658 0.141658 0.141658
6897.885254 0.000000 2645.302002 0.000000 0.233488 0.000000 0.972360 0.185600 0.185600 0.185600
6892.617676 0.000000 2611.257324 0.000000 0.986147 0.000000 0.165871 0.152130 0.152130 0.152130
6891.927246 0.000000 2613.126221 0.000000 0.270073 0.000000 0.962840 0.173480 0.173480 0.173480
6897.451660 0.000000 2643.976318 0.000000 0.316638 0.000000 0.948546 0.171609 0.171609 0.171609
6896.035645 0.000000 2613.177246 0.000000 0.996714 0.000000 -0.080998 0.147158 0.147158 0.147158
6904.208496 0.000000 2636.684082 0.000000 0.415705 0.000000 0.909499 0.161957 0.161957 0.161957
6894.116699 0.000000 2612.703857 0.000000 0.889902 0.000000 0.456152 0.196985 0.196985 0.196985
6897.188477 0.000000 2625.988037 0.000000 0.919002 0.000000 -0.394254 0.163993 0.163993 0.163993
6896.238770 0.000000 2643.965820 0.000000 0.998452 0.000000 -0.055614 0.179028 0.179028 0.179028
6896.024902 0.000000 2640.012939 0.000000 0.626510 0.000000 0.779414 0.179615 0.179615 0.179615
6892.707520 0.000000 2612.338867 0.000000 0.959016 0.000000 -0.283351 0.180346 0.180346 0.180346
6862.447754 0.000000 2599.263916 0.000000 0.970120 0.000000 -0.242625 0.160345 0.160345 0.160345
6911.464844 0.000000 2644.602295 0.000000 0.795041 0.000000 0.606556 0.163484 0.163484 0.163484
6903.548340 0.000000 2637.607666 0.000000 0.924081 0.000000 -0.382197 0.197392 0.197392 0.197392
6900.449219 0.000000 2638.349365 0.000000 0.874991 0.000000 -0.484140 0.170771 0.170771 0.170771
6901.460449 0.000000 2638.599854 0.000000 0.914070 0.000000 0.405558 0.165833 0.165833 0.165833
6910.449707 0.000000 2646.458496 0.000000 0.853298 0.000000 -0.521424 0.200072 0.200072 0.200072
6861.466797 0.000000 2599.274170 0.000000 0.894120 0.000000 -0.447827 0.202956 0.202956 0.202956
6900.885254 0.000000 2641.444580 0.000000 0.994705 0.000000 -0.102768 0.200655 0.200655 0.200655
6901.963867 0.000000 2642.237793 0.000000 0.913914 0.000000 -0.405907 0.202661 0.202661 0.202661
6899.150391 0.000000 2640.924316 0.000000 0.005419 0.000000 0.999985 0.190034 0.190034 0.190034
6897.540527 0.000000 2642.055420 0.000000 0.847776 0.000000 0.530355 0.175531 0.175531 0.175531
6910.229492 0.000000 2652.990967 0.000000 0.652142 0.000000 0.758097 0.194523 0.194523 0.194523
6911.527344 0.000000 2653.895996 0.000000 0.999189 0.000000 0.040262 0.199744 0.199744 0.199744
6897.975098 0.000000 2640.421875 0.000000 0.966038 0.000000 -0.258399 0.186412 0.186412 0.186412
6900.807129 0.000000 2643.465332 0.000000 0.772653 0.000000 0.634829 0.195621 0.195621 0.195621
6896.240723 0.000000 2641.966553 0.000000 0.921114 0.000000 0.389294 0.182521 0.182521 0.182521
6911.230469 0.000000 2647.658936 0.000000 0.345238 0.000000 0.938515 0.189013 0.189013 0.189013
6898.565430 0.000000 2642.232422 0.000000 0.800574 0.000000 0.599233 0.195909 0.195909 0.195909
6897.989258 0.000000 2639.537354 0.000000 0.978379 0.000000 -0.206818 0.201326 0.201326 0.201326
6899.694824 0.000000 2639.688721 0.000000 0.999568 0.000000 0.029390 0.199813 0.199813 0.199813
6898.939453 0.000000 2643.487793 0.000000 0.516845 0.000000 0.856079 0.193458 0.193458 0.193458
6910.212402 0.000000 2652.143555 0.000000 0.586886 0.000000 0.809669 0.193993 0.193993 0.193993
6860.951660 0.000000 2598.495605 0.000000 0.997635 0.000000 -0.068736 0.200438 0.200438 0.200438
6900.174805 0.000000 2642.717773 0.000000 0.999261 0.000000 0.038448 0.199755 0.199755 0.199755
6897.265137 0.000000 2638.845459 0.000000 0.995021 0.000000 0.099670 0.199364 0.199364 0.199364
6898.812012 0.000000 2639.143066 0.000000 0.679344 0.000000 0.733820 0.194755 0.194755 0.194755
6896.279297 0.000000 2623.771729 0.000000 0.999704 0.000000 0.024334 0.199845 0.199845 0.199845
6911.291016 0.000000 2655.170654 0.000000 0.823334 0.000000 0.567558 0.138464 0.138464 0.138464
6912.354004 0.000000 2646.249023 0.000000 0.870721 0.000000 -0.491777 0.132099 0.132099 0.132099
6913.278809 0.000000 2644.156494 0.000000 0.972192 0.000000 0.234187 0.109534 0.109534 0.109534
6912.004883 0.000000 2651.595215 0.000000 0.978697 0.000000 0.205310 0.115760 0.115760 0.115760
6912.046387 0.000000 2653.044678 0.000000 0.177732 0.000000 0.984079 0.161155 0.161155 0.161155
6913.707031 0.000000 2646.785156 0.000000 0.160172 0.000000 0.987089 0.124139 0.124139 0.124139
6912.926758 0.000000 2653.792969 0.000000 0.838955 0.000000 0.544201 0.165539 0.165539 0.165539
"}
object={
	name="bush_02_generator_2_1"
	clamp_to_water_level=no
	render_under_water=no
	generated_content=yes
	layer="semidynamic_high"
	pdxmesh="tree_bush_04_mesh"
	count=546
	transform="572.781189 0.000000 1143.763306 0.000000 0.263256 0.000000 -0.964726 0.208304 0.208304 0.208304
1709.452271 0.000000 2513.882324 0.000000 0.675587 0.000000 -0.737280 0.132827 0.132827 0.132827
1707.248413 0.000000 2518.138428 0.000000 0.049984 0.000000 -0.998750 0.128041 0.128041 0.128041
1772.263306 0.000000 2535.487549 0.000000 0.082166 0.000000 -0.996619 0.144345 0.144345 0.144345
1773.060913 0.000000 2534.255371 0.000000 0.642719 0.000000 -0.766102 0.141644 0.141644 0.141644
1773.661743 0.000000 2535.567871 0.000000 0.214448 0.000000 -0.976735 0.143758 0.143758 0.143758
1641.606079 0.000000 2635.762695 0.000000 0.702710 0.000000 -0.711477 0.130950 0.130950 0.130950
1655.033203 0.000000 2636.729248 0.000000 0.608221 0.000000 -0.793768 0.104360 0.104360 0.104360
1655.879395 0.000000 2641.476074 0.000000 0.362289 0.000000 -0.932066 0.116907 0.116907 0.116907
1655.657227 0.000000 2638.655029 0.000000 0.311034 0.000000 -0.950399 0.132832 0.132832 0.132832
1640.504761 0.000000 2641.674805 0.000000 0.241604 0.000000 -0.970375 0.127871 0.127871 0.127871
1716.449829 0.000000 2631.041748 0.000000 0.522614 0.000000 -0.852570 0.126676 0.126676 0.126676
1678.124634 0.000000 2627.290039 0.000000 0.528328 0.000000 -0.849041 0.111614 0.111614 0.111614
1671.324707 0.000000 2624.891357 0.000000 0.617998 0.000000 -0.786180 0.104320 0.104320 0.104320
1719.627441 0.000000 2628.908691 0.000000 0.692458 0.000000 -0.721458 0.124687 0.124687 0.124687
1712.720703 0.000000 2628.324951 0.000000 0.040175 0.000000 -0.999193 0.142767 0.142767 0.142767
1684.652954 0.000000 2631.940430 0.000000 0.580326 0.000000 -0.814385 0.131600 0.131600 0.131600
1668.866455 0.000000 2622.239746 0.000000 0.332588 0.000000 -0.943072 0.142054 0.142054 0.142054
1717.027100 0.000000 2629.798340 0.000000 0.751993 0.000000 -0.659171 0.193121 0.193121 0.193121
1710.152832 0.000000 2632.173584 0.000000 0.028467 0.000000 -0.999595 0.205705 0.205705 0.205705
1711.074829 0.000000 2632.533203 0.000000 0.346699 0.000000 -0.937976 0.203673 0.203673 0.203673
1710.481445 0.000000 2631.006104 0.000000 0.273146 0.000000 -0.961972 0.203572 0.203572 0.203572
1788.529175 0.000000 2631.714600 0.000000 0.431531 0.000000 -0.902098 0.164219 0.164219 0.164219
3068.718994 0.000000 3091.387695 0.000000 0.593466 0.000000 -0.804859 0.126919 0.126919 0.126919
3058.616699 0.000000 3096.209473 0.000000 0.542184 0.000000 -0.840260 0.129476 0.129476 0.129476
3067.060547 0.000000 3092.748535 0.000000 0.450113 0.000000 -0.892971 0.111343 0.111343 0.111343
3065.560059 0.000000 3100.800293 0.000000 0.004388 0.000000 -0.999990 0.145275 0.145275 0.145275
3008.046631 0.000000 3104.919678 0.000000 0.793037 0.000000 -0.609173 0.134398 0.134398 0.134398
3052.112549 0.000000 3104.210693 0.000000 0.128256 0.000000 -0.991741 0.152345 0.152345 0.152345
3010.168457 0.000000 3106.660156 0.000000 0.068487 0.000000 -0.997652 0.196062 0.196062 0.196062
3010.931152 0.000000 3107.222412 0.000000 0.498266 0.000000 -0.867024 0.193364 0.193364 0.193364
2939.279297 0.000000 3188.326416 0.000000 0.641924 0.000000 -0.766768 0.102781 0.102781 0.102781
2936.956055 0.000000 3188.540771 0.000000 0.309996 0.000000 -0.950738 0.116523 0.116523 0.116523
2930.026855 0.000000 3199.209229 0.000000 0.551079 0.000000 -0.834453 0.130011 0.130011 0.130011
2932.189697 0.000000 3197.199219 0.000000 0.584194 0.000000 -0.811614 0.169670 0.169670 0.169670
2928.565186 0.000000 3201.687988 0.000000 0.609058 0.000000 -0.793126 0.191994 0.191994 0.191994
2929.139404 0.000000 3198.811035 0.000000 0.414734 0.000000 -0.909943 0.207277 0.207277 0.207277
2938.780762 0.000000 3193.978516 0.000000 0.281528 0.000000 -0.959553 0.208183 0.208183 0.208183
2929.183838 0.000000 3199.686035 0.000000 0.171634 0.000000 -0.985161 0.208902 0.208902 0.208902
2937.560059 0.000000 3270.253418 0.000000 0.647243 0.000000 -0.762284 0.138164 0.138164 0.138164
2932.960205 0.000000 3269.668457 0.000000 0.425108 0.000000 -0.905143 0.151486 0.151486 0.151486
2932.584961 0.000000 3270.492188 0.000000 0.546714 0.000000 -0.837319 0.206318 0.206318 0.206318
2958.124512 0.000000 3248.618164 0.000000 0.123101 0.000000 -0.992394 0.130100 0.130100 0.130100
2947.898438 0.000000 3272.365967 0.000000 0.537646 0.000000 -0.843170 0.118513 0.118513 0.118513
2958.569336 0.000000 3253.378174 0.000000 0.242821 0.000000 -0.970071 0.173991 0.173991 0.173991
2953.114258 0.000000 3249.723145 0.000000 0.533194 0.000000 -0.845993 0.158429 0.158429 0.158429
2957.989746 0.000000 3246.523926 0.000000 0.068194 0.000000 -0.997672 0.144406 0.144406 0.144406
2944.004639 0.000000 3272.923340 0.000000 0.548914 0.000000 -0.835879 0.177985 0.177985 0.177985
2956.962891 0.000000 3249.729980 0.000000 0.688746 0.000000 -0.725003 0.164360 0.164360 0.164360
2959.615479 0.000000 3248.363770 0.000000 0.334565 0.000000 -0.942373 0.129238 0.129238 0.129238
2954.271729 0.000000 3248.711182 0.000000 0.807774 0.000000 -0.589492 0.156582 0.156582 0.156582
2959.678223 0.000000 3256.026611 0.000000 0.165688 0.000000 -0.986178 0.153925 0.153925 0.153925
2959.086670 0.000000 3257.144775 0.000000 0.068672 0.000000 -0.997639 0.154384 0.154384 0.154384
2945.070068 0.000000 3273.119141 0.000000 0.042923 0.000000 -0.999078 0.180941 0.180941 0.180941
2955.257568 0.000000 3251.539551 0.000000 0.756857 0.000000 -0.653581 0.204535 0.204535 0.204535
2957.019775 0.000000 3251.494141 0.000000 0.063446 0.000000 -0.997985 0.209596 0.209596 0.209596
2942.888184 0.000000 3312.718750 0.000000 0.298407 0.000000 -0.954439 0.110738 0.110738 0.110738
2936.713623 0.000000 3305.516846 0.000000 0.511993 0.000000 -0.858990 0.159707 0.159707 0.159707
2943.198730 0.000000 3311.113770 0.000000 0.010484 0.000000 -0.999945 0.159361 0.159361 0.159361
2937.877930 0.000000 3306.675049 0.000000 0.368501 0.000000 -0.929627 0.182593 0.182593 0.182593
2937.029053 0.000000 3304.241943 0.000000 0.284126 0.000000 -0.958787 0.160935 0.160935 0.160935
2939.392334 0.000000 3303.161621 0.000000 0.097613 0.000000 -0.995224 0.204099 0.204099 0.204099
2941.822510 0.000000 3300.060547 0.000000 0.010124 0.000000 -0.999949 0.164655 0.164655 0.164655
2936.862549 0.000000 3306.557617 0.000000 0.573038 0.000000 -0.819528 0.181289 0.181289 0.181289
2939.186523 0.000000 3302.285400 0.000000 0.293185 0.000000 -0.956056 0.202859 0.202859 0.202859
2944.290283 0.000000 3310.458984 0.000000 0.680994 0.000000 -0.732289 0.142569 0.142569 0.142569
2948.861816 0.000000 3304.048340 0.000000 0.736070 0.000000 -0.676905 0.155414 0.155414 0.155414
2945.602295 0.000000 3306.467041 0.000000 0.195041 0.000000 -0.980795 0.104375 0.104375 0.104375
2970.772217 0.000000 3326.004150 0.000000 0.772611 0.000000 -0.634880 0.137398 0.137398 0.137398
2961.116211 0.000000 3323.341309 0.000000 0.132289 0.000000 -0.991211 0.158771 0.158771 0.158771
2955.714111 0.000000 3314.096924 0.000000 0.781554 0.000000 -0.623838 0.112731 0.112731 0.112731
2945.729736 0.000000 3308.686035 0.000000 0.603676 0.000000 -0.797230 0.151090 0.151090 0.151090
2958.936279 0.000000 3322.665771 0.000000 0.728022 0.000000 -0.685554 0.157192 0.157192 0.157192
2953.040527 0.000000 3317.618408 0.000000 0.542073 0.000000 -0.840331 0.154909 0.154909 0.154909
2966.371582 0.000000 3328.919678 0.000000 0.130288 0.000000 -0.991476 0.156437 0.156437 0.156437
2949.528809 0.000000 3305.431885 0.000000 0.793972 0.000000 -0.607955 0.154979 0.154979 0.154979
2944.011719 0.000000 3300.946777 0.000000 0.013190 0.000000 -0.999913 0.191688 0.191688 0.191688
2954.169922 0.000000 3316.667480 0.000000 0.096539 0.000000 -0.995329 0.178886 0.178886 0.178886
2962.752686 0.000000 3322.447998 0.000000 0.678398 0.000000 -0.734695 0.192030 0.192030 0.192030
2952.482910 0.000000 3316.443848 0.000000 0.140840 0.000000 -0.990032 0.156972 0.156972 0.156972
2958.024902 0.000000 3323.406738 0.000000 0.453990 0.000000 -0.891007 0.158874 0.158874 0.158874
2966.560059 0.000000 3327.752441 0.000000 0.174592 0.000000 -0.984641 0.195425 0.195425 0.195425
2962.010010 0.000000 3323.926025 0.000000 0.570922 0.000000 -0.821004 0.192852 0.192852 0.192852
2953.779541 0.000000 3314.603760 0.000000 0.298770 0.000000 -0.954325 0.208068 0.208068 0.208068
2952.339355 0.000000 3315.625244 0.000000 0.375407 0.000000 -0.926860 0.207550 0.207550 0.207550
2966.690430 0.000000 3360.594971 0.000000 0.693805 0.000000 -0.720163 0.146513 0.146513 0.146513
2957.646240 0.000000 3373.324463 0.000000 0.480030 0.000000 -0.877252 0.103406 0.103406 0.103406
2959.784668 0.000000 3374.400879 0.000000 0.188896 0.000000 -0.981997 0.161418 0.161418 0.161418
2968.466797 0.000000 3359.102295 0.000000 0.111291 0.000000 -0.993788 0.137768 0.137768 0.137768
2963.258789 0.000000 3371.471680 0.000000 0.797536 0.000000 -0.603272 0.126362 0.126362 0.126362
2973.530273 0.000000 3386.751465 0.000000 0.338217 0.000000 -0.941068 0.125148 0.125148 0.125148
2971.705566 0.000000 3372.616943 0.000000 0.207493 0.000000 -0.978236 0.173599 0.173599 0.173599
2966.173340 0.000000 3371.919678 0.000000 0.805400 0.000000 -0.592732 0.170890 0.170890 0.170890
2959.409668 0.000000 3372.738281 0.000000 0.058857 0.000000 -0.998266 0.155604 0.155604 0.155604
2969.412842 0.000000 3372.689697 0.000000 0.268001 0.000000 -0.963419 0.162184 0.162184 0.162184
2970.534668 0.000000 3387.373535 0.000000 0.670941 0.000000 -0.741511 0.127677 0.127677 0.127677
2956.826172 0.000000 3371.764160 0.000000 0.123638 0.000000 -0.992327 0.147092 0.147092 0.147092
2967.405273 0.000000 3361.947266 0.000000 0.293882 0.000000 -0.955842 0.148644 0.148644 0.148644
2958.478760 0.000000 3377.058838 0.000000 0.691292 0.000000 -0.722576 0.139059 0.139059 0.139059
2964.957275 0.000000 3360.739014 0.000000 0.240834 0.000000 -0.970566 0.172834 0.172834 0.172834
2976.238770 0.000000 3386.116455 0.000000 0.444614 0.000000 -0.895722 0.194886 0.194886 0.194886
2964.586182 0.000000 3371.882080 0.000000 0.759694 0.000000 -0.650280 0.176437 0.176437 0.176437
2959.300537 0.000000 3375.666260 0.000000 0.676771 0.000000 -0.736194 0.158694 0.158694 0.158694
2969.165527 0.000000 3356.776855 0.000000 0.386323 0.000000 -0.922363 0.202244 0.202244 0.202244
2976.533691 0.000000 3387.649170 0.000000 0.464575 0.000000 -0.885534 0.194752 0.194752 0.194752
2958.338867 0.000000 3374.399170 0.000000 0.520494 0.000000 -0.853865 0.159659 0.159659 0.159659
2967.879395 0.000000 3360.191162 0.000000 0.032769 0.000000 -0.999463 0.149851 0.149851 0.149851
2956.118164 0.000000 3389.052734 0.000000 0.550111 0.000000 -0.835091 0.162375 0.162375 0.162375
2957.223633 0.000000 3388.614746 0.000000 0.471597 0.000000 -0.881814 0.162833 0.162833 0.162833
2963.231201 0.000000 3377.899902 0.000000 0.589736 0.000000 -0.807596 0.196176 0.196176 0.196176
2968.585449 0.000000 3357.796875 0.000000 0.259899 0.000000 -0.965636 0.203074 0.203074 0.203074
2971.599854 0.000000 3373.698975 0.000000 0.501200 0.000000 -0.865332 0.171925 0.171925 0.171925
2965.477051 0.000000 3386.015625 0.000000 0.520389 0.000000 -0.853929 0.206516 0.206516 0.206516
2970.647705 0.000000 3372.545654 0.000000 0.454489 0.000000 -0.890752 0.172207 0.172207 0.172207
2964.261719 0.000000 3387.803467 0.000000 0.773436 0.000000 -0.633875 0.204371 0.204371 0.204371
2966.202637 0.000000 3370.105957 0.000000 0.778113 0.000000 -0.628124 0.171128 0.171128 0.171128
2964.263184 0.000000 3388.753174 0.000000 0.236521 0.000000 -0.971626 0.208480 0.208480 0.208480
2977.852783 0.000000 3388.876221 0.000000 0.088664 0.000000 -0.996062 0.209435 0.209435 0.209435
2953.453857 0.000000 3395.381836 0.000000 0.183043 0.000000 -0.983105 0.131614 0.131614 0.131614
2953.437988 0.000000 3389.880127 0.000000 0.010697 0.000000 -0.999943 0.123489 0.123489 0.123489
2954.276367 0.000000 3409.669922 0.000000 0.571311 0.000000 -0.820734 0.114323 0.114323 0.114323
2953.939697 0.000000 3404.350830 0.000000 0.465077 0.000000 -0.885270 0.128094 0.128094 0.128094
2955.600586 0.000000 3394.784424 0.000000 0.054489 0.000000 -0.998514 0.159736 0.159736 0.159736
2958.121338 0.000000 3391.081055 0.000000 0.462054 0.000000 -0.886852 0.129266 0.129266 0.129266
2954.587402 0.000000 3402.342773 0.000000 0.469382 0.000000 -0.882995 0.125177 0.125177 0.125177
2958.853027 0.000000 3405.964355 0.000000 0.765102 0.000000 -0.643910 0.141457 0.141457 0.141457
2957.681152 0.000000 3402.835205 0.000000 0.035456 0.000000 -0.999371 0.172168 0.172168 0.172168
2960.782227 0.000000 3390.771484 0.000000 0.690562 0.000000 -0.723273 0.117802 0.117802 0.117802
2964.786621 0.000000 3406.398438 0.000000 0.798181 0.000000 -0.602418 0.125214 0.125214 0.125214
2974.746826 0.000000 3390.650635 0.000000 0.621502 0.000000 -0.783412 0.193629 0.193629 0.193629
2975.390869 0.000000 3393.004639 0.000000 0.324590 0.000000 -0.945855 0.177614 0.177614 0.177614
2967.747070 0.000000 3389.170654 0.000000 0.111783 0.000000 -0.993733 0.160043 0.160043 0.160043
2953.470459 0.000000 3391.101562 0.000000 0.272098 0.000000 -0.962270 0.181996 0.181996 0.181996
2958.774170 0.000000 3402.619629 0.000000 0.796374 0.000000 -0.604804 0.169827 0.169827 0.169827
2955.797363 0.000000 3390.919434 0.000000 0.446021 0.000000 -0.895022 0.197777 0.197777 0.197777
2975.713379 0.000000 3390.202881 0.000000 0.679904 0.000000 -0.733301 0.193167 0.193167 0.193167
2954.836426 0.000000 3393.672119 0.000000 0.662220 0.000000 -0.749310 0.205392 0.205392 0.205392
2965.576172 0.000000 3405.847168 0.000000 0.489994 0.000000 -0.871726 0.206740 0.206740 0.206740
4617.095215 0.000000 802.768677 0.000000 0.330602 0.000000 -0.943770 0.121685 0.121685 0.121685
4628.110352 0.000000 804.419067 0.000000 0.544204 0.000000 -0.838953 0.140448 0.140448 0.140448
4676.728516 0.000000 811.027527 0.000000 0.380205 0.000000 -0.924902 0.193566 0.193566 0.193566
4672.271973 0.000000 811.736572 0.000000 0.508969 0.000000 -0.860785 0.205443 0.205443 0.205443
4673.153809 0.000000 809.590332 0.000000 0.465357 0.000000 -0.885123 0.201702 0.201702 0.201702
4677.023926 0.000000 811.975586 0.000000 0.373038 0.000000 -0.927816 0.193612 0.193612 0.193612
4674.236328 0.000000 809.330688 0.000000 0.762519 0.000000 -0.646966 0.204479 0.204479 0.204479
4950.347168 0.000000 1378.268677 0.000000 0.039971 0.000000 -0.999201 0.123967 0.123967 0.123967
4953.662598 0.000000 1378.420288 0.000000 0.557113 0.000000 -0.830436 0.136337 0.136337 0.136337
4951.490234 0.000000 1381.072388 0.000000 0.538177 0.000000 -0.842832 0.198289 0.198289 0.198289
4953.275879 0.000000 1381.842041 0.000000 0.768772 0.000000 -0.639523 0.204417 0.204417 0.204417
6253.233887 0.000000 1776.912964 0.000000 0.082897 0.000000 -0.996558 0.111484 0.111484 0.111484
6246.465332 0.000000 1776.113403 0.000000 0.110951 0.000000 -0.993826 0.104646 0.104646 0.104646
6255.844727 0.000000 1758.126099 0.000000 0.537459 0.000000 -0.843290 0.103194 0.103194 0.103194
6265.915527 0.000000 1761.730347 0.000000 0.766744 0.000000 -0.641953 0.102219 0.102219 0.102219
6257.916504 0.000000 1768.805664 0.000000 0.661245 0.000000 -0.750170 0.102700 0.102700 0.102700
6262.117188 0.000000 1758.036987 0.000000 0.737620 0.000000 -0.675216 0.102359 0.102359 0.102359
6270.127441 0.000000 1768.455566 0.000000 0.442269 0.000000 -0.896882 0.146177 0.146177 0.146177
6264.851562 0.000000 1782.628052 0.000000 0.754253 0.000000 -0.656584 0.104858 0.104858 0.104858
6261.757812 0.000000 1770.380371 0.000000 0.516586 0.000000 -0.856235 0.118604 0.118604 0.118604
6263.430664 0.000000 1764.892700 0.000000 0.233701 0.000000 -0.972309 0.123814 0.123814 0.123814
6249.764648 0.000000 1779.339844 0.000000 0.746921 0.000000 -0.664913 0.104321 0.104321 0.104321
6257.158691 0.000000 1785.644043 0.000000 0.372493 0.000000 -0.928035 0.105820 0.105820 0.105820
6252.877441 0.000000 1784.802612 0.000000 0.765657 0.000000 -0.643249 0.107665 0.107665 0.107665
6262.755859 0.000000 1777.111084 0.000000 0.413877 0.000000 -0.910333 0.103642 0.103642 0.103642
6260.612793 0.000000 1766.727661 0.000000 0.748522 0.000000 -0.663110 0.118069 0.118069 0.118069
6267.669434 0.000000 1770.720459 0.000000 0.184413 0.000000 -0.982849 0.157931 0.157931 0.157931
6262.496094 0.000000 1780.324463 0.000000 0.463235 0.000000 -0.886236 0.103467 0.103467 0.103467
6262.469238 0.000000 1761.169678 0.000000 0.606572 0.000000 -0.795028 0.105520 0.105520 0.105520
6266.988770 0.000000 1784.649658 0.000000 0.270242 0.000000 -0.962793 0.104129 0.104129 0.104129
6264.270996 0.000000 1771.525391 0.000000 0.122383 0.000000 -0.992483 0.150614 0.150614 0.150614
6267.206543 0.000000 1780.996338 0.000000 0.242104 0.000000 -0.970250 0.113272 0.113272 0.113272
6263.542480 0.000000 1774.145386 0.000000 0.513422 0.000000 -0.858136 0.115145 0.115145 0.115145
6258.542480 0.000000 1756.814209 0.000000 0.713422 0.000000 -0.700735 0.109647 0.109647 0.109647
6259.409180 0.000000 1776.501831 0.000000 0.752922 0.000000 -0.658109 0.104865 0.104865 0.104865
6269.258301 0.000000 1763.029907 0.000000 0.170550 0.000000 -0.985349 0.105332 0.105332 0.105332
6255.560547 0.000000 1793.779297 0.000000 0.236821 0.000000 -0.971553 0.106867 0.106867 0.106867
6267.596680 0.000000 1767.541992 0.000000 0.220411 0.000000 -0.975407 0.142562 0.142562 0.142562
6264.956055 0.000000 1776.431396 0.000000 0.561354 0.000000 -0.827576 0.106280 0.106280 0.106280
6260.127930 0.000000 1768.898071 0.000000 0.743597 0.000000 -0.668628 0.108351 0.108351 0.108351
6270.998535 0.000000 1774.997192 0.000000 0.043726 0.000000 -0.999044 0.143339 0.143339 0.143339
6265.361328 0.000000 1763.804932 0.000000 0.788379 0.000000 -0.615190 0.120701 0.120701 0.120701
6265.789062 0.000000 1770.377441 0.000000 0.266787 0.000000 -0.963756 0.149939 0.149939 0.149939
6267.325195 0.000000 1763.130981 0.000000 0.055255 0.000000 -0.998472 0.126259 0.126259 0.126259
6266.962891 0.000000 1769.154297 0.000000 0.373353 0.000000 -0.927689 0.145934 0.145934 0.145934
6262.224609 0.000000 1766.194336 0.000000 0.695262 0.000000 -0.718757 0.137312 0.137312 0.137312
6271.487793 0.000000 1767.343750 0.000000 0.275376 0.000000 -0.961337 0.130650 0.130650 0.130650
6269.523438 0.000000 1764.601074 0.000000 0.533910 0.000000 -0.845541 0.128359 0.128359 0.128359
6268.606934 0.000000 1768.870728 0.000000 0.060247 0.000000 -0.998184 0.143267 0.143267 0.143267
6270.777344 0.000000 1771.443848 0.000000 0.801720 0.000000 -0.597700 0.134337 0.134337 0.134337
6266.839844 0.000000 1771.607544 0.000000 0.161117 0.000000 -0.986935 0.158044 0.158044 0.158044
6279.674805 0.000000 1774.961670 0.000000 0.668719 0.000000 -0.743515 0.135741 0.135741 0.135741
6274.164551 0.000000 1770.387207 0.000000 0.359920 0.000000 -0.932983 0.121569 0.121569 0.121569
6282.276367 0.000000 1771.623047 0.000000 0.589339 0.000000 -0.807886 0.128670 0.128670 0.128670
6272.522461 0.000000 1766.717651 0.000000 0.534013 0.000000 -0.845476 0.135296 0.135296 0.135296
6277.178223 0.000000 1776.385620 0.000000 0.582736 0.000000 -0.812661 0.117737 0.117737 0.117737
6292.471191 0.000000 1772.841187 0.000000 0.064639 0.000000 -0.997909 0.124461 0.124461 0.124461
6279.324707 0.000000 1777.625610 0.000000 0.684330 0.000000 -0.729172 0.116683 0.116683 0.116683
6290.112793 0.000000 1777.207275 0.000000 0.505154 0.000000 -0.863029 0.107077 0.107077 0.107077
6274.200195 0.000000 1767.634888 0.000000 0.119360 0.000000 -0.992851 0.127184 0.127184 0.127184
6273.541504 0.000000 1772.179688 0.000000 0.310265 0.000000 -0.950650 0.136913 0.136913 0.136913
6284.302734 0.000000 1771.414062 0.000000 0.222037 0.000000 -0.975038 0.129118 0.129118 0.129118
6275.273438 0.000000 1775.848877 0.000000 0.371096 0.000000 -0.928594 0.137224 0.137224 0.137224
6272.011719 0.000000 1775.868774 0.000000 0.282678 0.000000 -0.959215 0.134119 0.134119 0.134119
6276.648926 0.000000 1773.125610 0.000000 0.748660 0.000000 -0.662955 0.137556 0.137556 0.137556
4917.811523 0.000000 1961.767822 0.000000 0.111983 0.000000 -0.993710 0.104643 0.104643 0.104643
4923.742676 0.000000 1958.145752 0.000000 0.017827 0.000000 -0.999841 0.133457 0.133457 0.133457
4919.879395 0.000000 1963.663574 0.000000 0.648301 0.000000 -0.761384 0.168092 0.168092 0.168092
4922.085938 0.000000 1967.627319 0.000000 0.065692 0.000000 -0.997840 0.171422 0.171422 0.171422
4916.105469 0.000000 1962.859741 0.000000 0.574862 0.000000 -0.818250 0.158184 0.158184 0.158184
4918.213379 0.000000 1963.474121 0.000000 0.761919 0.000000 -0.647672 0.167254 0.167254 0.167254
4919.190918 0.000000 1962.359253 0.000000 0.232280 0.000000 -0.972649 0.170544 0.170544 0.170544
4923.031250 0.000000 1966.207520 0.000000 0.781397 0.000000 -0.624034 0.167094 0.167094 0.167094
4927.189941 0.000000 1970.963379 0.000000 0.756417 0.000000 -0.654090 0.177038 0.177038 0.177038
4927.464844 0.000000 1966.789917 0.000000 0.576967 0.000000 -0.816767 0.206085 0.206085 0.206085
4925.210449 0.000000 1966.811890 0.000000 0.349705 0.000000 -0.936860 0.207726 0.207726 0.207726
4927.230469 0.000000 1969.846436 0.000000 0.760638 0.000000 -0.649176 0.204498 0.204498 0.204498
4926.041016 0.000000 1967.161499 0.000000 0.451344 0.000000 -0.892350 0.207019 0.207019 0.207019
4927.644043 0.000000 1972.471558 0.000000 0.075975 0.000000 -0.997110 0.209516 0.209516 0.209516
4927.673828 0.000000 1967.853882 0.000000 0.782819 0.000000 -0.622249 0.204276 0.204276 0.204276
4928.226074 0.000000 1971.785767 0.000000 0.707523 0.000000 -0.706691 0.156188 0.156188 0.156188
4934.827637 0.000000 1976.467651 0.000000 0.664643 0.000000 -0.747161 0.124834 0.124834 0.124834
4935.626953 0.000000 1966.818970 0.000000 0.230453 0.000000 -0.973083 0.160624 0.160624 0.160624
4936.816895 0.000000 1968.477051 0.000000 0.725055 0.000000 -0.688691 0.165820 0.165820 0.165820
4934.216797 0.000000 1967.700684 0.000000 0.428882 0.000000 -0.903360 0.159591 0.159591 0.159591
4930.838379 0.000000 1971.767090 0.000000 0.791618 0.000000 -0.611017 0.187598 0.187598 0.187598
4932.645020 0.000000 1965.082642 0.000000 0.641580 0.000000 -0.767056 0.145105 0.145105 0.145105
4928.926758 0.000000 1975.980591 0.000000 0.201229 0.000000 -0.979544 0.190002 0.190002 0.190002
4932.047852 0.000000 1974.917358 0.000000 0.074305 0.000000 -0.997236 0.209527 0.209527 0.209527
4932.746582 0.000000 1971.035767 0.000000 0.387520 0.000000 -0.921861 0.197587 0.197587 0.197587
4930.932129 0.000000 1973.612793 0.000000 0.186481 0.000000 -0.982459 0.208806 0.208806 0.208806
4933.837402 0.000000 1968.621704 0.000000 0.629117 0.000000 -0.777311 0.205668 0.205668 0.205668
4934.366211 0.000000 1971.430420 0.000000 0.179064 0.000000 -0.983837 0.208854 0.208854 0.208854
4930.057129 0.000000 1975.770752 0.000000 0.077736 0.000000 -0.996974 0.209505 0.209505 0.209505
4930.403320 0.000000 1969.458130 0.000000 0.435352 0.000000 -0.900260 0.207132 0.207132 0.207132
4935.567871 0.000000 1970.597900 0.000000 0.685683 0.000000 -0.727900 0.205190 0.205190 0.205190
4934.633301 0.000000 1968.427124 0.000000 0.422053 0.000000 -0.906571 0.207226 0.207226 0.207226
4933.845703 0.000000 1972.467773 0.000000 0.702738 0.000000 -0.711448 0.205039 0.205039 0.205039
4935.165527 0.000000 1972.958008 0.000000 0.048448 0.000000 -0.998826 0.209691 0.209691 0.209691
4930.433594 0.000000 1968.668701 0.000000 0.462080 0.000000 -0.886838 0.206942 0.206942 0.206942
4935.464844 0.000000 1972.250122 0.000000 0.278149 0.000000 -0.960538 0.208206 0.208206 0.208206
4935.251465 0.000000 1975.220947 0.000000 0.453465 0.000000 -0.891274 0.207004 0.207004 0.207004
4926.677246 0.000000 1979.499146 0.000000 0.309214 0.000000 -0.950992 0.127013 0.127013 0.127013
4926.648926 0.000000 1981.919556 0.000000 0.504614 0.000000 -0.863345 0.206633 0.206633 0.206633
4927.025879 0.000000 1980.738647 0.000000 0.745777 0.000000 -0.666195 0.204642 0.204642 0.204642
4933.568848 0.000000 1980.970947 0.000000 0.010063 0.000000 -0.999949 0.137017 0.137017 0.137017
4932.025391 0.000000 1981.178467 0.000000 0.178750 0.000000 -0.983894 0.136312 0.136312 0.136312
4930.168457 0.000000 1976.972778 0.000000 0.660250 0.000000 -0.751046 0.189298 0.189298 0.189298
4932.526367 0.000000 1978.024048 0.000000 0.190253 0.000000 -0.981735 0.155563 0.155563 0.155563
4931.663086 0.000000 1980.193848 0.000000 0.083964 0.000000 -0.996469 0.209465 0.209465 0.209465
4931.098145 0.000000 1981.235352 0.000000 0.098097 0.000000 -0.995177 0.209374 0.209374 0.209374
5104.587402 0.000000 2592.722900 0.000000 0.511757 0.000000 -0.859130 0.109944 0.109944 0.109944
5096.272949 0.000000 2592.012451 0.000000 0.796833 0.000000 -0.604200 0.115502 0.115502 0.115502
5096.552734 0.000000 2594.647949 0.000000 0.503049 0.000000 -0.864258 0.162074 0.162074 0.162074
5097.461914 0.000000 2597.396484 0.000000 0.471446 0.000000 -0.881895 0.177901 0.177901 0.177901
5104.143066 0.000000 2594.213379 0.000000 0.304534 0.000000 -0.952502 0.193462 0.193462 0.193462
5104.308105 0.000000 2595.660645 0.000000 0.151440 0.000000 -0.988466 0.194394 0.194394 0.194394
5096.984863 0.000000 2596.020264 0.000000 0.760407 0.000000 -0.649447 0.175859 0.175859 0.175859
5101.109375 0.000000 2593.204590 0.000000 0.726790 0.000000 -0.686860 0.162364 0.162364 0.162364
5102.057617 0.000000 2596.077148 0.000000 0.506202 0.000000 -0.862415 0.206621 0.206621 0.206621
5107.191406 0.000000 2596.987549 0.000000 0.572345 0.000000 -0.820013 0.206121 0.206121 0.206121
5105.234863 0.000000 2595.512207 0.000000 0.118500 0.000000 -0.992954 0.194591 0.194591 0.194591
5098.073730 0.000000 2594.108643 0.000000 0.379948 0.000000 -0.925008 0.207519 0.207519 0.207519
5104.667480 0.000000 2596.550537 0.000000 0.101351 0.000000 -0.994851 0.209354 0.209354 0.209354
5103.752441 0.000000 2595.013916 0.000000 0.433849 0.000000 -0.900986 0.207143 0.207143 0.207143
5100.675781 0.000000 2595.150146 0.000000 0.609159 0.000000 -0.793048 0.205830 0.205830 0.205830
5119.291016 0.000000 2598.686279 0.000000 0.716077 0.000000 -0.698021 0.107338 0.107338 0.107338
5115.533691 0.000000 2603.855957 0.000000 0.645641 0.000000 -0.763641 0.157747 0.157747 0.157747
5102.857422 0.000000 2603.785156 0.000000 0.192999 0.000000 -0.981199 0.146778 0.146778 0.146778
5105.566406 0.000000 2605.463867 0.000000 0.644001 0.000000 -0.765025 0.121485 0.121485 0.121485
5102.835449 0.000000 2602.331787 0.000000 0.260670 0.000000 -0.965428 0.146467 0.146467 0.146467
5106.149902 0.000000 2607.567627 0.000000 0.521888 0.000000 -0.853014 0.170641 0.170641 0.170641
5113.383301 0.000000 2601.637451 0.000000 0.515558 0.000000 -0.856855 0.206552 0.206552 0.206552
5115.234375 0.000000 2602.653320 0.000000 0.254074 0.000000 -0.967185 0.159921 0.159921 0.159921
5119.557617 0.000000 2610.079346 0.000000 0.383151 0.000000 -0.923686 0.207497 0.207497 0.207497
5113.652832 0.000000 2603.839844 0.000000 0.307615 0.000000 -0.951511 0.208009 0.208009 0.208009
5109.633301 0.000000 2607.890869 0.000000 0.416196 0.000000 -0.909275 0.207267 0.207267 0.207267
5112.529297 0.000000 2605.588135 0.000000 0.686012 0.000000 -0.727591 0.205187 0.205187 0.205187
5109.317871 0.000000 2598.501709 0.000000 0.680150 0.000000 -0.733073 0.205238 0.205238 0.205238
5101.445312 0.000000 2598.301758 0.000000 0.489885 0.000000 -0.871787 0.206741 0.206741 0.206741
5101.917969 0.000000 2601.653076 0.000000 0.007704 0.000000 -0.999970 0.208187 0.208187 0.208187
5109.168945 0.000000 2603.509766 0.000000 0.656832 0.000000 -0.754037 0.205438 0.205438 0.205438
5107.186035 0.000000 2601.630371 0.000000 0.757601 0.000000 -0.652718 0.204527 0.204527 0.204527
5109.945801 0.000000 2600.396240 0.000000 0.724371 0.000000 -0.689410 0.204843 0.204843 0.204843
5112.977539 0.000000 2607.224121 0.000000 0.734391 0.000000 -0.678726 0.204749 0.204749 0.204749
5115.533691 0.000000 2609.542236 0.000000 0.594296 0.000000 -0.804247 0.205949 0.205949 0.205949
5116.958496 0.000000 2609.500244 0.000000 0.528826 0.000000 -0.848730 0.206453 0.206453 0.206453
5114.150391 0.000000 2605.366211 0.000000 0.716036 0.000000 -0.698063 0.204919 0.204919 0.204919
5110.176270 0.000000 2606.112549 0.000000 0.138996 0.000000 -0.990293 0.209112 0.209112 0.209112
5108.049805 0.000000 2607.309326 0.000000 0.218469 0.000000 -0.975844 0.208598 0.208598 0.208598
5115.768555 0.000000 2608.371582 0.000000 0.637334 0.000000 -0.770588 0.205601 0.205601 0.205601
5105.581055 0.000000 2601.205566 0.000000 0.557187 0.000000 -0.830387 0.206238 0.206238 0.206238
5101.078613 0.000000 2599.122070 0.000000 0.019271 0.000000 -0.999814 0.209877 0.209877 0.209877
6082.113770 0.000000 2099.878906 0.000000 0.375575 0.000000 -0.926792 0.179062 0.179062 0.179062
5120.164062 0.000000 2598.135986 0.000000 0.117851 0.000000 -0.993031 0.133637 0.133637 0.133637
5120.046387 0.000000 2596.560303 0.000000 0.781502 0.000000 -0.623902 0.144204 0.144204 0.144204
5122.944824 0.000000 2597.263672 0.000000 0.161215 0.000000 -0.986919 0.204872 0.204872 0.204872
5131.246582 0.000000 2596.524902 0.000000 0.247703 0.000000 -0.968836 0.208406 0.208406 0.208406
5128.899414 0.000000 2596.796631 0.000000 0.712063 0.000000 -0.702115 0.204955 0.204955 0.204955
5124.918945 0.000000 2596.677002 0.000000 0.134309 0.000000 -0.990939 0.209142 0.209142 0.209142
5127.822266 0.000000 2598.030029 0.000000 0.601196 0.000000 -0.799102 0.205894 0.205894 0.205894
5127.251465 0.000000 2596.549072 0.000000 0.785517 0.000000 -0.618840 0.204248 0.204248 0.204248
5133.333984 0.000000 2602.610596 0.000000 0.431653 0.000000 -0.902040 0.103579 0.103579 0.103579
5126.202148 0.000000 2609.793945 0.000000 0.306308 0.000000 -0.951932 0.115954 0.115954 0.115954
5124.015137 0.000000 2604.368408 0.000000 0.180318 0.000000 -0.983608 0.145081 0.145081 0.145081
5122.093750 0.000000 2609.347656 0.000000 0.780792 0.000000 -0.624792 0.136770 0.136770 0.136770
5126.215332 0.000000 2614.434570 0.000000 0.422523 0.000000 -0.906352 0.120154 0.120154 0.120154
5125.442383 0.000000 2605.221436 0.000000 0.144457 0.000000 -0.989511 0.145241 0.145241 0.145241
5125.138184 0.000000 2613.716553 0.000000 0.072815 0.000000 -0.997345 0.171385 0.171385 0.171385
5120.082520 0.000000 2610.061523 0.000000 0.467823 0.000000 -0.883822 0.198207 0.198207 0.198207
5123.441895 0.000000 2599.666992 0.000000 0.525002 0.000000 -0.851101 0.185660 0.185660 0.185660
5124.615234 0.000000 2603.394043 0.000000 0.051414 0.000000 -0.998677 0.209673 0.209673 0.209673
5130.836426 0.000000 2602.890869 0.000000 0.788035 0.000000 -0.615631 0.204222 0.204222 0.204222
5123.663086 0.000000 2601.521973 0.000000 0.766451 0.000000 -0.642302 0.167790 0.167790 0.167790
5131.115234 0.000000 2601.143555 0.000000 0.612342 0.000000 -0.790593 0.205805 0.205805 0.205805
5126.877930 0.000000 2602.138916 0.000000 0.525069 0.000000 -0.851059 0.206481 0.206481 0.206481
5125.407715 0.000000 2600.023926 0.000000 0.569470 0.000000 -0.822012 0.206143 0.206143 0.206143
5131.104492 0.000000 2599.377441 0.000000 0.351447 0.000000 -0.936208 0.207714 0.207714 0.207714
5127.650391 0.000000 2603.156738 0.000000 0.391229 0.000000 -0.920293 0.207441 0.207441 0.207441
5128.554199 0.000000 2603.106445 0.000000 0.428587 0.000000 -0.903501 0.207180 0.207180 0.207180
5128.933594 0.000000 2602.327148 0.000000 0.439919 0.000000 -0.898037 0.207100 0.207100 0.207100
5129.078125 0.000000 2603.792969 0.000000 0.061435 0.000000 -0.998111 0.209609 0.209609 0.209609
5130.092285 0.000000 2598.589111 0.000000 0.558552 0.000000 -0.829470 0.206227 0.206227 0.206227
5121.715820 0.000000 2612.771484 0.000000 0.491683 0.000000 -0.870774 0.206728 0.206728 0.206728
5131.700684 0.000000 2601.723633 0.000000 0.159242 0.000000 -0.987240 0.208982 0.208982 0.208982
5125.969238 0.000000 2601.567627 0.000000 0.424474 0.000000 -0.905440 0.207209 0.207209 0.207209
5126.064453 0.000000 2598.872070 0.000000 0.347049 0.000000 -0.937847 0.207744 0.207744 0.207744
5125.344727 0.000000 2599.235840 0.000000 0.278002 0.000000 -0.960581 0.208207 0.208207 0.208207
6197.702637 0.000000 2051.274414 0.000000 0.317164 0.000000 -0.948371 0.147367 0.147367 0.147367
6200.202637 0.000000 2050.394043 0.000000 0.369908 0.000000 -0.929068 0.167466 0.167466 0.167466
6198.597656 0.000000 2051.166992 0.000000 0.476483 0.000000 -0.879184 0.206838 0.206838 0.206838
6198.126953 0.000000 2053.537354 0.000000 0.749810 0.000000 -0.661654 0.204603 0.204603 0.204603
6333.935547 0.000000 2458.858154 0.000000 0.294294 0.000000 -0.955715 0.104049 0.104049 0.104049
6322.335449 0.000000 2449.721191 0.000000 0.128971 0.000000 -0.991648 0.107811 0.107811 0.107811
6328.270996 0.000000 2449.337891 0.000000 0.490234 0.000000 -0.871591 0.163306 0.163306 0.163306
6327.542480 0.000000 2451.958008 0.000000 0.095350 0.000000 -0.995444 0.158950 0.158950 0.158950
6331.596680 0.000000 2445.354492 0.000000 0.709662 0.000000 -0.704542 0.128613 0.128613 0.128613
6324.127930 0.000000 2446.710693 0.000000 0.637299 0.000000 -0.770617 0.108848 0.108848 0.108848
6334.808594 0.000000 2456.855713 0.000000 0.408241 0.000000 -0.912874 0.148668 0.148668 0.148668
6324.288574 0.000000 2449.658203 0.000000 0.062488 0.000000 -0.998046 0.124469 0.124469 0.124469
6333.495117 0.000000 2447.988281 0.000000 0.083582 0.000000 -0.996501 0.153140 0.153140 0.153140
6335.537598 0.000000 2459.094482 0.000000 0.096111 0.000000 -0.995371 0.123169 0.123169 0.123169
6332.606934 0.000000 2446.683105 0.000000 0.078926 0.000000 -0.996881 0.153162 0.153162 0.153162
6332.396973 0.000000 2455.116211 0.000000 0.376359 0.000000 -0.926474 0.159872 0.159872 0.159872
6334.777344 0.000000 2449.256348 0.000000 0.302389 0.000000 -0.953185 0.166086 0.166086 0.166086
6328.549805 0.000000 2450.803955 0.000000 0.747242 0.000000 -0.664552 0.173676 0.173676 0.173676
6333.768066 0.000000 2456.026367 0.000000 0.744580 0.000000 -0.667534 0.141595 0.141595 0.141595
6333.635254 0.000000 2457.450195 0.000000 0.148106 0.000000 -0.988972 0.144639 0.144639 0.144639
6328.863770 0.000000 2447.356201 0.000000 0.534727 0.000000 -0.845025 0.156685 0.156685 0.156685
6333.822754 0.000000 2452.794922 0.000000 0.400587 0.000000 -0.916259 0.202729 0.202729 0.202729
6331.732422 0.000000 2451.530273 0.000000 0.284990 0.000000 -0.958530 0.192417 0.192417 0.192417
6334.953125 0.000000 2453.985840 0.000000 0.463807 0.000000 -0.885936 0.196496 0.196496 0.196496
6330.651855 0.000000 2450.410645 0.000000 0.133510 0.000000 -0.991047 0.193330 0.193330 0.193330
6356.950195 0.000000 2437.997314 0.000000 0.303329 0.000000 -0.952886 0.135778 0.135778 0.135778
6362.844238 0.000000 2430.545654 0.000000 0.422776 0.000000 -0.906234 0.103611 0.103611 0.103611
6358.302246 0.000000 2433.882080 0.000000 0.460030 0.000000 -0.887904 0.103478 0.103478 0.103478
6359.828125 0.000000 2453.004883 0.000000 0.181466 0.000000 -0.983397 0.104419 0.104419 0.104419
6370.139648 0.000000 2430.554443 0.000000 0.434713 0.000000 -0.900569 0.161880 0.161880 0.161880
6363.116211 0.000000 2447.303467 0.000000 0.475572 0.000000 -0.879677 0.111244 0.111244 0.111244
6365.269531 0.000000 2430.987549 0.000000 0.471090 0.000000 -0.882085 0.107205 0.107205 0.107205
6339.661133 0.000000 2449.901611 0.000000 0.711016 0.000000 -0.703176 0.116549 0.116549 0.116549
6360.196777 0.000000 2435.096191 0.000000 0.807209 0.000000 -0.590266 0.132013 0.132013 0.132013
6336.668457 0.000000 2446.598633 0.000000 0.612487 0.000000 -0.790480 0.110684 0.110684 0.110684
6355.108398 0.000000 2438.805176 0.000000 0.229335 0.000000 -0.973348 0.152452 0.152452 0.152452
6349.989746 0.000000 2455.742676 0.000000 0.154944 0.000000 -0.987923 0.117678 0.117678 0.117678
6337.541504 0.000000 2449.992188 0.000000 0.448379 0.000000 -0.893844 0.146726 0.146726 0.146726
6374.058105 0.000000 2445.130615 0.000000 0.700806 0.000000 -0.713352 0.126365 0.126365 0.126365
6375.815430 0.000000 2438.381836 0.000000 0.789587 0.000000 -0.613639 0.169886 0.169886 0.169886
6373.911621 0.000000 2431.987793 0.000000 0.023156 0.000000 -0.999732 0.149895 0.149895 0.149895
6372.465820 0.000000 2430.614014 0.000000 0.609193 0.000000 -0.793022 0.147021 0.147021 0.147021
6337.897461 0.000000 2451.619629 0.000000 0.648016 0.000000 -0.761626 0.179031 0.179031 0.179031
6350.208008 0.000000 2440.076660 0.000000 0.572830 0.000000 -0.819674 0.123555 0.123555 0.123555
6377.112793 0.000000 2439.265869 0.000000 0.019810 0.000000 -0.999804 0.148734 0.148734 0.148734
6355.123535 0.000000 2451.517334 0.000000 0.715257 0.000000 -0.698861 0.157856 0.157856 0.157856
6349.914551 0.000000 2447.071289 0.000000 0.248972 0.000000 -0.968511 0.182129 0.182129 0.182129
6339.273438 0.000000 2453.661377 0.000000 0.712783 0.000000 -0.701384 0.160744 0.160744 0.160744
6362.442871 0.000000 2444.313232 0.000000 0.591256 0.000000 -0.806484 0.132699 0.132699 0.132699
6336.011719 0.000000 2453.681152 0.000000 0.050362 0.000000 -0.998731 0.185011 0.185011 0.185011
6340.395996 0.000000 2455.413818 0.000000 0.425115 0.000000 -0.905139 0.146262 0.146262 0.146262
6348.990723 0.000000 2445.830322 0.000000 0.305327 0.000000 -0.952248 0.175393 0.175393 0.175393
6341.906250 0.000000 2455.416748 0.000000 0.364040 0.000000 -0.931383 0.146561 0.146561 0.146561
6340.866211 0.000000 2452.786621 0.000000 0.478558 0.000000 -0.878056 0.133827 0.133827 0.133827
6371.259766 0.000000 2431.392578 0.000000 0.248577 0.000000 -0.968612 0.162868 0.162868 0.162868
6360.170898 0.000000 2440.329102 0.000000 0.447279 0.000000 -0.894395 0.191389 0.191389 0.191389
6375.477539 0.000000 2434.085938 0.000000 0.514566 0.000000 -0.857450 0.175893 0.175893 0.175893
6339.718262 0.000000 2457.622070 0.000000 0.753016 0.000000 -0.658002 0.141539 0.141539 0.141539
6375.969727 0.000000 2436.752930 0.000000 0.601118 0.000000 -0.799161 0.186285 0.186285 0.186285
6367.390625 0.000000 2432.770264 0.000000 0.205478 0.000000 -0.978662 0.179455 0.179455 0.179455
6368.142090 0.000000 2442.546143 0.000000 0.017517 0.000000 -0.999847 0.157563 0.157563 0.157563
6338.951172 0.000000 2450.928955 0.000000 0.807362 0.000000 -0.590057 0.147442 0.147442 0.147442
6365.126953 0.000000 2434.035400 0.000000 0.368053 0.000000 -0.929805 0.180269 0.180269 0.180269
6356.351074 0.000000 2451.892578 0.000000 0.010610 0.000000 -0.999944 0.159360 0.159360 0.159360
6355.023926 0.000000 2443.082520 0.000000 0.024031 0.000000 -0.999711 0.209847 0.209847 0.209847
6361.454590 0.000000 2437.936768 0.000000 0.788815 0.000000 -0.614631 0.151015 0.151015 0.151015
6351.969727 0.000000 2446.232178 0.000000 0.524676 0.000000 -0.851302 0.206484 0.206484 0.206484
6336.212402 0.000000 2452.468262 0.000000 0.807356 0.000000 -0.590065 0.180016 0.180016 0.180016
6351.370605 0.000000 2450.633057 0.000000 0.234896 0.000000 -0.972021 0.172866 0.172866 0.172866
6370.137695 0.000000 2443.731201 0.000000 0.692596 0.000000 -0.721326 0.151118 0.151118 0.151118
6355.108887 0.000000 2441.825439 0.000000 0.670870 0.000000 -0.741575 0.168511 0.168511 0.168511
6363.520020 0.000000 2442.005859 0.000000 0.678796 0.000000 -0.734327 0.170179 0.170179 0.170179
6366.290527 0.000000 2439.398926 0.000000 0.015126 0.000000 -0.999886 0.209904 0.209904 0.209904
6358.291016 0.000000 2443.672852 0.000000 0.633565 0.000000 -0.773690 0.202176 0.202176 0.202176
6364.669922 0.000000 2441.053223 0.000000 0.573284 0.000000 -0.819357 0.197453 0.197453 0.197453
6350.773926 0.000000 2442.385254 0.000000 0.441267 0.000000 -0.897376 0.192588 0.192588 0.192588
6367.837402 0.000000 2435.636475 0.000000 0.678658 0.000000 -0.734454 0.200077 0.200077 0.200077
6358.499512 0.000000 2445.132080 0.000000 0.221240 0.000000 -0.975219 0.208580 0.208580 0.208580
6350.162598 0.000000 2443.573242 0.000000 0.604413 0.000000 -0.796671 0.191452 0.191452 0.191452
6349.011719 0.000000 2448.209229 0.000000 0.127111 0.000000 -0.991888 0.171687 0.171687 0.171687
6372.410645 0.000000 2433.621338 0.000000 0.370480 0.000000 -0.928841 0.174440 0.174440 0.174440
6366.072754 0.000000 2435.876221 0.000000 0.082929 0.000000 -0.996556 0.204191 0.204191 0.204191
6371.462891 0.000000 2435.449707 0.000000 0.733934 0.000000 -0.679220 0.204754 0.204754 0.204754
6352.733398 0.000000 2447.357666 0.000000 0.677772 0.000000 -0.735272 0.205259 0.205259 0.205259
6369.961426 0.000000 2438.639404 0.000000 0.278897 0.000000 -0.960321 0.208201 0.208201 0.208201
6369.595215 0.000000 2433.439453 0.000000 0.440169 0.000000 -0.897915 0.199557 0.199557 0.199557
6353.484863 0.000000 2445.483887 0.000000 0.398960 0.000000 -0.916969 0.207387 0.207387 0.207387
6357.271973 0.000000 2449.385498 0.000000 0.131114 0.000000 -0.991367 0.182798 0.182798 0.182798
6358.980957 0.000000 2442.086182 0.000000 0.366596 0.000000 -0.930380 0.204121 0.204121 0.204121
6365.345215 0.000000 2437.789551 0.000000 0.303488 0.000000 -0.952835 0.208037 0.208037 0.208037
6350.741699 0.000000 2447.638916 0.000000 0.405386 0.000000 -0.914146 0.207343 0.207343 0.207343
6369.744629 0.000000 2436.616211 0.000000 0.179953 0.000000 -0.983675 0.208848 0.208848 0.208848
6370.693359 0.000000 2436.889893 0.000000 0.751278 0.000000 -0.659986 0.204589 0.204589 0.204589
6359.111816 0.000000 2446.904541 0.000000 0.434654 0.000000 -0.900597 0.197274 0.197274 0.197274
6363.457520 0.000000 2438.829590 0.000000 0.036759 0.000000 -0.999324 0.196252 0.196252 0.196252
6369.903320 0.000000 2435.238770 0.000000 0.807638 0.000000 -0.589679 0.204015 0.204015 0.204015
6368.117676 0.000000 2439.018555 0.000000 0.444344 0.000000 -0.895856 0.207069 0.207069 0.207069
6366.411621 0.000000 2437.030029 0.000000 0.778813 0.000000 -0.627257 0.204316 0.204316 0.204316
6372.975098 0.000000 2436.609863 0.000000 0.579266 0.000000 -0.815139 0.206067 0.206067 0.206067
6355.995605 0.000000 2446.281982 0.000000 0.776239 0.000000 -0.630439 0.204343 0.204343 0.204343
6355.200195 0.000000 2444.898926 0.000000 0.536839 0.000000 -0.843685 0.206392 0.206392 0.206392
6356.828125 0.000000 2444.235840 0.000000 0.047923 0.000000 -0.998851 0.209695 0.209695 0.209695
6354.871582 0.000000 2447.428467 0.000000 0.201943 0.000000 -0.979397 0.208705 0.208705 0.208705
6825.423340 0.000000 2517.734619 0.000000 0.073588 0.000000 -0.997289 0.104766 0.104766 0.104766
6839.430664 0.000000 2499.189453 0.000000 0.615203 0.000000 -0.788369 0.122201 0.122201 0.122201
6833.158691 0.000000 2519.940918 0.000000 0.537561 0.000000 -0.843225 0.116779 0.116779 0.116779
6844.718750 0.000000 2526.543945 0.000000 0.691665 0.000000 -0.722219 0.107453 0.107453 0.107453
6826.452148 0.000000 2520.246582 0.000000 0.355963 0.000000 -0.934500 0.171033 0.171033 0.171033
6827.827148 0.000000 2523.499268 0.000000 0.309739 0.000000 -0.950822 0.114193 0.114193 0.114193
6831.221680 0.000000 2518.611084 0.000000 0.748510 0.000000 -0.663124 0.105460 0.105460 0.105460
6833.077637 0.000000 2517.700439 0.000000 0.779052 0.000000 -0.626960 0.123046 0.123046 0.123046
6820.267090 0.000000 2510.203125 0.000000 0.417210 0.000000 -0.908810 0.121918 0.121918 0.121918
6817.556152 0.000000 2511.986816 0.000000 0.518578 0.000000 -0.855030 0.150413 0.150413 0.150413
6829.137695 0.000000 2500.372559 0.000000 0.132246 0.000000 -0.991217 0.132407 0.132407 0.132407
6845.135254 0.000000 2528.039062 0.000000 0.462892 0.000000 -0.886415 0.126944 0.126944 0.126944
6842.513184 0.000000 2499.008789 0.000000 0.421205 0.000000 -0.906965 0.136413 0.136413 0.136413
6826.089355 0.000000 2518.925781 0.000000 0.676123 0.000000 -0.736788 0.148924 0.148924 0.148924
6827.793457 0.000000 2519.968750 0.000000 0.229686 0.000000 -0.973265 0.151283 0.151283 0.151283
6836.189941 0.000000 2519.386719 0.000000 0.588166 0.000000 -0.808740 0.139062 0.139062 0.139062
6840.780762 0.000000 2499.260254 0.000000 0.550233 0.000000 -0.835011 0.185488 0.185488 0.185488
6840.164062 0.000000 2498.235596 0.000000 0.589833 0.000000 -0.807525 0.185212 0.185212 0.185212
6835.445801 0.000000 2516.257080 0.000000 0.385910 0.000000 -0.922536 0.189461 0.189461 0.189461
6819.156738 0.000000 2513.275635 0.000000 0.752256 0.000000 -0.658871 0.174208 0.174208 0.174208
6818.365234 0.000000 2512.607422 0.000000 0.236564 0.000000 -0.971616 0.177529 0.177529 0.177529
6862.189453 0.000000 2521.756348 0.000000 0.253503 0.000000 -0.967335 0.104184 0.104184 0.104184
6857.163574 0.000000 2524.613281 0.000000 0.503409 0.000000 -0.864048 0.138919 0.138919 0.138919
6852.861816 0.000000 2513.267090 0.000000 0.732691 0.000000 -0.680561 0.102383 0.102383 0.102383
6861.883301 0.000000 2533.808594 0.000000 0.391797 0.000000 -0.920052 0.126089 0.126089 0.126089
6857.889160 0.000000 2540.577637 0.000000 0.588631 0.000000 -0.808402 0.102997 0.102997 0.102997
6877.075684 0.000000 2537.712646 0.000000 0.358675 0.000000 -0.933463 0.103832 0.103832 0.103832
6852.256348 0.000000 2540.828125 0.000000 0.624951 0.000000 -0.780664 0.116392 0.116392 0.116392
6855.324707 0.000000 2511.922607 0.000000 0.717268 0.000000 -0.696798 0.150955 0.150955 0.150955
6849.278809 0.000000 2531.187744 0.000000 0.047100 0.000000 -0.998890 0.111605 0.111605 0.111605
6861.897461 0.000000 2528.420410 0.000000 0.781084 0.000000 -0.624426 0.176253 0.176253 0.176253
6856.026367 0.000000 2539.766846 0.000000 0.752645 0.000000 -0.658427 0.136957 0.136957 0.136957
6878.899414 0.000000 2538.174316 0.000000 0.757512 0.000000 -0.652821 0.170727 0.170727 0.170727
6887.873535 0.000000 2522.100098 0.000000 0.564386 0.000000 -0.825511 0.129369 0.129369 0.129369
6861.842285 0.000000 2536.790283 0.000000 0.330912 0.000000 -0.943662 0.177577 0.177577 0.177577
6860.884766 0.000000 2532.294922 0.000000 0.285014 0.000000 -0.958523 0.126529 0.126529 0.126529
6865.260742 0.000000 2527.876709 0.000000 0.661901 0.000000 -0.749591 0.180080 0.180080 0.180080
6860.826172 0.000000 2524.498535 0.000000 0.233629 0.000000 -0.972326 0.162360 0.162360 0.162360
6860.418457 0.000000 2534.388428 0.000000 0.479279 0.000000 -0.877663 0.183066 0.183066 0.183066
6854.676758 0.000000 2510.562744 0.000000 0.249658 0.000000 -0.968334 0.153522 0.153522 0.153522
6880.238770 0.000000 2538.850830 0.000000 0.384318 0.000000 -0.923201 0.179591 0.179591 0.179591
6882.905762 0.000000 2520.693359 0.000000 0.693397 0.000000 -0.720555 0.133875 0.133875 0.133875
6855.945312 0.000000 2537.718506 0.000000 0.161235 0.000000 -0.986916 0.144581 0.144581 0.144581
6864.139160 0.000000 2524.268555 0.000000 0.065517 0.000000 -0.997851 0.188448 0.188448 0.188448
6881.772949 0.000000 2540.737793 0.000000 0.523408 0.000000 -0.852082 0.181043 0.181043 0.181043
6856.591797 0.000000 2512.071533 0.000000 0.275869 0.000000 -0.961195 0.174975 0.174975 0.174975
6880.533691 0.000000 2540.383545 0.000000 0.385714 0.000000 -0.922618 0.181907 0.181907 0.181907
6860.848145 0.000000 2529.215576 0.000000 0.230422 0.000000 -0.973091 0.179899 0.179899 0.179899
6861.262207 0.000000 2535.262939 0.000000 0.420184 0.000000 -0.907439 0.183439 0.183439 0.183439
6864.442383 0.000000 2526.120117 0.000000 0.291772 0.000000 -0.956488 0.182465 0.182465 0.182465
6885.938965 0.000000 2520.713867 0.000000 0.574245 0.000000 -0.818684 0.204374 0.204374 0.204374
6872.192871 0.000000 2540.331543 0.000000 0.097782 0.000000 -0.995208 0.202925 0.202925 0.202925
6884.907227 0.000000 2522.396484 0.000000 0.347614 0.000000 -0.937638 0.172244 0.172244 0.172244
6860.522461 0.000000 2526.044434 0.000000 0.373717 0.000000 -0.927543 0.207562 0.207562 0.207562
6874.963867 0.000000 2538.145020 0.000000 0.042839 0.000000 -0.999082 0.209727 0.209727 0.209727
6859.038574 0.000000 2530.321777 0.000000 0.440644 0.000000 -0.897682 0.200714 0.200714 0.200714
6852.047852 0.000000 2539.761230 0.000000 0.420108 0.000000 -0.907474 0.180537 0.180537 0.180537
6884.104492 0.000000 2520.557129 0.000000 0.630339 0.000000 -0.776320 0.203930 0.203930 0.203930
6862.657227 0.000000 2526.165527 0.000000 0.050139 0.000000 -0.998742 0.209681 0.209681 0.209681
6877.837891 0.000000 2538.403320 0.000000 0.361331 0.000000 -0.932438 0.192524 0.192524 0.192524
6861.376953 0.000000 2527.536621 0.000000 0.193941 0.000000 -0.981013 0.208757 0.208757 0.208757
6855.513672 0.000000 2538.899170 0.000000 0.790756 0.000000 -0.612131 0.204194 0.204194 0.204194
6876.825684 0.000000 2541.360596 0.000000 0.249127 0.000000 -0.968471 0.208397 0.208397 0.208397
6872.591797 0.000000 2534.708008 0.000000 0.098404 0.000000 -0.995147 0.209373 0.209373 0.209373
6877.956543 0.000000 2541.732422 0.000000 0.570167 0.000000 -0.821529 0.206138 0.206138 0.206138
6861.105469 0.000000 2526.696777 0.000000 0.360108 0.000000 -0.932911 0.207655 0.207655 0.207655
6877.028809 0.000000 2540.435547 0.000000 0.154707 0.000000 -0.987960 0.209011 0.209011 0.209011
6858.733887 0.000000 2526.519775 0.000000 0.444182 0.000000 -0.895936 0.207070 0.207070 0.207070
6851.834473 0.000000 2541.799316 0.000000 0.240956 0.000000 -0.970536 0.104225 0.104225 0.104225
6881.639160 0.000000 2571.834473 0.000000 0.319902 0.000000 -0.947451 0.103964 0.103964 0.103964
6865.114746 0.000000 2596.356689 0.000000 0.488948 0.000000 -0.872313 0.103374 0.103374 0.103374
6862.452148 0.000000 2597.391602 0.000000 0.682593 0.000000 -0.730799 0.142560 0.142560 0.142560
6859.119141 0.000000 2595.416016 0.000000 0.299397 0.000000 -0.954129 0.126470 0.126470 0.126470
6880.666016 0.000000 2542.435791 0.000000 0.056908 0.000000 -0.998379 0.184974 0.184974 0.184974
6878.457031 0.000000 2544.847656 0.000000 0.621799 0.000000 -0.783177 0.174610 0.174610 0.174610
6861.528320 0.000000 2596.315186 0.000000 0.150431 0.000000 -0.988620 0.172150 0.172150 0.172150
6881.218262 0.000000 2544.616211 0.000000 0.016145 0.000000 -0.999870 0.140519 0.140519 0.140519
6859.079590 0.000000 2597.595947 0.000000 0.545847 0.000000 -0.837885 0.169914 0.169914 0.169914
6861.223633 0.000000 2597.833496 0.000000 0.741903 0.000000 -0.670507 0.168559 0.168559 0.168559
6857.653320 0.000000 2598.176758 0.000000 0.630859 0.000000 -0.775898 0.160721 0.160721 0.160721
6876.152344 0.000000 2565.721680 0.000000 0.751755 0.000000 -0.659443 0.162750 0.162750 0.162750
6876.754395 0.000000 2564.536133 0.000000 0.540647 0.000000 -0.841249 0.164166 0.164166 0.164166
6877.017578 0.000000 2573.416748 0.000000 0.463152 0.000000 -0.886279 0.191284 0.191284 0.191284
6881.670898 0.000000 2542.552490 0.000000 0.291283 0.000000 -0.956637 0.183634 0.183634 0.183634
6877.502930 0.000000 2571.454102 0.000000 0.767295 0.000000 -0.641294 0.204432 0.204432 0.204432
6876.866211 0.000000 2568.886963 0.000000 0.379026 0.000000 -0.925386 0.207525 0.207525 0.207525
6879.498047 0.000000 2568.803955 0.000000 0.267270 0.000000 -0.963622 0.208278 0.208278 0.208278
6879.811035 0.000000 2570.927734 0.000000 0.173485 0.000000 -0.984837 0.208890 0.208890 0.208890
6876.711914 0.000000 2571.880859 0.000000 0.623430 0.000000 -0.781880 0.205715 0.205715 0.205715
6879.750977 0.000000 2569.559814 0.000000 0.056881 0.000000 -0.998381 0.209638 0.209638 0.209638
6893.791016 0.000000 2611.619385 0.000000 0.158855 0.000000 -0.987302 0.159812 0.159812 0.159812
6902.872070 0.000000 2644.615723 0.000000 0.594265 0.000000 -0.804269 0.103263 0.103263 0.103263
6910.612305 0.000000 2649.921631 0.000000 0.795055 0.000000 -0.606538 0.152683 0.152683 0.152683
6902.755859 0.000000 2624.376709 0.000000 0.360035 0.000000 -0.932939 0.115752 0.115752 0.115752
6907.279297 0.000000 2623.482666 0.000000 0.487680 0.000000 -0.873022 0.149421 0.149421 0.149421
6908.370605 0.000000 2644.177979 0.000000 0.207793 0.000000 -0.978173 0.128006 0.128006 0.128006
6903.657227 0.000000 2638.655029 0.000000 0.664027 0.000000 -0.747709 0.148999 0.148999 0.148999
6895.143066 0.000000 2623.958740 0.000000 0.779544 0.000000 -0.626347 0.155092 0.155092 0.155092
6895.125977 0.000000 2637.198486 0.000000 0.504743 0.000000 -0.863270 0.153961 0.153961 0.153961
6889.043945 0.000000 2610.296875 0.000000 0.670717 0.000000 -0.741713 0.152408 0.152408 0.152408
6902.213379 0.000000 2641.286621 0.000000 0.628682 0.000000 -0.777662 0.144028 0.144028 0.144028
6896.299805 0.000000 2634.427734 0.000000 0.310041 0.000000 -0.950723 0.161967 0.161967 0.161967
6909.962402 0.000000 2644.069336 0.000000 0.677153 0.000000 -0.735842 0.125918 0.125918 0.125918
6895.481934 0.000000 2645.839355 0.000000 0.518038 0.000000 -0.855358 0.131904 0.131904 0.131904
6911.399414 0.000000 2646.773682 0.000000 0.779603 0.000000 -0.626274 0.200875 0.200875 0.200875
6911.412109 0.000000 2651.129395 0.000000 0.077805 0.000000 -0.996969 0.184857 0.184857 0.184857
6906.259766 0.000000 2624.413330 0.000000 0.415736 0.000000 -0.909485 0.178241 0.178241 0.178241
6897.942383 0.000000 2620.392090 0.000000 0.535106 0.000000 -0.844785 0.150323 0.150323 0.150323
6909.468262 0.000000 2646.767822 0.000000 0.147478 0.000000 -0.989065 0.153426 0.153426 0.153426
6905.995117 0.000000 2637.446533 0.000000 0.143840 0.000000 -0.989601 0.175698 0.175698 0.175698
6893.578613 0.000000 2610.339600 0.000000 0.205610 0.000000 -0.978634 0.159580 0.159580 0.159580
6891.276855 0.000000 2610.245605 0.000000 0.717673 0.000000 -0.696380 0.194573 0.194573 0.194573
6896.431641 0.000000 2639.062744 0.000000 0.090033 0.000000 -0.995939 0.209426 0.209426 0.209426
6890.582031 0.000000 2612.057617 0.000000 0.572417 0.000000 -0.819963 0.186490 0.186490 0.186490
6897.371582 0.000000 2637.348145 0.000000 0.032508 0.000000 -0.999471 0.209793 0.209793 0.209793
6912.226074 0.000000 2649.598145 0.000000 0.012083 0.000000 -0.999927 0.104962 0.104962 0.104962
6913.941895 0.000000 2650.909180 0.000000 0.653951 0.000000 -0.756537 0.119709 0.119709 0.119709
"}
