object={
	name="cypress_dense_generator_3_0"
	clamp_to_water_level=no
	render_under_water=no
	generated_content=yes
	layer="semidynamic_high"
	pdxmesh="tree_cypress_001_mesh"
	count=1207
	transform="2030.271362 0.000000 1618.850952 0.000000 0.136459 0.000000 0.990646 0.190155 0.190155 0.190155
2033.158813 0.000000 1616.190918 0.000000 0.010169 0.000000 0.999948 0.186948 0.186948 0.186948
2037.008667 0.000000 1625.784302 0.000000 0.067334 0.000000 0.997730 0.186069 0.186069 0.186069
2039.657227 0.000000 1621.936279 0.000000 0.999924 0.000000 0.012314 0.226157 0.226157 0.226157
2036.105469 0.000000 1623.953491 0.000000 0.587170 0.000000 0.809464 0.216681 0.216681 0.216681
2037.498657 0.000000 1619.038696 0.000000 0.133883 0.000000 0.990997 0.211708 0.211708 0.211708
2040.881714 0.000000 1593.085938 0.000000 0.342446 0.000000 0.939538 0.266012 0.266012 0.266012
2040.781006 0.000000 1595.510376 0.000000 0.477379 0.000000 0.878698 0.270849 0.270849 0.270849
2040.202881 0.000000 1598.519043 0.000000 0.997221 0.000000 0.074503 0.294666 0.294666 0.294666
2041.149658 0.000000 1597.668091 0.000000 0.993241 0.000000 0.116072 0.299916 0.299916 0.299916
2043.085327 0.000000 1592.079590 0.000000 0.972286 0.000000 0.233794 0.296084 0.296084 0.296084
2042.229980 0.000000 1593.383667 0.000000 0.494318 0.000000 0.869281 0.269892 0.269892 0.269892
2061.897461 0.000000 1568.186035 0.000000 0.989444 0.000000 0.144917 0.213369 0.213369 0.213369
2062.936279 0.000000 1571.650024 0.000000 0.690737 0.000000 0.723106 0.208237 0.208237 0.208237
2058.106445 0.000000 1573.624756 0.000000 0.227739 0.000000 0.973722 0.249863 0.249863 0.249863
2055.451660 0.000000 1572.795898 0.000000 0.203088 0.000000 0.979161 0.254935 0.254935 0.254935
2054.215088 0.000000 1568.421021 0.000000 0.499072 0.000000 0.866560 0.279537 0.279537 0.279537
2090.064209 0.000000 1632.886353 0.000000 0.970924 0.000000 0.239387 0.198159 0.198159 0.198159
2074.132568 0.000000 1616.014282 0.000000 0.457841 0.000000 0.889034 0.190703 0.190703 0.190703
2090.478760 0.000000 1607.299561 0.000000 0.774641 0.000000 0.632402 0.193961 0.193961 0.193961
2086.386963 0.000000 1603.910645 0.000000 0.280432 0.000000 0.959874 0.189936 0.189936 0.189936
2086.302734 0.000000 1594.629150 0.000000 0.991944 0.000000 0.126680 0.215782 0.215782 0.215782
2091.937012 0.000000 1637.989990 0.000000 0.828669 0.000000 0.559739 0.207947 0.207947 0.207947
2089.985107 0.000000 1602.499146 0.000000 0.496140 0.000000 0.868243 0.214163 0.214163 0.214163
2075.705566 0.000000 1621.601318 0.000000 0.844196 0.000000 0.536034 0.237215 0.237215 0.237215
2068.010742 0.000000 1625.771851 0.000000 0.552513 0.000000 0.833504 0.232148 0.232148 0.232148
2093.740479 0.000000 1611.771729 0.000000 0.606891 0.000000 0.794785 0.224378 0.224378 0.224378
2087.006836 0.000000 1600.966309 0.000000 0.062461 0.000000 0.998047 0.228132 0.228132 0.228132
2088.266113 0.000000 1610.325928 0.000000 0.956993 0.000000 0.290110 0.257916 0.257916 0.257916
2090.833008 0.000000 1605.795288 0.000000 0.726090 0.000000 0.687600 0.243024 0.243024 0.243024
2089.198730 0.000000 1617.570557 0.000000 0.993990 0.000000 0.109472 0.257630 0.257630 0.257630
2090.500732 0.000000 1596.348022 0.000000 0.401003 0.000000 0.916077 0.224625 0.224625 0.224625
2091.041992 0.000000 1601.641357 0.000000 0.687645 0.000000 0.726047 0.275001 0.275001 0.275001
2095.419678 0.000000 1604.216919 0.000000 0.385002 0.000000 0.922916 0.248104 0.248104 0.248104
2089.506592 0.000000 1601.278320 0.000000 0.913219 0.000000 0.407469 0.279260 0.279260 0.279260
2092.297363 0.000000 1613.614990 0.000000 0.855767 0.000000 0.517361 0.272807 0.272807 0.272807
2088.130127 0.000000 1597.635010 0.000000 0.480963 0.000000 0.876741 0.267021 0.267021 0.267021
2091.135742 0.000000 1613.185547 0.000000 0.846433 0.000000 0.532496 0.313733 0.313733 0.313733
2088.788330 0.000000 1596.448730 0.000000 0.949204 0.000000 0.314660 0.290322 0.290322 0.290322
2087.327881 0.000000 1615.407471 0.000000 0.744741 0.000000 0.667354 0.304050 0.304050 0.304050
2087.576904 0.000000 1599.948975 0.000000 0.670908 0.000000 0.741541 0.293080 0.293080 0.293080
2093.605713 0.000000 1602.777954 0.000000 0.449029 0.000000 0.893517 0.282796 0.282796 0.282796
2070.543701 0.000000 1625.649170 0.000000 0.164571 0.000000 0.986365 0.280883 0.280883 0.280883
2073.297852 0.000000 1620.637207 0.000000 0.922713 0.000000 0.385488 0.336321 0.336321 0.336321
2070.202637 0.000000 1619.090210 0.000000 0.808275 0.000000 0.588805 0.316269 0.316269 0.316269
2071.086426 0.000000 1620.509644 0.000000 0.507572 0.000000 0.861610 0.322189 0.322189 0.322189
2072.506836 0.000000 1623.241455 0.000000 0.969587 0.000000 0.244745 0.360831 0.360831 0.360831
2090.699707 0.000000 1678.425659 0.000000 0.150022 0.000000 0.988683 0.186881 0.186881 0.186881
2060.424805 0.000000 1656.466675 0.000000 0.977184 0.000000 0.212394 0.198050 0.198050 0.198050
2099.409180 0.000000 1663.533081 0.000000 0.450331 0.000000 0.892862 0.190845 0.190845 0.190845
2093.321289 0.000000 1676.529785 0.000000 0.977202 0.000000 0.212313 0.260759 0.260759 0.260759
2100.189697 0.000000 1672.120972 0.000000 0.961044 0.000000 0.276394 0.270780 0.270780 0.270780
2096.565186 0.000000 1676.609863 0.000000 0.543377 0.000000 0.839489 0.289299 0.289299 0.289299
2099.655518 0.000000 1677.239746 0.000000 0.318298 0.000000 0.947991 0.269546 0.269546 0.269546
2098.367676 0.000000 1672.675903 0.000000 0.818210 0.000000 0.574920 0.297908 0.297908 0.297908
2095.634277 0.000000 1677.929688 0.000000 0.993203 0.000000 0.116393 0.313991 0.313991 0.313991
2536.295898 0.000000 1673.309570 0.000000 0.792512 0.000000 0.609857 0.281716 0.281716 0.281716
2540.776123 0.000000 1677.350952 0.000000 0.736869 0.000000 0.676036 0.350515 0.350515 0.350515
2538.167236 0.000000 1674.854492 0.000000 0.141478 0.000000 0.989941 0.298692 0.298692 0.298692
2033.665527 0.000000 1836.262573 0.000000 0.696411 0.000000 0.717643 0.214072 0.214072 0.214072
2042.545166 0.000000 1839.470703 0.000000 0.999997 0.000000 0.002492 0.231895 0.231895 0.231895
2021.460205 0.000000 1838.835205 0.000000 0.760616 0.000000 0.649202 0.230807 0.230807 0.230807
2040.776245 0.000000 1834.343140 0.000000 0.105413 0.000000 0.994429 0.254020 0.254020 0.254020
2045.768066 0.000000 1834.698120 0.000000 0.015964 0.000000 0.999873 0.244642 0.244642 0.244642
2041.029053 0.000000 1835.648193 0.000000 0.263635 0.000000 0.964623 0.258985 0.258985 0.258985
2039.607178 0.000000 1836.392090 0.000000 0.862033 0.000000 0.506853 0.311246 0.311246 0.311246
2036.131348 0.000000 1836.774902 0.000000 0.956559 0.000000 0.291540 0.327912 0.327912 0.327912
2024.917358 0.000000 1840.698486 0.000000 0.053946 0.000000 0.998544 0.286395 0.286395 0.286395
2023.982544 0.000000 1841.961914 0.000000 0.240621 0.000000 0.970619 0.298564 0.298564 0.298564
2041.489746 0.000000 1837.361084 0.000000 0.769839 0.000000 0.638238 0.350230 0.350230 0.350230
2022.255615 0.000000 1838.994141 0.000000 0.918452 0.000000 0.395533 0.369645 0.369645 0.369645
2040.170898 0.000000 1837.516357 0.000000 0.635071 0.000000 0.772454 0.336534 0.336534 0.336534
1846.447144 0.000000 2026.162598 0.000000 0.218226 0.000000 0.975898 0.199656 0.199656 0.199656
2052.483643 0.000000 1841.929810 0.000000 0.967642 0.000000 0.252329 0.237624 0.237624 0.237624
2050.417725 0.000000 1843.407837 0.000000 0.187338 0.000000 0.982296 0.301034 0.301034 0.301034
2051.896484 0.000000 1841.083984 0.000000 0.140478 0.000000 0.990084 0.304841 0.304841 0.304841
2051.526123 0.000000 1841.908203 0.000000 0.294277 0.000000 0.955720 0.314351 0.314351 0.314351
5879.010742 0.000000 111.437286 0.000000 0.963117 0.000000 0.269085 0.197755 0.197755 0.197755
5872.601562 0.000000 117.811012 0.000000 0.248526 0.000000 0.968625 0.203457 0.203457 0.203457
5869.664062 0.000000 119.964378 0.000000 0.995814 0.000000 0.091401 0.221734 0.221734 0.221734
5846.645996 0.000000 143.634491 0.000000 0.482592 0.000000 0.875845 0.201319 0.201319 0.201319
5850.510254 0.000000 143.762009 0.000000 0.993043 0.000000 0.117749 0.236704 0.236704 0.236704
5856.238770 0.000000 166.507187 0.000000 0.951631 0.000000 0.307243 0.267894 0.267894 0.267894
5850.548828 0.000000 210.766190 0.000000 0.997584 0.000000 0.069470 0.199497 0.199497 0.199497
5858.139648 0.000000 171.179443 0.000000 0.578318 0.000000 0.815811 0.192377 0.192377 0.192377
5866.699707 0.000000 209.831940 0.000000 0.967163 0.000000 0.254157 0.197690 0.197690 0.197690
5850.516602 0.000000 208.232040 0.000000 0.849444 0.000000 0.527678 0.198262 0.198262 0.198262
5868.263184 0.000000 219.628235 0.000000 0.436779 0.000000 0.899569 0.201607 0.201607 0.201607
5857.651855 0.000000 205.650589 0.000000 0.995735 0.000000 0.092260 0.205188 0.205188 0.205188
5859.097656 0.000000 211.553192 0.000000 0.065781 0.000000 0.997834 0.200218 0.200218 0.200218
5855.716309 0.000000 209.903732 0.000000 0.473748 0.000000 0.880660 0.199378 0.199378 0.199378
5857.958496 0.000000 209.682068 0.000000 0.856974 0.000000 0.515360 0.205539 0.205539 0.205539
5846.347168 0.000000 192.096771 0.000000 0.068099 0.000000 0.997679 0.202685 0.202685 0.202685
5837.989746 0.000000 196.367615 0.000000 0.958556 0.000000 0.284903 0.221190 0.221190 0.221190
5847.132812 0.000000 207.401825 0.000000 0.998666 0.000000 0.051632 0.234475 0.234475 0.234475
5839.572266 0.000000 201.052994 0.000000 0.929121 0.000000 0.369777 0.230323 0.230323 0.230323
5848.535645 0.000000 204.496735 0.000000 0.999686 0.000000 0.025050 0.239356 0.239356 0.239356
5865.330078 0.000000 210.614822 0.000000 0.651119 0.000000 0.758976 0.230854 0.230854 0.230854
5839.615723 0.000000 198.207504 0.000000 0.998581 0.000000 0.053258 0.272098 0.272098 0.272098
5847.405273 0.000000 198.822296 0.000000 0.548344 0.000000 0.836253 0.241658 0.241658 0.241658
5846.083008 0.000000 205.895233 0.000000 0.415168 0.000000 0.909745 0.238330 0.238330 0.238330
5866.734375 0.000000 217.467285 0.000000 0.847800 0.000000 0.530317 0.254014 0.254014 0.254014
5846.136230 0.000000 203.031754 0.000000 0.359322 0.000000 0.933214 0.252885 0.252885 0.252885
5868.225586 0.000000 215.687531 0.000000 0.998751 0.000000 0.049958 0.281032 0.281032 0.281032
5843.060547 0.000000 196.663712 0.000000 0.701638 0.000000 0.712534 0.276485 0.276485 0.276485
5841.695801 0.000000 192.038483 0.000000 0.597569 0.000000 0.801817 0.295094 0.295094 0.295094
5846.587402 0.000000 201.406616 0.000000 0.962338 0.000000 0.271856 0.291715 0.291715 0.291715
5843.341797 0.000000 190.892792 0.000000 0.415483 0.000000 0.909601 0.269355 0.269355 0.269355
5838.829590 0.000000 192.333450 0.000000 0.509901 0.000000 0.860233 0.272868 0.272868 0.272868
5842.357910 0.000000 200.136566 0.000000 0.816826 0.000000 0.576884 0.360854 0.360854 0.360854
5948.341309 0.000000 53.167839 0.000000 0.760859 0.000000 0.648917 0.197722 0.197722 0.197722
5946.732422 0.000000 53.672935 0.000000 0.152874 0.000000 0.988246 0.216816 0.216816 0.216816
5949.135254 0.000000 42.726646 0.000000 0.231052 0.000000 0.972941 0.230164 0.230164 0.230164
5950.039551 0.000000 40.460274 0.000000 0.506647 0.000000 0.862154 0.253215 0.253215 0.253215
5947.498047 0.000000 47.034023 0.000000 0.834473 0.000000 0.551048 0.249578 0.249578 0.249578
5951.099609 0.000000 42.961231 0.000000 0.107330 0.000000 0.994223 0.249972 0.249972 0.249972
5949.235840 0.000000 44.781376 0.000000 0.999692 0.000000 0.024803 0.290604 0.290604 0.290604
5959.299805 0.000000 40.738140 0.000000 0.998939 0.000000 0.046045 0.224569 0.224569 0.224569
5961.040527 0.000000 41.524578 0.000000 0.801781 0.000000 0.597617 0.225135 0.225135 0.225135
5954.240723 0.000000 42.317421 0.000000 0.525410 0.000000 0.850849 0.214666 0.214666 0.214666
5967.409668 0.000000 40.160206 0.000000 0.995833 0.000000 0.091199 0.250333 0.250333 0.250333
5972.232910 0.000000 42.119663 0.000000 0.980710 0.000000 0.195470 0.235403 0.235403 0.235403
5967.887695 0.000000 47.737324 0.000000 0.699913 0.000000 0.714229 0.274651 0.274651 0.274651
5969.638672 0.000000 41.298405 0.000000 0.723314 0.000000 0.690520 0.254921 0.254921 0.254921
5966.024902 0.000000 47.312904 0.000000 0.721159 0.000000 0.692770 0.275581 0.275581 0.275581
5971.230957 0.000000 45.321716 0.000000 0.410569 0.000000 0.911830 0.275226 0.275226 0.275226
5968.709473 0.000000 55.989830 0.000000 0.969197 0.000000 0.246285 0.338178 0.338178 0.338178
5968.040527 0.000000 52.354530 0.000000 0.066383 0.000000 0.997794 0.280651 0.280651 0.280651
5968.779297 0.000000 48.236893 0.000000 0.928766 0.000000 0.370666 0.359464 0.359464 0.359464
5971.690918 0.000000 46.803318 0.000000 0.983420 0.000000 0.181340 0.331730 0.331730 0.331730
5968.603027 0.000000 51.538120 0.000000 0.940339 0.000000 0.340239 0.334666 0.334666 0.334666
5968.878906 0.000000 49.355083 0.000000 0.852683 0.000000 0.522428 0.349846 0.349846 0.349846
5914.548828 0.000000 97.797440 0.000000 0.485981 0.000000 0.873969 0.192169 0.192169 0.192169
5947.875488 0.000000 70.690598 0.000000 0.774886 0.000000 0.632101 0.194533 0.194533 0.194533
5909.436035 0.000000 107.782318 0.000000 0.592642 0.000000 0.805466 0.191817 0.191817 0.191817
5899.346680 0.000000 104.448402 0.000000 0.762127 0.000000 0.647428 0.194767 0.194767 0.194767
5945.361328 0.000000 69.273636 0.000000 0.923197 0.000000 0.384327 0.207229 0.207229 0.207229
5945.029297 0.000000 62.921169 0.000000 0.040644 0.000000 0.999174 0.203917 0.203917 0.203917
5906.017090 0.000000 80.269089 0.000000 0.858499 0.000000 0.512816 0.227754 0.227754 0.227754
5905.270508 0.000000 107.301987 0.000000 0.035380 0.000000 0.999374 0.219381 0.219381 0.219381
5907.159180 0.000000 76.703941 0.000000 0.332767 0.000000 0.943009 0.228266 0.228266 0.228266
5907.123535 0.000000 79.173691 0.000000 0.519677 0.000000 0.854363 0.232277 0.232277 0.232277
5944.234863 0.000000 58.227272 0.000000 0.949142 0.000000 0.314848 0.245902 0.245902 0.245902
5961.095215 0.000000 68.471786 0.000000 0.959189 0.000000 0.282766 0.197924 0.197924 0.197924
5975.051758 0.000000 59.532169 0.000000 0.590987 0.000000 0.806681 0.209373 0.209373 0.209373
5965.156250 0.000000 65.420807 0.000000 0.852958 0.000000 0.521980 0.235538 0.235538 0.235538
5972.698242 0.000000 61.668407 0.000000 0.620961 0.000000 0.783842 0.226505 0.226505 0.226505
5965.933594 0.000000 62.353271 0.000000 0.810715 0.000000 0.585442 0.237088 0.237088 0.237088
5969.973633 0.000000 71.405769 0.000000 0.023335 0.000000 0.999728 0.218406 0.218406 0.218406
5968.717773 0.000000 68.821518 0.000000 0.054380 0.000000 0.998520 0.236648 0.236648 0.236648
5968.744141 0.000000 66.079163 0.000000 0.960615 0.000000 0.277882 0.275951 0.275951 0.275951
5970.279297 0.000000 63.958870 0.000000 0.787125 0.000000 0.616794 0.279602 0.279602 0.279602
5969.996094 0.000000 57.451572 0.000000 0.987636 0.000000 0.156763 0.347680 0.347680 0.347680
5970.295410 0.000000 60.760429 0.000000 0.416324 0.000000 0.909217 0.288722 0.288722 0.288722
5966.957520 0.000000 59.046452 0.000000 0.240574 0.000000 0.970631 0.282289 0.282289 0.282289
5969.347656 0.000000 60.578377 0.000000 0.241718 0.000000 0.970346 0.313555 0.313555 0.313555
5968.008789 0.000000 58.707809 0.000000 0.926820 0.000000 0.375506 0.363987 0.363987 0.363987
5949.733887 0.000000 147.178986 0.000000 0.313711 0.000000 0.949519 0.191875 0.191875 0.191875
5894.113770 0.000000 151.927231 0.000000 0.039795 0.000000 0.999208 0.186431 0.186431 0.186431
5906.130371 0.000000 158.061981 0.000000 0.922546 0.000000 0.385888 0.210339 0.210339 0.210339
5892.206055 0.000000 115.223694 0.000000 0.550651 0.000000 0.834735 0.198545 0.198545 0.198545
5921.051758 0.000000 145.160248 0.000000 0.438500 0.000000 0.898731 0.203427 0.203427 0.203427
5899.567871 0.000000 153.122101 0.000000 0.808069 0.000000 0.589088 0.204521 0.204521 0.204521
5899.945801 0.000000 135.037277 0.000000 0.840299 0.000000 0.542124 0.217237 0.217237 0.217237
5888.668457 0.000000 130.739166 0.000000 0.231196 0.000000 0.972907 0.206598 0.206598 0.206598
5910.371582 0.000000 165.794754 0.000000 0.736176 0.000000 0.676790 0.231111 0.231111 0.231111
5918.632324 0.000000 140.278885 0.000000 0.402574 0.000000 0.915388 0.216952 0.216952 0.216952
5918.604492 0.000000 146.248917 0.000000 0.109421 0.000000 0.993995 0.209724 0.209724 0.209724
5905.633301 0.000000 161.797607 0.000000 0.971474 0.000000 0.237147 0.245342 0.245342 0.245342
5903.744141 0.000000 123.929100 0.000000 0.670156 0.000000 0.742220 0.226686 0.226686 0.226686
5938.026855 0.000000 149.052917 0.000000 0.173741 0.000000 0.984791 0.229729 0.229729 0.229729
5905.973633 0.000000 127.890144 0.000000 0.326296 0.000000 0.945268 0.240224 0.240224 0.240224
5904.717773 0.000000 125.305893 0.000000 0.202019 0.000000 0.979382 0.231104 0.231104 0.231104
5939.138184 0.000000 144.980911 0.000000 0.674218 0.000000 0.738532 0.242419 0.242419 0.242419
5894.455566 0.000000 140.873932 0.000000 0.675926 0.000000 0.736969 0.240645 0.240645 0.240645
5894.676758 0.000000 138.218903 0.000000 0.201616 0.000000 0.979465 0.234943 0.234943 0.234943
5904.534668 0.000000 126.796509 0.000000 0.995931 0.000000 0.090116 0.266818 0.266818 0.266818
5893.906250 0.000000 139.557495 0.000000 0.036244 0.000000 0.999343 0.226845 0.226845 0.226845
5890.422363 0.000000 126.035057 0.000000 0.511514 0.000000 0.859275 0.255853 0.255853 0.255853
5944.429688 0.000000 150.164185 0.000000 0.858609 0.000000 0.512631 0.272961 0.272961 0.272961
5943.635742 0.000000 145.252228 0.000000 0.619171 0.000000 0.785256 0.264515 0.264515 0.264515
5942.485352 0.000000 152.671692 0.000000 0.990201 0.000000 0.139652 0.264579 0.264579 0.264579
5919.819336 0.000000 145.704559 0.000000 0.622830 0.000000 0.782357 0.251620 0.251620 0.251620
5892.280762 0.000000 122.117912 0.000000 0.380638 0.000000 0.924724 0.253511 0.253511 0.253511
5899.304199 0.000000 130.765060 0.000000 0.913777 0.000000 0.406217 0.309962 0.309962 0.309962
5891.693359 0.000000 127.981155 0.000000 0.019032 0.000000 0.999819 0.242017 0.242017 0.242017
5891.569824 0.000000 126.613068 0.000000 0.419721 0.000000 0.907653 0.253080 0.253080 0.253080
5893.635742 0.000000 123.346779 0.000000 0.397235 0.000000 0.917717 0.254003 0.254003 0.254003
5892.983887 0.000000 124.499680 0.000000 0.976416 0.000000 0.215899 0.301935 0.301935 0.301935
5894.265137 0.000000 126.122353 0.000000 0.876645 0.000000 0.481138 0.326581 0.326581 0.326581
5893.154785 0.000000 129.616257 0.000000 0.345153 0.000000 0.938546 0.282021 0.282021 0.282021
5895.631836 0.000000 131.627609 0.000000 0.668853 0.000000 0.743394 0.303800 0.303800 0.303800
5893.718750 0.000000 127.480614 0.000000 0.085125 0.000000 0.996370 0.271996 0.271996 0.271996
5906.430664 0.000000 168.102142 0.000000 0.984535 0.000000 0.175186 0.367839 0.367839 0.367839
5908.263184 0.000000 169.143829 0.000000 0.524611 0.000000 0.851342 0.334395 0.334395 0.334395
5909.636230 0.000000 223.955368 0.000000 0.889167 0.000000 0.457582 0.196381 0.196381 0.196381
5900.406250 0.000000 170.401428 0.000000 0.007648 0.000000 0.999971 0.185951 0.185951 0.185951
5895.626953 0.000000 215.803375 0.000000 0.830230 0.000000 0.557422 0.195875 0.195875 0.195875
5892.015137 0.000000 175.540207 0.000000 0.147095 0.000000 0.989122 0.192001 0.192001 0.192001
5907.150879 0.000000 203.214661 0.000000 0.359109 0.000000 0.933296 0.188583 0.188583 0.188583
5904.405273 0.000000 207.008224 0.000000 0.708094 0.000000 0.706118 0.202750 0.202750 0.202750
5903.784668 0.000000 211.275787 0.000000 0.958595 0.000000 0.284774 0.204182 0.204182 0.204182
5902.936035 0.000000 216.025024 0.000000 0.468334 0.000000 0.883551 0.202940 0.202940 0.202940
5892.206055 0.000000 171.708069 0.000000 0.328225 0.000000 0.944600 0.200186 0.200186 0.200186
5902.121582 0.000000 171.471588 0.000000 0.851971 0.000000 0.523590 0.211499 0.211499 0.211499
5899.577637 0.000000 213.474243 0.000000 0.078516 0.000000 0.996913 0.197919 0.197919 0.197919
5901.842285 0.000000 220.930878 0.000000 0.915113 0.000000 0.403197 0.219435 0.219435 0.219435
5914.396484 0.000000 179.490860 0.000000 0.840796 0.000000 0.541352 0.231177 0.231177 0.231177
5904.782227 0.000000 171.162140 0.000000 0.650081 0.000000 0.759865 0.229913 0.229913 0.229913
5891.807617 0.000000 177.254959 0.000000 0.193271 0.000000 0.981145 0.222307 0.222307 0.222307
5908.698242 0.000000 174.637161 0.000000 0.818264 0.000000 0.574842 0.226565 0.226565 0.226565
5900.962891 0.000000 199.573807 0.000000 0.996490 0.000000 0.083707 0.250479 0.250479 0.250479
5903.615723 0.000000 198.207504 0.000000 0.620951 0.000000 0.783850 0.233765 0.233765 0.233765
5915.908691 0.000000 174.956696 0.000000 0.054108 0.000000 0.998535 0.238765 0.238765 0.238765
5910.916016 0.000000 175.699219 0.000000 0.266495 0.000000 0.963836 0.267675 0.267675 0.267675
5913.362793 0.000000 175.660751 0.000000 0.089240 0.000000 0.996010 0.267193 0.267193 0.267193
5912.019043 0.000000 170.568207 0.000000 0.976647 0.000000 0.214850 0.353171 0.353171 0.353171
5911.555664 0.000000 173.339127 0.000000 0.851225 0.000000 0.524802 0.358621 0.358621 0.358621
5961.349609 0.000000 222.008194 0.000000 0.999657 0.000000 0.026190 0.199758 0.199758 0.199758
5975.550293 0.000000 211.242065 0.000000 0.482831 0.000000 0.875714 0.197664 0.197664 0.197664
5952.164062 0.000000 225.792206 0.000000 0.043898 0.000000 0.999036 0.196675 0.196675 0.196675
5958.066895 0.000000 202.588623 0.000000 0.700754 0.000000 0.713403 0.217013 0.217013 0.217013
5954.240723 0.000000 211.770538 0.000000 0.916433 0.000000 0.400188 0.227735 0.227735 0.227735
5956.253418 0.000000 208.819031 0.000000 0.420884 0.000000 0.907114 0.213787 0.213787 0.213787
5957.147461 0.000000 223.442291 0.000000 0.348787 0.000000 0.937202 0.227770 0.227770 0.227770
5969.954102 0.000000 207.477325 0.000000 0.799017 0.000000 0.601308 0.228963 0.228963 0.228963
5963.080078 0.000000 219.260757 0.000000 0.541837 0.000000 0.840484 0.244073 0.244073 0.244073
5958.769043 0.000000 205.460419 0.000000 0.903665 0.000000 0.428240 0.250610 0.250610 0.250610
5960.949707 0.000000 215.661514 0.000000 0.990893 0.000000 0.134651 0.306863 0.306863 0.306863
5958.432129 0.000000 215.345688 0.000000 0.992453 0.000000 0.122626 0.293205 0.293205 0.293205
5958.734863 0.000000 219.507172 0.000000 0.577381 0.000000 0.816475 0.257952 0.257952 0.257952
5961.007812 0.000000 206.162292 0.000000 0.946858 0.000000 0.321653 0.303327 0.303327 0.303327
5958.215332 0.000000 212.796021 0.000000 0.161700 0.000000 0.986840 0.264638 0.264638 0.264638
5958.284668 0.000000 209.625458 0.000000 0.924103 0.000000 0.382145 0.296075 0.296075 0.296075
5965.742676 0.000000 215.673187 0.000000 0.995643 0.000000 0.093242 0.330080 0.330080 0.330080
5963.726562 0.000000 212.332153 0.000000 0.637895 0.000000 0.770124 0.310102 0.310102 0.310102
5954.273438 0.000000 215.881561 0.000000 0.880779 0.000000 0.473528 0.312794 0.312794 0.312794
5964.522461 0.000000 210.185089 0.000000 0.562956 0.000000 0.826487 0.302703 0.302703 0.302703
5961.572754 0.000000 211.949844 0.000000 0.994290 0.000000 0.106708 0.345763 0.345763 0.345763
5963.498535 0.000000 210.731354 0.000000 0.748145 0.000000 0.663535 0.322301 0.322301 0.322301
5954.845215 0.000000 219.197189 0.000000 0.768584 0.000000 0.639749 0.292221 0.292221 0.292221
5960.068359 0.000000 213.022888 0.000000 0.777681 0.000000 0.628659 0.307895 0.307895 0.307895
5962.770020 0.000000 212.792328 0.000000 0.895477 0.000000 0.445108 0.329396 0.329396 0.329396
5954.666504 0.000000 214.332001 0.000000 0.282420 0.000000 0.959291 0.280751 0.280751 0.280751
5966.657227 0.000000 210.306152 0.000000 0.350018 0.000000 0.936743 0.291268 0.291268 0.291268
5965.376953 0.000000 211.677338 0.000000 0.635386 0.000000 0.772194 0.306754 0.306754 0.306754
5873.818848 0.000000 252.685226 0.000000 0.210787 0.000000 0.977532 0.201260 0.201260 0.201260
5881.029297 0.000000 232.374298 0.000000 0.222389 0.000000 0.974958 0.202259 0.202259 0.202259
5876.201660 0.000000 232.885498 0.000000 0.189468 0.000000 0.981887 0.207662 0.207662 0.207662
5881.095215 0.000000 249.717117 0.000000 0.089468 0.000000 0.995990 0.229448 0.229448 0.229448
5884.606934 0.000000 243.792542 0.000000 0.009449 0.000000 0.999955 0.228459 0.228459 0.228459
5885.121582 0.000000 242.162506 0.000000 0.997710 0.000000 0.067637 0.260723 0.260723 0.260723
5881.855957 0.000000 234.759628 0.000000 0.756715 0.000000 0.653745 0.243975 0.243975 0.243975
5886.777344 0.000000 246.365692 0.000000 0.669689 0.000000 0.742642 0.234066 0.234066 0.234066
5872.912598 0.000000 241.750534 0.000000 0.991685 0.000000 0.128687 0.280026 0.280026 0.280026
5880.881836 0.000000 237.460922 0.000000 0.591769 0.000000 0.806108 0.267758 0.267758 0.267758
5875.522461 0.000000 242.623947 0.000000 0.681283 0.000000 0.732021 0.259753 0.259753 0.259753
5879.306152 0.000000 247.761154 0.000000 0.164589 0.000000 0.986362 0.255860 0.255860 0.255860
5876.335449 0.000000 240.413132 0.000000 0.826999 0.000000 0.562203 0.288260 0.288260 0.288260
5880.164062 0.000000 238.860641 0.000000 0.771404 0.000000 0.636346 0.291482 0.291482 0.291482
5881.149414 0.000000 242.043152 0.000000 0.715770 0.000000 0.698336 0.303170 0.303170 0.303170
5876.205566 0.000000 239.152649 0.000000 0.995763 0.000000 0.091960 0.341012 0.341012 0.341012
5883.891113 0.000000 244.588257 0.000000 0.120011 0.000000 0.992773 0.269628 0.269628 0.269628
5878.640625 0.000000 237.175751 0.000000 0.994759 0.000000 0.102243 0.323197 0.323197 0.323197
5881.927246 0.000000 244.264648 0.000000 0.103846 0.000000 0.994593 0.281788 0.281788 0.281788
5880.404785 0.000000 245.420822 0.000000 0.698166 0.000000 0.715936 0.312188 0.312188 0.312188
5878.999023 0.000000 241.847000 0.000000 0.466391 0.000000 0.884579 0.299114 0.299114 0.299114
5736.552734 0.000000 448.241760 0.000000 0.915951 0.000000 0.401289 0.207017 0.207017 0.207017
5758.566406 0.000000 451.019257 0.000000 0.951450 0.000000 0.307803 0.279239 0.279239 0.279239
5884.341309 0.000000 392.074097 0.000000 0.996740 0.000000 0.080680 0.201993 0.201993 0.201993
5861.593262 0.000000 381.116913 0.000000 0.992853 0.000000 0.119344 0.203802 0.203802 0.203802
5877.193359 0.000000 378.241211 0.000000 0.012146 0.000000 0.999926 0.205891 0.205891 0.205891
5878.407227 0.000000 391.941895 0.000000 0.271181 0.000000 0.962528 0.216397 0.216397 0.216397
5869.863281 0.000000 385.723358 0.000000 0.399407 0.000000 0.916774 0.208191 0.208191 0.208191
5876.959961 0.000000 388.965302 0.000000 0.293449 0.000000 0.955975 0.211741 0.211741 0.211741
5881.390625 0.000000 381.313416 0.000000 0.532674 0.000000 0.846321 0.216596 0.216596 0.216596
5868.260742 0.000000 379.839600 0.000000 0.634557 0.000000 0.772876 0.240415 0.240415 0.240415
5877.913086 0.000000 386.580231 0.000000 0.732903 0.000000 0.680333 0.235741 0.235741 0.235741
5865.330078 0.000000 380.067932 0.000000 0.285045 0.000000 0.958514 0.222411 0.222411 0.222411
5879.190918 0.000000 380.796814 0.000000 0.765020 0.000000 0.644006 0.262007 0.262007 0.262007
5874.837402 0.000000 380.582458 0.000000 0.152294 0.000000 0.988335 0.247029 0.247029 0.247029
5881.143066 0.000000 382.684814 0.000000 0.956720 0.000000 0.291009 0.279729 0.279729 0.279729
5872.909180 0.000000 381.953339 0.000000 0.673421 0.000000 0.739259 0.257696 0.257696 0.257696
5877.717285 0.000000 384.388611 0.000000 0.793049 0.000000 0.609158 0.276209 0.276209 0.276209
5876.551758 0.000000 380.034576 0.000000 0.455907 0.000000 0.890028 0.257385 0.257385 0.257385
5760.046387 0.000000 450.153961 0.000000 0.867492 0.000000 0.497452 0.256848 0.256848 0.256848
5882.133789 0.000000 422.855072 0.000000 0.771676 0.000000 0.636016 0.195267 0.195267 0.195267
5882.875000 0.000000 395.545105 0.000000 0.432969 0.000000 0.901409 0.191028 0.191028 0.191028
5846.302246 0.000000 400.444672 0.000000 0.997203 0.000000 0.074738 0.199402 0.199402 0.199402
5847.051758 0.000000 398.438416 0.000000 0.904136 0.000000 0.427244 0.206689 0.206689 0.206689
5876.512207 0.000000 405.245026 0.000000 0.975665 0.000000 0.219265 0.231788 0.231788 0.231788
5885.121582 0.000000 411.615631 0.000000 0.648411 0.000000 0.761290 0.240792 0.240792 0.240792
5859.259766 0.000000 397.955017 0.000000 0.894592 0.000000 0.446885 0.265147 0.265147 0.265147
5882.884277 0.000000 410.674164 0.000000 0.267782 0.000000 0.963479 0.240355 0.240355 0.240355
5879.127441 0.000000 404.325836 0.000000 0.800620 0.000000 0.599173 0.261603 0.261603 0.261603
5859.236328 0.000000 399.911804 0.000000 0.411739 0.000000 0.911302 0.259167 0.259167 0.259167
5886.685059 0.000000 409.048676 0.000000 0.395101 0.000000 0.918638 0.261739 0.261739 0.261739
5886.343750 0.000000 416.994995 0.000000 0.930846 0.000000 0.365413 0.299687 0.299687 0.299687
5884.279785 0.000000 407.114349 0.000000 0.144723 0.000000 0.989472 0.290742 0.290742 0.290742
5910.302246 0.000000 230.991547 0.000000 0.442528 0.000000 0.896755 0.191113 0.191113 0.191113
5912.982910 0.000000 229.811371 0.000000 0.544183 0.000000 0.838967 0.191302 0.191302 0.191302
5905.307129 0.000000 236.883423 0.000000 0.218899 0.000000 0.975747 0.196240 0.196240 0.196240
5918.667969 0.000000 262.318848 0.000000 0.906525 0.000000 0.422152 0.200524 0.200524 0.200524
5896.383301 0.000000 247.801254 0.000000 0.479090 0.000000 0.877766 0.207610 0.207610 0.207610
5892.386230 0.000000 236.354507 0.000000 0.426783 0.000000 0.904354 0.211251 0.211251 0.211251
5888.668457 0.000000 243.707916 0.000000 0.612820 0.000000 0.790223 0.207868 0.207868 0.207868
5894.215332 0.000000 242.090881 0.000000 0.981998 0.000000 0.188890 0.214995 0.214995 0.214995
5916.530762 0.000000 267.612457 0.000000 0.999285 0.000000 0.037807 0.236918 0.236918 0.236918
5896.084473 0.000000 241.572464 0.000000 0.985628 0.000000 0.168929 0.240175 0.240175 0.240175
5903.876465 0.000000 234.385727 0.000000 0.992311 0.000000 0.123771 0.225672 0.225672 0.225672
5900.623047 0.000000 249.569061 0.000000 0.557972 0.000000 0.829860 0.220671 0.220671 0.220671
5888.520996 0.000000 245.707550 0.000000 0.951957 0.000000 0.306232 0.237706 0.237706 0.237706
5916.480469 0.000000 264.498413 0.000000 0.844840 0.000000 0.535020 0.249991 0.249991 0.249991
5918.635254 0.000000 270.500793 0.000000 0.942026 0.000000 0.335541 0.234041 0.234041 0.234041
5891.098633 0.000000 244.061523 0.000000 0.799517 0.000000 0.600643 0.250177 0.250177 0.250177
5908.371582 0.000000 262.475586 0.000000 0.992747 0.000000 0.120218 0.265028 0.265028 0.265028
5906.458496 0.000000 261.033508 0.000000 0.680651 0.000000 0.732607 0.257054 0.257054 0.257054
5915.274902 0.000000 268.557465 0.000000 0.848132 0.000000 0.529785 0.263733 0.263733 0.263733
5897.808594 0.000000 248.295746 0.000000 0.994270 0.000000 0.106902 0.250028 0.250028 0.250028
5894.676758 0.000000 251.187653 0.000000 0.725213 0.000000 0.688524 0.250397 0.250397 0.250397
5910.083008 0.000000 262.379608 0.000000 0.345145 0.000000 0.938549 0.232619 0.232619 0.232619
5898.652832 0.000000 265.003296 0.000000 0.927738 0.000000 0.373231 0.266155 0.266155 0.266155
5900.093750 0.000000 234.025040 0.000000 0.536123 0.000000 0.844140 0.246486 0.246486 0.246486
5907.856934 0.000000 263.677460 0.000000 0.719079 0.000000 0.694929 0.274600 0.274600 0.274600
5892.728516 0.000000 246.183777 0.000000 0.117005 0.000000 0.993131 0.245350 0.245350 0.245350
5900.520508 0.000000 252.571594 0.000000 0.624163 0.000000 0.781294 0.288273 0.288273 0.288273
5906.832031 0.000000 270.115265 0.000000 0.136682 0.000000 0.990615 0.267037 0.267037 0.267037
5899.079102 0.000000 254.293823 0.000000 0.008284 0.000000 0.999966 0.287022 0.287022 0.287022
5897.938477 0.000000 260.423859 0.000000 0.310354 0.000000 0.950621 0.299887 0.299887 0.299887
5894.752930 0.000000 256.132965 0.000000 0.908225 0.000000 0.418483 0.324009 0.324009 0.324009
5904.365723 0.000000 269.132202 0.000000 0.534489 0.000000 0.845176 0.293538 0.293538 0.293538
5913.893555 0.000000 270.732239 0.000000 0.780514 0.000000 0.625138 0.348647 0.348647 0.348647
5910.763672 0.000000 271.349152 0.000000 0.513049 0.000000 0.858359 0.331570 0.331570 0.331570
5899.204590 0.000000 256.888336 0.000000 0.888075 0.000000 0.459699 0.365003 0.365003 0.365003
5896.711426 0.000000 256.983368 0.000000 0.040422 0.000000 0.999183 0.300282 0.300282 0.300282
5902.203613 0.000000 260.642059 0.000000 0.252737 0.000000 0.967535 0.312888 0.312888 0.312888
5905.591309 0.000000 261.447510 0.000000 0.252034 0.000000 0.967718 0.291827 0.291827 0.291827
5909.197266 0.000000 268.213715 0.000000 0.743633 0.000000 0.668588 0.350272 0.350272 0.350272
5909.962402 0.000000 266.246246 0.000000 0.688620 0.000000 0.725123 0.342134 0.342134 0.342134
5897.964355 0.000000 258.289886 0.000000 0.554528 0.000000 0.832165 0.333197 0.333197 0.333197
5904.542969 0.000000 262.038605 0.000000 0.183820 0.000000 0.982960 0.299700 0.299700 0.299700
5896.738770 0.000000 258.928864 0.000000 0.964434 0.000000 0.264324 0.376928 0.376928 0.376928
5912.443848 0.000000 270.888763 0.000000 0.568034 0.000000 0.823005 0.331324 0.331324 0.331324
5900.739258 0.000000 259.100006 0.000000 0.530674 0.000000 0.847576 0.333087 0.333087 0.333087
5902.248047 0.000000 263.271790 0.000000 0.954445 0.000000 0.298388 0.378819 0.378819 0.378819
5905.999512 0.000000 266.454498 0.000000 0.633419 0.000000 0.773809 0.342565 0.342565 0.342565
5910.052734 0.000000 268.597900 0.000000 0.938453 0.000000 0.345406 0.377196 0.377196 0.377196
5900.333008 0.000000 260.459473 0.000000 0.128997 0.000000 0.991645 0.299598 0.299598 0.299598
5901.501953 0.000000 262.876587 0.000000 0.782222 0.000000 0.623000 0.353153 0.353153 0.353153
6011.743652 0.000000 276.665009 0.000000 0.812155 0.000000 0.583442 0.200594 0.200594 0.200594
6006.447266 0.000000 275.146973 0.000000 0.840740 0.000000 0.541439 0.205186 0.205186 0.205186
6004.948730 0.000000 252.663589 0.000000 0.558985 0.000000 0.829178 0.221592 0.221592 0.221592
5997.746094 0.000000 246.073486 0.000000 0.070019 0.000000 0.997546 0.221542 0.221542 0.221542
6005.526855 0.000000 259.872986 0.000000 0.941404 0.000000 0.337282 0.248551 0.248551 0.248551
6007.532715 0.000000 250.547379 0.000000 0.456326 0.000000 0.889813 0.230871 0.230871 0.230871
5997.479492 0.000000 250.477081 0.000000 0.365443 0.000000 0.930834 0.257708 0.257708 0.257708
5999.812988 0.000000 258.041992 0.000000 0.317778 0.000000 0.948165 0.266622 0.266622 0.266622
6001.942383 0.000000 248.048447 0.000000 0.974713 0.000000 0.223461 0.311108 0.311108 0.311108
5997.009277 0.000000 253.098755 0.000000 0.909503 0.000000 0.415698 0.282976 0.282976 0.282976
5998.152832 0.000000 259.829895 0.000000 0.890870 0.000000 0.454259 0.292435 0.292435 0.292435
6001.034668 0.000000 257.135071 0.000000 0.964902 0.000000 0.262610 0.304464 0.304464 0.304464
6001.295410 0.000000 249.698410 0.000000 0.976977 0.000000 0.213346 0.311486 0.311486 0.311486
6001.625000 0.000000 259.361023 0.000000 0.971338 0.000000 0.237702 0.320977 0.320977 0.320977
5998.713867 0.000000 257.648041 0.000000 0.929268 0.000000 0.369405 0.306524 0.306524 0.306524
5999.470703 0.000000 252.790222 0.000000 0.883511 0.000000 0.468410 0.313029 0.313029 0.313029
5918.600098 0.000000 332.125458 0.000000 0.893278 0.000000 0.449504 0.196566 0.196566 0.196566
5917.260254 0.000000 316.691132 0.000000 0.147140 0.000000 0.989116 0.187210 0.187210 0.187210
5908.724609 0.000000 312.122284 0.000000 0.888025 0.000000 0.459795 0.201121 0.201121 0.201121
5951.022949 0.000000 336.587433 0.000000 0.938407 0.000000 0.345533 0.196697 0.196697 0.196697
5907.150879 0.000000 316.183411 0.000000 0.990852 0.000000 0.134952 0.202543 0.202543 0.202543
5927.437012 0.000000 309.803772 0.000000 0.325609 0.000000 0.945504 0.195750 0.195750 0.195750
5950.188965 0.000000 297.496490 0.000000 0.693680 0.000000 0.720283 0.204445 0.204445 0.204445
5910.645996 0.000000 313.087616 0.000000 0.202915 0.000000 0.979196 0.205360 0.205360 0.205360
5942.407227 0.000000 335.457520 0.000000 0.954245 0.000000 0.299025 0.219927 0.219927 0.219927
5925.000000 0.000000 317.103394 0.000000 0.547936 0.000000 0.836520 0.218677 0.218677 0.218677
5928.804199 0.000000 316.546173 0.000000 0.907929 0.000000 0.419124 0.223306 0.223306 0.223306
5941.498535 0.000000 319.898071 0.000000 0.286666 0.000000 0.958031 0.220799 0.220799 0.220799
5942.213379 0.000000 325.427185 0.000000 0.088863 0.000000 0.996044 0.213370 0.213370 0.213370
5946.732422 0.000000 336.094818 0.000000 0.964910 0.000000 0.262582 0.231080 0.231080 0.231080
5918.429688 0.000000 307.596863 0.000000 0.721325 0.000000 0.692597 0.243807 0.243807 0.243807
5941.040527 0.000000 311.069336 0.000000 0.401070 0.000000 0.916048 0.230525 0.230525 0.230525
5944.531250 0.000000 337.882812 0.000000 0.717902 0.000000 0.696144 0.232520 0.232520 0.232520
5942.250977 0.000000 310.185150 0.000000 0.975191 0.000000 0.221364 0.261614 0.261614 0.261614
5920.099609 0.000000 319.241455 0.000000 0.938317 0.000000 0.345777 0.259703 0.259703 0.259703
5925.208008 0.000000 308.461212 0.000000 0.967383 0.000000 0.253320 0.252430 0.252430 0.252430
5921.452148 0.000000 319.965637 0.000000 0.240669 0.000000 0.970607 0.237385 0.237385 0.237385
5943.635742 0.000000 314.705353 0.000000 0.999262 0.000000 0.038404 0.282447 0.282447 0.282447
5941.027344 0.000000 313.938934 0.000000 0.885657 0.000000 0.464339 0.263668 0.263668 0.263668
5922.804199 0.000000 306.404083 0.000000 0.527636 0.000000 0.849471 0.257190 0.257190 0.257190
5937.428223 0.000000 332.357025 0.000000 0.646810 0.000000 0.762651 0.252372 0.252372 0.252372
5920.286133 0.000000 307.300079 0.000000 0.948650 0.000000 0.316326 0.272815 0.272815 0.272815
5923.054199 0.000000 323.251190 0.000000 0.508983 0.000000 0.860777 0.274424 0.274424 0.274424
5920.381836 0.000000 309.601074 0.000000 0.908307 0.000000 0.418305 0.276928 0.276928 0.276928
5933.862305 0.000000 334.799957 0.000000 0.485368 0.000000 0.874310 0.289680 0.289680 0.289680
5919.321777 0.000000 320.027161 0.000000 0.852447 0.000000 0.522814 0.312353 0.312353 0.312353
5917.504883 0.000000 323.480469 0.000000 0.999057 0.000000 0.043409 0.350904 0.350904 0.350904
5918.477539 0.000000 322.961517 0.000000 0.051258 0.000000 0.998685 0.300406 0.300406 0.300406
5916.635742 0.000000 322.049988 0.000000 0.815324 0.000000 0.579004 0.323967 0.323967 0.323967
6006.117188 0.000000 289.443298 0.000000 0.096215 0.000000 0.995361 0.189141 0.189141 0.189141
6014.612305 0.000000 334.062164 0.000000 0.887074 0.000000 0.461628 0.196107 0.196107 0.196107
5993.764648 0.000000 310.746094 0.000000 0.124128 0.000000 0.992266 0.188806 0.188806 0.188806
5988.219727 0.000000 322.579376 0.000000 0.636760 0.000000 0.771062 0.192856 0.192856 0.192856
5996.877441 0.000000 316.208862 0.000000 0.810307 0.000000 0.586005 0.195076 0.195076 0.195076
5952.205078 0.000000 304.840546 0.000000 0.743994 0.000000 0.668186 0.193971 0.193971 0.193971
5969.116211 0.000000 329.669373 0.000000 0.231080 0.000000 0.972935 0.188145 0.188145 0.188145
6004.969238 0.000000 286.779724 0.000000 0.634282 0.000000 0.773101 0.192042 0.192042 0.192042
5954.786133 0.000000 317.322540 0.000000 0.983767 0.000000 0.179448 0.199909 0.199909 0.199909
5952.974121 0.000000 295.129639 0.000000 0.865746 0.000000 0.500484 0.197560 0.197560 0.197560
5968.405273 0.000000 319.976959 0.000000 0.520698 0.000000 0.853741 0.197225 0.197225 0.197225
5956.637695 0.000000 300.994690 0.000000 0.307890 0.000000 0.951422 0.198178 0.198178 0.198178
5981.193848 0.000000 308.632996 0.000000 0.917324 0.000000 0.398141 0.204972 0.204972 0.204972
5992.581055 0.000000 312.686249 0.000000 0.648450 0.000000 0.761257 0.202768 0.202768 0.202768
5952.164062 0.000000 338.760956 0.000000 0.169415 0.000000 0.985545 0.197356 0.197356 0.197356
5971.258789 0.000000 321.315399 0.000000 0.201234 0.000000 0.979543 0.198593 0.198593 0.198593
5995.536621 0.000000 295.984955 0.000000 0.261370 0.000000 0.965239 0.196743 0.196743 0.196743
6011.060547 0.000000 325.014160 0.000000 0.881870 0.000000 0.471493 0.212261 0.212261 0.212261
5992.552734 0.000000 335.273010 0.000000 0.999524 0.000000 0.030838 0.211410 0.211410 0.211410
5998.326660 0.000000 293.539948 0.000000 0.758202 0.000000 0.652020 0.208502 0.208502 0.208502
5952.668457 0.000000 300.192291 0.000000 0.914554 0.000000 0.404463 0.217348 0.217348 0.217348
5974.645996 0.000000 313.087616 0.000000 0.974184 0.000000 0.225756 0.214525 0.214525 0.214525
6005.305176 0.000000 296.072784 0.000000 0.002901 0.000000 0.999996 0.195367 0.195367 0.195367
5976.739258 0.000000 310.991058 0.000000 0.600469 0.000000 0.799648 0.204865 0.204865 0.204865
6007.633301 0.000000 301.139740 0.000000 0.517070 0.000000 0.855943 0.205458 0.205458 0.205458
6008.590820 0.000000 336.332581 0.000000 0.647318 0.000000 0.762220 0.218759 0.218759 0.218759
6001.127930 0.000000 284.249695 0.000000 0.905368 0.000000 0.424628 0.235484 0.235484 0.235484
5973.837891 0.000000 327.369171 0.000000 0.951046 0.000000 0.309049 0.235558 0.235558 0.235558
5979.705566 0.000000 322.460724 0.000000 0.870122 0.000000 0.492836 0.229131 0.229131 0.229131
5974.173340 0.000000 321.763397 0.000000 0.937495 0.000000 0.347998 0.239009 0.239009 0.239009
6002.333496 0.000000 321.358459 0.000000 0.030279 0.000000 0.999541 0.220040 0.220040 0.220040
6004.959961 0.000000 332.480927 0.000000 0.274679 0.000000 0.961536 0.222218 0.222218 0.222218
5972.010742 0.000000 326.631226 0.000000 0.212472 0.000000 0.977167 0.217846 0.217846 0.217846
5989.460449 0.000000 313.757111 0.000000 0.093536 0.000000 0.995616 0.221987 0.221987 0.221987
5975.844727 0.000000 329.942474 0.000000 0.698909 0.000000 0.715211 0.231098 0.231098 0.231098
6011.144043 0.000000 334.611542 0.000000 0.101431 0.000000 0.994843 0.219827 0.219827 0.219827
5973.261719 0.000000 329.582733 0.000000 0.419028 0.000000 0.907974 0.225831 0.225831 0.225831
5981.201660 0.000000 315.088470 0.000000 0.087445 0.000000 0.996169 0.219572 0.219572 0.219572
5984.099609 0.000000 319.241455 0.000000 0.895009 0.000000 0.446048 0.260194 0.260194 0.260194
5952.313965 0.000000 332.163940 0.000000 0.043916 0.000000 0.999035 0.222551 0.222551 0.222551
6007.190918 0.000000 324.312439 0.000000 0.984837 0.000000 0.173482 0.268091 0.268091 0.268091
6005.702637 0.000000 300.258820 0.000000 0.525412 0.000000 0.850848 0.243633 0.243633 0.243633
5952.096680 0.000000 322.459320 0.000000 0.990408 0.000000 0.138173 0.287334 0.287334 0.287334
5953.603027 0.000000 316.375244 0.000000 0.598896 0.000000 0.800827 0.246523 0.246523 0.246523
5982.441895 0.000000 294.385956 0.000000 0.107876 0.000000 0.994164 0.242265 0.242265 0.242265
6006.159668 0.000000 333.068604 0.000000 0.224631 0.000000 0.974444 0.245331 0.245331 0.245331
5953.161133 0.000000 321.701996 0.000000 0.985311 0.000000 0.170772 0.304547 0.304547 0.304547
6003.522461 0.000000 299.108337 0.000000 0.129763 0.000000 0.991545 0.250628 0.250628 0.250628
5986.885254 0.000000 312.006622 0.000000 0.988494 0.000000 0.151263 0.283725 0.283725 0.283725
5986.075684 0.000000 313.683197 0.000000 0.904560 0.000000 0.426347 0.275686 0.275686 0.275686
5985.111816 0.000000 315.941467 0.000000 0.903596 0.000000 0.428386 0.299274 0.299274 0.299274
5984.142090 0.000000 296.139832 0.000000 0.904404 0.000000 0.426677 0.283603 0.283603 0.283603
6002.104492 0.000000 327.135559 0.000000 0.796815 0.000000 0.604223 0.289286 0.289286 0.289286
5952.026367 0.000000 319.538971 0.000000 0.479244 0.000000 0.877682 0.269340 0.269340 0.269340
6009.562012 0.000000 330.715759 0.000000 0.062249 0.000000 0.998061 0.248659 0.248659 0.248659
5989.938965 0.000000 317.823151 0.000000 0.208424 0.000000 0.978039 0.274373 0.274373 0.274373
5991.327637 0.000000 316.266785 0.000000 0.850721 0.000000 0.525617 0.286866 0.286866 0.286866
6005.240234 0.000000 324.664734 0.000000 0.251514 0.000000 0.967854 0.275414 0.275414 0.275414
6007.960938 0.000000 328.578613 0.000000 0.552998 0.000000 0.833182 0.279400 0.279400 0.279400
5984.597168 0.000000 311.854004 0.000000 0.827005 0.000000 0.562195 0.294773 0.294773 0.294773
5983.837402 0.000000 289.230255 0.000000 0.930711 0.000000 0.365754 0.298673 0.298673 0.298673
5986.780762 0.000000 294.091858 0.000000 0.153079 0.000000 0.988214 0.277269 0.277269 0.277269
5985.961426 0.000000 292.233185 0.000000 0.992763 0.000000 0.120094 0.361266 0.361266 0.361266
6079.291016 0.000000 226.342575 0.000000 0.527525 0.000000 0.849540 0.192651 0.192651 0.192651
6075.669434 0.000000 245.642395 0.000000 0.642176 0.000000 0.766558 0.192695 0.192695 0.192695
6059.597168 0.000000 227.961975 0.000000 0.955947 0.000000 0.293541 0.201954 0.201954 0.201954
6020.637695 0.000000 244.510300 0.000000 0.671270 0.000000 0.741213 0.204081 0.204081 0.204081
6075.596680 0.000000 242.463928 0.000000 0.720915 0.000000 0.693023 0.205874 0.205874 0.205874
6027.910645 0.000000 253.620453 0.000000 0.618778 0.000000 0.785565 0.199480 0.199480 0.199480
6078.677246 0.000000 228.483551 0.000000 0.571485 0.000000 0.820612 0.200697 0.200697 0.200697
6073.361328 0.000000 238.726761 0.000000 0.818819 0.000000 0.574052 0.210733 0.210733 0.210733
6024.026367 0.000000 280.391907 0.000000 0.520958 0.000000 0.853582 0.206430 0.206430 0.206430
6071.476074 0.000000 237.832764 0.000000 0.531052 0.000000 0.847339 0.216567 0.216567 0.216567
6022.066895 0.000000 259.072998 0.000000 0.803236 0.000000 0.595660 0.223215 0.223215 0.223215
6077.495117 0.000000 245.097717 0.000000 0.183863 0.000000 0.982952 0.204261 0.204261 0.204261
6072.123047 0.000000 229.281052 0.000000 0.934721 0.000000 0.355381 0.227451 0.227451 0.227451
6025.975098 0.000000 263.449585 0.000000 0.756647 0.000000 0.653824 0.221101 0.221101 0.221101
6072.204590 0.000000 236.198364 0.000000 0.999983 0.000000 0.005872 0.238558 0.238558 0.238558
6079.180664 0.000000 232.038925 0.000000 0.876923 0.000000 0.480631 0.242398 0.242398 0.242398
6066.757324 0.000000 227.285706 0.000000 0.370035 0.000000 0.929018 0.225701 0.225701 0.225701
6079.487793 0.000000 242.265656 0.000000 0.020835 0.000000 0.999783 0.222104 0.222104 0.222104
6069.819336 0.000000 234.563248 0.000000 0.301386 0.000000 0.953502 0.216911 0.216911 0.216911
6070.518555 0.000000 229.626556 0.000000 0.011697 0.000000 0.999932 0.215169 0.215169 0.215169
6077.523438 0.000000 239.522934 0.000000 0.995532 0.000000 0.094424 0.250271 0.250271 0.250271
6077.121582 0.000000 242.162506 0.000000 0.999947 0.000000 0.010291 0.249666 0.249666 0.249666
6067.249023 0.000000 230.347733 0.000000 0.999925 0.000000 0.012207 0.249630 0.249630 0.249630
6070.014648 0.000000 231.457596 0.000000 0.153664 0.000000 0.988123 0.223131 0.223131 0.223131
6069.482910 0.000000 227.259659 0.000000 0.530796 0.000000 0.847499 0.227258 0.227258 0.227258
6019.273438 0.000000 250.770721 0.000000 0.713836 0.000000 0.700312 0.253679 0.253679 0.253679
6023.681641 0.000000 264.855560 0.000000 0.966388 0.000000 0.257089 0.263937 0.263937 0.263937
6074.513184 0.000000 239.633911 0.000000 0.626280 0.000000 0.779598 0.234798 0.234798 0.234798
6020.866211 0.000000 249.895966 0.000000 0.073862 0.000000 0.997268 0.226886 0.226886 0.226886
6102.909180 0.000000 236.937332 0.000000 0.609315 0.000000 0.792928 0.191735 0.191735 0.191735
6104.281738 0.000000 247.952682 0.000000 0.873402 0.000000 0.487000 0.212037 0.212037 0.212037
6091.945801 0.000000 248.006027 0.000000 0.235439 0.000000 0.971889 0.196435 0.196435 0.196435
6100.672363 0.000000 245.494843 0.000000 0.908889 0.000000 0.417039 0.216130 0.216130 0.216130
6097.646484 0.000000 245.262329 0.000000 0.674230 0.000000 0.738521 0.208903 0.208903 0.208903
6080.520996 0.000000 245.707550 0.000000 0.696127 0.000000 0.717919 0.236602 0.236602 0.236602
6098.442871 0.000000 242.316620 0.000000 0.300488 0.000000 0.953785 0.227607 0.227607 0.227607
6083.807617 0.000000 233.739334 0.000000 0.663029 0.000000 0.748594 0.235729 0.235729 0.235729
6087.353027 0.000000 238.638809 0.000000 0.499305 0.000000 0.866427 0.224848 0.224848 0.224848
6089.291016 0.000000 242.730789 0.000000 0.985373 0.000000 0.170412 0.243390 0.243390 0.243390
6094.208008 0.000000 237.186035 0.000000 0.966957 0.000000 0.254938 0.241819 0.241819 0.241819
6100.786621 0.000000 243.273422 0.000000 0.852495 0.000000 0.522736 0.241455 0.241455 0.241455
6105.591309 0.000000 243.919250 0.000000 0.418875 0.000000 0.908044 0.228375 0.228375 0.228375
6097.973633 0.000000 240.858887 0.000000 0.413055 0.000000 0.910706 0.229941 0.229941 0.229941
6081.194336 0.000000 235.211838 0.000000 0.701219 0.000000 0.712945 0.236740 0.236740 0.236740
6096.717773 0.000000 238.274643 0.000000 0.948029 0.000000 0.318185 0.245834 0.245834 0.245834
6086.925293 0.000000 234.034729 0.000000 0.248689 0.000000 0.968583 0.226565 0.226565 0.226565
6085.821289 0.000000 243.543747 0.000000 0.985066 0.000000 0.172179 0.247673 0.247673 0.247673
6032.687988 0.000000 317.607025 0.000000 0.253903 0.000000 0.967230 0.187533 0.187533 0.187533
6018.854492 0.000000 329.968811 0.000000 0.986424 0.000000 0.164218 0.203332 0.203332 0.203332
6023.852051 0.000000 319.599365 0.000000 0.625409 0.000000 0.780298 0.194807 0.194807 0.194807
6018.305176 0.000000 283.771729 0.000000 0.790519 0.000000 0.612438 0.216038 0.216038 0.216038
6030.853027 0.000000 299.323669 0.000000 0.904592 0.000000 0.426278 0.215995 0.215995 0.215995
6028.231934 0.000000 285.258423 0.000000 0.976107 0.000000 0.217291 0.227531 0.227531 0.227531
6027.861328 0.000000 297.091400 0.000000 0.752860 0.000000 0.658181 0.219084 0.219084 0.219084
6018.331055 0.000000 322.367676 0.000000 0.326858 0.000000 0.945074 0.221536 0.221536 0.221536
6020.483398 0.000000 316.851746 0.000000 0.341563 0.000000 0.939859 0.215909 0.215909 0.215909
6022.638672 0.000000 291.974792 0.000000 0.198924 0.000000 0.980015 0.221618 0.221618 0.221618
6023.856445 0.000000 327.103577 0.000000 0.692990 0.000000 0.720947 0.228152 0.228152 0.228152
6029.010254 0.000000 316.446106 0.000000 0.510538 0.000000 0.859855 0.241537 0.241537 0.241537
6018.917480 0.000000 315.851318 0.000000 0.209035 0.000000 0.977908 0.226565 0.226565 0.226565
6016.003906 0.000000 324.501801 0.000000 0.995736 0.000000 0.092253 0.289756 0.289756 0.289756
6029.583496 0.000000 315.190796 0.000000 0.284863 0.000000 0.958568 0.249983 0.249983 0.249983
6025.015625 0.000000 314.403900 0.000000 0.999830 0.000000 0.018453 0.285211 0.285211 0.285211
6029.189453 0.000000 310.462555 0.000000 0.399929 0.000000 0.916546 0.254083 0.254083 0.254083
6023.816406 0.000000 312.885040 0.000000 0.072536 0.000000 0.997366 0.254334 0.254334 0.254334
6017.285645 0.000000 311.533875 0.000000 0.992277 0.000000 0.124039 0.283406 0.283406 0.283406
6028.303711 0.000000 311.376190 0.000000 0.064717 0.000000 0.997904 0.244624 0.244624 0.244624
6019.393555 0.000000 309.920502 0.000000 0.496230 0.000000 0.868191 0.282525 0.282525 0.282525
6022.449219 0.000000 314.391876 0.000000 0.475516 0.000000 0.879707 0.264439 0.264439 0.264439
6022.064453 0.000000 306.596802 0.000000 0.991918 0.000000 0.126879 0.300648 0.300648 0.300648
6025.617676 0.000000 309.101349 0.000000 0.903035 0.000000 0.429566 0.310915 0.310915 0.310915
6135.879395 0.000000 325.616699 0.000000 0.765508 0.000000 0.643427 0.193718 0.193718 0.193718
6138.085938 0.000000 329.580475 0.000000 0.098152 0.000000 0.995171 0.192315 0.192315 0.192315
6139.060547 0.000000 325.014160 0.000000 0.321840 0.000000 0.946794 0.201851 0.201851 0.201851
6141.135254 0.000000 325.148529 0.000000 0.999601 0.000000 0.028240 0.250441 0.250441 0.250441
6142.039551 0.000000 322.882141 0.000000 0.758012 0.000000 0.652241 0.238349 0.238349 0.238349
6096.322266 0.000000 332.592133 0.000000 0.940303 0.000000 0.340339 0.305655 0.305655 0.305655
6091.246582 0.000000 337.149841 0.000000 0.824922 0.000000 0.565247 0.324755 0.324755 0.324755
6090.462402 0.000000 335.090088 0.000000 0.959984 0.000000 0.280055 0.340638 0.340638 0.340638
6090.263672 0.000000 333.134155 0.000000 0.843588 0.000000 0.536991 0.306107 0.306107 0.306107
6092.608887 0.000000 330.433655 0.000000 0.182866 0.000000 0.983138 0.274664 0.274664 0.274664
6096.040527 0.000000 334.776398 0.000000 0.648741 0.000000 0.761009 0.312361 0.312361 0.312361
6094.682129 0.000000 333.334900 0.000000 0.998818 0.000000 0.048617 0.383703 0.383703 0.383703
6095.296387 0.000000 338.444672 0.000000 0.496560 0.000000 0.868002 0.325616 0.325616 0.325616
6092.916992 0.000000 333.746735 0.000000 0.303562 0.000000 0.952812 0.303954 0.303954 0.303954
6095.484375 0.000000 332.250427 0.000000 0.786914 0.000000 0.617063 0.347567 0.347567 0.347567
5939.521484 0.000000 366.915100 0.000000 0.332936 0.000000 0.942949 0.191085 0.191085 0.191085
5950.127441 0.000000 356.346222 0.000000 0.287993 0.000000 0.957633 0.190104 0.190104 0.190104
5901.333984 0.000000 343.235626 0.000000 0.705711 0.000000 0.708499 0.194201 0.194201 0.194201
5899.937012 0.000000 371.675629 0.000000 0.570292 0.000000 0.821442 0.192540 0.192540 0.192540
5943.430664 0.000000 352.783295 0.000000 0.993325 0.000000 0.115353 0.199076 0.199076 0.199076
5912.763672 0.000000 369.637421 0.000000 0.615697 0.000000 0.787983 0.192070 0.192070 0.192070
5899.346680 0.000000 386.870270 0.000000 0.983159 0.000000 0.182752 0.203137 0.203137 0.203137
5890.854492 0.000000 386.453186 0.000000 0.035520 0.000000 0.999369 0.191629 0.191629 0.191629
5906.931641 0.000000 370.232452 0.000000 0.771938 0.000000 0.635698 0.198894 0.198894 0.198894
5899.600586 0.000000 344.628052 0.000000 0.693629 0.000000 0.720332 0.205407 0.205407 0.205407
5897.306152 0.000000 364.580872 0.000000 0.961408 0.000000 0.275125 0.212823 0.212823 0.212823
5921.051758 0.000000 371.097748 0.000000 0.887466 0.000000 0.460874 0.209338 0.209338 0.209338
5945.361328 0.000000 351.695496 0.000000 0.769171 0.000000 0.639043 0.205764 0.205764 0.205764
5928.272949 0.000000 389.121887 0.000000 0.090270 0.000000 0.995917 0.203798 0.203798 0.203798
5910.645996 0.000000 369.571991 0.000000 0.164293 0.000000 0.986412 0.195600 0.195600 0.195600
5938.491699 0.000000 362.546509 0.000000 0.922571 0.000000 0.385827 0.213464 0.213464 0.213464
5935.569336 0.000000 339.009430 0.000000 0.751289 0.000000 0.659974 0.214210 0.214210 0.214210
5896.096191 0.000000 341.091248 0.000000 0.781243 0.000000 0.624227 0.211905 0.211905 0.211905
5897.040527 0.000000 380.430817 0.000000 0.011562 0.000000 0.999933 0.210564 0.210564 0.210564
5922.989746 0.000000 371.120636 0.000000 0.792581 0.000000 0.609767 0.222942 0.222942 0.222942
5939.232422 0.000000 358.260162 0.000000 0.996291 0.000000 0.086045 0.243834 0.243834 0.243834
5893.147461 0.000000 392.895416 0.000000 0.169688 0.000000 0.985498 0.219495 0.219495 0.219495
5918.604492 0.000000 372.186401 0.000000 0.843920 0.000000 0.536469 0.237205 0.237205 0.237205
5951.198730 0.000000 373.926331 0.000000 0.855408 0.000000 0.517955 0.227658 0.227658 0.227658
5939.356445 0.000000 361.081604 0.000000 0.998732 0.000000 0.050338 0.238932 0.238932 0.238932
5949.962402 0.000000 384.694305 0.000000 0.638311 0.000000 0.769778 0.230550 0.230550 0.230550
5918.635254 0.000000 383.469543 0.000000 0.152281 0.000000 0.988337 0.217600 0.217600 0.217600
5929.330078 0.000000 380.067932 0.000000 0.430989 0.000000 0.902357 0.242023 0.242023 0.242023
5893.392090 0.000000 388.646057 0.000000 0.905349 0.000000 0.424668 0.248673 0.248673 0.248673
5897.455566 0.000000 343.673309 0.000000 0.997745 0.000000 0.067118 0.243070 0.243070 0.243070
5935.481934 0.000000 386.464325 0.000000 0.432821 0.000000 0.901480 0.241243 0.241243 0.241243
5906.551758 0.000000 350.798798 0.000000 0.318769 0.000000 0.947833 0.243973 0.243973 0.243973
5915.274902 0.000000 381.526215 0.000000 0.389419 0.000000 0.921061 0.249023 0.249023 0.249023
5930.936523 0.000000 391.406555 0.000000 0.990174 0.000000 0.139840 0.246126 0.246126 0.246126
5928.255371 0.000000 383.792938 0.000000 0.390739 0.000000 0.920501 0.241012 0.241012 0.241012
5935.452637 0.000000 388.885376 0.000000 0.971852 0.000000 0.235594 0.269739 0.269739 0.269739
5949.805664 0.000000 374.552643 0.000000 0.605360 0.000000 0.795952 0.235180 0.235180 0.235180
5900.990723 0.000000 355.908508 0.000000 0.975048 0.000000 0.221993 0.281719 0.281719 0.281719
5902.922852 0.000000 369.126892 0.000000 0.439645 0.000000 0.898171 0.243894 0.243894 0.243894
5907.060547 0.000000 366.116821 0.000000 0.326204 0.000000 0.945299 0.236235 0.236235 0.236235
5951.099609 0.000000 381.867493 0.000000 0.484708 0.000000 0.874676 0.258294 0.258294 0.258294
5895.451660 0.000000 386.624023 0.000000 0.929836 0.000000 0.367974 0.295586 0.295586 0.295586
5904.687012 0.000000 365.020111 0.000000 0.649214 0.000000 0.760606 0.264751 0.264751 0.264751
5905.509277 0.000000 366.276733 0.000000 0.769183 0.000000 0.639029 0.268644 0.268644 0.268644
5915.110840 0.000000 376.515625 0.000000 0.999916 0.000000 0.012997 0.270841 0.270841 0.270841
5896.949707 0.000000 385.114655 0.000000 0.999954 0.000000 0.009597 0.296629 0.296629 0.296629
5919.658691 0.000000 374.439911 0.000000 0.999822 0.000000 0.018875 0.282969 0.282969 0.282969
5900.303711 0.000000 367.860565 0.000000 0.073443 0.000000 0.997299 0.252362 0.252362 0.252362
5948.154785 0.000000 379.006012 0.000000 0.615323 0.000000 0.788275 0.259215 0.259215 0.259215
5902.840820 0.000000 366.700623 0.000000 0.900257 0.000000 0.435358 0.293137 0.293137 0.293137
5901.854004 0.000000 351.273651 0.000000 0.519558 0.000000 0.854435 0.286648 0.286648 0.286648
5905.984375 0.000000 348.539825 0.000000 0.913562 0.000000 0.406699 0.308961 0.308961 0.308961
5894.215332 0.000000 382.249146 0.000000 0.852424 0.000000 0.522851 0.295493 0.295493 0.295493
5932.969727 0.000000 382.725159 0.000000 0.940166 0.000000 0.340716 0.301608 0.301608 0.301608
5904.389648 0.000000 353.843170 0.000000 0.288295 0.000000 0.957542 0.291007 0.291007 0.291007
5902.162598 0.000000 353.651459 0.000000 0.996821 0.000000 0.079673 0.368819 0.368819 0.368819
5900.104980 0.000000 350.301819 0.000000 0.938324 0.000000 0.345758 0.312472 0.312472 0.312472
5930.775879 0.000000 383.026459 0.000000 0.979782 0.000000 0.200071 0.322512 0.322512 0.322512
5903.711426 0.000000 348.763153 0.000000 0.997273 0.000000 0.073797 0.336350 0.336350 0.336350
5905.590820 0.000000 350.795258 0.000000 0.673100 0.000000 0.739551 0.313071 0.313071 0.313071
5989.084961 0.000000 353.703857 0.000000 0.051727 0.000000 0.998661 0.189571 0.189571 0.189571
6006.872070 0.000000 385.240662 0.000000 0.455755 0.000000 0.890105 0.192191 0.192191 0.192191
6010.107422 0.000000 394.106659 0.000000 0.667224 0.000000 0.744857 0.192448 0.192448 0.192448
6007.542480 0.000000 362.036041 0.000000 0.659788 0.000000 0.751452 0.194299 0.194299 0.194299
6003.473145 0.000000 379.284119 0.000000 0.851653 0.000000 0.524106 0.197285 0.197285 0.197285
6015.545410 0.000000 370.865356 0.000000 0.700926 0.000000 0.713234 0.202633 0.202633 0.202633
5996.874023 0.000000 383.895477 0.000000 0.395288 0.000000 0.918557 0.199270 0.199270 0.199270
5956.386230 0.000000 349.323273 0.000000 0.657670 0.000000 0.753306 0.204817 0.204817 0.204817
6002.636719 0.000000 349.360565 0.000000 0.529284 0.000000 0.848445 0.203804 0.203804 0.203804
5997.660156 0.000000 370.856567 0.000000 0.033508 0.000000 0.999438 0.197366 0.197366 0.197366
5961.185059 0.000000 382.441467 0.000000 0.248092 0.000000 0.968736 0.208524 0.208524 0.208524
5999.881836 0.000000 351.638763 0.000000 0.591246 0.000000 0.806491 0.209378 0.209378 0.209378
6004.512207 0.000000 348.760651 0.000000 0.796387 0.000000 0.604788 0.223039 0.223039 0.223039
6007.086426 0.000000 375.522552 0.000000 0.993736 0.000000 0.111753 0.234613 0.234613 0.234613
6005.498535 0.000000 376.382446 0.000000 0.949951 0.000000 0.312400 0.225000 0.225000 0.225000
6011.648926 0.000000 360.418976 0.000000 0.106776 0.000000 0.994283 0.218371 0.218371 0.218371
6002.333496 0.000000 377.842834 0.000000 0.629146 0.000000 0.777287 0.223015 0.223015 0.223015
6001.404785 0.000000 358.364380 0.000000 0.885967 0.000000 0.463749 0.242768 0.242768 0.242768
6000.528809 0.000000 359.787231 0.000000 0.865120 0.000000 0.501565 0.241932 0.241932 0.241932
5956.650391 0.000000 376.682312 0.000000 0.103848 0.000000 0.994593 0.221414 0.221414 0.221414
6013.121582 0.000000 355.131256 0.000000 0.271784 0.000000 0.962358 0.226221 0.226221 0.226221
6004.391602 0.000000 375.361267 0.000000 0.817955 0.000000 0.575283 0.248945 0.248945 0.248945
6008.549805 0.000000 360.882050 0.000000 0.687783 0.000000 0.725917 0.233605 0.233605 0.233605
5999.751465 0.000000 376.466400 0.000000 0.860692 0.000000 0.509127 0.263372 0.263372 0.263372
6010.513184 0.000000 352.602661 0.000000 0.326617 0.000000 0.945157 0.228958 0.228958 0.228958
5954.358887 0.000000 346.553406 0.000000 0.796481 0.000000 0.604663 0.254816 0.254816 0.254816
5952.036621 0.000000 383.933594 0.000000 0.934363 0.000000 0.356322 0.275774 0.275774 0.275774
6006.872070 0.000000 359.291626 0.000000 0.405587 0.000000 0.914056 0.256618 0.256618 0.256618
5952.036621 0.000000 385.501465 0.000000 0.483034 0.000000 0.875601 0.241680 0.241680 0.241680
6010.884277 0.000000 354.189789 0.000000 0.778121 0.000000 0.628115 0.257871 0.257871 0.257871
5997.534668 0.000000 373.927765 0.000000 0.954700 0.000000 0.297571 0.266068 0.266068 0.266068
5996.932129 0.000000 376.094879 0.000000 0.681913 0.000000 0.731433 0.283413 0.283413 0.283413
6008.881836 0.000000 350.429688 0.000000 0.693525 0.000000 0.720433 0.259298 0.259298 0.259298
6003.522461 0.000000 355.592712 0.000000 0.074988 0.000000 0.997184 0.261593 0.261593 0.261593
5956.023926 0.000000 385.957458 0.000000 0.280237 0.000000 0.959931 0.251359 0.251359 0.251359
6008.202637 0.000000 355.862854 0.000000 0.968497 0.000000 0.249024 0.307033 0.307033 0.307033
5958.432129 0.000000 384.798828 0.000000 0.542406 0.000000 0.840116 0.258499 0.258499 0.258499
6004.518555 0.000000 357.987488 0.000000 0.971506 0.000000 0.237014 0.288642 0.288642 0.288642
5953.581055 0.000000 374.150116 0.000000 0.815538 0.000000 0.578703 0.303227 0.303227 0.303227
5997.685059 0.000000 375.125946 0.000000 0.335326 0.000000 0.942102 0.275942 0.275942 0.275942
6009.149414 0.000000 355.011902 0.000000 0.332841 0.000000 0.942983 0.272252 0.272252 0.272252
5953.178223 0.000000 346.525909 0.000000 0.813314 0.000000 0.581826 0.275354 0.275354 0.275354
6007.320801 0.000000 392.651794 0.000000 0.566440 0.000000 0.824103 0.279966 0.279966 0.279966
6006.640625 0.000000 350.144501 0.000000 0.946436 0.000000 0.322893 0.312395 0.312395 0.312395
6005.308105 0.000000 353.659058 0.000000 0.125286 0.000000 0.992121 0.285719 0.285719 0.285719
5946.875000 0.000000 395.545105 0.000000 0.943801 0.000000 0.330515 0.197435 0.197435 0.197435
5910.302246 0.000000 400.444672 0.000000 0.466402 0.000000 0.884573 0.191463 0.191463 0.191463
5898.276367 0.000000 415.998047 0.000000 0.334969 0.000000 0.942229 0.190180 0.190180 0.190180
5945.786621 0.000000 399.915436 0.000000 0.882530 0.000000 0.470255 0.195967 0.195967 0.195967
5900.396484 0.000000 407.898376 0.000000 0.909163 0.000000 0.416441 0.196193 0.196193 0.196193
5890.759766 0.000000 404.505219 0.000000 0.691926 0.000000 0.721969 0.195708 0.195708 0.195708
5905.307129 0.000000 406.336548 0.000000 0.904658 0.000000 0.426139 0.197358 0.197358 0.197358
5896.162109 0.000000 415.111420 0.000000 0.512674 0.000000 0.858584 0.195268 0.195268 0.195268
5910.294922 0.000000 402.863708 0.000000 0.349519 0.000000 0.936929 0.200459 0.200459 0.200459
5947.533691 0.000000 400.965454 0.000000 0.716400 0.000000 0.697690 0.212546 0.212546 0.212546
5915.871582 0.000000 415.458069 0.000000 0.794293 0.000000 0.607535 0.219070 0.219070 0.219070
5927.815430 0.000000 404.944336 0.000000 0.433985 0.000000 0.900920 0.227839 0.227839 0.227839
5910.760742 0.000000 404.595032 0.000000 0.313616 0.000000 0.949550 0.214597 0.214597 0.214597
5920.706543 0.000000 399.539856 0.000000 0.995396 0.000000 0.095843 0.232673 0.232673 0.232673
5912.543945 0.000000 405.568146 0.000000 0.139376 0.000000 0.990240 0.226714 0.226714 0.226714
5920.356445 0.000000 407.757477 0.000000 0.578601 0.000000 0.815611 0.230971 0.230971 0.230971
5946.833496 0.000000 398.656128 0.000000 0.756110 0.000000 0.654444 0.244896 0.244896 0.244896
5949.398438 0.000000 397.252411 0.000000 0.883361 0.000000 0.468692 0.271423 0.271423 0.271423
5951.877441 0.000000 398.510590 0.000000 0.913329 0.000000 0.407223 0.299107 0.299107 0.299107
5893.138184 0.000000 410.825989 0.000000 0.827103 0.000000 0.562050 0.263714 0.263714 0.263714
5890.951172 0.000000 417.491516 0.000000 0.926453 0.000000 0.376412 0.286266 0.286266 0.286266
5914.409180 0.000000 408.246979 0.000000 0.533554 0.000000 0.845766 0.283353 0.283353 0.283353
5888.212402 0.000000 419.030731 0.000000 0.963088 0.000000 0.269186 0.291801 0.291801 0.291801
5907.792969 0.000000 412.058197 0.000000 0.938836 0.000000 0.344365 0.279181 0.279181 0.279181
5890.538086 0.000000 419.208557 0.000000 0.971597 0.000000 0.236643 0.285504 0.285504 0.285504
5890.523926 0.000000 415.891754 0.000000 0.968570 0.000000 0.248739 0.325692 0.325692 0.325692
5915.520020 0.000000 408.568451 0.000000 0.939228 0.000000 0.343293 0.307552 0.307552 0.307552
5917.687012 0.000000 408.245667 0.000000 0.605571 0.000000 0.795791 0.270806 0.270806 0.270806
5889.153809 0.000000 414.199738 0.000000 0.995143 0.000000 0.098444 0.334211 0.334211 0.334211
5912.133789 0.000000 411.855896 0.000000 0.660447 0.000000 0.750873 0.299200 0.299200 0.299200
5888.006348 0.000000 412.154205 0.000000 0.952628 0.000000 0.304138 0.325322 0.325322 0.325322
5913.368652 0.000000 410.678558 0.000000 0.996980 0.000000 0.077658 0.330718 0.330718 0.330718
5949.491699 0.000000 398.330933 0.000000 0.997239 0.000000 0.074265 0.329763 0.329763 0.329763
5891.206055 0.000000 412.448944 0.000000 0.136679 0.000000 0.990615 0.282691 0.282691 0.282691
5968.310547 0.000000 420.185242 0.000000 0.160217 0.000000 0.987082 0.188736 0.188736 0.188736
6001.495117 0.000000 395.490662 0.000000 0.355557 0.000000 0.934655 0.188848 0.188848 0.188848
5963.346680 0.000000 443.354645 0.000000 0.917280 0.000000 0.398243 0.198705 0.198705 0.198705
5960.162109 0.000000 415.111420 0.000000 0.457592 0.000000 0.889162 0.194603 0.194603 0.194603
5952.013672 0.000000 399.913361 0.000000 0.504404 0.000000 0.863468 0.203447 0.203447 0.203447
5971.108398 0.000000 405.367767 0.000000 0.994965 0.000000 0.100223 0.227111 0.227111 0.227111
6015.487793 0.000000 411.718781 0.000000 0.801605 0.000000 0.597854 0.225130 0.225130 0.225130
5972.698242 0.000000 400.574646 0.000000 0.938125 0.000000 0.346298 0.246291 0.246291 0.246291
6013.523438 0.000000 408.976044 0.000000 0.949284 0.000000 0.314420 0.237556 0.237556 0.237556
6006.872070 0.000000 415.776001 0.000000 0.969185 0.000000 0.246333 0.276824 0.276824 0.276824
5972.915039 0.000000 403.112549 0.000000 0.860672 0.000000 0.509160 0.258492 0.258492 0.258492
5975.642578 0.000000 402.809692 0.000000 0.922011 0.000000 0.387163 0.301854 0.301854 0.301854
6008.202637 0.000000 412.347229 0.000000 0.093567 0.000000 0.995613 0.249571 0.249571 0.249571
5974.991211 0.000000 407.669495 0.000000 0.918382 0.000000 0.395694 0.306463 0.306463 0.306463
5977.454590 0.000000 404.499298 0.000000 0.663324 0.000000 0.748333 0.268770 0.268770 0.268770
6008.863770 0.000000 413.918671 0.000000 0.973793 0.000000 0.227438 0.285778 0.285778 0.285778
6016.073242 0.000000 377.467712 0.000000 0.993025 0.000000 0.117907 0.199071 0.199071 0.199071
6061.602051 0.000000 378.831238 0.000000 0.580887 0.000000 0.813984 0.197071 0.197071 0.197071
6027.910645 0.000000 366.589203 0.000000 0.582341 0.000000 0.812945 0.198032 0.198032 0.198032
6017.729980 0.000000 371.498535 0.000000 0.471709 0.000000 0.881754 0.196608 0.196608 0.196608
6053.990723 0.000000 375.543610 0.000000 0.841983 0.000000 0.539504 0.210254 0.210254 0.210254
6020.483398 0.000000 373.336121 0.000000 0.969858 0.000000 0.243672 0.230324 0.230324 0.230324
6054.209961 0.000000 372.406158 0.000000 0.349006 0.000000 0.937120 0.226947 0.226947 0.226947
6022.203613 0.000000 376.201508 0.000000 0.991827 0.000000 0.127591 0.257246 0.257246 0.257246
6029.010254 0.000000 372.930481 0.000000 0.934798 0.000000 0.355179 0.245073 0.245073 0.245073
6021.392090 0.000000 388.646057 0.000000 0.272883 0.000000 0.962047 0.228657 0.228657 0.228657
6039.405273 0.000000 368.275421 0.000000 0.697257 0.000000 0.716821 0.256733 0.256733 0.256733
6061.321289 0.000000 377.389191 0.000000 0.994700 0.000000 0.102822 0.265429 0.265429 0.265429
6036.652832 0.000000 372.565338 0.000000 0.989124 0.000000 0.147082 0.252497 0.252497 0.252497
6045.245605 0.000000 374.741028 0.000000 0.876587 0.000000 0.481243 0.254313 0.254313 0.254313
6038.136230 0.000000 372.484863 0.000000 0.060688 0.000000 0.998157 0.240338 0.240338 0.240338
6033.384766 0.000000 370.111603 0.000000 0.991949 0.000000 0.126638 0.259442 0.259442 0.259442
6042.960938 0.000000 375.194611 0.000000 0.879490 0.000000 0.475917 0.262357 0.262357 0.262357
6078.782227 0.000000 376.926331 0.000000 0.218861 0.000000 0.975756 0.247403 0.247403 0.247403
6035.367188 0.000000 368.913574 0.000000 0.999995 0.000000 0.003094 0.276673 0.276673 0.276673
6038.003418 0.000000 368.122559 0.000000 0.416804 0.000000 0.908996 0.248177 0.248177 0.248177
6029.583496 0.000000 371.675171 0.000000 0.010719 0.000000 0.999943 0.245833 0.245833 0.245833
6025.015625 0.000000 370.888275 0.000000 0.915353 0.000000 0.402651 0.283404 0.283404 0.283404
6034.267090 0.000000 371.430389 0.000000 0.079114 0.000000 0.996866 0.239392 0.239392 0.239392
6060.297363 0.000000 370.958771 0.000000 0.710745 0.000000 0.703450 0.262629 0.262629 0.262629
6022.432129 0.000000 384.798828 0.000000 0.953517 0.000000 0.301340 0.289729 0.289729 0.289729
6022.391602 0.000000 380.874298 0.000000 0.482297 0.000000 0.876008 0.274958 0.274958 0.274958
6138.133789 0.000000 366.370697 0.000000 0.949077 0.000000 0.315043 0.197800 0.197800 0.197800
6107.974121 0.000000 370.635773 0.000000 0.870981 0.000000 0.491316 0.196346 0.196346 0.196346
6083.167969 0.000000 382.858948 0.000000 0.021894 0.000000 0.999760 0.185692 0.185692 0.185692
6122.549316 0.000000 350.017609 0.000000 0.831327 0.000000 0.555784 0.194630 0.194630 0.194630
6118.386719 0.000000 361.254333 0.000000 0.844070 0.000000 0.536233 0.194631 0.194631 0.194631
6135.542480 0.000000 362.036041 0.000000 0.204520 0.000000 0.978862 0.187052 0.187052 0.187052
6099.875488 0.000000 354.355072 0.000000 0.106163 0.000000 0.994349 0.188158 0.188158 0.188158
6119.437012 0.000000 366.288147 0.000000 0.200453 0.000000 0.979703 0.189112 0.189112 0.189112
6100.737793 0.000000 338.909210 0.000000 0.180709 0.000000 0.983537 0.201711 0.201711 0.201711
6101.939941 0.000000 364.239685 0.000000 0.798049 0.000000 0.602592 0.215225 0.215225 0.215225
6099.108398 0.000000 348.883392 0.000000 0.931470 0.000000 0.363817 0.226273 0.226273 0.226273
6120.327148 0.000000 361.178101 0.000000 0.844661 0.000000 0.535302 0.217350 0.217350 0.217350
6103.875000 0.000000 370.982056 0.000000 0.171517 0.000000 0.985181 0.218733 0.218733 0.218733
6133.040527 0.000000 367.553711 0.000000 0.299963 0.000000 0.953951 0.227597 0.227597 0.227597
6141.962402 0.000000 384.694305 0.000000 0.842001 0.000000 0.539477 0.243035 0.243035 0.243035
6135.627441 0.000000 369.533722 0.000000 0.926947 0.000000 0.375193 0.244657 0.244657 0.244657
6095.615723 0.000000 367.660614 0.000000 0.800895 0.000000 0.598805 0.244486 0.244486 0.244486
6103.405273 0.000000 368.275421 0.000000 0.483858 0.000000 0.875147 0.228885 0.228885 0.228885
6081.437988 0.000000 376.866852 0.000000 0.792173 0.000000 0.610296 0.257484 0.257484 0.257484
6099.069824 0.000000 343.934631 0.000000 0.961648 0.000000 0.274286 0.254084 0.254084 0.254084
6097.019043 0.000000 367.523804 0.000000 0.638961 0.000000 0.769239 0.257403 0.257403 0.257403
6096.411621 0.000000 343.300812 0.000000 0.816364 0.000000 0.577538 0.265129 0.265129 0.265129
6099.060547 0.000000 366.116821 0.000000 0.991294 0.000000 0.131665 0.284277 0.284277 0.284277
6099.230957 0.000000 341.595886 0.000000 0.927678 0.000000 0.373381 0.279315 0.279315 0.279315
6081.161133 0.000000 378.186371 0.000000 0.538994 0.000000 0.842310 0.255038 0.255038 0.255038
6097.638672 0.000000 363.907990 0.000000 0.617336 0.000000 0.786700 0.255815 0.255815 0.255815
6095.627930 0.000000 362.656067 0.000000 0.538064 0.000000 0.842904 0.263339 0.263339 0.263339
6097.910645 0.000000 340.932434 0.000000 0.139203 0.000000 0.990264 0.280991 0.280991 0.280991
6096.956055 0.000000 341.726318 0.000000 0.913428 0.000000 0.407000 0.325530 0.325530 0.325530
6093.466797 0.000000 339.899109 0.000000 0.999807 0.000000 0.019645 0.357585 0.357585 0.357585
6020.861816 0.000000 423.345154 0.000000 0.810462 0.000000 0.585792 0.195391 0.195391 0.195391
6017.602051 0.000000 425.763947 0.000000 0.368921 0.000000 0.929461 0.190916 0.190916 0.190916
6016.173340 0.000000 397.215271 0.000000 0.849699 0.000000 0.527268 0.195494 0.195494 0.195494
6020.061523 0.000000 411.600220 0.000000 0.608341 0.000000 0.793676 0.192561 0.192561 0.192561
6017.439453 0.000000 419.769989 0.000000 0.907756 0.000000 0.419499 0.206787 0.206787 0.206787
6078.998535 0.000000 419.372223 0.000000 0.863325 0.000000 0.504648 0.208734 0.208734 0.208734
6073.361328 0.000000 408.179871 0.000000 0.406115 0.000000 0.913822 0.202981 0.202981 0.202981
6018.305176 0.000000 396.740479 0.000000 0.361376 0.000000 0.932420 0.206756 0.206756 0.206756
6071.988281 0.000000 411.013916 0.000000 0.510907 0.000000 0.859636 0.219775 0.219775 0.219775
6075.166992 0.000000 419.083374 0.000000 0.099935 0.000000 0.994994 0.236304 0.236304 0.236304
6071.532715 0.000000 420.000488 0.000000 0.998308 0.000000 0.058155 0.259822 0.259822 0.259822
6070.872070 0.000000 415.776001 0.000000 0.674637 0.000000 0.738149 0.264825 0.264825 0.264825
6074.884277 0.000000 410.674164 0.000000 0.848211 0.000000 0.529659 0.260834 0.260834 0.260834
6074.259766 0.000000 421.522797 0.000000 0.964343 0.000000 0.264655 0.270042 0.270042 0.270042
6072.202637 0.000000 412.347229 0.000000 0.414259 0.000000 0.910159 0.266243 0.266243 0.266243
6076.908691 0.000000 410.326385 0.000000 0.145527 0.000000 0.989354 0.245410 0.245410 0.245410
6076.780762 0.000000 415.482208 0.000000 0.361003 0.000000 0.932565 0.272585 0.272585 0.272585
6075.891113 0.000000 414.041382 0.000000 0.979834 0.000000 0.199811 0.309881 0.309881 0.309881
6110.773926 0.000000 411.862274 0.000000 0.078676 0.000000 0.996900 0.189384 0.189384 0.189384
6135.430664 0.000000 409.267670 0.000000 0.574389 0.000000 0.818583 0.192459 0.192459 0.192459
6138.815430 0.000000 402.959778 0.000000 0.948287 0.000000 0.317414 0.197258 0.197258 0.197258
6134.928223 0.000000 412.275696 0.000000 0.983615 0.000000 0.180281 0.199901 0.199901 0.199901
6100.471191 0.000000 417.216187 0.000000 0.473078 0.000000 0.881021 0.200280 0.200280 0.200280
6142.677246 0.000000 397.936676 0.000000 0.375015 0.000000 0.927019 0.199902 0.199902 0.199902
6132.127930 0.000000 413.273071 0.000000 0.695224 0.000000 0.718793 0.203507 0.203507 0.203507
6100.672363 0.000000 414.947968 0.000000 0.509080 0.000000 0.860719 0.206251 0.206251 0.206251
6131.156250 0.000000 409.463684 0.000000 0.002068 0.000000 0.999998 0.199396 0.199396 0.199396
6140.870605 0.000000 402.783112 0.000000 0.714786 0.000000 0.699344 0.219209 0.219209 0.219209
6130.463867 0.000000 411.318970 0.000000 0.817079 0.000000 0.576525 0.219630 0.219630 0.219630
6114.989746 0.000000 427.605011 0.000000 0.460088 0.000000 0.887874 0.215324 0.215324 0.215324
6110.555664 0.000000 417.728088 0.000000 0.553021 0.000000 0.833168 0.218772 0.218772 0.218772
6107.871582 0.000000 415.458069 0.000000 0.993533 0.000000 0.113544 0.249899 0.249899 0.249899
6143.180664 0.000000 401.492065 0.000000 0.825225 0.000000 0.564804 0.240485 0.240485 0.240485
6080.520996 0.000000 415.160675 0.000000 0.062723 0.000000 0.998031 0.209802 0.209802 0.209802
6123.719727 0.000000 412.977295 0.000000 0.978703 0.000000 0.205281 0.255583 0.255583 0.255583
6141.523438 0.000000 408.976044 0.000000 0.999681 0.000000 0.025242 0.244926 0.244926 0.244926
6106.288574 0.000000 415.223328 0.000000 0.564601 0.000000 0.825364 0.233312 0.233312 0.233312
6105.591309 0.000000 413.372375 0.000000 0.354520 0.000000 0.935049 0.227887 0.227887 0.227887
6080.951172 0.000000 409.625793 0.000000 0.168234 0.000000 0.985747 0.219469 0.219469 0.219469
6105.273438 0.000000 416.319153 0.000000 0.452246 0.000000 0.891893 0.229075 0.229075 0.229075
6143.011719 0.000000 404.752930 0.000000 0.916975 0.000000 0.398944 0.252305 0.252305 0.252305
6121.059570 0.000000 418.708252 0.000000 0.993142 0.000000 0.116918 0.296634 0.296634 0.296634
6121.674316 0.000000 419.689209 0.000000 0.975209 0.000000 0.221284 0.293338 0.293338 0.293338
6121.406250 0.000000 417.299225 0.000000 0.332969 0.000000 0.942938 0.275849 0.275849 0.275849
5694.830566 0.000000 499.110138 0.000000 0.147655 0.000000 0.989039 0.186504 0.186504 0.186504
5758.612305 0.000000 503.515289 0.000000 0.840503 0.000000 0.541807 0.195354 0.195354 0.195354
5749.811523 0.000000 493.174072 0.000000 0.888186 0.000000 0.459483 0.196126 0.196126 0.196126
5709.152832 0.000000 497.106049 0.000000 0.987509 0.000000 0.157564 0.198598 0.198598 0.198598
5748.340820 0.000000 452.211090 0.000000 0.993088 0.000000 0.117373 0.199426 0.199426 0.199426
5746.616699 0.000000 497.928223 0.000000 0.181273 0.000000 0.983433 0.187347 0.187347 0.187347
5732.101074 0.000000 499.736328 0.000000 0.253850 0.000000 0.967244 0.187697 0.187697 0.187697
5715.958008 0.000000 458.587585 0.000000 0.773838 0.000000 0.633384 0.193949 0.193949 0.193949
5707.346680 0.000000 499.839020 0.000000 0.487012 0.000000 0.873395 0.193107 0.193107 0.193107
5722.002441 0.000000 465.910339 0.000000 0.995862 0.000000 0.090874 0.201891 0.201891 0.201891
5759.545410 0.000000 483.834106 0.000000 0.419106 0.000000 0.907937 0.196871 0.196871 0.196871
5698.854492 0.000000 499.421936 0.000000 0.391373 0.000000 0.920232 0.198326 0.198326 0.198326
5756.605469 0.000000 483.801605 0.000000 0.114015 0.000000 0.993479 0.192489 0.192489 0.192489
5697.278809 0.000000 497.750214 0.000000 0.969658 0.000000 0.244464 0.208925 0.208925 0.208925
5714.931641 0.000000 483.201202 0.000000 0.852020 0.000000 0.523510 0.209480 0.209480 0.209480
5752.713379 0.000000 481.297974 0.000000 0.983025 0.000000 0.183469 0.206387 0.206387 0.206387
5719.989746 0.000000 464.904846 0.000000 0.995461 0.000000 0.095168 0.212873 0.212873 0.212873
5719.051758 0.000000 454.922791 0.000000 0.808065 0.000000 0.589093 0.213475 0.213475 0.213475
5736.666504 0.000000 498.197540 0.000000 0.918173 0.000000 0.396179 0.213321 0.213321 0.213321
5708.800293 0.000000 462.437775 0.000000 0.082373 0.000000 0.996602 0.202065 0.202065 0.202065
5754.541992 0.000000 501.046051 0.000000 0.454347 0.000000 0.890825 0.221353 0.221353 0.221353
5741.863281 0.000000 498.692108 0.000000 0.967857 0.000000 0.251500 0.228069 0.228069 0.228069
5723.430664 0.000000 463.902710 0.000000 0.648614 0.000000 0.761118 0.220646 0.220646 0.220646
5719.245605 0.000000 507.535492 0.000000 0.407892 0.000000 0.913030 0.219631 0.219631 0.219631
5722.396484 0.000000 461.912720 0.000000 0.683770 0.000000 0.729697 0.222322 0.222322 0.222322
5719.132812 0.000000 489.823700 0.000000 0.748849 0.000000 0.662740 0.224763 0.224763 0.224763
5715.981934 0.000000 506.057190 0.000000 0.530335 0.000000 0.847788 0.220141 0.220141 0.220141
5721.317871 0.000000 459.135345 0.000000 0.604401 0.000000 0.796681 0.234261 0.234261 0.234261
5742.419434 0.000000 507.588928 0.000000 0.450517 0.000000 0.892768 0.243350 0.243350 0.243350
5710.922852 0.000000 482.095642 0.000000 0.934527 0.000000 0.355893 0.269678 0.269678 0.269678
5712.139160 0.000000 490.831055 0.000000 0.655221 0.000000 0.755437 0.266716 0.266716 0.266716
5715.827148 0.000000 484.376373 0.000000 0.911874 0.000000 0.410469 0.278168 0.278168 0.278168
5741.661621 0.000000 502.130463 0.000000 0.895127 0.000000 0.445812 0.270138 0.270138 0.270138
5757.398438 0.000000 453.736786 0.000000 0.397133 0.000000 0.917761 0.246030 0.246030 0.246030
5714.267090 0.000000 484.399139 0.000000 0.757661 0.000000 0.652649 0.269976 0.269976 0.269976
5709.509277 0.000000 489.651276 0.000000 0.350957 0.000000 0.936391 0.275115 0.275115 0.275115
5741.223145 0.000000 507.961182 0.000000 0.210312 0.000000 0.977634 0.259415 0.259415 0.259415
5740.170898 0.000000 507.138977 0.000000 0.030109 0.000000 0.999547 0.253649 0.253649 0.253649
5707.892578 0.000000 485.664276 0.000000 0.627326 0.000000 0.778757 0.325089 0.325089 0.325089
5710.203613 0.000000 486.579559 0.000000 0.989462 0.000000 0.144794 0.346123 0.346123 0.346123
5713.591309 0.000000 487.385010 0.000000 0.470013 0.000000 0.882659 0.305070 0.305070 0.305070
5726.227539 0.000000 512.916748 0.000000 0.633153 0.000000 0.774026 0.193149 0.193149 0.193149
5732.142090 0.000000 508.454590 0.000000 0.137134 0.000000 0.990552 0.196127 0.196127 0.196127
5721.025879 0.000000 508.607300 0.000000 0.525482 0.000000 0.850805 0.201910 0.201910 0.201910
5742.915039 0.000000 517.445129 0.000000 0.714096 0.000000 0.700048 0.203818 0.203818 0.203818
5754.732422 0.000000 562.032288 0.000000 0.816341 0.000000 0.577571 0.227493 0.227493 0.227493
5738.243164 0.000000 514.244324 0.000000 0.246755 0.000000 0.969078 0.217627 0.217627 0.217627
5756.606934 0.000000 526.214417 0.000000 0.153409 0.000000 0.988163 0.225456 0.225456 0.225456
5735.698242 0.000000 510.317596 0.000000 0.114682 0.000000 0.993402 0.221617 0.221617 0.221617
5754.513184 0.000000 522.055786 0.000000 0.987948 0.000000 0.154787 0.253422 0.253422 0.253422
5736.668945 0.000000 513.012695 0.000000 0.564663 0.000000 0.825321 0.243826 0.243826 0.243826
5738.449707 0.000000 511.120239 0.000000 0.504852 0.000000 0.863206 0.265456 0.265456 0.265456
5755.031250 0.000000 554.098145 0.000000 0.679605 0.000000 0.733578 0.251636 0.251636 0.251636
5736.875000 0.000000 509.233002 0.000000 0.530441 0.000000 0.847722 0.254774 0.254774 0.254774
5736.942383 0.000000 511.791840 0.000000 0.974941 0.000000 0.222464 0.275365 0.275365 0.275365
5716.239746 0.000000 509.511353 0.000000 0.083654 0.000000 0.996495 0.245837 0.245837 0.245837
5757.235840 0.000000 553.140747 0.000000 0.144071 0.000000 0.989567 0.249640 0.249640 0.249640
5759.557617 0.000000 520.157532 0.000000 0.874256 0.000000 0.485466 0.330090 0.330090 0.330090
5758.496094 0.000000 524.853333 0.000000 0.519457 0.000000 0.854496 0.302635 0.302635 0.302635
5789.075684 0.000000 504.275208 0.000000 0.949630 0.000000 0.313374 0.197095 0.197095 0.197095
5762.492188 0.000000 455.464600 0.000000 0.059017 0.000000 0.998257 0.186036 0.186036 0.186036
5782.909180 0.000000 462.874847 0.000000 0.081893 0.000000 0.996641 0.186619 0.186619 0.186619
5778.931641 0.000000 483.201202 0.000000 0.981760 0.000000 0.190126 0.209565 0.209565 0.209565
5782.294922 0.000000 459.348083 0.000000 0.659239 0.000000 0.751933 0.201979 0.201979 0.201979
5765.188477 0.000000 494.615082 0.000000 0.309368 0.000000 0.950943 0.199945 0.199945 0.199945
5806.922852 0.000000 487.196320 0.000000 0.554141 0.000000 0.832423 0.210610 0.210610 0.210610
5762.305176 0.000000 453.224854 0.000000 0.483868 0.000000 0.875141 0.209482 0.209482 0.209482
5769.040527 0.000000 493.399567 0.000000 0.871422 0.000000 0.490534 0.225148 0.225148 0.225148
5770.960449 0.000000 486.039917 0.000000 0.589345 0.000000 0.807882 0.223105 0.223105 0.223105
5760.976074 0.000000 452.395325 0.000000 0.955994 0.000000 0.293385 0.255753 0.255753 0.255753
5800.266113 0.000000 480.638458 0.000000 0.970542 0.000000 0.240930 0.261159 0.261159 0.261159
5792.099609 0.000000 488.694580 0.000000 0.759584 0.000000 0.650409 0.260866 0.260866 0.260866
5766.769043 0.000000 487.882294 0.000000 0.876334 0.000000 0.481705 0.275904 0.275904 0.275904
5790.551758 0.000000 486.629822 0.000000 0.978148 0.000000 0.207909 0.256594 0.256594 0.256594
5793.452148 0.000000 489.418762 0.000000 0.751668 0.000000 0.659542 0.260556 0.260556 0.260556
5799.334473 0.000000 491.633331 0.000000 0.999687 0.000000 0.025005 0.305066 0.305066 0.305066
5798.902344 0.000000 480.480804 0.000000 0.979127 0.000000 0.203248 0.294971 0.294971 0.294971
5793.111816 0.000000 485.394592 0.000000 0.959265 0.000000 0.282507 0.308882 0.308882 0.308882
5796.714355 0.000000 481.553223 0.000000 0.313784 0.000000 0.949495 0.267210 0.267210 0.267210
5795.812500 0.000000 489.277100 0.000000 0.538055 0.000000 0.842910 0.269086 0.269086 0.269086
5798.864258 0.000000 489.252625 0.000000 0.751783 0.000000 0.659410 0.322567 0.322567 0.322567
5801.787598 0.000000 491.665222 0.000000 0.577575 0.000000 0.816337 0.279623 0.279623 0.279623
5803.801758 0.000000 485.534576 0.000000 0.376853 0.000000 0.926273 0.313287 0.313287 0.313287
5800.903320 0.000000 488.753235 0.000000 0.466713 0.000000 0.884409 0.330100 0.330100 0.330100
5799.812012 0.000000 487.828369 0.000000 0.408754 0.000000 0.912645 0.313604 0.313604 0.313604
5801.763672 0.000000 486.220856 0.000000 0.999779 0.000000 0.021011 0.398395 0.398395 0.398395
5763.716309 0.000000 549.465515 0.000000 0.711527 0.000000 0.702659 0.194748 0.194748 0.194748
5823.022949 0.000000 562.524963 0.000000 0.986325 0.000000 0.164810 0.203326 0.203326 0.203326
5761.278809 0.000000 554.234619 0.000000 0.956138 0.000000 0.292916 0.205155 0.205155 0.205155
5768.162109 0.000000 528.080200 0.000000 0.868332 0.000000 0.495984 0.211906 0.211906 0.211906
5812.116699 0.000000 510.690247 0.000000 0.430731 0.000000 0.902480 0.212194 0.212194 0.212194
5819.459473 0.000000 517.719543 0.000000 0.789261 0.000000 0.614058 0.228694 0.228694 0.228694
5767.353027 0.000000 521.060669 0.000000 0.840587 0.000000 0.541677 0.235121 0.235121 0.235121
5814.518555 0.000000 512.048462 0.000000 0.916636 0.000000 0.399722 0.243122 0.243122 0.243122
5769.291016 0.000000 525.152649 0.000000 0.176742 0.000000 0.984257 0.230561 0.230561 0.230561
5768.764648 0.000000 526.824951 0.000000 0.749912 0.000000 0.661537 0.258646 0.258646 0.258646
5763.130371 0.000000 518.678589 0.000000 0.033571 0.000000 0.999436 0.255054 0.255054 0.255054
5766.992676 0.000000 528.426453 0.000000 0.807257 0.000000 0.590201 0.285273 0.285273 0.285273
5762.523926 0.000000 528.860474 0.000000 0.904460 0.000000 0.426558 0.289527 0.289527 0.289527
5761.153809 0.000000 527.168457 0.000000 0.916207 0.000000 0.400705 0.330689 0.330689 0.330689
5767.262695 0.000000 524.829590 0.000000 0.915258 0.000000 0.402867 0.317934 0.317934 0.317934
5760.017578 0.000000 523.095276 0.000000 0.207771 0.000000 0.978177 0.298111 0.298111 0.298111
5711.712891 0.000000 583.457886 0.000000 0.838667 0.000000 0.544644 0.195255 0.195255 0.195255
5756.365723 0.000000 567.571411 0.000000 0.816470 0.000000 0.577388 0.194622 0.194622 0.194622
5742.630859 0.000000 588.620422 0.000000 0.958829 0.000000 0.283985 0.202057 0.202057 0.202057
5716.471191 0.000000 586.669312 0.000000 0.540946 0.000000 0.841057 0.198417 0.198417 0.198417
5753.532715 0.000000 579.818359 0.000000 0.987291 0.000000 0.158924 0.209929 0.209929 0.209929
5740.304199 0.000000 588.543091 0.000000 0.884031 0.000000 0.467429 0.212319 0.212319 0.212319
5716.672363 0.000000 584.401123 0.000000 0.970173 0.000000 0.242414 0.208949 0.208949 0.208949
5753.361328 0.000000 577.632996 0.000000 0.788502 0.000000 0.615032 0.204148 0.204148 0.204148
5742.326660 0.000000 575.961853 0.000000 0.694631 0.000000 0.719367 0.212131 0.212131 0.212131
5749.305176 0.000000 578.494690 0.000000 0.783772 0.000000 0.621048 0.204060 0.204060 0.204060
5746.636719 0.000000 575.298096 0.000000 0.880918 0.000000 0.473269 0.208145 0.208145 0.208145
5711.288574 0.000000 579.381714 0.000000 0.966003 0.000000 0.258532 0.213035 0.213035 0.213035
5708.800293 0.000000 575.406555 0.000000 0.049356 0.000000 0.998781 0.200816 0.200816 0.200816
5748.288574 0.000000 585.673889 0.000000 0.971481 0.000000 0.237117 0.228294 0.228294 0.228294
5731.248535 0.000000 579.205139 0.000000 0.969544 0.000000 0.244916 0.222835 0.222835 0.222835
5740.260742 0.000000 605.777100 0.000000 0.795203 0.000000 0.606343 0.238531 0.238531 0.238531
5745.404785 0.000000 584.301880 0.000000 0.707909 0.000000 0.706304 0.237852 0.237852 0.237852
5713.197754 0.000000 571.636841 0.000000 0.001092 0.000000 0.999999 0.216499 0.216499 0.216499
5739.594727 0.000000 587.243530 0.000000 0.909071 0.000000 0.416641 0.269993 0.269993 0.269993
5734.613281 0.000000 585.714539 0.000000 0.335918 0.000000 0.941891 0.245989 0.245989 0.245989
5739.041992 0.000000 584.922607 0.000000 0.290418 0.000000 0.956900 0.251652 0.251652 0.251652
5734.330078 0.000000 579.191895 0.000000 0.047484 0.000000 0.998872 0.248902 0.248902 0.248902
5736.704102 0.000000 581.990051 0.000000 0.989684 0.000000 0.143270 0.307640 0.307640 0.307640
5758.677246 0.000000 623.874146 0.000000 0.640863 0.000000 0.767655 0.198841 0.198841 0.198841
5750.518555 0.000000 625.017212 0.000000 0.600502 0.000000 0.799623 0.229676 0.229676 0.229676
5752.681641 0.000000 626.589905 0.000000 0.419986 0.000000 0.907530 0.259430 0.259430 0.259430
5798.192871 0.000000 570.550659 0.000000 0.877186 0.000000 0.480151 0.196186 0.196186 0.196186
5769.889160 0.000000 620.108765 0.000000 0.679327 0.000000 0.733836 0.193109 0.193109 0.193109
5816.373535 0.000000 564.982178 0.000000 0.399474 0.000000 0.916744 0.192112 0.192112 0.192112
5800.628906 0.000000 570.984009 0.000000 0.991353 0.000000 0.131225 0.205870 0.205870 0.205870
5803.827148 0.000000 603.030518 0.000000 0.062365 0.000000 0.998053 0.191086 0.191086 0.191086
5804.435059 0.000000 600.818909 0.000000 0.969462 0.000000 0.245240 0.207843 0.207843 0.207843
5817.361328 0.000000 577.632996 0.000000 0.865952 0.000000 0.500127 0.207780 0.207780 0.207780
5800.272949 0.000000 615.059387 0.000000 0.890178 0.000000 0.455613 0.205296 0.205296 0.205296
5817.029297 0.000000 571.280518 0.000000 0.600559 0.000000 0.799580 0.216930 0.216930 0.216930
5796.653320 0.000000 603.108643 0.000000 0.557856 0.000000 0.829938 0.219767 0.219767 0.219767
5800.504883 0.000000 608.237366 0.000000 0.983110 0.000000 0.183017 0.235612 0.235612 0.235612
5800.266113 0.000000 593.607239 0.000000 0.706133 0.000000 0.708080 0.241505 0.241505 0.241505
5820.446777 0.000000 569.101685 0.000000 0.405824 0.000000 0.913951 0.246263 0.246263 0.246263
5800.332520 0.000000 603.046753 0.000000 0.598604 0.000000 0.801045 0.235014 0.235014 0.235014
5799.114258 0.000000 595.298523 0.000000 0.241397 0.000000 0.970426 0.248766 0.248766 0.248766
5818.349609 0.000000 571.119141 0.000000 0.832268 0.000000 0.554374 0.265864 0.265864 0.265864
5775.104492 0.000000 626.180237 0.000000 0.173769 0.000000 0.984786 0.204953 0.204953 0.204953
5774.473633 0.000000 624.852112 0.000000 0.586321 0.000000 0.810079 0.244418 0.244418 0.244418
5769.044434 0.000000 624.529480 0.000000 0.393735 0.000000 0.919224 0.257817 0.257817 0.257817
5765.392090 0.000000 624.055420 0.000000 0.151128 0.000000 0.988514 0.245561 0.245561 0.245561
5966.716309 0.000000 461.608643 0.000000 0.077727 0.000000 0.996975 0.189377 0.189377 0.189377
5967.844238 0.000000 455.002167 0.000000 0.384114 0.000000 0.923286 0.189279 0.189279 0.189279
5971.108398 0.000000 461.852142 0.000000 0.965874 0.000000 0.259012 0.225823 0.225823 0.225823
5968.782227 0.000000 453.584015 0.000000 0.911455 0.000000 0.411401 0.231645 0.231645 0.231645
5971.069824 0.000000 456.903381 0.000000 0.688483 0.000000 0.725252 0.236397 0.236397 0.236397
4226.240723 0.000000 1680.364258 0.000000 0.658124 0.000000 0.752910 0.230103 0.230103 0.230103
5227.705078 0.000000 1213.559570 0.000000 0.439796 0.000000 0.898098 0.208801 0.208801 0.208801
5224.266113 0.000000 1214.935303 0.000000 0.769463 0.000000 0.638692 0.254734 0.254734 0.254734
6145.469238 0.000000 336.969971 0.000000 0.968118 0.000000 0.250494 0.198199 0.198199 0.198199
6194.569336 0.000000 338.395691 0.000000 0.978807 0.000000 0.204785 0.198455 0.198455 0.198455
6203.206543 0.000000 312.402618 0.000000 0.461254 0.000000 0.887268 0.189919 0.189919 0.189919
6194.714844 0.000000 332.894775 0.000000 0.585567 0.000000 0.810624 0.196189 0.196189 0.196189
6145.278809 0.000000 328.297089 0.000000 0.507610 0.000000 0.861587 0.202578 0.202578 0.202578
6200.254883 0.000000 329.804260 0.000000 0.729280 0.000000 0.684215 0.237517 0.237517 0.237517
6205.407227 0.000000 319.805450 0.000000 0.005697 0.000000 0.999984 0.214306 0.214306 0.214306
6197.913086 0.000000 330.095856 0.000000 0.732187 0.000000 0.681104 0.244141 0.244141 0.244141
6202.732422 0.000000 336.094818 0.000000 0.872007 0.000000 0.489493 0.249156 0.249156 0.249156
6200.531250 0.000000 337.882812 0.000000 0.477860 0.000000 0.878436 0.246569 0.246569 0.246569
6206.777344 0.000000 302.850067 0.000000 0.947209 0.000000 0.320617 0.265481 0.265481 0.265481
6204.833984 0.000000 332.150208 0.000000 0.998863 0.000000 0.047663 0.271126 0.271126 0.271126
6203.498047 0.000000 329.455902 0.000000 0.817047 0.000000 0.576570 0.244084 0.244084 0.244084
6202.382812 0.000000 317.298615 0.000000 0.780100 0.000000 0.625655 0.256072 0.256072 0.256072
6197.066895 0.000000 335.624756 0.000000 0.920269 0.000000 0.391285 0.268701 0.268701 0.268701
6202.901367 0.000000 330.447388 0.000000 0.968106 0.000000 0.250541 0.315275 0.315275 0.315275
6201.544922 0.000000 331.985168 0.000000 0.765102 0.000000 0.643909 0.300912 0.300912 0.300912
6246.465332 0.000000 307.519623 0.000000 0.055069 0.000000 0.998483 0.189594 0.189594 0.189594
6237.565918 0.000000 325.720612 0.000000 0.489774 0.000000 0.871849 0.191408 0.191408 0.191408
6251.534668 0.000000 298.411591 0.000000 0.685748 0.000000 0.727839 0.192368 0.192368 0.192368
6246.352539 0.000000 331.610382 0.000000 0.579651 0.000000 0.814865 0.196112 0.196112 0.196112
6208.164062 0.000000 338.760956 0.000000 0.828478 0.000000 0.560021 0.204930 0.204930 0.204930
6209.798828 0.000000 332.360931 0.000000 0.206164 0.000000 0.978517 0.196090 0.196090 0.196090
6259.156250 0.000000 296.494934 0.000000 0.960892 0.000000 0.276924 0.211735 0.211735 0.211735
6234.051758 0.000000 314.716095 0.000000 0.997779 0.000000 0.066608 0.216535 0.216535 0.216535
6238.427246 0.000000 320.709076 0.000000 0.414980 0.000000 0.909830 0.206657 0.206657 0.206657
6255.143066 0.000000 308.099365 0.000000 0.436720 0.000000 0.899597 0.209641 0.209641 0.209641
6212.253418 0.000000 321.787781 0.000000 0.380994 0.000000 0.924578 0.225078 0.225078 0.225078
6235.705566 0.000000 322.460724 0.000000 0.880310 0.000000 0.474399 0.226444 0.226444 0.226444
6233.412598 0.000000 322.533356 0.000000 0.484071 0.000000 0.875029 0.233199 0.233199 0.233199
6243.246582 0.000000 328.840271 0.000000 0.943235 0.000000 0.332127 0.237229 0.237229 0.237229
6208.129395 0.000000 314.466492 0.000000 0.917981 0.000000 0.396624 0.234994 0.234994 0.234994
6218.960449 0.000000 316.586792 0.000000 0.340191 0.000000 0.940356 0.230879 0.230879 0.230879
6212.650391 0.000000 320.197937 0.000000 0.959122 0.000000 0.282994 0.241290 0.241290 0.241290
6228.232910 0.000000 324.541534 0.000000 0.915810 0.000000 0.401611 0.236949 0.236949 0.236949
6240.219238 0.000000 328.577454 0.000000 0.565336 0.000000 0.824861 0.233329 0.233329 0.233329
6238.239746 0.000000 330.603668 0.000000 0.944485 0.000000 0.328554 0.252883 0.252883 0.252883
6230.076660 0.000000 324.207672 0.000000 0.592561 0.000000 0.805525 0.234867 0.234867 0.234867
6240.238770 0.000000 335.960297 0.000000 0.823058 0.000000 0.567958 0.239437 0.239437 0.239437
6261.702637 0.000000 300.258820 0.000000 0.087541 0.000000 0.996161 0.238172 0.238172 0.238172
6211.585449 0.000000 302.015198 0.000000 0.953378 0.000000 0.301779 0.274249 0.274249 0.274249
6213.906250 0.000000 309.010620 0.000000 0.476760 0.000000 0.879034 0.260468 0.260468 0.260468
6224.139160 0.000000 321.377930 0.000000 0.999809 0.000000 0.019534 0.269570 0.269570 0.269570
6212.866211 0.000000 306.380341 0.000000 0.261235 0.000000 0.965275 0.253784 0.253784 0.253784
6212.648926 0.000000 304.531891 0.000000 0.773566 0.000000 0.633715 0.258628 0.258628 0.258628
6253.479492 0.000000 306.961456 0.000000 0.518165 0.000000 0.855281 0.242588 0.242588 0.242588
6208.022461 0.000000 318.128693 0.000000 0.864039 0.000000 0.503426 0.264513 0.264513 0.264513
6209.633789 0.000000 308.152435 0.000000 0.144144 0.000000 0.989557 0.241032 0.241032 0.241032
6223.678223 0.000000 318.839081 0.000000 0.884803 0.000000 0.465965 0.280325 0.280325 0.280325
6255.419922 0.000000 305.076294 0.000000 0.113169 0.000000 0.993576 0.238803 0.238803 0.238803
6239.658691 0.000000 317.955536 0.000000 0.672953 0.000000 0.739685 0.254111 0.254111 0.254111
6211.393555 0.000000 309.920502 0.000000 0.982561 0.000000 0.185938 0.288075 0.288075 0.288075
6210.951172 0.000000 304.522766 0.000000 0.896405 0.000000 0.443235 0.279111 0.279111 0.279111
6209.581055 0.000000 317.665741 0.000000 0.876306 0.000000 0.481754 0.272000 0.272000 0.272000
6256.708984 0.000000 300.653625 0.000000 0.583153 0.000000 0.812362 0.264920 0.264920 0.264920
6208.212402 0.000000 306.061981 0.000000 0.852974 0.000000 0.521953 0.276501 0.276501 0.276501
6254.963867 0.000000 302.521332 0.000000 0.566783 0.000000 0.823867 0.264339 0.264339 0.264339
6217.007812 0.000000 319.131042 0.000000 0.179407 0.000000 0.983775 0.264588 0.264588 0.264588
6210.538086 0.000000 306.239807 0.000000 0.785634 0.000000 0.618692 0.273078 0.273078 0.273078
6236.825684 0.000000 338.469879 0.000000 0.827464 0.000000 0.561519 0.353349 0.353349 0.353349
6150.599121 0.000000 392.007202 0.000000 0.911693 0.000000 0.410873 0.197146 0.197146 0.197146
6148.256348 0.000000 394.421967 0.000000 0.568303 0.000000 0.822820 0.195966 0.195966 0.195966
6207.835938 0.000000 343.390320 0.000000 0.479253 0.000000 0.877677 0.199450 0.199450 0.199450
6150.227051 0.000000 383.481232 0.000000 0.180863 0.000000 0.983508 0.200873 0.200873 0.200873
6203.533691 0.000000 344.481079 0.000000 0.999575 0.000000 0.029163 0.223690 0.223690 0.223690
6200.123047 0.000000 342.249786 0.000000 0.928741 0.000000 0.370729 0.225122 0.225122 0.225122
6205.091309 0.000000 390.617798 0.000000 0.430044 0.000000 0.902808 0.223483 0.223483 0.223483
6144.313965 0.000000 388.648315 0.000000 0.561981 0.000000 0.827150 0.235014 0.235014 0.235014
6145.707031 0.000000 387.410217 0.000000 0.491024 0.000000 0.871146 0.242729 0.242729 0.242729
6144.036621 0.000000 383.933594 0.000000 0.108177 0.000000 0.994132 0.247915 0.247915 0.247915
6147.614258 0.000000 381.485168 0.000000 0.999830 0.000000 0.018458 0.266249 0.266249 0.266249
6145.161133 0.000000 378.186371 0.000000 0.935925 0.000000 0.352200 0.285034 0.285034 0.285034
6144.026367 0.000000 376.023346 0.000000 0.085945 0.000000 0.996300 0.245205 0.245205 0.245205
6215.173340 0.000000 368.112946 0.000000 0.996722 0.000000 0.080907 0.199232 0.199232 0.199232
6236.691406 0.000000 386.998535 0.000000 0.648257 0.000000 0.761421 0.201812 0.201812 0.201812
6227.281738 0.000000 394.560699 0.000000 0.850599 0.000000 0.525814 0.201338 0.201338 0.201338
6220.277832 0.000000 394.162476 0.000000 0.930954 0.000000 0.365137 0.215836 0.215836 0.215836
6219.945801 0.000000 360.974762 0.000000 0.937319 0.000000 0.348474 0.219211 0.219211 0.219211
6208.013672 0.000000 343.428986 0.000000 0.607795 0.000000 0.794094 0.201214 0.201214 0.201214
6244.267090 0.000000 363.796967 0.000000 0.941663 0.000000 0.336557 0.209925 0.209925 0.209925
6209.941895 0.000000 391.534271 0.000000 0.140467 0.000000 0.990085 0.212616 0.212616 0.212616
6208.004883 0.000000 392.220306 0.000000 0.960825 0.000000 0.277157 0.217053 0.217053 0.217053
6240.356445 0.000000 351.273102 0.000000 0.956414 0.000000 0.292015 0.246366 0.246366 0.246366
6220.826172 0.000000 378.092377 0.000000 0.230625 0.000000 0.973043 0.234059 0.234059 0.234059
6221.010254 0.000000 372.930481 0.000000 0.994945 0.000000 0.100426 0.249058 0.249058 0.249058
6238.747070 0.000000 340.494263 0.000000 0.874619 0.000000 0.484811 0.241308 0.241308 0.241308
6229.357910 0.000000 362.798889 0.000000 0.760883 0.000000 0.648889 0.252553 0.252553 0.252553
6229.351074 0.000000 345.335388 0.000000 0.530053 0.000000 0.847965 0.244612 0.244612 0.244612
6220.281738 0.000000 390.908264 0.000000 0.691698 0.000000 0.722187 0.270783 0.270783 0.270783
6227.367188 0.000000 368.913574 0.000000 0.992427 0.000000 0.122839 0.291031 0.291031 0.291031
6231.770020 0.000000 384.463867 0.000000 0.783910 0.000000 0.620874 0.275764 0.275764 0.275764
6228.915039 0.000000 346.628174 0.000000 0.249987 0.000000 0.968249 0.255647 0.255647 0.255647
6243.771973 0.000000 373.063080 0.000000 0.693077 0.000000 0.720863 0.252980 0.252980 0.252980
6211.718262 0.000000 367.700226 0.000000 0.085338 0.000000 0.996352 0.249331 0.249331 0.249331
6227.671875 0.000000 367.641052 0.000000 0.302902 0.000000 0.953022 0.255782 0.255782 0.255782
6242.075684 0.000000 370.167572 0.000000 0.996188 0.000000 0.087230 0.300844 0.300844 0.300844
6225.638672 0.000000 363.907990 0.000000 0.278211 0.000000 0.960520 0.272319 0.272319 0.272319
6223.627930 0.000000 362.656067 0.000000 0.235317 0.000000 0.971919 0.270015 0.270015 0.270015
6234.950684 0.000000 383.765015 0.000000 0.640784 0.000000 0.767721 0.296504 0.296504 0.296504
6223.370605 0.000000 360.711151 0.000000 0.888883 0.000000 0.458134 0.285475 0.285475 0.285475
6223.281250 0.000000 371.712402 0.000000 0.072213 0.000000 0.997389 0.248267 0.248267 0.248267
6221.262207 0.000000 388.856750 0.000000 0.963383 0.000000 0.268127 0.314581 0.314581 0.314581
6224.442383 0.000000 379.713867 0.000000 0.395062 0.000000 0.918655 0.262509 0.262509 0.262509
6232.739746 0.000000 385.638092 0.000000 0.341371 0.000000 0.939929 0.262249 0.262249 0.262249
6228.123047 0.000000 349.448395 0.000000 0.661562 0.000000 0.749890 0.285021 0.285021 0.285021
6233.613770 0.000000 341.368958 0.000000 0.876068 0.000000 0.482188 0.317123 0.317123 0.317123
6232.133789 0.000000 355.371521 0.000000 0.999929 0.000000 0.011891 0.337873 0.337873 0.337873
6227.230957 0.000000 384.227966 0.000000 0.651447 0.000000 0.758694 0.314930 0.314930 0.314930
6224.829590 0.000000 362.660248 0.000000 0.700581 0.000000 0.713573 0.290347 0.290347 0.290347
6236.669922 0.000000 351.131439 0.000000 0.986640 0.000000 0.162913 0.327210 0.327210 0.327210
6233.368652 0.000000 354.194183 0.000000 0.302674 0.000000 0.953094 0.285015 0.285015 0.285015
6226.524414 0.000000 380.824402 0.000000 0.999419 0.000000 0.034072 0.325849 0.325849 0.325849
6235.101074 0.000000 348.059509 0.000000 0.889399 0.000000 0.457131 0.326879 0.326879 0.326879
6239.077637 0.000000 353.200653 0.000000 0.999999 0.000000 0.001057 0.373052 0.373052 0.373052
6220.608887 0.000000 386.918030 0.000000 0.936073 0.000000 0.351805 0.309222 0.309222 0.309222
6241.091309 0.000000 353.820160 0.000000 0.463156 0.000000 0.886277 0.294575 0.294575 0.294575
6233.502930 0.000000 349.479706 0.000000 0.351006 0.000000 0.936373 0.311727 0.311727 0.311727
6230.246094 0.000000 349.029388 0.000000 0.143652 0.000000 0.989628 0.301843 0.301843 0.301843
6243.929199 0.000000 362.844849 0.000000 0.949762 0.000000 0.312972 0.326947 0.326947 0.326947
6227.690918 0.000000 385.709564 0.000000 0.706992 0.000000 0.707221 0.318569 0.318569 0.318569
6240.005859 0.000000 357.146118 0.000000 0.920641 0.000000 0.390410 0.374166 0.374166 0.374166
6223.889160 0.000000 385.607117 0.000000 0.938649 0.000000 0.344873 0.343341 0.343341 0.343341
6229.197266 0.000000 381.182465 0.000000 0.729514 0.000000 0.683966 0.319284 0.319284 0.319284
6228.089355 0.000000 380.040710 0.000000 0.755518 0.000000 0.655128 0.321135 0.321135 0.321135
6233.449707 0.000000 382.196411 0.000000 0.754839 0.000000 0.655910 0.332107 0.332107 0.332107
6229.962402 0.000000 379.214996 0.000000 0.616909 0.000000 0.787034 0.326657 0.326657 0.326657
6235.207520 0.000000 343.686218 0.000000 0.480544 0.000000 0.876971 0.330844 0.330844 0.330844
6229.277832 0.000000 375.839661 0.000000 0.978930 0.000000 0.204194 0.380709 0.380709 0.380709
6234.852539 0.000000 374.188385 0.000000 0.051646 0.000000 0.998665 0.297600 0.297600 0.297600
6231.086426 0.000000 377.853424 0.000000 0.364370 0.000000 0.931254 0.312678 0.312678 0.312678
6230.024902 0.000000 350.195557 0.000000 0.423601 0.000000 0.905849 0.314154 0.314154 0.314154
6234.441895 0.000000 350.835938 0.000000 0.511050 0.000000 0.859551 0.327990 0.327990 0.327990
6234.977051 0.000000 359.452209 0.000000 0.998805 0.000000 0.048878 0.372681 0.372681 0.372681
6235.215332 0.000000 358.319214 0.000000 0.181622 0.000000 0.983368 0.299578 0.299578 0.299578
6237.283691 0.000000 353.106140 0.000000 0.881974 0.000000 0.471299 0.368635 0.368635 0.368635
6232.506836 0.000000 380.585175 0.000000 0.175995 0.000000 0.984391 0.308084 0.308084 0.308084
6241.132812 0.000000 361.104340 0.000000 0.619771 0.000000 0.784782 0.336247 0.336247 0.336247
6235.323242 0.000000 354.176422 0.000000 0.988204 0.000000 0.153145 0.381768 0.381768 0.381768
6236.866211 0.000000 365.996338 0.000000 0.940122 0.000000 0.340839 0.373429 0.373429 0.373429
6239.498047 0.000000 365.913269 0.000000 0.412629 0.000000 0.910899 0.312493 0.312493 0.312493
6232.219238 0.000000 371.836090 0.000000 0.472136 0.000000 0.881526 0.317564 0.317564 0.317564
6237.914062 0.000000 370.359619 0.000000 0.749362 0.000000 0.662161 0.344714 0.344714 0.344714
6233.389160 0.000000 358.939972 0.000000 0.035723 0.000000 0.999362 0.300404 0.300404 0.300404
6235.996582 0.000000 376.678955 0.000000 0.976087 0.000000 0.217380 0.385722 0.385722 0.385722
6237.976074 0.000000 365.587585 0.000000 0.593665 0.000000 0.804713 0.328557 0.328557 0.328557
6238.083008 0.000000 374.418396 0.000000 0.185013 0.000000 0.982736 0.294216 0.294216 0.294216
6233.615723 0.000000 367.601074 0.000000 0.039618 0.000000 0.999215 0.283027 0.283027 0.283027
6239.390625 0.000000 369.826569 0.000000 0.907445 0.000000 0.420172 0.366873 0.366873 0.366873
6239.321777 0.000000 377.384796 0.000000 0.408271 0.000000 0.912861 0.312128 0.312128 0.312128
6240.754883 0.000000 358.412170 0.000000 0.136871 0.000000 0.990589 0.306952 0.306952 0.306952
6233.275879 0.000000 365.123322 0.000000 0.995337 0.000000 0.096461 0.392933 0.392933 0.392933
6234.791016 0.000000 352.570709 0.000000 0.543730 0.000000 0.839260 0.335852 0.335852 0.335852
6236.461426 0.000000 364.684998 0.000000 0.949485 0.000000 0.313811 0.375615 0.375615 0.375615
6235.134277 0.000000 341.438995 0.000000 0.986931 0.000000 0.161143 0.389656 0.389656 0.389656
6234.642578 0.000000 353.534546 0.000000 0.484259 0.000000 0.874925 0.331384 0.331384 0.331384
6233.832031 0.000000 362.542175 0.000000 0.315153 0.000000 0.949041 0.311984 0.311984 0.311984
6240.516113 0.000000 362.952545 0.000000 0.418638 0.000000 0.908153 0.312998 0.312998 0.312998
6234.465820 0.000000 368.864288 0.000000 0.785216 0.000000 0.619221 0.348988 0.348988 0.348988
6232.401855 0.000000 372.934052 0.000000 0.793036 0.000000 0.609175 0.349960 0.349960 0.349960
6231.461426 0.000000 373.376190 0.000000 0.162209 0.000000 0.986756 0.292447 0.292447 0.292447
6238.539551 0.000000 360.302917 0.000000 0.999937 0.000000 0.011186 0.399254 0.399254 0.399254
6240.370117 0.000000 373.876862 0.000000 0.643275 0.000000 0.765635 0.336430 0.336430 0.336430
6237.965332 0.000000 364.761322 0.000000 0.908108 0.000000 0.418735 0.366994 0.366994 0.366994
6230.185059 0.000000 371.595703 0.000000 0.407375 0.000000 0.913261 0.312053 0.312053 0.312053
6238.949707 0.000000 371.445831 0.000000 0.561469 0.000000 0.827498 0.325543 0.325543 0.325543
6232.153809 0.000000 370.202209 0.000000 0.958894 0.000000 0.283766 0.378020 0.378020 0.378020
6234.412598 0.000000 367.791382 0.000000 0.928980 0.000000 0.370129 0.371035 0.371035 0.371035
6230.860840 0.000000 372.823486 0.000000 0.980675 0.000000 0.195641 0.384957 0.384957 0.384957
6235.299316 0.000000 362.455627 0.000000 0.252961 0.000000 0.967476 0.299537 0.299537 0.299537
6233.538574 0.000000 369.282135 0.000000 0.798635 0.000000 0.601815 0.350667 0.350667 0.350667
6238.327637 0.000000 366.992218 0.000000 0.994832 0.000000 0.101538 0.392230 0.392230 0.392230
6239.750977 0.000000 366.669281 0.000000 0.981533 0.000000 0.191292 0.385296 0.385296 0.385296
6238.600586 0.000000 369.792053 0.000000 0.178611 0.000000 0.983920 0.293719 0.293719 0.293719
6234.757812 0.000000 366.395142 0.000000 0.867890 0.000000 0.496757 0.360286 0.360286 0.360286
6239.290039 0.000000 375.743347 0.000000 0.251244 0.000000 0.967924 0.299402 0.299402 0.299402
6238.881348 0.000000 374.528809 0.000000 0.089191 0.000000 0.996015 0.286823 0.286823 0.286823
6233.739746 0.000000 372.677124 0.000000 0.830420 0.000000 0.557138 0.354856 0.354856 0.354856
6147.807617 0.000000 403.192444 0.000000 0.928553 0.000000 0.371199 0.234435 0.234435 0.234435
6145.194336 0.000000 404.664978 0.000000 0.190203 0.000000 0.981745 0.221456 0.221456 0.221456
6213.568848 0.000000 399.408508 0.000000 0.835914 0.000000 0.548861 0.195576 0.195576 0.195576
6223.844238 0.000000 398.517792 0.000000 0.983446 0.000000 0.181204 0.199892 0.199892 0.199892
6471.251465 0.000000 1410.377197 0.000000 0.244840 0.000000 0.969563 0.298897 0.298897 0.298897
6444.084473 0.000000 1442.853149 0.000000 0.160421 0.000000 0.987049 0.188210 0.188210 0.188210
6459.743652 0.000000 1462.836914 0.000000 0.518737 0.000000 0.854934 0.200895 0.200895 0.200895
6444.435059 0.000000 1448.084473 0.000000 0.999181 0.000000 0.040474 0.214637 0.214637 0.214637
6461.061035 0.000000 1412.665649 0.000000 0.673753 0.000000 0.738957 0.202203 0.202203 0.202203
6443.248535 0.000000 1444.935425 0.000000 0.945690 0.000000 0.325071 0.230043 0.230043 0.230043
6463.180664 0.000000 1418.210815 0.000000 0.032443 0.000000 0.999474 0.215527 0.215527 0.215527
6457.390625 0.000000 1454.516602 0.000000 0.999267 0.000000 0.038278 0.235799 0.235799 0.235799
6461.973633 0.000000 1416.084595 0.000000 0.462299 0.000000 0.886724 0.218880 0.218880 0.218880
6459.155762 0.000000 1440.559692 0.000000 0.520004 0.000000 0.854164 0.238348 0.238348 0.238348
6452.189941 0.000000 1446.183472 0.000000 0.362926 0.000000 0.931818 0.250648 0.250648 0.250648
6457.621582 0.000000 1445.000122 0.000000 0.992795 0.000000 0.119825 0.270479 0.270479 0.270479
6450.147461 0.000000 1437.182007 0.000000 0.292968 0.000000 0.956122 0.265755 0.265755 0.265755
6460.820312 0.000000 1442.770996 0.000000 0.607006 0.000000 0.794697 0.256346 0.256346 0.256346
6451.659180 0.000000 1436.225464 0.000000 0.499610 0.000000 0.866250 0.273268 0.273268 0.273268
6453.240234 0.000000 1454.352295 0.000000 0.047574 0.000000 0.998868 0.284782 0.284782 0.284782
6447.470703 0.000000 1438.962036 0.000000 0.723395 0.000000 0.690434 0.313819 0.313819 0.313819
6457.544922 0.000000 1461.672729 0.000000 0.905640 0.000000 0.424048 0.316007 0.316007 0.316007
6457.070312 0.000000 1458.828125 0.000000 0.240436 0.000000 0.970665 0.293137 0.293137 0.293137
6463.464844 0.000000 1458.430542 0.000000 0.999839 0.000000 0.017940 0.373257 0.373257 0.373257
6449.407715 0.000000 1437.881104 0.000000 0.997701 0.000000 0.067765 0.354140 0.354140 0.354140
6455.591309 0.000000 1461.105835 0.000000 0.850230 0.000000 0.526411 0.335140 0.335140 0.335140
6458.980469 0.000000 1450.546875 0.000000 0.359484 0.000000 0.933151 0.321585 0.321585 0.321585
6453.153809 0.000000 1441.732910 0.000000 0.619948 0.000000 0.784643 0.340317 0.340317 0.340317
6451.150391 0.000000 1454.752563 0.000000 0.376361 0.000000 0.926473 0.318978 0.318978 0.318978
6452.092285 0.000000 1443.844604 0.000000 0.822449 0.000000 0.568839 0.332589 0.332589 0.332589
6454.982422 0.000000 1455.734497 0.000000 0.147078 0.000000 0.989125 0.304184 0.304184 0.304184
6457.751953 0.000000 1443.625122 0.000000 0.292533 0.000000 0.956255 0.302680 0.302680 0.302680
6458.780762 0.000000 1442.962769 0.000000 0.817351 0.000000 0.576140 0.346207 0.346207 0.346207
6450.717773 0.000000 1440.678589 0.000000 0.208426 0.000000 0.978038 0.296040 0.296040 0.296040
6448.560547 0.000000 1439.241699 0.000000 0.967196 0.000000 0.254031 0.383649 0.383649 0.383649
6463.581543 0.000000 1417.444946 0.000000 0.349272 0.000000 0.937021 0.314531 0.314531 0.314531
6456.170898 0.000000 1442.125732 0.000000 0.332124 0.000000 0.943236 0.305864 0.305864 0.305864
6456.070801 0.000000 1443.458008 0.000000 0.231941 0.000000 0.972730 0.297882 0.297882 0.297882
6451.507324 0.000000 1440.899170 0.000000 0.592263 0.000000 0.805745 0.328424 0.328424 0.328424
6468.256348 0.000000 1467.625122 0.000000 0.238949 0.000000 0.971032 0.189507 0.189507 0.189507
6464.956543 0.000000 1453.229248 0.000000 0.290763 0.000000 0.956795 0.190044 0.190044 0.190044
6468.386230 0.000000 1422.526367 0.000000 0.533755 0.000000 0.845639 0.200177 0.200177 0.200177
6467.807617 0.000000 1419.911255 0.000000 0.739863 0.000000 0.672757 0.230259 0.230259 0.230259
6465.717285 0.000000 1456.554565 0.000000 0.970659 0.000000 0.240459 0.259055 0.259055 0.259055
6464.036621 0.000000 1457.136719 0.000000 0.901927 0.000000 0.431889 0.254549 0.254549 0.254549
6465.433105 0.000000 1459.365112 0.000000 0.708019 0.000000 0.706194 0.258017 0.258017 0.258017
6464.026367 0.000000 1449.226440 0.000000 0.621550 0.000000 0.783374 0.286500 0.286500 0.286500
6465.383301 0.000000 1414.185669 0.000000 0.999067 0.000000 0.043176 0.333235 0.333235 0.333235
6469.198730 0.000000 1459.281616 0.000000 0.657828 0.000000 0.753168 0.328014 0.328014 0.328014
6470.418945 0.000000 1419.326538 0.000000 0.550862 0.000000 0.834597 0.333634 0.333634 0.333634
6471.856934 0.000000 1418.628906 0.000000 0.746931 0.000000 0.664901 0.349636 0.349636 0.349636
6465.870117 0.000000 1417.736328 0.000000 0.989672 0.000000 0.143348 0.390268 0.390268 0.390268
6464.751465 0.000000 1416.112793 0.000000 0.810802 0.000000 0.585321 0.357696 0.357696 0.357696
6469.823242 0.000000 1461.115845 0.000000 0.868088 0.000000 0.496411 0.366032 0.366032 0.366032
6472.804688 0.000000 1418.913818 0.000000 0.921509 0.000000 0.388357 0.369530 0.369530 0.369530
6427.789062 0.000000 1503.773438 0.000000 0.293278 0.000000 0.956027 0.220919 0.220919 0.220919
6422.663086 0.000000 1503.484985 0.000000 0.828987 0.000000 0.559267 0.240615 0.240615 0.240615
6422.083008 0.000000 1505.035889 0.000000 0.945910 0.000000 0.324428 0.246746 0.246746 0.246746
6416.015625 0.000000 1502.378052 0.000000 0.882319 0.000000 0.470652 0.268416 0.268416 0.268416
6420.586426 0.000000 1507.897705 0.000000 0.976536 0.000000 0.215355 0.293527 0.293527 0.293527
6409.007812 0.000000 1505.302856 0.000000 0.988790 0.000000 0.149313 0.326703 0.326703 0.326703
6409.938477 0.000000 1503.080078 0.000000 0.985620 0.000000 0.168976 0.365029 0.365029 0.365029
6425.297852 0.000000 1507.668457 0.000000 0.181026 0.000000 0.983478 0.277169 0.277169 0.277169
6424.776855 0.000000 1504.647217 0.000000 0.685638 0.000000 0.727943 0.322823 0.322823 0.322823
6406.943359 0.000000 1502.271606 0.000000 0.300247 0.000000 0.953862 0.302516 0.302516 0.302516
6417.591309 0.000000 1504.103760 0.000000 0.713939 0.000000 0.700208 0.327296 0.327296 0.327296
6410.203125 0.000000 1505.157959 0.000000 0.248149 0.000000 0.968722 0.305748 0.305748 0.305748
6411.901367 0.000000 1505.705322 0.000000 0.703692 0.000000 0.710505 0.343578 0.343578 0.343578
6414.248047 0.000000 1505.928101 0.000000 0.730351 0.000000 0.683072 0.342554 0.342554 0.342554
6412.841309 0.000000 1504.521484 0.000000 0.976949 0.000000 0.213474 0.384049 0.384049 0.384049
6413.501953 0.000000 1505.532837 0.000000 0.157455 0.000000 0.987526 0.295253 0.295253 0.295253
6465.411133 0.000000 1469.830322 0.000000 0.871545 0.000000 0.490315 0.364946 0.364946 0.364946
"}
object={
	name="cypress_dense_generator_3_1"
	clamp_to_water_level=no
	render_under_water=no
	generated_content=yes
	layer="semidynamic_high"
	pdxmesh="tree_cypress_002_mesh"
	count=1184
	transform="2045.524414 0.000000 1587.075928 0.000000 0.811726 0.000000 -0.584038 0.204282 0.204282 0.204282
2038.117310 0.000000 1588.583862 0.000000 0.626807 0.000000 -0.779175 0.206579 0.206579 0.206579
2036.127808 0.000000 1599.444946 0.000000 0.957607 0.000000 -0.288077 0.218657 0.218657 0.218657
2042.963013 0.000000 1599.701172 0.000000 0.147136 0.000000 -0.989116 0.267973 0.267973 0.267973
2042.513306 0.000000 1595.258911 0.000000 0.886764 0.000000 -0.462222 0.270078 0.270078 0.270078
2038.458008 0.000000 1594.471924 0.000000 0.815582 0.000000 -0.578642 0.294787 0.294787 0.294787
2040.164185 0.000000 1594.485596 0.000000 0.322622 0.000000 -0.946528 0.346438 0.346438 0.346438
2060.244629 0.000000 1575.694702 0.000000 0.538892 0.000000 -0.842375 0.209253 0.209253 0.209253
2053.526123 0.000000 1566.144043 0.000000 0.907232 0.000000 -0.420631 0.260503 0.260503 0.260503
2094.165527 0.000000 1599.104736 0.000000 0.303913 0.000000 -0.952700 0.210082 0.210082 0.210082
2077.565674 0.000000 1624.861206 0.000000 0.795694 0.000000 -0.605699 0.205360 0.205360 0.205360
2095.221924 0.000000 1614.861084 0.000000 0.943419 0.000000 -0.331602 0.213281 0.213281 0.213281
2067.258789 0.000000 1620.456055 0.000000 0.808780 0.000000 -0.588111 0.216512 0.216512 0.216512
2094.877930 0.000000 1634.985962 0.000000 0.876295 0.000000 -0.481775 0.227307 0.227307 0.227307
2088.327148 0.000000 1603.834351 0.000000 0.437537 0.000000 -0.899200 0.246199 0.246199 0.246199
2070.662842 0.000000 1616.453735 0.000000 0.180493 0.000000 -0.983576 0.271720 0.271720 0.271720
2075.274658 0.000000 1624.182495 0.000000 0.867396 0.000000 -0.497619 0.277200 0.277200 0.277200
2088.703857 0.000000 1598.708740 0.000000 0.954724 0.000000 -0.297493 0.341336 0.341336 0.341336
2072.405762 0.000000 1618.614746 0.000000 0.772831 0.000000 -0.634612 0.333670 0.333670 0.333670
2073.920898 0.000000 1619.350220 0.000000 0.480706 0.000000 -0.876882 0.346614 0.346614 0.346614
2089.275879 0.000000 1612.664185 0.000000 0.472475 0.000000 -0.881344 0.409641 0.409641 0.409641
2073.416992 0.000000 1622.901611 0.000000 0.902041 0.000000 -0.431651 0.398415 0.398415 0.398415
2086.106445 0.000000 1612.134766 0.000000 0.999820 0.000000 -0.018971 0.349322 0.349322 0.349322
2071.948242 0.000000 1620.068970 0.000000 0.196887 0.000000 -0.980426 0.458627 0.458627 0.458627
2103.542480 0.000000 1661.176636 0.000000 0.948400 0.000000 -0.317076 0.206027 0.206027 0.206027
2103.370361 0.000000 1671.702271 0.000000 0.361407 0.000000 -0.932408 0.213473 0.213473 0.213473
2067.159424 0.000000 1658.266479 0.000000 0.048388 0.000000 -0.998829 0.262362 0.262362 0.262362
2067.123779 0.000000 1660.736206 0.000000 0.056919 0.000000 -0.998379 0.279911 0.279911 0.279911
2095.137695 0.000000 1674.526367 0.000000 0.755670 0.000000 -0.654953 0.329196 0.329196 0.329196
2099.066895 0.000000 1674.380249 0.000000 0.988038 0.000000 -0.154212 0.370813 0.370813 0.370813
2543.634277 0.000000 1677.929688 0.000000 0.470278 0.000000 -0.882518 0.385544 0.385544 0.385544
2541.596924 0.000000 1675.759888 0.000000 0.178327 0.000000 -0.983971 0.506303 0.506303 0.506303
2041.878052 0.000000 1838.081299 0.000000 0.885725 0.000000 -0.464209 0.297627 0.297627 0.297627
2045.635010 0.000000 1836.121948 0.000000 0.922312 0.000000 -0.386446 0.312624 0.312624 0.312624
2039.269409 0.000000 1838.941406 0.000000 0.064629 0.000000 -0.997909 0.515059 0.515059 0.515059
2023.558105 0.000000 1838.677368 0.000000 0.733083 0.000000 -0.680139 0.455832 0.455832 0.455832
2025.763672 0.000000 1841.845825 0.000000 0.501147 0.000000 -0.865362 0.478332 0.478332 0.478332
2024.186035 0.000000 1841.140625 0.000000 0.978490 0.000000 -0.206293 0.415562 0.415562 0.415562
2034.696167 0.000000 1838.883789 0.000000 0.764550 0.000000 -0.644564 0.453511 0.453511 0.453511
2049.603271 0.000000 1841.453369 0.000000 0.496200 0.000000 -0.868208 0.289075 0.289075 0.289075
2223.419678 0.000000 2169.060547 0.000000 0.118811 0.000000 -0.992917 0.307053 0.307053 0.307053
5852.116211 0.000000 168.384369 0.000000 0.418162 0.000000 -0.908373 0.210525 0.210525 0.210525
5867.550781 0.000000 119.768539 0.000000 0.412432 0.000000 -0.910988 0.209868 0.209868 0.209868
5848.739258 0.000000 141.537933 0.000000 0.662426 0.000000 -0.749127 0.235696 0.235696 0.235696
5855.859863 0.000000 160.802246 0.000000 0.878861 0.000000 -0.477078 0.223574 0.223574 0.223574
5870.857422 0.000000 118.472603 0.000000 0.682390 0.000000 -0.730988 0.253516 0.253516 0.253516
5851.568359 0.000000 146.376129 0.000000 0.490378 0.000000 -0.871510 0.256153 0.256153 0.256153
5855.464355 0.000000 164.604080 0.000000 0.761404 0.000000 -0.648278 0.312906 0.312906 0.312906
5842.853027 0.000000 206.060532 0.000000 0.597677 0.000000 -0.801737 0.206967 0.206967 0.206967
5853.260254 0.000000 203.722382 0.000000 0.948064 0.000000 -0.318080 0.206038 0.206038 0.206038
5870.583984 0.000000 218.233704 0.000000 0.879600 0.000000 -0.475714 0.213820 0.213820 0.213820
5854.667969 0.000000 205.834473 0.000000 0.974700 0.000000 -0.223518 0.214357 0.214357 0.214357
5858.794434 0.000000 207.712585 0.000000 0.864143 0.000000 -0.503246 0.217829 0.217829 0.217829
5886.677246 0.000000 171.999176 0.000000 0.579626 0.000000 -0.814883 0.222718 0.222718 0.222718
5885.061035 0.000000 170.009460 0.000000 0.357075 0.000000 -0.934076 0.225628 0.225628 0.225628
5838.008789 0.000000 189.198181 0.000000 0.994048 0.000000 -0.108940 0.230160 0.230160 0.230160
5848.837891 0.000000 207.564804 0.000000 0.927942 0.000000 -0.372725 0.247386 0.247386 0.247386
5846.663086 0.000000 204.344376 0.000000 0.899502 0.000000 -0.436917 0.273188 0.273188 0.273188
5871.481934 0.000000 217.011185 0.000000 0.755235 0.000000 -0.655454 0.258186 0.258186 0.258186
5844.371582 0.000000 205.991226 0.000000 0.938127 0.000000 -0.346292 0.260151 0.260151 0.260151
5845.357910 0.000000 193.345764 0.000000 0.983620 0.000000 -0.180255 0.274274 0.274274 0.274274
5864.255371 0.000000 214.339828 0.000000 0.991687 0.000000 -0.128670 0.279982 0.279982 0.279982
5844.957031 0.000000 197.614090 0.000000 0.988841 0.000000 -0.148972 0.253838 0.253838 0.253838
5838.922852 0.000000 199.673767 0.000000 0.377554 0.000000 -0.925988 0.302069 0.302069 0.302069
5843.482422 0.000000 195.143082 0.000000 0.511490 0.000000 -0.859289 0.280368 0.280368 0.280368
5862.914062 0.000000 212.235275 0.000000 0.546875 0.000000 -0.837214 0.282242 0.282242 0.282242
5845.697754 0.000000 190.935669 0.000000 0.634188 0.000000 -0.773179 0.305716 0.305716 0.305716
5839.627930 0.000000 193.202942 0.000000 0.972315 0.000000 -0.233673 0.314776 0.314776 0.314776
5838.840820 0.000000 197.247498 0.000000 0.774214 0.000000 -0.632924 0.321601 0.321601 0.321601
5840.823242 0.000000 191.057846 0.000000 0.232811 0.000000 -0.972522 0.371168 0.371168 0.371168
5840.829590 0.000000 193.207123 0.000000 0.990904 0.000000 -0.134574 0.338240 0.338240 0.338240
5845.633301 0.000000 199.622787 0.000000 0.920203 0.000000 -0.391442 0.355364 0.355364 0.355364
5842.787109 0.000000 198.712692 0.000000 0.659576 0.000000 -0.751638 0.434950 0.434950 0.434950
5843.692383 0.000000 200.262512 0.000000 0.861340 0.000000 -0.508029 0.433925 0.433925 0.433925
5944.590820 0.000000 53.910702 0.000000 0.991541 0.000000 -0.129791 0.231614 0.231614 0.231614
5945.560059 0.000000 50.644001 0.000000 0.885126 0.000000 -0.465351 0.242971 0.242971 0.242971
5949.091309 0.000000 51.711559 0.000000 0.361138 0.000000 -0.932512 0.285281 0.285281 0.285281
5951.399414 0.000000 48.492340 0.000000 0.958903 0.000000 -0.283734 0.270788 0.270788 0.270788
5949.468262 0.000000 48.486629 0.000000 0.846214 0.000000 -0.532843 0.345048 0.345048 0.345048
5959.852051 0.000000 37.177505 0.000000 0.997504 0.000000 -0.070607 0.202375 0.202375 0.202375
5964.277832 0.000000 55.256241 0.000000 0.382282 0.000000 -0.924046 0.238878 0.238878 0.238878
5975.245605 0.000000 55.660503 0.000000 0.999842 0.000000 -0.017791 0.222085 0.222085 0.222085
5954.331055 0.000000 39.945816 0.000000 0.999760 0.000000 -0.021921 0.228890 0.228890 0.228890
5964.416504 0.000000 41.917946 0.000000 0.142271 0.000000 -0.989828 0.260823 0.260823 0.260823
5964.826172 0.000000 39.186123 0.000000 0.846972 0.000000 -0.531638 0.262949 0.262949 0.262949
5972.429199 0.000000 50.022648 0.000000 0.631478 0.000000 -0.775394 0.296250 0.296250 0.296250
5973.138184 0.000000 55.816090 0.000000 0.677120 0.000000 -0.735872 0.302860 0.302860 0.302860
5952.096680 0.000000 40.037441 0.000000 0.998945 0.000000 -0.045921 0.292636 0.292636 0.292636
5952.003906 0.000000 42.079914 0.000000 0.199511 0.000000 -0.979896 0.317061 0.317061 0.317061
5966.955566 0.000000 52.292187 0.000000 0.519259 0.000000 -0.854617 0.340778 0.340778 0.340778
5967.300293 0.000000 43.088196 0.000000 0.200194 0.000000 -0.979756 0.302104 0.302104 0.302104
5967.254395 0.000000 45.383934 0.000000 0.956541 0.000000 -0.291598 0.302232 0.302232 0.302232
5970.832031 0.000000 44.177765 0.000000 0.467916 0.000000 -0.883773 0.354441 0.354441 0.354441
5968.322266 0.000000 50.170246 0.000000 0.126016 0.000000 -0.992028 0.417412 0.417412 0.417412
5969.929199 0.000000 53.215485 0.000000 0.691944 0.000000 -0.721952 0.386538 0.386538 0.386538
5969.039551 0.000000 44.920330 0.000000 0.982528 0.000000 -0.186115 0.339170 0.339170 0.339170
5970.010254 0.000000 47.832310 0.000000 0.225713 0.000000 -0.974194 0.396700 0.396700 0.396700
5969.692871 0.000000 49.897583 0.000000 0.672469 0.000000 -0.740126 0.428105 0.428105 0.428105
5970.612793 0.000000 48.585049 0.000000 0.648188 0.000000 -0.761481 0.403665 0.403665 0.403665
5905.114746 0.000000 111.044235 0.000000 0.707736 0.000000 -0.706477 0.205974 0.205974 0.205974
5894.827637 0.000000 112.483238 0.000000 0.463041 0.000000 -0.886337 0.210063 0.210063 0.210063
5945.532715 0.000000 71.458984 0.000000 0.550960 0.000000 -0.834532 0.219190 0.219190 0.219190
5908.672363 0.000000 76.041725 0.000000 0.433119 0.000000 -0.901337 0.235424 0.235424 0.235424
5910.347168 0.000000 79.128021 0.000000 0.962361 0.000000 -0.271776 0.220802 0.220802 0.220802
5942.278809 0.000000 56.516281 0.000000 0.207197 0.000000 -0.978299 0.245572 0.245572 0.245572
5904.417480 0.000000 102.355392 0.000000 0.997284 0.000000 -0.073646 0.267196 0.267196 0.267196
5969.983398 0.000000 77.852615 0.000000 0.476030 0.000000 -0.879429 0.208720 0.208720 0.208720
5969.646484 0.000000 75.809204 0.000000 0.229051 0.000000 -0.973415 0.239657 0.239657 0.239657
5964.231934 0.000000 59.320911 0.000000 0.021840 0.000000 -0.999761 0.251111 0.251111 0.251111
5968.308105 0.000000 63.926357 0.000000 0.917052 0.000000 -0.398767 0.392610 0.392610 0.392610
5968.341797 0.000000 57.142551 0.000000 0.170701 0.000000 -0.985323 0.421873 0.421873 0.421873
5966.447754 0.000000 57.467072 0.000000 0.962480 0.000000 -0.271352 0.328140 0.328140 0.328140
5893.002930 0.000000 149.096741 0.000000 0.219207 0.000000 -0.975678 0.209772 0.209772 0.209772
5939.521484 0.000000 140.977615 0.000000 0.931717 0.000000 -0.363186 0.202737 0.202737 0.202737
5946.988770 0.000000 146.602814 0.000000 0.903252 0.000000 -0.429111 0.204208 0.204208 0.204208
5899.443359 0.000000 142.955826 0.000000 0.759385 0.000000 -0.650642 0.208636 0.208636 0.208636
5912.281738 0.000000 134.983932 0.000000 0.017883 0.000000 -0.999840 0.223958 0.223958 0.223958
5897.306152 0.000000 138.643372 0.000000 0.851183 0.000000 -0.524869 0.227960 0.227960 0.227960
5901.897461 0.000000 156.076706 0.000000 0.594774 0.000000 -0.803893 0.222502 0.222502 0.222502
5888.164062 0.000000 169.307831 0.000000 0.737475 0.000000 -0.675374 0.220291 0.220291 0.220291
5902.936035 0.000000 159.540649 0.000000 0.522342 0.000000 -0.852736 0.230113 0.230113 0.230113
5900.277832 0.000000 168.224991 0.000000 0.153195 0.000000 -0.988196 0.235053 0.235053 0.235053
5920.249023 0.000000 141.344482 0.000000 0.428472 0.000000 -0.903555 0.223398 0.223398 0.223398
5893.887695 0.000000 143.797379 0.000000 0.998381 0.000000 -0.056879 0.229400 0.229400 0.229400
5907.139160 0.000000 160.632477 0.000000 0.892600 0.000000 -0.450850 0.237820 0.237820 0.237820
5949.048828 0.000000 152.234070 0.000000 0.275721 0.000000 -0.961238 0.239015 0.239015 0.239015
5941.193359 0.000000 152.303711 0.000000 0.546258 0.000000 -0.837617 0.233723 0.233723 0.233723
5894.066895 0.000000 146.104248 0.000000 0.223397 0.000000 -0.974727 0.242532 0.242532 0.242532
5946.464844 0.000000 149.256149 0.000000 0.358077 0.000000 -0.933692 0.257179 0.257179 0.257179
5888.520996 0.000000 132.738800 0.000000 0.995893 0.000000 -0.090536 0.232171 0.232171 0.232171
5891.098633 0.000000 131.092773 0.000000 0.132376 0.000000 -0.991199 0.288790 0.288790 0.288790
5902.515625 0.000000 162.915436 0.000000 0.970139 0.000000 -0.242551 0.247413 0.247413 0.247413
5896.825684 0.000000 147.477844 0.000000 0.053511 0.000000 -0.998567 0.274043 0.274043 0.274043
5895.944824 0.000000 140.907104 0.000000 0.999687 0.000000 -0.025011 0.258218 0.258218 0.258218
5899.125000 0.000000 132.225281 0.000000 0.215017 0.000000 -0.976610 0.316647 0.316647 0.316647
5892.395996 0.000000 139.554565 0.000000 0.998910 0.000000 -0.046684 0.259797 0.259797 0.259797
5944.805176 0.000000 152.482895 0.000000 0.997434 0.000000 -0.071592 0.276265 0.276265 0.276265
5943.001953 0.000000 148.003403 0.000000 0.809636 0.000000 -0.586932 0.301529 0.301529 0.301529
5913.687012 0.000000 142.549759 0.000000 0.852110 0.000000 -0.523362 0.280399 0.280399 0.280399
5940.189941 0.000000 147.042847 0.000000 0.559533 0.000000 -0.828808 0.320790 0.320790 0.320790
5941.027344 0.000000 144.485809 0.000000 0.495962 0.000000 -0.868344 0.321534 0.321534 0.321534
5897.788574 0.000000 132.369614 0.000000 0.944224 0.000000 -0.329303 0.288795 0.288795 0.288795
5941.738770 0.000000 145.593903 0.000000 0.226633 0.000000 -0.973980 0.329874 0.329874 0.329874
5904.364258 0.000000 166.540131 0.000000 0.125269 0.000000 -0.992123 0.372038 0.372038 0.372038
5898.491211 0.000000 129.856323 0.000000 0.403068 0.000000 -0.915170 0.330370 0.330370 0.330370
5892.218262 0.000000 130.399857 0.000000 0.975830 0.000000 -0.218530 0.314264 0.314264 0.314264
5914.844727 0.000000 138.293503 0.000000 0.114341 0.000000 -0.993442 0.356571 0.356571 0.356571
5910.857910 0.000000 167.572281 0.000000 0.831750 0.000000 -0.555151 0.331622 0.331622 0.331622
5897.448242 0.000000 126.086769 0.000000 0.824674 0.000000 -0.565608 0.326816 0.326816 0.326816
5905.929199 0.000000 166.184235 0.000000 0.555092 0.000000 -0.831789 0.355156 0.355156 0.355156
5895.020020 0.000000 128.375549 0.000000 0.508003 0.000000 -0.861356 0.403146 0.403146 0.403146
5909.477051 0.000000 166.406174 0.000000 0.548449 0.000000 -0.836184 0.430919 0.430919 0.430919
5895.262695 0.000000 129.438950 0.000000 0.412816 0.000000 -0.910814 0.408221 0.408221 0.408221
5895.818359 0.000000 127.580109 0.000000 0.782334 0.000000 -0.622860 0.380388 0.380388 0.380388
5910.217285 0.000000 168.339050 0.000000 0.605359 0.000000 -0.795952 0.431555 0.431555 0.431555
5892.957031 0.000000 215.620224 0.000000 0.923337 0.000000 -0.383991 0.202853 0.202853 0.202853
5908.862305 0.000000 218.120148 0.000000 0.960016 0.000000 -0.279943 0.203295 0.203295 0.203295
5909.389160 0.000000 212.679001 0.000000 0.995850 0.000000 -0.091006 0.203712 0.203712 0.203712
5904.434082 0.000000 199.514282 0.000000 0.565553 0.000000 -0.824712 0.218998 0.218998 0.218998
5907.281738 0.000000 225.107574 0.000000 0.469728 0.000000 -0.882811 0.224204 0.224204 0.224204
5897.306152 0.000000 195.127747 0.000000 0.489447 0.000000 -0.872033 0.223946 0.223946 0.223946
5890.305176 0.000000 170.802979 0.000000 0.238715 0.000000 -0.971090 0.243714 0.243714 0.243714
5905.040527 0.000000 221.988617 0.000000 0.182742 0.000000 -0.983161 0.243101 0.243101 0.243101
5903.572266 0.000000 201.052994 0.000000 0.927040 0.000000 -0.374962 0.260754 0.260754 0.260754
5905.260742 0.000000 212.017441 0.000000 0.860072 0.000000 -0.510173 0.252481 0.252481 0.252481
5914.746094 0.000000 169.480103 0.000000 0.940448 0.000000 -0.339937 0.240795 0.240795 0.240795
5890.702148 0.000000 174.615875 0.000000 0.889577 0.000000 -0.456785 0.261282 0.261282 0.261282
5888.942871 0.000000 172.602509 0.000000 0.999885 0.000000 -0.015137 0.246773 0.246773 0.246773
5915.648926 0.000000 176.886627 0.000000 0.960349 0.000000 -0.278802 0.258759 0.258759 0.258759
5914.266113 0.000000 174.211258 0.000000 0.876664 0.000000 -0.481103 0.289322 0.289322 0.289322
5913.317871 0.000000 176.713470 0.000000 0.487893 0.000000 -0.872903 0.290686 0.290686 0.290686
5888.065918 0.000000 175.490356 0.000000 0.213950 0.000000 -0.976844 0.278328 0.278328 0.278328
5910.319336 0.000000 169.500076 0.000000 0.940906 0.000000 -0.338668 0.399244 0.399244 0.399244
5906.310059 0.000000 169.505753 0.000000 0.543704 0.000000 -0.839277 0.432749 0.432749 0.432749
5913.896973 0.000000 173.384125 0.000000 0.666998 0.000000 -0.745059 0.438772 0.438772 0.438772
5958.827637 0.000000 225.451996 0.000000 0.284805 0.000000 -0.958586 0.211042 0.211042 0.211042
5954.892090 0.000000 207.654419 0.000000 0.694276 0.000000 -0.719708 0.207622 0.207622 0.207622
5954.786133 0.000000 204.353790 0.000000 0.949892 0.000000 -0.312579 0.203016 0.203016 0.203016
5971.139160 0.000000 217.116852 0.000000 0.903586 0.000000 -0.428406 0.222893 0.222893 0.222893
5953.941895 0.000000 222.081146 0.000000 0.614512 0.000000 -0.788907 0.251035 0.251035 0.251035
5952.004883 0.000000 222.767181 0.000000 0.946286 0.000000 -0.323331 0.241710 0.241710 0.241710
5956.650391 0.000000 207.229187 0.000000 0.351698 0.000000 -0.936113 0.269898 0.269898 0.269898
5955.034668 0.000000 223.611450 0.000000 0.826560 0.000000 -0.562849 0.261141 0.261141 0.261141
5953.717285 0.000000 213.898254 0.000000 0.056087 0.000000 -0.998426 0.322392 0.322392 0.322392
5959.945312 0.000000 221.859085 0.000000 0.708662 0.000000 -0.705549 0.281746 0.281746 0.281746
5960.168945 0.000000 205.228790 0.000000 0.887081 0.000000 -0.461614 0.293781 0.293781 0.293781
5962.106445 0.000000 217.999725 0.000000 0.990313 0.000000 -0.138852 0.295318 0.295318 0.295318
5965.509277 0.000000 207.229401 0.000000 0.466537 0.000000 -0.884502 0.339860 0.339860 0.339860
5953.433105 0.000000 216.708908 0.000000 0.598550 0.000000 -0.801085 0.353215 0.353215 0.353215
5960.816895 0.000000 207.543610 0.000000 0.760826 0.000000 -0.648956 0.339687 0.339687 0.339687
5960.459473 0.000000 212.014175 0.000000 0.775846 0.000000 -0.630922 0.364495 0.364495 0.364495
5968.442383 0.000000 210.260727 0.000000 0.443403 0.000000 -0.896322 0.373284 0.373284 0.373284
5967.254395 0.000000 214.837067 0.000000 0.841012 0.000000 -0.541016 0.354608 0.354608 0.354608
5961.139160 0.000000 214.176697 0.000000 0.669187 0.000000 -0.743094 0.340147 0.340147 0.340147
5970.832031 0.000000 213.630890 0.000000 0.261940 0.000000 -0.965084 0.380957 0.380957 0.380957
5969.554199 0.000000 215.633804 0.000000 0.981754 0.000000 -0.190153 0.323940 0.323940 0.323940
5956.258301 0.000000 212.974991 0.000000 0.142780 0.000000 -0.989754 0.354050 0.354050 0.354050
5966.093750 0.000000 209.178589 0.000000 0.634989 0.000000 -0.772521 0.365681 0.365681 0.365681
5959.645996 0.000000 211.274261 0.000000 0.495502 0.000000 -0.868607 0.372433 0.372433 0.372433
5969.039551 0.000000 214.373459 0.000000 0.674214 0.000000 -0.738536 0.346850 0.346850 0.346850
5963.038574 0.000000 214.462524 0.000000 0.947873 0.000000 -0.318648 0.337295 0.337295 0.337295
5968.365723 0.000000 212.647812 0.000000 0.861509 0.000000 -0.507742 0.356951 0.356951 0.356951
5964.126465 0.000000 214.393463 0.000000 0.225741 0.000000 -0.974187 0.388753 0.388753 0.388753
6067.450195 0.000000 222.292328 0.000000 0.070555 0.000000 -0.997508 0.270787 0.270787 0.270787
6065.522949 0.000000 224.124908 0.000000 0.108677 0.000000 -0.994077 0.275974 0.275974 0.275974
6062.419434 0.000000 225.167053 0.000000 0.746674 0.000000 -0.665190 0.266185 0.266185 0.266185
5879.474609 0.000000 231.008179 0.000000 0.515596 0.000000 -0.856832 0.227562 0.227562 0.227562
5883.459473 0.000000 235.297653 0.000000 0.027270 0.000000 -0.999628 0.239495 0.239495 0.239495
5875.356445 0.000000 248.112854 0.000000 0.321620 0.000000 -0.946869 0.277588 0.277588 0.277588
5877.702637 0.000000 243.774460 0.000000 0.696198 0.000000 -0.717850 0.270230 0.270230 0.270230
5882.884277 0.000000 241.221039 0.000000 0.423027 0.000000 -0.906117 0.309454 0.309454 0.309454
5879.127441 0.000000 234.872726 0.000000 0.913236 0.000000 -0.407430 0.293446 0.293446 0.293446
5880.780762 0.000000 239.885315 0.000000 0.757895 0.000000 -0.652376 0.341195 0.341195 0.341195
5882.285645 0.000000 242.356216 0.000000 0.782461 0.000000 -0.622700 0.310627 0.310627 0.310627
5872.708984 0.000000 244.169250 0.000000 0.993881 0.000000 -0.110459 0.295649 0.295649 0.295649
5875.448730 0.000000 241.211197 0.000000 0.985467 0.000000 -0.169868 0.304418 0.304418 0.304418
5875.049316 0.000000 238.844147 0.000000 0.995071 0.000000 -0.099163 0.305672 0.305672 0.305672
5874.041504 0.000000 239.591446 0.000000 0.647450 0.000000 -0.762108 0.330009 0.330009 0.330009
5882.839844 0.000000 246.529465 0.000000 0.725101 0.000000 -0.688642 0.333396 0.333396 0.333396
5877.360840 0.000000 236.591537 0.000000 0.989719 0.000000 -0.143027 0.324562 0.324562 0.324562
5878.398438 0.000000 239.994095 0.000000 0.836170 0.000000 -0.548470 0.390884 0.390884 0.390884
5877.057617 0.000000 238.555084 0.000000 0.642447 0.000000 -0.766330 0.383838 0.383838 0.383838
5879.181152 0.000000 240.765472 0.000000 0.080443 0.000000 -0.996759 0.416199 0.416199 0.416199
5745.044434 0.000000 444.074585 0.000000 0.502696 0.000000 -0.864463 0.207559 0.207559 0.207559
5734.643555 0.000000 447.092712 0.000000 0.266536 0.000000 -0.963825 0.210881 0.210881 0.210881
5732.314453 0.000000 448.786530 0.000000 0.886933 0.000000 -0.461899 0.204435 0.204435 0.204435
5744.587402 0.000000 446.316681 0.000000 0.179848 0.000000 -0.983694 0.226360 0.226360 0.226360
5742.877930 0.000000 448.814117 0.000000 0.097417 0.000000 -0.995244 0.241432 0.241432 0.241432
5747.450195 0.000000 448.229828 0.000000 0.945738 0.000000 -0.324931 0.252507 0.252507 0.252507
5745.522949 0.000000 450.062408 0.000000 0.932389 0.000000 -0.361457 0.241160 0.241160 0.241160
5754.732422 0.000000 449.063568 0.000000 0.425617 0.000000 -0.904904 0.286618 0.286618 0.286618
5757.900391 0.000000 448.458466 0.000000 0.499442 0.000000 -0.866347 0.261424 0.261424 0.261424
5860.219727 0.000000 379.063751 0.000000 0.169164 0.000000 -0.985588 0.211191 0.211191 0.211191
5873.605957 0.000000 391.760101 0.000000 0.626781 0.000000 -0.779196 0.207472 0.207472 0.207472
5849.164062 0.000000 394.765686 0.000000 0.984114 0.000000 -0.177539 0.203433 0.203433 0.203433
5876.503418 0.000000 393.323822 0.000000 0.647274 0.000000 -0.762257 0.208915 0.208915 0.208915
5867.827148 0.000000 377.093018 0.000000 0.993714 0.000000 -0.111945 0.208488 0.208488 0.208488
5872.587402 0.000000 389.832306 0.000000 0.820140 0.000000 -0.572163 0.222487 0.222487 0.222487
5882.541992 0.000000 388.077301 0.000000 0.384464 0.000000 -0.923140 0.252567 0.252567 0.252567
5880.590820 0.000000 392.816956 0.000000 0.129211 0.000000 -0.991617 0.263932 0.263932 0.263932
5867.631348 0.000000 382.456177 0.000000 0.464166 0.000000 -0.885748 0.251190 0.251190 0.251190
5874.704590 0.000000 386.830322 0.000000 0.178757 0.000000 -0.983893 0.263092 0.263092 0.263092
5880.193359 0.000000 391.357056 0.000000 0.610729 0.000000 -0.791840 0.287351 0.287351 0.287351
5871.430664 0.000000 383.041382 0.000000 0.415426 0.000000 -0.909627 0.322681 0.322681 0.322681
5869.920898 0.000000 380.230225 0.000000 0.814336 0.000000 -0.580394 0.292259 0.292259 0.292259
5879.150391 0.000000 386.988892 0.000000 0.997087 0.000000 -0.076275 0.276380 0.276380 0.276380
5874.104492 0.000000 383.619934 0.000000 0.937754 0.000000 -0.347301 0.313772 0.313772 0.313772
5879.960938 0.000000 385.062988 0.000000 0.965915 0.000000 -0.258860 0.330084 0.330084 0.330084
5764.256348 0.000000 450.906342 0.000000 0.344534 0.000000 -0.938774 0.211565 0.211565 0.211565
5887.450684 0.000000 403.319916 0.000000 0.088487 0.000000 -0.996077 0.216233 0.216233 0.216233
5839.571289 0.000000 402.003143 0.000000 0.474929 0.000000 -0.880024 0.216195 0.216195 0.216195
5852.442383 0.000000 395.408020 0.000000 0.295662 0.000000 -0.955293 0.225011 0.225011 0.225011
5877.692383 0.000000 407.125641 0.000000 0.008260 0.000000 -0.999966 0.251308 0.251308 0.251308
5883.648926 0.000000 416.903351 0.000000 0.978447 0.000000 -0.206499 0.250275 0.250275 0.250275
5860.465820 0.000000 397.176544 0.000000 0.291215 0.000000 -0.956658 0.271073 0.271073 0.271073
5887.487793 0.000000 411.718781 0.000000 0.989000 0.000000 -0.147917 0.257288 0.257288 0.257288
5877.819336 0.000000 404.016388 0.000000 0.738600 0.000000 -0.674144 0.247028 0.247028 0.247028
5854.747070 0.000000 396.978638 0.000000 0.921071 0.000000 -0.389396 0.285539 0.285539 0.285539
5887.011719 0.000000 404.752930 0.000000 0.805605 0.000000 -0.592453 0.296519 0.296519 0.296519
5854.457031 0.000000 398.441315 0.000000 0.879593 0.000000 -0.475727 0.272894 0.272894 0.272894
5861.430176 0.000000 399.857880 0.000000 0.963037 0.000000 -0.269368 0.299152 0.299152 0.299152
5857.218262 0.000000 398.209930 0.000000 0.870948 0.000000 -0.491374 0.302264 0.302264 0.302264
5880.780762 0.000000 409.338440 0.000000 0.629842 0.000000 -0.776723 0.333523 0.333523 0.333523
5887.449219 0.000000 412.948517 0.000000 0.987511 0.000000 -0.157552 0.305202 0.305202 0.305202
5880.164062 0.000000 408.313782 0.000000 0.876689 0.000000 -0.481058 0.320990 0.320990 0.320990
5883.085449 0.000000 405.907684 0.000000 0.708940 0.000000 -0.705269 0.330075 0.330075 0.330075
5887.557617 0.000000 407.188812 0.000000 0.066892 0.000000 -0.997760 0.388776 0.388776 0.388776
5893.002930 0.000000 262.065491 0.000000 0.140609 0.000000 -0.990065 0.210530 0.210530 0.210530
5893.178223 0.000000 251.307526 0.000000 0.927657 0.000000 -0.373432 0.203631 0.203631 0.203631
5898.112305 0.000000 244.091400 0.000000 0.001576 0.000000 -0.999999 0.229809 0.229809 0.229809
5890.523438 0.000000 240.352356 0.000000 0.377393 0.000000 -0.926053 0.229431 0.229431 0.229431
5901.897461 0.000000 269.045441 0.000000 0.589259 0.000000 -0.807944 0.223884 0.223884 0.223884
5899.567871 0.000000 266.090851 0.000000 0.978277 0.000000 -0.207304 0.215327 0.215327 0.215327
5911.051758 0.000000 228.985291 0.000000 0.999216 0.000000 -0.039584 0.212220 0.212220 0.212220
5902.324707 0.000000 249.825424 0.000000 0.807510 0.000000 -0.589854 0.223995 0.223995 0.223995
5890.200195 0.000000 242.556747 0.000000 0.024349 0.000000 -0.999704 0.267170 0.267170 0.267170
5898.858887 0.000000 233.466141 0.000000 0.913834 0.000000 -0.406088 0.228614 0.228614 0.228614
5889.541504 0.000000 247.101547 0.000000 0.235431 0.000000 -0.971891 0.246565 0.246565 0.246565
5894.638672 0.000000 235.490402 0.000000 0.999843 0.000000 -0.017710 0.240073 0.240073 0.240073
5895.353027 0.000000 238.638809 0.000000 0.417231 0.000000 -0.908800 0.279776 0.279776 0.279776
5902.941895 0.000000 251.578064 0.000000 0.638673 0.000000 -0.769478 0.251854 0.251854 0.251854
5902.208008 0.000000 237.186035 0.000000 0.538315 0.000000 -0.842744 0.257926 0.257926 0.257926
5903.744141 0.000000 236.897858 0.000000 0.992626 0.000000 -0.121214 0.242961 0.242961 0.242961
5904.417480 0.000000 271.808502 0.000000 0.982012 0.000000 -0.188816 0.253444 0.253444 0.253444
5903.615723 0.000000 254.691879 0.000000 0.999609 0.000000 -0.027971 0.269556 0.269556 0.269556
5891.585449 0.000000 245.530823 0.000000 0.271597 0.000000 -0.962411 0.293081 0.293081 0.293081
5894.769043 0.000000 261.944794 0.000000 0.950659 0.000000 -0.310237 0.295531 0.295531 0.295531
5914.960938 0.000000 262.225861 0.000000 0.082032 0.000000 -0.996630 0.307938 0.307938 0.307938
5895.009277 0.000000 247.577332 0.000000 0.973282 0.000000 -0.229615 0.277820 0.277820 0.277820
5915.966309 0.000000 275.206696 0.000000 0.797429 0.000000 -0.603412 0.287790 0.287790 0.287790
5907.806641 0.000000 261.238770 0.000000 0.385553 0.000000 -0.922686 0.307623 0.307623 0.307623
5915.110840 0.000000 263.546875 0.000000 0.975637 0.000000 -0.219393 0.277569 0.277569 0.277569
5917.388672 0.000000 275.128510 0.000000 0.780619 0.000000 -0.625007 0.288446 0.288446 0.288446
5900.303711 0.000000 254.891815 0.000000 0.953854 0.000000 -0.300272 0.326792 0.326792 0.326792
5914.950684 0.000000 270.796265 0.000000 0.804861 0.000000 -0.593464 0.358506 0.358506 0.358506
5912.739746 0.000000 272.669342 0.000000 0.059047 0.000000 -0.998255 0.410510 0.410510 0.410510
5898.165039 0.000000 250.869308 0.000000 0.577479 0.000000 -0.816405 0.357034 0.357034 0.357034
5907.230957 0.000000 271.259216 0.000000 0.436158 0.000000 -0.899870 0.360158 0.360158 0.360158
5913.416992 0.000000 267.276672 0.000000 0.365623 0.000000 -0.930763 0.385836 0.385836 0.385836
5913.297852 0.000000 265.012207 0.000000 0.996207 0.000000 -0.087011 0.336302 0.336302 0.336302
5908.768066 0.000000 270.877289 0.000000 0.954732 0.000000 -0.297467 0.381927 0.381927 0.381927
5897.617676 0.000000 252.616974 0.000000 0.991048 0.000000 -0.133504 0.386181 0.386181 0.386181
5902.657227 0.000000 266.790527 0.000000 0.906512 0.000000 -0.422181 0.378522 0.378522 0.378522
5915.925781 0.000000 271.141449 0.000000 0.962028 0.000000 -0.272952 0.343970 0.343970 0.343970
5901.020020 0.000000 257.822205 0.000000 0.963925 0.000000 -0.266174 0.368023 0.368023 0.368023
5901.947754 0.000000 256.381927 0.000000 0.537921 0.000000 -0.842995 0.402979 0.402979 0.402979
5902.439453 0.000000 258.220367 0.000000 0.931915 0.000000 -0.362678 0.385482 0.385482 0.385482
5908.089355 0.000000 267.071960 0.000000 0.929923 0.000000 -0.367753 0.413739 0.413739 0.413739
5899.486816 0.000000 252.705048 0.000000 0.642307 0.000000 -0.766448 0.409862 0.409862 0.409862
5900.656738 0.000000 264.198120 0.000000 0.706843 0.000000 -0.707370 0.412520 0.412520 0.412520
5904.800293 0.000000 267.675964 0.000000 0.255121 0.000000 -0.966909 0.485216 0.485216 0.485216
5908.889648 0.000000 269.933624 0.000000 0.748621 0.000000 -0.662998 0.449219 0.449219 0.449219
5903.898438 0.000000 260.710632 0.000000 0.704092 0.000000 -0.710108 0.441540 0.441540 0.441540
5907.377441 0.000000 267.676392 0.000000 0.826596 0.000000 -0.562795 0.441487 0.441487 0.441487
5904.299316 0.000000 265.888947 0.000000 0.748729 0.000000 -0.662876 0.449389 0.449389 0.449389
5903.573730 0.000000 264.224274 0.000000 0.362925 0.000000 -0.931818 0.482943 0.482943 0.482943
5903.263672 0.000000 265.224396 0.000000 0.699593 0.000000 -0.714541 0.455045 0.455045 0.455045
5897.578613 0.000000 257.000214 0.000000 0.931677 0.000000 -0.363288 0.424226 0.424226 0.424226
5900.841309 0.000000 261.865295 0.000000 0.027531 0.000000 -0.999621 0.507494 0.507494 0.507494
5990.465332 0.000000 251.035233 0.000000 0.997315 0.000000 -0.073232 0.200503 0.200503 0.200503
6008.634766 0.000000 261.726105 0.000000 0.855054 0.000000 -0.518538 0.204015 0.204015 0.204015
6009.614258 0.000000 278.318634 0.000000 0.494926 0.000000 -0.868935 0.207755 0.207755 0.207755
6002.569336 0.000000 281.911316 0.000000 0.693284 0.000000 -0.720664 0.206027 0.206027 0.206027
6008.851562 0.000000 257.549927 0.000000 0.132309 0.000000 -0.991208 0.210771 0.210771 0.210771
6014.018555 0.000000 251.832596 0.000000 0.892892 0.000000 -0.450271 0.203615 0.203615 0.203615
6000.763672 0.000000 265.743958 0.000000 0.982309 0.000000 -0.187268 0.201528 0.201528 0.201528
5990.643555 0.000000 277.639587 0.000000 0.202663 0.000000 -0.979248 0.211942 0.211942 0.211942
5980.116211 0.000000 281.353119 0.000000 0.781700 0.000000 -0.623654 0.205968 0.205968 0.205968
6007.341309 0.000000 277.229492 0.000000 0.918551 0.000000 -0.395302 0.215239 0.215239 0.215239
5996.424316 0.000000 278.483551 0.000000 0.993964 0.000000 -0.109711 0.217597 0.217597 0.217597
5992.581055 0.000000 256.201874 0.000000 0.659674 0.000000 -0.751552 0.218977 0.218977 0.218977
6006.375000 0.000000 257.487213 0.000000 0.448646 0.000000 -0.893710 0.224477 0.224477 0.224477
6006.075195 0.000000 247.482529 0.000000 0.968460 0.000000 -0.249169 0.212323 0.212323 0.212323
5992.272949 0.000000 276.153137 0.000000 0.760627 0.000000 -0.649189 0.219889 0.219889 0.219889
5992.552734 0.000000 278.788635 0.000000 0.547759 0.000000 -0.836636 0.221850 0.221850 0.221850
5996.596680 0.000000 244.888824 0.000000 0.657128 0.000000 -0.753779 0.233198 0.233198 0.233198
6000.094238 0.000000 243.046768 0.000000 0.941100 0.000000 -0.338129 0.230010 0.230010 0.230010
5995.434082 0.000000 255.027542 0.000000 0.906399 0.000000 -0.422423 0.237346 0.237346 0.237346
6000.299805 0.000000 262.083984 0.000000 0.557274 0.000000 -0.830329 0.272421 0.272421 0.272421
6006.250977 0.000000 253.700775 0.000000 0.637005 0.000000 -0.770859 0.269136 0.269136 0.269136
6003.138184 0.000000 257.949646 0.000000 0.373430 0.000000 -0.927658 0.293560 0.293560 0.293560
6004.736328 0.000000 250.788528 0.000000 0.667383 0.000000 -0.744714 0.280332 0.280332 0.280332
6000.418945 0.000000 252.214142 0.000000 0.691960 0.000000 -0.721935 0.314488 0.314488 0.314488
6000.708984 0.000000 244.169250 0.000000 0.085901 0.000000 -0.996304 0.321602 0.321602 0.321602
5998.963867 0.000000 246.036957 0.000000 0.283956 0.000000 -0.958837 0.356908 0.356908 0.356908
5998.998535 0.000000 254.041351 0.000000 0.958181 0.000000 -0.286163 0.342087 0.342087 0.342087
5999.829590 0.000000 250.747330 0.000000 0.230441 0.000000 -0.973086 0.386974 0.386974 0.386974
5998.488281 0.000000 250.801941 0.000000 0.991281 0.000000 -0.131767 0.338125 0.338125 0.338125
5909.436035 0.000000 333.719818 0.000000 0.999650 0.000000 -0.026446 0.200248 0.200248 0.200248
5894.827637 0.000000 338.420746 0.000000 0.772940 0.000000 -0.634479 0.206092 0.206092 0.206092
5948.341309 0.000000 335.589722 0.000000 0.919225 0.000000 -0.393732 0.203839 0.203839 0.203839
5946.085938 0.000000 329.580475 0.000000 0.026797 0.000000 -0.999641 0.214455 0.214455 0.214455
5951.940430 0.000000 301.871368 0.000000 0.250786 0.000000 -0.968042 0.218697 0.218697 0.218697
5948.370605 0.000000 328.318512 0.000000 0.770578 0.000000 -0.637345 0.217205 0.217205 0.217205
5912.466797 0.000000 308.945953 0.000000 0.072444 0.000000 -0.997373 0.233232 0.233232 0.233232
5923.886719 0.000000 313.046356 0.000000 0.914923 0.000000 -0.403628 0.224961 0.224961 0.224961
5928.552734 0.000000 335.273010 0.000000 1.000000 0.000000 -0.000698 0.214014 0.214014 0.214014
5925.382812 0.000000 310.003906 0.000000 0.993319 0.000000 -0.115397 0.226819 0.226819 0.226819
5944.393555 0.000000 327.548553 0.000000 0.999982 0.000000 -0.005937 0.224171 0.224171 0.224171
5947.123047 0.000000 321.848114 0.000000 0.860882 0.000000 -0.508804 0.249965 0.249965 0.249965
5915.568359 0.000000 315.829254 0.000000 0.805162 0.000000 -0.593056 0.250417 0.250417 0.250417
5944.254883 0.000000 329.804260 0.000000 0.892101 0.000000 -0.451836 0.246407 0.246407 0.246407
5915.020508 0.000000 330.630066 0.000000 0.938342 0.000000 -0.345709 0.260139 0.260139 0.260139
5913.412598 0.000000 322.533356 0.000000 0.607810 0.000000 -0.794083 0.272548 0.272548 0.272548
5941.913086 0.000000 330.095856 0.000000 0.793843 0.000000 -0.608122 0.248195 0.248195 0.248195
5925.219727 0.000000 306.001312 0.000000 0.853258 0.000000 -0.521489 0.265228 0.265228 0.265228
5914.510254 0.000000 313.215118 0.000000 0.306984 0.000000 -0.951715 0.279320 0.279320 0.279320
5933.061035 0.000000 331.364655 0.000000 0.808219 0.000000 -0.588882 0.277068 0.277068 0.277068
5950.039551 0.000000 322.882141 0.000000 0.350668 0.000000 -0.936500 0.308573 0.308573 0.308573
5951.265137 0.000000 315.873840 0.000000 0.114946 0.000000 -0.993372 0.289156 0.289156 0.289156
5936.308105 0.000000 336.285645 0.000000 0.836706 0.000000 -0.547652 0.302813 0.302813 0.302813
5917.439453 0.000000 329.308624 0.000000 0.849376 0.000000 -0.527789 0.269150 0.269150 0.269150
5916.560059 0.000000 311.698303 0.000000 0.871758 0.000000 -0.489937 0.278256 0.278256 0.278256
5945.621582 0.000000 315.312653 0.000000 0.533007 0.000000 -0.846111 0.338811 0.338811 0.338811
5933.109375 0.000000 333.829681 0.000000 0.912800 0.000000 -0.408408 0.327134 0.327134 0.327134
5923.174316 0.000000 321.895325 0.000000 0.986250 0.000000 -0.165262 0.300764 0.300764 0.300764
5921.949219 0.000000 324.027557 0.000000 0.883947 0.000000 -0.467588 0.344764 0.344764 0.344764
5947.613770 0.000000 313.629120 0.000000 0.129233 0.000000 -0.991614 0.334262 0.334262 0.334262
5947.589355 0.000000 314.986755 0.000000 0.999837 0.000000 -0.018080 0.331252 0.331252 0.331252
5921.700195 0.000000 321.177399 0.000000 0.849949 0.000000 -0.526865 0.342172 0.342172 0.342172
5920.504395 0.000000 325.769165 0.000000 0.065527 0.000000 -0.997851 0.383944 0.383944 0.383944
5934.979004 0.000000 337.013214 0.000000 0.923350 0.000000 -0.383959 0.324968 0.324968 0.324968
5944.393555 0.000000 315.564453 0.000000 0.946014 0.000000 -0.324124 0.316658 0.316658 0.316658
5932.170898 0.000000 337.685852 0.000000 0.990728 0.000000 -0.135859 0.304520 0.304520 0.304520
5916.483398 0.000000 325.357269 0.000000 0.000983 0.000000 -1.000000 0.404682 0.404682 0.404682
5947.804199 0.000000 316.803223 0.000000 0.588456 0.000000 -0.808529 0.349392 0.349392 0.349392
5917.473145 0.000000 324.597748 0.000000 0.874187 0.000000 -0.485590 0.359792 0.359792 0.359792
5919.778320 0.000000 321.684387 0.000000 0.157391 0.000000 -0.987536 0.393207 0.393207 0.393207
5916.595215 0.000000 323.050690 0.000000 0.997769 0.000000 -0.066757 0.356076 0.356076 0.356076
5935.125000 0.000000 334.815552 0.000000 0.006763 0.000000 -0.999977 0.396118 0.396118 0.396118
5918.356445 0.000000 325.105896 0.000000 0.991781 0.000000 -0.127943 0.358961 0.358961 0.358961
5958.599121 0.000000 335.522827 0.000000 0.988915 0.000000 -0.148481 0.201005 0.201005 0.201005
5970.409180 0.000000 310.831390 0.000000 0.991865 0.000000 -0.127296 0.200988 0.200988 0.200988
5967.712891 0.000000 301.036041 0.000000 0.173948 0.000000 -0.984755 0.211327 0.211327 0.211327
5991.443848 0.000000 293.711243 0.000000 0.601361 0.000000 -0.798977 0.207741 0.207741 0.207741
5988.294922 0.000000 286.078644 0.000000 0.811002 0.000000 -0.585043 0.205617 0.205617 0.205617
6014.830566 0.000000 329.657013 0.000000 0.999901 0.000000 -0.014050 0.200696 0.200696 0.200696
5971.150879 0.000000 316.183411 0.000000 0.451358 0.000000 -0.892343 0.223110 0.223110 0.223110
5954.854492 0.000000 329.968811 0.000000 0.608420 0.000000 -0.793615 0.211968 0.211968 0.211968
5998.583984 0.000000 331.202454 0.000000 0.829936 0.000000 -0.557859 0.208719 0.208719 0.208719
5955.661133 0.000000 303.495422 0.000000 0.894714 0.000000 -0.446640 0.224359 0.224359 0.224359
6000.601562 0.000000 287.264130 0.000000 0.994872 0.000000 -0.101144 0.223195 0.223195 0.223195
5992.272949 0.000000 332.637512 0.000000 0.986101 0.000000 -0.166149 0.213684 0.213684 0.213684
5989.382812 0.000000 310.003906 0.000000 0.196938 0.000000 -0.980416 0.245720 0.245720 0.245720
5956.679688 0.000000 296.658203 0.000000 0.919432 0.000000 -0.393250 0.224815 0.224815 0.224815
5977.195312 0.000000 327.997681 0.000000 0.287662 0.000000 -0.957732 0.231955 0.231955 0.231955
5978.051758 0.000000 314.716095 0.000000 0.247607 0.000000 -0.968861 0.232466 0.232466 0.232466
6005.193359 0.000000 321.756836 0.000000 0.580119 0.000000 -0.814531 0.233187 0.233187 0.233187
6004.288574 0.000000 303.251984 0.000000 0.995343 0.000000 -0.096401 0.224273 0.224273 0.224273
6000.736816 0.000000 329.108704 0.000000 0.956454 0.000000 -0.291882 0.232881 0.232881 0.232881
5984.410645 0.000000 299.791412 0.000000 0.590699 0.000000 -0.806892 0.243555 0.243555 0.243555
6015.474121 0.000000 327.646301 0.000000 0.582968 0.000000 -0.812495 0.234456 0.234456 0.234456
5983.909668 0.000000 297.389313 0.000000 0.676873 0.000000 -0.736099 0.243207 0.243207 0.243207
5980.327637 0.000000 310.240540 0.000000 0.493396 0.000000 -0.869805 0.252024 0.252024 0.252024
5974.371582 0.000000 335.247864 0.000000 0.926238 0.000000 -0.376939 0.239012 0.239012 0.239012
6002.704590 0.000000 330.345947 0.000000 0.100268 0.000000 -0.994960 0.264421 0.264421 0.264421
5975.132812 0.000000 320.370575 0.000000 0.998548 0.000000 -0.053868 0.246344 0.246344 0.246344
5982.632324 0.000000 309.731995 0.000000 0.849278 0.000000 -0.527946 0.256596 0.256596 0.256596
5977.412598 0.000000 322.533356 0.000000 0.670576 0.000000 -0.741841 0.268277 0.268277 0.268277
5955.459473 0.000000 318.938110 0.000000 0.835751 0.000000 -0.549109 0.254538 0.254538 0.254538
5976.837891 0.000000 320.533539 0.000000 0.957035 0.000000 -0.289972 0.258987 0.258987 0.258987
5974.839355 0.000000 332.986725 0.000000 0.802751 0.000000 -0.596314 0.263190 0.263190 0.263190
5993.198730 0.000000 318.429962 0.000000 0.191424 0.000000 -0.981508 0.274415 0.274415 0.274415
5989.195312 0.000000 291.014252 0.000000 0.909143 0.000000 -0.416484 0.256742 0.256742 0.256742
6014.039551 0.000000 322.882141 0.000000 0.972052 0.000000 -0.234765 0.283872 0.283872 0.283872
5991.991211 0.000000 315.313477 0.000000 0.508353 0.000000 -0.861149 0.279063 0.279063 0.279063
5953.707031 0.000000 330.925842 0.000000 0.544581 0.000000 -0.838708 0.271356 0.271356 0.271356
6008.193359 0.000000 334.872681 0.000000 0.680452 0.000000 -0.732793 0.285282 0.285282 0.285282
6011.498047 0.000000 329.455902 0.000000 0.371880 0.000000 -0.928281 0.285038 0.285038 0.285038
5999.139160 0.000000 296.340149 0.000000 0.126227 0.000000 -0.992001 0.334350 0.334350 0.334350
6009.143066 0.000000 326.200439 0.000000 0.918558 0.000000 -0.395287 0.274639 0.274639 0.274639
6009.594238 0.000000 328.239777 0.000000 0.917254 0.000000 -0.398304 0.298129 0.298129 0.298129
6002.095215 0.000000 322.758759 0.000000 0.632546 0.000000 -0.774523 0.304404 0.304404 0.304404
5982.551758 0.000000 317.176697 0.000000 0.431736 0.000000 -0.902000 0.286472 0.286472 0.286472
5985.452148 0.000000 319.965637 0.000000 0.804188 0.000000 -0.594374 0.286229 0.286229 0.286229
5983.819336 0.000000 315.157684 0.000000 0.546185 0.000000 -0.837665 0.324081 0.324081 0.324081
5985.218262 0.000000 285.241180 0.000000 0.932121 0.000000 -0.362147 0.293373 0.293373 0.293373
5986.794922 0.000000 319.329712 0.000000 0.561790 0.000000 -0.827280 0.320710 0.320710 0.320710
6007.150391 0.000000 330.504517 0.000000 0.819444 0.000000 -0.573160 0.294615 0.294615 0.294615
5983.390625 0.000000 286.364044 0.000000 0.341381 0.000000 -0.939925 0.347290 0.347290 0.347290
5986.137695 0.000000 297.324982 0.000000 0.993913 0.000000 -0.110169 0.307177 0.307177 0.307177
5982.440430 0.000000 312.485718 0.000000 0.138678 0.000000 -0.990338 0.344821 0.344821 0.344821
5982.290527 0.000000 292.992798 0.000000 0.902889 0.000000 -0.429873 0.314104 0.314104 0.314104
5985.033203 0.000000 288.539520 0.000000 0.845824 0.000000 -0.533462 0.356877 0.356877 0.356877
5988.907227 0.000000 319.505981 0.000000 0.035073 0.000000 -0.999385 0.356017 0.356017 0.356017
5985.994629 0.000000 315.191406 0.000000 0.968400 0.000000 -0.249401 0.323712 0.323712 0.323712
6003.962891 0.000000 325.905853 0.000000 0.835973 0.000000 -0.548771 0.337895 0.337895 0.337895
5984.083008 0.000000 290.486908 0.000000 0.465982 0.000000 -0.884794 0.399342 0.399342 0.399342
5988.104492 0.000000 317.666595 0.000000 0.413066 0.000000 -0.910701 0.371594 0.371594 0.371594
5985.214844 0.000000 295.346283 0.000000 0.835289 0.000000 -0.549812 0.365615 0.365615 0.365615
5985.744629 0.000000 290.210083 0.000000 0.664339 0.000000 -0.747431 0.388260 0.388260 0.388260
6026.048340 0.000000 271.437805 0.000000 0.201277 0.000000 -0.979534 0.209051 0.209051 0.209051
6016.073242 0.000000 264.498962 0.000000 0.422137 0.000000 -0.906532 0.208784 0.208784 0.208784
6072.373535 0.000000 226.075928 0.000000 0.995228 0.000000 -0.097576 0.210610 0.210610 0.210610
6017.729980 0.000000 258.529785 0.000000 0.499929 0.000000 -0.866066 0.235770 0.235770 0.235770
6019.661133 0.000000 247.011047 0.000000 0.510098 0.000000 -0.860117 0.235613 0.235613 0.235613
6025.114258 0.000000 256.051270 0.000000 0.909015 0.000000 -0.416763 0.216708 0.216708 0.216708
6070.278809 0.000000 225.969406 0.000000 0.527114 0.000000 -0.849795 0.231367 0.231367 0.231367
6068.512207 0.000000 235.791885 0.000000 0.699771 0.000000 -0.714367 0.250512 0.250512 0.250512
6025.040527 0.000000 267.462067 0.000000 0.955124 0.000000 -0.296205 0.230579 0.230579 0.230579
6065.566406 0.000000 233.120117 0.000000 0.608923 0.000000 -0.793230 0.245857 0.245857 0.245857
6076.241699 0.000000 236.679947 0.000000 0.099005 0.000000 -0.995087 0.279104 0.279104 0.279104
6076.606934 0.000000 243.792542 0.000000 0.971214 0.000000 -0.238207 0.254398 0.254398 0.254398
6021.528809 0.000000 255.275681 0.000000 0.483660 0.000000 -0.875256 0.293597 0.293597 0.293597
6073.855957 0.000000 234.759628 0.000000 0.629786 0.000000 -0.776768 0.269316 0.269316 0.269316
6076.446777 0.000000 230.195404 0.000000 0.995385 0.000000 -0.095961 0.252817 0.252817 0.252817
6022.676758 0.000000 251.187653 0.000000 0.871988 0.000000 -0.489527 0.260756 0.260756 0.260756
6079.011719 0.000000 235.299805 0.000000 0.846893 0.000000 -0.531763 0.261695 0.261695 0.261695
6021.865234 0.000000 260.763550 0.000000 0.852740 0.000000 -0.522335 0.277843 0.277843 0.277843
6020.395996 0.000000 252.523315 0.000000 0.963523 0.000000 -0.267627 0.285927 0.285927 0.285927
6021.906250 0.000000 252.526245 0.000000 0.377236 0.000000 -0.926117 0.309298 0.309298 0.309298
6019.718262 0.000000 254.731491 0.000000 0.698017 0.000000 -0.716081 0.304797 0.304797 0.304797
6018.696289 0.000000 255.580109 0.000000 0.999303 0.000000 -0.037318 0.284471 0.284471 0.284471
6019.393555 0.000000 253.436142 0.000000 0.514825 0.000000 -0.857296 0.315231 0.315231 0.315231
6096.310547 0.000000 250.732117 0.000000 0.276715 0.000000 -0.960952 0.210792 0.210792 0.210792
6107.921387 0.000000 241.893219 0.000000 0.679387 0.000000 -0.733780 0.207816 0.207816 0.207816
6090.112305 0.000000 244.091400 0.000000 0.177237 0.000000 -0.984168 0.231955 0.231955 0.231955
6088.383301 0.000000 247.801254 0.000000 0.885406 0.000000 -0.464818 0.216110 0.216110 0.216110
6091.631836 0.000000 242.453812 0.000000 0.684068 0.000000 -0.729418 0.241763 0.241763 0.241763
6094.008789 0.000000 245.682556 0.000000 0.575719 0.000000 -0.817648 0.230628 0.230628 0.230628
6104.050781 0.000000 243.650497 0.000000 0.719211 0.000000 -0.694792 0.264354 0.264354 0.264354
6101.555664 0.000000 241.703262 0.000000 0.606978 0.000000 -0.794719 0.267192 0.267192 0.267192
6086.638672 0.000000 235.490402 0.000000 0.987461 0.000000 -0.157863 0.255169 0.255169 0.255169
6103.098145 0.000000 244.951859 0.000000 0.161876 0.000000 -0.986811 0.263379 0.263379 0.263379
6106.288574 0.000000 245.770203 0.000000 0.342821 0.000000 -0.939401 0.274312 0.274312 0.274312
6083.098633 0.000000 244.061523 0.000000 0.275057 0.000000 -0.961428 0.277108 0.277108 0.277108
6095.744141 0.000000 236.897858 0.000000 0.931761 0.000000 -0.363073 0.253244 0.253244 0.253244
6101.721191 0.000000 238.110245 0.000000 0.934066 0.000000 -0.357101 0.256750 0.256750 0.256750
6085.125488 0.000000 238.668610 0.000000 0.460243 0.000000 -0.887793 0.269093 0.269093 0.269093
6089.760254 0.000000 234.639221 0.000000 0.709163 0.000000 -0.705044 0.265934 0.265934 0.265934
6080.951172 0.000000 240.172668 0.000000 0.784483 0.000000 -0.620150 0.265047 0.265047 0.265047
6082.358887 0.000000 233.584671 0.000000 0.684724 0.000000 -0.728802 0.267904 0.267904 0.267904
6018.892090 0.000000 320.623169 0.000000 0.131312 0.000000 -0.991341 0.214431 0.214431 0.214431
6020.015137 0.000000 288.508942 0.000000 0.806676 0.000000 -0.590993 0.211596 0.211596 0.211596
6024.383301 0.000000 304.285645 0.000000 0.999998 0.000000 -0.001883 0.211786 0.211786 0.211786
6029.681152 0.000000 296.194611 0.000000 0.246284 0.000000 -0.969198 0.274805 0.274805 0.274805
6031.572266 0.000000 314.021759 0.000000 0.953098 0.000000 -0.302663 0.242549 0.242549 0.242549
6023.773438 0.000000 282.968872 0.000000 0.994664 0.000000 -0.103163 0.254101 0.254101 0.254101
6029.156250 0.000000 291.358307 0.000000 0.722500 0.000000 -0.691371 0.249984 0.249984 0.249984
6026.945312 0.000000 282.568024 0.000000 0.221560 0.000000 -0.975147 0.258085 0.258085 0.258085
6020.645020 0.000000 327.035736 0.000000 0.997576 0.000000 -0.069586 0.256861 0.256861 0.256861
6028.962891 0.000000 312.542572 0.000000 0.978775 0.000000 -0.204938 0.268990 0.268990 0.268990
6024.825684 0.000000 316.930969 0.000000 0.413944 0.000000 -0.910303 0.289726 0.289726 0.289726
6021.380859 0.000000 282.579895 0.000000 0.673215 0.000000 -0.739446 0.268208 0.268208 0.268208
6017.273926 0.000000 309.941620 0.000000 0.234269 0.000000 -0.972172 0.325126 0.325126 0.325126
6028.118652 0.000000 313.754639 0.000000 0.996180 0.000000 -0.087326 0.266359 0.266359 0.266359
6016.096680 0.000000 322.459320 0.000000 0.754100 0.000000 -0.656760 0.286813 0.286813 0.286813
6019.614258 0.000000 325.000793 0.000000 0.251789 0.000000 -0.967782 0.303807 0.303807 0.303807
6025.044434 0.000000 285.623230 0.000000 0.901450 0.000000 -0.432883 0.317980 0.317980 0.317980
6017.633789 0.000000 308.152435 0.000000 0.044046 0.000000 -0.999030 0.330486 0.330486 0.330486
6024.040039 0.000000 307.665741 0.000000 0.534994 0.000000 -0.844856 0.324475 0.324475 0.324475
6020.623047 0.000000 313.809113 0.000000 0.616544 0.000000 -0.787321 0.346730 0.346730 0.346730
6018.696289 0.000000 312.064484 0.000000 0.744838 0.000000 -0.667245 0.325693 0.325693 0.325693
6024.697754 0.000000 311.343292 0.000000 0.981206 0.000000 -0.192964 0.308681 0.308681 0.308681
6025.470215 0.000000 284.461029 0.000000 0.968274 0.000000 -0.249891 0.311731 0.311731 0.311731
6026.391113 0.000000 287.974457 0.000000 0.186451 0.000000 -0.982464 0.340238 0.340238 0.340238
6018.538086 0.000000 306.239807 0.000000 0.839855 0.000000 -0.542810 0.309088 0.309088 0.309088
6025.356934 0.000000 290.035309 0.000000 0.429938 0.000000 -0.902859 0.357435 0.357435 0.357435
6018.333008 0.000000 309.711792 0.000000 0.990500 0.000000 -0.137512 0.326691 0.326691 0.326691
6027.079102 0.000000 310.778198 0.000000 0.005381 0.000000 -0.999986 0.371534 0.371534 0.371534
6137.614258 0.000000 334.803009 0.000000 0.097770 0.000000 -0.995209 0.210664 0.210664 0.210664
6143.022949 0.000000 336.587433 0.000000 0.876161 0.000000 -0.482019 0.204709 0.204709 0.204709
6139.743652 0.000000 333.149384 0.000000 0.328476 0.000000 -0.944512 0.220556 0.220556 0.220556
6094.936035 0.000000 328.993774 0.000000 0.090917 0.000000 -0.995858 0.225972 0.225972 0.225972
6140.194824 0.000000 318.011017 0.000000 0.818594 0.000000 -0.574372 0.231228 0.231228 0.231228
6097.633301 0.000000 331.250732 0.000000 0.899016 0.000000 -0.437915 0.255955 0.255955 0.255955
6090.106445 0.000000 330.968475 0.000000 0.843214 0.000000 -0.537579 0.296076 0.296076 0.296076
6091.079590 0.000000 338.220947 0.000000 0.733988 0.000000 -0.679163 0.334318 0.334318 0.334318
6095.009277 0.000000 330.910065 0.000000 0.434492 0.000000 -0.900676 0.363203 0.363203 0.363203
6097.929199 0.000000 335.637360 0.000000 0.661587 0.000000 -0.749869 0.392723 0.392723 0.392723
6091.902832 0.000000 335.384949 0.000000 0.771598 0.000000 -0.636110 0.386666 0.386666 0.386666
6090.321289 0.000000 336.702209 0.000000 0.893590 0.000000 -0.448884 0.374783 0.374783 0.374783
6095.771484 0.000000 336.709564 0.000000 0.688984 0.000000 -0.724777 0.452016 0.452016 0.452016
5915.974121 0.000000 370.635773 0.000000 0.448883 0.000000 -0.893590 0.208140 0.208140 0.208140
5893.002930 0.000000 375.034241 0.000000 0.975890 0.000000 -0.218261 0.201621 0.201621 0.201621
5945.786621 0.000000 343.431061 0.000000 0.959480 0.000000 -0.281778 0.202211 0.202211 0.202211
5942.755859 0.000000 365.001648 0.000000 0.840306 0.000000 -0.542112 0.204577 0.204577 0.204577
5914.771973 0.000000 388.816528 0.000000 0.815857 0.000000 -0.578254 0.205234 0.205234 0.205234
5940.612793 0.000000 354.618225 0.000000 0.802225 0.000000 -0.597022 0.205431 0.205431 0.205431
5927.131348 0.000000 373.885376 0.000000 0.380050 0.000000 -0.924966 0.209877 0.209877 0.209877
5898.749023 0.000000 381.099121 0.000000 0.978590 0.000000 -0.205821 0.201863 0.201863 0.201863
5890.892090 0.000000 377.107544 0.000000 0.889967 0.000000 -0.456025 0.204197 0.204197 0.204197
5918.841309 0.000000 370.538391 0.000000 0.844578 0.000000 -0.535433 0.205360 0.205360 0.205360
5891.898438 0.000000 391.662903 0.000000 0.223398 0.000000 -0.974727 0.216255 0.216255 0.216255
5908.109863 0.000000 350.595917 0.000000 0.885181 0.000000 -0.465246 0.204410 0.204410 0.204410
5939.409180 0.000000 364.392487 0.000000 0.692063 0.000000 -0.721837 0.207651 0.207651 0.207651
5892.015137 0.000000 344.993317 0.000000 0.218917 0.000000 -0.975744 0.214936 0.214936 0.214936
5928.507812 0.000000 363.328613 0.000000 0.075936 0.000000 -0.997113 0.233189 0.233189 0.233189
5909.939941 0.000000 364.239685 0.000000 0.992451 0.000000 -0.122645 0.217757 0.217757 0.217757
5919.859863 0.000000 386.739746 0.000000 0.541294 0.000000 -0.840833 0.243106 0.243106 0.243106
5931.705078 0.000000 366.294006 0.000000 0.558548 0.000000 -0.829472 0.234851 0.234851 0.234851
5896.026367 0.000000 393.360657 0.000000 0.817633 0.000000 -0.575740 0.230004 0.230004 0.230004
5898.587402 0.000000 352.186584 0.000000 0.712738 0.000000 -0.701430 0.233463 0.233463 0.233463
5899.020996 0.000000 350.148499 0.000000 0.238859 0.000000 -0.971054 0.257799 0.257799 0.257799
5890.331055 0.000000 378.852051 0.000000 0.771857 0.000000 -0.635796 0.233534 0.233534 0.233534
5890.240723 0.000000 381.223663 0.000000 0.140980 0.000000 -0.990013 0.262288 0.262288 0.262288
5918.384766 0.000000 380.500946 0.000000 0.356064 0.000000 -0.934462 0.248892 0.248892 0.248892
5929.028320 0.000000 365.613098 0.000000 0.984351 0.000000 -0.176218 0.247390 0.247390 0.247390
5903.876465 0.000000 347.354492 0.000000 0.740613 0.000000 -0.671932 0.250838 0.250838 0.250838
5919.343262 0.000000 382.043030 0.000000 0.948848 0.000000 -0.315734 0.247548 0.247548 0.247548
5893.526367 0.000000 379.972168 0.000000 0.475101 0.000000 -0.879931 0.272920 0.272920 0.272920
5915.020508 0.000000 387.114441 0.000000 0.415433 0.000000 -0.909624 0.253413 0.253413 0.253413
5925.460449 0.000000 370.241486 0.000000 0.377153 0.000000 -0.926151 0.273609 0.273609 0.273609
5900.962891 0.000000 369.026947 0.000000 0.196923 0.000000 -0.980419 0.275760 0.275760 0.275760
5928.266113 0.000000 367.669708 0.000000 0.227515 0.000000 -0.973774 0.269412 0.269412 0.269412
5905.981934 0.000000 368.818481 0.000000 0.023868 0.000000 -0.999715 0.295599 0.295599 0.295599
5930.445312 0.000000 377.762146 0.000000 0.892123 0.000000 -0.451794 0.269831 0.269831 0.269831
5933.321289 0.000000 377.389191 0.000000 0.527457 0.000000 -0.849581 0.278604 0.278604 0.278604
5946.513184 0.000000 352.602661 0.000000 0.871769 0.000000 -0.489918 0.265748 0.265748 0.265748
5905.019043 0.000000 367.523804 0.000000 0.913035 0.000000 -0.407881 0.299659 0.299659 0.299659
5914.960938 0.000000 375.194611 0.000000 0.318323 0.000000 -0.947982 0.287678 0.287678 0.287678
5933.920898 0.000000 380.230225 0.000000 0.634289 0.000000 -0.773096 0.337524 0.337524 0.337524
5901.189453 0.000000 366.946930 0.000000 0.401403 0.000000 -0.915902 0.333358 0.333358 0.333358
5950.576172 0.000000 351.169769 0.000000 0.802653 0.000000 -0.596446 0.300547 0.300547 0.300547
5917.621094 0.000000 376.053680 0.000000 0.987510 0.000000 -0.157558 0.297029 0.297029 0.297029
5892.023926 0.000000 385.957458 0.000000 0.589105 0.000000 -0.808056 0.323937 0.323937 0.323937
5948.279297 0.000000 351.884003 0.000000 0.809325 0.000000 -0.587361 0.339575 0.339575 0.339575
5933.109375 0.000000 390.314056 0.000000 0.410739 0.000000 -0.911753 0.309804 0.309804 0.309804
5907.023926 0.000000 353.160706 0.000000 0.740201 0.000000 -0.672386 0.301846 0.301846 0.301846
5894.391602 0.000000 380.874298 0.000000 0.999108 0.000000 -0.042221 0.283469 0.283469 0.283469
5900.520508 0.000000 365.540344 0.000000 0.831996 0.000000 -0.554781 0.327689 0.327689 0.327689
5951.198730 0.000000 379.418610 0.000000 0.787849 0.000000 -0.615869 0.338184 0.338184 0.338184
5930.916016 0.000000 389.517883 0.000000 0.901411 0.000000 -0.432964 0.334393 0.334393 0.334393
5930.433594 0.000000 380.348694 0.000000 0.575419 0.000000 -0.817859 0.365771 0.365771 0.365771
5933.241699 0.000000 384.866394 0.000000 0.764163 0.000000 -0.645023 0.367987 0.367987 0.367987
5905.484863 0.000000 355.561920 0.000000 0.875617 0.000000 -0.483007 0.368766 0.368766 0.368766
5903.881348 0.000000 352.028778 0.000000 0.911635 0.000000 -0.411000 0.395893 0.395893 0.395893
5988.049805 0.000000 375.195831 0.000000 0.485208 0.000000 -0.874399 0.207439 0.207439 0.207439
5991.131348 0.000000 373.885376 0.000000 0.653936 0.000000 -0.756550 0.207712 0.207712 0.207712
5996.084473 0.000000 369.650024 0.000000 0.214200 0.000000 -0.976790 0.211332 0.211332 0.211332
6010.085938 0.000000 386.064850 0.000000 0.688008 0.000000 -0.725704 0.209654 0.209654 0.209654
6012.605469 0.000000 370.832855 0.000000 0.187641 0.000000 -0.982238 0.227656 0.227656 0.227656
5992.632324 0.000000 378.541412 0.000000 0.965593 0.000000 -0.260060 0.224171 0.224171 0.224171
5995.536621 0.000000 352.469330 0.000000 0.987637 0.000000 -0.156757 0.213575 0.213575 0.213575
5993.380859 0.000000 354.853882 0.000000 0.273898 0.000000 -0.961759 0.226637 0.226637 0.226637
5998.326660 0.000000 350.024323 0.000000 0.948701 0.000000 -0.316175 0.226125 0.226125 0.226125
5996.596680 0.000000 357.857574 0.000000 0.999573 0.000000 -0.029217 0.224490 0.224490 0.224490
6010.541992 0.000000 388.077301 0.000000 0.913615 0.000000 -0.406581 0.239509 0.239509 0.239509
6009.096680 0.000000 372.971191 0.000000 0.999701 0.000000 -0.024470 0.248069 0.248069 0.248069
6012.606934 0.000000 356.761292 0.000000 0.718898 0.000000 -0.695115 0.284064 0.284064 0.284064
6005.526855 0.000000 372.841736 0.000000 0.864420 0.000000 -0.502771 0.268549 0.268549 0.268549
5954.702148 0.000000 344.069000 0.000000 0.998553 0.000000 -0.053777 0.244076 0.244076 0.244076
6011.144043 0.000000 391.095917 0.000000 0.263923 0.000000 -0.964544 0.281654 0.281654 0.281654
5960.076660 0.000000 388.345673 0.000000 0.337953 0.000000 -0.941163 0.264534 0.264534 0.264534
6002.026855 0.000000 374.990417 0.000000 0.985357 0.000000 -0.170504 0.272876 0.272876 0.272876
6002.969727 0.000000 393.164948 0.000000 0.484248 0.000000 -0.874931 0.290780 0.290780 0.290780
6008.193359 0.000000 391.357056 0.000000 0.281500 0.000000 -0.959561 0.326749 0.326749 0.326749
6005.732422 0.000000 394.468567 0.000000 0.826837 0.000000 -0.562442 0.284021 0.284021 0.284021
6004.032715 0.000000 394.669739 0.000000 0.060125 0.000000 -0.998191 0.305417 0.305417 0.305417
5995.855957 0.000000 378.480469 0.000000 0.857951 0.000000 -0.513731 0.283931 0.283931 0.283931
5953.603027 0.000000 372.859619 0.000000 0.131319 0.000000 -0.991340 0.299241 0.299241 0.299241
6006.159668 0.000000 389.552979 0.000000 0.604588 0.000000 -0.796538 0.294350 0.294350 0.294350
5959.451660 0.000000 386.624023 0.000000 0.719137 0.000000 -0.694868 0.286701 0.286701 0.286701
5954.320312 0.000000 375.953491 0.000000 0.967339 0.000000 -0.253487 0.311850 0.311850 0.311850
5954.485352 0.000000 380.043549 0.000000 0.606786 0.000000 -0.794865 0.331666 0.331666 0.331666
6003.448730 0.000000 354.179932 0.000000 0.998145 0.000000 -0.060882 0.315849 0.315849 0.315849
6002.041504 0.000000 352.560211 0.000000 0.716932 0.000000 -0.697143 0.354341 0.354341 0.354341
5999.137695 0.000000 375.385773 0.000000 0.239299 0.000000 -0.970946 0.344683 0.344683 0.344683
5955.816406 0.000000 374.336975 0.000000 0.597635 0.000000 -0.801769 0.333435 0.333435 0.333435
6006.354980 0.000000 390.758301 0.000000 0.998723 0.000000 -0.050528 0.318898 0.318898 0.318898
6004.712891 0.000000 355.810944 0.000000 0.729469 0.000000 -0.684014 0.361901 0.361901 0.361901
6002.217285 0.000000 353.625702 0.000000 0.999984 0.000000 -0.005682 0.325147 0.325147 0.325147
6006.398438 0.000000 352.962830 0.000000 0.570125 0.000000 -0.821558 0.420477 0.420477 0.420477
6007.181152 0.000000 353.734222 0.000000 0.191248 0.000000 -0.981542 0.442272 0.442272 0.442272
5893.348633 0.000000 403.832397 0.000000 0.853541 0.000000 -0.521025 0.204105 0.204105 0.204105
5904.310547 0.000000 420.185242 0.000000 0.339497 0.000000 -0.940607 0.210087 0.210087 0.210087
5924.294922 0.000000 399.047394 0.000000 0.932873 0.000000 -0.360206 0.204112 0.204112 0.204112
5893.178223 0.000000 420.760651 0.000000 0.360650 0.000000 -0.932701 0.211402 0.211402 0.211402
5919.881836 0.000000 398.040100 0.000000 0.912078 0.000000 -0.410016 0.217825 0.217825 0.217825
5903.288574 0.000000 409.928619 0.000000 0.759241 0.000000 -0.650810 0.223689 0.223689 0.223689
5922.286621 0.000000 399.018372 0.000000 0.409602 0.000000 -0.912264 0.239835 0.239835 0.239835
5925.573730 0.000000 406.894867 0.000000 0.184495 0.000000 -0.982834 0.267312 0.267312 0.267312
5926.213867 0.000000 405.403900 0.000000 0.857911 0.000000 -0.513799 0.258792 0.258792 0.258792
5907.159180 0.000000 415.610199 0.000000 0.676788 0.000000 -0.736178 0.280057 0.280057 0.280057
5918.637207 0.000000 413.559540 0.000000 0.084682 0.000000 -0.996408 0.289790 0.289790 0.289790
5905.973633 0.000000 410.312012 0.000000 0.916414 0.000000 -0.400231 0.258850 0.258850 0.258850
5918.455078 0.000000 401.469147 0.000000 0.924931 0.000000 -0.380135 0.284064 0.284064 0.284064
5915.648926 0.000000 402.824127 0.000000 0.690232 0.000000 -0.723588 0.271715 0.271715 0.271715
5917.555176 0.000000 403.363861 0.000000 0.307351 0.000000 -0.951596 0.315617 0.315617 0.315617
5923.450684 0.000000 404.051392 0.000000 0.767890 0.000000 -0.640581 0.308644 0.308644 0.308644
5892.648926 0.000000 417.500641 0.000000 0.765341 0.000000 -0.643626 0.282494 0.282494 0.282494
5909.588379 0.000000 413.935303 0.000000 0.329454 0.000000 -0.944171 0.315001 0.315001 0.315001
5912.170898 0.000000 406.891479 0.000000 0.701326 0.000000 -0.712840 0.300645 0.300645 0.300645
5918.441895 0.000000 407.354706 0.000000 0.893216 0.000000 -0.449627 0.292179 0.292179 0.292179
5892.728516 0.000000 415.636902 0.000000 0.965423 0.000000 -0.260687 0.314492 0.314492 0.314492
5916.656250 0.000000 410.263092 0.000000 0.999891 0.000000 -0.014770 0.310865 0.310865 0.310865
5888.271973 0.000000 416.345978 0.000000 0.999169 0.000000 -0.040757 0.312880 0.312880 0.312880
5892.218262 0.000000 412.821716 0.000000 0.659541 0.000000 -0.751669 0.347556 0.347556 0.347556
5913.134766 0.000000 408.131378 0.000000 0.372829 0.000000 -0.927900 0.356660 0.356660 0.356660
5915.909180 0.000000 412.886536 0.000000 0.959119 0.000000 -0.283002 0.311622 0.311622 0.311622
5893.154785 0.000000 412.038147 0.000000 0.388876 0.000000 -0.921290 0.359047 0.359047 0.359047
5919.837402 0.000000 402.199005 0.000000 0.970258 0.000000 -0.242073 0.330647 0.330647 0.330647
5920.083008 0.000000 403.455658 0.000000 0.689119 0.000000 -0.724648 0.358618 0.358618 0.358618
5983.430176 0.000000 406.162567 0.000000 0.679254 0.000000 -0.733904 0.205452 0.205452 0.205452
5965.066406 0.000000 448.606812 0.000000 0.999148 0.000000 -0.041280 0.200289 0.200289 0.200289
5967.660156 0.000000 446.555908 0.000000 0.131607 0.000000 -0.991302 0.212213 0.212213 0.212213
5955.167969 0.000000 439.343323 0.000000 0.636151 0.000000 -0.771564 0.208031 0.208031 0.208031
5971.100098 0.000000 448.137573 0.000000 0.533387 0.000000 -0.845871 0.210278 0.210278 0.210278
5971.875488 0.000000 410.839447 0.000000 0.453402 0.000000 -0.891306 0.210300 0.210300 0.210300
6015.450684 0.000000 403.319916 0.000000 0.869184 0.000000 -0.494489 0.212837 0.212837 0.212837
5954.854492 0.000000 442.937561 0.000000 0.451766 0.000000 -0.892137 0.215143 0.215143 0.215143
5976.755859 0.000000 414.739838 0.000000 0.998558 0.000000 -0.053691 0.206729 0.206729 0.206729
5971.281738 0.000000 451.045074 0.000000 0.255721 0.000000 -0.966751 0.225481 0.225481 0.225481
5963.945801 0.000000 417.459137 0.000000 0.985062 0.000000 -0.172197 0.213755 0.213755 0.213755
6009.361328 0.000000 408.179871 0.000000 0.556408 0.000000 -0.830909 0.228292 0.228292 0.228292
6005.305176 0.000000 409.041534 0.000000 0.651947 0.000000 -0.758264 0.224237 0.224237 0.224237
5979.430664 0.000000 407.418335 0.000000 0.969059 0.000000 -0.246830 0.231027 0.231027 0.231027
6006.093750 0.000000 419.658020 0.000000 0.633296 0.000000 -0.773910 0.241449 0.241449 0.241449
5976.050781 0.000000 413.103638 0.000000 0.952194 0.000000 -0.305495 0.254523 0.254523 0.254523
6010.962891 0.000000 413.529327 0.000000 0.947782 0.000000 -0.318918 0.251194 0.251194 0.251194
6013.121582 0.000000 411.615631 0.000000 0.779281 0.000000 -0.626674 0.256235 0.256235 0.256235
5977.591309 0.000000 413.372375 0.000000 0.606432 0.000000 -0.795135 0.265864 0.265864 0.265864
5977.317871 0.000000 402.650970 0.000000 0.079331 0.000000 -0.996848 0.321776 0.321776 0.321776
6005.702637 0.000000 413.227570 0.000000 0.300532 0.000000 -0.953772 0.288078 0.288078 0.288078
5976.170898 0.000000 406.891479 0.000000 0.536774 0.000000 -0.843726 0.330097 0.330097 0.330097
5975.267578 0.000000 409.592682 0.000000 0.406785 0.000000 -0.913524 0.315693 0.315693 0.315693
5974.916016 0.000000 401.636719 0.000000 0.911433 0.000000 -0.411449 0.304743 0.304743 0.304743
6025.889160 0.000000 394.171265 0.000000 0.985768 0.000000 -0.168114 0.201392 0.201392 0.201392
6016.226074 0.000000 390.223267 0.000000 0.410396 0.000000 -0.911908 0.209600 0.209600 0.209600
6026.749023 0.000000 381.099121 0.000000 0.089518 0.000000 -0.995985 0.213312 0.213312 0.213312
6037.228027 0.000000 376.811401 0.000000 0.092849 0.000000 -0.995680 0.213466 0.213466 0.213466
6032.003418 0.000000 366.208923 0.000000 0.088984 0.000000 -0.996033 0.224592 0.224592 0.224592
6065.077637 0.000000 371.294189 0.000000 0.312011 0.000000 -0.950079 0.248201 0.248201 0.248201
6063.125977 0.000000 377.823395 0.000000 0.856131 0.000000 -0.516758 0.241426 0.241426 0.241426
6021.147461 0.000000 392.895416 0.000000 0.985309 0.000000 -0.170783 0.248453 0.248453 0.248453
6020.650391 0.000000 376.682312 0.000000 0.159828 0.000000 -0.987145 0.288212 0.288212 0.288212
6033.981934 0.000000 368.818481 0.000000 0.982596 0.000000 -0.185757 0.267389 0.267389 0.267389
6024.825684 0.000000 373.415344 0.000000 0.426398 0.000000 -0.904535 0.280973 0.280973 0.280973
6023.681641 0.000000 377.824310 0.000000 0.172415 0.000000 -0.985024 0.289419 0.289419 0.289419
6078.039551 0.000000 379.366516 0.000000 0.998231 0.000000 -0.059458 0.277104 0.277104 0.277104
6056.332520 0.000000 377.109222 0.000000 0.112188 0.000000 -0.993687 0.299677 0.299677 0.299677
6030.922852 0.000000 369.126892 0.000000 0.880571 0.000000 -0.473915 0.276593 0.276593 0.276593
6026.271484 0.000000 368.008057 0.000000 0.838234 0.000000 -0.545311 0.297599 0.297599 0.297599
6028.118652 0.000000 370.239014 0.000000 0.322477 0.000000 -0.946577 0.325527 0.325527 0.325527
6035.827148 0.000000 371.407623 0.000000 0.708874 0.000000 -0.705336 0.296359 0.296359 0.296359
6041.071777 0.000000 372.270233 0.000000 0.998664 0.000000 -0.051676 0.293937 0.293937 0.293937
6061.534668 0.000000 373.927765 0.000000 0.996779 0.000000 -0.080192 0.289048 0.289048 0.289048
6058.089355 0.000000 372.519531 0.000000 0.186755 0.000000 -0.982407 0.332571 0.332571 0.332571
6059.793457 0.000000 373.562561 0.000000 0.969877 0.000000 -0.243595 0.299578 0.299578 0.299578
6023.451660 0.000000 386.624023 0.000000 0.942958 0.000000 -0.332911 0.290109 0.290109 0.290109
6038.587402 0.000000 370.859741 0.000000 0.993475 0.000000 -0.114047 0.294600 0.294600 0.294600
6026.752930 0.000000 371.769440 0.000000 0.414052 0.000000 -0.910253 0.361049 0.361049 0.361049
6022.215332 0.000000 382.249146 0.000000 0.997963 0.000000 -0.063799 0.322798 0.322798 0.322798
6140.365723 0.000000 341.633911 0.000000 0.304966 0.000000 -0.952363 0.211647 0.211647 0.211647
6139.206543 0.000000 368.886993 0.000000 0.998589 0.000000 -0.053103 0.200484 0.200484 0.200484
6103.654785 0.000000 372.561707 0.000000 0.983429 0.000000 -0.181294 0.201684 0.201684 0.201684
6095.571289 0.000000 345.518768 0.000000 0.553594 0.000000 -0.832787 0.224392 0.224392 0.224392
6141.061035 0.000000 339.462585 0.000000 0.585746 0.000000 -0.810495 0.222631 0.222631 0.222631
6123.536621 0.000000 352.469330 0.000000 0.890295 0.000000 -0.455384 0.217201 0.217201 0.217201
6120.507812 0.000000 363.328613 0.000000 0.062157 0.000000 -0.998066 0.244767 0.244767 0.244767
6098.017090 0.000000 362.690948 0.000000 0.823400 0.000000 -0.567461 0.237352 0.237352 0.237352
6135.775879 0.000000 366.631195 0.000000 0.985834 0.000000 -0.167725 0.235652 0.235652 0.235652
6137.096680 0.000000 372.971191 0.000000 0.579977 0.000000 -0.814633 0.249063 0.249063 0.249063
6099.362793 0.000000 347.217865 0.000000 0.576120 0.000000 -0.817365 0.257153 0.257153 0.257153
6097.197754 0.000000 345.699341 0.000000 0.238819 0.000000 -0.971064 0.276391 0.276391 0.276391
6122.833008 0.000000 363.139069 0.000000 0.615249 0.000000 -0.788333 0.262984 0.262984 0.262984
6100.957031 0.000000 367.067200 0.000000 0.895723 0.000000 -0.444612 0.269662 0.269662 0.269662
6099.482422 0.000000 364.596191 0.000000 0.499329 0.000000 -0.866413 0.282047 0.282047 0.282047
6080.096680 0.000000 378.943695 0.000000 0.112439 0.000000 -0.993659 0.319368 0.319368 0.319368
6142.782227 0.000000 376.926331 0.000000 0.999567 0.000000 -0.029425 0.267333 0.267333 0.267333
6096.687012 0.000000 365.020111 0.000000 0.355668 0.000000 -0.934612 0.318650 0.318650 0.318650
6097.509277 0.000000 366.276733 0.000000 0.666337 0.000000 -0.745651 0.301886 0.301886 0.301886
6099.671875 0.000000 367.641052 0.000000 0.239532 0.000000 -0.970889 0.324975 0.324975 0.324975
6018.759766 0.000000 404.505219 0.000000 0.902714 0.000000 -0.430241 0.204053 0.204053 0.204053
6020.637695 0.000000 413.963440 0.000000 0.914927 0.000000 -0.403620 0.216542 0.216542 0.216542
6019.661133 0.000000 416.464172 0.000000 0.868081 0.000000 -0.496423 0.217738 0.217738 0.217738
6070.224609 0.000000 410.569397 0.000000 0.997270 0.000000 -0.073846 0.237603 0.237603 0.237603
6076.396973 0.000000 421.678619 0.000000 0.176437 0.000000 -0.984312 0.286391 0.286391 0.286391
6072.549805 0.000000 417.366425 0.000000 0.803081 0.000000 -0.595870 0.283693 0.283693 0.283693
6076.957031 0.000000 420.156555 0.000000 0.803774 0.000000 -0.594934 0.270821 0.270821 0.270821
6078.787598 0.000000 414.074646 0.000000 0.807910 0.000000 -0.589306 0.295123 0.295123 0.295123
6071.306152 0.000000 417.214294 0.000000 0.386153 0.000000 -0.922435 0.322129 0.322129 0.322129
6079.449219 0.000000 412.948517 0.000000 0.947923 0.000000 -0.318500 0.306710 0.306710 0.306710
6072.863770 0.000000 413.918671 0.000000 0.368418 0.000000 -0.929660 0.340380 0.340380 0.340380
6074.839844 0.000000 415.982605 0.000000 0.759715 0.000000 -0.650256 0.342445 0.342445 0.342445
6119.553711 0.000000 412.592926 0.000000 0.978768 0.000000 -0.204970 0.201830 0.201830 0.201830
6119.437012 0.000000 422.772522 0.000000 0.836299 0.000000 -0.548273 0.212285 0.212285 0.212285
6137.361328 0.000000 408.179871 0.000000 0.944161 0.000000 -0.329483 0.215625 0.215625 0.215625
6111.429199 0.000000 419.318756 0.000000 0.947617 0.000000 -0.319409 0.221425 0.221425 0.221425
6128.094238 0.000000 412.499878 0.000000 0.308509 0.000000 -0.951222 0.249647 0.249647 0.249647
6104.050781 0.000000 413.103638 0.000000 0.700430 0.000000 -0.713721 0.266170 0.266170 0.266170
6110.632324 0.000000 422.700745 0.000000 0.757504 0.000000 -0.652830 0.261991 0.261991 0.261991
6111.070801 0.000000 416.047852 0.000000 0.719011 0.000000 -0.694998 0.246191 0.246191 0.246191
6103.098145 0.000000 414.404968 0.000000 0.628386 0.000000 -0.777902 0.256040 0.256040 0.256040
6140.241699 0.000000 406.133087 0.000000 0.948699 0.000000 -0.316182 0.258327 0.258327 0.258327
6119.139160 0.000000 419.118347 0.000000 0.436060 0.000000 -0.899918 0.280753 0.280753 0.280753
6118.613281 0.000000 416.261383 0.000000 0.796406 0.000000 -0.604762 0.272358 0.272358 0.272358
6142.061523 0.000000 403.578766 0.000000 0.610102 0.000000 -0.792323 0.284652 0.284652 0.284652
6114.885254 0.000000 424.975372 0.000000 0.339148 0.000000 -0.940733 0.316195 0.316195 0.316195
6121.506836 0.000000 415.106415 0.000000 0.070626 0.000000 -0.997503 0.329744 0.329744 0.329744
6123.042480 0.000000 416.790070 0.000000 0.975043 0.000000 -0.222014 0.340643 0.340643 0.340643
5695.035645 0.000000 493.483185 0.000000 0.761933 0.000000 -0.647655 0.217355 0.217355 0.217355
5713.114746 0.000000 506.434845 0.000000 0.047316 0.000000 -0.998880 0.211981 0.211981 0.211981
5722.844238 0.000000 453.592468 0.000000 0.914554 0.000000 -0.404463 0.203171 0.203171 0.203171
5724.683105 0.000000 465.308929 0.000000 0.038528 0.000000 -0.999258 0.212432 0.212432 0.212432
5719.871582 0.000000 491.356018 0.000000 0.724550 0.000000 -0.689222 0.206929 0.206929 0.206929
5715.100098 0.000000 504.621948 0.000000 0.346073 0.000000 -0.938208 0.213634 0.213634 0.213634
5716.471191 0.000000 473.700562 0.000000 0.460260 0.000000 -0.887784 0.217690 0.217690 0.217690
5742.583984 0.000000 500.655579 0.000000 0.981373 0.000000 -0.192113 0.215145 0.215145 0.215145
5723.828125 0.000000 455.914185 0.000000 0.744770 0.000000 -0.667322 0.225220 0.225220 0.225220
5733.505371 0.000000 507.562683 0.000000 0.894877 0.000000 -0.446313 0.221929 0.221929 0.221929
5697.116211 0.000000 488.374207 0.000000 0.170201 0.000000 -0.985409 0.229252 0.229252 0.229252
5701.887695 0.000000 482.703644 0.000000 0.699149 0.000000 -0.714976 0.223475 0.223475 0.223475
5748.752441 0.000000 498.272339 0.000000 0.830496 0.000000 -0.557025 0.228460 0.228460 0.228460
5738.718262 0.000000 498.374023 0.000000 0.676881 0.000000 -0.736092 0.241907 0.241907 0.241907
5734.249512 0.000000 505.567230 0.000000 0.274442 0.000000 -0.961604 0.245987 0.245987 0.245987
5752.254883 0.000000 499.257385 0.000000 0.998328 0.000000 -0.057797 0.253220 0.253220 0.253220
5708.302734 0.000000 472.273438 0.000000 0.330275 0.000000 -0.943885 0.273149 0.273149 0.273149
5720.543945 0.000000 462.052521 0.000000 0.719367 0.000000 -0.694631 0.265656 0.265656 0.265656
5700.650391 0.000000 489.651062 0.000000 0.327460 0.000000 -0.944865 0.260513 0.260513 0.260513
5755.157715 0.000000 453.626770 0.000000 0.957082 0.000000 -0.289816 0.261369 0.261369 0.261369
5718.663086 0.000000 486.766235 0.000000 0.958441 0.000000 -0.285292 0.251751 0.251751 0.251751
5709.914551 0.000000 470.118073 0.000000 0.999885 0.000000 -0.015184 0.264762 0.264762 0.264762
5741.061035 0.000000 500.817780 0.000000 0.306472 0.000000 -0.951880 0.282195 0.282195 0.282195
5716.652832 0.000000 485.534088 0.000000 0.999941 0.000000 -0.010898 0.259051 0.259051 0.259051
5701.865234 0.000000 486.701050 0.000000 0.880102 0.000000 -0.474784 0.269133 0.269133 0.269133
5708.990723 0.000000 468.877258 0.000000 0.643423 0.000000 -0.765511 0.302670 0.302670 0.302670
5706.652832 0.000000 490.940796 0.000000 0.549359 0.000000 -0.835586 0.314107 0.314107 0.314107
5736.984863 0.000000 506.098389 0.000000 0.999966 0.000000 -0.008211 0.280324 0.280324 0.280324
5717.138184 0.000000 507.691101 0.000000 0.947763 0.000000 -0.318976 0.274015 0.274015 0.274015
5705.015625 0.000000 483.857025 0.000000 0.884912 0.000000 -0.465758 0.291393 0.291393 0.291393
5739.722168 0.000000 503.268677 0.000000 0.069129 0.000000 -0.997608 0.340709 0.340709 0.340709
5741.109375 0.000000 503.282806 0.000000 0.556683 0.000000 -0.830725 0.308269 0.308269 0.308269
5741.862305 0.000000 504.253082 0.000000 0.918296 0.000000 -0.395894 0.315433 0.315433 0.315433
5706.871094 0.000000 487.149536 0.000000 0.912582 0.000000 -0.408894 0.386778 0.386778 0.386778
5705.938477 0.000000 486.361359 0.000000 0.280368 0.000000 -0.959893 0.442321 0.442321 0.442321
5710.439453 0.000000 484.157867 0.000000 0.501043 0.000000 -0.865422 0.429377 0.429377 0.429377
5756.718750 0.000000 549.590820 0.000000 0.275328 0.000000 -0.961350 0.211127 0.211127 0.211127
5755.144043 0.000000 560.549011 0.000000 0.133622 0.000000 -0.991032 0.268211 0.268211 0.268211
5757.091309 0.000000 560.070923 0.000000 0.295308 0.000000 -0.955402 0.268153 0.268153 0.268153
5757.900391 0.000000 561.427246 0.000000 0.649363 0.000000 -0.760479 0.260861 0.260861 0.260861
5757.135254 0.000000 551.085999 0.000000 0.775686 0.000000 -0.631119 0.264033 0.264033 0.264033
5735.286133 0.000000 515.181519 0.000000 0.081810 0.000000 -0.996648 0.280916 0.280916 0.280916
5719.808105 0.000000 513.193115 0.000000 0.884946 0.000000 -0.465693 0.291391 0.291391 0.291391
5743.227539 0.000000 509.878632 0.000000 0.997927 0.000000 -0.064354 0.259029 0.259029 0.259029
5756.833984 0.000000 558.087708 0.000000 0.990494 0.000000 -0.137557 0.261699 0.261699 0.261699
5741.066406 0.000000 513.957764 0.000000 0.979603 0.000000 -0.200945 0.284170 0.284170 0.284170
5717.351074 0.000000 514.788513 0.000000 0.987774 0.000000 -0.155893 0.273695 0.273695 0.273695
5755.498047 0.000000 555.393372 0.000000 0.017689 0.000000 -0.999844 0.307946 0.307946 0.307946
5715.355469 0.000000 508.393097 0.000000 0.060223 0.000000 -0.998185 0.290301 0.290301 0.290301
5742.835449 0.000000 512.409912 0.000000 0.983006 0.000000 -0.183575 0.286061 0.286061 0.286061
5719.642578 0.000000 515.778442 0.000000 0.999538 0.000000 -0.030401 0.291061 0.291061 0.291061
5756.279297 0.000000 521.337158 0.000000 0.031496 0.000000 -0.999504 0.346583 0.346583 0.346583
5718.916016 0.000000 514.605469 0.000000 0.782314 0.000000 -0.622885 0.309317 0.309317 0.309317
5756.908691 0.000000 523.295105 0.000000 0.974960 0.000000 -0.222380 0.320350 0.320350 0.320350
5717.606445 0.000000 509.187012 0.000000 0.079558 0.000000 -0.996830 0.327945 0.327945 0.327945
5759.224609 0.000000 523.762695 0.000000 0.198483 0.000000 -0.980104 0.425426 0.425426 0.425426
5777.116211 0.000000 499.122498 0.000000 0.287191 0.000000 -0.957873 0.211180 0.211180 0.211180
5789.536621 0.000000 491.888153 0.000000 0.769406 0.000000 -0.638760 0.205968 0.205968 0.205968
5779.958008 0.000000 458.587585 0.000000 0.855964 0.000000 -0.517036 0.205155 0.205155 0.205155
5780.109863 0.000000 463.564667 0.000000 0.995947 0.000000 -0.089941 0.200854 0.200854 0.200854
5760.956543 0.000000 492.994904 0.000000 0.780221 0.000000 -0.625503 0.218285 0.218285 0.218285
5773.917480 0.000000 483.321228 0.000000 0.934989 0.000000 -0.354676 0.218316 0.218316 0.218316
5792.505859 0.000000 496.532806 0.000000 0.890852 0.000000 -0.454294 0.208723 0.208723 0.208723
5760.010254 0.000000 480.561310 0.000000 0.966113 0.000000 -0.258121 0.214767 0.214767 0.214767
5797.593262 0.000000 494.085663 0.000000 0.313393 0.000000 -0.949623 0.226162 0.226162 0.226162
5773.897461 0.000000 494.982941 0.000000 0.934291 0.000000 -0.356511 0.218339 0.218339 0.218339
5792.249023 0.000000 480.250732 0.000000 0.803785 0.000000 -0.594920 0.231570 0.231570 0.231570
5785.637695 0.000000 488.572388 0.000000 0.960188 0.000000 -0.279353 0.215020 0.215020 0.215020
5762.422852 0.000000 480.274597 0.000000 0.823500 0.000000 -0.567317 0.218701 0.218701 0.218701
5797.382812 0.000000 479.457031 0.000000 0.850443 0.000000 -0.526067 0.223050 0.223050 0.223050
5765.887695 0.000000 482.703644 0.000000 0.120515 0.000000 -0.992711 0.243964 0.243964 0.243964
5791.859863 0.000000 499.708496 0.000000 0.664190 0.000000 -0.747564 0.235663 0.235663 0.235663
5771.577637 0.000000 495.896118 0.000000 0.996565 0.000000 -0.082812 0.228640 0.228640 0.228640
5769.185059 0.000000 495.410217 0.000000 0.879148 0.000000 -0.476549 0.232122 0.232122 0.232122
5798.151855 0.000000 492.198822 0.000000 0.367526 0.000000 -0.930013 0.258404 0.258404 0.258404
5762.331055 0.000000 491.820801 0.000000 0.486114 0.000000 -0.873896 0.257596 0.257596 0.257596
5764.253418 0.000000 491.240906 0.000000 0.481541 0.000000 -0.876424 0.264522 0.264522 0.264522
5798.249512 0.000000 505.567230 0.000000 0.987400 0.000000 -0.158242 0.237815 0.237815 0.237815
5796.916992 0.000000 503.616211 0.000000 0.101142 0.000000 -0.994872 0.277588 0.277588 0.277588
5794.384277 0.000000 500.144806 0.000000 0.915757 0.000000 -0.401733 0.247920 0.247920 0.247920
5762.931152 0.000000 483.349701 0.000000 0.909083 0.000000 -0.416614 0.248197 0.248197 0.248197
5793.938477 0.000000 502.763519 0.000000 0.974089 0.000000 -0.226164 0.249466 0.249466 0.249466
5792.008789 0.000000 502.359375 0.000000 0.141694 0.000000 -0.989911 0.270977 0.270977 0.270977
5796.175781 0.000000 506.789734 0.000000 0.985806 0.000000 -0.167886 0.255365 0.255365 0.255365
5768.825684 0.000000 486.384094 0.000000 0.847328 0.000000 -0.531070 0.264193 0.264193 0.264193
5802.445312 0.000000 490.730896 0.000000 0.491852 0.000000 -0.870679 0.300397 0.300397 0.300397
5767.860840 0.000000 485.215210 0.000000 0.768538 0.000000 -0.639805 0.288903 0.288903 0.288903
5803.855957 0.000000 491.449219 0.000000 0.540225 0.000000 -0.841521 0.299012 0.299012 0.299012
5804.932129 0.000000 489.063629 0.000000 0.440185 0.000000 -0.897907 0.326244 0.326244 0.326244
5792.511719 0.000000 482.872253 0.000000 0.551066 0.000000 -0.834462 0.307050 0.307050 0.307050
5794.794922 0.000000 488.782837 0.000000 0.998844 0.000000 -0.048072 0.301776 0.301776 0.301776
5804.297363 0.000000 483.927521 0.000000 0.022576 0.000000 -0.999745 0.317073 0.317073 0.317073
5805.685059 0.000000 488.094696 0.000000 0.720753 0.000000 -0.693192 0.316010 0.316010 0.316010
5803.135742 0.000000 483.498047 0.000000 0.791363 0.000000 -0.611347 0.335320 0.335320 0.335320
5797.766602 0.000000 489.681915 0.000000 0.689577 0.000000 -0.724212 0.351640 0.351640 0.351640
5796.907227 0.000000 488.959106 0.000000 0.486476 0.000000 -0.873694 0.361028 0.361028 0.361028
5793.994629 0.000000 484.644531 0.000000 0.458017 0.000000 -0.888943 0.359267 0.359267 0.359267
5797.254883 0.000000 480.588745 0.000000 0.311831 0.000000 -0.950138 0.351347 0.351347 0.351347
5801.275879 0.000000 482.976685 0.000000 0.999167 0.000000 -0.040802 0.337830 0.337830 0.337830
5801.351074 0.000000 490.614075 0.000000 0.635861 0.000000 -0.771803 0.343053 0.343053 0.343053
5795.633789 0.000000 484.948792 0.000000 0.480999 0.000000 -0.876721 0.435247 0.435247 0.435247
5803.986328 0.000000 488.743408 0.000000 0.677270 0.000000 -0.735734 0.435024 0.435024 0.435024
5794.769043 0.000000 482.447479 0.000000 0.992460 0.000000 -0.122568 0.365705 0.365705 0.365705
5802.975098 0.000000 486.012238 0.000000 0.869648 0.000000 -0.493672 0.436607 0.436607 0.436607
5796.836914 0.000000 482.522552 0.000000 0.682071 0.000000 -0.731286 0.458564 0.458564 0.458564
5800.917480 0.000000 485.073456 0.000000 0.575926 0.000000 -0.817502 0.472397 0.472397 0.472397
5802.336914 0.000000 484.540161 0.000000 0.028440 0.000000 -0.999595 0.466489 0.466489 0.466489
5799.982422 0.000000 486.336945 0.000000 0.058598 0.000000 -0.998282 0.513633 0.513633 0.513633
5799.558105 0.000000 483.052368 0.000000 0.108603 0.000000 -0.994085 0.500737 0.500737 0.500737
5797.026367 0.000000 483.968842 0.000000 0.883448 0.000000 -0.468529 0.434817 0.434817 0.434817
5796.365234 0.000000 485.465485 0.000000 0.988265 0.000000 -0.152746 0.411715 0.411715 0.411715
5800.647461 0.000000 484.174774 0.000000 0.633288 0.000000 -0.773916 0.466946 0.466946 0.466946
5800.186035 0.000000 485.515625 0.000000 0.749721 0.000000 -0.661754 0.454703 0.454703 0.454703
5799.750000 0.000000 484.038300 0.000000 0.826809 0.000000 -0.562483 0.445637 0.445637 0.445637
5760.205078 0.000000 530.778076 0.000000 0.767792 0.000000 -0.640699 0.206163 0.206163 0.206163
5772.396484 0.000000 520.867126 0.000000 0.832462 0.000000 -0.554082 0.205131 0.205131 0.205131
5796.142090 0.000000 508.454590 0.000000 0.630984 0.000000 -0.775796 0.218105 0.218105 0.218105
5816.204590 0.000000 518.620239 0.000000 0.883408 0.000000 -0.468606 0.240573 0.240573 0.240573
5817.855957 0.000000 517.181519 0.000000 0.910634 0.000000 -0.413215 0.260345 0.260345 0.260345
5814.014648 0.000000 513.879456 0.000000 0.833394 0.000000 -0.552679 0.262171 0.262171 0.262171
5815.597168 0.000000 515.275574 0.000000 0.995851 0.000000 -0.091001 0.253864 0.253864 0.253864
5769.788574 0.000000 527.760254 0.000000 0.656215 0.000000 -0.754574 0.298165 0.298165 0.298165
5767.842285 0.000000 529.224182 0.000000 0.864238 0.000000 -0.503083 0.323092 0.323092 0.323092
5761.886230 0.000000 520.481384 0.000000 0.880102 0.000000 -0.474784 0.393153 0.393153 0.393153
5766.729492 0.000000 526.333374 0.000000 0.956933 0.000000 -0.290308 0.401341 0.401341 0.401341
5762.820312 0.000000 520.116699 0.000000 0.414907 0.000000 -0.909864 0.400412 0.400412 0.400412
5761.544434 0.000000 521.840332 0.000000 0.535876 0.000000 -0.844297 0.419618 0.419618 0.419618
5765.572266 0.000000 526.853943 0.000000 0.438094 0.000000 -0.898929 0.474478 0.474478 0.474478
5762.940430 0.000000 527.324463 0.000000 0.993730 0.000000 -0.111806 0.402460 0.402460 0.402460
5764.987305 0.000000 526.120117 0.000000 0.131121 0.000000 -0.991366 0.495940 0.495940 0.495940
5825.469238 0.000000 562.907471 0.000000 0.940441 0.000000 -0.339957 0.202468 0.202468 0.202468
5750.117188 0.000000 571.865173 0.000000 0.686032 0.000000 -0.727571 0.206102 0.206102 0.206102
5740.877441 0.000000 598.630737 0.000000 0.379620 0.000000 -0.925142 0.210028 0.210028 0.210028
5729.456543 0.000000 578.768616 0.000000 0.091197 0.000000 -0.995833 0.211819 0.211819 0.211819
5718.343750 0.000000 582.235962 0.000000 0.205033 0.000000 -0.978755 0.212262 0.212262 0.212262
5752.270996 0.000000 585.353455 0.000000 0.953745 0.000000 -0.300615 0.205854 0.205854 0.205854
5738.549316 0.000000 575.955139 0.000000 0.964351 0.000000 -0.264625 0.202374 0.202374 0.202374
5716.109863 0.000000 576.533386 0.000000 0.992957 0.000000 -0.118475 0.205131 0.205131 0.205131
5752.357422 0.000000 573.190674 0.000000 0.408433 0.000000 -0.912788 0.210623 0.210623 0.210623
5750.928223 0.000000 581.728821 0.000000 0.548616 0.000000 -0.836074 0.219221 0.219221 0.219221
5731.024414 0.000000 585.415894 0.000000 0.816239 0.000000 -0.577715 0.210193 0.210193 0.210193
5740.874023 0.000000 609.833008 0.000000 0.012916 0.000000 -0.999917 0.229678 0.229678 0.229678
5736.581055 0.000000 595.108154 0.000000 0.620381 0.000000 -0.784300 0.222132 0.222132 0.222132
5740.435059 0.000000 600.818909 0.000000 0.929823 0.000000 -0.368007 0.214905 0.214905 0.214905
5738.151367 0.000000 607.355347 0.000000 0.413020 0.000000 -0.910722 0.231658 0.231658 0.231658
5750.075195 0.000000 586.388794 0.000000 0.854441 0.000000 -0.519548 0.219273 0.219273 0.219273
5719.342285 0.000000 580.354492 0.000000 0.375755 0.000000 -0.926719 0.226748 0.226748 0.226748
5734.302734 0.000000 577.910461 0.000000 0.066612 0.000000 -0.997779 0.238987 0.238987 0.238987
5715.108398 0.000000 574.820923 0.000000 0.918045 0.000000 -0.396476 0.236920 0.236920 0.236920
5746.463867 0.000000 580.772095 0.000000 0.098973 0.000000 -0.995090 0.245689 0.245689 0.245689
5731.805176 0.000000 583.758118 0.000000 0.932840 0.000000 -0.360291 0.236334 0.236334 0.236334
5737.043945 0.000000 576.859375 0.000000 0.515629 0.000000 -0.856812 0.252965 0.252965 0.252965
5747.232422 0.000000 584.197693 0.000000 0.871264 0.000000 -0.490814 0.248375 0.248375 0.248375
5711.876465 0.000000 573.291992 0.000000 0.373204 0.000000 -0.927749 0.269474 0.269474 0.269474
5715.362793 0.000000 573.155396 0.000000 0.693058 0.000000 -0.720882 0.250664 0.250664 0.250664
5744.528809 0.000000 585.724731 0.000000 0.985831 0.000000 -0.167741 0.256524 0.256524 0.256524
5737.506836 0.000000 584.559570 0.000000 0.710379 0.000000 -0.703819 0.312398 0.312398 0.312398
5736.130371 0.000000 580.916260 0.000000 0.999996 0.000000 -0.002649 0.312697 0.312697 0.312697
5736.788574 0.000000 579.729980 0.000000 0.996762 0.000000 -0.080406 0.309656 0.309656 0.309656
5735.576660 0.000000 583.230164 0.000000 0.854028 0.000000 -0.520226 0.321164 0.321164 0.321164
5753.915527 0.000000 632.042908 0.000000 0.646927 0.000000 -0.762552 0.206062 0.206062 0.206062
5746.542480 0.000000 627.126648 0.000000 0.013161 0.000000 -0.999913 0.216974 0.216974 0.216974
5755.459473 0.000000 630.688293 0.000000 0.941805 0.000000 -0.336160 0.225215 0.225215 0.225215
5757.973633 0.000000 625.303284 0.000000 0.340686 0.000000 -0.940177 0.285742 0.285742 0.285742
5750.014648 0.000000 626.848206 0.000000 0.458817 0.000000 -0.888531 0.301317 0.301317 0.301317
5756.446777 0.000000 625.586060 0.000000 0.782432 0.000000 -0.622737 0.274122 0.274122 0.274122
5754.349609 0.000000 627.603516 0.000000 0.613415 0.000000 -0.789760 0.318858 0.318858 0.318858
5806.271484 0.000000 602.132263 0.000000 0.112757 0.000000 -0.993623 0.210009 0.210009 0.210009
5766.827637 0.000000 620.842590 0.000000 0.250094 0.000000 -0.968222 0.211517 0.211517 0.211517
5800.221680 0.000000 585.286987 0.000000 0.990884 0.000000 -0.134720 0.201215 0.201215 0.201215
5796.101074 0.000000 612.705078 0.000000 0.267562 0.000000 -0.963541 0.212170 0.212170 0.212170
5803.597168 0.000000 566.868225 0.000000 0.815732 0.000000 -0.578430 0.216380 0.216380 0.216380
5822.188965 0.000000 579.918335 0.000000 0.013370 0.000000 -0.999911 0.232520 0.232520 0.232520
5800.666504 0.000000 611.166260 0.000000 0.008669 0.000000 -0.999962 0.254216 0.254216 0.254216
5816.123047 0.000000 568.187317 0.000000 0.960373 0.000000 -0.278719 0.231501 0.231501 0.231501
5821.523438 0.000000 578.429199 0.000000 0.900934 0.000000 -0.433955 0.250971 0.250971 0.250971
5801.330078 0.000000 606.005432 0.000000 0.547301 0.000000 -0.836936 0.271293 0.271293 0.271293
5801.198730 0.000000 600.851807 0.000000 0.848598 0.000000 -0.529039 0.267920 0.267920 0.267920
5800.307617 0.000000 596.436218 0.000000 0.147283 0.000000 -0.989094 0.304863 0.304863 0.304863
5821.398438 0.000000 566.705566 0.000000 0.820390 0.000000 -0.571805 0.308803 0.308803 0.308803
5799.334473 0.000000 604.602051 0.000000 0.105754 0.000000 -0.994392 0.308882 0.308882 0.308882
5820.279297 0.000000 577.821533 0.000000 0.531648 0.000000 -0.846965 0.318924 0.318924 0.318924
5825.476562 0.000000 571.302429 0.000000 0.607894 0.000000 -0.794018 0.206527 0.206527 0.206527
5824.974121 0.000000 577.551514 0.000000 0.888739 0.000000 -0.458414 0.211187 0.211187 0.211187
5773.243652 0.000000 628.569275 0.000000 0.990523 0.000000 -0.137346 0.201221 0.201221 0.201221
5773.933594 0.000000 627.197021 0.000000 0.999764 0.000000 -0.021716 0.261528 0.261528 0.261528
5769.455566 0.000000 626.095154 0.000000 0.828952 0.000000 -0.559320 0.266120 0.266120 0.266120
5768.166504 0.000000 626.912781 0.000000 0.704552 0.000000 -0.709653 0.269998 0.269998 0.269998
5760.065918 0.000000 627.365356 0.000000 0.511019 0.000000 -0.859569 0.281761 0.281761 0.281761
5761.465820 0.000000 625.887573 0.000000 0.999120 0.000000 -0.041948 0.274406 0.274406 0.274406
5969.373535 0.000000 451.981476 0.000000 0.891986 0.000000 -0.452062 0.224436 0.224436 0.224436
5971.362793 0.000000 460.186615 0.000000 0.997157 0.000000 -0.075349 0.230806 0.230806 0.230806
4226.854492 0.000000 1685.593872 0.000000 0.658644 0.000000 -0.752455 0.212594 0.212594 0.212594
4224.036621 0.000000 1684.642090 0.000000 0.049213 0.000000 -0.998788 0.328784 0.328784 0.328784
4225.433105 0.000000 1685.302612 0.000000 0.405431 0.000000 -0.914126 0.318632 0.318632 0.318632
5137.695801 0.000000 1095.788452 0.000000 0.657200 0.000000 -0.753716 0.363111 0.363111 0.363111
5136.823242 0.000000 1094.807861 0.000000 0.967662 0.000000 -0.252252 0.339478 0.339478 0.339478
5217.051758 0.000000 1218.363403 0.000000 0.994315 0.000000 -0.106482 0.222125 0.222125 0.222125
5222.902344 0.000000 1214.777710 0.000000 0.916884 0.000000 -0.399153 0.282107 0.282107 0.282107
6206.830566 0.000000 329.657013 0.000000 0.010414 0.000000 -0.999946 0.214608 0.214608 0.214608
6146.786133 0.000000 317.322540 0.000000 0.751659 0.000000 -0.659552 0.208752 0.208752 0.208752
6146.854492 0.000000 329.968811 0.000000 0.155141 0.000000 -0.987892 0.226643 0.226643 0.226643
6151.852051 0.000000 319.599365 0.000000 0.997775 0.000000 -0.066670 0.212532 0.212532 0.212532
6148.253418 0.000000 321.787781 0.000000 0.987361 0.000000 -0.158485 0.233197 0.233197 0.233197
6202.544922 0.000000 314.392578 0.000000 0.166721 0.000000 -0.986004 0.279259 0.279259 0.279259
6203.649902 0.000000 337.375671 0.000000 0.013837 0.000000 -0.999904 0.292782 0.292782 0.292782
6205.091309 0.000000 334.133423 0.000000 0.894360 0.000000 -0.447348 0.268489 0.268489 0.268489
6205.900391 0.000000 335.489716 0.000000 0.999609 0.000000 -0.027959 0.259406 0.259406 0.259406
6145.437988 0.000000 320.382477 0.000000 0.394107 0.000000 -0.919064 0.271856 0.271856 0.271856
6199.150391 0.000000 330.504517 0.000000 0.867651 0.000000 -0.497174 0.322869 0.322869 0.322869
6203.660156 0.000000 331.963226 0.000000 0.781183 0.000000 -0.624303 0.350636 0.350636 0.350636
6202.635742 0.000000 333.597168 0.000000 0.844756 0.000000 -0.535152 0.342536 0.342536 0.342536
6199.149902 0.000000 332.519806 0.000000 0.995221 0.000000 -0.097644 0.327506 0.327506 0.327506
6200.844238 0.000000 333.952271 0.000000 0.036885 0.000000 -0.999319 0.381780 0.381780 0.381780
6241.639160 0.000000 312.459473 0.000000 0.061539 0.000000 -0.998105 0.210173 0.210173 0.210173
6233.924805 0.000000 335.662354 0.000000 0.045783 0.000000 -0.998951 0.210470 0.210470 0.210470
6231.654785 0.000000 316.077332 0.000000 0.299132 0.000000 -0.954212 0.211704 0.211704 0.211704
6242.441895 0.000000 316.385223 0.000000 0.525627 0.000000 -0.850715 0.209651 0.209651 0.209651
6213.887695 0.000000 313.250519 0.000000 0.997373 0.000000 -0.072432 0.223948 0.223948 0.223948
6235.270508 0.000000 334.168152 0.000000 0.540810 0.000000 -0.841145 0.245785 0.245785 0.245785
6265.789062 0.000000 301.783661 0.000000 0.464388 0.000000 -0.885632 0.232284 0.232284 0.232284
6233.175293 0.000000 324.791412 0.000000 0.508949 0.000000 -0.860797 0.255798 0.255798 0.255798
6241.938477 0.000000 333.310394 0.000000 0.807973 0.000000 -0.589220 0.270675 0.270675 0.270675
6259.356445 0.000000 304.597229 0.000000 0.834977 0.000000 -0.550285 0.269700 0.269700 0.269700
6240.008789 0.000000 332.906250 0.000000 0.127715 0.000000 -0.991811 0.287406 0.287406 0.287406
6211.098633 0.000000 300.545898 0.000000 0.946379 0.000000 -0.323060 0.262071 0.262071 0.262071
6213.528809 0.000000 311.760071 0.000000 0.309102 0.000000 -0.951029 0.274994 0.274994 0.274994
6250.833008 0.000000 306.654694 0.000000 0.926854 0.000000 -0.375421 0.257122 0.257122 0.257122
6251.594727 0.000000 304.821625 0.000000 0.884946 0.000000 -0.465693 0.275139 0.275139 0.275139
6214.676758 0.000000 307.672028 0.000000 0.552423 0.000000 -0.833564 0.286221 0.286221 0.286221
6215.860840 0.000000 315.762085 0.000000 0.500243 0.000000 -0.865885 0.272362 0.272362 0.272362
6209.273926 0.000000 309.941620 0.000000 0.603933 0.000000 -0.797035 0.299852 0.299852 0.299852
6237.245605 0.000000 318.256653 0.000000 0.997382 0.000000 -0.072320 0.271724 0.271724 0.271724
6234.960938 0.000000 318.710236 0.000000 0.999927 0.000000 -0.012114 0.273683 0.273683 0.273683
6238.551758 0.000000 317.176697 0.000000 0.431271 0.000000 -0.902222 0.302070 0.302070 0.302070
6209.603027 0.000000 316.375244 0.000000 0.916113 0.000000 -0.400919 0.296969 0.296969 0.296969
6254.218262 0.000000 301.298340 0.000000 0.185315 0.000000 -0.982679 0.306933 0.306933 0.306933
6239.464355 0.000000 334.057220 0.000000 0.371638 0.000000 -0.928378 0.338785 0.338785 0.338785
6210.320312 0.000000 319.469116 0.000000 0.793978 0.000000 -0.607947 0.306159 0.306159 0.306159
6223.086426 0.000000 319.957153 0.000000 0.969758 0.000000 -0.244068 0.301979 0.301979 0.301979
6238.679199 0.000000 336.387177 0.000000 0.308601 0.000000 -0.951192 0.362116 0.362116 0.362116
6236.533691 0.000000 336.886261 0.000000 0.729564 0.000000 -0.683912 0.402315 0.402315 0.402315
6234.143555 0.000000 338.123230 0.000000 0.670003 0.000000 -0.742358 0.422468 0.422468 0.422468
6206.018555 0.000000 364.801331 0.000000 0.861011 0.000000 -0.508586 0.204063 0.204063 0.204063
6201.683105 0.000000 341.061981 0.000000 0.441046 0.000000 -0.897484 0.228588 0.228588 0.228588
6206.677246 0.000000 341.452301 0.000000 0.351767 0.000000 -0.936088 0.221639 0.221639 0.221639
6198.278809 0.000000 338.938171 0.000000 0.981554 0.000000 -0.191183 0.233694 0.233694 0.233694
6145.941895 0.000000 391.534271 0.000000 0.877035 0.000000 -0.480426 0.226065 0.226065 0.226065
6147.196289 0.000000 384.656769 0.000000 0.915588 0.000000 -0.402117 0.243070 0.243070 0.243070
6201.855957 0.000000 347.728394 0.000000 0.008103 0.000000 -0.999967 0.270408 0.270408 0.270408
6205.900391 0.000000 391.974091 0.000000 0.994955 0.000000 -0.100321 0.244891 0.244891 0.244891
6144.096680 0.000000 378.943695 0.000000 0.543820 0.000000 -0.839202 0.325581 0.325581 0.325581
6246.465332 0.000000 364.003998 0.000000 0.977506 0.000000 -0.210909 0.201459 0.201459 0.201459
6239.085938 0.000000 346.535126 0.000000 0.252870 0.000000 -0.967500 0.211656 0.211656 0.211656
6229.436035 0.000000 390.204193 0.000000 0.876967 0.000000 -0.480551 0.204443 0.204443 0.204443
6211.898438 0.000000 391.662903 0.000000 0.336183 0.000000 -0.941797 0.215080 0.215080 0.215080
6215.852051 0.000000 376.083740 0.000000 0.809881 0.000000 -0.586594 0.218973 0.218973 0.218973
6215.324707 0.000000 365.516296 0.000000 0.908976 0.000000 -0.416849 0.209499 0.209499 0.209499
6219.910645 0.000000 366.589203 0.000000 0.410885 0.000000 -0.911687 0.230339 0.230339 0.230339
6219.567871 0.000000 379.059601 0.000000 0.439754 0.000000 -0.898118 0.228606 0.228606 0.228606
6225.040527 0.000000 391.441742 0.000000 0.748802 0.000000 -0.662794 0.226410 0.226410 0.226410
6222.853027 0.000000 355.808044 0.000000 0.886582 0.000000 -0.462571 0.225804 0.225804 0.225804
6220.302734 0.000000 359.304688 0.000000 0.452515 0.000000 -0.891757 0.262355 0.262355 0.262355
6235.020508 0.000000 387.114441 0.000000 0.201713 0.000000 -0.979445 0.264133 0.264133 0.264133
6208.129395 0.000000 370.950867 0.000000 0.966879 0.000000 -0.255234 0.248822 0.248822 0.248822
6212.650391 0.000000 376.682312 0.000000 0.726360 0.000000 -0.687314 0.251185 0.251185 0.251185
6220.962891 0.000000 369.026947 0.000000 0.013319 0.000000 -0.999911 0.289768 0.289768 0.289768
6213.528809 0.000000 368.244446 0.000000 0.777798 0.000000 -0.628514 0.282051 0.282051 0.282051
6223.107910 0.000000 374.101196 0.000000 0.776362 0.000000 -0.630287 0.276915 0.276915 0.276915
6220.710449 0.000000 375.640045 0.000000 0.697111 0.000000 -0.716964 0.263633 0.263633 0.263633
6213.865234 0.000000 373.732300 0.000000 0.598960 0.000000 -0.800779 0.298634 0.298634 0.298634
6212.395996 0.000000 365.492065 0.000000 0.701679 0.000000 -0.712493 0.268763 0.268763 0.268763
6242.905762 0.000000 374.287231 0.000000 0.374829 0.000000 -0.927094 0.277887 0.277887 0.277887
6219.080078 0.000000 388.713898 0.000000 0.972360 0.000000 -0.233486 0.292144 0.292144 0.292144
6224.139160 0.000000 377.862305 0.000000 0.092936 0.000000 -0.995672 0.307676 0.307676 0.307676
6227.482422 0.000000 364.596191 0.000000 0.676611 0.000000 -0.736340 0.298828 0.298828 0.298828
6221.528320 0.000000 393.424652 0.000000 0.248094 0.000000 -0.968736 0.289242 0.289242 0.289242
6216.569824 0.000000 394.843231 0.000000 0.971603 0.000000 -0.236616 0.281548 0.281548 0.281548
6227.060547 0.000000 366.116821 0.000000 0.673093 0.000000 -0.739557 0.316594 0.316594 0.316594
6229.588379 0.000000 357.450928 0.000000 0.988561 0.000000 -0.150822 0.287518 0.287518 0.287518
6217.361328 0.000000 392.914490 0.000000 0.544802 0.000000 -0.838565 0.294714 0.294714 0.294714
6238.441895 0.000000 350.870331 0.000000 0.650938 0.000000 -0.759131 0.295629 0.295629 0.295629
6221.189453 0.000000 366.946930 0.000000 0.131367 0.000000 -0.991334 0.305243 0.305243 0.305243
6227.485352 0.000000 387.875793 0.000000 0.816881 0.000000 -0.576806 0.307679 0.307679 0.307679
6228.947754 0.000000 353.536011 0.000000 0.507591 0.000000 -0.861598 0.305572 0.305572 0.305572
6210.696289 0.000000 368.548859 0.000000 0.835700 0.000000 -0.549186 0.309309 0.309309 0.309309
6211.393555 0.000000 366.404877 0.000000 0.794857 0.000000 -0.606797 0.311359 0.311359 0.311359
6210.320312 0.000000 375.953491 0.000000 0.996878 0.000000 -0.078952 0.283300 0.283300 0.283300
6240.915527 0.000000 379.821747 0.000000 0.535270 0.000000 -0.844681 0.367661 0.367661 0.367661
6229.670898 0.000000 365.990601 0.000000 0.858462 0.000000 -0.512877 0.299134 0.299134 0.299134
6228.673828 0.000000 364.259521 0.000000 0.906183 0.000000 -0.422886 0.296382 0.296382 0.296382
6243.433105 0.000000 360.639771 0.000000 0.888595 0.000000 -0.458693 0.345659 0.345659 0.345659
6222.840820 0.000000 366.700623 0.000000 0.564589 0.000000 -0.825372 0.353300 0.353300 0.353300
6221.813477 0.000000 363.947205 0.000000 0.995484 0.000000 -0.094935 0.289456 0.289456 0.289456
6225.695801 0.000000 361.491608 0.000000 0.732818 0.000000 -0.680425 0.326259 0.326259 0.326259
6242.155762 0.000000 358.459229 0.000000 0.060987 0.000000 -0.998139 0.374393 0.374393 0.374393
6220.520508 0.000000 365.540344 0.000000 0.261096 0.000000 -0.965313 0.325852 0.325852 0.325852
6225.163574 0.000000 359.326843 0.000000 0.206028 0.000000 -0.978546 0.328963 0.328963 0.328963
6226.405762 0.000000 378.670410 0.000000 0.897993 0.000000 -0.440009 0.332139 0.332139 0.332139
6224.823242 0.000000 360.510956 0.000000 0.758585 0.000000 -0.651574 0.325032 0.325032 0.325032
6237.687012 0.000000 351.761292 0.000000 0.341149 0.000000 -0.940009 0.383834 0.383834 0.383834
6227.857422 0.000000 379.102753 0.000000 0.035197 0.000000 -0.999380 0.370476 0.370476 0.370476
6222.024902 0.000000 386.219147 0.000000 0.876652 0.000000 -0.481126 0.354396 0.354396 0.354396
6230.291016 0.000000 353.751007 0.000000 0.949949 0.000000 -0.312405 0.339498 0.339498 0.339498
6223.009277 0.000000 387.394440 0.000000 0.813098 0.000000 -0.582127 0.359273 0.359273 0.359273
6234.827148 0.000000 349.975037 0.000000 0.235850 0.000000 -0.971790 0.409037 0.409037 0.409037
6228.728516 0.000000 351.604736 0.000000 0.419357 0.000000 -0.907821 0.348943 0.348943 0.348943
6230.543945 0.000000 382.992889 0.000000 0.868342 0.000000 -0.495965 0.387810 0.387810 0.387810
6236.840820 0.000000 359.459839 0.000000 0.810695 0.000000 -0.585468 0.389056 0.389056 0.389056
6237.473145 0.000000 381.082123 0.000000 0.998814 0.000000 -0.048688 0.382569 0.382569 0.382569
6232.019043 0.000000 340.021332 0.000000 0.810464 0.000000 -0.585789 0.364810 0.364810 0.364810
6224.365723 0.000000 382.100952 0.000000 0.866625 0.000000 -0.498960 0.418517 0.418517 0.418517
6228.294434 0.000000 382.100037 0.000000 0.790132 0.000000 -0.612936 0.363541 0.363541 0.363541
6243.156738 0.000000 366.869385 0.000000 0.914842 0.000000 -0.403811 0.348345 0.348345 0.348345
6228.768066 0.000000 383.846039 0.000000 0.806384 0.000000 -0.591392 0.362420 0.362420 0.362420
6233.893555 0.000000 383.700989 0.000000 0.798145 0.000000 -0.602465 0.403769 0.403769 0.403769
6237.677246 0.000000 357.496399 0.000000 0.676156 0.000000 -0.736758 0.419112 0.419112 0.419112
6234.208496 0.000000 381.176025 0.000000 0.958952 0.000000 -0.283567 0.405889 0.405889 0.405889
6238.356445 0.000000 381.590271 0.000000 0.440258 0.000000 -0.897871 0.420652 0.420652 0.420652
6231.303223 0.000000 347.265839 0.000000 0.904717 0.000000 -0.426013 0.401964 0.401964 0.401964
6234.176270 0.000000 357.696472 0.000000 0.967824 0.000000 -0.251630 0.370952 0.370952 0.370952
6238.111328 0.000000 352.690094 0.000000 0.976381 0.000000 -0.216058 0.384824 0.384824 0.384824
6235.333984 0.000000 339.712585 0.000000 0.999857 0.000000 -0.016922 0.377401 0.377401 0.377401
6233.337891 0.000000 360.790405 0.000000 0.913977 0.000000 -0.405765 0.428581 0.428581 0.428581
6236.559570 0.000000 355.629272 0.000000 0.944404 0.000000 -0.328789 0.416277 0.416277 0.416277
6229.472656 0.000000 373.175262 0.000000 0.704999 0.000000 -0.709208 0.438562 0.438562 0.438562
6239.321777 0.000000 360.604370 0.000000 0.615809 0.000000 -0.787896 0.460484 0.460484 0.460484
6235.886719 0.000000 345.409668 0.000000 0.078942 0.000000 -0.996879 0.434686 0.434686 0.434686
6228.463379 0.000000 373.485382 0.000000 0.740118 0.000000 -0.672477 0.435498 0.435498 0.435498
6237.716797 0.000000 361.673370 0.000000 0.552584 0.000000 -0.833457 0.435193 0.435193 0.435193
6231.948242 0.000000 377.412659 0.000000 0.274979 0.000000 -0.961450 0.494202 0.494202 0.494202
6237.191406 0.000000 376.873688 0.000000 0.587880 0.000000 -0.808948 0.466815 0.466815 0.466815
6229.980469 0.000000 377.309174 0.000000 0.323960 0.000000 -0.946071 0.456046 0.456046 0.456046
6231.003906 0.000000 375.956024 0.000000 0.902322 0.000000 -0.431064 0.432712 0.432712 0.432712
6233.222656 0.000000 347.138855 0.000000 0.909372 0.000000 -0.415984 0.402644 0.402644 0.402644
6237.713379 0.000000 372.394287 0.000000 0.713506 0.000000 -0.700650 0.459306 0.459306 0.459306
6230.028809 0.000000 374.445496 0.000000 0.725097 0.000000 -0.688647 0.455755 0.455755 0.455755
6233.896973 0.000000 342.837250 0.000000 0.922878 0.000000 -0.385093 0.409730 0.409730 0.409730
6236.703613 0.000000 373.969696 0.000000 0.886100 0.000000 -0.463494 0.436817 0.436817 0.436817
6235.061523 0.000000 370.392731 0.000000 0.114806 0.000000 -0.993388 0.511210 0.511210 0.511210
6239.083984 0.000000 372.932068 0.000000 0.599337 0.000000 -0.800497 0.470903 0.470903 0.470903
6225.968262 0.000000 382.077637 0.000000 0.979230 0.000000 -0.202751 0.399729 0.399729 0.399729
6237.199219 0.000000 367.555511 0.000000 0.983039 0.000000 -0.183395 0.414090 0.414090 0.414090
6235.921387 0.000000 374.975708 0.000000 0.231002 0.000000 -0.972953 0.490169 0.490169 0.490169
6235.556152 0.000000 366.221497 0.000000 0.257382 0.000000 -0.966310 0.500114 0.500114 0.500114
6240.994629 0.000000 375.715698 0.000000 0.906721 0.000000 -0.421730 0.429020 0.429020 0.429020
6234.411133 0.000000 375.978333 0.000000 0.692972 0.000000 -0.720965 0.454276 0.454276 0.454276
6235.047363 0.000000 361.104675 0.000000 0.834129 0.000000 -0.551569 0.439820 0.439820 0.439820
6235.580078 0.000000 364.714142 0.000000 0.617880 0.000000 -0.786272 0.469118 0.469118 0.469118
6236.562500 0.000000 369.782776 0.000000 0.220504 0.000000 -0.975386 0.503015 0.503015 0.503015
6238.501953 0.000000 376.283142 0.000000 0.705156 0.000000 -0.709053 0.460211 0.460211 0.460211
6238.120605 0.000000 354.699493 0.000000 0.961591 0.000000 -0.274487 0.418812 0.418812 0.418812
6235.438477 0.000000 363.297058 0.000000 0.380409 0.000000 -0.924818 0.490188 0.490188 0.490188
6234.876465 0.000000 342.886139 0.000000 0.928120 0.000000 -0.372282 0.424666 0.424666 0.424666
6239.811035 0.000000 368.037048 0.000000 0.673894 0.000000 -0.738828 0.463509 0.463509 0.463509
6230.052734 0.000000 381.566650 0.000000 0.999182 0.000000 -0.040443 0.402606 0.402606 0.402606
6234.125977 0.000000 365.121307 0.000000 0.490558 0.000000 -0.871409 0.480830 0.480830 0.480830
6230.842773 0.000000 374.616272 0.000000 0.679933 0.000000 -0.733274 0.460416 0.460416 0.460416
6233.893066 0.000000 363.533539 0.000000 0.999431 0.000000 -0.033725 0.402375 0.402375 0.402375
6241.264648 0.000000 370.237579 0.000000 0.735506 0.000000 -0.677518 0.455566 0.455566 0.455566
6235.961426 0.000000 367.618256 0.000000 0.744851 0.000000 -0.667230 0.455805 0.455805 0.455805
6240.275391 0.000000 372.391388 0.000000 0.995035 0.000000 -0.099527 0.407267 0.407267 0.407267
6240.855469 0.000000 369.114624 0.000000 0.085041 0.000000 -0.996377 0.513496 0.513496 0.513496
6236.711914 0.000000 368.990326 0.000000 0.999823 0.000000 -0.018796 0.401436 0.401436 0.401436
6241.812012 0.000000 370.910797 0.000000 0.842387 0.000000 -0.538873 0.442481 0.442481 0.442481
6231.857422 0.000000 376.561493 0.000000 0.255343 0.000000 -0.966851 0.495687 0.495687 0.495687
6237.012695 0.000000 375.516571 0.000000 0.270416 0.000000 -0.962744 0.499081 0.499081 0.499081
6239.336914 0.000000 373.701721 0.000000 0.967502 0.000000 -0.252864 0.419529 0.419529 0.419529
6233.319824 0.000000 371.492523 0.000000 0.925132 0.000000 -0.379645 0.429749 0.429749 0.429749
6237.871094 0.000000 375.320099 0.000000 0.431590 0.000000 -0.902070 0.485909 0.485909 0.485909
6146.702148 0.000000 400.553375 0.000000 0.946160 0.000000 -0.323698 0.269305 0.269305 0.269305
6144.065918 0.000000 401.427856 0.000000 0.292938 0.000000 -0.956132 0.316017 0.316017 0.316017
6145.465820 0.000000 399.950073 0.000000 0.335426 0.000000 -0.942067 0.310444 0.310444 0.310444
6218.685059 0.000000 397.353882 0.000000 0.580273 0.000000 -0.814422 0.249058 0.249058 0.249058
6466.854492 0.000000 1403.171997 0.000000 0.147813 0.000000 -0.989015 0.217025 0.217025 0.217025
6469.392090 0.000000 1405.364868 0.000000 0.616297 0.000000 -0.787514 0.283125 0.283125 0.283125
6467.320312 0.000000 1404.413086 0.000000 0.044831 0.000000 -0.998995 0.308832 0.308832 0.308832
6465.433105 0.000000 1402.880737 0.000000 0.039697 0.000000 -0.999212 0.357463 0.357463 0.357463
6469.619141 0.000000 1411.072998 0.000000 0.902671 0.000000 -0.430332 0.296605 0.296605 0.296605
6471.822266 0.000000 1411.858276 0.000000 0.999446 0.000000 -0.033271 0.402542 0.402542 0.402542
6463.035645 0.000000 1453.717529 0.000000 0.569705 0.000000 -0.821849 0.235991 0.235991 0.235991
6452.948730 0.000000 1438.835449 0.000000 0.471052 0.000000 -0.882105 0.241591 0.241591 0.241591
6449.177734 0.000000 1453.722656 0.000000 0.888905 0.000000 -0.458092 0.247752 0.247752 0.247752
6454.766602 0.000000 1456.709961 0.000000 0.969768 0.000000 -0.244031 0.238029 0.238029 0.238029
6461.091309 0.000000 1463.820923 0.000000 0.933325 0.000000 -0.359032 0.251958 0.251958 0.251958
6455.532715 0.000000 1436.719238 0.000000 0.175279 0.000000 -0.984519 0.282015 0.282015 0.282015
6460.552246 0.000000 1441.528564 0.000000 0.273099 0.000000 -0.961986 0.310641 0.310641 0.310641
6459.111816 0.000000 1453.232422 0.000000 0.591096 0.000000 -0.806601 0.294753 0.294753 0.294753
6445.534668 0.000000 1447.130859 0.000000 0.904978 0.000000 -0.425458 0.307691 0.307691 0.307691
6461.635254 0.000000 1440.731323 0.000000 0.616552 0.000000 -0.787314 0.300823 0.300823 0.300823
6459.589355 0.000000 1444.674316 0.000000 0.984920 0.000000 -0.173012 0.290459 0.290459 0.290459
6459.660156 0.000000 1461.650757 0.000000 0.967155 0.000000 -0.254187 0.351653 0.351653 0.351653
6458.901367 0.000000 1460.134888 0.000000 0.747645 0.000000 -0.664099 0.371806 0.371806 0.371806
6455.960938 0.000000 1458.266113 0.000000 0.738184 0.000000 -0.674600 0.338175 0.338175 0.338175
6454.758301 0.000000 1452.963013 0.000000 0.999494 0.000000 -0.031817 0.353302 0.353302 0.353302
6462.449707 0.000000 1460.286621 0.000000 0.993452 0.000000 -0.114248 0.365293 0.365293 0.365293
6446.249512 0.000000 1438.312622 0.000000 0.992811 0.000000 -0.119695 0.353913 0.353913 0.353913
6452.885254 0.000000 1455.272827 0.000000 0.571283 0.000000 -0.820753 0.406993 0.406993 0.406993
6460.818848 0.000000 1450.279541 0.000000 0.498844 0.000000 -0.866692 0.462051 0.462051 0.462051
6450.397461 0.000000 1438.099976 0.000000 0.372604 0.000000 -0.927990 0.478958 0.478958 0.478958
6451.584961 0.000000 1442.173218 0.000000 0.587279 0.000000 -0.809385 0.456994 0.456994 0.456994
6462.328613 0.000000 1417.963135 0.000000 0.851086 0.000000 -0.525026 0.438915 0.438915 0.438915
6453.960938 0.000000 1440.677246 0.000000 0.495415 0.000000 -0.868656 0.469631 0.469631 0.469631
6463.599609 0.000000 1440.411743 0.000000 0.187742 0.000000 -0.982218 0.490737 0.490737 0.490737
6465.602051 0.000000 1442.482666 0.000000 0.999609 0.000000 -0.027945 0.200227 0.200227 0.200227
6466.892090 0.000000 1450.310669 0.000000 0.807148 0.000000 -0.590349 0.205991 0.205991 0.205991
6465.798828 0.000000 1462.048462 0.000000 0.991903 0.000000 -0.126995 0.229277 0.229277 0.229277
6474.587402 0.000000 1425.389648 0.000000 0.999905 0.000000 -0.013783 0.220909 0.220909 0.220909
6464.065918 0.000000 1418.146606 0.000000 0.372830 0.000000 -0.927900 0.282177 0.282177 0.282177
6464.036621 0.000000 1458.704590 0.000000 0.536811 0.000000 -0.843702 0.303297 0.303297 0.303297
6468.280762 0.000000 1421.258545 0.000000 0.979822 0.000000 -0.199873 0.323109 0.323109 0.323109
6466.485352 0.000000 1453.246704 0.000000 0.881585 0.000000 -0.472026 0.339821 0.339821 0.339821
6469.837402 0.000000 1460.262329 0.000000 0.433718 0.000000 -0.901049 0.469840 0.469840 0.469840
6471.339355 0.000000 1419.376587 0.000000 0.522279 0.000000 -0.852775 0.457247 0.457247 0.457247
6427.568359 0.000000 1502.001099 0.000000 0.944452 0.000000 -0.328651 0.248981 0.248981 0.248981
6412.826172 0.000000 1507.779907 0.000000 0.605958 0.000000 -0.795496 0.256524 0.256524 0.256524
6417.551270 0.000000 1502.535767 0.000000 0.992684 0.000000 -0.120740 0.284398 0.284398 0.284398
6407.860840 0.000000 1501.933960 0.000000 0.989592 0.000000 -0.143899 0.260676 0.260676 0.260676
6426.960938 0.000000 1504.882080 0.000000 0.075018 0.000000 -0.997182 0.297503 0.297503 0.297503
6427.110840 0.000000 1506.203125 0.000000 0.673090 0.000000 -0.739560 0.300299 0.300299 0.300299
6424.281250 0.000000 1509.304077 0.000000 0.253623 0.000000 -0.967303 0.311152 0.311152 0.311152
6462.218750 0.000000 1469.537598 0.000000 0.325234 0.000000 -0.945634 0.346348 0.346348 0.346348
6425.920898 0.000000 1506.381470 0.000000 0.518636 0.000000 -0.854995 0.375782 0.375782 0.375782
6405.003906 0.000000 1502.032593 0.000000 0.912212 0.000000 -0.409718 0.386824 0.386824 0.386824
6411.892578 0.000000 1502.383057 0.000000 0.992669 0.000000 -0.120863 0.406541 0.406541 0.406541
6416.542969 0.000000 1504.694824 0.000000 0.593733 0.000000 -0.804662 0.415982 0.415982 0.415982
6411.971680 0.000000 1504.814453 0.000000 0.920453 0.000000 -0.390854 0.428672 0.428672 0.428672
6414.374512 0.000000 1504.239136 0.000000 0.052208 0.000000 -0.998636 0.516010 0.516010 0.516010
6410.788086 0.000000 1505.876099 0.000000 0.950413 0.000000 -0.310990 0.422580 0.422580 0.422580
6415.892090 0.000000 1504.182495 0.000000 0.837762 0.000000 -0.546036 0.444127 0.444127 0.444127
6414.937012 0.000000 1505.359985 0.000000 0.995419 0.000000 -0.095611 0.407315 0.407315 0.407315
6466.168457 0.000000 1468.613403 0.000000 0.974712 0.000000 -0.223465 0.331132 0.331132 0.331132
6467.441895 0.000000 1469.979370 0.000000 0.629811 0.000000 -0.776749 0.356010 0.356010 0.356010
"}
