object={
	name="cypress_dense_generator_1_0"
	clamp_to_water_level=no
	render_under_water=no
	generated_content=yes
	layer="semidynamic"
	pdxmesh="tree_cypress_001_mesh"
	count=1327
	transform="2034.281372 0.000000 1624.631714 0.000000 0.938966 0.000000 0.344011 0.197501 0.197501 0.197501
2041.426636 0.000000 1598.961426 0.000000 0.791294 0.000000 0.611436 0.277046 0.277046 0.277046
2039.430908 0.000000 1595.439575 0.000000 0.021715 0.000000 0.999764 0.239340 0.239340 0.239340
2045.449707 0.000000 1591.048706 0.000000 0.991321 0.000000 0.131465 0.241926 0.241926 0.241926
2041.532715 0.000000 1596.537109 0.000000 0.658675 0.000000 0.752427 0.276362 0.276362 0.276362
2041.361084 0.000000 1594.351807 0.000000 0.493529 0.000000 0.869729 0.271452 0.271452 0.271452
2058.048096 0.000000 1570.578491 0.000000 0.846325 0.000000 0.532667 0.293205 0.293205 0.293205
2057.597900 0.000000 1574.953613 0.000000 0.561785 0.000000 0.827284 0.205207 0.205207 0.205207
2054.656738 0.000000 1573.895874 0.000000 0.980863 0.000000 0.194701 0.289938 0.289938 0.289938
2059.346924 0.000000 1573.042114 0.000000 0.652462 0.000000 0.757821 0.263126 0.263126 0.263126
2056.816650 0.000000 1573.086426 0.000000 0.780377 0.000000 0.625310 0.282918 0.282918 0.282918
2054.226807 0.000000 1569.653076 0.000000 0.647967 0.000000 0.761669 0.286070 0.286070 0.286070
2076.282227 0.000000 1618.458496 0.000000 0.999214 0.000000 0.039651 0.199713 0.199713 0.199713
2080.264404 0.000000 1603.431030 0.000000 0.110900 0.000000 0.993832 0.190343 0.190343 0.190343
2089.423340 0.000000 1613.984741 0.000000 0.294176 0.000000 0.955751 0.295837 0.295837 0.295837
2075.221924 0.000000 1627.591064 0.000000 0.370785 0.000000 0.928719 0.204264 0.204264 0.204264
2085.084961 0.000000 1596.360107 0.000000 0.565788 0.000000 0.824551 0.233339 0.233339 0.233339
2094.917725 0.000000 1602.877197 0.000000 0.519779 0.000000 0.854301 0.262714 0.262714 0.262714
2071.538086 0.000000 1617.849365 0.000000 0.605337 0.000000 0.795969 0.229786 0.229786 0.229786
2085.993652 0.000000 1611.125854 0.000000 0.737971 0.000000 0.674832 0.213937 0.213937 0.213937
2090.157715 0.000000 1604.398804 0.000000 0.730361 0.000000 0.683062 0.243154 0.243154 0.243154
2071.759277 0.000000 1625.688354 0.000000 0.928779 0.000000 0.370633 0.325297 0.325297 0.325297
2092.877197 0.000000 1615.349487 0.000000 0.591536 0.000000 0.806279 0.251532 0.251532 0.251532
2084.675781 0.000000 1614.404541 0.000000 0.888393 0.000000 0.459085 0.257860 0.257860 0.257860
2087.131348 0.000000 1616.541626 0.000000 0.571386 0.000000 0.820682 0.231696 0.231696 0.231696
2092.084717 0.000000 1612.306274 0.000000 0.946354 0.000000 0.323133 0.278789 0.278789 0.278789
2071.871582 0.000000 1621.043579 0.000000 0.992687 0.000000 0.120713 0.374105 0.374105 0.374105
2074.516602 0.000000 1620.341431 0.000000 0.763055 0.000000 0.646334 0.234694 0.234694 0.234694
2086.985352 0.000000 1613.426880 0.000000 0.954701 0.000000 0.297567 0.334726 0.334726 0.334726
2074.281006 0.000000 1625.408813 0.000000 0.642900 0.000000 0.765950 0.246024 0.246024 0.246024
2071.550293 0.000000 1623.351440 0.000000 0.821138 0.000000 0.570729 0.348329 0.348329 0.348329
2093.502441 0.000000 1603.923340 0.000000 0.528985 0.000000 0.848631 0.286293 0.286293 0.286293
2073.175293 0.000000 1623.932007 0.000000 0.976284 0.000000 0.216492 0.362405 0.362405 0.362405
2073.412842 0.000000 1621.673950 0.000000 0.999986 0.000000 0.005382 0.354926 0.354926 0.354926
2100.600586 0.000000 1661.260742 0.000000 0.655485 0.000000 0.755209 0.197131 0.197131 0.197131
2061.467529 0.000000 1653.602173 0.000000 0.988478 0.000000 0.151364 0.198748 0.198748 0.198748
2100.449951 0.000000 1670.807373 0.000000 0.478963 0.000000 0.877835 0.244094 0.244094 0.244094
2094.271240 0.000000 1675.335327 0.000000 0.920786 0.000000 0.390068 0.292801 0.292801 0.292801
2062.146729 0.000000 1659.900391 0.000000 0.546846 0.000000 0.837233 0.239017 0.239017 0.239017
2099.720459 0.000000 1675.918701 0.000000 0.558214 0.000000 0.829697 0.313803 0.313803 0.313803
2099.521729 0.000000 1666.055786 0.000000 0.834393 0.000000 0.551171 0.202025 0.202025 0.202025
2064.310547 0.000000 1662.841431 0.000000 0.850706 0.000000 0.525642 0.236451 0.236451 0.236451
2063.712891 0.000000 1656.661011 0.000000 0.880672 0.000000 0.473727 0.229487 0.229487 0.229487
2065.983643 0.000000 1659.415161 0.000000 0.367550 0.000000 0.930004 0.248418 0.248418 0.248418
2098.278564 0.000000 1668.755737 0.000000 0.794138 0.000000 0.607738 0.232706 0.232706 0.232706
2099.339844 0.000000 1673.336182 0.000000 0.727178 0.000000 0.686449 0.292605 0.292605 0.292605
2095.125977 0.000000 1676.963989 0.000000 0.983511 0.000000 0.180850 0.311634 0.311634 0.311634
2542.271240 0.000000 1675.335327 0.000000 0.134565 0.000000 0.990905 0.300241 0.300241 0.300241
2545.158936 0.000000 1672.675293 0.000000 0.609686 0.000000 0.792643 0.205007 0.205007 0.205007
2541.602051 0.000000 1677.971802 0.000000 0.778328 0.000000 0.627858 0.354753 0.354753 0.354753
2538.998291 0.000000 1674.713867 0.000000 0.647101 0.000000 0.762404 0.338527 0.338527 0.338527
2539.793701 0.000000 1672.703247 0.000000 0.856447 0.000000 0.516236 0.358831 0.358831 0.358831
2036.449829 0.000000 1840.260498 0.000000 0.638388 0.000000 0.769714 0.332774 0.332774 0.332774
2020.050049 0.000000 1843.789551 0.000000 0.869391 0.000000 0.494125 0.200709 0.200709 0.200709
2023.131470 0.000000 1842.479126 0.000000 0.990980 0.000000 0.134012 0.295019 0.295019 0.295019
2043.206421 0.000000 1837.480713 0.000000 0.608346 0.000000 0.793672 0.341404 0.341404 0.341404
2022.985352 0.000000 1839.364380 0.000000 0.598374 0.000000 0.801217 0.330629 0.330629 0.330629
2040.713501 0.000000 1836.922974 0.000000 0.624825 0.000000 0.780765 0.335585 0.335585 0.335585
2038.374756 0.000000 1839.049683 0.000000 0.759791 0.000000 0.650168 0.345928 0.345928 0.345928
2024.804443 0.000000 1841.624268 0.000000 0.659011 0.000000 0.752133 0.336241 0.336241 0.336241
2039.627441 0.000000 1838.127441 0.000000 0.489555 0.000000 0.871972 0.319082 0.319082 0.319082
2023.991211 0.000000 1840.391602 0.000000 0.732194 0.000000 0.681096 0.342761 0.342761 0.342761
2043.155518 0.000000 1835.950317 0.000000 0.915353 0.000000 0.402653 0.371755 0.371755 0.371755
2039.635620 0.000000 1839.783447 0.000000 0.868302 0.000000 0.496036 0.360349 0.360349 0.360349
2037.027100 0.000000 1839.017090 0.000000 0.407401 0.000000 0.913250 0.312056 0.312056 0.312056
2048.290283 0.000000 1841.865112 0.000000 0.848782 0.000000 0.528743 0.253081 0.253081 0.253081
2050.786133 0.000000 1842.400635 0.000000 0.408152 0.000000 0.912914 0.313881 0.313881 0.313881
5852.282227 0.000000 149.864746 0.000000 0.213503 0.000000 0.976942 0.189847 0.189847 0.189847
5859.530762 0.000000 163.557281 0.000000 0.873551 0.000000 0.486733 0.196320 0.196320 0.196320
5878.803711 0.000000 115.034912 0.000000 0.907229 0.000000 0.420636 0.197074 0.197074 0.197074
5887.683594 0.000000 126.009178 0.000000 0.980404 0.000000 0.196997 0.198441 0.198441 0.198441
5869.901367 0.000000 113.923180 0.000000 0.414895 0.000000 0.909869 0.191297 0.191297 0.191297
5887.419434 0.000000 134.840820 0.000000 0.754196 0.000000 0.656649 0.193919 0.193919 0.193919
5845.428223 0.000000 145.316422 0.000000 0.567531 0.000000 0.823352 0.192997 0.192997 0.192997
5885.041992 0.000000 168.626892 0.000000 0.867257 0.000000 0.497860 0.195056 0.195056 0.195056
5851.974121 0.000000 144.698288 0.000000 0.999769 0.000000 0.021498 0.237184 0.237184 0.237184
5854.600098 0.000000 162.672333 0.000000 0.054254 0.000000 0.998527 0.231615 0.231615 0.231615
5874.317383 0.000000 116.159904 0.000000 0.002767 0.000000 0.999996 0.185320 0.185320 0.185320
5866.133789 0.000000 117.106079 0.000000 0.952936 0.000000 0.303172 0.197116 0.197116 0.197116
5858.997070 0.000000 168.932175 0.000000 0.017416 0.000000 0.999848 0.201200 0.201200 0.201200
5848.763672 0.000000 143.699921 0.000000 0.463641 0.000000 0.886023 0.231031 0.231031 0.231031
5850.132812 0.000000 147.420563 0.000000 0.825066 0.000000 0.565037 0.228727 0.228727 0.228727
5856.693359 0.000000 164.957001 0.000000 0.997087 0.000000 0.076274 0.262737 0.262737 0.262737
5874.281250 0.000000 212.522339 0.000000 0.998538 0.000000 0.054052 0.199568 0.199568 0.199568
5854.802246 0.000000 169.514267 0.000000 0.134157 0.000000 0.990960 0.214909 0.214909 0.214909
5843.921875 0.000000 193.778534 0.000000 0.478072 0.000000 0.878321 0.247407 0.247407 0.247407
5863.866699 0.000000 211.156677 0.000000 0.988880 0.000000 0.148718 0.244874 0.244874 0.244874
5845.428223 0.000000 201.800797 0.000000 0.334560 0.000000 0.942374 0.305048 0.305048 0.305048
5868.186523 0.000000 217.161346 0.000000 0.046864 0.000000 0.998901 0.230724 0.230724 0.230724
5843.298340 0.000000 187.400299 0.000000 0.979744 0.000000 0.200253 0.215930 0.215930 0.215930
5869.060059 0.000000 211.844910 0.000000 0.494456 0.000000 0.869202 0.207844 0.207844 0.207844
5847.538086 0.000000 205.739929 0.000000 0.728037 0.000000 0.685537 0.246796 0.246796 0.246796
5856.344727 0.000000 207.770752 0.000000 0.716610 0.000000 0.697474 0.202889 0.202889 0.202889
5836.652344 0.000000 194.879974 0.000000 0.789921 0.000000 0.613209 0.219945 0.219945 0.219945
5860.219727 0.000000 209.610626 0.000000 0.403439 0.000000 0.915006 0.204720 0.204720 0.204720
5840.310547 0.000000 194.247742 0.000000 0.994571 0.000000 0.104062 0.319870 0.319870 0.319870
5860.176270 0.000000 213.472733 0.000000 0.109474 0.000000 0.993990 0.216857 0.216857 0.216857
5839.712891 0.000000 188.067276 0.000000 0.834174 0.000000 0.551501 0.220071 0.220071 0.220071
5841.983398 0.000000 190.821365 0.000000 0.394697 0.000000 0.918811 0.278310 0.278310 0.278310
5865.246582 0.000000 217.764877 0.000000 0.440131 0.000000 0.897934 0.212346 0.212346 0.212346
5862.885742 0.000000 213.614822 0.000000 0.985473 0.000000 0.169833 0.257422 0.257422 0.257422
5844.724609 0.000000 199.153519 0.000000 0.737460 0.000000 0.675391 0.307056 0.307056 0.307056
5847.654785 0.000000 203.108582 0.000000 0.013330 0.000000 0.999911 0.243221 0.243221 0.243221
5840.434082 0.000000 199.514282 0.000000 0.998238 0.000000 0.059336 0.342464 0.342464 0.342464
5843.150879 0.000000 203.214661 0.000000 0.581149 0.000000 0.813797 0.274021 0.274021 0.274021
5844.471191 0.000000 191.278702 0.000000 0.568045 0.000000 0.822998 0.256800 0.256800 0.256800
5868.874023 0.000000 214.442352 0.000000 0.457411 0.000000 0.889255 0.253389 0.253389 0.253389
5842.931641 0.000000 200.779327 0.000000 0.173456 0.000000 0.984842 0.311099 0.311099 0.311099
5846.645996 0.000000 200.118866 0.000000 0.027592 0.000000 0.999619 0.252270 0.252270 0.252270
5951.097656 0.000000 39.389221 0.000000 0.220661 0.000000 0.975351 0.202236 0.202236 0.202236
5945.614258 0.000000 52.381138 0.000000 0.998935 0.000000 0.046131 0.229010 0.229010 0.229010
5950.112305 0.000000 43.918697 0.000000 0.966234 0.000000 0.257668 0.284874 0.284874 0.284874
5946.308594 0.000000 44.599548 0.000000 0.401018 0.000000 0.916070 0.205571 0.205571 0.205571
5950.830566 0.000000 47.235134 0.000000 0.432925 0.000000 0.901430 0.251860 0.251860 0.251860
5947.743652 0.000000 50.727512 0.000000 0.999307 0.000000 0.037221 0.258048 0.258048 0.258048
5948.370605 0.000000 45.896645 0.000000 0.713003 0.000000 0.701161 0.268994 0.268994 0.268994
5951.035645 0.000000 41.608177 0.000000 0.389524 0.000000 0.921016 0.249821 0.249821 0.249821
5952.354004 0.000000 47.967896 0.000000 0.049939 0.000000 0.998752 0.191787 0.191787 0.191787
5955.716309 0.000000 41.106163 0.000000 0.842426 0.000000 0.538811 0.245988 0.245988 0.245988
5977.924805 0.000000 53.240463 0.000000 0.606714 0.000000 0.794920 0.191742 0.191742 0.191742
5961.163574 0.000000 39.300804 0.000000 0.609268 0.000000 0.792964 0.229876 0.229876 0.229876
5965.883301 0.000000 48.496201 0.000000 0.912825 0.000000 0.408351 0.201724 0.201724 0.201724
5973.636230 0.000000 54.502239 0.000000 0.129768 0.000000 0.991544 0.243554 0.243554 0.243554
5972.194824 0.000000 45.912827 0.000000 0.822699 0.000000 0.568477 0.252017 0.252017 0.252017
5969.114746 0.000000 54.559856 0.000000 0.604601 0.000000 0.796528 0.307356 0.307356 0.307356
5952.073242 0.000000 38.561478 0.000000 0.903497 0.000000 0.428594 0.237441 0.237441 0.237441
5969.216309 0.000000 39.881275 0.000000 0.279576 0.000000 0.960123 0.201298 0.201298 0.201298
5965.152832 0.000000 45.231049 0.000000 0.882739 0.000000 0.469863 0.225512 0.225512 0.225512
5966.452148 0.000000 55.594749 0.000000 0.361882 0.000000 0.932224 0.271146 0.271146 0.271146
5971.281738 0.000000 55.654442 0.000000 0.961848 0.000000 0.273586 0.310250 0.310250 0.310250
5967.150391 0.000000 53.611004 0.000000 0.782911 0.000000 0.622134 0.284873 0.284873 0.284873
5906.736816 0.000000 106.605408 0.000000 0.437044 0.000000 0.899440 0.213176 0.213176 0.213176
5942.803711 0.000000 58.550537 0.000000 0.410603 0.000000 0.911814 0.217956 0.217956 0.217956
5901.467773 0.000000 72.039658 0.000000 0.845016 0.000000 0.534741 0.195281 0.195281 0.195281
5909.035156 0.000000 97.201492 0.000000 0.957955 0.000000 0.286917 0.215858 0.215858 0.215858
5945.915527 0.000000 67.199142 0.000000 0.992359 0.000000 0.123382 0.210342 0.210342 0.210342
5907.298340 0.000000 74.431557 0.000000 0.755855 0.000000 0.654739 0.230680 0.230680 0.230680
5901.066406 0.000000 109.700562 0.000000 0.662024 0.000000 0.749482 0.192068 0.192068 0.192068
5942.117188 0.000000 63.505795 0.000000 0.320192 0.000000 0.947353 0.200083 0.200083 0.200083
5901.883301 0.000000 104.980576 0.000000 0.676882 0.000000 0.736091 0.209901 0.209901 0.209901
5908.194824 0.000000 102.397202 0.000000 0.709146 0.000000 0.705061 0.193018 0.193018 0.193018
5943.430664 0.000000 70.361412 0.000000 0.876050 0.000000 0.482220 0.201880 0.201880 0.201880
5911.828125 0.000000 80.661171 0.000000 0.899898 0.000000 0.436101 0.210704 0.210704 0.210704
5905.983398 0.000000 77.852615 0.000000 0.914209 0.000000 0.405244 0.244026 0.244026 0.244026
5903.660156 0.000000 107.649673 0.000000 0.688153 0.000000 0.725566 0.215811 0.215811 0.215811
5972.950195 0.000000 65.653595 0.000000 0.744903 0.000000 0.667173 0.193527 0.193527 0.193527
5974.797363 0.000000 57.459015 0.000000 0.998212 0.000000 0.059778 0.227701 0.227701 0.227701
5969.626465 0.000000 61.693874 0.000000 0.625866 0.000000 0.779930 0.341711 0.341711 0.341711
5965.333984 0.000000 60.813751 0.000000 0.813625 0.000000 0.581390 0.230355 0.230355 0.230355
5970.974121 0.000000 57.887287 0.000000 0.979962 0.000000 0.199182 0.314123 0.314123 0.314123
5967.712891 0.000000 75.098526 0.000000 0.731396 0.000000 0.681953 0.223392 0.223392 0.223392
5969.653320 0.000000 64.953781 0.000000 0.808019 0.000000 0.589156 0.287163 0.287163 0.287163
5965.243652 0.000000 63.725506 0.000000 0.998974 0.000000 0.045291 0.247895 0.247895 0.247895
5967.212891 0.000000 68.937683 0.000000 0.718492 0.000000 0.695536 0.252925 0.252925 0.252925
5969.307129 0.000000 67.430290 0.000000 0.520744 0.000000 0.853713 0.256141 0.256141 0.256141
5967.571289 0.000000 63.096878 0.000000 0.466513 0.000000 0.884514 0.285058 0.285058 0.285058
5969.373535 0.000000 56.590858 0.000000 0.636546 0.000000 0.771238 0.313202 0.313202 0.313202
5967.104492 0.000000 61.336487 0.000000 0.406698 0.000000 0.913562 0.301658 0.301658 0.301658
5969.197754 0.000000 63.277481 0.000000 0.491273 0.000000 0.871006 0.314827 0.314827 0.314827
5916.282227 0.000000 149.864746 0.000000 0.506723 0.000000 0.862109 0.190788 0.190788 0.190788
5891.589355 0.000000 125.350990 0.000000 0.724067 0.000000 0.689729 0.248517 0.248517 0.248517
5898.048340 0.000000 158.469070 0.000000 0.860608 0.000000 0.509268 0.196131 0.196131 0.196131
5921.639160 0.000000 143.006332 0.000000 0.117916 0.000000 0.993024 0.204996 0.204996 0.204996
5895.693359 0.000000 144.801331 0.000000 0.971568 0.000000 0.236763 0.240031 0.240031 0.240031
5888.315430 0.000000 139.394318 0.000000 0.239242 0.000000 0.970960 0.189547 0.189547 0.189547
5914.840820 0.000000 139.673096 0.000000 0.985967 0.000000 0.166938 0.302543 0.302543 0.302543
5901.066406 0.000000 166.184937 0.000000 0.974919 0.000000 0.222561 0.216716 0.216716 0.216716
5904.020996 0.000000 157.197037 0.000000 0.482245 0.000000 0.876037 0.193051 0.193051 0.193051
5902.716309 0.000000 122.702377 0.000000 0.258782 0.000000 0.965936 0.218656 0.218656 0.218656
5895.650879 0.000000 130.456131 0.000000 0.041445 0.000000 0.999141 0.274361 0.274361 0.274361
5897.095215 0.000000 124.956161 0.000000 0.642375 0.000000 0.766391 0.274822 0.274822 0.274822
5889.469238 0.000000 167.516861 0.000000 0.924703 0.000000 0.380689 0.196344 0.196344 0.196344
5944.634766 0.000000 148.757355 0.000000 0.146183 0.000000 0.989258 0.227619 0.227619 0.227619
5892.861816 0.000000 140.923279 0.000000 0.091576 0.000000 0.995798 0.221950 0.221950 0.221950
5905.893555 0.000000 126.283516 0.000000 0.997047 0.000000 0.076791 0.267127 0.267127 0.267127
5909.636230 0.000000 167.470993 0.000000 0.535876 0.000000 0.844296 0.321199 0.321199 0.321199
5897.424316 0.000000 140.842560 0.000000 0.972680 0.000000 0.232151 0.225162 0.225162 0.225162
5893.348633 0.000000 121.410522 0.000000 0.895313 0.000000 0.445437 0.234067 0.234067 0.234067
5944.851562 0.000000 144.581161 0.000000 0.605365 0.000000 0.795948 0.227978 0.227978 0.227978
5919.822266 0.000000 139.029861 0.000000 0.313686 0.000000 0.949527 0.203480 0.203480 0.203480
5911.828125 0.000000 137.145554 0.000000 0.889619 0.000000 0.456703 0.203221 0.203221 0.203221
5893.963867 0.000000 133.667755 0.000000 0.921698 0.000000 0.387908 0.254598 0.254598 0.254598
5892.061523 0.000000 129.178360 0.000000 0.812683 0.000000 0.582707 0.305765 0.305765 0.305765
5917.234863 0.000000 136.677551 0.000000 0.961184 0.000000 0.275908 0.255098 0.255098 0.255098
5918.089844 0.000000 141.904068 0.000000 0.811233 0.000000 0.584724 0.225389 0.225389 0.225389
5894.798828 0.000000 127.235733 0.000000 0.338480 0.000000 0.940974 0.293429 0.293429 0.293429
5900.396484 0.000000 125.476517 0.000000 0.038093 0.000000 0.999274 0.240454 0.240454 0.240454
5943.033203 0.000000 151.416672 0.000000 0.633586 0.000000 0.773672 0.266765 0.266765 0.266765
5900.424805 0.000000 131.388504 0.000000 0.021017 0.000000 0.999779 0.261572 0.261572 0.261572
5904.764160 0.000000 128.920746 0.000000 0.927084 0.000000 0.374855 0.235400 0.235400 0.235400
5903.212891 0.000000 125.422058 0.000000 0.517738 0.000000 0.855539 0.254383 0.254383 0.254383
5917.260254 0.000000 147.238007 0.000000 0.373743 0.000000 0.927532 0.224095 0.224095 0.224095
5914.616211 0.000000 137.051178 0.000000 0.621146 0.000000 0.783695 0.262867 0.262867 0.262867
5890.759766 0.000000 122.083351 0.000000 0.842843 0.000000 0.538160 0.240121 0.240121 0.240121
5895.173340 0.000000 142.175461 0.000000 0.135184 0.000000 0.990821 0.224325 0.224325 0.224325
5902.452148 0.000000 168.563507 0.000000 0.482457 0.000000 0.875919 0.226253 0.226253 0.226253
5915.115234 0.000000 142.252411 0.000000 0.604887 0.000000 0.796311 0.282444 0.282444 0.282444
5943.370605 0.000000 146.624176 0.000000 0.761227 0.000000 0.648486 0.271960 0.271960 0.271960
5917.193848 0.000000 139.179871 0.000000 0.874065 0.000000 0.485809 0.266007 0.266007 0.266007
5898.112305 0.000000 131.122650 0.000000 0.553093 0.000000 0.833120 0.288176 0.288176 0.288176
5896.162109 0.000000 132.689545 0.000000 0.772024 0.000000 0.635594 0.262290 0.262290 0.262290
5907.281738 0.000000 168.623199 0.000000 0.708305 0.000000 0.705906 0.334188 0.334188 0.334188
5912.466797 0.000000 139.492828 0.000000 0.801818 0.000000 0.597569 0.260710 0.260710 0.260710
5890.523438 0.000000 127.383606 0.000000 0.950578 0.000000 0.310487 0.275039 0.275039 0.275039
5892.679688 0.000000 127.205086 0.000000 0.732333 0.000000 0.680946 0.301573 0.301573 0.301573
5899.631836 0.000000 129.485062 0.000000 0.168243 0.000000 0.985746 0.253875 0.253875 0.253875
5903.288574 0.000000 127.506729 0.000000 0.999953 0.000000 0.009717 0.295508 0.295508 0.295508
5896.084473 0.000000 128.603714 0.000000 0.537455 0.000000 0.843292 0.284313 0.284313 0.284313
5891.834473 0.000000 169.455643 0.000000 0.554002 0.000000 0.832515 0.200454 0.200454 0.200454
5948.270508 0.000000 217.786957 0.000000 0.405637 0.000000 0.914034 0.190500 0.190500 0.190500
5903.347656 0.000000 169.737198 0.000000 0.625139 0.000000 0.780513 0.229332 0.229332 0.229332
5898.048340 0.000000 214.953445 0.000000 0.919738 0.000000 0.392533 0.205040 0.205040 0.205040
5910.797363 0.000000 170.427765 0.000000 0.140855 0.000000 0.990030 0.307570 0.307570 0.307570
5902.124512 0.000000 198.461929 0.000000 0.715516 0.000000 0.698596 0.236199 0.236199 0.236199
5889.476562 0.000000 175.911804 0.000000 0.860807 0.000000 0.508931 0.241767 0.241767 0.241767
5901.066406 0.000000 222.669312 0.000000 0.926987 0.000000 0.375094 0.196544 0.196544 0.196544
5901.883301 0.000000 217.949326 0.000000 0.142635 0.000000 0.989775 0.197034 0.197034 0.197034
5906.853027 0.000000 206.060532 0.000000 0.633019 0.000000 0.774136 0.202533 0.202533 0.202533
5950.112305 0.000000 213.371826 0.000000 0.470921 0.000000 0.882175 0.202070 0.202070 0.202070
5904.913574 0.000000 202.023224 0.000000 0.996624 0.000000 0.082099 0.233991 0.233991 0.233991
5897.597656 0.000000 219.328552 0.000000 0.852048 0.000000 0.523464 0.205430 0.205430 0.205430
5905.114746 0.000000 224.012985 0.000000 0.996390 0.000000 0.084890 0.210787 0.210787 0.210787
5914.844238 0.000000 171.170593 0.000000 0.532538 0.000000 0.846406 0.268883 0.268883 0.268883
5888.173340 0.000000 171.277771 0.000000 0.984424 0.000000 0.175808 0.211905 0.211905 0.211905
5906.974121 0.000000 170.856033 0.000000 0.992083 0.000000 0.125587 0.313656 0.313656 0.313656
5912.357910 0.000000 177.964142 0.000000 0.322087 0.000000 0.946710 0.238534 0.238534 0.238534
5906.867188 0.000000 212.417053 0.000000 0.795025 0.000000 0.606577 0.215156 0.215156 0.215156
5903.660156 0.000000 220.618423 0.000000 0.962009 0.000000 0.273017 0.228790 0.228790 0.228790
5890.492188 0.000000 173.042725 0.000000 0.232854 0.000000 0.972512 0.218202 0.218202 0.218202
5912.982910 0.000000 173.326996 0.000000 0.479334 0.000000 0.877633 0.325128 0.325128 0.325128
5913.025879 0.000000 169.701035 0.000000 0.733016 0.000000 0.680212 0.278792 0.278792 0.278792
5908.737793 0.000000 169.456085 0.000000 0.615697 0.000000 0.787983 0.341545 0.341545 0.341545
5912.196777 0.000000 175.721130 0.000000 0.578672 0.000000 0.815560 0.286963 0.286963 0.286963
5912.548340 0.000000 171.510132 0.000000 0.984467 0.000000 0.175569 0.355201 0.355201 0.355201
5966.189453 0.000000 205.896881 0.000000 0.312034 0.000000 0.950071 0.200851 0.200851 0.200851
5958.599121 0.000000 222.554077 0.000000 0.681185 0.000000 0.732112 0.218506 0.218506 0.218506
5959.693359 0.000000 201.285706 0.000000 0.358259 0.000000 0.933622 0.190378 0.190378 0.190378
5953.469238 0.000000 224.001236 0.000000 0.212893 0.000000 0.977076 0.198737 0.198737 0.198737
5972.194824 0.000000 215.365952 0.000000 0.998489 0.000000 0.054957 0.269846 0.269846 0.269846
5961.597656 0.000000 219.328552 0.000000 0.878818 0.000000 0.477157 0.274099 0.274099 0.274099
5963.937012 0.000000 202.222519 0.000000 0.444912 0.000000 0.895574 0.207098 0.207098 0.207098
5952.390625 0.000000 213.003265 0.000000 0.906682 0.000000 0.421815 0.270842 0.270842 0.270842
5955.856934 0.000000 219.525085 0.000000 0.863031 0.000000 0.505151 0.298118 0.298118 0.298118
5975.759277 0.000000 213.578918 0.000000 0.372497 0.000000 0.928033 0.207791 0.207791 0.207791
5969.216309 0.000000 209.334396 0.000000 0.742848 0.000000 0.669460 0.283720 0.283720 0.283720
5961.808105 0.000000 205.158676 0.000000 0.496296 0.000000 0.868153 0.253733 0.253733 0.253733
5958.656738 0.000000 218.270905 0.000000 0.883920 0.000000 0.467639 0.270473 0.270473 0.270473
5965.152832 0.000000 214.684174 0.000000 0.997688 0.000000 0.067962 0.331116 0.331116 0.331116
5958.113770 0.000000 208.411606 0.000000 0.578111 0.000000 0.815958 0.277192 0.277192 0.277192
5963.713867 0.000000 207.456268 0.000000 0.737144 0.000000 0.675736 0.286982 0.286982 0.286982
5955.167969 0.000000 213.405823 0.000000 0.674714 0.000000 0.738079 0.280502 0.280502 0.280502
5959.852051 0.000000 206.630630 0.000000 0.500457 0.000000 0.865761 0.253030 0.253030 0.253030
5953.278809 0.000000 215.328339 0.000000 0.604177 0.000000 0.796850 0.283236 0.283236 0.283236
5965.897461 0.000000 212.561081 0.000000 0.857484 0.000000 0.514510 0.323894 0.323894 0.323894
5966.486328 0.000000 208.134933 0.000000 0.299874 0.000000 0.953979 0.280117 0.280117 0.280117
5963.567871 0.000000 209.606476 0.000000 0.774092 0.000000 0.633073 0.324238 0.324238 0.324238
5957.188477 0.000000 212.193207 0.000000 0.837937 0.000000 0.545767 0.287976 0.287976 0.287976
5958.227051 0.000000 214.028107 0.000000 0.882828 0.000000 0.469696 0.282149 0.282149 0.282149
5961.185059 0.000000 212.988342 0.000000 0.449602 0.000000 0.893229 0.290255 0.290255 0.290255
5961.040527 0.000000 210.977707 0.000000 0.678596 0.000000 0.734511 0.312600 0.312600 0.312600
5955.196289 0.000000 215.203644 0.000000 0.999364 0.000000 0.035653 0.331329 0.331329 0.331329
5964.416504 0.000000 211.371063 0.000000 0.567010 0.000000 0.823711 0.302923 0.302923 0.302923
6061.255371 0.000000 224.328613 0.000000 0.667475 0.000000 0.744632 0.223837 0.223837 0.223837
6068.885254 0.000000 221.204224 0.000000 0.319143 0.000000 0.947707 0.190979 0.190979 0.190979
6058.064453 0.000000 220.776917 0.000000 0.530736 0.000000 0.847537 0.193624 0.193624 0.193624
6071.010742 0.000000 224.406036 0.000000 0.456278 0.000000 0.889837 0.204575 0.204575 0.204575
6063.961914 0.000000 224.713028 0.000000 0.849869 0.000000 0.526995 0.241358 0.241358 0.241358
5878.803711 0.000000 228.003662 0.000000 0.989144 0.000000 0.146949 0.198656 0.198656 0.198656
5875.915527 0.000000 237.978806 0.000000 0.989787 0.000000 0.142556 0.275330 0.275330 0.275330
5869.233887 0.000000 251.834778 0.000000 0.951852 0.000000 0.306558 0.197628 0.197628 0.197628
5881.426758 0.000000 243.336456 0.000000 0.667664 0.000000 0.744463 0.300424 0.300424 0.300424
5881.915527 0.000000 236.652267 0.000000 0.980442 0.000000 0.196807 0.289874 0.289874 0.289874
5873.916504 0.000000 243.727493 0.000000 0.221514 0.000000 0.975157 0.253334 0.253334 0.253334
5878.117188 0.000000 232.958923 0.000000 0.998578 0.000000 0.053316 0.239990 0.239990 0.239990
5870.917969 0.000000 247.252228 0.000000 0.996419 0.000000 0.084557 0.241660 0.241660 0.241660
5883.875488 0.000000 240.143723 0.000000 0.632650 0.000000 0.774438 0.257192 0.257192 0.257192
5872.446289 0.000000 236.768311 0.000000 0.957280 0.000000 0.289163 0.209455 0.209455 0.209455
5873.098145 0.000000 240.313416 0.000000 0.912271 0.000000 0.409588 0.272199 0.272199 0.272199
5875.006836 0.000000 234.382584 0.000000 0.788545 0.000000 0.614977 0.215993 0.215993 0.215993
5876.612793 0.000000 241.649475 0.000000 0.385047 0.000000 0.922897 0.269013 0.269013 0.269013
5883.669434 0.000000 245.642395 0.000000 0.952053 0.000000 0.305934 0.313076 0.313076 0.313076
5874.335449 0.000000 246.830536 0.000000 0.590068 0.000000 0.807353 0.246271 0.246271 0.246271
5881.532715 0.000000 240.912109 0.000000 0.988928 0.000000 0.148394 0.318181 0.318181 0.318181
5878.075195 0.000000 247.482529 0.000000 0.837983 0.000000 0.545697 0.281377 0.281377 0.281377
5877.305176 0.000000 239.588425 0.000000 0.553948 0.000000 0.832552 0.301451 0.301451 0.301451
5875.156250 0.000000 240.010574 0.000000 0.885840 0.000000 0.463991 0.284295 0.284295 0.284295
5879.476074 0.000000 237.832764 0.000000 0.348202 0.000000 0.937420 0.280026 0.280026 0.280026
5748.885254 0.000000 447.141724 0.000000 0.992411 0.000000 0.122964 0.201568 0.201568 0.201568
5757.041992 0.000000 451.048767 0.000000 0.622363 0.000000 0.782729 0.268910 0.268910 0.268910
5735.675293 0.000000 450.164490 0.000000 0.684139 0.000000 0.729351 0.200438 0.200438 0.200438
5753.614258 0.000000 447.771759 0.000000 0.882465 0.000000 0.470378 0.195354 0.195354 0.195354
5751.010742 0.000000 450.343536 0.000000 0.997615 0.000000 0.069030 0.256281 0.256281 0.256281
5745.605957 0.000000 448.244476 0.000000 0.361087 0.000000 0.932532 0.223013 0.223013 0.223013
5754.107422 0.000000 450.591034 0.000000 0.965729 0.000000 0.259552 0.284817 0.284817 0.284817
5874.281250 0.000000 381.975464 0.000000 0.648943 0.000000 0.760837 0.262125 0.262125 0.262125
5884.270508 0.000000 387.240082 0.000000 0.926219 0.000000 0.376985 0.197008 0.197008 0.197008
5863.866699 0.000000 380.609802 0.000000 0.126568 0.000000 0.991958 0.202656 0.202656 0.202656
5876.885254 0.000000 390.657349 0.000000 0.902252 0.000000 0.431209 0.210771 0.210771 0.210771
5881.729980 0.000000 379.695770 0.000000 0.893814 0.000000 0.448438 0.196517 0.196517 0.196517
5870.271484 0.000000 376.194763 0.000000 0.624818 0.000000 0.780771 0.195755 0.195755 0.195755
5878.872070 0.000000 385.240662 0.000000 0.994717 0.000000 0.102656 0.316664 0.316664 0.316664
5869.060059 0.000000 381.298035 0.000000 0.374777 0.000000 0.927115 0.247030 0.247030 0.247030
5873.044434 0.000000 387.590210 0.000000 0.894611 0.000000 0.446845 0.223872 0.223872 0.223872
5881.614258 0.000000 391.287384 0.000000 0.989425 0.000000 0.145048 0.263372 0.263372 0.263372
5858.997070 0.000000 394.869690 0.000000 0.808692 0.000000 0.588232 0.201532 0.201532 0.201532
5877.811523 0.000000 380.205322 0.000000 0.955671 0.000000 0.294437 0.279630 0.279630 0.279630
5872.763672 0.000000 378.712708 0.000000 0.957991 0.000000 0.286797 0.242269 0.242269 0.242269
5876.392090 0.000000 387.292969 0.000000 0.922224 0.000000 0.386655 0.242369 0.242369 0.242369
5866.699707 0.000000 379.285065 0.000000 0.229894 0.000000 0.973216 0.226190 0.226190 0.226190
5879.879395 0.000000 382.101074 0.000000 0.967193 0.000000 0.254041 0.313067 0.313067 0.313067
5877.008789 0.000000 383.128113 0.000000 0.833559 0.000000 0.552430 0.298910 0.298910 0.298910
5871.560547 0.000000 381.669891 0.000000 0.026666 0.000000 0.999644 0.242904 0.242904 0.242904
5868.874023 0.000000 383.895477 0.000000 0.827625 0.000000 0.561282 0.255105 0.255105 0.255105
5761.469238 0.000000 449.938721 0.000000 0.277288 0.000000 0.960787 0.193433 0.193433 0.193433
5887.683594 0.000000 408.431061 0.000000 0.381108 0.000000 0.924530 0.261281 0.261281 0.261281
5875.915527 0.000000 407.431946 0.000000 0.847837 0.000000 0.530257 0.195535 0.195535 0.195535
5862.270996 0.000000 396.797546 0.000000 0.784298 0.000000 0.620384 0.193818 0.193818 0.193818
5881.426758 0.000000 412.789581 0.000000 0.744546 0.000000 0.667572 0.240778 0.240778 0.240778
5881.915527 0.000000 406.105408 0.000000 0.604375 0.000000 0.796700 0.286525 0.286525 0.286525
5878.117188 0.000000 402.412048 0.000000 0.287709 0.000000 0.957718 0.220818 0.220818 0.220818
5882.165039 0.000000 417.941315 0.000000 0.998037 0.000000 0.062622 0.245361 0.245361 0.245361
5886.127441 0.000000 412.830597 0.000000 0.512183 0.000000 0.858876 0.268140 0.268140 0.268140
5886.018555 0.000000 421.285706 0.000000 0.302546 0.000000 0.953135 0.216094 0.216094 0.216094
5862.192871 0.000000 401.097504 0.000000 0.818962 0.000000 0.573847 0.202730 0.202730 0.202730
5879.430664 0.000000 409.267670 0.000000 0.049510 0.000000 0.998774 0.213503 0.213503 0.213503
5885.449707 0.000000 404.876801 0.000000 0.108421 0.000000 0.994105 0.256140 0.256140 0.256140
5883.669434 0.000000 415.095520 0.000000 0.402318 0.000000 0.915500 0.240483 0.240483 0.240483
5882.815430 0.000000 402.959778 0.000000 0.981921 0.000000 0.189292 0.221479 0.221479 0.221479
5860.294922 0.000000 399.047394 0.000000 0.999971 0.000000 0.007597 0.291098 0.291098 0.291098
5884.880859 0.000000 418.620331 0.000000 0.906095 0.000000 0.423074 0.249720 0.249720 0.249720
5885.258301 0.000000 407.404968 0.000000 0.878395 0.000000 0.477935 0.337030 0.337030 0.337030
5880.357422 0.000000 403.737549 0.000000 0.787796 0.000000 0.615937 0.236377 0.236377 0.236377
5887.940430 0.000000 414.840118 0.000000 0.075958 0.000000 0.997111 0.262906 0.262906 0.262906
5855.881836 0.000000 398.040100 0.000000 0.131082 0.000000 0.991372 0.231095 0.231095 0.231095
5883.596680 0.000000 411.917053 0.000000 0.281488 0.000000 0.959565 0.240693 0.240693 0.240693
5881.532715 0.000000 410.365234 0.000000 0.999551 0.000000 0.029958 0.265988 0.265988 0.265988
5886.998535 0.000000 419.372223 0.000000 0.999793 0.000000 0.020357 0.295189 0.295189 0.295189
5881.361328 0.000000 408.179871 0.000000 0.074618 0.000000 0.997212 0.256383 0.256383 0.256383
5916.282227 0.000000 262.833496 0.000000 0.474214 0.000000 0.880410 0.224347 0.224347 0.224347
5906.736816 0.000000 276.058533 0.000000 0.898123 0.000000 0.439745 0.196874 0.196874 0.196874
5902.189453 0.000000 262.381256 0.000000 0.997598 0.000000 0.069264 0.395154 0.395154 0.395154
5907.921875 0.000000 250.262909 0.000000 0.341664 0.000000 0.939822 0.191457 0.191457 0.191457
5903.347656 0.000000 226.221573 0.000000 0.993972 0.000000 0.109638 0.199232 0.199232 0.199232
5901.467773 0.000000 241.492783 0.000000 0.387007 0.000000 0.922077 0.216683 0.216683 0.216683
5909.428223 0.000000 258.285156 0.000000 0.700166 0.000000 0.713980 0.193747 0.193747 0.193747
5895.693359 0.000000 257.770081 0.000000 0.722313 0.000000 0.691566 0.309521 0.309521 0.309521
5902.124512 0.000000 254.946304 0.000000 0.493049 0.000000 0.870001 0.244468 0.244468 0.244468
5889.476562 0.000000 232.396179 0.000000 0.433400 0.000000 0.901201 0.190659 0.190659 0.190659
5902.146973 0.000000 247.790970 0.000000 0.890183 0.000000 0.455603 0.201171 0.201171 0.201171
5902.716309 0.000000 235.671127 0.000000 0.978024 0.000000 0.208493 0.224440 0.224440 0.224440
5895.650879 0.000000 243.424881 0.000000 0.433599 0.000000 0.901106 0.203359 0.203359 0.203359
5897.163574 0.000000 265.238312 0.000000 0.957780 0.000000 0.287503 0.206282 0.206282 0.206282
5897.095215 0.000000 237.924911 0.000000 0.767039 0.000000 0.641600 0.272222 0.272222 0.272222
5918.600098 0.000000 275.641083 0.000000 0.972049 0.000000 0.234778 0.236870 0.236870 0.236870
5914.548828 0.000000 267.250549 0.000000 0.987664 0.000000 0.156588 0.283575 0.283575 0.283575
5892.861816 0.000000 253.892029 0.000000 0.263177 0.000000 0.964747 0.196765 0.196765 0.196765
5911.538086 0.000000 262.224304 0.000000 0.106579 0.000000 0.994304 0.227562 0.227562 0.227562
5908.194824 0.000000 271.850342 0.000000 0.414606 0.000000 0.910001 0.307562 0.307562 0.307562
5904.913574 0.000000 258.507599 0.000000 0.923017 0.000000 0.384759 0.291991 0.291991 0.291991
5897.424316 0.000000 253.811310 0.000000 0.989297 0.000000 0.145916 0.370543 0.370543 0.370543
5921.638184 0.000000 272.706146 0.000000 0.837156 0.000000 0.546964 0.194510 0.194510 0.194510
5901.646484 0.000000 266.683746 0.000000 0.312656 0.000000 0.949866 0.244595 0.244595 0.244595
5900.652344 0.000000 251.364349 0.000000 0.604049 0.000000 0.796947 0.258835 0.258835 0.258835
5893.963867 0.000000 246.636505 0.000000 0.032996 0.000000 0.999456 0.243075 0.243075 0.243075
5917.565918 0.000000 269.236237 0.000000 0.963019 0.000000 0.269433 0.223540 0.223540 0.223540
5892.219238 0.000000 258.571655 0.000000 0.562803 0.000000 0.826591 0.221667 0.221667 0.221667
5899.269531 0.000000 235.267578 0.000000 0.993765 0.000000 0.111493 0.276132 0.276132 0.276132
5917.536621 0.000000 265.950653 0.000000 0.927631 0.000000 0.373497 0.253917 0.253917 0.253917
5906.867188 0.000000 268.901428 0.000000 0.998417 0.000000 0.056239 0.382158 0.382158 0.382158
5899.713867 0.000000 263.940643 0.000000 0.566842 0.000000 0.823827 0.302914 0.302914 0.302914
5896.260254 0.000000 234.943161 0.000000 0.391283 0.000000 0.920271 0.245874 0.245874 0.245874
5898.422852 0.000000 249.685059 0.000000 0.553059 0.000000 0.833142 0.221475 0.221475 0.221475
5895.290527 0.000000 260.609863 0.000000 0.828701 0.000000 0.559691 0.270458 0.270458 0.270458
5902.569336 0.000000 259.706268 0.000000 0.657686 0.000000 0.753292 0.322495 0.322495 0.322495
5910.697754 0.000000 272.456116 0.000000 0.414504 0.000000 0.910047 0.285737 0.285737 0.285737
5895.173340 0.000000 255.144211 0.000000 0.036297 0.000000 0.999341 0.274720 0.274720 0.274720
5914.516602 0.000000 264.716400 0.000000 0.160054 0.000000 0.987108 0.265248 0.265248 0.265248
5909.389160 0.000000 269.163391 0.000000 0.999183 0.000000 0.040402 0.397256 0.397256 0.397256
5904.687988 0.000000 261.122650 0.000000 0.656949 0.000000 0.753935 0.313674 0.313674 0.313674
5916.691406 0.000000 274.029785 0.000000 0.241184 0.000000 0.970479 0.240468 0.240468 0.240468
5904.405273 0.000000 263.492584 0.000000 0.536891 0.000000 0.843652 0.320544 0.320544 0.320544
5914.280762 0.000000 269.783875 0.000000 0.108475 0.000000 0.994099 0.240850 0.240850 0.240850
5903.784668 0.000000 267.760162 0.000000 0.105843 0.000000 0.994383 0.286516 0.286516 0.286516
5900.076660 0.000000 261.247986 0.000000 0.938418 0.000000 0.345502 0.375428 0.375428 0.375428
5906.130371 0.000000 271.030731 0.000000 0.533759 0.000000 0.845637 0.282572 0.282572 0.282572
5897.306152 0.000000 251.612122 0.000000 0.101004 0.000000 0.994886 0.265727 0.265727 0.265727
5907.258789 0.000000 264.831024 0.000000 0.521975 0.000000 0.852961 0.309439 0.309439 0.309439
5897.114258 0.000000 256.051270 0.000000 0.865659 0.000000 0.500634 0.365835 0.365835 0.365835
5913.195312 0.000000 271.513306 0.000000 0.812172 0.000000 0.583418 0.351761 0.351761 0.351761
5909.837891 0.000000 270.884796 0.000000 0.624843 0.000000 0.780751 0.320292 0.320292 0.320292
5903.409668 0.000000 266.097717 0.000000 0.954171 0.000000 0.299262 0.342711 0.342711 0.342711
5908.010742 0.000000 270.146851 0.000000 0.853697 0.000000 0.520771 0.338204 0.338204 0.338204
5900.826172 0.000000 265.123627 0.000000 0.072487 0.000000 0.997369 0.291450 0.291450 0.291450
5908.232910 0.000000 268.057159 0.000000 0.953755 0.000000 0.300585 0.379268 0.379268 0.379268
5901.010254 0.000000 259.961731 0.000000 0.943551 0.000000 0.331228 0.377665 0.377665 0.377665
5904.139160 0.000000 264.893555 0.000000 0.386632 0.000000 0.922234 0.319997 0.319997 0.319997
5993.423340 0.000000 258.359711 0.000000 0.993631 0.000000 0.112683 0.200572 0.200572 0.200572
6012.270508 0.000000 274.271332 0.000000 0.602576 0.000000 0.798061 0.197360 0.197360 0.197360
5997.255371 0.000000 280.812988 0.000000 0.941972 0.000000 0.335693 0.226729 0.226729 0.226729
6004.449707 0.000000 258.697998 0.000000 0.483051 0.000000 0.875592 0.234033 0.234033 0.234033
6013.041992 0.000000 281.595642 0.000000 0.058107 0.000000 0.998310 0.185980 0.185980 0.185980
5999.365234 0.000000 256.741150 0.000000 0.999644 0.000000 0.026675 0.319466 0.319466 0.319466
6003.720703 0.000000 263.809265 0.000000 0.123615 0.000000 0.992330 0.216314 0.216314 0.216314
5994.064453 0.000000 277.261292 0.000000 0.835805 0.000000 0.549026 0.200030 0.200030 0.200030
6005.757812 0.000000 245.302246 0.000000 0.426317 0.000000 0.904574 0.199668 0.199668 0.199668
5993.764648 0.000000 254.261719 0.000000 0.329565 0.000000 0.944133 0.197564 0.197564 0.197564
6000.887695 0.000000 250.813019 0.000000 0.373551 0.000000 0.927610 0.257189 0.257189 0.257189
5996.877441 0.000000 259.724487 0.000000 0.062663 0.000000 0.998035 0.224417 0.224417 0.224417
6006.755859 0.000000 252.032898 0.000000 0.071861 0.000000 0.997415 0.223092 0.223092 0.223092
6006.496094 0.000000 255.246384 0.000000 0.277413 0.000000 0.960751 0.202991 0.202991 0.202991
5996.084473 0.000000 256.681274 0.000000 0.393343 0.000000 0.919392 0.245929 0.245929 0.245929
6005.610352 0.000000 261.430328 0.000000 0.186874 0.000000 0.982384 0.227682 0.227682 0.227682
6002.278320 0.000000 256.646423 0.000000 0.937626 0.000000 0.347645 0.258630 0.258630 0.258630
6007.542480 0.000000 249.067291 0.000000 0.194369 0.000000 0.980928 0.221533 0.221533 0.221533
5999.221680 0.000000 259.236145 0.000000 0.906590 0.000000 0.422012 0.293629 0.293629 0.293629
6002.491699 0.000000 249.577774 0.000000 0.629072 0.000000 0.777347 0.272578 0.272578 0.272578
5999.143066 0.000000 251.614990 0.000000 0.991585 0.000000 0.129456 0.327515 0.327515 0.327515
5938.281250 0.000000 325.491089 0.000000 0.892562 0.000000 0.450924 0.223804 0.223804 0.223804
5906.736816 0.000000 332.542908 0.000000 0.098197 0.000000 0.995167 0.189707 0.189707 0.189707
5920.264648 0.000000 304.290405 0.000000 0.017234 0.000000 0.999851 0.195537 0.195537 0.195537
5949.733887 0.000000 316.632111 0.000000 0.723125 0.000000 0.690717 0.290647 0.290647 0.290647
5951.683594 0.000000 295.462311 0.000000 0.554796 0.000000 0.831986 0.191659 0.191659 0.191659
5948.270508 0.000000 330.755707 0.000000 0.100714 0.000000 0.994915 0.187156 0.187156 0.187156
5909.428223 0.000000 314.769531 0.000000 0.742462 0.000000 0.669888 0.203324 0.203324 0.203324
5921.639160 0.000000 312.459473 0.000000 0.989228 0.000000 0.146381 0.251427 0.251427 0.251427
5909.035156 0.000000 323.138977 0.000000 0.062000 0.000000 0.998076 0.187382 0.187382 0.187382
5945.729980 0.000000 323.211395 0.000000 0.602296 0.000000 0.798273 0.203955 0.203955 0.203955
5913.924805 0.000000 335.662354 0.000000 0.997310 0.000000 0.073306 0.213133 0.213133 0.213133
5926.465332 0.000000 307.519623 0.000000 0.590551 0.000000 0.807000 0.193411 0.193411 0.193411
5949.041992 0.000000 338.080017 0.000000 0.928104 0.000000 0.372320 0.196883 0.196883 0.196883
5924.049805 0.000000 318.711456 0.000000 0.886262 0.000000 0.463185 0.247788 0.247788 0.247788
5942.872070 0.000000 328.756287 0.000000 0.916860 0.000000 0.399210 0.273507 0.273507 0.273507
5951.097656 0.000000 321.811096 0.000000 0.957665 0.000000 0.287885 0.292227 0.292227 0.292227
5939.521484 0.000000 310.430725 0.000000 0.219516 0.000000 0.975609 0.194524 0.194524 0.194524
5911.427734 0.000000 331.417267 0.000000 0.912797 0.000000 0.408413 0.236818 0.236818 0.236818
5906.853027 0.000000 319.029297 0.000000 0.851850 0.000000 0.523787 0.198308 0.198308 0.198308
5950.112305 0.000000 326.340576 0.000000 0.389668 0.000000 0.920955 0.223558 0.223558 0.223558
5919.949707 0.000000 316.677887 0.000000 0.002656 0.000000 0.999996 0.195364 0.195364 0.195364
5908.194824 0.000000 328.334717 0.000000 0.564296 0.000000 0.825573 0.207095 0.207095 0.207095
5921.638184 0.000000 329.190521 0.000000 0.520209 0.000000 0.854039 0.192565 0.192565 0.192565
5949.935547 0.000000 312.451904 0.000000 0.849149 0.000000 0.528153 0.239360 0.239360 0.239360
5920.344727 0.000000 320.739502 0.000000 0.998058 0.000000 0.062285 0.319254 0.319254 0.319254
5941.811523 0.000000 323.720947 0.000000 0.269229 0.000000 0.963076 0.241934 0.241934 0.241934
5924.219727 0.000000 322.579376 0.000000 0.971386 0.000000 0.237505 0.227220 0.227220 0.227220
5932.877441 0.000000 316.208862 0.000000 0.067963 0.000000 0.997688 0.194485 0.194485 0.194485
5947.742676 0.000000 320.098877 0.000000 0.109266 0.000000 0.994012 0.216069 0.216069 0.216069
5923.650879 0.000000 305.364227 0.000000 0.056511 0.000000 0.998402 0.198467 0.198467 0.198467
5917.234863 0.000000 306.130676 0.000000 0.677881 0.000000 0.735172 0.218438 0.218438 0.218438
5923.373047 0.000000 309.365173 0.000000 0.178378 0.000000 0.983962 0.250628 0.250628 0.250628
5918.089844 0.000000 311.357208 0.000000 0.854457 0.000000 0.519521 0.276583 0.276583 0.276583
5944.579102 0.000000 331.584259 0.000000 0.445575 0.000000 0.895245 0.212434 0.212434 0.212434
5927.131348 0.000000 317.401001 0.000000 0.083226 0.000000 0.996531 0.211702 0.211702 0.211702
5937.605957 0.000000 335.275726 0.000000 0.566788 0.000000 0.823864 0.279169 0.279169 0.279169
5943.033203 0.000000 320.869781 0.000000 0.992665 0.000000 0.120894 0.245390 0.245390 0.245390
5948.718750 0.000000 323.653320 0.000000 0.283848 0.000000 0.958869 0.212432 0.212432 0.212432
5946.107422 0.000000 337.622284 0.000000 0.481838 0.000000 0.876260 0.218354 0.218354 0.218354
5946.988770 0.000000 316.055939 0.000000 0.988978 0.000000 0.148065 0.310691 0.310691 0.310691
5950.830566 0.000000 329.657013 0.000000 0.757094 0.000000 0.653306 0.238322 0.238322 0.238322
5947.206543 0.000000 312.402618 0.000000 0.928777 0.000000 0.370639 0.281418 0.281418 0.281418
5910.697754 0.000000 328.940491 0.000000 0.722476 0.000000 0.691396 0.227926 0.227926 0.227926
5934.583984 0.000000 331.202454 0.000000 0.854453 0.000000 0.519529 0.254301 0.254301 0.254301
5914.280762 0.000000 326.268250 0.000000 0.919057 0.000000 0.394125 0.265595 0.265595 0.265595
5921.651855 0.000000 318.619354 0.000000 0.631269 0.000000 0.775564 0.247463 0.247463 0.247463
5919.716309 0.000000 322.872467 0.000000 0.988933 0.000000 0.148363 0.384176 0.384176 0.384176
5920.249023 0.000000 310.797607 0.000000 0.872585 0.000000 0.488462 0.271791 0.271791 0.271791
5918.384766 0.000000 324.016571 0.000000 0.915621 0.000000 0.402042 0.333528 0.333528 0.333528
5952.354004 0.000000 330.389771 0.000000 0.962118 0.000000 0.272633 0.246757 0.246757 0.246757
5980.282227 0.000000 319.317871 0.000000 0.141226 0.000000 0.989977 0.200364 0.200364 0.200364
6002.281250 0.000000 325.491089 0.000000 0.999918 0.000000 0.012823 0.316627 0.316627 0.316627
5997.255371 0.000000 337.297363 0.000000 0.999981 0.000000 0.006113 0.201621 0.201621 0.201621
5983.430176 0.000000 293.193817 0.000000 0.434916 0.000000 0.900471 0.265409 0.265409 0.265409
5979.221680 0.000000 328.450439 0.000000 0.597408 0.000000 0.801937 0.202944 0.202944 0.202944
6009.729980 0.000000 323.211395 0.000000 0.385313 0.000000 0.922786 0.188851 0.188851 0.188851
5955.716309 0.000000 323.528046 0.000000 0.818667 0.000000 0.574268 0.263334 0.263334 0.263334
6009.426758 0.000000 299.820831 0.000000 0.886172 0.000000 0.463356 0.196211 0.196211 0.196211
5977.924805 0.000000 335.662354 0.000000 0.998394 0.000000 0.056645 0.234395 0.234395 0.234395
5978.840820 0.000000 309.126221 0.000000 0.117403 0.000000 0.993084 0.186940 0.186940 0.186940
5998.271484 0.000000 319.710388 0.000000 0.760848 0.000000 0.648930 0.193653 0.193653 0.193653
5978.616699 0.000000 288.631287 0.000000 0.865970 0.000000 0.500096 0.198589 0.198589 0.198589
5988.049805 0.000000 318.711456 0.000000 0.050678 0.000000 0.998715 0.256257 0.256257 0.256257
5997.791016 0.000000 295.760010 0.000000 0.058885 0.000000 0.998265 0.236757 0.236757 0.236757
5982.773926 0.000000 298.893524 0.000000 0.567925 0.000000 0.823080 0.191431 0.191431 0.191431
6003.720703 0.000000 320.293640 0.000000 0.984718 0.000000 0.174158 0.245478 0.245478 0.245478
5979.974121 0.000000 314.151398 0.000000 0.177613 0.000000 0.984100 0.199147 0.199147 0.199147
5975.427734 0.000000 331.417267 0.000000 0.507428 0.000000 0.861694 0.230262 0.230262 0.230262
6009.614258 0.000000 334.803009 0.000000 0.527556 0.000000 0.849520 0.243690 0.243690 0.243690
5970.853027 0.000000 319.029297 0.000000 0.690191 0.000000 0.723627 0.208227 0.208227 0.208227
6002.317383 0.000000 285.613037 0.000000 0.664409 0.000000 0.747369 0.197256 0.197256 0.197256
5993.605957 0.000000 319.903381 0.000000 0.965808 0.000000 0.259257 0.243854 0.243854 0.243854
5972.194824 0.000000 328.334717 0.000000 0.564592 0.000000 0.825370 0.228874 0.228874 0.228874
5989.993652 0.000000 311.985229 0.000000 0.729050 0.000000 0.684461 0.215681 0.215681 0.215681
5983.822266 0.000000 308.483002 0.000000 0.998234 0.000000 0.059409 0.245419 0.245419 0.245419
5952.390625 0.000000 325.972015 0.000000 0.002207 0.000000 0.999998 0.223216 0.223216 0.223216
5952.073242 0.000000 320.983337 0.000000 0.712903 0.000000 0.701263 0.284019 0.284019 0.284019
5975.759277 0.000000 326.547668 0.000000 0.390813 0.000000 0.920470 0.211557 0.211557 0.211557
5984.344727 0.000000 320.739502 0.000000 0.720855 0.000000 0.693086 0.219340 0.219340 0.219340
5964.652344 0.000000 307.848724 0.000000 0.313463 0.000000 0.949601 0.197369 0.197369 0.197369
6005.811523 0.000000 323.720947 0.000000 0.895103 0.000000 0.445859 0.256206 0.256206 0.256206
6011.742676 0.000000 320.098877 0.000000 0.932096 0.000000 0.362212 0.208551 0.208551 0.208551
6000.763672 0.000000 322.228333 0.000000 0.785747 0.000000 0.618548 0.227629 0.227629 0.227629
5980.263672 0.000000 291.717926 0.000000 0.999045 0.000000 0.043689 0.241264 0.241264 0.241264
5987.373047 0.000000 309.365173 0.000000 0.987967 0.000000 0.154664 0.229572 0.229572 0.229572
6008.579102 0.000000 331.584259 0.000000 0.939079 0.000000 0.343702 0.282255 0.282255 0.282255
6004.392090 0.000000 330.808594 0.000000 0.535859 0.000000 0.844308 0.248182 0.248182 0.248182
6002.335449 0.000000 303.314911 0.000000 0.724735 0.000000 0.689027 0.226087 0.226087 0.226087
6002.616699 0.000000 328.475098 0.000000 0.997808 0.000000 0.066181 0.271785 0.271785 0.271785
5954.892090 0.000000 320.623169 0.000000 0.641481 0.000000 0.767139 0.258365 0.258365 0.258365
5982.841309 0.000000 314.054016 0.000000 0.633245 0.000000 0.773952 0.268470 0.268470 0.268470
6005.008789 0.000000 326.643738 0.000000 0.957372 0.000000 0.288858 0.329049 0.329049 0.329049
5955.898438 0.000000 335.178528 0.000000 0.953457 0.000000 0.301528 0.232540 0.232540 0.232540
5987.895020 0.000000 294.935486 0.000000 0.974106 0.000000 0.226093 0.326661 0.326661 0.326661
5978.516602 0.000000 321.200775 0.000000 0.999843 0.000000 0.017739 0.246177 0.246177 0.246177
5983.881836 0.000000 285.071350 0.000000 0.999041 0.000000 0.043792 0.290058 0.290058 0.290058
6007.341309 0.000000 333.713867 0.000000 0.733964 0.000000 0.679188 0.260793 0.260793 0.260793
5985.651855 0.000000 318.619354 0.000000 0.764469 0.000000 0.644660 0.254550 0.254550 0.254550
5987.886719 0.000000 313.046356 0.000000 0.190048 0.000000 0.981775 0.249524 0.249524 0.249524
5982.946777 0.000000 295.660828 0.000000 0.908719 0.000000 0.417408 0.268971 0.268971 0.268971
6004.752441 0.000000 328.819214 0.000000 0.999722 0.000000 0.023596 0.314016 0.314016 0.314016
5984.870605 0.000000 289.667389 0.000000 0.790431 0.000000 0.612552 0.306965 0.306965 0.306965
6023.674805 0.000000 249.883530 0.000000 0.606313 0.000000 0.795226 0.234308 0.234308 0.234308
6070.803711 0.000000 228.003662 0.000000 0.998494 0.000000 0.054856 0.241072 0.241072 0.241072
6079.683594 0.000000 238.977936 0.000000 0.054450 0.000000 0.998516 0.218971 0.218971 0.218971
6061.901367 0.000000 226.891922 0.000000 0.918121 0.000000 0.396300 0.221608 0.221608 0.221608
6079.419434 0.000000 247.809570 0.000000 0.034547 0.000000 0.999403 0.210149 0.210149 0.210149
6022.599121 0.000000 279.038452 0.000000 0.948132 0.000000 0.317876 0.214385 0.214385 0.214385
6019.716309 0.000000 267.043671 0.000000 0.644758 0.000000 0.764386 0.192832 0.192832 0.192832
6016.315430 0.000000 252.363068 0.000000 0.168700 0.000000 0.985667 0.216289 0.216289 0.216289
6077.524414 0.000000 231.450928 0.000000 0.905482 0.000000 0.424386 0.242604 0.242604 0.242604
6018.164551 0.000000 245.309052 0.000000 0.026294 0.000000 0.999654 0.193181 0.193181 0.193181
6025.163574 0.000000 265.238312 0.000000 0.746799 0.000000 0.665050 0.231391 0.231391 0.231391
6017.469238 0.000000 280.485596 0.000000 0.218615 0.000000 0.975811 0.198808 0.198808 0.198808
6020.861816 0.000000 253.892029 0.000000 0.317643 0.000000 0.948210 0.247058 0.247058 0.247058
6078.127441 0.000000 243.377487 0.000000 0.552979 0.000000 0.833195 0.233040 0.233040 0.233040
6019.605469 0.000000 249.214081 0.000000 0.202865 0.000000 0.979207 0.220092 0.220092 0.220092
6075.875488 0.000000 240.143723 0.000000 0.997785 0.000000 0.066519 0.244185 0.244185 0.244185
6077.449707 0.000000 235.423676 0.000000 0.997877 0.000000 0.065124 0.250840 0.250840 0.250840
6025.889160 0.000000 281.202515 0.000000 0.957830 0.000000 0.287334 0.215853 0.215853 0.215853
6021.963867 0.000000 246.636505 0.000000 0.995864 0.000000 0.090858 0.233851 0.233851 0.233851
6061.457031 0.000000 230.151047 0.000000 0.906675 0.000000 0.421829 0.216060 0.216060 0.216060
6022.827637 0.000000 281.936371 0.000000 0.566156 0.000000 0.824298 0.218113 0.218113 0.218113
6023.290527 0.000000 260.609863 0.000000 0.974739 0.000000 0.223347 0.242409 0.242409 0.242409
6021.178223 0.000000 251.307526 0.000000 0.902984 0.000000 0.429673 0.264628 0.264628 0.264628
6020.256348 0.000000 281.453217 0.000000 0.865755 0.000000 0.500467 0.234989 0.234989 0.234989
6072.357422 0.000000 234.284424 0.000000 0.531478 0.000000 0.847072 0.232545 0.232545 0.232545
6079.450684 0.000000 233.866791 0.000000 0.909859 0.000000 0.414917 0.243820 0.243820 0.243820
6019.928711 0.000000 256.069397 0.000000 0.645281 0.000000 0.763945 0.245199 0.245199 0.245199
6087.674805 0.000000 249.883530 0.000000 0.998333 0.000000 0.057719 0.211101 0.211101 0.211101
6100.950195 0.000000 235.106720 0.000000 0.878216 0.000000 0.478265 0.196203 0.196203 0.196203
6082.164551 0.000000 245.309052 0.000000 0.981939 0.000000 0.189196 0.248417 0.248417 0.248417
6081.476562 0.000000 232.396179 0.000000 0.523352 0.000000 0.852117 0.231487 0.231487 0.231487
6087.650879 0.000000 243.424881 0.000000 0.555709 0.000000 0.831377 0.231338 0.231338 0.231338
6106.661621 0.000000 247.375168 0.000000 0.783154 0.000000 0.621828 0.212928 0.212928 0.212928
6097.893555 0.000000 239.252274 0.000000 0.537605 0.000000 0.843197 0.232685 0.232685 0.232685
6102.003418 0.000000 239.639923 0.000000 0.014240 0.000000 0.999899 0.207492 0.207492 0.207492
6102.596680 0.000000 246.468658 0.000000 0.769316 0.000000 0.638869 0.194876 0.194876 0.194876
6083.605469 0.000000 249.214081 0.000000 0.898311 0.000000 0.439360 0.216829 0.216829 0.216829
6090.276367 0.000000 246.544937 0.000000 0.864527 0.000000 0.502587 0.202650 0.202650 0.202650
6084.061523 0.000000 242.147110 0.000000 0.155632 0.000000 0.987815 0.223948 0.223948 0.223948
6109.587891 0.000000 245.605255 0.000000 0.727167 0.000000 0.686460 0.209860 0.209860 0.209860
6091.269531 0.000000 235.267578 0.000000 0.076445 0.000000 0.997074 0.214730 0.214730 0.214730
6089.939941 0.000000 241.225952 0.000000 0.514042 0.000000 0.857765 0.232149 0.232149 0.232149
6102.343750 0.000000 243.329712 0.000000 0.162620 0.000000 0.986689 0.220948 0.220948 0.220948
6088.260254 0.000000 234.943161 0.000000 0.997886 0.000000 0.064982 0.249738 0.249738 0.249738
6107.116211 0.000000 244.412735 0.000000 0.389238 0.000000 0.921137 0.228602 0.228602 0.228602
6082.759766 0.000000 235.052094 0.000000 0.812087 0.000000 0.583537 0.240042 0.240042 0.240042
6099.875488 0.000000 241.386322 0.000000 0.919339 0.000000 0.393467 0.244274 0.244274 0.244274
6019.834473 0.000000 282.424408 0.000000 0.356623 0.000000 0.934248 0.208426 0.208426 0.208426
6031.347656 0.000000 282.705933 0.000000 0.480330 0.000000 0.877088 0.192255 0.192255 0.192255
6029.467773 0.000000 297.977142 0.000000 0.428069 0.000000 0.903746 0.228567 0.228567 0.228567
6019.716309 0.000000 323.528046 0.000000 0.242425 0.000000 0.970170 0.219998 0.219998 0.219998
6030.124512 0.000000 311.430695 0.000000 0.898319 0.000000 0.439343 0.209629 0.209629 0.209629
6030.716309 0.000000 292.155518 0.000000 0.114585 0.000000 0.993413 0.187823 0.187823 0.187823
6025.437988 0.000000 283.239563 0.000000 0.112930 0.000000 0.993603 0.220812 0.220812 0.220812
6020.957031 0.000000 328.588959 0.000000 0.961932 0.000000 0.273290 0.218169 0.218169 0.218169
6021.568848 0.000000 286.439758 0.000000 0.535177 0.000000 0.844740 0.213932 0.213932 0.213932
6016.390625 0.000000 325.972015 0.000000 0.803822 0.000000 0.594870 0.273948 0.273948 0.273948
6016.073242 0.000000 320.983337 0.000000 0.944311 0.000000 0.329055 0.233112 0.233112 0.233112
6019.605469 0.000000 305.698456 0.000000 0.979232 0.000000 0.202742 0.224524 0.224524 0.224524
6017.602051 0.000000 312.795197 0.000000 0.867294 0.000000 0.497796 0.239032 0.239032 0.239032
6025.808105 0.000000 318.127441 0.000000 0.966822 0.000000 0.255453 0.213074 0.213074 0.213074
6027.269531 0.000000 291.751953 0.000000 0.632159 0.000000 0.774839 0.286996 0.286996 0.286996
6026.448242 0.000000 286.026825 0.000000 0.662042 0.000000 0.749467 0.272192 0.272192 0.272192
6019.167969 0.000000 326.374573 0.000000 0.976922 0.000000 0.213595 0.258601 0.258601 0.258601
6022.297363 0.000000 283.770020 0.000000 0.385611 0.000000 0.922661 0.229362 0.229362 0.229362
6023.290527 0.000000 317.094238 0.000000 0.655314 0.000000 0.755357 0.239169 0.239169 0.239169
6018.873047 0.000000 308.712097 0.000000 0.319939 0.000000 0.947438 0.275337 0.275337 0.275337
6016.956543 0.000000 323.541779 0.000000 0.915764 0.000000 0.401716 0.260344 0.260344 0.260344
6024.000977 0.000000 286.483093 0.000000 0.833770 0.000000 0.552113 0.304478 0.304478 0.304478
6019.928711 0.000000 312.553772 0.000000 0.287783 0.000000 0.957696 0.261954 0.261954 0.261954
6025.306152 0.000000 308.096497 0.000000 0.300711 0.000000 0.953715 0.278771 0.278771 0.278771
6018.422852 0.000000 310.821472 0.000000 0.083797 0.000000 0.996483 0.269482 0.269482 0.269482
6141.733887 0.000000 316.632111 0.000000 0.999216 0.000000 0.039580 0.199664 0.199664 0.199664
6140.270508 0.000000 330.755707 0.000000 0.627544 0.000000 0.778581 0.201503 0.201503 0.201503
6093.066406 0.000000 335.638062 0.000000 0.446235 0.000000 0.894916 0.320916 0.320916 0.320916
6134.872070 0.000000 328.756287 0.000000 0.130122 0.000000 0.991498 0.187235 0.187235 0.187235
6143.097656 0.000000 321.811096 0.000000 0.743045 0.000000 0.669242 0.237911 0.237911 0.237911
6093.883301 0.000000 330.918091 0.000000 0.881402 0.000000 0.472367 0.309991 0.309991 0.309991
6142.112305 0.000000 326.340576 0.000000 0.931434 0.000000 0.363911 0.236637 0.236637 0.236637
6101.636230 0.000000 336.924103 0.000000 0.929432 0.000000 0.368993 0.217868 0.217868 0.217868
6089.597656 0.000000 332.297302 0.000000 0.615123 0.000000 0.788431 0.229104 0.229104 0.229104
6097.114746 0.000000 336.981720 0.000000 0.450883 0.000000 0.892583 0.318533 0.318533 0.318533
6138.308594 0.000000 327.021423 0.000000 0.757456 0.000000 0.652886 0.203585 0.203585 0.203585
6089.889160 0.000000 337.686890 0.000000 0.947754 0.000000 0.319002 0.248940 0.248940 0.248940
6139.742676 0.000000 320.098877 0.000000 0.384899 0.000000 0.922959 0.204460 0.204460 0.204460
6094.452148 0.000000 338.016632 0.000000 0.673197 0.000000 0.739463 0.338539 0.338539 0.338539
6092.277832 0.000000 337.678101 0.000000 0.527239 0.000000 0.849717 0.329124 0.329124 0.329124
6091.119141 0.000000 336.041046 0.000000 0.948742 0.000000 0.316051 0.337853 0.337853 0.337853
6090.837402 0.000000 334.029999 0.000000 0.150112 0.000000 0.988669 0.286904 0.286904 0.286904
5907.921875 0.000000 363.231659 0.000000 0.628400 0.000000 0.777891 0.202464 0.202464 0.202464
5948.270508 0.000000 387.240082 0.000000 0.321963 0.000000 0.946752 0.188208 0.188208 0.188208
5927.866699 0.000000 380.609802 0.000000 0.282254 0.000000 0.959340 0.188614 0.188614 0.188614
5915.221680 0.000000 384.934814 0.000000 0.076455 0.000000 0.997073 0.230645 0.230645 0.230645
5909.428223 0.000000 371.253906 0.000000 0.893683 0.000000 0.448698 0.196050 0.196050 0.196050
5945.729980 0.000000 379.695770 0.000000 0.864815 0.000000 0.502091 0.195207 0.195207 0.195207
5891.716309 0.000000 380.012421 0.000000 0.179068 0.000000 0.983837 0.215661 0.215661 0.215661
5949.524414 0.000000 344.419678 0.000000 0.883468 0.000000 0.468491 0.201018 0.201018 0.201018
5945.426758 0.000000 356.305206 0.000000 0.993566 0.000000 0.113256 0.200566 0.200566 0.200566
5934.271484 0.000000 376.194763 0.000000 0.975999 0.000000 0.217777 0.201686 0.201686 0.201686
5926.465332 0.000000 364.003998 0.000000 0.696299 0.000000 0.717752 0.217871 0.217871 0.217871
5949.041992 0.000000 394.564392 0.000000 0.918607 0.000000 0.395173 0.196644 0.196644 0.196644
5907.298340 0.000000 356.853424 0.000000 0.806638 0.000000 0.591046 0.221338 0.221338 0.221338
5902.716309 0.000000 348.639893 0.000000 0.771858 0.000000 0.635795 0.310149 0.310149 0.310149
5897.163574 0.000000 378.207062 0.000000 0.080423 0.000000 0.996761 0.196290 0.196290 0.196290
5897.095215 0.000000 350.893677 0.000000 0.388303 0.000000 0.921532 0.189467 0.189467 0.189467
5933.060059 0.000000 381.298035 0.000000 0.995099 0.000000 0.098881 0.304828 0.304828 0.304828
5951.097656 0.000000 378.295471 0.000000 0.077671 0.000000 0.996979 0.262328 0.262328 0.262328
5950.112305 0.000000 382.824951 0.000000 0.743975 0.000000 0.668208 0.263923 0.263923 0.263923
5929.605957 0.000000 376.387756 0.000000 0.932109 0.000000 0.362179 0.198042 0.198042 0.198042
5919.949707 0.000000 373.162262 0.000000 0.727335 0.000000 0.686282 0.233709 0.233709 0.233709
5910.690430 0.000000 366.923157 0.000000 0.195154 0.000000 0.980773 0.197667 0.197667 0.197667
5904.913574 0.000000 371.476349 0.000000 0.833920 0.000000 0.551885 0.201005 0.201005 0.201005
5925.993652 0.000000 368.469604 0.000000 0.913651 0.000000 0.406500 0.243999 0.243999 0.243999
5906.409180 0.000000 367.315765 0.000000 0.456052 0.000000 0.889953 0.239323 0.239323 0.239323
5897.597656 0.000000 388.781677 0.000000 0.408529 0.000000 0.912745 0.206563 0.206563 0.206563
5946.875000 0.000000 339.060730 0.000000 0.483534 0.000000 0.875326 0.204060 0.204060 0.204060
5929.764648 0.000000 367.230469 0.000000 0.945045 0.000000 0.326939 0.239410 0.239410 0.239410
5947.875488 0.000000 353.112488 0.000000 0.987559 0.000000 0.157251 0.252290 0.252290 0.252290
5946.308594 0.000000 383.505798 0.000000 0.897024 0.000000 0.441983 0.221910 0.221910 0.221910
5935.152344 0.000000 384.376953 0.000000 0.611033 0.000000 0.791605 0.227197 0.227197 0.227197
5903.712891 0.000000 357.520416 0.000000 0.942771 0.000000 0.333442 0.272342 0.272342 0.272342
5899.269531 0.000000 348.236328 0.000000 0.989813 0.000000 0.142374 0.228672 0.228672 0.228672
5905.653320 0.000000 347.375671 0.000000 0.674547 0.000000 0.738232 0.230498 0.230498 0.230498
5930.699707 0.000000 379.285065 0.000000 0.950342 0.000000 0.311207 0.311849 0.311849 0.311849
5900.424805 0.000000 357.325989 0.000000 0.498524 0.000000 0.866876 0.220430 0.220430 0.220430
5894.656738 0.000000 387.724030 0.000000 0.347584 0.000000 0.937649 0.267674 0.267674 0.267674
5929.246582 0.000000 387.218018 0.000000 0.203188 0.000000 0.979140 0.220898 0.220898 0.220898
5896.260254 0.000000 347.911926 0.000000 0.832481 0.000000 0.554054 0.225980 0.225980 0.225980
5903.212891 0.000000 351.359558 0.000000 0.554974 0.000000 0.831868 0.320259 0.320259 0.320259
5917.260254 0.000000 373.175507 0.000000 0.465771 0.000000 0.884906 0.231933 0.231933 0.231933
5950.888184 0.000000 375.531281 0.000000 0.919436 0.000000 0.393241 0.275692 0.275692 0.275692
5933.602051 0.000000 378.831238 0.000000 0.545974 0.000000 0.837802 0.273457 0.273457 0.273457
5907.875488 0.000000 354.355072 0.000000 0.596290 0.000000 0.802769 0.255999 0.255999 0.255999
5914.516602 0.000000 377.685150 0.000000 0.829529 0.000000 0.558464 0.257110 0.257110 0.257110
5895.626953 0.000000 385.256500 0.000000 0.416015 0.000000 0.909358 0.283609 0.283609 0.283609
5904.003418 0.000000 366.208923 0.000000 0.556122 0.000000 0.831101 0.260625 0.260625 0.260625
5934.583984 0.000000 387.686829 0.000000 0.188448 0.000000 0.982083 0.235402 0.235402 0.235402
5914.280762 0.000000 382.752625 0.000000 0.644907 0.000000 0.764261 0.254081 0.254081 0.254081
5932.424316 0.000000 391.452301 0.000000 0.091957 0.000000 0.995763 0.241851 0.241851 0.241851
5932.874023 0.000000 383.895477 0.000000 0.492138 0.000000 0.870517 0.276911 0.276911 0.276911
5930.151367 0.000000 381.417847 0.000000 0.865834 0.000000 0.500331 0.307785 0.307785 0.307785
5951.035645 0.000000 380.514435 0.000000 0.519358 0.000000 0.854557 0.259410 0.259410 0.259410
5893.188477 0.000000 381.646332 0.000000 0.501154 0.000000 0.865358 0.262085 0.262085 0.262085
5951.211914 0.000000 349.738007 0.000000 0.796278 0.000000 0.604931 0.296540 0.296540 0.296540
5894.227051 0.000000 383.481232 0.000000 0.719863 0.000000 0.694116 0.287860 0.287860 0.287860
5903.288574 0.000000 353.444244 0.000000 0.470543 0.000000 0.882377 0.314965 0.314965 0.314965
5933.863281 0.000000 385.723358 0.000000 0.372684 0.000000 0.927958 0.288158 0.288158 0.288158
5931.631348 0.000000 382.456177 0.000000 0.579087 0.000000 0.815266 0.292581 0.292581 0.292581
5902.208008 0.000000 350.154785 0.000000 0.997179 0.000000 0.075055 0.369068 0.369068 0.369068
5993.423340 0.000000 371.328461 0.000000 0.930451 0.000000 0.366416 0.197003 0.197003 0.197003
5955.589355 0.000000 351.288483 0.000000 0.996461 0.000000 0.084054 0.231756 0.231756 0.231756
6003.915527 0.000000 350.947571 0.000000 0.995442 0.000000 0.095366 0.273264 0.273264 0.273264
5962.048340 0.000000 384.406555 0.000000 0.290965 0.000000 0.956734 0.189173 0.189173 0.189173
6015.419434 0.000000 360.778320 0.000000 0.276464 0.000000 0.961024 0.191663 0.191663 0.191663
5961.453613 0.000000 345.225616 0.000000 0.732183 0.000000 0.681108 0.193733 0.193733 0.193733
6009.426758 0.000000 356.305206 0.000000 0.025228 0.000000 0.999682 0.242865 0.242865 0.242865
5998.271484 0.000000 376.194763 0.000000 0.511590 0.000000 0.859230 0.250859 0.250859 0.250859
5999.844727 0.000000 346.016693 0.000000 0.268625 0.000000 0.963245 0.189462 0.189462 0.189462
5953.476562 0.000000 345.364929 0.000000 0.736766 0.000000 0.676148 0.221605 0.221605 0.221605
6009.915527 0.000000 349.621033 0.000000 0.999983 0.000000 0.005835 0.217294 0.217294 0.217294
5997.791016 0.000000 352.244385 0.000000 0.848664 0.000000 0.528932 0.214440 0.214440 0.214440
6001.916504 0.000000 356.696259 0.000000 0.984295 0.000000 0.176532 0.273378 0.273378 0.273378
5997.060059 0.000000 381.298035 0.000000 0.602955 0.000000 0.797776 0.236015 0.236015 0.236015
6003.720703 0.000000 376.778015 0.000000 0.787288 0.000000 0.616586 0.226700 0.226700 0.226700
6010.165039 0.000000 361.456940 0.000000 0.894454 0.000000 0.447159 0.236060 0.236060 0.236060
6009.614258 0.000000 391.287384 0.000000 0.362172 0.000000 0.932111 0.256067 0.256067 0.256067
5998.917969 0.000000 360.220978 0.000000 0.999638 0.000000 0.026906 0.200301 0.200301 0.200301
6002.569336 0.000000 394.880066 0.000000 0.928785 0.000000 0.370620 0.220967 0.220967 0.220967
5993.605957 0.000000 376.387756 0.000000 0.641827 0.000000 0.766849 0.226049 0.226049 0.226049
6014.127441 0.000000 356.346222 0.000000 0.983614 0.000000 0.180285 0.249669 0.249669 0.249669
5957.568848 0.000000 342.924133 0.000000 0.339257 0.000000 0.940694 0.206438 0.206438 0.206438
5961.597656 0.000000 388.781677 0.000000 0.018895 0.000000 0.999821 0.216054 0.216054 0.216054
6005.757812 0.000000 358.270996 0.000000 0.985524 0.000000 0.169535 0.285352 0.285352 0.285352
5952.110840 0.000000 349.270752 0.000000 0.385839 0.000000 0.922566 0.263735 0.263735 0.263735
6011.875488 0.000000 353.112488 0.000000 0.361056 0.000000 0.932544 0.229677 0.229677 0.229677
5996.817383 0.000000 348.432251 0.000000 0.959186 0.000000 0.282774 0.208468 0.208468 0.208468
6007.010742 0.000000 393.859161 0.000000 0.677338 0.000000 0.735672 0.284913 0.284913 0.284913
6000.446289 0.000000 349.737061 0.000000 0.369800 0.000000 0.929111 0.198948 0.198948 0.198948
6008.579102 0.000000 388.068634 0.000000 0.843119 0.000000 0.537726 0.244056 0.244056 0.244056
6011.669434 0.000000 358.611145 0.000000 0.465547 0.000000 0.885023 0.240397 0.240397 0.240397
6002.335449 0.000000 359.799286 0.000000 0.655627 0.000000 0.755085 0.256202 0.256202 0.256202
6005.610352 0.000000 374.399078 0.000000 0.991893 0.000000 0.127076 0.259433 0.259433 0.259433
5954.892090 0.000000 377.107544 0.000000 0.291616 0.000000 0.956535 0.276323 0.276323 0.276323
5959.626953 0.000000 385.256500 0.000000 0.057187 0.000000 0.998363 0.244418 0.244418 0.244418
6006.928223 0.000000 355.791321 0.000000 0.727991 0.000000 0.685587 0.308176 0.308176 0.308176
6007.370605 0.000000 372.561676 0.000000 0.972221 0.000000 0.234066 0.246465 0.246465 0.246465
5952.956543 0.000000 380.026154 0.000000 0.594590 0.000000 0.804029 0.277048 0.277048 0.277048
6007.341309 0.000000 390.198242 0.000000 0.372173 0.000000 0.928164 0.274480 0.274480 0.274480
5995.827148 0.000000 377.093018 0.000000 0.646863 0.000000 0.762606 0.273297 0.273297 0.273297
6009.532715 0.000000 353.880859 0.000000 0.326768 0.000000 0.945105 0.277733 0.277733 0.277733
5953.116211 0.000000 375.405457 0.000000 0.798815 0.000000 0.601576 0.302128 0.302128 0.302128
5996.435059 0.000000 374.881378 0.000000 0.946121 0.000000 0.323814 0.309325 0.309325 0.309325
5952.060059 0.000000 347.154449 0.000000 0.865061 0.000000 0.501667 0.278152 0.278152 0.278152
6003.156250 0.000000 352.979309 0.000000 0.675368 0.000000 0.737481 0.293310 0.293310 0.293310
5929.206543 0.000000 403.934296 0.000000 0.123262 0.000000 0.992374 0.188330 0.188330 0.188330
5891.834473 0.000000 395.393158 0.000000 0.476251 0.000000 0.879309 0.191282 0.191282 0.191282
5908.950195 0.000000 404.559845 0.000000 0.541483 0.000000 0.840712 0.203059 0.203059 0.203059
5891.589355 0.000000 407.772858 0.000000 0.991323 0.000000 0.131447 0.213533 0.213533 0.213533
5907.921875 0.000000 419.716034 0.000000 0.833852 0.000000 0.551988 0.209065 0.209065 0.209065
5913.268555 0.000000 411.799744 0.000000 0.970258 0.000000 0.242074 0.323907 0.323907 0.323907
5888.315430 0.000000 421.816193 0.000000 0.062347 0.000000 0.998055 0.219878 0.219878 0.219878
5890.164551 0.000000 414.762177 0.000000 0.043001 0.000000 0.999075 0.272672 0.272672 0.272672
5895.650879 0.000000 412.878021 0.000000 0.722727 0.000000 0.691133 0.245703 0.245703 0.245703
5905.893555 0.000000 408.705383 0.000000 0.796069 0.000000 0.605206 0.213208 0.213208 0.213208
5910.596680 0.000000 415.921783 0.000000 0.796368 0.000000 0.604813 0.220101 0.220101 0.220101
5926.192871 0.000000 401.097504 0.000000 0.937721 0.000000 0.347390 0.202419 0.202419 0.202419
5891.605469 0.000000 418.667206 0.000000 0.884341 0.000000 0.466841 0.278341 0.278341 0.278341
5918.227539 0.000000 399.947998 0.000000 0.837676 0.000000 0.546167 0.206129 0.206129 0.206129
5888.110840 0.000000 405.755127 0.000000 0.041391 0.000000 0.999143 0.206317 0.206317 0.206317
5888.522461 0.000000 411.092682 0.000000 0.679716 0.000000 0.733475 0.242577 0.242577 0.242577
5916.683105 0.000000 408.824554 0.000000 0.115055 0.000000 0.993359 0.254319 0.254319 0.254319
5893.963867 0.000000 416.089630 0.000000 0.944591 0.000000 0.328249 0.259096 0.259096 0.259096
5905.983398 0.000000 416.758881 0.000000 0.064050 0.000000 0.997947 0.222941 0.222941 0.222941
5892.061523 0.000000 411.600220 0.000000 0.925026 0.000000 0.379905 0.269017 0.269017 0.269017
5916.263672 0.000000 404.686676 0.000000 0.255842 0.000000 0.966719 0.252146 0.252146 0.252146
5912.357910 0.000000 403.901642 0.000000 0.224724 0.000000 0.974422 0.222097 0.222097 0.222097
5888.205078 0.000000 417.809296 0.000000 0.930340 0.000000 0.366697 0.298638 0.298638 0.298638
5910.343750 0.000000 412.782837 0.000000 0.522183 0.000000 0.852833 0.251169 0.251169 0.251169
5948.365723 0.000000 398.118286 0.000000 0.939876 0.000000 0.341515 0.318657 0.318657 0.318657
5915.116211 0.000000 413.865875 0.000000 0.133313 0.000000 0.991074 0.256935 0.256935 0.256935
5910.909180 0.000000 406.390472 0.000000 0.614271 0.000000 0.789095 0.229990 0.229990 0.229990
5923.895020 0.000000 407.904236 0.000000 0.950453 0.000000 0.310868 0.237621 0.237621 0.237621
5924.193359 0.000000 402.849640 0.000000 0.136665 0.000000 0.990617 0.254301 0.254301 0.254301
5915.921387 0.000000 411.346344 0.000000 0.917069 0.000000 0.398728 0.324953 0.324953 0.324953
5914.002441 0.000000 409.425964 0.000000 0.991735 0.000000 0.128301 0.315714 0.315714 0.315714
5889.439453 0.000000 419.769989 0.000000 0.448282 0.000000 0.893892 0.265873 0.265873 0.265873
5916.903809 0.000000 402.011993 0.000000 0.670018 0.000000 0.742345 0.260239 0.260239 0.260239
5891.661133 0.000000 416.464172 0.000000 0.890252 0.000000 0.455469 0.283613 0.283613 0.283613
5911.342285 0.000000 410.901367 0.000000 0.996697 0.000000 0.081215 0.287884 0.287884 0.287884
5888.668457 0.000000 413.161041 0.000000 0.702395 0.000000 0.711788 0.304921 0.304921 0.304921
5890.200195 0.000000 412.009857 0.000000 0.733825 0.000000 0.679339 0.313662 0.313662 0.313662
5972.950195 0.000000 404.559845 0.000000 0.999184 0.000000 0.040397 0.276848 0.276848 0.276848
6006.803711 0.000000 397.456787 0.000000 0.797538 0.000000 0.603268 0.205313 0.205313 0.205313
6003.915527 0.000000 407.431946 0.000000 0.799257 0.000000 0.600989 0.195332 0.195332 0.195332
6015.419434 0.000000 417.262695 0.000000 0.939278 0.000000 0.343158 0.197464 0.197464 0.197464
5977.268555 0.000000 411.799744 0.000000 0.971110 0.000000 0.238634 0.259097 0.259097 0.259097
5974.797363 0.000000 396.365265 0.000000 0.299185 0.000000 0.954195 0.189241 0.189241 0.189241
6009.426758 0.000000 412.789581 0.000000 0.568182 0.000000 0.822903 0.264388 0.264388 0.264388
5966.124512 0.000000 424.399445 0.000000 0.582040 0.000000 0.813160 0.192058 0.192058 0.192058
5965.883301 0.000000 443.886841 0.000000 0.900695 0.000000 0.434452 0.206597 0.206597 0.206597
6005.757812 0.000000 414.755371 0.000000 0.908525 0.000000 0.417831 0.241726 0.241726 0.241726
5962.276367 0.000000 415.998047 0.000000 0.846610 0.000000 0.532214 0.204299 0.204299 0.204299
6007.430664 0.000000 409.267670 0.000000 0.849387 0.000000 0.527770 0.219479 0.219479 0.219479
5964.652344 0.000000 420.817474 0.000000 0.315745 0.000000 0.948844 0.197396 0.197396 0.197396
5959.290527 0.000000 438.235718 0.000000 0.999641 0.000000 0.026777 0.208111 0.208111 0.208111
6004.612793 0.000000 411.102600 0.000000 0.094046 0.000000 0.995568 0.212665 0.212665 0.212665
5976.357910 0.000000 403.901642 0.000000 0.628366 0.000000 0.777918 0.258791 0.258791 0.258791
5974.909180 0.000000 406.390472 0.000000 0.243722 0.000000 0.969845 0.272386 0.272386 0.272386
6016.354004 0.000000 386.874146 0.000000 0.308616 0.000000 0.951187 0.190428 0.190428 0.190428
6044.282227 0.000000 375.802246 0.000000 0.359638 0.000000 0.933092 0.238632 0.238632 0.238632
6030.189453 0.000000 375.350006 0.000000 0.988233 0.000000 0.152953 0.207817 0.207817 0.207817
6026.048340 0.000000 384.406555 0.000000 0.658023 0.000000 0.752998 0.193082 0.193082 0.193082
6037.428223 0.000000 371.253906 0.000000 0.279661 0.000000 0.960099 0.255077 0.255077 0.255077
6019.716309 0.000000 380.012421 0.000000 0.993100 0.000000 0.117270 0.202725 0.202725 0.202725
6062.271484 0.000000 376.194763 0.000000 0.940298 0.000000 0.340352 0.227699 0.227699 0.227699
6025.163574 0.000000 378.207062 0.000000 0.957452 0.000000 0.288594 0.235922 0.235922 0.235922
6043.974121 0.000000 370.635773 0.000000 0.928116 0.000000 0.372290 0.258032 0.258032 0.258032
6021.002930 0.000000 375.034241 0.000000 0.950070 0.000000 0.312036 0.240738 0.240738 0.240738
6020.957031 0.000000 385.073334 0.000000 0.971348 0.000000 0.237661 0.265463 0.265463 0.265463
6034.853027 0.000000 375.513672 0.000000 0.697650 0.000000 0.716439 0.203547 0.203547 0.203547
6039.538086 0.000000 375.193054 0.000000 0.768017 0.000000 0.640430 0.222337 0.222337 0.222337
6047.949707 0.000000 373.162262 0.000000 0.926614 0.000000 0.376013 0.216725 0.216725 0.216725
6038.690430 0.000000 366.923157 0.000000 0.708834 0.000000 0.705376 0.202762 0.202762 0.202762
6034.409180 0.000000 367.315765 0.000000 0.980844 0.000000 0.194792 0.213839 0.213839 0.213839
6042.132812 0.000000 373.358063 0.000000 0.774800 0.000000 0.632206 0.272575 0.272575 0.272575
6060.084473 0.000000 369.650024 0.000000 0.892361 0.000000 0.451322 0.218694 0.218694 0.218694
6022.113770 0.000000 377.864746 0.000000 0.349542 0.000000 0.936921 0.234345 0.234345 0.234345
6027.443359 0.000000 368.893311 0.000000 0.549860 0.000000 0.835257 0.256220 0.256220 0.256220
6023.290527 0.000000 373.578613 0.000000 0.841976 0.000000 0.539515 0.238123 0.238123 0.238123
6045.260254 0.000000 373.175507 0.000000 0.765226 0.000000 0.643762 0.259234 0.259234 0.259234
6058.452148 0.000000 373.840363 0.000000 0.819081 0.000000 0.573678 0.274706 0.274706 0.274706
6036.724609 0.000000 368.606659 0.000000 0.963866 0.000000 0.266386 0.278357 0.278357 0.278357
6020.256348 0.000000 394.421967 0.000000 0.031282 0.000000 0.999511 0.217792 0.217792 0.217792
6023.626953 0.000000 385.256500 0.000000 0.986300 0.000000 0.164963 0.294054 0.294054 0.294054
6023.852051 0.000000 376.083740 0.000000 0.119850 0.000000 0.992792 0.229348 0.229348 0.229348
6059.827148 0.000000 377.093018 0.000000 0.691671 0.000000 0.722212 0.257437 0.257437 0.257437
6023.299805 0.000000 379.644379 0.000000 0.966070 0.000000 0.258281 0.284856 0.284856 0.284856
6100.950195 0.000000 348.075470 0.000000 0.601079 0.000000 0.799190 0.191216 0.191216 0.191216
6141.733887 0.000000 373.116486 0.000000 0.601542 0.000000 0.798841 0.193531 0.193531 0.193531
6080.290527 0.000000 373.271393 0.000000 0.996970 0.000000 0.077781 0.206447 0.206447 0.206447
6099.921875 0.000000 363.231659 0.000000 0.917587 0.000000 0.397535 0.222622 0.222622 0.222622
6095.347656 0.000000 339.190308 0.000000 0.832648 0.000000 0.553803 0.353024 0.353024 0.353024
6101.428223 0.000000 371.253906 0.000000 0.716567 0.000000 0.697518 0.220200 0.220200 0.220200
6083.716309 0.000000 380.012421 0.000000 0.855604 0.000000 0.517631 0.245517 0.245517 0.245517
6094.124512 0.000000 367.915070 0.000000 0.827342 0.000000 0.561699 0.245424 0.245424 0.245424
6094.146973 0.000000 360.759735 0.000000 0.719070 0.000000 0.694938 0.248355 0.248355 0.248355
6125.791016 0.000000 352.244385 0.000000 0.731539 0.000000 0.681799 0.203138 0.203138 0.203138
6089.163574 0.000000 378.207062 0.000000 0.804597 0.000000 0.593821 0.224231 0.224231 0.224231
6143.291016 0.000000 339.311310 0.000000 0.920471 0.000000 0.390811 0.196690 0.196690 0.196690
6089.437988 0.000000 339.723938 0.000000 0.673302 0.000000 0.739368 0.206981 0.206981 0.206981
6097.626465 0.000000 344.115753 0.000000 0.701443 0.000000 0.712726 0.235818 0.235818 0.235818
6143.097656 0.000000 378.295471 0.000000 0.707343 0.000000 0.706871 0.274973 0.274973 0.274973
6085.002930 0.000000 375.034241 0.000000 0.999921 0.000000 0.012563 0.199884 0.199884 0.199884
6097.893555 0.000000 352.221008 0.000000 0.355193 0.000000 0.934793 0.197878 0.197878 0.197878
6093.333984 0.000000 343.235626 0.000000 0.998342 0.000000 0.057560 0.206665 0.206665 0.206665
6098.409180 0.000000 367.315765 0.000000 0.483233 0.000000 0.875492 0.258247 0.258247 0.258247
6136.851562 0.000000 370.518677 0.000000 0.849524 0.000000 0.527550 0.241346 0.241346 0.241346
6080.073242 0.000000 377.467712 0.000000 0.701389 0.000000 0.712779 0.254164 0.254164 0.254164
6138.308594 0.000000 383.505798 0.000000 0.652580 0.000000 0.757720 0.200923 0.200923 0.200923
6097.983398 0.000000 360.274506 0.000000 0.840745 0.000000 0.541431 0.235126 0.235126 0.235126
6104.763672 0.000000 369.637421 0.000000 0.810562 0.000000 0.585653 0.213532 0.213532 0.213532
6134.496094 0.000000 368.215149 0.000000 0.812766 0.000000 0.582591 0.240065 0.240065 0.240065
6097.653320 0.000000 347.375671 0.000000 0.741078 0.000000 0.671419 0.227438 0.227438 0.227438
6092.406250 0.000000 339.854553 0.000000 0.871872 0.000000 0.489734 0.333577 0.333577 0.333577
6140.718750 0.000000 380.137695 0.000000 0.933264 0.000000 0.359192 0.269587 0.269587 0.269587
6122.478516 0.000000 364.643372 0.000000 0.990127 0.000000 0.140175 0.240683 0.240683 0.240683
6099.922852 0.000000 342.705658 0.000000 0.439998 0.000000 0.897999 0.236423 0.236423 0.236423
6143.035645 0.000000 380.514435 0.000000 0.429361 0.000000 0.903133 0.281961 0.281961 0.281961
6094.121582 0.000000 340.924713 0.000000 0.321916 0.000000 0.946768 0.282429 0.282429 0.282429
6096.782227 0.000000 340.615265 0.000000 0.559708 0.000000 0.828690 0.300989 0.300989 0.300989
6023.674805 0.000000 419.336639 0.000000 0.444037 0.000000 0.896009 0.192236 0.192236 0.192236
6079.419434 0.000000 417.262695 0.000000 0.988633 0.000000 0.150352 0.237246 0.237246 0.237246
6018.164551 0.000000 414.762177 0.000000 0.270075 0.000000 0.962839 0.196847 0.196847 0.196847
6074.133789 0.000000 422.855072 0.000000 0.209300 0.000000 0.977852 0.219405 0.219405 0.219405
6017.476562 0.000000 401.849304 0.000000 0.792542 0.000000 0.609817 0.194433 0.194433 0.194433
6074.165039 0.000000 417.941315 0.000000 0.309320 0.000000 0.950958 0.245285 0.245285 0.245285
6078.127441 0.000000 412.830597 0.000000 0.377425 0.000000 0.926040 0.261160 0.261160 0.261160
6016.110840 0.000000 405.755127 0.000000 0.084500 0.000000 0.996423 0.212511 0.212511 0.212511
6075.669434 0.000000 415.095520 0.000000 0.974750 0.000000 0.223299 0.309020 0.309020 0.309020
6072.270996 0.000000 415.900330 0.000000 0.962871 0.000000 0.269961 0.287623 0.287623 0.287623
6071.542480 0.000000 418.520416 0.000000 0.921699 0.000000 0.387906 0.277863 0.277863 0.277863
6070.928223 0.000000 412.275696 0.000000 0.300580 0.000000 0.953757 0.250427 0.250427 0.250427
6078.188965 0.000000 410.465240 0.000000 0.965085 0.000000 0.261938 0.260668 0.260668 0.260668
6112.264648 0.000000 417.259155 0.000000 0.356934 0.000000 0.934130 0.192543 0.192543 0.192543
6143.683594 0.000000 408.431061 0.000000 0.356493 0.000000 0.934298 0.190739 0.190739 0.190739
6083.589355 0.000000 407.772858 0.000000 0.335163 0.000000 0.942160 0.199395 0.199395 0.199395
6131.915527 0.000000 407.431946 0.000000 0.841206 0.000000 0.540715 0.194723 0.194723 0.194723
6141.524414 0.000000 400.904053 0.000000 0.999023 0.000000 0.044199 0.205696 0.205696 0.205696
6082.164551 0.000000 414.762177 0.000000 0.983340 0.000000 0.181776 0.198540 0.198540 0.198540
6137.915527 0.000000 406.105408 0.000000 0.376429 0.000000 0.926446 0.191857 0.191857 0.191857
6125.791016 0.000000 408.728760 0.000000 0.622419 0.000000 0.782684 0.192706 0.192706 0.192706
6111.822266 0.000000 421.451752 0.000000 0.487389 0.000000 0.873185 0.193111 0.193111 0.193111
6102.596680 0.000000 415.921783 0.000000 0.924408 0.000000 0.381405 0.234248 0.234248 0.234248
6080.522461 0.000000 411.092682 0.000000 0.851167 0.000000 0.524895 0.243377 0.243377 0.243377
6141.449707 0.000000 404.876801 0.000000 0.154231 0.000000 0.988035 0.224697 0.224697 0.224697
6126.165527 0.000000 412.932861 0.000000 0.488017 0.000000 0.872834 0.228974 0.228974 0.228974
6129.098145 0.000000 409.766541 0.000000 0.588565 0.000000 0.808450 0.204683 0.204683 0.204683
6109.587891 0.000000 415.058380 0.000000 0.766294 0.000000 0.642490 0.222295 0.222295 0.222295
6102.343750 0.000000 412.782837 0.000000 0.886800 0.000000 0.462154 0.240795 0.240795 0.240795
6118.386719 0.000000 417.738708 0.000000 0.859082 0.000000 0.511838 0.247626 0.247626 0.247626
6141.258301 0.000000 407.404968 0.000000 0.905184 0.000000 0.425019 0.243605 0.243605 0.243605
6143.450684 0.000000 403.319916 0.000000 0.595318 0.000000 0.803490 0.243789 0.243789 0.243789
6120.507812 0.000000 419.812988 0.000000 0.295722 0.000000 0.955274 0.260751 0.260751 0.260751
5695.097656 0.000000 491.264221 0.000000 0.657834 0.000000 0.753163 0.196201 0.196201 0.196201
5694.112305 0.000000 495.793701 0.000000 0.663137 0.000000 0.748498 0.201081 0.201081 0.201081
5746.281250 0.000000 494.944214 0.000000 0.929381 0.000000 0.369121 0.196649 0.196649 0.196649
5716.950195 0.000000 461.044220 0.000000 0.761945 0.000000 0.647642 0.207594 0.207594 0.207594
5750.803711 0.000000 453.941162 0.000000 0.946938 0.000000 0.321417 0.202710 0.202710 0.202710
5710.189453 0.000000 488.318756 0.000000 0.622059 0.000000 0.782970 0.298773 0.298773 0.298773
5757.733887 0.000000 486.085236 0.000000 0.163249 0.000000 0.986585 0.189463 0.189463 0.189463
5756.270508 0.000000 500.208832 0.000000 0.191293 0.000000 0.981533 0.200164 0.200164 0.200164
5741.255371 0.000000 506.750488 0.000000 0.165518 0.000000 0.986207 0.257969 0.257969 0.257969
5727.430176 0.000000 462.646942 0.000000 0.052269 0.000000 0.998633 0.188817 0.188817 0.188817
5754.133789 0.000000 479.339447 0.000000 0.850182 0.000000 0.526489 0.195501 0.195501 0.195501
5722.616699 0.000000 458.084412 0.000000 0.864537 0.000000 0.502569 0.232949 0.232949 0.232949
5705.163574 0.000000 491.175812 0.000000 0.889378 0.000000 0.457172 0.253925 0.253925 0.253925
5705.095215 0.000000 463.862427 0.000000 0.194522 0.000000 0.980898 0.187814 0.187814 0.187814
5750.872070 0.000000 498.209412 0.000000 0.734838 0.000000 0.678242 0.230130 0.230130 0.230130
5759.291016 0.000000 452.280060 0.000000 0.969103 0.000000 0.246658 0.271560 0.271560 0.271560
5735.675293 0.000000 506.648865 0.000000 0.980955 0.000000 0.194233 0.232194 0.232194 0.232194
5759.097656 0.000000 491.264221 0.000000 0.970019 0.000000 0.243029 0.205721 0.205721 0.205721
5701.002930 0.000000 488.002991 0.000000 0.674247 0.000000 0.738506 0.225850 0.225850 0.225850
5734.720703 0.000000 498.609680 0.000000 0.986944 0.000000 0.161061 0.209905 0.209905 0.209905
5719.538086 0.000000 488.161804 0.000000 0.682433 0.000000 0.730949 0.223231 0.223231 0.223231
5717.636230 0.000000 506.377228 0.000000 0.548504 0.000000 0.836148 0.244253 0.244253 0.244253
5712.913574 0.000000 484.445099 0.000000 0.504111 0.000000 0.863639 0.300333 0.300333 0.300333
5752.851562 0.000000 483.487427 0.000000 0.275621 0.000000 0.961266 0.194292 0.194292 0.194292
5738.064453 0.000000 503.198792 0.000000 0.987873 0.000000 0.155266 0.291136 0.291136 0.291136
5757.935547 0.000000 481.905029 0.000000 0.763028 0.000000 0.646365 0.203683 0.203683 0.203683
5718.003418 0.000000 465.577423 0.000000 0.196770 0.000000 0.980450 0.197687 0.197687 0.197687
5730.997070 0.000000 507.838440 0.000000 0.444547 0.000000 0.895756 0.199000 0.199000 0.199000
5713.216309 0.000000 491.756287 0.000000 0.551780 0.000000 0.833990 0.262982 0.262982 0.262982
5713.983398 0.000000 473.243256 0.000000 0.989416 0.000000 0.145105 0.253621 0.253621 0.253621
5700.219238 0.000000 484.509155 0.000000 0.835508 0.000000 0.549478 0.245726 0.245726 0.245726
5752.579102 0.000000 501.037384 0.000000 0.926720 0.000000 0.375754 0.243619 0.243619 0.243619
5720.357910 0.000000 460.386017 0.000000 0.209322 0.000000 0.977847 0.225782 0.225782 0.225782
5734.643555 0.000000 503.577087 0.000000 0.344263 0.000000 0.938873 0.206509 0.206509 0.206509
5705.939941 0.000000 467.163452 0.000000 0.362288 0.000000 0.932066 0.205022 0.205022 0.205022
5702.113770 0.000000 490.833496 0.000000 0.888276 0.000000 0.459309 0.226711 0.226711 0.226711
5737.246582 0.000000 500.186768 0.000000 0.970258 0.000000 0.242073 0.235678 0.235678 0.235678
5745.495117 0.000000 451.975037 0.000000 0.996712 0.000000 0.081025 0.234008 0.234008 0.234008
5720.982910 0.000000 455.748871 0.000000 0.966693 0.000000 0.255939 0.235438 0.235438 0.235438
5738.622559 0.000000 505.900055 0.000000 0.539061 0.000000 0.842267 0.268306 0.268306 0.268306
5717.228027 0.000000 489.780151 0.000000 0.820876 0.000000 0.571106 0.283239 0.283239 0.283239
5709.917480 0.000000 483.321228 0.000000 0.596131 0.000000 0.802887 0.268762 0.268762 0.268762
5712.405273 0.000000 489.430084 0.000000 0.963709 0.000000 0.266954 0.327987 0.327987 0.327987
5705.640137 0.000000 485.102081 0.000000 0.329050 0.000000 0.944313 0.298925 0.298925 0.298925
5708.076660 0.000000 487.185486 0.000000 0.278465 0.000000 0.960446 0.288579 0.288579 0.288579
5739.937012 0.000000 508.302551 0.000000 0.003887 0.000000 0.999992 0.254729 0.254729 0.254729
5705.975098 0.000000 489.387085 0.000000 0.774174 0.000000 0.632972 0.314687 0.314687 0.314687
5706.960449 0.000000 486.039917 0.000000 0.502635 0.000000 0.864499 0.311945 0.311945 0.311945
5709.010254 0.000000 485.899231 0.000000 0.449739 0.000000 0.893160 0.313704 0.313704 0.313704
5737.206543 0.000000 516.903015 0.000000 0.998227 0.000000 0.059528 0.205534 0.205534 0.205534
5716.950195 0.000000 517.528564 0.000000 0.438454 0.000000 0.898753 0.218451 0.218451 0.218451
5759.683594 0.000000 521.399780 0.000000 0.851769 0.000000 0.523917 0.327984 0.327984 0.327984
5756.270508 0.000000 556.693237 0.000000 0.101999 0.000000 0.994785 0.244238 0.244238 0.244238
5741.901367 0.000000 509.313812 0.000000 0.218564 0.000000 0.975823 0.254690 0.254690 0.254690
5718.797363 0.000000 509.334015 0.000000 0.893307 0.000000 0.449447 0.240055 0.240055 0.240055
5753.426758 0.000000 525.758301 0.000000 0.864205 0.000000 0.503139 0.195591 0.195591 0.195591
5722.616699 0.000000 514.568787 0.000000 0.154491 0.000000 0.987994 0.188160 0.188160 0.188160
5721.550293 0.000000 519.960815 0.000000 0.843699 0.000000 0.536816 0.209287 0.209287 0.209287
5732.590332 0.000000 518.366028 0.000000 0.600206 0.000000 0.799845 0.191668 0.191668 0.191668
5753.614258 0.000000 560.740540 0.000000 0.122464 0.000000 0.992473 0.188322 0.188322 0.188322
5758.112305 0.000000 552.278076 0.000000 0.867424 0.000000 0.497570 0.245991 0.245991 0.245991
5746.317383 0.000000 511.550537 0.000000 0.017114 0.000000 0.999854 0.185648 0.185648 0.185648
5758.127441 0.000000 525.799377 0.000000 0.824136 0.000000 0.566392 0.321991 0.321991 0.321991
5734.192871 0.000000 514.066284 0.000000 0.836253 0.000000 0.548343 0.240868 0.240868 0.240868
5718.302246 0.000000 513.413452 0.000000 0.903961 0.000000 0.427615 0.267682 0.267682 0.267682
5755.875488 0.000000 522.565613 0.000000 0.701981 0.000000 0.712196 0.240462 0.240462 0.240462
5714.974121 0.000000 509.762299 0.000000 0.247121 0.000000 0.968985 0.231294 0.231294 0.231294
5754.308594 0.000000 552.958923 0.000000 0.994880 0.000000 0.101065 0.264375 0.264375 0.264375
5730.139648 0.000000 510.085693 0.000000 0.431027 0.000000 0.902339 0.198827 0.198827 0.198827
5740.817383 0.000000 517.885376 0.000000 0.998684 0.000000 0.051278 0.214506 0.214506 0.214506
5720.357910 0.000000 516.870361 0.000000 0.973364 0.000000 0.229264 0.232694 0.232694 0.232694
5739.550781 0.000000 515.159180 0.000000 0.139696 0.000000 0.990194 0.215797 0.215797 0.215797
5745.495117 0.000000 508.459412 0.000000 0.997414 0.000000 0.071870 0.237466 0.237466 0.237466
5758.830566 0.000000 555.594482 0.000000 0.418751 0.000000 0.908101 0.235094 0.235094 0.235094
5756.341309 0.000000 561.527222 0.000000 0.999969 0.000000 0.007927 0.245236 0.245236 0.245236
5743.681152 0.000000 511.261200 0.000000 0.647871 0.000000 0.761750 0.252406 0.252406 0.252406
5757.258301 0.000000 520.373718 0.000000 0.115780 0.000000 0.993275 0.254341 0.254341 0.254341
5754.085938 0.000000 555.518005 0.000000 0.076811 0.000000 0.997046 0.235754 0.235754 0.235754
5735.590820 0.000000 511.974518 0.000000 0.555747 0.000000 0.831351 0.230454 0.230454 0.230454
5739.597168 0.000000 510.383850 0.000000 0.847648 0.000000 0.530560 0.280025 0.280025 0.280025
5759.940430 0.000000 527.808838 0.000000 0.086314 0.000000 0.996268 0.254769 0.254769 0.254769
5756.370605 0.000000 554.256042 0.000000 0.561523 0.000000 0.827461 0.260806 0.260806 0.260806
5737.191406 0.000000 510.489868 0.000000 0.482399 0.000000 0.875952 0.253316 0.253316 0.253316
5763.834473 0.000000 451.877533 0.000000 0.599458 0.000000 0.800407 0.213222 0.213222 0.213222
5788.282227 0.000000 488.770996 0.000000 0.336959 0.000000 0.941519 0.199418 0.199418 0.199418
5780.950195 0.000000 461.044220 0.000000 0.233291 0.000000 0.972407 0.196410 0.196410 0.196410
5795.530762 0.000000 502.463531 0.000000 0.950325 0.000000 0.311260 0.245975 0.245975 0.245975
5774.189453 0.000000 488.318756 0.000000 0.933764 0.000000 0.357889 0.196756 0.196756 0.196756
5801.423340 0.000000 484.297211 0.000000 0.213565 0.000000 0.976929 0.297457 0.297457 0.297457
5760.290527 0.000000 486.240143 0.000000 0.978657 0.000000 0.205502 0.248095 0.248095 0.248095
5770.048340 0.000000 497.375305 0.000000 0.979756 0.000000 0.200193 0.209447 0.209447 0.209447
5799.866699 0.000000 493.578552 0.000000 0.818825 0.000000 0.574043 0.228546 0.228546 0.228546
5781.428223 0.000000 484.222656 0.000000 0.980098 0.000000 0.198515 0.208385 0.208385 0.208385
5760.315430 0.000000 478.300568 0.000000 0.629243 0.000000 0.777208 0.192666 0.192666 0.192666
5806.271484 0.000000 489.163513 0.000000 0.743192 0.000000 0.669078 0.193229 0.193229 0.193229
5769.163574 0.000000 491.175812 0.000000 0.935358 0.000000 0.353704 0.231639 0.231639 0.231639
5791.273438 0.000000 506.751404 0.000000 0.696680 0.000000 0.717382 0.194801 0.194801 0.194801
5807.365234 0.000000 482.678650 0.000000 0.492530 0.000000 0.870295 0.230803 0.230803 0.230803
5799.675293 0.000000 506.648865 0.000000 0.552757 0.000000 0.833343 0.219670 0.219670 0.219670
5787.974121 0.000000 483.604523 0.000000 0.768192 0.000000 0.640220 0.203776 0.203776 0.203776
5765.002930 0.000000 488.002991 0.000000 0.317715 0.000000 0.948186 0.263687 0.263687 0.263687
5790.600098 0.000000 501.578583 0.000000 0.003262 0.000000 0.999995 0.211203 0.211203 0.211203
5801.605957 0.000000 489.356506 0.000000 0.975195 0.000000 0.221348 0.385624 0.385624 0.385624
5793.638184 0.000000 498.643646 0.000000 0.178897 0.000000 0.983868 0.204193 0.204193 0.204193
5761.602051 0.000000 482.248322 0.000000 0.960764 0.000000 0.277369 0.213859 0.213859 0.213859
5792.344727 0.000000 490.192627 0.000000 0.982808 0.000000 0.184632 0.213966 0.213966 0.213966
5794.997070 0.000000 507.838440 0.000000 0.375367 0.000000 0.926876 0.211314 0.211314 0.211314
5767.290527 0.000000 494.720093 0.000000 0.699344 0.000000 0.714785 0.209348 0.209348 0.209348
5804.877441 0.000000 485.661987 0.000000 0.919320 0.000000 0.393510 0.292679 0.292679 0.292679
5769.808105 0.000000 487.580566 0.000000 0.855260 0.000000 0.518199 0.242546 0.242546 0.242546
5764.219238 0.000000 484.509155 0.000000 0.920339 0.000000 0.391121 0.278769 0.278769 0.278769
5770.749023 0.000000 494.067871 0.000000 0.928582 0.000000 0.371126 0.221999 0.221999 0.221999
5798.643555 0.000000 503.577087 0.000000 0.494945 0.000000 0.868924 0.207851 0.207851 0.207851
5766.113770 0.000000 490.833496 0.000000 0.889458 0.000000 0.457017 0.232832 0.232832 0.232832
5796.314453 0.000000 505.270905 0.000000 0.998257 0.000000 0.059025 0.250958 0.250958 0.250958
5802.452148 0.000000 486.809113 0.000000 0.941286 0.000000 0.337609 0.375583 0.375583 0.375583
5794.441895 0.000000 485.838348 0.000000 0.997923 0.000000 0.064418 0.372926 0.372926 0.372926
5798.985352 0.000000 483.739441 0.000000 0.416729 0.000000 0.909031 0.321383 0.321383 0.321383
5767.852051 0.000000 489.052490 0.000000 0.956989 0.000000 0.290123 0.279755 0.279755 0.279755
5793.651855 0.000000 488.072479 0.000000 0.992030 0.000000 0.125998 0.275758 0.275758 0.275758
5795.886719 0.000000 482.499481 0.000000 0.670613 0.000000 0.741807 0.318577 0.318577 0.318577
5800.581055 0.000000 482.139374 0.000000 0.885374 0.000000 0.464879 0.316050 0.316050 0.316050
5804.435059 0.000000 487.850128 0.000000 0.995488 0.000000 0.094892 0.338708 0.338708 0.338708
5800.632324 0.000000 491.510162 0.000000 0.605160 0.000000 0.796104 0.280805 0.280805 0.280805
5797.990723 0.000000 488.512360 0.000000 0.115678 0.000000 0.993287 0.267550 0.267550 0.267550
5797.000000 0.000000 486.556519 0.000000 0.355671 0.000000 0.934611 0.319496 0.319496 0.319496
5800.804199 0.000000 485.999298 0.000000 0.302537 0.000000 0.953138 0.304426 0.304426 0.304426
5794.989746 0.000000 484.089386 0.000000 0.296508 0.000000 0.955030 0.306655 0.306655 0.306655
5798.209961 0.000000 485.374908 0.000000 0.934369 0.000000 0.356307 0.372169 0.372169 0.372169
5797.460449 0.000000 483.210236 0.000000 0.954310 0.000000 0.298818 0.378333 0.378333 0.378333
5802.998047 0.000000 488.541931 0.000000 0.574497 0.000000 0.818507 0.330343 0.330343 0.330343
5801.198730 0.000000 487.883087 0.000000 0.993953 0.000000 0.109810 0.391594 0.391594 0.391594
5799.114258 0.000000 482.329803 0.000000 0.849035 0.000000 0.528336 0.361645 0.361645 0.361645
5790.802246 0.000000 508.420532 0.000000 0.062430 0.000000 0.998049 0.188891 0.188891 0.188891
5763.589355 0.000000 520.741638 0.000000 0.414138 0.000000 0.910214 0.296468 0.296468 0.296468
5798.270996 0.000000 509.766296 0.000000 0.397702 0.000000 0.917515 0.193904 0.193904 0.193904
5762.164551 0.000000 527.730896 0.000000 0.999493 0.000000 0.031825 0.393546 0.393546 0.393546
5821.041992 0.000000 564.017517 0.000000 0.062349 0.000000 0.998054 0.244559 0.244559 0.244559
5767.650879 0.000000 525.846741 0.000000 0.931643 0.000000 0.363374 0.319695 0.319695 0.319695
5769.095215 0.000000 520.346802 0.000000 0.491623 0.000000 0.870808 0.210503 0.210503 0.210503
5761.469238 0.000000 562.907471 0.000000 0.012933 0.000000 0.999916 0.186582 0.186582 0.186582
5766.798828 0.000000 522.626343 0.000000 0.798612 0.000000 0.601846 0.245366 0.245366 0.245366
5760.974121 0.000000 521.067139 0.000000 0.570147 0.000000 0.821543 0.317529 0.317529 0.317529
5762.523438 0.000000 522.774231 0.000000 0.880408 0.000000 0.474217 0.325060 0.325060 0.325060
5763.661133 0.000000 529.432922 0.000000 0.985958 0.000000 0.166993 0.298268 0.298268 0.298268
5760.668457 0.000000 526.129822 0.000000 0.638030 0.000000 0.770012 0.309311 0.309311 0.309311
5766.215332 0.000000 524.512756 0.000000 0.406500 0.000000 0.913651 0.287554 0.287554 0.287554
5763.098633 0.000000 526.483398 0.000000 0.343819 0.000000 0.939036 0.319937 0.319937 0.319937
5716.950195 0.000000 574.012939 0.000000 0.619662 0.000000 0.784868 0.192452 0.192452 0.192452
5748.600586 0.000000 588.057556 0.000000 0.926263 0.000000 0.376878 0.196836 0.196836 0.196836
5737.423340 0.000000 597.265991 0.000000 0.719181 0.000000 0.694823 0.202932 0.202932 0.202932
5738.581543 0.000000 583.648560 0.000000 0.170968 0.000000 0.985277 0.244644 0.244644 0.244644
5747.915527 0.000000 576.885071 0.000000 0.988929 0.000000 0.148389 0.223137 0.223137 0.223137
5709.467773 0.000000 580.399048 0.000000 0.988699 0.000000 0.149915 0.198892 0.198892 0.198892
5753.915527 0.000000 575.558533 0.000000 0.995767 0.000000 0.091910 0.210706 0.210706 0.210706
5715.298340 0.000000 582.790955 0.000000 0.551676 0.000000 0.834059 0.203206 0.203206 0.203206
5745.916504 0.000000 582.633728 0.000000 0.992257 0.000000 0.124205 0.243147 0.243147 0.243147
5759.291016 0.000000 565.248840 0.000000 0.997853 0.000000 0.065498 0.218763 0.218763 0.218763
5713.626465 0.000000 570.053223 0.000000 0.033038 0.000000 0.999454 0.217064 0.217064 0.217064
5754.165039 0.000000 587.394470 0.000000 0.459996 0.000000 0.887921 0.199199 0.199199 0.199199
5721.550293 0.000000 576.445190 0.000000 0.699188 0.000000 0.714938 0.192841 0.192841 0.192841
5713.893555 0.000000 578.158508 0.000000 0.608443 0.000000 0.793597 0.217999 0.217999 0.217999
5742.917969 0.000000 586.158508 0.000000 0.234559 0.000000 0.972102 0.228662 0.228662 0.228662
5746.569336 0.000000 620.817566 0.000000 0.215848 0.000000 0.976427 0.191884 0.191884 0.191884
5737.605957 0.000000 602.325256 0.000000 0.967970 0.000000 0.251065 0.197592 0.197592 0.197592
5754.875000 0.000000 564.998230 0.000000 0.993719 0.000000 0.111909 0.220358 0.220358 0.220358
5718.003418 0.000000 578.546143 0.000000 0.843054 0.000000 0.537829 0.205235 0.205235 0.205235
5738.157715 0.000000 587.679993 0.000000 0.516265 0.000000 0.856429 0.254338 0.254338 0.254338
5713.653320 0.000000 573.313171 0.000000 0.537099 0.000000 0.843519 0.235296 0.235296 0.235296
5736.221680 0.000000 585.286987 0.000000 0.557054 0.000000 0.830477 0.262330 0.262330 0.262330
5734.386719 0.000000 587.191833 0.000000 0.638029 0.000000 0.770013 0.229630 0.229630 0.229630
5741.602051 0.000000 604.768738 0.000000 0.983609 0.000000 0.180313 0.247516 0.247516 0.247516
5743.774902 0.000000 584.032288 0.000000 0.397214 0.000000 0.917726 0.249240 0.249240 0.249240
5739.536621 0.000000 578.406799 0.000000 0.931427 0.000000 0.363928 0.271491 0.271491 0.271491
5737.380859 0.000000 580.791382 0.000000 0.023022 0.000000 0.999735 0.259154 0.259154 0.259154
5750.803711 0.000000 623.394287 0.000000 0.851910 0.000000 0.523688 0.194840 0.194840 0.194840
5750.117188 0.000000 628.349548 0.000000 0.309759 0.000000 0.950815 0.223700 0.223700 0.223700
5746.317383 0.000000 624.519287 0.000000 0.999507 0.000000 0.031384 0.211404 0.211404 0.211404
5753.786621 0.000000 625.852966 0.000000 0.618073 0.000000 0.786121 0.240867 0.240867 0.240867
5763.834473 0.000000 564.846252 0.000000 0.671254 0.000000 0.741228 0.194476 0.194476 0.194476
5795.530762 0.000000 615.432312 0.000000 0.987560 0.000000 0.157245 0.198896 0.198896 0.198896
5814.803711 0.000000 566.909912 0.000000 0.653249 0.000000 0.757144 0.193781 0.193781 0.193781
5801.423340 0.000000 597.265991 0.000000 0.759677 0.000000 0.650301 0.254374 0.254374 0.254374
5799.866699 0.000000 606.547302 0.000000 0.036662 0.000000 0.999328 0.226854 0.226854 0.226854
5805.233887 0.000000 590.741028 0.000000 0.457019 0.000000 0.889457 0.191790 0.191790 0.191790
5821.524414 0.000000 570.357178 0.000000 0.814901 0.000000 0.579600 0.253631 0.253631 0.253631
5817.915527 0.000000 575.558533 0.000000 0.983657 0.000000 0.180053 0.223773 0.223773 0.223773
5823.291016 0.000000 565.248840 0.000000 0.792234 0.000000 0.610217 0.244191 0.244191 0.244191
5798.720703 0.000000 611.578430 0.000000 0.356394 0.000000 0.934336 0.215307 0.215307 0.215307
5818.875000 0.000000 564.998230 0.000000 0.997630 0.000000 0.068812 0.262903 0.262903 0.262903
5801.764648 0.000000 593.167969 0.000000 0.777343 0.000000 0.629077 0.243696 0.243696 0.243696
5819.875488 0.000000 579.049988 0.000000 0.717638 0.000000 0.696417 0.212570 0.212570 0.212570
5796.219727 0.000000 605.001221 0.000000 0.649561 0.000000 0.760310 0.214129 0.214129 0.214129
5801.927734 0.000000 609.577026 0.000000 0.882262 0.000000 0.470759 0.230551 0.230551 0.230551
5796.675781 0.000000 597.685791 0.000000 0.999996 0.000000 0.002991 0.268838 0.268838 0.268838
5820.365723 0.000000 567.571411 0.000000 0.602224 0.000000 0.798327 0.264757 0.264757 0.264757
5799.437012 0.000000 592.225647 0.000000 0.974329 0.000000 0.225128 0.254092 0.254092 0.254092
5821.061035 0.000000 565.400085 0.000000 0.993209 0.000000 0.116347 0.282533 0.282533 0.282533
5824.173340 0.000000 566.668396 0.000000 0.168313 0.000000 0.985734 0.193943 0.193943 0.193943
5775.347656 0.000000 621.612183 0.000000 0.321468 0.000000 0.946920 0.190066 0.190066 0.190066
5769.453613 0.000000 627.647522 0.000000 0.580912 0.000000 0.813966 0.235472 0.235472 0.235472
5769.437988 0.000000 622.145813 0.000000 0.866428 0.000000 0.499303 0.236010 0.236010 0.236010
5773.333984 0.000000 625.657471 0.000000 0.998661 0.000000 0.051731 0.290935 0.290935 0.290935
5760.173340 0.000000 623.152771 0.000000 0.999914 0.000000 0.013131 0.221674 0.221674 0.221674
5772.406250 0.000000 622.276428 0.000000 0.969091 0.000000 0.246705 0.257857 0.257857 0.257857
5770.448242 0.000000 624.933044 0.000000 0.634690 0.000000 0.772766 0.266806 0.266806 0.266806
5775.844238 0.000000 624.455322 0.000000 0.438612 0.000000 0.898677 0.240560 0.240560 0.240560
5967.347656 0.000000 452.159058 0.000000 0.992751 0.000000 0.120193 0.198932 0.198932 0.198932
5969.626465 0.000000 457.084503 0.000000 0.301037 0.000000 0.953612 0.216069 0.216069 0.216069
5971.958008 0.000000 458.587585 0.000000 0.617438 0.000000 0.786620 0.225515 0.225515 0.225515
5971.922852 0.000000 455.674408 0.000000 0.340974 0.000000 0.940073 0.228435 0.228435 0.228435
5101.233887 0.000000 1099.100464 0.000000 0.082026 0.000000 0.996630 0.202060 0.202060 0.202060
4227.167969 0.000000 1681.999512 0.000000 0.033783 0.000000 0.999429 0.217837 0.217837 0.217837
4110.716309 0.000000 1760.749268 0.000000 0.973338 0.000000 0.229378 0.198329 0.198329 0.198329
5137.983398 0.000000 1094.571411 0.000000 0.647661 0.000000 0.761929 0.295215 0.295215 0.295215
5136.326660 0.000000 1095.870117 0.000000 0.826106 0.000000 0.563515 0.305781 0.305781 0.305781
5217.639160 0.000000 1216.209473 0.000000 0.756328 0.000000 0.654192 0.209444 0.209444 0.209444
5221.993652 0.000000 1215.735229 0.000000 0.194465 0.000000 0.980910 0.214298 0.214298 0.214298
6144.354004 0.000000 330.389771 0.000000 0.721989 0.000000 0.691905 0.202978 0.202978 0.202978
6196.885254 0.000000 334.172974 0.000000 0.976344 0.000000 0.216221 0.273413 0.273413 0.273413
6205.041992 0.000000 338.080017 0.000000 0.077219 0.000000 0.997014 0.191246 0.191246 0.191246
6207.097656 0.000000 321.811096 0.000000 0.914864 0.000000 0.403763 0.211142 0.211142 0.211142
6201.614258 0.000000 334.803009 0.000000 0.296053 0.000000 0.955172 0.267304 0.267304 0.267304
6206.612305 0.000000 334.062164 0.000000 0.080546 0.000000 0.996751 0.202041 0.202041 0.202041
6199.010742 0.000000 337.374786 0.000000 0.561384 0.000000 0.827556 0.252337 0.252337 0.252337
6200.579102 0.000000 331.584259 0.000000 0.201115 0.000000 0.979568 0.274742 0.274742 0.274742
6196.392090 0.000000 330.808594 0.000000 0.913638 0.000000 0.406529 0.251114 0.251114 0.251114
6202.107422 0.000000 337.622284 0.000000 0.999983 0.000000 0.005844 0.259821 0.259821 0.259821
6204.880859 0.000000 305.651581 0.000000 0.379545 0.000000 0.925173 0.225890 0.225890 0.225890
6203.743652 0.000000 333.149384 0.000000 0.061629 0.000000 0.998099 0.265535 0.265535 0.265535
6206.998535 0.000000 306.403473 0.000000 0.969911 0.000000 0.243459 0.280054 0.280054 0.280054
6198.447266 0.000000 331.631348 0.000000 0.732593 0.000000 0.680667 0.281441 0.281441 0.281441
6215.674805 0.000000 306.367889 0.000000 0.784575 0.000000 0.620034 0.249636 0.249636 0.249636
6243.530762 0.000000 333.010406 0.000000 0.684906 0.000000 0.728632 0.197549 0.197549 0.197549
6222.189453 0.000000 318.865631 0.000000 0.744071 0.000000 0.668100 0.273013 0.273013 0.273013
6250.581543 0.000000 301.226685 0.000000 0.104401 0.000000 0.994535 0.209647 0.209647 0.209647
6259.915527 0.000000 294.463196 0.000000 0.802847 0.000000 0.596185 0.195296 0.195296 0.195296
6247.866699 0.000000 324.125427 0.000000 0.869154 0.000000 0.494541 0.201728 0.201728 0.201728
6229.035156 0.000000 323.138977 0.000000 0.663300 0.000000 0.748353 0.247527 0.247527 0.247527
6211.716309 0.000000 323.528046 0.000000 0.835933 0.000000 0.548832 0.199020 0.199020 0.199020
6208.315430 0.000000 308.847443 0.000000 0.371371 0.000000 0.928485 0.246938 0.246938 0.246938
6265.426758 0.000000 299.820831 0.000000 0.533710 0.000000 0.845668 0.201101 0.201101 0.201101
6240.909180 0.000000 324.665192 0.000000 0.261032 0.000000 0.965330 0.195870 0.195870 0.195870
6239.273438 0.000000 337.298279 0.000000 0.999246 0.000000 0.038824 0.315696 0.315696 0.315696
6209.469238 0.000000 336.969971 0.000000 0.813537 0.000000 0.581513 0.204629 0.204629 0.204629
6238.600098 0.000000 332.125458 0.000000 0.251576 0.000000 0.967838 0.252760 0.252760 0.252760
6212.861816 0.000000 310.376404 0.000000 0.999147 0.000000 0.041288 0.250191 0.250191 0.250191
6254.917969 0.000000 303.736603 0.000000 0.986150 0.000000 0.165857 0.287601 0.287601 0.287601
6231.538086 0.000000 318.708679 0.000000 0.781815 0.000000 0.623511 0.219751 0.219751 0.219751
6239.949707 0.000000 316.677887 0.000000 0.418758 0.000000 0.908098 0.246611 0.246611 0.246611
6208.073242 0.000000 320.983337 0.000000 0.392536 0.000000 0.919736 0.208965 0.208965 0.208965
6211.605469 0.000000 305.698456 0.000000 0.639486 0.000000 0.768803 0.266987 0.266987 0.266987
6250.157715 0.000000 305.258118 0.000000 0.027998 0.000000 0.999608 0.230307 0.230307 0.230307
6256.887695 0.000000 307.297394 0.000000 0.991149 0.000000 0.132752 0.227726 0.227726 0.227726
6254.165527 0.000000 299.964111 0.000000 0.893026 0.000000 0.450005 0.222800 0.222800 0.222800
6260.612793 0.000000 298.133850 0.000000 0.370490 0.000000 0.928837 0.224872 0.224872 0.224872
6234.132812 0.000000 316.873688 0.000000 0.432918 0.000000 0.901433 0.233742 0.233742 0.233742
6237.075684 0.000000 334.822083 0.000000 0.084987 0.000000 0.996382 0.261297 0.261297 0.261297
6236.116211 0.000000 337.837494 0.000000 0.051483 0.000000 0.998674 0.287144 0.287144 0.287144
6210.892090 0.000000 320.623169 0.000000 0.603838 0.000000 0.797107 0.223403 0.223403 0.223403
6237.260254 0.000000 316.691132 0.000000 0.991385 0.000000 0.130981 0.264779 0.264779 0.264779
6229.228027 0.000000 320.327026 0.000000 0.418485 0.000000 0.908224 0.232579 0.232579 0.232579
6263.542480 0.000000 305.551666 0.000000 0.975563 0.000000 0.219721 0.238202 0.238202 0.238202
6252.193359 0.000000 303.366425 0.000000 0.980130 0.000000 0.198357 0.283455 0.283455 0.283455
6213.178223 0.000000 307.791901 0.000000 0.292680 0.000000 0.956210 0.254724 0.254724 0.254724
6234.516602 0.000000 321.200775 0.000000 0.657801 0.000000 0.753191 0.241050 0.241050 0.241050
6210.786133 0.000000 317.322540 0.000000 0.546893 0.000000 0.837202 0.269413 0.269413 0.269413
6241.210938 0.000000 331.864685 0.000000 0.534080 0.000000 0.845434 0.235224 0.235224 0.235224
6215.852051 0.000000 319.599365 0.000000 0.587610 0.000000 0.809144 0.273449 0.273449 0.273449
6238.667969 0.000000 318.803223 0.000000 0.199062 0.000000 0.979987 0.229490 0.229490 0.229490
6211.661133 0.000000 303.495422 0.000000 0.758373 0.000000 0.651821 0.263585 0.263585 0.263585
6237.530273 0.000000 336.595276 0.000000 0.837067 0.000000 0.547100 0.334806 0.334806 0.334806
6144.354004 0.000000 386.874146 0.000000 0.414829 0.000000 0.909899 0.240794 0.240794 0.240794
6144.290527 0.000000 373.271393 0.000000 0.061298 0.000000 0.998119 0.188506 0.188506 0.188506
6204.270508 0.000000 387.240082 0.000000 0.962204 0.000000 0.272331 0.233037 0.233037 0.233037
6147.716309 0.000000 380.012421 0.000000 0.341013 0.000000 0.940059 0.238988 0.238988 0.238988
6205.524414 0.000000 344.419678 0.000000 0.997737 0.000000 0.067234 0.208776 0.208776 0.208776
6201.915527 0.000000 349.621033 0.000000 0.542932 0.000000 0.839777 0.197511 0.197511 0.197511
6198.117188 0.000000 345.927673 0.000000 0.606099 0.000000 0.795390 0.221623 0.221623 0.221623
6148.957031 0.000000 385.073334 0.000000 0.531347 0.000000 0.847154 0.197361 0.197361 0.197361
6202.875000 0.000000 339.060730 0.000000 0.997965 0.000000 0.063771 0.219893 0.219893 0.219893
6151.290527 0.000000 381.751343 0.000000 0.676252 0.000000 0.736671 0.227756 0.227756 0.227756
6144.226074 0.000000 390.223267 0.000000 0.829945 0.000000 0.557845 0.211983 0.211983 0.211983
6202.815430 0.000000 346.475403 0.000000 0.200432 0.000000 0.979708 0.202811 0.202811 0.202811
6147.167969 0.000000 382.858948 0.000000 0.870502 0.000000 0.492164 0.239153 0.239153 0.239153
6206.830566 0.000000 386.141388 0.000000 0.991211 0.000000 0.132290 0.249533 0.249533 0.249533
6211.834473 0.000000 338.908783 0.000000 0.436731 0.000000 0.899592 0.198899 0.198899 0.198899
6236.282227 0.000000 375.802246 0.000000 0.255176 0.000000 0.966895 0.299712 0.299712 0.299712
6226.736816 0.000000 389.027283 0.000000 0.625963 0.000000 0.779853 0.218338 0.218338 0.218338
6208.290527 0.000000 373.271393 0.000000 0.999219 0.000000 0.039517 0.234667 0.234667 0.234667
6239.430176 0.000000 349.678192 0.000000 0.999235 0.000000 0.039115 0.216879 0.216879 0.216879
6235.221680 0.000000 384.934814 0.000000 0.851757 0.000000 0.523938 0.258083 0.258083 0.258083
6233.268555 0.000000 355.315369 0.000000 0.602983 0.000000 0.797754 0.299366 0.299366 0.299366
6241.639160 0.000000 368.943848 0.000000 0.997548 0.000000 0.069990 0.394649 0.394649 0.394649
6215.693359 0.000000 370.738831 0.000000 0.989584 0.000000 0.143956 0.198666 0.198666 0.198666
6208.315430 0.000000 365.331818 0.000000 0.946722 0.000000 0.322051 0.216437 0.216437 0.216437
6227.298340 0.000000 356.853424 0.000000 0.748824 0.000000 0.662769 0.252127 0.252127 0.252127
6221.066406 0.000000 392.122437 0.000000 0.990740 0.000000 0.135772 0.258157 0.258157 0.258157
6238.773926 0.000000 355.377899 0.000000 0.556615 0.000000 0.830770 0.333663 0.333663 0.333663
6235.974121 0.000000 370.635773 0.000000 0.989191 0.000000 0.146631 0.388758 0.388758 0.388758
6245.443359 0.000000 358.708221 0.000000 0.971031 0.000000 0.238954 0.208990 0.208990 0.208990
6233.550293 0.000000 350.507690 0.000000 0.637362 0.000000 0.770565 0.334979 0.334979 0.334979
6234.548828 0.000000 380.219299 0.000000 0.391005 0.000000 0.920388 0.319292 0.319292 0.319292
6231.427734 0.000000 387.901642 0.000000 0.790351 0.000000 0.612654 0.209137 0.209137 0.209137
6212.861816 0.000000 366.860779 0.000000 0.620781 0.000000 0.783984 0.251557 0.251557 0.251557
6221.883301 0.000000 387.402466 0.000000 0.059886 0.000000 0.998205 0.266091 0.266091 0.266091
6231.538086 0.000000 375.193054 0.000000 0.257129 0.000000 0.966377 0.303793 0.303793 0.303793
6228.194824 0.000000 384.819092 0.000000 0.931294 0.000000 0.364267 0.286665 0.286665 0.286665
6230.690430 0.000000 366.923157 0.000000 0.286881 0.000000 0.957966 0.304263 0.304263 0.304263
6245.993652 0.000000 368.469604 0.000000 0.465257 0.000000 0.885175 0.214529 0.214529 0.214529
6226.409180 0.000000 367.315765 0.000000 0.680821 0.000000 0.732450 0.268584 0.268584 0.268584
6219.937012 0.000000 371.675629 0.000000 0.892697 0.000000 0.450657 0.206389 0.206389 0.206389
6221.646484 0.000000 379.652496 0.000000 0.702932 0.000000 0.711257 0.246010 0.246010 0.246010
6225.114746 0.000000 393.466095 0.000000 0.985510 0.000000 0.169618 0.208717 0.208717 0.208717
6230.003418 0.000000 352.608673 0.000000 0.263127 0.000000 0.964761 0.276558 0.276558 0.276558
6211.605469 0.000000 362.182831 0.000000 0.655974 0.000000 0.754783 0.220797 0.220797 0.220797
6231.759277 0.000000 383.032043 0.000000 0.072969 0.000000 0.997334 0.287138 0.287138 0.287138
6240.344727 0.000000 377.223877 0.000000 0.999999 0.000000 0.001310 0.370799 0.370799 0.370799
6220.652344 0.000000 364.333099 0.000000 0.840827 0.000000 0.541304 0.272976 0.272976 0.272976
6241.456543 0.000000 352.831146 0.000000 0.909919 0.000000 0.414786 0.323218 0.323218 0.323218
6224.310547 0.000000 363.700867 0.000000 0.999995 0.000000 0.003069 0.319216 0.319216 0.319216
6243.650879 0.000000 361.848602 0.000000 0.665134 0.000000 0.746724 0.294459 0.294459 0.294459
6237.565918 0.000000 382.204987 0.000000 0.114949 0.000000 0.993371 0.264297 0.264297 0.264297
6243.373047 0.000000 365.849548 0.000000 0.941779 0.000000 0.336232 0.338838 0.338838 0.338838
6232.763672 0.000000 369.637421 0.000000 0.589448 0.000000 0.807806 0.328157 0.328157 0.328157
6208.226074 0.000000 390.223267 0.000000 0.774000 0.000000 0.633186 0.224419 0.224419 0.224419
6237.587891 0.000000 358.574005 0.000000 0.796130 0.000000 0.605126 0.326837 0.326837 0.326837
6232.357910 0.000000 347.417267 0.000000 0.934202 0.000000 0.356744 0.358363 0.358363 0.358363
6225.116211 0.000000 386.153748 0.000000 0.545729 0.000000 0.837962 0.282295 0.282295 0.282295
6234.132812 0.000000 373.358063 0.000000 0.523961 0.000000 0.851742 0.322131 0.322131 0.322131
6226.867188 0.000000 381.870178 0.000000 0.919101 0.000000 0.394022 0.311458 0.311458 0.311458
6238.662598 0.000000 385.096680 0.000000 0.999826 0.000000 0.018637 0.224951 0.224951 0.224951
6221.152832 0.000000 384.137299 0.000000 0.429750 0.000000 0.902948 0.254977 0.254977 0.254977
6210.892090 0.000000 377.107544 0.000000 0.739637 0.000000 0.673006 0.220711 0.220711 0.220711
6232.982910 0.000000 342.780121 0.000000 0.726738 0.000000 0.686914 0.342160 0.342160 0.342160
6235.116211 0.000000 357.381500 0.000000 0.462255 0.000000 0.886747 0.305356 0.305356 0.305356
6217.349609 0.000000 391.461304 0.000000 0.953589 0.000000 0.301113 0.244089 0.244089 0.244089
6229.228027 0.000000 376.811401 0.000000 0.355850 0.000000 0.934543 0.314542 0.314542 0.314542
6222.569336 0.000000 372.675018 0.000000 0.792218 0.000000 0.610238 0.258429 0.258429 0.258429
6230.697754 0.000000 385.424866 0.000000 0.710667 0.000000 0.703529 0.272459 0.272459 0.272459
6229.175293 0.000000 374.124298 0.000000 0.550743 0.000000 0.834675 0.332919 0.332919 0.332919
6235.921387 0.000000 354.861969 0.000000 0.565318 0.000000 0.824873 0.332563 0.332563 0.332563
6234.516602 0.000000 377.685150 0.000000 0.977187 0.000000 0.212380 0.386055 0.386055 0.386055
6229.389160 0.000000 382.132141 0.000000 0.533642 0.000000 0.845711 0.294267 0.294267 0.294267
6241.496582 0.000000 363.136993 0.000000 0.400102 0.000000 0.916471 0.311446 0.311446 0.311446
6224.003418 0.000000 366.208923 0.000000 0.999892 0.000000 0.014663 0.317677 0.317677 0.317677
6228.387207 0.000000 365.703369 0.000000 0.090381 0.000000 0.995907 0.244627 0.244627 0.244627
6237.269531 0.000000 341.065613 0.000000 0.895201 0.000000 0.445663 0.342620 0.342620 0.342620
6243.024414 0.000000 359.478394 0.000000 0.913233 0.000000 0.407437 0.304022 0.304022 0.304022
6224.405273 0.000000 376.461334 0.000000 0.091984 0.000000 0.995761 0.236839 0.236839 0.236839
6234.280762 0.000000 382.752625 0.000000 0.380151 0.000000 0.924924 0.284233 0.284233 0.284233
6211.928711 0.000000 369.038147 0.000000 0.360152 0.000000 0.932894 0.257543 0.257543 0.257543
6239.885254 0.000000 358.096344 0.000000 0.990923 0.000000 0.134433 0.391247 0.391247 0.391247
6241.651855 0.000000 375.103729 0.000000 0.993185 0.000000 0.116550 0.392213 0.392213 0.392213
6231.550293 0.000000 380.695190 0.000000 0.969866 0.000000 0.243639 0.384147 0.384147 0.384147
6226.931641 0.000000 370.232452 0.000000 0.951425 0.000000 0.307881 0.314013 0.314013 0.314013
6243.886719 0.000000 369.530731 0.000000 0.353351 0.000000 0.935491 0.279526 0.279526 0.279526
6226.112793 0.000000 365.097870 0.000000 0.986632 0.000000 0.162966 0.273726 0.273726 0.273726
6226.130371 0.000000 383.999481 0.000000 0.890313 0.000000 0.455349 0.345808 0.345808 0.345808
6221.897461 0.000000 382.014191 0.000000 0.619523 0.000000 0.784978 0.251518 0.251518 0.251518
6222.936035 0.000000 385.478149 0.000000 0.068986 0.000000 0.997618 0.286388 0.286388 0.286388
6241.051758 0.000000 371.097748 0.000000 0.066713 0.000000 0.997772 0.287729 0.287729 0.287729
6230.294922 0.000000 346.379333 0.000000 0.157188 0.000000 0.987569 0.299339 0.299339 0.299339
6239.716309 0.000000 379.356842 0.000000 0.850722 0.000000 0.525616 0.361313 0.361313 0.361313
6241.958496 0.000000 379.135193 0.000000 0.984569 0.000000 0.174999 0.321407 0.321407 0.321407
6224.326660 0.000000 361.573212 0.000000 0.372495 0.000000 0.928034 0.264802 0.264802 0.264802
6228.672363 0.000000 358.463593 0.000000 0.234124 0.000000 0.972207 0.250044 0.250044 0.250044
6240.249023 0.000000 367.281982 0.000000 0.368985 0.000000 0.929435 0.308871 0.308871 0.308871
6233.637695 0.000000 375.603638 0.000000 0.068793 0.000000 0.997631 0.287509 0.287509 0.287509
6232.739258 0.000000 367.475433 0.000000 0.869415 0.000000 0.494083 0.360521 0.360521 0.360521
6233.195312 0.000000 384.482056 0.000000 0.952462 0.000000 0.304657 0.290649 0.290649 0.290649
6230.347168 0.000000 361.549896 0.000000 0.643565 0.000000 0.765391 0.322322 0.322322 0.322322
6234.051758 0.000000 371.200470 0.000000 0.853617 0.000000 0.520901 0.358143 0.358143 0.358143
6235.430664 0.000000 350.933960 0.000000 0.096821 0.000000 0.995302 0.301683 0.301683 0.301683
6240.410645 0.000000 356.275787 0.000000 0.548884 0.000000 0.835899 0.336248 0.336248 0.336248
6239.909668 0.000000 353.873688 0.000000 0.507240 0.000000 0.861805 0.317228 0.317228 0.317228
6236.327637 0.000000 366.724915 0.000000 0.982168 0.000000 0.188006 0.385551 0.385551 0.385551
6237.381836 0.000000 369.501495 0.000000 0.508318 0.000000 0.861169 0.320736 0.320736 0.320736
6232.548340 0.000000 340.963257 0.000000 0.420869 0.000000 0.907121 0.290376 0.290376 0.290376
6229.837891 0.000000 383.853546 0.000000 0.547925 0.000000 0.836527 0.294973 0.294973 0.294973
6242.022949 0.000000 360.942017 0.000000 0.748075 0.000000 0.663614 0.299018 0.299018 0.299018
6239.589355 0.000000 368.951294 0.000000 0.997859 0.000000 0.065408 0.395000 0.395000 0.395000
6232.050781 0.000000 356.619263 0.000000 0.976117 0.000000 0.217245 0.340586 0.340586 0.340586
6233.175293 0.000000 381.275787 0.000000 0.063801 0.000000 0.997963 0.301174 0.301174 0.301174
6235.871582 0.000000 358.973694 0.000000 0.236378 0.000000 0.971661 0.302634 0.302634 0.302634
6230.173340 0.000000 378.247772 0.000000 0.999980 0.000000 0.006362 0.399568 0.399568 0.399568
6241.168457 0.000000 359.198547 0.000000 0.281899 0.000000 0.959444 0.316589 0.316589 0.316589
6230.760742 0.000000 348.110657 0.000000 0.997734 0.000000 0.067289 0.380421 0.380421 0.380421
6239.070801 0.000000 359.563477 0.000000 0.027115 0.000000 0.999632 0.299800 0.299800 0.299800
6238.604492 0.000000 372.186401 0.000000 0.926805 0.000000 0.375543 0.370590 0.370590 0.370590
6233.412598 0.000000 379.017731 0.000000 0.313326 0.000000 0.949646 0.320289 0.320289 0.320289
6234.746094 0.000000 338.933228 0.000000 0.599249 0.000000 0.800563 0.325434 0.325434 0.325434
6235.663086 0.000000 361.701904 0.000000 0.106222 0.000000 0.994343 0.300194 0.300194 0.300194
6236.480469 0.000000 377.467163 0.000000 0.999371 0.000000 0.035475 0.397484 0.397484 0.397484
6238.429688 0.000000 364.081238 0.000000 0.171953 0.000000 0.985105 0.293202 0.293202 0.293202
6232.535645 0.000000 373.949860 0.000000 0.999612 0.000000 0.027844 0.397873 0.397873 0.397873
6233.662598 0.000000 361.701569 0.000000 0.997110 0.000000 0.075977 0.394798 0.394798 0.394798
6232.837891 0.000000 377.017914 0.000000 0.407264 0.000000 0.913310 0.320380 0.320380 0.320380
6234.510254 0.000000 369.699493 0.000000 0.828858 0.000000 0.559459 0.354642 0.354642 0.354642
6234.472168 0.000000 342.139923 0.000000 0.710418 0.000000 0.703780 0.349519 0.349519 0.349519
6237.201660 0.000000 371.572845 0.000000 0.681931 0.000000 0.731416 0.337326 0.337326 0.337326
6234.808105 0.000000 355.912109 0.000000 0.855610 0.000000 0.517621 0.358238 0.358238 0.358238
6235.274902 0.000000 381.526215 0.000000 0.669065 0.000000 0.743204 0.338984 0.338984 0.338984
6230.083008 0.000000 375.348358 0.000000 0.996586 0.000000 0.082562 0.393933 0.393933 0.393933
6234.266113 0.000000 343.664398 0.000000 0.999611 0.000000 0.027889 0.398196 0.398196 0.398196
6230.076660 0.000000 380.692047 0.000000 0.736130 0.000000 0.676840 0.352113 0.352113 0.352113
6237.245605 0.000000 374.741028 0.000000 0.220977 0.000000 0.975279 0.297022 0.297022 0.297022
6241.198730 0.000000 373.757324 0.000000 0.059074 0.000000 0.998254 0.289799 0.289799 0.289799
6240.531738 0.000000 362.093903 0.000000 0.980657 0.000000 0.195733 0.384950 0.384950 0.384950
6240.511719 0.000000 369.903503 0.000000 0.089777 0.000000 0.995962 0.286868 0.286868 0.286868
6235.789062 0.000000 369.327240 0.000000 0.803770 0.000000 0.594940 0.351322 0.351322 0.351322
6207.291016 0.000000 395.795685 0.000000 0.143278 0.000000 0.989683 0.187709 0.187709 0.187709
6149.568848 0.000000 399.408508 0.000000 0.945521 0.000000 0.325562 0.225844 0.225844 0.225844
6144.173340 0.000000 397.215271 0.000000 0.114263 0.000000 0.993451 0.226206 0.226206 0.226206
6144.110840 0.000000 405.755127 0.000000 0.419014 0.000000 0.907980 0.225831 0.225831 0.225831
6146.492188 0.000000 398.980225 0.000000 0.869094 0.000000 0.494646 0.259871 0.259871 0.259871
6223.347656 0.000000 395.674683 0.000000 0.266999 0.000000 0.963697 0.193318 0.193318 0.193318
6217.453613 0.000000 401.709991 0.000000 0.960850 0.000000 0.277068 0.197477 0.197477 0.197477
6221.333984 0.000000 399.720001 0.000000 0.996807 0.000000 0.079852 0.210846 0.210846 0.210846
6467.856934 0.000000 1405.696899 0.000000 0.823173 0.000000 0.567790 0.257801 0.257801 0.257801
6461.524414 0.000000 1417.622803 0.000000 0.918847 0.000000 0.394614 0.229890 0.229890 0.229890
6458.133789 0.000000 1439.573853 0.000000 0.978091 0.000000 0.208177 0.198194 0.198194 0.198194
6446.271484 0.000000 1449.397827 0.000000 0.230286 0.000000 0.973123 0.249935 0.249935 0.249935
6456.851562 0.000000 1443.721802 0.000000 0.989328 0.000000 0.145705 0.388829 0.388829 0.388829
6452.392090 0.000000 1460.496094 0.000000 0.240850 0.000000 0.970562 0.243501 0.243501 0.243501
6448.015137 0.000000 1439.890869 0.000000 0.065637 0.000000 0.997844 0.304182 0.304182 0.304182
6458.988770 0.000000 1445.743408 0.000000 0.966351 0.000000 0.257228 0.278616 0.278616 0.278616
6451.473145 0.000000 1452.487305 0.000000 0.663397 0.000000 0.748267 0.296870 0.296870 0.296870
6460.370605 0.000000 1458.005981 0.000000 0.775480 0.000000 0.631372 0.283575 0.283575 0.283575
6455.341309 0.000000 1463.401367 0.000000 0.635586 0.000000 0.772030 0.323339 0.323339 0.323339
6462.677246 0.000000 1414.655396 0.000000 0.815219 0.000000 0.579153 0.355525 0.355525 0.355525
6462.808594 0.000000 1440.136841 0.000000 0.986021 0.000000 0.166618 0.389009 0.389009 0.389009
6454.447266 0.000000 1461.318848 0.000000 0.811949 0.000000 0.583728 0.331672 0.331672 0.331672
6458.541992 0.000000 1461.280396 0.000000 0.827992 0.000000 0.560740 0.315053 0.315053 0.315053
6459.123047 0.000000 1451.535645 0.000000 0.986448 0.000000 0.164077 0.386356 0.386356 0.386356
6454.213379 0.000000 1455.114746 0.000000 0.260879 0.000000 0.965371 0.311100 0.311100 0.311100
6464.354004 0.000000 1460.077271 0.000000 0.622684 0.000000 0.782473 0.297998 0.297998 0.297998
6465.476562 0.000000 1418.568115 0.000000 0.534670 0.000000 0.845061 0.236978 0.236978 0.236978
6468.957031 0.000000 1458.276489 0.000000 0.501025 0.000000 0.865433 0.317548 0.317548 0.317548
6469.348633 0.000000 1420.551147 0.000000 0.388036 0.000000 0.921644 0.274353 0.274353 0.274353
6464.173340 0.000000 1413.933960 0.000000 0.349718 0.000000 0.936855 0.209188 0.209188 0.209188
6471.290527 0.000000 1454.954468 0.000000 0.908846 0.000000 0.417133 0.257935 0.257935 0.257935
6464.226074 0.000000 1463.426392 0.000000 0.801494 0.000000 0.598003 0.218260 0.218260 0.218260
6467.167969 0.000000 1456.062012 0.000000 0.777119 0.000000 0.629354 0.287288 0.287288 0.287288
6466.759766 0.000000 1421.223999 0.000000 0.704028 0.000000 0.710172 0.232162 0.232162 0.232162
6468.015137 0.000000 1418.196411 0.000000 0.958697 0.000000 0.284431 0.287172 0.287172 0.287172
6464.164062 0.000000 1468.448486 0.000000 0.084875 0.000000 0.996392 0.298362 0.298362 0.298362
6468.837402 0.000000 1460.349121 0.000000 0.518128 0.000000 0.855303 0.333992 0.333992 0.333992
6466.240723 0.000000 1454.426758 0.000000 0.258190 0.000000 0.966094 0.277714 0.277714 0.277714
6465.867188 0.000000 1468.312500 0.000000 0.441062 0.000000 0.897477 0.323795 0.323795 0.323795
6469.392090 0.000000 1461.849243 0.000000 0.412968 0.000000 0.910746 0.326470 0.326470 0.326470
6463.291016 0.000000 1468.998779 0.000000 0.993669 0.000000 0.112350 0.302207 0.302207 0.302207
6411.937012 0.000000 1501.363159 0.000000 0.032189 0.000000 0.999482 0.200592 0.200592 0.200592
6404.219238 0.000000 1501.227905 0.000000 0.984793 0.000000 0.173731 0.250877 0.250877 0.250877
6426.132812 0.000000 1503.045532 0.000000 0.689365 0.000000 0.724414 0.228998 0.228998 0.228998
6421.228027 0.000000 1506.498901 0.000000 0.838512 0.000000 0.544883 0.282352 0.282352 0.282352
6414.569336 0.000000 1502.362549 0.000000 0.894098 0.000000 0.447872 0.269087 0.269087 0.269087
6423.654785 0.000000 1502.249268 0.000000 0.338795 0.000000 0.940860 0.228390 0.228390 0.228390
6416.687988 0.000000 1503.778931 0.000000 0.768140 0.000000 0.640282 0.263059 0.263059 0.263059
6410.960449 0.000000 1502.758667 0.000000 0.894221 0.000000 0.447625 0.369532 0.369532 0.369532
6417.954102 0.000000 1506.617920 0.000000 0.912671 0.000000 0.408695 0.371410 0.371410 0.371410
6412.710449 0.000000 1505.327515 0.000000 0.977517 0.000000 0.210854 0.384247 0.384247 0.384247
6415.678223 0.000000 1505.010986 0.000000 0.648579 0.000000 0.761147 0.333913 0.333913 0.333913
6467.834473 0.000000 1468.596313 0.000000 0.496085 0.000000 0.868274 0.283291 0.283291 0.283291
6466.305176 0.000000 1469.943604 0.000000 0.525012 0.000000 0.851095 0.284551 0.284551 0.284551
"}
object={
	name="cypress_dense_generator_1_1"
	clamp_to_water_level=no
	render_under_water=no
	generated_content=yes
	layer="semidynamic"
	pdxmesh="tree_cypress_002_mesh"
	count=1303
	transform="2036.449829 0.000000 1614.322998 0.000000 0.962228 0.000000 -0.272247 0.201962 0.201962 0.201962
2041.729980 0.000000 1622.352051 0.000000 0.996206 0.000000 -0.087030 0.208219 0.208219 0.208219
2041.915649 0.000000 1592.277222 0.000000 0.978913 0.000000 -0.204275 0.312598 0.312598 0.312598
2035.720459 0.000000 1619.434326 0.000000 0.094118 0.000000 -0.995561 0.238632 0.238632 0.238632
2043.875732 0.000000 1595.768677 0.000000 0.991687 0.000000 -0.128674 0.262665 0.262665 0.262665
2037.811401 0.000000 1622.861572 0.000000 0.436635 0.000000 -0.899639 0.247576 0.247576 0.247576
2042.815186 0.000000 1589.131592 0.000000 0.936221 0.000000 -0.351410 0.231403 0.231403 0.231403
2039.033203 0.000000 1620.010376 0.000000 0.376111 0.000000 -0.926575 0.243073 0.243073 0.243073
2038.928345 0.000000 1598.447510 0.000000 0.778352 0.000000 -0.627828 0.298984 0.298984 0.298984
2051.716309 0.000000 1566.184326 0.000000 0.721213 0.000000 -0.692713 0.207069 0.207069 0.207069
2052.956787 0.000000 1571.245239 0.000000 0.989162 0.000000 -0.146828 0.304865 0.304865 0.304865
2061.883301 0.000000 1573.574341 0.000000 0.786693 0.000000 -0.617344 0.267545 0.267545 0.267545
2055.290527 0.000000 1567.923218 0.000000 0.228635 0.000000 -0.973512 0.299946 0.299946 0.299946
2061.152832 0.000000 1570.309204 0.000000 0.948258 0.000000 -0.317500 0.269164 0.269164 0.269164
2055.626709 0.000000 1571.428345 0.000000 0.875045 0.000000 -0.484042 0.371426 0.371426 0.371426
2093.255371 0.000000 1636.437988 0.000000 0.740164 0.000000 -0.672426 0.232924 0.232924 0.232924
2090.581543 0.000000 1600.367310 0.000000 0.209396 0.000000 -0.977831 0.342586 0.342586 0.342586
2069.428223 0.000000 1613.910156 0.000000 0.878303 0.000000 -0.478104 0.204667 0.204667 0.204667
2069.034912 0.000000 1622.279663 0.000000 0.974369 0.000000 -0.224956 0.306150 0.306150 0.306150
2093.233887 0.000000 1607.459839 0.000000 0.078243 0.000000 -0.996934 0.248850 0.248850 0.248850
2062.124512 0.000000 1610.571289 0.000000 0.749107 0.000000 -0.662449 0.205604 0.205604 0.205604
2084.050049 0.000000 1617.852051 0.000000 0.332620 0.000000 -0.943061 0.221861 0.221861 0.221861
2095.365234 0.000000 1612.366089 0.000000 0.936575 0.000000 -0.350467 0.227803 0.227803 0.227803
2085.443359 0.000000 1601.364502 0.000000 0.023036 0.000000 -0.999735 0.249643 0.249643 0.249643
2074.549072 0.000000 1622.875610 0.000000 0.804922 0.000000 -0.593380 0.277190 0.277190 0.277190
2066.852783 0.000000 1618.169922 0.000000 0.999329 0.000000 -0.036625 0.200348 0.200348 0.200348
2089.396484 0.000000 1595.321411 0.000000 0.216756 0.000000 -0.976226 0.230081 0.230081 0.230081
2087.553711 0.000000 1598.764771 0.000000 0.695923 0.000000 -0.718116 0.355473 0.355473 0.355473
2091.534668 0.000000 1597.552246 0.000000 0.599695 0.000000 -0.800229 0.262001 0.262001 0.262001
2088.221680 0.000000 1602.005737 0.000000 0.990329 0.000000 -0.138736 0.231747 0.231747 0.231747
2069.228027 0.000000 1619.467651 0.000000 0.997230 0.000000 -0.074373 0.280897 0.280897 0.280897
2090.451904 0.000000 1616.496582 0.000000 0.243137 0.000000 -0.969992 0.286439 0.286439 0.286439
2092.193604 0.000000 1602.507080 0.000000 0.176131 0.000000 -0.984367 0.378069 0.378069 0.378069
2069.388916 0.000000 1624.788330 0.000000 0.575702 0.000000 -0.817660 0.269276 0.269276 0.269276
2094.630859 0.000000 1605.339111 0.000000 0.959399 0.000000 -0.282053 0.285111 0.285111 0.285111
2084.534668 0.000000 1598.740601 0.000000 0.724641 0.000000 -0.689127 0.287839 0.287839 0.287839
2092.304199 0.000000 1605.261841 0.000000 0.613189 0.000000 -0.789936 0.338422 0.338422 0.338422
2087.451416 0.000000 1596.557983 0.000000 0.792509 0.000000 -0.609860 0.325971 0.325971 0.325971
2089.381104 0.000000 1597.510132 0.000000 0.569353 0.000000 -0.822093 0.330305 0.330305 0.330305
2073.637451 0.000000 1618.259888 0.000000 0.985983 0.000000 -0.166846 0.316047 0.316047 0.316047
2091.248291 0.000000 1614.388550 0.000000 0.158143 0.000000 -0.987416 0.381953 0.381953 0.381953
2088.804443 0.000000 1615.686768 0.000000 0.516822 0.000000 -0.856093 0.393678 0.393678 0.393678
2090.287842 0.000000 1612.244751 0.000000 0.849090 0.000000 -0.528248 0.360567 0.360567 0.360567
2071.132568 0.000000 1619.511230 0.000000 0.553492 0.000000 -0.832854 0.387295 0.387295 0.387295
2070.173340 0.000000 1620.904053 0.000000 0.699656 0.000000 -0.714479 0.425990 0.425990 0.425990
2098.281250 0.000000 1681.116089 0.000000 0.201612 0.000000 -0.979465 0.210415 0.210415 0.210415
2067.921631 0.000000 1662.372314 0.000000 0.946677 0.000000 -0.322183 0.234536 0.234536 0.234536
2093.901367 0.000000 1639.001343 0.000000 0.943119 0.000000 -0.332454 0.206190 0.206190 0.206190
2097.158936 0.000000 1672.675293 0.000000 0.326361 0.000000 -0.945245 0.343303 0.343303 0.343303
2096.763672 0.000000 1677.853271 0.000000 0.064680 0.000000 -0.997906 0.387232 0.387232 0.387232
2101.610352 0.000000 1673.539673 0.000000 0.245375 0.000000 -0.969428 0.311368 0.311368 0.311368
2093.602051 0.000000 1677.971802 0.000000 0.317303 0.000000 -0.948324 0.293468 0.293468 0.293468
2097.258545 0.000000 1675.503906 0.000000 0.121898 0.000000 -0.992543 0.412659 0.412659 0.412659
2547.720459 0.000000 1675.918701 0.000000 0.510065 0.000000 -0.860136 0.236948 0.236948 0.236948
2537.605957 0.000000 1675.528320 0.000000 0.513287 0.000000 -0.858217 0.255715 0.255715 0.255715
2538.451904 0.000000 1672.980957 0.000000 0.999904 0.000000 -0.013833 0.401050 0.401050 0.401050
2545.258545 0.000000 1675.503906 0.000000 0.035741 0.000000 -0.999361 0.354400 0.354400 0.354400
2540.435303 0.000000 1674.021973 0.000000 0.669134 0.000000 -0.743142 0.464000 0.464000 0.464000
2543.125977 0.000000 1676.963989 0.000000 0.948582 0.000000 -0.316531 0.353213 0.353213 0.353213
2541.321289 0.000000 1676.529785 0.000000 0.071160 0.000000 -0.997465 0.499959 0.499959 0.499959
2540.932129 0.000000 1675.235474 0.000000 0.997093 0.000000 -0.076196 0.405827 0.405827 0.405827
2034.278564 0.000000 1838.208862 0.000000 0.920789 0.000000 -0.390061 0.430611 0.430611 0.430611
2039.370483 0.000000 1841.155396 0.000000 0.985363 0.000000 -0.170466 0.293897 0.293897 0.293897
2044.546265 0.000000 1835.439697 0.000000 0.045000 0.000000 -0.998987 0.330459 0.330459 0.330459
2036.417847 0.000000 1837.825073 0.000000 0.655706 0.000000 -0.755016 0.377362 0.377362 0.377362
2033.077515 0.000000 1839.887939 0.000000 0.880776 0.000000 -0.473533 0.306753 0.306753 0.306753
2022.210083 0.000000 1840.999878 0.000000 0.379761 0.000000 -0.925085 0.490242 0.490242 0.490242
2037.526611 0.000000 1841.435547 0.000000 0.979850 0.000000 -0.199736 0.394736 0.394736 0.394736
2035.138062 0.000000 1839.512207 0.000000 0.719273 0.000000 -0.694728 0.458674 0.458674 0.458674
5876.885254 0.000000 108.235481 0.000000 0.090147 0.000000 -0.995928 0.212382 0.212382 0.212382
5874.569336 0.000000 112.458176 0.000000 0.902787 0.000000 -0.430088 0.216877 0.216877 0.216877
5871.844727 0.000000 120.079208 0.000000 0.887760 0.000000 -0.460307 0.204419 0.204419 0.204419
5855.273438 0.000000 167.845169 0.000000 0.001279 0.000000 -0.999999 0.330106 0.330106 0.330106
5847.538086 0.000000 149.255554 0.000000 0.313077 0.000000 -0.949728 0.211412 0.211412 0.211412
5869.457031 0.000000 117.182297 0.000000 0.773349 0.000000 -0.633981 0.234766 0.234766 0.234766
5853.075684 0.000000 165.368942 0.000000 0.629244 0.000000 -0.777208 0.300412 0.300412 0.300412
5857.615234 0.000000 167.064468 0.000000 0.361375 0.000000 -0.932421 0.305383 0.305383 0.305383
5852.282227 0.000000 206.349121 0.000000 0.261039 0.000000 -0.965328 0.226790 0.226790 0.226790
5885.524414 0.000000 174.966553 0.000000 0.877746 0.000000 -0.479126 0.217510 0.217510 0.217510
5838.124512 0.000000 198.461929 0.000000 0.938896 0.000000 -0.344202 0.281903 0.281903 0.281903
5856.909180 0.000000 211.696442 0.000000 0.448307 0.000000 -0.893880 0.221817 0.221817 0.221817
5838.146973 0.000000 191.306595 0.000000 0.223616 0.000000 -0.974677 0.310444 0.310444 0.310444
5887.291016 0.000000 169.858200 0.000000 0.646212 0.000000 -0.763158 0.221748 0.221748 0.221748
5851.974121 0.000000 201.182663 0.000000 0.186678 0.000000 -0.982421 0.212948 0.212948 0.212948
5862.720703 0.000000 216.187805 0.000000 0.872316 0.000000 -0.488942 0.213985 0.213985 0.213985
5855.949707 0.000000 203.709137 0.000000 0.819621 0.000000 -0.572906 0.205711 0.205711 0.205711
5846.690430 0.000000 197.470032 0.000000 0.027481 0.000000 -0.999622 0.216833 0.216833 0.216833
5840.913574 0.000000 202.023224 0.000000 0.993670 0.000000 -0.112336 0.237080 0.237080 0.237080
5842.409180 0.000000 197.862656 0.000000 0.311607 0.000000 -0.950211 0.340793 0.340793 0.340793
5847.828125 0.000000 193.629929 0.000000 0.999999 0.000000 -0.001409 0.222988 0.222988 0.222988
5871.152344 0.000000 214.923828 0.000000 0.476364 0.000000 -0.879248 0.271511 0.271511 0.271511
5865.927734 0.000000 214.186386 0.000000 0.048053 0.000000 -0.998845 0.314889 0.314889 0.314889
5848.763672 0.000000 200.184296 0.000000 0.485338 0.000000 -0.874327 0.252170 0.252170 0.252170
5845.175293 0.000000 204.671173 0.000000 0.540427 0.000000 -0.841391 0.272816 0.272816 0.272816
5840.003418 0.000000 196.755798 0.000000 0.940883 0.000000 -0.338733 0.333165 0.333165 0.333165
5840.326660 0.000000 192.120087 0.000000 0.042394 0.000000 -0.999101 0.394674 0.394674 0.394674
5838.324707 0.000000 193.341049 0.000000 0.432954 0.000000 -0.901416 0.344015 0.344015 0.344015
5948.270508 0.000000 48.333832 0.000000 0.458598 0.000000 -0.888644 0.365169 0.365169 0.365169
5949.041992 0.000000 55.658138 0.000000 0.984951 0.000000 -0.172834 0.201366 0.201366 0.201366
5950.612305 0.000000 51.640282 0.000000 0.990352 0.000000 -0.138572 0.211069 0.211069 0.211069
5944.579102 0.000000 49.162395 0.000000 0.942846 0.000000 -0.333227 0.225174 0.225174 0.225174
5946.085938 0.000000 47.158604 0.000000 0.309347 0.000000 -0.950949 0.289321 0.289321 0.289321
5970.736816 0.000000 50.121037 0.000000 0.143272 0.000000 -0.989683 0.403524 0.403524 0.403524
5966.189453 0.000000 36.443752 0.000000 0.093352 0.000000 -0.995633 0.223146 0.223146 0.223146
5962.048340 0.000000 45.500320 0.000000 0.412428 0.000000 -0.910990 0.210154 0.210154 0.210154
5973.035156 0.000000 40.717117 0.000000 0.982111 0.000000 -0.188305 0.213943 0.213943 0.213943
5965.066406 0.000000 53.216187 0.000000 0.935185 0.000000 -0.354160 0.226661 0.226661 0.226661
5968.020996 0.000000 44.228283 0.000000 0.932230 0.000000 -0.361867 0.346522 0.346522 0.346522
5975.427734 0.000000 48.995384 0.000000 0.086337 0.000000 -0.996266 0.228833 0.228833 0.228833
5965.646484 0.000000 40.746243 0.000000 0.226330 0.000000 -0.974051 0.259428 0.259428 0.259428
5952.390625 0.000000 43.550133 0.000000 0.999414 0.000000 -0.034220 0.282128 0.282128 0.282128
5975.759277 0.000000 44.125797 0.000000 0.967072 0.000000 -0.254502 0.226443 0.226443 0.226443
5969.116211 0.000000 47.247501 0.000000 0.990519 0.000000 -0.137374 0.365266 0.365266 0.365266
5970.867188 0.000000 42.963924 0.000000 0.587398 0.000000 -0.809298 0.329616 0.329616 0.329616
5967.660156 0.000000 51.165298 0.000000 0.959512 0.000000 -0.281667 0.300723 0.300723 0.300723
5973.436035 0.000000 51.297947 0.000000 0.951754 0.000000 -0.306862 0.282151 0.282151 0.282151
5963.713867 0.000000 38.003139 0.000000 0.317541 0.000000 -0.948245 0.276247 0.276247 0.276247
5971.100098 0.000000 52.746944 0.000000 0.163167 0.000000 -0.986598 0.375393 0.375393 0.375393
5972.862305 0.000000 48.667030 0.000000 0.965833 0.000000 -0.259166 0.318048 0.318048 0.318048
5952.956543 0.000000 41.119892 0.000000 0.606262 0.000000 -0.795265 0.317730 0.317730 0.317730
5970.130371 0.000000 45.093224 0.000000 0.461132 0.000000 -0.887332 0.354712 0.354712 0.354712
5966.936035 0.000000 46.571907 0.000000 0.599232 0.000000 -0.800576 0.327758 0.327758 0.327758
5967.977051 0.000000 49.067081 0.000000 0.783971 0.000000 -0.620798 0.321117 0.321117 0.321117
5971.139160 0.000000 47.663727 0.000000 0.848442 0.000000 -0.529288 0.363251 0.363251 0.363251
5969.040527 0.000000 52.535484 0.000000 0.999511 0.000000 -0.031277 0.351013 0.351013 0.351013
5969.633301 0.000000 48.828857 0.000000 0.957140 0.000000 -0.289627 0.397580 0.397580 0.397580
5907.921875 0.000000 80.809792 0.000000 0.654466 0.000000 -0.756091 0.250203 0.250203 0.250203
5894.599121 0.000000 109.585327 0.000000 0.962745 0.000000 -0.270413 0.202085 0.202085 0.202085
5949.524414 0.000000 61.997807 0.000000 0.924756 0.000000 -0.380561 0.202973 0.202973 0.202973
5945.426758 0.000000 73.883324 0.000000 0.413200 0.000000 -0.910640 0.208860 0.208860 0.208860
5902.146973 0.000000 78.337852 0.000000 0.996023 0.000000 -0.089101 0.200746 0.200746 0.200746
5904.020996 0.000000 100.712662 0.000000 0.804796 0.000000 -0.593552 0.231547 0.231547 0.231547
5946.875000 0.000000 56.638870 0.000000 0.282602 0.000000 -0.959237 0.222436 0.222436 0.222436
5945.786621 0.000000 61.009193 0.000000 0.852600 0.000000 -0.522564 0.261489 0.261489 0.261489
5903.712891 0.000000 75.098526 0.000000 0.137451 0.000000 -0.990509 0.238070 0.238070 0.238070
5905.116211 0.000000 103.731873 0.000000 0.889764 0.000000 -0.456420 0.276151 0.276151 0.276151
5904.764160 0.000000 72.436363 0.000000 0.494796 0.000000 -0.869009 0.247941 0.247941 0.247941
5967.347656 0.000000 56.768440 0.000000 0.802887 0.000000 -0.596131 0.341293 0.341293 0.341293
5965.467773 0.000000 72.039658 0.000000 0.872357 0.000000 -0.488870 0.245865 0.245865 0.245865
5971.298340 0.000000 74.431557 0.000000 0.999906 0.000000 -0.013687 0.200113 0.200113 0.200113
5966.716309 0.000000 66.218002 0.000000 0.495625 0.000000 -0.868537 0.310168 0.310168 0.310168
5969.893555 0.000000 69.799141 0.000000 0.505145 0.000000 -0.863034 0.298619 0.298619 0.298619
5964.396484 0.000000 68.992142 0.000000 0.999593 0.000000 -0.028535 0.251526 0.251526 0.251526
5967.844238 0.000000 59.611549 0.000000 0.353190 0.000000 -0.935552 0.389476 0.389476 0.389476
5971.958008 0.000000 63.196949 0.000000 0.788974 0.000000 -0.614427 0.320865 0.320865 0.320865
5971.922852 0.000000 60.283791 0.000000 0.970747 0.000000 -0.240106 0.346207 0.346207 0.346207
5972.737793 0.000000 56.487339 0.000000 0.003379 0.000000 -0.999994 0.308285 0.308285 0.308285
5966.121582 0.000000 58.502846 0.000000 0.556311 0.000000 -0.830974 0.379805 0.379805 0.379805
5969.982910 0.000000 59.738121 0.000000 0.261621 0.000000 -0.965171 0.463127 0.463127 0.463127
5968.782227 0.000000 58.193386 0.000000 0.453942 0.000000 -0.891032 0.451022 0.451022 0.451022
5891.834473 0.000000 112.971268 0.000000 0.021634 0.000000 -0.999766 0.210636 0.210636 0.210636
5895.674805 0.000000 136.914780 0.000000 0.064535 0.000000 -0.997915 0.276800 0.276800 0.276800
5908.950195 0.000000 122.137970 0.000000 0.357162 0.000000 -0.934043 0.208427 0.208427 0.208427
5906.736816 0.000000 163.089783 0.000000 0.146639 0.000000 -0.989190 0.287012 0.287012 0.287012
5901.467773 0.000000 128.524033 0.000000 0.928368 0.000000 -0.371661 0.307187 0.307187 0.307187
5940.449707 0.000000 145.729248 0.000000 0.094483 0.000000 -0.995526 0.333724 0.333724 0.333724
5897.453613 0.000000 119.288124 0.000000 0.229838 0.000000 -0.973229 0.210529 0.210529 0.210529
5945.729980 0.000000 153.758270 0.000000 0.241006 0.000000 -0.970524 0.307032 0.307032 0.307032
5913.924805 0.000000 166.209213 0.000000 0.977244 0.000000 -0.212120 0.248038 0.248038 0.248038
5890.164551 0.000000 132.340302 0.000000 0.020853 0.000000 -0.999783 0.282098 0.282098 0.282098
5897.163574 0.000000 152.269562 0.000000 0.980858 0.000000 -0.194726 0.204761 0.204761 0.204761
5914.661621 0.000000 134.406418 0.000000 0.045625 0.000000 -0.998959 0.243557 0.243557 0.243557
5939.720703 0.000000 150.840515 0.000000 0.889563 0.000000 -0.456812 0.219645 0.219645 0.219645
5915.974121 0.000000 144.698288 0.000000 0.642241 0.000000 -0.766503 0.306806 0.306806 0.306806
5911.427734 0.000000 161.964142 0.000000 0.832926 0.000000 -0.553385 0.205197 0.205197 0.205197
5919.949707 0.000000 147.224762 0.000000 0.753207 0.000000 -0.657784 0.242844 0.242844 0.242844
5893.568848 0.000000 116.986618 0.000000 0.675323 0.000000 -0.737522 0.221302 0.221302 0.221302
5910.690430 0.000000 140.985657 0.000000 0.526134 0.000000 -0.850402 0.238026 0.238026 0.238026
5899.937012 0.000000 145.738144 0.000000 0.130577 0.000000 -0.991438 0.225529 0.225529 0.225529
5901.646484 0.000000 153.714996 0.000000 0.930107 0.000000 -0.367290 0.208941 0.208941 0.208941
5905.114746 0.000000 167.528610 0.000000 0.987997 0.000000 -0.154473 0.324984 0.324984 0.324984
5891.605469 0.000000 136.245331 0.000000 0.937346 0.000000 -0.348400 0.232553 0.232553 0.232553
5898.276367 0.000000 133.576187 0.000000 0.662654 0.000000 -0.748926 0.303370 0.303370 0.303370
5888.522461 0.000000 128.670792 0.000000 0.801242 0.000000 -0.598341 0.236648 0.236648 0.236648
5947.742676 0.000000 150.645752 0.000000 0.833052 0.000000 -0.553195 0.295280 0.295280 0.295280
5897.808105 0.000000 148.674301 0.000000 0.775824 0.000000 -0.630950 0.249944 0.249944 0.249944
5903.712891 0.000000 131.582901 0.000000 0.368783 0.000000 -0.929515 0.305186 0.305186 0.305186
5912.763672 0.000000 143.699921 0.000000 0.912620 0.000000 -0.408809 0.277430 0.277430 0.277430
5899.269531 0.000000 122.298828 0.000000 0.659357 0.000000 -0.751830 0.247480 0.247480 0.247480
5942.496094 0.000000 142.277634 0.000000 0.516470 0.000000 -0.856305 0.240853 0.240853 0.240853
5897.939941 0.000000 128.257202 0.000000 0.590545 0.000000 -0.807005 0.356436 0.356436 0.356436
5905.116211 0.000000 160.216248 0.000000 0.442512 0.000000 -0.896763 0.270850 0.270850 0.270850
5914.132812 0.000000 147.420563 0.000000 0.410914 0.000000 -0.911674 0.238457 0.238457 0.238457
5903.660156 0.000000 164.134048 0.000000 0.440261 0.000000 -0.897870 0.277861 0.277861 0.277861
5941.610352 0.000000 148.461578 0.000000 0.763597 0.000000 -0.645693 0.312808 0.312808 0.312808
5909.436035 0.000000 164.266693 0.000000 0.692343 0.000000 -0.721569 0.302314 0.302314 0.302314
5918.841309 0.000000 144.600906 0.000000 0.942366 0.000000 -0.334583 0.281656 0.281656 0.281656
5894.202148 0.000000 124.481567 0.000000 0.138065 0.000000 -0.990423 0.408649 0.408649 0.408649
5913.164062 0.000000 168.828186 0.000000 0.643205 0.000000 -0.765694 0.330185 0.330185 0.330185
5907.100098 0.000000 165.715698 0.000000 0.239521 0.000000 -0.970891 0.361591 0.361591 0.361591
5893.178223 0.000000 138.338776 0.000000 0.986459 0.000000 -0.164008 0.262257 0.262257 0.262257
5895.324707 0.000000 139.578796 0.000000 0.115686 0.000000 -0.993286 0.298098 0.298098 0.298098
5945.397461 0.000000 151.119080 0.000000 0.843025 0.000000 -0.537874 0.303776 0.303776 0.303776
5892.637695 0.000000 131.541550 0.000000 0.985988 0.000000 -0.166814 0.312526 0.312526 0.312526
5911.825684 0.000000 166.889130 0.000000 0.866651 0.000000 -0.498915 0.329357 0.329357 0.329357
5942.375000 0.000000 144.518463 0.000000 0.142394 0.000000 -0.989810 0.330801 0.330801 0.330801
5894.215332 0.000000 129.122131 0.000000 0.085040 0.000000 -0.996378 0.424319 0.424319 0.424319
5911.245605 0.000000 168.629257 0.000000 0.566966 0.000000 -0.823741 0.434218 0.434218 0.434218
5894.483887 0.000000 131.901184 0.000000 0.871015 0.000000 -0.491257 0.361367 0.361367 0.361367
5895.353027 0.000000 125.670059 0.000000 0.707660 0.000000 -0.706554 0.379911 0.379911 0.379911
5907.981934 0.000000 167.150940 0.000000 0.796778 0.000000 -0.604272 0.409390 0.409390 0.409390
5895.674805 0.000000 193.399155 0.000000 0.412323 0.000000 -0.911038 0.208439 0.208439 0.208439
5908.950195 0.000000 178.622345 0.000000 0.049258 0.000000 -0.998786 0.210446 0.210446 0.210446
5906.736816 0.000000 219.574158 0.000000 0.976076 0.000000 -0.217428 0.222432 0.222432 0.222432
5902.189453 0.000000 205.896881 0.000000 0.594105 0.000000 -0.804387 0.221212 0.221212 0.221212
5891.589355 0.000000 181.835373 0.000000 0.701224 0.000000 -0.712941 0.206539 0.206539 0.206539
5909.035156 0.000000 210.170242 0.000000 0.793931 0.000000 -0.608008 0.205466 0.205466 0.205466
5914.616699 0.000000 175.662552 0.000000 0.247690 0.000000 -0.968839 0.309824 0.309824 0.309824
5904.020996 0.000000 213.681412 0.000000 0.990038 0.000000 -0.140804 0.245603 0.245603 0.245603
5913.550293 0.000000 181.054565 0.000000 0.473804 0.000000 -0.880630 0.209950 0.209950 0.209950
5893.568848 0.000000 173.470993 0.000000 0.980446 0.000000 -0.196789 0.212884 0.212884 0.212884
5908.194824 0.000000 215.365952 0.000000 0.972524 0.000000 -0.232801 0.226141 0.226141 0.226141
5897.424316 0.000000 197.326935 0.000000 0.177321 0.000000 -0.984153 0.234748 0.234748 0.234748
5893.348633 0.000000 177.894897 0.000000 0.506235 0.000000 -0.862395 0.211892 0.211892 0.211892
5901.646484 0.000000 210.199371 0.000000 0.659096 0.000000 -0.752059 0.216423 0.216423 0.216423
5910.302246 0.000000 174.507172 0.000000 0.042193 0.000000 -0.999110 0.365394 0.365394 0.365394
5950.612305 0.000000 221.093414 0.000000 0.199401 0.000000 -0.979918 0.268486 0.268486 0.268486
5888.110840 0.000000 179.817612 0.000000 0.840025 0.000000 -0.542547 0.241895 0.241895 0.241895
5916.263672 0.000000 178.749161 0.000000 0.896717 0.000000 -0.442605 0.227943 0.227943 0.227943
5905.116211 0.000000 216.700623 0.000000 0.945946 0.000000 -0.324323 0.225051 0.225051 0.225051
5899.443359 0.000000 199.440201 0.000000 0.487082 0.000000 -0.873356 0.254855 0.254855 0.254855
5950.830566 0.000000 216.688263 0.000000 0.996669 0.000000 -0.081556 0.253681 0.253681 0.253681
5915.828125 0.000000 173.492294 0.000000 0.778753 0.000000 -0.627330 0.354830 0.354830 0.354830
5911.051758 0.000000 172.500916 0.000000 0.400075 0.000000 -0.916483 0.462521 0.462521 0.462521
5905.373535 0.000000 169.559601 0.000000 0.034990 0.000000 -0.999388 0.349648 0.349648 0.349648
5909.078125 0.000000 171.580780 0.000000 0.866965 0.000000 -0.498370 0.431870 0.431870 0.431870
5952.354004 0.000000 217.421021 0.000000 0.019010 0.000000 -0.999819 0.375926 0.375926 0.375926
5970.736816 0.000000 219.574158 0.000000 0.828847 0.000000 -0.559475 0.203928 0.203928 0.203928
5962.048340 0.000000 214.953445 0.000000 0.826144 0.000000 -0.563459 0.347751 0.347751 0.347751
5973.035156 0.000000 210.170242 0.000000 0.978472 0.000000 -0.206381 0.273722 0.273722 0.273722
5955.716309 0.000000 210.559296 0.000000 0.024570 0.000000 -0.999698 0.258355 0.258355 0.258355
5968.020996 0.000000 213.681412 0.000000 0.120233 0.000000 -0.992746 0.394753 0.394753 0.394753
5961.163574 0.000000 208.753937 0.000000 0.999876 0.000000 -0.015726 0.360437 0.360437 0.360437
5957.002930 0.000000 205.581116 0.000000 0.971610 0.000000 -0.236588 0.250835 0.250835 0.250835
5956.957031 0.000000 215.620224 0.000000 0.228665 0.000000 -0.973505 0.346562 0.346562 0.346562
5965.883301 0.000000 217.949326 0.000000 0.266841 0.000000 -0.963741 0.297570 0.297570 0.297570
5970.853027 0.000000 206.060532 0.000000 0.320724 0.000000 -0.947173 0.211805 0.211805 0.211805
5965.646484 0.000000 210.199371 0.000000 0.733298 0.000000 -0.679908 0.379660 0.379660 0.379660
5959.290527 0.000000 212.298218 0.000000 0.952780 0.000000 -0.303660 0.324479 0.324479 0.324479
5952.226074 0.000000 220.770126 0.000000 0.217870 0.000000 -0.975978 0.310592 0.310592 0.310592
5962.749023 0.000000 211.645996 0.000000 0.923065 0.000000 -0.384644 0.376536 0.376536 0.376536
5969.116211 0.000000 216.700623 0.000000 0.551945 0.000000 -0.833880 0.252275 0.252275 0.252275
5970.867188 0.000000 212.417053 0.000000 0.784631 0.000000 -0.619963 0.355808 0.355808 0.355808
5959.290527 0.000000 204.125473 0.000000 0.269840 0.000000 -0.962905 0.287311 0.287311 0.287311
5955.898438 0.000000 222.209778 0.000000 0.399357 0.000000 -0.916796 0.271748 0.271748 0.271748
5973.389160 0.000000 212.679001 0.000000 0.779061 0.000000 -0.626948 0.316065 0.316065 0.316065
5959.626953 0.000000 215.803375 0.000000 0.691697 0.000000 -0.722188 0.321295 0.321295 0.321295
5963.346680 0.000000 217.417145 0.000000 0.760262 0.000000 -0.649617 0.311629 0.311629 0.311629
5954.854492 0.000000 217.000061 0.000000 0.203678 0.000000 -0.979038 0.384907 0.384907 0.384907
5967.784668 0.000000 211.275787 0.000000 0.567685 0.000000 -0.823246 0.388009 0.388009 0.388009
5970.130371 0.000000 214.546356 0.000000 0.479828 0.000000 -0.877363 0.336473 0.336473 0.336473
5959.299805 0.000000 210.191269 0.000000 0.996399 0.000000 -0.084791 0.333912 0.333912 0.333912
5953.798828 0.000000 219.392181 0.000000 0.315700 0.000000 -0.948859 0.337658 0.337658 0.337658
5960.816895 0.000000 217.461441 0.000000 0.247592 0.000000 -0.968864 0.348995 0.348995 0.348995
5963.577637 0.000000 213.474243 0.000000 0.833680 0.000000 -0.552248 0.377721 0.377721 0.377721
5956.837402 0.000000 217.692841 0.000000 0.828827 0.000000 -0.559505 0.340985 0.340985 0.340985
6060.186523 0.000000 217.161346 0.000000 0.870952 0.000000 -0.491369 0.217671 0.217671 0.217671
6065.044434 0.000000 218.137070 0.000000 0.352290 0.000000 -0.935891 0.211033 0.211033 0.211033
6066.569336 0.000000 225.426926 0.000000 0.044440 0.000000 -0.999012 0.281641 0.281641 0.281641
6062.444824 0.000000 220.815369 0.000000 0.972550 0.000000 -0.232695 0.246061 0.246061 0.246061
6065.605957 0.000000 222.306976 0.000000 0.319291 0.000000 -0.947657 0.276212 0.276212 0.276212
5876.600586 0.000000 249.151321 0.000000 0.121138 0.000000 -0.992636 0.278679 0.278679 0.278679
5887.419434 0.000000 247.809570 0.000000 0.914963 0.000000 -0.403538 0.257698 0.257698 0.257698
5882.165039 0.000000 248.488190 0.000000 0.321404 0.000000 -0.946942 0.253622 0.253622 0.253622
5875.521484 0.000000 253.946365 0.000000 0.892435 0.000000 -0.451177 0.221996 0.221996 0.221996
5886.127441 0.000000 243.377487 0.000000 0.531076 0.000000 -0.847324 0.241946 0.241946 0.241946
5877.757812 0.000000 245.302246 0.000000 0.854522 0.000000 -0.519415 0.266435 0.266435 0.266435
5879.430664 0.000000 239.814545 0.000000 0.803909 0.000000 -0.594752 0.393701 0.393701 0.393701
5872.887695 0.000000 250.813019 0.000000 0.996016 0.000000 -0.089171 0.246978 0.246978 0.246978
5870.165527 0.000000 243.479752 0.000000 0.662588 0.000000 -0.748984 0.253965 0.253965 0.253965
5878.469238 0.000000 236.091583 0.000000 0.619118 0.000000 -0.785298 0.362212 0.362212 0.362212
5880.270996 0.000000 246.447205 0.000000 0.749945 0.000000 -0.661500 0.366160 0.366160 0.366160
5879.542480 0.000000 249.067291 0.000000 0.971803 0.000000 -0.235796 0.269690 0.269690 0.269690
5875.409180 0.000000 251.423737 0.000000 0.960113 0.000000 -0.279613 0.255207 0.255207 0.255207
5880.357422 0.000000 234.284424 0.000000 0.962202 0.000000 -0.272338 0.264571 0.264571 0.264571
5878.928223 0.000000 242.822571 0.000000 0.654431 0.000000 -0.756121 0.331101 0.331101 0.331101
5883.596680 0.000000 242.463928 0.000000 0.644509 0.000000 -0.764596 0.316322 0.316322 0.316322
5881.361328 0.000000 238.726761 0.000000 0.238975 0.000000 -0.971026 0.363159 0.363159 0.363159
5881.789062 0.000000 245.299271 0.000000 0.994989 0.000000 -0.099983 0.353012 0.353012 0.353012
5879.633301 0.000000 244.655380 0.000000 0.048982 0.000000 -0.998800 0.366766 0.366766 0.366766
5878.224609 0.000000 241.116257 0.000000 0.347084 0.000000 -0.937834 0.403748 0.403748 0.403748
5741.255371 0.000000 450.266113 0.000000 0.719812 0.000000 -0.694169 0.207087 0.207087 0.207087
5746.569336 0.000000 451.364441 0.000000 0.652296 0.000000 -0.757964 0.258149 0.258149 0.258149
5756.341309 0.000000 448.558472 0.000000 0.977546 0.000000 -0.210723 0.246842 0.246842 0.246842
5868.186523 0.000000 386.614471 0.000000 0.925265 0.000000 -0.379321 0.203302 0.203302 0.203302
5862.720703 0.000000 385.640930 0.000000 0.458095 0.000000 -0.888903 0.209978 0.209978 0.209978
5871.152344 0.000000 384.376953 0.000000 0.864175 0.000000 -0.503192 0.278602 0.278602 0.278602
5865.927734 0.000000 383.639526 0.000000 0.987507 0.000000 -0.157572 0.214735 0.214735 0.214735
5879.010742 0.000000 393.859161 0.000000 0.362354 0.000000 -0.932041 0.232345 0.232345 0.232345
5880.579102 0.000000 388.068634 0.000000 0.395700 0.000000 -0.918380 0.303028 0.303028 0.303028
5874.616699 0.000000 384.959473 0.000000 0.052987 0.000000 -0.998595 0.314765 0.314765 0.314765
5869.602051 0.000000 378.831238 0.000000 0.686248 0.000000 -0.727368 0.275796 0.275796 0.275796
5876.752441 0.000000 385.303589 0.000000 0.023519 0.000000 -0.999723 0.342075 0.342075 0.342075
5854.802246 0.000000 395.451782 0.000000 0.552512 0.000000 -0.833505 0.240251 0.240251 0.240251
5887.419434 0.000000 417.262695 0.000000 0.998167 0.000000 -0.060526 0.314697 0.314697 0.314697
5846.797363 0.000000 396.365265 0.000000 0.995458 0.000000 -0.095206 0.214000 0.214000 0.214000
5858.074219 0.000000 400.910400 0.000000 0.998771 0.000000 -0.049564 0.260990 0.260990 0.260990
5841.626465 0.000000 400.600128 0.000000 0.971776 0.000000 -0.235904 0.214503 0.214503 0.214503
5850.844238 0.000000 397.108093 0.000000 0.983275 0.000000 -0.182128 0.225442 0.225442 0.225442
5854.227539 0.000000 399.947998 0.000000 0.365519 0.000000 -0.930804 0.288032 0.288032 0.288032
5883.875488 0.000000 409.596863 0.000000 0.998761 0.000000 -0.049764 0.354138 0.354138 0.354138
5858.139648 0.000000 397.116943 0.000000 0.852206 0.000000 -0.523207 0.290541 0.290541 0.290541
5878.469238 0.000000 405.544708 0.000000 0.487248 0.000000 -0.873264 0.304758 0.304758 0.304758
5880.270996 0.000000 415.900330 0.000000 0.151307 0.000000 -0.988487 0.278097 0.278097 0.278097
5885.359375 0.000000 416.464172 0.000000 0.981899 0.000000 -0.189406 0.287390 0.287390 0.287390
5887.211914 0.000000 406.222382 0.000000 0.484960 0.000000 -0.874536 0.371432 0.371432 0.371432
5883.325195 0.000000 407.505920 0.000000 0.469476 0.000000 -0.882945 0.442187 0.442187 0.442187
5884.241699 0.000000 406.133087 0.000000 0.400913 0.000000 -0.916116 0.419725 0.419725 0.419725
5895.674805 0.000000 249.883530 0.000000 0.169523 0.000000 -0.985526 0.270472 0.270472 0.270472
5891.589355 0.000000 238.319748 0.000000 0.069249 0.000000 -0.997599 0.213120 0.213120 0.213120
5915.221680 0.000000 271.966064 0.000000 0.946499 0.000000 -0.322708 0.346081 0.346081 0.346081
5897.453613 0.000000 232.256882 0.000000 0.983738 0.000000 -0.179611 0.226565 0.226565 0.226565
5909.035156 0.000000 266.654602 0.000000 0.341189 0.000000 -0.939995 0.464739 0.464739 0.464739
5910.797363 0.000000 226.912140 0.000000 0.007366 0.000000 -0.999973 0.228321 0.228321 0.228321
5890.164551 0.000000 245.309052 0.000000 0.700903 0.000000 -0.713257 0.281988 0.281988 0.281988
5904.020996 0.000000 270.165771 0.000000 0.247875 0.000000 -0.968792 0.274774 0.274774 0.274774
5951.291016 0.000000 226.342575 0.000000 0.152831 0.000000 -0.988252 0.211854 0.211854 0.211854
5911.427734 0.000000 274.932892 0.000000 0.911858 0.000000 -0.410506 0.244433 0.244433 0.244433
5905.893555 0.000000 239.252274 0.000000 0.916030 0.000000 -0.401111 0.214112 0.214112 0.214112
5906.853027 0.000000 262.544922 0.000000 0.379738 0.000000 -0.925094 0.334076 0.334076 0.334076
5893.348633 0.000000 234.379272 0.000000 0.910475 0.000000 -0.413565 0.222689 0.222689 0.222689
5899.937012 0.000000 258.706879 0.000000 0.184905 0.000000 -0.982756 0.495421 0.495421 0.495421
5898.276367 0.000000 246.544937 0.000000 0.486082 0.000000 -0.873913 0.230637 0.230637 0.230637
5911.759277 0.000000 270.063293 0.000000 0.994464 0.000000 -0.105078 0.402041 0.402041 0.402041
5906.974121 0.000000 227.340408 0.000000 0.918042 0.000000 -0.396483 0.216453 0.216453 0.216453
5905.216309 0.000000 265.818787 0.000000 0.250694 0.000000 -0.968066 0.489788 0.489788 0.489788
5897.808105 0.000000 261.643066 0.000000 0.761296 0.000000 -0.648404 0.398511 0.398511 0.398511
5892.061523 0.000000 242.147110 0.000000 0.588939 0.000000 -0.808177 0.254215 0.254215 0.254215
5914.771973 0.000000 275.847778 0.000000 0.965480 0.000000 -0.260477 0.278583 0.278583 0.278583
5897.939941 0.000000 241.225952 0.000000 0.165015 0.000000 -0.986291 0.267657 0.267657 0.267657
5900.396484 0.000000 238.445267 0.000000 0.866600 0.000000 -0.499004 0.294896 0.294896 0.294896
5911.871582 0.000000 265.418518 0.000000 0.981049 0.000000 -0.193761 0.331179 0.331179 0.331179
5918.662598 0.000000 272.127930 0.000000 0.570969 0.000000 -0.820972 0.289840 0.289840 0.289840
5899.443359 0.000000 255.924576 0.000000 0.966160 0.000000 -0.257944 0.382253 0.382253 0.382253
5894.202148 0.000000 237.450317 0.000000 0.986562 0.000000 -0.163384 0.275037 0.275037 0.275037
5903.212891 0.000000 238.390808 0.000000 0.230771 0.000000 -0.973008 0.263627 0.263627 0.263627
5909.228027 0.000000 263.842651 0.000000 0.957837 0.000000 -0.287313 0.274460 0.274460 0.274460
5895.324707 0.000000 252.547546 0.000000 0.790853 0.000000 -0.612006 0.335349 0.335349 0.335349
5901.917480 0.000000 257.383728 0.000000 0.068625 0.000000 -0.997643 0.426776 0.426776 0.426776
5892.637695 0.000000 244.510300 0.000000 0.074687 0.000000 -0.997207 0.312691 0.312691 0.312691
5897.640137 0.000000 259.164581 0.000000 0.424672 0.000000 -0.905347 0.462476 0.462476 0.462476
5913.450195 0.000000 273.634308 0.000000 0.348886 0.000000 -0.937165 0.397426 0.397426 0.397426
5899.910645 0.000000 253.620453 0.000000 0.158363 0.000000 -0.987381 0.437360 0.437360 0.437360
5911.550293 0.000000 267.726440 0.000000 0.998781 0.000000 -0.049355 0.379185 0.379185 0.379185
5902.486328 0.000000 264.619324 0.000000 0.262615 0.000000 -0.964901 0.490251 0.490251 0.490251
5901.989746 0.000000 252.851990 0.000000 0.857685 0.000000 -0.514175 0.341621 0.341621 0.341621
5906.928223 0.000000 266.842255 0.000000 0.660609 0.000000 -0.750730 0.458936 0.458936 0.458936
5894.066895 0.000000 259.072998 0.000000 0.298081 0.000000 -0.954540 0.373279 0.373279 0.373279
5898.324219 0.000000 257.430939 0.000000 0.986680 0.000000 -0.162674 0.404453 0.404453 0.404453
5913.175293 0.000000 268.307037 0.000000 0.154709 0.000000 -0.987960 0.417713 0.417713 0.417713
5898.960449 0.000000 260.102417 0.000000 0.732971 0.000000 -0.680260 0.449494 0.449494 0.449494
5905.954102 0.000000 263.961700 0.000000 0.981095 0.000000 -0.193527 0.385981 0.385981 0.385981
5903.107910 0.000000 261.132446 0.000000 0.435322 0.000000 -0.900275 0.461755 0.461755 0.461755
5900.710449 0.000000 262.671295 0.000000 0.978517 0.000000 -0.206164 0.414464 0.414464 0.414464
5955.834473 0.000000 225.940018 0.000000 0.999310 0.000000 -0.037137 0.226855 0.226855 0.226855
6004.600586 0.000000 249.151321 0.000000 0.983343 0.000000 -0.181761 0.269636 0.269636 0.269636
5994.581543 0.000000 244.742310 0.000000 0.016736 0.000000 -0.999860 0.212027 0.212027 0.212027
6015.419434 0.000000 247.809570 0.000000 0.999929 0.000000 -0.011953 0.200088 0.200088 0.200088
6004.885254 0.000000 277.688599 0.000000 0.268851 0.000000 -0.963182 0.223958 0.223958 0.223958
5997.233887 0.000000 251.834778 0.000000 0.001306 0.000000 -0.999999 0.337985 0.337985 0.337985
5998.271484 0.000000 263.226013 0.000000 0.889184 0.000000 -0.457549 0.234265 0.234265 0.234265
6001.916504 0.000000 243.727493 0.000000 0.585897 0.000000 -0.810385 0.238358 0.238358 0.238358
6006.872070 0.000000 272.271912 0.000000 0.884432 0.000000 -0.466669 0.204182 0.204182 0.204182
5983.273438 0.000000 280.813904 0.000000 0.999252 0.000000 -0.038665 0.213337 0.213337 0.213337
6003.521484 0.000000 253.946365 0.000000 0.873466 0.000000 -0.486885 0.242126 0.242126 0.242126
5998.917969 0.000000 247.252228 0.000000 0.897322 0.000000 -0.441376 0.328392 0.328392 0.328392
6014.612305 0.000000 277.577789 0.000000 0.065592 0.000000 -0.997847 0.229072 0.229072 0.229072
5994.157715 0.000000 248.773743 0.000000 0.581582 0.000000 -0.813488 0.214891 0.214891 0.214891
6001.158691 0.000000 260.565857 0.000000 0.441468 0.000000 -0.897277 0.345171 0.345171 0.345171
6002.335449 0.000000 246.830536 0.000000 0.095462 0.000000 -0.995433 0.354041 0.354041 0.354041
6000.015137 0.000000 253.718964 0.000000 0.527518 0.000000 -0.849544 0.320479 0.320479 0.320479
5996.193359 0.000000 246.882034 0.000000 0.725161 0.000000 -0.688580 0.264192 0.264192 0.264192
6003.409180 0.000000 251.423737 0.000000 0.631731 0.000000 -0.775188 0.293522 0.293522 0.293522
5997.452148 0.000000 254.507309 0.000000 0.614384 0.000000 -0.789007 0.305011 0.305011 0.305011
5998.630859 0.000000 249.714157 0.000000 0.834339 0.000000 -0.551252 0.355099 0.355099 0.355099
5996.304199 0.000000 249.636856 0.000000 0.122276 0.000000 -0.992496 0.316061 0.316061 0.316061
6000.749512 0.000000 248.545135 0.000000 0.283051 0.000000 -0.959105 0.366152 0.366152 0.366152
6003.339844 0.000000 261.226868 0.000000 0.916827 0.000000 -0.399284 0.309326 0.309326 0.309326
6001.077637 0.000000 258.325439 0.000000 0.628532 0.000000 -0.777784 0.366013 0.366013 0.366013
5916.282227 0.000000 319.317871 0.000000 0.973513 0.000000 -0.228631 0.230758 0.230758 0.230758
5929.423340 0.000000 314.844086 0.000000 0.459448 0.000000 -0.888205 0.209418 0.209418 0.209418
5933.255371 0.000000 337.297363 0.000000 0.139516 0.000000 -0.990220 0.344795 0.344795 0.344795
5940.449707 0.000000 315.182373 0.000000 0.914764 0.000000 -0.403989 0.246746 0.246746 0.246746
5915.221680 0.000000 328.450439 0.000000 0.277874 0.000000 -0.960618 0.291484 0.291484 0.291484
5940.885254 0.000000 334.172974 0.000000 0.849166 0.000000 -0.528125 0.209587 0.209587 0.209587
5914.840820 0.000000 309.126221 0.000000 0.319854 0.000000 -0.947467 0.238401 0.238401 0.238401
5932.186523 0.000000 330.130096 0.000000 0.264849 0.000000 -0.964290 0.291780 0.291780 0.291780
5934.271484 0.000000 319.710388 0.000000 0.350211 0.000000 -0.936671 0.209539 0.209539 0.209539
5920.909180 0.000000 324.665192 0.000000 0.580044 0.000000 -0.814585 0.362666 0.362666 0.362666
5939.720703 0.000000 320.293640 0.000000 0.396672 0.000000 -0.917961 0.294415 0.294415 0.294415
5915.974121 0.000000 314.151398 0.000000 0.503130 0.000000 -0.864211 0.257268 0.257268 0.257268
5944.634766 0.000000 318.210480 0.000000 0.224589 0.000000 -0.974454 0.285379 0.285379 0.285379
5937.044434 0.000000 331.105835 0.000000 0.979451 0.000000 -0.201684 0.243180 0.243180 0.243180
5914.548828 0.000000 323.734924 0.000000 0.999455 0.000000 -0.033022 0.293395 0.293395 0.293395
5945.614258 0.000000 334.803009 0.000000 0.965147 0.000000 -0.261710 0.256041 0.256041 0.256041
5929.605957 0.000000 319.903381 0.000000 0.875423 0.000000 -0.483358 0.246997 0.246997 0.246997
5911.538086 0.000000 318.708679 0.000000 0.515661 0.000000 -0.856793 0.219646 0.219646 0.219646
5950.127441 0.000000 299.861847 0.000000 0.245099 0.000000 -0.969498 0.231115 0.231115 0.231115
5910.690430 0.000000 310.438782 0.000000 0.595846 0.000000 -0.803099 0.222487 0.222487 0.222487
5925.993652 0.000000 311.985229 0.000000 0.965895 0.000000 -0.258933 0.228855 0.228855 0.228855
5944.851562 0.000000 314.034302 0.000000 0.971614 0.000000 -0.236571 0.313679 0.313679 0.313679
5930.064453 0.000000 333.745667 0.000000 0.998037 0.000000 -0.062631 0.266948 0.266948 0.266948
5919.822266 0.000000 308.483002 0.000000 0.559209 0.000000 -0.829026 0.308189 0.308189 0.308189
5950.612305 0.000000 334.062164 0.000000 0.525367 0.000000 -0.850876 0.216900 0.216900 0.216900
5911.759277 0.000000 326.547668 0.000000 0.369551 0.000000 -0.929210 0.262548 0.262548 0.262548
5934.444824 0.000000 333.784119 0.000000 0.566212 0.000000 -0.824259 0.333255 0.333255 0.333255
5914.771973 0.000000 332.332153 0.000000 0.328644 0.000000 -0.944454 0.249329 0.249329 0.249329
5917.565918 0.000000 325.720612 0.000000 0.349757 0.000000 -0.936840 0.389631 0.389631 0.389631
5912.763672 0.000000 313.153046 0.000000 0.532814 0.000000 -0.846233 0.267535 0.267535 0.267535
5942.496094 0.000000 311.730774 0.000000 0.827708 0.000000 -0.561158 0.280152 0.280152 0.280152
5917.536621 0.000000 322.435028 0.000000 0.951919 0.000000 -0.306349 0.367550 0.367550 0.367550
5940.392090 0.000000 330.808594 0.000000 0.914933 0.000000 -0.403606 0.244310 0.244310 0.244310
5918.662598 0.000000 328.612305 0.000000 0.532204 0.000000 -0.846616 0.249962 0.249962 0.249962
5926.737793 0.000000 320.899750 0.000000 0.445302 0.000000 -0.895380 0.242000 0.242000 0.242000
5943.879395 0.000000 325.616699 0.000000 0.953850 0.000000 -0.300285 0.242509 0.242509 0.242509
5941.008789 0.000000 326.643738 0.000000 0.811819 0.000000 -0.583909 0.273095 0.273095 0.273095
5930.622559 0.000000 336.446930 0.000000 0.206174 0.000000 -0.978515 0.285767 0.285767 0.285767
5950.888184 0.000000 319.046906 0.000000 0.994595 0.000000 -0.103831 0.321967 0.321967 0.321967
5935.961914 0.000000 337.681763 0.000000 0.907792 0.000000 -0.419421 0.326294 0.326294 0.326294
5914.516602 0.000000 321.200775 0.000000 0.393796 0.000000 -0.919198 0.284537 0.284537 0.284537
5921.496582 0.000000 306.652618 0.000000 0.723774 0.000000 -0.690037 0.301150 0.301150 0.301150
5939.473145 0.000000 322.799744 0.000000 0.254752 0.000000 -0.967007 0.276077 0.276077 0.276077
5951.545410 0.000000 314.380981 0.000000 0.366584 0.000000 -0.930385 0.283736 0.283736 0.283736
5932.263184 0.000000 332.596985 0.000000 0.816426 0.000000 -0.577451 0.333864 0.333864 0.333864
5922.794434 0.000000 320.681335 0.000000 0.072714 0.000000 -0.997353 0.340601 0.340601 0.340601
5932.424316 0.000000 334.967926 0.000000 0.948837 0.000000 -0.315765 0.345785 0.345785 0.345785
5948.605469 0.000000 314.348480 0.000000 0.799232 0.000000 -0.601022 0.340183 0.340183 0.340183
5942.375000 0.000000 313.971588 0.000000 0.655592 0.000000 -0.755115 0.317274 0.317274 0.317274
5921.958496 0.000000 322.650818 0.000000 0.967412 0.000000 -0.253209 0.369815 0.369815 0.369815
5934.877930 0.000000 335.845367 0.000000 0.978655 0.000000 -0.205509 0.341156 0.341156 0.341156
5948.194824 0.000000 318.011017 0.000000 0.385103 0.000000 -0.922874 0.347231 0.347231 0.347231
5916.530762 0.000000 324.096832 0.000000 0.932096 0.000000 -0.362212 0.354031 0.354031 0.354031
5918.427246 0.000000 320.709076 0.000000 0.878405 0.000000 -0.477917 0.355539 0.355539 0.355539
5919.343262 0.000000 325.558655 0.000000 0.688922 0.000000 -0.724835 0.390984 0.390984 0.390984
6004.600586 0.000000 305.635681 0.000000 0.842876 0.000000 -0.538108 0.204326 0.204326 0.204326
5970.736816 0.000000 332.542908 0.000000 0.889384 0.000000 -0.457160 0.203141 0.203141 0.203141
5966.189453 0.000000 318.865631 0.000000 0.233035 0.000000 -0.972468 0.210170 0.210170 0.210170
5993.423340 0.000000 314.844086 0.000000 0.479342 0.000000 -0.877628 0.249565 0.249565 0.249565
6013.733887 0.000000 316.632111 0.000000 0.962173 0.000000 -0.272439 0.201963 0.201963 0.201963
5982.802246 0.000000 282.483032 0.000000 0.908642 0.000000 -0.417576 0.278885 0.278885 0.278885
5952.290527 0.000000 316.787018 0.000000 0.940239 0.000000 -0.340514 0.275743 0.275743 0.275743
5955.589355 0.000000 294.804108 0.000000 0.315403 0.000000 -0.948958 0.228864 0.228864 0.228864
6012.270508 0.000000 330.755707 0.000000 0.846311 0.000000 -0.532689 0.224379 0.224379 0.224379
6003.915527 0.000000 294.463196 0.000000 0.370582 0.000000 -0.928800 0.210706 0.210706 0.210706
5997.901367 0.000000 283.376312 0.000000 0.181795 0.000000 -0.983336 0.253030 0.253030 0.253030
6015.419434 0.000000 304.293945 0.000000 0.996206 0.000000 -0.087027 0.200696 0.200696 0.200696
5973.428223 0.000000 314.769531 0.000000 0.996811 0.000000 -0.079804 0.217228 0.217228 0.217228
6004.885254 0.000000 334.172974 0.000000 0.348532 0.000000 -0.937297 0.235259 0.235259 0.235259
5985.639160 0.000000 312.459473 0.000000 0.332451 0.000000 -0.943121 0.376502 0.376502 0.376502
5973.035156 0.000000 323.138977 0.000000 0.930800 0.000000 -0.365530 0.217261 0.217261 0.217261
5996.186523 0.000000 330.130096 0.000000 0.825504 0.000000 -0.564397 0.214956 0.214956 0.214956
5954.164551 0.000000 301.793427 0.000000 0.312936 0.000000 -0.949774 0.259364 0.259364 0.259364
5989.084961 0.000000 297.219482 0.000000 0.038489 0.000000 -0.999259 0.240782 0.240782 0.240782
5999.844727 0.000000 289.532318 0.000000 0.912145 0.000000 -0.409867 0.203427 0.203427 0.203427
5966.146973 0.000000 304.275360 0.000000 0.080900 0.000000 -0.996722 0.212832 0.212832 0.212832
5968.020996 0.000000 326.650146 0.000000 0.040083 0.000000 -0.999196 0.225128 0.225128 0.225128
6001.916504 0.000000 300.211884 0.000000 0.863925 0.000000 -0.503621 0.281132 0.281132 0.281132
5986.074219 0.000000 287.941650 0.000000 0.920435 0.000000 -0.390896 0.270860 0.270860 0.270860
6006.872070 0.000000 328.756287 0.000000 0.758083 0.000000 -0.652158 0.338487 0.338487 0.338487
6015.291016 0.000000 282.826935 0.000000 0.795696 0.000000 -0.605696 0.205442 0.205442 0.205442
5953.469238 0.000000 336.969971 0.000000 0.803394 0.000000 -0.595447 0.227826 0.227826 0.227826
6015.097656 0.000000 321.811096 0.000000 0.482876 0.000000 -0.875689 0.264495 0.264495 0.264495
6001.044434 0.000000 331.105835 0.000000 0.682996 0.000000 -0.730422 0.225022 0.225022 0.225022
5988.590332 0.000000 292.428558 0.000000 0.051047 0.000000 -0.998696 0.295012 0.295012 0.295012
5978.548828 0.000000 323.734924 0.000000 0.990003 0.000000 -0.141044 0.239843 0.239843 0.239843
6014.112305 0.000000 326.340576 0.000000 0.896442 0.000000 -0.443161 0.227952 0.227952 0.227952
5975.538086 0.000000 318.708679 0.000000 0.096275 0.000000 -0.995355 0.251462 0.251462 0.251462
5983.949707 0.000000 316.677887 0.000000 0.812776 0.000000 -0.582576 0.275618 0.275618 0.275618
5974.690430 0.000000 310.438782 0.000000 0.472268 0.000000 -0.881455 0.226832 0.226832 0.226832
5994.064453 0.000000 333.745667 0.000000 0.624301 0.000000 -0.781184 0.222074 0.222074 0.222074
6014.018555 0.000000 308.316956 0.000000 0.490751 0.000000 -0.871300 0.269821 0.269821 0.269821
5955.605469 0.000000 305.698456 0.000000 0.999114 0.000000 -0.042083 0.211120 0.211120 0.211120
6005.757812 0.000000 301.786621 0.000000 0.882600 0.000000 -0.470125 0.277745 0.277745 0.277745
5955.856934 0.000000 332.493835 0.000000 0.441594 0.000000 -0.897215 0.251586 0.251586 0.251586
5962.276367 0.000000 303.029297 0.000000 0.287550 0.000000 -0.957766 0.222379 0.222379 0.222379
5982.227539 0.000000 286.979248 0.000000 0.901100 0.000000 -0.433611 0.321784 0.321784 0.321784
5952.522461 0.000000 298.123932 0.000000 0.937768 0.000000 -0.347262 0.236126 0.236126 0.236126
6010.308594 0.000000 327.021423 0.000000 0.152849 0.000000 -0.988250 0.270775 0.270775 0.270775
5998.165527 0.000000 299.964111 0.000000 0.998622 0.000000 -0.052472 0.283741 0.283741 0.283741
5986.139648 0.000000 284.148193 0.000000 0.645157 0.000000 -0.764050 0.249086 0.249086 0.249086
6007.010742 0.000000 337.374786 0.000000 0.635596 0.000000 -0.772022 0.224491 0.224491 0.224491
5985.456543 0.000000 296.346771 0.000000 0.896792 0.000000 -0.442452 0.310764 0.310764 0.310764
5969.216309 0.000000 322.303162 0.000000 0.573858 0.000000 -0.818955 0.222799 0.222799 0.222799
5956.061523 0.000000 298.631470 0.000000 0.268463 0.000000 -0.963290 0.233580 0.233580 0.233580
5988.675781 0.000000 315.263947 0.000000 0.745508 0.000000 -0.666496 0.289748 0.289748 0.289748
6001.098145 0.000000 296.797791 0.000000 0.935362 0.000000 -0.353692 0.300476 0.300476 0.300476
5982.089844 0.000000 311.357208 0.000000 0.877685 0.000000 -0.479237 0.304408 0.304408 0.304408
5952.226074 0.000000 333.738892 0.000000 0.691169 0.000000 -0.722693 0.267733 0.267733 0.267733
6004.612793 0.000000 298.133850 0.000000 0.850168 0.000000 -0.526511 0.279218 0.279218 0.279218
5991.131348 0.000000 317.401001 0.000000 0.172806 0.000000 -0.984956 0.349939 0.349939 0.349939
5983.085938 0.000000 290.050751 0.000000 0.994209 0.000000 -0.107467 0.315169 0.315169 0.315169
5975.871582 0.000000 321.902893 0.000000 0.971556 0.000000 -0.236808 0.249662 0.249662 0.249662
5985.860352 0.000000 291.163055 0.000000 0.410943 0.000000 -0.911661 0.402148 0.402148 0.402148
6012.718750 0.000000 323.653320 0.000000 0.994424 0.000000 -0.105459 0.243836 0.243836 0.243836
6010.107422 0.000000 337.622284 0.000000 0.956592 0.000000 -0.291430 0.235243 0.235243 0.235243
6001.495117 0.000000 282.521912 0.000000 0.510741 0.000000 -0.859735 0.254410 0.254410 0.254410
6007.879395 0.000000 325.616699 0.000000 0.909784 0.000000 -0.415083 0.282525 0.282525 0.282525
5974.697754 0.000000 328.940491 0.000000 0.931475 0.000000 -0.363805 0.252050 0.252050 0.252050
6010.085938 0.000000 329.580475 0.000000 0.792965 0.000000 -0.609267 0.273762 0.273762 0.273762
6003.473145 0.000000 322.799744 0.000000 0.977025 0.000000 -0.213125 0.286850 0.286850 0.286850
5986.441895 0.000000 316.385223 0.000000 0.893430 0.000000 -0.449202 0.337593 0.337593 0.337593
5952.956543 0.000000 323.541779 0.000000 0.815670 0.000000 -0.578518 0.309039 0.309039 0.309039
5990.985352 0.000000 314.286316 0.000000 0.718716 0.000000 -0.695304 0.273532 0.273532 0.273532
5985.762695 0.000000 293.790436 0.000000 0.519040 0.000000 -0.854750 0.420645 0.420645 0.420645
5953.116211 0.000000 318.921082 0.000000 0.884374 0.000000 -0.466778 0.319196 0.319196 0.319196
5998.967285 0.000000 297.798706 0.000000 0.959146 0.000000 -0.282912 0.300761 0.300761 0.300761
5985.051758 0.000000 314.613373 0.000000 0.812572 0.000000 -0.582861 0.336733 0.336733 0.336733
5984.249023 0.000000 310.797607 0.000000 0.117416 0.000000 -0.993083 0.367548 0.367548 0.367548
5983.953125 0.000000 288.097046 0.000000 0.464110 0.000000 -0.885778 0.348717 0.348717 0.348717
5989.990723 0.000000 319.059235 0.000000 0.518815 0.000000 -0.854887 0.339355 0.339355 0.339355
6004.105469 0.000000 324.812836 0.000000 0.823332 0.000000 -0.567560 0.349264 0.349264 0.349264
5989.000000 0.000000 317.103394 0.000000 0.175609 0.000000 -0.984460 0.381266 0.381266 0.381266
5984.125000 0.000000 291.563934 0.000000 0.850286 0.000000 -0.526321 0.374976 0.374976 0.374976
6016.354004 0.000000 273.905396 0.000000 0.268391 0.000000 -0.963310 0.209081 0.209081 0.209081
6016.290527 0.000000 260.302643 0.000000 0.877708 0.000000 -0.479196 0.223604 0.223604 0.223604
6067.915527 0.000000 237.978806 0.000000 0.613644 0.000000 -0.789583 0.206703 0.206703 0.206703
6023.693359 0.000000 257.770081 0.000000 0.157581 0.000000 -0.987506 0.236401 0.236401 0.236401
6063.844727 0.000000 233.047958 0.000000 0.706631 0.000000 -0.707582 0.213190 0.213190 0.213190
6073.915527 0.000000 236.652267 0.000000 0.484826 0.000000 -0.874611 0.256258 0.256258 0.256258
6021.002930 0.000000 262.065491 0.000000 0.947340 0.000000 -0.320230 0.275251 0.275251 0.275251
6070.117188 0.000000 232.958923 0.000000 0.009564 0.000000 -0.999954 0.273353 0.273353 0.273353
6066.317383 0.000000 229.128647 0.000000 0.069253 0.000000 -0.997599 0.281160 0.281160 0.281160
6025.424316 0.000000 253.811310 0.000000 0.458294 0.000000 -0.888801 0.228355 0.228355 0.228355
6027.937012 0.000000 258.706879 0.000000 0.430533 0.000000 -0.902575 0.222037 0.222037 0.222037
6017.602051 0.000000 256.310822 0.000000 0.929346 0.000000 -0.369210 0.236478 0.236478 0.236478
6019.856934 0.000000 276.009460 0.000000 0.964742 0.000000 -0.263197 0.214827 0.214827 0.214827
6073.786621 0.000000 230.462311 0.000000 0.993015 0.000000 -0.117985 0.248646 0.248646 0.248646
6025.808105 0.000000 261.643066 0.000000 0.481675 0.000000 -0.876350 0.233371 0.233371 0.233371
6020.219238 0.000000 258.571655 0.000000 0.994259 0.000000 -0.107000 0.263353 0.263353 0.263353
6074.815430 0.000000 233.506653 0.000000 0.029835 0.000000 -0.999555 0.281924 0.281924 0.281924
6070.469238 0.000000 236.091583 0.000000 0.989976 0.000000 -0.141234 0.234087 0.234087 0.234087
6022.113770 0.000000 264.895996 0.000000 0.950867 0.000000 -0.309601 0.277402 0.277402 0.277402
6076.365723 0.000000 228.665161 0.000000 0.995252 0.000000 -0.097332 0.235698 0.235698 0.235698
6068.340820 0.000000 226.273590 0.000000 0.999851 0.000000 -0.017248 0.245687 0.245687 0.245687
6065.495117 0.000000 226.037537 0.000000 0.939729 0.000000 -0.341920 0.258854 0.258854 0.258854
6068.969238 0.000000 230.295349 0.000000 0.433202 0.000000 -0.901297 0.273830 0.273830 0.273830
6066.542480 0.000000 231.736038 0.000000 0.238698 0.000000 -0.971094 0.274952 0.274952 0.274952
6063.681152 0.000000 228.839325 0.000000 0.924005 0.000000 -0.382380 0.253622 0.253622 0.253622
6077.258301 0.000000 237.951843 0.000000 0.631183 0.000000 -0.775634 0.267945 0.267945 0.267945
6018.786133 0.000000 260.838165 0.000000 0.902405 0.000000 -0.430889 0.257039 0.257039 0.257039
6018.873047 0.000000 252.227722 0.000000 0.863916 0.000000 -0.503637 0.301386 0.301386 0.301386
6023.852051 0.000000 263.114990 0.000000 0.986860 0.000000 -0.161576 0.276157 0.276157 0.276157
6083.589355 0.000000 238.319748 0.000000 0.929473 0.000000 -0.368891 0.255778 0.255778 0.255778
6093.467773 0.000000 241.492783 0.000000 0.195399 0.000000 -0.980724 0.278695 0.278695 0.278695
6105.268555 0.000000 242.346634 0.000000 0.350096 0.000000 -0.936714 0.272751 0.272751 0.272751
6089.453613 0.000000 232.256882 0.000000 0.980618 0.000000 -0.195929 0.212874 0.212874 0.212874
6094.146973 0.000000 247.790970 0.000000 0.870830 0.000000 -0.491584 0.220115 0.220115 0.220115
6099.298340 0.000000 243.884674 0.000000 0.722347 0.000000 -0.691530 0.266879 0.266879 0.266879
6094.716309 0.000000 235.671127 0.000000 0.945457 0.000000 -0.325746 0.221508 0.221508 0.221508
6089.095215 0.000000 237.924911 0.000000 0.411355 0.000000 -0.911475 0.274297 0.274297 0.274297
6085.348633 0.000000 234.379272 0.000000 0.795257 0.000000 -0.606273 0.259598 0.259598 0.259598
6080.110840 0.000000 236.301987 0.000000 0.724103 0.000000 -0.689691 0.257717 0.257717 0.257717
6080.522461 0.000000 241.639542 0.000000 0.002579 0.000000 -0.999997 0.282451 0.282451 0.282451
6095.712891 0.000000 244.551651 0.000000 0.999952 0.000000 -0.009839 0.218612 0.218612 0.218612
6085.963867 0.000000 246.636505 0.000000 0.854298 0.000000 -0.519784 0.236525 0.236525 0.236525
6086.798828 0.000000 240.204483 0.000000 0.821379 0.000000 -0.570383 0.263848 0.263848 0.263848
6092.396484 0.000000 238.445267 0.000000 0.118940 0.000000 -0.992901 0.280194 0.280194 0.280194
6096.764160 0.000000 241.889496 0.000000 0.966628 0.000000 -0.256184 0.257115 0.257115 0.257115
6086.202148 0.000000 237.450317 0.000000 0.146031 0.000000 -0.989280 0.276735 0.276735 0.276735
6095.212891 0.000000 238.390808 0.000000 0.856792 0.000000 -0.515663 0.262586 0.262586 0.262586
6016.354004 0.000000 330.389771 0.000000 0.986614 0.000000 -0.163071 0.201186 0.201186 0.201186
6023.674805 0.000000 306.367889 0.000000 0.326815 0.000000 -0.945088 0.344790 0.344790 0.344790
6030.189453 0.000000 318.865631 0.000000 0.965693 0.000000 -0.259686 0.202230 0.202230 0.202230
6016.290527 0.000000 316.787018 0.000000 0.902534 0.000000 -0.430619 0.203168 0.203168 0.203168
6026.048340 0.000000 327.922180 0.000000 0.348186 0.000000 -0.937426 0.208949 0.208949 0.208949
6025.453613 0.000000 288.741241 0.000000 0.995442 0.000000 -0.095374 0.328572 0.328572 0.328572
6023.693359 0.000000 314.254456 0.000000 0.992280 0.000000 -0.124014 0.300675 0.300675 0.300675
6016.315430 0.000000 308.847443 0.000000 0.738530 0.000000 -0.674221 0.308567 0.308567 0.308567
6025.095215 0.000000 294.409302 0.000000 0.089177 0.000000 -0.996016 0.258791 0.258791 0.258791
6020.861816 0.000000 310.376404 0.000000 0.860574 0.000000 -0.509326 0.350507 0.350507 0.350507
6033.893555 0.000000 295.736633 0.000000 0.464937 0.000000 -0.885344 0.212356 0.212356 0.212356
6029.333984 0.000000 286.751251 0.000000 0.451191 0.000000 -0.892427 0.254150 0.254150 0.254150
6032.913574 0.000000 314.991974 0.000000 0.582912 0.000000 -0.812535 0.218767 0.218767 0.218767
6025.424316 0.000000 310.295685 0.000000 0.816889 0.000000 -0.576795 0.322023 0.322023 0.322023
6027.937012 0.000000 315.191254 0.000000 0.946128 0.000000 -0.323791 0.292283 0.292283 0.292283
6028.652344 0.000000 307.848724 0.000000 0.287428 0.000000 -0.957802 0.227843 0.227843 0.227843
6023.290527 0.000000 325.266968 0.000000 0.973162 0.000000 -0.230120 0.222600 0.222600 0.222600
6020.219238 0.000000 315.056030 0.000000 0.437428 0.000000 -0.899253 0.317659 0.317659 0.317659
6028.396484 0.000000 294.929626 0.000000 0.987929 0.000000 -0.154908 0.256269 0.256269 0.256269
6024.260254 0.000000 291.427551 0.000000 0.539728 0.000000 -0.841839 0.352932 0.352932 0.352932
6027.443359 0.000000 312.408936 0.000000 0.995305 0.000000 -0.096789 0.275738 0.275738 0.275738
6026.422852 0.000000 306.169434 0.000000 0.078537 0.000000 -0.996911 0.291416 0.291416 0.291416
6021.178223 0.000000 307.791901 0.000000 0.520143 0.000000 -0.854079 0.339305 0.339305 0.339305
6023.173340 0.000000 311.628571 0.000000 0.748675 0.000000 -0.662937 0.313469 0.313469 0.313469
6022.927734 0.000000 288.769257 0.000000 0.433567 0.000000 -0.901122 0.309152 0.309152 0.309152
6023.324707 0.000000 309.031921 0.000000 0.738097 0.000000 -0.674695 0.350431 0.350431 0.350431
6029.917480 0.000000 313.868103 0.000000 0.997376 0.000000 -0.072394 0.266028 0.266028 0.266028
6025.640137 0.000000 315.648956 0.000000 0.235611 0.000000 -0.971847 0.322082 0.322082 0.322082
6027.910645 0.000000 310.104828 0.000000 0.981998 0.000000 -0.188892 0.322712 0.322712 0.322712
6016.010254 0.000000 311.108185 0.000000 0.178144 0.000000 -0.984004 0.325203 0.325203 0.325203
6027.600586 0.000000 288.143677 0.000000 0.281390 0.000000 -0.959594 0.326752 0.326752 0.326752
6021.887695 0.000000 313.250519 0.000000 0.362750 0.000000 -0.931887 0.357041 0.357041 0.357041
6098.736816 0.000000 332.542908 0.000000 0.995323 0.000000 -0.096605 0.218575 0.218575 0.218575
6086.599121 0.000000 335.522827 0.000000 0.636101 0.000000 -0.771606 0.207151 0.207151 0.207151
6137.729980 0.000000 323.211395 0.000000 0.816860 0.000000 -0.576836 0.218835 0.218835 0.218835
6141.041992 0.000000 338.080017 0.000000 0.205798 0.000000 -0.978594 0.227444 0.227444 0.227444
6095.660156 0.000000 333.587158 0.000000 0.847726 0.000000 -0.530434 0.419334 0.419334 0.419334
6140.718750 0.000000 323.653320 0.000000 0.990167 0.000000 -0.139888 0.247893 0.247893 0.247893
6089.349609 0.000000 334.976929 0.000000 0.852654 0.000000 -0.522475 0.270280 0.270280 0.270280
6092.244629 0.000000 333.038513 0.000000 0.220386 0.000000 -0.975413 0.442353 0.442353 0.442353
6099.100098 0.000000 335.168823 0.000000 0.148712 0.000000 -0.988881 0.316894 0.316894 0.316894
6142.888184 0.000000 319.046906 0.000000 0.465325 0.000000 -0.885140 0.259361 0.259361 0.259361
6091.346680 0.000000 330.385895 0.000000 0.942047 0.000000 -0.335480 0.290180 0.290180 0.290180
6099.281738 0.000000 338.076324 0.000000 0.676774 0.000000 -0.736191 0.338413 0.338413 0.338413
6095.977051 0.000000 331.488953 0.000000 0.150447 0.000000 -0.988618 0.374285 0.374285 0.374285
6095.150391 0.000000 336.032867 0.000000 0.523592 0.000000 -0.851969 0.465428 0.465428 0.465428
6097.040527 0.000000 334.957367 0.000000 0.190817 0.000000 -0.981626 0.417635 0.417635 0.417635
6093.842285 0.000000 333.899628 0.000000 0.304885 0.000000 -0.952389 0.437709 0.437709 0.437709
6094.515625 0.000000 332.368561 0.000000 0.370888 0.000000 -0.928678 0.456369 0.456369 0.456369
5888.354004 0.000000 386.874146 0.000000 0.997144 0.000000 -0.075520 0.200500 0.200500 0.200500
5916.282227 0.000000 375.802246 0.000000 0.324129 0.000000 -0.946013 0.344882 0.344882 0.344882
5895.674805 0.000000 362.852264 0.000000 0.803894 0.000000 -0.594773 0.204135 0.204135 0.204135
5908.950195 0.000000 348.075470 0.000000 0.024904 0.000000 -0.999690 0.214666 0.214666 0.214666
5940.600586 0.000000 362.120056 0.000000 0.983817 0.000000 -0.179177 0.224243 0.224243 0.224243
5942.803711 0.000000 340.972412 0.000000 0.190600 0.000000 -0.981668 0.209812 0.209812 0.209812
5929.423340 0.000000 371.328461 0.000000 0.197907 0.000000 -0.980221 0.211985 0.211985 0.211985
5949.733887 0.000000 373.116486 0.000000 0.910226 0.000000 -0.414111 0.204676 0.204676 0.204676
5951.683594 0.000000 351.946686 0.000000 0.953664 0.000000 -0.300873 0.291638 0.291638 0.291638
5933.255371 0.000000 393.781738 0.000000 0.959339 0.000000 -0.282255 0.205662 0.205662 0.205662
5898.048340 0.000000 384.406555 0.000000 0.908849 0.000000 -0.417126 0.227568 0.227568 0.227568
5901.467773 0.000000 354.461517 0.000000 0.132400 0.000000 -0.991196 0.328014 0.328014 0.328014
5933.901367 0.000000 339.860687 0.000000 0.872578 0.000000 -0.488475 0.224960 0.224960 0.224960
5897.453613 0.000000 345.225616 0.000000 0.447973 0.000000 -0.894047 0.267965 0.267965 0.267965
5894.599121 0.000000 392.007202 0.000000 0.658932 0.000000 -0.752203 0.260634 0.260634 0.260634
5921.639160 0.000000 368.943848 0.000000 0.983610 0.000000 -0.180307 0.201629 0.201629 0.201629
5933.233887 0.000000 364.803528 0.000000 0.982318 0.000000 -0.187219 0.201434 0.201434 0.201434
5932.186523 0.000000 386.614471 0.000000 0.644975 0.000000 -0.764204 0.402424 0.402424 0.402424
5902.124512 0.000000 367.915070 0.000000 0.023861 0.000000 -0.999715 0.359589 0.359589 0.359589
5902.146973 0.000000 360.759735 0.000000 0.982598 0.000000 -0.185746 0.204669 0.204669 0.204669
5945.915527 0.000000 349.621033 0.000000 0.646505 0.000000 -0.762910 0.207799 0.207799 0.207799
5951.291016 0.000000 339.311310 0.000000 0.153912 0.000000 -0.988085 0.218342 0.218342 0.218342
5897.437988 0.000000 339.723938 0.000000 0.266499 0.000000 -0.963835 0.218528 0.218528 0.218528
5892.957031 0.000000 385.073334 0.000000 0.998438 0.000000 -0.055868 0.297470 0.297470 0.297470
5914.548828 0.000000 380.219299 0.000000 0.726929 0.000000 -0.686713 0.298367 0.298367 0.298367
5905.893555 0.000000 352.221008 0.000000 0.999983 0.000000 -0.005810 0.349846 0.349846 0.349846
5897.424316 0.000000 366.780060 0.000000 0.504801 0.000000 -0.863236 0.227713 0.227713 0.227713
5930.064453 0.000000 390.230042 0.000000 0.246613 0.000000 -0.969114 0.273361 0.273361 0.273361
5941.757812 0.000000 358.270996 0.000000 0.995024 0.000000 -0.099636 0.254032 0.254032 0.254032
5900.652344 0.000000 364.333099 0.000000 0.920686 0.000000 -0.390304 0.321463 0.321463 0.321463
5895.290527 0.000000 381.751343 0.000000 0.940517 0.000000 -0.339747 0.291516 0.291516 0.291516
5934.444824 0.000000 390.268494 0.000000 0.984520 0.000000 -0.175271 0.242729 0.242729 0.242729
5949.449707 0.000000 348.392426 0.000000 0.999987 0.000000 -0.005123 0.329614 0.329614 0.329614
5929.927734 0.000000 383.639526 0.000000 0.839913 0.000000 -0.542721 0.280923 0.280923 0.280923
5897.889160 0.000000 394.171265 0.000000 0.926089 0.000000 -0.377306 0.216213 0.216213 0.216213
5904.310547 0.000000 363.700867 0.000000 0.953001 0.000000 -0.302968 0.252087 0.252087 0.252087
5947.742676 0.000000 376.583252 0.000000 0.979601 0.000000 -0.200952 0.244334 0.244334 0.244334
5924.675781 0.000000 371.748322 0.000000 0.268045 0.000000 -0.963407 0.275814 0.275814 0.275814
5917.565918 0.000000 382.204987 0.000000 0.661144 0.000000 -0.750259 0.317060 0.317060 0.317060
5917.536621 0.000000 378.919403 0.000000 0.968525 0.000000 -0.248917 0.299738 0.299738 0.299738
5900.396484 0.000000 351.414001 0.000000 0.962675 0.000000 -0.270662 0.336592 0.336592 0.336592
5938.335449 0.000000 359.799286 0.000000 0.028825 0.000000 -0.999584 0.273008 0.273008 0.273008
5918.662598 0.000000 385.096680 0.000000 0.258728 0.000000 -0.965950 0.277436 0.277436 0.277436
5948.718750 0.000000 380.137695 0.000000 0.755871 0.000000 -0.654720 0.298582 0.298582 0.298582
5904.764160 0.000000 354.858246 0.000000 0.513076 0.000000 -0.858343 0.392381 0.392381 0.392381
5949.258301 0.000000 350.920593 0.000000 0.999998 0.000000 -0.002170 0.317165 0.317165 0.317165
5904.434082 0.000000 368.967407 0.000000 0.435901 0.000000 -0.899995 0.286372 0.286372 0.286372
5951.450684 0.000000 346.835541 0.000000 0.221174 0.000000 -0.975234 0.339156 0.339156 0.339156
5916.691406 0.000000 386.998535 0.000000 0.655109 0.000000 -0.755535 0.280685 0.280685 0.280685
5905.307129 0.000000 349.852173 0.000000 0.795665 0.000000 -0.605736 0.349739 0.349739 0.349739
5918.667969 0.000000 375.287598 0.000000 0.998309 0.000000 -0.058124 0.285027 0.285027 0.285027
5932.263184 0.000000 389.081360 0.000000 0.781399 0.000000 -0.624032 0.374999 0.374999 0.374999
5901.989746 0.000000 365.820740 0.000000 0.544036 0.000000 -0.839062 0.341245 0.341245 0.341245
5902.853027 0.000000 355.808044 0.000000 0.700377 0.000000 -0.713773 0.388823 0.388823 0.388823
5930.718262 0.000000 385.405273 0.000000 0.057221 0.000000 -0.998362 0.405613 0.405613 0.405613
5993.206543 0.000000 347.449921 0.000000 0.565523 0.000000 -0.824733 0.208837 0.208837 0.208837
5952.354004 0.000000 386.874146 0.000000 0.188100 0.000000 -0.982150 0.255780 0.255780 0.255780
5955.834473 0.000000 338.908783 0.000000 0.918848 0.000000 -0.394613 0.216429 0.216429 0.216429
6002.281250 0.000000 381.975464 0.000000 0.640015 0.000000 -0.768362 0.206454 0.206454 0.206454
6004.600586 0.000000 362.120056 0.000000 0.635786 0.000000 -0.771866 0.208255 0.208255 0.208255
6013.733887 0.000000 373.116486 0.000000 0.997042 0.000000 -0.076859 0.208109 0.208109 0.208109
5952.290527 0.000000 373.271393 0.000000 0.728489 0.000000 -0.685057 0.283749 0.283749 0.283749
6012.270508 0.000000 387.240082 0.000000 0.791610 0.000000 -0.611026 0.206072 0.206072 0.206072
5994.581543 0.000000 357.711060 0.000000 0.860529 0.000000 -0.509401 0.217911 0.217911 0.217911
6004.449707 0.000000 371.666748 0.000000 0.962810 0.000000 -0.270181 0.224309 0.224309 0.224309
5997.901367 0.000000 339.860687 0.000000 0.857662 0.000000 -0.514214 0.217975 0.217975 0.217975
6004.885254 0.000000 390.657349 0.000000 0.990635 0.000000 -0.136539 0.303379 0.303379 0.303379
5955.716309 0.000000 380.012421 0.000000 0.975410 0.000000 -0.220398 0.309570 0.309570 0.309570
5999.365234 0.000000 369.709900 0.000000 0.918997 0.000000 -0.394264 0.214029 0.214029 0.214029
6008.634766 0.000000 374.694855 0.000000 0.999996 0.000000 -0.002914 0.226372 0.226372 0.226372
5957.002930 0.000000 375.034241 0.000000 0.827653 0.000000 -0.561240 0.237242 0.237242 0.237242
5956.957031 0.000000 385.073334 0.000000 0.959348 0.000000 -0.282225 0.294723 0.294723 0.294723
6003.521484 0.000000 366.915100 0.000000 0.930846 0.000000 -0.365411 0.216066 0.216066 0.216066
5993.396484 0.000000 352.665131 0.000000 0.211154 0.000000 -0.977453 0.227381 0.227381 0.227381
5957.348633 0.000000 347.348022 0.000000 0.329976 0.000000 -0.943989 0.257668 0.257668 0.257668
6008.851562 0.000000 370.518677 0.000000 0.004756 0.000000 -0.999989 0.247003 0.247003 0.247003
5952.390625 0.000000 382.456390 0.000000 0.141479 0.000000 -0.989941 0.324698 0.324698 0.324698
5952.073242 0.000000 377.467712 0.000000 0.095509 0.000000 -0.995429 0.415511 0.415511 0.415511
6007.430664 0.000000 352.783295 0.000000 0.300197 0.000000 -0.953877 0.436355 0.436355 0.436355
6001.158691 0.000000 373.534607 0.000000 0.993275 0.000000 -0.115780 0.268143 0.268143 0.268143
5959.290527 0.000000 381.751343 0.000000 0.373743 0.000000 -0.927532 0.245855 0.245855 0.245855
5998.165527 0.000000 356.448486 0.000000 0.674054 0.000000 -0.738682 0.273486 0.273486 0.273486
5996.877441 0.000000 372.693237 0.000000 0.677908 0.000000 -0.735147 0.293400 0.293400 0.293400
6000.763672 0.000000 378.712708 0.000000 0.673262 0.000000 -0.739404 0.236790 0.236790 0.236790
6001.098145 0.000000 353.282166 0.000000 0.980177 0.000000 -0.198124 0.287625 0.287625 0.287625
6004.612793 0.000000 354.618225 0.000000 0.962747 0.000000 -0.270405 0.342648 0.342648 0.342648
6006.469238 0.000000 349.060333 0.000000 0.956408 0.000000 -0.292034 0.248309 0.248309 0.248309
5994.699707 0.000000 379.285065 0.000000 0.459186 0.000000 -0.888340 0.297062 0.297062 0.297062
5958.656738 0.000000 387.724030 0.000000 0.894815 0.000000 -0.446436 0.279626 0.279626 0.279626
5955.167969 0.000000 382.858948 0.000000 0.491944 0.000000 -0.870627 0.337478 0.337478 0.337478
6008.270996 0.000000 359.415955 0.000000 0.441308 0.000000 -0.897356 0.298955 0.298955 0.298955
5994.452148 0.000000 373.840363 0.000000 0.005506 0.000000 -0.999985 0.279396 0.279396 0.279396
5954.759766 0.000000 348.020844 0.000000 0.470527 0.000000 -0.882385 0.298168 0.298168 0.298168
5997.602051 0.000000 378.831238 0.000000 0.550039 0.000000 -0.835139 0.293182 0.293182 0.293182
5999.560547 0.000000 381.669891 0.000000 0.357341 0.000000 -0.933974 0.272605 0.272605 0.272605
5952.974121 0.000000 351.614014 0.000000 0.227970 0.000000 -0.973668 0.283852 0.283852 0.283852
6004.503418 0.000000 393.323822 0.000000 0.962308 0.000000 -0.271962 0.329373 0.329373 0.329373
6011.596680 0.000000 355.432678 0.000000 0.949117 0.000000 -0.314924 0.282359 0.282359 0.282359
5999.221680 0.000000 372.204895 0.000000 0.089273 0.000000 -0.996007 0.323050 0.323050 0.323050
5953.278809 0.000000 384.781464 0.000000 0.705842 0.000000 -0.708370 0.283159 0.283159 0.283159
6004.127930 0.000000 356.788696 0.000000 0.371007 0.000000 -0.928630 0.331410 0.331410 0.331410
6005.305176 0.000000 352.557159 0.000000 0.731263 0.000000 -0.682095 0.389559 0.389559 0.389559
5998.922852 0.000000 374.227570 0.000000 0.805607 0.000000 -0.592450 0.322635 0.322635 0.322635
6002.463867 0.000000 354.834595 0.000000 0.385755 0.000000 -0.922601 0.354671 0.354671 0.354671
6007.476074 0.000000 350.801514 0.000000 0.909585 0.000000 -0.415519 0.341268 0.341268 0.341268
6006.407227 0.000000 391.941895 0.000000 0.411321 0.000000 -0.911491 0.358170 0.358170 0.358170
5895.674805 0.000000 419.336639 0.000000 0.773160 0.000000 -0.634211 0.205746 0.205746 0.205746
5920.264648 0.000000 417.259155 0.000000 0.660953 0.000000 -0.750427 0.206039 0.206039 0.206039
5919.430176 0.000000 406.162567 0.000000 0.007294 0.000000 -0.999973 0.320567 0.320567 0.320567
5901.467773 0.000000 410.945892 0.000000 0.992966 0.000000 -0.118403 0.201111 0.201111 0.201111
5897.453613 0.000000 401.709991 0.000000 0.390449 0.000000 -0.920625 0.210075 0.210075 0.210075
5949.524414 0.000000 400.904053 0.000000 0.038460 0.000000 -0.999260 0.333770 0.333770 0.333770
5914.616699 0.000000 401.600037 0.000000 0.738806 0.000000 -0.673918 0.231679 0.231679 0.231679
5902.146973 0.000000 417.244110 0.000000 0.906089 0.000000 -0.423087 0.260555 0.260555 0.260555
5907.298340 0.000000 413.337799 0.000000 0.616989 0.000000 -0.786972 0.314573 0.314573 0.314573
5922.074219 0.000000 400.910400 0.000000 0.995422 0.000000 -0.095574 0.290622 0.290622 0.290622
5897.095215 0.000000 407.378052 0.000000 0.042542 0.000000 -0.999095 0.213735 0.213735 0.213735
5918.773926 0.000000 411.862274 0.000000 0.994778 0.000000 -0.102067 0.272423 0.272423 0.272423
5951.291016 0.000000 395.795685 0.000000 0.201679 0.000000 -0.979452 0.211780 0.211780 0.211780
5913.550293 0.000000 406.992065 0.000000 0.758284 0.000000 -0.651924 0.298486 0.298486 0.298486
5924.590332 0.000000 405.397308 0.000000 0.209447 0.000000 -0.977820 0.316796 0.316796 0.316796
5910.003418 0.000000 409.093048 0.000000 0.985807 0.000000 -0.167884 0.276311 0.276311 0.276311
5921.456543 0.000000 409.315521 0.000000 0.370042 0.000000 -0.929015 0.239056 0.239056 0.239056
5903.712891 0.000000 414.004791 0.000000 0.241678 0.000000 -0.970356 0.273456 0.273456 0.273456
5917.587891 0.000000 415.058380 0.000000 0.466778 0.000000 -0.884374 0.248427 0.248427 0.248427
5919.085938 0.000000 403.019501 0.000000 0.343983 0.000000 -0.938976 0.366854 0.366854 0.366854
5921.860352 0.000000 404.131805 0.000000 0.996379 0.000000 -0.085019 0.306368 0.306368 0.306368
5904.764160 0.000000 411.342621 0.000000 0.855289 0.000000 -0.518151 0.261390 0.261390 0.261390
5907.875488 0.000000 410.839447 0.000000 0.353019 0.000000 -0.935616 0.289752 0.289752 0.289752
5951.835938 0.000000 399.874695 0.000000 0.967183 0.000000 -0.254080 0.322679 0.322679 0.322679
5892.637695 0.000000 413.963440 0.000000 0.817678 0.000000 -0.575676 0.339060 0.339060 0.339060
5917.291992 0.000000 406.681702 0.000000 0.891472 0.000000 -0.453075 0.316172 0.316172 0.316172
5920.870605 0.000000 402.636139 0.000000 0.825018 0.000000 -0.565107 0.350471 0.350471 0.350471
5952.354004 0.000000 443.358521 0.000000 0.710560 0.000000 -0.703637 0.206430 0.206430 0.206430
5959.674805 0.000000 419.336639 0.000000 0.225979 0.000000 -0.974132 0.209387 0.209387 0.209387
6004.600586 0.000000 418.604431 0.000000 0.273279 0.000000 -0.961935 0.237664 0.237664 0.237664
5970.736816 0.000000 445.511658 0.000000 0.820673 0.000000 -0.571397 0.218758 0.218758 0.218758
6015.683594 0.000000 408.431061 0.000000 0.864207 0.000000 -0.503136 0.262304 0.262304 0.262304
5962.048340 0.000000 440.890930 0.000000 0.673852 0.000000 -0.738866 0.221325 0.221325 0.221325
5978.616699 0.000000 401.600037 0.000000 0.822463 0.000000 -0.568818 0.223678 0.223678 0.223678
5953.476562 0.000000 401.849304 0.000000 0.903619 0.000000 -0.428336 0.204089 0.204089 0.204089
5971.298340 0.000000 413.337799 0.000000 0.965660 0.000000 -0.259808 0.202329 0.202329 0.202329
5956.957031 0.000000 441.557709 0.000000 0.832563 0.000000 -0.553931 0.218515 0.218515 0.218515
5977.550293 0.000000 406.992065 0.000000 0.937988 0.000000 -0.346668 0.310066 0.310066 0.310066
5969.114746 0.000000 449.950470 0.000000 0.681355 0.000000 -0.731953 0.221207 0.221207 0.221207
5974.003418 0.000000 409.093048 0.000000 0.981452 0.000000 -0.191708 0.289802 0.289802 0.289802
5974.302246 0.000000 400.444672 0.000000 0.990953 0.000000 -0.134206 0.296344 0.296344 0.296344
6011.875488 0.000000 409.596863 0.000000 0.980408 0.000000 -0.196977 0.219842 0.219842 0.219842
5974.343750 0.000000 412.782837 0.000000 0.791459 0.000000 -0.611222 0.246991 0.246991 0.246991
6004.340820 0.000000 395.726715 0.000000 0.652813 0.000000 -0.757519 0.290163 0.290163 0.290163
6008.270996 0.000000 415.900330 0.000000 0.139654 0.000000 -0.990200 0.300546 0.300546 0.300546
5972.109863 0.000000 407.080292 0.000000 0.896914 0.000000 -0.442205 0.301968 0.301968 0.301968
6006.928223 0.000000 412.275696 0.000000 0.916163 0.000000 -0.400806 0.304405 0.304405 0.304405
6009.532715 0.000000 410.365234 0.000000 0.989990 0.000000 -0.141140 0.274504 0.274504 0.274504
5974.294922 0.000000 402.863708 0.000000 0.999793 0.000000 -0.020341 0.316689 0.316689 0.316689
6057.423340 0.000000 371.328461 0.000000 0.747133 0.000000 -0.664675 0.268769 0.268769 0.268769
6077.733887 0.000000 373.116486 0.000000 0.960309 0.000000 -0.278938 0.216191 0.216191 0.216191
6016.290527 0.000000 373.271393 0.000000 0.535025 0.000000 -0.844836 0.219398 0.219398 0.219398
6068.449707 0.000000 371.666748 0.000000 0.809242 0.000000 -0.587475 0.205408 0.205408 0.205408
6022.599121 0.000000 392.007202 0.000000 0.649439 0.000000 -0.760414 0.234632 0.234632 0.234632
6023.693359 0.000000 370.738831 0.000000 0.990182 0.000000 -0.139783 0.247891 0.247891 0.247891
6030.124512 0.000000 367.915070 0.000000 0.538338 0.000000 -0.842729 0.225921 0.225921 0.225921
6052.049805 0.000000 375.195831 0.000000 0.448279 0.000000 -0.893894 0.231171 0.231171 0.231171
6063.365234 0.000000 369.709900 0.000000 0.370517 0.000000 -0.928826 0.236319 0.236319 0.236319
6017.469238 0.000000 393.454346 0.000000 0.994883 0.000000 -0.101030 0.200846 0.200846 0.200846
6079.097656 0.000000 378.295471 0.000000 0.857153 0.000000 -0.515062 0.289034 0.289034 0.289034
6078.112305 0.000000 382.824951 0.000000 0.523673 0.000000 -0.851920 0.211692 0.211692 0.211692
6057.605957 0.000000 376.387756 0.000000 0.989063 0.000000 -0.147493 0.270017 0.270017 0.270017
6032.913574 0.000000 371.476349 0.000000 0.984804 0.000000 -0.173667 0.265955 0.265955 0.265955
6025.597656 0.000000 388.781677 0.000000 0.896777 0.000000 -0.442483 0.207385 0.207385 0.207385
6027.937012 0.000000 371.675629 0.000000 0.999882 0.000000 -0.015381 0.319889 0.319889 0.319889
6019.856934 0.000000 388.978210 0.000000 0.831962 0.000000 -0.554832 0.232151 0.232151 0.232151
6065.158691 0.000000 373.534607 0.000000 0.556010 0.000000 -0.831175 0.233570 0.233570 0.233570
6023.290527 0.000000 381.751343 0.000000 0.994254 0.000000 -0.107049 0.315154 0.315154 0.315154
6060.877441 0.000000 372.693237 0.000000 0.977220 0.000000 -0.212229 0.292731 0.292731 0.292731
6040.763672 0.000000 369.637421 0.000000 0.899259 0.000000 -0.437417 0.244918 0.244918 0.244918
6055.131348 0.000000 373.885376 0.000000 0.917643 0.000000 -0.397406 0.257572 0.257572 0.257572
6054.737793 0.000000 377.384125 0.000000 0.965803 0.000000 -0.259277 0.237097 0.237097 0.237097
6022.656738 0.000000 387.724030 0.000000 0.615975 0.000000 -0.787766 0.304958 0.304958 0.304958
6078.888184 0.000000 375.531281 0.000000 0.920303 0.000000 -0.391205 0.269644 0.269644 0.269644
6039.654785 0.000000 372.561707 0.000000 0.520367 0.000000 -0.853942 0.305190 0.305190 0.305190
6032.434082 0.000000 368.967407 0.000000 0.527502 0.000000 -0.849554 0.285493 0.285493 0.285493
6029.917480 0.000000 370.352478 0.000000 0.999915 0.000000 -0.013038 0.290567 0.290567 0.290567
6034.931641 0.000000 370.232452 0.000000 0.414952 0.000000 -0.909843 0.305376 0.305376 0.305376
6060.435059 0.000000 374.881378 0.000000 0.984604 0.000000 -0.174797 0.281151 0.281151 0.281151
6022.227051 0.000000 383.481232 0.000000 0.921048 0.000000 -0.389449 0.335170 0.335170 0.335170
6132.600586 0.000000 362.120056 0.000000 0.999184 0.000000 -0.040398 0.221257 0.221257 0.221257
6140.270508 0.000000 387.240082 0.000000 0.879365 0.000000 -0.476149 0.250563 0.250563 0.250563
6122.581543 0.000000 357.711060 0.000000 0.560036 0.000000 -0.828468 0.222992 0.222992 0.222992
6132.449707 0.000000 371.666748 0.000000 0.973607 0.000000 -0.228232 0.236604 0.236604 0.236604
6125.233887 0.000000 364.803528 0.000000 0.607736 0.000000 -0.794139 0.232737 0.232737 0.232737
6118.465332 0.000000 364.003998 0.000000 0.803933 0.000000 -0.594720 0.215362 0.215362 0.215362
6094.716309 0.000000 348.639893 0.000000 0.425367 0.000000 -0.905021 0.211466 0.211466 0.211466
6131.521484 0.000000 366.915100 0.000000 0.689410 0.000000 -0.724371 0.237774 0.237774 0.237774
6142.112305 0.000000 382.824951 0.000000 0.004655 0.000000 -0.999989 0.349004 0.349004 0.349004
6102.690430 0.000000 366.923157 0.000000 0.199162 0.000000 -0.979967 0.235866 0.235866 0.235866
6122.157715 0.000000 361.742493 0.000000 0.221931 0.000000 -0.975062 0.262353 0.262353 0.262353
6121.764648 0.000000 367.230469 0.000000 0.729372 0.000000 -0.684117 0.220428 0.220428 0.220428
6092.652344 0.000000 364.333099 0.000000 0.414563 0.000000 -0.910021 0.281242 0.281242 0.281242
6098.974121 0.000000 340.309174 0.000000 0.296811 0.000000 -0.954936 0.326294 0.326294 0.326294
6087.290527 0.000000 381.751343 0.000000 0.669052 0.000000 -0.743216 0.240763 0.240763 0.240763
6096.310547 0.000000 363.700867 0.000000 0.492786 0.000000 -0.870150 0.306009 0.306009 0.306009
6134.755859 0.000000 365.001648 0.000000 0.535881 0.000000 -0.844293 0.235211 0.235211 0.235211
6082.892090 0.000000 377.107544 0.000000 0.956712 0.000000 -0.291037 0.263783 0.263783 0.263783
6095.844238 0.000000 342.033417 0.000000 0.983431 0.000000 -0.181283 0.253300 0.253300 0.253300
6142.830566 0.000000 386.141388 0.000000 0.982304 0.000000 -0.187295 0.261582 0.261582 0.261582
6099.958008 0.000000 345.618835 0.000000 1.000000 0.000000 -0.000262 0.243142 0.243142 0.243142
6100.724609 0.000000 368.606659 0.000000 0.807511 0.000000 -0.589853 0.269413 0.269413 0.269413
6096.003418 0.000000 366.208923 0.000000 0.829921 0.000000 -0.557881 0.295425 0.295425 0.295425
6094.324707 0.000000 362.794159 0.000000 0.079074 0.000000 -0.996869 0.335726 0.335726 0.335726
6097.373535 0.000000 339.012726 0.000000 0.937063 0.000000 -0.349161 0.403666 0.403666 0.403666
6019.834473 0.000000 395.393158 0.000000 0.508805 0.000000 -0.860882 0.238303 0.238303 0.238303
6068.600586 0.000000 418.604431 0.000000 0.991969 0.000000 -0.126483 0.247651 0.247651 0.247651
6079.683594 0.000000 408.431061 0.000000 0.599190 0.000000 -0.800607 0.260674 0.260674 0.260674
6019.589355 0.000000 407.772858 0.000000 0.480224 0.000000 -0.877146 0.213499 0.213499 0.213499
6016.315430 0.000000 421.816193 0.000000 0.727773 0.000000 -0.685818 0.220455 0.220455 0.220455
6073.426758 0.000000 412.789581 0.000000 0.959458 0.000000 -0.281852 0.311584 0.311584 0.311584
6023.650879 0.000000 412.878021 0.000000 0.526829 0.000000 -0.849971 0.210352 0.210352 0.210352
6021.568848 0.000000 399.408508 0.000000 0.451712 0.000000 -0.892164 0.237846 0.237846 0.237846
6078.018555 0.000000 421.285706 0.000000 0.026068 0.000000 -0.999660 0.232369 0.232369 0.232369
6019.605469 0.000000 418.667206 0.000000 0.188347 0.000000 -0.982103 0.227648 0.227648 0.227648
6069.757812 0.000000 414.755371 0.000000 0.989038 0.000000 -0.147661 0.260754 0.260754 0.260754
6075.875488 0.000000 409.596863 0.000000 0.996149 0.000000 -0.087672 0.224154 0.224154 0.224154
6070.755859 0.000000 421.486023 0.000000 0.989219 0.000000 -0.146443 0.264202 0.264202 0.264202
6076.880859 0.000000 418.620331 0.000000 0.763723 0.000000 -0.645545 0.277343 0.277343 0.277343
6075.279297 0.000000 420.592163 0.000000 0.931615 0.000000 -0.363447 0.286067 0.286067 0.286067
6079.940430 0.000000 414.840118 0.000000 0.717538 0.000000 -0.696519 0.298715 0.298715 0.298715
6075.596680 0.000000 411.917053 0.000000 0.055305 0.000000 -0.998470 0.311639 0.311639 0.311639
6072.956055 0.000000 420.806366 0.000000 0.999617 0.000000 -0.027690 0.274060 0.274060 0.274060
6070.075195 0.000000 416.935638 0.000000 0.326952 0.000000 -0.945041 0.323912 0.323912 0.323912
6077.495117 0.000000 414.550842 0.000000 0.857514 0.000000 -0.514460 0.333854 0.333854 0.333854
6122.581543 0.000000 414.195435 0.000000 0.883085 0.000000 -0.469213 0.325646 0.325646 0.325646
6105.268555 0.000000 411.799744 0.000000 0.007706 0.000000 -0.999970 0.257154 0.257154 0.257154
6113.639160 0.000000 425.428223 0.000000 0.939497 0.000000 -0.342557 0.283076 0.283076 0.283076
6118.465332 0.000000 420.488373 0.000000 0.911687 0.000000 -0.410886 0.235944 0.235944 0.235944
6129.916504 0.000000 413.180634 0.000000 0.798169 0.000000 -0.602434 0.240499 0.240499 0.240499
6143.291016 0.000000 395.795685 0.000000 0.758738 0.000000 -0.651396 0.206199 0.206199 0.206199
6106.661621 0.000000 416.828308 0.000000 0.417485 0.000000 -0.908684 0.274166 0.274166 0.274166
6126.917969 0.000000 416.705353 0.000000 0.974514 0.000000 -0.224327 0.212039 0.212039 0.212039
6117.993652 0.000000 424.953979 0.000000 0.999758 0.000000 -0.022004 0.234518 0.234518 0.234518
6122.157715 0.000000 418.226868 0.000000 0.635705 0.000000 -0.771932 0.309775 0.309775 0.309775
6139.875488 0.000000 409.596863 0.000000 0.913501 0.000000 -0.406837 0.258988 0.258988 0.258988
6109.234863 0.000000 419.099426 0.000000 0.896564 0.000000 -0.442914 0.242572 0.242572 0.242572
6115.373047 0.000000 422.333923 0.000000 0.049927 0.000000 -0.998753 0.310239 0.310239 0.310239
6110.089844 0.000000 424.325958 0.000000 0.868975 0.000000 -0.494856 0.265862 0.265862 0.265862
6120.221680 0.000000 415.833862 0.000000 0.951632 0.000000 -0.307239 0.296655 0.296655 0.296655
6124.193359 0.000000 416.335175 0.000000 0.614825 0.000000 -0.788663 0.294040 0.294040 0.294040
6121.984863 0.000000 416.327271 0.000000 0.298550 0.000000 -0.954394 0.368636 0.368636 0.368636
5696.354004 0.000000 499.842896 0.000000 0.790716 0.000000 -0.612183 0.219340 0.219340 0.219340
5731.530762 0.000000 502.463531 0.000000 0.446775 0.000000 -0.894646 0.209125 0.209125 0.209125
5696.290527 0.000000 486.240143 0.000000 0.868687 0.000000 -0.495361 0.215284 0.215284 0.215284
5706.048340 0.000000 497.375305 0.000000 0.231174 0.000000 -0.972912 0.227145 0.227145 0.227145
5709.467773 0.000000 467.430267 0.000000 0.965314 0.000000 -0.261090 0.298905 0.298905 0.298905
5717.428223 0.000000 484.222656 0.000000 0.325546 0.000000 -0.945526 0.284647 0.284647 0.284647
5717.035156 0.000000 492.592102 0.000000 0.933835 0.000000 -0.357703 0.202968 0.202968 0.202968
5703.693359 0.000000 483.707581 0.000000 0.967838 0.000000 -0.251575 0.247575 0.247575 0.247575
5699.716309 0.000000 492.981171 0.000000 0.621366 0.000000 -0.783521 0.222117 0.222117 0.222117
5734.270996 0.000000 453.281921 0.000000 0.591415 0.000000 -0.806367 0.207259 0.207259 0.207259
5718.797363 0.000000 452.849640 0.000000 0.548083 0.000000 -0.836424 0.207668 0.207668 0.207668
5721.924805 0.000000 505.115479 0.000000 0.998220 0.000000 -0.059633 0.203398 0.203398 0.203398
5740.186523 0.000000 499.583221 0.000000 0.414014 0.000000 -0.910271 0.249320 0.249320 0.249320
5710.124512 0.000000 480.883820 0.000000 0.913279 0.000000 -0.407334 0.203666 0.203666 0.203666
5710.146973 0.000000 473.728485 0.000000 0.390933 0.000000 -0.920419 0.281773 0.281773 0.281773
5715.298340 0.000000 469.822174 0.000000 0.924324 0.000000 -0.381609 0.203421 0.203421 0.203421
5700.957031 0.000000 498.042084 0.000000 0.488208 0.000000 -0.872727 0.223962 0.223962 0.223962
5721.550293 0.000000 463.476440 0.000000 0.971500 0.000000 -0.237041 0.255554 0.255554 0.255554
5714.853027 0.000000 488.482422 0.000000 0.199465 0.000000 -0.979905 0.366161 0.366161 0.366161
5707.937012 0.000000 484.644379 0.000000 0.437642 0.000000 -0.899150 0.433241 0.433241 0.433241
5709.646484 0.000000 492.621246 0.000000 0.951451 0.000000 -0.307801 0.229564 0.229564 0.229564
5754.875000 0.000000 452.029480 0.000000 0.016802 0.000000 -0.999859 0.286682 0.286682 0.286682
5696.390625 0.000000 495.425140 0.000000 0.972324 0.000000 -0.233637 0.214476 0.214476 0.214476
5696.073242 0.000000 490.436462 0.000000 0.988803 0.000000 -0.149225 0.213487 0.213487 0.213487
5718.302246 0.000000 456.929047 0.000000 0.665574 0.000000 -0.746332 0.248657 0.248657 0.248657
5706.276367 0.000000 472.482422 0.000000 0.999235 0.000000 -0.039101 0.207703 0.207703 0.207703
5742.444824 0.000000 503.237244 0.000000 0.509574 0.000000 -0.860427 0.258500 0.258500 0.258500
5705.808105 0.000000 487.580566 0.000000 0.931344 0.000000 -0.364141 0.393159 0.393159 0.393159
5711.712891 0.000000 470.489166 0.000000 0.660295 0.000000 -0.751006 0.298029 0.298029 0.298029
5708.396484 0.000000 464.382751 0.000000 0.627073 0.000000 -0.778960 0.314210 0.314210 0.314210
5708.424805 0.000000 470.294739 0.000000 0.219794 0.000000 -0.975546 0.294263 0.294263 0.294263
5707.713867 0.000000 489.878143 0.000000 0.009933 0.000000 -0.999951 0.419408 0.419408 0.419408
5711.212891 0.000000 464.328308 0.000000 0.008140 0.000000 -0.999967 0.282344 0.282344 0.282344
5703.290527 0.000000 486.547363 0.000000 0.450690 0.000000 -0.892681 0.336060 0.336060 0.336060
5710.569336 0.000000 485.643768 0.000000 0.998751 0.000000 -0.049955 0.375798 0.375798 0.375798
5717.175293 0.000000 487.093048 0.000000 0.320071 0.000000 -0.947394 0.346526 0.346526 0.346526
5743.961914 0.000000 507.134888 0.000000 0.893884 0.000000 -0.448299 0.279674 0.279674 0.279674
5715.150879 0.000000 485.636536 0.000000 0.953042 0.000000 -0.302837 0.298945 0.298945 0.298945
5712.687988 0.000000 487.060150 0.000000 0.477924 0.000000 -0.878401 0.409342 0.409342 0.409342
5703.852051 0.000000 489.052490 0.000000 0.845166 0.000000 -0.534504 0.299819 0.299819 0.299819
5740.263184 0.000000 502.050110 0.000000 0.362536 0.000000 -0.931970 0.314069 0.314069 0.314069
5740.424316 0.000000 504.421051 0.000000 0.790733 0.000000 -0.612162 0.323418 0.323418 0.323418
5710.486328 0.000000 490.556824 0.000000 0.367630 0.000000 -0.929972 0.316840 0.316840 0.316840
5726.802246 0.000000 508.420532 0.000000 0.594796 0.000000 -0.803877 0.206644 0.206644 0.206644
5759.419434 0.000000 530.231445 0.000000 0.811100 0.000000 -0.584907 0.204913 0.204913 0.204913
5734.270996 0.000000 509.766296 0.000000 0.155712 0.000000 -0.987803 0.266373 0.266373 0.266373
5757.041992 0.000000 564.017517 0.000000 0.985331 0.000000 -0.170657 0.244970 0.244970 0.244970
5743.844727 0.000000 515.469849 0.000000 0.635771 0.000000 -0.771878 0.269167 0.269167 0.269167
5730.074219 0.000000 513.879150 0.000000 0.996277 0.000000 -0.086212 0.215032 0.215032 0.215032
5738.133789 0.000000 512.496704 0.000000 0.933200 0.000000 -0.359357 0.281076 0.281076 0.281076
5758.612305 0.000000 559.999634 0.000000 0.546024 0.000000 -0.837770 0.236376 0.236376 0.236376
5737.896973 0.000000 508.387726 0.000000 0.062223 0.000000 -0.998062 0.320686 0.320686 0.320686
5741.457031 0.000000 512.572937 0.000000 0.999519 0.000000 -0.031007 0.279785 0.279785 0.279785
5754.107422 0.000000 563.559753 0.000000 0.777206 0.000000 -0.629246 0.248634 0.248634 0.248634
5758.188965 0.000000 523.433960 0.000000 0.547288 0.000000 -0.836945 0.406921 0.406921 0.406921
5716.737793 0.000000 508.362335 0.000000 0.570175 0.000000 -0.821523 0.313414 0.313414 0.313414
5718.294922 0.000000 515.832458 0.000000 0.942265 0.000000 -0.334868 0.299906 0.299906 0.299906
5759.487793 0.000000 524.687561 0.000000 0.973096 0.000000 -0.230402 0.360232 0.360232 0.360232
5793.639160 0.000000 481.912598 0.000000 0.860056 0.000000 -0.510200 0.230197 0.230197 0.230197
5767.693359 0.000000 483.707581 0.000000 0.679106 0.000000 -0.734041 0.209773 0.209773 0.209773
5763.716309 0.000000 492.981171 0.000000 0.815277 0.000000 -0.579072 0.228811 0.228811 0.228811
5774.124512 0.000000 480.883820 0.000000 0.062281 0.000000 -0.998059 0.211863 0.211863 0.211863
5796.049805 0.000000 488.164581 0.000000 0.428539 0.000000 -0.903523 0.363448 0.363448 0.363448
5776.020996 0.000000 496.103271 0.000000 0.623324 0.000000 -0.781963 0.211779 0.211779 0.211779
5798.720703 0.000000 498.609680 0.000000 0.327412 0.000000 -0.944882 0.215173 0.215173 0.215173
5778.853027 0.000000 488.482422 0.000000 0.887378 0.000000 -0.461043 0.210009 0.210009 0.210009
5783.538086 0.000000 488.161804 0.000000 0.935861 0.000000 -0.352369 0.215905 0.215905 0.215905
5791.949707 0.000000 486.131012 0.000000 0.985532 0.000000 -0.169491 0.264700 0.264700 0.264700
5765.568848 0.000000 455.892883 0.000000 0.519017 0.000000 -0.854764 0.209597 0.209597 0.209597
5776.913574 0.000000 484.445099 0.000000 0.008613 0.000000 -0.999963 0.229728 0.229728 0.229728
5797.993652 0.000000 481.438354 0.000000 0.995648 0.000000 -0.093195 0.312378 0.312378 0.312378
5771.937012 0.000000 484.644379 0.000000 0.393272 0.000000 -0.919422 0.271873 0.271873 0.271873
5773.646484 0.000000 492.621246 0.000000 0.967639 0.000000 -0.252337 0.208854 0.208854 0.208854
5760.073242 0.000000 490.436462 0.000000 0.579245 0.000000 -0.815154 0.233201 0.233201 0.233201
5760.173340 0.000000 453.699646 0.000000 0.224138 0.000000 -0.974557 0.291232 0.291232 0.291232
5801.764648 0.000000 480.199219 0.000000 0.967899 0.000000 -0.251338 0.272417 0.272417 0.272417
5796.219727 0.000000 492.032501 0.000000 0.879750 0.000000 -0.475436 0.228435 0.228435 0.228435
5796.675781 0.000000 484.717072 0.000000 0.047995 0.000000 -0.998848 0.516332 0.516332 0.516332
5799.131348 0.000000 486.854126 0.000000 0.994205 0.000000 -0.107502 0.408094 0.408094 0.408094
5804.084473 0.000000 482.618774 0.000000 0.717206 0.000000 -0.696861 0.297394 0.297394 0.297394
5792.693359 0.000000 503.863251 0.000000 0.642388 0.000000 -0.766380 0.261024 0.261024 0.261024
5798.737793 0.000000 490.352875 0.000000 0.977878 0.000000 -0.209176 0.312762 0.312762 0.312762
5762.892090 0.000000 490.076294 0.000000 0.680691 0.000000 -0.732571 0.253555 0.253555 0.253555
5767.290527 0.000000 486.547363 0.000000 0.865421 0.000000 -0.501046 0.305120 0.305120 0.305120
5762.786133 0.000000 486.775665 0.000000 0.956188 0.000000 -0.292753 0.311945 0.311945 0.311945
5793.210938 0.000000 501.317810 0.000000 0.999964 0.000000 -0.008538 0.248899 0.248899 0.248899
5803.827148 0.000000 490.061768 0.000000 0.174240 0.000000 -0.984703 0.308704 0.308704 0.308704
5793.051758 0.000000 484.066498 0.000000 0.220597 0.000000 -0.975365 0.368506 0.368506 0.368506
5803.248535 0.000000 484.701019 0.000000 0.921000 0.000000 -0.389563 0.402315 0.402315 0.402315
5799.873535 0.000000 488.662506 0.000000 0.648662 0.000000 -0.761077 0.399295 0.399295 0.399295
5799.991211 0.000000 484.766602 0.000000 0.933283 0.000000 -0.359142 0.428063 0.428063 0.428063
5760.354004 0.000000 556.327271 0.000000 0.863730 0.000000 -0.503955 0.206866 0.206866 0.206866
5814.803711 0.000000 510.425537 0.000000 0.252567 0.000000 -0.967579 0.237945 0.237945 0.237945
5773.467773 0.000000 523.914673 0.000000 0.859380 0.000000 -0.511338 0.204757 0.204757 0.204757
5817.915527 0.000000 519.074158 0.000000 0.851844 0.000000 -0.523795 0.241553 0.241553 0.241553
5814.117188 0.000000 515.380798 0.000000 0.310128 0.000000 -0.950695 0.276399 0.276399 0.276399
5760.390625 0.000000 551.909485 0.000000 0.368515 0.000000 -0.929622 0.222789 0.222789 0.222789
5763.605469 0.000000 531.635925 0.000000 0.977200 0.000000 -0.212319 0.206100 0.206100 0.206100
5760.110840 0.000000 518.723877 0.000000 0.897942 0.000000 -0.440115 0.329609 0.329609 0.329609
5760.522461 0.000000 524.061401 0.000000 0.165692 0.000000 -0.986178 0.465495 0.465495 0.465495
5765.963867 0.000000 529.058350 0.000000 0.355453 0.000000 -0.934694 0.378605 0.378605 0.378605
5764.061523 0.000000 524.568970 0.000000 0.997404 0.000000 -0.072011 0.374689 0.374689 0.374689
5769.939941 0.000000 523.647827 0.000000 0.973332 0.000000 -0.229401 0.250701 0.250701 0.250701
5812.969238 0.000000 512.717224 0.000000 0.765040 0.000000 -0.643983 0.265642 0.265642 0.265642
5816.357422 0.000000 516.706299 0.000000 0.438144 0.000000 -0.898905 0.273724 0.273724 0.273724
5764.637695 0.000000 526.932190 0.000000 0.430387 0.000000 -0.902645 0.475048 0.475048 0.475048
5762.093750 0.000000 519.425781 0.000000 0.939007 0.000000 -0.343899 0.316114 0.316114 0.316114
5762.200195 0.000000 524.978638 0.000000 0.078821 0.000000 -0.996889 0.467101 0.467101 0.467101
5766.483887 0.000000 527.291809 0.000000 0.605109 0.000000 -0.796143 0.437548 0.437548 0.437548
5746.281250 0.000000 607.912964 0.000000 0.822916 0.000000 -0.568163 0.203998 0.203998 0.203998
5715.921875 0.000000 589.169189 0.000000 0.527699 0.000000 -0.849431 0.207601 0.207601 0.207601
5721.268555 0.000000 581.252869 0.000000 0.942903 0.000000 -0.333068 0.213298 0.213298 0.213298
5705.453613 0.000000 571.163147 0.000000 0.998758 0.000000 -0.049828 0.200367 0.200367 0.200367
5741.233887 0.000000 590.741028 0.000000 0.225227 0.000000 -0.974306 0.211405 0.211405 0.211405
5753.426758 0.000000 582.242676 0.000000 0.187546 0.000000 -0.982256 0.227658 0.227658 0.227658
5733.084961 0.000000 579.641357 0.000000 0.997211 0.000000 -0.074633 0.259241 0.259241 0.259241
5742.271484 0.000000 602.132263 0.000000 0.194651 0.000000 -0.980873 0.213043 0.213043 0.213043
5734.465332 0.000000 589.941467 0.000000 0.733392 0.000000 -0.679806 0.219096 0.219096 0.219096
5741.791016 0.000000 578.181885 0.000000 0.975806 0.000000 -0.218640 0.257541 0.257541 0.257541
5710.716309 0.000000 574.577393 0.000000 0.200185 0.000000 -0.979758 0.261294 0.261294 0.261294
5741.060059 0.000000 607.235535 0.000000 0.995576 0.000000 -0.093962 0.225379 0.225379 0.225379
5733.443359 0.000000 584.645752 0.000000 0.995155 0.000000 -0.098317 0.239141 0.239141 0.239141
5737.396484 0.000000 578.602661 0.000000 0.867828 0.000000 -0.496865 0.324140 0.324140 0.324140
5709.333984 0.000000 569.173096 0.000000 0.986416 0.000000 -0.164269 0.213662 0.213662 0.213662
5749.757812 0.000000 584.208496 0.000000 0.887182 0.000000 -0.461419 0.239222 0.239222 0.239222
5751.430664 0.000000 578.720764 0.000000 0.650421 0.000000 -0.759574 0.221684 0.221684 0.221684
5737.764648 0.000000 593.167969 0.000000 0.197690 0.000000 -0.980265 0.227539 0.227539 0.227539
5730.040527 0.000000 583.148682 0.000000 0.223542 0.000000 -0.974694 0.250968 0.250968 0.250968
5742.165527 0.000000 582.385986 0.000000 0.662392 0.000000 -0.749157 0.267163 0.267163 0.267163
5740.817383 0.000000 574.369751 0.000000 0.831104 0.000000 -0.556116 0.225966 0.225966 0.225966
5744.446289 0.000000 575.674561 0.000000 0.784362 0.000000 -0.620303 0.229486 0.229486 0.229486
5745.098145 0.000000 579.219666 0.000000 0.310511 0.000000 -0.950570 0.272121 0.272121 0.272121
5735.553711 0.000000 582.046021 0.000000 0.694384 0.000000 -0.719604 0.329367 0.329367 0.329367
5746.335449 0.000000 585.736816 0.000000 0.832461 0.000000 -0.554084 0.249619 0.249619 0.249619
5738.699707 0.000000 605.222534 0.000000 0.988155 0.000000 -0.153462 0.244670 0.244670 0.244670
5739.534668 0.000000 580.833496 0.000000 0.743008 0.000000 -0.669283 0.293795 0.293795 0.293795
5740.193359 0.000000 585.788269 0.000000 0.841083 0.000000 -0.540906 0.303876 0.303876 0.303876
5732.534668 0.000000 582.021790 0.000000 0.808920 0.000000 -0.587919 0.283464 0.283464 0.283464
5735.451172 0.000000 579.839294 0.000000 0.575951 0.000000 -0.817484 0.321613 0.321613 0.321613
5757.524414 0.000000 626.841553 0.000000 0.996728 0.000000 -0.080832 0.287922 0.287922 0.287922
5754.815430 0.000000 628.897278 0.000000 0.007705 0.000000 -0.999970 0.309721 0.309721 0.309721
5756.365723 0.000000 624.055786 0.000000 0.992064 0.000000 -0.125735 0.262603 0.262603 0.262603
5752.357422 0.000000 629.675049 0.000000 0.505902 0.000000 -0.862591 0.291609 0.291609 0.291609
5759.835938 0.000000 625.812195 0.000000 0.951905 0.000000 -0.306393 0.264114 0.264114 0.264114
5751.474609 0.000000 626.398804 0.000000 0.616678 0.000000 -0.787216 0.296714 0.296714 0.296714
5801.206543 0.000000 573.387390 0.000000 0.572106 0.000000 -0.820180 0.222823 0.222823 0.222823
5823.683594 0.000000 577.884155 0.000000 0.343116 0.000000 -0.939293 0.278561 0.278561 0.278561
5802.581543 0.000000 583.648560 0.000000 0.800048 0.000000 -0.599936 0.204578 0.204578 0.204578
5798.465332 0.000000 589.941467 0.000000 0.237928 0.000000 -0.971283 0.228443 0.228443 0.228443
5796.049805 0.000000 601.133301 0.000000 0.900751 0.000000 -0.434337 0.257110 0.257110 0.257110
5801.605957 0.000000 602.325256 0.000000 0.483657 0.000000 -0.875258 0.274112 0.274112 0.274112
5802.133789 0.000000 568.981079 0.000000 0.995128 0.000000 -0.098589 0.212900 0.212900 0.212900
5801.396484 0.000000 578.602661 0.000000 0.999793 0.000000 -0.020337 0.200193 0.200193 0.200193
5797.993652 0.000000 594.407104 0.000000 0.892860 0.000000 -0.450333 0.257442 0.257442 0.257442
5802.157715 0.000000 587.679993 0.000000 0.999058 0.000000 -0.043398 0.213393 0.213393 0.213393
5817.786621 0.000000 569.368591 0.000000 0.441595 0.000000 -0.897214 0.243415 0.243415 0.243415
5821.449707 0.000000 574.329895 0.000000 0.013006 0.000000 -0.999915 0.304988 0.304988 0.304988
5796.176270 0.000000 608.863342 0.000000 0.999621 0.000000 -0.027537 0.214333 0.214333 0.214333
5799.131348 0.000000 599.822876 0.000000 0.330531 0.000000 -0.943795 0.332703 0.332703 0.332703
5818.815430 0.000000 572.412903 0.000000 0.710183 0.000000 -0.704017 0.300321 0.300321 0.300321
5798.737793 0.000000 603.321655 0.000000 0.498213 0.000000 -0.867055 0.294608 0.294608 0.294608
5798.885742 0.000000 609.005432 0.000000 0.874259 0.000000 -0.485460 0.260668 0.260668 0.260668
5821.258301 0.000000 576.858093 0.000000 0.444230 0.000000 -0.895913 0.321774 0.321774 0.321774
5798.985352 0.000000 596.708191 0.000000 0.806406 0.000000 -0.591363 0.318654 0.318654 0.318654
5800.581055 0.000000 595.108154 0.000000 0.914133 0.000000 -0.405415 0.278576 0.278576 0.278576
5827.834473 0.000000 564.846252 0.000000 0.038092 0.000000 -0.999274 0.210905 0.210905 0.210905
5827.589355 0.000000 577.226013 0.000000 0.799601 0.000000 -0.600531 0.204583 0.204583 0.204583
5763.834473 0.000000 621.330627 0.000000 0.809428 0.000000 -0.587219 0.204857 0.204857 0.204857
5761.476562 0.000000 627.786804 0.000000 0.542527 0.000000 -0.840038 0.280979 0.280979 0.280979
5765.568848 0.000000 625.346008 0.000000 0.859875 0.000000 -0.510504 0.297787 0.297787 0.297787
5762.492188 0.000000 624.917725 0.000000 0.260566 0.000000 -0.965456 0.327368 0.327368 0.327368
5766.297363 0.000000 622.676270 0.000000 0.611982 0.000000 -0.790872 0.269756 0.269756 0.269756
5764.015137 0.000000 627.415222 0.000000 0.155341 0.000000 -0.987861 0.285358 0.285358 0.285358
5766.927734 0.000000 627.675537 0.000000 0.968440 0.000000 -0.249246 0.259340 0.259340 0.259340
5768.000977 0.000000 625.389343 0.000000 0.311004 0.000000 -0.950409 0.327357 0.327357 0.327357
5972.950195 0.000000 461.044220 0.000000 0.831782 0.000000 -0.555102 0.223474 0.223474 0.223474
5970.974121 0.000000 453.277924 0.000000 0.053307 0.000000 -0.998578 0.262282 0.262282 0.262282
5103.143066 0.000000 1098.880615 0.000000 0.227453 0.000000 -0.973789 0.492424 0.492424 0.492424
4224.390625 0.000000 1681.597046 0.000000 0.232001 0.000000 -0.972716 0.242411 0.242411 0.242411
5134.146973 0.000000 1095.056641 0.000000 0.360946 0.000000 -0.932587 0.268311 0.268311 0.268311
5225.764648 0.000000 1214.496094 0.000000 0.906051 0.000000 -0.423168 0.281501 0.281501 0.281501
6205.733887 0.000000 316.632111 0.000000 0.976572 0.000000 -0.215189 0.273931 0.273931 0.273931
6144.290527 0.000000 316.787018 0.000000 0.638558 0.000000 -0.769574 0.214145 0.214145 0.214145
6204.270508 0.000000 330.755707 0.000000 0.393110 0.000000 -0.919492 0.311748 0.311748 0.311748
6207.419434 0.000000 304.293945 0.000000 0.191968 0.000000 -0.981401 0.332417 0.332417 0.332417
6147.716309 0.000000 323.528046 0.000000 0.502702 0.000000 -0.864460 0.234393 0.234393 0.234393
6153.163574 0.000000 321.722687 0.000000 0.398868 0.000000 -0.917008 0.217072 0.217072 0.217072
6198.872070 0.000000 328.756287 0.000000 0.966220 0.000000 -0.257720 0.245325 0.245325 0.245325
6200.634766 0.000000 318.210480 0.000000 0.743970 0.000000 -0.668213 0.234120 0.234120 0.234120
6149.002930 0.000000 318.549866 0.000000 0.760995 0.000000 -0.648758 0.227440 0.227440 0.227440
6202.165039 0.000000 304.972565 0.000000 0.389879 0.000000 -0.920866 0.210664 0.210664 0.210664
6206.127441 0.000000 299.861847 0.000000 0.608946 0.000000 -0.793212 0.226196 0.226196 0.226196
6200.851562 0.000000 314.034302 0.000000 0.997666 0.000000 -0.068277 0.229566 0.229566 0.229566
6206.018555 0.000000 308.316956 0.000000 0.879942 0.000000 -0.475081 0.250542 0.250542 0.250542
6144.390625 0.000000 325.972015 0.000000 0.997309 0.000000 -0.073317 0.229639 0.229639 0.229639
6144.073242 0.000000 320.983337 0.000000 0.898861 0.000000 -0.438234 0.258420 0.258420 0.258420
6202.988770 0.000000 316.055939 0.000000 0.739470 0.000000 -0.673190 0.289964 0.289964 0.289964
6146.892090 0.000000 320.623169 0.000000 0.813465 0.000000 -0.581613 0.253970 0.253970 0.253970
6206.888184 0.000000 319.046906 0.000000 0.620238 0.000000 -0.784414 0.269553 0.269553 0.269553
6204.341309 0.000000 335.589722 0.000000 0.975824 0.000000 -0.218559 0.263415 0.263415 0.263415
6202.085938 0.000000 329.580475 0.000000 0.840920 0.000000 -0.541160 0.268212 0.268212 0.268212
6196.503418 0.000000 336.839447 0.000000 0.997396 0.000000 -0.072121 0.256912 0.256912 0.256912
6199.341309 0.000000 333.713867 0.000000 0.467492 0.000000 -0.883997 0.364790 0.364790 0.364790
6202.541992 0.000000 331.592926 0.000000 0.984271 0.000000 -0.176664 0.331701 0.331701 0.331701
6208.354004 0.000000 330.389771 0.000000 0.998242 0.000000 -0.059268 0.202263 0.202263 0.202263
6236.282227 0.000000 319.317871 0.000000 0.349714 0.000000 -0.936857 0.298457 0.298457 0.298457
6260.600586 0.000000 305.635681 0.000000 0.983674 0.000000 -0.179959 0.243971 0.243971 0.243971
6208.290527 0.000000 316.787018 0.000000 0.481873 0.000000 -0.876241 0.314853 0.314853 0.314853
6215.693359 0.000000 314.254456 0.000000 0.770244 0.000000 -0.637749 0.265485 0.265485 0.265485
6253.233887 0.000000 308.319153 0.000000 0.862717 0.000000 -0.505687 0.225211 0.225211 0.225211
6210.164551 0.000000 301.793427 0.000000 0.807238 0.000000 -0.590226 0.268146 0.268146 0.268146
6257.916504 0.000000 300.211884 0.000000 0.117758 0.000000 -0.993042 0.334597 0.334597 0.334597
6217.163574 0.000000 321.722687 0.000000 0.589612 0.000000 -0.807687 0.293425 0.293425 0.293425
6235.974121 0.000000 314.151398 0.000000 0.494474 0.000000 -0.869193 0.230517 0.230517 0.230517
6213.002930 0.000000 318.549866 0.000000 0.917191 0.000000 -0.398447 0.325507 0.325507 0.325507
6246.720703 0.000000 329.156555 0.000000 0.870042 0.000000 -0.492977 0.226250 0.226250 0.226250
6234.548828 0.000000 323.734924 0.000000 0.214558 0.000000 -0.976711 0.255357 0.255357 0.255357
6241.638184 0.000000 329.190521 0.000000 0.203076 0.000000 -0.979163 0.278544 0.278544 0.278544
6221.646484 0.000000 323.168121 0.000000 0.865076 0.000000 -0.501641 0.276047 0.276047 0.276047
6261.757812 0.000000 301.786621 0.000000 0.725632 0.000000 -0.688083 0.293102 0.293102 0.293102
6231.759277 0.000000 326.547668 0.000000 0.781828 0.000000 -0.623495 0.233317 0.233317 0.233317
6208.522461 0.000000 298.123932 0.000000 0.827946 0.000000 -0.560808 0.226038 0.226038 0.226038
6225.216309 0.000000 322.303162 0.000000 0.124316 0.000000 -0.992243 0.288960 0.288960 0.288960
6244.176270 0.000000 326.441467 0.000000 0.437457 0.000000 -0.899239 0.273739 0.273739 0.273739
6217.808105 0.000000 318.127441 0.000000 0.476833 0.000000 -0.878994 0.349686 0.349686 0.349686
6213.963867 0.000000 303.120880 0.000000 0.008902 0.000000 -0.999960 0.295922 0.295922 0.295922
6212.219238 0.000000 315.056030 0.000000 0.057245 0.000000 -0.998360 0.287365 0.287365 0.287365
6208.205078 0.000000 304.840546 0.000000 0.365763 0.000000 -0.930708 0.327156 0.327156 0.327156
6226.867188 0.000000 325.385803 0.000000 0.621320 0.000000 -0.783557 0.246936 0.246936 0.246936
6231.871582 0.000000 321.902893 0.000000 0.869275 0.000000 -0.494328 0.272101 0.272101 0.272101
6258.335449 0.000000 303.314911 0.000000 0.576951 0.000000 -0.816778 0.306230 0.306230 0.306230
6240.693359 0.000000 334.410126 0.000000 0.910658 0.000000 -0.413161 0.259120 0.259120 0.259120
6238.662598 0.000000 328.612305 0.000000 0.999991 0.000000 -0.004206 0.231997 0.231997 0.231997
6214.113770 0.000000 321.380371 0.000000 0.910712 0.000000 -0.413042 0.249349 0.249349 0.249349
6219.713867 0.000000 320.425018 0.000000 0.998814 0.000000 -0.048681 0.318831 0.318831 0.318831
6233.164062 0.000000 338.281311 0.000000 0.911207 0.000000 -0.411948 0.286148 0.286148 0.286148
6215.290527 0.000000 317.094238 0.000000 0.762538 0.000000 -0.646944 0.344989 0.344989 0.344989
6210.873047 0.000000 308.712097 0.000000 0.340653 0.000000 -0.940189 0.329415 0.329415 0.329415
6254.630859 0.000000 306.198547 0.000000 0.939778 0.000000 -0.341785 0.263677 0.263677 0.263677
6255.774902 0.000000 301.610413 0.000000 0.988974 0.000000 -0.148088 0.276991 0.276991 0.276991
6209.439453 0.000000 306.801239 0.000000 0.508677 0.000000 -0.860957 0.322536 0.322536 0.322536
6209.116211 0.000000 318.921082 0.000000 0.155524 0.000000 -0.987832 0.313691 0.313691 0.313691
6260.127930 0.000000 300.304321 0.000000 0.996436 0.000000 -0.084352 0.276579 0.276579 0.276579
6222.486328 0.000000 321.103699 0.000000 0.352755 0.000000 -0.935716 0.369550 0.369550 0.369550
6198.803711 0.000000 340.972412 0.000000 0.067862 0.000000 -0.997695 0.227637 0.227637 0.227637
6207.291016 0.000000 339.311310 0.000000 0.484493 0.000000 -0.874795 0.217400 0.217400 0.217400
6145.469238 0.000000 393.454346 0.000000 0.459714 0.000000 -0.888067 0.212413 0.212413 0.212413
6144.390625 0.000000 382.456390 0.000000 0.653297 0.000000 -0.757101 0.313249 0.313249 0.313249
6144.073242 0.000000 377.467712 0.000000 0.131315 0.000000 -0.991341 0.324978 0.324978 0.324978
6206.612305 0.000000 390.546539 0.000000 0.614213 0.000000 -0.789141 0.269701 0.269701 0.269701
6147.856934 0.000000 388.978210 0.000000 0.982693 0.000000 -0.185243 0.246389 0.246389 0.246389
6201.786621 0.000000 343.431061 0.000000 0.146241 0.000000 -0.989249 0.252147 0.252147 0.252147
6146.892090 0.000000 377.107544 0.000000 0.356094 0.000000 -0.934450 0.283970 0.283970 0.283970
6144.956543 0.000000 380.026154 0.000000 0.400591 0.000000 -0.916257 0.346671 0.346671 0.346671
6208.354004 0.000000 386.874146 0.000000 0.518826 0.000000 -0.854880 0.248862 0.248862 0.248862
6215.674805 0.000000 362.852264 0.000000 0.007300 0.000000 -0.999973 0.214638 0.214638 0.214638
6228.950195 0.000000 348.075470 0.000000 0.645487 0.000000 -0.763771 0.345418 0.345418 0.345418
6240.264648 0.000000 360.774780 0.000000 0.063516 0.000000 -0.997981 0.506490 0.506490 0.506490
6222.189453 0.000000 375.350006 0.000000 0.814015 0.000000 -0.580844 0.275572 0.275572 0.275572
6238.802246 0.000000 338.967407 0.000000 0.601054 0.000000 -0.799209 0.319310 0.319310 0.319310
6227.921875 0.000000 363.231659 0.000000 0.955336 0.000000 -0.295521 0.295106 0.295106 0.295106
6218.048340 0.000000 384.406555 0.000000 0.938534 0.000000 -0.345186 0.221766 0.221766 0.221766
6221.467773 0.000000 354.461517 0.000000 0.081493 0.000000 -0.996674 0.223274 0.223274 0.223274
6229.428223 0.000000 371.253906 0.000000 0.548187 0.000000 -0.836355 0.408363 0.408363 0.408363
6214.599121 0.000000 392.007202 0.000000 0.806802 0.000000 -0.590822 0.220276 0.220276 0.220276
6229.035156 0.000000 379.623352 0.000000 0.886666 0.000000 -0.462411 0.402901 0.402901 0.402901
6230.797363 0.000000 339.880890 0.000000 0.355104 0.000000 -0.934827 0.210553 0.210553 0.210553
6234.840820 0.000000 365.610596 0.000000 0.868535 0.000000 -0.495627 0.439615 0.439615 0.439615
6222.124512 0.000000 367.915070 0.000000 0.974772 0.000000 -0.223201 0.326344 0.326344 0.326344
6245.084961 0.000000 353.703857 0.000000 0.770734 0.000000 -0.637157 0.206295 0.206295 0.206295
6240.909180 0.000000 381.149567 0.000000 0.172280 0.000000 -0.985048 0.305757 0.305757 0.305757
6234.616699 0.000000 345.115662 0.000000 0.639131 0.000000 -0.769098 0.404252 0.404252 0.404252
6209.476562 0.000000 345.364929 0.000000 0.989003 0.000000 -0.147895 0.203138 0.203138 0.203138
6222.146973 0.000000 360.759735 0.000000 0.391690 0.000000 -0.920097 0.336628 0.336628 0.336628
6224.020996 0.000000 383.134521 0.000000 0.997454 0.000000 -0.071317 0.391889 0.391889 0.391889
6209.469238 0.000000 393.454346 0.000000 0.937179 0.000000 -0.348849 0.225392 0.225392 0.225392
6234.661621 0.000000 360.343933 0.000000 0.877307 0.000000 -0.479929 0.434117 0.434117 0.434117
6213.002930 0.000000 375.034241 0.000000 0.999764 0.000000 -0.021730 0.272790 0.272790 0.272790
6226.853027 0.000000 375.513672 0.000000 0.191592 0.000000 -0.981475 0.403013 0.403013 0.403013
6239.949707 0.000000 373.162262 0.000000 0.458062 0.000000 -0.888920 0.483651 0.483651 0.483651
6224.913574 0.000000 371.476349 0.000000 0.579175 0.000000 -0.815203 0.371374 0.371374 0.371374
6217.597656 0.000000 388.781677 0.000000 0.388673 0.000000 -0.921376 0.229284 0.229284 0.229284
6239.822266 0.000000 364.967377 0.000000 0.912687 0.000000 -0.408660 0.432161 0.432161 0.432161
6234.844238 0.000000 340.623718 0.000000 0.765279 0.000000 -0.643699 0.444695 0.444695 0.444695
6230.596680 0.000000 359.437408 0.000000 0.276951 0.000000 -0.960884 0.408694 0.408694 0.408694
6230.302246 0.000000 343.960297 0.000000 0.379296 0.000000 -0.925276 0.347440 0.347440 0.347440
6209.602051 0.000000 369.279572 0.000000 0.914987 0.000000 -0.403484 0.250385 0.250385 0.250385
6238.227539 0.000000 343.463623 0.000000 0.949200 0.000000 -0.314674 0.232041 0.232041 0.232041
6208.173340 0.000000 340.730896 0.000000 0.181034 0.000000 -0.983477 0.227734 0.227734 0.227734
6231.828125 0.000000 363.083038 0.000000 0.827718 0.000000 -0.561144 0.390298 0.390298 0.390298
6242.040527 0.000000 357.211182 0.000000 0.590896 0.000000 -0.806748 0.356420 0.356420 0.356420
6217.889160 0.000000 394.171265 0.000000 0.773121 0.000000 -0.634259 0.292650 0.292650 0.292650
6225.216309 0.000000 378.787537 0.000000 0.467383 0.000000 -0.884055 0.331123 0.331123 0.331123
6236.683105 0.000000 352.340179 0.000000 0.065216 0.000000 -0.997871 0.496221 0.496221 0.496221
6223.712891 0.000000 357.520416 0.000000 0.247504 0.000000 -0.968887 0.267613 0.267613 0.267613
6225.983398 0.000000 360.274506 0.000000 0.794208 0.000000 -0.607646 0.323238 0.323238 0.323238
6236.263672 0.000000 348.202301 0.000000 0.662560 0.000000 -0.749009 0.307450 0.307450 0.307450
6237.234863 0.000000 362.615051 0.000000 0.746805 0.000000 -0.665043 0.455581 0.455581 0.455581
6238.089844 0.000000 367.841583 0.000000 0.826479 0.000000 -0.562968 0.445682 0.445682 0.445682
6212.219238 0.000000 371.540405 0.000000 0.999631 0.000000 -0.027160 0.262772 0.262772 0.262772
6237.536621 0.000000 378.919403 0.000000 0.917518 0.000000 -0.397695 0.428387 0.428387 0.428387
6231.871582 0.000000 378.387268 0.000000 0.745669 0.000000 -0.666317 0.449521 0.449521 0.449521
6223.660156 0.000000 390.071533 0.000000 0.960623 0.000000 -0.277855 0.270653 0.270653 0.270653
6230.343750 0.000000 356.298462 0.000000 0.392904 0.000000 -0.919579 0.345464 0.345464 0.345464
6238.841309 0.000000 370.538391 0.000000 0.664427 0.000000 -0.747353 0.464482 0.464482 0.464482
6237.260254 0.000000 373.175507 0.000000 0.772233 0.000000 -0.635340 0.452594 0.452594 0.452594
6230.909180 0.000000 349.906097 0.000000 0.999774 0.000000 -0.021256 0.385543 0.385543 0.385543
6234.616211 0.000000 362.988678 0.000000 0.771607 0.000000 -0.636100 0.452669 0.452669 0.452669
6220.244629 0.000000 389.522888 0.000000 0.896396 0.000000 -0.443255 0.342439 0.342439 0.342439
6228.109863 0.000000 350.595917 0.000000 0.760761 0.000000 -0.649032 0.334308 0.334308 0.334308
6228.724609 0.000000 368.606659 0.000000 0.509507 0.000000 -0.860466 0.355661 0.355661 0.355661
6213.178223 0.000000 364.276276 0.000000 0.982309 0.000000 -0.187269 0.256913 0.256913 0.256913
6235.115234 0.000000 368.189911 0.000000 0.994752 0.000000 -0.102314 0.407830 0.407830 0.407830
6231.654785 0.000000 372.561707 0.000000 0.103475 0.000000 -0.994632 0.512081 0.512081 0.512081
6210.786133 0.000000 373.806915 0.000000 0.553118 0.000000 -0.833103 0.321014 0.321014 0.321014
6219.346680 0.000000 386.870270 0.000000 0.596177 0.000000 -0.802853 0.264761 0.264761 0.264761
6210.873047 0.000000 365.196472 0.000000 0.933725 0.000000 -0.357991 0.276170 0.276170 0.276170
6224.434082 0.000000 368.967407 0.000000 0.870566 0.000000 -0.492052 0.353609 0.353609 0.353609
6227.150879 0.000000 372.667786 0.000000 0.092100 0.000000 -0.995750 0.409051 0.409051 0.409051
6242.441895 0.000000 372.869598 0.000000 0.934641 0.000000 -0.355592 0.280980 0.280980 0.280980
6224.687988 0.000000 374.091400 0.000000 0.961823 0.000000 -0.273673 0.302886 0.302886 0.302886
6234.002441 0.000000 352.941589 0.000000 0.301819 0.000000 -0.953365 0.481428 0.481428 0.481428
6232.755859 0.000000 358.255463 0.000000 0.127772 0.000000 -0.991804 0.484908 0.484908 0.484908
6228.471191 0.000000 360.731812 0.000000 0.999439 0.000000 -0.033502 0.266296 0.266296 0.266296
6238.667969 0.000000 375.287598 0.000000 0.343132 0.000000 -0.939287 0.493243 0.493243 0.493243
6237.193848 0.000000 365.117371 0.000000 0.999896 0.000000 -0.014429 0.401102 0.401102 0.401102
6233.025879 0.000000 339.154175 0.000000 0.221790 0.000000 -0.975094 0.309002 0.309002 0.309002
6223.784668 0.000000 380.728912 0.000000 0.875801 0.000000 -0.482672 0.344134 0.344134 0.344134
6235.828125 0.000000 342.945435 0.000000 0.917931 0.000000 -0.396740 0.426379 0.426379 0.426379
6232.466797 0.000000 365.430328 0.000000 0.831582 0.000000 -0.555403 0.443073 0.443073 0.443073
6242.304199 0.000000 355.006073 0.000000 0.968144 0.000000 -0.250395 0.324950 0.324950 0.324950
6236.442383 0.000000 338.923645 0.000000 0.335585 0.000000 -0.942010 0.461837 0.461837 0.461837
6232.281738 0.000000 360.921448 0.000000 0.620832 0.000000 -0.783944 0.461633 0.461633 0.461633
6227.258789 0.000000 377.799774 0.000000 0.712408 0.000000 -0.701766 0.364278 0.364278 0.364278
6237.291992 0.000000 350.197327 0.000000 0.516550 0.000000 -0.856257 0.375882 0.375882 0.375882
6238.946777 0.000000 352.145203 0.000000 0.573395 0.000000 -0.819279 0.424759 0.424759 0.424759
6232.196777 0.000000 345.174255 0.000000 0.747036 0.000000 -0.664783 0.446295 0.446295 0.446295
6231.342285 0.000000 354.416992 0.000000 0.912356 0.000000 -0.409397 0.294742 0.294742 0.294742
6229.939941 0.000000 364.239685 0.000000 0.468014 0.000000 -0.883721 0.313854 0.313854 0.313854
6223.977051 0.000000 387.973328 0.000000 0.808052 0.000000 -0.589112 0.359625 0.359625 0.359625
6210.422852 0.000000 367.305847 0.000000 0.994824 0.000000 -0.101617 0.295391 0.295391 0.295391
6231.989746 0.000000 351.936096 0.000000 0.998846 0.000000 -0.048030 0.379112 0.379112 0.379112
6234.413574 0.000000 347.177765 0.000000 0.997790 0.000000 -0.066441 0.328608 0.328608 0.328608
6230.645996 0.000000 369.571991 0.000000 0.214899 0.000000 -0.976636 0.487226 0.487226 0.487226
6239.429199 0.000000 362.834381 0.000000 0.962370 0.000000 -0.271744 0.421024 0.421024 0.421024
6236.897949 0.000000 360.545166 0.000000 0.999170 0.000000 -0.040746 0.382122 0.382122 0.382122
6222.324707 0.000000 362.794159 0.000000 0.661761 0.000000 -0.749715 0.348846 0.348846 0.348846
6237.062500 0.000000 356.582520 0.000000 0.716081 0.000000 -0.698017 0.416097 0.416097 0.416097
6236.530762 0.000000 380.581207 0.000000 0.992817 0.000000 -0.119647 0.386570 0.386570 0.386570
6238.427246 0.000000 377.193451 0.000000 0.969150 0.000000 -0.246473 0.419025 0.419025 0.419025
6226.928223 0.000000 379.811005 0.000000 0.998371 0.000000 -0.057051 0.317993 0.317993 0.317993
6243.914551 0.000000 367.665375 0.000000 0.983650 0.000000 -0.180090 0.338924 0.338924 0.338924
6243.805176 0.000000 357.820618 0.000000 0.998285 0.000000 -0.058543 0.323744 0.323744 0.323744
6237.993164 0.000000 353.704132 0.000000 0.491996 0.000000 -0.870597 0.467517 0.467517 0.467517
6241.556152 0.000000 365.580566 0.000000 0.164400 0.000000 -0.986394 0.507384 0.507384 0.507384
6238.384766 0.000000 380.500946 0.000000 0.426877 0.000000 -0.904310 0.421405 0.421405 0.421405
6234.396484 0.000000 348.943970 0.000000 0.295953 0.000000 -0.955202 0.406202 0.406202 0.406202
6242.170410 0.000000 367.263580 0.000000 0.807020 0.000000 -0.590523 0.357020 0.357020 0.357020
6235.568359 0.000000 372.313629 0.000000 0.640320 0.000000 -0.768108 0.466912 0.466912 0.466912
6235.789062 0.000000 374.085938 0.000000 0.505366 0.000000 -0.862905 0.470170 0.470170 0.470170
6238.555664 0.000000 361.243713 0.000000 0.963389 0.000000 -0.268107 0.418093 0.418093 0.418093
6235.705566 0.000000 378.945099 0.000000 0.440568 0.000000 -0.897719 0.471790 0.471790 0.471790
6231.132812 0.000000 376.854950 0.000000 0.373150 0.000000 -0.927771 0.486633 0.486633 0.486633
6238.632324 0.000000 366.216370 0.000000 0.991643 0.000000 -0.129010 0.409883 0.409883 0.409883
6235.994141 0.000000 363.939514 0.000000 0.776853 0.000000 -0.629682 0.452036 0.452036 0.452036
6232.543945 0.000000 349.083771 0.000000 0.997622 0.000000 -0.068920 0.383707 0.383707 0.383707
6233.702148 0.000000 364.348480 0.000000 0.201679 0.000000 -0.979452 0.500048 0.500048 0.500048
6242.717285 0.000000 364.269318 0.000000 0.239323 0.000000 -0.970940 0.418531 0.418531 0.418531
6231.875000 0.000000 370.982056 0.000000 0.998220 0.000000 -0.059644 0.404559 0.404559 0.404559
6238.637207 0.000000 357.075165 0.000000 0.999721 0.000000 -0.023606 0.401580 0.401580 0.401580
6234.288574 0.000000 358.738953 0.000000 0.669457 0.000000 -0.742851 0.421055 0.421055 0.421055
6230.663086 0.000000 373.797485 0.000000 0.996992 0.000000 -0.077501 0.405927 0.405927 0.405927
6224.417480 0.000000 384.777252 0.000000 0.578018 0.000000 -0.816024 0.433460 0.433460 0.433460
6228.371582 0.000000 375.444336 0.000000 0.874091 0.000000 -0.485762 0.424279 0.424279 0.424279
6235.479980 0.000000 353.265259 0.000000 0.535396 0.000000 -0.844601 0.464786 0.464786 0.464786
6240.099609 0.000000 375.725830 0.000000 0.747378 0.000000 -0.664399 0.448440 0.448440 0.448440
6231.405273 0.000000 368.275421 0.000000 0.872757 0.000000 -0.488155 0.432848 0.432848 0.432848
6234.442871 0.000000 354.391388 0.000000 0.995888 0.000000 -0.090595 0.396505 0.396505 0.396505
6233.273438 0.000000 359.834778 0.000000 0.532117 0.000000 -0.846671 0.458080 0.458080 0.458080
6234.272949 0.000000 366.989624 0.000000 0.859252 0.000000 -0.511552 0.441023 0.441023 0.441023
6236.560059 0.000000 368.182678 0.000000 0.951017 0.000000 -0.309139 0.424010 0.424010 0.424010
6230.136230 0.000000 372.484863 0.000000 0.760727 0.000000 -0.649072 0.453962 0.453962 0.453962
6238.551758 0.000000 373.661072 0.000000 0.974669 0.000000 -0.223651 0.417231 0.417231 0.417231
6233.071777 0.000000 372.270233 0.000000 0.980380 0.000000 -0.197115 0.415158 0.415158 0.415158
6233.687012 0.000000 368.487274 0.000000 0.686210 0.000000 -0.727404 0.462226 0.462226 0.462226
6239.819336 0.000000 371.642059 0.000000 0.975129 0.000000 -0.221636 0.417074 0.417074 0.417074
6147.834473 0.000000 395.393158 0.000000 0.900908 0.000000 -0.434010 0.239975 0.239975 0.239975
6147.589355 0.000000 407.772858 0.000000 0.342139 0.000000 -0.939649 0.211589 0.211589 0.211589
6145.476562 0.000000 401.849304 0.000000 0.766586 0.000000 -0.642142 0.300785 0.300785 0.300785
6211.834473 0.000000 395.393158 0.000000 0.995951 0.000000 -0.089901 0.200618 0.200618 0.200618
6217.437988 0.000000 396.208313 0.000000 0.767648 0.000000 -0.640871 0.273320 0.273320 0.273320
6464.354004 0.000000 1403.592896 0.000000 0.375799 0.000000 -0.926701 0.346075 0.346075 0.346075
6473.597656 0.000000 1405.500488 0.000000 0.785146 0.000000 -0.619311 0.214454 0.214454 0.214454
6468.256348 0.000000 1411.140747 0.000000 0.048806 0.000000 -0.998808 0.325686 0.325686 0.325686
6470.498535 0.000000 1410.168091 0.000000 0.507241 0.000000 -0.861804 0.479360 0.479360 0.479360
6471.945312 0.000000 1408.031006 0.000000 0.919047 0.000000 -0.394148 0.428017 0.428017 0.428017
6450.281250 0.000000 1455.178589 0.000000 0.111298 0.000000 -0.993787 0.477278 0.477278 0.477278
6452.600586 0.000000 1435.323242 0.000000 0.148780 0.000000 -0.988870 0.209404 0.209404 0.209404
6460.270508 0.000000 1460.443237 0.000000 0.920593 0.000000 -0.390524 0.392135 0.392135 0.392135
6452.449707 0.000000 1444.869873 0.000000 0.388439 0.000000 -0.921474 0.209362 0.209362 0.209362
6457.729980 0.000000 1452.898926 0.000000 0.389399 0.000000 -0.921069 0.412542 0.412542 0.412542
6445.233887 0.000000 1438.006714 0.000000 0.979624 0.000000 -0.200839 0.338583 0.338583 0.338583
6463.291016 0.000000 1412.514404 0.000000 0.764012 0.000000 -0.645201 0.299574 0.299574 0.299574
6462.112305 0.000000 1456.028076 0.000000 0.435552 0.000000 -0.900164 0.268220 0.268220 0.268220
6453.811523 0.000000 1453.408447 0.000000 0.422038 0.000000 -0.906578 0.271279 0.271279 0.271279
6448.887695 0.000000 1436.984863 0.000000 0.437857 0.000000 -0.899045 0.411524 0.411524 0.411524
6444.877441 0.000000 1445.896362 0.000000 0.211863 0.000000 -0.977299 0.268261 0.268261 0.268261
6448.763672 0.000000 1451.915771 0.000000 0.917882 0.000000 -0.396854 0.364472 0.364472 0.364472
6456.579102 0.000000 1461.271729 0.000000 0.926916 0.000000 -0.375269 0.349606 0.349606 0.349606
6460.365723 0.000000 1414.837036 0.000000 0.841154 0.000000 -0.540795 0.244357 0.244357 0.244357
6453.610352 0.000000 1447.602173 0.000000 0.894224 0.000000 -0.447619 0.294621 0.294621 0.294621
6460.718750 0.000000 1453.340820 0.000000 0.992436 0.000000 -0.122767 0.251032 0.251032 0.251032
6455.879395 0.000000 1455.304199 0.000000 0.921948 0.000000 -0.387314 0.412441 0.412441 0.412441
6462.830566 0.000000 1459.344482 0.000000 0.935211 0.000000 -0.354090 0.393843 0.393843 0.393843
6451.409180 0.000000 1437.595581 0.000000 0.259372 0.000000 -0.965777 0.351654 0.351654 0.351654
6445.452148 0.000000 1440.679199 0.000000 0.073656 0.000000 -0.997284 0.305099 0.305099 0.305099
6458.085938 0.000000 1459.267944 0.000000 0.215989 0.000000 -0.976396 0.353140 0.353140 0.353140
6463.835938 0.000000 1416.593506 0.000000 0.286869 0.000000 -0.957970 0.490104 0.490104 0.490104
6460.546387 0.000000 1440.049072 0.000000 0.942677 0.000000 -0.333708 0.286486 0.286486 0.286486
6462.298340 0.000000 1461.580078 0.000000 0.415019 0.000000 -0.909813 0.415847 0.415847 0.415847
6455.657227 0.000000 1452.483154 0.000000 0.624353 0.000000 -0.781142 0.393554 0.393554 0.393554
6449.818848 0.000000 1438.857056 0.000000 0.465769 0.000000 -0.884907 0.469156 0.469156 0.469156
6461.048828 0.000000 1451.374756 0.000000 0.998356 0.000000 -0.057313 0.400216 0.400216 0.400216
6452.105469 0.000000 1454.500366 0.000000 0.450433 0.000000 -0.892810 0.413915 0.413915 0.413915
6454.407227 0.000000 1465.145020 0.000000 0.071142 0.000000 -0.997466 0.514561 0.514561 0.514561
6456.254883 0.000000 1459.491699 0.000000 0.401911 0.000000 -0.915679 0.413441 0.413441 0.413441
6452.959961 0.000000 1462.168457 0.000000 0.580300 0.000000 -0.814403 0.384403 0.384403 0.384403
6453.040527 0.000000 1440.756836 0.000000 0.722214 0.000000 -0.691670 0.450532 0.450532 0.450532
6450.992676 0.000000 1441.515503 0.000000 0.998992 0.000000 -0.044887 0.403430 0.403430 0.403430
6457.877930 0.000000 1442.690674 0.000000 0.985620 0.000000 -0.168978 0.412971 0.412971 0.412971
6470.297363 0.000000 1413.457520 0.000000 0.252236 0.000000 -0.967666 0.292065 0.292065 0.292065
6466.854492 0.000000 1459.656372 0.000000 0.284753 0.000000 -0.958601 0.289878 0.289878 0.289878
6464.013672 0.000000 1416.632080 0.000000 0.912637 0.000000 -0.408772 0.428491 0.428491 0.428491
6472.235840 0.000000 1419.491943 0.000000 0.079010 0.000000 -0.996874 0.513958 0.513958 0.513958
6407.693359 0.000000 1500.426270 0.000000 0.423840 0.000000 -0.905737 0.281031 0.281031 0.281031
6426.548828 0.000000 1509.906860 0.000000 0.923339 0.000000 -0.383986 0.212709 0.212709 0.212709
6423.538086 0.000000 1504.880615 0.000000 0.612133 0.000000 -0.790755 0.271095 0.271095 0.271095
6409.808105 0.000000 1504.299316 0.000000 0.467874 0.000000 -0.883795 0.376672 0.376672 0.376672
6407.290527 0.000000 1503.266113 0.000000 0.494104 0.000000 -0.869403 0.423674 0.423674 0.423674
6426.516602 0.000000 1507.372681 0.000000 0.883042 0.000000 -0.469293 0.291495 0.291495 0.291495
6412.076660 0.000000 1503.904175 0.000000 0.997633 0.000000 -0.068756 0.349296 0.349296 0.349296
6404.483398 0.000000 1503.023560 0.000000 0.997515 0.000000 -0.070461 0.368867 0.368867 0.368867
6411.164062 0.000000 1505.148926 0.000000 0.819289 0.000000 -0.573381 0.443600 0.443600 0.443600
6416.139160 0.000000 1507.549805 0.000000 0.261144 0.000000 -0.965300 0.488725 0.488725 0.488725
6464.173340 0.000000 1470.418335 0.000000 0.574030 0.000000 -0.818834 0.257196 0.257196 0.257196
6464.976074 0.000000 1469.114014 0.000000 0.898512 0.000000 -0.438948 0.431085 0.431085 0.431085
"}
