object={
	name="cypress_mediterranean_dense_generator_3_0"
	clamp_to_water_level=no
	render_under_water=no
	generated_content=yes
	layer="semidynamic_high"
	pdxmesh="tree_cypress_mediterranean_02_mesh"
	count=1807
	transform="1965.059937 0.000000 2358.251221 0.000000 0.394101 0.000000 0.919067 0.192404 0.192404 0.192404
1967.152222 0.000000 2361.330078 0.000000 0.956787 0.000000 -0.290788 0.201967 0.201967 0.201967
1964.873901 0.000000 2360.848633 0.000000 0.081451 0.000000 0.996677 0.193761 0.193761 0.193761
1960.273193 0.000000 2366.074951 0.000000 0.759547 0.000000 0.650452 0.204804 0.204804 0.204804
1960.552612 0.000000 2368.710449 0.000000 0.952259 0.000000 -0.305291 0.213375 0.213375 0.213375
1962.718262 0.000000 2362.358398 0.000000 0.991439 0.000000 -0.130574 0.218190 0.218190 0.218190
1962.572388 0.000000 2365.438232 0.000000 0.907938 0.000000 0.419105 0.218292 0.218292 0.218292
1971.450317 0.000000 2368.698486 0.000000 0.753451 0.000000 0.657504 0.214714 0.214714 0.214714
1968.143311 0.000000 2368.275879 0.000000 0.860733 0.000000 0.509056 0.225384 0.225384 0.225384
1962.936646 0.000000 2368.359619 0.000000 0.999833 0.000000 0.018278 0.234830 0.234830 0.234830
1970.969971 0.000000 2370.118164 0.000000 0.110604 0.000000 0.993865 0.214035 0.214035 0.214035
1968.308105 0.000000 2369.723145 0.000000 0.697197 0.000000 0.716880 0.222827 0.222827 0.222827
1964.112549 0.000000 2369.913818 0.000000 0.990997 0.000000 0.133888 0.229238 0.229238 0.229238
1965.468140 0.000000 2369.369141 0.000000 0.862654 0.000000 0.505794 0.225420 0.225420 0.225420
1969.054688 0.000000 2371.722900 0.000000 0.956257 0.000000 0.292529 0.248340 0.248340 0.248340
2001.114990 0.000000 2370.419189 0.000000 0.906328 0.000000 0.422575 0.197114 0.197114 0.197114
1984.226196 0.000000 2367.176270 0.000000 0.462592 0.000000 0.886571 0.192545 0.192545 0.192545
2006.697754 0.000000 2362.377930 0.000000 0.975805 0.000000 0.218644 0.200933 0.200933 0.200933
2000.687988 0.000000 2351.044434 0.000000 0.988879 0.000000 -0.148721 0.204730 0.204730 0.204730
1999.784668 0.000000 2357.682129 0.000000 0.917451 0.000000 -0.397849 0.205469 0.205469 0.205469
1996.076904 0.000000 2351.169922 0.000000 0.921771 0.000000 -0.387736 0.205390 0.205390 0.205390
1989.188354 0.000000 2358.599365 0.000000 0.756675 0.000000 0.653791 0.201081 0.201081 0.201081
1991.299561 0.000000 2356.597412 0.000000 0.586613 0.000000 0.809867 0.198306 0.198306 0.198306
1985.798950 0.000000 2365.798340 0.000000 0.977436 0.000000 -0.211231 0.208044 0.208044 0.208044
2009.195190 0.000000 2361.435059 0.000000 0.624128 0.000000 0.781322 0.204876 0.204876 0.204876
2006.371582 0.000000 2368.685303 0.000000 0.961880 0.000000 0.273472 0.214752 0.214752 0.214752
2007.132690 0.000000 2353.808105 0.000000 0.903122 0.000000 0.429385 0.217653 0.217653 0.217653
1996.826050 0.000000 2355.045410 0.000000 0.581156 0.000000 0.813792 0.219835 0.219835 0.219835
2006.839355 0.000000 2366.424316 0.000000 0.996538 0.000000 0.083134 0.221390 0.221390 0.221390
1988.645142 0.000000 2360.473145 0.000000 0.214283 0.000000 0.976772 0.215021 0.215021 0.215021
1989.391968 0.000000 2365.599121 0.000000 0.902557 0.000000 -0.430570 0.227826 0.227826 0.227826
2000.417358 0.000000 2361.730469 0.000000 0.649985 0.000000 0.759947 0.220664 0.220664 0.220664
1996.710571 0.000000 2352.593262 0.000000 0.692729 0.000000 0.721198 0.221212 0.221212 0.221212
1998.478760 0.000000 2360.340088 0.000000 0.700200 0.000000 0.713946 0.222348 0.222348 0.222348
1996.281982 0.000000 2367.861328 0.000000 0.535843 0.000000 0.844318 0.230463 0.230463 0.230463
2002.458984 0.000000 2367.296631 0.000000 0.885852 0.000000 -0.463969 0.242799 0.242799 0.242799
1999.887817 0.000000 2363.596680 0.000000 0.913183 0.000000 -0.407549 0.242152 0.242152 0.242152
2003.485352 0.000000 2364.828857 0.000000 0.867337 0.000000 0.497722 0.234561 0.234561 0.234561
1991.451538 0.000000 2363.577148 0.000000 0.990055 0.000000 -0.140680 0.245521 0.245521 0.245521
1999.086670 0.000000 2353.394775 0.000000 0.650564 0.000000 0.759452 0.231985 0.231985 0.231985
1997.261963 0.000000 2365.809814 0.000000 0.163164 0.000000 0.986599 0.236283 0.236283 0.236283
1997.742432 0.000000 2362.079346 0.000000 0.992059 0.000000 0.125775 0.263056 0.263056 0.263056
2000.322144 0.000000 2366.029541 0.000000 0.880443 0.000000 -0.474152 0.258790 0.258790 0.258790
2002.524292 0.000000 2357.777588 0.000000 0.600412 0.000000 0.799691 0.255097 0.255097 0.255097
1995.736816 0.000000 2362.828125 0.000000 0.996329 0.000000 -0.085608 0.278270 0.278270 0.278270
1992.364258 0.000000 2362.925537 0.000000 0.993845 0.000000 0.110779 0.266021 0.266021 0.266021
1994.654663 0.000000 2362.151855 0.000000 0.740790 0.000000 0.671737 0.266384 0.266384 0.266384
2004.089233 0.000000 2356.993896 0.000000 0.934332 0.000000 0.356404 0.283564 0.283564 0.283564
2005.962646 0.000000 2356.168213 0.000000 0.480016 0.000000 0.877260 0.272349 0.272349 0.272349
2005.980591 0.000000 2354.262207 0.000000 0.241159 0.000000 0.970486 0.276590 0.276590 0.276590
2004.415527 0.000000 2354.313721 0.000000 0.947897 0.000000 0.318578 0.294281 0.294281 0.294281
1983.836060 0.000000 2376.827881 0.000000 0.968804 0.000000 -0.247830 0.206612 0.206612 0.206612
1961.043945 0.000000 2384.359375 0.000000 0.821792 0.000000 0.569787 0.218868 0.218868 0.218868
1957.573853 0.000000 2383.847900 0.000000 0.794170 0.000000 0.607695 0.212639 0.212639 0.212639
1973.819214 0.000000 2380.969482 0.000000 0.333631 0.000000 0.942704 0.210212 0.210212 0.210212
1959.698120 0.000000 2374.302002 0.000000 0.115137 0.000000 0.993350 0.211163 0.211163 0.211163
1965.066284 0.000000 2377.942139 0.000000 0.831320 0.000000 0.555794 0.225381 0.225381 0.225381
1962.449707 0.000000 2375.104736 0.000000 0.991327 0.000000 -0.131421 0.246554 0.246554 0.246554
1960.875122 0.000000 2373.217285 0.000000 0.257185 0.000000 0.966362 0.223296 0.223296 0.223296
1968.730957 0.000000 2378.496826 0.000000 0.805113 0.000000 0.593121 0.243852 0.243852 0.243852
1970.898682 0.000000 2372.450684 0.000000 0.596611 0.000000 0.802531 0.233284 0.233284 0.233284
1967.400146 0.000000 2382.582275 0.000000 0.997674 0.000000 0.068167 0.248239 0.248239 0.248239
1967.924683 0.000000 2380.663086 0.000000 0.960489 0.000000 -0.278318 0.268974 0.268974 0.268974
1966.801147 0.000000 2380.010254 0.000000 0.999953 0.000000 -0.009722 0.265394 0.265394 0.265394
1968.593750 0.000000 2373.165771 0.000000 0.716473 0.000000 0.697615 0.248950 0.248950 0.248950
1963.149536 0.000000 2372.564209 0.000000 0.110871 0.000000 0.993835 0.249842 0.249842 0.249842
1964.634644 0.000000 2379.059082 0.000000 0.997289 0.000000 0.073582 0.260963 0.260963 0.260963
1963.332275 0.000000 2378.207275 0.000000 0.916338 0.000000 0.400405 0.279079 0.279079 0.279079
1960.764893 0.000000 2381.766602 0.000000 0.121899 0.000000 0.992543 0.274612 0.274612 0.274612
1964.048706 0.000000 2381.197021 0.000000 0.577893 0.000000 0.816112 0.282603 0.282603 0.282603
1960.213989 0.000000 2379.350098 0.000000 0.096987 0.000000 0.995286 0.269622 0.269622 0.269622
1962.151367 0.000000 2380.868408 0.000000 0.992910 0.000000 0.118868 0.297791 0.297791 0.297791
1961.519897 0.000000 2378.771240 0.000000 0.973056 0.000000 -0.230568 0.297661 0.297661 0.297661
2031.365356 0.000000 2403.147461 0.000000 0.845562 0.000000 0.533878 0.196330 0.196330 0.196330
2012.116333 0.000000 2427.759277 0.000000 0.905731 0.000000 0.423853 0.196940 0.196940 0.196940
1995.443359 0.000000 2402.330811 0.000000 0.987363 0.000000 0.158475 0.198895 0.198895 0.198895
1996.076904 0.000000 2407.654297 0.000000 0.948637 0.000000 -0.316367 0.211166 0.211166 0.211166
2030.922729 0.000000 2407.665039 0.000000 0.980937 0.000000 -0.194326 0.209622 0.209622 0.209622
2031.226074 0.000000 2413.287842 0.000000 0.514250 0.000000 0.857641 0.209420 0.209420 0.209420
1988.483643 0.000000 2406.773682 0.000000 0.202755 0.000000 0.979229 0.208034 0.208034 0.208034
2016.125000 0.000000 2381.485840 0.000000 0.843364 0.000000 0.537342 0.213371 0.213371 0.213371
2023.927368 0.000000 2385.517822 0.000000 0.944303 0.000000 -0.329077 0.228567 0.228567 0.228567
1994.652832 0.000000 2411.409668 0.000000 0.946890 0.000000 0.321557 0.229548 0.229548 0.229548
2019.814331 0.000000 2383.515137 0.000000 0.851331 0.000000 -0.524629 0.261257 0.261257 0.261257
1990.448975 0.000000 2404.313721 0.000000 0.998309 0.000000 -0.058138 0.243487 0.243487 0.243487
1993.007690 0.000000 2409.052979 0.000000 0.901838 0.000000 -0.432075 0.264095 0.264095 0.264095
1958.352295 0.000000 2478.016602 0.000000 0.944906 0.000000 0.327342 0.200663 0.200663 0.200663
1977.361084 0.000000 2441.617432 0.000000 0.052532 0.000000 0.998619 0.199909 0.199909 0.199909
1967.881714 0.000000 2441.560547 0.000000 0.988766 0.000000 -0.149471 0.210408 0.210408 0.210408
1950.899414 0.000000 2481.689941 0.000000 0.928903 0.000000 0.370322 0.209555 0.209555 0.209555
1958.249512 0.000000 2482.520264 0.000000 0.802241 0.000000 0.597000 0.212753 0.212753 0.212753
1952.008667 0.000000 2479.312500 0.000000 0.448580 0.000000 0.893743 0.212319 0.212319 0.212319
1956.175659 0.000000 2483.742920 0.000000 0.023136 0.000000 0.999732 0.212732 0.212732 0.212732
1975.597168 0.000000 2435.744385 0.000000 0.016689 0.000000 0.999861 0.214112 0.214112 0.214112
1952.238770 0.000000 2482.366455 0.000000 0.879667 0.000000 -0.475590 0.231795 0.231795 0.231795
1955.060181 0.000000 2482.822998 0.000000 0.301848 0.000000 0.953356 0.218840 0.218840 0.218840
1974.458008 0.000000 2441.737549 0.000000 0.994978 0.000000 -0.100091 0.246205 0.246205 0.246205
1975.127563 0.000000 2437.763428 0.000000 0.999977 0.000000 -0.006830 0.250780 0.250780 0.250780
1970.878662 0.000000 2435.794434 0.000000 0.982802 0.000000 0.184661 0.263922 0.263922 0.263922
1967.924683 0.000000 2437.147461 0.000000 0.212049 0.000000 0.977259 0.232045 0.232045 0.232045
1973.138062 0.000000 2435.141113 0.000000 0.840562 0.000000 -0.541715 0.262093 0.262093 0.262093
1970.747070 0.000000 2440.408936 0.000000 0.817270 0.000000 -0.576255 0.285908 0.285908 0.285908
1969.219727 0.000000 2438.840088 0.000000 0.986739 0.000000 -0.162313 0.282241 0.282241 0.282241
1969.943604 0.000000 2437.024170 0.000000 0.901526 0.000000 -0.432725 0.287623 0.287623 0.287623
1968.215454 0.000000 2438.375244 0.000000 0.841187 0.000000 -0.540745 0.288274 0.288274 0.288274
1969.527710 0.000000 2434.292969 0.000000 0.999696 0.000000 -0.024660 0.264467 0.264467 0.264467
1973.057739 0.000000 2441.445801 0.000000 0.898591 0.000000 0.438787 0.275774 0.275774 0.275774
1972.625000 0.000000 2440.165771 0.000000 0.990099 0.000000 -0.140371 0.284760 0.284760 0.284760
1968.653198 0.000000 2436.481445 0.000000 0.092896 0.000000 0.995676 0.258926 0.258926 0.258926
1998.189453 0.000000 2465.271973 0.000000 0.809592 0.000000 0.586994 0.195991 0.195991 0.195991
2018.040283 0.000000 2447.133057 0.000000 0.231848 0.000000 0.972752 0.190989 0.190989 0.190989
2001.216431 0.000000 2468.709473 0.000000 0.997620 0.000000 0.068956 0.199531 0.199531 0.199531
2020.294800 0.000000 2432.484863 0.000000 0.992789 0.000000 -0.119873 0.200837 0.200837 0.200837
2009.163940 0.000000 2484.687500 0.000000 0.826211 0.000000 0.563360 0.195847 0.195847 0.195847
2010.616211 0.000000 2452.910645 0.000000 0.898347 0.000000 0.439287 0.196832 0.196832 0.196832
1989.178101 0.000000 2454.198242 0.000000 0.826998 0.000000 0.562204 0.197153 0.197153 0.197153
1998.936279 0.000000 2475.400146 0.000000 0.707612 0.000000 0.706601 0.200014 0.200014 0.200014
2015.909790 0.000000 2443.795654 0.000000 0.995613 0.000000 0.093569 0.211852 0.211852 0.211852
2007.245850 0.000000 2484.488525 0.000000 0.625080 0.000000 0.780561 0.213152 0.213152 0.213152
2001.260742 0.000000 2471.392334 0.000000 0.706838 0.000000 0.707376 0.210465 0.210465 0.210465
2003.982056 0.000000 2483.010254 0.000000 0.974362 0.000000 -0.224988 0.232148 0.232148 0.232148
2007.874878 0.000000 2460.903809 0.000000 0.738369 0.000000 0.674396 0.215562 0.215562 0.215562
2003.869141 0.000000 2480.147705 0.000000 0.619528 0.000000 0.784974 0.221317 0.221317 0.221317
2000.417358 0.000000 2474.699219 0.000000 0.999662 0.000000 -0.025999 0.222360 0.222360 0.222360
2014.746948 0.000000 2430.416260 0.000000 0.822797 0.000000 0.568335 0.231043 0.231043 0.231043
2002.458496 0.000000 2463.924072 0.000000 0.947244 0.000000 0.320513 0.223040 0.223040 0.223040
1991.944946 0.000000 2456.766357 0.000000 0.012212 0.000000 0.999925 0.215028 0.215028 0.215028
1990.455566 0.000000 2456.733398 0.000000 0.956477 0.000000 -0.291808 0.232811 0.232811 0.232811
2010.272827 0.000000 2456.911621 0.000000 0.960847 0.000000 -0.277079 0.232089 0.232089 0.232089
2004.652954 0.000000 2462.487305 0.000000 0.627126 0.000000 0.778918 0.217297 0.217297 0.217297
2014.456787 0.000000 2431.878906 0.000000 0.199188 0.000000 0.979961 0.223173 0.223173 0.223173
2002.552246 0.000000 2482.979004 0.000000 0.244382 0.000000 0.969679 0.217278 0.217278 0.217278
2003.367432 0.000000 2458.835449 0.000000 0.631439 0.000000 0.775426 0.232742 0.232742 0.232742
2019.814331 0.000000 2439.999512 0.000000 0.995258 0.000000 -0.097270 0.241649 0.241649 0.241649
2009.165405 0.000000 2453.026855 0.000000 0.862997 0.000000 -0.505210 0.243287 0.243287 0.243287
2019.236572 0.000000 2433.349365 0.000000 0.801493 0.000000 0.598004 0.234870 0.234870 0.234870
2006.552368 0.000000 2453.076416 0.000000 0.971227 0.000000 -0.238154 0.243166 0.243166 0.243166
1992.697632 0.000000 2457.749512 0.000000 0.974019 0.000000 0.226468 0.248048 0.248048 0.248048
1996.520386 0.000000 2455.462158 0.000000 0.945599 0.000000 -0.325335 0.259183 0.259183 0.259183
2005.595093 0.000000 2459.995605 0.000000 0.869697 0.000000 -0.493587 0.263776 0.263776 0.263776
2016.474365 0.000000 2440.057373 0.000000 0.923846 0.000000 0.382765 0.253663 0.253663 0.253663
2015.837402 0.000000 2435.636475 0.000000 0.306753 0.000000 0.951789 0.250648 0.250648 0.250648
1995.079224 0.000000 2457.184326 0.000000 0.886676 0.000000 -0.462392 0.268639 0.268639 0.268639
2007.721191 0.000000 2459.351562 0.000000 0.442346 0.000000 0.896845 0.263393 0.263393 0.263393
2014.072510 0.000000 2435.876221 0.000000 0.970986 0.000000 0.239137 0.264274 0.264274 0.264274
1999.094727 0.000000 2455.584473 0.000000 0.987618 0.000000 0.156880 0.262094 0.262094 0.262094
2015.095825 0.000000 2433.915771 0.000000 0.279108 0.000000 0.960260 0.248817 0.248817 0.248817
2017.961548 0.000000 2438.639404 0.000000 0.200560 0.000000 0.979681 0.250605 0.250605 0.250605
2017.595215 0.000000 2433.439453 0.000000 0.939590 0.000000 -0.342302 0.282081 0.282081 0.282081
2005.270752 0.000000 2454.983398 0.000000 0.014803 0.000000 0.999890 0.267360 0.267360 0.267360
2017.744507 0.000000 2436.616211 0.000000 0.755869 0.000000 0.654722 0.280573 0.280573 0.280573
2016.908447 0.000000 2437.415283 0.000000 0.087368 0.000000 0.996176 0.268084 0.268084 0.268084
2017.903442 0.000000 2435.238770 0.000000 0.971069 0.000000 -0.238798 0.296647 0.296647 0.296647
2007.628052 0.000000 2457.318115 0.000000 0.955380 0.000000 0.295379 0.294442 0.294442 0.294442
2005.833984 0.000000 2457.131348 0.000000 0.406468 0.000000 0.913665 0.279591 0.279591 0.279591
2007.644531 0.000000 2455.606934 0.000000 0.375055 0.000000 0.927002 0.279519 0.279519 0.279519
2006.765381 0.000000 2457.659668 0.000000 0.693700 0.000000 0.720264 0.285093 0.285093 0.285093
1716.391968 0.000000 2533.699219 0.000000 0.554873 0.000000 0.831935 0.193279 0.193279 0.193279
1724.341309 0.000000 2538.480225 0.000000 0.428362 0.000000 0.903607 0.192142 0.192142 0.192142
1727.474121 0.000000 2530.536865 0.000000 0.866818 0.000000 0.498625 0.208407 0.208407 0.208407
1720.254761 0.000000 2532.694824 0.000000 0.735899 0.000000 0.677091 0.215529 0.215529 0.215529
1749.228027 0.000000 2523.217529 0.000000 0.002115 0.000000 0.999998 0.189191 0.189191 0.189191
1779.409058 0.000000 2510.798828 0.000000 0.983402 0.000000 -0.181440 0.201266 0.201266 0.201266
1782.928345 0.000000 2502.197510 0.000000 0.563558 0.000000 0.826076 0.195001 0.195001 0.195001
1780.127808 0.000000 2503.195068 0.000000 0.999940 0.000000 -0.010970 0.208207 0.208207 0.208207
1736.026367 0.000000 2539.766846 0.000000 0.832350 0.000000 0.554251 0.211073 0.211073 0.211073
1729.941895 0.000000 2537.940430 0.000000 0.946680 0.000000 0.322176 0.209423 0.209423 0.209423
1746.928345 0.000000 2526.217285 0.000000 0.935472 0.000000 0.353400 0.206985 0.206985 0.206985
1760.410645 0.000000 2502.682129 0.000000 0.686339 0.000000 0.727282 0.203970 0.203970 0.203970
1764.762085 0.000000 2506.817627 0.000000 0.677021 0.000000 0.735963 0.214790 0.214790 0.214790
1730.331055 0.000000 2525.258301 0.000000 0.485903 0.000000 0.874013 0.212693 0.212693 0.212693
1731.196289 0.000000 2531.062988 0.000000 0.865890 0.000000 -0.500234 0.226777 0.226777 0.226777
1730.240967 0.000000 2527.629883 0.000000 0.179844 0.000000 0.983695 0.209796 0.209796 0.209796
1732.253662 0.000000 2524.678467 0.000000 0.886495 0.000000 0.462738 0.217860 0.217860 0.217860
1753.175293 0.000000 2527.682129 0.000000 0.997426 0.000000 -0.071699 0.217692 0.217692 0.217692
1750.173218 0.000000 2524.654053 0.000000 0.888149 0.000000 0.459556 0.217892 0.217892 0.217892
1733.526245 0.000000 2526.378418 0.000000 0.810857 0.000000 -0.585244 0.227676 0.227676 0.227676
1729.866943 0.000000 2541.515625 0.000000 0.628816 0.000000 0.777554 0.214225 0.214225 0.214225
1748.010742 0.000000 2529.521729 0.000000 0.486026 0.000000 0.873945 0.212695 0.212695 0.212695
1733.147461 0.000000 2539.301758 0.000000 0.846704 0.000000 -0.532064 0.221815 0.221815 0.221815
1753.412720 0.000000 2525.424072 0.000000 0.883701 0.000000 -0.468051 0.226451 0.226451 0.226451
1730.838379 0.000000 2536.610840 0.000000 0.932330 0.000000 -0.361608 0.225412 0.225412 0.225412
1758.637329 0.000000 2503.481445 0.000000 0.521578 0.000000 0.853204 0.215603 0.215603 0.215603
1754.808105 0.000000 2502.318359 0.000000 0.922024 0.000000 0.387132 0.219682 0.219682 0.219682
1750.790405 0.000000 2511.841309 0.000000 0.987886 0.000000 -0.155180 0.233739 0.233739 0.233739
1756.418945 0.000000 2504.198975 0.000000 0.943253 0.000000 -0.332074 0.261589 0.261589 0.261589
1750.552368 0.000000 2509.560791 0.000000 0.790170 0.000000 0.612888 0.232573 0.232573 0.232573
1783.305908 0.000000 2507.136230 0.000000 0.986277 0.000000 0.165097 0.247673 0.247673 0.247673
1780.879395 0.000000 2507.311035 0.000000 0.662897 0.000000 0.748711 0.248030 0.248030 0.248030
1753.625977 0.000000 2512.334717 0.000000 0.799827 0.000000 0.600231 0.238512 0.238512 0.238512
1758.718750 0.000000 2504.734375 0.000000 0.823135 0.000000 0.567846 0.252089 0.252089 0.252089
1781.369629 0.000000 2505.743652 0.000000 0.023499 0.000000 0.999724 0.233207 0.233207 0.233207
1761.611328 0.000000 2508.404297 0.000000 0.998803 0.000000 0.048907 0.283565 0.283565 0.283565
1760.156128 0.000000 2506.101318 0.000000 0.704346 0.000000 0.709857 0.267660 0.267660 0.267660
1761.089844 0.000000 2506.596191 0.000000 0.402352 0.000000 0.915485 0.262255 0.262255 0.262255
1753.338013 0.000000 2507.196777 0.000000 0.645603 0.000000 0.763673 0.263965 0.263965 0.263965
1759.382935 0.000000 2510.429932 0.000000 0.388348 0.000000 0.921513 0.278802 0.278802 0.278802
1757.975952 0.000000 2511.993896 0.000000 0.619817 0.000000 0.784747 0.282768 0.282768 0.282768
1757.777588 0.000000 2507.082275 0.000000 0.974826 0.000000 0.222967 0.295706 0.295706 0.295706
1756.461548 0.000000 2511.091309 0.000000 0.985129 0.000000 -0.171815 0.303298 0.303298 0.303298
1755.047241 0.000000 2507.510986 0.000000 0.514759 0.000000 0.857335 0.280751 0.280751 0.280751
1755.579834 0.000000 2511.120361 0.000000 0.938356 0.000000 -0.345671 0.306741 0.306741 0.306741
1755.438477 0.000000 2509.703369 0.000000 0.955328 0.000000 0.295549 0.294270 0.294270 0.294270
1753.832031 0.000000 2508.948486 0.000000 0.610724 0.000000 0.791844 0.283916 0.283916 0.283916
1754.125854 0.000000 2511.527588 0.000000 0.980043 0.000000 0.198787 0.296178 0.296178 0.296178
1754.107422 0.000000 2506.015625 0.000000 0.898185 0.000000 -0.439618 0.308506 0.308506 0.308506
1753.893188 0.000000 2509.939697 0.000000 0.966417 0.000000 0.256978 0.295426 0.295426 0.295426
1758.539429 0.000000 2506.709229 0.000000 0.955631 0.000000 -0.294565 0.305710 0.305710 0.305710
1757.965332 0.000000 2511.167480 0.000000 0.956854 0.000000 -0.290568 0.305631 0.305631 0.305631
1754.247559 0.000000 2507.536865 0.000000 0.841103 0.000000 0.540875 0.289321 0.289321 0.289321
1724.370483 0.000000 2587.693604 0.000000 0.032916 0.000000 0.999458 0.194381 0.194381 0.194381
1710.145630 0.000000 2585.619873 0.000000 0.908507 0.000000 -0.417869 0.228282 0.228282 0.228282
1721.142822 0.000000 2585.575439 0.000000 0.865299 0.000000 -0.501255 0.244417 0.244417 0.244417
1727.099731 0.000000 2584.758057 0.000000 0.843770 0.000000 0.536705 0.233022 0.233022 0.233022
1722.465332 0.000000 2579.328857 0.000000 0.656180 0.000000 0.754604 0.247919 0.247919 0.247919
1715.655518 0.000000 2580.989746 0.000000 0.967472 0.000000 -0.252980 0.250796 0.250796 0.250796
1721.995117 0.000000 2580.962158 0.000000 0.870454 0.000000 -0.492249 0.264938 0.264938 0.264938
1720.208740 0.000000 2580.199707 0.000000 0.275521 0.000000 0.961295 0.242494 0.242494 0.242494
1721.517212 0.000000 2578.700195 0.000000 0.761369 0.000000 0.648319 0.249779 0.249779 0.249779
1716.749023 0.000000 2580.105957 0.000000 0.959265 0.000000 0.282508 0.250094 0.250094 0.250094
1715.963013 0.000000 2585.280762 0.000000 0.228409 0.000000 0.973565 0.241408 0.241408 0.241408
1780.612793 0.000000 2557.508789 0.000000 0.990986 0.000000 0.133967 0.199081 0.199081 0.199081
1784.357544 0.000000 2550.143799 0.000000 0.954648 0.000000 0.297738 0.199250 0.199250 0.199250
1744.687988 0.000000 2576.981934 0.000000 0.974360 0.000000 -0.224996 0.205297 0.205297 0.205297
1741.917725 0.000000 2573.243164 0.000000 0.774732 0.000000 0.632290 0.198118 0.198118 0.198118
1761.762817 0.000000 2553.165527 0.000000 0.852488 0.000000 -0.522747 0.211167 0.211167 0.211167
1739.910645 0.000000 2569.479736 0.000000 0.997926 0.000000 -0.064370 0.203548 0.203548 0.203548
1736.162109 0.000000 2561.517578 0.000000 0.078575 0.000000 0.996908 0.195215 0.195215 0.195215
1739.020874 0.000000 2553.039062 0.000000 0.826669 0.000000 0.562688 0.207268 0.207268 0.207268
1736.607910 0.000000 2555.632324 0.000000 0.131067 0.000000 0.991374 0.203486 0.203486 0.203486
1739.861206 0.000000 2556.466309 0.000000 0.032531 0.000000 0.999471 0.208480 0.208480 0.208480
1754.396606 0.000000 2551.834717 0.000000 0.486426 0.000000 0.873722 0.209654 0.209654 0.209654
1771.779663 0.000000 2546.778320 0.000000 0.994975 0.000000 -0.100126 0.213977 0.213977 0.213977
1741.681030 0.000000 2555.569580 0.000000 0.997500 0.000000 -0.070662 0.222756 0.222756 0.222756
1750.760498 0.000000 2551.001221 0.000000 0.112712 0.000000 0.993628 0.206267 0.206267 0.206267
1735.773682 0.000000 2542.343750 0.000000 0.913942 0.000000 0.405846 0.218421 0.218421 0.218421
1752.544067 0.000000 2551.974365 0.000000 0.043114 0.000000 0.999070 0.208574 0.208574 0.208574
1781.819214 0.000000 2550.422607 0.000000 0.999498 0.000000 0.031694 0.229668 0.229668 0.229668
1747.159302 0.000000 2562.016357 0.000000 0.403564 0.000000 0.914952 0.211375 0.211375 0.211375
1737.291260 0.000000 2558.590088 0.000000 0.549806 0.000000 0.835292 0.213357 0.213357 0.213357
1742.208130 0.000000 2553.045410 0.000000 0.663159 0.000000 0.748478 0.214624 0.214624 0.214624
1743.744263 0.000000 2552.757324 0.000000 0.320917 0.000000 0.947107 0.211090 0.211090 0.211090
1749.720947 0.000000 2553.969727 0.000000 0.921707 0.000000 0.387887 0.218594 0.218594 0.218594
1779.249023 0.000000 2546.207031 0.000000 0.958983 0.000000 0.283464 0.222853 0.222853 0.222853
1745.981812 0.000000 2571.708984 0.000000 0.964157 0.000000 -0.265332 0.223364 0.223364 0.223364
1772.527954 0.000000 2549.780518 0.000000 0.930333 0.000000 0.366715 0.222586 0.222586 0.222586
1743.615479 0.000000 2570.551270 0.000000 0.813254 0.000000 0.581909 0.219263 0.219263 0.219263
1744.717651 0.000000 2554.134033 0.000000 0.941048 0.000000 0.338272 0.230458 0.230458 0.230458
1740.990845 0.000000 2558.799072 0.000000 0.895521 0.000000 0.445019 0.225550 0.225550 0.225550
1744.534668 0.000000 2555.624756 0.000000 0.902216 0.000000 -0.431285 0.238333 0.238333 0.238333
1747.482422 0.000000 2567.486816 0.000000 0.709647 0.000000 0.704557 0.231292 0.231292 0.231292
1728.096802 0.000000 2581.834229 0.000000 0.757473 0.000000 0.652867 0.236721 0.236721 0.236721
1745.509277 0.000000 2569.167236 0.000000 0.161458 0.000000 0.986880 0.231465 0.231465 0.231465
1743.627930 0.000000 2565.546631 0.000000 0.888323 0.000000 0.459220 0.240362 0.240362 0.240362
1747.024048 0.000000 2556.051270 0.000000 0.939053 0.000000 -0.343773 0.248974 0.248974 0.248974
1743.969604 0.000000 2559.200928 0.000000 0.930816 0.000000 0.365487 0.246356 0.246356 0.246356
1745.695801 0.000000 2564.382324 0.000000 0.733410 0.000000 0.679787 0.248740 0.248740 0.248740
1743.370850 0.000000 2563.601807 0.000000 0.624298 0.000000 0.781186 0.237235 0.237235 0.237235
1743.303955 0.000000 2557.580322 0.000000 0.040826 0.000000 0.999166 0.231518 0.231518 0.231518
1747.793213 0.000000 2558.464355 0.000000 0.626164 0.000000 0.779692 0.235222 0.235222 0.235222
1779.790894 0.000000 2552.612061 0.000000 0.739573 0.000000 0.673077 0.243681 0.243681 0.243681
1775.924683 0.000000 2550.116211 0.000000 0.428887 0.000000 0.903358 0.234632 0.234632 0.234632
1777.631836 0.000000 2552.975586 0.000000 0.946419 0.000000 -0.322941 0.262629 0.262629 0.262629
1744.370850 0.000000 2561.326416 0.000000 0.999866 0.000000 0.016401 0.258340 0.258340 0.258340
1776.785645 0.000000 2553.726318 0.000000 0.679295 0.000000 0.733865 0.248305 0.248305 0.248305
1744.829468 0.000000 2565.550781 0.000000 0.633585 0.000000 0.773673 0.247044 0.247044 0.247044
1777.219727 0.000000 2551.808838 0.000000 0.777987 0.000000 0.628281 0.248542 0.248542 0.248542
1744.389526 0.000000 2556.733887 0.000000 0.798501 0.000000 0.601993 0.250517 0.250517 0.250517
1817.175293 0.000000 2527.682129 0.000000 0.978805 0.000000 -0.204795 0.225671 0.225671 0.225671
1819.705688 0.000000 2525.351318 0.000000 0.463047 0.000000 0.886334 0.213979 0.213979 0.213979
1814.173218 0.000000 2524.654053 0.000000 0.556908 0.000000 0.830574 0.207289 0.207289 0.207289
1817.412720 0.000000 2525.424072 0.000000 0.157339 0.000000 0.987545 0.209593 0.209593 0.209593
1828.342896 0.000000 2528.019775 0.000000 0.991170 0.000000 0.132599 0.249156 0.249156 0.249156
1823.716553 0.000000 2527.084717 0.000000 0.494010 0.000000 0.869456 0.245944 0.245944 0.245944
1825.317017 0.000000 2530.873779 0.000000 0.895809 0.000000 -0.444439 0.264266 0.264266 0.264266
1827.081421 0.000000 2528.643311 0.000000 0.992835 0.000000 0.119490 0.249310 0.249310 0.249310
1824.504517 0.000000 2528.659668 0.000000 0.457283 0.000000 0.889321 0.240959 0.240959 0.240959
1821.235718 0.000000 2529.597412 0.000000 0.893828 0.000000 0.448409 0.286197 0.286197 0.286197
1823.603760 0.000000 2529.470215 0.000000 0.217378 0.000000 0.976087 0.253695 0.253695 0.253695
1820.564697 0.000000 2531.540527 0.000000 0.923316 0.000000 -0.384040 0.272201 0.272201 0.272201
1821.504883 0.000000 2526.371094 0.000000 0.813819 0.000000 -0.581118 0.284795 0.284795 0.284795
1910.496216 0.000000 2514.621338 0.000000 0.205259 0.000000 0.978708 0.190669 0.190669 0.190669
1909.040649 0.000000 2513.959961 0.000000 0.276882 0.000000 0.960904 0.210681 0.210681 0.210681
1796.861816 0.000000 2569.751465 0.000000 0.980849 0.000000 0.194770 0.198713 0.198713 0.198713
1842.317383 0.000000 2544.988037 0.000000 0.994497 0.000000 -0.104769 0.200689 0.200689 0.200689
1795.605225 0.000000 2565.073486 0.000000 0.873181 0.000000 -0.487396 0.203381 0.203381 0.203381
1820.682983 0.000000 2555.230713 0.000000 0.029342 0.000000 0.999569 0.189648 0.189648 0.189648
1804.396729 0.000000 2554.304688 0.000000 0.981670 0.000000 0.190588 0.198683 0.198683 0.198683
1834.549194 0.000000 2552.908203 0.000000 0.240462 0.000000 0.970659 0.190883 0.190883 0.190883
1799.173218 0.000000 2571.003662 0.000000 0.327219 0.000000 0.944948 0.192092 0.192092 0.192092
1799.324707 0.000000 2568.406982 0.000000 0.822845 0.000000 -0.568267 0.208051 0.208051 0.208051
1836.304199 0.000000 2565.496338 0.000000 0.723459 0.000000 0.690368 0.203333 0.203333 0.203333
1821.291748 0.000000 2553.087891 0.000000 0.508785 0.000000 0.860894 0.200176 0.200176 0.200176
1846.075073 0.000000 2563.341797 0.000000 0.899541 0.000000 -0.436836 0.211007 0.211007 0.211007
1803.945557 0.000000 2563.865479 0.000000 0.568878 0.000000 0.822422 0.204840 0.204840 0.204840
1837.664185 0.000000 2548.792480 0.000000 0.841960 0.000000 -0.539540 0.215426 0.215426 0.215426
1805.989746 0.000000 2568.711426 0.000000 0.729760 0.000000 0.683704 0.208648 0.208648 0.208648
1852.870728 0.000000 2549.189453 0.000000 0.994454 0.000000 0.105174 0.210647 0.210647 0.210647
1844.512451 0.000000 2551.651367 0.000000 0.423930 0.000000 0.905695 0.206528 0.206528 0.206528
1846.093628 0.000000 2566.064209 0.000000 0.847736 0.000000 0.530419 0.207576 0.207576 0.207576
1802.323975 0.000000 2573.290283 0.000000 0.785238 0.000000 0.619195 0.215677 0.215677 0.215677
1818.396606 0.000000 2551.834717 0.000000 0.881111 0.000000 -0.472909 0.220070 0.220070 0.220070
1833.043945 0.000000 2553.812500 0.000000 0.912165 0.000000 -0.409824 0.222388 0.222388 0.222388
1851.649170 0.000000 2563.309570 0.000000 0.930102 0.000000 0.367301 0.216626 0.216626 0.216626
1807.876343 0.000000 2550.245117 0.000000 0.383653 0.000000 0.923477 0.211685 0.211685 0.211685
1811.362671 0.000000 2550.108398 0.000000 0.994061 0.000000 0.108824 0.217833 0.217833 0.217833
1837.746216 0.000000 2561.932861 0.000000 0.949966 0.000000 0.312354 0.216044 0.216044 0.216044
1841.566528 0.000000 2548.979492 0.000000 0.215876 0.000000 0.976421 0.210122 0.210122 0.210122
1805.156372 0.000000 2550.733398 0.000000 0.629627 0.000000 0.776898 0.214234 0.214234 0.214234
1841.404663 0.000000 2561.254883 0.000000 0.997308 0.000000 0.073330 0.218695 0.218695 0.218695
1809.197510 0.000000 2548.590088 0.000000 0.560284 0.000000 0.828301 0.213468 0.213468 0.213468
1849.095215 0.000000 2565.576416 0.000000 0.900247 0.000000 0.435380 0.219207 0.219207 0.219207
1804.962891 0.000000 2571.917480 0.000000 0.864373 0.000000 -0.502851 0.225044 0.225044 0.225044
1831.286377 0.000000 2548.619141 0.000000 0.999112 0.000000 0.042123 0.227336 0.227336 0.227336
1851.166870 0.000000 2565.489502 0.000000 0.996271 0.000000 0.086276 0.233034 0.233034 0.233034
1852.956909 0.000000 2566.562744 0.000000 0.982579 0.000000 -0.185847 0.240317 0.240317 0.240317
1826.393921 0.000000 2554.489990 0.000000 0.893877 0.000000 0.448313 0.229801 0.229801 0.229801
1829.640869 0.000000 2548.923340 0.000000 0.239601 0.000000 0.970871 0.220174 0.220174 0.220174
1822.441772 0.000000 2553.760986 0.000000 0.955544 0.000000 0.294849 0.243423 0.243423 0.243423
1853.822510 0.000000 2565.763672 0.000000 0.059960 0.000000 0.998201 0.238358 0.238358 0.238358
1852.780640 0.000000 2561.888428 0.000000 0.643148 0.000000 0.765742 0.261394 0.261394 0.261394
1824.474365 0.000000 2553.026123 0.000000 0.999879 0.000000 0.015561 0.268976 0.268976 0.268976
1854.343750 0.000000 2563.401367 0.000000 0.840491 0.000000 0.541825 0.248796 0.248796 0.248796
1826.781006 0.000000 2553.466797 0.000000 0.463737 0.000000 0.885973 0.254410 0.254410 0.254410
1846.398193 0.000000 2555.853516 0.000000 0.820643 0.000000 0.571441 0.257793 0.257793 0.257793
1825.961548 0.000000 2551.608154 0.000000 0.879167 0.000000 -0.476514 0.277703 0.277703 0.277703
1855.844482 0.000000 2560.233154 0.000000 0.875912 0.000000 0.482471 0.275031 0.275031 0.275031
1850.895386 0.000000 2558.952881 0.000000 0.821398 0.000000 -0.570355 0.310660 0.310660 0.310660
1850.467651 0.000000 2554.542236 0.000000 0.883317 0.000000 -0.468777 0.309318 0.309318 0.309318
1851.777466 0.000000 2559.324707 0.000000 0.980546 0.000000 0.196289 0.296530 0.296530 0.296530
1852.781250 0.000000 2555.872803 0.000000 0.961694 0.000000 0.274126 0.294697 0.294697 0.294697
1853.770874 0.000000 2554.515625 0.000000 0.994587 0.000000 0.103906 0.298012 0.298012 0.298012
1850.360474 0.000000 2556.358887 0.000000 0.763990 0.000000 0.645228 0.286606 0.286606 0.286606
1853.281616 0.000000 2558.975586 0.000000 0.577516 0.000000 0.816379 0.281866 0.281866 0.281866
1853.657349 0.000000 2556.208984 0.000000 0.172001 0.000000 0.985097 0.273301 0.273301 0.273301
1853.891357 0.000000 2557.673828 0.000000 0.443689 0.000000 0.896181 0.278780 0.278780 0.278780
1851.111816 0.000000 2556.097656 0.000000 0.087290 0.000000 0.996183 0.271669 0.271669 0.271669
1854.676025 0.000000 2556.221191 0.000000 0.094684 0.000000 0.995507 0.271811 0.271811 0.271811
1854.744995 0.000000 2559.690430 0.000000 0.992838 0.000000 0.119470 0.297713 0.297713 0.297713
1860.219482 0.000000 2574.430908 0.000000 0.817718 0.000000 0.575619 0.195881 0.195881 0.195881
1861.887573 0.000000 2572.625488 0.000000 0.750214 0.000000 0.661195 0.207322 0.207322 0.207322
1870.008911 0.000000 2561.541992 0.000000 0.653405 0.000000 0.757009 0.206738 0.206738 0.206738
1874.017090 0.000000 2565.581543 0.000000 0.491982 0.000000 0.870606 0.206148 0.206148 0.206148
1870.853149 0.000000 2558.698730 0.000000 0.993289 0.000000 -0.115663 0.211274 0.211274 0.211274
1912.204712 0.000000 2552.057617 0.000000 0.929545 0.000000 -0.368708 0.222005 0.222005 0.222005
1873.241333 0.000000 2559.428223 0.000000 0.350376 0.000000 0.936609 0.211368 0.211368 0.211368
1883.871582 0.000000 2561.864258 0.000000 0.660227 0.000000 0.751066 0.214072 0.214072 0.214072
1868.302734 0.000000 2562.195312 0.000000 0.947538 0.000000 -0.319644 0.220981 0.220981 0.220981
1874.442993 0.000000 2558.176025 0.000000 0.424879 0.000000 0.905250 0.217112 0.217112 0.217112
1858.930908 0.000000 2573.271484 0.000000 0.998017 0.000000 0.062941 0.221570 0.221570 0.221570
1881.702271 0.000000 2567.239014 0.000000 0.972800 0.000000 -0.231647 0.219629 0.219629 0.219629
1883.663208 0.000000 2564.592529 0.000000 0.996944 0.000000 0.078115 0.220322 0.220322 0.220322
1856.129395 0.000000 2573.841553 0.000000 0.995656 0.000000 0.093104 0.217412 0.217412 0.217412
1875.159302 0.000000 2562.016357 0.000000 0.105886 0.000000 0.994378 0.208646 0.208646 0.208646
1916.241577 0.000000 2552.539307 0.000000 0.953188 0.000000 -0.302379 0.230037 0.230037 0.230037
1882.288574 0.000000 2561.629639 0.000000 0.938065 0.000000 0.346460 0.218447 0.218447 0.218447
1876.786621 0.000000 2559.132812 0.000000 0.005079 0.000000 0.999987 0.215917 0.215917 0.215917
1869.914429 0.000000 2560.040039 0.000000 0.920116 0.000000 -0.391645 0.229764 0.229764 0.229764
1859.273560 0.000000 2566.630127 0.000000 0.197143 0.000000 0.980375 0.211916 0.211916 0.211916
1911.597168 0.000000 2548.713135 0.000000 0.947665 0.000000 -0.319267 0.240017 0.240017 0.240017
1881.273560 0.000000 2562.725342 0.000000 0.484543 0.000000 0.874767 0.217741 0.217741 0.217741
1919.011719 0.000000 2551.159180 0.000000 0.999841 0.000000 0.017825 0.231479 0.231479 0.231479
1877.588501 0.000000 2560.341553 0.000000 0.994816 0.000000 0.101693 0.247854 0.247854 0.247854
1914.349854 0.000000 2548.072266 0.000000 0.055106 0.000000 0.998480 0.235940 0.235940 0.235940
1867.304077 0.000000 2559.593262 0.000000 0.970058 0.000000 0.242872 0.244028 0.244028 0.244028
1864.640381 0.000000 2564.896484 0.000000 0.684049 0.000000 0.729436 0.233495 0.233495 0.233495
1916.005859 0.000000 2550.063965 0.000000 0.975413 0.000000 -0.220383 0.256718 0.256718 0.256718
1861.635864 0.000000 2552.174805 0.000000 0.570451 0.000000 0.821332 0.241530 0.241530 0.241530
1913.509155 0.000000 2549.432373 0.000000 0.969188 0.000000 0.246323 0.255451 0.255451 0.255451
1856.212158 0.000000 2565.437012 0.000000 0.156454 0.000000 0.987685 0.231408 0.231408 0.231408
1860.984009 0.000000 2553.327881 0.000000 0.998338 0.000000 0.057629 0.252258 0.252258 0.252258
1915.795532 0.000000 2548.647461 0.000000 0.061562 0.000000 0.998103 0.236018 0.236018 0.236018
1866.491211 0.000000 2558.684570 0.000000 0.917270 0.000000 -0.398266 0.251372 0.251372 0.251372
1858.538086 0.000000 2565.614746 0.000000 0.906381 0.000000 -0.422460 0.259276 0.259276 0.259276
1863.499878 0.000000 2564.519043 0.000000 0.844087 0.000000 -0.536206 0.264388 0.264388 0.264388
1861.154907 0.000000 2558.444336 0.000000 0.978585 0.000000 -0.205841 0.271429 0.271429 0.271429
1863.631958 0.000000 2560.455811 0.000000 0.753814 0.000000 0.657087 0.265638 0.265638 0.265638
1864.898926 0.000000 2556.691895 0.000000 0.251814 0.000000 0.967776 0.261809 0.261809 0.261809
1861.828857 0.000000 2563.553223 0.000000 0.043318 0.000000 0.999061 0.262328 0.262328 0.262328
1857.886230 0.000000 2553.918945 0.000000 0.933025 0.000000 -0.359811 0.291113 0.291113 0.291113
1861.718872 0.000000 2556.308838 0.000000 0.948613 0.000000 -0.316437 0.293309 0.293309 0.293309
1859.737915 0.000000 2553.051514 0.000000 0.434725 0.000000 0.900563 0.255441 0.255441 0.255441
1862.729492 0.000000 2559.770752 0.000000 0.065598 0.000000 0.997846 0.254345 0.254345 0.254345
1861.024170 0.000000 2562.991211 0.000000 0.687655 0.000000 0.726038 0.273405 0.273405 0.273405
1865.038330 0.000000 2557.657715 0.000000 0.920591 0.000000 0.390528 0.275507 0.275507 0.275507
1857.495605 0.000000 2561.911133 0.000000 0.525630 0.000000 0.850713 0.269739 0.269739 0.269739
1864.330933 0.000000 2558.596436 0.000000 0.431837 0.000000 0.901952 0.265657 0.265657 0.265657
1863.653198 0.000000 2555.440430 0.000000 0.952835 0.000000 0.303490 0.278517 0.278517 0.278517
1861.391235 0.000000 2555.422119 0.000000 0.535151 0.000000 0.844756 0.276321 0.276321 0.276321
1857.097412 0.000000 2556.879639 0.000000 0.997929 0.000000 0.064321 0.298771 0.298771 0.298771
1951.273193 0.000000 2540.188965 0.000000 0.472522 0.000000 0.881319 0.192972 0.192972 0.192972
1924.956909 0.000000 2531.479492 0.000000 0.160892 0.000000 0.986972 0.190782 0.190782 0.190782
1981.449707 0.000000 2494.798584 0.000000 0.925969 0.000000 0.377599 0.197390 0.197390 0.197390
1979.742432 0.000000 2522.989502 0.000000 0.949964 0.000000 -0.312361 0.202126 0.202126 0.202126
1956.675659 0.000000 2518.154541 0.000000 0.237930 0.000000 0.971282 0.190965 0.190965 0.190965
1944.763672 0.000000 2516.043701 0.000000 0.567264 0.000000 0.823536 0.193453 0.193453 0.193453
1973.610352 0.000000 2520.805420 0.000000 0.904242 0.000000 0.427021 0.196949 0.196949 0.196949
1956.100952 0.000000 2533.173828 0.000000 0.892774 0.000000 0.450504 0.196780 0.196780 0.196780
1943.931152 0.000000 2537.029785 0.000000 0.975139 0.000000 -0.221596 0.205842 0.205842 0.205842
1951.881958 0.000000 2487.961914 0.000000 0.970121 0.000000 0.242622 0.204599 0.204599 0.204599
1963.827026 0.000000 2523.499268 0.000000 0.896764 0.000000 0.442509 0.204610 0.204610 0.204610
1931.910645 0.000000 2512.995361 0.000000 0.956166 0.000000 -0.292826 0.204662 0.204662 0.204662
1939.281494 0.000000 2540.967041 0.000000 0.550819 0.000000 0.834625 0.196437 0.196437 0.196437
1927.561523 0.000000 2536.286377 0.000000 0.798692 0.000000 0.601741 0.202645 0.202645 0.202645
1974.447144 0.000000 2534.521973 0.000000 0.438888 0.000000 0.898542 0.197533 0.197533 0.197533
1935.150513 0.000000 2538.923584 0.000000 0.999343 0.000000 -0.036233 0.215144 0.215144 0.215144
1972.752563 0.000000 2531.709717 0.000000 0.997870 0.000000 -0.065236 0.211440 0.211440 0.211440
1933.989746 0.000000 2512.227051 0.000000 0.536878 0.000000 0.843660 0.204531 0.204531 0.204531
1957.990845 0.000000 2521.949951 0.000000 0.910408 0.000000 -0.413711 0.221263 0.221263 0.221263
1959.709595 0.000000 2485.314697 0.000000 0.884538 0.000000 -0.466467 0.213008 0.213008 0.213008
1976.393677 0.000000 2530.439209 0.000000 0.776237 0.000000 0.630441 0.205008 0.205008 0.205008
1947.270386 0.000000 2537.058838 0.000000 0.956971 0.000000 0.290183 0.208053 0.208053 0.208053
1958.151733 0.000000 2525.636230 0.000000 0.176593 0.000000 0.984284 0.203375 0.203375 0.203375
1954.607544 0.000000 2537.706543 0.000000 0.677613 0.000000 0.735419 0.204398 0.204398 0.204398
1928.084595 0.000000 2500.947510 0.000000 0.978150 0.000000 -0.207902 0.213719 0.213719 0.213719
1949.530396 0.000000 2539.485840 0.000000 0.411707 0.000000 0.911316 0.203386 0.203386 0.203386
1952.870728 0.000000 2492.558105 0.000000 0.951181 0.000000 -0.308635 0.225489 0.225489 0.225489
1933.842407 0.000000 2536.790283 0.000000 0.993942 0.000000 0.109904 0.215604 0.215604 0.215604
1947.568481 0.000000 2518.719971 0.000000 0.481765 0.000000 0.876301 0.205034 0.205034 0.205034
1947.789307 0.000000 2520.492188 0.000000 0.931734 0.000000 -0.363142 0.225426 0.225426 0.225426
1932.884766 0.000000 2532.294922 0.000000 0.144087 0.000000 0.989565 0.206048 0.206048 0.206048
1983.180664 0.000000 2491.413818 0.000000 0.029453 0.000000 0.999566 0.202641 0.202641 0.202641
1976.254761 0.000000 2532.694824 0.000000 0.723703 0.000000 0.690112 0.215371 0.215371 0.215371
1931.004761 0.000000 2511.132568 0.000000 0.597868 0.000000 0.801595 0.213877 0.213877 0.213877
1932.622803 0.000000 2508.944092 0.000000 0.869748 0.000000 0.493497 0.217015 0.217015 0.217015
1952.356323 0.000000 2497.679443 0.000000 0.799315 0.000000 0.600912 0.216409 0.216409 0.216409
1974.213257 0.000000 2528.317871 0.000000 0.295388 0.000000 0.955377 0.210852 0.210852 0.210852
1954.527588 0.000000 2492.420166 0.000000 0.854929 0.000000 0.518745 0.223147 0.223147 0.223147
1939.982056 0.000000 2539.494629 0.000000 0.914934 0.000000 -0.403603 0.225815 0.225815 0.225815
1934.942017 0.000000 2510.953125 0.000000 0.809466 0.000000 -0.587167 0.227697 0.227697 0.227697
1944.535400 0.000000 2520.356201 0.000000 0.994809 0.000000 0.101757 0.221224 0.221224 0.221224
1940.687622 0.000000 2538.015625 0.000000 0.862813 0.000000 0.505522 0.217426 0.217426 0.217426
1929.291260 0.000000 2502.105713 0.000000 0.413143 0.000000 0.910666 0.212473 0.212473 0.212473
1939.869141 0.000000 2536.632080 0.000000 0.948436 0.000000 -0.316970 0.233064 0.233064 0.233064
1941.261719 0.000000 2532.473389 0.000000 0.176847 0.000000 0.984238 0.209278 0.209278 0.209278
1928.076660 0.000000 2534.751953 0.000000 0.658088 0.000000 0.752941 0.214565 0.214565 0.214565
1932.418213 0.000000 2534.388428 0.000000 0.857783 0.000000 -0.514013 0.238091 0.238091 0.238091
1940.429321 0.000000 2535.335205 0.000000 0.990360 0.000000 0.138518 0.233063 0.233063 0.233063
1955.450684 0.000000 2493.973145 0.000000 0.879316 0.000000 0.476238 0.223609 0.223609 0.223609
1929.120239 0.000000 2509.587402 0.000000 0.446123 0.000000 0.894972 0.218340 0.218340 0.218340
1957.877441 0.000000 2485.366455 0.000000 0.216822 0.000000 0.976211 0.217007 0.217007 0.217007
1941.857300 0.000000 2534.899658 0.000000 0.205009 0.000000 0.978760 0.220798 0.220798 0.220798
1931.571533 0.000000 2509.851562 0.000000 0.924672 0.000000 0.380765 0.232162 0.232162 0.232162
1934.955566 0.000000 2537.604736 0.000000 0.958078 0.000000 -0.286508 0.240241 0.240241 0.240241
1953.218384 0.000000 2488.131836 0.000000 0.819566 0.000000 0.572985 0.232039 0.232039 0.232039
1955.340820 0.000000 2486.567627 0.000000 0.987094 0.000000 -0.160144 0.260542 0.260542 0.260542
1930.822510 0.000000 2507.039062 0.000000 0.429921 0.000000 0.902867 0.239604 0.239604 0.239604
1936.322144 0.000000 2535.482666 0.000000 0.999987 0.000000 0.005117 0.258480 0.258480 0.258480
2001.626343 0.000000 2490.521973 0.000000 0.288403 0.000000 0.957509 0.191639 0.191639 0.191639
2010.548950 0.000000 2526.625488 0.000000 1.000000 0.000000 0.000021 0.200000 0.200000 0.200000
1984.522339 0.000000 2501.014648 0.000000 0.999956 0.000000 0.009352 0.199937 0.199937 0.199937
2020.675659 0.000000 2518.154541 0.000000 0.889094 0.000000 0.457725 0.196748 0.196748 0.196748
1990.656738 0.000000 2534.130371 0.000000 0.471913 0.000000 0.881645 0.192509 0.192509 0.192509
2017.860474 0.000000 2494.053711 0.000000 0.920975 0.000000 -0.389622 0.202788 0.202788 0.202788
2004.109741 0.000000 2497.002197 0.000000 0.993477 0.000000 -0.114030 0.201648 0.201648 0.201648
2011.115234 0.000000 2514.596191 0.000000 0.986581 0.000000 -0.163275 0.202000 0.202000 0.202000
2013.269653 0.000000 2487.471924 0.000000 0.937876 0.000000 0.346971 0.201056 0.201056 0.201056
2014.667969 0.000000 2521.693848 0.000000 0.428543 0.000000 0.903521 0.196430 0.196430 0.196430
1988.637939 0.000000 2503.885254 0.000000 0.976276 0.000000 0.216529 0.202599 0.202599 0.202599
2017.651611 0.000000 2521.510010 0.000000 0.836288 0.000000 -0.548290 0.210809 0.210809 0.210809
2011.827881 0.000000 2489.351562 0.000000 0.951963 0.000000 -0.306214 0.204763 0.204763 0.204763
1985.278687 0.000000 2531.187744 0.000000 0.889179 0.000000 0.457560 0.200713 0.200713 0.200713
1992.162109 0.000000 2505.033203 0.000000 0.986865 0.000000 0.161548 0.206327 0.206327 0.206327
2017.615479 0.000000 2539.408203 0.000000 0.945384 0.000000 -0.325958 0.204913 0.204913 0.204913
2025.191162 0.000000 2487.442871 0.000000 0.992900 0.000000 -0.118953 0.210169 0.210169 0.210169
2016.929810 0.000000 2541.790039 0.000000 0.036670 0.000000 0.999327 0.194899 0.194899 0.194899
2013.062500 0.000000 2502.988770 0.000000 0.830699 0.000000 -0.556722 0.220296 0.220296 0.220296
2029.660034 0.000000 2517.262695 0.000000 0.899436 0.000000 -0.437052 0.217988 0.217988 0.217988
1996.800293 0.000000 2495.875244 0.000000 0.105578 0.000000 0.994411 0.204251 0.204251 0.204251
2021.990845 0.000000 2521.949951 0.000000 0.470878 0.000000 0.882199 0.201881 0.201881 0.201881
2018.607544 0.000000 2537.706543 0.000000 0.957799 0.000000 0.287440 0.208075 0.208075 0.208075
1988.837402 0.000000 2533.552246 0.000000 0.018133 0.000000 0.999836 0.206421 0.206421 0.206421
2027.248413 0.000000 2518.138428 0.000000 0.942323 0.000000 0.334704 0.215298 0.215298 0.215298
2016.410645 0.000000 2502.682129 0.000000 0.982782 0.000000 -0.184766 0.218084 0.218084 0.218084
1986.200317 0.000000 2501.931641 0.000000 0.949397 0.000000 0.314080 0.211126 0.211126 0.211126
2013.993286 0.000000 2500.110352 0.000000 0.989807 0.000000 0.142418 0.220308 0.220308 0.220308
2013.530396 0.000000 2539.485840 0.000000 0.122533 0.000000 0.992464 0.209281 0.209281 0.209281
2027.042236 0.000000 2494.183350 0.000000 0.950090 0.000000 -0.311976 0.224944 0.224944 0.224944
2016.870728 0.000000 2492.558105 0.000000 0.220333 0.000000 0.975425 0.201264 0.201264 0.201264
2019.859863 0.000000 2490.994873 0.000000 0.620674 0.000000 0.784068 0.214133 0.214133 0.214133
1986.240967 0.000000 2527.629883 0.000000 0.928257 0.000000 -0.371940 0.223193 0.223193 0.223193
2008.548584 0.000000 2487.369385 0.000000 0.410707 0.000000 0.911768 0.203882 0.203882 0.203882
2010.396606 0.000000 2495.350342 0.000000 0.999056 0.000000 -0.043446 0.218015 0.218015 0.218015
2022.039062 0.000000 2503.414307 0.000000 0.875399 0.000000 0.483401 0.213906 0.213906 0.213906
2022.058228 0.000000 2501.614990 0.000000 0.274886 0.000000 0.961477 0.210662 0.210662 0.210662
2014.555786 0.000000 2507.649902 0.000000 0.560286 0.000000 0.828299 0.215002 0.215002 0.215002
2007.132690 0.000000 2523.261230 0.000000 0.763132 0.000000 0.646242 0.209587 0.209587 0.209587
2021.911865 0.000000 2488.472168 0.000000 0.987958 0.000000 0.154724 0.220750 0.220750 0.220750
1997.156372 0.000000 2494.249023 0.000000 0.341226 0.000000 0.939981 0.206283 0.206283 0.206283
2017.938477 0.000000 2536.200928 0.000000 0.626185 0.000000 0.779675 0.212133 0.212133 0.212133
2012.480591 0.000000 2523.873535 0.000000 0.947467 0.000000 -0.319854 0.224441 0.224441 0.224441
2018.717041 0.000000 2510.675537 0.000000 0.528837 0.000000 0.848723 0.218223 0.218223 0.218223
2008.535400 0.000000 2520.356201 0.000000 0.998196 0.000000 -0.060034 0.218719 0.218719 0.218719
2014.198853 0.000000 2536.560547 0.000000 0.990489 0.000000 0.137595 0.220904 0.220904 0.220904
2008.838135 0.000000 2523.424072 0.000000 0.718001 0.000000 0.696042 0.215298 0.215298 0.215298
1993.291260 0.000000 2502.105713 0.000000 0.903088 0.000000 -0.429455 0.228981 0.228981 0.228981
2025.112671 0.000000 2495.750244 0.000000 0.467979 0.000000 0.883740 0.212512 0.212512 0.212512
2003.123779 0.000000 2508.001709 0.000000 0.929094 0.000000 0.369844 0.218767 0.218767 0.218767
2006.662964 0.000000 2520.203857 0.000000 0.847748 0.000000 0.530399 0.217168 0.217168 0.217168
1993.760254 0.000000 2494.014160 0.000000 0.282067 0.000000 0.959395 0.220610 0.220610 0.220610
2001.973755 0.000000 2500.233887 0.000000 0.998273 0.000000 0.058740 0.223836 0.223836 0.223836
2023.286377 0.000000 2492.134766 0.000000 0.966840 0.000000 -0.255382 0.224420 0.224420 0.224420
1997.914429 0.000000 2503.555664 0.000000 0.855816 0.000000 0.517281 0.229543 0.229543 0.229543
2005.358154 0.000000 2509.205078 0.000000 0.999634 0.000000 -0.027066 0.227423 0.227423 0.227423
2010.272827 0.000000 2513.395996 0.000000 0.974028 0.000000 -0.226428 0.235023 0.235023 0.235023
1996.990845 0.000000 2502.314697 0.000000 0.836659 0.000000 0.547724 0.229181 0.229181 0.229181
2012.559937 0.000000 2514.588867 0.000000 0.884892 0.000000 0.465797 0.223721 0.223721 0.223721
1986.422363 0.000000 2498.378906 0.000000 0.961639 0.000000 -0.274319 0.251046 0.251046 0.251046
1993.044312 0.000000 2488.513916 0.000000 0.697257 0.000000 0.716821 0.224901 0.224901 0.224901
2016.531982 0.000000 2508.500244 0.000000 0.894256 0.000000 -0.447557 0.241438 0.241438 0.241438
1992.949829 0.000000 2531.520996 0.000000 0.702797 0.000000 0.711391 0.235324 0.235324 0.235324
2016.286133 0.000000 2510.190674 0.000000 0.755261 0.000000 0.655424 0.241883 0.241883 0.241883
1984.082764 0.000000 2497.092773 0.000000 0.611535 0.000000 0.791217 0.236035 0.236035 0.236035
2005.697998 0.000000 2506.794922 0.000000 0.722571 0.000000 0.691297 0.240288 0.240288 0.240288
1990.432007 0.000000 2531.205078 0.000000 0.826341 0.000000 0.563171 0.236910 0.236910 0.236910
1987.569946 0.000000 2498.956787 0.000000 0.999286 0.000000 -0.037772 0.248327 0.248327 0.248327
2013.867188 0.000000 2506.170166 0.000000 0.999026 0.000000 -0.044127 0.261343 0.261343 0.261343
2016.381714 0.000000 2512.491699 0.000000 0.744387 0.000000 0.667749 0.244802 0.244802 0.244802
2017.384155 0.000000 2510.735840 0.000000 0.986177 0.000000 0.165695 0.248217 0.248217 0.248217
2013.522949 0.000000 2513.116455 0.000000 0.393798 0.000000 0.919197 0.247490 0.247490 0.247490
1990.265015 0.000000 2498.466064 0.000000 0.897312 0.000000 0.441398 0.260321 0.260321 0.260321
2011.909058 0.000000 2502.808350 0.000000 0.970027 0.000000 -0.242997 0.266767 0.266767 0.266767
2011.520020 0.000000 2498.490234 0.000000 0.428855 0.000000 0.903373 0.238105 0.238105 0.238105
1994.729126 0.000000 2499.732422 0.000000 0.883493 0.000000 0.468444 0.248233 0.248233 0.248233
1995.736450 0.000000 2498.855469 0.000000 0.434615 0.000000 0.900616 0.240657 0.240657 0.240657
1988.258545 0.000000 2528.834473 0.000000 0.479054 0.000000 0.877785 0.243742 0.243742 0.243742
2015.106812 0.000000 2513.663086 0.000000 0.994317 0.000000 0.106461 0.275489 0.275489 0.275489
2004.360107 0.000000 2503.693604 0.000000 0.996596 0.000000 0.082443 0.269733 0.269733 0.269733
2014.740601 0.000000 2511.536621 0.000000 0.390418 0.000000 0.920638 0.254772 0.254772 0.254772
2014.298584 0.000000 2509.368164 0.000000 0.241459 0.000000 0.970411 0.244462 0.244462 0.244462
1988.615234 0.000000 2490.425293 0.000000 0.865838 0.000000 -0.500325 0.279265 0.279265 0.279265
1986.113770 0.000000 2495.269531 0.000000 0.998184 0.000000 -0.060234 0.276774 0.276774 0.276774
1987.737915 0.000000 2496.567139 0.000000 0.987116 0.000000 0.160005 0.272508 0.272508 0.272508
1991.818359 0.000000 2499.923828 0.000000 0.333896 0.000000 0.942610 0.250062 0.250062 0.250062
1990.418945 0.000000 2492.529541 0.000000 0.811842 0.000000 0.583878 0.272179 0.272179 0.272179
2008.346191 0.000000 2500.815918 0.000000 0.925767 0.000000 0.378094 0.293074 0.293074 0.293074
1986.820557 0.000000 2497.069824 0.000000 0.024013 0.000000 0.999712 0.252824 0.252824 0.252824
1988.483643 0.000000 2492.278076 0.000000 0.621413 0.000000 0.783483 0.278545 0.278545 0.278545
1989.175781 0.000000 2494.761475 0.000000 0.378639 0.000000 0.925544 0.261392 0.261392 0.261392
2007.981323 0.000000 2503.968018 0.000000 0.999615 0.000000 0.027747 0.299490 0.299490 0.299490
2008.942383 0.000000 2502.590088 0.000000 0.980743 0.000000 0.195302 0.296467 0.296467 0.296467
2009.389282 0.000000 2505.346191 0.000000 0.479499 0.000000 0.877543 0.279952 0.279952 0.279952
2013.975952 0.000000 2511.993896 0.000000 0.996091 0.000000 -0.088327 0.295291 0.295291 0.295291
2007.276489 0.000000 2505.244141 0.000000 0.743268 0.000000 0.668993 0.286552 0.286552 0.286552
2011.047241 0.000000 2507.510986 0.000000 0.696840 0.000000 0.717226 0.285713 0.285713 0.285713
2010.107422 0.000000 2506.015625 0.000000 0.755722 0.000000 0.654893 0.287245 0.287245 0.287245
2006.406006 0.000000 2503.891602 0.000000 0.986802 0.000000 -0.161931 0.302991 0.302991 0.302991
1946.844482 0.000000 2543.514404 0.000000 0.782678 0.000000 0.622427 0.195555 0.195555 0.195555
1940.737915 0.000000 2541.799805 0.000000 0.895544 0.000000 0.444972 0.205666 0.205666 0.205666
1920.060181 0.000000 2550.045166 0.000000 0.939289 0.000000 0.343127 0.207070 0.207070 0.207070
2029.059937 0.000000 2584.188721 0.000000 0.887699 0.000000 0.460424 0.196858 0.196858 0.196858
2007.427856 0.000000 2590.792236 0.000000 0.938340 0.000000 0.345713 0.197673 0.197673 0.197673
2018.996948 0.000000 2597.760254 0.000000 0.801075 0.000000 0.598564 0.195723 0.195723 0.195723
2028.877319 0.000000 2575.583740 0.000000 0.938715 0.000000 -0.344695 0.202372 0.202372 0.202372
2039.370483 0.000000 2575.452393 0.000000 0.503916 0.000000 0.863753 0.197060 0.197060 0.197060
2033.077515 0.000000 2574.184814 0.000000 0.045885 0.000000 0.998947 0.199368 0.199368 0.199368
2007.245850 0.000000 2597.457275 0.000000 0.309877 0.000000 0.950777 0.206005 0.206005 0.206005
2008.548584 0.000000 2543.853760 0.000000 0.896933 0.000000 0.442167 0.211613 0.211613 0.211613
2037.498657 0.000000 2579.273193 0.000000 0.755707 0.000000 0.654910 0.213170 0.213170 0.213170
2006.371582 0.000000 2594.622803 0.000000 0.982506 0.000000 -0.186233 0.223791 0.223791 0.223791
2034.333252 0.000000 2580.733398 0.000000 0.940811 0.000000 0.338932 0.219061 0.219061 0.219061
2021.911865 0.000000 2544.956543 0.000000 0.954322 0.000000 0.298781 0.219437 0.219437 0.219437
2016.706299 0.000000 2545.946045 0.000000 0.996477 0.000000 0.083872 0.221384 0.221384 0.221384
2010.534668 0.000000 2596.592285 0.000000 0.887790 0.000000 0.460249 0.217885 0.217885 0.217885
2032.299683 0.000000 2577.943359 0.000000 0.998622 0.000000 -0.052472 0.222595 0.222595 0.222595
2010.472168 0.000000 2545.030518 0.000000 0.012409 0.000000 0.999923 0.208301 0.208301 0.208301
2034.026733 0.000000 2577.881104 0.000000 0.819716 0.000000 0.572770 0.216717 0.216717 0.216717
1914.085693 0.000000 2645.439941 0.000000 0.857041 0.000000 0.515249 0.199692 0.199692 0.199692
1911.370483 0.000000 2631.936768 0.000000 0.314511 0.000000 0.949254 0.194012 0.194012 0.194012
1905.258545 0.000000 2635.738281 0.000000 0.788974 0.000000 0.614426 0.199344 0.199344 0.199344
1911.341309 0.000000 2649.573242 0.000000 0.995390 0.000000 0.095909 0.202385 0.202385 0.202385
1919.035522 0.000000 2639.889404 0.000000 0.887402 0.000000 -0.460996 0.210048 0.210048 0.210048
1909.305176 0.000000 2611.932129 0.000000 0.415186 0.000000 0.909737 0.198352 0.198352 0.198352
1908.288452 0.000000 2619.111328 0.000000 0.907218 0.000000 -0.420661 0.216677 0.216677 0.216677
1903.125977 0.000000 2637.198486 0.000000 0.911392 0.000000 0.411540 0.215131 0.215131 0.215131
1912.204712 0.000000 2608.541992 0.000000 0.780338 0.000000 0.625358 0.209284 0.209284 0.209284
1902.145630 0.000000 2642.104248 0.000000 0.971956 0.000000 0.235164 0.213440 0.213440 0.213440
1900.260864 0.000000 2639.214600 0.000000 0.079868 0.000000 0.996805 0.208901 0.208901 0.208901
1911.988525 0.000000 2613.904541 0.000000 0.960727 0.000000 -0.277495 0.224624 0.224624 0.224624
1898.998291 0.000000 2634.948242 0.000000 0.997935 0.000000 0.064228 0.219888 0.219888 0.219888
1909.526611 0.000000 2632.216797 0.000000 0.998731 0.000000 -0.050358 0.229329 0.229329 0.229329
1911.001831 0.000000 2633.315918 0.000000 0.999367 0.000000 0.035583 0.230747 0.230747 0.230747
1913.142822 0.000000 2642.059814 0.000000 0.997163 0.000000 -0.075273 0.247059 0.247059 0.247059
1904.909302 0.000000 2641.328369 0.000000 0.992775 0.000000 0.119993 0.233250 0.233250 0.233250
1911.150269 0.000000 2646.364014 0.000000 0.706353 0.000000 0.707859 0.235895 0.235895 0.235895
1906.104370 0.000000 2642.994873 0.000000 0.437526 0.000000 0.899206 0.230758 0.230758 0.230758
1909.239990 0.000000 2640.524170 0.000000 0.997751 0.000000 -0.067031 0.259941 0.259941 0.259941
1911.960815 0.000000 2644.437988 0.000000 0.997800 0.000000 0.066293 0.267731 0.267731 0.267731
1911.760864 0.000000 2642.565674 0.000000 0.476109 0.000000 0.879386 0.254106 0.254106 0.254106
1882.840820 0.000000 2681.469971 0.000000 0.641641 0.000000 0.767005 0.194348 0.194348 0.194348
1876.194824 0.000000 2700.678467 0.000000 0.999570 0.000000 0.029317 0.199805 0.199805 0.199805
1881.163940 0.000000 2710.625000 0.000000 0.851089 0.000000 0.525021 0.196933 0.196933 0.196933
1898.478760 0.000000 2680.502686 0.000000 0.268050 0.000000 0.963405 0.191014 0.191014 0.191014
1894.985352 0.000000 2686.630127 0.000000 0.180737 0.000000 0.983532 0.192016 0.192016 0.192016
1882.281006 0.000000 2698.612061 0.000000 0.986598 0.000000 -0.163170 0.208812 0.208812 0.208812
1885.193848 0.000000 2680.976807 0.000000 0.998345 0.000000 -0.057513 0.204061 0.204061 0.204061
1899.536621 0.000000 2668.328613 0.000000 0.944629 0.000000 0.328140 0.209372 0.209372 0.209372
1888.929810 0.000000 2711.243164 0.000000 0.863667 0.000000 0.504063 0.203539 0.203539 0.203539
1880.941406 0.000000 2704.993408 0.000000 0.380051 0.000000 0.924966 0.211650 0.211650 0.211650
1883.848511 0.000000 2708.424805 0.000000 0.846564 0.000000 0.532286 0.217149 0.217149 0.217149
1894.058228 0.000000 2671.068115 0.000000 0.774235 0.000000 0.632898 0.213944 0.213944 0.213944
1882.534668 0.000000 2709.561035 0.000000 0.102856 0.000000 0.994696 0.209106 0.209106 0.209106
1890.393921 0.000000 2667.458740 0.000000 0.906169 0.000000 0.422915 0.222559 0.222559 0.222559
1885.699463 0.000000 2710.369141 0.000000 0.672338 0.000000 0.740245 0.219913 0.219913 0.219913
1894.902344 0.000000 2683.371338 0.000000 0.999743 0.000000 0.022659 0.245966 0.245966 0.245966
1893.055908 0.000000 2668.208740 0.000000 0.999557 0.000000 0.029759 0.243094 0.243094 0.243094
1888.381714 0.000000 2681.944824 0.000000 0.870622 0.000000 0.491952 0.242074 0.242074 0.242074
1889.384155 0.000000 2680.188965 0.000000 0.940721 0.000000 0.339182 0.243980 0.243980 0.243980
1886.718750 0.000000 2674.187500 0.000000 0.874428 0.000000 -0.485155 0.271334 0.271334 0.271334
1889.611328 0.000000 2677.857422 0.000000 0.120491 0.000000 0.992714 0.239578 0.239578 0.239578
1888.156128 0.000000 2675.554443 0.000000 0.999768 0.000000 -0.021556 0.266673 0.266673 0.266673
1893.345337 0.000000 2679.516846 0.000000 0.655585 0.000000 0.755121 0.266681 0.266681 0.266681
1887.581055 0.000000 2677.483887 0.000000 0.679298 0.000000 0.733863 0.251372 0.251372 0.251372
1887.373779 0.000000 2672.132080 0.000000 0.955439 0.000000 -0.295190 0.274992 0.274992 0.274992
1891.929443 0.000000 2678.704102 0.000000 0.874854 0.000000 0.484386 0.271305 0.271305 0.271305
1891.124390 0.000000 2668.133057 0.000000 0.989095 0.000000 -0.147279 0.276889 0.276889 0.276889
1888.005737 0.000000 2673.005371 0.000000 0.900458 0.000000 0.434942 0.285384 0.285384 0.285384
1891.053345 0.000000 2670.092529 0.000000 0.941050 0.000000 0.338267 0.288167 0.288167 0.288167
1957.084961 0.000000 2613.078857 0.000000 0.991572 0.000000 -0.129559 0.200843 0.200843 0.200843
1920.390503 0.000000 2641.831299 0.000000 0.662877 0.000000 0.748728 0.194339 0.194339 0.194339
1922.492065 0.000000 2601.870850 0.000000 0.647576 0.000000 0.762001 0.194052 0.194052 0.194052
1930.448364 0.000000 2601.886230 0.000000 0.899396 0.000000 -0.437134 0.203140 0.203140 0.203140
1921.116211 0.000000 2634.780518 0.000000 0.973216 0.000000 0.229891 0.207994 0.207994 0.207994
1960.507935 0.000000 2622.703613 0.000000 0.642981 0.000000 0.765882 0.198838 0.198838 0.198838
1963.705322 0.000000 2625.668945 0.000000 0.222761 0.000000 0.974873 0.198304 0.198304 0.198304
1958.151733 0.000000 2638.604980 0.000000 0.309438 0.000000 0.950920 0.204004 0.204004 0.204004
1967.226074 0.000000 2639.225342 0.000000 0.222883 0.000000 0.974845 0.210678 0.210678 0.210678
1963.434082 0.000000 2627.371338 0.000000 0.103647 0.000000 0.994614 0.210572 0.210572 0.210572
1961.028320 0.000000 2624.988037 0.000000 0.939619 0.000000 -0.342222 0.225228 0.225228 0.225228
1939.362671 0.000000 2606.592773 0.000000 0.978807 0.000000 0.204786 0.219199 0.219199 0.219199
1970.333252 0.000000 2637.217773 0.000000 0.656825 0.000000 0.754043 0.211961 0.211961 0.211961
1927.352905 0.000000 2610.982666 0.000000 0.365844 0.000000 0.930676 0.215013 0.215013 0.215013
1952.356323 0.000000 2610.648193 0.000000 0.650673 0.000000 0.759358 0.213960 0.213960 0.213960
1941.720947 0.000000 2610.454102 0.000000 0.960012 0.000000 0.279960 0.221249 0.221249 0.221249
1933.933594 0.000000 2604.150146 0.000000 0.997721 0.000000 -0.067479 0.234566 0.234566 0.234566
1929.455688 0.000000 2603.048340 0.000000 0.013883 0.000000 0.999904 0.219348 0.219348 0.219348
1925.442505 0.000000 2605.221436 0.000000 0.009753 0.000000 0.999952 0.214046 0.214046 0.214046
1942.790405 0.000000 2624.810059 0.000000 0.490553 0.000000 0.871412 0.220837 0.220837 0.220837
1982.566406 0.000000 2653.909912 0.000000 0.972308 0.000000 -0.233705 0.231661 0.231661 0.231661
1936.744019 0.000000 2607.875977 0.000000 0.998470 0.000000 -0.055289 0.241766 0.241766 0.241766
1959.114014 0.000000 2628.736084 0.000000 0.518496 0.000000 0.855080 0.226209 0.226209 0.226209
1929.044312 0.000000 2601.482666 0.000000 0.774007 0.000000 0.633178 0.229685 0.229685 0.229685
1964.932007 0.000000 2635.469971 0.000000 0.917853 0.000000 0.396920 0.240590 0.240590 0.240590
1967.812744 0.000000 2630.385742 0.000000 0.928530 0.000000 -0.371256 0.254534 0.254534 0.254534
1941.697998 0.000000 2619.763672 0.000000 0.407850 0.000000 0.913049 0.246213 0.246213 0.246213
1940.673706 0.000000 2623.634521 0.000000 0.153833 0.000000 0.988097 0.233298 0.233298 0.233298
1953.640747 0.000000 2615.433105 0.000000 0.931806 0.000000 -0.362956 0.263159 0.263159 0.263159
1937.163452 0.000000 2618.701904 0.000000 0.968866 0.000000 -0.247587 0.247861 0.247861 0.247861
1939.793213 0.000000 2614.948730 0.000000 0.768603 0.000000 0.639726 0.253550 0.253550 0.253550
1967.941284 0.000000 2632.900635 0.000000 0.596673 0.000000 0.802485 0.240900 0.240900 0.240900
1969.885254 0.000000 2645.302002 0.000000 0.479408 0.000000 0.877592 0.240262 0.240262 0.240262
1939.108887 0.000000 2611.278564 0.000000 0.818213 0.000000 -0.574915 0.269137 0.269137 0.269137
1939.341675 0.000000 2619.720947 0.000000 0.558314 0.000000 0.829630 0.251402 0.251402 0.251402
1960.295898 0.000000 2633.543945 0.000000 0.924717 0.000000 0.380655 0.260669 0.260669 0.260669
1947.909058 0.000000 2615.777100 0.000000 0.234603 0.000000 0.972091 0.251556 0.251556 0.251556
1939.455444 0.000000 2617.382080 0.000000 0.290750 0.000000 0.956799 0.250906 0.250906 0.250906
1944.585449 0.000000 2623.500000 0.000000 0.887479 0.000000 -0.460848 0.275690 0.275690 0.275690
1938.167725 0.000000 2616.549316 0.000000 0.995435 0.000000 0.095441 0.266781 0.266781 0.266781
1941.764893 0.000000 2617.985352 0.000000 0.866645 0.000000 -0.498926 0.277464 0.277464 0.277464
1940.360107 0.000000 2616.662354 0.000000 0.370707 0.000000 0.928750 0.253992 0.253992 0.253992
1934.774048 0.000000 2611.838379 0.000000 0.818626 0.000000 -0.574327 0.272114 0.272114 0.272114
1951.786743 0.000000 2614.370117 0.000000 0.820697 0.000000 0.571363 0.267197 0.267197 0.267197
1963.297119 0.000000 2633.902588 0.000000 0.995739 0.000000 -0.092211 0.264783 0.264783 0.264783
1942.499634 0.000000 2614.585205 0.000000 0.967969 0.000000 -0.251070 0.268602 0.268602 0.268602
1962.433472 0.000000 2639.723633 0.000000 0.086962 0.000000 0.996212 0.261155 0.261155 0.261155
1938.396729 0.000000 2609.104492 0.000000 0.684510 0.000000 0.729003 0.249417 0.249417 0.249417
1962.814575 0.000000 2636.134766 0.000000 0.280868 0.000000 0.959746 0.257962 0.257962 0.257962
1951.077515 0.000000 2612.575684 0.000000 0.600261 0.000000 0.799805 0.264633 0.264633 0.264633
1950.879883 0.000000 2613.626709 0.000000 0.965283 0.000000 -0.261207 0.282005 0.282005 0.282005
1962.775757 0.000000 2642.401367 0.000000 0.920238 0.000000 0.391358 0.268545 0.268545 0.268545
1950.083984 0.000000 2615.563721 0.000000 0.103908 0.000000 0.994587 0.254896 0.254896 0.254896
1951.373779 0.000000 2615.647705 0.000000 0.520807 0.000000 0.853674 0.261253 0.261253 0.261253
1965.241699 0.000000 2644.241455 0.000000 0.993630 0.000000 0.112694 0.284245 0.284245 0.284245
1963.986328 0.000000 2635.149658 0.000000 0.889320 0.000000 0.457285 0.262209 0.262209 0.262209
1935.711304 0.000000 2608.138184 0.000000 0.878553 0.000000 0.477646 0.273530 0.273530 0.273530
1950.111328 0.000000 2612.065186 0.000000 0.985334 0.000000 0.170635 0.275651 0.275651 0.275651
1937.590820 0.000000 2610.170166 0.000000 0.983483 0.000000 0.181000 0.277691 0.277691 0.277691
1964.064819 0.000000 2642.754150 0.000000 0.192828 0.000000 0.981233 0.272147 0.272147 0.272147
1948.559570 0.000000 2615.004395 0.000000 0.994061 0.000000 0.108828 0.278221 0.278221 0.278221
1943.981323 0.000000 2616.936768 0.000000 0.967059 0.000000 0.254551 0.279290 0.279290 0.279290
1943.111816 0.000000 2616.357666 0.000000 0.176748 0.000000 0.984256 0.262066 0.262066 0.262066
1963.347656 0.000000 2639.396973 0.000000 0.984992 0.000000 0.172600 0.281111 0.281111 0.281111
1949.283447 0.000000 2612.481201 0.000000 0.881024 0.000000 -0.473072 0.297187 0.297187 0.297187
1993.424194 0.000000 2626.155029 0.000000 0.871265 0.000000 -0.490814 0.203394 0.203394 0.203394
1991.290527 0.000000 2641.126465 0.000000 0.988231 0.000000 0.152968 0.198969 0.198969 0.198969
2012.263916 0.000000 2607.577393 0.000000 0.999254 0.000000 -0.038626 0.200260 0.200260 0.200260
2029.452271 0.000000 2626.851074 0.000000 0.999726 0.000000 0.023386 0.199837 0.199837 0.199837
2023.590698 0.000000 2601.896484 0.000000 0.145576 0.000000 0.989347 0.190768 0.190768 0.190768
2013.193848 0.000000 2624.492432 0.000000 0.801281 0.000000 0.598288 0.197900 0.197900 0.197900
2009.026123 0.000000 2598.529053 0.000000 0.254121 0.000000 0.967173 0.194557 0.194557 0.194557
1993.114258 0.000000 2628.395020 0.000000 0.991359 0.000000 0.131177 0.207115 0.207115 0.207115
1991.299561 0.000000 2639.019287 0.000000 0.953611 0.000000 -0.301042 0.212765 0.212765 0.212765
1992.816650 0.000000 2646.289551 0.000000 0.957155 0.000000 -0.289578 0.212671 0.212671 0.212671
1995.119385 0.000000 2651.900391 0.000000 0.264160 0.000000 0.964479 0.203617 0.203617 0.203617
2021.990845 0.000000 2634.918701 0.000000 0.985223 0.000000 0.171277 0.212877 0.212877 0.212877
2022.151733 0.000000 2638.604980 0.000000 0.990206 0.000000 -0.139614 0.215432 0.215432 0.215432
2031.125977 0.000000 2637.198486 0.000000 0.999914 0.000000 -0.013085 0.211028 0.211028 0.211028
2016.870728 0.000000 2605.526855 0.000000 0.990710 0.000000 -0.135992 0.223339 0.223339 0.223339
2026.572388 0.000000 2647.860107 0.000000 0.994489 0.000000 -0.104840 0.219668 0.219668 0.219668
2019.859863 0.000000 2603.963623 0.000000 0.514653 0.000000 0.857399 0.212988 0.212988 0.212988
1988.483643 0.000000 2632.711182 0.000000 0.979039 0.000000 0.203674 0.212057 0.212057 0.212057
2015.589478 0.000000 2628.326416 0.000000 0.953002 0.000000 0.302963 0.212312 0.212312 0.212312
2018.989624 0.000000 2630.495605 0.000000 0.964214 0.000000 0.265123 0.221935 0.221935 0.221935
1988.253662 0.000000 2637.647217 0.000000 0.810776 0.000000 -0.585357 0.227677 0.227677 0.227677
2014.555786 0.000000 2620.618652 0.000000 0.851984 0.000000 0.523568 0.216707 0.216707 0.216707
1989.526245 0.000000 2639.347168 0.000000 0.316719 0.000000 0.948520 0.211051 0.211051 0.211051
2014.632446 0.000000 2625.591309 0.000000 0.551881 0.000000 0.833923 0.213379 0.213379 0.213379
2021.911865 0.000000 2601.440918 0.000000 0.526305 0.000000 0.850296 0.212090 0.212090 0.212090
2020.465698 0.000000 2600.067139 0.000000 0.962161 0.000000 0.272483 0.218587 0.218587 0.218587
2022.210083 0.000000 2631.781250 0.000000 0.840242 0.000000 -0.542212 0.230749 0.230749 0.230749
2016.706299 0.000000 2602.430420 0.000000 0.926926 0.000000 -0.375245 0.222066 0.222066 0.222066
2018.527588 0.000000 2605.388916 0.000000 0.955332 0.000000 -0.295536 0.224791 0.224791 0.224791
1990.203369 0.000000 2635.576416 0.000000 0.479282 0.000000 0.877661 0.212626 0.212626 0.212626
2018.717041 0.000000 2623.644287 0.000000 0.998606 0.000000 -0.052789 0.224286 0.224286 0.224286
2014.429565 0.000000 2623.456299 0.000000 0.981832 0.000000 0.189751 0.220435 0.220435 0.220435
2025.198730 0.000000 2634.289307 0.000000 0.171909 0.000000 0.985113 0.221432 0.221432 0.221432
2014.455078 0.000000 2604.359863 0.000000 0.684960 0.000000 0.728581 0.214886 0.214886 0.214886
2026.445190 0.000000 2637.137207 0.000000 0.028291 0.000000 0.999600 0.219971 0.219971 0.219971
2023.754639 0.000000 2624.189697 0.000000 0.877490 0.000000 0.479595 0.232648 0.232648 0.232648
1984.314087 0.000000 2648.023193 0.000000 0.861795 0.000000 0.507257 0.230724 0.230724 0.230724
2029.321289 0.000000 2636.764160 0.000000 0.384354 0.000000 0.923186 0.219193 0.219193 0.219193
2021.208130 0.000000 2624.320557 0.000000 0.309369 0.000000 0.950942 0.220399 0.220399 0.220399
1992.996094 0.000000 2649.500244 0.000000 0.301844 0.000000 0.953357 0.222294 0.222294 0.222294
2027.856201 0.000000 2637.855469 0.000000 0.993862 0.000000 0.110630 0.234453 0.234453 0.234453
1993.361450 0.000000 2652.289551 0.000000 0.062266 0.000000 0.998060 0.228437 0.228437 0.228437
2022.447388 0.000000 2624.771973 0.000000 0.804306 0.000000 0.594215 0.231242 0.231242 0.231242
2028.932007 0.000000 2635.469971 0.000000 0.957645 0.000000 -0.287951 0.243713 0.243713 0.243713
2025.626221 0.000000 2627.869141 0.000000 0.993665 0.000000 0.112380 0.255483 0.255483 0.255483
1988.237427 0.000000 2649.815918 0.000000 0.915550 0.000000 -0.402204 0.268951 0.268951 0.268951
1990.734985 0.000000 2648.335205 0.000000 0.968649 0.000000 -0.248434 0.261088 0.261088 0.261088
1990.643066 0.000000 2650.163818 0.000000 0.894874 0.000000 -0.446319 0.269583 0.269583 0.269583
2027.135864 0.000000 2629.904297 0.000000 0.923897 0.000000 0.382642 0.248292 0.248292 0.248292
2025.275879 0.000000 2629.383057 0.000000 0.990504 0.000000 -0.137485 0.268216 0.268216 0.268216
2024.736816 0.000000 2626.072510 0.000000 0.874298 0.000000 0.485389 0.250655 0.250655 0.250655
2027.297119 0.000000 2633.902588 0.000000 0.972784 0.000000 -0.231716 0.261449 0.261449 0.261449
1984.926514 0.000000 2653.792969 0.000000 0.267161 0.000000 0.963652 0.246246 0.246246 0.246246
1986.845215 0.000000 2648.025391 0.000000 0.655698 0.000000 0.755024 0.249439 0.249439 0.249439
1988.047607 0.000000 2652.729980 0.000000 0.999775 0.000000 -0.021215 0.290255 0.290255 0.290255
1986.095459 0.000000 2652.009766 0.000000 0.641738 0.000000 0.766924 0.265910 0.265910 0.265910
1991.689575 0.000000 2653.693359 0.000000 0.553580 0.000000 0.832796 0.254829 0.254829 0.254829
1976.634888 0.000000 2690.554199 0.000000 0.885028 0.000000 -0.465538 0.203155 0.203155 0.203155
1982.112061 0.000000 2698.684326 0.000000 0.912710 0.000000 -0.408608 0.202785 0.202785 0.202785
1982.830811 0.000000 2702.000732 0.000000 0.025396 0.000000 0.999677 0.189236 0.189236 0.189236
1977.029419 0.000000 2661.202393 0.000000 0.869341 0.000000 -0.494213 0.221443 0.221443 0.221443
1983.180664 0.000000 2660.866943 0.000000 0.895892 0.000000 0.444271 0.218044 0.218044 0.218044
1970.333252 0.000000 2693.702148 0.000000 0.999973 0.000000 0.007360 0.218704 0.218704 0.218704
1978.833618 0.000000 2658.031250 0.000000 0.991908 0.000000 0.126961 0.220999 0.220999 0.220999
1981.973755 0.000000 2658.740723 0.000000 0.996318 0.000000 -0.085740 0.221762 0.221762 0.221762
1968.299683 0.000000 2690.912109 0.000000 0.943591 0.000000 0.331114 0.219134 0.219134 0.219134
1979.157593 0.000000 2656.517334 0.000000 0.957487 0.000000 0.288477 0.229346 0.229346 0.229346
1968.143311 0.000000 2707.182129 0.000000 0.708571 0.000000 0.705639 0.220383 0.220383 0.220383
1981.369507 0.000000 2702.061279 0.000000 0.872581 0.000000 -0.488470 0.229587 0.229587 0.229587
1962.734131 0.000000 2702.779785 0.000000 0.847127 0.000000 0.531390 0.223007 0.223007 0.223007
1970.969971 0.000000 2709.024414 0.000000 0.124250 0.000000 0.992251 0.215620 0.215620 0.215620
1970.359985 0.000000 2706.512695 0.000000 0.997496 0.000000 -0.070718 0.245880 0.245880 0.245880
1981.398315 0.000000 2656.627441 0.000000 0.037573 0.000000 0.999294 0.220065 0.220065 0.220065
1969.428345 0.000000 2704.700684 0.000000 0.878619 0.000000 -0.477524 0.254714 0.254714 0.254714
1971.676392 0.000000 2706.078125 0.000000 0.984533 0.000000 0.175200 0.243153 0.243153 0.243153
1971.604858 0.000000 2701.725098 0.000000 0.099826 0.000000 0.995005 0.240741 0.240741 0.240741
1977.562134 0.000000 2703.059570 0.000000 0.950100 0.000000 0.311945 0.243764 0.243764 0.243764
1969.885254 0.000000 2701.786377 0.000000 0.979104 0.000000 -0.203362 0.263378 0.263378 0.263378
1967.754517 0.000000 2703.479736 0.000000 0.888783 0.000000 -0.458329 0.258579 0.258579 0.258579
1968.238770 0.000000 2700.450195 0.000000 0.058696 0.000000 0.998276 0.241637 0.241637 0.241637
1973.469116 0.000000 2703.455811 0.000000 0.997425 0.000000 0.071719 0.282660 0.282660 0.282660
1971.887939 0.000000 2704.956543 0.000000 0.989190 0.000000 -0.146640 0.283716 0.283716 0.283716
1977.544922 0.000000 2704.328857 0.000000 0.999858 0.000000 0.016870 0.265604 0.265604 0.265604
1972.822632 0.000000 2702.183350 0.000000 0.944721 0.000000 -0.327876 0.288841 0.288841 0.288841
1968.476318 0.000000 2702.598633 0.000000 0.821500 0.000000 -0.570208 0.274437 0.274437 0.274437
1972.585083 0.000000 2705.648438 0.000000 0.930097 0.000000 -0.367314 0.301776 0.301776 0.301776
1973.814697 0.000000 2704.575439 0.000000 0.005561 0.000000 0.999985 0.269478 0.269478 0.269478
2025.396362 0.000000 2668.524414 0.000000 0.354262 0.000000 0.935146 0.192064 0.192064 0.192064
2026.064331 0.000000 2706.089355 0.000000 0.424349 0.000000 0.905499 0.192507 0.192507 0.192507
2032.446289 0.000000 2665.596436 0.000000 0.306905 0.000000 0.951740 0.191546 0.191546 0.191546
2012.263916 0.000000 2664.061768 0.000000 0.717527 0.000000 0.696531 0.194748 0.194748 0.194748
2028.084717 0.000000 2685.509521 0.000000 0.997658 0.000000 0.068405 0.199532 0.199532 0.199532
2021.593018 0.000000 2696.976318 0.000000 0.999991 0.000000 -0.004157 0.208716 0.208716 0.208716
2015.716431 0.000000 2695.216309 0.000000 0.931099 0.000000 -0.364766 0.215029 0.215029 0.215029
2024.273193 0.000000 2704.981201 0.000000 0.949975 0.000000 -0.312326 0.212858 0.212858 0.212858
2030.326538 0.000000 2665.883789 0.000000 0.938030 0.000000 -0.346555 0.216605 0.216605 0.216605
1998.121460 0.000000 2656.784180 0.000000 0.986943 0.000000 -0.161069 0.211066 0.211066 0.211066
2032.094482 0.000000 2671.875000 0.000000 0.864094 0.000000 0.503331 0.213176 0.213176 0.213176
2031.143188 0.000000 2680.443115 0.000000 0.939621 0.000000 0.342216 0.210883 0.210883 0.210883
2026.718262 0.000000 2701.264648 0.000000 0.375871 0.000000 0.926672 0.201561 0.201561 0.201561
2019.248779 0.000000 2669.126953 0.000000 0.199615 0.000000 0.979874 0.208499 0.208499 0.208499
2024.686523 0.000000 2673.418701 0.000000 0.935923 0.000000 -0.352206 0.225322 0.225322 0.225322
2014.270752 0.000000 2664.042480 0.000000 0.846680 0.000000 -0.532103 0.223579 0.223579 0.223579
2016.870728 0.000000 2662.011230 0.000000 0.968784 0.000000 0.247907 0.212783 0.212783 0.212783
1999.104492 0.000000 2659.617676 0.000000 0.997794 0.000000 0.066392 0.221539 0.221539 0.221539
2029.502441 0.000000 2677.126465 0.000000 0.376541 0.000000 0.926400 0.211617 0.211617 0.211617
2014.385010 0.000000 2696.360352 0.000000 0.801915 0.000000 0.597439 0.216448 0.216448 0.216448
2022.039062 0.000000 2672.867432 0.000000 0.511796 0.000000 0.859107 0.212959 0.212959 0.212959
2029.137695 0.000000 2669.825684 0.000000 0.963609 0.000000 0.267314 0.221368 0.221368 0.221368
2015.343506 0.000000 2697.902344 0.000000 0.541843 0.000000 0.840480 0.213272 0.213272 0.213272
2016.125000 0.000000 2663.907715 0.000000 0.980618 0.000000 -0.195927 0.216470 0.216470 0.216470
2011.981201 0.000000 2698.707275 0.000000 0.666742 0.000000 0.745289 0.214667 0.214667 0.214667
2029.746216 0.000000 2674.901611 0.000000 0.978812 0.000000 0.204763 0.225797 0.225797 0.225797
2017.938477 0.000000 2705.654053 0.000000 0.960113 0.000000 0.279614 0.217976 0.217976 0.217976
2027.719849 0.000000 2672.352295 0.000000 0.784381 0.000000 0.620279 0.219877 0.219877 0.219877
2020.710693 0.000000 2704.262207 0.000000 0.845673 0.000000 -0.533701 0.228301 0.228301 0.228301
2016.008667 0.000000 2705.250000 0.000000 0.413121 0.000000 0.910676 0.210461 0.210461 0.210461
2014.635132 0.000000 2699.328857 0.000000 0.888912 0.000000 -0.458077 0.231026 0.231026 0.231026
2017.783813 0.000000 2698.329834 0.000000 0.366991 0.000000 0.930224 0.222989 0.222989 0.222989
1993.455688 0.000000 2659.532715 0.000000 0.888089 0.000000 -0.459672 0.229873 0.229873 0.229873
2028.925659 0.000000 2671.333008 0.000000 0.320750 0.000000 0.947164 0.215562 0.215562 0.215562
2013.439453 0.000000 2701.652344 0.000000 0.999935 0.000000 0.011438 0.244972 0.244972 0.244972
2021.564209 0.000000 2699.419189 0.000000 0.820941 0.000000 -0.571013 0.252405 0.252405 0.252405
2030.218384 0.000000 2673.642090 0.000000 0.982453 0.000000 0.186511 0.241377 0.241377 0.241377
2015.835327 0.000000 2703.963135 0.000000 0.993577 0.000000 -0.113162 0.254284 0.254284 0.254284
1989.392212 0.000000 2657.492920 0.000000 0.170638 0.000000 0.985334 0.224328 0.224328 0.224328
1986.168335 0.000000 2654.785156 0.000000 0.859056 0.000000 0.511882 0.253451 0.253451 0.253451
2022.615479 0.000000 2700.142578 0.000000 0.956635 0.000000 -0.291289 0.257596 0.257596 0.257596
1993.470337 0.000000 2656.804688 0.000000 0.990833 0.000000 0.135090 0.243601 0.243601 0.243601
2017.317017 0.000000 2700.326904 0.000000 0.813900 0.000000 0.581005 0.244027 0.244027 0.244027
1990.658936 0.000000 2654.805664 0.000000 0.822700 0.000000 -0.568475 0.272021 0.272021 0.272021
2021.622314 0.000000 2701.506592 0.000000 0.936052 0.000000 -0.351862 0.288646 0.288646 0.288646
2020.157715 0.000000 2701.629150 0.000000 0.998617 0.000000 -0.052584 0.283991 0.283991 0.283991
2020.942749 0.000000 2703.292480 0.000000 0.934414 0.000000 0.356189 0.267469 0.267469 0.267469
1895.553711 0.000000 2728.452393 0.000000 0.943107 0.000000 0.332490 0.197715 0.197715 0.197715
1880.358154 0.000000 2719.760986 0.000000 0.989964 0.000000 -0.141321 0.200973 0.200973 0.200973
1895.437012 0.000000 2738.631836 0.000000 0.830400 0.000000 -0.557168 0.205605 0.205605 0.205605
1890.304321 0.000000 2727.349854 0.000000 0.960400 0.000000 -0.278624 0.210861 0.210861 0.210861
1879.989624 0.000000 2724.279785 0.000000 0.939287 0.000000 -0.343131 0.208502 0.208502 0.208502
1892.267090 0.000000 2736.140625 0.000000 0.040317 0.000000 0.999187 0.202731 0.202731 0.202731
1897.985107 0.000000 2732.186523 0.000000 0.999910 0.000000 -0.013391 0.214395 0.214395 0.214395
1882.396606 0.000000 2721.287842 0.000000 0.780226 0.000000 0.625497 0.215606 0.215606 0.215606
1882.746094 0.000000 2711.277100 0.000000 0.064878 0.000000 0.997893 0.212639 0.212639 0.212639
1893.219971 0.000000 2734.829346 0.000000 0.031420 0.000000 0.999506 0.215212 0.215212 0.215212
1895.006714 0.000000 2730.653809 0.000000 0.947990 0.000000 0.318299 0.219799 0.219799 0.219799
1882.472168 0.000000 2714.483643 0.000000 0.666013 0.000000 0.745940 0.215176 0.215176 0.215176
1886.746948 0.000000 2712.838135 0.000000 0.627418 0.000000 0.778683 0.219358 0.219358 0.219358
1894.613281 0.000000 2732.120850 0.000000 0.958352 0.000000 0.285590 0.227195 0.227195 0.227195
1881.273560 0.000000 2732.178467 0.000000 0.992192 0.000000 0.124721 0.230988 0.230988 0.230988
1883.986084 0.000000 2722.008057 0.000000 0.055408 0.000000 0.998464 0.217847 0.217847 0.217847
1885.169556 0.000000 2714.849609 0.000000 0.999622 0.000000 0.027497 0.231385 0.231385 0.231385
1885.531982 0.000000 2712.093750 0.000000 0.893796 0.000000 -0.448474 0.246133 0.246133 0.246133
1884.146240 0.000000 2712.610596 0.000000 0.643945 0.000000 0.765071 0.231892 0.231892 0.231892
1880.008911 0.000000 2731.660156 0.000000 0.987704 0.000000 -0.156336 0.257077 0.257077 0.257077
1892.226440 0.000000 2731.401855 0.000000 0.977810 0.000000 0.209496 0.249346 0.249346 0.249346
1891.433105 0.000000 2732.983398 0.000000 0.552434 0.000000 0.833557 0.242279 0.242279 0.242279
1889.640747 0.000000 2728.401855 0.000000 0.997931 0.000000 -0.064295 0.254831 0.254831 0.254831
1890.155762 0.000000 2730.802979 0.000000 0.880229 0.000000 -0.474548 0.264687 0.264687 0.264687
1883.909058 0.000000 2728.745850 0.000000 0.679563 0.000000 0.733617 0.252908 0.252908 0.252908
1885.687012 0.000000 2724.104980 0.000000 0.991771 0.000000 0.128027 0.256948 0.256948 0.256948
1888.945312 0.000000 2729.905518 0.000000 0.980717 0.000000 0.195433 0.251710 0.251710 0.251710
1880.134033 0.000000 2727.715332 0.000000 0.998715 0.000000 0.050689 0.265714 0.265714 0.265714
1881.368530 0.000000 2726.537842 0.000000 0.911102 0.000000 0.412181 0.260750 0.260750 0.260750
1884.840942 0.000000 2731.803467 0.000000 0.874058 0.000000 0.485821 0.259127 0.259127 0.259127
1886.083984 0.000000 2728.532471 0.000000 0.858853 0.000000 -0.512222 0.285993 0.285993 0.285993
1885.677246 0.000000 2729.840088 0.000000 0.996441 0.000000 0.084297 0.285796 0.285796 0.285796
1887.373779 0.000000 2728.616455 0.000000 0.816863 0.000000 0.576832 0.269185 0.269185 0.269185
1884.559570 0.000000 2727.973145 0.000000 0.629275 0.000000 0.777183 0.265673 0.265673 0.265673
1883.323486 0.000000 2726.520264 0.000000 0.984647 0.000000 -0.174558 0.289857 0.289857 0.289857
1977.682983 0.000000 2713.405762 0.000000 0.649003 0.000000 0.760786 0.197855 0.197855 0.197855
3898.545166 0.000000 2404.314453 0.000000 0.976145 0.000000 0.217121 0.221835 0.221835 0.221835
3897.029053 0.000000 2400.491943 0.000000 0.803555 0.000000 0.595231 0.245916 0.245916 0.245916
3926.662842 0.000000 2407.235107 0.000000 0.996757 0.000000 -0.080469 0.234131 0.234131 0.234131
3926.076904 0.000000 2414.129639 0.000000 0.651352 0.000000 0.758776 0.227374 0.227374 0.227374
3930.143799 0.000000 2428.045166 0.000000 0.824337 0.000000 -0.566100 0.310501 0.310501 0.310501
3933.956299 0.000000 2428.763672 0.000000 0.956441 0.000000 0.291925 0.294342 0.294342 0.294342
3905.194336 0.000000 2438.102539 0.000000 0.545412 0.000000 0.838168 0.225520 0.225520 0.225520
3934.746826 0.000000 2430.416260 0.000000 0.479864 0.000000 0.877343 0.215669 0.215669 0.215669
3946.270752 0.000000 2436.319824 0.000000 0.390476 0.000000 0.920613 0.219756 0.219756 0.219756
3947.614258 0.000000 2439.052490 0.000000 0.988260 0.000000 -0.152784 0.246223 0.246223 0.246223
3946.238525 0.000000 2438.666992 0.000000 0.934579 0.000000 -0.355755 0.248535 0.248535 0.248535
3927.498779 0.000000 2438.836426 0.000000 0.989884 0.000000 0.141880 0.277177 0.277177 0.277177
3935.150879 0.000000 2437.529053 0.000000 0.981508 0.000000 -0.191419 0.296429 0.296429 0.296429
3927.302979 0.000000 2437.187744 0.000000 0.832882 0.000000 -0.553450 0.300476 0.300476 0.300476
3931.333740 0.000000 2429.634521 0.000000 0.999965 0.000000 -0.008335 0.300145 0.300145 0.300145
3952.653320 0.000000 2436.481445 0.000000 0.632171 0.000000 0.774829 0.283267 0.283267 0.283267
3926.024902 0.000000 2440.117432 0.000000 0.992107 0.000000 -0.125397 0.283395 0.283395 0.283395
3949.915527 0.000000 2434.830566 0.000000 0.999958 0.000000 0.009179 0.298163 0.298163 0.298163
3937.903564 0.000000 2435.238770 0.000000 0.989189 0.000000 -0.146645 0.302778 0.302778 0.302778
3941.422363 0.000000 2438.331543 0.000000 0.608535 0.000000 0.793527 0.282495 0.282495 0.282495
3934.411865 0.000000 2437.030029 0.000000 0.939965 0.000000 -0.341271 0.298976 0.298976 0.298976
3941.566650 0.000000 2439.450928 0.000000 0.854567 0.000000 -0.519342 0.310429 0.310429 0.310429
3940.975342 0.000000 2436.609863 0.000000 0.743267 0.000000 0.668995 0.286360 0.286360 0.286360
3939.750488 0.000000 2438.546875 0.000000 0.888390 0.000000 0.459089 0.290891 0.290891 0.290891
3949.529785 0.000000 2437.923340 0.000000 0.998921 0.000000 0.046447 0.299113 0.299113 0.299113
3939.292969 0.000000 2436.249268 0.000000 0.866344 0.000000 -0.499447 0.309988 0.309988 0.309988
3941.858887 0.000000 2436.844238 0.000000 0.999765 0.000000 -0.021656 0.300403 0.300403 0.300403
3949.288086 0.000000 2436.536377 0.000000 0.997344 0.000000 -0.072830 0.301392 0.301392 0.301392
3950.607178 0.000000 2439.195801 0.000000 0.895943 0.000000 0.444169 0.291210 0.291210 0.291210
3932.705078 0.000000 2429.607910 0.000000 0.925212 0.000000 0.379450 0.292567 0.292567 0.292567
3940.137939 0.000000 2437.091553 0.000000 0.414178 0.000000 0.910196 0.278713 0.278713 0.278713
6135.430664 0.000000 635.205139 0.000000 0.985894 0.000000 0.167372 0.198883 0.198883 0.198883
6139.875488 0.000000 635.534363 0.000000 0.680112 0.000000 0.733108 0.194535 0.194535 0.194535
6141.449707 0.000000 630.814270 0.000000 0.273189 0.000000 0.961960 0.191374 0.191374 0.191374
6134.075195 0.000000 642.873169 0.000000 0.823548 0.000000 0.567246 0.203501 0.203501 0.203501
6138.962891 0.000000 639.466858 0.000000 0.307605 0.000000 0.951514 0.205985 0.205985 0.205985
6158.189453 0.000000 657.771851 0.000000 0.883325 0.000000 0.468761 0.196882 0.196882 0.196882
6180.049805 0.000000 657.617676 0.000000 0.979566 0.000000 -0.201123 0.201314 0.201314 0.201314
6148.861816 0.000000 649.282654 0.000000 0.991157 0.000000 -0.132698 0.200871 0.200871 0.200871
6149.348633 0.000000 629.769897 0.000000 0.433528 0.000000 0.901140 0.192546 0.192546 0.192546
6199.033203 0.000000 659.776062 0.000000 0.574921 0.000000 0.818209 0.193373 0.193373 0.193373
6152.162109 0.000000 641.048950 0.000000 0.935671 0.000000 0.352872 0.202642 0.202642 0.202642
6152.383301 0.000000 643.191895 0.000000 0.497109 0.000000 0.867688 0.198026 0.198026 0.198026
6175.716309 0.000000 661.778748 0.000000 0.999669 0.000000 -0.025723 0.210566 0.210566 0.210566
6155.945801 0.000000 643.396667 0.000000 0.538841 0.000000 0.842407 0.200446 0.200446 0.200446
6144.013672 0.000000 625.850891 0.000000 0.999978 0.000000 0.006586 0.210312 0.210312 0.210312
6193.878906 0.000000 633.671997 0.000000 0.005787 0.000000 0.999983 0.197103 0.197103 0.197103
6155.577637 0.000000 665.349243 0.000000 0.867168 0.000000 -0.498015 0.217382 0.217382 0.217382
6192.863770 0.000000 665.804138 0.000000 0.973148 0.000000 0.230182 0.214032 0.214032 0.214032
6158.853027 0.000000 638.229919 0.000000 0.930107 0.000000 0.367288 0.211749 0.211749 0.211749
6193.665527 0.000000 650.090698 0.000000 0.859554 0.000000 -0.511045 0.217504 0.217504 0.217504
6187.248535 0.000000 654.154175 0.000000 0.995860 0.000000 0.090905 0.217431 0.217431 0.217431
6191.125977 0.000000 660.245239 0.000000 0.304745 0.000000 0.952434 0.207954 0.207954 0.207954
6187.631348 0.000000 664.878052 0.000000 0.329384 0.000000 0.944196 0.211170 0.211170 0.211170
6161.241211 0.000000 638.959473 0.000000 0.858325 0.000000 0.513107 0.210944 0.210944 0.210944
6171.705566 0.000000 661.367004 0.000000 0.748358 0.000000 0.663295 0.210975 0.210975 0.210975
6159.409668 0.000000 661.488342 0.000000 0.998335 0.000000 0.057686 0.218830 0.218830 0.218830
6156.302734 0.000000 641.726562 0.000000 0.833863 0.000000 -0.551972 0.225549 0.225549 0.225549
6194.333496 0.000000 660.264709 0.000000 0.950912 0.000000 0.309463 0.217704 0.217704 0.217704
6156.416504 0.000000 663.246094 0.000000 0.859451 0.000000 0.511218 0.221632 0.221632 0.221632
6181.911621 0.000000 624.487854 0.000000 0.988102 0.000000 0.153802 0.220206 0.220206 0.220206
6193.566406 0.000000 628.510742 0.000000 0.221834 0.000000 0.975085 0.205734 0.205734 0.205734
6188.260742 0.000000 662.261475 0.000000 0.494827 0.000000 0.868991 0.212277 0.212277 0.212277
6163.159180 0.000000 641.547668 0.000000 0.742579 0.000000 0.669758 0.214046 0.214046 0.214046
6185.330078 0.000000 662.489807 0.000000 0.746532 0.000000 0.665349 0.214622 0.214622 0.214622
6194.026855 0.000000 657.412292 0.000000 0.993057 0.000000 -0.117638 0.229404 0.229404 0.229404
6183.286133 0.000000 628.150269 0.000000 0.396357 0.000000 0.918097 0.216819 0.216819 0.216819
6186.445312 0.000000 660.184021 0.000000 0.727008 0.000000 0.686629 0.221152 0.221152 0.221152
6171.274902 0.000000 663.948059 0.000000 0.078859 0.000000 0.996886 0.212285 0.212285 0.212285
6195.138184 0.000000 653.340271 0.000000 0.959708 0.000000 -0.280999 0.228679 0.228679 0.228679
6194.992676 0.000000 650.734192 0.000000 0.631529 0.000000 0.775352 0.216833 0.216833 0.216833
6144.065918 0.000000 627.365356 0.000000 0.991264 0.000000 0.131895 0.224830 0.224830 0.224830
6183.477539 0.000000 626.585938 0.000000 0.416465 0.000000 0.909152 0.224030 0.224030 0.224030
6159.887695 0.000000 669.065430 0.000000 0.325175 0.000000 0.945654 0.232879 0.232879 0.232879
6161.638672 0.000000 662.626526 0.000000 0.500927 0.000000 0.865489 0.235550 0.235550 0.235550
6158.338867 0.000000 663.149231 0.000000 0.135937 0.000000 0.990717 0.224926 0.224926 0.224926
6156.848145 0.000000 665.231201 0.000000 0.816487 0.000000 0.577364 0.236722 0.236722 0.236722
6186.238770 0.000000 631.166992 0.000000 0.473185 0.000000 0.880963 0.244654 0.244654 0.244654
6191.399902 0.000000 631.566528 0.000000 0.820125 0.000000 0.572185 0.249402 0.249402 0.249402
6189.988281 0.000000 631.175232 0.000000 0.753633 0.000000 0.657295 0.256354 0.256354 0.256354
6160.442383 0.000000 662.135742 0.000000 0.425274 0.000000 0.905064 0.234587 0.234587 0.234587
6185.102051 0.000000 628.588196 0.000000 0.271598 0.000000 0.962411 0.235170 0.235170 0.235170
6190.801270 0.000000 628.994690 0.000000 0.967583 0.000000 -0.252552 0.252515 0.252515 0.252515
6157.742676 0.000000 667.548157 0.000000 0.977686 0.000000 -0.210073 0.254302 0.254302 0.254302
6162.832031 0.000000 665.505859 0.000000 0.930159 0.000000 0.367158 0.249028 0.249028 0.249028
6161.039551 0.000000 666.248474 0.000000 0.445639 0.000000 0.895213 0.251181 0.251181 0.251181
6188.634766 0.000000 628.043335 0.000000 0.904163 0.000000 0.427187 0.258397 0.258397 0.258397
6187.491211 0.000000 629.250183 0.000000 0.560894 0.000000 0.827888 0.254447 0.254447 0.254447
6255.365234 0.000000 652.131775 0.000000 0.991769 0.000000 -0.128039 0.200837 0.200837 0.200837
6270.127441 0.000000 638.768127 0.000000 0.038072 0.000000 0.999275 0.189860 0.189860 0.189860
6261.757812 0.000000 640.692871 0.000000 0.999799 0.000000 0.020029 0.199866 0.199866 0.199866
6256.887695 0.000000 646.203613 0.000000 0.502435 0.000000 0.864615 0.192934 0.192934 0.192934
6232.357910 0.000000 629.839111 0.000000 0.613304 0.000000 0.789847 0.193862 0.193862 0.193862
6262.496094 0.000000 650.637024 0.000000 0.983437 0.000000 0.181249 0.198749 0.198749 0.198749
6256.015137 0.000000 649.109558 0.000000 0.915303 0.000000 0.402766 0.197123 0.197123 0.197123
6253.452148 0.000000 649.897949 0.000000 0.962834 0.000000 -0.270096 0.204491 0.204491 0.204491
6270.188965 0.000000 636.402710 0.000000 0.836303 0.000000 0.548267 0.197806 0.197806 0.197806
6259.339844 0.000000 656.617493 0.000000 0.589175 0.000000 0.808006 0.196778 0.196778 0.196778
6261.305176 0.000000 634.979065 0.000000 0.999973 0.000000 -0.007345 0.206498 0.206498 0.206498
6268.870605 0.000000 628.720642 0.000000 0.901039 0.000000 -0.433738 0.215631 0.215631 0.215631
6267.459473 0.000000 630.688293 0.000000 0.638165 0.000000 0.769900 0.206058 0.206058 0.206058
6258.737793 0.000000 654.825806 0.000000 0.296210 0.000000 0.955123 0.202392 0.202392 0.202392
6263.086426 0.000000 657.944458 0.000000 0.870808 0.000000 0.491623 0.210079 0.210079 0.210079
6230.760742 0.000000 630.532532 0.000000 0.230261 0.000000 0.973129 0.211239 0.211239 0.211239
6268.241699 0.000000 632.070557 0.000000 0.988560 0.000000 -0.150826 0.225176 0.225176 0.225176
6261.526855 0.000000 655.263611 0.000000 0.993234 0.000000 -0.116129 0.226558 0.226558 0.226558
6225.973633 0.000000 636.249512 0.000000 0.969233 0.000000 -0.246144 0.225481 0.225481 0.225481
6224.534668 0.000000 635.155884 0.000000 0.854757 0.000000 0.519029 0.232708 0.232708 0.232708
6235.520020 0.000000 634.505920 0.000000 0.841927 0.000000 0.539592 0.265648 0.265648 0.265648
6237.687012 0.000000 634.183167 0.000000 0.925674 0.000000 -0.378321 0.262198 0.262198 0.262198
6234.827148 0.000000 632.396912 0.000000 0.950639 0.000000 0.310298 0.267067 0.267067 0.267067
6228.728516 0.000000 634.026611 0.000000 0.954430 0.000000 0.298435 0.259657 0.259657 0.259657
6230.980957 0.000000 634.586182 0.000000 0.616130 0.000000 0.787644 0.272942 0.272942 0.272942
6316.186523 0.000000 669.036316 0.000000 0.839437 0.000000 0.543457 0.196285 0.196285 0.196285
6319.961914 0.000000 676.588013 0.000000 0.891033 0.000000 0.453938 0.196718 0.196718 0.196718
6327.341309 0.000000 672.620117 0.000000 0.890963 0.000000 0.454076 0.202357 0.202357 0.202357
6320.736816 0.000000 668.014954 0.000000 0.710964 0.000000 0.703228 0.208947 0.208947 0.208947
6305.556152 0.000000 648.002441 0.000000 0.799194 0.000000 0.601073 0.214295 0.214295 0.214295
6300.327637 0.000000 649.146790 0.000000 0.878166 0.000000 0.478355 0.212883 0.212883 0.212883
6323.450195 0.000000 674.167297 0.000000 0.838599 0.000000 0.544749 0.213296 0.213296 0.213296
6321.522949 0.000000 675.999939 0.000000 0.908699 0.000000 0.417452 0.221000 0.221000 0.221000
6302.429688 0.000000 646.503113 0.000000 0.991560 0.000000 -0.129646 0.227250 0.227250 0.227250
6320.143066 0.000000 673.744690 0.000000 0.901444 0.000000 0.432895 0.221919 0.221919 0.221919
6349.883301 0.000000 669.824341 0.000000 0.971158 0.000000 0.238438 0.198413 0.198413 0.198413
6365.565918 0.000000 664.626892 0.000000 0.933051 0.000000 -0.359745 0.202508 0.202508 0.202508
6359.871582 0.000000 660.809143 0.000000 0.276526 0.000000 0.961007 0.191204 0.191204 0.191204
6349.897461 0.000000 664.436096 0.000000 0.998580 0.000000 -0.053269 0.206281 0.206281 0.206281
6171.974121 0.000000 709.542053 0.000000 0.967748 0.000000 -0.251920 0.201672 0.201672 0.201672
6197.757812 0.000000 697.177246 0.000000 0.977187 0.000000 -0.212383 0.201421 0.201421 0.201421
6203.875488 0.000000 692.018738 0.000000 0.951465 0.000000 0.307757 0.197891 0.197891 0.197891
6180.219727 0.000000 717.969971 0.000000 0.223723 0.000000 0.974653 0.190933 0.190933 0.190933
6182.737793 0.000000 716.290405 0.000000 0.927751 0.000000 -0.373199 0.202635 0.202635 0.202635
6199.542480 0.000000 700.942261 0.000000 0.653179 0.000000 0.757203 0.196332 0.196332 0.196332
6158.569336 0.000000 711.581238 0.000000 0.912557 0.000000 0.408950 0.198403 0.198403 0.198403
6203.596680 0.000000 694.338928 0.000000 0.957692 0.000000 -0.287795 0.204051 0.204051 0.204051
6201.532715 0.000000 692.787109 0.000000 0.577204 0.000000 0.816600 0.198737 0.198737 0.198737
6166.645996 0.000000 708.478271 0.000000 0.410911 0.000000 0.911676 0.201356 0.201356 0.201356
6199.633301 0.000000 696.530396 0.000000 0.906808 0.000000 -0.421543 0.212619 0.212619 0.212619
6205.495117 0.000000 696.972717 0.000000 0.851697 0.000000 -0.524035 0.222323 0.222323 0.222323
6201.095215 0.000000 701.592102 0.000000 0.626778 0.000000 0.779198 0.215233 0.215233 0.215233
6161.981934 0.000000 707.724731 0.000000 0.823550 0.000000 0.567243 0.222073 0.222073 0.222073
6206.777344 0.000000 698.240662 0.000000 0.218825 0.000000 0.975764 0.218006 0.218006 0.218006
6167.405273 0.000000 707.181641 0.000000 0.922683 0.000000 -0.385559 0.228542 0.228542 0.228542
6163.060547 0.000000 705.023071 0.000000 0.009022 0.000000 0.999959 0.220252 0.220252 0.220252
6165.670898 0.000000 704.896851 0.000000 0.413235 0.000000 0.910624 0.229473 0.229473 0.229473
6245.084961 0.000000 692.610107 0.000000 0.955795 0.000000 0.294033 0.198070 0.198070 0.198070
6231.538086 0.000000 714.099304 0.000000 0.969332 0.000000 0.245757 0.198370 0.198370 0.198370
6245.993652 0.000000 707.375854 0.000000 0.709004 0.000000 0.705205 0.194802 0.194802 0.194802
6230.596680 0.000000 698.343628 0.000000 0.257411 0.000000 0.966302 0.191265 0.191265 0.191265
6267.875488 0.000000 692.018738 0.000000 0.570786 0.000000 0.821099 0.193579 0.193579 0.193579
6232.763672 0.000000 708.543701 0.000000 0.544636 0.000000 0.838673 0.193294 0.193294 0.193294
6213.178223 0.000000 703.182556 0.000000 0.217132 0.000000 0.976142 0.190583 0.190583 0.190583
6210.873047 0.000000 704.102722 0.000000 0.666315 0.000000 0.745671 0.194138 0.194138 0.194138
6265.532715 0.000000 692.787109 0.000000 0.866828 0.000000 0.498607 0.201979 0.201979 0.201979
6260.127930 0.000000 695.694946 0.000000 0.497711 0.000000 0.867343 0.199566 0.199566 0.199566
6251.536621 0.000000 691.375549 0.000000 0.883618 0.000000 -0.468209 0.212441 0.212441 0.212441
6254.915039 0.000000 686.898254 0.000000 0.404702 0.000000 0.914448 0.200797 0.200797 0.200797
6229.939941 0.000000 703.145935 0.000000 0.961306 0.000000 0.275482 0.209814 0.209814 0.209814
6230.645996 0.000000 708.478271 0.000000 0.714601 0.000000 0.699532 0.205328 0.205328 0.205328
6245.382812 0.000000 705.394531 0.000000 0.131812 0.000000 0.991275 0.197591 0.197591 0.197591
6257.047363 0.000000 686.636963 0.000000 0.990326 0.000000 -0.138757 0.211457 0.211457 0.211457
6255.881836 0.000000 690.545044 0.000000 0.998017 0.000000 -0.062942 0.217054 0.217054 0.217054
6221.989746 0.000000 704.726990 0.000000 0.961090 0.000000 0.276237 0.205978 0.205978 0.205978
6258.463867 0.000000 693.740845 0.000000 0.933849 0.000000 -0.357667 0.220169 0.220169 0.220169
6263.476074 0.000000 689.707764 0.000000 0.937745 0.000000 0.347324 0.207579 0.207579 0.207579
6248.686523 0.000000 696.465576 0.000000 0.519750 0.000000 0.854318 0.207434 0.207434 0.207434
6261.692383 0.000000 689.547485 0.000000 0.787397 0.000000 0.616446 0.216762 0.216762 0.216762
6218.960449 0.000000 711.977417 0.000000 0.948303 0.000000 -0.317367 0.233068 0.233068 0.233068
6228.957031 0.000000 705.973450 0.000000 0.684537 0.000000 0.728978 0.220068 0.220068 0.220068
6246.613281 0.000000 698.683289 0.000000 0.903297 0.000000 -0.429016 0.230142 0.230142 0.230142
6245.208008 0.000000 703.851807 0.000000 0.902727 0.000000 0.430214 0.224096 0.224096 0.224096
6228.460938 0.000000 709.037109 0.000000 0.806517 0.000000 0.591212 0.229702 0.229702 0.229702
6220.118652 0.000000 709.145264 0.000000 0.962985 0.000000 0.269556 0.240448 0.240448 0.240448
6227.060547 0.000000 705.023071 0.000000 0.870615 0.000000 0.491965 0.233566 0.233566 0.233566
6209.633789 0.000000 703.543091 0.000000 0.897176 0.000000 -0.441673 0.243126 0.243126 0.243126
6242.804199 0.000000 701.794678 0.000000 0.999996 0.000000 0.002752 0.254589 0.254589 0.254589
6227.671875 0.000000 706.547302 0.000000 0.950942 0.000000 -0.309371 0.260137 0.260137 0.260137
6243.433105 0.000000 699.546021 0.000000 0.253539 0.000000 0.967325 0.242211 0.242211 0.242211
6198.075195 0.000000 755.841919 0.000000 0.831619 0.000000 0.555347 0.201479 0.201479 0.201479
6201.789062 0.000000 753.658630 0.000000 0.675429 0.000000 0.737425 0.208018 0.208018 0.208018
6200.780762 0.000000 748.244690 0.000000 0.931544 0.000000 -0.363630 0.250371 0.250371 0.250371
6200.164062 0.000000 747.220032 0.000000 0.831396 0.000000 0.555681 0.239645 0.239645 0.239645
6218.448242 0.000000 737.901794 0.000000 0.157121 0.000000 0.987579 0.190353 0.190353 0.190353
6227.150879 0.000000 768.058411 0.000000 0.907336 0.000000 0.420406 0.197232 0.197232 0.197232
6224.687988 0.000000 769.482056 0.000000 0.006011 0.000000 0.999982 0.192714 0.192714 0.192714
6224.326660 0.000000 756.963806 0.000000 0.031975 0.000000 0.999489 0.199744 0.199744 0.199744
6225.646484 0.000000 753.621704 0.000000 0.072045 0.000000 0.997401 0.196637 0.196637 0.196637
6218.858887 0.000000 741.825500 0.000000 0.690440 0.000000 0.723389 0.212874 0.212874 0.212874
6227.482422 0.000000 759.986816 0.000000 0.994147 0.000000 -0.108035 0.234405 0.234405 0.234405
6298.616699 0.000000 684.021912 0.000000 0.232320 0.000000 0.972640 0.191326 0.191326 0.191326
6308.101074 0.000000 725.673828 0.000000 0.903305 0.000000 -0.428999 0.203077 0.203077 0.203077
6292.862305 0.000000 726.479553 0.000000 0.998242 0.000000 0.059265 0.199585 0.199585 0.199585
6298.002441 0.000000 691.847839 0.000000 0.975680 0.000000 -0.219198 0.201545 0.201545 0.201545
6329.397461 0.000000 715.962830 0.000000 0.749137 0.000000 0.662415 0.200468 0.200468 0.200468
6315.705078 0.000000 705.200256 0.000000 0.605706 0.000000 0.795688 0.206754 0.206754 0.206754
6284.800293 0.000000 688.375305 0.000000 0.999999 0.000000 0.001409 0.214834 0.214834 0.214834
6299.270508 0.000000 729.558777 0.000000 0.998100 0.000000 0.061619 0.209323 0.209323 0.209323
6291.981934 0.000000 731.994690 0.000000 0.912940 0.000000 -0.408093 0.225277 0.225277 0.225277
6292.687500 0.000000 730.515625 0.000000 0.488453 0.000000 0.872590 0.212212 0.212212 0.212212
6312.266113 0.000000 706.575989 0.000000 0.980307 0.000000 -0.197479 0.222752 0.222752 0.222752
6286.587891 0.000000 685.581238 0.000000 0.879681 0.000000 0.475563 0.222547 0.222547 0.222547
6293.351074 0.000000 684.241638 0.000000 0.963098 0.000000 -0.269152 0.245231 0.245231 0.245231
6291.023926 0.000000 692.066956 0.000000 0.793824 0.000000 0.608148 0.243633 0.243633 0.243633
6290.279297 0.000000 685.286987 0.000000 0.852322 0.000000 -0.523017 0.274283 0.274283 0.274283
6292.728516 0.000000 690.510986 0.000000 0.164935 0.000000 0.986304 0.251532 0.251532 0.251532
6293.880859 0.000000 686.314941 0.000000 0.930978 0.000000 0.365075 0.266262 0.266262 0.266262
6290.540527 0.000000 686.597656 0.000000 0.123334 0.000000 0.992365 0.274666 0.274666 0.274666
6288.515625 0.000000 688.278259 0.000000 0.807329 0.000000 0.590102 0.288513 0.288513 0.288513
6288.750488 0.000000 686.494507 0.000000 0.254973 0.000000 0.966948 0.276493 0.276493 0.276493
6291.851562 0.000000 690.331970 0.000000 0.847626 0.000000 0.530593 0.290365 0.290365 0.290365
6340.861816 0.000000 705.767029 0.000000 0.665924 0.000000 0.746020 0.194471 0.194471 0.194471
6337.602051 0.000000 708.185791 0.000000 0.969628 0.000000 0.244584 0.198341 0.198341 0.198341
6345.939941 0.000000 693.100952 0.000000 0.954920 0.000000 0.296864 0.197931 0.197931 0.197931
6346.448242 0.000000 681.417419 0.000000 0.900652 0.000000 0.434541 0.196880 0.196880 0.196880
6344.000977 0.000000 681.873718 0.000000 0.969643 0.000000 0.244524 0.199643 0.199643 0.199643
6337.439453 0.000000 702.191895 0.000000 0.118707 0.000000 0.992929 0.195025 0.195025 0.195025
6336.010254 0.000000 706.498779 0.000000 0.998015 0.000000 0.062969 0.205411 0.205411 0.205411
6341.852539 0.000000 700.658081 0.000000 0.847194 0.000000 0.531284 0.209168 0.209168 0.209168
6287.212891 0.000000 746.750183 0.000000 0.056750 0.000000 0.998388 0.189492 0.189492 0.189492
6288.003418 0.000000 761.599548 0.000000 0.785215 0.000000 0.619223 0.200888 0.200888 0.200888
6287.571289 0.000000 740.909363 0.000000 0.543334 0.000000 0.839517 0.197916 0.197916 0.197916
6290.112793 0.000000 760.488464 0.000000 0.669747 0.000000 0.742589 0.199102 0.199102 0.199102
6291.108398 0.000000 744.274048 0.000000 0.980188 0.000000 -0.198068 0.210790 0.210790 0.210790
6289.982910 0.000000 737.550598 0.000000 0.940947 0.000000 -0.338555 0.213652 0.213652 0.213652
6291.362793 0.000000 742.608521 0.000000 0.826772 0.000000 0.562537 0.213645 0.213645 0.213645
6290.442871 0.000000 750.675964 0.000000 0.908806 0.000000 -0.417219 0.220133 0.220133 0.220133
6289.197754 0.000000 741.089966 0.000000 0.997439 0.000000 -0.071527 0.226711 0.226711 0.226711
7467.314453 0.000000 892.451050 0.000000 0.974400 0.000000 0.224823 0.227798 0.227798 0.227798
7469.730469 0.000000 895.206543 0.000000 0.997591 0.000000 0.069376 0.273248 0.273248 0.273248
7513.071777 0.000000 880.629639 0.000000 0.964220 0.000000 0.265103 0.241589 0.241589 0.241589
7535.430664 0.000000 891.400757 0.000000 0.371103 0.000000 0.928592 0.231948 0.231948 0.231948
7533.920898 0.000000 888.589600 0.000000 0.716938 0.000000 0.697136 0.239163 0.239163 0.239163
7523.433105 0.000000 868.999146 0.000000 0.885116 0.000000 0.465371 0.253592 0.253592 0.253592
7535.754395 0.000000 895.979736 0.000000 0.625479 0.000000 0.780241 0.251982 0.251982 0.251982
7528.328125 0.000000 888.012329 0.000000 0.564994 0.000000 0.825095 0.267483 0.267483 0.267483
7534.635742 0.000000 887.323059 0.000000 0.878531 0.000000 0.477686 0.290914 0.290914 0.290914
7534.335449 0.000000 885.557312 0.000000 0.059297 0.000000 0.998240 0.260733 0.260733 0.260733
7532.064941 0.000000 891.738464 0.000000 0.871358 0.000000 -0.490649 0.308853 0.308853 0.308853
7537.371582 0.000000 886.332520 0.000000 0.841707 0.000000 0.539935 0.283944 0.283944 0.283944
7521.132812 0.000000 869.463684 0.000000 0.969662 0.000000 -0.244451 0.304495 0.304495 0.304495
7532.259766 0.000000 890.088379 0.000000 0.945532 0.000000 0.325530 0.294276 0.294276 0.294276
7553.602051 0.000000 877.638916 0.000000 0.121931 0.000000 0.992539 0.190380 0.190380 0.190380
7554.064453 0.000000 878.485168 0.000000 0.936063 0.000000 -0.351834 0.306584 0.306584 0.306584
7555.760742 0.000000 878.334717 0.000000 0.997843 0.000000 -0.065642 0.301203 0.301203 0.301203
7552.912598 0.000000 879.634277 0.000000 0.999471 0.000000 -0.032536 0.300622 0.300622 0.300622
7554.459961 0.000000 879.436768 0.000000 0.916664 0.000000 -0.399658 0.307529 0.307529 0.307529
7555.853027 0.000000 879.153259 0.000000 0.906810 0.000000 0.421540 0.292032 0.292032 0.292032
7557.548828 0.000000 878.785156 0.000000 0.962161 0.000000 0.272482 0.294750 0.294750 0.294750
6719.474121 0.000000 1005.458801 0.000000 0.796847 0.000000 0.604182 0.208447 0.208447 0.208447
6718.100586 0.000000 1002.850586 0.000000 0.298211 0.000000 0.954500 0.274896 0.274896 0.274896
6772.392090 0.000000 1008.621094 0.000000 0.648175 0.000000 0.761492 0.194079 0.194079 0.194079
6720.956543 0.000000 1001.354248 0.000000 0.872073 0.000000 -0.489377 0.206205 0.206205 0.206205
6750.667969 0.000000 996.615723 0.000000 0.538179 0.000000 0.842830 0.196328 0.196328 0.196328
6750.427246 0.000000 998.521545 0.000000 0.408620 0.000000 0.912705 0.206388 0.206388 0.206388
6757.000000 0.000000 994.915894 0.000000 0.959286 0.000000 0.282436 0.210849 0.210849 0.210849
6767.125977 0.000000 999.151489 0.000000 0.711632 0.000000 0.702553 0.213131 0.213131 0.213131
6781.468262 0.000000 1008.721008 0.000000 0.754351 0.000000 0.656471 0.240308 0.240308 0.240308
6753.700195 0.000000 998.989929 0.000000 0.999155 0.000000 0.041095 0.259148 0.259148 0.259148
6752.504395 0.000000 1003.581665 0.000000 0.137699 0.000000 0.990474 0.231194 0.231194 0.231194
6738.832031 0.000000 1004.412109 0.000000 0.603191 0.000000 0.797597 0.245554 0.245554 0.245554
6775.149902 0.000000 1010.332275 0.000000 0.574473 0.000000 0.818524 0.244111 0.244111 0.244111
6757.796387 0.000000 992.677307 0.000000 0.994143 0.000000 -0.108073 0.258756 0.258756 0.258756
6739.230957 0.000000 1005.556091 0.000000 0.947891 0.000000 -0.318594 0.260834 0.260834 0.260834
6723.816406 0.000000 995.665100 0.000000 0.943602 0.000000 -0.331081 0.269702 0.269702 0.269702
6725.003906 0.000000 993.673218 0.000000 0.825014 0.000000 0.565112 0.277210 0.277210 0.277210
6742.996094 0.000000 993.111206 0.000000 0.837866 0.000000 0.545876 0.269731 0.269731 0.269731
6782.449707 0.000000 1008.411621 0.000000 0.982878 0.000000 0.184257 0.265574 0.265574 0.265574
6726.943359 0.000000 993.912231 0.000000 0.922873 0.000000 0.385105 0.278267 0.278267 0.278267
6748.632812 0.000000 993.710876 0.000000 0.839788 0.000000 -0.542915 0.310123 0.310123 0.310123
6750.477539 0.000000 1000.773987 0.000000 0.168157 0.000000 0.985760 0.270337 0.270337 0.270337
6727.159668 0.000000 992.883240 0.000000 0.996309 0.000000 0.085834 0.282999 0.282999 0.282999
6749.713379 0.000000 993.722412 0.000000 0.986933 0.000000 -0.161130 0.302854 0.302854 0.302854
6805.389160 0.000000 1003.460266 0.000000 0.992152 0.000000 -0.125041 0.205122 0.205122 0.205122
6790.227051 0.000000 1004.809326 0.000000 0.839854 0.000000 -0.542813 0.216631 0.216631 0.216631
6826.445312 0.000000 999.090271 0.000000 0.175878 0.000000 0.984412 0.221959 0.221959 0.221959
6809.114746 0.000000 1014.560852 0.000000 0.994660 0.000000 -0.103201 0.233791 0.233791 0.233791
6791.451660 0.000000 1007.952148 0.000000 0.130533 0.000000 0.991444 0.235415 0.235415 0.235415
6812.595215 0.000000 1000.863159 0.000000 0.870550 0.000000 -0.492081 0.292183 0.292183 0.292183
6827.986328 0.000000 997.102783 0.000000 0.489562 0.000000 0.871969 0.258268 0.258268 0.258268
6813.504883 0.000000 1001.292969 0.000000 0.749507 0.000000 0.661996 0.273247 0.273247 0.273247
6784.795410 0.000000 1009.116028 0.000000 0.867643 0.000000 0.497187 0.277932 0.277932 0.277932
6813.803223 0.000000 1010.576660 0.000000 0.253219 0.000000 0.967409 0.275524 0.275524 0.275524
6786.463379 0.000000 1003.476318 0.000000 0.956169 0.000000 0.292815 0.294580 0.294580 0.294580
6834.872559 0.000000 999.908142 0.000000 0.781362 0.000000 0.624078 0.287128 0.287128 0.287128
6813.295410 0.000000 1011.448486 0.000000 0.968600 0.000000 -0.248624 0.302008 0.302008 0.302008
6787.096191 0.000000 1002.055298 0.000000 0.999970 0.000000 0.007790 0.299858 0.299858 0.299858
6835.015137 0.000000 998.637024 0.000000 0.155178 0.000000 0.987887 0.272976 0.272976 0.272976
6822.516113 0.000000 999.585571 0.000000 0.617428 0.000000 0.786628 0.283354 0.283354 0.283354
6789.777344 0.000000 1006.697205 0.000000 0.707856 0.000000 0.706357 0.286107 0.286107 0.286107
6806.052734 0.000000 1002.894775 0.000000 0.458011 0.000000 0.888947 0.280522 0.280522 0.280522
6793.821777 0.000000 1006.542053 0.000000 0.604087 0.000000 0.796918 0.282388 0.282388 0.282388
6834.812012 0.000000 1001.096191 0.000000 0.903707 0.000000 -0.428151 0.308450 0.308450 0.308450
6815.105469 0.000000 1002.568787 0.000000 0.914225 0.000000 -0.405207 0.307968 0.307968 0.307968
6792.595215 0.000000 1004.383423 0.000000 0.851928 0.000000 -0.523659 0.310526 0.310526 0.310526
4892.971191 0.000000 2248.203369 0.000000 0.985518 0.000000 0.169568 0.213443 0.213443 0.213443
4902.914062 0.000000 2245.672852 0.000000 0.368220 0.000000 0.929739 0.231914 0.231914 0.231914
4915.676270 0.000000 2254.203125 0.000000 0.220887 0.000000 0.975299 0.239870 0.239870 0.239870
4890.048340 0.000000 2249.417725 0.000000 0.999173 0.000000 -0.040658 0.256798 0.256798 0.256798
4891.975586 0.000000 2249.936279 0.000000 0.998310 0.000000 0.058111 0.255594 0.255594 0.255594
4902.659180 0.000000 2244.388672 0.000000 0.935286 0.000000 -0.353892 0.249093 0.249093 0.249093
4898.307129 0.000000 2252.674316 0.000000 0.283653 0.000000 0.958927 0.237748 0.237748 0.237748
4883.230957 0.000000 2248.212402 0.000000 0.121123 0.000000 0.992638 0.246685 0.246685 0.246685
4885.435547 0.000000 2248.898193 0.000000 0.843895 0.000000 0.536508 0.256244 0.256244 0.256244
4895.603516 0.000000 2247.048340 0.000000 0.999427 0.000000 0.033853 0.283238 0.283238 0.283238
4894.478516 0.000000 2246.513916 0.000000 0.680944 0.000000 0.732336 0.271238 0.271238 0.271238
4885.726074 0.000000 2251.308350 0.000000 1.000000 0.000000 -0.000928 0.298335 0.298335 0.298335
4915.695801 0.000000 2250.756592 0.000000 0.637038 0.000000 0.770833 0.283190 0.283190 0.283190
4912.770020 0.000000 2255.858398 0.000000 0.508557 0.000000 0.861028 0.280189 0.280189 0.280189
4886.111816 0.000000 2250.041504 0.000000 0.575178 0.000000 0.818029 0.281919 0.281919 0.281919
4898.404785 0.000000 2247.025879 0.000000 0.630378 0.000000 0.776288 0.283026 0.283026 0.283026
4887.079590 0.000000 2250.143799 0.000000 0.320441 0.000000 0.947269 0.276510 0.276510 0.276510
4887.258789 0.000000 2251.081787 0.000000 0.540614 0.000000 0.841271 0.281133 0.281133 0.281133
5106.359863 0.000000 2706.512695 0.000000 0.709244 0.000000 0.704964 0.240070 0.240070 0.240070
5107.676270 0.000000 2706.078125 0.000000 0.051546 0.000000 0.998671 0.231641 0.231641 0.231641
5109.564941 0.000000 2707.156494 0.000000 0.092158 0.000000 0.995744 0.261235 0.261235 0.261235
5170.616699 0.000000 2700.818848 0.000000 0.974773 0.000000 0.223198 0.198443 0.198443 0.198443
5166.583984 0.000000 2703.546143 0.000000 0.691534 0.000000 0.722344 0.195134 0.195134 0.195134
5164.424316 0.000000 2707.311768 0.000000 0.756573 0.000000 0.653909 0.198442 0.198442 0.198442
5164.435059 0.000000 2690.740723 0.000000 0.627827 0.000000 0.778353 0.196614 0.196614 0.196614
5169.878906 0.000000 2667.109619 0.000000 0.518146 0.000000 0.855292 0.199747 0.199747 0.199747
5150.198730 0.000000 2706.013672 0.000000 0.975799 0.000000 -0.218671 0.221229 0.221229 0.221229
5177.855957 0.000000 2663.587646 0.000000 0.991054 0.000000 -0.133459 0.231255 0.231255 0.231255
5162.445312 0.000000 2693.621582 0.000000 0.835688 0.000000 -0.549204 0.239091 0.239091 0.239091
5171.138184 0.000000 2686.777832 0.000000 0.951241 0.000000 -0.308449 0.228367 0.228367 0.228367
5157.751953 0.000000 2705.299072 0.000000 0.969671 0.000000 0.244415 0.230341 0.230341 0.230341
5153.146973 0.000000 2702.698975 0.000000 0.645714 0.000000 0.763579 0.239592 0.239592 0.239592
5161.291504 0.000000 2704.271729 0.000000 0.987673 0.000000 0.156530 0.254387 0.254387 0.254387
5158.453613 0.000000 2709.615479 0.000000 0.825720 0.000000 -0.564080 0.255875 0.255875 0.255875
5165.730469 0.000000 2702.706543 0.000000 0.868008 0.000000 -0.496549 0.266773 0.266773 0.266773
5167.634277 0.000000 2694.648438 0.000000 0.933561 0.000000 -0.358419 0.294012 0.294012 0.294012
5183.025879 0.000000 2658.551270 0.000000 0.838308 0.000000 0.545196 0.268172 0.268172 0.268172
5174.925781 0.000000 2660.802734 0.000000 0.366149 0.000000 0.930556 0.258291 0.258291 0.258291
5179.986328 0.000000 2679.109619 0.000000 0.919253 0.000000 0.393666 0.275456 0.275456 0.275456
5165.241699 0.000000 2700.725830 0.000000 0.969562 0.000000 -0.244847 0.281182 0.281182 0.281182
5168.431641 0.000000 2695.547119 0.000000 0.949542 0.000000 -0.313639 0.282804 0.282804 0.282804
5177.652832 0.000000 2660.324219 0.000000 0.396487 0.000000 0.918041 0.263616 0.263616 0.263616
5166.635742 0.000000 2694.822998 0.000000 0.961530 0.000000 -0.274700 0.292621 0.292621 0.292621
5175.991699 0.000000 2660.778076 0.000000 0.866151 0.000000 0.499783 0.267885 0.267885 0.267885
5173.153809 0.000000 2684.389160 0.000000 0.166231 0.000000 0.986087 0.272628 0.272628 0.272628
5160.486816 0.000000 2703.743164 0.000000 0.369194 0.000000 0.929352 0.279276 0.279276 0.279276
5156.599609 0.000000 2699.622070 0.000000 0.053789 0.000000 0.998552 0.272562 0.272562 0.272562
5176.161133 0.000000 2678.629639 0.000000 0.885396 0.000000 0.464837 0.286948 0.286948 0.286948
5166.665527 0.000000 2705.232910 0.000000 0.527620 0.000000 0.849481 0.281527 0.281527 0.281527
5180.866699 0.000000 2681.860107 0.000000 0.567778 0.000000 0.823182 0.281532 0.281532 0.281532
5180.276855 0.000000 2680.158447 0.000000 0.854015 0.000000 0.520249 0.289550 0.289550 0.289550
5155.307129 0.000000 2703.080566 0.000000 0.952674 0.000000 -0.303995 0.305888 0.305888 0.305888
5157.705566 0.000000 2700.375977 0.000000 0.428195 0.000000 0.903687 0.278493 0.278493 0.278493
5181.901855 0.000000 2679.765625 0.000000 0.746010 0.000000 0.665935 0.286082 0.286082 0.286082
5181.303711 0.000000 2659.366699 0.000000 0.670130 0.000000 0.742244 0.284057 0.284057 0.284057
5165.703125 0.000000 2697.788818 0.000000 0.967991 0.000000 0.250985 0.295193 0.295193 0.295193
5177.530273 0.000000 2676.659912 0.000000 0.971007 0.000000 -0.239050 0.304610 0.304610 0.304610
5170.565430 0.000000 2698.716797 0.000000 0.665546 0.000000 0.746357 0.284514 0.284514 0.284514
5179.423340 0.000000 2657.367188 0.000000 0.928841 0.000000 0.370479 0.292752 0.292752 0.292752
5167.983887 0.000000 2699.600342 0.000000 0.972931 0.000000 -0.231096 0.301703 0.301703 0.301703
5161.110840 0.000000 2699.931396 0.000000 0.746714 0.000000 0.665145 0.286102 0.286102 0.286102
5166.923340 0.000000 2698.150146 0.000000 0.940821 0.000000 0.338904 0.291912 0.291912 0.291912
5159.350586 0.000000 2699.673340 0.000000 0.999972 0.000000 -0.007484 0.300143 0.300143 0.300143
5158.307129 0.000000 2698.272461 0.000000 0.346319 0.000000 0.938117 0.276754 0.276754 0.276754
5180.613281 0.000000 2673.976074 0.000000 0.179382 0.000000 0.983780 0.273445 0.273445 0.273445
5178.445312 0.000000 2657.269775 0.000000 0.959798 0.000000 0.280691 0.294566 0.294566 0.294566
5181.162109 0.000000 2658.510010 0.000000 0.905588 0.000000 0.424159 0.291651 0.291651 0.291651
5175.878418 0.000000 2681.573975 0.000000 0.380783 0.000000 0.924665 0.277461 0.277461 0.277461
5178.480469 0.000000 2658.796631 0.000000 0.886733 0.000000 0.462282 0.290822 0.290822 0.290822
5164.641113 0.000000 2692.756104 0.000000 0.757264 0.000000 0.653109 0.286408 0.286408 0.286408
5175.351562 0.000000 2680.174805 0.000000 0.347811 0.000000 0.937565 0.276784 0.276784 0.276784
5183.339355 0.000000 2675.801270 0.000000 0.734754 0.000000 0.678334 0.285762 0.285762 0.285762
5154.732910 0.000000 2705.225830 0.000000 0.097575 0.000000 0.995228 0.272804 0.272804 0.272804
5181.421387 0.000000 2677.401611 0.000000 0.954666 0.000000 -0.297680 0.305727 0.305727 0.305727
5165.386230 0.000000 2695.475586 0.000000 0.339974 0.000000 0.940435 0.276625 0.276625 0.276625
5180.535156 0.000000 2675.979492 0.000000 0.812766 0.000000 -0.582590 0.311878 0.311878 0.311878
5162.807617 0.000000 2694.343750 0.000000 0.997302 0.000000 0.073408 0.298597 0.298597 0.298597
5181.448730 0.000000 2681.229492 0.000000 0.755534 0.000000 0.655110 0.286357 0.286357 0.286357
5164.304688 0.000000 2696.778076 0.000000 0.985999 0.000000 -0.166750 0.303175 0.303175 0.303175
5179.894531 0.000000 2659.607666 0.000000 0.274490 0.000000 0.961590 0.275311 0.275311 0.275311
5154.625977 0.000000 2703.784180 0.000000 0.330007 0.000000 0.943979 0.276469 0.276469 0.276469
5160.163086 0.000000 2698.868896 0.000000 0.114651 0.000000 0.993406 0.272195 0.272195 0.272195
5182.745117 0.000000 2672.659180 0.000000 0.886247 0.000000 -0.463213 0.309198 0.309198 0.309198
5176.038086 0.000000 2659.309082 0.000000 0.965862 0.000000 0.259058 0.294995 0.294995 0.294995
5191.693359 0.000000 2686.598145 0.000000 0.873479 0.000000 0.486861 0.196725 0.196725 0.196725
5205.078125 0.000000 2656.893311 0.000000 0.147980 0.000000 0.988990 0.198211 0.198211 0.198211
5205.329102 0.000000 2665.389893 0.000000 0.778244 0.000000 0.627962 0.225037 0.225037 0.225037
5188.866211 0.000000 2678.724121 0.000000 0.262346 0.000000 0.964974 0.216471 0.216471 0.216471
5187.393555 0.000000 2682.264160 0.000000 0.797148 0.000000 0.603784 0.248923 0.248923 0.248923
5187.130371 0.000000 2665.084717 0.000000 0.318315 0.000000 0.947985 0.242565 0.242565 0.242565
5194.391113 0.000000 2660.318115 0.000000 0.997536 0.000000 0.070157 0.246548 0.246548 0.246548
5191.842285 0.000000 2675.630371 0.000000 0.668637 0.000000 0.743589 0.261362 0.261362 0.261362
5186.333008 0.000000 2682.055420 0.000000 0.998972 0.000000 -0.045329 0.257418 0.257418 0.257418
5200.389648 0.000000 2669.702637 0.000000 0.001185 0.000000 0.999999 0.239975 0.239975 0.239975
5203.322266 0.000000 2665.887451 0.000000 0.409410 0.000000 0.912351 0.274475 0.274475 0.274475
5202.949707 0.000000 2658.357178 0.000000 0.577854 0.000000 0.816140 0.282803 0.282803 0.282803
5190.268066 0.000000 2663.487549 0.000000 0.924397 0.000000 -0.381431 0.307474 0.307474 0.307474
5199.972168 0.000000 2671.235352 0.000000 0.431510 0.000000 0.902108 0.280669 0.280669 0.280669
5198.367188 0.000000 2670.392822 0.000000 0.994912 0.000000 -0.100751 0.301735 0.301735 0.301735
5196.800781 0.000000 2661.126221 0.000000 0.490300 0.000000 0.871554 0.279787 0.279787 0.279787
5200.750488 0.000000 2663.447754 0.000000 0.930367 0.000000 0.366630 0.292831 0.292831 0.292831
5197.568848 0.000000 2662.834473 0.000000 0.916354 0.000000 0.400370 0.292133 0.292133 0.292133
5188.447266 0.000000 2668.111572 0.000000 0.449672 0.000000 0.893194 0.278908 0.278908 0.278908
5204.721680 0.000000 2658.985596 0.000000 0.436622 0.000000 0.899645 0.278755 0.278755 0.278755
5200.563477 0.000000 2666.229004 0.000000 0.001831 0.000000 0.999998 0.270035 0.270035 0.270035
5191.336426 0.000000 2663.660156 0.000000 0.860250 0.000000 0.509872 0.289782 0.289782 0.289782
5203.891113 0.000000 2659.472168 0.000000 0.013391 0.000000 0.999910 0.271947 0.271947 0.271947
5190.501465 0.000000 2671.774170 0.000000 0.544224 0.000000 0.838940 0.280991 0.280991 0.280991
5205.473145 0.000000 2659.457031 0.000000 0.980607 0.000000 -0.195987 0.303745 0.303745 0.303745
5184.270020 0.000000 2673.359619 0.000000 0.999793 0.000000 0.020363 0.299611 0.299611 0.299611
5192.656738 0.000000 2662.932373 0.000000 0.554092 0.000000 0.832456 0.281216 0.281216 0.281216
5191.339355 0.000000 2662.032715 0.000000 0.486883 0.000000 0.873467 0.279712 0.279712 0.279712
5198.886230 0.000000 2665.360840 0.000000 0.903266 0.000000 -0.429080 0.308470 0.308470 0.308470
5187.799805 0.000000 2677.171631 0.000000 0.839638 0.000000 -0.543146 0.310966 0.310966 0.310966
5186.940430 0.000000 2673.730713 0.000000 0.913420 0.000000 -0.407019 0.308006 0.308006 0.308006
5207.507812 0.000000 2660.403809 0.000000 0.965052 0.000000 0.262057 0.295184 0.295184 0.295184
5201.132812 0.000000 2662.489258 0.000000 0.600838 0.000000 0.799371 0.282310 0.282310 0.282310
5186.111328 0.000000 2676.620605 0.000000 0.999881 0.000000 -0.015454 0.300295 0.300295 0.300295
5189.907227 0.000000 2667.081055 0.000000 0.913467 0.000000 0.406913 0.292373 0.292373 0.292373
5192.990723 0.000000 2674.412109 0.000000 0.815202 0.000000 -0.579177 0.311358 0.311358 0.311358
5204.034180 0.000000 2662.374268 0.000000 0.002380 0.000000 0.999997 0.270280 0.270280 0.270280
5191.798828 0.000000 2662.955322 0.000000 0.894261 0.000000 0.447545 0.291138 0.291138 0.291138
5199.887695 0.000000 2666.714600 0.000000 0.709581 0.000000 0.704624 0.285067 0.285067 0.285067
5204.594727 0.000000 2660.808838 0.000000 0.979288 0.000000 -0.202470 0.303840 0.303840 0.303840
5187.738281 0.000000 2673.441406 0.000000 0.971887 0.000000 0.235447 0.295461 0.295461 0.295461
5190.078125 0.000000 2670.098633 0.000000 0.237623 0.000000 0.971357 0.274582 0.274582 0.274582
5201.662598 0.000000 2660.818848 0.000000 0.700426 0.000000 0.713725 0.284820 0.284820 0.284820
5200.637207 0.000000 2658.370117 0.000000 0.901793 0.000000 -0.432168 0.308535 0.308535 0.308535
5186.860840 0.000000 2676.054199 0.000000 0.998581 0.000000 0.053255 0.298982 0.298982 0.298982
5185.097656 0.000000 2669.848389 0.000000 0.106782 0.000000 0.994282 0.272043 0.272043 0.272043
5187.346680 0.000000 2678.797852 0.000000 0.917657 0.000000 -0.397374 0.307805 0.307805 0.307805
5188.397949 0.000000 2674.246094 0.000000 0.917216 0.000000 0.398390 0.292174 0.292174 0.292174
5185.715820 0.000000 2669.255859 0.000000 0.152862 0.000000 0.988248 0.272931 0.272931 0.272931
5196.073242 0.000000 2663.653076 0.000000 0.927832 0.000000 -0.372998 0.307300 0.307300 0.307300
5196.084473 0.000000 2659.800781 0.000000 0.883951 0.000000 0.467580 0.290708 0.290708 0.290708
5197.786621 0.000000 2661.420654 0.000000 0.507585 0.000000 0.861602 0.280168 0.280168 0.280168
5186.236328 0.000000 2673.314941 0.000000 0.913752 0.000000 0.406272 0.292010 0.292010 0.292010
5199.911133 0.000000 2659.773682 0.000000 0.999651 0.000000 0.026428 0.299495 0.299495 0.299495
5204.720215 0.000000 2661.658936 0.000000 0.949737 0.000000 -0.313049 0.305998 0.305998 0.305998
5203.291992 0.000000 2661.017578 0.000000 0.042140 0.000000 0.999112 0.270805 0.270805 0.270805
5198.432129 0.000000 2667.636230 0.000000 0.004963 0.000000 0.999988 0.270095 0.270095 0.270095
5452.416504 0.000000 2696.683594 0.000000 0.003084 0.000000 0.999995 0.212065 0.212065 0.212065
5467.020508 0.000000 2702.973877 0.000000 0.541000 0.000000 0.841022 0.210711 0.210711 0.210711
5452.826172 0.000000 2693.951660 0.000000 0.683001 0.000000 0.730417 0.216420 0.216420 0.216420
5488.143066 0.000000 2707.182129 0.000000 0.900368 0.000000 0.435128 0.217597 0.217597 0.217597
5451.164062 0.000000 2691.320801 0.000000 0.999872 0.000000 -0.016004 0.225637 0.225637 0.225637
5460.371582 0.000000 2691.303711 0.000000 0.966963 0.000000 0.254918 0.229687 0.229687 0.229687
5487.452637 0.000000 2704.744873 0.000000 0.977919 0.000000 0.208985 0.223558 0.223558 0.223558
5456.139160 0.000000 2693.721680 0.000000 0.832996 0.000000 0.553280 0.230701 0.230701 0.230701
5463.770020 0.000000 2700.323242 0.000000 0.977197 0.000000 -0.212337 0.242313 0.242313 0.242313
5460.586426 0.000000 2694.069580 0.000000 0.232437 0.000000 0.972611 0.220590 0.220590 0.220590
5455.300293 0.000000 2697.853760 0.000000 0.786006 0.000000 0.618219 0.241396 0.241396 0.241396
5457.638672 0.000000 2696.063965 0.000000 0.919360 0.000000 0.393417 0.231484 0.231484 0.231484
5491.778809 0.000000 2700.346191 0.000000 0.869416 0.000000 0.494080 0.245762 0.245762 0.245762
5456.442383 0.000000 2695.573242 0.000000 0.949282 0.000000 0.314427 0.252945 0.252945 0.252945
5458.832031 0.000000 2698.943359 0.000000 0.889893 0.000000 -0.456170 0.265017 0.265017 0.265017
5493.469238 0.000000 2703.455811 0.000000 0.989361 0.000000 -0.145481 0.267185 0.267185 0.267185
5489.625000 0.000000 2705.682373 0.000000 0.992537 0.000000 0.121946 0.297347 0.297347 0.297347
5489.757324 0.000000 2702.763916 0.000000 0.051043 0.000000 0.998696 0.272968 0.272968 0.272968
5491.695801 0.000000 2702.631592 0.000000 0.679363 0.000000 0.733802 0.285129 0.285129 0.285129
5512.076660 0.000000 2704.205078 0.000000 0.811975 0.000000 0.583693 0.226106 0.226106 0.226106
5546.374023 0.000000 2667.410400 0.000000 0.715437 0.000000 0.698677 0.232415 0.232415 0.232415
5516.281738 0.000000 2706.767578 0.000000 0.859975 0.000000 0.510337 0.231751 0.231751 0.231751
5522.458984 0.000000 2706.202881 0.000000 0.505879 0.000000 0.862605 0.227571 0.227571 0.227571
5523.485352 0.000000 2703.735107 0.000000 0.937323 0.000000 -0.348462 0.239175 0.239175 0.239175
5544.788574 0.000000 2669.651855 0.000000 0.927193 0.000000 -0.374585 0.272064 0.272064 0.272064
5520.322266 0.000000 2704.935791 0.000000 0.387979 0.000000 0.921668 0.248877 0.248877 0.248877
5521.929199 0.000000 2707.981201 0.000000 0.248947 0.000000 0.968517 0.243116 0.243116 0.243116
5514.462402 0.000000 2707.433838 0.000000 0.875788 0.000000 0.482696 0.264994 0.264994 0.264994
5543.116211 0.000000 2667.097168 0.000000 0.639892 0.000000 0.768465 0.255265 0.255265 0.255265
5515.902832 0.000000 2707.728760 0.000000 0.827007 0.000000 -0.562191 0.280279 0.280279 0.280279
5543.140137 0.000000 2668.551270 0.000000 0.945550 0.000000 -0.325478 0.298702 0.298702 0.298702
5544.651855 0.000000 2666.007324 0.000000 0.994077 0.000000 -0.108676 0.302018 0.302018 0.302018
5116.341309 0.000000 2764.417725 0.000000 0.135176 0.000000 0.990822 0.192676 0.192676 0.192676
5075.281738 0.000000 2766.904541 0.000000 0.820131 0.000000 -0.572176 0.212203 0.212203 0.212203
5105.127930 0.000000 2713.077881 0.000000 0.974311 0.000000 -0.225205 0.223573 0.223573 0.223573
5114.544922 0.000000 2743.220703 0.000000 0.871418 0.000000 -0.490541 0.219652 0.219652 0.219652
5078.839355 0.000000 2761.814941 0.000000 0.963099 0.000000 -0.269147 0.223973 0.223973 0.223973
5109.482910 0.000000 2712.572266 0.000000 0.822729 0.000000 0.568434 0.219942 0.219942 0.219942
5118.566406 0.000000 2766.878662 0.000000 0.840044 0.000000 -0.542519 0.232521 0.232521 0.232521
5115.392090 0.000000 2738.317871 0.000000 0.999451 0.000000 0.033141 0.247524 0.247524 0.247524
5095.104004 0.000000 2727.516113 0.000000 0.937100 0.000000 0.349061 0.272414 0.272414 0.272414
5083.925781 0.000000 2756.453857 0.000000 0.294049 0.000000 0.955790 0.260076 0.260076 0.260076
5108.455078 0.000000 2738.889160 0.000000 0.896358 0.000000 -0.443331 0.286619 0.286619 0.286619
5094.486328 0.000000 2726.618896 0.000000 0.902549 0.000000 -0.430586 0.284054 0.284054 0.284054
5095.140137 0.000000 2725.035645 0.000000 0.267711 0.000000 0.963499 0.262531 0.262531 0.262531
5088.005859 0.000000 2729.489746 0.000000 0.977753 0.000000 0.209758 0.294731 0.294731 0.294731
5092.752930 0.000000 2722.205566 0.000000 0.965366 0.000000 0.260898 0.282448 0.282448 0.282448
5118.229492 0.000000 2765.959717 0.000000 0.597566 0.000000 0.801820 0.266086 0.266086 0.266086
5087.787109 0.000000 2711.324463 0.000000 0.903079 0.000000 0.429474 0.292320 0.292320 0.292320
5087.954590 0.000000 2715.990479 0.000000 0.010454 0.000000 0.999945 0.271018 0.271018 0.271018
5088.117676 0.000000 2721.440430 0.000000 0.995927 0.000000 0.090161 0.298414 0.298414 0.298414
5082.419922 0.000000 2763.350098 0.000000 0.134778 0.000000 0.990876 0.272096 0.272096 0.272096
5111.375488 0.000000 2741.020264 0.000000 0.980350 0.000000 0.197266 0.296208 0.296208 0.296208
5111.269531 0.000000 2742.691406 0.000000 0.752509 0.000000 0.658583 0.287400 0.287400 0.287400
5110.842773 0.000000 2739.667725 0.000000 0.855661 0.000000 -0.517537 0.310389 0.310389 0.310389
5088.451172 0.000000 2714.561768 0.000000 0.630544 0.000000 0.776153 0.283030 0.283030 0.283030
5113.400391 0.000000 2737.494385 0.000000 0.737084 0.000000 0.675801 0.285828 0.285828 0.285828
5088.754883 0.000000 2730.755859 0.000000 0.046164 0.000000 0.998934 0.271681 0.271681 0.271681
5083.128418 0.000000 2754.879150 0.000000 0.660533 0.000000 0.750797 0.282393 0.282393 0.282393
5087.036621 0.000000 2713.645264 0.000000 0.985852 0.000000 0.167620 0.296973 0.296973 0.296973
5091.451172 0.000000 2714.695801 0.000000 0.977234 0.000000 0.212166 0.295917 0.295917 0.295917
5080.819336 0.000000 2763.320801 0.000000 0.308289 0.000000 0.951293 0.275985 0.275985 0.275985
5113.855469 0.000000 2739.680176 0.000000 0.083165 0.000000 0.996536 0.271590 0.271590 0.271590
5092.975098 0.000000 2719.031738 0.000000 0.536426 0.000000 0.843947 0.281190 0.281190 0.281190
5086.121094 0.000000 2713.472168 0.000000 0.044821 0.000000 0.998995 0.272571 0.272571 0.272571
5091.292969 0.000000 2718.671143 0.000000 0.244633 0.000000 0.969616 0.274720 0.274720 0.274720
5093.858887 0.000000 2719.266113 0.000000 0.214408 0.000000 0.976744 0.274634 0.274634 0.274634
5089.361816 0.000000 2714.871826 0.000000 0.892081 0.000000 0.451875 0.291045 0.291045 0.291045
5081.971680 0.000000 2765.447754 0.000000 0.011080 0.000000 0.999939 0.271672 0.271672 0.271672
5086.460449 0.000000 2712.068359 0.000000 0.865526 0.000000 0.500864 0.290570 0.290570 0.290570
5111.351562 0.000000 2736.659180 0.000000 0.982823 0.000000 -0.184550 0.303545 0.303545 0.303545
5113.776855 0.000000 2736.722900 0.000000 0.980690 0.000000 -0.195569 0.303759 0.303759 0.303759
5090.423340 0.000000 2715.979492 0.000000 0.338222 0.000000 0.941066 0.276590 0.276590 0.276590
5089.655762 0.000000 2726.818604 0.000000 0.012533 0.000000 0.999921 0.270239 0.270239 0.270239
5078.044922 0.000000 2762.011230 0.000000 0.604145 0.000000 0.796874 0.282631 0.282631 0.282631
5112.170898 0.000000 2741.266357 0.000000 0.819807 0.000000 0.572640 0.288355 0.288355 0.288355
5087.016113 0.000000 2717.984619 0.000000 0.979011 0.000000 -0.203808 0.303920 0.303920 0.303920
5081.455566 0.000000 2763.820801 0.000000 0.945303 0.000000 0.326194 0.293654 0.293654 0.293654
5086.019043 0.000000 2716.619385 0.000000 0.492635 0.000000 0.870236 0.279838 0.279838 0.279838
5086.013672 0.000000 2715.048828 0.000000 0.654703 0.000000 0.755886 0.284082 0.284082 0.284082
5092.138184 0.000000 2719.513428 0.000000 0.963298 0.000000 -0.268434 0.305089 0.305089 0.305089
5112.386230 0.000000 2739.936279 0.000000 0.888577 0.000000 -0.458728 0.309102 0.309102 0.309102
5089.391113 0.000000 2713.291016 0.000000 0.994003 0.000000 -0.109352 0.302093 0.302093 0.302093
5087.250000 0.000000 2717.241455 0.000000 0.343381 0.000000 0.939196 0.276694 0.276694 0.276694
5076.319824 0.000000 2770.547852 0.000000 0.645268 0.000000 0.763956 0.256879 0.256879 0.256879
5077.011719 0.000000 2769.051270 0.000000 0.601890 0.000000 0.798579 0.282335 0.282335 0.282335
5133.883301 0.000000 2759.746094 0.000000 0.986001 0.000000 -0.166737 0.201104 0.201104 0.201104
5125.147461 0.000000 2765.239258 0.000000 0.999752 0.000000 0.022287 0.223049 0.223049 0.223049
5146.472168 0.000000 2714.483643 0.000000 0.954559 0.000000 0.298021 0.230881 0.230881 0.230881
5126.498535 0.000000 2765.792969 0.000000 0.765342 0.000000 0.643624 0.221696 0.221696 0.221696
5124.983887 0.000000 2722.781006 0.000000 0.983590 0.000000 0.180417 0.249694 0.249694 0.249694
5133.407227 0.000000 2732.131348 0.000000 0.998967 0.000000 -0.045444 0.248977 0.248977 0.248977
5133.162109 0.000000 2733.744385 0.000000 0.834864 0.000000 0.550456 0.241825 0.241825 0.241825
5139.455566 0.000000 2730.350830 0.000000 0.951270 0.000000 0.308361 0.244891 0.244891 0.244891
5142.567871 0.000000 2715.267578 0.000000 0.212685 0.000000 0.977121 0.264036 0.264036 0.264036
5131.038574 0.000000 2756.259277 0.000000 0.967657 0.000000 0.252271 0.279326 0.279326 0.279326
5135.051270 0.000000 2735.860107 0.000000 0.382414 0.000000 0.923991 0.255139 0.255139 0.255139
5122.095703 0.000000 2764.978516 0.000000 0.872877 0.000000 0.487941 0.261739 0.261739 0.261739
5143.303223 0.000000 2719.609619 0.000000 0.850211 0.000000 0.526443 0.290387 0.290387 0.290387
5140.319824 0.000000 2714.063477 0.000000 0.961256 0.000000 0.275658 0.283834 0.283834 0.283834
5127.689453 0.000000 2766.662109 0.000000 0.515623 0.000000 0.856815 0.282158 0.282158 0.282158
5122.932129 0.000000 2764.394043 0.000000 0.686478 0.000000 0.727150 0.257625 0.257625 0.257625
5132.760254 0.000000 2724.678223 0.000000 0.874672 0.000000 0.484715 0.290777 0.290777 0.290777
5138.842285 0.000000 2726.625000 0.000000 0.179596 0.000000 0.983740 0.275219 0.275219 0.275219
5137.425293 0.000000 2725.393311 0.000000 0.467840 0.000000 0.883813 0.280191 0.280191 0.280191
5123.805176 0.000000 2759.203857 0.000000 0.291509 0.000000 0.956568 0.274779 0.274779 0.274779
5123.062012 0.000000 2763.474854 0.000000 0.831688 0.000000 -0.555243 0.310713 0.310713 0.310713
5141.816895 0.000000 2714.149170 0.000000 0.729074 0.000000 0.684435 0.276356 0.276356 0.276356
5139.207031 0.000000 2718.639160 0.000000 0.489900 0.000000 0.871779 0.279778 0.279778 0.279778
5134.367188 0.000000 2726.877197 0.000000 0.986686 0.000000 -0.162638 0.302912 0.302912 0.302912
5140.308105 0.000000 2719.668457 0.000000 0.218210 0.000000 0.975902 0.274201 0.274201 0.274201
5124.918945 0.000000 2766.130127 0.000000 0.213387 0.000000 0.976968 0.276036 0.276036 0.276036
5136.750488 0.000000 2719.932129 0.000000 0.034169 0.000000 0.999416 0.270653 0.270653 0.270653
5130.346680 0.000000 2720.662354 0.000000 0.416563 0.000000 0.909107 0.278206 0.278206 0.278206
5140.985352 0.000000 2722.773193 0.000000 0.514560 0.000000 0.857454 0.280323 0.280323 0.280323
5142.081543 0.000000 2717.165283 0.000000 0.592181 0.000000 0.805805 0.282104 0.282104 0.282104
5120.990234 0.000000 2761.615723 0.000000 0.974001 0.000000 -0.226545 0.304159 0.304159 0.304159
5145.896973 0.000000 2715.180908 0.000000 0.966587 0.000000 0.256337 0.295243 0.295243 0.295243
5135.121582 0.000000 2720.166748 0.000000 0.985632 0.000000 -0.168908 0.303241 0.303241 0.303241
5145.915527 0.000000 2711.729248 0.000000 0.946078 0.000000 -0.323938 0.302755 0.302755 0.302755
5122.092285 0.000000 2762.990723 0.000000 0.990984 0.000000 0.133983 0.297554 0.297554 0.297554
5129.114746 0.000000 2720.528564 0.000000 0.998356 0.000000 -0.057316 0.301095 0.301095 0.301095
5134.886230 0.000000 2721.845215 0.000000 0.871028 0.000000 -0.491233 0.309807 0.309807 0.309807
5135.439941 0.000000 2718.840088 0.000000 0.607507 0.000000 0.794315 0.282470 0.282470 0.282470
5135.052246 0.000000 2722.776611 0.000000 0.907147 0.000000 0.420813 0.291705 0.291705 0.291705
5125.823242 0.000000 2760.256348 0.000000 0.511434 0.000000 0.859322 0.280253 0.280253 0.280253
5143.507812 0.000000 2716.888184 0.000000 0.591608 0.000000 0.806226 0.282090 0.282090 0.282090
5137.132812 0.000000 2718.973633 0.000000 0.972185 0.000000 0.234214 0.295485 0.295485 0.295485
5137.999512 0.000000 2751.767090 0.000000 0.301923 0.000000 0.953332 0.276568 0.276568 0.276568
5122.403320 0.000000 2760.239258 0.000000 0.099379 0.000000 0.995050 0.271901 0.271901 0.271901
5124.941895 0.000000 2767.321777 0.000000 0.748304 0.000000 0.663356 0.287180 0.287180 0.287180
5140.034180 0.000000 2718.858643 0.000000 0.980138 0.000000 -0.198319 0.303813 0.303813 0.303813
5137.242676 0.000000 2748.629150 0.000000 0.681577 0.000000 0.731746 0.284722 0.284722 0.284722
5140.594727 0.000000 2717.293213 0.000000 0.868607 0.000000 0.495502 0.290099 0.290099 0.290099
5141.781250 0.000000 2720.667725 0.000000 0.347268 0.000000 0.937766 0.276773 0.276773 0.276773
5135.046387 0.000000 2753.531738 0.000000 0.984913 0.000000 0.173049 0.296919 0.296919 0.296919
5137.662598 0.000000 2717.303223 0.000000 0.998953 0.000000 0.045749 0.299126 0.299126 0.299126
5123.518066 0.000000 2720.804443 0.000000 0.925135 0.000000 0.379637 0.292563 0.292563 0.292563
5134.002441 0.000000 2733.906738 0.000000 0.890770 0.000000 -0.454454 0.309010 0.309010 0.309010
5140.719238 0.000000 2721.210938 0.000000 0.998589 0.000000 0.053114 0.298985 0.298985 0.298985
5144.855957 0.000000 2712.340332 0.000000 0.966026 0.000000 -0.258445 0.304993 0.304993 0.304993
5120.002930 0.000000 2761.740479 0.000000 0.668145 0.000000 0.744031 0.284729 0.284729 0.284729
5120.005859 0.000000 2763.363037 0.000000 0.945622 0.000000 0.325267 0.293673 0.293673 0.293673
5120.000488 0.000000 2760.247803 0.000000 0.847805 0.000000 -0.530308 0.310173 0.310173 0.310173
5120.457520 0.000000 2765.272461 0.000000 0.743744 0.000000 0.668464 0.286017 0.286017 0.286017
5128.804688 0.000000 2718.054443 0.000000 0.842061 0.000000 -0.539382 0.310881 0.310881 0.310881
5132.073242 0.000000 2720.137451 0.000000 0.854730 0.000000 -0.519073 0.310423 0.310423 0.310423
5138.436035 0.000000 2716.752441 0.000000 0.795023 0.000000 0.606579 0.287553 0.287553 0.287553
5140.720215 0.000000 2718.143311 0.000000 0.995672 0.000000 -0.092940 0.301778 0.301778 0.301778
5142.264160 0.000000 2717.930664 0.000000 0.995455 0.000000 0.095236 0.298178 0.298178 0.298178
5125.739258 0.000000 2761.707520 0.000000 0.883609 0.000000 0.468225 0.290694 0.290694 0.290694
5143.026367 0.000000 2716.006104 0.000000 0.985207 0.000000 -0.171371 0.303289 0.303289 0.303289
5141.560059 0.000000 2718.428955 0.000000 0.154154 0.000000 0.988047 0.272956 0.272956 0.272956
5133.483398 0.000000 2722.225342 0.000000 0.831180 0.000000 0.556004 0.288740 0.288740 0.288740
5134.432129 0.000000 2724.120605 0.000000 0.445699 0.000000 0.895183 0.278823 0.278823 0.278823
5146.661621 0.000000 2789.172119 0.000000 0.454326 0.000000 0.890836 0.192810 0.192810 0.192810
5151.822266 0.000000 2793.795410 0.000000 0.675217 0.000000 0.737619 0.194512 0.194512 0.194512
5150.841309 0.000000 2799.366455 0.000000 0.078452 0.000000 0.996918 0.189606 0.189606 0.189606
5149.062500 0.000000 2785.410645 0.000000 0.795001 0.000000 0.606608 0.203128 0.203128 0.203128
5150.632324 0.000000 2795.044434 0.000000 0.902612 0.000000 0.430456 0.218718 0.218718 0.218718
5124.025391 0.000000 2771.959717 0.000000 0.896617 0.000000 0.442807 0.228791 0.228791 0.228791
5146.808105 0.000000 2784.740234 0.000000 0.993076 0.000000 0.117474 0.224964 0.224964 0.224964
5143.062988 0.000000 2789.408447 0.000000 0.929131 0.000000 -0.369751 0.269078 0.269078 0.269078
5145.134766 0.000000 2780.475098 0.000000 0.302449 0.000000 0.953165 0.233589 0.233589 0.233589
5153.302734 0.000000 2795.474609 0.000000 0.996298 0.000000 0.085962 0.277451 0.277451 0.277451
5127.321777 0.000000 2769.164795 0.000000 0.996514 0.000000 -0.083429 0.294644 0.294644 0.294644
5153.530762 0.000000 2796.802979 0.000000 0.738932 0.000000 0.673780 0.287154 0.287154 0.287154
5149.283691 0.000000 2781.934326 0.000000 0.985442 0.000000 -0.170010 0.303148 0.303148 0.303148
5147.323242 0.000000 2783.004639 0.000000 0.999823 0.000000 -0.018831 0.300331 0.300331 0.300331
5143.276367 0.000000 2787.666016 0.000000 0.465168 0.000000 0.885223 0.279240 0.279240 0.279240
5146.791016 0.000000 2781.398926 0.000000 0.757207 0.000000 0.653175 0.287606 0.287606 0.287606
5146.642578 0.000000 2782.362549 0.000000 0.135792 0.000000 0.990737 0.274804 0.274804 0.274804
5143.968750 0.000000 2787.244385 0.000000 0.900402 0.000000 -0.435060 0.308596 0.308596 0.308596
5125.344727 0.000000 2768.688965 0.000000 0.272022 0.000000 0.962291 0.275262 0.275262 0.275262
5361.158691 0.000000 2802.362793 0.000000 0.190512 0.000000 0.981685 0.190807 0.190807 0.190807
5342.198730 0.000000 2818.982422 0.000000 0.098283 0.000000 0.995159 0.213919 0.213919 0.213919
5359.751465 0.000000 2805.294434 0.000000 0.996024 0.000000 0.089084 0.228006 0.228006 0.228006
5357.061035 0.000000 2816.677246 0.000000 0.983251 0.000000 -0.182256 0.227172 0.227172 0.227172
5347.060059 0.000000 2821.729248 0.000000 0.971067 0.000000 0.238808 0.238607 0.238607 0.238607
5353.291504 0.000000 2818.297363 0.000000 0.008637 0.000000 0.999963 0.264529 0.264529 0.264529
5352.486816 0.000000 2816.711914 0.000000 0.823675 0.000000 0.567063 0.268837 0.268837 0.268837
5356.897949 0.000000 2814.628418 0.000000 0.929386 0.000000 -0.369108 0.291267 0.291267 0.291267
5347.307129 0.000000 2816.049316 0.000000 0.663082 0.000000 0.748546 0.283845 0.283845 0.283845
5355.417969 0.000000 2817.610840 0.000000 0.998058 0.000000 -0.062289 0.301190 0.301190 0.301190
5343.527832 0.000000 2821.745361 0.000000 0.993627 0.000000 -0.112721 0.302157 0.302157 0.302157
5346.625977 0.000000 2816.752930 0.000000 0.815742 0.000000 0.578416 0.288220 0.288220 0.288220
5229.664062 0.000000 2831.214355 0.000000 0.661687 0.000000 0.749781 0.202667 0.202667 0.202667
5215.343262 0.000000 2867.355469 0.000000 0.030428 0.000000 0.999537 0.203620 0.203620 0.203620
5210.510254 0.000000 2855.011963 0.000000 0.698116 0.000000 0.715984 0.218167 0.218167 0.218167
5228.925781 0.000000 2840.786133 0.000000 0.597104 0.000000 0.802164 0.222581 0.222581 0.222581
5226.270996 0.000000 2831.710449 0.000000 0.092717 0.000000 0.995693 0.213382 0.213382 0.213382
5211.966309 0.000000 2873.488037 0.000000 0.761256 0.000000 0.648452 0.237826 0.237826 0.237826
5218.804199 0.000000 2848.200928 0.000000 0.871579 0.000000 -0.490255 0.243108 0.243108 0.243108
5208.600586 0.000000 2847.325195 0.000000 0.944474 0.000000 0.328587 0.273808 0.273808 0.273808
5214.298340 0.000000 2848.274414 0.000000 0.670969 0.000000 0.741485 0.260390 0.260390 0.260390
5217.302734 0.000000 2851.958984 0.000000 0.453325 0.000000 0.891345 0.269434 0.269434 0.269434
5213.473145 0.000000 2866.394531 0.000000 0.981260 0.000000 -0.192689 0.279261 0.279261 0.279261
5210.668945 0.000000 2847.235596 0.000000 0.902410 0.000000 -0.430879 0.301158 0.301158 0.301158
5213.975586 0.000000 2869.560791 0.000000 0.876539 0.000000 0.481331 0.271884 0.271884 0.271884
5218.604004 0.000000 2847.163574 0.000000 0.489262 0.000000 0.872137 0.257276 0.257276 0.257276
5209.337891 0.000000 2846.103027 0.000000 0.817553 0.000000 -0.575853 0.287700 0.287700 0.287700
5213.803223 0.000000 2874.561035 0.000000 0.958872 0.000000 -0.283838 0.293350 0.293350 0.293350
5210.373535 0.000000 2869.839600 0.000000 0.989268 0.000000 0.146110 0.297441 0.297441 0.297441
5208.848145 0.000000 2851.757324 0.000000 0.997556 0.000000 0.069874 0.289911 0.289911 0.289911
5217.132812 0.000000 2846.416748 0.000000 0.183039 0.000000 0.983106 0.276060 0.276060 0.276060
5210.419922 0.000000 2876.318848 0.000000 0.938817 0.000000 -0.344417 0.306715 0.306715 0.306715
5211.580078 0.000000 2850.026611 0.000000 0.015822 0.000000 0.999875 0.271583 0.271583 0.271583
5216.516113 0.000000 2848.265137 0.000000 0.466100 0.000000 0.884732 0.280643 0.280643 0.280643
5210.924316 0.000000 2875.201172 0.000000 0.838318 0.000000 -0.545181 0.310926 0.310926 0.310926
5244.546387 0.000000 2908.642822 0.000000 0.603289 0.000000 0.797523 0.196906 0.196906 0.196906
5210.746094 0.000000 2880.730225 0.000000 0.847368 0.000000 -0.531006 0.234161 0.234161 0.234161
5237.819336 0.000000 2889.328857 0.000000 0.981472 0.000000 0.191607 0.225922 0.225922 0.225922
5221.460449 0.000000 2912.038330 0.000000 0.988620 0.000000 0.150433 0.230733 0.230733 0.230733
5238.014648 0.000000 2886.223145 0.000000 0.050098 0.000000 0.998744 0.214429 0.214429 0.214429
5239.597168 0.000000 2887.619385 0.000000 0.957980 0.000000 -0.286836 0.231611 0.231611 0.231611
5229.061035 0.000000 2929.645996 0.000000 0.916401 0.000000 0.400261 0.221172 0.221172 0.221172
5229.479492 0.000000 2905.242676 0.000000 0.163221 0.000000 0.986590 0.218916 0.218916 0.218916
5202.752930 0.000000 2927.057373 0.000000 0.843898 0.000000 0.536503 0.226665 0.226665 0.226665
5227.041992 0.000000 2900.781982 0.000000 0.955820 0.000000 0.293952 0.243433 0.243433 0.243433
5222.447266 0.000000 2907.193848 0.000000 0.979515 0.000000 0.201371 0.248346 0.248346 0.248346
5216.381836 0.000000 2907.882324 0.000000 0.944867 0.000000 -0.327453 0.252257 0.252257 0.252257
5217.384277 0.000000 2906.126465 0.000000 0.181365 0.000000 0.983416 0.232656 0.232656 0.232656
5223.511230 0.000000 2905.587891 0.000000 0.563742 0.000000 0.825951 0.248477 0.248477 0.248477
5219.929199 0.000000 2904.641602 0.000000 0.601505 0.000000 0.798869 0.283597 0.283597 0.283597
5219.366211 0.000000 2905.411377 0.000000 0.135569 0.000000 0.990768 0.274877 0.274877 0.274877
5226.301270 0.000000 2902.633057 0.000000 0.316225 0.000000 0.948684 0.276145 0.276145 0.276145
5224.066406 0.000000 2907.437988 0.000000 0.999990 0.000000 0.004457 0.299915 0.299915 0.299915
5225.717285 0.000000 2906.874756 0.000000 1.000000 0.000000 0.000408 0.299992 0.299992 0.299992
5225.537598 0.000000 2908.116455 0.000000 0.999461 0.000000 0.032826 0.299373 0.299373 0.299373
5227.701172 0.000000 2905.107666 0.000000 0.984730 0.000000 0.174091 0.296658 0.296658 0.296658
5223.558105 0.000000 2911.880371 0.000000 0.525739 0.000000 0.850646 0.280573 0.280573 0.280573
5222.075195 0.000000 2909.198242 0.000000 0.816866 0.000000 -0.576828 0.311743 0.311743 0.311743
5225.090820 0.000000 2909.589600 0.000000 0.617624 0.000000 0.786473 0.282714 0.282714 0.282714
5218.902832 0.000000 2909.474121 0.000000 0.934152 0.000000 0.356876 0.293031 0.293031 0.293031
5223.660156 0.000000 2908.896973 0.000000 0.677214 0.000000 0.735786 0.284209 0.284209 0.284209
5226.224609 0.000000 2904.391846 0.000000 0.566970 0.000000 0.823738 0.281513 0.281513 0.281513
5203.428223 0.000000 2924.266113 0.000000 0.884558 0.000000 0.466429 0.290914 0.290914 0.290914
5226.211914 0.000000 2905.643311 0.000000 0.998942 0.000000 0.045997 0.299121 0.299121 0.299121
5219.183594 0.000000 2906.825439 0.000000 0.898138 0.000000 -0.439714 0.308695 0.308695 0.308695
5222.766113 0.000000 2910.424805 0.000000 0.311491 0.000000 0.950249 0.276050 0.276050 0.276050
5279.822266 0.000000 2850.279785 0.000000 0.633112 0.000000 0.774060 0.194143 0.194143 0.194143
5278.429688 0.000000 2849.393799 0.000000 0.579943 0.000000 0.814657 0.211630 0.211630 0.211630
5301.027344 0.000000 2855.735840 0.000000 0.999969 0.000000 0.007864 0.254527 0.254527 0.254527
5301.814941 0.000000 2854.593750 0.000000 0.469383 0.000000 0.882995 0.241620 0.241620 0.241620
5280.504395 0.000000 2867.565918 0.000000 0.971240 0.000000 0.238104 0.257740 0.257740 0.257740
5274.844727 0.000000 2849.543457 0.000000 0.980249 0.000000 0.197768 0.261005 0.261005 0.261005
5297.021973 0.000000 2837.327148 0.000000 0.766922 0.000000 0.641741 0.241570 0.241570 0.241570
5306.821777 0.000000 2880.350830 0.000000 0.760462 0.000000 0.649383 0.263206 0.263206 0.263206
5273.502930 0.000000 2834.792236 0.000000 0.880243 0.000000 -0.474523 0.277081 0.277081 0.277081
5278.990234 0.000000 2874.840576 0.000000 0.999780 0.000000 0.020979 0.293493 0.293493 0.293493
5292.435059 0.000000 2839.919189 0.000000 0.988153 0.000000 0.153473 0.297300 0.297300 0.297300
5295.586914 0.000000 2844.947754 0.000000 0.908467 0.000000 -0.417957 0.307670 0.307670 0.307670
5294.371094 0.000000 2844.903076 0.000000 0.995693 0.000000 0.092714 0.298348 0.298348 0.298348
5294.936523 0.000000 2843.488770 0.000000 0.978386 0.000000 -0.206789 0.303814 0.303814 0.303814
5297.437988 0.000000 2842.789307 0.000000 0.834378 0.000000 -0.551193 0.311150 0.311150 0.311150
5326.124512 0.000000 2853.227539 0.000000 0.203424 0.000000 0.979091 0.191134 0.191134 0.191134
5322.276367 0.000000 2844.826172 0.000000 0.754331 0.000000 0.656494 0.195190 0.195190 0.195190
5328.003418 0.000000 2851.521484 0.000000 0.703046 0.000000 0.711145 0.196297 0.196297 0.196297
5317.147461 0.000000 2878.208008 0.000000 0.952888 0.000000 -0.303321 0.222561 0.222561 0.222561
5319.856445 0.000000 2868.900391 0.000000 0.327653 0.000000 0.944798 0.212149 0.212149 0.212149
5318.203613 0.000000 2861.513916 0.000000 0.316901 0.000000 0.948459 0.207565 0.207565 0.207565
5319.681641 0.000000 2863.136719 0.000000 0.012975 0.000000 0.999916 0.217428 0.217428 0.217428
5316.395996 0.000000 2850.804443 0.000000 0.927741 0.000000 0.373224 0.227925 0.227925 0.227925
5321.015625 0.000000 2856.200684 0.000000 0.526398 0.000000 0.850238 0.231353 0.231353 0.231353
5319.816406 0.000000 2854.681885 0.000000 0.938651 0.000000 -0.344868 0.251307 0.251307 0.251307
5318.449219 0.000000 2856.188721 0.000000 0.952639 0.000000 -0.304103 0.261226 0.261226 0.261226
5320.482910 0.000000 2864.568848 0.000000 0.999136 0.000000 0.041562 0.254122 0.254122 0.254122
5330.772461 0.000000 2848.898193 0.000000 0.925538 0.000000 0.378654 0.247267 0.247267 0.247267
5322.165039 0.000000 2849.150635 0.000000 0.971079 0.000000 -0.238759 0.278789 0.278789 0.278789
5328.371094 0.000000 2843.748291 0.000000 0.993673 0.000000 -0.112314 0.267313 0.267313 0.267313
5325.374512 0.000000 2850.337158 0.000000 0.331751 0.000000 0.943367 0.263060 0.263060 0.263060
5330.114258 0.000000 2844.416504 0.000000 0.019298 0.000000 0.999814 0.267888 0.267888 0.267888
5316.534668 0.000000 2853.548340 0.000000 0.929653 0.000000 -0.368436 0.305313 0.305313 0.305313
5319.151367 0.000000 2864.029785 0.000000 0.478980 0.000000 0.877826 0.281425 0.281425 0.281425
5317.685547 0.000000 2852.644531 0.000000 0.909473 0.000000 0.415762 0.291569 0.291569 0.291569
5325.483887 0.000000 2847.574463 0.000000 0.995941 0.000000 0.090008 0.298383 0.298383 0.298383
5314.057129 0.000000 2879.520752 0.000000 0.980642 0.000000 0.195811 0.283488 0.283488 0.283488
5330.618164 0.000000 2846.198975 0.000000 0.880266 0.000000 -0.474480 0.308664 0.308664 0.308664
5314.403320 0.000000 2873.208008 0.000000 0.999937 0.000000 -0.011213 0.300207 0.300207 0.300207
5324.330078 0.000000 2847.047607 0.000000 0.897689 0.000000 0.440629 0.291815 0.291815 0.291815
5326.002441 0.000000 2846.875488 0.000000 0.921056 0.000000 0.389429 0.292360 0.292360 0.292360
5328.094727 0.000000 2845.569580 0.000000 0.475334 0.000000 0.879805 0.279460 0.279460 0.279460
5298.542480 0.000000 2886.501709 0.000000 0.994667 0.000000 -0.103135 0.200714 0.200714 0.200714
5298.636719 0.000000 2891.157471 0.000000 0.980341 0.000000 0.197312 0.207703 0.207703 0.207703
5302.014648 0.000000 2886.223145 0.000000 0.999884 0.000000 -0.015201 0.230118 0.230118 0.230118
5301.412598 0.000000 2883.499023 0.000000 0.939750 0.000000 0.341863 0.235293 0.235293 0.235293
5300.127930 0.000000 2886.188477 0.000000 0.982935 0.000000 0.183952 0.240305 0.240305 0.240305
5309.398438 0.000000 2882.564941 0.000000 0.837200 0.000000 0.546896 0.237123 0.237123 0.237123
5310.218750 0.000000 2881.646973 0.000000 0.576481 0.000000 0.817111 0.246157 0.246157 0.246157
5307.895996 0.000000 2881.511230 0.000000 0.997291 0.000000 -0.073560 0.274141 0.274141 0.274141
5301.360840 0.000000 2891.357178 0.000000 0.941151 0.000000 -0.337986 0.268055 0.268055 0.268055
5300.625000 0.000000 2892.040771 0.000000 0.518875 0.000000 0.854850 0.262211 0.262211 0.262211
5309.851562 0.000000 2880.770020 0.000000 0.694944 0.000000 0.719064 0.285365 0.285365 0.285365
5301.168945 0.000000 2885.931641 0.000000 0.997522 0.000000 -0.070348 0.301210 0.301210 0.301210
5440.046387 0.000000 2766.013428 0.000000 0.264161 0.000000 0.964479 0.220916 0.220916 0.220916
5442.944824 0.000000 2766.716797 0.000000 0.271481 0.000000 0.962444 0.238568 0.238568 0.238568
5439.835938 0.000000 2772.218506 0.000000 0.201379 0.000000 0.979513 0.191169 0.191169 0.191169
5442.168457 0.000000 2767.753906 0.000000 0.165711 0.000000 0.986174 0.237271 0.237271 0.237271
5471.818848 0.000000 2823.718994 0.000000 0.186414 0.000000 0.982471 0.245176 0.245176 0.245176
5470.741699 0.000000 2823.503174 0.000000 0.996911 0.000000 0.078544 0.262011 0.262011 0.262011
5567.022949 0.000000 2765.415527 0.000000 0.901945 0.000000 0.431851 0.198224 0.198224 0.198224
5527.051758 0.000000 2714.297852 0.000000 0.405404 0.000000 0.914138 0.201814 0.201814 0.201814
5525.078125 0.000000 2713.377686 0.000000 0.899306 0.000000 -0.437320 0.218572 0.218572 0.218572
5522.442871 0.000000 2727.629150 0.000000 0.051085 0.000000 0.998694 0.203793 0.203793 0.203793
5543.698242 0.000000 2713.208252 0.000000 0.410970 0.000000 0.911649 0.226461 0.226461 0.226461
5552.912598 0.000000 2727.062988 0.000000 0.046851 0.000000 0.998902 0.218721 0.218721 0.218721
5545.647461 0.000000 2712.604980 0.000000 0.610654 0.000000 0.791898 0.282546 0.282546 0.282546
5544.486816 0.000000 2712.932129 0.000000 0.986244 0.000000 -0.165294 0.303171 0.303171 0.303171
5544.075684 0.000000 2712.070557 0.000000 0.781956 0.000000 0.623333 0.287147 0.287147 0.287147
5545.985840 0.000000 2713.376465 0.000000 0.156029 0.000000 0.987752 0.272992 0.272992 0.272992
5595.130859 0.000000 2743.650879 0.000000 0.872565 0.000000 0.488499 0.261731 0.261731 0.261731
5506.854492 0.000000 2815.281250 0.000000 0.898664 0.000000 -0.438638 0.206373 0.206373 0.206373
5567.835938 0.000000 2772.218506 0.000000 0.992848 0.000000 0.119384 0.202214 0.202214 0.202214
5592.548340 0.000000 2769.791260 0.000000 0.447283 0.000000 0.894393 0.206744 0.206744 0.206744
5571.807617 0.000000 2775.536133 0.000000 0.553846 0.000000 0.832619 0.217992 0.217992 0.217992
5590.253418 0.000000 2769.800049 0.000000 0.807315 0.000000 0.590121 0.245468 0.245468 0.245468
5589.880859 0.000000 2776.236816 0.000000 0.986082 0.000000 0.166262 0.263070 0.263070 0.263070
5498.107422 0.000000 2879.419189 0.000000 0.167336 0.000000 0.985900 0.190195 0.190195 0.190195
5488.736816 0.000000 2870.905518 0.000000 0.852918 0.000000 0.522045 0.209256 0.209256 0.209256
5482.998047 0.000000 2860.885742 0.000000 0.902475 0.000000 0.430743 0.226776 0.226776 0.226776
5501.091309 0.000000 2875.930420 0.000000 0.838153 0.000000 -0.545435 0.233143 0.233143 0.233143
5501.900391 0.000000 2877.286621 0.000000 0.918857 0.000000 0.394591 0.221768 0.221768 0.221768
5479.286133 0.000000 2831.041016 0.000000 0.561888 0.000000 0.827214 0.215530 0.215530 0.215530
5482.500977 0.000000 2839.004395 0.000000 0.967643 0.000000 -0.252324 0.239302 0.239302 0.239302
5470.457031 0.000000 2827.269531 0.000000 0.946198 0.000000 0.323588 0.239833 0.239833 0.239833
5499.111816 0.000000 2865.341797 0.000000 0.970383 0.000000 -0.241574 0.233457 0.233457 0.233457
5497.143066 0.000000 2867.997314 0.000000 0.023235 0.000000 0.999730 0.229426 0.229426 0.229426
5473.012207 0.000000 2834.431885 0.000000 0.777689 0.000000 0.628649 0.241243 0.241243 0.241243
5473.218262 0.000000 2827.038086 0.000000 0.435724 0.000000 0.900080 0.240176 0.240176 0.240176
5496.262695 0.000000 2874.633789 0.000000 0.883835 0.000000 0.467799 0.251432 0.251432 0.251432
5489.451660 0.000000 2869.913818 0.000000 0.884581 0.000000 -0.466387 0.252807 0.252807 0.252807
5472.610840 0.000000 2826.001465 0.000000 0.615904 0.000000 0.787821 0.242707 0.242707 0.242707
5496.844238 0.000000 2875.749023 0.000000 0.397000 0.000000 0.917819 0.243115 0.243115 0.243115
5497.582520 0.000000 2880.355469 0.000000 0.671329 0.000000 0.741159 0.263950 0.263950 0.263950
5488.431641 0.000000 2865.000244 0.000000 0.306362 0.000000 0.951915 0.274091 0.274091 0.274091
5473.595215 0.000000 2828.830078 0.000000 0.995541 0.000000 -0.094332 0.298223 0.298223 0.298223
5486.635742 0.000000 2864.276123 0.000000 0.398136 0.000000 0.917326 0.279559 0.279559 0.279559
5484.987305 0.000000 2865.712891 0.000000 0.871140 0.000000 -0.491034 0.309803 0.309803 0.309803
5489.989258 0.000000 2865.474854 0.000000 0.132315 0.000000 0.991208 0.271131 0.271131 0.271131
5486.923340 0.000000 2867.603271 0.000000 0.695937 0.000000 0.718103 0.284881 0.284881 0.284881
5484.662109 0.000000 2864.384277 0.000000 0.999853 0.000000 0.017151 0.299672 0.299672 0.299672
5487.106934 0.000000 2866.051270 0.000000 0.866235 0.000000 -0.499637 0.309874 0.309874 0.309874
5498.884277 0.000000 2895.986572 0.000000 0.108083 0.000000 0.994142 0.228466 0.228466 0.228466
5498.349609 0.000000 2886.978516 0.000000 0.836450 0.000000 0.548043 0.230236 0.230236 0.230236
5497.652832 0.000000 2886.261719 0.000000 0.818555 0.000000 0.574428 0.262448 0.262448 0.262448
5500.463867 0.000000 2897.596680 0.000000 0.410290 0.000000 0.911955 0.279278 0.279278 0.279278
5501.281738 0.000000 2897.881836 0.000000 0.821659 0.000000 0.569980 0.289053 0.289053 0.289053
5501.891113 0.000000 2896.580078 0.000000 0.983341 0.000000 0.181771 0.296701 0.296701 0.296701
5502.675781 0.000000 2895.127441 0.000000 0.711574 0.000000 0.702611 0.285121 0.285121 0.285121
5507.898438 0.000000 2876.975342 0.000000 0.257172 0.000000 0.966366 0.192577 0.192577 0.192577
5548.112305 0.000000 2878.273193 0.000000 0.380965 0.000000 0.924590 0.220652 0.220652 0.220652
5506.951172 0.000000 2846.319580 0.000000 0.109391 0.000000 0.993999 0.239440 0.239440 0.239440
5509.619141 0.000000 2879.666748 0.000000 0.999996 0.000000 0.002891 0.255147 0.255147 0.255147
5549.223145 0.000000 2880.304932 0.000000 0.348895 0.000000 0.937162 0.251246 0.251246 0.251246
5506.523926 0.000000 2844.719971 0.000000 0.957065 0.000000 0.289874 0.251089 0.251089 0.251089
5551.338379 0.000000 2880.208740 0.000000 0.846542 0.000000 0.532322 0.279912 0.279912 0.279912
5509.572266 0.000000 2842.713379 0.000000 0.096354 0.000000 0.995347 0.263615 0.263615 0.263615
5551.750977 0.000000 2878.655273 0.000000 0.998459 0.000000 -0.055489 0.301037 0.301037 0.301037
5504.974121 0.000000 2893.410889 0.000000 0.978780 0.000000 -0.204912 0.201443 0.201443 0.201443
5552.601562 0.000000 2885.545410 0.000000 0.823105 0.000000 0.567889 0.207217 0.207217 0.207217
5556.512207 0.000000 2890.557617 0.000000 0.963504 0.000000 -0.267693 0.215357 0.215357 0.215357
5555.522461 0.000000 2897.389648 0.000000 0.475051 0.000000 0.879958 0.238210 0.238210 0.238210
5555.791016 0.000000 2891.518311 0.000000 0.599825 0.000000 0.800131 0.243478 0.243478 0.243478
5551.399902 0.000000 2890.941650 0.000000 0.395329 0.000000 0.918540 0.254357 0.254357 0.254357
5553.631836 0.000000 2891.881836 0.000000 0.987185 0.000000 0.159580 0.244982 0.244982 0.244982
5555.404297 0.000000 2890.225586 0.000000 0.674479 0.000000 0.738294 0.244644 0.244644 0.244644
5548.707520 0.000000 2894.760742 0.000000 0.622635 0.000000 0.782513 0.261021 0.261021 0.261021
5548.634766 0.000000 2887.418457 0.000000 0.948169 0.000000 0.317766 0.264258 0.264258 0.264258
5550.495117 0.000000 2880.708984 0.000000 0.747509 0.000000 0.664252 0.277298 0.277298 0.277298
5541.004395 0.000000 2893.109863 0.000000 0.336837 0.000000 0.941563 0.259291 0.259291 0.259291
5551.891602 0.000000 2886.292725 0.000000 0.739038 0.000000 0.673664 0.281692 0.281692 0.281692
5542.486328 0.000000 2896.072021 0.000000 0.654339 0.000000 0.756202 0.273212 0.273212 0.273212
5542.553711 0.000000 2897.916748 0.000000 0.999988 0.000000 -0.004904 0.286631 0.286631 0.286631
5559.991699 0.000000 2886.715576 0.000000 0.964431 0.000000 0.264335 0.279136 0.279136 0.279136
5559.239258 0.000000 2883.677979 0.000000 0.319831 0.000000 0.947475 0.267656 0.267656 0.267656
5555.587402 0.000000 2888.350098 0.000000 1.000000 0.000000 0.000936 0.285420 0.285420 0.285420
5546.151367 0.000000 2889.227783 0.000000 0.782286 0.000000 0.622919 0.287963 0.287963 0.287963
5556.885742 0.000000 2889.648926 0.000000 0.999003 0.000000 -0.044636 0.300853 0.300853 0.300853
5550.060059 0.000000 2882.552490 0.000000 0.295757 0.000000 0.955263 0.277447 0.277447 0.277447
5548.178223 0.000000 2891.619873 0.000000 0.949196 0.000000 0.314684 0.292883 0.292883 0.292883
5553.730957 0.000000 2896.144531 0.000000 0.995007 0.000000 -0.099810 0.301909 0.301909 0.301909
5556.068359 0.000000 2885.336426 0.000000 0.206276 0.000000 0.978494 0.273968 0.273968 0.273968
5550.625000 0.000000 2893.937988 0.000000 0.998641 0.000000 0.052125 0.299004 0.299004 0.299004
5545.589355 0.000000 2895.350342 0.000000 0.950372 0.000000 -0.311116 0.305770 0.305770 0.305770
5547.226562 0.000000 2895.047852 0.000000 0.992061 0.000000 -0.125761 0.302408 0.302408 0.302408
5556.049805 0.000000 2889.731201 0.000000 0.986842 0.000000 0.161685 0.296898 0.296898 0.296898
5547.041992 0.000000 2890.357666 0.000000 0.992806 0.000000 -0.119737 0.302292 0.302292 0.302292
5552.697754 0.000000 2897.307617 0.000000 0.535337 0.000000 0.844639 0.280789 0.280789 0.280789
5695.412109 0.000000 2764.098145 0.000000 0.585131 0.000000 0.810939 0.231097 0.231097 0.231097
5736.504883 0.000000 2754.643555 0.000000 0.999760 0.000000 -0.021887 0.221762 0.221762 0.221762
5722.960938 0.000000 2747.538330 0.000000 0.543674 0.000000 0.839297 0.228032 0.228032 0.228032
5737.750000 0.000000 2764.397949 0.000000 0.984222 0.000000 0.176940 0.249735 0.249735 0.249735
5745.034668 0.000000 2742.447510 0.000000 0.528829 0.000000 0.848728 0.251443 0.251443 0.251443
5740.897949 0.000000 2758.144043 0.000000 0.923810 0.000000 -0.382852 0.302642 0.302642 0.302642
5746.397461 0.000000 2737.240479 0.000000 0.975171 0.000000 0.221454 0.289623 0.289623 0.289623
5737.110840 0.000000 2756.415771 0.000000 0.450401 0.000000 0.892826 0.280866 0.280866 0.280866
5676.263184 0.000000 2817.909424 0.000000 0.150858 0.000000 0.988555 0.195267 0.195267 0.195267
5672.272949 0.000000 2817.949951 0.000000 0.999156 0.000000 -0.041086 0.210687 0.210687 0.210687
5672.552734 0.000000 2820.585449 0.000000 0.498824 0.000000 0.866703 0.200087 0.200087 0.200087
5639.299805 0.000000 2808.472412 0.000000 0.291515 0.000000 0.956566 0.201853 0.201853 0.201853
5674.288086 0.000000 2798.416748 0.000000 0.827874 0.000000 0.560914 0.219496 0.219496 0.219496
5677.740723 0.000000 2797.943604 0.000000 0.898555 0.000000 -0.438861 0.220333 0.220333 0.220333
5674.833008 0.000000 2791.967285 0.000000 0.750998 0.000000 0.660304 0.220965 0.220965 0.220965
5675.594727 0.000000 2790.134033 0.000000 0.917549 0.000000 -0.397623 0.231567 0.231567 0.231567
5694.039551 0.000000 2808.194580 0.000000 0.930592 0.000000 0.366057 0.228541 0.228541 0.228541
5678.218262 0.000000 2786.610840 0.000000 0.862486 0.000000 -0.506081 0.243886 0.243886 0.243886
5673.625977 0.000000 2797.322266 0.000000 0.298549 0.000000 0.954394 0.230118 0.230118 0.230118
5633.099609 0.000000 2799.145508 0.000000 0.315026 0.000000 0.949083 0.240088 0.240088 0.240088
5691.585938 0.000000 2804.292236 0.000000 0.825068 0.000000 0.565033 0.267829 0.267829 0.267829
5674.868164 0.000000 2795.870361 0.000000 0.929605 0.000000 -0.368558 0.277814 0.277814 0.277814
5692.996582 0.000000 2804.108643 0.000000 0.947043 0.000000 0.321107 0.260969 0.260969 0.260969
5679.923340 0.000000 2789.460449 0.000000 0.742765 0.000000 0.669552 0.262316 0.262316 0.262316
5675.118652 0.000000 2797.823730 0.000000 0.999987 0.000000 0.005083 0.284796 0.284796 0.284796
5641.617676 0.000000 2794.413818 0.000000 0.261247 0.000000 0.965272 0.275664 0.275664 0.275664
5668.557129 0.000000 2818.493164 0.000000 0.949960 0.000000 0.312371 0.264875 0.264875 0.264875
5692.064453 0.000000 2819.412842 0.000000 0.374735 0.000000 0.927132 0.261814 0.261814 0.261814
5637.837402 0.000000 2815.887451 0.000000 0.969693 0.000000 0.244326 0.267472 0.267472 0.267472
5691.196289 0.000000 2803.340820 0.000000 0.900919 0.000000 0.433988 0.278508 0.278508 0.278508
5662.990234 0.000000 2818.356201 0.000000 0.006036 0.000000 0.999982 0.248872 0.248872 0.248872
5692.698730 0.000000 2818.532227 0.000000 0.935805 0.000000 0.352519 0.273972 0.273972 0.273972
5694.100586 0.000000 2810.350586 0.000000 0.983216 0.000000 -0.182447 0.295134 0.295134 0.295134
5668.894043 0.000000 2815.093018 0.000000 0.995946 0.000000 -0.089952 0.301612 0.301612 0.301612
5676.727051 0.000000 2790.569336 0.000000 0.129512 0.000000 0.991578 0.272480 0.272480 0.272480
5638.354492 0.000000 2796.785645 0.000000 0.981616 0.000000 -0.190869 0.303366 0.303366 0.303366
5638.569336 0.000000 2794.821777 0.000000 0.770980 0.000000 0.636859 0.287512 0.287512 0.287512
5679.344238 0.000000 2791.903076 0.000000 0.123535 0.000000 0.992340 0.273503 0.273503 0.273503
5679.750977 0.000000 2822.170898 0.000000 0.984821 0.000000 0.173570 0.296668 0.296668 0.296668
5734.352539 0.000000 2816.922852 0.000000 0.123606 0.000000 0.992331 0.193086 0.193086 0.193086
5705.640137 0.000000 2800.961426 0.000000 0.381782 0.000000 0.924252 0.194026 0.194026 0.194026
5701.887695 0.000000 2798.562988 0.000000 0.834287 0.000000 0.551331 0.208442 0.208442 0.208442
5697.867188 0.000000 2823.937500 0.000000 0.960311 0.000000 0.278931 0.214158 0.214158 0.214158
5717.721191 0.000000 2779.907227 0.000000 0.999292 0.000000 -0.037617 0.228646 0.228646 0.228646
5717.329102 0.000000 2778.358643 0.000000 0.996803 0.000000 -0.079899 0.229046 0.229046 0.229046
5733.444336 0.000000 2811.166016 0.000000 0.459078 0.000000 0.888396 0.246933 0.246933 0.246933
5737.663086 0.000000 2811.328369 0.000000 0.953241 0.000000 -0.302212 0.255998 0.255998 0.255998
5736.979492 0.000000 2810.012695 0.000000 0.893918 0.000000 -0.448230 0.257857 0.257857 0.257857
5697.508301 0.000000 2811.022949 0.000000 0.844999 0.000000 -0.534769 0.276252 0.276252 0.276252
5701.303711 0.000000 2800.015869 0.000000 0.055265 0.000000 0.998472 0.248614 0.248614 0.248614
5717.880859 0.000000 2776.236816 0.000000 0.724531 0.000000 0.689243 0.256297 0.256297 0.256297
5697.115234 0.000000 2810.001221 0.000000 0.708384 0.000000 0.705827 0.258038 0.258038 0.258038
5696.758301 0.000000 2812.153564 0.000000 0.996665 0.000000 0.081608 0.278070 0.278070 0.278070
5701.930176 0.000000 2804.135742 0.000000 0.287784 0.000000 0.957695 0.270928 0.270928 0.270928
5735.903320 0.000000 2810.412109 0.000000 0.968368 0.000000 0.249527 0.295184 0.295184 0.295184
5699.525879 0.000000 2802.142578 0.000000 0.960161 0.000000 0.279448 0.294994 0.294994 0.294994
5698.403320 0.000000 2816.723633 0.000000 0.990563 0.000000 0.137055 0.297415 0.297415 0.297415
5734.307129 0.000000 2811.241211 0.000000 0.995878 0.000000 -0.090698 0.301735 0.301735 0.301735
5705.044434 0.000000 2803.111328 0.000000 0.564505 0.000000 0.825430 0.282547 0.282547 0.282547
5701.479492 0.000000 2809.658447 0.000000 0.638612 0.000000 0.769529 0.284512 0.284512 0.284512
5737.924805 0.000000 2815.627686 0.000000 0.992774 0.000000 0.119998 0.297703 0.297703 0.297703
5798.885742 0.000000 2811.895996 0.000000 0.756592 0.000000 0.653887 0.196858 0.196858 0.196858
5782.839355 0.000000 2818.299316 0.000000 0.991845 0.000000 0.127453 0.218226 0.218226 0.218226
5778.552246 0.000000 2821.885254 0.000000 0.905665 0.000000 -0.423993 0.244090 0.244090 0.244090
5775.254395 0.000000 2813.118408 0.000000 0.999497 0.000000 -0.031708 0.256689 0.256689 0.256689
5800.295898 0.000000 2802.997070 0.000000 0.938699 0.000000 0.344738 0.254710 0.254710 0.254710
5773.742676 0.000000 2813.954346 0.000000 0.504865 0.000000 0.863198 0.255544 0.255544 0.255544
5772.126465 0.000000 2812.674805 0.000000 0.050301 0.000000 0.998734 0.249013 0.249013 0.249013
5784.784180 0.000000 2818.948242 0.000000 0.798440 0.000000 0.602074 0.282704 0.282704 0.282704
5783.846680 0.000000 2814.197998 0.000000 0.320799 0.000000 0.947147 0.276423 0.276423 0.276423
5773.952148 0.000000 2817.069824 0.000000 0.841421 0.000000 -0.540380 0.310005 0.310005 0.310005
5776.068848 0.000000 2812.802490 0.000000 0.861551 0.000000 -0.507671 0.310170 0.310170 0.310170
5782.111816 0.000000 2814.885254 0.000000 0.814961 0.000000 0.579516 0.288287 0.288287 0.288287
5846.478516 0.000000 2815.640869 0.000000 0.872055 0.000000 0.489408 0.236790 0.236790 0.236790
5846.543945 0.000000 2811.821045 0.000000 0.929277 0.000000 0.369385 0.272634 0.272634 0.272634
5677.901367 0.000000 2825.173096 0.000000 0.207870 0.000000 0.978156 0.191231 0.191231 0.191231
5666.384277 0.000000 2872.488525 0.000000 0.946909 0.000000 0.321503 0.220856 0.220856 0.220856
5666.940430 0.000000 2834.305176 0.000000 0.145908 0.000000 0.989298 0.207044 0.207044 0.207044
5671.682617 0.000000 2872.469727 0.000000 0.507960 0.000000 0.861381 0.213427 0.213427 0.213427
5666.394043 0.000000 2836.911865 0.000000 0.170074 0.000000 0.985431 0.220442 0.220442 0.220442
5679.227539 0.000000 2825.738037 0.000000 0.512218 0.000000 0.858856 0.217533 0.217533 0.217533
5671.001953 0.000000 2874.538086 0.000000 0.338256 0.000000 0.941054 0.233035 0.233035 0.233035
5665.257812 0.000000 2877.236816 0.000000 0.090673 0.000000 0.995881 0.236841 0.236841 0.236841
5689.721191 0.000000 2878.338867 0.000000 0.786597 0.000000 0.617467 0.263784 0.263784 0.263784
5666.901367 0.000000 2875.622559 0.000000 0.856966 0.000000 -0.515374 0.303332 0.303332 0.303332
5670.047363 0.000000 2833.073242 0.000000 0.813172 0.000000 -0.582023 0.311329 0.311329 0.311329
5673.661621 0.000000 2833.458496 0.000000 0.941857 0.000000 -0.336015 0.306275 0.306275 0.306275
5672.414062 0.000000 2832.889160 0.000000 0.072193 0.000000 0.997391 0.272558 0.272558 0.272558
5697.867188 0.000000 2880.421875 0.000000 0.252230 0.000000 0.967667 0.213909 0.213909 0.213909
5733.203613 0.000000 2878.457031 0.000000 0.996675 0.000000 -0.081482 0.257297 0.257297 0.257297
5717.595215 0.000000 2855.386230 0.000000 0.999977 0.000000 -0.006849 0.256386 0.256386 0.256386
5730.901367 0.000000 2875.622559 0.000000 0.635362 0.000000 0.772214 0.259232 0.259232 0.259232
5696.013672 0.000000 2824.953613 0.000000 0.948711 0.000000 -0.316146 0.284004 0.284004 0.284004
5734.257812 0.000000 2876.782471 0.000000 0.008777 0.000000 0.999961 0.272039 0.272039 0.272039
5732.482910 0.000000 2876.742432 0.000000 0.819210 0.000000 -0.573494 0.310956 0.310956 0.310956
5715.048828 0.000000 2857.075195 0.000000 0.546266 0.000000 0.837612 0.281037 0.281037 0.281037
5735.334473 0.000000 2875.326660 0.000000 0.991730 0.000000 -0.128343 0.302400 0.302400 0.302400
5715.886719 0.000000 2857.641602 0.000000 0.066493 0.000000 0.997787 0.271271 0.271271 0.271271
5734.437012 0.000000 2875.135986 0.000000 0.552766 0.000000 0.833336 0.281628 0.281628 0.281628
5666.940430 0.000000 2890.789551 0.000000 0.843137 0.000000 0.537699 0.220812 0.220812 0.220812
5666.780762 0.000000 2892.373047 0.000000 0.964772 0.000000 -0.263089 0.263003 0.263003 0.263003
5695.628906 0.000000 2882.986328 0.000000 0.229184 0.000000 0.973383 0.274416 0.274416 0.274416
5694.413086 0.000000 2882.439209 0.000000 0.681668 0.000000 0.731662 0.284325 0.284325 0.284325
5702.297363 0.000000 2882.051270 0.000000 0.631117 0.000000 0.775687 0.194564 0.194564 0.194564
5698.305176 0.000000 2882.052979 0.000000 0.968330 0.000000 -0.249675 0.212345 0.212345 0.212345
5696.976074 0.000000 2881.223389 0.000000 0.237179 0.000000 0.971466 0.213766 0.213766 0.213766
5697.465820 0.000000 2885.262451 0.000000 0.791796 0.000000 0.610786 0.229453 0.229453 0.229453
5696.187500 0.000000 2883.360596 0.000000 0.903007 0.000000 0.429626 0.291519 0.291519 0.291519
5817.855957 0.000000 2833.040771 0.000000 0.988273 0.000000 -0.152695 0.236557 0.236557 0.236557
5785.165527 0.000000 2848.417480 0.000000 0.739536 0.000000 0.673117 0.232787 0.232787 0.232787
5784.600586 0.000000 2847.325195 0.000000 0.976874 0.000000 -0.213817 0.285313 0.285313 0.285313
5783.363770 0.000000 2826.145996 0.000000 0.788156 0.000000 0.615475 0.259149 0.259149 0.259149
5789.677246 0.000000 2842.808838 0.000000 0.838693 0.000000 -0.544604 0.291927 0.291927 0.291927
5820.557129 0.000000 2829.485596 0.000000 0.495725 0.000000 0.868480 0.281718 0.281718 0.281718
5785.337891 0.000000 2846.103027 0.000000 0.856751 0.000000 0.515730 0.273926 0.273926 0.273926
5821.303711 0.000000 2828.819824 0.000000 0.486145 0.000000 0.873878 0.281527 0.281527 0.281527
5839.571289 0.000000 2830.831299 0.000000 0.168311 0.000000 0.985734 0.196886 0.196886 0.196886
5841.982910 0.000000 2827.472412 0.000000 0.526427 0.000000 0.850221 0.204943 0.204943 0.204943
5840.782227 0.000000 2825.927734 0.000000 0.675009 0.000000 0.737810 0.214247 0.214247 0.214247
5838.473633 0.000000 2827.742676 0.000000 0.997529 0.000000 0.070260 0.237645 0.237645 0.237645
6398.998535 0.000000 2396.325439 0.000000 0.586251 0.000000 0.810129 0.200886 0.200886 0.200886
6398.440918 0.000000 2391.840820 0.000000 0.956846 0.000000 0.290594 0.294369 0.294369 0.294369
6399.634277 0.000000 2392.608887 0.000000 0.937619 0.000000 0.347665 0.293218 0.293218 0.293218
6396.613281 0.000000 2391.554199 0.000000 0.968723 0.000000 0.248143 0.295211 0.295211 0.295211
6399.339355 0.000000 2393.379395 0.000000 0.632829 0.000000 0.774292 0.283086 0.283086 0.283086
6404.395996 0.000000 2398.929443 0.000000 0.904478 0.000000 0.426519 0.227359 0.227359 0.227359
6402.951172 0.000000 2394.444580 0.000000 0.337476 0.000000 0.941334 0.246226 0.246226 0.246226
6403.346680 0.000000 2396.375977 0.000000 0.951324 0.000000 0.308193 0.294017 0.294017 0.294017
6400.658691 0.000000 2396.756104 0.000000 0.103917 0.000000 0.994586 0.271988 0.271988 0.271988
6403.656738 0.000000 2398.611816 0.000000 0.196917 0.000000 0.980420 0.273786 0.273786 0.273786
6403.207520 0.000000 2397.941406 0.000000 0.619087 0.000000 0.785322 0.282750 0.282750 0.282750
"}
object={
	name="cypress_mediterranean_dense_generator_3_1"
	clamp_to_water_level=no
	render_under_water=no
	generated_content=yes
	layer="semidynamic_high"
	pdxmesh="tree_cypress_mediterranean_01_mesh"
	count=716
	transform="1965.223145 0.000000 2371.945557 0.000000 0.756421 0.000000 -0.654085 0.269813 0.269813 0.269813
1964.171021 0.000000 2371.123291 0.000000 0.752047 0.000000 -0.659110 0.269897 0.269897 0.269897
2010.281006 0.000000 2359.705811 0.000000 0.731377 0.000000 -0.681973 0.207334 0.207334 0.207334
1999.150513 0.000000 2369.470459 0.000000 0.584928 0.000000 -0.811085 0.222029 0.222029 0.222029
2008.941406 0.000000 2366.087158 0.000000 0.198527 0.000000 -0.980095 0.234293 0.234293 0.234293
2004.010742 0.000000 2360.068604 0.000000 0.288358 0.000000 -0.957523 0.237220 0.237220 0.237220
2001.260742 0.000000 2358.423584 0.000000 0.440345 0.000000 -0.897828 0.228327 0.228327 0.228327
2009.614136 0.000000 2367.594971 0.000000 0.410805 0.000000 -0.911723 0.232310 0.232310 0.232310
1992.996094 0.000000 2367.078369 0.000000 0.718047 0.000000 -0.695994 0.256618 0.256618 0.256618
2002.752686 0.000000 2362.213623 0.000000 0.686433 0.000000 -0.727193 0.245622 0.245622 0.245622
1999.678223 0.000000 2352.276611 0.000000 0.199154 0.000000 -0.979968 0.255780 0.255780 0.255780
1990.432007 0.000000 2361.751953 0.000000 0.791825 0.000000 -0.610748 0.267306 0.267306 0.267306
2003.857544 0.000000 2356.055908 0.000000 0.429518 0.000000 -0.903058 0.282596 0.282596 0.282596
1994.263916 0.000000 2366.571533 0.000000 0.144235 0.000000 -0.989543 0.276263 0.276263 0.276263
1996.609009 0.000000 2363.871094 0.000000 0.366524 0.000000 -0.930409 0.280349 0.280349 0.280349
1995.038818 0.000000 2360.868652 0.000000 0.034888 0.000000 -0.999391 0.303185 0.303185 0.303185
1992.207031 0.000000 2361.425537 0.000000 0.074989 0.000000 -0.997184 0.304561 0.304561 0.304561
2002.337158 0.000000 2354.721680 0.000000 0.628454 0.000000 -0.777847 0.310967 0.310967 0.310967
2005.347046 0.000000 2355.569580 0.000000 0.060886 0.000000 -0.998145 0.326631 0.326631 0.326631
1961.396362 0.000000 2386.102539 0.000000 0.780396 0.000000 -0.625285 0.204435 0.204435 0.204435
1962.374146 0.000000 2384.988525 0.000000 0.010642 0.000000 -0.999943 0.250069 0.250069 0.250069
1966.835327 0.000000 2376.394287 0.000000 0.019435 0.000000 -0.999811 0.259647 0.259647 0.259647
1964.792847 0.000000 2373.922607 0.000000 0.595820 0.000000 -0.803118 0.286794 0.286794 0.286794
1968.014771 0.000000 2376.252686 0.000000 0.549548 0.000000 -0.835462 0.274547 0.274547 0.274547
1960.114258 0.000000 2382.870850 0.000000 0.506207 0.000000 -0.862412 0.297709 0.297709 0.297709
2018.074463 0.000000 2377.863525 0.000000 0.252782 0.000000 -0.967523 0.208537 0.208537 0.208537
2018.040283 0.000000 2390.648682 0.000000 0.147671 0.000000 -0.989037 0.209589 0.209589 0.209589
1993.114258 0.000000 2402.457520 0.000000 0.659113 0.000000 -0.752044 0.219449 0.219449 0.219449
2016.356323 0.000000 2384.710693 0.000000 0.306360 0.000000 -0.951916 0.228945 0.228945 0.228945
1991.860718 0.000000 2405.683838 0.000000 0.638411 0.000000 -0.769696 0.252363 0.252363 0.252363
2019.450684 0.000000 2381.004395 0.000000 0.581942 0.000000 -0.813230 0.246403 0.246403 0.246403
2021.055908 0.000000 2385.786865 0.000000 0.041001 0.000000 -0.999159 0.268461 0.268461 0.268461
1953.638062 0.000000 2475.596680 0.000000 0.658886 0.000000 -0.752243 0.205654 0.205654 0.205654
1956.916992 0.000000 2480.569336 0.000000 0.113699 0.000000 -0.993515 0.235055 0.235055 0.235055
1953.938477 0.000000 2479.716553 0.000000 0.581222 0.000000 -0.813745 0.230563 0.230563 0.230563
1974.014893 0.000000 2434.348145 0.000000 0.233174 0.000000 -0.972435 0.241517 0.241517 0.241517
1973.175537 0.000000 2436.452881 0.000000 0.493706 0.000000 -0.869629 0.291018 0.291018 0.291018
1973.633179 0.000000 2438.437744 0.000000 0.166399 0.000000 -0.986059 0.316902 0.316902 0.316902
1971.587280 0.000000 2436.475098 0.000000 0.443629 0.000000 -0.896211 0.299411 0.299411 0.299411
2011.974365 0.000000 2460.557617 0.000000 0.334654 0.000000 -0.942341 0.208073 0.208073 0.208073
2020.193237 0.000000 2436.287109 0.000000 0.531286 0.000000 -0.847193 0.207040 0.207040 0.207040
1999.784668 0.000000 2470.650879 0.000000 0.655339 0.000000 -0.755335 0.212885 0.212885 0.212885
2001.633179 0.000000 2477.656982 0.000000 0.705741 0.000000 -0.708470 0.229115 0.229115 0.229115
2004.371582 0.000000 2465.366211 0.000000 0.240604 0.000000 -0.970623 0.233910 0.233910 0.233910
2005.358154 0.000000 2452.720703 0.000000 0.532441 0.000000 -0.846467 0.239037 0.239037 0.239037
2016.142334 0.000000 2442.546143 0.000000 0.322564 0.000000 -0.946548 0.258190 0.258190 0.258190
2015.150879 0.000000 2437.529053 0.000000 0.720358 0.000000 -0.693603 0.277163 0.277163 0.277163
2003.938843 0.000000 2456.542480 0.000000 0.239806 0.000000 -0.970821 0.300109 0.300109 0.300109
2008.848267 0.000000 2456.366699 0.000000 0.733400 0.000000 -0.679798 0.308565 0.308565 0.308565
2009.615845 0.000000 2457.522949 0.000000 0.667508 0.000000 -0.744603 0.310110 0.310110 0.310110
2005.157227 0.000000 2457.787109 0.000000 0.417838 0.000000 -0.908522 0.320188 0.320188 0.320188
1719.879395 0.000000 2528.507324 0.000000 0.607385 0.000000 -0.794408 0.206417 0.206417 0.206417
1725.962402 0.000000 2531.100586 0.000000 0.589240 0.000000 -0.807958 0.230475 0.230475 0.230475
1763.805054 0.000000 2504.226807 0.000000 0.396140 0.000000 -0.918190 0.229980 0.229980 0.229980
1782.093628 0.000000 2509.579834 0.000000 0.670234 0.000000 -0.742150 0.219930 0.219930 0.219930
1757.381714 0.000000 2515.907715 0.000000 0.080370 0.000000 -0.996765 0.231547 0.231547 0.231547
1755.705688 0.000000 2525.351318 0.000000 0.572685 0.000000 -0.819776 0.230656 0.230656 0.230656
1755.981201 0.000000 2529.254150 0.000000 0.774048 0.000000 -0.633126 0.228212 0.228212 0.228212
1733.391968 0.000000 2535.052246 0.000000 0.070386 0.000000 -0.997520 0.234171 0.234171 0.234171
1782.872070 0.000000 2505.697754 0.000000 0.117417 0.000000 -0.993083 0.257943 0.257943 0.257943
1760.286133 0.000000 2510.190674 0.000000 0.236864 0.000000 -0.971543 0.259171 0.259171 0.259171
1780.518799 0.000000 2504.393799 0.000000 0.330505 0.000000 -0.943804 0.265658 0.265658 0.265658
1761.384155 0.000000 2510.735840 0.000000 0.665277 0.000000 -0.746596 0.253801 0.253801 0.253801
1755.330688 0.000000 2513.502197 0.000000 0.735236 0.000000 -0.677811 0.294488 0.294488 0.294488
1755.299316 0.000000 2508.861816 0.000000 0.496101 0.000000 -0.868265 0.320086 0.320086 0.320086
1756.105835 0.000000 2506.248779 0.000000 0.610629 0.000000 -0.791916 0.317455 0.317455 0.317455
1709.601929 0.000000 2581.721924 0.000000 0.541646 0.000000 -0.840607 0.209714 0.209714 0.209714
1712.863892 0.000000 2586.272949 0.000000 0.040744 0.000000 -0.999170 0.229981 0.229981 0.229981
1711.125977 0.000000 2580.714111 0.000000 0.574590 0.000000 -0.818441 0.219708 0.219708 0.219708
1717.498657 0.000000 2579.273193 0.000000 0.259517 0.000000 -0.965739 0.227488 0.227488 0.227488
1712.909302 0.000000 2584.843994 0.000000 0.744296 0.000000 -0.667850 0.244770 0.244770 0.244770
1716.552002 0.000000 2582.925293 0.000000 0.236636 0.000000 -0.971598 0.272538 0.272538 0.272538
1724.154541 0.000000 2581.896729 0.000000 0.392458 0.000000 -0.919770 0.270534 0.270534 0.270534
1725.826050 0.000000 2583.516602 0.000000 0.220053 0.000000 -0.975488 0.275304 0.275304 0.275304
1723.585693 0.000000 2578.354736 0.000000 0.169180 0.000000 -0.985585 0.275949 0.275949 0.275949
1727.198486 0.000000 2582.309326 0.000000 0.468092 0.000000 -0.883680 0.272008 0.272008 0.272008
1724.028442 0.000000 2580.580078 0.000000 0.280562 0.000000 -0.959836 0.271983 0.271983 0.271983
1783.474731 0.000000 2546.867432 0.000000 0.100798 0.000000 -0.994907 0.213738 0.213738 0.213738
1752.196777 0.000000 2548.064941 0.000000 0.074003 0.000000 -0.997258 0.216447 0.216447 0.216447
1747.108398 0.000000 2551.773926 0.000000 0.485010 0.000000 -0.874509 0.220553 0.220553 0.220553
1757.993286 0.000000 2556.594727 0.000000 0.185094 0.000000 -0.982721 0.222487 0.222487 0.222487
1743.572021 0.000000 2573.396729 0.000000 0.726008 0.000000 -0.687687 0.228857 0.228857 0.228857
1773.450073 0.000000 2544.316406 0.000000 0.543750 0.000000 -0.839247 0.230965 0.230965 0.230965
1747.123779 0.000000 2564.486084 0.000000 0.788167 0.000000 -0.615461 0.231574 0.231574 0.231574
1741.914429 0.000000 2560.040039 0.000000 0.571292 0.000000 -0.820747 0.238592 0.238592 0.238592
1747.060669 0.000000 2569.007568 0.000000 0.297975 0.000000 -0.954574 0.253433 0.253433 0.253433
1728.003906 0.000000 2583.876709 0.000000 0.136731 0.000000 -0.990608 0.253901 0.253901 0.253901
1729.161133 0.000000 2581.076904 0.000000 0.714038 0.000000 -0.700107 0.253060 0.253060 0.253060
1745.638672 0.000000 2566.798584 0.000000 0.099834 0.000000 -0.995004 0.276818 0.276818 0.276818
1745.163452 0.000000 2562.217529 0.000000 0.607947 0.000000 -0.793978 0.255230 0.255230 0.255230
1826.384521 0.000000 2533.582275 0.000000 0.440310 0.000000 -0.897846 0.228942 0.228942 0.228942
1829.444458 0.000000 2528.744141 0.000000 0.713663 0.000000 -0.700490 0.259711 0.259711 0.259711
1827.721069 0.000000 2530.510498 0.000000 0.169437 0.000000 -0.985541 0.275945 0.275945 0.275945
1823.471680 0.000000 2530.594727 0.000000 0.579925 0.000000 -0.814670 0.274076 0.274076 0.274076
1821.472900 0.000000 2527.488281 0.000000 0.679667 0.000000 -0.733520 0.287709 0.287709 0.287709
1906.278564 0.000000 2516.021484 0.000000 0.051167 0.000000 -0.998690 0.210395 0.210395 0.210395
1805.333862 0.000000 2546.126221 0.000000 0.035884 0.000000 -0.999356 0.210116 0.210116 0.210116
1834.157837 0.000000 2564.633057 0.000000 0.161956 0.000000 -0.986798 0.209316 0.209316 0.209316
1835.550903 0.000000 2548.596680 0.000000 0.671002 0.000000 -0.741455 0.205734 0.205734 0.205734
1847.474731 0.000000 2546.867432 0.000000 0.791412 0.000000 -0.611284 0.207850 0.207850 0.207850
1840.601685 0.000000 2546.639160 0.000000 0.626841 0.000000 -0.779147 0.214368 0.214368 0.214368
1797.852539 0.000000 2564.642334 0.000000 0.177728 0.000000 -0.984080 0.220669 0.220669 0.220669
1841.878906 0.000000 2554.140869 0.000000 0.614250 0.000000 -0.789112 0.218107 0.218107 0.218107
1803.004761 0.000000 2567.616943 0.000000 0.430223 0.000000 -0.902723 0.232120 0.232120 0.232120
1814.760498 0.000000 2551.001221 0.000000 0.789003 0.000000 -0.614390 0.220885 0.220885 0.220885
1831.927368 0.000000 2554.970947 0.000000 0.279610 0.000000 -0.960114 0.233552 0.233552 0.233552
1849.855957 0.000000 2550.618896 0.000000 0.478918 0.000000 -0.877860 0.244560 0.244560 0.244560
1829.055908 0.000000 2555.239990 0.000000 0.764784 0.000000 -0.644286 0.243852 0.243852 0.243852
1852.005859 0.000000 2550.063965 0.000000 0.448720 0.000000 -0.893672 0.264158 0.264158 0.264158
1853.796997 0.000000 2561.955078 0.000000 0.797426 0.000000 -0.603416 0.282787 0.282787 0.282787
1848.222168 0.000000 2556.501465 0.000000 0.081579 0.000000 -0.996667 0.318307 0.318307 0.318307
1849.677246 0.000000 2555.803955 0.000000 0.459137 0.000000 -0.888365 0.316892 0.316892 0.316892
1854.436768 0.000000 2553.184814 0.000000 0.293927 0.000000 -0.955828 0.322015 0.322015 0.322015
1853.041870 0.000000 2552.122803 0.000000 0.730285 0.000000 -0.683143 0.313434 0.313434 0.313434
1852.958618 0.000000 2553.015869 0.000000 0.129345 0.000000 -0.991600 0.325742 0.325742 0.325742
1850.057739 0.000000 2557.404785 0.000000 0.357545 0.000000 -0.933896 0.323017 0.323017 0.323017
1865.306274 0.000000 2567.471436 0.000000 0.329420 0.000000 -0.944183 0.216971 0.216971 0.216971
1881.662842 0.000000 2564.592285 0.000000 0.614973 0.000000 -0.788548 0.232007 0.232007 0.232007
1912.681396 0.000000 2547.058594 0.000000 0.533163 0.000000 -0.846012 0.255004 0.255004 0.255004
1862.064331 0.000000 2565.971680 0.000000 0.747416 0.000000 -0.664357 0.266366 0.266366 0.266366
1856.271973 0.000000 2562.752197 0.000000 0.000822 0.000000 -1.000000 0.286560 0.286560 0.286560
1860.218140 0.000000 2559.228027 0.000000 0.666331 0.000000 -0.745656 0.279999 0.279999 0.279999
1856.950073 0.000000 2552.879639 0.000000 0.603878 0.000000 -0.797077 0.299665 0.299665 0.299665
1863.262573 0.000000 2558.267090 0.000000 0.038349 0.000000 -0.999264 0.297866 0.297866 0.297866
1861.572266 0.000000 2560.291504 0.000000 0.758108 0.000000 -0.652129 0.295180 0.295180 0.295180
1860.447144 0.000000 2555.142822 0.000000 0.742281 0.000000 -0.670089 0.304684 0.304684 0.304684
1857.715942 0.000000 2556.287109 0.000000 0.359299 0.000000 -0.933222 0.322981 0.322981 0.322981
1923.856934 0.000000 2535.384521 0.000000 0.466754 0.000000 -0.884387 0.207234 0.207234 0.207234
1933.152710 0.000000 2530.543457 0.000000 0.630522 0.000000 -0.776172 0.206034 0.206034 0.206034
1983.211670 0.000000 2496.144287 0.000000 0.130836 0.000000 -0.991404 0.218529 0.218529 0.218529
1973.193481 0.000000 2524.647461 0.000000 0.633738 0.000000 -0.773548 0.222731 0.222731 0.222731
1972.105469 0.000000 2527.703369 0.000000 0.740783 0.000000 -0.671744 0.221506 0.221506 0.221506
1950.427490 0.000000 2523.599609 0.000000 0.597511 0.000000 -0.801861 0.224928 0.224928 0.224928
1947.848511 0.000000 2538.971680 0.000000 0.802169 0.000000 -0.597097 0.227806 0.227806 0.227806
1942.371582 0.000000 2538.138428 0.000000 0.743946 0.000000 -0.668240 0.224447 0.224447 0.224447
1952.125000 0.000000 2494.454590 0.000000 0.451705 0.000000 -0.892167 0.231908 0.231908 0.231908
1974.766602 0.000000 2529.913086 0.000000 0.324667 0.000000 -0.945828 0.233132 0.233132 0.233132
1931.124878 0.000000 2504.569092 0.000000 0.116632 0.000000 -0.993175 0.246457 0.246457 0.246457
1990.113892 0.000000 2524.270996 0.000000 0.580042 0.000000 -0.814586 0.206489 0.206489 0.206489
1999.571045 0.000000 2491.925049 0.000000 0.708825 0.000000 -0.705385 0.206971 0.206971 0.206971
1998.936279 0.000000 2531.884521 0.000000 0.315552 0.000000 -0.948908 0.220177 0.220177 0.220177
2022.302734 0.000000 2498.379150 0.000000 0.321294 0.000000 -0.946979 0.218273 0.218273 0.218273
2028.434570 0.000000 2497.091309 0.000000 0.462556 0.000000 -0.886590 0.220757 0.220757 0.220757
2023.873657 0.000000 2522.100098 0.000000 0.571785 0.000000 -0.820404 0.225195 0.225195 0.225195
2014.270752 0.000000 2494.589355 0.000000 0.653445 0.000000 -0.756974 0.220111 0.220111 0.220111
1999.876343 0.000000 2493.760742 0.000000 0.431367 0.000000 -0.902176 0.232109 0.232109 0.232109
2016.706299 0.000000 2489.461670 0.000000 0.193808 0.000000 -0.981040 0.234336 0.234336 0.234336
2009.702271 0.000000 2510.754639 0.000000 0.807564 0.000000 -0.589779 0.236020 0.236020 0.236020
1990.216797 0.000000 2532.544434 0.000000 0.722592 0.000000 -0.691275 0.234292 0.234292 0.234292
2003.159302 0.000000 2505.531982 0.000000 0.474986 0.000000 -0.879993 0.240904 0.240904 0.240904
2020.710693 0.000000 2534.809082 0.000000 0.017661 0.000000 -0.999844 0.235910 0.235910 0.235910
2016.008667 0.000000 2535.796875 0.000000 0.482526 0.000000 -0.875882 0.231599 0.231599 0.231599
1984.942993 0.000000 2488.461914 0.000000 0.654523 0.000000 -0.756042 0.230338 0.230338 0.230338
1997.933594 0.000000 2491.181396 0.000000 0.715521 0.000000 -0.698592 0.229590 0.229590 0.229590
1984.065918 0.000000 2491.349854 0.000000 0.131198 0.000000 -0.991356 0.244407 0.244407 0.244407
2010.409058 0.000000 2498.168945 0.000000 0.065426 0.000000 -0.997857 0.268824 0.268824 0.268824
1986.810181 0.000000 2491.752930 0.000000 0.740678 0.000000 -0.671860 0.247226 0.247226 0.247226
2004.287598 0.000000 2505.977295 0.000000 0.484420 0.000000 -0.874836 0.284273 0.284273 0.284273
1993.356812 0.000000 2492.926025 0.000000 0.676111 0.000000 -0.736800 0.265791 0.265791 0.265791
1993.447998 0.000000 2498.430420 0.000000 0.114759 0.000000 -0.993393 0.282458 0.282458 0.282458
2005.764893 0.000000 2505.016602 0.000000 0.257453 0.000000 -0.966291 0.287618 0.287618 0.287618
1992.004517 0.000000 2497.136719 0.000000 0.070555 0.000000 -0.997508 0.278482 0.278482 0.278482
1989.718872 0.000000 2499.824463 0.000000 0.084495 0.000000 -0.996424 0.281552 0.281552 0.281552
2015.581055 0.000000 2508.030762 0.000000 0.712915 0.000000 -0.701250 0.271232 0.271232 0.271232
2013.716675 0.000000 2508.079590 0.000000 0.787310 0.000000 -0.616558 0.302334 0.302334 0.302334
2007.111816 0.000000 2503.388916 0.000000 0.703715 0.000000 -0.710483 0.314529 0.314529 0.314529
2009.845581 0.000000 2502.414795 0.000000 0.762934 0.000000 -0.646476 0.312636 0.312636 0.312636
2008.740356 0.000000 2503.545410 0.000000 0.370307 0.000000 -0.928910 0.321417 0.321417 0.321417
2011.438477 0.000000 2509.703369 0.000000 0.278930 0.000000 -0.960311 0.323251 0.323251 0.323251
2009.355469 0.000000 2504.086670 0.000000 0.067887 0.000000 -0.997693 0.328140 0.328140 0.328140
2007.968506 0.000000 2504.822510 0.000000 0.010707 0.000000 -0.999943 0.328627 0.328627 0.328627
2034.737793 0.000000 2575.294434 0.000000 0.265362 0.000000 -0.964149 0.221210 0.221210 0.221210
2016.666016 0.000000 2542.435791 0.000000 0.135417 0.000000 -0.990789 0.229811 0.229811 0.229811
2039.086548 0.000000 2578.413086 0.000000 0.625275 0.000000 -0.780405 0.230073 0.230073 0.230073
2011.848511 0.000000 2595.456055 0.000000 0.300779 0.000000 -0.953694 0.224642 0.224642 0.224642
2020.465698 0.000000 2543.582764 0.000000 0.522172 0.000000 -0.852840 0.228747 0.228747 0.228747
1915.875732 0.000000 2612.487549 0.000000 0.774858 0.000000 -0.632135 0.204544 0.204544 0.204544
1913.096802 0.000000 2632.346191 0.000000 0.564386 0.000000 -0.825511 0.230745 0.230745 0.230745
1910.224854 0.000000 2613.459961 0.000000 0.069702 0.000000 -0.997568 0.235447 0.235447 0.235447
1917.407227 0.000000 2635.664795 0.000000 0.029607 0.000000 -0.999562 0.235166 0.235166 0.235166
1906.026733 0.000000 2634.365479 0.000000 0.195144 0.000000 -0.980775 0.245046 0.245046 0.245046
1906.837158 0.000000 2639.957520 0.000000 0.265834 0.000000 -0.964019 0.248112 0.248112 0.248112
1913.594482 0.000000 2644.099121 0.000000 0.688159 0.000000 -0.725560 0.247410 0.247410 0.247410
1906.095459 0.000000 2638.618164 0.000000 0.220243 0.000000 -0.975445 0.248585 0.248585 0.248585
1910.485107 0.000000 2637.984131 0.000000 0.152511 0.000000 -0.988302 0.269085 0.269085 0.269085
1908.552002 0.000000 2639.409668 0.000000 0.432542 0.000000 -0.901614 0.262495 0.262495 0.262495
1907.779053 0.000000 2643.861816 0.000000 0.740103 0.000000 -0.672494 0.250840 0.250840 0.250840
1913.517212 0.000000 2635.184570 0.000000 0.407279 0.000000 -0.913304 0.271592 0.271592 0.271592
1910.006836 0.000000 2634.792969 0.000000 0.717211 0.000000 -0.696856 0.271154 0.271154 0.271154
1908.822632 0.000000 2645.698975 0.000000 0.223635 0.000000 -0.974673 0.282308 0.282308 0.282308
1882.548950 0.000000 2696.078613 0.000000 0.072690 0.000000 -0.997355 0.209873 0.209873 0.209873
1896.581299 0.000000 2685.030029 0.000000 0.626520 0.000000 -0.779405 0.213769 0.213769 0.213769
1888.249146 0.000000 2683.141357 0.000000 0.345196 0.000000 -0.938531 0.221166 0.221166 0.221166
1885.530396 0.000000 2708.938965 0.000000 0.680501 0.000000 -0.732747 0.225819 0.225819 0.225819
1896.327271 0.000000 2677.037598 0.000000 0.753401 0.000000 -0.657561 0.227304 0.227304 0.227304
1888.356323 0.000000 2667.132568 0.000000 0.357540 0.000000 -0.933898 0.234064 0.234064 0.234064
1885.867188 0.000000 2675.623291 0.000000 0.594552 0.000000 -0.804057 0.252355 0.252355 0.252355
1891.433105 0.000000 2676.499023 0.000000 0.480393 0.000000 -0.877053 0.266229 0.266229 0.266229
1892.053589 0.000000 2680.807861 0.000000 0.658895 0.000000 -0.752235 0.290568 0.290568 0.290568
1886.298584 0.000000 2678.821289 0.000000 0.803261 0.000000 -0.595628 0.267667 0.267667 0.267667
1895.511108 0.000000 2679.650391 0.000000 0.047056 0.000000 -0.998892 0.289218 0.289218 0.289218
1886.083984 0.000000 2672.048096 0.000000 0.122148 0.000000 -0.992512 0.290800 0.290800 0.290800
1894.142700 0.000000 2678.857178 0.000000 0.620051 0.000000 -0.784561 0.280816 0.280816 0.280816
1973.008667 0.000000 2642.503174 0.000000 0.117550 0.000000 -0.993067 0.210012 0.210012 0.210012
1947.115234 0.000000 2627.564941 0.000000 0.801540 0.000000 -0.597941 0.204480 0.204480 0.204480
1969.077515 0.000000 2630.669189 0.000000 0.555721 0.000000 -0.831369 0.219284 0.219284 0.219284
1969.177856 0.000000 2639.894531 0.000000 0.068206 0.000000 -0.997671 0.231651 0.231651 0.231651
1962.572388 0.000000 2647.860107 0.000000 0.396282 0.000000 -0.918129 0.223808 0.223808 0.223808
1971.333496 0.000000 2642.688965 0.000000 0.066075 0.000000 -0.997815 0.236751 0.236751 0.236751
1968.299683 0.000000 2634.427734 0.000000 0.507173 0.000000 -0.861844 0.235023 0.235023 0.235023
1957.460205 0.000000 2629.616455 0.000000 0.431979 0.000000 -0.901883 0.232103 0.232103 0.232103
1924.025513 0.000000 2602.506592 0.000000 0.762319 0.000000 -0.647201 0.239707 0.239707 0.239707
1960.266113 0.000000 2627.044678 0.000000 0.460766 0.000000 -0.887522 0.233663 0.233663 0.233663
1967.751465 0.000000 2635.841309 0.000000 0.082001 0.000000 -0.996632 0.248076 0.248076 0.248076
1959.991211 0.000000 2631.172852 0.000000 0.249993 0.000000 -0.968248 0.253959 0.253959 0.253959
1928.166748 0.000000 2603.865967 0.000000 0.804372 0.000000 -0.594127 0.241415 0.241415 0.241415
1936.534668 0.000000 2612.109131 0.000000 0.447026 0.000000 -0.894521 0.257329 0.257329 0.257329
1939.482422 0.000000 2623.971191 0.000000 0.511613 0.000000 -0.859216 0.240498 0.240498 0.240498
1925.603882 0.000000 2603.880371 0.000000 0.276908 0.000000 -0.960896 0.245482 0.245482 0.245482
1950.441772 0.000000 2610.245361 0.000000 0.194393 0.000000 -0.980924 0.259649 0.259649 0.259649
1942.552368 0.000000 2622.529541 0.000000 0.136150 0.000000 -0.990688 0.280238 0.280238 0.280238
1940.351074 0.000000 2621.345703 0.000000 0.032212 0.000000 -0.999481 0.278312 0.278312 0.278312
1939.024048 0.000000 2612.535645 0.000000 0.545202 0.000000 -0.838305 0.268421 0.268421 0.268421
1966.152832 0.000000 2632.173584 0.000000 0.284158 0.000000 -0.958777 0.266860 0.266860 0.266860
1965.685181 0.000000 2634.500977 0.000000 0.029025 0.000000 -0.999579 0.262127 0.262127 0.262127
1940.287598 0.000000 2618.946045 0.000000 0.561534 0.000000 -0.827454 0.273125 0.273125 0.273125
1966.064453 0.000000 2643.304199 0.000000 0.496851 0.000000 -0.867836 0.287207 0.287207 0.287207
1946.844604 0.000000 2623.605957 0.000000 0.388654 0.000000 -0.921384 0.280036 0.280036 0.280036
1944.134033 0.000000 2614.746582 0.000000 0.701734 0.000000 -0.712439 0.287882 0.287882 0.287882
1961.350952 0.000000 2637.020264 0.000000 0.699369 0.000000 -0.714761 0.269652 0.269652 0.269652
1932.104858 0.000000 2609.676758 0.000000 0.736786 0.000000 -0.676126 0.274421 0.274421 0.274421
1933.643799 0.000000 2608.169922 0.000000 0.217365 0.000000 -0.976090 0.282392 0.282392 0.282392
1967.026245 0.000000 2644.881348 0.000000 0.674240 0.000000 -0.738512 0.290268 0.290268 0.290268
1946.669189 0.000000 2621.298096 0.000000 0.591300 0.000000 -0.806452 0.281923 0.281923 0.281923
1945.338013 0.000000 2620.165527 0.000000 0.048663 0.000000 -0.998815 0.306936 0.306936 0.306936
1964.897827 0.000000 2645.175293 0.000000 0.238064 0.000000 -0.971249 0.306608 0.306608 0.306608
2017.651611 0.000000 2634.478760 0.000000 0.740580 0.000000 -0.671969 0.210799 0.210799 0.210799
1988.650269 0.000000 2636.057373 0.000000 0.054822 0.000000 -0.998496 0.235580 0.235580 0.235580
2029.534546 0.000000 2633.302734 0.000000 0.405039 0.000000 -0.914299 0.247246 0.247246 0.247246
1993.653320 0.000000 2654.661133 0.000000 0.741087 0.000000 -0.671409 0.260452 0.260452 0.260452
1986.932251 0.000000 2651.425293 0.000000 0.320950 0.000000 -0.947096 0.289264 0.289264 0.289264
1988.919067 0.000000 2653.161377 0.000000 0.248546 0.000000 -0.968620 0.310977 0.310977 0.310977
1962.622314 0.000000 2708.790771 0.000000 0.655745 0.000000 -0.754983 0.205896 0.205896 0.205896
1967.961792 0.000000 2710.025635 0.000000 0.528387 0.000000 -0.849004 0.208616 0.208616 0.208616
1971.473267 0.000000 2695.143555 0.000000 0.306990 0.000000 -0.951713 0.209740 0.209740 0.209740
1977.397339 0.000000 2692.916016 0.000000 0.608691 0.000000 -0.793408 0.207920 0.207920 0.207920
1964.435303 0.000000 2690.740723 0.000000 0.167962 0.000000 -0.985794 0.216993 0.216993 0.216993
1960.273193 0.000000 2704.981201 0.000000 0.315271 0.000000 -0.949002 0.221418 0.221418 0.221418
1970.737793 0.000000 2688.263184 0.000000 0.027641 0.000000 -0.999618 0.223747 0.223747 0.223747
1963.631348 0.000000 2698.315430 0.000000 0.620471 0.000000 -0.784229 0.219251 0.219251 0.219251
1962.572388 0.000000 2704.344482 0.000000 0.506615 0.000000 -0.862173 0.231353 0.231353 0.231353
1973.498657 0.000000 2692.241943 0.000000 0.004699 0.000000 -0.999989 0.236025 0.236025 0.236025
1971.333496 0.000000 2699.173340 0.000000 0.448233 0.000000 -0.893917 0.238107 0.238107 0.238107
1969.522705 0.000000 2709.437500 0.000000 0.086448 0.000000 -0.996256 0.235298 0.235298 0.235298
1981.962402 0.000000 2700.553711 0.000000 0.749192 0.000000 -0.662353 0.227956 0.227956 0.227956
1979.144043 0.000000 2706.955322 0.000000 0.776466 0.000000 -0.630159 0.230556 0.230556 0.230556
1970.026733 0.000000 2690.849854 0.000000 0.753106 0.000000 -0.657900 0.228500 0.228500 0.228500
1976.531372 0.000000 2710.226562 0.000000 0.318988 0.000000 -0.947759 0.233186 0.233186 0.233186
1965.060913 0.000000 2703.708496 0.000000 0.330349 0.000000 -0.943859 0.253073 0.253073 0.253073
1967.452637 0.000000 2704.744873 0.000000 0.726582 0.000000 -0.687080 0.234837 0.234837 0.234837
1964.225342 0.000000 2701.000000 0.000000 0.535882 0.000000 -0.844293 0.245129 0.245129 0.245129
1973.717285 0.000000 2700.248047 0.000000 0.552392 0.000000 -0.833584 0.258446 0.258446 0.258446
1971.779053 0.000000 2700.346191 0.000000 0.628126 0.000000 -0.778112 0.270236 0.270236 0.270236
1969.451660 0.000000 2700.460693 0.000000 0.200128 0.000000 -0.979770 0.278124 0.278124 0.278124
1972.205933 0.000000 2704.083008 0.000000 0.717386 0.000000 -0.696676 0.308341 0.308341 0.308341
2032.887695 0.000000 2679.641113 0.000000 0.348426 0.000000 -0.937336 0.208220 0.208220 0.208220
1990.927612 0.000000 2661.113037 0.000000 0.441043 0.000000 -0.897486 0.209327 0.209327 0.209327
2014.946777 0.000000 2668.004639 0.000000 0.025143 0.000000 -0.999684 0.219337 0.219337 0.219337
1984.013672 0.000000 2659.288330 0.000000 0.784353 0.000000 -0.620315 0.215026 0.215026 0.215026
1996.231934 0.000000 2657.602051 0.000000 0.752357 0.000000 -0.658755 0.228510 0.228510 0.228510
2025.985107 0.000000 2675.702148 0.000000 0.073262 0.000000 -0.997313 0.230340 0.230340 0.230340
2011.705688 0.000000 2694.804443 0.000000 0.723696 0.000000 -0.690119 0.228887 0.228887 0.228887
2016.356323 0.000000 2667.132568 0.000000 0.104843 0.000000 -0.994489 0.235134 0.235134 0.235134
1988.025513 0.000000 2658.990967 0.000000 0.555958 0.000000 -0.831210 0.232055 0.232055 0.232055
2025.913086 0.000000 2672.160400 0.000000 0.530393 0.000000 -0.847752 0.231106 0.231106 0.231106
1984.942993 0.000000 2657.915039 0.000000 0.647532 0.000000 -0.762039 0.237069 0.237069 0.237069
1990.787476 0.000000 2659.657227 0.000000 0.665796 0.000000 -0.746134 0.237443 0.237443 0.237443
1993.044312 0.000000 2657.967041 0.000000 0.573665 0.000000 -0.819090 0.255699 0.255699 0.255699
2017.146729 0.000000 2702.698975 0.000000 0.589856 0.000000 -0.807509 0.269606 0.269606 0.269606
2021.444458 0.000000 2698.197266 0.000000 0.801307 0.000000 -0.598253 0.252777 0.252777 0.252777
2019.721069 0.000000 2699.963623 0.000000 0.426157 0.000000 -0.904649 0.261328 0.261328 0.261328
2019.081421 0.000000 2698.096436 0.000000 0.410041 0.000000 -0.912067 0.261530 0.261530 0.261530
2018.259399 0.000000 2700.743896 0.000000 0.680508 0.000000 -0.732741 0.278518 0.278518 0.278518
1898.581665 0.000000 2730.054932 0.000000 0.308725 0.000000 -0.951151 0.208065 0.208065 0.208065
1878.346924 0.000000 2733.893555 0.000000 0.644642 0.000000 -0.764485 0.220205 0.220205 0.220205
1896.327271 0.000000 2733.521973 0.000000 0.517586 0.000000 -0.855631 0.222690 0.222690 0.222690
1897.028320 0.000000 2737.956787 0.000000 0.079881 0.000000 -0.996804 0.235357 0.235357 0.235357
1895.139160 0.000000 2734.977783 0.000000 0.079352 0.000000 -0.996847 0.235362 0.235362 0.235362
1891.134155 0.000000 2728.551514 0.000000 0.314780 0.000000 -0.949165 0.250107 0.250107 0.250107
1888.928833 0.000000 2727.241211 0.000000 0.749731 0.000000 -0.661743 0.238101 0.238101 0.238101
1883.520020 0.000000 2724.427734 0.000000 0.598997 0.000000 -0.800752 0.281175 0.281175 0.281175
1887.786743 0.000000 2727.338867 0.000000 0.129429 0.000000 -0.991589 0.274513 0.274513 0.274513
3929.163818 0.000000 2428.203125 0.000000 0.781245 0.000000 -0.624225 0.204645 0.204645 0.204645
3921.981934 0.000000 2402.255859 0.000000 0.333321 0.000000 -0.942814 0.244898 0.244898 0.244898
3926.808838 0.000000 2415.362793 0.000000 0.234886 0.000000 -0.972023 0.249697 0.249697 0.249697
3921.384521 0.000000 2403.549072 0.000000 0.025587 0.000000 -0.999673 0.247994 0.247994 0.247994
3904.173828 0.000000 2400.019287 0.000000 0.153170 0.000000 -0.988200 0.286481 0.286481 0.286481
3906.422363 0.000000 2441.894531 0.000000 0.641061 0.000000 -0.767490 0.242604 0.242604 0.242604
3924.123047 0.000000 2439.370361 0.000000 0.710300 0.000000 -0.703899 0.282832 0.282832 0.282832
3924.728271 0.000000 2441.526611 0.000000 0.051745 0.000000 -0.998660 0.289155 0.289155 0.289155
3950.684082 0.000000 2435.410645 0.000000 0.596720 0.000000 -0.802450 0.290494 0.290494 0.290494
3925.880859 0.000000 2437.330566 0.000000 0.224086 0.000000 -0.974569 0.304236 0.304236 0.304236
3934.072510 0.000000 2435.876221 0.000000 0.604230 0.000000 -0.796810 0.305253 0.305253 0.305253
3926.246094 0.000000 2438.951172 0.000000 0.660696 0.000000 -0.750654 0.291762 0.291762 0.291762
3937.961426 0.000000 2438.639404 0.000000 0.525934 0.000000 -0.850526 0.287983 0.287983 0.287983
3951.891357 0.000000 2434.417725 0.000000 0.239111 0.000000 -0.970992 0.296246 0.296246 0.296246
3948.178223 0.000000 2439.744873 0.000000 0.520560 0.000000 -0.853825 0.319543 0.319543 0.319543
3948.214111 0.000000 2434.642090 0.000000 0.448630 0.000000 -0.893717 0.317093 0.317093 0.317093
3938.447021 0.000000 2439.656982 0.000000 0.378229 0.000000 -0.925712 0.322592 0.322592 0.322592
3948.846924 0.000000 2437.541748 0.000000 0.421837 0.000000 -0.906671 0.321683 0.321683 0.321683
3933.207520 0.000000 2428.941406 0.000000 0.284756 0.000000 -0.958600 0.324485 0.324485 0.324485
3948.400879 0.000000 2438.999512 0.000000 0.156989 0.000000 -0.987600 0.326989 0.326989 0.326989
6132.612793 0.000000 637.040100 0.000000 0.525157 0.000000 -0.851005 0.206887 0.206887 0.206887
6132.127930 0.000000 639.210571 0.000000 0.120010 0.000000 -0.992773 0.214850 0.214850 0.214850
6185.896973 0.000000 621.356506 0.000000 0.807424 0.000000 -0.589972 0.204206 0.204206 0.204206
6183.443848 0.000000 632.617493 0.000000 0.468717 0.000000 -0.883349 0.207489 0.207489 0.207489
6151.290527 0.000000 656.000488 0.000000 0.423159 0.000000 -0.906056 0.207813 0.207813 0.207813
6159.977051 0.000000 670.395203 0.000000 0.420959 0.000000 -0.907080 0.219286 0.219286 0.219286
6193.177734 0.000000 662.941345 0.000000 0.793576 0.000000 -0.608472 0.227933 0.227933 0.227933
6191.226074 0.000000 662.272339 0.000000 0.000140 0.000000 -1.000000 0.234788 0.234788 0.234788
6171.980957 0.000000 665.269836 0.000000 0.100076 0.000000 -0.994980 0.228216 0.228216 0.228216
6186.998047 0.000000 657.995056 0.000000 0.140896 0.000000 -0.990024 0.239240 0.239240 0.239240
6188.179688 0.000000 624.751160 0.000000 0.587964 0.000000 -0.808887 0.235353 0.235353 0.235353
6166.076660 0.000000 663.113953 0.000000 0.246931 0.000000 -0.969033 0.252728 0.252728 0.252728
6184.668945 0.000000 625.981445 0.000000 0.115623 0.000000 -0.993293 0.247104 0.247104 0.247104
6186.449707 0.000000 624.088989 0.000000 0.602760 0.000000 -0.797923 0.246139 0.246139 0.246139
6191.924805 0.000000 629.647339 0.000000 0.602383 0.000000 -0.798207 0.260206 0.260206 0.260206
6159.254395 0.000000 666.712036 0.000000 0.794207 0.000000 -0.607647 0.278054 0.278054 0.278054
6161.554199 0.000000 667.508789 0.000000 0.390784 0.000000 -0.920482 0.281269 0.281269 0.281269
6163.230957 0.000000 666.649841 0.000000 0.567575 0.000000 -0.823322 0.268710 0.268710 0.268710
6257.158691 0.000000 655.956482 0.000000 0.284112 0.000000 -0.958791 0.208614 0.208614 0.208614
6235.116211 0.000000 639.803345 0.000000 0.008004 0.000000 -0.999968 0.210807 0.210807 0.210807
6267.596680 0.000000 637.854553 0.000000 0.003383 0.000000 -0.999994 0.218237 0.218237 0.218237
6267.325195 0.000000 633.443420 0.000000 0.807912 0.000000 -0.589303 0.218853 0.218853 0.218853
6232.543945 0.000000 631.505615 0.000000 0.730079 0.000000 -0.683362 0.235987 0.235987 0.235987
6226.551758 0.000000 633.220703 0.000000 0.655814 0.000000 -0.754923 0.238175 0.238175 0.238175
6227.023926 0.000000 635.582581 0.000000 0.330232 0.000000 -0.943900 0.263138 0.263138 0.263138
6227.108887 0.000000 634.325439 0.000000 0.261164 0.000000 -0.965294 0.263966 0.263966 0.263966
6307.650879 0.000000 644.270447 0.000000 0.289717 0.000000 -0.957112 0.208703 0.208703 0.208703
6318.877930 0.000000 674.751587 0.000000 0.459862 0.000000 -0.887990 0.217722 0.217722 0.217722
6303.429199 0.000000 645.256287 0.000000 0.655138 0.000000 -0.755509 0.220694 0.220694 0.220694
6302.632324 0.000000 648.638245 0.000000 0.698170 0.000000 -0.715932 0.227409 0.227409 0.227409
6345.597656 0.000000 671.203552 0.000000 0.345764 0.000000 -0.938321 0.208026 0.208026 0.208026
6346.749023 0.000000 663.520996 0.000000 0.077517 0.000000 -0.996991 0.210102 0.210102 0.210102
6359.550293 0.000000 663.117065 0.000000 0.294820 0.000000 -0.955553 0.215392 0.215392 0.215392
6170.840820 0.000000 704.516846 0.000000 0.196553 0.000000 -0.980493 0.208878 0.208878 0.208878
6198.928223 0.000000 694.697571 0.000000 0.294260 0.000000 -0.955725 0.212922 0.212922 0.212922
6204.546387 0.000000 705.752197 0.000000 0.706257 0.000000 -0.707956 0.206997 0.206997 0.206997
6207.940430 0.000000 697.261963 0.000000 0.061736 0.000000 -0.998093 0.217798 0.217798 0.217798
6200.956055 0.000000 703.228210 0.000000 0.597595 0.000000 -0.801798 0.209224 0.209224 0.209224
6206.808594 0.000000 705.840027 0.000000 0.250298 0.000000 -0.968169 0.217601 0.217601 0.217601
6198.075195 0.000000 699.357544 0.000000 0.345339 0.000000 -0.938478 0.216843 0.216843 0.216843
6201.763184 0.000000 698.828125 0.000000 0.736932 0.000000 -0.675967 0.230508 0.230508 0.230508
6200.549805 0.000000 699.788269 0.000000 0.001883 0.000000 -0.999998 0.237967 0.237967 0.237967
6204.957031 0.000000 702.578430 0.000000 0.640669 0.000000 -0.767817 0.246251 0.246251 0.246251
6166.790527 0.000000 704.341370 0.000000 0.526100 0.000000 -0.850423 0.237882 0.237882 0.237882
6163.367188 0.000000 707.819824 0.000000 0.663749 0.000000 -0.747955 0.241701 0.241701 0.241701
6247.437012 0.000000 705.194397 0.000000 0.799618 0.000000 -0.600508 0.207162 0.207162 0.207162
6252.434570 0.000000 689.591187 0.000000 0.796441 0.000000 -0.604716 0.221968 0.221968 0.221968
6209.541504 0.000000 698.976562 0.000000 0.772960 0.000000 -0.634455 0.223473 0.223473 0.223473
6247.006836 0.000000 697.216248 0.000000 0.015364 0.000000 -0.999882 0.233379 0.233379 0.233379
6220.962891 0.000000 707.933167 0.000000 0.802044 0.000000 -0.597264 0.227808 0.227808 0.227808
6223.107910 0.000000 713.007446 0.000000 0.478348 0.000000 -0.878171 0.247036 0.247036 0.247036
6208.011719 0.000000 702.665588 0.000000 0.436383 0.000000 -0.899761 0.249998 0.249998 0.249998
6228.652832 0.000000 711.471558 0.000000 0.742662 0.000000 -0.669667 0.232223 0.232223 0.232223
6221.583496 0.000000 710.581421 0.000000 0.090458 0.000000 -0.995900 0.269176 0.269176 0.269176
6226.267090 0.000000 710.336670 0.000000 0.133950 0.000000 -0.990988 0.269949 0.269949 0.269949
6197.305176 0.000000 747.947815 0.000000 0.586075 0.000000 -0.810257 0.220201 0.220201 0.220201
6200.204590 0.000000 744.557739 0.000000 0.800362 0.000000 -0.599517 0.230797 0.230797 0.230797
6197.702637 0.000000 752.133850 0.000000 0.069696 0.000000 -0.997568 0.250118 0.250118 0.250118
6198.458008 0.000000 747.206360 0.000000 0.587143 0.000000 -0.809483 0.246949 0.246949 0.246949
6231.828125 0.000000 758.473694 0.000000 0.586535 0.000000 -0.809924 0.206363 0.206363 0.206363
6224.764160 0.000000 750.248840 0.000000 0.282449 0.000000 -0.959282 0.208979 0.208979 0.208979
6225.307129 0.000000 745.242798 0.000000 0.584934 0.000000 -0.811081 0.209940 0.209940 0.209940
6227.159180 0.000000 754.516418 0.000000 0.781732 0.000000 -0.623615 0.234048 0.234048 0.234048
6216.235840 0.000000 741.679504 0.000000 0.429814 0.000000 -0.902918 0.236445 0.236445 0.236445
6225.981934 0.000000 764.209106 0.000000 0.704200 0.000000 -0.710001 0.230934 0.230934 0.230934
6217.455566 0.000000 739.063904 0.000000 0.745689 0.000000 -0.666294 0.232182 0.232182 0.232182
6324.340820 0.000000 678.148560 0.000000 0.013695 0.000000 -0.999906 0.210651 0.210651 0.210651
6291.922852 0.000000 681.611938 0.000000 0.664825 0.000000 -0.746999 0.206206 0.206206 0.206206
6328.373535 0.000000 677.950928 0.000000 0.656884 0.000000 -0.753992 0.206879 0.206879 0.206879
6312.581055 0.000000 708.076904 0.000000 0.755850 0.000000 -0.654745 0.210628 0.210628 0.210628
6296.941406 0.000000 728.040161 0.000000 0.774791 0.000000 -0.632217 0.223448 0.223448 0.223448
6292.915039 0.000000 685.534424 0.000000 0.470433 0.000000 -0.882436 0.253937 0.253937 0.253937
6288.308105 0.000000 685.254456 0.000000 0.533438 0.000000 -0.845839 0.279140 0.279140 0.279140
6291.869141 0.000000 687.080383 0.000000 0.674078 0.000000 -0.738661 0.313667 0.313667 0.313667
6289.425293 0.000000 691.955872 0.000000 0.189210 0.000000 -0.981937 0.312600 0.312600 0.312600
6292.985352 0.000000 689.335815 0.000000 0.436471 0.000000 -0.899718 0.307142 0.307142 0.307142
6288.563477 0.000000 689.275879 0.000000 0.629266 0.000000 -0.777190 0.316201 0.316201 0.316201
6338.873047 0.000000 704.102722 0.000000 0.545075 0.000000 -0.838387 0.208475 0.208475 0.208475
6294.797363 0.000000 735.271484 0.000000 0.159463 0.000000 -0.987204 0.209121 0.209121 0.209121
6288.326660 0.000000 756.963806 0.000000 0.385926 0.000000 -0.922530 0.214667 0.214667 0.214667
6783.180664 0.000000 683.913940 0.000000 0.016482 0.000000 -0.999864 0.234007 0.234007 0.234007
7468.225586 0.000000 893.500061 0.000000 0.079830 0.000000 -0.996808 0.253217 0.253217 0.253217
7525.650391 0.000000 886.418030 0.000000 0.085396 0.000000 -0.996347 0.271820 0.271820 0.271820
7533.703125 0.000000 890.288818 0.000000 0.780570 0.000000 -0.625069 0.311657 0.311657 0.311657
7534.139648 0.000000 886.429993 0.000000 0.205320 0.000000 -0.978695 0.322791 0.322791 0.322791
7535.106934 0.000000 889.098206 0.000000 0.488856 0.000000 -0.872365 0.320245 0.320245 0.320245
6759.675293 0.000000 1015.008240 0.000000 0.584722 0.000000 -0.811234 0.206166 0.206166 0.206166
6739.150879 0.000000 993.995911 0.000000 0.365437 0.000000 -0.930836 0.210529 0.210529 0.210529
6738.458496 0.000000 995.330383 0.000000 0.282221 0.000000 -0.959349 0.242917 0.242917 0.242917
6725.865234 0.000000 995.060425 0.000000 0.676959 0.000000 -0.736020 0.234888 0.234888 0.234888
6720.003906 0.000000 1002.314270 0.000000 0.224102 0.000000 -0.974566 0.251075 0.251075 0.251075
6781.825195 0.000000 1010.900391 0.000000 0.125000 0.000000 -0.992157 0.279088 0.279088 0.279088
6753.994629 0.000000 993.003906 0.000000 0.759109 0.000000 -0.650964 0.270363 0.270363 0.270363
6722.417969 0.000000 996.142151 0.000000 0.272633 0.000000 -0.962118 0.281646 0.281646 0.281646
6741.633301 0.000000 990.404053 0.000000 0.676811 0.000000 -0.736157 0.311134 0.311134 0.311134
6764.776367 0.000000 999.538452 0.000000 0.251155 0.000000 -0.967947 0.303165 0.303165 0.303165
6738.612793 0.000000 1008.819397 0.000000 0.178433 0.000000 -0.983952 0.323969 0.323969 0.323969
6748.157227 0.000000 992.893860 0.000000 0.526033 0.000000 -0.850464 0.317936 0.317936 0.317936
6771.529297 0.000000 997.283386 0.000000 0.453104 0.000000 -0.891458 0.320648 0.320648 0.320648
6814.635254 0.000000 1004.797668 0.000000 0.167086 0.000000 -0.985942 0.235838 0.235838 0.235838
6827.855957 0.000000 999.808594 0.000000 0.239035 0.000000 -0.971011 0.249654 0.249654 0.249654
6790.432129 0.000000 1006.126953 0.000000 0.440016 0.000000 -0.897990 0.265521 0.265521 0.265521
6788.567383 0.000000 1000.650818 0.000000 0.286536 0.000000 -0.958070 0.291687 0.291687 0.291687
6786.845215 0.000000 1009.978455 0.000000 0.358209 0.000000 -0.933641 0.288714 0.288714 0.288714
6826.238770 0.000000 996.203979 0.000000 0.689546 0.000000 -0.724242 0.284458 0.284458 0.284458
6823.616211 0.000000 999.071472 0.000000 0.757825 0.000000 -0.652457 0.313070 0.313070 0.313070
6824.903320 0.000000 997.112610 0.000000 0.488534 0.000000 -0.872545 0.313793 0.313793 0.313793
6810.419922 0.000000 1012.334412 0.000000 0.643266 0.000000 -0.765643 0.316361 0.316361 0.316361
6835.694824 0.000000 1001.641785 0.000000 0.260260 0.000000 -0.965539 0.324972 0.324972 0.324972
6793.241699 0.000000 1007.468201 0.000000 0.176065 0.000000 -0.984378 0.326620 0.326620 0.326620
4899.360352 0.000000 2252.139404 0.000000 0.027473 0.000000 -0.999623 0.271214 0.271214 0.271214
4882.010254 0.000000 2250.722900 0.000000 0.786238 0.000000 -0.617924 0.287865 0.287865 0.287865
4882.612793 0.000000 2251.475586 0.000000 0.193899 0.000000 -0.981021 0.298212 0.298212 0.298212
4897.042480 0.000000 2246.812256 0.000000 0.240910 0.000000 -0.970547 0.325353 0.325353 0.325353
5086.679199 0.000000 2708.730957 0.000000 0.580407 0.000000 -0.814327 0.288303 0.288303 0.288303
5107.887695 0.000000 2704.956543 0.000000 0.269382 0.000000 -0.963033 0.275946 0.275946 0.275946
5105.185059 0.000000 2706.624756 0.000000 0.393227 0.000000 -0.919442 0.279971 0.279971 0.279971
5105.625000 0.000000 2705.682373 0.000000 0.278377 0.000000 -0.960472 0.322344 0.322344 0.322344
5169.077637 0.000000 2687.153564 0.000000 0.346489 0.000000 -0.938054 0.223628 0.223628 0.223628
5166.922852 0.000000 2690.086914 0.000000 0.057739 0.000000 -0.998332 0.224772 0.224772 0.224772
5150.899414 0.000000 2707.627441 0.000000 0.791202 0.000000 -0.611555 0.225003 0.225003 0.225003
5161.330078 0.000000 2695.927246 0.000000 0.680506 0.000000 -0.732743 0.231832 0.231832 0.231832
5174.250977 0.000000 2682.528809 0.000000 0.725679 0.000000 -0.688033 0.237847 0.237847 0.237847
5155.060059 0.000000 2708.760498 0.000000 0.643818 0.000000 -0.765179 0.242568 0.242568 0.242568
5152.533691 0.000000 2709.836670 0.000000 0.559051 0.000000 -0.829133 0.257740 0.257740 0.257740
5159.001953 0.000000 2705.084961 0.000000 0.735942 0.000000 -0.677045 0.259335 0.259335 0.259335
5155.721191 0.000000 2699.963623 0.000000 0.107814 0.000000 -0.994171 0.268327 0.268327 0.268327
5155.081543 0.000000 2698.096436 0.000000 0.178242 0.000000 -0.983987 0.267497 0.267497 0.267497
5174.974121 0.000000 2662.612061 0.000000 0.162726 0.000000 -0.986671 0.281185 0.281185 0.281185
5153.683594 0.000000 2706.630371 0.000000 0.077996 0.000000 -0.996954 0.311100 0.311100 0.311100
5178.035645 0.000000 2678.345947 0.000000 0.592563 0.000000 -0.805524 0.295533 0.295533 0.295533
5155.382324 0.000000 2707.805176 0.000000 0.482190 0.000000 -0.876067 0.318951 0.318951 0.318951
5164.064941 0.000000 2699.238525 0.000000 0.799353 0.000000 -0.600862 0.311659 0.311659 0.311659
5169.540527 0.000000 2698.539795 0.000000 0.393381 0.000000 -0.919375 0.311727 0.311727 0.311727
5160.733887 0.000000 2702.238525 0.000000 0.397233 0.000000 -0.917718 0.320196 0.320196 0.320196
5168.240723 0.000000 2698.450928 0.000000 0.686565 0.000000 -0.727068 0.305983 0.305983 0.305983
5144.071289 0.000000 2710.920654 0.000000 0.651628 0.000000 -0.758539 0.311702 0.311702 0.311702
5172.885742 0.000000 2663.711426 0.000000 0.267882 0.000000 -0.963452 0.324821 0.324821 0.324821
5164.259766 0.000000 2697.588379 0.000000 0.415736 0.000000 -0.909485 0.321640 0.321640 0.321640
5164.987305 0.000000 2696.259766 0.000000 0.300778 0.000000 -0.953694 0.323976 0.323976 0.323976
5162.983887 0.000000 2697.657715 0.000000 0.460849 0.000000 -0.887479 0.320853 0.320853 0.320853
5181.131348 0.000000 2680.477051 0.000000 0.743004 0.000000 -0.669287 0.314004 0.314004 0.314004
5182.440918 0.000000 2674.262695 0.000000 0.652445 0.000000 -0.757836 0.316425 0.316425 0.316425
5156.894043 0.000000 2702.124268 0.000000 0.765283 0.000000 -0.643694 0.313068 0.313068 0.313068
5169.989258 0.000000 2696.021729 0.000000 0.794019 0.000000 -0.607893 0.312210 0.312210 0.312210
5170.939453 0.000000 2699.972168 0.000000 0.686702 0.000000 -0.726939 0.312756 0.312756 0.312756
5183.634277 0.000000 2675.030762 0.000000 0.401340 0.000000 -0.915929 0.322113 0.322113 0.322113
5164.662109 0.000000 2694.931152 0.000000 0.351753 0.000000 -0.936093 0.323135 0.323135 0.323135
5156.125488 0.000000 2703.590820 0.000000 0.417145 0.000000 -0.908840 0.321312 0.321312 0.321312
5178.024902 0.000000 2674.956543 0.000000 0.066547 0.000000 -0.997783 0.328728 0.328728 0.328728
5176.372559 0.000000 2677.606445 0.000000 0.729172 0.000000 -0.684331 0.314394 0.314394 0.314394
5167.106934 0.000000 2696.598145 0.000000 0.376118 0.000000 -0.926572 0.322147 0.322147 0.322147
5183.628906 0.000000 2657.048828 0.000000 0.002722 0.000000 -0.999996 0.329948 0.329948 0.329948
5154.984375 0.000000 2700.343262 0.000000 0.783166 0.000000 -0.621812 0.312816 0.312816 0.312816
5182.413086 0.000000 2656.501709 0.000000 0.539814 0.000000 -0.841785 0.319110 0.319110 0.319110
5163.623535 0.000000 2695.127686 0.000000 0.374920 0.000000 -0.927057 0.322660 0.322660 0.322660
5172.049805 0.000000 2663.793701 0.000000 0.317845 0.000000 -0.948143 0.323822 0.323822 0.323822
5168.470703 0.000000 2697.146729 0.000000 0.387606 0.000000 -0.921825 0.321915 0.321915 0.321915
5165.596680 0.000000 2692.478516 0.000000 0.464543 0.000000 -0.885551 0.320773 0.320773 0.320773
5155.985840 0.000000 2700.765625 0.000000 0.306742 0.000000 -0.951793 0.324046 0.324046 0.324046
5160.598145 0.000000 2696.233887 0.000000 0.572699 0.000000 -0.819766 0.318354 0.318354 0.318354
5161.729980 0.000000 2696.608887 0.000000 0.428174 0.000000 -0.903697 0.321549 0.321549 0.321549
5182.121582 0.000000 2675.633789 0.000000 0.127785 0.000000 -0.991802 0.327553 0.327553 0.327553
5177.019043 0.000000 2656.524902 0.000000 0.002589 0.000000 -0.999997 0.329951 0.329951 0.329951
5203.869141 0.000000 2664.033447 0.000000 0.782828 0.000000 -0.622238 0.304267 0.304267 0.304267
5184.013672 0.000000 2655.500488 0.000000 0.010179 0.000000 -0.999948 0.296293 0.296293 0.296293
5189.175781 0.000000 2664.214600 0.000000 0.347379 0.000000 -0.937725 0.315749 0.315749 0.315749
5203.207031 0.000000 2662.154785 0.000000 0.751894 0.000000 -0.659284 0.313748 0.313748 0.313748
5204.308105 0.000000 2663.184082 0.000000 0.507888 0.000000 -0.861423 0.319670 0.319670 0.319670
5200.515625 0.000000 2665.231445 0.000000 0.475048 0.000000 -0.879960 0.320546 0.320546 0.320546
5191.100586 0.000000 2666.585449 0.000000 0.176075 0.000000 -0.984377 0.326620 0.326620 0.326620
5206.081543 0.000000 2660.680908 0.000000 0.455192 0.000000 -0.890393 0.319946 0.319946 0.319946
5199.121582 0.000000 2663.682373 0.000000 0.104110 0.000000 -0.994566 0.328008 0.328008 0.328008
5193.114746 0.000000 2664.044189 0.000000 0.367817 0.000000 -0.929898 0.322806 0.322806 0.322806
5199.439941 0.000000 2662.355713 0.000000 0.626706 0.000000 -0.779256 0.317064 0.317064 0.317064
5199.052246 0.000000 2666.292236 0.000000 0.504051 0.000000 -0.863674 0.319911 0.319911 0.319911
5188.396973 0.000000 2666.951904 0.000000 0.650509 0.000000 -0.759498 0.315698 0.315698 0.315698
5188.987305 0.000000 2672.526367 0.000000 0.609114 0.000000 -0.793083 0.317492 0.317492 0.317492
5186.838867 0.000000 2677.700928 0.000000 0.651803 0.000000 -0.758388 0.316441 0.316441 0.316441
5201.071777 0.000000 2667.881104 0.000000 0.764924 0.000000 -0.644121 0.313367 0.313367 0.313367
5187.316406 0.000000 2675.136719 0.000000 0.733201 0.000000 -0.680012 0.314282 0.314282 0.314282
5202.436035 0.000000 2660.268066 0.000000 0.676941 0.000000 -0.736038 0.315798 0.315798 0.315798
5188.341797 0.000000 2670.241943 0.000000 0.376000 0.000000 -0.926620 0.322638 0.322638 0.322638
5200.422852 0.000000 2661.434326 0.000000 0.349822 0.000000 -0.936816 0.323175 0.323175 0.323175
5197.483398 0.000000 2665.740967 0.000000 0.697570 0.000000 -0.716517 0.315256 0.315256 0.315256
5197.161133 0.000000 2667.468506 0.000000 0.720355 0.000000 -0.693606 0.314639 0.314639 0.314639
5459.806641 0.000000 2690.066895 0.000000 0.334305 0.000000 -0.942465 0.263719 0.263719 0.263719
5454.338867 0.000000 2696.586670 0.000000 0.437283 0.000000 -0.899324 0.261811 0.261811 0.261811
5452.848145 0.000000 2698.668701 0.000000 0.311986 0.000000 -0.950087 0.269682 0.269682 0.269682
5491.604980 0.000000 2701.725098 0.000000 0.748272 0.000000 -0.663392 0.260325 0.260325 0.260325
5464.739746 0.000000 2701.497559 0.000000 0.620048 0.000000 -0.784564 0.263009 0.263009 0.263009
5492.822754 0.000000 2702.183350 0.000000 0.314715 0.000000 -0.949186 0.281707 0.281707 0.281707
5526.371582 0.000000 2707.591553 0.000000 0.350954 0.000000 -0.936393 0.226064 0.226064 0.226064
5524.687500 0.000000 2707.468750 0.000000 0.288793 0.000000 -0.957392 0.244732 0.244732 0.244732
5545.112793 0.000000 2665.203369 0.000000 0.207952 0.000000 -0.978139 0.235465 0.235465 0.235465
5525.138184 0.000000 2710.581787 0.000000 0.656078 0.000000 -0.754693 0.238172 0.238172 0.238172
5512.996094 0.000000 2705.984619 0.000000 0.078076 0.000000 -0.996947 0.246837 0.246837 0.246837
5515.246582 0.000000 2709.493652 0.000000 0.341618 0.000000 -0.939839 0.271200 0.271200 0.271200
5545.909180 0.000000 2666.516602 0.000000 0.277546 0.000000 -0.960712 0.323904 0.323904 0.323904
5083.274902 0.000000 2753.869873 0.000000 0.544363 0.000000 -0.838850 0.235233 0.235233 0.235233
5106.992676 0.000000 2740.656006 0.000000 0.217488 0.000000 -0.976063 0.254312 0.254312 0.254312
5108.736328 0.000000 2736.101074 0.000000 0.006275 0.000000 -0.999980 0.253333 0.253333 0.253333
5119.189941 0.000000 2761.744629 0.000000 0.791515 0.000000 -0.611150 0.256541 0.256541 0.256541
5093.004395 0.000000 2723.656738 0.000000 0.405300 0.000000 -0.914184 0.304503 0.304503 0.304503
5076.261719 0.000000 2766.475342 0.000000 0.225434 0.000000 -0.974259 0.296450 0.296450 0.296450
5089.903320 0.000000 2717.660645 0.000000 0.474669 0.000000 -0.880164 0.320554 0.320554 0.320554
5086.411621 0.000000 2719.451904 0.000000 0.720096 0.000000 -0.693875 0.314359 0.314359 0.314359
5079.645996 0.000000 2762.149170 0.000000 0.061925 0.000000 -0.998081 0.328421 0.328421 0.328421
5091.750488 0.000000 2720.968750 0.000000 0.250055 0.000000 -0.968232 0.325173 0.325173 0.325173
5111.878418 0.000000 2738.058350 0.000000 0.240160 0.000000 -0.970733 0.325368 0.325368 0.325368
5113.489746 0.000000 2741.111084 0.000000 0.083126 0.000000 -0.996539 0.328411 0.328411 0.328411
5078.175293 0.000000 2765.114502 0.000000 0.269190 0.000000 -0.963087 0.324795 0.324795 0.324795
5134.189453 0.000000 2747.693848 0.000000 0.452550 0.000000 -0.891739 0.207038 0.207038 0.207038
5140.947754 0.000000 2725.879639 0.000000 0.626019 0.000000 -0.779808 0.250708 0.250708 0.250708
5125.362305 0.000000 2763.934814 0.000000 0.094320 0.000000 -0.995542 0.260119 0.260119 0.260119
5124.237305 0.000000 2762.784668 0.000000 0.283002 0.000000 -0.959119 0.258015 0.258015 0.258015
5134.829590 0.000000 2734.130371 0.000000 0.173153 0.000000 -0.984895 0.290737 0.290737 0.290737
5120.926758 0.000000 2766.761719 0.000000 0.095199 0.000000 -0.995458 0.295742 0.295742 0.295742
5126.418945 0.000000 2718.467041 0.000000 0.676232 0.000000 -0.736689 0.297596 0.297596 0.297596
5130.654785 0.000000 2757.542480 0.000000 0.679940 0.000000 -0.733268 0.295676 0.295676 0.295676
5143.555664 0.000000 2715.135986 0.000000 0.800231 0.000000 -0.599691 0.294753 0.294753 0.294753
5127.034180 0.000000 2756.389893 0.000000 0.074045 0.000000 -0.997255 0.313802 0.313802 0.313802
5135.972168 0.000000 2727.719727 0.000000 0.639333 0.000000 -0.768930 0.315636 0.315636 0.315636
5130.084473 0.000000 2718.313721 0.000000 0.794229 0.000000 -0.607618 0.312472 0.312472 0.312472
5127.100586 0.000000 2723.069824 0.000000 0.023149 0.000000 -0.999732 0.319269 0.319269 0.319269
5133.568848 0.000000 2719.318848 0.000000 0.682213 0.000000 -0.731153 0.315661 0.315661 0.315661
5136.563477 0.000000 2722.713379 0.000000 0.151717 0.000000 -0.988424 0.327091 0.327091 0.327091
5134.049805 0.000000 2728.601318 0.000000 0.058909 0.000000 -0.998263 0.327855 0.327855 0.327855
5127.336426 0.000000 2720.144531 0.000000 0.751836 0.000000 -0.659350 0.313750 0.313750 0.313750
5128.656738 0.000000 2719.416748 0.000000 0.730718 0.000000 -0.682679 0.314351 0.314351 0.314351
5136.299316 0.000000 2751.201416 0.000000 0.487679 0.000000 -0.873023 0.319674 0.319674 0.319674
5122.414551 0.000000 2761.806641 0.000000 0.704912 0.000000 -0.709295 0.315059 0.315059 0.315059
5123.586914 0.000000 2762.177734 0.000000 0.260904 0.000000 -0.965365 0.323784 0.323784 0.323784
5135.887695 0.000000 2723.198975 0.000000 0.014222 0.000000 -0.999899 0.329728 0.329728 0.329728
5137.071777 0.000000 2724.365479 0.000000 0.227493 0.000000 -0.973780 0.324512 0.324512 0.324512
5130.104980 0.000000 2719.205078 0.000000 0.560395 0.000000 -0.828226 0.318639 0.318639 0.318639
5136.422852 0.000000 2717.918701 0.000000 0.726597 0.000000 -0.687064 0.314466 0.314466 0.314466
5139.291992 0.000000 2717.501953 0.000000 0.556607 0.000000 -0.830776 0.318726 0.318726 0.318726
5141.358887 0.000000 2716.877441 0.000000 0.783919 0.000000 -0.620863 0.312793 0.312793 0.312793
5133.161133 0.000000 2723.952881 0.000000 0.603708 0.000000 -0.797206 0.317621 0.317621 0.317621
5147.430664 0.000000 2779.761963 0.000000 0.219876 0.000000 -0.975528 0.222205 0.222205 0.222205
5144.133789 0.000000 2784.199707 0.000000 0.436946 0.000000 -0.899488 0.282485 0.282485 0.282485
5144.346191 0.000000 2783.237793 0.000000 0.017262 0.000000 -0.999851 0.326820 0.326820 0.326820
5122.931152 0.000000 2768.316162 0.000000 0.355071 0.000000 -0.934839 0.321123 0.321123 0.321123
5147.002930 0.000000 2783.871582 0.000000 0.476996 0.000000 -0.878905 0.318855 0.318855 0.318855
5142.405762 0.000000 2786.313477 0.000000 0.124204 0.000000 -0.992257 0.327622 0.327622 0.327622
5148.253906 0.000000 2781.852295 0.000000 0.073919 0.000000 -0.997264 0.327578 0.327578 0.327578
5354.734375 0.000000 2815.748535 0.000000 0.227797 0.000000 -0.973709 0.239682 0.239682 0.239682
5373.768066 0.000000 2794.932617 0.000000 0.600134 0.000000 -0.799900 0.252280 0.252280 0.252280
5342.741699 0.000000 2823.503174 0.000000 0.118403 0.000000 -0.992966 0.299327 0.299327 0.299327
5346.732910 0.000000 2818.194580 0.000000 0.399445 0.000000 -0.916757 0.322152 0.322152 0.322152
5231.844727 0.000000 2831.329102 0.000000 0.456955 0.000000 -0.889490 0.207116 0.207116 0.207116
5235.450195 0.000000 2877.057861 0.000000 0.235478 0.000000 -0.971880 0.226446 0.226446 0.226446
5214.632324 0.000000 2851.528809 0.000000 0.227504 0.000000 -0.973777 0.233403 0.233403 0.233403
5226.243164 0.000000 2830.103760 0.000000 0.114312 0.000000 -0.993445 0.240757 0.240757 0.240757
5210.288574 0.000000 2844.051514 0.000000 0.631416 0.000000 -0.775444 0.236662 0.236662 0.236662
5232.143066 0.000000 2876.635254 0.000000 0.728962 0.000000 -0.684554 0.234205 0.234205 0.234205
5224.130371 0.000000 2840.291260 0.000000 0.499386 0.000000 -0.866380 0.258529 0.258529 0.258529
5227.927246 0.000000 2839.063721 0.000000 0.378897 0.000000 -0.925439 0.285236 0.285236 0.285236
5212.483398 0.000000 2867.154053 0.000000 0.568715 0.000000 -0.822534 0.290370 0.290370 0.290370
5213.235840 0.000000 2868.503662 0.000000 0.477598 0.000000 -0.878579 0.295055 0.295055 0.295055
5227.491211 0.000000 2832.140869 0.000000 0.485505 0.000000 -0.874234 0.310687 0.310687 0.310687
5219.156738 0.000000 2852.181885 0.000000 0.230125 0.000000 -0.973161 0.309980 0.309980 0.309980
5217.530762 0.000000 2853.287354 0.000000 0.257403 0.000000 -0.966304 0.314073 0.314073 0.314073
5235.191406 0.000000 2879.409424 0.000000 0.039359 0.000000 -0.999225 0.297852 0.297852 0.297852
5226.151367 0.000000 2832.743408 0.000000 0.004638 0.000000 -0.999989 0.318906 0.318906 0.318906
5216.735840 0.000000 2850.420654 0.000000 0.431901 0.000000 -0.901921 0.304047 0.304047 0.304047
5213.295410 0.000000 2875.432861 0.000000 0.469489 0.000000 -0.882938 0.305920 0.305920 0.305920
5227.229004 0.000000 2841.069824 0.000000 0.431878 0.000000 -0.901932 0.318047 0.318047 0.318047
5211.556152 0.000000 2851.533936 0.000000 0.758823 0.000000 -0.651297 0.312962 0.312962 0.312962
5210.125977 0.000000 2850.433838 0.000000 0.407021 0.000000 -0.913419 0.321045 0.321045 0.321045
5213.028809 0.000000 2879.341797 0.000000 0.211277 0.000000 -0.977426 0.325934 0.325934 0.325934
5238.518555 0.000000 2884.392090 0.000000 0.802888 0.000000 -0.596131 0.225428 0.225428 0.225428
5213.531738 0.000000 2881.546875 0.000000 0.592365 0.000000 -0.805669 0.252996 0.252996 0.252996
5234.878418 0.000000 2887.669434 0.000000 0.287503 0.000000 -0.957780 0.268087 0.268087 0.268087
5220.836914 0.000000 2911.350586 0.000000 0.641992 0.000000 -0.766712 0.316032 0.316032 0.316032
5220.628418 0.000000 2907.494629 0.000000 0.752373 0.000000 -0.658738 0.295921 0.295921 0.295921
5227.037598 0.000000 2905.779785 0.000000 0.600015 0.000000 -0.799989 0.317710 0.317710 0.317710
5224.594727 0.000000 2906.649170 0.000000 0.587290 0.000000 -0.809376 0.318012 0.318012 0.318012
5224.255371 0.000000 2905.923096 0.000000 0.583016 0.000000 -0.812461 0.318112 0.318112 0.318112
5203.955566 0.000000 2925.711670 0.000000 0.507578 0.000000 -0.861606 0.319444 0.319444 0.319444
5281.938477 0.000000 2875.107178 0.000000 0.024973 0.000000 -0.999688 0.230750 0.230750 0.230750
5292.925781 0.000000 2840.786133 0.000000 0.461787 0.000000 -0.886991 0.237347 0.237347 0.237347
5283.081543 0.000000 2867.549561 0.000000 0.096006 0.000000 -0.995381 0.265244 0.265244 0.265244
5307.910156 0.000000 2880.327881 0.000000 0.015365 0.000000 -0.999882 0.294903 0.294903 0.294903
5296.760254 0.000000 2843.231934 0.000000 0.470282 0.000000 -0.882516 0.320649 0.320649 0.320649
5316.483398 0.000000 2858.648682 0.000000 0.658827 0.000000 -0.752294 0.223661 0.223661 0.223661
5322.960449 0.000000 2858.383545 0.000000 0.695449 0.000000 -0.718576 0.238261 0.238261 0.238261
5319.944824 0.000000 2852.156982 0.000000 0.677681 0.000000 -0.735356 0.234879 0.234879 0.234879
5318.455566 0.000000 2852.124023 0.000000 0.731550 0.000000 -0.681788 0.234170 0.234170 0.234170
5317.906250 0.000000 2850.807373 0.000000 0.375364 0.000000 -0.926877 0.243210 0.243210 0.243210
5322.621582 0.000000 2851.434814 0.000000 0.808003 0.000000 -0.589178 0.253843 0.253843 0.253843
5314.273438 0.000000 2870.647217 0.000000 0.522129 0.000000 -0.852866 0.284925 0.284925 0.284925
5328.733398 0.000000 2842.748291 0.000000 0.611810 0.000000 -0.791005 0.277877 0.277877 0.277877
5315.805176 0.000000 2872.172607 0.000000 0.219768 0.000000 -0.975552 0.324859 0.324859 0.324859
5327.599609 0.000000 2847.129883 0.000000 0.154496 0.000000 -0.987993 0.327037 0.327037 0.327037
5304.373535 0.000000 2880.841553 0.000000 0.288661 0.000000 -0.957431 0.214202 0.214202 0.214202
5299.249023 0.000000 2885.113281 0.000000 0.366862 0.000000 -0.930275 0.240809 0.240809 0.240809
5303.597168 0.000000 2887.619385 0.000000 0.008529 0.000000 -0.999964 0.244951 0.244951 0.244951
5301.057617 0.000000 2893.320801 0.000000 0.257941 0.000000 -0.966161 0.295965 0.295965 0.295965
5301.597168 0.000000 2884.388672 0.000000 0.531152 0.000000 -0.847277 0.317375 0.317375 0.317375
5308.276855 0.000000 2880.744873 0.000000 0.406281 0.000000 -0.913748 0.321017 0.321017 0.321017
5312.976074 0.000000 2881.223389 0.000000 0.081642 0.000000 -0.996662 0.245525 0.245525 0.245525
5432.204590 0.000000 2777.995117 0.000000 0.790036 0.000000 -0.613060 0.219687 0.219687 0.219687
5432.758789 0.000000 2771.969971 0.000000 0.294487 0.000000 -0.955655 0.293492 0.293492 0.293492
5432.529297 0.000000 2775.041260 0.000000 0.119053 0.000000 -0.992888 0.325057 0.325057 0.325057
5432.790527 0.000000 2770.290527 0.000000 0.423199 0.000000 -0.906037 0.291523 0.291523 0.291523
5503.198730 0.000000 2808.246826 0.000000 0.084145 0.000000 -0.996454 0.284808 0.284808 0.284808
5441.870117 0.000000 2773.361328 0.000000 0.422957 0.000000 -0.906150 0.320385 0.320385 0.320385
5528.755859 0.000000 2730.599121 0.000000 0.219411 0.000000 -0.975633 0.212866 0.212866 0.212866
5525.480469 0.000000 2715.008057 0.000000 0.139403 0.000000 -0.990236 0.235457 0.235457 0.235457
5521.233398 0.000000 2750.083008 0.000000 0.368397 0.000000 -0.929668 0.294919 0.294919 0.294919
5569.867188 0.000000 2767.453125 0.000000 0.723996 0.000000 -0.689804 0.231277 0.231277 0.231277
5566.677246 0.000000 2770.280518 0.000000 0.404604 0.000000 -0.914492 0.215742 0.215742 0.215742
5559.657227 0.000000 2808.108154 0.000000 0.397589 0.000000 -0.917564 0.217028 0.217028 0.217028
5504.003906 0.000000 2809.814209 0.000000 0.547376 0.000000 -0.836887 0.255434 0.255434 0.255434
5505.581055 0.000000 2802.978271 0.000000 0.714845 0.000000 -0.699283 0.269378 0.269378 0.269378
5591.051758 0.000000 2770.782227 0.000000 0.287809 0.000000 -0.957688 0.223510 0.223510 0.223510
5570.358887 0.000000 2775.381592 0.000000 0.382631 0.000000 -0.923901 0.238162 0.238162 0.238162
5483.827148 0.000000 2862.405518 0.000000 0.424583 0.000000 -0.905389 0.214963 0.214963 0.214963
5498.541992 0.000000 2873.389893 0.000000 0.786257 0.000000 -0.617900 0.218553 0.218553 0.218553
5487.125977 0.000000 2863.135986 0.000000 0.122700 0.000000 -0.992444 0.223618 0.223618 0.223618
5474.527344 0.000000 2831.326416 0.000000 0.568945 0.000000 -0.822376 0.230088 0.230088 0.230088
5498.635742 0.000000 2875.394043 0.000000 0.667433 0.000000 -0.744670 0.259845 0.259845 0.259845
5483.276855 0.000000 2836.183105 0.000000 0.554313 0.000000 -0.832308 0.271379 0.271379 0.271379
5471.713379 0.000000 2825.359131 0.000000 0.273268 0.000000 -0.961938 0.298952 0.298952 0.298952
5484.776367 0.000000 2863.522705 0.000000 0.142171 0.000000 -0.989842 0.325029 0.325029 0.325029
5472.805664 0.000000 2829.364014 0.000000 0.643254 0.000000 -0.765653 0.311267 0.311267 0.311267
5485.386230 0.000000 2864.928711 0.000000 0.504652 0.000000 -0.863323 0.319897 0.319897 0.319897
5556.335449 0.000000 2895.178711 0.000000 0.237720 0.000000 -0.971334 0.269335 0.269335 0.269335
5543.104004 0.000000 2896.969238 0.000000 0.303898 0.000000 -0.952704 0.306191 0.306191 0.306191
5558.925781 0.000000 2886.740234 0.000000 0.014240 0.000000 -0.999899 0.306799 0.306799 0.306799
5540.266113 0.000000 2894.814453 0.000000 0.280769 0.000000 -0.959775 0.290490 0.290490 0.290490
5560.758789 0.000000 2884.938721 0.000000 0.500416 0.000000 -0.865785 0.302212 0.302212 0.302212
5545.909180 0.000000 2892.454102 0.000000 0.367621 0.000000 -0.929976 0.322810 0.322810 0.322810
5542.190918 0.000000 2892.872803 0.000000 0.273106 0.000000 -0.961984 0.323021 0.323021 0.323021
5557.597168 0.000000 2884.388672 0.000000 0.484771 0.000000 -0.874641 0.320334 0.320334 0.320334
5557.168945 0.000000 2885.931641 0.000000 0.442581 0.000000 -0.896728 0.321244 0.321244 0.321244
5553.833008 0.000000 2887.059814 0.000000 0.495456 0.000000 -0.868633 0.318839 0.318839 0.318839
5547.790039 0.000000 2893.376221 0.000000 0.405574 0.000000 -0.914062 0.322024 0.322024 0.322024
5547.387695 0.000000 2891.781494 0.000000 0.118051 0.000000 -0.993008 0.327740 0.327740 0.327740
5545.660645 0.000000 2893.726807 0.000000 0.338662 0.000000 -0.940908 0.323402 0.323402 0.323402
5551.293457 0.000000 2895.382080 0.000000 0.725016 0.000000 -0.688732 0.314510 0.314510 0.314510
5720.535645 0.000000 2746.293701 0.000000 0.203845 0.000000 -0.979003 0.241172 0.241172 0.241172
5735.682617 0.000000 2759.500977 0.000000 0.030902 0.000000 -0.999522 0.242816 0.242816 0.242816
5747.138184 0.000000 2743.262207 0.000000 0.779934 0.000000 -0.625862 0.245995 0.245995 0.245995
5736.733887 0.000000 2758.722900 0.000000 0.338276 0.000000 -0.941047 0.322583 0.322583 0.322583
5666.384277 0.000000 2816.004150 0.000000 0.162954 0.000000 -0.986634 0.242830 0.242830 0.242830
5641.808594 0.000000 2790.092529 0.000000 0.322060 0.000000 -0.946719 0.249401 0.249401 0.249401
5677.109375 0.000000 2819.142090 0.000000 0.752102 0.000000 -0.659047 0.268087 0.268087 0.268087
5638.734863 0.000000 2817.788330 0.000000 0.355000 0.000000 -0.934866 0.267873 0.267873 0.267873
5673.133789 0.000000 2819.673828 0.000000 0.518841 0.000000 -0.854871 0.293729 0.293729 0.293729
5675.478516 0.000000 2794.062256 0.000000 0.035507 0.000000 -0.999369 0.293964 0.293964 0.293964
5673.291504 0.000000 2818.297363 0.000000 0.026885 0.000000 -0.999639 0.301325 0.301325 0.301325
5637.198730 0.000000 2814.906494 0.000000 0.355483 0.000000 -0.934683 0.287483 0.287483 0.287483
5674.467285 0.000000 2796.758545 0.000000 0.640669 0.000000 -0.767817 0.298322 0.298322 0.298322
5639.151367 0.000000 2807.545410 0.000000 0.438149 0.000000 -0.898902 0.312833 0.312833 0.312833
5639.970703 0.000000 2797.279541 0.000000 0.153251 0.000000 -0.988187 0.324833 0.324833 0.324833
5638.917480 0.000000 2792.144287 0.000000 0.136952 0.000000 -0.990578 0.325336 0.325336 0.325336
5639.188965 0.000000 2796.069092 0.000000 0.119333 0.000000 -0.992854 0.325433 0.325433 0.325433
5637.972656 0.000000 2797.742676 0.000000 0.702341 0.000000 -0.711841 0.315128 0.315128 0.315128
5699.459473 0.000000 2804.250732 0.000000 0.186500 0.000000 -0.982455 0.234402 0.234402 0.234402
5698.838379 0.000000 2819.032715 0.000000 0.618927 0.000000 -0.785448 0.231962 0.231962 0.231962
5703.816406 0.000000 2798.197510 0.000000 0.438918 0.000000 -0.898527 0.249969 0.249969 0.249969
5735.874512 0.000000 2814.833984 0.000000 0.314732 0.000000 -0.949181 0.275352 0.275352 0.275352
5701.003906 0.000000 2801.173096 0.000000 0.304448 0.000000 -0.952529 0.286312 0.286312 0.286312
5702.752930 0.000000 2797.929932 0.000000 0.733599 0.000000 -0.679583 0.284793 0.284793 0.284793
5701.609375 0.000000 2805.806152 0.000000 0.746216 0.000000 -0.665704 0.303369 0.303369 0.303369
5696.795410 0.000000 2816.615967 0.000000 0.134155 0.000000 -0.990960 0.308247 0.308247 0.308247
5701.303223 0.000000 2804.828857 0.000000 0.626851 0.000000 -0.779139 0.306033 0.306033 0.306033
5700.871094 0.000000 2806.409668 0.000000 0.729787 0.000000 -0.683675 0.310490 0.310490 0.310490
5701.057129 0.000000 2802.939209 0.000000 0.796749 0.000000 -0.604310 0.311567 0.311567 0.311567
5784.941406 0.000000 2817.962158 0.000000 0.238579 0.000000 -0.971123 0.225171 0.225171 0.225171
5783.770020 0.000000 2813.291992 0.000000 0.319625 0.000000 -0.947544 0.246293 0.246293 0.246293
5815.350098 0.000000 2823.806152 0.000000 0.332104 0.000000 -0.943243 0.268795 0.268795 0.268795
5800.328125 0.000000 2808.480957 0.000000 0.241776 0.000000 -0.970332 0.298142 0.298142 0.298142
5781.477051 0.000000 2821.171875 0.000000 0.538282 0.000000 -0.842765 0.281551 0.281551 0.281551
5771.298828 0.000000 2818.479248 0.000000 0.021060 0.000000 -0.999778 0.327160 0.327160 0.327160
5780.263184 0.000000 2823.909424 0.000000 0.787576 0.000000 -0.616217 0.311959 0.311959 0.311959
5777.968262 0.000000 2810.905762 0.000000 0.087256 0.000000 -0.996186 0.325776 0.325776 0.325776
5783.079590 0.000000 2814.987549 0.000000 0.199010 0.000000 -0.979998 0.325968 0.325968 0.325968
5783.258789 0.000000 2815.925537 0.000000 0.796889 0.000000 -0.604125 0.312291 0.312291 0.312291
5669.751953 0.000000 2874.752197 0.000000 0.393123 0.000000 -0.919486 0.241159 0.241159 0.241159
5669.055664 0.000000 2837.661865 0.000000 0.059582 0.000000 -0.998223 0.256639 0.256639 0.256639
5695.208496 0.000000 2825.753174 0.000000 0.632687 0.000000 -0.774407 0.289218 0.289218 0.289218
5692.535645 0.000000 2879.116699 0.000000 0.136520 0.000000 -0.990637 0.325344 0.325344 0.325344
5671.591309 0.000000 2832.930420 0.000000 0.519900 0.000000 -0.854227 0.318676 0.318676 0.318676
5709.373047 0.000000 2859.487549 0.000000 0.336201 0.000000 -0.941790 0.269374 0.269374 0.269374
5730.307129 0.000000 2874.002441 0.000000 0.430561 0.000000 -0.902561 0.286990 0.286990 0.286990
5735.121094 0.000000 2878.206055 0.000000 0.223907 0.000000 -0.974611 0.324579 0.324579 0.324579
5714.355957 0.000000 2857.623291 0.000000 0.092903 0.000000 -0.995675 0.328223 0.328223 0.328223
5735.377930 0.000000 2876.305420 0.000000 0.265928 0.000000 -0.963993 0.323299 0.323299 0.323299
5693.398438 0.000000 2882.564941 0.000000 0.769458 0.000000 -0.638697 0.248560 0.248560 0.248560
5702.787598 0.000000 2885.594727 0.000000 0.681024 0.000000 -0.732261 0.237850 0.237850 0.237850
5700.662109 0.000000 2884.117920 0.000000 0.516022 0.000000 -0.856575 0.309480 0.309480 0.309480
5789.330566 0.000000 2840.325928 0.000000 0.472263 0.000000 -0.881458 0.247725 0.247725 0.247725
5782.253418 0.000000 2826.284424 0.000000 0.753911 0.000000 -0.656977 0.277709 0.277709 0.277709
5816.529297 0.000000 2831.525635 0.000000 0.516193 0.000000 -0.856472 0.283772 0.283772 0.283772
5836.047363 0.000000 2831.100586 0.000000 0.141754 0.000000 -0.989902 0.267928 0.267928 0.267928
6395.986328 0.000000 2396.687744 0.000000 0.328100 0.000000 -0.944643 0.310293 0.310293 0.310293
6396.535156 0.000000 2393.557617 0.000000 0.717634 0.000000 -0.696421 0.314714 0.314714 0.314714
6398.745117 0.000000 2390.237305 0.000000 0.515380 0.000000 -0.856962 0.319659 0.319659 0.319659
6398.121582 0.000000 2393.211914 0.000000 0.011107 0.000000 -0.999938 0.329788 0.329788 0.329788
6405.906250 0.000000 2398.932373 0.000000 0.621243 0.000000 -0.783618 0.240428 0.240428 0.240428
"}
