object={
	name="cypress_dense_generator_2_0"
	clamp_to_water_level=no
	render_under_water=no
	generated_content=yes
	layer="semidynamic_medium"
	pdxmesh="tree_cypress_001_mesh"
	count=2179
	transform="2036.600708 0.000000 1604.776367 0.000000 0.908943 0.000000 0.416921 0.197209 0.197209 0.197209
2038.872192 0.000000 1627.896851 0.000000 0.998889 0.000000 0.047124 0.199629 0.199629 0.199629
2037.757935 0.000000 1600.927246 0.000000 0.453027 0.000000 0.891497 0.189952 0.189952 0.189952
2032.763550 0.000000 1621.368896 0.000000 0.310464 0.000000 0.950585 0.189033 0.189033 0.189033
2038.469360 0.000000 1591.716553 0.000000 0.405673 0.000000 0.914018 0.202975 0.202975 0.202975
2037.610352 0.000000 1617.055298 0.000000 0.935633 0.000000 0.352975 0.199194 0.199194 0.199194
2045.258179 0.000000 1593.576782 0.000000 0.477577 0.000000 0.878590 0.219159 0.219159 0.219159
2035.473267 0.000000 1621.940430 0.000000 0.791678 0.000000 0.610938 0.218027 0.218027 0.218027
2043.596436 0.000000 1598.088867 0.000000 0.034630 0.000000 0.999400 0.216329 0.216329 0.216329
2039.475952 0.000000 1593.457764 0.000000 0.953671 0.000000 0.300853 0.251412 0.251412 0.251412
2043.325317 0.000000 1593.677856 0.000000 0.441895 0.000000 0.897067 0.267992 0.267992 0.267992
2041.855957 0.000000 1590.384644 0.000000 0.984179 0.000000 0.177177 0.287268 0.287268 0.287268
2054.114014 0.000000 1564.036621 0.000000 0.101863 0.000000 0.994798 0.187260 0.187260 0.187260
2051.168213 0.000000 1569.030762 0.000000 0.193043 0.000000 0.981190 0.190773 0.190773 0.190773
2053.188232 0.000000 1567.818237 0.000000 0.611520 0.000000 0.791229 0.234435 0.234435 0.234435
2059.577393 0.000000 1569.099243 0.000000 0.628957 0.000000 0.777440 0.228508 0.228508 0.228508
2057.185303 0.000000 1568.613281 0.000000 0.307732 0.000000 0.951473 0.249865 0.249865 0.249865
2054.216797 0.000000 1572.310059 0.000000 0.713047 0.000000 0.701117 0.272561 0.272561 0.272561
2052.645020 0.000000 1569.692017 0.000000 0.507976 0.000000 0.861372 0.255743 0.255743 0.255743
2056.949707 0.000000 1571.286499 0.000000 0.766876 0.000000 0.641795 0.315917 0.315917 0.315917
2097.044678 0.000000 1630.246460 0.000000 0.325501 0.000000 0.945542 0.190564 0.190564 0.190564
2089.605957 0.000000 1619.043945 0.000000 0.993171 0.000000 0.116666 0.199007 0.199007 0.199007
2089.764648 0.000000 1609.886719 0.000000 0.908694 0.000000 0.417462 0.196345 0.196345 0.196345
2094.444580 0.000000 1632.924683 0.000000 0.984827 0.000000 0.173540 0.205410 0.205410 0.205410
2097.605713 0.000000 1634.416382 0.000000 0.907797 0.000000 0.419410 0.195948 0.195948 0.195948
2069.175049 0.000000 1616.780518 0.000000 0.079115 0.000000 0.996865 0.197101 0.197101 0.197101
2095.961914 0.000000 1636.822388 0.000000 0.608456 0.000000 0.793588 0.204049 0.204049 0.204049
2092.424072 0.000000 1634.108521 0.000000 0.236803 0.000000 0.971558 0.206678 0.206678 0.206678
2095.774658 0.000000 1600.751099 0.000000 0.963328 0.000000 0.268325 0.229925 0.229925 0.229925
2088.581299 0.000000 1611.826904 0.000000 0.832283 0.000000 0.554351 0.251431 0.251431 0.251431
2092.435303 0.000000 1617.537598 0.000000 0.766478 0.000000 0.642271 0.217451 0.217451 0.217451
2092.596680 0.000000 1600.513794 0.000000 0.571173 0.000000 0.820830 0.259444 0.259444 0.259444
2073.195068 0.000000 1627.138306 0.000000 0.885490 0.000000 0.464659 0.246754 0.246754 0.246754
2093.659912 0.000000 1613.512817 0.000000 0.939725 0.000000 0.341931 0.278234 0.278234 0.278234
2088.686523 0.000000 1600.215576 0.000000 0.369258 0.000000 0.929327 0.257056 0.257056 0.257056
2086.058105 0.000000 1597.864990 0.000000 0.958396 0.000000 0.285442 0.295402 0.295402 0.295402
2075.981201 0.000000 1625.504272 0.000000 0.962191 0.000000 0.272375 0.259374 0.259374 0.259374
2086.210205 0.000000 1615.062378 0.000000 0.924402 0.000000 0.381420 0.317909 0.317909 0.317909
2091.719727 0.000000 1599.149170 0.000000 0.277752 0.000000 0.960653 0.263069 0.263069 0.263069
2068.233154 0.000000 1623.682129 0.000000 0.991933 0.000000 0.126763 0.295244 0.295244 0.295244
2070.076904 0.000000 1623.348267 0.000000 0.999198 0.000000 0.040051 0.380894 0.380894 0.380894
2070.880615 0.000000 1622.125732 0.000000 0.501751 0.000000 0.865012 0.323201 0.323201 0.323201
2090.089600 0.000000 1615.175781 0.000000 0.906245 0.000000 0.422753 0.310236 0.310236 0.310236
2073.036621 0.000000 1625.797852 0.000000 0.595580 0.000000 0.803296 0.309949 0.309949 0.309949
2072.109375 0.000000 1624.525757 0.000000 0.329860 0.000000 0.944030 0.295675 0.295675 0.295675
2067.298584 0.000000 1655.994019 0.000000 0.084074 0.000000 0.996459 0.188866 0.188866 0.188866
2065.893799 0.000000 1651.361694 0.000000 0.999683 0.000000 0.025187 0.199802 0.199802 0.199802
2089.605957 0.000000 1675.528320 0.000000 0.169532 0.000000 0.985525 0.188287 0.188287 0.188287
2102.755859 0.000000 1664.142334 0.000000 0.161123 0.000000 0.986934 0.195563 0.195563 0.195563
2102.496338 0.000000 1667.355713 0.000000 0.881652 0.000000 0.471900 0.206114 0.206114 0.206114
2099.473145 0.000000 1678.424805 0.000000 0.129216 0.000000 0.991616 0.209220 0.209220 0.209220
2092.435303 0.000000 1674.021973 0.000000 0.884523 0.000000 0.466496 0.245712 0.245712 0.245712
2064.326904 0.000000 1660.713867 0.000000 0.760603 0.000000 0.649218 0.260906 0.260906 0.260906
2097.077393 0.000000 1670.434814 0.000000 0.914508 0.000000 0.404568 0.236892 0.236892 0.236892
2094.922852 0.000000 1673.368164 0.000000 0.503512 0.000000 0.863988 0.231045 0.231045 0.231045
2062.324707 0.000000 1661.934814 0.000000 0.997337 0.000000 0.072938 0.246276 0.246276 0.246276
2101.193359 0.000000 1677.381836 0.000000 0.920714 0.000000 0.390237 0.240246 0.240246 0.240246
2097.177734 0.000000 1679.660156 0.000000 0.721085 0.000000 0.692847 0.251179 0.251179 0.251179
2101.526611 0.000000 1671.982422 0.000000 0.314913 0.000000 0.949121 0.239946 0.239946 0.239946
2098.026855 0.000000 1674.131104 0.000000 0.341167 0.000000 0.940003 0.301526 0.301526 0.301526
2100.391602 0.000000 1674.501953 0.000000 0.888282 0.000000 0.459299 0.274662 0.274662 0.274662
2095.751465 0.000000 1675.607056 0.000000 0.654489 0.000000 0.756072 0.277895 0.277895 0.277895
2099.137939 0.000000 1670.059082 0.000000 0.995248 0.000000 0.097375 0.287423 0.287423 0.287423
2541.685059 0.000000 1674.266602 0.000000 0.156410 0.000000 0.987692 0.291998 0.291998 0.291998
2538.814453 0.000000 1675.900391 0.000000 0.428901 0.000000 0.903352 0.320057 0.320057 0.320057
2539.986328 0.000000 1674.915283 0.000000 0.645807 0.000000 0.763501 0.338406 0.338406 0.338406
2538.975342 0.000000 1672.184082 0.000000 0.736005 0.000000 0.676976 0.343561 0.343561 0.343561
3806.899414 0.000000 1747.393066 0.000000 0.894257 0.000000 0.447554 0.256163 0.256163 0.256163
3813.751709 0.000000 1745.064575 0.000000 0.284363 0.000000 0.958717 0.311368 0.311368 0.311368
3801.668701 0.000000 1743.628052 0.000000 0.646920 0.000000 0.762558 0.294351 0.294351 0.294351
3800.647461 0.000000 1747.478516 0.000000 0.125947 0.000000 0.992037 0.298672 0.298672 0.298672
3890.569092 0.000000 1750.505005 0.000000 0.371238 0.000000 0.928538 0.189449 0.189449 0.189449
3863.245850 0.000000 1750.191772 0.000000 0.582934 0.000000 0.812520 0.239059 0.239059 0.239059
3869.530273 0.000000 1748.704712 0.000000 0.642477 0.000000 0.766305 0.270546 0.270546 0.270546
3866.534668 0.000000 1749.326660 0.000000 0.790390 0.000000 0.612604 0.258355 0.258355 0.258355
3902.566406 0.000000 1750.159912 0.000000 0.249978 0.000000 0.968252 0.267084 0.267084 0.267084
3862.857910 0.000000 1749.134766 0.000000 0.088322 0.000000 0.996092 0.292293 0.292293 0.292293
3860.261719 0.000000 1749.756592 0.000000 0.487325 0.000000 0.873221 0.331345 0.331345 0.331345
3905.866943 0.000000 1750.734375 0.000000 0.318127 0.000000 0.948048 0.272417 0.272417 0.272417
3869.531982 0.000000 1751.859253 0.000000 0.999030 0.000000 0.044040 0.351978 0.351978 0.351978
3934.456787 0.000000 1754.066284 0.000000 0.626141 0.000000 0.779710 0.300606 0.300606 0.300606
2031.365356 0.000000 1838.303589 0.000000 0.953567 0.000000 0.301181 0.197594 0.197594 0.197594
2035.521606 0.000000 1835.508911 0.000000 0.921175 0.000000 0.389147 0.196707 0.196707 0.196707
2024.581299 0.000000 1837.764404 0.000000 0.283126 0.000000 0.959083 0.211579 0.211579 0.211579
2037.040649 0.000000 1836.147461 0.000000 0.984227 0.000000 0.176912 0.332979 0.332979 0.332979
2037.815186 0.000000 1837.875122 0.000000 0.947910 0.000000 0.318539 0.326695 0.326695 0.326695
2025.275879 0.000000 1838.601685 0.000000 0.641080 0.000000 0.767474 0.340808 0.340808 0.340808
2034.162109 0.000000 1839.999878 0.000000 0.490224 0.000000 0.871596 0.319140 0.319140 0.319140
2022.106445 0.000000 1838.072266 0.000000 0.512807 0.000000 0.858504 0.322939 0.322939 0.322939
2022.983521 0.000000 1840.363892 0.000000 0.949685 0.000000 0.313205 0.375663 0.375663 0.375663
2036.092041 0.000000 1839.235229 0.000000 0.129494 0.000000 0.991580 0.289920 0.289920 0.289920
2038.690308 0.000000 1838.159424 0.000000 0.937159 0.000000 0.348902 0.372773 0.372773 0.372773
1848.579102 0.000000 2026.115479 0.000000 0.231082 0.000000 0.972934 0.196384 0.196384 0.196384
1856.226196 0.000000 2028.270142 0.000000 0.962399 0.000000 0.271641 0.197390 0.197390 0.197390
2049.116211 0.000000 1843.999268 0.000000 0.769999 0.000000 0.638045 0.232979 0.232979 0.232979
2049.729736 0.000000 1840.092285 0.000000 0.300777 0.000000 0.953695 0.237236 0.237236 0.237236
2050.917725 0.000000 1840.929443 0.000000 0.736502 0.000000 0.676435 0.346252 0.346252 0.346252
4696.357910 0.000000 799.292236 0.000000 0.960966 0.000000 0.276667 0.199998 0.199998 0.199998
4692.109863 0.000000 802.470886 0.000000 0.772421 0.000000 0.635111 0.207795 0.207795 0.207795
4692.110352 0.000000 804.419067 0.000000 0.634372 0.000000 0.773028 0.247555 0.247555 0.247555
4693.555664 0.000000 806.546997 0.000000 0.452399 0.000000 0.891816 0.249984 0.249984 0.249984
4692.786621 0.000000 808.117188 0.000000 0.066253 0.000000 0.997803 0.281784 0.281784 0.281784
4693.588379 0.000000 809.325928 0.000000 0.897792 0.000000 0.440419 0.330590 0.330590 0.330590
4694.991211 0.000000 803.060120 0.000000 0.995186 0.000000 0.098007 0.330970 0.330970 0.330970
5876.503418 0.000000 110.901947 0.000000 0.446589 0.000000 0.894739 0.199026 0.199026 0.199026
5851.221680 0.000000 158.997314 0.000000 0.390694 0.000000 0.920521 0.192117 0.192117 0.192117
5876.340820 0.000000 113.304832 0.000000 0.790818 0.000000 0.612051 0.203197 0.203197 0.203197
5873.495117 0.000000 113.068794 0.000000 0.857242 0.000000 0.514913 0.200455 0.200455 0.200455
5871.681152 0.000000 115.870567 0.000000 0.484619 0.000000 0.874725 0.204076 0.204076 0.204076
5851.115234 0.000000 142.252411 0.000000 0.765921 0.000000 0.642935 0.227109 0.227109 0.227109
5847.654785 0.000000 146.624207 0.000000 0.027566 0.000000 0.999620 0.194841 0.194841 0.194841
5856.929688 0.000000 169.446259 0.000000 0.835955 0.000000 0.548798 0.238898 0.238898 0.238898
5850.051758 0.000000 145.262985 0.000000 0.603487 0.000000 0.797373 0.222484 0.222484 0.222484
5852.806641 0.000000 163.331757 0.000000 0.955255 0.000000 0.295784 0.249430 0.249430 0.249430
5854.899414 0.000000 165.830566 0.000000 0.517643 0.000000 0.855597 0.262641 0.262641 0.262641
5854.198730 0.000000 164.216904 0.000000 0.832442 0.000000 0.554112 0.275393 0.275393 0.275393
5860.049805 0.000000 205.742706 0.000000 0.394320 0.000000 0.918973 0.191708 0.191708 0.191708
5873.044434 0.000000 218.137070 0.000000 0.124921 0.000000 0.992167 0.189173 0.189173 0.189173
5846.596680 0.000000 189.984283 0.000000 0.447352 0.000000 0.894358 0.189498 0.189498 0.189498
5850.132812 0.000000 203.904938 0.000000 0.563523 0.000000 0.826101 0.206159 0.206159 0.206159
5884.365723 0.000000 172.180786 0.000000 0.557989 0.000000 0.829849 0.200509 0.200509 0.200509
5845.228027 0.000000 207.358276 0.000000 0.176377 0.000000 0.984323 0.194889 0.194889 0.194889
5844.387207 0.000000 196.250244 0.000000 0.999836 0.000000 0.018105 0.250634 0.250634 0.250634
5861.593262 0.000000 211.663788 0.000000 0.517980 0.000000 0.855393 0.223460 0.223460 0.223460
5842.112793 0.000000 195.644745 0.000000 0.922664 0.000000 0.385604 0.250574 0.250574 0.250574
5866.151367 0.000000 211.964706 0.000000 0.458697 0.000000 0.888593 0.224906 0.224906 0.224906
5844.672363 0.000000 189.010468 0.000000 0.875028 0.000000 0.484072 0.240325 0.240325 0.240325
5869.863281 0.000000 216.270233 0.000000 0.328317 0.000000 0.944568 0.237085 0.237085 0.237085
5866.718262 0.000000 215.952148 0.000000 0.432223 0.000000 0.901767 0.259822 0.259822 0.259822
5867.631348 0.000000 213.003052 0.000000 0.998798 0.000000 0.049023 0.278843 0.278843 0.278843
5847.875000 0.000000 201.528915 0.000000 0.973083 0.000000 0.230454 0.293045 0.293045 0.293045
5844.652832 0.000000 203.112213 0.000000 0.854984 0.000000 0.518654 0.292827 0.292827 0.292827
5844.460938 0.000000 200.677750 0.000000 0.521076 0.000000 0.853510 0.315938 0.315938 0.315938
5841.384766 0.000000 200.658478 0.000000 0.433765 0.000000 0.901026 0.279904 0.279904 0.279904
5842.267090 0.000000 201.977264 0.000000 0.912966 0.000000 0.408036 0.373243 0.373243 0.373243
5946.107422 0.000000 55.200405 0.000000 0.407006 0.000000 0.913426 0.197623 0.197623 0.197623
5946.541992 0.000000 49.171043 0.000000 0.013885 0.000000 0.999904 0.245924 0.245924 0.245924
5951.474121 0.000000 45.224442 0.000000 0.406049 0.000000 0.913851 0.258986 0.258986 0.258986
5948.200684 0.000000 44.072685 0.000000 0.299279 0.000000 0.954166 0.254922 0.254922 0.254922
5949.962402 0.000000 45.788055 0.000000 0.808826 0.000000 0.588048 0.273257 0.273257 0.273257
5949.369629 0.000000 47.295750 0.000000 0.800917 0.000000 0.598776 0.285845 0.285845 0.285845
5952.290527 0.000000 34.365150 0.000000 0.269977 0.000000 0.962867 0.191254 0.191254 0.191254
5962.749023 0.000000 42.192867 0.000000 0.808973 0.000000 0.587846 0.205538 0.205538 0.205538
5958.113770 0.000000 38.958481 0.000000 0.384930 0.000000 0.922946 0.207099 0.207099 0.207099
5955.167969 0.000000 43.952694 0.000000 0.569829 0.000000 0.821764 0.215450 0.215450 0.215450
5964.244629 0.000000 50.616623 0.000000 0.952442 0.000000 0.304720 0.203958 0.203958 0.203958
5974.697754 0.000000 46.518631 0.000000 0.131865 0.000000 0.991268 0.203550 0.203550 0.203550
5973.389160 0.000000 43.225880 0.000000 0.691708 0.000000 0.722177 0.225314 0.225314 0.225314
5970.928223 0.000000 40.904758 0.000000 0.848027 0.000000 0.529953 0.246204 0.246204 0.246204
5972.010742 0.000000 44.209343 0.000000 0.998426 0.000000 0.056084 0.264291 0.264291 0.264291
5971.981934 0.000000 54.182186 0.000000 0.999219 0.000000 0.039513 0.318994 0.318994 0.318994
5969.270508 0.000000 50.817608 0.000000 0.900861 0.000000 0.434107 0.329961 0.329961 0.329961
5972.687500 0.000000 52.703144 0.000000 0.976702 0.000000 0.214602 0.267087 0.267087 0.267087
5971.869141 0.000000 51.319649 0.000000 0.902806 0.000000 0.430049 0.322489 0.322489 0.322489
5973.261719 0.000000 47.160847 0.000000 0.397555 0.000000 0.917578 0.255587 0.255587 0.255587
5970.552246 0.000000 54.150799 0.000000 0.988799 0.000000 0.149252 0.314935 0.314935 0.314935
5973.857422 0.000000 49.587124 0.000000 0.999870 0.000000 0.016111 0.308703 0.308703 0.308703
5970.752930 0.000000 46.354149 0.000000 0.997315 0.000000 0.073234 0.336374 0.336374 0.336374
5969.435547 0.000000 43.913990 0.000000 0.977342 0.000000 0.211665 0.303134 0.303134 0.303134
5970.458984 0.000000 51.437157 0.000000 0.304767 0.000000 0.952427 0.287134 0.287134 0.287134
5968.364258 0.000000 53.571377 0.000000 0.726981 0.000000 0.686657 0.314900 0.314900 0.314900
5969.554199 0.000000 46.180683 0.000000 0.380910 0.000000 0.924612 0.300977 0.300977 0.300977
5897.597656 0.000000 106.359802 0.000000 0.997046 0.000000 0.076811 0.199280 0.199280 0.199280
5910.596680 0.000000 77.015526 0.000000 0.168695 0.000000 0.985668 0.187931 0.187931 0.187931
5897.889160 0.000000 111.749390 0.000000 0.912075 0.000000 0.410023 0.196308 0.196308 0.196308
5942.469238 0.000000 66.638466 0.000000 0.238672 0.000000 0.971100 0.196474 0.196474 0.196474
5911.871582 0.000000 95.965408 0.000000 0.950042 0.000000 0.312121 0.198564 0.198564 0.198564
5907.100098 0.000000 109.231323 0.000000 0.473976 0.000000 0.880538 0.202111 0.202111 0.202111
5944.357422 0.000000 64.831306 0.000000 0.849236 0.000000 0.528013 0.204355 0.204355 0.204355
5909.389160 0.000000 99.710251 0.000000 0.446270 0.000000 0.894899 0.216843 0.216843 0.216843
5908.471191 0.000000 78.309952 0.000000 0.742255 0.000000 0.670118 0.234113 0.234113 0.234113
5943.474609 0.000000 61.555050 0.000000 0.993330 0.000000 0.115304 0.229081 0.229081 0.229081
5911.550293 0.000000 98.273315 0.000000 0.999975 0.000000 0.007089 0.238538 0.238538 0.238538
5902.936035 0.000000 103.056282 0.000000 0.024074 0.000000 0.999710 0.213851 0.213851 0.213851
5904.326660 0.000000 79.151337 0.000000 0.899639 0.000000 0.436635 0.226086 0.226086 0.226086
5909.939941 0.000000 81.817795 0.000000 0.566871 0.000000 0.823807 0.228031 0.228031 0.228031
5907.139160 0.000000 104.148102 0.000000 0.996632 0.000000 0.082010 0.243907 0.243907 0.243907
5964.424805 0.000000 74.904129 0.000000 0.980983 0.000000 0.194096 0.204101 0.204101 0.204101
5964.406250 0.000000 57.432678 0.000000 0.210996 0.000000 0.977487 0.203795 0.203795 0.203795
5968.764160 0.000000 72.436363 0.000000 0.293986 0.000000 0.955810 0.211749 0.211749 0.211749
5971.875488 0.000000 71.933197 0.000000 0.353863 0.000000 0.935297 0.197862 0.197862 0.197862
5967.288574 0.000000 71.022354 0.000000 0.963557 0.000000 0.267505 0.262635 0.262635 0.262635
5973.078125 0.000000 58.612034 0.000000 0.716120 0.000000 0.697977 0.251930 0.251930 0.251930
5971.108398 0.000000 66.461533 0.000000 0.423416 0.000000 0.905935 0.231848 0.231848 0.231848
5966.853027 0.000000 73.386169 0.000000 0.525722 0.000000 0.850657 0.237626 0.237626 0.237626
5965.681152 0.000000 70.257111 0.000000 0.892272 0.000000 0.451499 0.247055 0.247055 0.247055
5967.876465 0.000000 64.932610 0.000000 0.308125 0.000000 0.951346 0.258186 0.258186 0.258186
5971.069824 0.000000 61.512772 0.000000 0.371351 0.000000 0.928492 0.286689 0.286689 0.286689
5966.587891 0.000000 64.253128 0.000000 0.069498 0.000000 0.997582 0.250899 0.250899 0.250899
5966.473633 0.000000 60.008373 0.000000 0.914155 0.000000 0.405366 0.337218 0.337218 0.337218
5968.411621 0.000000 60.878933 0.000000 0.977386 0.000000 0.211465 0.386116 0.386116 0.386116
5969.910645 0.000000 58.510551 0.000000 0.070960 0.000000 0.997479 0.298627 0.298627 0.298627
5968.956055 0.000000 59.304436 0.000000 0.966242 0.000000 0.257636 0.371278 0.371278 0.371278
5907.298340 0.000000 130.915924 0.000000 0.217863 0.000000 0.975979 0.190218 0.190218 0.190218
5901.883301 0.000000 161.464951 0.000000 0.712213 0.000000 0.701963 0.193492 0.193492 0.193492
5946.308594 0.000000 157.568298 0.000000 0.426348 0.000000 0.904559 0.190405 0.190405 0.190405
5898.749023 0.000000 155.161621 0.000000 0.988488 0.000000 0.151302 0.207836 0.207836 0.207836
5888.205078 0.000000 135.387421 0.000000 0.073729 0.000000 0.997278 0.197860 0.197860 0.197860
5900.244629 0.000000 163.585373 0.000000 0.603747 0.000000 0.797176 0.198323 0.198323 0.198323
5892.256348 0.000000 168.484467 0.000000 0.890103 0.000000 0.455760 0.204264 0.204264 0.204264
5907.875488 0.000000 128.417572 0.000000 0.995742 0.000000 0.092179 0.209601 0.209601 0.209601
5888.974121 0.000000 125.676514 0.000000 0.351424 0.000000 0.936216 0.203121 0.203121 0.203121
5894.927734 0.000000 119.316132 0.000000 0.468480 0.000000 0.883474 0.199309 0.199309 0.199309
5905.307129 0.000000 123.914665 0.000000 0.676449 0.000000 0.736490 0.213690 0.213690 0.213690
5897.640137 0.000000 146.195816 0.000000 0.848913 0.000000 0.528532 0.236389 0.236389 0.236389
5940.417969 0.000000 143.293762 0.000000 0.895762 0.000000 0.444534 0.230023 0.230023 0.230023
5947.060547 0.000000 155.561020 0.000000 0.869281 0.000000 0.494318 0.226088 0.226088 0.226088
5892.386230 0.000000 123.385757 0.000000 0.507856 0.000000 0.861442 0.257391 0.257391 0.257391
5903.150391 0.000000 166.579758 0.000000 0.839649 0.000000 0.543129 0.240989 0.240989 0.240989
5900.800293 0.000000 123.531532 0.000000 0.997385 0.000000 0.072273 0.237459 0.237459 0.237459
5898.587402 0.000000 126.249084 0.000000 0.951515 0.000000 0.307603 0.266849 0.266849 0.266849
5938.737793 0.000000 146.466431 0.000000 0.934893 0.000000 0.354931 0.265620 0.265620 0.265620
5890.200195 0.000000 129.587997 0.000000 0.717781 0.000000 0.696269 0.256551 0.256551 0.256551
5899.861328 0.000000 127.638275 0.000000 0.644975 0.000000 0.764203 0.253199 0.253199 0.253199
5943.086426 0.000000 149.585052 0.000000 0.878465 0.000000 0.477807 0.271144 0.271144 0.271144
5895.854492 0.000000 123.716774 0.000000 0.229371 0.000000 0.973339 0.253568 0.253568 0.253568
5941.498535 0.000000 150.444962 0.000000 0.134899 0.000000 0.990859 0.241524 0.241524 0.241524
5901.681152 0.000000 126.741486 0.000000 0.955791 0.000000 0.294047 0.269276 0.269276 0.269276
5908.687500 0.000000 165.671890 0.000000 0.958083 0.000000 0.286489 0.273633 0.273633 0.273633
5897.291016 0.000000 129.762039 0.000000 0.758848 0.000000 0.651268 0.295234 0.295234 0.295234
5902.208008 0.000000 124.217278 0.000000 0.999739 0.000000 0.022851 0.280635 0.280635 0.280635
5893.125488 0.000000 125.699852 0.000000 0.785259 0.000000 0.619167 0.286820 0.286820 0.286820
5907.869141 0.000000 164.288391 0.000000 0.414189 0.000000 0.910191 0.274615 0.274615 0.274615
5917.201660 0.000000 145.635361 0.000000 0.702337 0.000000 0.711845 0.274756 0.274756 0.274756
5940.391602 0.000000 149.423782 0.000000 0.734544 0.000000 0.678561 0.270793 0.270793 0.270793
5901.914551 0.000000 131.211807 0.000000 0.160596 0.000000 0.987020 0.266597 0.266597 0.266597
5900.990723 0.000000 129.971008 0.000000 0.986248 0.000000 0.165272 0.290833 0.290833 0.290833
5906.552246 0.000000 167.119553 0.000000 0.415076 0.000000 0.909787 0.312305 0.312305 0.312305
5909.138184 0.000000 168.784836 0.000000 0.976737 0.000000 0.214440 0.386080 0.386080 0.386080
5905.812988 0.000000 168.833710 0.000000 0.015149 0.000000 0.999885 0.252530 0.252530 0.252530
5910.251465 0.000000 169.343475 0.000000 0.126526 0.000000 0.991963 0.298705 0.298705 0.298705
5908.261719 0.000000 168.194077 0.000000 0.411700 0.000000 0.911319 0.326154 0.326154 0.326154
5919.430176 0.000000 180.225082 0.000000 0.971633 0.000000 0.236492 0.198361 0.198361 0.198361
5949.041992 0.000000 225.111267 0.000000 0.950150 0.000000 0.311794 0.197546 0.197546 0.197546
5895.290527 0.000000 212.298218 0.000000 0.110716 0.000000 0.993852 0.186879 0.186879 0.186879
5905.216309 0.000000 209.334396 0.000000 0.544765 0.000000 0.838589 0.190973 0.190973 0.190973
5898.749023 0.000000 211.645996 0.000000 0.999645 0.000000 0.026653 0.203650 0.203650 0.203650
5900.244629 0.000000 220.069748 0.000000 0.972247 0.000000 0.233957 0.221924 0.221924 0.221924
5951.022949 0.000000 223.618683 0.000000 0.878457 0.000000 0.477822 0.213189 0.213189 0.213189
5917.269531 0.000000 171.612488 0.000000 0.961279 0.000000 0.275576 0.210687 0.210687 0.210687
5906.130371 0.000000 214.546356 0.000000 0.999992 0.000000 0.004043 0.231871 0.231871 0.231871
5950.298340 0.000000 218.923798 0.000000 0.989930 0.000000 0.141561 0.245007 0.245007 0.245007
5903.977051 0.000000 218.520203 0.000000 0.659724 0.000000 0.751508 0.223668 0.223668 0.223668
5888.060059 0.000000 177.701340 0.000000 0.449013 0.000000 0.893525 0.230713 0.230713 0.230713
5914.413574 0.000000 177.724655 0.000000 0.644767 0.000000 0.764380 0.236170 0.236170 0.236170
5907.139160 0.000000 217.116852 0.000000 0.568231 0.000000 0.822869 0.219060 0.219060 0.219060
5901.989746 0.000000 196.367615 0.000000 0.251983 0.000000 0.967732 0.220170 0.220170 0.220170
5914.472168 0.000000 172.686783 0.000000 0.397046 0.000000 0.917799 0.282796 0.282796 0.282796
5909.480469 0.000000 173.211197 0.000000 0.868904 0.000000 0.494981 0.312743 0.312743 0.312743
5911.808105 0.000000 174.286850 0.000000 0.960254 0.000000 0.279128 0.302836 0.302836 0.302836
5915.964355 0.000000 172.162643 0.000000 0.666873 0.000000 0.745172 0.295386 0.295386 0.295386
5913.027344 0.000000 174.651779 0.000000 0.445873 0.000000 0.895096 0.281158 0.281158 0.281158
5913.643555 0.000000 170.775345 0.000000 0.886809 0.000000 0.462137 0.339798 0.339798 0.339798
5908.239746 0.000000 170.605087 0.000000 0.213380 0.000000 0.976969 0.313148 0.313148 0.313148
5909.606445 0.000000 170.280762 0.000000 0.991193 0.000000 0.132424 0.390481 0.390481 0.390481
5910.253418 0.000000 171.518738 0.000000 0.817421 0.000000 0.576041 0.360306 0.360306 0.360306
5913.613770 0.000000 171.915817 0.000000 0.994025 0.000000 0.109154 0.358602 0.358602 0.358602
5911.363770 0.000000 171.380280 0.000000 0.992312 0.000000 0.123758 0.391977 0.391977 0.391977
5956.219238 0.000000 202.087280 0.000000 0.274849 0.000000 0.961487 0.198642 0.198642 0.198642
5974.697754 0.000000 215.971756 0.000000 0.361295 0.000000 0.932452 0.197064 0.197064 0.197064
5956.256348 0.000000 224.968842 0.000000 0.959380 0.000000 0.282116 0.212734 0.212734 0.212734
5952.956543 0.000000 210.573013 0.000000 0.872319 0.000000 0.488938 0.205890 0.205890 0.205890
5968.405273 0.000000 207.008224 0.000000 0.558777 0.000000 0.829318 0.223385 0.223385 0.223385
5964.076660 0.000000 204.763611 0.000000 0.273939 0.000000 0.961747 0.227876 0.227876 0.227876
5966.936035 0.000000 216.025024 0.000000 0.439676 0.000000 0.898157 0.233051 0.233051 0.233051
5957.476562 0.000000 220.731354 0.000000 0.465585 0.000000 0.885003 0.250360 0.250360 0.250360
5970.928223 0.000000 210.357880 0.000000 0.999572 0.000000 0.029240 0.302705 0.302705 0.302705
5961.975098 0.000000 206.965210 0.000000 0.029170 0.000000 0.999574 0.260620 0.260620 0.260620
5957.526367 0.000000 210.519043 0.000000 0.822299 0.000000 0.569055 0.247176 0.247176 0.247176
5969.260742 0.000000 212.017441 0.000000 0.060826 0.000000 0.998148 0.272817 0.272817 0.272817
5958.216797 0.000000 216.685059 0.000000 0.587152 0.000000 0.809477 0.280030 0.280030 0.280030
5957.392090 0.000000 219.192932 0.000000 0.998638 0.000000 0.052168 0.304179 0.304179 0.304179
5960.076660 0.000000 218.892548 0.000000 0.010487 0.000000 0.999945 0.244489 0.244489 0.244489
5968.417480 0.000000 215.324142 0.000000 0.890620 0.000000 0.454748 0.300176 0.300176 0.300176
5952.313965 0.000000 219.195175 0.000000 0.580998 0.000000 0.813905 0.269866 0.269866 0.269866
5970.752930 0.000000 215.807281 0.000000 0.990282 0.000000 0.139072 0.298095 0.298095 0.298095
5969.435547 0.000000 213.367111 0.000000 0.546417 0.000000 0.837513 0.294122 0.294122 0.294122
5959.451660 0.000000 217.170898 0.000000 0.999994 0.000000 0.003429 0.312487 0.312487 0.312487
5967.300293 0.000000 212.541321 0.000000 0.216302 0.000000 0.976327 0.278639 0.278639 0.278639
5962.229004 0.000000 213.721054 0.000000 0.621604 0.000000 0.783332 0.309134 0.309134 0.309134
5958.391602 0.000000 211.421188 0.000000 0.884060 0.000000 0.467373 0.311169 0.311169 0.311169
6058.622559 0.000000 223.478180 0.000000 0.801890 0.000000 0.597472 0.202406 0.202406 0.202406
6068.503418 0.000000 223.870697 0.000000 0.070112 0.000000 0.997539 0.196167 0.196167 0.196167
6060.263184 0.000000 219.628235 0.000000 0.723127 0.000000 0.690716 0.209784 0.209784 0.209784
6064.587402 0.000000 220.379181 0.000000 0.296540 0.000000 0.955020 0.213476 0.213476 0.213476
5881.786621 0.000000 230.462311 0.000000 0.941992 0.000000 0.335634 0.202551 0.202551 0.202551
5870.630859 0.000000 249.714157 0.000000 0.894429 0.000000 0.447211 0.221825 0.221825 0.221825
5887.940430 0.000000 245.386993 0.000000 0.992805 0.000000 0.119740 0.250869 0.250869 0.250869
5871.774902 0.000000 245.126053 0.000000 0.882403 0.000000 0.470494 0.233582 0.233582 0.233582
5870.967285 0.000000 241.314346 0.000000 0.401137 0.000000 0.916018 0.206455 0.206455 0.206455
5876.127930 0.000000 243.819962 0.000000 0.565600 0.000000 0.824680 0.235101 0.235101 0.235101
5874.636719 0.000000 236.391830 0.000000 0.541229 0.000000 0.840875 0.253423 0.253423 0.253423
5873.878906 0.000000 238.281387 0.000000 0.964563 0.000000 0.263851 0.256417 0.256417 0.256417
5876.512207 0.000000 235.791885 0.000000 0.834329 0.000000 0.551267 0.252482 0.252482 0.252482
5876.288574 0.000000 246.767609 0.000000 0.970564 0.000000 0.240845 0.254814 0.254814 0.254814
5883.325195 0.000000 238.052795 0.000000 0.780110 0.000000 0.625642 0.235187 0.235187 0.235187
5885.495117 0.000000 245.097717 0.000000 0.921139 0.000000 0.389234 0.270776 0.270776 0.270776
5880.204590 0.000000 236.198364 0.000000 0.828276 0.000000 0.560320 0.278010 0.278010 0.278010
5882.962891 0.000000 244.076202 0.000000 0.999805 0.000000 0.019749 0.324177 0.324177 0.324177
5879.988281 0.000000 241.560776 0.000000 0.765395 0.000000 0.643561 0.316680 0.316680 0.316680
5880.549805 0.000000 247.913284 0.000000 0.205897 0.000000 0.978574 0.279499 0.279499 0.279499
5878.458008 0.000000 238.846970 0.000000 0.364435 0.000000 0.931229 0.302113 0.302113 0.302113
5880.863770 0.000000 244.465546 0.000000 0.929141 0.000000 0.369726 0.331245 0.331245 0.331245
5738.622559 0.000000 449.415680 0.000000 0.393135 0.000000 0.919481 0.198348 0.198348 0.198348
5743.961914 0.000000 450.650513 0.000000 0.971468 0.000000 0.237169 0.206862 0.206862 0.206862
5759.022949 0.000000 449.556183 0.000000 0.466787 0.000000 0.884370 0.204726 0.204726 0.204726
5752.590820 0.000000 449.301331 0.000000 0.660644 0.000000 0.750699 0.247447 0.247447 0.247447
5885.041992 0.000000 394.564392 0.000000 0.885266 0.000000 0.465085 0.196377 0.196377 0.196377
5855.273438 0.000000 393.782654 0.000000 0.245509 0.000000 0.969394 0.190093 0.190093 0.190093
5875.720703 0.000000 376.778015 0.000000 0.035920 0.000000 0.999355 0.187546 0.187546 0.187546
5865.605957 0.000000 376.387756 0.000000 0.383657 0.000000 0.923476 0.189568 0.189568 0.189568
5860.176270 0.000000 382.925842 0.000000 0.800387 0.000000 0.599484 0.204373 0.204373 0.204373
5862.885742 0.000000 383.067963 0.000000 0.057204 0.000000 0.998363 0.197657 0.197657 0.197657
5875.473145 0.000000 379.284119 0.000000 0.887039 0.000000 0.461695 0.230721 0.230721 0.230721
5883.743652 0.000000 389.633759 0.000000 0.006466 0.000000 0.999979 0.209710 0.209710 0.209710
5879.341309 0.000000 390.198242 0.000000 0.377832 0.000000 0.925874 0.218237 0.218237 0.218237
5864.632324 0.000000 378.541412 0.000000 0.999792 0.000000 0.020419 0.239434 0.239434 0.239434
5866.151367 0.000000 381.417847 0.000000 0.162349 0.000000 0.986733 0.228721 0.228721 0.228721
5856.929688 0.000000 395.383759 0.000000 0.572791 0.000000 0.819702 0.218238 0.218238 0.218238
5872.736816 0.000000 385.593079 0.000000 0.984632 0.000000 0.174644 0.264842 0.264842 0.264842
5870.145508 0.000000 382.729309 0.000000 0.444639 0.000000 0.895710 0.258631 0.258631 0.258631
5881.560059 0.000000 389.550262 0.000000 0.004169 0.000000 0.999991 0.236127 0.236127 0.236127
5880.254883 0.000000 386.288635 0.000000 0.823654 0.000000 0.567092 0.262603 0.262603 0.262603
5878.213379 0.000000 381.911560 0.000000 0.673265 0.000000 0.739401 0.258580 0.258580 0.258580
5760.164062 0.000000 451.729706 0.000000 0.925760 0.000000 0.378112 0.259927 0.259927 0.259927
5842.974121 0.000000 396.793549 0.000000 0.036081 0.000000 0.999349 0.185824 0.185824 0.185824
5848.982910 0.000000 399.264496 0.000000 0.635854 0.000000 0.771810 0.194944 0.194944 0.194944
5878.928223 0.000000 412.275696 0.000000 0.969635 0.000000 0.244555 0.215354 0.215354 0.215354
5881.789062 0.000000 414.752411 0.000000 0.692805 0.000000 0.721125 0.235588 0.235588 0.235588
5858.286621 0.000000 399.018372 0.000000 0.996549 0.000000 0.083006 0.290025 0.290025 0.290025
5880.204590 0.000000 405.651489 0.000000 0.758951 0.000000 0.651148 0.280028 0.280028 0.280028
5885.523438 0.000000 408.976044 0.000000 0.566112 0.000000 0.824328 0.295099 0.295099 0.295099
5886.777344 0.000000 415.818817 0.000000 0.370506 0.000000 0.928830 0.273681 0.273681 0.273681
5886.222168 0.000000 418.102295 0.000000 0.254748 0.000000 0.967007 0.256523 0.256523 0.256523
5887.538574 0.000000 409.875854 0.000000 0.711922 0.000000 0.702258 0.273401 0.273401 0.273401
5882.229980 0.000000 407.211792 0.000000 0.019036 0.000000 0.999819 0.293141 0.293141 0.293141
5898.048340 0.000000 271.437805 0.000000 0.999933 0.000000 0.011567 0.199922 0.199922 0.199922
5920.909180 0.000000 268.180817 0.000000 0.470201 0.000000 0.882559 0.192307 0.192307 0.192307
5891.605469 0.000000 249.214081 0.000000 0.806356 0.000000 0.591430 0.194461 0.194461 0.194461
5888.522461 0.000000 241.639542 0.000000 0.781920 0.000000 0.623378 0.193867 0.193867 0.193867
5894.798828 0.000000 240.204483 0.000000 0.361317 0.000000 0.932443 0.201494 0.201494 0.201494
5905.116211 0.000000 273.184998 0.000000 0.406706 0.000000 0.913559 0.192192 0.192192 0.192192
5905.653320 0.000000 234.406906 0.000000 0.852803 0.000000 0.522233 0.194787 0.194787 0.194787
5900.424805 0.000000 244.357254 0.000000 0.465437 0.000000 0.885081 0.190086 0.190086 0.190086
5901.243652 0.000000 233.178635 0.000000 0.592017 0.000000 0.805925 0.199106 0.199106 0.199106
5908.862305 0.000000 274.604523 0.000000 0.563340 0.000000 0.826225 0.203376 0.203376 0.203376
5909.175293 0.000000 261.155548 0.000000 0.709997 0.000000 0.704205 0.212423 0.212423 0.212423
5907.150879 0.000000 259.699036 0.000000 0.525509 0.000000 0.850788 0.216467 0.216467 0.216467
5895.852051 0.000000 263.114990 0.000000 0.882334 0.000000 0.470624 0.215335 0.215335 0.215335
5893.887695 0.000000 256.766144 0.000000 0.674927 0.000000 0.737885 0.230507 0.230507 0.230507
5919.859863 0.000000 273.770996 0.000000 0.999989 0.000000 0.004607 0.267682 0.267682 0.267682
5898.587402 0.000000 239.217834 0.000000 0.520998 0.000000 0.853558 0.261112 0.261112 0.261112
5916.971191 0.000000 271.250183 0.000000 0.557297 0.000000 0.830314 0.252214 0.252214 0.252214
5894.483887 0.000000 244.869934 0.000000 0.987538 0.000000 0.157379 0.257691 0.257691 0.257691
5895.854492 0.000000 236.685516 0.000000 0.967008 0.000000 0.254745 0.265046 0.265046 0.265046
5901.681152 0.000000 239.710236 0.000000 0.156500 0.000000 0.987678 0.244260 0.244260 0.244260
5897.625488 0.000000 236.162354 0.000000 0.656228 0.000000 0.754563 0.267625 0.267625 0.267625
5911.132812 0.000000 263.886200 0.000000 0.639967 0.000000 0.768402 0.239661 0.239661 0.239661
5900.416504 0.000000 267.855438 0.000000 0.989507 0.000000 0.144485 0.272038 0.272038 0.272038
5915.980957 0.000000 269.879211 0.000000 0.854920 0.000000 0.518760 0.264061 0.264061 0.264061
5915.020508 0.000000 274.145691 0.000000 0.795738 0.000000 0.605642 0.256681 0.256681 0.256681
5905.260742 0.000000 268.501831 0.000000 0.264950 0.000000 0.964262 0.281356 0.281356 0.281356
5901.156250 0.000000 234.873932 0.000000 0.969378 0.000000 0.245571 0.264216 0.264216 0.264216
5913.412598 0.000000 266.048981 0.000000 0.973782 0.000000 0.227484 0.326602 0.326602 0.326602
5911.844727 0.000000 273.458099 0.000000 0.083044 0.000000 0.996546 0.271912 0.271912 0.271912
5909.261719 0.000000 273.098358 0.000000 0.995184 0.000000 0.098023 0.286312 0.286312 0.286312
5899.164062 0.000000 262.492615 0.000000 0.583429 0.000000 0.812164 0.303821 0.303821 0.303821
5895.944824 0.000000 253.875854 0.000000 0.201463 0.000000 0.979496 0.265364 0.265364 0.265364
5894.455566 0.000000 253.842682 0.000000 0.115935 0.000000 0.993257 0.262372 0.262372 0.262372
5910.076660 0.000000 267.723297 0.000000 0.970924 0.000000 0.239390 0.363179 0.363179 0.363179
5902.922852 0.000000 256.158142 0.000000 0.703346 0.000000 0.710847 0.281817 0.281817 0.281817
5898.271484 0.000000 255.039322 0.000000 0.999992 0.000000 0.003929 0.368422 0.368422 0.368422
5917.439453 0.000000 272.824249 0.000000 0.952541 0.000000 0.304409 0.292709 0.292709 0.292709
5905.383301 0.000000 262.444885 0.000000 0.982757 0.000000 0.184900 0.365199 0.365199 0.365199
5910.808594 0.000000 268.956451 0.000000 0.982597 0.000000 0.185753 0.387919 0.387919 0.387919
5910.478516 0.000000 273.844025 0.000000 0.594215 0.000000 0.804306 0.294125 0.294125 0.294125
5910.880859 0.000000 266.500732 0.000000 0.509686 0.000000 0.860360 0.319510 0.319510 0.319510
5911.770020 0.000000 271.495117 0.000000 0.748107 0.000000 0.663579 0.350560 0.350560 0.350560
5903.678223 0.000000 262.354706 0.000000 0.922843 0.000000 0.385177 0.372360 0.372360 0.372360
5897.015625 0.000000 257.919525 0.000000 0.810527 0.000000 0.585702 0.359226 0.359226 0.359226
5901.189453 0.000000 253.978180 0.000000 0.099619 0.000000 0.995026 0.266950 0.266950 0.266950
5901.373047 0.000000 261.206360 0.000000 0.896126 0.000000 0.443800 0.367971 0.367971 0.367971
5913.036621 0.000000 270.172821 0.000000 0.387516 0.000000 0.921863 0.319066 0.319066 0.319066
5914.048340 0.000000 272.464478 0.000000 0.952626 0.000000 0.304145 0.317212 0.317212 0.317212
5903.086426 0.000000 263.472778 0.000000 0.734469 0.000000 0.678642 0.347858 0.347858 0.347858
5896.697754 0.000000 254.858902 0.000000 0.020896 0.000000 0.999782 0.298235 0.298235 0.298235
5903.281250 0.000000 258.743652 0.000000 0.610350 0.000000 0.792132 0.319344 0.319344 0.319344
5906.405762 0.000000 265.701660 0.000000 0.615117 0.000000 0.788436 0.315013 0.315013 0.315013
5904.442383 0.000000 266.745117 0.000000 0.516856 0.000000 0.856072 0.333297 0.333297 0.333297
5907.857422 0.000000 266.134003 0.000000 0.905107 0.000000 0.425185 0.369520 0.369520 0.369520
5909.435547 0.000000 271.945038 0.000000 0.514713 0.000000 0.857363 0.313385 0.313385 0.313385
5898.195801 0.000000 256.272125 0.000000 0.155284 0.000000 0.987870 0.307327 0.307327 0.307327
5902.093750 0.000000 265.662964 0.000000 0.995777 0.000000 0.091807 0.393642 0.393642 0.393642
5908.294434 0.000000 269.131287 0.000000 0.716224 0.000000 0.697870 0.347548 0.347548 0.347548
5899.257324 0.000000 257.867798 0.000000 0.737916 0.000000 0.674892 0.348808 0.348808 0.348808
5905.233398 0.000000 264.770569 0.000000 0.686477 0.000000 0.727152 0.344510 0.344510 0.344510
5899.892578 0.000000 259.726776 0.000000 0.412735 0.000000 0.910851 0.321081 0.321081 0.321081
6010.133789 0.000000 253.401962 0.000000 0.896320 0.000000 0.443407 0.196502 0.196502 0.196502
5994.622559 0.000000 279.962555 0.000000 0.994731 0.000000 0.102515 0.210584 0.210584 0.210584
5994.452148 0.000000 260.871613 0.000000 0.912900 0.000000 0.408184 0.200684 0.200684 0.200684
6012.341309 0.000000 279.105347 0.000000 0.866755 0.000000 0.498735 0.205761 0.205761 0.205761
6015.022949 0.000000 280.103058 0.000000 0.878119 0.000000 0.478442 0.205004 0.205004 0.205004
6007.370605 0.000000 259.592926 0.000000 0.683891 0.000000 0.729584 0.210026 0.210026 0.210026
6001.258789 0.000000 263.394470 0.000000 0.872511 0.000000 0.488595 0.243217 0.243217 0.243217
6008.956055 0.000000 251.353226 0.000000 0.829802 0.000000 0.558057 0.212980 0.212980 0.212980
5996.435059 0.000000 261.912628 0.000000 0.929138 0.000000 0.369732 0.226176 0.226176 0.226176
6004.417969 0.000000 256.262512 0.000000 0.291871 0.000000 0.956458 0.206619 0.206619 0.206619
5984.929688 0.000000 282.415009 0.000000 0.906076 0.000000 0.423115 0.248709 0.248709 0.248709
5998.922852 0.000000 261.258820 0.000000 0.481581 0.000000 0.876402 0.254112 0.254112 0.254112
5995.705078 0.000000 253.325241 0.000000 0.427374 0.000000 0.904075 0.216514 0.216514 0.216514
6001.818848 0.000000 252.685226 0.000000 0.881017 0.000000 0.473085 0.277160 0.277160 0.277160
6004.288574 0.000000 246.767609 0.000000 0.534557 0.000000 0.845132 0.236106 0.236106 0.236106
6007.775879 0.000000 253.662460 0.000000 0.885804 0.000000 0.464060 0.242761 0.242761 0.242761
6002.737793 0.000000 259.435181 0.000000 0.973981 0.000000 0.226632 0.292116 0.292116 0.292116
6006.093750 0.000000 250.204895 0.000000 0.179067 0.000000 0.983837 0.225185 0.225185 0.225185
6000.528809 0.000000 246.818481 0.000000 0.949405 0.000000 0.314054 0.307676 0.307676 0.307676
5997.740723 0.000000 256.146667 0.000000 0.869317 0.000000 0.494255 0.261844 0.261844 0.261844
5999.049805 0.000000 255.147430 0.000000 0.985293 0.000000 0.170875 0.323695 0.323695 0.323695
6003.356445 0.000000 248.112854 0.000000 0.993295 0.000000 0.115605 0.296675 0.296675 0.296675
5998.407715 0.000000 253.107498 0.000000 0.555201 0.000000 0.831716 0.292994 0.292994 0.292994
5999.419922 0.000000 248.591904 0.000000 0.997865 0.000000 0.065313 0.329028 0.329028 0.329028
5946.308594 0.000000 327.021423 0.000000 0.834537 0.000000 0.550952 0.195952 0.195952 0.195952
5943.010742 0.000000 337.374786 0.000000 0.024797 0.000000 0.999692 0.192339 0.192339 0.192339
5942.755859 0.000000 308.517273 0.000000 0.972692 0.000000 0.232102 0.200459 0.200459 0.200459
5924.675781 0.000000 315.263947 0.000000 0.687034 0.000000 0.726625 0.192486 0.192486 0.192486
5914.132812 0.000000 316.873688 0.000000 0.935593 0.000000 0.353079 0.196667 0.196667 0.196667
5938.278320 0.000000 313.130798 0.000000 0.811432 0.000000 0.584447 0.201583 0.201583 0.201583
5938.616699 0.000000 328.475098 0.000000 0.974025 0.000000 0.226438 0.226319 0.226319 0.226319
5909.175293 0.000000 317.639923 0.000000 0.998992 0.000000 0.044890 0.211248 0.211248 0.211248
5911.654785 0.000000 316.077332 0.000000 0.999480 0.000000 0.032231 0.209165 0.209165 0.209165
5916.691406 0.000000 330.514160 0.000000 0.356353 0.000000 0.934351 0.209288 0.209288 0.209288
5943.341309 0.000000 333.713867 0.000000 0.941189 0.000000 0.337879 0.214116 0.214116 0.214116
5911.550293 0.000000 324.210815 0.000000 0.971430 0.000000 0.237326 0.232561 0.232561 0.232561
5923.097656 0.000000 324.521942 0.000000 0.977894 0.000000 0.209103 0.262964 0.262964 0.262964
5950.298340 0.000000 331.892548 0.000000 0.017982 0.000000 0.999838 0.215278 0.215278 0.215278
5940.417969 0.000000 312.746887 0.000000 0.696879 0.000000 0.717188 0.255818 0.255818 0.255818
5936.587402 0.000000 333.347931 0.000000 0.925176 0.000000 0.379539 0.263957 0.263957 0.263957
5912.739258 0.000000 310.991058 0.000000 0.998075 0.000000 0.062026 0.229882 0.229882 0.229882
5919.429199 0.000000 306.350006 0.000000 0.970007 0.000000 0.243077 0.254765 0.254765 0.254765
5924.267090 0.000000 307.312592 0.000000 0.273198 0.000000 0.961958 0.228663 0.228663 0.228663
5940.752441 0.000000 328.819214 0.000000 0.239103 0.000000 0.970994 0.235803 0.235803 0.235803
5913.195312 0.000000 327.997681 0.000000 0.937044 0.000000 0.349212 0.247263 0.247263 0.247263
5914.051758 0.000000 314.716095 0.000000 0.867854 0.000000 0.496819 0.231061 0.231061 0.231061
5925.990723 0.000000 319.059235 0.000000 0.871574 0.000000 0.490264 0.247154 0.247154 0.247154
5940.105469 0.000000 324.812836 0.000000 0.848599 0.000000 0.529036 0.248186 0.248186 0.248186
5943.775879 0.000000 310.146820 0.000000 0.525076 0.000000 0.851055 0.243624 0.243624 0.243624
5951.474121 0.000000 327.646301 0.000000 0.974256 0.000000 0.225445 0.240236 0.240236 0.240236
5927.873535 0.000000 319.209381 0.000000 0.210115 0.000000 0.977677 0.225797 0.225797 0.225797
5916.971191 0.000000 327.734558 0.000000 0.444408 0.000000 0.895825 0.270411 0.270411 0.270411
5924.653320 0.000000 320.686737 0.000000 0.897631 0.000000 0.440748 0.246293 0.246293 0.246293
5921.556152 0.000000 309.096191 0.000000 0.702701 0.000000 0.711485 0.266795 0.266795 0.266795
5944.590820 0.000000 336.332581 0.000000 0.738956 0.000000 0.673753 0.233078 0.233078 0.233078
5946.464844 0.000000 318.709290 0.000000 0.995111 0.000000 0.098758 0.273180 0.273180 0.273180
5917.381836 0.000000 313.017120 0.000000 0.827950 0.000000 0.560801 0.253191 0.253191 0.253191
5943.086426 0.000000 319.038177 0.000000 0.761536 0.000000 0.648123 0.234651 0.234651 0.234651
5945.096680 0.000000 316.486816 0.000000 0.638431 0.000000 0.769679 0.256509 0.256509 0.256509
5922.170410 0.000000 310.779205 0.000000 0.785690 0.000000 0.618621 0.244924 0.244924 0.244924
5919.589355 0.000000 312.466919 0.000000 0.839987 0.000000 0.542607 0.259493 0.259493 0.259493
5913.175293 0.000000 324.791412 0.000000 0.020538 0.000000 0.999789 0.229421 0.229421 0.229421
5915.705566 0.000000 322.460724 0.000000 0.986411 0.000000 0.164297 0.287647 0.287647 0.287647
5938.333496 0.000000 321.358459 0.000000 0.941359 0.000000 0.337408 0.259907 0.259907 0.259907
5951.198730 0.000000 317.441956 0.000000 0.936605 0.000000 0.350386 0.288131 0.288131 0.288131
5937.522949 0.000000 337.093658 0.000000 0.246332 0.000000 0.969186 0.250390 0.250390 0.250390
5916.480469 0.000000 320.982788 0.000000 0.976855 0.000000 0.213904 0.305161 0.305161 0.305161
5918.635254 0.000000 326.985168 0.000000 0.251915 0.000000 0.967749 0.257888 0.257888 0.257888
5936.143066 0.000000 334.838470 0.000000 0.958052 0.000000 0.286593 0.302567 0.302567 0.302567
5915.274902 0.000000 325.041840 0.000000 0.607313 0.000000 0.794463 0.269185 0.269185 0.269185
5945.877930 0.000000 313.003143 0.000000 0.996580 0.000000 0.082632 0.290036 0.290036 0.290036
5949.805664 0.000000 318.068268 0.000000 0.984950 0.000000 0.172838 0.302344 0.302344 0.302344
5948.529297 0.000000 315.855316 0.000000 0.435890 0.000000 0.900000 0.276976 0.276976 0.276976
5950.782227 0.000000 320.441956 0.000000 0.999992 0.000000 0.003996 0.301275 0.301275 0.301275
5920.756836 0.000000 322.043915 0.000000 0.153232 0.000000 0.988190 0.288830 0.288830 0.288830
5918.751465 0.000000 322.013489 0.000000 0.527660 0.000000 0.849455 0.331244 0.331244 0.331244
5920.915527 0.000000 323.337372 0.000000 0.326746 0.000000 0.945112 0.297496 0.297496 0.297496
5966.124512 0.000000 311.430695 0.000000 0.795848 0.000000 0.605496 0.195210 0.195210 0.195210
5959.650879 0.000000 299.909271 0.000000 0.995792 0.000000 0.091645 0.199301 0.199301 0.199301
5991.675293 0.000000 337.195740 0.000000 0.989574 0.000000 0.144023 0.198900 0.198900 0.198900
5998.917969 0.000000 303.736603 0.000000 0.914178 0.000000 0.405313 0.196510 0.196510 0.196510
5980.683105 0.000000 295.855804 0.000000 0.881275 0.000000 0.472604 0.199939 0.199939 0.199939
5978.771973 0.000000 332.332153 0.000000 0.924219 0.000000 0.381864 0.200981 0.200981 0.200981
5981.536621 0.000000 322.435028 0.000000 0.933039 0.000000 0.359777 0.196600 0.196600 0.196600
5978.132812 0.000000 316.873688 0.000000 0.999728 0.000000 0.023330 0.219307 0.219307 0.219307
5990.737793 0.000000 320.899750 0.000000 0.051605 0.000000 0.998668 0.198406 0.198406 0.198406
5993.246582 0.000000 330.733643 0.000000 0.928910 0.000000 0.370305 0.202160 0.202160 0.202160
5973.436035 0.000000 333.719818 0.000000 0.746814 0.000000 0.665032 0.193548 0.193548 0.193548
5994.622559 0.000000 336.446930 0.000000 0.987354 0.000000 0.158528 0.209934 0.209934 0.209934
5972.862305 0.000000 331.088898 0.000000 0.990369 0.000000 0.138451 0.220002 0.220002 0.220002
6002.542480 0.000000 288.220398 0.000000 0.877417 0.000000 0.479729 0.206011 0.206011 0.206011
5972.724609 0.000000 312.122284 0.000000 0.719846 0.000000 0.694134 0.202943 0.202943 0.202943
5979.115234 0.000000 311.705536 0.000000 0.217534 0.000000 0.976053 0.203884 0.203884 0.203884
5975.654785 0.000000 316.077332 0.000000 0.941851 0.000000 0.336031 0.218343 0.218343 0.218343
5973.389160 0.000000 325.647766 0.000000 0.326787 0.000000 0.945098 0.202788 0.202788 0.202788
6006.928223 0.000000 299.306946 0.000000 0.507573 0.000000 0.861609 0.211662 0.211662 0.211662
6011.743652 0.000000 333.149384 0.000000 0.403941 0.000000 0.914785 0.231424 0.231424 0.231424
6001.258789 0.000000 319.878845 0.000000 0.788856 0.000000 0.614578 0.211080 0.211080 0.211080
5975.550293 0.000000 324.210815 0.000000 0.999565 0.000000 0.029491 0.223685 0.223685 0.223685
5999.774902 0.000000 301.610413 0.000000 0.477134 0.000000 0.878830 0.217387 0.217387 0.217387
5980.903809 0.000000 289.043243 0.000000 0.558710 0.000000 0.829363 0.235815 0.235815 0.235815
5954.523438 0.000000 296.836731 0.000000 0.993557 0.000000 0.113334 0.237872 0.237872 0.237872
5986.304199 0.000000 298.521698 0.000000 0.713841 0.000000 0.700308 0.221091 0.221091 0.221091
6004.127930 0.000000 300.304321 0.000000 0.548019 0.000000 0.836466 0.244240 0.244240 0.244240
6014.808594 0.000000 310.449371 0.000000 0.233564 0.000000 0.972341 0.210810 0.210810 0.210810
6015.035645 0.000000 324.030060 0.000000 0.567689 0.000000 0.823243 0.237793 0.237793 0.237793
6006.447266 0.000000 331.631348 0.000000 0.307831 0.000000 0.951441 0.246794 0.246794 0.246794
5953.798828 0.000000 332.360931 0.000000 0.917700 0.000000 0.397274 0.244194 0.244194 0.244194
6003.156250 0.000000 296.494934 0.000000 0.741110 0.000000 0.671384 0.240675 0.240675 0.240675
6001.878906 0.000000 294.765778 0.000000 0.086230 0.000000 0.996275 0.211750 0.211750 0.211750
6013.048828 0.000000 321.687195 0.000000 0.050847 0.000000 0.998706 0.213525 0.213525 0.213525
5953.941895 0.000000 335.049896 0.000000 0.483033 0.000000 0.875602 0.222774 0.222774 0.222774
6000.863770 0.000000 326.897888 0.000000 0.942070 0.000000 0.335418 0.237168 0.237168 0.237168
6006.407227 0.000000 335.457520 0.000000 0.033189 0.000000 0.999449 0.217827 0.217827 0.217827
5954.200195 0.000000 299.041107 0.000000 0.675400 0.000000 0.737452 0.230519 0.230519 0.230519
5991.873535 0.000000 319.209381 0.000000 0.950504 0.000000 0.310711 0.280183 0.280183 0.280183
5987.248535 0.000000 296.783264 0.000000 0.876153 0.000000 0.482032 0.287532 0.287532 0.287532
5987.859863 0.000000 288.104218 0.000000 0.665666 0.000000 0.746250 0.263610 0.263610 0.263610
5986.989746 0.000000 314.636261 0.000000 0.394134 0.000000 0.919053 0.266308 0.266308 0.266308
5984.706543 0.000000 286.571106 0.000000 0.941008 0.000000 0.338383 0.307745 0.307745 0.307745
6003.333496 0.000000 326.829590 0.000000 0.517629 0.000000 0.855605 0.276354 0.276354 0.276354
5982.747070 0.000000 284.009888 0.000000 0.753879 0.000000 0.657013 0.270723 0.270723 0.270723
5986.394043 0.000000 295.114899 0.000000 0.983959 0.000000 0.178397 0.328684 0.328684 0.328684
5953.437988 0.000000 320.382477 0.000000 0.741967 0.000000 0.670437 0.285455 0.285455 0.285455
6002.837402 0.000000 324.098083 0.000000 0.932363 0.000000 0.361522 0.303837 0.303837 0.303837
5987.450684 0.000000 291.082642 0.000000 0.124728 0.000000 0.992191 0.267888 0.267888 0.267888
5985.198730 0.000000 317.272949 0.000000 0.851950 0.000000 0.523623 0.284088 0.284088 0.284088
5985.012207 0.000000 292.635101 0.000000 0.352704 0.000000 0.935735 0.304765 0.304765 0.304765
5952.022461 0.000000 318.128693 0.000000 0.871997 0.000000 0.489512 0.287258 0.287258 0.287258
5987.771973 0.000000 316.578705 0.000000 0.375953 0.000000 0.926639 0.276826 0.276826 0.276826
5984.474609 0.000000 293.651001 0.000000 0.233643 0.000000 0.972322 0.298304 0.298304 0.298304
6073.426758 0.000000 243.336456 0.000000 0.293594 0.000000 0.955930 0.190467 0.190467 0.190467
6030.124512 0.000000 254.946304 0.000000 0.533680 0.000000 0.845686 0.192577 0.192577 0.192577
6074.875000 0.000000 226.091995 0.000000 0.805080 0.000000 0.593167 0.194440 0.194440 0.194440
6071.430664 0.000000 239.814545 0.000000 0.600958 0.000000 0.799280 0.192023 0.192023 0.192023
6016.226074 0.000000 277.254517 0.000000 0.999798 0.000000 0.020119 0.211533 0.211533 0.211533
6067.006836 0.000000 234.382584 0.000000 0.637376 0.000000 0.770553 0.200698 0.200698 0.200698
6027.713867 0.000000 263.940643 0.000000 0.784605 0.000000 0.619996 0.203083 0.203083 0.203083
6018.892090 0.000000 264.138794 0.000000 0.955650 0.000000 0.294505 0.213636 0.213636 0.213636
6027.443359 0.000000 255.924576 0.000000 0.955596 0.000000 0.294680 0.208325 0.208325 0.208325
6025.349609 0.000000 278.492554 0.000000 0.344664 0.000000 0.938726 0.191511 0.191511 0.191511
6023.173340 0.000000 255.144211 0.000000 0.987911 0.000000 0.155025 0.218691 0.218691 0.218691
6071.474609 0.000000 231.008179 0.000000 0.806005 0.000000 0.591909 0.237907 0.237907 0.237907
6073.683105 0.000000 228.093246 0.000000 0.355684 0.000000 0.934606 0.214441 0.214441 0.214441
6025.640137 0.000000 259.164581 0.000000 0.369680 0.000000 0.929159 0.202488 0.202488 0.202488
6078.188965 0.000000 241.012115 0.000000 0.794042 0.000000 0.607862 0.239456 0.239456 0.239456
6017.439453 0.000000 250.316864 0.000000 0.391792 0.000000 0.920054 0.212442 0.212442 0.212442
6021.852539 0.000000 248.783066 0.000000 0.628821 0.000000 0.777550 0.239364 0.239364 0.239364
6018.422852 0.000000 254.337097 0.000000 0.558148 0.000000 0.829742 0.257328 0.257328 0.257328
6021.887695 0.000000 256.766144 0.000000 0.742613 0.000000 0.669721 0.243531 0.243531 0.243531
6068.116699 0.000000 228.268372 0.000000 0.135180 0.000000 0.990821 0.224325 0.224325 0.224325
6073.029297 0.000000 232.374298 0.000000 0.660069 0.000000 0.751205 0.235653 0.235653 0.235653
6076.870605 0.000000 233.329987 0.000000 0.026896 0.000000 0.999638 0.222221 0.222221 0.222221
6075.459473 0.000000 235.297653 0.000000 0.659800 0.000000 0.751442 0.235646 0.235646 0.235646
6075.325195 0.000000 238.052795 0.000000 0.940459 0.000000 0.339907 0.245389 0.245389 0.245389
6062.857422 0.000000 231.441345 0.000000 0.565840 0.000000 0.824515 0.225325 0.225325 0.225325
6020.483398 0.000000 260.367371 0.000000 0.436522 0.000000 0.899694 0.240508 0.240508 0.240508
6020.650391 0.000000 263.713562 0.000000 0.243528 0.000000 0.969894 0.237453 0.237453 0.237453
6105.550293 0.000000 237.538940 0.000000 0.524904 0.000000 0.851161 0.191866 0.191866 0.191866
6080.205078 0.000000 248.356171 0.000000 0.604404 0.000000 0.796678 0.202107 0.202107 0.202107
6097.653320 0.000000 234.406906 0.000000 0.995755 0.000000 0.092046 0.205190 0.205190 0.205190
6092.424805 0.000000 244.357254 0.000000 0.528844 0.000000 0.848719 0.204716 0.204716 0.204716
6080.974121 0.000000 238.645264 0.000000 0.932729 0.000000 0.360578 0.232556 0.232556 0.232556
6086.927734 0.000000 232.284882 0.000000 0.511372 0.000000 0.859360 0.214424 0.214424 0.214424
6097.307129 0.000000 236.883423 0.000000 0.937906 0.000000 0.346891 0.243175 0.243175 0.243175
6084.637695 0.000000 244.510300 0.000000 0.017660 0.000000 0.999844 0.206758 0.206758 0.206758
6088.162109 0.000000 245.658295 0.000000 0.765767 0.000000 0.643119 0.213539 0.213539 0.213539
6083.661133 0.000000 247.011047 0.000000 0.995309 0.000000 0.096749 0.250225 0.250225 0.250225
6080.013672 0.000000 230.460236 0.000000 0.537765 0.000000 0.843095 0.223855 0.223855 0.223855
6084.386230 0.000000 236.354507 0.000000 0.838441 0.000000 0.544992 0.240946 0.240946 0.240946
6103.989746 0.000000 238.967331 0.000000 0.762520 0.000000 0.646964 0.220271 0.220271 0.220271
6082.093750 0.000000 237.003891 0.000000 0.925730 0.000000 0.378186 0.244595 0.244595 0.244595
6086.215332 0.000000 242.090881 0.000000 0.465422 0.000000 0.885089 0.229355 0.229355 0.229355
6090.587402 0.000000 239.217834 0.000000 0.949866 0.000000 0.312657 0.243860 0.243860 0.243860
6094.853027 0.000000 242.839294 0.000000 0.887189 0.000000 0.461406 0.239805 0.239805 0.239805
6100.110352 0.000000 239.575317 0.000000 0.992909 0.000000 0.118873 0.247612 0.247612 0.247612
6081.541504 0.000000 247.101547 0.000000 0.844355 0.000000 0.535784 0.236234 0.236234 0.236234
6088.607910 0.000000 239.772934 0.000000 0.448579 0.000000 0.893743 0.230703 0.230703 0.230703
6087.854492 0.000000 236.685516 0.000000 0.991590 0.000000 0.129422 0.247411 0.247411 0.247411
6097.241211 0.000000 243.568832 0.000000 0.440214 0.000000 0.897893 0.230522 0.230522 0.230522
6025.163574 0.000000 321.722687 0.000000 0.068728 0.000000 0.997635 0.188938 0.188938 0.188938
6021.002930 0.000000 318.549866 0.000000 0.670166 0.000000 0.742211 0.193318 0.193318 0.193318
6021.348633 0.000000 290.863647 0.000000 0.506213 0.000000 0.862408 0.191562 0.191562 0.191562
6029.243652 0.000000 289.662994 0.000000 0.838287 0.000000 0.545230 0.214183 0.214183 0.214183
6022.202148 0.000000 293.934692 0.000000 0.952377 0.000000 0.304922 0.206080 0.206080 0.206080
6030.569336 0.000000 316.190643 0.000000 0.555408 0.000000 0.831578 0.211546 0.211546 0.211546
6017.439453 0.000000 306.801239 0.000000 0.000390 0.000000 1.000000 0.220227 0.220227 0.220227
6025.114258 0.000000 312.535645 0.000000 0.614853 0.000000 0.788641 0.253994 0.253994 0.253994
6022.227051 0.000000 326.996857 0.000000 0.734710 0.000000 0.678382 0.229178 0.229178 0.229178
6031.288574 0.000000 296.959869 0.000000 0.877096 0.000000 0.480314 0.240406 0.240406 0.240406
6024.096191 0.000000 284.606873 0.000000 0.274242 0.000000 0.961661 0.262230 0.262230 0.262230
6026.858887 0.000000 289.950531 0.000000 0.717752 0.000000 0.696299 0.268294 0.268294 0.268294
6026.324219 0.000000 313.915314 0.000000 0.620198 0.000000 0.784445 0.251539 0.251539 0.251539
6018.240723 0.000000 324.739288 0.000000 0.766493 0.000000 0.642253 0.255558 0.255558 0.255558
6025.625488 0.000000 292.646729 0.000000 0.702512 0.000000 0.711672 0.270343 0.270343 0.270343
6027.004883 0.000000 308.241852 0.000000 0.979663 0.000000 0.200651 0.309850 0.309850 0.309850
6026.960449 0.000000 316.586792 0.000000 0.851419 0.000000 0.524486 0.256120 0.256120 0.256120
6024.235840 0.000000 289.804474 0.000000 0.715670 0.000000 0.698439 0.295450 0.295450 0.295450
6021.528809 0.000000 311.760071 0.000000 0.882151 0.000000 0.470967 0.310054 0.310054 0.310054
6019.273438 0.000000 307.255096 0.000000 0.293354 0.000000 0.956004 0.255492 0.255492 0.255492
6022.455566 0.000000 310.327057 0.000000 0.884847 0.000000 0.465882 0.278373 0.278373 0.278373
6022.676758 0.000000 307.672028 0.000000 0.329211 0.000000 0.944256 0.264816 0.264816 0.264816
6020.395996 0.000000 309.007690 0.000000 0.359541 0.000000 0.933129 0.278344 0.278344 0.278344
6024.166504 0.000000 288.006500 0.000000 0.998845 0.000000 0.048048 0.323097 0.323097 0.323097
6027.846680 0.000000 286.669006 0.000000 0.545361 0.000000 0.838201 0.267716 0.267716 0.267716
6021.906250 0.000000 309.010620 0.000000 0.021676 0.000000 0.999765 0.265264 0.265264 0.265264
6142.612305 0.000000 334.062164 0.000000 0.778477 0.000000 0.627673 0.193817 0.193817 0.193817
6140.370605 0.000000 328.318512 0.000000 0.589341 0.000000 0.807884 0.212122 0.212122 0.212122
6143.035645 0.000000 324.030060 0.000000 0.501977 0.000000 0.864881 0.229273 0.229273 0.229273
6099.981934 0.000000 336.604065 0.000000 0.764111 0.000000 0.645085 0.293755 0.293755 0.293755
6092.418457 0.000000 331.497803 0.000000 0.369754 0.000000 0.929130 0.282356 0.282356 0.282356
6093.528320 0.000000 336.940277 0.000000 0.030729 0.000000 0.999528 0.297717 0.297717 0.297717
6095.887695 0.000000 330.159210 0.000000 0.094761 0.000000 0.995500 0.266769 0.266769 0.266769
6096.364258 0.000000 335.993256 0.000000 0.495510 0.000000 0.868602 0.303563 0.303563 0.303563
6092.208496 0.000000 336.522644 0.000000 0.745952 0.000000 0.666000 0.346283 0.346283 0.346283
6093.223633 0.000000 338.458496 0.000000 0.999826 0.000000 0.018657 0.357633 0.357633 0.357633
6094.071777 0.000000 336.044220 0.000000 0.283348 0.000000 0.959017 0.317648 0.317648 0.317648
5920.909180 0.000000 381.149567 0.000000 0.630759 0.000000 0.775978 0.193347 0.193347 0.193347
5937.916504 0.000000 356.696259 0.000000 0.996516 0.000000 0.083404 0.199333 0.199333 0.199333
5918.600098 0.000000 388.609833 0.000000 0.452923 0.000000 0.891550 0.191618 0.191618 0.191618
5926.720703 0.000000 385.640930 0.000000 0.515827 0.000000 0.856693 0.191781 0.191781 0.191781
5893.348633 0.000000 347.348022 0.000000 0.983327 0.000000 0.181847 0.198425 0.198425 0.198425
5921.638184 0.000000 385.674896 0.000000 0.996392 0.000000 0.084872 0.199289 0.199289 0.199289
5920.344727 0.000000 377.223877 0.000000 0.855671 0.000000 0.517520 0.194975 0.194975 0.194975
5937.605957 0.000000 391.760101 0.000000 0.476830 0.000000 0.878995 0.190216 0.190216 0.190216
5894.113770 0.000000 377.864746 0.000000 0.471245 0.000000 0.882002 0.202074 0.202074 0.202074
5948.365723 0.000000 341.633911 0.000000 0.943684 0.000000 0.330849 0.207887 0.207887 0.207887
5894.827637 0.000000 394.905121 0.000000 0.904922 0.000000 0.425578 0.221148 0.221148 0.221148
5901.243652 0.000000 346.147369 0.000000 0.525568 0.000000 0.850752 0.198215 0.198215 0.198215
5899.443359 0.000000 368.893311 0.000000 0.215989 0.000000 0.976396 0.204704 0.204704 0.204704
5897.349609 0.000000 391.461304 0.000000 0.736690 0.000000 0.676230 0.196360 0.196360 0.196360
5908.724609 0.000000 368.606659 0.000000 0.522154 0.000000 0.852851 0.212806 0.212806 0.212806
5892.256348 0.000000 394.421967 0.000000 0.803624 0.000000 0.595138 0.210403 0.210403 0.210403
5922.441895 0.000000 372.869598 0.000000 0.696767 0.000000 0.717297 0.202567 0.202567 0.202567
5944.373535 0.000000 339.044678 0.000000 0.206984 0.000000 0.978344 0.199515 0.199515 0.199515
5931.827148 0.000000 377.093018 0.000000 0.767689 0.000000 0.640822 0.245274 0.245274 0.245274
5950.188965 0.000000 353.980865 0.000000 0.999997 0.000000 0.002385 0.249815 0.249815 0.249815
5945.532715 0.000000 353.880859 0.000000 0.975724 0.000000 0.219005 0.224285 0.224285 0.224285
5899.910645 0.000000 366.589203 0.000000 0.034535 0.000000 0.999403 0.229727 0.229727 0.229727
5940.127930 0.000000 356.788696 0.000000 0.090723 0.000000 0.995876 0.211822 0.211822 0.211822
5928.632324 0.000000 378.541412 0.000000 0.759625 0.000000 0.650361 0.240292 0.240292 0.240292
5919.716309 0.000000 379.356842 0.000000 0.174286 0.000000 0.984695 0.211535 0.211535 0.211535
5895.299805 0.000000 379.644379 0.000000 0.903665 0.000000 0.428239 0.230318 0.230318 0.230318
5896.816895 0.000000 386.914551 0.000000 0.946968 0.000000 0.321329 0.260297 0.260297 0.260297
5948.194824 0.000000 374.495392 0.000000 0.914728 0.000000 0.404070 0.245069 0.245069 0.245069
5902.324707 0.000000 362.794159 0.000000 0.170284 0.000000 0.985395 0.237986 0.237986 0.237986
5893.476562 0.000000 390.184479 0.000000 0.656790 0.000000 0.754074 0.231908 0.231908 0.231908
5949.048828 0.000000 378.171570 0.000000 0.925118 0.000000 0.379680 0.273069 0.273069 0.273069
5907.108398 0.000000 348.883392 0.000000 0.882554 0.000000 0.470210 0.252606 0.252606 0.252606
5948.870605 0.000000 346.298737 0.000000 0.487267 0.000000 0.873253 0.246827 0.246827 0.246827
5940.288574 0.000000 359.736359 0.000000 0.795223 0.000000 0.606317 0.239494 0.239494 0.239494
5918.427246 0.000000 377.193451 0.000000 0.492019 0.000000 0.870584 0.233380 0.233380 0.233380
5947.459473 0.000000 348.266418 0.000000 0.965615 0.000000 0.259978 0.257557 0.257557 0.257557
5948.200684 0.000000 382.978943 0.000000 0.285992 0.000000 0.958232 0.237676 0.237676 0.237676
5947.123047 0.000000 378.332489 0.000000 0.761777 0.000000 0.647839 0.234658 0.234658 0.234658
5930.572266 0.000000 388.485138 0.000000 0.818647 0.000000 0.574296 0.296095 0.296095 0.296095
5892.253418 0.000000 378.272156 0.000000 0.773584 0.000000 0.633693 0.238818 0.238818 0.238818
5915.789062 0.000000 374.085938 0.000000 0.993250 0.000000 0.115996 0.258583 0.258583 0.258583
5915.705566 0.000000 378.945099 0.000000 0.499724 0.000000 0.866184 0.249681 0.249681 0.249681
5899.004883 0.000000 364.726227 0.000000 0.289555 0.000000 0.957161 0.237761 0.237761 0.237761
5900.623047 0.000000 362.537811 0.000000 0.986315 0.000000 0.164872 0.258607 0.258607 0.258607
5906.442871 0.000000 355.285370 0.000000 0.855911 0.000000 0.517122 0.266050 0.266050 0.266050
5915.980957 0.000000 382.847961 0.000000 0.722782 0.000000 0.691076 0.256729 0.256729 0.256729
5916.480469 0.000000 377.467163 0.000000 0.309713 0.000000 0.950830 0.255990 0.255990 0.255990
5949.523438 0.000000 352.491669 0.000000 0.351062 0.000000 0.936352 0.244021 0.244021 0.244021
5903.744141 0.000000 349.866608 0.000000 0.781989 0.000000 0.623293 0.310835 0.310835 0.310835
5892.645020 0.000000 383.520111 0.000000 0.009376 0.000000 0.999956 0.248443 0.248443 0.248443
5903.615723 0.000000 367.660614 0.000000 0.953752 0.000000 0.300595 0.297965 0.297965 0.297965
5933.061035 0.000000 387.849030 0.000000 0.734132 0.000000 0.679006 0.322970 0.322970 0.322970
5930.734375 0.000000 386.920410 0.000000 0.899725 0.000000 0.436457 0.327929 0.327929 0.327929
5951.011719 0.000000 348.268555 0.000000 0.985431 0.000000 0.170077 0.314159 0.314159 0.314159
5904.534668 0.000000 352.734009 0.000000 0.820762 0.000000 0.571270 0.321719 0.321719 0.321719
5917.439453 0.000000 385.792999 0.000000 0.899504 0.000000 0.436912 0.278327 0.278327 0.278327
5950.782227 0.000000 376.926331 0.000000 0.707354 0.000000 0.706859 0.293281 0.293281 0.293281
5931.855957 0.000000 378.480469 0.000000 0.141583 0.000000 0.989926 0.269813 0.269813 0.269813
5931.522461 0.000000 381.010071 0.000000 0.151117 0.000000 0.988516 0.272754 0.272754 0.272754
5949.779785 0.000000 349.685272 0.000000 0.779927 0.000000 0.625871 0.302717 0.302717 0.302717
5931.740234 0.000000 387.838196 0.000000 0.695557 0.000000 0.718471 0.312023 0.312023 0.312023
5894.432129 0.000000 384.798828 0.000000 0.898165 0.000000 0.439659 0.310476 0.310476 0.310476
5903.304199 0.000000 354.689575 0.000000 0.582074 0.000000 0.813136 0.307619 0.307619 0.307619
5902.773926 0.000000 352.463409 0.000000 0.672745 0.000000 0.739874 0.328306 0.328306 0.328306
6015.683594 0.000000 351.946686 0.000000 0.959932 0.000000 0.280234 0.198121 0.198121 0.198121
5958.599121 0.000000 392.007202 0.000000 0.966712 0.000000 0.255867 0.198127 0.198127 0.198127
6010.133789 0.000000 366.370697 0.000000 0.209818 0.000000 0.977740 0.190158 0.190158 0.190158
5955.856934 0.000000 388.978210 0.000000 0.981760 0.000000 0.190123 0.198329 0.198329 0.198329
5952.173340 0.000000 340.730896 0.000000 0.670662 0.000000 0.741763 0.192072 0.192072 0.192072
6006.755859 0.000000 365.001648 0.000000 0.256569 0.000000 0.966526 0.187560 0.187560 0.187560
6004.392090 0.000000 387.292969 0.000000 0.276825 0.000000 0.960920 0.189012 0.189012 0.189012
6000.015137 0.000000 366.687714 0.000000 0.971056 0.000000 0.238851 0.203618 0.203618 0.203618
5954.492188 0.000000 342.495850 0.000000 0.971312 0.000000 0.237807 0.211151 0.211151 0.211151
6002.278320 0.000000 369.615173 0.000000 0.324125 0.000000 0.946014 0.199257 0.199257 0.199257
6010.988770 0.000000 372.540314 0.000000 0.276736 0.000000 0.960946 0.204696 0.204696 0.204696
5994.549316 0.000000 350.017609 0.000000 0.777854 0.000000 0.628445 0.203951 0.203951 0.203951
5961.349609 0.000000 391.461304 0.000000 0.984062 0.000000 0.177827 0.206450 0.206450 0.206450
5996.193359 0.000000 359.850800 0.000000 0.165737 0.000000 0.986170 0.197312 0.197312 0.197312
5956.015137 0.000000 344.993317 0.000000 0.286326 0.000000 0.958132 0.221615 0.221615 0.221615
5954.854492 0.000000 386.453186 0.000000 0.652514 0.000000 0.757777 0.226287 0.226287 0.226287
6002.714844 0.000000 389.379150 0.000000 0.505571 0.000000 0.862785 0.202549 0.202549 0.202549
6015.940430 0.000000 358.355743 0.000000 0.306270 0.000000 0.951945 0.216157 0.216157 0.216157
6001.258789 0.000000 376.363220 0.000000 0.893054 0.000000 0.449950 0.240045 0.240045 0.240045
5999.774902 0.000000 358.094788 0.000000 0.924234 0.000000 0.381826 0.221834 0.221834 0.221834
5998.967285 0.000000 354.283081 0.000000 0.860932 0.000000 0.508720 0.249673 0.249673 0.249673
5959.561523 0.000000 389.880157 0.000000 0.761202 0.000000 0.648514 0.238444 0.238444 0.238444
6006.375000 0.000000 370.455963 0.000000 0.995326 0.000000 0.096577 0.224964 0.224964 0.224964
6006.075195 0.000000 360.451263 0.000000 0.999687 0.000000 0.025035 0.257188 0.257188 0.257188
6013.359375 0.000000 359.979797 0.000000 0.313644 0.000000 0.949541 0.231124 0.231124 0.231124
5957.188477 0.000000 381.646332 0.000000 0.808568 0.000000 0.588403 0.263835 0.263835 0.263835
6006.447266 0.000000 388.115723 0.000000 0.966193 0.000000 0.257818 0.266021 0.266021 0.266021
6009.361328 0.000000 351.695496 0.000000 0.911956 0.000000 0.410288 0.269173 0.269173 0.269173
6001.077637 0.000000 371.294189 0.000000 0.527044 0.000000 0.849838 0.220079 0.220079 0.220079
5960.816895 0.000000 386.914551 0.000000 0.525415 0.000000 0.850846 0.232407 0.232407 0.232407
6001.878906 0.000000 351.250153 0.000000 0.419004 0.000000 0.907984 0.219833 0.219833 0.219833
6000.094238 0.000000 356.015503 0.000000 0.392864 0.000000 0.919597 0.248321 0.248321 0.248321
6004.288574 0.000000 359.736359 0.000000 0.389063 0.000000 0.921211 0.256892 0.256892 0.256892
6002.737793 0.000000 372.403931 0.000000 0.886022 0.000000 0.463644 0.247778 0.247778 0.247778
6013.495117 0.000000 358.066467 0.000000 0.386254 0.000000 0.922392 0.232701 0.232701 0.232701
6008.590820 0.000000 392.816956 0.000000 0.315019 0.000000 0.949085 0.236775 0.236775 0.236775
6005.692383 0.000000 350.641266 0.000000 0.447405 0.000000 0.894332 0.282726 0.282726 0.282726
5996.260742 0.000000 379.839600 0.000000 0.135899 0.000000 0.990723 0.236424 0.236424 0.236424
5958.216797 0.000000 386.138184 0.000000 0.938004 0.000000 0.346623 0.260709 0.260709 0.260709
6000.299805 0.000000 375.052734 0.000000 0.460016 0.000000 0.887910 0.246911 0.246911 0.246911
5994.998047 0.000000 375.573181 0.000000 0.500468 0.000000 0.865755 0.265303 0.265303 0.265303
5953.437988 0.000000 376.866852 0.000000 0.149447 0.000000 0.988770 0.283878 0.283878 0.283878
5953.717285 0.000000 383.351379 0.000000 0.225109 0.000000 0.974334 0.249052 0.249052 0.249052
5997.321289 0.000000 377.389191 0.000000 0.706234 0.000000 0.707978 0.284569 0.284569 0.284569
5955.614258 0.000000 381.485168 0.000000 0.198866 0.000000 0.980027 0.259045 0.259045 0.259045
6005.066895 0.000000 392.109131 0.000000 0.984033 0.000000 0.177987 0.312801 0.312801 0.312801
6004.335449 0.000000 353.381897 0.000000 0.899850 0.000000 0.436199 0.332716 0.332716 0.332716
5902.716309 0.000000 405.124268 0.000000 0.297205 0.000000 0.954814 0.190495 0.190495 0.190495
5897.437988 0.000000 396.208313 0.000000 0.973244 0.000000 0.229774 0.198206 0.198206 0.198206
5894.798828 0.000000 409.657593 0.000000 0.292448 0.000000 0.956281 0.198861 0.198861 0.198861
5896.260254 0.000000 404.396301 0.000000 0.967066 0.000000 0.254526 0.208805 0.208805 0.208805
5903.212891 0.000000 407.843933 0.000000 0.827829 0.000000 0.560980 0.198868 0.198868 0.198868
5888.974121 0.000000 408.098389 0.000000 0.900925 0.000000 0.433975 0.222039 0.222039 0.222039
5890.873047 0.000000 421.680847 0.000000 0.154768 0.000000 0.987951 0.213650 0.213650 0.213650
5921.762695 0.000000 406.759186 0.000000 0.735173 0.000000 0.677879 0.234863 0.234863 0.234863
5919.885254 0.000000 414.580719 0.000000 0.160742 0.000000 0.986996 0.201450 0.201450 0.201450
5918.946777 0.000000 408.629578 0.000000 0.899651 0.000000 0.436610 0.256439 0.256439 0.256439
5893.852539 0.000000 418.236206 0.000000 0.651871 0.000000 0.758330 0.226272 0.226272 0.226272
5905.646484 0.000000 414.715454 0.000000 0.152124 0.000000 0.988361 0.230795 0.230795 0.230795
5902.008789 0.000000 415.135681 0.000000 0.961440 0.000000 0.275014 0.243549 0.243549 0.243549
5902.853027 0.000000 412.292419 0.000000 0.980154 0.000000 0.198239 0.245022 0.245022 0.245022
5917.993164 0.000000 410.188507 0.000000 0.109718 0.000000 0.993963 0.260842 0.260842 0.260842
5908.110352 0.000000 409.028442 0.000000 0.685960 0.000000 0.727639 0.229847 0.229847 0.229847
5889.541504 0.000000 416.554688 0.000000 0.095088 0.000000 0.995469 0.260997 0.260997 0.260997
5914.396484 0.000000 405.428345 0.000000 0.935743 0.000000 0.352682 0.268745 0.268745 0.268745
5912.050781 0.000000 413.103638 0.000000 0.471617 0.000000 0.881804 0.257879 0.257879 0.257879
5905.241211 0.000000 413.021973 0.000000 0.903283 0.000000 0.429044 0.259640 0.259640 0.259640
5920.125000 0.000000 404.532684 0.000000 0.306643 0.000000 0.951825 0.263314 0.263314 0.263314
5888.520996 0.000000 415.160675 0.000000 0.994626 0.000000 0.103532 0.333994 0.333994 0.333994
5906.442871 0.000000 411.769745 0.000000 0.948294 0.000000 0.317394 0.256246 0.256246 0.256246
5889.897461 0.000000 418.182159 0.000000 0.312259 0.000000 0.949997 0.261291 0.261291 0.261291
5922.940430 0.000000 405.477020 0.000000 0.055994 0.000000 0.998431 0.246441 0.246441 0.246441
5949.973633 0.000000 399.365814 0.000000 0.370821 0.000000 0.928704 0.284541 0.284541 0.284541
5913.591309 0.000000 413.372375 0.000000 0.381077 0.000000 0.924543 0.255088 0.255088 0.255088
5912.543945 0.000000 409.891998 0.000000 0.607109 0.000000 0.794619 0.282542 0.282542 0.282542
5914.808105 0.000000 412.396484 0.000000 0.384128 0.000000 0.923280 0.265200 0.265200 0.265200
5915.479980 0.000000 409.749634 0.000000 0.648281 0.000000 0.761401 0.288598 0.288598 0.288598
5925.195312 0.000000 403.983002 0.000000 0.146849 0.000000 0.989159 0.254615 0.254615 0.254615
5914.442871 0.000000 410.875763 0.000000 0.943405 0.000000 0.331642 0.328100 0.328100 0.328100
5893.821289 0.000000 412.996887 0.000000 0.783634 0.000000 0.621223 0.293076 0.293076 0.293076
5925.641113 0.000000 402.517029 0.000000 0.727783 0.000000 0.685807 0.274985 0.274985 0.274985
5915.985840 0.000000 406.148682 0.000000 0.388333 0.000000 0.921519 0.263053 0.263053 0.263053
5921.012207 0.000000 405.603851 0.000000 0.733519 0.000000 0.679669 0.279707 0.279707 0.279707
5955.716309 0.000000 436.496796 0.000000 0.843202 0.000000 0.537596 0.196032 0.196032 0.196032
6009.915527 0.000000 406.105408 0.000000 0.033176 0.000000 0.999450 0.188868 0.188868 0.188868
6010.165039 0.000000 417.941315 0.000000 0.551131 0.000000 0.834418 0.192238 0.192238 0.192238
6010.875000 0.000000 395.545105 0.000000 0.996204 0.000000 0.087047 0.199217 0.199217 0.199217
5974.596680 0.000000 415.921783 0.000000 0.376901 0.000000 0.926253 0.189145 0.189145 0.189145
5952.173340 0.000000 397.215271 0.000000 0.501214 0.000000 0.865323 0.190992 0.190992 0.190992
6011.669434 0.000000 415.095520 0.000000 0.487777 0.000000 0.872968 0.201390 0.201390 0.201390
5969.116211 0.000000 442.638123 0.000000 0.542875 0.000000 0.839814 0.200301 0.200301 0.200301
5965.152832 0.000000 440.621674 0.000000 0.957886 0.000000 0.287148 0.202023 0.202023 0.202023
5976.982910 0.000000 399.264496 0.000000 0.019780 0.000000 0.999804 0.199624 0.199624 0.199624
5962.422852 0.000000 419.138184 0.000000 0.675488 0.000000 0.737371 0.202230 0.202230 0.202230
6007.542480 0.000000 418.520416 0.000000 0.838883 0.000000 0.544313 0.220196 0.220196 0.220196
5979.921387 0.000000 411.346344 0.000000 0.774886 0.000000 0.632101 0.230234 0.230234 0.230234
6013.258301 0.000000 407.404968 0.000000 0.438416 0.000000 0.898772 0.207891 0.207891 0.207891
5959.626953 0.000000 441.740875 0.000000 0.790283 0.000000 0.612742 0.204181 0.204181 0.204181
6008.373535 0.000000 395.529053 0.000000 0.216150 0.000000 0.976360 0.213016 0.213016 0.213016
6011.596680 0.000000 411.917053 0.000000 0.438795 0.000000 0.898587 0.222790 0.222790 0.222790
6004.127930 0.000000 413.273071 0.000000 0.562411 0.000000 0.826858 0.240285 0.240285 0.240285
5976.196777 0.000000 401.658630 0.000000 0.785621 0.000000 0.618708 0.256285 0.256285 0.256285
6006.075195 0.000000 416.935638 0.000000 0.493301 0.000000 0.869859 0.230820 0.230820 0.230820
6015.211914 0.000000 406.222382 0.000000 0.416049 0.000000 0.909342 0.230005 0.230005 0.230005
5975.989746 0.000000 408.420471 0.000000 0.991422 0.000000 0.130703 0.281055 0.281055 0.281055
5975.051758 0.000000 398.438416 0.000000 0.986252 0.000000 0.165251 0.231577 0.231577 0.231577
6006.278809 0.000000 395.422546 0.000000 0.252923 0.000000 0.967486 0.234561 0.234561 0.234561
6004.288574 0.000000 416.220734 0.000000 0.790274 0.000000 0.612753 0.228721 0.228721 0.228721
6009.789062 0.000000 414.752411 0.000000 0.339223 0.000000 0.940706 0.239744 0.239744 0.239744
6007.633301 0.000000 414.108490 0.000000 0.075378 0.000000 0.997155 0.243524 0.243524 0.243524
5974.760742 0.000000 404.595032 0.000000 0.545356 0.000000 0.838205 0.281481 0.281481 0.281481
6006.224609 0.000000 410.569397 0.000000 0.553493 0.000000 0.832854 0.251248 0.251248 0.251248
5976.543945 0.000000 405.568146 0.000000 0.345043 0.000000 0.938587 0.257836 0.257836 0.257836
6007.988281 0.000000 411.013916 0.000000 0.316128 0.000000 0.948716 0.244686 0.244686 0.244686
5973.721191 0.000000 407.563354 0.000000 0.993866 0.000000 0.110594 0.285957 0.285957 0.285957
5976.543945 0.000000 409.891998 0.000000 0.760359 0.000000 0.649503 0.263666 0.263666 0.263666
5973.329102 0.000000 406.015015 0.000000 0.054597 0.000000 0.998509 0.246402 0.246402 0.246402
5975.808105 0.000000 400.224335 0.000000 0.901446 0.000000 0.432891 0.279444 0.279444 0.279444
6017.602051 0.000000 369.279572 0.000000 0.504014 0.000000 0.863695 0.191411 0.191411 0.191411
6016.522461 0.000000 354.608307 0.000000 0.857351 0.000000 0.514732 0.195410 0.195410 0.195410
6052.675781 0.000000 371.748322 0.000000 0.183989 0.000000 0.982928 0.187718 0.187718 0.187718
6030.569336 0.000000 372.675018 0.000000 0.624608 0.000000 0.780938 0.221081 0.221081 0.221081
6037.175293 0.000000 374.124298 0.000000 0.724371 0.000000 0.689410 0.210773 0.210773 0.210773
6043.115234 0.000000 368.189911 0.000000 0.963292 0.000000 0.268455 0.207571 0.207571 0.207571
6032.687988 0.000000 374.091400 0.000000 0.338297 0.000000 0.941039 0.197671 0.197671 0.197671
6018.854492 0.000000 386.453186 0.000000 0.252638 0.000000 0.967561 0.204364 0.204364 0.204364
6046.667969 0.000000 375.287598 0.000000 0.022829 0.000000 0.999739 0.201272 0.201272 0.201272
6063.221680 0.000000 372.204895 0.000000 0.194036 0.000000 0.980994 0.229384 0.229384 0.229384
6079.035645 0.000000 380.514435 0.000000 0.996431 0.000000 0.084406 0.235055 0.235055 0.235055
6025.114258 0.000000 369.020020 0.000000 0.151815 0.000000 0.988409 0.226967 0.226967 0.226967
6021.188477 0.000000 381.646332 0.000000 0.202622 0.000000 0.979257 0.242519 0.242519 0.242519
6062.922852 0.000000 374.227570 0.000000 0.996483 0.000000 0.083790 0.233964 0.233964 0.233964
6024.816895 0.000000 386.914551 0.000000 0.786086 0.000000 0.618117 0.222779 0.222779 0.222779
6076.194824 0.000000 374.495392 0.000000 0.785196 0.000000 0.619248 0.234376 0.234376 0.234376
6022.066895 0.000000 372.041748 0.000000 0.318524 0.000000 0.947915 0.225515 0.225515 0.225515
6020.837402 0.000000 387.145966 0.000000 0.976810 0.000000 0.214110 0.261782 0.261782 0.261782
6059.248535 0.000000 371.732269 0.000000 0.961273 0.000000 0.275596 0.278096 0.278096 0.278096
6025.040527 0.000000 380.430817 0.000000 0.081341 0.000000 0.996686 0.230752 0.230752 0.230752
6056.804199 0.000000 373.030548 0.000000 0.685950 0.000000 0.727648 0.266140 0.266140 0.266140
6043.568359 0.000000 372.313629 0.000000 0.036037 0.000000 0.999350 0.247897 0.247897 0.247897
6043.789062 0.000000 374.085938 0.000000 0.244192 0.000000 0.969727 0.242069 0.242069 0.242069
6023.856445 0.000000 383.587952 0.000000 0.998955 0.000000 0.045710 0.318765 0.318765 0.318765
6022.216797 0.000000 386.138184 0.000000 0.902871 0.000000 0.429913 0.269610 0.269610 0.269610
6058.998047 0.000000 375.573181 0.000000 0.998642 0.000000 0.052103 0.290924 0.290924 0.290924
6038.663086 0.000000 373.797485 0.000000 0.951206 0.000000 0.308556 0.270962 0.270962 0.270962
6057.198730 0.000000 374.914337 0.000000 0.977779 0.000000 0.209638 0.284190 0.284190 0.284190
6058.445312 0.000000 377.762146 0.000000 0.989430 0.000000 0.145013 0.274186 0.274186 0.274186
6036.460938 0.000000 370.130859 0.000000 0.666994 0.000000 0.745063 0.268041 0.268041 0.268041
6099.298340 0.000000 356.853424 0.000000 0.860052 0.000000 0.510207 0.196057 0.196057 0.196057
6121.396484 0.000000 352.665131 0.000000 0.741528 0.000000 0.670922 0.193849 0.193849 0.193849
6138.875000 0.000000 339.060730 0.000000 0.978835 0.000000 0.204650 0.198096 0.198096 0.198096
6080.390625 0.000000 382.456390 0.000000 0.290083 0.000000 0.957002 0.188528 0.188528 0.188528
6138.988770 0.000000 372.540314 0.000000 0.187930 0.000000 0.982182 0.190719 0.190719 0.190719
6090.422852 0.000000 362.653809 0.000000 0.317982 0.000000 0.948097 0.199179 0.199179 0.199179
6096.434082 0.000000 368.967407 0.000000 0.103773 0.000000 0.994601 0.207227 0.207227 0.207227
6097.307129 0.000000 349.852173 0.000000 0.435945 0.000000 0.899974 0.214037 0.214037 0.214037
6087.852051 0.000000 376.083740 0.000000 0.117666 0.000000 0.993053 0.204993 0.204993 0.204993
6124.304199 0.000000 362.605621 0.000000 0.095721 0.000000 0.995408 0.203059 0.203059 0.203059
6136.713379 0.000000 368.329224 0.000000 0.453091 0.000000 0.891464 0.208113 0.208113 0.208113
6142.298340 0.000000 388.376923 0.000000 0.449651 0.000000 0.893204 0.221265 0.221265 0.221265
6132.417969 0.000000 369.231262 0.000000 0.581769 0.000000 0.813354 0.233717 0.233717 0.233717
6085.188477 0.000000 381.646332 0.000000 0.341449 0.000000 0.939900 0.223476 0.223476 0.223476
6093.989746 0.000000 365.820740 0.000000 0.120695 0.000000 0.992690 0.227855 0.227855 0.227855
6143.474121 0.000000 384.130676 0.000000 0.989217 0.000000 0.146454 0.274149 0.274149 0.274149
6092.231934 0.000000 341.742798 0.000000 0.597860 0.000000 0.801600 0.264601 0.264601 0.264601
6082.331055 0.000000 378.852051 0.000000 0.651403 0.000000 0.758732 0.263960 0.263960 0.263960
6082.240723 0.000000 381.223663 0.000000 0.989467 0.000000 0.144756 0.253628 0.253628 0.253628
6092.623047 0.000000 362.537811 0.000000 0.893786 0.000000 0.448493 0.252139 0.252139 0.252139
6085.526367 0.000000 379.972168 0.000000 0.682927 0.000000 0.730487 0.251743 0.251743 0.251743
6090.945312 0.000000 339.052399 0.000000 0.934326 0.000000 0.356419 0.297005 0.297005 0.297005
6094.941895 0.000000 364.546814 0.000000 0.986931 0.000000 0.161144 0.281298 0.281298 0.281298
6142.039551 0.000000 379.366516 0.000000 0.622966 0.000000 0.782249 0.271486 0.271486 0.271486
6143.099609 0.000000 381.867493 0.000000 0.464649 0.000000 0.885495 0.283465 0.283465 0.283465
6095.355469 0.000000 340.509583 0.000000 0.954348 0.000000 0.298696 0.320488 0.320488 0.320488
6097.996094 0.000000 339.873444 0.000000 0.754290 0.000000 0.656541 0.342082 0.342082 0.342082
6094.447754 0.000000 339.888947 0.000000 0.879218 0.000000 0.476420 0.358358 0.358358 0.358358
6073.915527 0.000000 406.105408 0.000000 0.503715 0.000000 0.863870 0.191929 0.191929 0.191929
6077.935547 0.000000 425.420654 0.000000 0.399154 0.000000 0.916884 0.190586 0.190586 0.190586
6071.430664 0.000000 409.267670 0.000000 0.773551 0.000000 0.633734 0.194174 0.194174 0.194174
6021.963867 0.000000 416.089630 0.000000 0.969005 0.000000 0.247041 0.204602 0.204602 0.204602
6016.205078 0.000000 417.809296 0.000000 0.667455 0.000000 0.744650 0.192031 0.192031 0.192031
6018.492188 0.000000 398.980225 0.000000 0.891926 0.000000 0.452181 0.205339 0.205339 0.205339
6022.297363 0.000000 396.738770 0.000000 0.238345 0.000000 0.971181 0.205014 0.205014 0.205014
6016.974121 0.000000 408.098389 0.000000 0.586565 0.000000 0.809902 0.216669 0.216669 0.216669
6073.532715 0.000000 410.365234 0.000000 0.851290 0.000000 0.524696 0.248294 0.248294 0.248294
6020.206055 0.000000 397.645569 0.000000 0.431483 0.000000 0.902121 0.225226 0.225226 0.225226
6077.359375 0.000000 416.464172 0.000000 0.502624 0.000000 0.864505 0.246409 0.246409 0.246409
6068.288574 0.000000 416.220734 0.000000 0.029231 0.000000 0.999573 0.228887 0.228887 0.228887
6071.633301 0.000000 414.108490 0.000000 0.985327 0.000000 0.170675 0.283177 0.283177 0.283177
6075.648926 0.000000 416.903351 0.000000 0.127274 0.000000 0.991868 0.240605 0.240605 0.240605
6074.962891 0.000000 413.529327 0.000000 0.347299 0.000000 0.937754 0.279277 0.279277 0.279277
6073.763184 0.000000 416.406250 0.000000 0.548761 0.000000 0.835979 0.245980 0.245980 0.245980
6076.606934 0.000000 413.245667 0.000000 0.602075 0.000000 0.798440 0.286419 0.286419 0.286419
6078.777344 0.000000 415.818817 0.000000 0.018666 0.000000 0.999826 0.239262 0.239262 0.239262
6125.233887 0.000000 421.287903 0.000000 0.952623 0.000000 0.304152 0.197801 0.197801 0.197801
6080.315430 0.000000 421.816193 0.000000 0.967005 0.000000 0.254757 0.198103 0.198103 0.198103
6099.298340 0.000000 413.337799 0.000000 0.910563 0.000000 0.413371 0.196755 0.196755 0.196755
6133.757812 0.000000 414.755371 0.000000 0.332730 0.000000 0.943022 0.189238 0.189238 0.189238
6110.841309 0.000000 427.022766 0.000000 0.496620 0.000000 0.867968 0.210583 0.210583 0.210583
6107.116211 0.000000 413.865875 0.000000 0.140085 0.000000 0.990139 0.209384 0.209384 0.209384
6122.478516 0.000000 421.127747 0.000000 0.078660 0.000000 0.996902 0.203639 0.203639 0.203639
6080.974121 0.000000 408.098389 0.000000 0.984419 0.000000 0.175839 0.241132 0.241132 0.241132
6143.835938 0.000000 399.874695 0.000000 0.590789 0.000000 0.806826 0.217664 0.217664 0.217664
6104.755859 0.000000 414.739838 0.000000 0.999984 0.000000 0.005654 0.251991 0.251991 0.251991
6139.596680 0.000000 411.917053 0.000000 0.984473 0.000000 0.175538 0.215165 0.215165 0.215165
6111.885254 0.000000 414.580719 0.000000 0.862102 0.000000 0.506735 0.213774 0.213774 0.213774
6127.774902 0.000000 414.579163 0.000000 0.999973 0.000000 0.007376 0.234058 0.234058 0.234058
6124.304199 0.000000 419.089996 0.000000 0.375191 0.000000 0.926948 0.205204 0.205204 0.205204
6115.886719 0.000000 426.015106 0.000000 0.988218 0.000000 0.153053 0.229597 0.229597 0.229597
6126.967285 0.000000 410.767456 0.000000 0.911681 0.000000 0.410900 0.218286 0.218286 0.218286
6113.051758 0.000000 427.582123 0.000000 0.112367 0.000000 0.993667 0.216907 0.216907 0.216907
6112.249023 0.000000 423.766357 0.000000 0.445143 0.000000 0.895459 0.244862 0.244862 0.244862
6143.211914 0.000000 406.222382 0.000000 0.798432 0.000000 0.602085 0.227973 0.227973 0.227973
6080.668457 0.000000 413.161041 0.000000 0.992878 0.000000 0.119138 0.246515 0.246515 0.246515
6124.596680 0.000000 414.341949 0.000000 0.659090 0.000000 0.752064 0.253655 0.253655 0.253655
6120.686523 0.000000 414.043732 0.000000 0.482704 0.000000 0.875784 0.258230 0.258230 0.258230
6120.327148 0.000000 417.662476 0.000000 0.149498 0.000000 0.988762 0.268817 0.268817 0.268817
6125.502441 0.000000 417.751434 0.000000 0.204426 0.000000 0.978882 0.239565 0.239565 0.239565
6114.170410 0.000000 423.747955 0.000000 0.415265 0.000000 0.909700 0.245705 0.245705 0.245705
6125.746094 0.000000 415.526611 0.000000 0.500256 0.000000 0.865878 0.248860 0.248860 0.248860
6122.833008 0.000000 419.623444 0.000000 0.192721 0.000000 0.981254 0.248148 0.248148 0.248148
5703.650879 0.000000 469.362396 0.000000 0.945515 0.000000 0.325580 0.197558 0.197558 0.197558
5745.044434 0.000000 500.558960 0.000000 0.558143 0.000000 0.829745 0.192304 0.192304 0.192304
5705.597656 0.000000 501.750427 0.000000 0.858067 0.000000 0.513538 0.195220 0.195220 0.195220
5737.927734 0.000000 496.608276 0.000000 0.528043 0.000000 0.849217 0.195458 0.195458 0.195458
5724.263672 0.000000 461.171051 0.000000 0.751676 0.000000 0.659533 0.196589 0.196589 0.196589
5745.605957 0.000000 504.728851 0.000000 0.839447 0.000000 0.543442 0.203138 0.203138 0.203138
5706.749023 0.000000 494.067871 0.000000 0.601379 0.000000 0.798964 0.201122 0.201122 0.201122
5702.656738 0.000000 500.692780 0.000000 0.269045 0.000000 0.963128 0.188933 0.188933 0.188933
5756.365723 0.000000 454.602661 0.000000 0.013876 0.000000 0.999904 0.185554 0.185554 0.185554
5698.892090 0.000000 490.076294 0.000000 0.976888 0.000000 0.213752 0.204970 0.204970 0.204970
5712.764160 0.000000 467.826996 0.000000 0.181654 0.000000 0.983362 0.188052 0.188052 0.188052
5751.879395 0.000000 495.069824 0.000000 0.994832 0.000000 0.101531 0.211696 0.211696 0.211696
5707.443359 0.000000 481.862061 0.000000 0.172621 0.000000 0.984988 0.190558 0.190558 0.190558
5699.167969 0.000000 495.827698 0.000000 0.008244 0.000000 0.999966 0.193797 0.193797 0.193797
5718.909180 0.000000 462.874847 0.000000 0.988185 0.000000 0.153269 0.224157 0.224157 0.224157
5716.109863 0.000000 463.564667 0.000000 0.993033 0.000000 0.117835 0.212602 0.212602 0.212602
5758.888184 0.000000 488.500031 0.000000 0.092265 0.000000 0.995735 0.197261 0.197261 0.197261
5719.654785 0.000000 485.530457 0.000000 0.548627 0.000000 0.836067 0.207771 0.207771 0.207771
5698.786133 0.000000 486.775665 0.000000 0.642500 0.000000 0.766286 0.217732 0.217732 0.217732
5703.626953 0.000000 498.225250 0.000000 0.479709 0.000000 0.877428 0.199456 0.199456 0.199456
5696.956543 0.000000 492.994904 0.000000 0.186228 0.000000 0.982507 0.195856 0.195856 0.195856
5755.743652 0.000000 502.602509 0.000000 0.712650 0.000000 0.701520 0.209590 0.209590 0.209590
5752.373535 0.000000 452.013428 0.000000 0.410892 0.000000 0.911684 0.217096 0.217096 0.217096
5706.112305 0.000000 470.028900 0.000000 0.626482 0.000000 0.779436 0.222960 0.222960 0.222960
5719.825684 0.000000 505.795380 0.000000 0.399506 0.000000 0.916731 0.208193 0.208193 0.208193
5720.196777 0.000000 458.143005 0.000000 0.852791 0.000000 0.522252 0.241466 0.241466 0.241466
5707.567871 0.000000 492.028351 0.000000 0.535827 0.000000 0.844328 0.212129 0.212129 0.212129
5742.877930 0.000000 505.298492 0.000000 0.790961 0.000000 0.611867 0.250814 0.250814 0.250814
5707.631836 0.000000 468.391327 0.000000 0.163849 0.000000 0.986485 0.225663 0.225663 0.225663
5713.646484 0.000000 471.199829 0.000000 0.856086 0.000000 0.516833 0.244550 0.244550 0.244550
5711.288574 0.000000 466.412994 0.000000 0.681329 0.000000 0.731977 0.237127 0.237127 0.237127
5710.008789 0.000000 471.620056 0.000000 0.952967 0.000000 0.303075 0.269039 0.269039 0.269039
5711.814941 0.000000 472.506989 0.000000 0.585296 0.000000 0.810820 0.238236 0.238236 0.238236
5750.278809 0.000000 451.906921 0.000000 0.481410 0.000000 0.876495 0.235704 0.235704 0.235704
5737.461914 0.000000 507.474640 0.000000 0.391949 0.000000 0.919987 0.249889 0.249889 0.249889
5710.853027 0.000000 468.776794 0.000000 0.076938 0.000000 0.997036 0.229179 0.229179 0.229179
5706.324219 0.000000 483.368439 0.000000 0.442085 0.000000 0.896973 0.265657 0.265657 0.265657
5707.861328 0.000000 466.544525 0.000000 0.244599 0.000000 0.969624 0.231239 0.231239 0.231239
5709.681152 0.000000 465.647736 0.000000 0.276231 0.000000 0.961091 0.252741 0.252741 0.252741
5702.203613 0.000000 489.170258 0.000000 0.548573 0.000000 0.836103 0.257861 0.257861 0.257861
5708.826172 0.000000 491.061127 0.000000 0.534513 0.000000 0.845160 0.251533 0.251533 0.251533
5707.164062 0.000000 488.430115 0.000000 0.140074 0.000000 0.990141 0.283447 0.283447 0.283447
5704.825684 0.000000 486.384094 0.000000 0.850225 0.000000 0.526419 0.343287 0.343287 0.343287
5716.371582 0.000000 488.413086 0.000000 0.402023 0.000000 0.915630 0.265818 0.265818 0.265818
5708.710449 0.000000 488.608795 0.000000 0.997559 0.000000 0.069822 0.316779 0.316779 0.316779
5738.936523 0.000000 504.375305 0.000000 0.883416 0.000000 0.468589 0.284135 0.284135 0.284135
5713.383301 0.000000 488.382385 0.000000 0.551358 0.000000 0.834269 0.297468 0.297468 0.297468
5704.168945 0.000000 487.650665 0.000000 0.460082 0.000000 0.887877 0.314329 0.314329 0.314329
5738.991699 0.000000 507.253845 0.000000 0.989830 0.000000 0.142256 0.305525 0.305525 0.305525
5715.806641 0.000000 487.176270 0.000000 0.207699 0.000000 0.978193 0.271013 0.271013 0.271013
5711.678223 0.000000 488.292206 0.000000 0.991321 0.000000 0.131460 0.330658 0.330658 0.330658
5711.281250 0.000000 484.681152 0.000000 0.927266 0.000000 0.374404 0.352466 0.352466 0.352466
5706.752930 0.000000 484.738190 0.000000 0.977664 0.000000 0.210175 0.361718 0.361718 0.361718
5752.579102 0.000000 557.521790 0.000000 0.360802 0.000000 0.932642 0.193483 0.193483 0.193483
5732.294922 0.000000 512.016113 0.000000 0.945340 0.000000 0.326087 0.219537 0.219537 0.219537
5720.982910 0.000000 512.233276 0.000000 0.147874 0.000000 0.989006 0.204594 0.204594 0.204594
5732.193359 0.000000 515.818359 0.000000 0.570611 0.000000 0.821220 0.215464 0.215464 0.215464
5715.922852 0.000000 512.158813 0.000000 0.999174 0.000000 0.040625 0.235761 0.235761 0.235761
5734.658203 0.000000 516.580383 0.000000 0.544560 0.000000 0.838722 0.204949 0.204949 0.204949
5759.022949 0.000000 562.524963 0.000000 0.692346 0.000000 0.721566 0.217790 0.217790 0.217790
5736.628906 0.000000 514.499634 0.000000 0.352601 0.000000 0.935774 0.227848 0.227848 0.227848
5755.596680 0.000000 524.885803 0.000000 0.808937 0.000000 0.587896 0.228265 0.228265 0.228265
5758.298340 0.000000 557.830017 0.000000 0.744821 0.000000 0.667264 0.232288 0.232288 0.232288
5720.196777 0.000000 514.627380 0.000000 0.605437 0.000000 0.795893 0.230690 0.230690 0.230690
5744.601562 0.000000 513.201660 0.000000 0.061886 0.000000 0.998083 0.219869 0.219869 0.219869
5755.060547 0.000000 550.951660 0.000000 0.095387 0.000000 0.995440 0.209509 0.209509 0.209509
5743.569336 0.000000 508.462555 0.000000 0.953029 0.000000 0.302878 0.251368 0.251368 0.251368
5759.474121 0.000000 553.583801 0.000000 0.218094 0.000000 0.975928 0.229107 0.229107 0.229107
5756.200684 0.000000 552.432068 0.000000 0.764851 0.000000 0.644207 0.270291 0.270291 0.270291
5745.127930 0.000000 510.187195 0.000000 0.990331 0.000000 0.138727 0.251580 0.251580 0.251580
5741.450195 0.000000 510.878845 0.000000 0.167552 0.000000 0.985863 0.251737 0.251737 0.251737
5716.698242 0.000000 513.543396 0.000000 0.854661 0.000000 0.519186 0.266955 0.266955 0.266955
5757.962402 0.000000 554.147461 0.000000 0.816509 0.000000 0.577333 0.270810 0.270810 0.270810
5757.523438 0.000000 521.944824 0.000000 0.944602 0.000000 0.328217 0.288857 0.288857 0.288857
5717.480469 0.000000 512.117432 0.000000 0.495620 0.000000 0.868540 0.253712 0.253712 0.253712
5740.179688 0.000000 511.782379 0.000000 0.631252 0.000000 0.775578 0.266677 0.266677 0.266677
5759.538574 0.000000 522.844604 0.000000 0.808017 0.000000 0.589159 0.327809 0.327809 0.327809
5738.488281 0.000000 509.607544 0.000000 0.005108 0.000000 0.999987 0.254769 0.254769 0.254769
5787.221680 0.000000 497.903564 0.000000 0.965178 0.000000 0.261595 0.198216 0.198216 0.198216
5792.909180 0.000000 494.118317 0.000000 0.941825 0.000000 0.336104 0.197390 0.197390 0.197390
5798.465332 0.000000 476.972748 0.000000 0.685005 0.000000 0.728539 0.193887 0.193887 0.193887
5777.626465 0.000000 457.084503 0.000000 0.049319 0.000000 0.998783 0.188415 0.188415 0.188415
5760.390625 0.000000 495.425140 0.000000 0.969312 0.000000 0.245834 0.197892 0.197892 0.197892
5782.302246 0.000000 456.929047 0.000000 0.862144 0.000000 0.506663 0.194960 0.194960 0.194960
5795.373047 0.000000 478.818298 0.000000 0.736728 0.000000 0.676189 0.193419 0.193419 0.193419
5786.132812 0.000000 486.326813 0.000000 0.370959 0.000000 0.928649 0.198072 0.198072 0.198072
5802.699707 0.000000 492.253815 0.000000 0.298071 0.000000 0.954544 0.188337 0.188337 0.188337
5771.713867 0.000000 489.878143 0.000000 0.811729 0.000000 0.584034 0.205593 0.205593 0.205593
5790.841309 0.000000 483.507141 0.000000 0.323980 0.000000 0.946064 0.207943 0.207943 0.207943
5763.167969 0.000000 495.827698 0.000000 0.984942 0.000000 0.172885 0.201064 0.201064 0.201064
5796.101074 0.000000 499.736328 0.000000 0.660120 0.000000 0.751161 0.200078 0.200078 0.200078
5789.260254 0.000000 486.144257 0.000000 0.868342 0.000000 0.495967 0.214951 0.214951 0.214951
5774.569336 0.000000 485.643768 0.000000 0.350097 0.000000 0.936713 0.201347 0.201347 0.201347
5783.654785 0.000000 485.530457 0.000000 0.880831 0.000000 0.473430 0.206094 0.206094 0.206094
5776.687988 0.000000 487.060150 0.000000 0.994713 0.000000 0.102696 0.210582 0.210582 0.210582
5799.437012 0.000000 479.256897 0.000000 0.999753 0.000000 0.022245 0.218205 0.218205 0.218205
5790.667969 0.000000 488.256348 0.000000 0.568593 0.000000 0.822619 0.219973 0.219973 0.219973
5763.928711 0.000000 482.006897 0.000000 0.570218 0.000000 0.821494 0.224518 0.224518 0.224518
5769.640137 0.000000 485.102081 0.000000 0.566556 0.000000 0.824023 0.233357 0.233357 0.233357
5807.221680 0.000000 485.173645 0.000000 0.417851 0.000000 0.908515 0.226658 0.226658 0.226658
5772.076660 0.000000 487.185486 0.000000 0.963934 0.000000 0.266142 0.226776 0.226776 0.226776
5771.567871 0.000000 492.028351 0.000000 0.936934 0.000000 0.349506 0.225463 0.225463 0.225463
5767.299805 0.000000 492.613129 0.000000 0.436100 0.000000 0.899898 0.214039 0.214039 0.214039
5794.607422 0.000000 504.268951 0.000000 0.833901 0.000000 0.551915 0.233918 0.233918 0.233918
5769.975098 0.000000 489.387085 0.000000 0.989829 0.000000 0.142265 0.247166 0.247166 0.247166
5794.170410 0.000000 480.232330 0.000000 0.719544 0.000000 0.694447 0.249291 0.249291 0.249291
5764.483398 0.000000 486.304871 0.000000 0.071056 0.000000 0.997472 0.268370 0.268370 0.268370
5803.434082 0.000000 480.965057 0.000000 0.985388 0.000000 0.170324 0.249867 0.249867 0.249867
5766.203613 0.000000 489.170258 0.000000 0.893931 0.000000 0.448205 0.275008 0.275008 0.275008
5764.650391 0.000000 489.651062 0.000000 0.870069 0.000000 0.492930 0.287133 0.287133 0.287133
5765.865234 0.000000 486.701050 0.000000 0.987269 0.000000 0.159062 0.319907 0.319907 0.319907
5762.917480 0.000000 485.304443 0.000000 0.760333 0.000000 0.649534 0.269177 0.269177 0.269177
5794.905762 0.000000 487.255981 0.000000 0.998468 0.000000 0.055329 0.330531 0.330531 0.330531
5795.771973 0.000000 486.031830 0.000000 0.846364 0.000000 0.532604 0.310025 0.310025 0.310025
5797.938965 0.000000 487.276276 0.000000 0.737528 0.000000 0.675316 0.347964 0.347964 0.347964
5800.295898 0.000000 487.137726 0.000000 0.602189 0.000000 0.798353 0.329369 0.329369 0.329369
5797.796387 0.000000 484.317963 0.000000 0.940646 0.000000 0.339389 0.373547 0.373547 0.373547
5801.318848 0.000000 486.891724 0.000000 0.511277 0.000000 0.859416 0.320999 0.320999 0.320999
5798.106445 0.000000 482.447235 0.000000 0.465641 0.000000 0.884973 0.325139 0.325139 0.325139
5798.279297 0.000000 486.350067 0.000000 0.698553 0.000000 0.715559 0.340077 0.340077 0.340077
5797.202148 0.000000 485.592285 0.000000 0.884394 0.000000 0.466741 0.362903 0.362903 0.362903
5810.317383 0.000000 511.550537 0.000000 0.968754 0.000000 0.248024 0.197747 0.197747 0.197747
5801.896973 0.000000 508.387726 0.000000 0.774593 0.000000 0.632460 0.193931 0.193931 0.193931
5818.815430 0.000000 515.928528 0.000000 0.269053 0.000000 0.963125 0.195092 0.195092 0.195092
5814.469238 0.000000 518.513489 0.000000 0.116338 0.000000 0.993210 0.188260 0.188260 0.188260
5762.759766 0.000000 517.473999 0.000000 0.999444 0.000000 0.033333 0.212495 0.212495 0.212495
5815.474609 0.000000 513.430054 0.000000 0.698260 0.000000 0.715844 0.235733 0.235733 0.235733
5764.386230 0.000000 518.776367 0.000000 0.998257 0.000000 0.059017 0.252064 0.252064 0.252064
5764.679688 0.000000 522.595703 0.000000 0.372617 0.000000 0.927985 0.242175 0.242175 0.242175
5768.084473 0.000000 523.994324 0.000000 0.896182 0.000000 0.443687 0.238153 0.238153 0.238153
5760.520996 0.000000 528.129395 0.000000 0.482447 0.000000 0.875925 0.241665 0.241665 0.241665
5765.125488 0.000000 521.090454 0.000000 0.991699 0.000000 0.128578 0.281113 0.281113 0.281113
5765.821289 0.000000 525.965637 0.000000 0.781089 0.000000 0.624420 0.335121 0.335121 0.335121
5767.009277 0.000000 529.999207 0.000000 0.876113 0.000000 0.482106 0.289460 0.289460 0.289460
5763.693359 0.000000 523.371765 0.000000 0.788125 0.000000 0.615516 0.317441 0.317441 0.317441
5763.569824 0.000000 522.003662 0.000000 0.623130 0.000000 0.782118 0.306844 0.306844 0.306844
5761.904785 0.000000 526.196045 0.000000 0.186093 0.000000 0.982532 0.286184 0.286184 0.286184
5764.218262 0.000000 525.790466 0.000000 0.922203 0.000000 0.386707 0.349821 0.349821 0.349821
5765.154785 0.000000 525.006897 0.000000 0.095848 0.000000 0.995396 0.292693 0.292693 0.292693
5767.631836 0.000000 527.018250 0.000000 0.999448 0.000000 0.033230 0.382392 0.382392 0.382392
5760.041016 0.000000 521.918579 0.000000 0.735108 0.000000 0.677950 0.328889 0.328889 0.328889
5762.886719 0.000000 524.120850 0.000000 0.782774 0.000000 0.622306 0.343791 0.343791 0.343791
5761.134277 0.000000 524.955811 0.000000 0.118374 0.000000 0.992969 0.300369 0.300369 0.300369
5728.264648 0.000000 586.712280 0.000000 0.471633 0.000000 0.881795 0.192992 0.192992 0.192992
5743.844727 0.000000 571.954224 0.000000 0.815965 0.000000 0.578101 0.195306 0.195306 0.195306
5755.875488 0.000000 579.049988 0.000000 0.769980 0.000000 0.638068 0.194887 0.194887 0.194887
5743.152344 0.000000 610.314453 0.000000 0.991455 0.000000 0.130450 0.198873 0.198873 0.198873
5747.006836 0.000000 573.288818 0.000000 0.612155 0.000000 0.790738 0.198439 0.198439 0.198439
5750.469238 0.000000 574.997864 0.000000 0.986498 0.000000 0.163772 0.209873 0.209873 0.209873
5735.443848 0.000000 576.133118 0.000000 0.997522 0.000000 0.070356 0.218701 0.218701 0.218701
5709.243652 0.000000 572.084900 0.000000 0.517186 0.000000 0.855873 0.203630 0.203630 0.203630
5706.448242 0.000000 568.448669 0.000000 0.954158 0.000000 0.299303 0.198696 0.198696 0.198696
5738.478516 0.000000 590.580872 0.000000 0.631074 0.000000 0.775723 0.206285 0.206285 0.206285
5715.958008 0.000000 571.556335 0.000000 0.987762 0.000000 0.155970 0.217590 0.217590 0.217590
5715.875488 0.000000 580.292542 0.000000 0.476482 0.000000 0.879184 0.210263 0.210263 0.210263
5713.307129 0.000000 575.789673 0.000000 0.776947 0.000000 0.629566 0.237010 0.237010 0.237010
5742.967285 0.000000 580.220581 0.000000 0.335690 0.000000 0.941972 0.219186 0.219186 0.219186
5757.061035 0.000000 565.400085 0.000000 0.988943 0.000000 0.148298 0.239454 0.239454 0.239454
5747.156250 0.000000 578.916809 0.000000 0.441356 0.000000 0.897332 0.214127 0.214127 0.214127
5740.596680 0.000000 583.795044 0.000000 0.444026 0.000000 0.896014 0.228901 0.228901 0.228901
5743.881836 0.000000 577.576294 0.000000 0.872757 0.000000 0.488154 0.239239 0.239239 0.239239
5744.094238 0.000000 581.953003 0.000000 0.283663 0.000000 0.958924 0.223203 0.223203 0.223203
5737.984863 0.000000 585.780396 0.000000 0.996195 0.000000 0.087153 0.287715 0.287715 0.287715
5736.327148 0.000000 587.115601 0.000000 0.888820 0.000000 0.458256 0.256887 0.256887 0.256887
5734.039062 0.000000 582.945435 0.000000 0.042742 0.000000 0.999086 0.254702 0.254702 0.254702
5741.137695 0.000000 579.903870 0.000000 0.953490 0.000000 0.301426 0.247221 0.247221 0.247221
5734.058105 0.000000 581.146179 0.000000 0.521411 0.000000 0.853305 0.272509 0.272509 0.272509
5739.719727 0.000000 582.430420 0.000000 0.935996 0.000000 0.352011 0.271825 0.271825 0.271825
5735.927246 0.000000 578.017761 0.000000 0.999272 0.000000 0.038148 0.292439 0.292439 0.292439
5737.913086 0.000000 582.238525 0.000000 0.960459 0.000000 0.278420 0.306980 0.306980 0.306980
5738.500977 0.000000 579.629333 0.000000 0.988924 0.000000 0.148421 0.277336 0.277336 0.277336
5757.449707 0.000000 630.814270 0.000000 0.975092 0.000000 0.221800 0.200565 0.200565 0.200565
5750.469238 0.000000 631.482239 0.000000 0.031972 0.000000 0.999489 0.185593 0.185593 0.185593
5748.340820 0.000000 621.664185 0.000000 0.866988 0.000000 0.498329 0.197585 0.197585 0.197585
5745.495117 0.000000 621.428162 0.000000 0.601856 0.000000 0.798604 0.195454 0.195454 0.195454
5759.450684 0.000000 629.257446 0.000000 0.998365 0.000000 0.057166 0.218871 0.218871 0.218871
5756.870605 0.000000 628.720642 0.000000 0.832057 0.000000 0.554691 0.231892 0.231892 0.231892
5759.180664 0.000000 627.429565 0.000000 0.273647 0.000000 0.961830 0.236602 0.236602 0.236602
5754.833496 0.000000 624.593628 0.000000 0.614377 0.000000 0.789013 0.244319 0.244319 0.244319
5797.084961 0.000000 579.641357 0.000000 0.968376 0.000000 0.249495 0.198206 0.198206 0.198206
5799.675293 0.000000 619.617615 0.000000 0.730346 0.000000 0.683078 0.194462 0.194462 0.194462
5814.117188 0.000000 571.865173 0.000000 0.716205 0.000000 0.697890 0.194022 0.194022 0.194022
5799.443848 0.000000 576.133118 0.000000 0.571322 0.000000 0.820726 0.197885 0.197885 0.197885
5802.699707 0.000000 605.222534 0.000000 0.980552 0.000000 0.196260 0.200826 0.200826 0.200826
5802.478516 0.000000 590.580872 0.000000 0.880656 0.000000 0.473756 0.216307 0.216307 0.216307
5816.357422 0.000000 573.190674 0.000000 0.565945 0.000000 0.824443 0.215380 0.215380 0.215380
5798.352539 0.000000 614.032288 0.000000 0.986501 0.000000 0.163754 0.209873 0.209873 0.209873
5823.835938 0.000000 569.327820 0.000000 0.996210 0.000000 0.086981 0.229508 0.229508 0.229508
5797.593262 0.000000 607.054443 0.000000 0.244310 0.000000 0.969697 0.203400 0.203400 0.203400
5822.677246 0.000000 567.389771 0.000000 0.696716 0.000000 0.717347 0.247647 0.247647 0.247647
5800.507812 0.000000 589.266113 0.000000 0.751430 0.000000 0.659813 0.223866 0.223866 0.223866
5823.211914 0.000000 575.675537 0.000000 0.137768 0.000000 0.990465 0.213374 0.213374 0.213374
5820.870605 0.000000 572.236267 0.000000 0.657009 0.000000 0.753882 0.248234 0.248234 0.248234
5819.533691 0.000000 570.418579 0.000000 0.261672 0.000000 0.965157 0.247075 0.247075 0.247075
5798.151855 0.000000 605.167542 0.000000 0.900806 0.000000 0.434222 0.262506 0.262506 0.262506
5819.459473 0.000000 574.203918 0.000000 0.998529 0.000000 0.054211 0.270969 0.270969 0.270969
5819.325195 0.000000 576.959045 0.000000 0.654338 0.000000 0.756202 0.240049 0.240049 0.240049
5797.000000 0.000000 599.525269 0.000000 0.144981 0.000000 0.989434 0.231398 0.231398 0.231398
5799.873535 0.000000 601.631226 0.000000 0.391584 0.000000 0.920143 0.248285 0.248285 0.248285
5800.804199 0.000000 598.968079 0.000000 0.533765 0.000000 0.845633 0.234345 0.234345 0.234345
5798.209961 0.000000 598.343628 0.000000 0.928550 0.000000 0.371208 0.284424 0.284424 0.284424
5777.626465 0.000000 626.537598 0.000000 0.099626 0.000000 0.995025 0.188799 0.188799 0.188799
5765.348633 0.000000 629.769897 0.000000 0.948087 0.000000 0.318011 0.197091 0.197091 0.197091
5775.571289 0.000000 627.940613 0.000000 0.977255 0.000000 0.212068 0.221161 0.221161 0.221161
5771.600586 0.000000 627.049927 0.000000 0.332566 0.000000 0.943080 0.237185 0.237185 0.237185
5762.305176 0.000000 622.677979 0.000000 0.940414 0.000000 0.340032 0.228748 0.228748 0.228748
5768.096191 0.000000 623.513123 0.000000 0.903889 0.000000 0.427767 0.237458 0.237458 0.237458
5772.231934 0.000000 624.164673 0.000000 0.998631 0.000000 0.052312 0.290918 0.290918 0.290918
5770.685059 0.000000 623.291382 0.000000 0.741997 0.000000 0.670403 0.242576 0.242576 0.242576
5766.675781 0.000000 624.213257 0.000000 0.721498 0.000000 0.692417 0.272923 0.272923 0.272923
5762.702148 0.000000 626.490845 0.000000 0.990172 0.000000 0.139853 0.267824 0.267824 0.267824
5760.942871 0.000000 624.477539 0.000000 0.239040 0.000000 0.971010 0.241178 0.241178 0.241178
5771.846680 0.000000 625.575256 0.000000 0.787649 0.000000 0.616124 0.273173 0.273173 0.273173
5974.003418 0.000000 465.577423 0.000000 0.932910 0.000000 0.360109 0.196919 0.196919 0.196919
4460.877441 0.000000 1106.990112 0.000000 0.609530 0.000000 0.792763 0.191659 0.191659 0.191659
4449.651855 0.000000 1109.400635 0.000000 0.192157 0.000000 0.981364 0.205210 0.205210 0.205210
4460.435059 0.000000 1109.178223 0.000000 0.428989 0.000000 0.903310 0.212166 0.212166 0.212166
4467.339844 0.000000 1108.492432 0.000000 0.354979 0.000000 0.934874 0.232016 0.232016 0.232016
4470.375000 0.000000 1104.752808 0.000000 0.983511 0.000000 0.180850 0.250733 0.250733 0.250733
4468.417969 0.000000 1103.528198 0.000000 0.825572 0.000000 0.564297 0.244388 0.244388 0.244388
4456.507812 0.000000 1097.625488 0.000000 0.851820 0.000000 0.523834 0.234508 0.234508 0.234508
4459.705078 0.000000 1100.590820 0.000000 0.465451 0.000000 0.885074 0.233631 0.233631 0.233631
4465.665527 0.000000 1101.965698 0.000000 0.971171 0.000000 0.238383 0.253808 0.253808 0.253808
4471.086426 0.000000 1109.819458 0.000000 0.941316 0.000000 0.337525 0.247510 0.247510 0.247510
4464.720703 0.000000 1103.246948 0.000000 0.075568 0.000000 0.997141 0.254430 0.254430 0.254430
4542.018555 0.000000 1099.098267 0.000000 0.899585 0.000000 0.436746 0.196051 0.196051 0.196051
4490.276367 0.000000 1093.810547 0.000000 0.730945 0.000000 0.682436 0.192968 0.192968 0.192968
4532.392090 0.000000 1121.589844 0.000000 0.614613 0.000000 0.788828 0.208833 0.208833 0.208833
4516.101074 0.000000 1121.064453 0.000000 0.472540 0.000000 0.881309 0.193861 0.193861 0.193861
4524.193359 0.000000 1094.147705 0.000000 0.983169 0.000000 0.182700 0.233460 0.233460 0.233460
4535.370605 0.000000 1106.858521 0.000000 0.614386 0.000000 0.789006 0.228179 0.228179 0.228179
4519.437012 0.000000 1100.585083 0.000000 0.494643 0.000000 0.869096 0.206036 0.206036 0.206036
4491.910645 0.000000 1100.886108 0.000000 0.655268 0.000000 0.755396 0.217048 0.217048 0.217048
4503.550293 0.000000 1114.992065 0.000000 0.161752 0.000000 0.986831 0.203958 0.203958 0.203958
4527.221680 0.000000 1106.501709 0.000000 0.984999 0.000000 0.172561 0.249822 0.249822 0.249822
4498.931641 0.000000 1104.529297 0.000000 0.447626 0.000000 0.894221 0.219487 0.219487 0.219487
4515.097656 0.000000 1115.303223 0.000000 0.960888 0.000000 0.276938 0.240350 0.240350 0.240350
4536.713379 0.000000 1102.626099 0.000000 0.297020 0.000000 0.954871 0.225910 0.225910 0.225910
4542.808594 0.000000 1101.230591 0.000000 0.932431 0.000000 0.361348 0.232543 0.232543 0.232543
4520.507812 0.000000 1097.625488 0.000000 0.998436 0.000000 0.055907 0.256552 0.256552 0.256552
4539.060547 0.000000 1115.795410 0.000000 0.575905 0.000000 0.817517 0.249337 0.249337 0.249337
4512.249023 0.000000 1101.578857 0.000000 0.552350 0.000000 0.833612 0.252065 0.252065 0.252065
4529.077637 0.000000 1105.591064 0.000000 0.831358 0.000000 0.555736 0.238741 0.238741 0.238741
4526.922852 0.000000 1108.524414 0.000000 0.751147 0.000000 0.660135 0.223859 0.223859 0.223859
4535.657227 0.000000 1113.576904 0.000000 0.252713 0.000000 0.967541 0.218549 0.218549 0.218549
4529.818848 0.000000 1099.950806 0.000000 0.520885 0.000000 0.853627 0.219070 0.219070 0.219070
4520.666504 0.000000 1119.525635 0.000000 0.996604 0.000000 0.082340 0.248304 0.248304 0.248304
4532.105469 0.000000 1115.594116 0.000000 0.998710 0.000000 0.050782 0.268838 0.268838 0.268838
4525.863281 0.000000 1120.020264 0.000000 0.954335 0.000000 0.298738 0.242040 0.242040 0.242040
4515.914551 0.000000 1101.962280 0.000000 0.998584 0.000000 0.053192 0.253286 0.253286 0.253286
4527.125977 0.000000 1112.120239 0.000000 0.999928 0.000000 0.011983 0.274216 0.274216 0.274216
4508.327637 0.000000 1101.021729 0.000000 0.648396 0.000000 0.761303 0.285250 0.285250 0.285250
4521.984863 0.000000 1094.139771 0.000000 0.803715 0.000000 0.595015 0.254147 0.254147 0.254147
4523.631348 0.000000 1116.753052 0.000000 0.921666 0.000000 0.387985 0.282880 0.282880 0.282880
4537.096680 0.000000 1107.268066 0.000000 0.941698 0.000000 0.336458 0.280438 0.280438 0.280438
4514.989746 0.000000 1105.417480 0.000000 0.798419 0.000000 0.602103 0.297578 0.297578 0.297578
4538.544922 0.000000 1105.173828 0.000000 0.825269 0.000000 0.564741 0.256930 0.256930 0.256930
4536.254883 0.000000 1120.585449 0.000000 0.690803 0.000000 0.723043 0.268099 0.268099 0.268099
4495.409668 0.000000 1113.363281 0.000000 0.715761 0.000000 0.698345 0.244563 0.244563 0.244563
4507.994141 0.000000 1098.236328 0.000000 0.562659 0.000000 0.826689 0.298047 0.298047 0.298047
4524.260742 0.000000 1114.136475 0.000000 0.747099 0.000000 0.664713 0.288383 0.288383 0.288383
4529.404785 0.000000 1092.661255 0.000000 0.497441 0.000000 0.867498 0.266002 0.266002 0.266002
4505.702148 0.000000 1098.645386 0.000000 0.469134 0.000000 0.883127 0.295602 0.295602 0.295602
4517.219727 0.000000 1096.782593 0.000000 0.152223 0.000000 0.988346 0.251989 0.251989 0.251989
4543.198730 0.000000 1108.223145 0.000000 0.975733 0.000000 0.218965 0.300779 0.300779 0.300779
4541.962402 0.000000 1118.991211 0.000000 0.682162 0.000000 0.731201 0.300397 0.300397 0.300397
4537.763184 0.000000 1094.218750 0.000000 0.353914 0.000000 0.935278 0.263418 0.263418 0.263418
4506.510254 0.000000 1103.996338 0.000000 0.713201 0.000000 0.700960 0.259109 0.259109 0.259109
4487.944824 0.000000 1101.141479 0.000000 0.758263 0.000000 0.651949 0.296971 0.296971 0.296971
4535.532715 0.000000 1097.812988 0.000000 0.435350 0.000000 0.900261 0.295387 0.295387 0.295387
4535.190918 0.000000 1115.093628 0.000000 0.999994 0.000000 0.003423 0.303532 0.303532 0.303532
4502.790527 0.000000 1099.731934 0.000000 0.827002 0.000000 0.562199 0.309507 0.309507 0.309507
4528.912598 0.000000 1089.016113 0.000000 0.026815 0.000000 0.999640 0.278836 0.278836 0.278836
4534.872070 0.000000 1093.588501 0.000000 0.854137 0.000000 0.520047 0.325442 0.325442 0.325442
4508.560059 0.000000 1102.479614 0.000000 0.166377 0.000000 0.986062 0.254519 0.254519 0.254519
4538.382812 0.000000 1108.079834 0.000000 0.448223 0.000000 0.893922 0.277468 0.277468 0.277468
4534.458008 0.000000 1086.112549 0.000000 0.192880 0.000000 0.981222 0.273100 0.273100 0.273100
4533.717285 0.000000 1118.685425 0.000000 0.644976 0.000000 0.764203 0.298366 0.298366 0.298366
4511.819336 0.000000 1105.938965 0.000000 0.634420 0.000000 0.772989 0.287933 0.287933 0.287933
4536.508789 0.000000 1114.645874 0.000000 0.177269 0.000000 0.984162 0.277013 0.277013 0.277013
4512.511719 0.000000 1104.200439 0.000000 0.932799 0.000000 0.360397 0.324783 0.324783 0.324783
4505.165527 0.000000 1097.401733 0.000000 0.045901 0.000000 0.998946 0.280274 0.280274 0.280274
4531.522461 0.000000 1089.889526 0.000000 0.975015 0.000000 0.222138 0.365185 0.365185 0.365185
4514.075684 0.000000 1104.464478 0.000000 0.164673 0.000000 0.986348 0.269387 0.269387 0.269387
4540.279297 0.000000 1086.180908 0.000000 0.927353 0.000000 0.374188 0.321190 0.321190 0.321190
4533.735840 0.000000 1089.583618 0.000000 0.290820 0.000000 0.956778 0.313371 0.313371 0.313371
4533.912598 0.000000 1095.981812 0.000000 0.985008 0.000000 0.172507 0.364835 0.364835 0.364835
4502.552246 0.000000 1097.451416 0.000000 0.973527 0.000000 0.228571 0.340050 0.340050 0.340050
4532.518555 0.000000 1092.284302 0.000000 0.983082 0.000000 0.183168 0.367389 0.367389 0.367389
4532.879395 0.000000 1095.201538 0.000000 0.936600 0.000000 0.350401 0.354830 0.354830 0.354830
4528.708984 0.000000 1091.434814 0.000000 0.919385 0.000000 0.393359 0.337852 0.337852 0.337852
4526.466309 0.000000 1115.582275 0.000000 0.276262 0.000000 0.961082 0.314379 0.314379 0.314379
4490.822754 0.000000 1094.929688 0.000000 0.880215 0.000000 0.474575 0.337221 0.337221 0.337221
4533.369629 0.000000 1093.634155 0.000000 0.977848 0.000000 0.209317 0.365912 0.365912 0.365912
4531.962891 0.000000 1116.687134 0.000000 0.632834 0.000000 0.774288 0.326241 0.326241 0.326241
4528.024902 0.000000 1114.934937 0.000000 0.979287 0.000000 0.202476 0.386817 0.386817 0.386817
4539.348633 0.000000 1117.951294 0.000000 0.123584 0.000000 0.992334 0.297051 0.297051 0.297051
4537.340332 0.000000 1117.982178 0.000000 0.612547 0.000000 0.790434 0.334006 0.334006 0.334006
4595.720703 0.000000 1111.074951 0.000000 0.994468 0.000000 0.105044 0.199172 0.199172 0.199172
4555.937012 0.000000 1105.972534 0.000000 0.989149 0.000000 0.146915 0.198656 0.198656 0.198656
4544.073242 0.000000 1111.764648 0.000000 0.823992 0.000000 0.566601 0.194887 0.194887 0.194887
4570.516602 0.000000 1111.982056 0.000000 0.960301 0.000000 0.278966 0.237148 0.237148 0.237148
4544.974121 0.000000 1085.910889 0.000000 0.501757 0.000000 0.865009 0.200665 0.200665 0.200665
4546.873047 0.000000 1099.493408 0.000000 0.858443 0.000000 0.512909 0.211657 0.211657 0.211657
4578.441895 0.000000 1107.166504 0.000000 0.118467 0.000000 0.992958 0.197579 0.197579 0.197579
4604.546387 0.000000 1101.142822 0.000000 0.889368 0.000000 0.457192 0.241906 0.241906 0.241906
4564.471191 0.000000 1095.028687 0.000000 0.796560 0.000000 0.604560 0.215191 0.215191 0.215191
4551.852051 0.000000 1110.380615 0.000000 0.996119 0.000000 0.088018 0.231694 0.231694 0.231694
4545.116211 0.000000 1109.702393 0.000000 0.712344 0.000000 0.701831 0.243536 0.243536 0.243536
4588.435059 0.000000 1109.178223 0.000000 0.662911 0.000000 0.748698 0.239375 0.239375 0.239375
4547.661133 0.000000 1094.276733 0.000000 0.983174 0.000000 0.182674 0.223735 0.223735 0.223735
4606.808594 0.000000 1101.230591 0.000000 0.145675 0.000000 0.989332 0.232168 0.232168 0.232168
4596.417969 0.000000 1103.528198 0.000000 0.987273 0.000000 0.159037 0.225161 0.225161 0.225161
4575.716309 0.000000 1113.653687 0.000000 0.902872 0.000000 0.429910 0.224154 0.224154 0.224154
4553.114258 0.000000 1103.316895 0.000000 0.112874 0.000000 0.993609 0.223123 0.223123 0.223123
4576.249023 0.000000 1101.578857 0.000000 0.854799 0.000000 0.518959 0.252359 0.252359 0.252359
4593.077637 0.000000 1105.591064 0.000000 0.483676 0.000000 0.875247 0.238312 0.238312 0.238312
4590.922852 0.000000 1108.524414 0.000000 0.989820 0.000000 0.142325 0.244993 0.244993 0.244993
4594.491699 0.000000 1096.843384 0.000000 0.993103 0.000000 0.117244 0.267275 0.267275 0.267275
4561.646484 0.000000 1092.527954 0.000000 0.012985 0.000000 0.999916 0.209034 0.209034 0.209034
4587.705078 0.000000 1100.590820 0.000000 0.845908 0.000000 0.533329 0.248079 0.248079 0.248079
4599.657227 0.000000 1113.576904 0.000000 0.259700 0.000000 0.965689 0.212885 0.212885 0.212885
4572.530762 0.000000 1114.878052 0.000000 0.538434 0.000000 0.842668 0.257535 0.257535 0.257535
4591.143066 0.000000 1098.880615 0.000000 0.731386 0.000000 0.681964 0.274250 0.274250 0.274250
4550.066895 0.000000 1106.338623 0.000000 0.728528 0.000000 0.685016 0.244028 0.244028 0.244028
4587.248535 0.000000 1106.029175 0.000000 0.345212 0.000000 0.938525 0.244660 0.244660 0.244660
4553.040527 0.000000 1114.727661 0.000000 0.920985 0.000000 0.389598 0.257608 0.257608 0.257608
4580.762207 0.000000 1094.708252 0.000000 0.456658 0.000000 0.889642 0.230024 0.230024 0.230024
4585.984863 0.000000 1094.139771 0.000000 0.000226 0.000000 1.000000 0.257746 0.257746 0.257746
4553.975098 0.000000 1110.715210 0.000000 0.789549 0.000000 0.613688 0.261141 0.261141 0.261141
4584.327148 0.000000 1095.474976 0.000000 0.396414 0.000000 0.918072 0.271685 0.271685 0.271685
4599.086426 0.000000 1109.819458 0.000000 0.633433 0.000000 0.773798 0.285392 0.285392 0.285392
4589.502441 0.000000 1095.563965 0.000000 0.666548 0.000000 0.745462 0.286105 0.286105 0.286105
4548.483398 0.000000 1107.632935 0.000000 0.902920 0.000000 0.429808 0.283498 0.283498 0.283498
4587.434082 0.000000 1102.293213 0.000000 0.968941 0.000000 0.247290 0.278897 0.278897 0.278897
4585.028320 0.000000 1099.909912 0.000000 0.586041 0.000000 0.810281 0.268384 0.268384 0.268384
4586.288086 0.000000 1103.885376 0.000000 0.287532 0.000000 0.957771 0.250814 0.250814 0.250814
4571.789062 0.000000 1108.382812 0.000000 0.676125 0.000000 0.736787 0.267521 0.267521 0.267521
4602.544922 0.000000 1105.173828 0.000000 0.827775 0.000000 0.561060 0.308648 0.308648 0.308648
4571.705566 0.000000 1113.241943 0.000000 0.996698 0.000000 0.081195 0.302134 0.302134 0.302134
4605.407227 0.000000 1110.586670 0.000000 0.016464 0.000000 0.999864 0.241948 0.241948 0.241948
4607.198730 0.000000 1108.223145 0.000000 0.291405 0.000000 0.956600 0.264255 0.264255 0.264255
4607.537598 0.000000 1103.469482 0.000000 0.531478 0.000000 0.847072 0.276111 0.276111 0.276111
4590.407715 0.000000 1100.373169 0.000000 0.515344 0.000000 0.856983 0.275469 0.275469 0.275469
4567.875000 0.000000 1105.278931 0.000000 0.345623 0.000000 0.938373 0.282041 0.282041 0.282041
4556.826172 0.000000 1112.389282 0.000000 0.019584 0.000000 0.999808 0.230839 0.230839 0.230839
4563.123535 0.000000 1095.892456 0.000000 0.248426 0.000000 0.968651 0.244454 0.244454 0.244454
4592.720703 0.000000 1103.246948 0.000000 0.718293 0.000000 0.695741 0.253832 0.253832 0.253832
4555.164062 0.000000 1109.758301 0.000000 0.043221 0.000000 0.999066 0.260484 0.260484 0.260484
4583.754395 0.000000 1099.111572 0.000000 0.342649 0.000000 0.939464 0.256238 0.256238 0.256238
4571.274902 0.000000 1115.823120 0.000000 0.503798 0.000000 0.863822 0.275804 0.275804 0.275804
4606.039551 0.000000 1113.663452 0.000000 0.994037 0.000000 0.109044 0.291443 0.291443 0.291443
4561.551270 0.000000 1107.145142 0.000000 0.222834 0.000000 0.974856 0.267498 0.267498 0.267498
4564.652832 0.000000 1106.862183 0.000000 0.874746 0.000000 0.484582 0.345896 0.345896 0.345896
4560.015625 0.000000 1106.987427 0.000000 0.722306 0.000000 0.691574 0.287984 0.287984 0.287984
4604.529297 0.000000 1106.636597 0.000000 0.189010 0.000000 0.981975 0.260117 0.260117 0.260117
4546.917480 0.000000 1106.632568 0.000000 0.982854 0.000000 0.184388 0.331598 0.331598 0.331598
4564.460938 0.000000 1104.427734 0.000000 0.716560 0.000000 0.697525 0.270928 0.270928 0.270928
4554.652832 0.000000 1112.268921 0.000000 0.365361 0.000000 0.930866 0.274217 0.274217 0.274217
4572.560059 0.000000 1102.479614 0.000000 0.886421 0.000000 0.462879 0.351867 0.351867 0.351867
4566.136230 0.000000 1106.781738 0.000000 0.682609 0.000000 0.730784 0.302094 0.302094 0.302094
4592.418945 0.000000 1099.479736 0.000000 0.648490 0.000000 0.761223 0.294431 0.294431 0.294431
4563.827148 0.000000 1105.704468 0.000000 0.745279 0.000000 0.666753 0.296227 0.296227 0.296227
4574.551758 0.000000 1107.958008 0.000000 0.179212 0.000000 0.983810 0.295420 0.295420 0.295420
4606.782227 0.000000 1111.223145 0.000000 0.169972 0.000000 0.985449 0.264930 0.264930 0.264930
4569.071777 0.000000 1106.567139 0.000000 0.984885 0.000000 0.173211 0.312978 0.312978 0.312978
4577.198730 0.000000 1108.054199 0.000000 0.908121 0.000000 0.418709 0.292765 0.292765 0.292765
4589.479492 0.000000 1097.742676 0.000000 0.949267 0.000000 0.314471 0.305628 0.305628 0.305628
4555.571777 0.000000 1097.742188 0.000000 0.518764 0.000000 0.854917 0.331984 0.331984 0.331984
4557.373047 0.000000 1108.472046 0.000000 0.655569 0.000000 0.755135 0.297284 0.297284 0.297284
4575.658691 0.000000 1108.736816 0.000000 0.805993 0.000000 0.591925 0.310721 0.310721 0.310721
4548.623047 0.000000 1104.590332 0.000000 0.893569 0.000000 0.448927 0.337721 0.337721 0.337721
4601.621582 0.000000 1106.093872 0.000000 0.208450 0.000000 0.978033 0.312349 0.312349 0.312349
4592.071777 0.000000 1096.962769 0.000000 0.652831 0.000000 0.757504 0.293825 0.293825 0.293825
4559.627930 0.000000 1096.952881 0.000000 0.367806 0.000000 0.929902 0.320997 0.320997 0.320997
4588.637695 0.000000 1102.756348 0.000000 0.572468 0.000000 0.819927 0.293840 0.293840 0.293840
4557.813477 0.000000 1098.244141 0.000000 0.199641 0.000000 0.979869 0.307358 0.307358 0.307358
4561.695801 0.000000 1095.788452 0.000000 0.392900 0.000000 0.919581 0.301612 0.301612 0.301612
4557.407227 0.000000 1094.084473 0.000000 0.248201 0.000000 0.968709 0.305669 0.305669 0.305669
4560.823242 0.000000 1094.807861 0.000000 0.485390 0.000000 0.874298 0.306638 0.306638 0.306638
4557.162109 0.000000 1095.697510 0.000000 0.994385 0.000000 0.105820 0.373875 0.373875 0.373875
4545.099609 0.000000 1104.614258 0.000000 0.124506 0.000000 0.992219 0.306142 0.306142 0.306142
4600.393555 0.000000 1106.345703 0.000000 0.507528 0.000000 0.861635 0.333110 0.333110 0.333110
4603.804199 0.000000 1107.584473 0.000000 0.928706 0.000000 0.370817 0.347814 0.347814 0.347814
4544.017578 0.000000 1087.939087 0.000000 0.034387 0.000000 0.999409 0.300655 0.300655 0.300655
4559.051270 0.000000 1097.813354 0.000000 0.416386 0.000000 0.909188 0.324491 0.324491 0.324491
4534.928223 0.000000 1203.056885 0.000000 0.579058 0.000000 0.815287 0.198928 0.198928 0.198928
4563.921875 0.000000 1210.497314 0.000000 0.379732 0.000000 0.925097 0.192037 0.192037 0.192037
4575.949707 0.000000 1220.427856 0.000000 0.426880 0.000000 0.904308 0.190551 0.190551 0.190551
4553.808105 0.000000 1221.877441 0.000000 0.988432 0.000000 0.151663 0.198594 0.198594 0.198594
4592.763672 0.000000 1225.978271 0.000000 0.606846 0.000000 0.794819 0.192660 0.192660 0.192660
4573.234863 0.000000 1209.880615 0.000000 0.832809 0.000000 0.553560 0.206026 0.206026 0.206026
4595.473145 0.000000 1226.549805 0.000000 0.756936 0.000000 0.653489 0.234521 0.234521 0.234521
4596.503418 0.000000 1240.589478 0.000000 0.129741 0.000000 0.991548 0.205979 0.205979 0.205979
4560.003418 0.000000 1213.474609 0.000000 0.103679 0.000000 0.994611 0.195733 0.195733 0.195733
4560.405273 0.000000 1223.726929 0.000000 0.122980 0.000000 0.992409 0.206697 0.206697 0.206697
4570.280762 0.000000 1230.018188 0.000000 0.596670 0.000000 0.802487 0.219607 0.219607 0.219607
4547.928711 0.000000 1216.303833 0.000000 0.910639 0.000000 0.413204 0.227512 0.227512 0.227512
4562.931641 0.000000 1217.498047 0.000000 0.985321 0.000000 0.170714 0.259556 0.259556 0.259556
4596.752441 0.000000 1232.569214 0.000000 0.729250 0.000000 0.684248 0.221434 0.221434 0.221434
4599.657227 0.000000 1226.545654 0.000000 0.685050 0.000000 0.728496 0.266989 0.266989 0.266989
4596.105469 0.000000 1228.562866 0.000000 0.881689 0.000000 0.471832 0.251571 0.251571 0.251571
4602.541992 0.000000 1235.342896 0.000000 0.843104 0.000000 0.537751 0.271182 0.271182 0.271182
4603.123047 0.000000 1225.598145 0.000000 0.990496 0.000000 0.137538 0.294909 0.294909 0.294909
4600.590820 0.000000 1240.082520 0.000000 0.300086 0.000000 0.953912 0.240370 0.240370 0.240370
4602.464844 0.000000 1222.459229 0.000000 0.048438 0.000000 0.998826 0.232929 0.232929 0.232929
4554.324219 0.000000 1217.665283 0.000000 0.418975 0.000000 0.907998 0.236763 0.236763 0.236763
4569.175293 0.000000 1228.541382 0.000000 0.999056 0.000000 0.043440 0.282313 0.282313 0.282313
4602.544922 0.000000 1218.142578 0.000000 0.596877 0.000000 0.802332 0.241188 0.241188 0.241188
4571.705566 0.000000 1226.210693 0.000000 0.490240 0.000000 0.871587 0.256836 0.256836 0.256836
4559.572266 0.000000 1217.771729 0.000000 0.110971 0.000000 0.993824 0.245891 0.245891 0.245891
4601.390625 0.000000 1228.579102 0.000000 0.848917 0.000000 0.528526 0.304633 0.304633 0.304633
4569.412598 0.000000 1226.283325 0.000000 0.091456 0.000000 0.995809 0.245356 0.245356 0.245356
4598.213379 0.000000 1229.177246 0.000000 0.817342 0.000000 0.576153 0.276496 0.276496 0.276496
4572.480469 0.000000 1224.732788 0.000000 0.952143 0.000000 0.305654 0.270006 0.270006 0.270006
4605.962402 0.000000 1231.959961 0.000000 0.771109 0.000000 0.636703 0.319690 0.319690 0.319690
4603.649902 0.000000 1241.125732 0.000000 0.393997 0.000000 0.919112 0.252328 0.252328 0.252328
4603.144043 0.000000 1238.361572 0.000000 0.959271 0.000000 0.282487 0.294469 0.294469 0.294469
4605.091309 0.000000 1237.883423 0.000000 0.996803 0.000000 0.079893 0.290116 0.290116 0.290116
4605.369629 0.000000 1233.467651 0.000000 0.881585 0.000000 0.472026 0.301398 0.301398 0.301398
4599.190918 0.000000 1228.062378 0.000000 0.109070 0.000000 0.994034 0.251401 0.251401 0.251401
4606.566406 0.000000 1241.800537 0.000000 0.972242 0.000000 0.233977 0.285583 0.285583 0.285583
4603.498047 0.000000 1233.205933 0.000000 0.428869 0.000000 0.903367 0.268301 0.268301 0.268301
4601.143066 0.000000 1229.950439 0.000000 0.999425 0.000000 0.033910 0.324746 0.324746 0.324746
4601.594238 0.000000 1231.989746 0.000000 0.267673 0.000000 0.963510 0.274686 0.274686 0.274686
4607.099609 0.000000 1229.133057 0.000000 0.405807 0.000000 0.913959 0.275041 0.275041 0.275041
4603.031250 0.000000 1231.910645 0.000000 0.515520 0.000000 0.856878 0.298682 0.298682 0.298682
4605.826172 0.000000 1227.891724 0.000000 0.383190 0.000000 0.923670 0.290048 0.290048 0.290048
4605.235840 0.000000 1230.953247 0.000000 0.960799 0.000000 0.277246 0.338743 0.338743 0.338743
4598.117188 0.000000 1249.677612 0.000000 0.999932 0.000000 0.011648 0.199904 0.199904 0.199904
4596.969238 0.000000 1247.014160 0.000000 0.716815 0.000000 0.697263 0.208702 0.208702 0.208702
4600.373535 0.000000 1242.794678 0.000000 0.311957 0.000000 0.950096 0.208623 0.208623 0.208623
4643.373047 0.000000 1100.146484 0.000000 0.229633 0.000000 0.973277 0.190287 0.190287 0.190287
4658.335449 0.000000 1094.096191 0.000000 0.939868 0.000000 0.341539 0.196737 0.196737 0.196737
4622.569336 0.000000 1106.971924 0.000000 0.278551 0.000000 0.960421 0.201285 0.201285 0.201285
4655.560547 0.000000 1115.966797 0.000000 0.021824 0.000000 0.999762 0.216106 0.216106 0.216106
4648.581055 0.000000 1103.467529 0.000000 0.993689 0.000000 0.112166 0.235702 0.235702 0.235702
4641.051758 0.000000 1105.394653 0.000000 0.229361 0.000000 0.973341 0.218953 0.218953 0.218953
4670.998535 0.000000 1097.184692 0.000000 0.878569 0.000000 0.477616 0.237459 0.237459 0.237459
4629.939941 0.000000 1098.536499 0.000000 0.980668 0.000000 0.195679 0.241849 0.241849 0.241849
4632.739258 0.000000 1101.772339 0.000000 0.987130 0.000000 0.159920 0.238168 0.238168 0.238168
4613.887695 0.000000 1104.031738 0.000000 0.999762 0.000000 0.021810 0.282891 0.282891 0.282891
4657.818848 0.000000 1099.950806 0.000000 0.105621 0.000000 0.994406 0.223748 0.223748 0.223748
4645.000000 0.000000 1107.884644 0.000000 0.782058 0.000000 0.623205 0.238122 0.238122 0.238122
4649.028320 0.000000 1099.909912 0.000000 0.999201 0.000000 0.039961 0.286842 0.286842 0.286842
4630.173340 0.000000 1112.544678 0.000000 0.103866 0.000000 0.994591 0.268377 0.268377 0.268377
4656.528809 0.000000 1094.084106 0.000000 0.727882 0.000000 0.685702 0.269611 0.269611 0.269611
4620.826172 0.000000 1112.389282 0.000000 0.590893 0.000000 0.806750 0.279368 0.279368 0.279368
4645.460449 0.000000 1104.538330 0.000000 0.257786 0.000000 0.966202 0.274298 0.274298 0.274298
4611.459473 0.000000 1109.719360 0.000000 0.390409 0.000000 0.920641 0.272210 0.272210 0.272210
4632.837891 0.000000 1111.314819 0.000000 0.797612 0.000000 0.603171 0.303853 0.303853 0.303853
4625.954102 0.000000 1111.227295 0.000000 0.149771 0.000000 0.988721 0.282072 0.282072 0.282072
4650.445312 0.000000 1112.058960 0.000000 0.152498 0.000000 0.988304 0.249173 0.249173 0.249173
4647.754395 0.000000 1099.111572 0.000000 0.891626 0.000000 0.452774 0.329947 0.329947 0.329947
4625.551270 0.000000 1107.145142 0.000000 0.592422 0.000000 0.805628 0.286788 0.286788 0.286788
4624.015625 0.000000 1106.987427 0.000000 1.000000 0.000000 0.000766 0.321540 0.321540 0.321540
4625.383301 0.000000 1109.710571 0.000000 0.331304 0.000000 0.943524 0.290385 0.290385 0.290385
4647.114258 0.000000 1103.657959 0.000000 0.692951 0.000000 0.720984 0.311858 0.311858 0.311858
4638.551758 0.000000 1107.958008 0.000000 0.045341 0.000000 0.998972 0.263691 0.263691 0.263691
4608.022461 0.000000 1108.909912 0.000000 0.184376 0.000000 0.982856 0.270792 0.270792 0.270792
4609.603027 0.000000 1107.156494 0.000000 0.992807 0.000000 0.119724 0.358063 0.358063 0.358063
4627.806641 0.000000 1108.504395 0.000000 0.424280 0.000000 0.905531 0.325339 0.325339 0.325339
4640.756836 0.000000 1112.825195 0.000000 0.991986 0.000000 0.126346 0.389802 0.389802 0.389802
4627.856934 0.000000 1110.943115 0.000000 0.498023 0.000000 0.867164 0.291027 0.291027 0.291027
4625.638672 0.000000 1114.501587 0.000000 0.420488 0.000000 0.907298 0.313154 0.313154 0.313154
4646.902344 0.000000 1101.808960 0.000000 0.948849 0.000000 0.315730 0.376599 0.376599 0.376599
4610.696289 0.000000 1102.845703 0.000000 0.553775 0.000000 0.832666 0.289786 0.289786 0.289786
4609.099609 0.000000 1104.614258 0.000000 0.250199 0.000000 0.968194 0.299797 0.299797 0.299797
4627.857422 0.000000 1113.399658 0.000000 0.920786 0.000000 0.390068 0.348664 0.348664 0.348664
4632.776855 0.000000 1109.256592 0.000000 0.065354 0.000000 0.997862 0.299278 0.299278 0.299278
4630.996094 0.000000 1106.079956 0.000000 0.393382 0.000000 0.919375 0.322244 0.322244 0.322244
4624.800293 0.000000 1114.941528 0.000000 0.945484 0.000000 0.325670 0.374658 0.374658 0.374658
4698.548828 0.000000 1114.516235 0.000000 0.261958 0.000000 0.965079 0.189405 0.189405 0.189405
4712.221680 0.000000 1093.646362 0.000000 0.682339 0.000000 0.731036 0.215696 0.215696 0.215696
4730.988770 0.000000 1106.837158 0.000000 0.934731 0.000000 0.355357 0.212833 0.212833 0.212833
4710.386719 0.000000 1095.551270 0.000000 0.649676 0.000000 0.760211 0.215068 0.215068 0.215068
4729.397461 0.000000 1111.353394 0.000000 0.394258 0.000000 0.919000 0.226183 0.226183 0.226183
4685.917480 0.000000 1104.649292 0.000000 0.350223 0.000000 0.936666 0.226971 0.226971 0.226971
4705.651855 0.000000 1109.400635 0.000000 0.962438 0.000000 0.271502 0.227754 0.227754 0.227754
4719.774902 0.000000 1092.391724 0.000000 0.986015 0.000000 0.166655 0.249940 0.249940 0.249940
4673.439453 0.000000 1097.582520 0.000000 0.316680 0.000000 0.948533 0.225479 0.225479 0.225479
4724.127930 0.000000 1091.085571 0.000000 0.554240 0.000000 0.832357 0.227758 0.227758 0.227758
4673.729980 0.000000 1105.795410 0.000000 0.281414 0.000000 0.959587 0.235207 0.235207 0.235207
4685.989746 0.000000 1100.117554 0.000000 0.126444 0.000000 0.991974 0.247729 0.247729 0.247729
4702.427246 0.000000 1111.490356 0.000000 0.946088 0.000000 0.323909 0.235292 0.235292 0.235292
4727.633301 0.000000 1091.921021 0.000000 0.299336 0.000000 0.954148 0.246565 0.246565 0.246565
4722.737793 0.000000 1106.700806 0.000000 0.748677 0.000000 0.662935 0.245595 0.245595 0.245595
4719.125977 0.000000 1112.120239 0.000000 0.853965 0.000000 0.520331 0.292760 0.292760 0.292760
4731.123047 0.000000 1112.629395 0.000000 0.107027 0.000000 0.994256 0.233538 0.233538 0.233538
4682.324219 0.000000 1104.696533 0.000000 0.567108 0.000000 0.823644 0.266853 0.266853 0.266853
4674.331055 0.000000 1113.148926 0.000000 0.046006 0.000000 0.998941 0.224830 0.224830 0.224830
4717.137695 0.000000 1088.263184 0.000000 0.965128 0.000000 0.261777 0.257516 0.257516 0.257516
4682.960449 0.000000 1107.368042 0.000000 0.064713 0.000000 0.997904 0.272978 0.272978 0.272978
4715.719727 0.000000 1090.789795 0.000000 0.957020 0.000000 0.290021 0.267301 0.267301 0.267301
4733.998047 0.000000 1105.829224 0.000000 0.333583 0.000000 0.942721 0.258990 0.258990 0.258990
4677.528809 0.000000 1102.541260 0.000000 0.675650 0.000000 0.737223 0.263097 0.263097 0.263097
4683.164062 0.000000 1109.758301 0.000000 0.191162 0.000000 0.981559 0.253148 0.253148 0.253148
4733.135254 0.000000 1115.929810 0.000000 0.549894 0.000000 0.835234 0.286449 0.286449 0.286449
4687.615723 0.000000 1101.957520 0.000000 0.287550 0.000000 0.957766 0.280968 0.280968 0.280968
4707.868164 0.000000 1089.043945 0.000000 0.607760 0.000000 0.794121 0.265809 0.265809 0.265809
4731.111816 0.000000 1114.326172 0.000000 0.496032 0.000000 0.868304 0.268359 0.268359 0.268359
4689.019043 0.000000 1101.820679 0.000000 0.721036 0.000000 0.692898 0.306893 0.306893 0.306893
4691.671875 0.000000 1101.937866 0.000000 0.463068 0.000000 0.886323 0.325368 0.325368 0.325368
4798.127441 0.000000 1090.643066 0.000000 0.816726 0.000000 0.577026 0.194702 0.194702 0.194702
4743.173340 0.000000 1102.409790 0.000000 0.971752 0.000000 0.236006 0.222965 0.222965 0.222965
4756.387207 0.000000 1100.000244 0.000000 0.291908 0.000000 0.956446 0.225809 0.225809 0.225809
4774.985352 0.000000 1105.067505 0.000000 0.164140 0.000000 0.986437 0.197293 0.197293 0.197293
4752.405273 0.000000 1110.758179 0.000000 0.001116 0.000000 0.999999 0.216499 0.216499 0.216499
4765.193848 0.000000 1099.414307 0.000000 0.683053 0.000000 0.730369 0.220428 0.220428 0.220428
4745.640137 0.000000 1106.430176 0.000000 0.582862 0.000000 0.812571 0.207387 0.207387 0.207387
4760.281738 0.000000 1095.218262 0.000000 0.295547 0.000000 0.955328 0.220134 0.220134 0.220134
4776.632324 0.000000 1112.838257 0.000000 0.957480 0.000000 0.288500 0.231708 0.231708 0.231708
4764.897949 0.000000 1094.842041 0.000000 0.669252 0.000000 0.743036 0.232215 0.232215 0.232215
4786.333496 0.000000 1112.139648 0.000000 0.556752 0.000000 0.830678 0.247922 0.247922 0.247922
4763.994141 0.000000 1098.236328 0.000000 0.409804 0.000000 0.912173 0.244749 0.244749 0.244749
4767.070801 0.000000 1093.860352 0.000000 0.458516 0.000000 0.888686 0.275579 0.275579 0.275579
4762.288574 0.000000 1093.035889 0.000000 0.369764 0.000000 0.929126 0.299718 0.299718 0.299718
4777.330078 0.000000 1114.364868 0.000000 0.744322 0.000000 0.667821 0.288238 0.288238 0.288238
4758.663086 0.000000 1108.094360 0.000000 0.355291 0.000000 0.934756 0.283160 0.283160 0.283160
4775.139160 0.000000 1096.930786 0.000000 0.719818 0.000000 0.694163 0.258444 0.258444 0.258444
4758.083008 0.000000 1109.645264 0.000000 0.793833 0.000000 0.608136 0.305401 0.305401 0.305401
4753.551270 0.000000 1107.145142 0.000000 0.262213 0.000000 0.965010 0.294226 0.294226 0.294226
4756.652832 0.000000 1106.862183 0.000000 0.909551 0.000000 0.415593 0.321242 0.321242 0.321242
4752.015625 0.000000 1106.987427 0.000000 0.229987 0.000000 0.973194 0.292617 0.292617 0.292617
4753.383301 0.000000 1109.710571 0.000000 0.550562 0.000000 0.834794 0.309607 0.309607 0.309607
4784.418945 0.000000 1099.479736 0.000000 0.803735 0.000000 0.594988 0.282307 0.282307 0.282307
4755.827148 0.000000 1105.704468 0.000000 0.236068 0.000000 0.971736 0.260254 0.260254 0.260254
4778.089355 0.000000 1106.816406 0.000000 0.718200 0.000000 0.695837 0.346241 0.346241 0.346241
4779.793457 0.000000 1107.859497 0.000000 0.868514 0.000000 0.495665 0.361581 0.361581 0.361581
4751.678223 0.000000 1109.620361 0.000000 0.999989 0.000000 0.004633 0.357199 0.357199 0.357199
4752.687012 0.000000 1099.317017 0.000000 0.420392 0.000000 0.907343 0.273342 0.273342 0.273342
4774.447266 0.000000 1099.693848 0.000000 0.785674 0.000000 0.618641 0.329474 0.329474 0.329474
4777.289551 0.000000 1098.615967 0.000000 0.751198 0.000000 0.660076 0.326763 0.326763 0.326763
4751.281250 0.000000 1106.009277 0.000000 0.057546 0.000000 0.998343 0.291708 0.291708 0.291708
4752.371094 0.000000 1092.732544 0.000000 0.985838 0.000000 0.167699 0.357717 0.357717 0.357717
4763.766113 0.000000 1094.874878 0.000000 0.161390 0.000000 0.986891 0.299574 0.299574 0.299574
4809.939941 0.000000 1088.491577 0.000000 0.658673 0.000000 0.752429 0.201971 0.201971 0.201971
4829.260254 0.000000 1107.472412 0.000000 0.308534 0.000000 0.951213 0.197309 0.197309 0.197309
4846.630859 0.000000 1096.979736 0.000000 0.618365 0.000000 0.785891 0.214487 0.214487 0.214487
4819.150879 0.000000 1106.964722 0.000000 0.883438 0.000000 0.468548 0.219442 0.219442 0.219442
4863.940430 0.000000 1092.652588 0.000000 0.157636 0.000000 0.987497 0.221641 0.221641 0.221641
4849.258789 0.000000 1110.660156 0.000000 0.099057 0.000000 0.995082 0.218234 0.218234 0.218234
4831.885254 0.000000 1092.393188 0.000000 0.172089 0.000000 0.985081 0.229694 0.229694 0.229694
4808.383301 0.000000 1095.066895 0.000000 0.202782 0.000000 0.979224 0.211161 0.211161 0.211161
4811.567871 0.000000 1113.356445 0.000000 0.970626 0.000000 0.240594 0.222898 0.222898 0.222898
4811.945801 0.000000 1095.271606 0.000000 0.883131 0.000000 0.469127 0.232600 0.232600 0.232600
4825.637695 0.000000 1109.900513 0.000000 0.755531 0.000000 0.655113 0.259784 0.259784 0.259784
4807.299805 0.000000 1113.941284 0.000000 0.263237 0.000000 0.964731 0.233221 0.233221 0.233221
4831.909668 0.000000 1088.170532 0.000000 0.950334 0.000000 0.311231 0.297594 0.297594 0.297594
4847.125977 0.000000 1112.120239 0.000000 0.961283 0.000000 0.275563 0.295734 0.295734 0.295734
4834.022949 0.000000 1095.238892 0.000000 0.537769 0.000000 0.843092 0.252474 0.252474 0.252474
4843.434082 0.000000 1102.293213 0.000000 0.510314 0.000000 0.859988 0.258293 0.258293 0.258293
4842.288086 0.000000 1103.885376 0.000000 0.858416 0.000000 0.512953 0.271985 0.271985 0.271985
4800.520996 0.000000 1092.973145 0.000000 0.776537 0.000000 0.630072 0.272655 0.272655 0.272655
4830.632324 0.000000 1100.513306 0.000000 0.973845 0.000000 0.227212 0.285785 0.285785 0.285785
4831.070801 0.000000 1093.860352 0.000000 0.437147 0.000000 0.899390 0.235518 0.235518 0.235518
4838.209961 0.000000 1106.703003 0.000000 0.348957 0.000000 0.937139 0.247908 0.247908 0.247908
4800.129395 0.000000 1105.247803 0.000000 0.447057 0.000000 0.894506 0.294518 0.294518 0.294518
4839.006836 0.000000 1092.606934 0.000000 0.621833 0.000000 0.783150 0.280700 0.280700 0.280700
4814.941895 0.000000 1098.843628 0.000000 0.241388 0.000000 0.970429 0.253926 0.253926 0.253926
4824.535645 0.000000 1108.246704 0.000000 0.947938 0.000000 0.318455 0.269665 0.269665 0.269665
4830.637207 0.000000 1091.372070 0.000000 0.953113 0.000000 0.302615 0.281454 0.281454 0.281454
4840.266113 0.000000 1101.966553 0.000000 0.918541 0.000000 0.395326 0.276633 0.276633 0.276633
4817.981934 0.000000 1103.115356 0.000000 0.425187 0.000000 0.905106 0.276551 0.276551 0.276551
4842.833008 0.000000 1097.435913 0.000000 0.684126 0.000000 0.729364 0.274850 0.274850 0.274850
4815.615723 0.000000 1101.957520 0.000000 0.999736 0.000000 0.022972 0.281746 0.281746 0.281746
4818.458496 0.000000 1108.299072 0.000000 0.743720 0.000000 0.668491 0.315178 0.315178 0.315178
4838.613281 0.000000 1094.073853 0.000000 0.329458 0.000000 0.944170 0.312301 0.312301 0.312301
4805.865234 0.000000 1108.029175 0.000000 0.148680 0.000000 0.988885 0.289194 0.289194 0.289194
4816.015625 0.000000 1106.987427 0.000000 0.075452 0.000000 0.997149 0.254426 0.254426 0.254426
4843.860840 0.000000 1098.509155 0.000000 0.313258 0.000000 0.949668 0.308243 0.308243 0.308243
4819.482422 0.000000 1098.893066 0.000000 0.356162 0.000000 0.934424 0.266490 0.266490 0.266490
4825.071777 0.000000 1106.567139 0.000000 0.986792 0.000000 0.161995 0.352724 0.352724 0.352724
4845.479492 0.000000 1097.742676 0.000000 0.994617 0.000000 0.103621 0.306845 0.306845 0.306845
4842.089355 0.000000 1106.816406 0.000000 0.929209 0.000000 0.369556 0.296531 0.296531 0.296531
4843.793457 0.000000 1107.859497 0.000000 0.937635 0.000000 0.347622 0.297320 0.297320 0.297320
4819.671875 0.000000 1101.937866 0.000000 0.545438 0.000000 0.838151 0.328286 0.328286 0.328286
4839.334473 0.000000 1112.961426 0.000000 0.740988 0.000000 0.671518 0.324311 0.324311 0.324311
4841.506836 0.000000 1092.918945 0.000000 0.197162 0.000000 0.980371 0.299865 0.299865 0.299865
4831.658691 0.000000 1108.736816 0.000000 0.786757 0.000000 0.617263 0.354991 0.354991 0.354991
4844.297363 0.000000 1105.255615 0.000000 0.991616 0.000000 0.129222 0.351150 0.351150 0.351150
4835.174316 0.000000 1112.676514 0.000000 0.722105 0.000000 0.691784 0.348886 0.348886 0.348886
4837.650391 0.000000 1112.355469 0.000000 0.988753 0.000000 0.149560 0.390143 0.390143 0.390143
4821.670898 0.000000 1100.287476 0.000000 0.401360 0.000000 0.915920 0.313574 0.313574 0.313574
4820.673828 0.000000 1098.556396 0.000000 0.158840 0.000000 0.987304 0.275615 0.275615 0.275615
4846.152832 0.000000 1107.095581 0.000000 0.914848 0.000000 0.403799 0.352661 0.352661 0.352661
4834.137695 0.000000 1088.106201 0.000000 0.750390 0.000000 0.660995 0.316492 0.316492 0.316492
4837.766602 0.000000 1111.010010 0.000000 0.278688 0.000000 0.960382 0.310582 0.310582 0.310582
4832.945312 0.000000 1091.858521 0.000000 0.995208 0.000000 0.097780 0.393129 0.393129 0.393129
4836.907227 0.000000 1110.287231 0.000000 0.552250 0.000000 0.833678 0.331586 0.331586 0.331586
4838.864258 0.000000 1110.580688 0.000000 0.988360 0.000000 0.152134 0.388333 0.388333 0.388333
4837.259277 0.000000 1095.671997 0.000000 0.985620 0.000000 0.168974 0.379751 0.379751 0.379751
4843.478516 0.000000 1099.531006 0.000000 0.901566 0.000000 0.432642 0.352812 0.352812 0.352812
4823.721191 0.000000 1103.726685 0.000000 0.813583 0.000000 0.581449 0.358786 0.358786 0.358786
4845.612305 0.000000 1106.186401 0.000000 0.985795 0.000000 0.167954 0.387235 0.387235 0.387235
4822.996094 0.000000 1106.079956 0.000000 0.864230 0.000000 0.503097 0.362622 0.362622 0.362622
4832.005859 0.000000 1091.442993 0.000000 0.229351 0.000000 0.973344 0.306038 0.306038 0.306038
4864.522461 0.000000 1088.905151 0.000000 0.923716 0.000000 0.383077 0.199919 0.199919 0.199919
4896.344727 0.000000 1111.520752 0.000000 0.481971 0.000000 0.876187 0.190002 0.190002 0.190002
4881.983398 0.000000 1094.571411 0.000000 0.956375 0.000000 0.292142 0.197372 0.197372 0.197372
4885.175293 0.000000 1108.421143 0.000000 0.892148 0.000000 0.451743 0.206375 0.206375 0.206375
4884.387207 0.000000 1100.000244 0.000000 0.754859 0.000000 0.655888 0.210391 0.210391 0.210391
4877.917480 0.000000 1104.649292 0.000000 0.880315 0.000000 0.474389 0.236522 0.236522 0.236522
4924.605469 0.000000 1105.129761 0.000000 0.035651 0.000000 0.999364 0.216347 0.216347 0.216347
4918.375000 0.000000 1104.752808 0.000000 0.642814 0.000000 0.766022 0.228826 0.228826 0.228826
4872.383301 0.000000 1095.066895 0.000000 0.862183 0.000000 0.506597 0.231871 0.231871 0.231871
4905.380859 0.000000 1089.150757 0.000000 0.615794 0.000000 0.787908 0.248771 0.248771 0.248771
4889.637695 0.000000 1109.900513 0.000000 0.638395 0.000000 0.769709 0.215790 0.215790 0.215790
4864.668457 0.000000 1090.973511 0.000000 0.659932 0.000000 0.751325 0.218077 0.218077 0.218077
4914.491699 0.000000 1096.843384 0.000000 0.834740 0.000000 0.550644 0.261185 0.261185 0.261185
4914.737793 0.000000 1106.700806 0.000000 0.999440 0.000000 0.033471 0.257014 0.257014 0.257014
4903.873535 0.000000 1109.990601 0.000000 0.221422 0.000000 0.975178 0.235396 0.235396 0.235396
4904.804199 0.000000 1107.327393 0.000000 0.994728 0.000000 0.102550 0.265435 0.265435 0.265435
4868.253418 0.000000 1112.568970 0.000000 0.865988 0.000000 0.500065 0.283988 0.283988 0.283988
4909.137695 0.000000 1088.263184 0.000000 0.946383 0.000000 0.323047 0.247814 0.247814 0.247814
4906.288086 0.000000 1103.885376 0.000000 0.998456 0.000000 0.055549 0.252132 0.252132 0.252132
4887.132812 0.000000 1111.151855 0.000000 0.295520 0.000000 0.955337 0.249523 0.249523 0.249523
4894.604492 0.000000 1106.483276 0.000000 0.803801 0.000000 0.594899 0.297001 0.297001 0.297001
4874.960449 0.000000 1107.368042 0.000000 0.884388 0.000000 0.466753 0.293902 0.293902 0.293902
4881.973633 0.000000 1088.124512 0.000000 0.313453 0.000000 0.949604 0.261330 0.261330 0.261330
4875.164062 0.000000 1109.758301 0.000000 0.370518 0.000000 0.928825 0.276610 0.276610 0.276610
4871.681641 0.000000 1112.121216 0.000000 0.406440 0.000000 0.913678 0.299572 0.299572 0.299572
4911.751465 0.000000 1110.763306 0.000000 0.210845 0.000000 0.977519 0.289207 0.289207 0.289207
4915.138184 0.000000 1105.215332 0.000000 0.318063 0.000000 0.948070 0.278085 0.278085 0.278085
4909.321289 0.000000 1111.686035 0.000000 0.891987 0.000000 0.452061 0.330932 0.330932 0.330932
4886.790527 0.000000 1099.731934 0.000000 0.684198 0.000000 0.729296 0.267838 0.267838 0.267838
4921.877930 0.000000 1103.784424 0.000000 0.996621 0.000000 0.082137 0.359978 0.359978 0.359978
4867.585449 0.000000 1092.796387 0.000000 0.551823 0.000000 0.833961 0.305151 0.305151 0.305151
4881.019043 0.000000 1101.820679 0.000000 0.999731 0.000000 0.023198 0.330721 0.330721 0.330721
4890.960938 0.000000 1109.491455 0.000000 0.270457 0.000000 0.962732 0.285582 0.285582 0.285582
4871.009277 0.000000 1094.843018 0.000000 0.746277 0.000000 0.665635 0.296283 0.296283 0.296283
4894.551758 0.000000 1107.958008 0.000000 0.952215 0.000000 0.305429 0.309026 0.309026 0.309026
4865.603027 0.000000 1107.156494 0.000000 0.339492 0.000000 0.940609 0.291450 0.291450 0.291450
4920.429688 0.000000 1110.398560 0.000000 0.662070 0.000000 0.749442 0.283347 0.283347 0.283347
4875.571777 0.000000 1097.742188 0.000000 0.305883 0.000000 0.952069 0.271242 0.271242 0.271242
4873.015625 0.000000 1105.185181 0.000000 0.197902 0.000000 0.980222 0.282350 0.282350 0.282350
4922.259766 0.000000 1099.335327 0.000000 0.991703 0.000000 0.128550 0.323246 0.323246 0.323246
4920.776367 0.000000 1100.046265 0.000000 0.341675 0.000000 0.939818 0.310539 0.310539 0.310539
4880.687012 0.000000 1099.317017 0.000000 0.736504 0.000000 0.676434 0.306136 0.306136 0.306136
4881.509277 0.000000 1100.573608 0.000000 0.766875 0.000000 0.641797 0.303669 0.303669 0.303669
4921.029297 0.000000 1101.351318 0.000000 0.851487 0.000000 0.524375 0.347920 0.347920 0.347920
4872.591797 0.000000 1099.962280 0.000000 0.986230 0.000000 0.165382 0.387307 0.387307 0.387307
4921.621582 0.000000 1106.093872 0.000000 0.041507 0.000000 0.999138 0.283172 0.283172 0.283172
4924.820312 0.000000 1103.864746 0.000000 0.973772 0.000000 0.227526 0.382637 0.382637 0.382637
4925.635254 0.000000 1101.825073 0.000000 0.372398 0.000000 0.928073 0.311230 0.311230 0.311230
4881.638672 0.000000 1098.204834 0.000000 0.034076 0.000000 0.999419 0.272885 0.272885 0.272885
4923.392090 0.000000 1100.270996 0.000000 0.361362 0.000000 0.932426 0.318740 0.318740 0.318740
4905.625977 0.000000 1102.791016 0.000000 0.995804 0.000000 0.091510 0.393823 0.393823 0.393823
4866.951172 0.000000 1095.303955 0.000000 0.960326 0.000000 0.278879 0.381584 0.381584 0.381584
4923.613770 0.000000 1104.410400 0.000000 0.202382 0.000000 0.979307 0.295568 0.295568 0.295568
4883.792969 0.000000 1089.870728 0.000000 0.809505 0.000000 0.587113 0.348040 0.348040 0.348040
4873.007812 0.000000 1109.912231 0.000000 0.998741 0.000000 0.050169 0.396554 0.396554 0.396554
4919.606934 0.000000 1102.095215 0.000000 0.367302 0.000000 0.930102 0.312708 0.312708 0.312708
4864.655273 0.000000 1106.348389 0.000000 0.866440 0.000000 0.499282 0.322835 0.322835 0.322835
4927.012207 0.000000 1102.385254 0.000000 0.874926 0.000000 0.484256 0.351430 0.351430 0.351430
4865.099609 0.000000 1104.614258 0.000000 0.872539 0.000000 0.488545 0.355719 0.355719 0.355719
4874.822754 0.000000 1094.929688 0.000000 0.998876 0.000000 0.047392 0.374965 0.374965 0.374965
4903.327637 0.000000 1107.048096 0.000000 0.551908 0.000000 0.833905 0.328603 0.328603 0.328603
4888.405762 0.000000 1110.255371 0.000000 0.998011 0.000000 0.063044 0.374097 0.374097 0.374097
4927.786133 0.000000 1100.662964 0.000000 0.940263 0.000000 0.340448 0.349499 0.349499 0.349499
4882.167969 0.000000 1091.471191 0.000000 0.459384 0.000000 0.888238 0.313597 0.313597 0.313597
4871.023926 0.000000 1111.223755 0.000000 0.219788 0.000000 0.975548 0.296929 0.296929 0.296929
4873.938477 0.000000 1107.689453 0.000000 0.992439 0.000000 0.122740 0.391153 0.391153 0.391153
4869.828613 0.000000 1094.959473 0.000000 0.717710 0.000000 0.696342 0.345000 0.345000 0.345000
4918.544434 0.000000 1110.729370 0.000000 0.984624 0.000000 0.174686 0.388033 0.388033 0.388033
4873.617676 0.000000 1099.882568 0.000000 0.917392 0.000000 0.397984 0.368730 0.368730 0.368730
4918.749512 0.000000 1106.024658 0.000000 0.311921 0.000000 0.950108 0.304233 0.304233 0.304233
4870.943359 0.000000 1106.880981 0.000000 0.656489 0.000000 0.754335 0.334924 0.334924 0.334924
4902.279297 0.000000 1107.678223 0.000000 0.513475 0.000000 0.858105 0.325315 0.325315 0.325315
4918.512695 0.000000 1107.357056 0.000000 0.585894 0.000000 0.810388 0.327822 0.327822 0.327822
4869.023926 0.000000 1094.397461 0.000000 0.420576 0.000000 0.907257 0.318837 0.318837 0.318837
4902.983398 0.000000 1106.067017 0.000000 0.963411 0.000000 0.268027 0.380355 0.380355 0.380355
4873.565430 0.000000 1096.494507 0.000000 0.306249 0.000000 0.951951 0.303778 0.303778 0.303778
4893.191406 0.000000 1111.170532 0.000000 0.226412 0.000000 0.974032 0.297448 0.297448 0.297448
4926.705078 0.000000 1107.431763 0.000000 0.926726 0.000000 0.375737 0.370573 0.370573 0.370573
4928.520996 0.000000 1092.973145 0.000000 0.137232 0.000000 0.990539 0.237930 0.237930 0.237930
4929.897461 0.000000 1095.994629 0.000000 0.181342 0.000000 0.983420 0.239001 0.239001 0.239001
4931.459473 0.000000 1109.719360 0.000000 0.797778 0.000000 0.602951 0.252968 0.252968 0.252968
4928.655273 0.000000 1106.348389 0.000000 0.994758 0.000000 0.102253 0.392175 0.392175 0.392175
4929.099609 0.000000 1104.614258 0.000000 0.321365 0.000000 0.946956 0.320239 0.320239 0.320239
5102.407715 0.000000 1100.373169 0.000000 0.484863 0.000000 0.874590 0.278952 0.278952 0.278952
5102.488281 0.000000 1098.067627 0.000000 0.618095 0.000000 0.786103 0.337677 0.337677 0.337677
5102.249512 0.000000 1099.406372 0.000000 0.386371 0.000000 0.922343 0.319099 0.319099 0.319099
4655.152344 0.000000 1231.642578 0.000000 0.888316 0.000000 0.459232 0.200096 0.200096 0.200096
4637.565918 0.000000 1229.470581 0.000000 0.210881 0.000000 0.977512 0.188344 0.188344 0.188344
4610.786133 0.000000 1221.072510 0.000000 0.193392 0.000000 0.981122 0.210194 0.210194 0.210194
4609.116211 0.000000 1222.671143 0.000000 0.893254 0.000000 0.449553 0.215651 0.215651 0.215651
4660.127930 0.000000 1204.054321 0.000000 0.326817 0.000000 0.945088 0.228144 0.228144 0.228144
4643.097656 0.000000 1228.271973 0.000000 0.856005 0.000000 0.516967 0.223675 0.223675 0.223675
4641.051758 0.000000 1218.363403 0.000000 0.282270 0.000000 0.959335 0.214084 0.214084 0.214084
4639.716309 0.000000 1226.622437 0.000000 0.986976 0.000000 0.160867 0.225134 0.225134 0.225134
4631.342285 0.000000 1201.682617 0.000000 0.794922 0.000000 0.606712 0.238522 0.238522 0.238522
4645.382812 0.000000 1213.753906 0.000000 0.923282 0.000000 0.384123 0.274957 0.274957 0.274957
4632.739258 0.000000 1214.741089 0.000000 0.931625 0.000000 0.363422 0.242842 0.242842 0.242842
4636.897949 0.000000 1207.810791 0.000000 0.523033 0.000000 0.852312 0.232353 0.232353 0.232353
4609.941895 0.000000 1238.799927 0.000000 0.861910 0.000000 0.507060 0.271206 0.271206 0.271206
4608.004883 0.000000 1239.485962 0.000000 0.232292 0.000000 0.972646 0.249253 0.249253 0.249253
4639.909668 0.000000 1201.139282 0.000000 0.376952 0.000000 0.926233 0.227513 0.227513 0.227513
4636.971191 0.000000 1231.484619 0.000000 0.039294 0.000000 0.999228 0.248661 0.248661 0.248661
4614.483887 0.000000 1205.104248 0.000000 0.104969 0.000000 0.994475 0.234962 0.234962 0.234962
4611.196289 0.000000 1231.922363 0.000000 0.134116 0.000000 0.990966 0.255596 0.255596 0.255596
4646.039062 0.000000 1204.273560 0.000000 0.955935 0.000000 0.293579 0.297183 0.297183 0.297183
4651.434082 0.000000 1215.261963 0.000000 0.791091 0.000000 0.611699 0.298934 0.298934 0.298934
4649.028320 0.000000 1212.878662 0.000000 0.978630 0.000000 0.205631 0.292779 0.292779 0.292779
4639.343262 0.000000 1229.308716 0.000000 0.987369 0.000000 0.158441 0.267379 0.267379 0.267379
4641.168457 0.000000 1206.464111 0.000000 0.718450 0.000000 0.695579 0.271007 0.271007 0.271007
4610.931152 0.000000 1217.646606 0.000000 0.539507 0.000000 0.841981 0.247433 0.247433 0.247433
4647.006836 0.000000 1205.575684 0.000000 0.867290 0.000000 0.497804 0.289830 0.289830 0.289830
4613.528809 0.000000 1215.510010 0.000000 0.502327 0.000000 0.864678 0.288180 0.288180 0.288180
4619.164062 0.000000 1222.727051 0.000000 0.353670 0.000000 0.935370 0.257342 0.257342 0.257342
4640.099609 0.000000 1222.991455 0.000000 0.669161 0.000000 0.743118 0.304642 0.304642 0.304642
4615.944824 0.000000 1214.110229 0.000000 0.235022 0.000000 0.971990 0.247846 0.247846 0.247846
4614.455566 0.000000 1214.077026 0.000000 0.935668 0.000000 0.352882 0.273838 0.273838 0.273838
4614.676758 0.000000 1211.421997 0.000000 0.102557 0.000000 0.994727 0.295216 0.295216 0.295216
4609.717285 0.000000 1230.617065 0.000000 0.756603 0.000000 0.653875 0.274483 0.274483 0.274483
4630.790527 0.000000 1212.700684 0.000000 0.977833 0.000000 0.209385 0.381416 0.381416 0.381416
4612.395996 0.000000 1212.757690 0.000000 0.686176 0.000000 0.727436 0.296412 0.296412 0.296412
4608.036621 0.000000 1231.199219 0.000000 0.885906 0.000000 0.463865 0.281372 0.281372 0.281372
4613.906250 0.000000 1212.760620 0.000000 0.953974 0.000000 0.299890 0.316372 0.316372 0.316372
4611.614258 0.000000 1228.750854 0.000000 0.994213 0.000000 0.107427 0.344648 0.344648 0.344648
4640.928711 0.000000 1202.163086 0.000000 0.031806 0.000000 0.999494 0.280731 0.280731 0.280731
4653.479492 0.000000 1210.711426 0.000000 0.765989 0.000000 0.642853 0.293862 0.293862 0.293862
4654.218262 0.000000 1205.048340 0.000000 0.583525 0.000000 0.812095 0.299917 0.299917 0.299917
4636.418945 0.000000 1205.058350 0.000000 0.356403 0.000000 0.934332 0.304316 0.304316 0.304316
4636.656250 0.000000 1201.044312 0.000000 0.249817 0.000000 0.968293 0.304555 0.304555 0.304555
4657.942383 0.000000 1208.282837 0.000000 0.823358 0.000000 0.567523 0.353896 0.353896 0.353896
4610.696289 0.000000 1215.814453 0.000000 0.573051 0.000000 0.819520 0.286705 0.286705 0.286705
4649.625977 0.000000 1215.759766 0.000000 0.153109 0.000000 0.988209 0.294219 0.294219 0.294219
4628.351074 0.000000 1209.236328 0.000000 0.736360 0.000000 0.676590 0.337258 0.337258 0.337258
4645.444336 0.000000 1229.603638 0.000000 0.981217 0.000000 0.192907 0.387593 0.387593 0.387593
4643.433105 0.000000 1207.905396 0.000000 0.562970 0.000000 0.826477 0.330054 0.330054 0.330054
4648.130371 0.000000 1202.244385 0.000000 0.997867 0.000000 0.065280 0.395009 0.395009 0.395009
4614.064453 0.000000 1210.346802 0.000000 0.742539 0.000000 0.669803 0.335288 0.335288 0.335288
4640.381836 0.000000 1213.351074 0.000000 0.770494 0.000000 0.637447 0.326544 0.326544 0.326544
4618.491211 0.000000 1203.059448 0.000000 0.524247 0.000000 0.851566 0.323999 0.323999 0.323999
4649.059570 0.000000 1209.489502 0.000000 0.036527 0.000000 0.999333 0.287771 0.287771 0.287771
4655.274414 0.000000 1204.254517 0.000000 0.428227 0.000000 0.903671 0.292165 0.292165 0.292165
4610.485352 0.000000 1227.309204 0.000000 0.499021 0.000000 0.866590 0.310294 0.310294 0.310294
4657.295410 0.000000 1209.932739 0.000000 0.649656 0.000000 0.760228 0.334021 0.334021 0.334021
4652.866699 0.000000 1203.901367 0.000000 0.932885 0.000000 0.360175 0.334668 0.334668 0.334668
4640.945312 0.000000 1204.827271 0.000000 0.699211 0.000000 0.714916 0.339152 0.339152 0.339152
4648.704102 0.000000 1203.318115 0.000000 0.542401 0.000000 0.840119 0.323796 0.323796 0.323796
4650.449707 0.000000 1202.558350 0.000000 0.371199 0.000000 0.928553 0.309053 0.309053 0.309053
4647.639160 0.000000 1207.581665 0.000000 0.786293 0.000000 0.617854 0.353444 0.353444 0.353444
4653.368652 0.000000 1209.636230 0.000000 0.487133 0.000000 0.873328 0.318870 0.318870 0.318870
4638.740723 0.000000 1212.395874 0.000000 0.998028 0.000000 0.062766 0.395829 0.395829 0.395829
4645.345215 0.000000 1210.923096 0.000000 0.118459 0.000000 0.992959 0.289071 0.289071 0.289071
4647.104004 0.000000 1202.437988 0.000000 0.609090 0.000000 0.793101 0.330032 0.330032 0.330032
4663.509766 0.000000 1203.894043 0.000000 0.990085 0.000000 0.140472 0.389233 0.389233 0.389233
4654.414551 0.000000 1208.884888 0.000000 0.655212 0.000000 0.755445 0.334581 0.334581 0.334581
4662.999023 0.000000 1202.081421 0.000000 0.695233 0.000000 0.718785 0.338728 0.338728 0.338728
4621.913086 0.000000 1202.645142 0.000000 0.897708 0.000000 0.440590 0.365145 0.365145 0.365145
4640.005859 0.000000 1204.411743 0.000000 0.570044 0.000000 0.821614 0.326338 0.326338 0.326338
4650.778809 0.000000 1203.977295 0.000000 0.501793 0.000000 0.864988 0.320158 0.320158 0.320158
4648.069336 0.000000 1209.488770 0.000000 0.822606 0.000000 0.568612 0.355758 0.355758 0.355758
4725.610352 0.000000 1221.664673 0.000000 0.926072 0.000000 0.377346 0.208361 0.208361 0.208361
4716.193359 0.000000 1207.116455 0.000000 0.469277 0.000000 0.883051 0.205663 0.205663 0.205663
4686.569336 0.000000 1219.940674 0.000000 0.922786 0.000000 0.385314 0.204082 0.204082 0.204082
4710.352539 0.000000 1235.360352 0.000000 0.805648 0.000000 0.592394 0.205472 0.205472 0.205472
4672.010254 0.000000 1214.858154 0.000000 0.686416 0.000000 0.727209 0.233570 0.233570 0.233570
4680.816895 0.000000 1234.180176 0.000000 0.859296 0.000000 0.511479 0.225777 0.225777 0.225777
4708.845703 0.000000 1232.151733 0.000000 0.416489 0.000000 0.909141 0.217194 0.217194 0.217194
4706.456055 0.000000 1231.124756 0.000000 0.946530 0.000000 0.322617 0.278804 0.278804 0.278804
4722.704590 0.000000 1234.095947 0.000000 0.479988 0.000000 0.877275 0.238222 0.238222 0.238222
4713.028320 0.000000 1212.878662 0.000000 0.758625 0.000000 0.651527 0.293447 0.293447 0.293447
4687.409668 0.000000 1226.332031 0.000000 0.521307 0.000000 0.853369 0.252821 0.252821 0.252821
4706.384277 0.000000 1234.441650 0.000000 0.669163 0.000000 0.743116 0.248605 0.248605 0.248605
4707.246582 0.000000 1232.590332 0.000000 0.906273 0.000000 0.422693 0.284726 0.284726 0.284726
4682.960449 0.000000 1220.336792 0.000000 0.551517 0.000000 0.834164 0.292033 0.292033 0.292033
4709.460449 0.000000 1217.507080 0.000000 0.632147 0.000000 0.774848 0.280313 0.280313 0.280313
4683.164062 0.000000 1222.727051 0.000000 0.997740 0.000000 0.067197 0.315777 0.315777 0.315777
4719.481934 0.000000 1233.729980 0.000000 0.578820 0.000000 0.815456 0.319577 0.319577 0.319577
4686.479004 0.000000 1230.652466 0.000000 0.380591 0.000000 0.924743 0.281375 0.281375 0.281375
4701.330566 0.000000 1202.279053 0.000000 0.733729 0.000000 0.679442 0.274354 0.274354 0.274354
4688.139160 0.000000 1225.127930 0.000000 0.467577 0.000000 0.883952 0.282072 0.282072 0.282072
4714.089355 0.000000 1219.785156 0.000000 0.448244 0.000000 0.893911 0.300335 0.300335 0.300335
4685.583496 0.000000 1218.940796 0.000000 0.247856 0.000000 0.968797 0.313145 0.313145 0.313145
4712.307617 0.000000 1217.764404 0.000000 0.729601 0.000000 0.683873 0.283953 0.283953 0.283953
4710.447266 0.000000 1212.662598 0.000000 0.860079 0.000000 0.510160 0.364046 0.364046 0.364046
4706.794922 0.000000 1223.079712 0.000000 0.790889 0.000000 0.611960 0.296214 0.296214 0.296214
4701.867188 0.000000 1207.029541 0.000000 0.952892 0.000000 0.303311 0.370474 0.370474 0.370474
4715.135742 0.000000 1217.794922 0.000000 0.999992 0.000000 0.004088 0.375127 0.375127 0.375127
4711.603027 0.000000 1232.173706 0.000000 0.226252 0.000000 0.974069 0.307491 0.307491 0.307491
4711.511230 0.000000 1211.056641 0.000000 0.998558 0.000000 0.053677 0.396340 0.396340 0.396340
4762.548828 0.000000 1227.484985 0.000000 0.844274 0.000000 0.535912 0.195623 0.195623 0.195623
4754.853027 0.000000 1222.779297 0.000000 0.949730 0.000000 0.313070 0.197257 0.197257 0.197257
4774.737793 0.000000 1224.649780 0.000000 0.372616 0.000000 0.927986 0.205167 0.205167 0.205167
4763.921387 0.000000 1202.127563 0.000000 0.265502 0.000000 0.964110 0.205393 0.205393 0.205393
4760.755859 0.000000 1205.521118 0.000000 0.269207 0.000000 0.963082 0.201163 0.201163 0.201163
4773.593262 0.000000 1228.382568 0.000000 0.288461 0.000000 0.957492 0.233782 0.233782 0.233782
4744.816895 0.000000 1234.180176 0.000000 0.829629 0.000000 0.558315 0.225899 0.225899 0.225899
4755.108398 0.000000 1196.149048 0.000000 0.743926 0.000000 0.668262 0.260258 0.260258 0.260258
4766.384766 0.000000 1227.766602 0.000000 0.825094 0.000000 0.564995 0.251147 0.251147 0.251147
4751.572266 0.000000 1217.771729 0.000000 0.964835 0.000000 0.262858 0.305490 0.305490 0.305490
4763.994141 0.000000 1211.205078 0.000000 0.294281 0.000000 0.955719 0.257010 0.257010 0.257010
4771.246582 0.000000 1232.590332 0.000000 0.093370 0.000000 0.995632 0.248188 0.248188 0.248188
4756.687500 0.000000 1238.875000 0.000000 0.935946 0.000000 0.352144 0.262622 0.262622 0.262622
4756.232910 0.000000 1228.291504 0.000000 0.533844 0.000000 0.845583 0.291962 0.291962 0.291962
4762.288574 0.000000 1206.004639 0.000000 0.969878 0.000000 0.243593 0.325913 0.325913 0.325913
4755.869141 0.000000 1237.491577 0.000000 0.425017 0.000000 0.905185 0.294879 0.294879 0.294879
4777.198730 0.000000 1222.179932 0.000000 0.583998 0.000000 0.811755 0.259022 0.259022 0.259022
4748.710449 0.000000 1222.905640 0.000000 0.672442 0.000000 0.740150 0.311399 0.311399 0.311399
4750.922852 0.000000 1216.392578 0.000000 0.405131 0.000000 0.914259 0.274266 0.274266 0.274266
4752.139160 0.000000 1225.127930 0.000000 0.995550 0.000000 0.094231 0.390751 0.390751 0.390751
4754.752930 0.000000 1232.526001 0.000000 0.667556 0.000000 0.744559 0.331861 0.331861 0.331861
4755.485352 0.000000 1235.141357 0.000000 0.014586 0.000000 0.999894 0.283159 0.283159 0.283159
4761.165527 0.000000 1210.370483 0.000000 0.902877 0.000000 0.429899 0.338770 0.338770 0.338770
4766.751465 0.000000 1225.763428 0.000000 0.942592 0.000000 0.333948 0.377474 0.377474 0.377474
4759.267578 0.000000 1200.373901 0.000000 0.098575 0.000000 0.995130 0.272539 0.272539 0.272539
4762.409180 0.000000 1199.028198 0.000000 0.946328 0.000000 0.323209 0.378226 0.378226 0.378226
4773.650391 0.000000 1225.324219 0.000000 0.859326 0.000000 0.511428 0.344231 0.344231 0.344231
4762.668945 0.000000 1209.188843 0.000000 0.557915 0.000000 0.829898 0.325460 0.325460 0.325460
4747.479980 0.000000 1235.074829 0.000000 0.183082 0.000000 0.983098 0.294066 0.294066 0.294066
4967.553711 0.000000 1203.374146 0.000000 0.203095 0.000000 0.979159 0.194337 0.194337 0.194337
4977.605957 0.000000 1239.025757 0.000000 0.894016 0.000000 0.448036 0.208483 0.208483 0.208483
4976.015137 0.000000 1213.953369 0.000000 0.132093 0.000000 0.991237 0.197745 0.197745 0.197745
4964.314453 0.000000 1239.567749 0.000000 0.999936 0.000000 0.011289 0.219462 0.219462 0.219462
4947.100098 0.000000 1238.918823 0.000000 0.930869 0.000000 0.365352 0.216877 0.216877 0.216877
4974.583984 0.000000 1234.952393 0.000000 0.999495 0.000000 0.031787 0.248147 0.248147 0.248147
4947.281738 0.000000 1241.826294 0.000000 0.795074 0.000000 0.606512 0.228853 0.228853 0.228853
4974.877930 0.000000 1239.595337 0.000000 0.100626 0.000000 0.994924 0.239215 0.239215 0.239215
4980.948730 0.000000 1212.897949 0.000000 0.878096 0.000000 0.478485 0.281848 0.281848 0.281848
4957.530273 0.000000 1240.345337 0.000000 0.989911 0.000000 0.141688 0.272108 0.272108 0.272108
4969.984863 0.000000 1207.108521 0.000000 0.956564 0.000000 0.291523 0.274533 0.274533 0.274533
4952.941406 0.000000 1236.399536 0.000000 0.321239 0.000000 0.946998 0.244819 0.244819 0.244819
4938.837402 0.000000 1237.780029 0.000000 0.922441 0.000000 0.386138 0.306849 0.306849 0.306849
4950.839355 0.000000 1236.736694 0.000000 0.996242 0.000000 0.086613 0.273482 0.273482 0.273482
4981.526855 0.000000 1220.107422 0.000000 0.108453 0.000000 0.994102 0.236507 0.236507 0.236507
4970.833008 0.000000 1210.404663 0.000000 0.448919 0.000000 0.893572 0.248251 0.248251 0.248251
4967.139160 0.000000 1209.899536 0.000000 0.314992 0.000000 0.949094 0.279358 0.279358 0.279358
4963.868164 0.000000 1202.012695 0.000000 0.507792 0.000000 0.861479 0.292250 0.292250 0.292250
4973.061035 0.000000 1235.114624 0.000000 0.921195 0.000000 0.389102 0.292835 0.292835 0.292835
4966.613281 0.000000 1207.042603 0.000000 0.696519 0.000000 0.717539 0.332470 0.332470 0.332470
4991.538574 0.000000 1200.657104 0.000000 0.760662 0.000000 0.649148 0.324079 0.324079 0.324079
4971.314453 0.000000 1231.357300 0.000000 0.651021 0.000000 0.759059 0.281995 0.281995 0.281995
4939.080078 0.000000 1235.979492 0.000000 0.082236 0.000000 0.996613 0.249923 0.249923 0.249923
4972.225586 0.000000 1232.406250 0.000000 0.652582 0.000000 0.757718 0.302058 0.302058 0.302058
4941.528320 0.000000 1240.690308 0.000000 0.583476 0.000000 0.812131 0.279055 0.279055 0.279055
4981.027344 0.000000 1217.688965 0.000000 0.936049 0.000000 0.351870 0.359630 0.359630 0.359630
4981.814941 0.000000 1216.546997 0.000000 0.405918 0.000000 0.913909 0.315061 0.315061 0.315061
4969.289551 0.000000 1211.584717 0.000000 0.636379 0.000000 0.771377 0.311604 0.311604 0.311604
4944.364258 0.000000 1239.743286 0.000000 0.554109 0.000000 0.832444 0.300692 0.300692 0.300692
4969.059570 0.000000 1209.489502 0.000000 0.172087 0.000000 0.985082 0.301294 0.301294 0.301294
4991.449219 0.000000 1203.729736 0.000000 0.734930 0.000000 0.678142 0.337961 0.337961 0.337961
4969.406250 0.000000 1208.080444 0.000000 0.834969 0.000000 0.550297 0.347092 0.347092 0.347092
4967.639160 0.000000 1207.581665 0.000000 0.196667 0.000000 0.980470 0.300988 0.300988 0.300988
4964.950684 0.000000 1202.219727 0.000000 0.424186 0.000000 0.905575 0.316189 0.316189 0.316189
4941.927734 0.000000 1238.764282 0.000000 0.051440 0.000000 0.998676 0.283931 0.283931 0.283931
5018.616211 0.000000 1210.254272 0.000000 0.834053 0.000000 0.551684 0.206052 0.206052 0.206052
5004.244629 0.000000 1236.788452 0.000000 0.675227 0.000000 0.737610 0.202226 0.202226 0.202226
5012.724609 0.000000 1215.872314 0.000000 0.215823 0.000000 0.976432 0.200476 0.200476 0.200476
4994.786133 0.000000 1221.072510 0.000000 0.689094 0.000000 0.724672 0.227125 0.227125 0.227125
5005.917480 0.000000 1217.618042 0.000000 0.608948 0.000000 0.793210 0.228058 0.228058 0.228058
5017.450195 0.000000 1233.868652 0.000000 0.568396 0.000000 0.822755 0.218155 0.218155 0.218155
5015.550293 0.000000 1227.960815 0.000000 0.522750 0.000000 0.852486 0.233218 0.233218 0.233218
5000.162109 0.000000 1205.892700 0.000000 0.846270 0.000000 0.532754 0.246136 0.246136 0.246136
5005.897461 0.000000 1229.279785 0.000000 0.863687 0.000000 0.504029 0.251759 0.251759 0.251759
5003.567871 0.000000 1226.325195 0.000000 0.735684 0.000000 0.677325 0.243317 0.243317 0.243317
5003.945801 0.000000 1208.240356 0.000000 0.492668 0.000000 0.870217 0.248646 0.248646 0.248646
5001.114258 0.000000 1216.285645 0.000000 0.707851 0.000000 0.706362 0.218110 0.218110 0.218110
5007.150391 0.000000 1239.782837 0.000000 0.430202 0.000000 0.902733 0.220902 0.220902 0.220902
5006.324707 0.000000 1210.059814 0.000000 0.975424 0.000000 0.220335 0.234982 0.234982 0.234982
5006.008789 0.000000 1205.916992 0.000000 0.944749 0.000000 0.327796 0.241477 0.241477 0.241477
5003.577637 0.000000 1230.192993 0.000000 0.613687 0.000000 0.789550 0.253085 0.253085 0.253085
5000.026367 0.000000 1240.626221 0.000000 0.994065 0.000000 0.108787 0.274021 0.274021 0.274021
5009.040527 0.000000 1238.707397 0.000000 0.017248 0.000000 0.999851 0.252595 0.252595 0.252595
5016.050781 0.000000 1203.884888 0.000000 0.619258 0.000000 0.785188 0.236424 0.236424 0.236424
5004.416504 0.000000 1228.089844 0.000000 0.621179 0.000000 0.783668 0.243622 0.243622 0.243622
5007.572266 0.000000 1217.771729 0.000000 0.935176 0.000000 0.354183 0.296078 0.296078 0.296078
4992.129395 0.000000 1218.216553 0.000000 0.811851 0.000000 0.583865 0.279951 0.279951 0.279951
5003.621582 0.000000 1232.095459 0.000000 0.758217 0.000000 0.652002 0.258036 0.258036 0.258036
4996.650391 0.000000 1223.947998 0.000000 0.787050 0.000000 0.616889 0.259162 0.259162 0.259162
4995.459473 0.000000 1222.688110 0.000000 0.426009 0.000000 0.904719 0.270504 0.270504 0.270504
4997.125488 0.000000 1198.902954 0.000000 0.138551 0.000000 0.990355 0.248776 0.248776 0.248776
5011.123535 0.000000 1208.861206 0.000000 0.500412 0.000000 0.865788 0.267715 0.267715 0.267715
5011.869141 0.000000 1237.491577 0.000000 0.268626 0.000000 0.963245 0.240376 0.240376 0.240376
5017.591309 0.000000 1204.153687 0.000000 0.379617 0.000000 0.925144 0.304268 0.304268 0.304268
5007.615723 0.000000 1214.926270 0.000000 0.494171 0.000000 0.869365 0.256139 0.256139 0.256139
4997.865234 0.000000 1220.997925 0.000000 0.618379 0.000000 0.785880 0.278880 0.278880 0.278880
4994.917480 0.000000 1219.601318 0.000000 0.430293 0.000000 0.902689 0.318563 0.318563 0.318563
5007.857910 0.000000 1241.462158 0.000000 0.976459 0.000000 0.215703 0.319783 0.319783 0.319783
4993.273926 0.000000 1213.691650 0.000000 0.967539 0.000000 0.252721 0.283977 0.283977 0.283977
4999.945312 0.000000 1238.577881 0.000000 0.163455 0.000000 0.986551 0.292855 0.292855 0.292855
5014.808594 0.000000 1229.190796 0.000000 0.486567 0.000000 0.873643 0.297949 0.297949 0.297949
5017.071777 0.000000 1219.535889 0.000000 0.189683 0.000000 0.981845 0.287581 0.287581 0.287581
5011.060547 0.000000 1213.382446 0.000000 0.782027 0.000000 0.623245 0.301064 0.301064 0.301064
5002.106445 0.000000 1234.718506 0.000000 0.432110 0.000000 0.901821 0.306490 0.306490 0.306490
5008.687012 0.000000 1212.285767 0.000000 0.937940 0.000000 0.346799 0.332361 0.332361 0.332361
5009.509277 0.000000 1213.542358 0.000000 0.435641 0.000000 0.900121 0.297548 0.297548 0.297548
5011.671875 0.000000 1214.906616 0.000000 0.765477 0.000000 0.643464 0.296503 0.296503 0.296503
5016.008789 0.000000 1206.581909 0.000000 0.994013 0.000000 0.109261 0.391636 0.391636 0.391636
4997.138184 0.000000 1201.607178 0.000000 0.256900 0.000000 0.966438 0.295839 0.295839 0.295839
4994.696289 0.000000 1215.814453 0.000000 0.459098 0.000000 0.888386 0.319715 0.319715 0.319715
5000.640625 0.000000 1209.271606 0.000000 0.648834 0.000000 0.760930 0.309153 0.309153 0.309153
5001.029297 0.000000 1206.774170 0.000000 0.977498 0.000000 0.210944 0.326259 0.326259 0.326259
4998.449219 0.000000 1218.141846 0.000000 0.207624 0.000000 0.978209 0.312975 0.312975 0.312975
4998.643066 0.000000 1238.054565 0.000000 0.218308 0.000000 0.975880 0.295688 0.295688 0.295688
5007.370605 0.000000 1207.976807 0.000000 0.634866 0.000000 0.772622 0.301890 0.301890 0.301890
5011.341797 0.000000 1207.611572 0.000000 0.505643 0.000000 0.862743 0.307046 0.307046 0.307046
4993.099609 0.000000 1217.583008 0.000000 0.549957 0.000000 0.835193 0.329915 0.329915 0.329915
5002.822754 0.000000 1207.898438 0.000000 0.376326 0.000000 0.926487 0.306740 0.306740 0.306740
5015.848145 0.000000 1236.223145 0.000000 0.904813 0.000000 0.425809 0.369253 0.369253 0.369253
5014.560059 0.000000 1237.830566 0.000000 0.942661 0.000000 0.333751 0.376213 0.376213 0.376213
5017.337891 0.000000 1208.056030 0.000000 0.490669 0.000000 0.871346 0.319179 0.319179 0.319179
4995.028320 0.000000 1216.701538 0.000000 0.300082 0.000000 0.953913 0.303283 0.303283 0.303283
5013.328125 0.000000 1236.512695 0.000000 0.937195 0.000000 0.348806 0.372781 0.372781 0.372781
5017.185059 0.000000 1220.521606 0.000000 0.998587 0.000000 0.053139 0.395939 0.395939 0.395939
4985.683105 0.000000 1244.812012 0.000000 0.354454 0.000000 0.935074 0.206656 0.206656 0.206656
4986.833496 0.000000 1245.921753 0.000000 0.368119 0.000000 0.929779 0.260094 0.260094 0.260094
4987.157715 0.000000 1244.407959 0.000000 0.454002 0.000000 0.891001 0.262913 0.262913 0.262913
5004.406250 0.000000 1243.604614 0.000000 0.936548 0.000000 0.350540 0.217088 0.217088 0.217088
4999.773438 0.000000 1243.203247 0.000000 0.548606 0.000000 0.836081 0.290328 0.290328 0.290328
5011.069824 0.000000 1247.684692 0.000000 0.802079 0.000000 0.597218 0.307751 0.307751 0.307751
5011.355469 0.000000 1242.689941 0.000000 0.708127 0.000000 0.706086 0.281166 0.281166 0.281166
5011.230957 0.000000 1245.345947 0.000000 0.005572 0.000000 0.999985 0.269380 0.269380 0.269380
5012.239746 0.000000 1243.808228 0.000000 0.971211 0.000000 0.238221 0.381625 0.381625 0.381625
5013.606445 0.000000 1243.483887 0.000000 0.974544 0.000000 0.224196 0.382726 0.382726 0.382726
5008.956055 0.000000 1245.476318 0.000000 0.248594 0.000000 0.968608 0.305692 0.305692 0.305692
5008.341797 0.000000 1243.314453 0.000000 0.948886 0.000000 0.315619 0.376672 0.376672 0.376672
5006.447754 0.000000 1243.638916 0.000000 0.998164 0.000000 0.060564 0.395915 0.395915 0.395915
5012.319824 0.000000 1245.469727 0.000000 0.274279 0.000000 0.961650 0.301225 0.301225 0.301225
4225.278809 0.000000 1683.922119 0.000000 0.333537 0.000000 0.942737 0.208084 0.208084 0.208084
4227.196289 0.000000 1683.797363 0.000000 0.077746 0.000000 0.996973 0.220161 0.220161 0.220161
5037.664062 0.000000 1475.589355 0.000000 0.508383 0.000000 0.861131 0.232889 0.232889 0.232889
5015.051758 0.000000 1471.641602 0.000000 0.424247 0.000000 0.905546 0.231866 0.231866 0.231866
5009.982910 0.000000 1471.847534 0.000000 0.561286 0.000000 0.827622 0.245465 0.245465 0.245465
5031.815430 0.000000 1478.147461 0.000000 0.872249 0.000000 0.489062 0.264932 0.264932 0.264932
5008.782227 0.000000 1470.302734 0.000000 0.666436 0.000000 0.745562 0.248522 0.248522 0.248522
5024.706543 0.000000 1472.743042 0.000000 0.993522 0.000000 0.113644 0.295651 0.295651 0.295651
5030.213867 0.000000 1478.607056 0.000000 0.599232 0.000000 0.800575 0.254367 0.254367 0.254367
5013.480469 0.000000 1472.351807 0.000000 0.999883 0.000000 0.015270 0.275252 0.275252 0.275252
5036.527832 0.000000 1476.577515 0.000000 0.998637 0.000000 0.052194 0.321836 0.321836 0.321836
5029.195312 0.000000 1477.186157 0.000000 0.389911 0.000000 0.920853 0.314729 0.314729 0.314729
5029.641113 0.000000 1475.720093 0.000000 0.989885 0.000000 0.141870 0.339851 0.339851 0.339851
5039.139160 0.000000 1482.511963 0.000000 0.647972 0.000000 0.761664 0.344444 0.344444 0.344444
5029.430176 0.000000 1473.061035 0.000000 0.295558 0.000000 0.955325 0.305369 0.305369 0.305369
5027.236328 0.000000 1473.114868 0.000000 0.983977 0.000000 0.178294 0.317035 0.317035 0.317035
5036.617676 0.000000 1481.569946 0.000000 0.935997 0.000000 0.352007 0.332109 0.332109 0.332109
5038.927246 0.000000 1485.181519 0.000000 0.196674 0.000000 0.980469 0.311575 0.311575 0.311575
5025.033203 0.000000 1474.711426 0.000000 0.343528 0.000000 0.939142 0.312272 0.312272 0.312272
5031.116211 0.000000 1480.925415 0.000000 0.500836 0.000000 0.865542 0.319649 0.319649 0.319649
5024.083008 0.000000 1476.658813 0.000000 0.899345 0.000000 0.437240 0.369835 0.369835 0.369835
5029.004395 0.000000 1481.000488 0.000000 0.985773 0.000000 0.168085 0.387098 0.387098 0.387098
5039.867188 0.000000 1484.680298 0.000000 0.958861 0.000000 0.283876 0.381460 0.381460 0.381460
5027.462891 0.000000 1475.215332 0.000000 0.391896 0.000000 0.920010 0.310763 0.310763 0.310763
5026.942871 0.000000 1474.442627 0.000000 0.505030 0.000000 0.863102 0.320444 0.320444 0.320444
5026.677246 0.000000 1477.779419 0.000000 0.190785 0.000000 0.981632 0.294665 0.294665 0.294665
5210.840820 0.000000 1212.876221 0.000000 0.998953 0.000000 0.045747 0.199680 0.199680 0.199680
5223.131348 0.000000 1221.151001 0.000000 0.028386 0.000000 0.999597 0.185945 0.185945 0.185945
5213.193848 0.000000 1212.383057 0.000000 0.999550 0.000000 0.030007 0.254859 0.254859 0.254859
5194.112305 0.000000 1204.325806 0.000000 0.005054 0.000000 0.999987 0.212768 0.212768 0.212768
5224.581055 0.000000 1216.436279 0.000000 0.970739 0.000000 0.240138 0.218625 0.218625 0.218625
5212.327637 0.000000 1213.990479 0.000000 0.148153 0.000000 0.988964 0.226892 0.226892 0.226892
5224.327148 0.000000 1208.443726 0.000000 0.865510 0.000000 0.500892 0.274309 0.274309 0.274309
5215.589355 0.000000 1216.216919 0.000000 0.025863 0.000000 0.999665 0.239446 0.239446 0.239446
5211.994141 0.000000 1211.205078 0.000000 0.703657 0.000000 0.710540 0.293943 0.293943 0.293943
5215.070801 0.000000 1206.829102 0.000000 0.364526 0.000000 0.931193 0.254591 0.254591 0.254591
5227.594727 0.000000 1208.571655 0.000000 0.193067 0.000000 0.981186 0.273765 0.273765 0.273765
5223.991211 0.000000 1219.063477 0.000000 0.986029 0.000000 0.166572 0.285437 0.285437 0.285437
5214.551758 0.000000 1220.926758 0.000000 0.886431 0.000000 0.462860 0.367683 0.367683 0.367683
5217.198730 0.000000 1221.022949 0.000000 0.577968 0.000000 0.816059 0.315011 0.315011 0.315011
5217.452148 0.000000 1223.715698 0.000000 0.502653 0.000000 0.864488 0.305417 0.305417 0.305417
5219.771973 0.000000 1220.328735 0.000000 0.500566 0.000000 0.865698 0.316104 0.316104 0.316104
5218.804199 0.000000 1210.154053 0.000000 0.992404 0.000000 0.123023 0.391440 0.391440 0.391440
5218.075684 0.000000 1217.433228 0.000000 0.970842 0.000000 0.239719 0.383924 0.383924 0.383924
5216.286133 0.000000 1211.050049 0.000000 0.973401 0.000000 0.229107 0.384130 0.384130 0.384130
5217.111816 0.000000 1219.691528 0.000000 0.831158 0.000000 0.556036 0.355252 0.355252 0.355252
5225.289551 0.000000 1211.584717 0.000000 0.942868 0.000000 0.333165 0.375154 0.375154 0.375154
5216.381836 0.000000 1213.351074 0.000000 0.500698 0.000000 0.865622 0.325286 0.325286 0.325286
5220.230469 0.000000 1217.934814 0.000000 0.330718 0.000000 0.943730 0.311758 0.311758 0.311758
5220.053711 0.000000 1212.214111 0.000000 0.769307 0.000000 0.638879 0.352073 0.352073 0.352073
5217.994629 0.000000 1218.941406 0.000000 0.954249 0.000000 0.299013 0.376954 0.376954 0.376954
5221.254883 0.000000 1214.885620 0.000000 0.999816 0.000000 0.019163 0.398689 0.398689 0.398689
5216.597168 0.000000 1215.604004 0.000000 0.442080 0.000000 0.896976 0.322762 0.322762 0.322762
5217.611328 0.000000 1209.263794 0.000000 0.449131 0.000000 0.893466 0.316963 0.316963 0.316963
5224.736816 0.000000 1213.963135 0.000000 0.996562 0.000000 0.082851 0.393663 0.393663 0.393663
5220.245605 0.000000 1213.802734 0.000000 0.908785 0.000000 0.417265 0.370234 0.370234 0.370234
5221.345215 0.000000 1210.923096 0.000000 0.552894 0.000000 0.833251 0.325000 0.325000 0.325000
5219.633789 0.000000 1219.245728 0.000000 0.205757 0.000000 0.978603 0.309108 0.309108 0.309108
5217.302734 0.000000 1213.912109 0.000000 0.876639 0.000000 0.481148 0.364159 0.364159 0.364159
5222.395508 0.000000 1213.891724 0.000000 0.933049 0.000000 0.359750 0.371887 0.371887 0.371887
5219.156738 0.000000 1214.135010 0.000000 0.507870 0.000000 0.861434 0.332877 0.332877 0.332877
5223.507324 0.000000 1215.654419 0.000000 0.956393 0.000000 0.292084 0.377356 0.377356 0.377356
5217.530762 0.000000 1215.240479 0.000000 0.457043 0.000000 0.889445 0.323924 0.323924 0.323924
6151.693359 0.000000 314.254456 0.000000 0.730420 0.000000 0.682998 0.194838 0.194838 0.194838
6205.935547 0.000000 312.451904 0.000000 0.799017 0.000000 0.601308 0.194202 0.194202 0.194202
6147.856934 0.000000 332.493835 0.000000 0.347488 0.000000 0.937684 0.189376 0.189376 0.189376
6203.742676 0.000000 320.098877 0.000000 0.740400 0.000000 0.672167 0.193283 0.193283 0.193283
6153.808105 0.000000 318.127441 0.000000 0.732652 0.000000 0.680603 0.199245 0.199245 0.199245
6203.669434 0.000000 302.126770 0.000000 0.829715 0.000000 0.558187 0.198903 0.198903 0.198903
6147.167969 0.000000 326.374573 0.000000 0.844152 0.000000 0.536104 0.204247 0.204247 0.204247
6207.022949 0.000000 336.587433 0.000000 0.980313 0.000000 0.197448 0.212724 0.212724 0.212724
6145.116211 0.000000 318.921082 0.000000 0.321406 0.000000 0.946942 0.226394 0.226394 0.226394
6206.298340 0.000000 331.892548 0.000000 0.998798 0.000000 0.049014 0.226748 0.226748 0.226748
6205.359375 0.000000 303.495422 0.000000 0.429916 0.000000 0.902869 0.218298 0.218298 0.218298
6198.407227 0.000000 335.457520 0.000000 0.813058 0.000000 0.582182 0.284668 0.284668 0.284668
6200.590820 0.000000 336.332581 0.000000 0.950338 0.000000 0.311219 0.264686 0.264686 0.264686
6202.464844 0.000000 318.709290 0.000000 0.974584 0.000000 0.224023 0.242397 0.242397 0.242397
6201.096680 0.000000 316.486816 0.000000 0.027761 0.000000 0.999615 0.221492 0.221492 0.221492
6201.560059 0.000000 333.065887 0.000000 0.687144 0.000000 0.726522 0.293075 0.293075 0.293075
6196.959961 0.000000 332.480927 0.000000 0.949874 0.000000 0.312632 0.268787 0.268787 0.268787
6207.198730 0.000000 317.441956 0.000000 0.943052 0.000000 0.332646 0.254860 0.254860 0.254860
6200.193359 0.000000 334.872681 0.000000 0.997701 0.000000 0.067764 0.308065 0.308065 0.308065
6198.159668 0.000000 333.068604 0.000000 0.254667 0.000000 0.967029 0.274176 0.274176 0.274176
6200.262695 0.000000 332.836792 0.000000 0.727616 0.000000 0.685985 0.295240 0.295240 0.295240
6224.020996 0.000000 326.650146 0.000000 0.896793 0.000000 0.442451 0.196682 0.196682 0.196682
6266.165039 0.000000 304.972565 0.000000 0.727325 0.000000 0.686293 0.193580 0.193580 0.193580
6217.424316 0.000000 310.295685 0.000000 0.671142 0.000000 0.741329 0.192912 0.192912 0.192912
6219.937012 0.000000 315.191254 0.000000 0.996385 0.000000 0.084951 0.199214 0.199214 0.199214
6209.602051 0.000000 312.795197 0.000000 0.182782 0.000000 0.983153 0.188932 0.188932 0.188932
6211.856934 0.000000 332.493835 0.000000 0.806746 0.000000 0.590898 0.194160 0.194160 0.194160
6263.430664 0.000000 296.298920 0.000000 0.205159 0.000000 0.978729 0.187569 0.187569 0.187569
6240.344727 0.000000 320.739502 0.000000 0.981313 0.000000 0.192419 0.198236 0.198236 0.198236
6208.226074 0.000000 333.738892 0.000000 0.503979 0.000000 0.863716 0.199776 0.199776 0.199776
6267.669434 0.000000 302.126770 0.000000 0.782350 0.000000 0.622839 0.194080 0.194080 0.194080
6264.270996 0.000000 302.931580 0.000000 0.936415 0.000000 0.350894 0.225441 0.225441 0.225441
6244.101074 0.000000 330.283203 0.000000 0.523019 0.000000 0.852321 0.201875 0.201875 0.201875
6250.478516 0.000000 308.158997 0.000000 0.650910 0.000000 0.759155 0.201853 0.201853 0.201853
6259.409180 0.000000 307.908112 0.000000 0.929991 0.000000 0.367583 0.229324 0.229324 0.229324
6229.389160 0.000000 325.647766 0.000000 0.523074 0.000000 0.852287 0.226214 0.226214 0.226214
6262.928223 0.000000 299.306946 0.000000 0.996847 0.000000 0.079353 0.220793 0.220793 0.220793
6215.324707 0.000000 309.031921 0.000000 0.760243 0.000000 0.649639 0.236517 0.236517 0.236517
6240.505859 0.000000 327.079681 0.000000 0.999939 0.000000 0.011028 0.251887 0.251887 0.251887
6217.640137 0.000000 315.648956 0.000000 0.798824 0.000000 0.601565 0.225057 0.225057 0.225057
6252.304199 0.000000 306.121246 0.000000 0.246768 0.000000 0.969075 0.235979 0.235979 0.235979
6241.615234 0.000000 336.517609 0.000000 0.442434 0.000000 0.896801 0.208841 0.208841 0.208841
6243.097656 0.000000 324.521942 0.000000 0.828502 0.000000 0.559986 0.227842 0.227842 0.227842
6209.729980 0.000000 315.014160 0.000000 0.799503 0.000000 0.600662 0.230922 0.230922 0.230922
6219.567871 0.000000 322.575226 0.000000 0.036507 0.000000 0.999333 0.210960 0.210960 0.210960
6262.075195 0.000000 303.966888 0.000000 0.967591 0.000000 0.252523 0.247160 0.247160 0.247160
6233.637695 0.000000 319.119263 0.000000 0.985393 0.000000 0.170296 0.259565 0.259565 0.259565
6210.422852 0.000000 310.821472 0.000000 0.992644 0.000000 0.121073 0.247570 0.247570 0.247570
6252.596680 0.000000 301.373199 0.000000 0.944691 0.000000 0.327963 0.249787 0.249787 0.249787
6244.845703 0.000000 328.401733 0.000000 0.661099 0.000000 0.750298 0.221836 0.221836 0.221836
6256.094238 0.000000 299.531128 0.000000 0.735860 0.000000 0.677134 0.237705 0.237705 0.237705
6236.806641 0.000000 332.784882 0.000000 0.042467 0.000000 0.999098 0.232073 0.232073 0.232073
6263.633301 0.000000 301.139740 0.000000 0.683794 0.000000 0.729675 0.227934 0.227934 0.227934
6226.928223 0.000000 323.326630 0.000000 0.456823 0.000000 0.889558 0.243514 0.243514 0.243514
6209.541504 0.000000 303.585938 0.000000 0.731914 0.000000 0.681397 0.263445 0.263445 0.263445
6235.848633 0.000000 336.081085 0.000000 0.122580 0.000000 0.992459 0.259284 0.259284 0.259284
6259.232422 0.000000 301.775787 0.000000 0.922840 0.000000 0.385184 0.272910 0.272910 0.272910
6231.132812 0.000000 320.370575 0.000000 0.129602 0.000000 0.991566 0.230310 0.230310 0.230310
6230.173340 0.000000 321.763397 0.000000 0.420229 0.000000 0.907418 0.236793 0.236793 0.236793
6223.409668 0.000000 322.582092 0.000000 0.646895 0.000000 0.762579 0.249711 0.249711 0.249711
6208.520996 0.000000 302.191925 0.000000 0.714374 0.000000 0.699764 0.262767 0.262767 0.262767
6253.746094 0.000000 302.557861 0.000000 0.541292 0.000000 0.840835 0.260963 0.260963 0.260963
6209.897461 0.000000 305.213409 0.000000 0.760603 0.000000 0.649218 0.271932 0.271932 0.271932
6214.203613 0.000000 319.717133 0.000000 0.999969 0.000000 0.007881 0.303389 0.303389 0.303389
6232.837891 0.000000 320.533539 0.000000 0.008548 0.000000 0.999963 0.236234 0.236234 0.236234
6212.395996 0.000000 309.007690 0.000000 0.640342 0.000000 0.768090 0.266155 0.266155 0.266155
6237.699219 0.000000 338.025360 0.000000 0.656665 0.000000 0.754183 0.337999 0.337999 0.337999
6214.769043 0.000000 318.429169 0.000000 0.838891 0.000000 0.544299 0.285208 0.285208 0.285208
6207.683594 0.000000 351.946686 0.000000 0.577463 0.000000 0.816417 0.193681 0.193681 0.193681
6153.163574 0.000000 378.207062 0.000000 0.842588 0.000000 0.538558 0.195456 0.195456 0.195456
6149.002930 0.000000 375.034241 0.000000 0.646009 0.000000 0.763330 0.192845 0.192845 0.192845
6150.113770 0.000000 377.864746 0.000000 0.986217 0.000000 0.165459 0.198423 0.198423 0.198423
6204.341309 0.000000 392.074097 0.000000 0.915711 0.000000 0.401836 0.207010 0.207010 0.207010
6200.357422 0.000000 347.253174 0.000000 0.015801 0.000000 0.999875 0.216000 0.216000 0.216000
6199.474609 0.000000 343.976929 0.000000 0.470512 0.000000 0.882394 0.209274 0.209274 0.209274
6145.116211 0.000000 375.405457 0.000000 0.861974 0.000000 0.506952 0.220835 0.220835 0.220835
6144.164062 0.000000 395.245331 0.000000 0.845920 0.000000 0.533310 0.217382 0.217382 0.217382
6206.298340 0.000000 388.376923 0.000000 0.031963 0.000000 0.999489 0.222319 0.222319 0.222319
6146.331055 0.000000 378.852051 0.000000 0.421545 0.000000 0.906807 0.246686 0.246686 0.246686
6146.240723 0.000000 381.223663 0.000000 0.897193 0.000000 0.441638 0.256313 0.256313 0.256313
6149.526367 0.000000 379.972168 0.000000 0.429931 0.000000 0.902862 0.235351 0.235351 0.235351
6145.437988 0.000000 376.866852 0.000000 0.353972 0.000000 0.935256 0.252729 0.252729 0.252729
6145.717285 0.000000 383.351379 0.000000 0.475086 0.000000 0.879939 0.258798 0.258798 0.258798
6217.163574 0.000000 378.207062 0.000000 0.636578 0.000000 0.771213 0.193404 0.193404 0.193404
6225.893555 0.000000 352.221008 0.000000 0.108492 0.000000 0.994097 0.187224 0.187224 0.187224
6229.636230 0.000000 393.408478 0.000000 0.715946 0.000000 0.698156 0.193247 0.193247 0.193247
6213.568848 0.000000 342.924133 0.000000 0.957640 0.000000 0.287968 0.197703 0.197703 0.197703
6208.073242 0.000000 377.467712 0.000000 0.037681 0.000000 0.999290 0.185838 0.185838 0.185838
6211.856934 0.000000 388.978210 0.000000 0.110933 0.000000 0.993828 0.187349 0.187349 0.187349
6218.276367 0.000000 359.513672 0.000000 0.302334 0.000000 0.953202 0.188801 0.188801 0.188801
6244.675781 0.000000 371.748322 0.000000 0.999950 0.000000 0.010017 0.211650 0.211650 0.211650
6218.749023 0.000000 381.099121 0.000000 0.953326 0.000000 0.301942 0.207176 0.207176 0.207176
6214.113770 0.000000 377.864746 0.000000 0.688152 0.000000 0.725567 0.202429 0.202429 0.202429
6210.492188 0.000000 342.495850 0.000000 0.864233 0.000000 0.503092 0.201622 0.201622 0.201622
6214.827637 0.000000 394.905121 0.000000 0.420917 0.000000 0.907099 0.211158 0.211158 0.211158
6227.100098 0.000000 391.653198 0.000000 0.976020 0.000000 0.217682 0.210319 0.210319 0.210319
6244.534668 0.000000 356.084290 0.000000 0.856658 0.000000 0.515885 0.208576 0.208576 0.208576
6239.881836 0.000000 341.555725 0.000000 0.711120 0.000000 0.703071 0.236080 0.236080 0.236080
6221.917480 0.000000 370.352478 0.000000 0.575726 0.000000 0.817643 0.231796 0.231796 0.231796
6242.794434 0.000000 377.165710 0.000000 0.352730 0.000000 0.935725 0.216098 0.216098 0.216098
6233.450195 0.000000 386.603058 0.000000 0.235645 0.000000 0.971839 0.218250 0.218250 0.218250
6208.010254 0.000000 367.592560 0.000000 0.997906 0.000000 0.064675 0.236480 0.236480 0.236480
6220.076660 0.000000 374.216736 0.000000 0.968019 0.000000 0.250875 0.244015 0.244015 0.244015
6236.903809 0.000000 345.527618 0.000000 0.106651 0.000000 0.994297 0.232791 0.232791 0.232791
6222.486328 0.000000 377.588074 0.000000 0.496893 0.000000 0.867812 0.246253 0.246253 0.246253
6231.051758 0.000000 341.954041 0.000000 0.074375 0.000000 0.997230 0.216250 0.216250 0.216250
6225.646484 0.000000 358.231079 0.000000 0.934411 0.000000 0.356197 0.279840 0.279840 0.279840
6223.814941 0.000000 359.538239 0.000000 0.979453 0.000000 0.201675 0.266337 0.266337 0.266337
6216.026367 0.000000 393.360657 0.000000 0.998204 0.000000 0.059906 0.269728 0.269728 0.269728
6226.017090 0.000000 362.690948 0.000000 0.432977 0.000000 0.901405 0.255874 0.255874 0.255874
6243.248535 0.000000 353.267639 0.000000 0.670365 0.000000 0.742032 0.253131 0.253131 0.253131
6228.110352 0.000000 352.544067 0.000000 0.262301 0.000000 0.964986 0.245578 0.245578 0.245578
6221.842285 0.000000 390.384003 0.000000 0.953231 0.000000 0.302241 0.285586 0.285586 0.285586
6212.483398 0.000000 373.336121 0.000000 0.225665 0.000000 0.974205 0.242357 0.242357 0.242357
6225.241211 0.000000 356.537598 0.000000 0.366713 0.000000 0.930334 0.237991 0.237991 0.237991
6218.837402 0.000000 390.514374 0.000000 0.710013 0.000000 0.704189 0.271543 0.271543 0.271543
6229.555664 0.000000 354.672028 0.000000 0.956272 0.000000 0.292480 0.256818 0.256818 0.256818
6220.623047 0.000000 362.537811 0.000000 0.849294 0.000000 0.527919 0.271502 0.271502 0.271502
6220.416504 0.000000 380.824188 0.000000 0.838287 0.000000 0.545229 0.253614 0.253614 0.253614
6235.980957 0.000000 382.847961 0.000000 0.499012 0.000000 0.866595 0.289554 0.289554 0.289554
6225.260742 0.000000 381.470581 0.000000 0.995734 0.000000 0.092270 0.338823 0.338823 0.338823
6227.159180 0.000000 359.125824 0.000000 0.153872 0.000000 0.988091 0.242009 0.242009 0.242009
6211.459473 0.000000 375.422485 0.000000 0.778653 0.000000 0.627454 0.263493 0.263493 0.263493
6228.232910 0.000000 381.025909 0.000000 0.530753 0.000000 0.847527 0.306981 0.306981 0.306981
6225.954102 0.000000 376.930450 0.000000 0.268201 0.000000 0.963363 0.241138 0.241138 0.241138
6229.721191 0.000000 351.078979 0.000000 0.628731 0.000000 0.777623 0.280164 0.280164 0.280164
6227.123535 0.000000 361.595551 0.000000 0.687865 0.000000 0.725839 0.253709 0.253709 0.253709
6220.418457 0.000000 387.982178 0.000000 0.975307 0.000000 0.220854 0.314347 0.314347 0.314347
6229.329102 0.000000 349.530640 0.000000 0.179359 0.000000 0.983784 0.265937 0.265937 0.265937
6235.648926 0.000000 346.339752 0.000000 0.285488 0.000000 0.958382 0.276770 0.276770 0.276770
6226.458496 0.000000 374.002258 0.000000 0.321913 0.000000 0.946769 0.288593 0.288593 0.288593
6222.479004 0.000000 383.386841 0.000000 0.503357 0.000000 0.864078 0.302515 0.302515 0.302515
6233.317871 0.000000 346.166595 0.000000 0.936254 0.000000 0.351324 0.358686 0.358686 0.358686
6231.808105 0.000000 343.739960 0.000000 0.996097 0.000000 0.088271 0.305183 0.305183 0.305183
6228.460938 0.000000 370.130859 0.000000 0.587470 0.000000 0.809246 0.313312 0.313312 0.313312
6222.922852 0.000000 369.126892 0.000000 0.560167 0.000000 0.828380 0.274830 0.274830 0.274830
6230.808594 0.000000 381.925201 0.000000 0.948815 0.000000 0.315833 0.379303 0.379303 0.379303
6227.827148 0.000000 371.407623 0.000000 0.323203 0.000000 0.946330 0.278293 0.278293 0.278293
6243.134277 0.000000 356.207855 0.000000 0.702480 0.000000 0.711703 0.292165 0.292165 0.292165
6226.752930 0.000000 385.260406 0.000000 0.038192 0.000000 0.999270 0.282685 0.282685 0.282685
6225.435547 0.000000 382.820251 0.000000 0.931307 0.000000 0.364234 0.365665 0.365665 0.365665
6223.887695 0.000000 386.643585 0.000000 0.118440 0.000000 0.992961 0.274583 0.274583 0.274583
6226.267090 0.000000 371.430389 0.000000 0.873408 0.000000 0.486990 0.306487 0.306487 0.306487
6227.856934 0.000000 376.646210 0.000000 0.840770 0.000000 0.541393 0.309603 0.309603 0.309603
6235.110840 0.000000 376.515625 0.000000 0.320183 0.000000 0.947356 0.318884 0.318884 0.318884
6237.621094 0.000000 376.053680 0.000000 0.669893 0.000000 0.742458 0.340674 0.340674 0.340674
6232.008789 0.000000 359.316315 0.000000 0.124623 0.000000 0.992204 0.305932 0.305932 0.305932
6240.286133 0.000000 363.784454 0.000000 0.743576 0.000000 0.668652 0.344049 0.344049 0.344049
6236.656250 0.000000 353.778717 0.000000 0.413746 0.000000 0.910393 0.326870 0.326870 0.326870
6222.338867 0.000000 380.727356 0.000000 0.782866 0.000000 0.622190 0.299327 0.299327 0.299327
6231.267578 0.000000 353.108307 0.000000 0.595884 0.000000 0.803070 0.290995 0.290995 0.290995
6231.490234 0.000000 364.353638 0.000000 0.804797 0.000000 0.593550 0.331061 0.331061 0.331061
6232.281250 0.000000 379.616547 0.000000 0.698354 0.000000 0.715752 0.349217 0.349217 0.349217
6239.716309 0.000000 380.678406 0.000000 0.241706 0.000000 0.970350 0.296906 0.296906 0.296906
6230.916016 0.000000 345.152344 0.000000 0.964706 0.000000 0.263330 0.351658 0.351658 0.351658
6240.142090 0.000000 352.624207 0.000000 0.618297 0.000000 0.785945 0.302586 0.302586 0.302586
6230.991211 0.000000 351.185120 0.000000 0.999747 0.000000 0.022491 0.375234 0.375234 0.375234
6233.454590 0.000000 348.014923 0.000000 0.647232 0.000000 0.762293 0.331128 0.331128 0.331128
6231.879395 0.000000 366.519226 0.000000 0.800740 0.000000 0.599011 0.338560 0.338560 0.338560
6233.625977 0.000000 365.928589 0.000000 0.297771 0.000000 0.954637 0.307215 0.307215 0.307215
6241.640625 0.000000 356.058167 0.000000 0.996997 0.000000 0.077447 0.395007 0.395007 0.395007
6232.109375 0.000000 381.869446 0.000000 0.943576 0.000000 0.331157 0.372648 0.372648 0.372648
6231.490234 0.000000 361.930695 0.000000 0.466259 0.000000 0.884649 0.311224 0.311224 0.311224
6241.700195 0.000000 377.661774 0.000000 0.979444 0.000000 0.201717 0.360102 0.360102 0.360102
6233.134766 0.000000 351.647003 0.000000 0.921297 0.000000 0.388860 0.363139 0.363139 0.363139
6223.254395 0.000000 384.290192 0.000000 0.113181 0.000000 0.993574 0.288587 0.288587 0.288587
6235.909180 0.000000 356.402161 0.000000 0.342018 0.000000 0.939693 0.298942 0.298942 0.298942
6235.520020 0.000000 352.084076 0.000000 0.998221 0.000000 0.059614 0.396158 0.396158 0.396158
6238.440430 0.000000 368.970093 0.000000 0.653591 0.000000 0.756848 0.334417 0.334417 0.334417
6234.844727 0.000000 364.231018 0.000000 0.129619 0.000000 0.991564 0.289930 0.289930 0.289930
6232.405762 0.000000 375.958496 0.000000 0.615766 0.000000 0.787929 0.332036 0.332036 0.332036
6235.766113 0.000000 360.578003 0.000000 0.307737 0.000000 0.951472 0.314261 0.314261 0.314261
6233.920898 0.000000 376.693970 0.000000 0.649635 0.000000 0.760246 0.340272 0.340272 0.340272
6236.483398 0.000000 381.841644 0.000000 0.968870 0.000000 0.247571 0.365776 0.365776 0.365776
6236.152344 0.000000 362.831146 0.000000 0.956830 0.000000 0.290648 0.377471 0.377471 0.377471
6239.321777 0.000000 376.511536 0.000000 0.310059 0.000000 0.950717 0.304084 0.304084 0.304084
6240.156250 0.000000 359.694977 0.000000 0.601597 0.000000 0.798800 0.339939 0.339939 0.339939
6225.039551 0.000000 383.826569 0.000000 0.313285 0.000000 0.949659 0.313750 0.313750 0.313750
6236.754395 0.000000 361.645569 0.000000 0.124971 0.000000 0.992160 0.298617 0.298617 0.298617
6235.330566 0.000000 367.096069 0.000000 0.903743 0.000000 0.428076 0.366206 0.366206 0.366206
6237.523438 0.000000 377.759827 0.000000 0.981941 0.000000 0.189186 0.386505 0.386505 0.386505
6233.416992 0.000000 380.245422 0.000000 0.923603 0.000000 0.383351 0.369232 0.369232 0.369232
6231.499023 0.000000 348.914612 0.000000 0.504024 0.000000 0.863690 0.324047 0.324047 0.324047
6231.721191 0.000000 369.429810 0.000000 0.862030 0.000000 0.506858 0.365763 0.365763 0.365763
6239.581055 0.000000 361.624573 0.000000 0.322552 0.000000 0.946552 0.317186 0.317186 0.317186
6232.386230 0.000000 368.624573 0.000000 0.208937 0.000000 0.977929 0.296080 0.296080 0.296080
6233.297852 0.000000 377.980957 0.000000 0.350561 0.000000 0.936540 0.316142 0.316142 0.316142
6238.879883 0.000000 354.251709 0.000000 0.519484 0.000000 0.854480 0.330683 0.330683 0.330683
6238.083984 0.000000 356.188721 0.000000 0.483873 0.000000 0.875138 0.328695 0.328695 0.328695
6232.776855 0.000000 374.959778 0.000000 0.678976 0.000000 0.734160 0.338253 0.338253 0.338253
6239.373535 0.000000 356.272736 0.000000 0.861579 0.000000 0.507623 0.364377 0.364377 0.364377
6235.132812 0.000000 373.285034 0.000000 0.616287 0.000000 0.787522 0.330727 0.330727 0.330727
6238.477539 0.000000 379.445892 0.000000 0.876408 0.000000 0.481570 0.364877 0.364877 0.364877
6241.089844 0.000000 360.189880 0.000000 0.917569 0.000000 0.397576 0.371112 0.371112 0.371112
6233.633789 0.000000 370.076874 0.000000 0.018497 0.000000 0.999829 0.281413 0.281413 0.281413
6236.166992 0.000000 373.214661 0.000000 0.318232 0.000000 0.948013 0.304741 0.304741 0.304741
6239.766602 0.000000 370.689484 0.000000 0.405861 0.000000 0.913935 0.311927 0.311927 0.311927
6233.185059 0.000000 373.255920 0.000000 0.406628 0.000000 0.913594 0.311991 0.311991 0.311991
6231.303223 0.000000 370.249573 0.000000 0.765946 0.000000 0.642905 0.346655 0.346655 0.346655
6237.502930 0.000000 368.563568 0.000000 0.682361 0.000000 0.731015 0.337371 0.337371 0.337371
6144.060059 0.000000 403.638824 0.000000 0.080307 0.000000 0.996770 0.237994 0.237994 0.237994
6146.305176 0.000000 396.740479 0.000000 0.921708 0.000000 0.387885 0.256634 0.256634 0.256634
6144.942871 0.000000 398.540009 0.000000 0.393300 0.000000 0.919410 0.249131 0.249131 0.249131
6220.406250 0.000000 396.338928 0.000000 0.104082 0.000000 0.994569 0.197404 0.197404 0.197404
6214.297363 0.000000 396.738770 0.000000 0.991327 0.000000 0.131415 0.225561 0.225561 0.225561
6216.000977 0.000000 399.451843 0.000000 0.926189 0.000000 0.377059 0.236390 0.236390 0.236390
6216.096191 0.000000 397.575623 0.000000 0.921122 0.000000 0.389273 0.250491 0.250491 0.250491
6218.945312 0.000000 395.536774 0.000000 0.927160 0.000000 0.374665 0.263067 0.263067 0.263067
6462.830566 0.000000 1402.860107 0.000000 0.337563 0.000000 0.941303 0.203806 0.203806 0.203806
6472.569824 0.000000 1411.562012 0.000000 0.917513 0.000000 0.397707 0.321099 0.321099 0.321099
6464.036621 0.000000 1402.220215 0.000000 0.736373 0.000000 0.676575 0.282512 0.282512 0.282512
6473.653320 0.000000 1412.004761 0.000000 0.116542 0.000000 0.993186 0.298361 0.298361 0.298361
6471.513672 0.000000 1409.211792 0.000000 0.881387 0.000000 0.472396 0.365976 0.365976 0.365976
6471.689453 0.000000 1411.037231 0.000000 0.648589 0.000000 0.761138 0.333914 0.333914 0.333914
6456.713379 0.000000 1441.532349 0.000000 0.907022 0.000000 0.421083 0.255821 0.255821 0.255821
6445.660156 0.000000 1444.059692 0.000000 0.507689 0.000000 0.861540 0.225896 0.225896 0.225896
6447.125977 0.000000 1451.026489 0.000000 0.787878 0.000000 0.615831 0.269474 0.269474 0.269474
6454.093750 0.000000 1436.376709 0.000000 0.523075 0.000000 0.852287 0.234095 0.234095 0.234095
6463.537598 0.000000 1442.375732 0.000000 0.985924 0.000000 0.167194 0.312135 0.312135 0.312135
6446.407715 0.000000 1439.279419 0.000000 0.999616 0.000000 0.027715 0.347199 0.347199 0.347199
6447.751465 0.000000 1449.669556 0.000000 0.887624 0.000000 0.460568 0.273639 0.273639 0.273639
6455.190918 0.000000 1453.999878 0.000000 0.659558 0.000000 0.751653 0.312225 0.312225 0.312225
6450.837402 0.000000 1453.785645 0.000000 0.934512 0.000000 0.355931 0.316043 0.316043 0.316043
6448.418945 0.000000 1438.385986 0.000000 0.377412 0.000000 0.926045 0.324637 0.324637 0.324637
6462.782227 0.000000 1450.129395 0.000000 0.927540 0.000000 0.373725 0.319237 0.319237 0.319237
6462.371094 0.000000 1443.399048 0.000000 0.370749 0.000000 0.928733 0.275158 0.275158 0.275158
6453.027344 0.000000 1443.626465 0.000000 0.814795 0.000000 0.579750 0.331918 0.331918 0.331918
6456.508789 0.000000 1453.552124 0.000000 0.933346 0.000000 0.358979 0.338666 0.338666 0.338666
6463.877441 0.000000 1415.229370 0.000000 0.752349 0.000000 0.658765 0.349322 0.349322 0.349322
6445.009277 0.000000 1439.270630 0.000000 0.328225 0.000000 0.944599 0.281306 0.281306 0.281306
6457.562012 0.000000 1460.403198 0.000000 0.791478 0.000000 0.611197 0.307035 0.307035 0.307035
6448.564941 0.000000 1450.672363 0.000000 0.493775 0.000000 0.869590 0.299056 0.299056 0.299056
6459.613770 0.000000 1443.316650 0.000000 0.578504 0.000000 0.815680 0.326972 0.326972 0.326972
6451.048340 0.000000 1438.799194 0.000000 0.541411 0.000000 0.840758 0.333679 0.333679 0.333679
6461.468262 0.000000 1460.595947 0.000000 0.853750 0.000000 0.520684 0.341839 0.341839 0.341839
6455.149902 0.000000 1462.207275 0.000000 0.913058 0.000000 0.407829 0.347645 0.347645 0.347645
6449.188477 0.000000 1439.816040 0.000000 0.995138 0.000000 0.098492 0.393720 0.393720 0.393720
6451.962891 0.000000 1455.593384 0.000000 0.193080 0.000000 0.981183 0.307510 0.307510 0.307510
6456.862793 0.000000 1442.573364 0.000000 0.011595 0.000000 0.999933 0.280886 0.280886 0.280886
6455.210938 0.000000 1464.470703 0.000000 0.679995 0.000000 0.733217 0.337124 0.337124 0.337124
6467.856934 0.000000 1462.181274 0.000000 0.988152 0.000000 0.153480 0.198654 0.198654 0.198654
6475.020996 0.000000 1423.351685 0.000000 0.078472 0.000000 0.996916 0.244305 0.244305 0.244305
6466.331055 0.000000 1452.055176 0.000000 0.694460 0.000000 0.719531 0.291749 0.291749 0.291749
6467.196289 0.000000 1457.859863 0.000000 0.995688 0.000000 0.092761 0.307215 0.307215 0.307215
6469.526367 0.000000 1453.175293 0.000000 0.787699 0.000000 0.616060 0.262938 0.262938 0.262938
6471.773438 0.000000 1412.656372 0.000000 0.999444 0.000000 0.033346 0.262576 0.262576 0.262576
6464.942871 0.000000 1415.258789 0.000000 0.560985 0.000000 0.827826 0.294843 0.294843 0.294843
6469.442383 0.000000 1419.049438 0.000000 0.064772 0.000000 0.997900 0.250757 0.250757 0.250757
6465.465820 0.000000 1416.668823 0.000000 0.580475 0.000000 0.814278 0.335626 0.335626 0.335626
6466.944824 0.000000 1467.576294 0.000000 0.902021 0.000000 0.431692 0.306940 0.306940 0.306940
6473.356934 0.000000 1419.722778 0.000000 0.992422 0.000000 0.122874 0.390589 0.390589 0.390589
6464.978516 0.000000 1417.635254 0.000000 0.048957 0.000000 0.998801 0.297039 0.297039 0.297039
6468.418457 0.000000 1461.308594 0.000000 0.937312 0.000000 0.348490 0.376371 0.376371 0.376371
6472.674316 0.000000 1412.218384 0.000000 0.796775 0.000000 0.604276 0.354643 0.354643 0.354643
6472.497559 0.000000 1413.344116 0.000000 0.030964 0.000000 0.999520 0.292361 0.292361 0.292361
6427.974121 0.000000 1500.323242 0.000000 0.191426 0.000000 0.981507 0.188818 0.188818 0.188818
6423.871582 0.000000 1508.074829 0.000000 0.948494 0.000000 0.316796 0.199578 0.199578 0.199578
6402.786133 0.000000 1503.494385 0.000000 0.812986 0.000000 0.582284 0.230337 0.230337 0.230337
6407.852051 0.000000 1505.771240 0.000000 0.995562 0.000000 0.094108 0.212885 0.212885 0.212885
6409.640137 0.000000 1501.820801 0.000000 0.907425 0.000000 0.420213 0.249786 0.249786 0.249786
6423.132812 0.000000 1506.542480 0.000000 0.042318 0.000000 0.999104 0.267263 0.267263 0.267263
6425.412598 0.000000 1508.705200 0.000000 0.793182 0.000000 0.608985 0.261292 0.261292 0.261292
6424.535645 0.000000 1503.637329 0.000000 0.630171 0.000000 0.776456 0.257109 0.257109 0.257109
6424.837891 0.000000 1506.705444 0.000000 0.151369 0.000000 0.988477 0.275940 0.275940 0.275940
6413.010254 0.000000 1502.618042 0.000000 0.590189 0.000000 0.807265 0.304194 0.304194 0.304194
6405.865234 0.000000 1503.419800 0.000000 0.767271 0.000000 0.641323 0.329712 0.329712 0.329712
6413.373047 0.000000 1503.862671 0.000000 0.021145 0.000000 0.999776 0.276902 0.276902 0.276902
6424.405762 0.000000 1505.645996 0.000000 0.993006 0.000000 0.118064 0.358148 0.358148 0.358148
6410.871094 0.000000 1503.868286 0.000000 0.996482 0.000000 0.083809 0.393574 0.393574 0.393574
6417.233398 0.000000 1507.426880 0.000000 0.118390 0.000000 0.992967 0.301392 0.301392 0.301392
7098.815430 0.000000 2888.272217 0.000000 0.154780 0.000000 0.987949 0.198022 0.198022 0.198022
7079.443848 0.000000 2891.992432 0.000000 0.983875 0.000000 0.178858 0.205352 0.205352 0.205352
7099.596680 0.000000 2897.229492 0.000000 0.955313 0.000000 0.295597 0.248387 0.248387 0.248387
7094.375000 0.000000 2912.252930 0.000000 0.621593 0.000000 0.783340 0.212686 0.212686 0.212686
7103.211914 0.000000 2891.534912 0.000000 0.753662 0.000000 0.657262 0.240111 0.240111 0.240111
7081.112793 0.000000 2891.140869 0.000000 0.642527 0.000000 0.766263 0.305556 0.305556 0.305556
7079.927246 0.000000 2893.877197 0.000000 0.508536 0.000000 0.861041 0.271219 0.271219 0.271219
7095.627441 0.000000 2911.330566 0.000000 0.904881 0.000000 0.425665 0.309139 0.309139 0.309139
7088.418945 0.000000 2906.979736 0.000000 0.569498 0.000000 0.821992 0.315242 0.315242 0.315242
7085.479492 0.000000 2905.242676 0.000000 0.673147 0.000000 0.739509 0.306522 0.306522 0.306522
7101.779785 0.000000 2891.482178 0.000000 0.438826 0.000000 0.898572 0.310316 0.310316 0.310316
7085.841309 0.000000 2889.027344 0.000000 0.880193 0.000000 0.474616 0.322213 0.322213 0.322213
7100.908691 0.000000 2895.638916 0.000000 0.271059 0.000000 0.962563 0.300970 0.300970 0.300970
7093.814941 0.000000 2911.078125 0.000000 0.143930 0.000000 0.989588 0.307058 0.307058 0.307058
7085.161133 0.000000 2891.421143 0.000000 0.879651 0.000000 0.475620 0.362134 0.362134 0.362134
7085.988281 0.000000 2890.550293 0.000000 0.435840 0.000000 0.900024 0.314452 0.314452 0.314452
7102.685059 0.000000 2894.361084 0.000000 0.955693 0.000000 0.294366 0.336901 0.336901 0.336901
7109.178223 0.000000 2906.073242 0.000000 0.987939 0.000000 0.154846 0.216516 0.216516 0.216516
7104.974121 0.000000 2893.410889 0.000000 0.682572 0.000000 0.730818 0.225106 0.225106 0.225106
7107.273438 0.000000 2905.536377 0.000000 0.022355 0.000000 0.999750 0.252107 0.252107 0.252107
7113.808594 0.000000 2903.061279 0.000000 0.362733 0.000000 0.931893 0.261443 0.261443 0.261443
7108.866211 0.000000 2904.661621 0.000000 0.316531 0.000000 0.948582 0.306563 0.306563 0.306563
7111.500000 0.000000 2903.425293 0.000000 0.973792 0.000000 0.227440 0.383560 0.383560 0.383560
7109.828613 0.000000 2902.459473 0.000000 0.911550 0.000000 0.411190 0.367733 0.367733 0.367733
7110.690918 0.000000 2904.094727 0.000000 0.999178 0.000000 0.040536 0.397297 0.397297 0.397297
7108.935547 0.000000 2903.690186 0.000000 0.365887 0.000000 0.930659 0.308915 0.308915 0.308915
"}
object={
	name="cypress_dense_generator_2_1"
	clamp_to_water_level=no
	render_under_water=no
	generated_content=yes
	layer="semidynamic_medium"
	pdxmesh="tree_cypress_002_mesh"
	count=2112
	transform="2036.612793 0.000000 1597.274536 0.000000 0.136417 0.000000 -0.990652 0.226857 0.226857 0.226857
2043.669312 0.000000 1601.267334 0.000000 0.048095 0.000000 -0.998843 0.225040 0.225040 0.225040
2039.879395 0.000000 1624.757324 0.000000 0.992536 0.000000 -0.121948 0.217748 0.217748 0.217748
2040.357544 0.000000 1589.909424 0.000000 0.032666 0.000000 -0.999466 0.229451 0.229451 0.229451
2037.193481 0.000000 1620.897461 0.000000 0.909543 0.000000 -0.415609 0.254280 0.254280 0.254280
2041.788940 0.000000 1600.924316 0.000000 0.916723 0.000000 -0.399523 0.255178 0.255178 0.255178
2039.633301 0.000000 1600.280396 0.000000 0.387188 0.000000 -0.922001 0.262219 0.262219 0.262219
2043.459473 0.000000 1590.922607 0.000000 0.023944 0.000000 -0.999713 0.343644 0.343644 0.343644
2040.204712 0.000000 1591.823364 0.000000 0.337133 0.000000 -0.941457 0.328043 0.328043 0.328043
2038.224854 0.000000 1596.741211 0.000000 0.631384 0.000000 -0.775470 0.311302 0.311302 0.311302
2039.988525 0.000000 1597.185791 0.000000 0.677787 0.000000 -0.735258 0.309609 0.309609 0.309609
2057.163818 0.000000 1564.378906 0.000000 0.816536 0.000000 -0.577295 0.204532 0.204532 0.204532
2052.837402 0.000000 1573.317871 0.000000 0.085085 0.000000 -0.996374 0.274941 0.274941 0.274941
2060.884766 0.000000 1572.060547 0.000000 0.467924 0.000000 -0.883769 0.275849 0.275849 0.275849
2055.856445 0.000000 1569.759766 0.000000 0.993134 0.000000 -0.116985 0.321287 0.321287 0.321287
2059.621582 0.000000 1571.001709 0.000000 0.312050 0.000000 -0.950066 0.355892 0.355892 0.355892
2058.104736 0.000000 1572.168945 0.000000 0.659193 0.000000 -0.751974 0.310298 0.310298 0.310298
2054.432129 0.000000 1570.970703 0.000000 0.990292 0.000000 -0.139005 0.354798 0.354798 0.354798
2068.194824 0.000000 1627.475342 0.000000 0.559426 0.000000 -0.828880 0.208538 0.208538 0.208538
2064.913574 0.000000 1614.132568 0.000000 0.577767 0.000000 -0.816202 0.207985 0.207985 0.207985
2082.040283 0.000000 1599.867432 0.000000 0.699401 0.000000 -0.714729 0.212029 0.212029 0.212029
2090.622314 0.000000 1635.587524 0.000000 0.801011 0.000000 -0.598649 0.210457 0.210457 0.210457
2093.452393 0.000000 1610.132324 0.000000 0.408028 0.000000 -0.912969 0.259060 0.259060 0.259060
2086.039062 0.000000 1599.664185 0.000000 0.999498 0.000000 -0.031676 0.326138 0.326138 0.326138
2091.434082 0.000000 1610.652588 0.000000 0.911759 0.000000 -0.410726 0.271327 0.271327 0.271327
2093.746338 0.000000 1601.698486 0.000000 0.978669 0.000000 -0.205444 0.291360 0.291360 0.291360
2085.460205 0.000000 1612.897705 0.000000 0.975772 0.000000 -0.218789 0.289366 0.289366 0.289366
2072.838135 0.000000 1619.674194 0.000000 0.884565 0.000000 -0.466417 0.326813 0.326813 0.326813
2089.913086 0.000000 1598.957275 0.000000 0.772260 0.000000 -0.635307 0.356587 0.356587 0.356587
2068.371582 0.000000 1618.100586 0.000000 0.156175 0.000000 -0.987729 0.315185 0.315185 0.315185
2091.594971 0.000000 1603.962280 0.000000 0.999963 0.000000 -0.008571 0.296055 0.296055 0.296055
2070.083252 0.000000 1618.004639 0.000000 0.586578 0.000000 -0.809893 0.385523 0.385523 0.385523
2087.991211 0.000000 1614.454102 0.000000 0.444112 0.000000 -0.895971 0.379257 0.379257 0.379257
2070.808838 0.000000 1624.581421 0.000000 0.330005 0.000000 -0.943979 0.395188 0.395188 0.395188
2087.114014 0.000000 1612.017334 0.000000 0.075064 0.000000 -0.997179 0.416444 0.416444 0.416444
2068.586182 0.000000 1620.866455 0.000000 0.986111 0.000000 -0.166089 0.324239 0.324239 0.324239
2088.307861 0.000000 1613.155029 0.000000 0.207525 0.000000 -0.978230 0.423343 0.423343 0.423343
2072.281250 0.000000 1622.272827 0.000000 0.011800 0.000000 -0.999930 0.458709 0.458709 0.458709
2087.866699 0.000000 1679.750488 0.000000 0.947487 0.000000 -0.319793 0.202235 0.202235 0.202235
2101.811279 0.000000 1679.345947 0.000000 0.646246 0.000000 -0.763129 0.207261 0.207261 0.207261
2091.827148 0.000000 1676.233643 0.000000 0.079639 0.000000 -0.996824 0.235978 0.235978 0.235978
2100.417969 0.000000 1668.371948 0.000000 0.359623 0.000000 -0.933098 0.265531 0.265531 0.265531
2065.646729 0.000000 1657.371704 0.000000 0.365522 0.000000 -0.930803 0.269626 0.269626 0.269626
2062.009033 0.000000 1657.791992 0.000000 0.570734 0.000000 -0.821135 0.253246 0.253246 0.253246
2063.814941 0.000000 1658.678833 0.000000 0.730366 0.000000 -0.683056 0.275803 0.275803 0.275803
2066.017090 0.000000 1661.831543 0.000000 0.882321 0.000000 -0.470648 0.260345 0.260345 0.260345
2098.737793 0.000000 1671.544556 0.000000 0.105515 0.000000 -0.994418 0.331857 0.331857 0.331857
2095.226074 0.000000 1678.991089 0.000000 0.755748 0.000000 -0.654863 0.276305 0.276305 0.276305
2101.498779 0.000000 1675.523071 0.000000 0.773426 0.000000 -0.633886 0.307081 0.307081 0.307081
2098.333252 0.000000 1676.983398 0.000000 0.977472 0.000000 -0.211065 0.319949 0.319949 0.319949
2096.299561 0.000000 1674.193359 0.000000 0.550622 0.000000 -0.834755 0.391875 0.391875 0.391875
2098.554443 0.000000 1675.290894 0.000000 0.990828 0.000000 -0.135126 0.369843 0.369843 0.369843
2536.804443 0.000000 1672.171143 0.000000 0.913630 0.000000 -0.406547 0.315802 0.315802 0.315802
2544.299561 0.000000 1674.193359 0.000000 0.997591 0.000000 -0.069369 0.307007 0.307007 0.307007
2543.751465 0.000000 1675.607056 0.000000 0.274407 0.000000 -0.961614 0.455755 0.455755 0.455755
2543.137695 0.000000 1674.526367 0.000000 0.471437 0.000000 -0.881900 0.443619 0.443619 0.443619
2539.297119 0.000000 1673.668213 0.000000 0.711275 0.000000 -0.702914 0.459159 0.459159 0.459159
2538.238770 0.000000 1674.016479 0.000000 0.445206 0.000000 -0.895428 0.478658 0.478658 0.478658
3806.198975 0.000000 1745.779419 0.000000 0.342195 0.000000 -0.939629 0.297200 0.297200 0.297200
3808.008545 0.000000 1745.015625 0.000000 0.718388 0.000000 -0.695643 0.396074 0.396074 0.396074
3867.848389 0.000000 1748.190430 0.000000 0.689483 0.000000 -0.724302 0.294356 0.294356 0.294356
3872.238770 0.000000 1748.069702 0.000000 0.468312 0.000000 -0.883563 0.344168 0.344168 0.344168
3869.699463 0.000000 1750.134766 0.000000 0.840430 0.000000 -0.541920 0.381146 0.381146 0.381146
3858.552246 0.000000 1748.682007 0.000000 0.303915 0.000000 -0.952699 0.421705 0.421705 0.421705
3865.114990 0.000000 1748.857666 0.000000 0.522138 0.000000 -0.852861 0.363874 0.363874 0.363874
3936.929688 0.000000 1751.008789 0.000000 0.336349 0.000000 -0.941737 0.250594 0.250594 0.250594
3904.046631 0.000000 1749.294556 0.000000 0.894485 0.000000 -0.447098 0.386340 0.386340 0.386340
3901.061279 0.000000 1751.571899 0.000000 0.919417 0.000000 -0.393284 0.269692 0.269692 0.269692
3866.746094 0.000000 1751.042603 0.000000 0.806864 0.000000 -0.590738 0.293873 0.293873 0.293873
3904.976074 0.000000 1751.535889 0.000000 0.950667 0.000000 -0.310214 0.328385 0.328385 0.328385
3935.390869 0.000000 1754.957764 0.000000 0.001980 0.000000 -0.999998 0.404640 0.404640 0.404640
2034.737793 0.000000 1840.997681 0.000000 0.733276 0.000000 -0.679931 0.323541 0.323541 0.323541
2034.992432 0.000000 1836.906128 0.000000 0.593346 0.000000 -0.804948 0.352025 0.352025 0.352025
2044.552368 0.000000 1836.919189 0.000000 0.276341 0.000000 -0.961060 0.340439 0.340439 0.340439
2024.307739 0.000000 1839.092529 0.000000 0.920661 0.000000 -0.390364 0.427132 0.427132 0.427132
2036.189697 0.000000 1841.574097 0.000000 0.308416 0.000000 -0.951252 0.455360 0.455360 0.455360
2042.078369 0.000000 1836.772705 0.000000 0.872911 0.000000 -0.487880 0.432573 0.432573 0.432573
2043.392212 0.000000 1834.567871 0.000000 0.347853 0.000000 -0.937549 0.482844 0.482844 0.482844
2037.739014 0.000000 1840.125122 0.000000 0.956369 0.000000 -0.292163 0.400212 0.400212 0.400212
2023.327881 0.000000 1841.344971 0.000000 0.181279 0.000000 -0.983432 0.506074 0.506074 0.506074
2035.446045 0.000000 1838.444458 0.000000 0.863229 0.000000 -0.504812 0.440425 0.440425 0.440425
2040.862671 0.000000 1837.963989 0.000000 0.736182 0.000000 -0.676783 0.453450 0.453450 0.453450
2022.279175 0.000000 1841.975098 0.000000 0.999723 0.000000 -0.023552 0.401799 0.401799 0.401799
2053.865234 0.000000 1842.326050 0.000000 0.401492 0.000000 -0.915863 0.415018 0.415018 0.415018
2051.816650 0.000000 1842.930664 0.000000 0.788166 0.000000 -0.615462 0.414308 0.414308 0.414308
4688.764160 0.000000 806.733215 0.000000 0.460118 0.000000 -0.887858 0.232345 0.232345 0.232345
4690.442871 0.000000 807.160339 0.000000 0.019388 0.000000 -0.999812 0.384080 0.384080 0.384080
4696.543945 0.000000 800.958740 0.000000 0.882631 0.000000 -0.470066 0.342304 0.342304 0.342304
4691.123535 0.000000 813.470581 0.000000 0.153103 0.000000 -0.988210 0.378959 0.378959 0.378959
4695.267578 0.000000 804.983276 0.000000 0.823761 0.000000 -0.566937 0.379881 0.379881 0.379881
4691.455566 0.000000 809.882019 0.000000 0.280385 0.000000 -0.959888 0.463635 0.463635 0.463635
4690.167969 0.000000 809.049255 0.000000 0.975440 0.000000 -0.220266 0.400787 0.400787 0.400787
5850.840820 0.000000 139.673096 0.000000 0.975161 0.000000 -0.221497 0.201673 0.201673 0.201673
5886.127441 0.000000 130.408737 0.000000 0.971708 0.000000 -0.236184 0.201875 0.201875 0.201875
5846.690430 0.000000 140.985657 0.000000 0.816701 0.000000 -0.577061 0.205452 0.205452 0.205452
5850.771973 0.000000 162.879028 0.000000 0.709800 0.000000 -0.704404 0.209355 0.209355 0.209355
5857.210938 0.000000 162.411560 0.000000 0.168058 0.000000 -0.985777 0.239076 0.239076 0.239076
5852.691406 0.000000 161.061035 0.000000 0.603672 0.000000 -0.797233 0.231496 0.231496 0.231496
5849.637695 0.000000 149.666153 0.000000 0.252214 0.000000 -0.967672 0.246317 0.246317 0.246317
5853.530273 0.000000 167.142166 0.000000 0.986618 0.000000 -0.163048 0.250631 0.250631 0.250631
5853.536621 0.000000 209.466278 0.000000 0.859108 0.000000 -0.511795 0.217943 0.217943 0.217943
5847.871582 0.000000 208.934158 0.000000 0.188029 0.000000 -0.982164 0.213877 0.213877 0.213877
5871.560547 0.000000 212.216766 0.000000 0.628752 0.000000 -0.777606 0.234995 0.234995 0.234995
5887.450684 0.000000 177.382416 0.000000 0.994678 0.000000 -0.103036 0.224363 0.224363 0.224363
5887.835938 0.000000 173.937210 0.000000 0.035461 0.000000 -0.999371 0.242257 0.242257 0.242257
5849.637695 0.000000 206.150528 0.000000 0.989798 0.000000 -0.142480 0.243325 0.243325 0.243325
5845.939941 0.000000 194.786545 0.000000 0.800623 0.000000 -0.599169 0.246748 0.246748 0.246748
5841.646484 0.000000 188.777954 0.000000 0.825029 0.000000 -0.565091 0.300808 0.300808 0.300808
5864.666504 0.000000 215.775665 0.000000 0.840600 0.000000 -0.541656 0.291087 0.291087 0.291087
5839.814941 0.000000 190.085114 0.000000 0.537477 0.000000 -0.843279 0.301881 0.301881 0.301881
5842.017090 0.000000 193.237839 0.000000 0.910187 0.000000 -0.414198 0.283737 0.283737 0.283737
5864.504883 0.000000 212.846756 0.000000 0.391687 0.000000 -0.920098 0.313237 0.313237 0.313237
5843.159180 0.000000 189.672699 0.000000 0.986638 0.000000 -0.162928 0.290179 0.290179 0.290179
5838.941895 0.000000 195.093689 0.000000 0.877656 0.000000 -0.479292 0.324753 0.324753 0.324753
5843.123535 0.000000 192.142441 0.000000 0.200553 0.000000 -0.979683 0.306557 0.306557 0.306557
5841.981934 0.000000 199.365341 0.000000 0.134619 0.000000 -0.990897 0.408803 0.408803 0.408803
5867.314453 0.000000 214.638519 0.000000 0.820980 0.000000 -0.570957 0.310072 0.310072 0.310072
5841.019043 0.000000 198.070694 0.000000 0.935938 0.000000 -0.352166 0.361066 0.361066 0.361066
5843.827148 0.000000 201.954498 0.000000 0.736604 0.000000 -0.676324 0.447286 0.447286 0.447286
5843.367188 0.000000 199.460434 0.000000 0.911680 0.000000 -0.410902 0.410086 0.410086 0.410086
5840.687012 0.000000 195.567001 0.000000 0.999302 0.000000 -0.037358 0.325222 0.325222 0.325222
5841.509277 0.000000 196.823608 0.000000 0.693937 0.000000 -0.720036 0.350031 0.350031 0.350031
5843.671875 0.000000 198.187912 0.000000 0.489729 0.000000 -0.871875 0.447086 0.447086 0.447086
5841.638672 0.000000 194.454865 0.000000 0.944908 0.000000 -0.327336 0.336413 0.336413 0.336413
5845.595215 0.000000 200.620712 0.000000 0.785577 0.000000 -0.618764 0.404852 0.404852 0.404852
5943.010742 0.000000 54.952915 0.000000 0.683452 0.000000 -0.729995 0.213525 0.213525 0.213525
5948.718750 0.000000 41.231453 0.000000 0.969130 0.000000 -0.246550 0.219306 0.219306 0.219306
5950.298340 0.000000 49.470665 0.000000 0.899832 0.000000 -0.436237 0.274409 0.274409 0.274409
5948.833984 0.000000 49.728333 0.000000 0.308089 0.000000 -0.951358 0.371338 0.371338 0.371338
5957.002930 0.000000 36.127995 0.000000 0.999388 0.000000 -0.034972 0.200284 0.200284 0.200284
5959.290527 0.000000 42.845093 0.000000 0.998941 0.000000 -0.046016 0.206648 0.206648 0.206648
5954.892090 0.000000 38.201294 0.000000 0.997540 0.000000 -0.070106 0.229592 0.229592 0.229592
5975.931152 0.000000 51.717262 0.000000 0.940204 0.000000 -0.340612 0.215761 0.215761 0.215761
5967.784668 0.000000 41.822670 0.000000 0.726890 0.000000 -0.686754 0.266752 0.266752 0.266752
5953.278809 0.000000 45.875221 0.000000 0.322451 0.000000 -0.946586 0.263412 0.263412 0.263412
5965.897461 0.000000 43.107952 0.000000 0.305053 0.000000 -0.952335 0.248309 0.248309 0.248309
5975.825684 0.000000 53.920380 0.000000 0.461736 0.000000 -0.887018 0.240390 0.240390 0.240390
5966.486328 0.000000 38.681808 0.000000 0.940535 0.000000 -0.339695 0.243187 0.243187 0.243187
5963.567871 0.000000 40.153351 0.000000 0.229712 0.000000 -0.973259 0.248056 0.248056 0.248056
5973.837891 0.000000 44.947296 0.000000 0.526649 0.000000 -0.850083 0.288282 0.288282 0.288282
5969.260742 0.000000 42.564320 0.000000 0.630357 0.000000 -0.776306 0.340493 0.340493 0.340493
5966.515625 0.000000 49.946690 0.000000 0.184641 0.000000 -0.982806 0.343372 0.343372 0.343372
5968.417480 0.000000 45.871014 0.000000 0.992784 0.000000 -0.119918 0.336480 0.336480 0.336480
5966.479004 0.000000 44.480595 0.000000 0.990382 0.000000 -0.138358 0.297626 0.297626 0.297626
5967.857910 0.000000 55.290234 0.000000 0.961290 0.000000 -0.275540 0.322245 0.322245 0.322245
5969.812988 0.000000 55.864952 0.000000 0.914384 0.000000 -0.404848 0.368678 0.368678 0.368678
5971.485352 0.000000 48.969543 0.000000 0.812100 0.000000 -0.583518 0.391650 0.391650 0.391650
5911.759277 0.000000 100.610168 0.000000 0.939154 0.000000 -0.343497 0.206307 0.206307 0.206307
5904.310547 0.000000 81.278992 0.000000 0.079227 0.000000 -0.996857 0.214150 0.214150 0.214150
5906.867188 0.000000 99.448303 0.000000 0.404968 0.000000 -0.914331 0.230418 0.230418 0.230418
5897.349609 0.000000 109.039444 0.000000 0.898264 0.000000 -0.439455 0.212169 0.212169 0.212169
5900.244629 0.000000 107.100998 0.000000 0.991862 0.000000 -0.127319 0.216669 0.216669 0.216669
5944.373535 0.000000 56.622803 0.000000 0.996100 0.000000 -0.088235 0.242397 0.242397 0.242397
5945.683105 0.000000 58.640118 0.000000 0.107002 0.000000 -0.994259 0.280426 0.280426 0.280426
5906.130371 0.000000 101.577599 0.000000 0.879447 0.000000 -0.475997 0.230889 0.230889 0.230889
5903.977051 0.000000 105.551453 0.000000 0.686514 0.000000 -0.727117 0.274464 0.274464 0.274464
5905.646484 0.000000 75.809204 0.000000 0.717299 0.000000 -0.696766 0.267020 0.267020 0.267020
5944.123047 0.000000 59.827919 0.000000 0.419765 0.000000 -0.907633 0.274118 0.274118 0.274118
5905.241211 0.000000 74.115707 0.000000 0.983648 0.000000 -0.180102 0.255606 0.255606 0.255606
5905.633301 0.000000 105.313232 0.000000 0.169233 0.000000 -0.985576 0.307329 0.307329 0.307329
5974.302246 0.000000 61.538422 0.000000 0.196267 0.000000 -0.980550 0.213796 0.213796 0.213796
5963.269531 0.000000 65.814453 0.000000 0.998712 0.000000 -0.050739 0.200482 0.200482 0.200482
5964.800293 0.000000 67.047157 0.000000 0.040254 0.000000 -0.999189 0.277253 0.277253 0.277253
5971.362793 0.000000 64.796005 0.000000 0.760447 0.000000 -0.649401 0.274851 0.274851 0.274851
5966.208008 0.000000 67.732903 0.000000 0.920453 0.000000 -0.390854 0.292968 0.292968 0.292968
5967.744141 0.000000 67.444725 0.000000 0.999734 0.000000 -0.023071 0.282963 0.282963 0.282963
5971.355469 0.000000 56.518108 0.000000 0.599192 0.000000 -0.800605 0.356037 0.356037 0.356037
5970.493652 0.000000 62.783688 0.000000 0.824600 0.000000 -0.565716 0.318987 0.318987 0.318987
5971.230957 0.000000 59.174026 0.000000 0.989536 0.000000 -0.144289 0.335128 0.335128 0.335128
5967.355469 0.000000 58.087704 0.000000 0.743797 0.000000 -0.668405 0.369297 0.369297 0.369297
5968.399902 0.000000 62.161896 0.000000 0.923265 0.000000 -0.384164 0.391769 0.391769 0.391769
5902.146973 0.000000 134.822220 0.000000 0.952066 0.000000 -0.305892 0.202251 0.202251 0.202251
5897.437988 0.000000 113.786423 0.000000 0.861392 0.000000 -0.507941 0.204323 0.204323 0.204323
5951.097656 0.000000 152.357971 0.000000 0.830951 0.000000 -0.556346 0.204419 0.204419 0.204419
5908.194824 0.000000 158.881577 0.000000 0.842114 0.000000 -0.539299 0.205119 0.205119 0.205119
5888.110840 0.000000 123.333237 0.000000 0.182342 0.000000 -0.983235 0.212989 0.212989 0.212989
5937.158691 0.000000 147.597122 0.000000 0.997941 0.000000 -0.064134 0.203443 0.203443 0.203443
5892.219238 0.000000 145.602905 0.000000 0.680384 0.000000 -0.732856 0.207495 0.207495 0.207495
5901.152832 0.000000 158.199799 0.000000 0.999997 0.000000 -0.002407 0.200023 0.200023 0.200023
5948.718750 0.000000 154.200195 0.000000 0.847174 0.000000 -0.531316 0.214524 0.214524 0.214524
5938.278320 0.000000 143.677658 0.000000 0.999901 0.000000 -0.014095 0.216420 0.216420 0.216420
5899.713867 0.000000 150.971893 0.000000 0.927913 0.000000 -0.372796 0.218547 0.218547 0.218547
5896.260254 0.000000 121.974411 0.000000 0.602315 0.000000 -0.798258 0.212045 0.212045 0.212045
5894.297363 0.000000 114.316895 0.000000 0.998397 0.000000 -0.056591 0.212416 0.212416 0.212416
5895.290527 0.000000 147.641098 0.000000 0.982429 0.000000 -0.186637 0.226663 0.226663 0.226663
5908.862305 0.000000 161.635773 0.000000 0.091132 0.000000 -0.995839 0.233005 0.233005 0.233005
5892.015137 0.000000 119.055832 0.000000 0.249478 0.000000 -0.968381 0.229681 0.229681 0.229681
5890.873047 0.000000 139.258972 0.000000 0.976287 0.000000 -0.216482 0.228247 0.228247 0.228247
5911.931152 0.000000 164.686005 0.000000 0.966340 0.000000 -0.257270 0.248859 0.248859 0.248859
5939.339844 0.000000 148.258118 0.000000 0.354114 0.000000 -0.935202 0.284014 0.284014 0.284014
5891.661133 0.000000 134.042297 0.000000 0.206028 0.000000 -0.978546 0.254073 0.254073 0.254073
5896.383301 0.000000 134.832504 0.000000 0.395836 0.000000 -0.918321 0.242771 0.242771 0.242771
5897.114258 0.000000 143.082520 0.000000 0.956234 0.000000 -0.292603 0.255463 0.255463 0.255463
5893.852539 0.000000 135.814316 0.000000 0.917489 0.000000 -0.397761 0.258798 0.258798 0.258798
5903.977051 0.000000 162.035828 0.000000 0.280862 0.000000 -0.959748 0.265582 0.265582 0.265582
5912.739258 0.000000 141.537933 0.000000 0.225149 0.000000 -0.974324 0.310405 0.310405 0.310405
5943.657227 0.000000 153.342560 0.000000 0.999984 0.000000 -0.005718 0.267918 0.267918 0.267918
5914.051758 0.000000 145.262985 0.000000 0.877245 0.000000 -0.480044 0.296850 0.296850 0.296850
5890.093750 0.000000 124.035141 0.000000 0.993558 0.000000 -0.113323 0.268087 0.268087 0.268087
5905.040527 0.000000 165.504242 0.000000 0.778925 0.000000 -0.627117 0.321369 0.321369 0.321369
5902.853027 0.000000 129.870544 0.000000 0.766771 0.000000 -0.641921 0.304731 0.304731 0.304731
5899.020996 0.000000 124.210999 0.000000 0.996914 0.000000 -0.078496 0.276435 0.276435 0.276435
5947.123047 0.000000 152.394989 0.000000 0.873576 0.000000 -0.486688 0.280680 0.280680 0.280680
5896.607910 0.000000 126.804176 0.000000 0.381706 0.000000 -0.924284 0.345865 0.345865 0.345865
5916.327637 0.000000 140.787399 0.000000 0.988453 0.000000 -0.151528 0.280561 0.280561 0.280561
5917.381836 0.000000 143.563995 0.000000 0.126727 0.000000 -0.991938 0.368802 0.368802 0.368802
5945.096680 0.000000 147.033691 0.000000 0.624873 0.000000 -0.780727 0.276146 0.276146 0.276146
5919.589355 0.000000 143.013794 0.000000 0.515550 0.000000 -0.856859 0.296928 0.296928 0.296928
5897.625488 0.000000 123.193596 0.000000 0.852120 0.000000 -0.523347 0.264015 0.264015 0.264015
5900.302734 0.000000 133.367172 0.000000 0.067760 0.000000 -0.997702 0.285657 0.285657 0.285657
5894.638672 0.000000 122.521652 0.000000 0.794352 0.000000 -0.607458 0.311383 0.311383 0.311383
5915.994141 0.000000 138.002014 0.000000 0.068848 0.000000 -0.997627 0.358091 0.358091 0.358091
5913.702148 0.000000 138.410965 0.000000 0.927450 0.000000 -0.373948 0.286350 0.286350 0.286350
5905.270508 0.000000 163.786362 0.000000 0.620859 0.000000 -0.783922 0.285705 0.285705 0.285705
5914.510254 0.000000 143.762009 0.000000 0.076932 0.000000 -0.997036 0.367390 0.367390 0.367390
5941.526855 0.000000 146.904236 0.000000 0.774496 0.000000 -0.632579 0.312313 0.312313 0.312313
5893.821289 0.000000 130.574997 0.000000 0.924307 0.000000 -0.381650 0.319908 0.319908 0.319908
5914.272949 0.000000 141.052124 0.000000 0.409584 0.000000 -0.912273 0.358238 0.358238 0.358238
5916.560059 0.000000 142.245193 0.000000 0.500671 0.000000 -0.865638 0.354571 0.354571 0.354571
5896.764648 0.000000 131.434311 0.000000 0.983349 0.000000 -0.181727 0.334261 0.334261 0.334261
5906.458984 0.000000 164.405914 0.000000 0.988303 0.000000 -0.152500 0.320231 0.320231 0.320231
5915.789062 0.000000 143.389740 0.000000 0.718631 0.000000 -0.695391 0.341894 0.341894 0.341894
5893.138184 0.000000 128.404114 0.000000 0.580087 0.000000 -0.814554 0.368435 0.368435 0.368435
5911.427734 0.000000 218.448517 0.000000 0.824362 0.000000 -0.566064 0.204582 0.204582 0.204582
5911.759277 0.000000 213.578918 0.000000 0.767527 0.000000 -0.641017 0.206341 0.206341 0.206341
5900.652344 0.000000 194.879974 0.000000 0.577787 0.000000 -0.816187 0.208820 0.208820 0.208820
5901.152832 0.000000 214.684174 0.000000 0.019750 0.000000 -0.999805 0.245349 0.245349 0.245349
5907.100098 0.000000 222.200073 0.000000 0.769438 0.000000 -0.638721 0.215973 0.215973 0.215973
5890.759766 0.000000 178.567719 0.000000 0.398383 0.000000 -0.917219 0.244098 0.244098 0.244098
5902.569336 0.000000 203.221878 0.000000 0.995329 0.000000 -0.096541 0.237970 0.237970 0.237970
5910.697754 0.000000 215.971756 0.000000 0.705514 0.000000 -0.708696 0.219550 0.219550 0.219550
5907.922852 0.000000 173.252533 0.000000 0.555271 0.000000 -0.831670 0.246860 0.246860 0.246860
5899.346680 0.000000 217.417145 0.000000 0.997115 0.000000 -0.075907 0.214909 0.214909 0.214909
5904.687988 0.000000 204.638275 0.000000 0.336170 0.000000 -0.941801 0.238171 0.238171 0.238171
5901.917480 0.000000 200.899338 0.000000 0.456118 0.000000 -0.889919 0.263660 0.263660 0.263660
5899.910645 0.000000 197.136078 0.000000 0.503040 0.000000 -0.864263 0.253201 0.253201 0.253201
5916.903809 0.000000 176.074509 0.000000 0.962868 0.000000 -0.269972 0.223130 0.223130 0.223130
5901.897461 0.000000 212.561081 0.000000 0.170152 0.000000 -0.985418 0.251784 0.251784 0.251784
5910.294922 0.000000 176.926224 0.000000 0.960222 0.000000 -0.279238 0.236234 0.236234 0.236234
5888.013672 0.000000 173.975861 0.000000 0.656382 0.000000 -0.754429 0.262017 0.262017 0.262017
5951.474121 0.000000 214.677567 0.000000 0.283765 0.000000 -0.958894 0.264111 0.264111 0.264111
5907.355469 0.000000 169.486862 0.000000 0.999594 0.000000 -0.028501 0.379170 0.379170 0.379170
5911.747070 0.000000 169.561325 0.000000 0.594845 0.000000 -0.803841 0.432293 0.432293 0.432293
5912.195801 0.000000 172.580627 0.000000 0.465342 0.000000 -0.885131 0.453407 0.453407 0.453407
5910.567871 0.000000 173.470688 0.000000 0.820337 0.000000 -0.571881 0.429111 0.429111 0.429111
5961.640137 0.000000 202.680191 0.000000 0.911137 0.000000 -0.412103 0.249331 0.249331 0.249331
5959.561523 0.000000 220.427017 0.000000 0.779068 0.000000 -0.626939 0.279411 0.279411 0.279411
5971.258789 0.000000 208.346649 0.000000 0.551731 0.000000 -0.834022 0.280748 0.280748 0.280748
5973.837891 0.000000 214.400421 0.000000 0.958472 0.000000 -0.285186 0.278000 0.278000 0.278000
5964.884766 0.000000 216.435562 0.000000 0.990460 0.000000 -0.137798 0.270952 0.270952 0.270952
5967.409668 0.000000 209.613327 0.000000 0.757142 0.000000 -0.653251 0.358876 0.358876 0.358876
5972.010742 0.000000 213.662476 0.000000 0.975636 0.000000 -0.219395 0.302414 0.302414 0.302414
5959.856445 0.000000 214.134811 0.000000 0.813494 0.000000 -0.581574 0.315667 0.315667 0.315667
5958.203613 0.000000 206.748383 0.000000 0.949495 0.000000 -0.313783 0.288371 0.288371 0.288371
5963.621582 0.000000 215.376740 0.000000 0.786902 0.000000 -0.617078 0.350285 0.350285 0.350285
5964.826172 0.000000 208.639252 0.000000 0.585656 0.000000 -0.810560 0.387032 0.387032 0.387032
5954.838379 0.000000 220.751465 0.000000 0.881867 0.000000 -0.471498 0.296591 0.296591 0.296591
5972.232910 0.000000 211.572784 0.000000 0.842906 0.000000 -0.538060 0.282066 0.282066 0.282066
5956.645020 0.000000 214.066986 0.000000 0.850273 0.000000 -0.526342 0.321394 0.321394 0.321394
5963.164062 0.000000 206.008240 0.000000 0.759769 0.000000 -0.650194 0.337050 0.337050 0.337050
5964.710449 0.000000 206.186905 0.000000 0.750296 0.000000 -0.661103 0.328118 0.328118 0.328118
5959.681641 0.000000 208.371185 0.000000 0.710344 0.000000 -0.703854 0.335466 0.335466 0.335466
5962.104492 0.000000 216.543884 0.000000 0.200612 0.000000 -0.979671 0.330640 0.330640 0.330640
5966.479004 0.000000 213.933716 0.000000 0.462069 0.000000 -0.886844 0.378434 0.378434 0.378434
5962.169922 0.000000 210.026825 0.000000 0.183203 0.000000 -0.983075 0.424544 0.424544 0.424544
5953.707031 0.000000 217.957077 0.000000 0.696287 0.000000 -0.717763 0.348527 0.348527 0.348527
5962.652832 0.000000 208.518936 0.000000 0.915432 0.000000 -0.402473 0.377475 0.377475 0.377475
5952.036621 0.000000 214.480453 0.000000 0.861821 0.000000 -0.507212 0.334849 0.334849 0.334849
5968.139160 0.000000 208.409164 0.000000 0.852241 0.000000 -0.523150 0.326440 0.326440 0.326440
5952.036621 0.000000 216.048355 0.000000 0.984606 0.000000 -0.174790 0.325736 0.325736 0.325736
5955.614258 0.000000 212.032043 0.000000 0.741462 0.000000 -0.670995 0.332595 0.332595 0.332595
5955.320312 0.000000 218.241211 0.000000 0.900553 0.000000 -0.434745 0.333198 0.333198 0.333198
5969.638672 0.000000 210.751526 0.000000 0.253598 0.000000 -0.967310 0.381297 0.381297 0.381297
5956.023926 0.000000 216.504333 0.000000 0.738951 0.000000 -0.673759 0.346291 0.346291 0.346291
5966.338867 0.000000 211.274246 0.000000 0.915188 0.000000 -0.403028 0.363504 0.363504 0.363504
5964.848145 0.000000 213.356201 0.000000 0.965052 0.000000 -0.262058 0.360512 0.360512 0.360512
5960.482910 0.000000 209.803192 0.000000 0.584853 0.000000 -0.811139 0.406175 0.406175 0.406175
6062.583984 0.000000 218.233704 0.000000 0.298040 0.000000 -0.954553 0.235947 0.235947 0.235947
6060.424316 0.000000 221.999161 0.000000 0.748141 0.000000 -0.663539 0.254511 0.254511 0.254511
6062.877930 0.000000 222.876617 0.000000 0.339522 0.000000 -0.940598 0.275797 0.275797 0.275797
5882.815430 0.000000 233.506653 0.000000 0.125235 0.000000 -0.992127 0.220023 0.220023 0.220023
5872.015137 0.000000 253.718964 0.000000 0.799461 0.000000 -0.600718 0.226660 0.226660 0.226660
5876.969238 0.000000 230.295349 0.000000 0.999320 0.000000 -0.036866 0.208806 0.208806 0.208806
5884.880859 0.000000 249.167191 0.000000 0.581427 0.000000 -0.813598 0.231852 0.231852 0.231852
5872.749512 0.000000 248.545135 0.000000 0.726858 0.000000 -0.686787 0.283803 0.283803 0.283803
5885.359375 0.000000 247.011047 0.000000 0.371629 0.000000 -0.928381 0.302224 0.302224 0.302224
5874.491699 0.000000 249.577774 0.000000 0.465041 0.000000 -0.885289 0.274526 0.274526 0.274526
5872.094238 0.000000 243.046768 0.000000 0.582884 0.000000 -0.812556 0.319964 0.319964 0.319964
5874.463867 0.000000 241.865845 0.000000 0.475133 0.000000 -0.879914 0.332300 0.332300 0.332300
5877.692383 0.000000 237.672501 0.000000 0.999240 0.000000 -0.038984 0.320750 0.320750 0.320750
5883.648926 0.000000 247.450226 0.000000 0.356183 0.000000 -0.934416 0.348267 0.348267 0.348267
5875.232422 0.000000 245.291412 0.000000 0.347070 0.000000 -0.937839 0.299967 0.299967 0.299967
5873.404785 0.000000 245.395630 0.000000 0.914989 0.000000 -0.403478 0.304490 0.304490 0.304490
5872.528809 0.000000 246.818481 0.000000 0.384184 0.000000 -0.923257 0.320728 0.320728 0.320728
5877.819336 0.000000 234.563248 0.000000 0.989359 0.000000 -0.145492 0.268813 0.268813 0.268813
5881.763184 0.000000 246.953125 0.000000 0.738051 0.000000 -0.674745 0.366899 0.366899 0.366899
5878.872070 0.000000 246.322876 0.000000 0.709371 0.000000 -0.704836 0.323258 0.323258 0.323258
5880.202637 0.000000 242.894104 0.000000 0.171059 0.000000 -0.985261 0.392637 0.392637 0.392637
5738.064453 0.000000 446.714417 0.000000 0.745097 0.000000 -0.666956 0.206835 0.206835 0.206835
5742.444824 0.000000 446.752869 0.000000 0.624199 0.000000 -0.781265 0.208507 0.208507 0.208507
5748.503418 0.000000 449.808197 0.000000 0.612537 0.000000 -0.790442 0.264383 0.264383 0.264383
5750.407227 0.000000 448.426270 0.000000 0.998362 0.000000 -0.057218 0.247538 0.247538 0.247538
5755.649902 0.000000 450.344421 0.000000 0.941316 0.000000 -0.337528 0.302429 0.302429 0.302429
5752.531250 0.000000 450.851562 0.000000 0.970060 0.000000 -0.242864 0.295980 0.295980 0.295980
5882.308594 0.000000 383.505798 0.000000 0.009729 0.000000 -0.999953 0.218411 0.218411 0.218411
5852.116211 0.000000 394.321869 0.000000 0.085725 0.000000 -0.996319 0.227434 0.227434 0.227434
5882.085938 0.000000 386.064850 0.000000 0.799536 0.000000 -0.600618 0.236689 0.236689 0.236689
5874.714844 0.000000 389.379150 0.000000 0.006633 0.000000 -0.999978 0.242640 0.242640 0.242640
5870.583984 0.000000 387.686829 0.000000 0.647556 0.000000 -0.762018 0.233366 0.233366 0.233366
5878.447266 0.000000 388.115723 0.000000 0.172772 0.000000 -0.984962 0.277681 0.277681 0.277681
5876.105469 0.000000 381.297211 0.000000 0.771381 0.000000 -0.636374 0.307171 0.307171 0.307171
5872.863770 0.000000 383.382263 0.000000 0.973279 0.000000 -0.229625 0.306298 0.306298 0.306298
5880.393555 0.000000 384.032928 0.000000 0.948614 0.000000 -0.316435 0.306644 0.306644 0.306644
5873.177734 0.000000 380.519470 0.000000 0.979385 0.000000 -0.202002 0.284198 0.284198 0.284198
5871.226074 0.000000 379.850433 0.000000 0.573474 0.000000 -0.819224 0.278830 0.278830 0.278830
5878.766602 0.000000 383.506805 0.000000 0.998366 0.000000 -0.057152 0.324831 0.324831 0.324831
5875.333496 0.000000 383.313965 0.000000 0.871541 0.000000 -0.490323 0.318777 0.318777 0.318777
5881.594238 0.000000 384.724152 0.000000 0.878780 0.000000 -0.477227 0.311947 0.311947 0.311947
5761.867188 0.000000 451.593719 0.000000 0.942232 0.000000 -0.334962 0.276819 0.276819 0.276819
5838.716309 0.000000 405.124268 0.000000 0.846519 0.000000 -0.532358 0.204205 0.204205 0.204205
5841.653320 0.000000 403.860046 0.000000 0.986818 0.000000 -0.161835 0.205577 0.205577 0.205577
5843.922852 0.000000 399.190033 0.000000 0.186391 0.000000 -0.982476 0.227671 0.227671 0.227671
5863.590820 0.000000 399.005768 0.000000 0.143791 0.000000 -0.989608 0.247904 0.247904 0.247904
5853.269531 0.000000 397.549988 0.000000 0.973250 0.000000 -0.229750 0.233115 0.233115 0.233115
5886.188965 0.000000 410.465240 0.000000 0.765967 0.000000 -0.642879 0.268197 0.268197 0.268197
5879.476074 0.000000 407.285889 0.000000 0.394399 0.000000 -0.918939 0.294472 0.294472 0.294472
5883.459473 0.000000 404.750793 0.000000 0.199050 0.000000 -0.979989 0.349076 0.349076 0.349076
5885.495117 0.000000 414.550842 0.000000 0.157166 0.000000 -0.987572 0.328845 0.328845 0.328845
5856.666016 0.000000 396.029541 0.000000 0.149913 0.000000 -0.988699 0.327521 0.327521 0.327521
5859.859863 0.000000 401.072968 0.000000 0.521503 0.000000 -0.853249 0.281503 0.281503 0.281503
5882.962891 0.000000 413.529327 0.000000 0.838132 0.000000 -0.545467 0.274647 0.274647 0.274647
5861.911621 0.000000 398.550354 0.000000 0.926740 0.000000 -0.375702 0.302381 0.302381 0.302381
5856.706543 0.000000 399.539856 0.000000 0.712403 0.000000 -0.701771 0.309625 0.309625 0.309625
5884.606934 0.000000 413.245667 0.000000 0.267075 0.000000 -0.963676 0.304899 0.304899 0.304899
5881.855957 0.000000 404.212769 0.000000 0.936322 0.000000 -0.351144 0.313902 0.313902 0.313902
5882.513184 0.000000 409.087036 0.000000 0.986582 0.000000 -0.163269 0.359455 0.359455 0.359455
5886.787598 0.000000 414.074646 0.000000 0.454087 0.000000 -0.890958 0.354994 0.354994 0.354994
5886.576172 0.000000 407.654144 0.000000 0.717430 0.000000 -0.696631 0.359835 0.359835 0.359835
5885.779785 0.000000 406.169647 0.000000 0.233383 0.000000 -0.972385 0.428559 0.428559 0.428559
5880.881836 0.000000 406.914062 0.000000 0.910946 0.000000 -0.412525 0.336097 0.336097 0.336097
5884.279297 0.000000 408.368378 0.000000 0.974011 0.000000 -0.226500 0.344426 0.344426 0.344426
5908.950195 0.000000 235.106720 0.000000 0.091700 0.000000 -0.995787 0.209600 0.209600 0.209600
5888.110840 0.000000 236.301987 0.000000 0.551269 0.000000 -0.834328 0.208254 0.208254 0.208254
5904.310547 0.000000 250.732117 0.000000 0.671719 0.000000 -0.740806 0.207810 0.207810 0.207810
5914.132812 0.000000 260.389313 0.000000 0.066350 0.000000 -0.997796 0.215061 0.215061 0.215061
5890.759766 0.000000 235.052094 0.000000 0.847497 0.000000 -0.530800 0.218199 0.218199 0.218199
5892.015137 0.000000 232.024582 0.000000 0.998690 0.000000 -0.051161 0.212353 0.212353 0.212353
5904.434082 0.000000 255.998657 0.000000 0.622548 0.000000 -0.782582 0.222100 0.222100 0.222100
5894.927734 0.000000 232.284882 0.000000 0.987418 0.000000 -0.158134 0.218197 0.218197 0.218197
5896.162109 0.000000 245.658295 0.000000 0.461889 0.000000 -0.886938 0.237692 0.237692 0.237692
5891.661133 0.000000 247.011047 0.000000 0.925537 0.000000 -0.378658 0.263264 0.263264 0.263264
5899.945801 0.000000 248.006027 0.000000 0.965517 0.000000 -0.260339 0.241830 0.241830 0.241830
5913.637695 0.000000 262.634888 0.000000 0.983007 0.000000 -0.183566 0.283717 0.283717 0.283717
5893.852539 0.000000 248.783066 0.000000 0.954933 0.000000 -0.296821 0.234142 0.234142 0.234142
5907.139160 0.000000 273.601227 0.000000 0.990083 0.000000 -0.140485 0.239834 0.239834 0.239834
5900.800293 0.000000 236.500290 0.000000 0.809826 0.000000 -0.586670 0.305420 0.305420 0.305420
5899.020996 0.000000 237.179749 0.000000 0.749684 0.000000 -0.661796 0.313425 0.313425 0.313425
5896.607910 0.000000 239.772934 0.000000 0.861852 0.000000 -0.507160 0.305321 0.305321 0.305321
5897.975098 0.000000 263.449585 0.000000 0.885679 0.000000 -0.464299 0.298888 0.298888 0.298888
5899.861328 0.000000 240.607025 0.000000 0.505068 0.000000 -0.863080 0.266771 0.266771 0.266771
5915.705566 0.000000 265.976349 0.000000 0.998315 0.000000 -0.058025 0.316888 0.316888 0.316888
5910.173340 0.000000 265.279022 0.000000 0.946422 0.000000 -0.322934 0.336237 0.336237 0.336237
5899.004883 0.000000 251.757477 0.000000 0.982483 0.000000 -0.186353 0.328529 0.328529 0.328529
5903.572266 0.000000 257.537384 0.000000 0.836620 0.000000 -0.547784 0.327410 0.327410 0.327410
5912.837891 0.000000 264.049164 0.000000 0.497899 0.000000 -0.867235 0.375284 0.375284 0.375284
5900.962891 0.000000 256.058197 0.000000 0.985637 0.000000 -0.168875 0.363270 0.363270 0.363270
5897.760254 0.000000 234.639221 0.000000 0.918101 0.000000 -0.396346 0.284495 0.284495 0.284495
5896.825684 0.000000 260.446594 0.000000 0.906403 0.000000 -0.422415 0.384962 0.384962 0.384962
5905.551270 0.000000 259.879486 0.000000 0.262491 0.000000 -0.964934 0.346967 0.346967 0.346967
5895.860840 0.000000 259.277710 0.000000 0.319305 0.000000 -0.947652 0.372428 0.372428 0.372428
5904.015625 0.000000 259.721832 0.000000 0.800032 0.000000 -0.599957 0.325569 0.325569 0.325569
5900.118652 0.000000 257.270264 0.000000 0.119598 0.000000 -0.992822 0.424335 0.424335 0.424335
5897.120117 0.000000 250.212463 0.000000 0.997389 0.000000 -0.072212 0.321964 0.321964 0.321964
5896.168945 0.000000 261.713165 0.000000 0.985359 0.000000 -0.170494 0.371643 0.371643 0.371643
5898.621582 0.000000 253.153671 0.000000 0.657120 0.000000 -0.753786 0.408867 0.408867 0.408867
5908.586426 0.000000 265.241516 0.000000 0.878905 0.000000 -0.476997 0.336180 0.336180 0.336180
5905.435547 0.000000 269.851501 0.000000 0.521318 0.000000 -0.853362 0.377128 0.377128 0.377128
5901.583496 0.000000 258.706421 0.000000 0.845490 0.000000 -0.533991 0.437268 0.437268 0.437268
5899.571777 0.000000 250.476501 0.000000 0.926255 0.000000 -0.376897 0.335917 0.335917 0.335917
5895.816406 0.000000 256.400665 0.000000 0.772447 0.000000 -0.635079 0.372896 0.372896 0.372896
5896.040039 0.000000 251.181351 0.000000 0.984266 0.000000 -0.176694 0.325806 0.325806 0.325806
5905.638672 0.000000 267.235901 0.000000 0.190967 0.000000 -0.981596 0.489488 0.489488 0.489488
5896.591797 0.000000 252.696609 0.000000 0.505009 0.000000 -0.863114 0.436804 0.436804 0.436804
5902.338867 0.000000 267.758606 0.000000 0.711396 0.000000 -0.702791 0.395148 0.395148 0.395148
5901.509277 0.000000 263.713776 0.000000 0.240095 0.000000 -0.970749 0.492523 0.492523 0.492523
5912.281250 0.000000 266.647797 0.000000 0.021027 0.000000 -0.999779 0.400511 0.400511 0.400511
5915.975586 0.000000 272.983246 0.000000 0.784903 0.000000 -0.619619 0.355791 0.355791 0.355791
5894.449219 0.000000 257.907501 0.000000 0.766823 0.000000 -0.641858 0.373280 0.373280 0.373280
5912.109375 0.000000 268.900696 0.000000 0.126243 0.000000 -0.991999 0.419052 0.419052 0.419052
5898.752930 0.000000 258.800690 0.000000 0.928499 0.000000 -0.371336 0.426215 0.426215 0.426215
5898.871094 0.000000 261.212036 0.000000 0.456302 0.000000 -0.889825 0.472573 0.472573 0.472573
5906.524414 0.000000 267.855652 0.000000 0.900252 0.000000 -0.435370 0.431263 0.431263 0.431263
5910.543945 0.000000 270.024139 0.000000 0.956066 0.000000 -0.293153 0.413953 0.413953 0.413953
6013.733887 0.000000 260.147736 0.000000 0.576735 0.000000 -0.816931 0.206325 0.206325 0.206325
5952.173340 0.000000 227.762146 0.000000 0.451185 0.000000 -0.892430 0.211189 0.211189 0.211189
5998.165527 0.000000 243.479752 0.000000 0.524331 0.000000 -0.851514 0.209539 0.209539 0.209539
6008.579102 0.000000 275.099884 0.000000 0.851307 0.000000 -0.524667 0.218116 0.218116 0.218116
6004.392090 0.000000 274.324219 0.000000 0.974136 0.000000 -0.225965 0.213221 0.213221 0.213221
5994.478516 0.000000 251.674606 0.000000 0.945501 0.000000 -0.325620 0.231016 0.231016 0.231016
5999.961914 0.000000 281.197388 0.000000 0.200000 0.000000 -0.979796 0.261298 0.261298 0.261298
5999.774902 0.000000 245.126053 0.000000 0.200319 0.000000 -0.979731 0.294704 0.294704 0.294704
5997.660156 0.000000 257.887817 0.000000 0.211218 0.000000 -0.977439 0.307781 0.307781 0.307781
6001.665527 0.000000 254.700104 0.000000 0.922562 0.000000 -0.385849 0.305170 0.305170 0.305170
5997.502441 0.000000 248.298309 0.000000 0.837575 0.000000 -0.546322 0.293786 0.293786 0.293786
6003.232422 0.000000 245.291412 0.000000 0.352244 0.000000 -0.935908 0.301281 0.301281 0.301281
6001.404785 0.000000 245.395630 0.000000 0.815667 0.000000 -0.578522 0.298661 0.298661 0.298661
6000.720703 0.000000 255.981277 0.000000 0.522171 0.000000 -0.852841 0.323500 0.323500 0.323500
6000.071777 0.000000 249.697174 0.000000 0.860526 0.000000 -0.509406 0.338822 0.338822 0.338822
6000.498535 0.000000 259.490112 0.000000 0.888857 0.000000 -0.458186 0.349483 0.349483 0.349483
5938.569336 0.000000 338.395691 0.000000 0.757168 0.000000 -0.653220 0.205509 0.205509 0.205509
5936.763672 0.000000 322.228333 0.000000 0.799355 0.000000 -0.600859 0.217932 0.217932 0.217932
5911.871582 0.000000 321.902893 0.000000 0.935041 0.000000 -0.354540 0.215932 0.215932 0.215932
5941.610352 0.000000 317.914703 0.000000 0.391083 0.000000 -0.920355 0.234669 0.234669 0.234669
5918.841309 0.000000 314.054016 0.000000 0.115833 0.000000 -0.993269 0.239767 0.239767 0.239767
5909.228027 0.000000 320.327026 0.000000 0.999326 0.000000 -0.036699 0.206550 0.206550 0.206550
5930.452148 0.000000 317.355988 0.000000 0.522799 0.000000 -0.852456 0.228782 0.228782 0.228782
5914.616211 0.000000 306.504303 0.000000 0.122501 0.000000 -0.992468 0.220052 0.220052 0.220052
5908.862305 0.000000 331.088898 0.000000 0.207855 0.000000 -0.978160 0.237148 0.237148 0.237148
5915.115234 0.000000 311.705536 0.000000 0.753029 0.000000 -0.657988 0.255670 0.255670 0.255670
5943.370605 0.000000 316.077301 0.000000 0.173711 0.000000 -0.984797 0.276206 0.276206 0.276206
5922.441895 0.000000 316.385223 0.000000 0.795607 0.000000 -0.605814 0.248148 0.248148 0.248148
5938.714844 0.000000 332.894775 0.000000 0.703590 0.000000 -0.710606 0.247830 0.247830 0.247830
5918.667969 0.000000 318.803223 0.000000 0.992151 0.000000 -0.125044 0.257981 0.257981 0.257981
5945.397461 0.000000 320.572205 0.000000 0.856645 0.000000 -0.515907 0.247618 0.247618 0.247618
5920.505859 0.000000 327.079681 0.000000 0.393459 0.000000 -0.919342 0.271870 0.271870 0.271870
5917.193848 0.000000 308.632996 0.000000 0.751099 0.000000 -0.660189 0.267353 0.267353 0.267353
5913.450195 0.000000 330.118683 0.000000 0.522353 0.000000 -0.852730 0.281482 0.281482 0.281482
5944.713379 0.000000 311.844849 0.000000 0.281050 0.000000 -0.959693 0.261329 0.261329 0.261329
5921.051758 0.000000 314.613373 0.000000 0.167388 0.000000 -0.985891 0.248981 0.248981 0.248981
5951.035645 0.000000 324.030060 0.000000 0.181403 0.000000 -0.983409 0.273153 0.273153 0.273153
5942.447266 0.000000 331.631348 0.000000 0.535299 0.000000 -0.844663 0.262047 0.262047 0.262047
5943.657227 0.000000 322.795685 0.000000 0.867370 0.000000 -0.497665 0.260935 0.260935 0.260935
5949.048828 0.000000 321.687195 0.000000 0.972162 0.000000 -0.234312 0.272020 0.272020 0.272020
5941.193359 0.000000 321.756836 0.000000 0.296929 0.000000 -0.954900 0.305609 0.305609 0.305609
5923.914551 0.000000 311.181000 0.000000 0.313806 0.000000 -0.949487 0.284905 0.284905 0.284905
5916.327637 0.000000 310.240540 0.000000 0.874278 0.000000 -0.485426 0.278139 0.278139 0.278139
5912.941406 0.000000 332.649536 0.000000 0.524511 0.000000 -0.851404 0.264991 0.264991 0.264991
5930.572266 0.000000 332.000763 0.000000 0.342231 0.000000 -0.939616 0.292877 0.292877 0.292877
5939.450195 0.000000 335.261078 0.000000 0.827963 0.000000 -0.560783 0.263623 0.263623 0.263623
5946.544922 0.000000 314.392578 0.000000 0.990003 0.000000 -0.141047 0.336167 0.336167 0.336167
5942.766602 0.000000 327.022430 0.000000 0.952017 0.000000 -0.306046 0.262909 0.262909 0.262909
5918.632324 0.000000 309.731995 0.000000 0.936829 0.000000 -0.349789 0.291799 0.291799 0.291799
5915.980957 0.000000 326.363586 0.000000 0.857900 0.000000 -0.513816 0.288998 0.288998 0.288998
5949.407227 0.000000 319.805450 0.000000 0.583572 0.000000 -0.812061 0.339652 0.339652 0.339652
5922.717285 0.000000 307.784943 0.000000 0.622243 0.000000 -0.782824 0.308871 0.308871 0.308871
5949.998047 0.000000 315.047913 0.000000 0.562611 0.000000 -0.826722 0.351950 0.351950 0.351950
5943.627441 0.000000 313.049347 0.000000 0.371288 0.000000 -0.928518 0.326983 0.326983 0.326983
5921.783691 0.000000 325.986053 0.000000 0.443186 0.000000 -0.896430 0.368806 0.368806 0.368806
5930.936523 0.000000 334.922180 0.000000 0.823020 0.000000 -0.568013 0.307374 0.307374 0.307374
5935.452637 0.000000 332.401001 0.000000 0.747071 0.000000 -0.664744 0.325587 0.325587 0.325587
5932.112305 0.000000 336.476379 0.000000 0.191476 0.000000 -0.981497 0.343155 0.343155 0.343155
5946.382812 0.000000 317.298615 0.000000 0.980302 0.000000 -0.197504 0.323024 0.323024 0.323024
5933.468262 0.000000 335.931580 0.000000 0.605176 0.000000 -0.796092 0.370067 0.370067 0.370067
5933.661621 0.000000 332.677338 0.000000 0.966171 0.000000 -0.257903 0.321613 0.321613 0.321613
5919.716309 0.000000 324.194031 0.000000 0.519961 0.000000 -0.854190 0.400987 0.400987 0.400987
5994.581543 0.000000 301.226685 0.000000 0.050858 0.000000 -0.998706 0.210245 0.210245 0.210245
6010.133789 0.000000 309.886322 0.000000 0.977545 0.000000 -0.210725 0.201511 0.201511 0.201511
6013.041992 0.000000 338.080017 0.000000 0.805554 0.000000 -0.592522 0.204671 0.204671 0.204671
5957.002930 0.000000 318.549866 0.000000 0.954651 0.000000 -0.297728 0.202377 0.202377 0.202377
5978.844238 0.000000 284.139343 0.000000 0.720121 0.000000 -0.693848 0.206413 0.206413 0.206413
6007.430664 0.000000 296.298920 0.000000 0.295963 0.000000 -0.955199 0.212052 0.212052 0.212052
6001.158691 0.000000 317.050232 0.000000 0.923149 0.000000 -0.384444 0.203547 0.203547 0.203547
5999.152344 0.000000 327.892578 0.000000 0.735011 0.000000 -0.678055 0.206976 0.206976 0.206976
6000.446289 0.000000 293.252686 0.000000 0.337232 0.000000 -0.941421 0.211026 0.211026 0.211026
5957.963867 0.000000 303.120880 0.000000 0.763090 0.000000 -0.646292 0.218589 0.218589 0.218589
5976.763672 0.000000 313.153046 0.000000 0.446431 0.000000 -0.894818 0.225841 0.225841 0.225841
5970.867188 0.000000 325.385803 0.000000 0.298590 0.000000 -0.954381 0.237318 0.237318 0.237318
5964.424805 0.000000 300.841614 0.000000 0.614575 0.000000 -0.788858 0.213177 0.213177 0.213177
5962.422852 0.000000 306.169434 0.000000 0.784668 0.000000 -0.619916 0.210730 0.210730 0.210730
5981.260254 0.000000 316.691132 0.000000 0.885117 0.000000 -0.465369 0.239290 0.239290 0.239290
5973.228027 0.000000 320.327026 0.000000 0.505148 0.000000 -0.863033 0.231692 0.231692 0.231692
5994.452148 0.000000 317.355988 0.000000 0.717801 0.000000 -0.696248 0.230808 0.230808 0.230808
6014.888184 0.000000 319.046906 0.000000 0.988531 0.000000 -0.151019 0.213508 0.213508 0.213508
5988.193359 0.000000 289.880890 0.000000 0.895196 0.000000 -0.445674 0.218286 0.218286 0.218286
6012.341309 0.000000 335.589722 0.000000 0.990321 0.000000 -0.138799 0.220253 0.220253 0.220253
5973.175293 0.000000 317.639923 0.000000 0.472047 0.000000 -0.881574 0.241575 0.241575 0.241575
5999.681152 0.000000 285.323700 0.000000 0.830304 0.000000 -0.557310 0.249684 0.249684 0.249684
5975.931152 0.000000 334.139130 0.000000 0.591274 0.000000 -0.806471 0.247518 0.247518 0.247518
6002.714844 0.000000 332.894775 0.000000 0.959954 0.000000 -0.280156 0.222089 0.222089 0.222089
5981.269531 0.000000 284.581238 0.000000 0.207625 0.000000 -0.978208 0.269777 0.269777 0.269777
6012.370605 0.000000 328.318512 0.000000 0.222910 0.000000 -0.974839 0.238344 0.238344 0.238344
5982.667969 0.000000 318.803223 0.000000 0.897981 0.000000 -0.440034 0.241299 0.241299 0.241299
5986.794434 0.000000 320.681335 0.000000 0.757522 0.000000 -0.652810 0.265867 0.265867 0.265867
5977.450195 0.000000 330.118683 0.000000 1.000000 0.000000 -0.000021 0.246499 0.246499 0.246499
5953.278809 0.000000 328.297089 0.000000 0.918511 0.000000 -0.395396 0.258749 0.258749 0.258749
5980.442383 0.000000 282.439270 0.000000 0.435747 0.000000 -0.900069 0.250321 0.250321 0.250321
5970.130371 0.000000 327.515106 0.000000 0.575846 0.000000 -0.817558 0.234572 0.234572 0.234572
5981.291992 0.000000 293.712952 0.000000 0.567250 0.000000 -0.823545 0.241325 0.241325 0.241325
6014.998535 0.000000 306.403473 0.000000 0.987114 0.000000 -0.160019 0.232065 0.232065 0.232065
5977.637695 0.000000 319.119263 0.000000 0.987575 0.000000 -0.157146 0.236641 0.236641 0.236641
5996.434570 0.000000 294.200562 0.000000 0.990044 0.000000 -0.140756 0.276811 0.276811 0.276811
5999.881836 0.000000 295.154388 0.000000 0.992021 0.000000 -0.126076 0.282227 0.282227 0.282227
6000.094238 0.000000 299.531128 0.000000 0.453745 0.000000 -0.891132 0.324355 0.324355 0.324355
6002.463867 0.000000 298.350220 0.000000 0.255172 0.000000 -0.966896 0.330535 0.330535 0.330535
6008.393555 0.000000 327.548553 0.000000 0.999984 0.000000 -0.005655 0.265673 0.265673 0.265673
5986.286621 0.000000 286.049622 0.000000 0.130244 0.000000 -0.991482 0.293293 0.293293 0.293293
5952.004883 0.000000 335.735931 0.000000 0.306824 0.000000 -0.951766 0.262286 0.262286 0.262286
6010.541992 0.000000 331.592926 0.000000 0.776741 0.000000 -0.629820 0.273021 0.273021 0.273021
5999.569336 0.000000 282.525055 0.000000 0.063650 0.000000 -0.997972 0.281269 0.281269 0.281269
5987.914551 0.000000 311.181000 0.000000 0.980232 0.000000 -0.197854 0.284090 0.284090 0.284090
5988.653320 0.000000 320.686737 0.000000 0.984511 0.000000 -0.175324 0.247374 0.247374 0.247374
5984.666016 0.000000 283.060791 0.000000 0.128018 0.000000 -0.991772 0.287399 0.287399 0.287399
5985.556152 0.000000 309.096191 0.000000 0.410697 0.000000 -0.911772 0.291223 0.291223 0.291223
6001.177734 0.000000 324.035095 0.000000 0.299854 0.000000 -0.953985 0.270907 0.270907 0.270907
5982.270508 0.000000 291.698639 0.000000 0.989009 0.000000 -0.147856 0.316562 0.316562 0.316562
5981.381836 0.000000 313.017120 0.000000 0.733289 0.000000 -0.679917 0.261369 0.261369 0.261369
5976.941406 0.000000 332.649536 0.000000 0.872934 0.000000 -0.487838 0.261964 0.261964 0.261964
5992.804199 0.000000 316.546173 0.000000 0.980311 0.000000 -0.197461 0.264136 0.264136 0.264136
5954.331055 0.000000 322.367676 0.000000 0.428502 0.000000 -0.903541 0.307864 0.307864 0.307864
5986.170410 0.000000 310.779205 0.000000 0.945335 0.000000 -0.326102 0.287494 0.287494 0.287494
5983.589355 0.000000 312.466919 0.000000 0.719896 0.000000 -0.694082 0.324147 0.324147 0.324147
5997.137695 0.000000 297.481964 0.000000 0.875200 0.000000 -0.483761 0.295701 0.295701 0.295701
6003.232422 0.000000 301.775787 0.000000 0.463499 0.000000 -0.886098 0.308286 0.308286 0.308286
5989.573730 0.000000 293.926117 0.000000 0.936090 0.000000 -0.351760 0.269949 0.269949 0.269949
6009.560059 0.000000 333.065887 0.000000 0.999674 0.000000 -0.025536 0.276263 0.276263 0.276263
6008.254883 0.000000 329.804260 0.000000 0.707647 0.000000 -0.706567 0.308467 0.308467 0.308467
6006.766602 0.000000 327.022430 0.000000 0.992148 0.000000 -0.125071 0.305340 0.305340 0.305340
5990.209961 0.000000 315.921783 0.000000 0.912951 0.000000 -0.408070 0.266357 0.266357 0.266357
5982.604492 0.000000 315.702026 0.000000 0.708889 0.000000 -0.705320 0.317860 0.317860 0.317860
5984.356445 0.000000 294.788727 0.000000 0.834102 0.000000 -0.551610 0.365708 0.365708 0.365708
6001.404785 0.000000 301.880005 0.000000 0.921020 0.000000 -0.389515 0.278174 0.278174 0.278174
6006.213379 0.000000 325.427185 0.000000 0.116701 0.000000 -0.993167 0.307103 0.307103 0.307103
6005.913086 0.000000 330.095856 0.000000 0.610500 0.000000 -0.792016 0.294171 0.294171 0.294171
5986.527344 0.000000 289.529449 0.000000 0.315966 0.000000 -0.948771 0.321278 0.321278 0.321278
5986.940430 0.000000 292.508270 0.000000 0.088497 0.000000 -0.996076 0.400981 0.400981 0.400981
5982.455078 0.000000 288.500397 0.000000 0.128932 0.000000 -0.991653 0.360807 0.360807 0.360807
5982.457031 0.000000 285.472565 0.000000 0.259016 0.000000 -0.965873 0.328915 0.328915 0.328915
5986.905762 0.000000 317.802856 0.000000 0.996309 0.000000 -0.085836 0.323611 0.323611 0.323611
6000.912598 0.000000 298.234924 0.000000 0.094212 0.000000 -0.995552 0.335285 0.335285 0.335285
6005.717285 0.000000 327.904236 0.000000 0.927665 0.000000 -0.373413 0.358306 0.358306 0.358306
5987.814453 0.000000 293.593231 0.000000 0.066532 0.000000 -0.997784 0.401911 0.401911 0.401911
5984.511719 0.000000 313.419128 0.000000 0.980311 0.000000 -0.197458 0.336070 0.336070 0.336070
6058.133789 0.000000 230.074829 0.000000 0.692140 0.000000 -0.721764 0.206844 0.206844 0.206844
6023.290527 0.000000 268.782593 0.000000 0.658859 0.000000 -0.752267 0.211316 0.211316 0.211316
6016.205078 0.000000 248.356171 0.000000 0.999778 0.000000 -0.021072 0.212007 0.212007 0.212007
6019.898438 0.000000 278.694153 0.000000 0.713281 0.000000 -0.700878 0.224511 0.224511 0.224511
6079.835938 0.000000 230.421585 0.000000 0.698262 0.000000 -0.715843 0.259674 0.259674 0.259674
6079.940430 0.000000 245.386993 0.000000 0.864321 0.000000 -0.502941 0.262300 0.262300 0.262300
6023.324707 0.000000 252.547546 0.000000 0.169624 0.000000 -0.985509 0.263247 0.263247 0.263247
6016.010254 0.000000 254.623795 0.000000 0.543363 0.000000 -0.839498 0.253784 0.253784 0.253784
6025.306152 0.000000 251.612122 0.000000 0.270215 0.000000 -0.962800 0.240480 0.240480 0.240480
6064.601562 0.000000 230.779770 0.000000 0.453064 0.000000 -0.891478 0.273401 0.273401 0.273401
6023.299805 0.000000 266.675629 0.000000 0.759486 0.000000 -0.650524 0.247806 0.247806 0.247806
6079.211914 0.000000 236.769272 0.000000 0.765355 0.000000 -0.643609 0.265633 0.265633 0.265633
6075.533691 0.000000 231.512314 0.000000 0.999700 0.000000 -0.024479 0.242438 0.242438 0.242438
6068.201660 0.000000 232.885498 0.000000 0.534292 0.000000 -0.845300 0.264782 0.264782 0.264782
6063.569336 0.000000 226.040695 0.000000 0.244666 0.000000 -0.969607 0.277718 0.277718 0.277718
6065.127930 0.000000 227.765335 0.000000 0.366525 0.000000 -0.930408 0.275238 0.275238 0.275238
6020.253418 0.000000 265.303406 0.000000 0.834777 0.000000 -0.550587 0.265912 0.265912 0.265912
6018.931152 0.000000 257.412201 0.000000 0.974315 0.000000 -0.225190 0.269449 0.269449 0.269449
6022.203613 0.000000 263.232758 0.000000 0.991462 0.000000 -0.130395 0.275402 0.275402 0.275402
6099.921875 0.000000 250.262909 0.000000 0.990560 0.000000 -0.137078 0.200927 0.200927 0.200927
6092.652344 0.000000 251.364349 0.000000 0.342548 0.000000 -0.939500 0.212331 0.212331 0.212331
6097.983398 0.000000 247.305740 0.000000 0.679975 0.000000 -0.733235 0.213574 0.213574 0.213574
6090.422852 0.000000 249.685059 0.000000 0.906978 0.000000 -0.421177 0.216764 0.216764 0.216764
6100.109863 0.000000 237.627151 0.000000 0.803851 0.000000 -0.594831 0.227816 0.227816 0.227816
6084.015137 0.000000 232.024582 0.000000 0.419433 0.000000 -0.907786 0.261613 0.261613 0.261613
6104.755859 0.000000 245.286728 0.000000 0.164476 0.000000 -0.986381 0.276382 0.276382 0.276382
6082.523438 0.000000 240.352356 0.000000 0.890708 0.000000 -0.454575 0.261234 0.261234 0.261234
6103.342285 0.000000 241.448257 0.000000 0.786429 0.000000 -0.617681 0.263704 0.263704 0.263704
6080.060059 0.000000 234.185715 0.000000 0.391182 0.000000 -0.920313 0.274723 0.274723 0.274723
6080.668457 0.000000 243.707916 0.000000 0.988536 0.000000 -0.150987 0.251563 0.251563 0.251563
6084.679688 0.000000 240.173828 0.000000 0.402746 0.000000 -0.915312 0.274479 0.274479 0.274479
6095.288574 0.000000 240.475479 0.000000 0.888460 0.000000 -0.458953 0.260093 0.260093 0.260093
6092.800293 0.000000 236.500290 0.000000 0.565031 0.000000 -0.825070 0.270880 0.270880 0.270880
6091.020996 0.000000 237.179749 0.000000 0.959472 0.000000 -0.281804 0.257630 0.257630 0.257630
6082.200195 0.000000 242.556747 0.000000 0.824830 0.000000 -0.565381 0.257407 0.257407 0.257407
6088.084473 0.000000 241.572464 0.000000 0.172811 0.000000 -0.984955 0.279140 0.279140 0.279140
6091.861328 0.000000 240.607025 0.000000 0.098781 0.000000 -0.995109 0.280586 0.280586 0.280586
6093.681152 0.000000 239.710236 0.000000 0.782757 0.000000 -0.622327 0.265101 0.265101 0.265101
6089.625488 0.000000 236.162354 0.000000 0.996946 0.000000 -0.078095 0.253614 0.253614 0.253614
6016.205078 0.000000 304.840546 0.000000 0.363310 0.000000 -0.931668 0.211075 0.211075 0.211075
6028.406250 0.000000 283.370178 0.000000 0.086386 0.000000 -0.996262 0.217643 0.217643 0.217643
6031.212891 0.000000 294.875183 0.000000 0.770333 0.000000 -0.637642 0.239902 0.239902 0.239902
6023.626953 0.000000 328.772125 0.000000 0.966216 0.000000 -0.257734 0.225314 0.225314 0.225314
6028.076660 0.000000 317.732361 0.000000 0.945178 0.000000 -0.326555 0.271783 0.271783 0.271783
6020.206055 0.000000 284.676819 0.000000 0.110405 0.000000 -0.993887 0.268619 0.268619 0.268619
6021.188477 0.000000 325.161957 0.000000 0.704919 0.000000 -0.709288 0.263429 0.263429 0.263429
6021.852539 0.000000 305.267456 0.000000 0.999918 0.000000 -0.012776 0.237743 0.237743 0.237743
6029.989746 0.000000 309.336365 0.000000 0.550861 0.000000 -0.834597 0.294543 0.294543 0.294543
6028.800293 0.000000 292.984650 0.000000 0.998221 0.000000 -0.059618 0.247582 0.247582 0.247582
6026.587402 0.000000 295.702209 0.000000 0.525385 0.000000 -0.850865 0.288315 0.288315 0.288315
6022.066895 0.000000 315.557373 0.000000 0.936320 0.000000 -0.351147 0.307757 0.307757 0.307757
6027.020996 0.000000 293.664124 0.000000 0.985631 0.000000 -0.168911 0.309077 0.309077 0.309077
6026.685059 0.000000 284.385132 0.000000 0.361578 0.000000 -0.932342 0.318478 0.318478 0.318478
6018.931152 0.000000 313.896576 0.000000 0.500852 0.000000 -0.865533 0.335708 0.335708 0.335708
6022.675781 0.000000 285.306976 0.000000 0.936635 0.000000 -0.350307 0.300373 0.300373 0.300373
6025.760254 0.000000 291.123596 0.000000 0.101516 0.000000 -0.994834 0.369712 0.369712 0.369712
6025.455566 0.000000 287.188934 0.000000 0.725357 0.000000 -0.688373 0.356628 0.356628 0.356628
6023.944824 0.000000 310.360229 0.000000 0.183511 0.000000 -0.983018 0.332667 0.332667 0.332667
6023.860840 0.000000 315.762085 0.000000 0.692764 0.000000 -0.721165 0.321250 0.321250 0.321250
6026.271484 0.000000 311.523682 0.000000 0.543960 0.000000 -0.839111 0.351309 0.351309 0.351309
6022.787598 0.000000 287.313416 0.000000 0.500478 0.000000 -0.865750 0.327102 0.327102 0.327102
6025.120117 0.000000 306.696838 0.000000 0.623530 0.000000 -0.781799 0.321255 0.321255 0.321255
6020.866211 0.000000 306.380341 0.000000 0.999906 0.000000 -0.013681 0.306329 0.306329 0.306329
6026.621582 0.000000 309.638031 0.000000 0.391542 0.000000 -0.920160 0.358943 0.358943 0.358943
6019.718262 0.000000 311.215851 0.000000 0.771007 0.000000 -0.636827 0.353956 0.353956 0.353956
6024.591797 0.000000 309.181000 0.000000 0.995106 0.000000 -0.098811 0.332165 0.332165 0.332165
6136.634766 0.000000 318.210480 0.000000 0.092304 0.000000 -0.995731 0.211257 0.211257 0.211257
6136.579102 0.000000 331.584259 0.000000 0.776332 0.000000 -0.630325 0.214606 0.214606 0.214606
6138.107422 0.000000 337.622284 0.000000 0.092377 0.000000 -0.995724 0.214809 0.214809 0.214809
6142.830566 0.000000 329.657013 0.000000 0.707231 0.000000 -0.706983 0.223340 0.223340 0.223340
6140.341309 0.000000 335.589722 0.000000 0.915996 0.000000 -0.401188 0.216512 0.216512 0.216512
6141.048828 0.000000 321.687195 0.000000 0.769894 0.000000 -0.638172 0.252655 0.252655 0.252655
6088.026367 0.000000 336.876282 0.000000 0.368177 0.000000 -0.929756 0.279444 0.279444 0.279444
6143.474121 0.000000 327.646301 0.000000 0.192081 0.000000 -0.981379 0.267177 0.267177 0.267177
6140.200684 0.000000 326.494568 0.000000 0.021538 0.000000 -0.999768 0.276112 0.276112 0.276112
6097.270508 0.000000 333.239471 0.000000 0.970950 0.000000 -0.239281 0.326941 0.326941 0.326941
6095.857910 0.000000 337.712097 0.000000 0.876114 0.000000 -0.482104 0.432277 0.432277 0.432277
6091.080078 0.000000 332.229523 0.000000 0.542781 0.000000 -0.839875 0.367312 0.367312 0.367312
6098.552246 0.000000 336.572662 0.000000 0.992639 0.000000 -0.121111 0.323756 0.323756 0.323756
6092.281738 0.000000 334.423889 0.000000 0.836641 0.000000 -0.547751 0.419181 0.419181 0.419181
6097.812988 0.000000 338.286835 0.000000 0.789240 0.000000 -0.614085 0.421147 0.421147 0.421147
6094.955566 0.000000 334.714050 0.000000 0.834052 0.000000 -0.551685 0.408602 0.408602 0.408602
6093.262207 0.000000 332.372375 0.000000 0.792208 0.000000 -0.610252 0.405661 0.405661 0.405661
6092.118164 0.000000 338.896423 0.000000 0.936032 0.000000 -0.351916 0.376087 0.376087 0.376087
6096.709473 0.000000 338.411713 0.000000 0.733191 0.000000 -0.680022 0.426116 0.426116 0.426116
6093.927734 0.000000 335.014252 0.000000 0.111466 0.000000 -0.993768 0.470378 0.470378 0.470378
6094.619629 0.000000 336.948181 0.000000 0.783256 0.000000 -0.621699 0.443046 0.443046 0.443046
5944.634766 0.000000 374.694855 0.000000 0.212106 0.000000 -0.977247 0.210333 0.210333 0.210333
5905.626465 0.000000 344.115753 0.000000 0.590009 0.000000 -0.807396 0.207507 0.207507 0.207507
5937.044434 0.000000 387.590210 0.000000 0.871791 0.000000 -0.489878 0.204282 0.204282 0.204282
5893.568848 0.000000 342.924133 0.000000 0.982372 0.000000 -0.186937 0.201643 0.201643 0.201643
5891.856934 0.000000 388.978210 0.000000 0.625833 0.000000 -0.779957 0.210464 0.210464 0.210464
5905.983398 0.000000 360.274506 0.000000 0.693604 0.000000 -0.720356 0.207430 0.207430 0.207430
5946.815430 0.000000 346.475403 0.000000 0.572222 0.000000 -0.820099 0.221516 0.221516 0.221516
5914.132812 0.000000 373.358063 0.000000 0.763723 0.000000 -0.645545 0.227387 0.227387 0.227387
5898.448242 0.000000 342.511200 0.000000 0.770406 0.000000 -0.637553 0.222224 0.222224 0.222224
5937.495117 0.000000 339.006287 0.000000 0.067817 0.000000 -0.997698 0.227637 0.227637 0.227637
5891.167969 0.000000 382.858948 0.000000 0.844095 0.000000 -0.536193 0.236806 0.236806 0.236806
5950.830566 0.000000 386.141388 0.000000 0.875124 0.000000 -0.483898 0.218791 0.218791 0.218791
5898.422852 0.000000 362.653809 0.000000 0.930612 0.000000 -0.366006 0.236426 0.236426 0.236426
5894.297363 0.000000 340.254395 0.000000 0.994872 0.000000 -0.101141 0.211790 0.211790 0.211790
5930.478516 0.000000 364.643372 0.000000 0.973022 0.000000 -0.230710 0.227281 0.227281 0.227281
5935.560547 0.000000 381.669891 0.000000 0.770214 0.000000 -0.637786 0.225999 0.225999 0.225999
5894.927734 0.000000 345.253632 0.000000 0.349752 0.000000 -0.936843 0.267122 0.267122 0.267122
5927.437012 0.000000 366.288147 0.000000 0.429020 0.000000 -0.903295 0.271133 0.271133 0.271133
5908.387207 0.000000 365.703369 0.000000 0.959191 0.000000 -0.282758 0.219767 0.219767 0.219767
5926.985352 0.000000 370.770691 0.000000 0.423035 0.000000 -0.906114 0.245073 0.245073 0.245073
5896.000977 0.000000 342.967468 0.000000 0.678453 0.000000 -0.734644 0.258850 0.258850 0.258850
5895.852051 0.000000 376.083740 0.000000 0.873966 0.000000 -0.485987 0.221259 0.221259 0.221259
5948.370605 0.000000 384.802887 0.000000 0.051959 0.000000 -0.998649 0.274071 0.274071 0.274071
5947.596680 0.000000 355.432678 0.000000 0.993258 0.000000 -0.115928 0.238283 0.238283 0.238283
5921.651855 0.000000 375.103729 0.000000 0.934994 0.000000 -0.354663 0.229059 0.229059 0.229059
5923.886719 0.000000 369.530731 0.000000 0.514038 0.000000 -0.857768 0.243573 0.243573 0.243573
5928.581055 0.000000 369.170624 0.000000 0.964397 0.000000 -0.264460 0.228935 0.228935 0.228935
5895.561523 0.000000 389.880157 0.000000 0.121890 0.000000 -0.992544 0.302459 0.302459 0.302459
5906.112793 0.000000 365.097870 0.000000 0.800544 0.000000 -0.599274 0.255621 0.255621 0.255621
5947.060547 0.000000 381.498535 0.000000 0.936572 0.000000 -0.350476 0.250590 0.250590 0.250590
5925.382812 0.000000 366.488281 0.000000 0.885441 0.000000 -0.464751 0.238054 0.238054 0.238054
5897.185059 0.000000 382.441467 0.000000 0.900357 0.000000 -0.435151 0.276857 0.276857 0.276857
5928.666504 0.000000 385.228790 0.000000 0.961529 0.000000 -0.274703 0.253924 0.253924 0.253924
5900.800293 0.000000 349.469025 0.000000 0.018669 0.000000 -0.999826 0.326500 0.326500 0.326500
5916.530762 0.000000 380.581207 0.000000 0.149529 0.000000 -0.988757 0.333667 0.333667 0.333667
5947.325195 0.000000 351.021545 0.000000 0.295676 0.000000 -0.955288 0.304177 0.304177 0.304177
5892.837402 0.000000 387.145966 0.000000 0.161890 0.000000 -0.986809 0.319577 0.319577 0.319577
5951.474121 0.000000 384.130676 0.000000 0.943706 0.000000 -0.330786 0.264644 0.264644 0.264644
5916.971191 0.000000 384.218933 0.000000 0.047298 0.000000 -0.998881 0.335083 0.335083 0.335083
5928.504883 0.000000 382.299866 0.000000 0.870585 0.000000 -0.492018 0.279566 0.279566 0.279566
5901.681152 0.000000 352.678986 0.000000 0.569963 0.000000 -0.821670 0.353064 0.353064 0.353064
5905.241211 0.000000 356.537598 0.000000 0.493905 0.000000 -0.869516 0.308804 0.308804 0.308804
5949.407227 0.000000 376.289825 0.000000 0.957389 0.000000 -0.288801 0.288895 0.288895 0.288895
5932.260742 0.000000 379.839600 0.000000 0.982375 0.000000 -0.186920 0.312021 0.312021 0.312021
5895.856445 0.000000 383.587952 0.000000 0.646473 0.000000 -0.762937 0.345372 0.345372 0.345372
5894.216797 0.000000 386.138184 0.000000 0.440416 0.000000 -0.897794 0.345210 0.345210 0.345210
5902.941895 0.000000 364.546814 0.000000 0.458591 0.000000 -0.888648 0.354814 0.354814 0.354814
5948.241699 0.000000 349.648712 0.000000 0.573604 0.000000 -0.819133 0.367304 0.367304 0.367304
5905.973633 0.000000 353.827637 0.000000 0.872956 0.000000 -0.487799 0.372928 0.372928 0.372928
5949.135254 0.000000 381.632904 0.000000 0.741035 0.000000 -0.671466 0.299161 0.299161 0.299161
5904.717773 0.000000 351.243378 0.000000 0.999322 0.000000 -0.036814 0.353535 0.353535 0.353535
5950.039551 0.000000 379.366516 0.000000 0.920082 0.000000 -0.391726 0.329004 0.329004 0.329004
5917.245605 0.000000 374.741028 0.000000 0.828825 0.000000 -0.559509 0.323963 0.323963 0.323963
5931.314453 0.000000 384.091644 0.000000 0.972184 0.000000 -0.234216 0.350769 0.350769 0.350769
5904.744141 0.000000 348.501038 0.000000 0.434379 0.000000 -0.900730 0.367687 0.367687 0.367687
5932.225586 0.000000 385.140656 0.000000 0.078939 0.000000 -0.996879 0.401386 0.401386 0.401386
5950.061523 0.000000 347.094391 0.000000 0.521816 0.000000 -0.853058 0.329212 0.329212 0.329212
5933.661621 0.000000 389.161713 0.000000 0.998430 0.000000 -0.056016 0.347585 0.347585 0.347585
5933.730469 0.000000 386.847198 0.000000 0.975454 0.000000 -0.220204 0.370579 0.370579 0.370579
6006.803711 0.000000 340.972412 0.000000 0.007433 0.000000 -0.999972 0.210343 0.210343 0.210343
5991.866699 0.000000 380.609802 0.000000 0.774067 0.000000 -0.633104 0.204621 0.204621 0.204621
6009.729980 0.000000 379.695770 0.000000 0.837001 0.000000 -0.547202 0.203975 0.203975 0.203975
5988.590332 0.000000 348.912933 0.000000 0.051098 0.000000 -0.998694 0.211572 0.211572 0.211572
6013.935547 0.000000 368.936279 0.000000 0.864225 0.000000 -0.503105 0.204541 0.204541 0.204541
6010.875000 0.000000 339.060730 0.000000 0.926661 0.000000 -0.375899 0.203415 0.203415 0.203415
5952.522461 0.000000 354.608307 0.000000 0.716610 0.000000 -0.697474 0.206552 0.206552 0.206552
5993.896973 0.000000 338.934601 0.000000 0.394645 0.000000 -0.918834 0.210762 0.210762 0.210762
6006.496094 0.000000 368.215149 0.000000 0.794888 0.000000 -0.606757 0.216771 0.216771 0.216771
6001.605957 0.000000 391.760101 0.000000 0.569156 0.000000 -0.822229 0.218950 0.218950 0.218950
6007.033203 0.000000 377.354156 0.000000 0.976529 0.000000 -0.215386 0.207292 0.207292 0.207292
5991.443848 0.000000 350.195618 0.000000 0.275959 0.000000 -0.961169 0.218427 0.218427 0.218427
5995.534668 0.000000 354.895966 0.000000 0.470797 0.000000 -0.882241 0.225520 0.225520 0.225520
5954.786133 0.000000 373.806915 0.000000 0.776915 0.000000 -0.629605 0.257581 0.257581 0.257581
5958.927734 0.000000 345.253632 0.000000 0.184398 0.000000 -0.982852 0.250148 0.250148 0.250148
6011.743652 0.000000 389.633759 0.000000 0.057385 0.000000 -0.998352 0.256387 0.256387 0.256387
6003.339844 0.000000 374.195618 0.000000 0.358081 0.000000 -0.933691 0.296807 0.296807 0.296807
5994.151367 0.000000 381.417847 0.000000 0.970889 0.000000 -0.239531 0.248535 0.248535 0.248535
5958.227051 0.000000 383.481232 0.000000 0.968120 0.000000 -0.250488 0.275959 0.275959 0.275959
5954.093750 0.000000 349.972656 0.000000 0.068018 0.000000 -0.997684 0.308275 0.308275 0.308275
6009.789062 0.000000 358.268036 0.000000 0.176365 0.000000 -0.984325 0.305658 0.305658 0.305658
6007.633301 0.000000 357.624115 0.000000 0.284066 0.000000 -0.958805 0.347760 0.347760 0.347760
5956.837402 0.000000 387.145966 0.000000 0.254431 0.000000 -0.967091 0.287648 0.287648 0.287648
5999.125977 0.000000 377.823395 0.000000 0.828548 0.000000 -0.559918 0.291635 0.291635 0.291635
5954.331055 0.000000 378.852051 0.000000 0.617861 0.000000 -0.786288 0.338225 0.338225 0.338225
5955.196289 0.000000 384.656769 0.000000 0.999896 0.000000 -0.014393 0.278236 0.278236 0.278236
5999.226074 0.000000 379.850433 0.000000 0.341901 0.000000 -0.939736 0.290011 0.290011 0.290011
5954.240723 0.000000 381.223663 0.000000 0.735621 0.000000 -0.677393 0.326128 0.326128 0.326128
6003.450195 0.000000 391.745453 0.000000 0.102463 0.000000 -0.994737 0.290909 0.290909 0.290909
5956.253418 0.000000 378.272156 0.000000 0.367898 0.000000 -0.929866 0.289404 0.289404 0.289404
6003.232422 0.000000 358.260162 0.000000 0.788110 0.000000 -0.615535 0.294660 0.294660 0.294660
6009.560059 0.000000 389.550262 0.000000 0.060693 0.000000 -0.998156 0.285799 0.285799 0.285799
5957.526367 0.000000 379.972168 0.000000 0.660237 0.000000 -0.751058 0.281876 0.281876 0.281876
6010.962891 0.000000 357.044952 0.000000 0.922596 0.000000 -0.385766 0.281758 0.281758 0.281758
6004.959961 0.000000 388.965302 0.000000 0.050832 0.000000 -0.998707 0.292002 0.292002 0.292002
5955.807617 0.000000 346.708069 0.000000 0.401177 0.000000 -0.916000 0.297156 0.297156 0.297156
6006.224609 0.000000 354.085022 0.000000 0.619195 0.000000 -0.785237 0.379398 0.379398 0.379398
6007.988281 0.000000 354.529541 0.000000 0.986303 0.000000 -0.164941 0.347732 0.347732 0.347732
5959.856445 0.000000 383.587952 0.000000 0.787907 0.000000 -0.615794 0.285569 0.285569 0.285569
5955.459473 0.000000 375.422485 0.000000 0.976375 0.000000 -0.216085 0.310617 0.310617 0.310617
6009.763184 0.000000 359.921875 0.000000 0.999015 0.000000 -0.044371 0.273332 0.273332 0.273332
5956.645020 0.000000 383.520111 0.000000 0.275834 0.000000 -0.961205 0.332916 0.332916 0.332916
5953.194336 0.000000 348.180603 0.000000 0.860527 0.000000 -0.509404 0.316909 0.316909 0.316909
5994.445312 0.000000 377.762146 0.000000 0.398414 0.000000 -0.917206 0.336400 0.336400 0.336400
6005.702637 0.000000 356.743195 0.000000 0.692294 0.000000 -0.721616 0.319908 0.319908 0.319908
6000.912598 0.000000 354.719299 0.000000 0.807893 0.000000 -0.589330 0.309422 0.309422 0.309422
5952.096680 0.000000 378.943695 0.000000 0.199184 0.000000 -0.979962 0.380335 0.380335 0.380335
6006.458008 0.000000 351.815704 0.000000 0.997535 0.000000 -0.070171 0.327608 0.327608 0.327608
5952.022461 0.000000 374.613068 0.000000 0.437764 0.000000 -0.899090 0.370535 0.370535 0.370535
5952.003906 0.000000 380.986176 0.000000 0.983666 0.000000 -0.180002 0.314145 0.314145 0.314145
5953.161133 0.000000 378.186371 0.000000 0.590572 0.000000 -0.806985 0.363603 0.363603 0.363603
6005.852051 0.000000 393.172577 0.000000 0.552565 0.000000 -0.833470 0.355266 0.355266 0.355266
6008.780762 0.000000 352.854065 0.000000 0.147394 0.000000 -0.989078 0.379179 0.379179 0.379179
6005.735840 0.000000 355.286774 0.000000 0.122932 0.000000 -0.992415 0.389783 0.389783 0.389783
5952.026367 0.000000 376.023346 0.000000 0.776858 0.000000 -0.629676 0.379420 0.379420 0.379420
6004.205566 0.000000 352.121399 0.000000 0.046492 0.000000 -0.998919 0.426146 0.426146 0.426146
5914.661621 0.000000 416.828308 0.000000 0.975050 0.000000 -0.221986 0.201677 0.201677 0.201677
5899.269531 0.000000 404.720703 0.000000 0.791556 0.000000 -0.611097 0.205909 0.205909 0.205909
5927.443848 0.000000 406.679993 0.000000 0.451242 0.000000 -0.892402 0.236506 0.236506 0.236506
5900.424805 0.000000 413.810364 0.000000 0.692462 0.000000 -0.721454 0.207645 0.207645 0.207645
5894.202148 0.000000 406.903442 0.000000 0.966460 0.000000 -0.256816 0.215922 0.215922 0.215922
5908.109863 0.000000 407.080292 0.000000 0.179834 0.000000 -0.983697 0.241732 0.241732 0.241732
5926.658203 0.000000 403.611633 0.000000 0.159654 0.000000 -0.987173 0.266305 0.266305 0.266305
5912.755859 0.000000 414.739838 0.000000 0.998715 0.000000 -0.050682 0.214608 0.214608 0.214608
5908.471191 0.000000 417.216187 0.000000 0.549530 0.000000 -0.835474 0.248302 0.248302 0.248302
5890.523438 0.000000 409.805481 0.000000 0.605443 0.000000 -0.795888 0.234084 0.234084 0.234084
5950.677246 0.000000 397.936676 0.000000 0.999992 0.000000 -0.003887 0.258905 0.258905 0.258905
5904.326660 0.000000 418.057587 0.000000 0.774087 0.000000 -0.633079 0.242352 0.242352 0.242352
5908.672363 0.000000 414.947968 0.000000 0.743433 0.000000 -0.668811 0.278010 0.278010 0.278010
5911.989746 0.000000 408.420471 0.000000 0.934170 0.000000 -0.356828 0.281011 0.281011 0.281011
5914.413574 0.000000 403.662140 0.000000 0.401216 0.000000 -0.915984 0.278725 0.278725 0.278725
5892.679688 0.000000 409.626953 0.000000 0.996641 0.000000 -0.081891 0.232041 0.232041 0.232041
5919.953125 0.000000 401.065796 0.000000 0.773229 0.000000 -0.634127 0.291339 0.291339 0.291339
5902.324707 0.000000 419.278534 0.000000 0.346071 0.000000 -0.938208 0.255995 0.255995 0.255995
5917.062500 0.000000 413.066895 0.000000 0.999050 0.000000 -0.043580 0.292569 0.292569 0.292569
5903.814941 0.000000 416.022614 0.000000 0.760323 0.000000 -0.649545 0.265783 0.265783 0.265783
5894.215332 0.000000 411.544006 0.000000 0.396942 0.000000 -0.917843 0.257878 0.257878 0.257878
5915.430664 0.000000 407.418335 0.000000 0.998554 0.000000 -0.053749 0.300816 0.300816 0.300816
5919.909668 0.000000 410.358063 0.000000 0.999868 0.000000 -0.016263 0.270409 0.270409 0.270409
5918.270508 0.000000 404.667389 0.000000 0.769690 0.000000 -0.638417 0.316508 0.316508 0.316508
5894.483887 0.000000 414.323059 0.000000 0.618701 0.000000 -0.785626 0.285766 0.285766 0.285766
5923.859863 0.000000 401.072968 0.000000 0.321606 0.000000 -0.946873 0.322592 0.322592 0.322592
5951.180664 0.000000 401.492065 0.000000 0.811960 0.000000 -0.583713 0.289781 0.289781 0.289781
5909.555664 0.000000 411.156403 0.000000 0.226127 0.000000 -0.974098 0.302961 0.302961 0.302961
5922.527344 0.000000 402.498199 0.000000 0.737282 0.000000 -0.675586 0.347745 0.347745 0.347745
5891.098633 0.000000 413.514648 0.000000 0.931808 0.000000 -0.362951 0.364088 0.364088 0.364088
5908.786621 0.000000 412.726562 0.000000 0.693019 0.000000 -0.720920 0.303636 0.303636 0.303636
5948.446777 0.000000 399.648529 0.000000 0.706678 0.000000 -0.707536 0.364607 0.364607 0.364607
5891.585449 0.000000 414.983948 0.000000 0.954363 0.000000 -0.298649 0.348732 0.348732 0.348732
5917.330566 0.000000 411.497803 0.000000 0.341884 0.000000 -0.939742 0.351785 0.351785 0.351785
5889.904785 0.000000 413.227264 0.000000 0.115660 0.000000 -0.993289 0.399827 0.399827 0.399827
5966.146973 0.000000 417.244110 0.000000 0.534500 0.000000 -0.845168 0.207290 0.207290 0.207290
5966.716309 0.000000 405.124268 0.000000 0.950402 0.000000 -0.311023 0.202369 0.202369 0.202369
5969.626465 0.000000 400.600128 0.000000 0.900395 0.000000 -0.435072 0.203596 0.203596 0.203596
6014.127441 0.000000 412.830597 0.000000 0.811306 0.000000 -0.584621 0.205534 0.205534 0.205534
6014.018555 0.000000 421.285706 0.000000 0.764460 0.000000 -0.644672 0.205947 0.205947 0.205947
6013.449707 0.000000 404.876801 0.000000 0.374063 0.000000 -0.927403 0.211117 0.211117 0.211117
5980.683105 0.000000 408.824554 0.000000 0.591671 0.000000 -0.806180 0.208896 0.208896 0.208896
6006.755859 0.000000 421.486023 0.000000 0.533055 0.000000 -0.846081 0.209442 0.209442 0.209442
5969.653320 0.000000 403.860046 0.000000 0.021770 0.000000 -0.999763 0.222507 0.222507 0.222507
6002.335449 0.000000 416.283661 0.000000 0.192330 0.000000 -0.981330 0.234557 0.234557 0.234557
5979.116211 0.000000 413.865875 0.000000 0.995189 0.000000 -0.097972 0.228858 0.228858 0.228858
5971.958008 0.000000 402.103210 0.000000 0.410502 0.000000 -0.911860 0.239822 0.239822 0.239822
5978.002441 0.000000 409.425964 0.000000 0.493140 0.000000 -0.869950 0.247970 0.247970 0.247970
6014.188965 0.000000 410.465240 0.000000 0.753940 0.000000 -0.656944 0.246662 0.246662 0.246662
5975.342285 0.000000 410.901367 0.000000 0.265239 0.000000 -0.964183 0.275869 0.275869 0.275869
5972.110352 0.000000 409.028442 0.000000 0.267108 0.000000 -0.963667 0.281587 0.281587 0.281587
6037.035156 0.000000 379.623352 0.000000 0.850777 0.000000 -0.525527 0.203868 0.203868 0.203868
6073.729980 0.000000 379.695770 0.000000 0.746060 0.000000 -0.665879 0.205185 0.205185 0.205185
6025.424316 0.000000 366.780060 0.000000 0.836674 0.000000 -0.547701 0.205282 0.205282 0.205282
6075.742676 0.000000 376.583252 0.000000 0.824652 0.000000 -0.565640 0.210043 0.210043 0.210043
6025.808105 0.000000 374.611816 0.000000 0.925283 0.000000 -0.379279 0.213848 0.213848 0.213848
6020.219238 0.000000 371.540405 0.000000 0.995464 0.000000 -0.095136 0.216277 0.216277 0.216277
6058.699707 0.000000 379.285065 0.000000 0.925838 0.000000 -0.377922 0.216221 0.216221 0.216221
6076.718750 0.000000 380.137695 0.000000 0.042526 0.000000 -0.999095 0.237869 0.237869 0.237869
6022.827637 0.000000 394.905121 0.000000 0.135712 0.000000 -0.990748 0.243754 0.243754 0.243754
6018.892090 0.000000 377.107544 0.000000 0.623599 0.000000 -0.781745 0.236391 0.236391 0.236391
6019.167969 0.000000 382.858948 0.000000 0.905578 0.000000 -0.424180 0.207181 0.207181 0.207181
6019.898438 0.000000 391.662903 0.000000 0.680707 0.000000 -0.732556 0.235357 0.235357 0.235357
6023.173340 0.000000 368.112946 0.000000 0.244126 0.000000 -0.969743 0.228368 0.228368 0.228368
6042.516602 0.000000 377.685150 0.000000 0.012692 0.000000 -0.999919 0.236814 0.236814 0.236814
6018.786133 0.000000 373.806915 0.000000 0.954078 0.000000 -0.299558 0.223528 0.223528 0.223528
6035.150879 0.000000 372.667786 0.000000 0.928400 0.000000 -0.371582 0.243744 0.243744 0.243744
6054.985352 0.000000 370.770691 0.000000 0.930698 0.000000 -0.365789 0.223237 0.223237 0.223237
6025.640137 0.000000 372.133331 0.000000 0.732991 0.000000 -0.680238 0.273105 0.273105 0.273105
6023.561523 0.000000 389.880157 0.000000 0.334779 0.000000 -0.942297 0.265999 0.265999 0.265999
6041.637695 0.000000 375.603638 0.000000 0.289004 0.000000 -0.957328 0.285447 0.285447 0.285447
6038.645996 0.000000 369.571991 0.000000 0.998087 0.000000 -0.061823 0.278300 0.278300 0.278300
6021.476562 0.000000 390.184479 0.000000 0.969944 0.000000 -0.243328 0.252140 0.252140 0.252140
6061.660156 0.000000 370.856567 0.000000 0.950247 0.000000 -0.311498 0.291936 0.291936 0.291936
6077.048828 0.000000 378.171570 0.000000 0.613418 0.000000 -0.789758 0.265700 0.265700 0.265700
6042.051758 0.000000 371.200470 0.000000 0.979438 0.000000 -0.201746 0.271265 0.271265 0.271265
6025.185059 0.000000 382.441467 0.000000 0.408104 0.000000 -0.912935 0.292707 0.292707 0.292707
6055.873535 0.000000 375.693756 0.000000 0.984982 0.000000 -0.172655 0.255459 0.255459 0.255459
6026.324219 0.000000 370.399689 0.000000 0.414353 0.000000 -0.910116 0.361037 0.361037 0.361037
6020.253418 0.000000 378.272156 0.000000 0.888468 0.000000 -0.458938 0.282445 0.282445 0.282445
6021.526367 0.000000 379.972168 0.000000 0.331238 0.000000 -0.943547 0.300366 0.300366 0.300366
6031.572266 0.000000 370.506134 0.000000 0.754077 0.000000 -0.656787 0.280272 0.280272 0.280272
6077.407227 0.000000 376.289825 0.000000 0.314730 0.000000 -0.949181 0.300779 0.300779 0.300779
6026.960449 0.000000 373.071167 0.000000 0.786942 0.000000 -0.617027 0.281718 0.281718 0.281718
6039.875000 0.000000 370.982056 0.000000 0.181239 0.000000 -0.983439 0.331207 0.331207 0.331207
6040.535645 0.000000 373.949860 0.000000 0.795680 0.000000 -0.605718 0.311320 0.311320 0.311320
6020.645020 0.000000 383.520111 0.000000 0.829229 0.000000 -0.558909 0.296743 0.296743 0.296743
6028.962891 0.000000 369.026947 0.000000 0.841015 0.000000 -0.541011 0.292345 0.292345 0.292345
6102.797363 0.000000 339.880890 0.000000 0.513808 0.000000 -0.857905 0.207337 0.207337 0.207337
6136.634766 0.000000 374.694855 0.000000 0.617409 0.000000 -0.786642 0.207459 0.207459 0.207459
6126.917969 0.000000 360.220978 0.000000 0.959349 0.000000 -0.282221 0.202286 0.202286 0.202286
6096.913574 0.000000 371.476349 0.000000 0.750796 0.000000 -0.660534 0.205764 0.205764 0.205764
6142.612305 0.000000 390.546539 0.000000 0.982369 0.000000 -0.186953 0.204682 0.204682 0.204682
6086.113770 0.000000 377.864746 0.000000 0.387486 0.000000 -0.921876 0.241532 0.241532 0.241532
6123.534668 0.000000 354.895966 0.000000 0.852631 0.000000 -0.522513 0.218087 0.218087 0.218087
6130.278320 0.000000 369.615173 0.000000 0.322848 0.000000 -0.946451 0.227408 0.227408 0.227408
6120.221680 0.000000 359.349487 0.000000 0.710554 0.000000 -0.703642 0.211869 0.211869 0.211869
6096.764160 0.000000 354.858246 0.000000 0.028597 0.000000 -0.999591 0.219624 0.219624 0.219624
6124.193359 0.000000 359.850800 0.000000 0.897954 0.000000 -0.440089 0.210971 0.210971 0.210971
6142.888184 0.000000 375.531281 0.000000 0.999996 0.000000 -0.002823 0.218523 0.218523 0.218523
6131.409180 0.000000 364.392487 0.000000 0.632824 0.000000 -0.774296 0.242769 0.242769 0.242769
6135.370605 0.000000 372.561676 0.000000 0.721090 0.000000 -0.692842 0.238426 0.238426 0.238426
6080.956543 0.000000 380.026154 0.000000 0.677112 0.000000 -0.735880 0.260196 0.260196 0.260196
6100.387207 0.000000 365.703369 0.000000 0.421458 0.000000 -0.906848 0.239657 0.239657 0.239657
6140.370605 0.000000 384.802887 0.000000 0.334342 0.000000 -0.942452 0.278746 0.278746 0.278746
6081.116211 0.000000 375.405457 0.000000 0.972952 0.000000 -0.231008 0.253082 0.253082 0.253082
6098.112793 0.000000 365.097870 0.000000 0.611235 0.000000 -0.791449 0.279204 0.279204 0.279204
6134.375000 0.000000 370.455963 0.000000 0.923475 0.000000 -0.383659 0.259721 0.259721 0.259721
6096.326660 0.000000 361.573212 0.000000 0.138094 0.000000 -0.990419 0.271042 0.271042 0.271042
6087.299805 0.000000 379.644379 0.000000 0.830798 0.000000 -0.556574 0.264789 0.264789 0.264789
6102.645996 0.000000 369.571991 0.000000 0.164847 0.000000 -0.986319 0.274918 0.274918 0.274918
6141.048828 0.000000 378.171570 0.000000 0.875465 0.000000 -0.483281 0.256896 0.256896 0.256896
6097.982910 0.000000 342.160004 0.000000 0.986024 0.000000 -0.166604 0.285610 0.285610 0.285610
6132.948730 0.000000 365.632324 0.000000 0.824349 0.000000 -0.566083 0.263747 0.263747 0.263747
6140.200684 0.000000 382.978943 0.000000 0.903144 0.000000 -0.429337 0.275475 0.275475 0.275475
6095.104492 0.000000 343.758362 0.000000 0.737671 0.000000 -0.675160 0.263846 0.263846 0.263846
6084.253418 0.000000 378.272156 0.000000 0.981585 0.000000 -0.191025 0.275702 0.275702 0.275702
6093.791016 0.000000 338.958923 0.000000 0.457846 0.000000 -0.889032 0.411973 0.411973 0.411973
6141.135254 0.000000 381.632904 0.000000 0.194080 0.000000 -0.980986 0.314200 0.314200 0.314200
6099.355469 0.000000 338.939972 0.000000 0.662551 0.000000 -0.749017 0.339062 0.339062 0.339062
6096.341797 0.000000 339.564423 0.000000 0.234126 0.000000 -0.972206 0.459792 0.459792 0.459792
6025.437988 0.000000 396.208313 0.000000 0.855596 0.000000 -0.517644 0.204415 0.204415 0.204415
6021.348633 0.000000 403.832397 0.000000 0.340575 0.000000 -0.940217 0.209925 0.209925 0.209925
6016.522461 0.000000 411.092682 0.000000 0.999767 0.000000 -0.021605 0.203017 0.203017 0.203017
6068.612793 0.000000 411.102600 0.000000 0.890660 0.000000 -0.454670 0.204360 0.204360 0.204360
6066.335449 0.000000 416.283661 0.000000 0.040160 0.000000 -0.999193 0.219506 0.219506 0.219506
6020.015137 0.000000 401.477692 0.000000 0.032638 0.000000 -0.999467 0.229452 0.229452 0.229452
6018.873047 0.000000 421.680847 0.000000 0.878325 0.000000 -0.478065 0.216280 0.216280 0.216280
6076.546387 0.000000 423.330353 0.000000 0.829053 0.000000 -0.559170 0.239702 0.239702 0.239702
6068.127930 0.000000 413.273071 0.000000 0.854107 0.000000 -0.520097 0.242728 0.242728 0.242728
6073.789062 0.000000 414.752411 0.000000 0.789132 0.000000 -0.614223 0.315580 0.315580 0.315580
6070.093750 0.000000 419.658020 0.000000 0.490062 0.000000 -0.871688 0.318872 0.318872 0.318872
6079.487793 0.000000 411.718781 0.000000 0.153223 0.000000 -0.988192 0.298740 0.298740 0.298740
6073.095215 0.000000 419.170258 0.000000 0.652423 0.000000 -0.757855 0.310545 0.310545 0.310545
6077.121582 0.000000 411.615631 0.000000 0.917877 0.000000 -0.396866 0.294376 0.294376 0.294376
6099.921875 0.000000 419.716034 0.000000 0.981688 0.000000 -0.190497 0.201292 0.201292 0.201292
6137.426758 0.000000 412.789581 0.000000 0.989340 0.000000 -0.145623 0.201076 0.201076 0.201076
6117.443359 0.000000 415.192596 0.000000 0.446979 0.000000 -0.894545 0.208847 0.208847 0.208847
6111.949707 0.000000 429.646637 0.000000 0.966349 0.000000 -0.257235 0.202046 0.202046 0.202046
6102.003418 0.000000 409.093048 0.000000 0.950261 0.000000 -0.311454 0.203005 0.203005 0.203005
6121.764648 0.000000 423.714844 0.000000 0.694027 0.000000 -0.719949 0.207424 0.207424 0.207424
6103.828125 0.000000 419.567413 0.000000 0.571474 0.000000 -0.820620 0.208290 0.208290 0.208290
6128.446289 0.000000 406.221436 0.000000 0.729416 0.000000 -0.684070 0.206771 0.206771 0.206771
6084.061523 0.000000 411.600220 0.000000 0.987490 0.000000 -0.157685 0.201463 0.201463 0.201463
6132.612793 0.000000 411.102600 0.000000 0.665460 0.000000 -0.746433 0.226596 0.226596 0.226596
6080.205078 0.000000 417.809296 0.000000 0.376383 0.000000 -0.926464 0.230800 0.230800 0.230800
6123.534668 0.000000 411.380341 0.000000 0.663322 0.000000 -0.748334 0.217642 0.217642 0.217642
6106.616211 0.000000 419.473053 0.000000 0.053854 0.000000 -0.998549 0.253539 0.253539 0.253539
6107.921387 0.000000 411.346344 0.000000 0.898752 0.000000 -0.438457 0.214569 0.214569 0.214569
6082.523438 0.000000 409.805481 0.000000 0.997655 0.000000 -0.068438 0.239788 0.239788 0.239788
6104.281738 0.000000 417.405823 0.000000 0.723656 0.000000 -0.690161 0.264233 0.264233 0.264233
6103.342285 0.000000 410.901367 0.000000 0.338219 0.000000 -0.941067 0.256129 0.256129 0.256129
6117.382812 0.000000 422.972656 0.000000 0.967783 0.000000 -0.251786 0.236978 0.236978 0.236978
6108.897949 0.000000 417.029541 0.000000 0.980628 0.000000 -0.195877 0.255916 0.255916 0.255916
6139.325195 0.000000 407.505920 0.000000 0.837894 0.000000 -0.545833 0.255724 0.255724 0.255724
6115.914551 0.000000 424.149750 0.000000 0.954991 0.000000 -0.296636 0.291519 0.291519 0.291519
6113.556152 0.000000 422.064941 0.000000 0.462563 0.000000 -0.886586 0.296971 0.296971 0.296971
6111.589355 0.000000 425.435669 0.000000 0.917808 0.000000 -0.397025 0.263664 0.263664 0.263664
6123.594727 0.000000 417.790375 0.000000 0.332517 0.000000 -0.943097 0.381120 0.381120 0.381120
6123.041992 0.000000 415.469452 0.000000 0.687118 0.000000 -0.726546 0.336557 0.336557 0.336557
5693.733887 0.000000 486.085236 0.000000 0.769688 0.000000 -0.638420 0.204581 0.204581 0.204581
5741.901367 0.000000 452.829437 0.000000 0.875968 0.000000 -0.482370 0.203581 0.203581 0.203581
5748.885254 0.000000 503.626099 0.000000 0.810380 0.000000 -0.585904 0.204376 0.204376 0.204376
5713.893555 0.000000 465.189758 0.000000 0.733092 0.000000 -0.680129 0.206349 0.206349 0.206349
5699.856934 0.000000 501.946960 0.000000 0.422525 0.000000 -0.906351 0.212820 0.212820 0.212820
5754.308594 0.000000 496.474548 0.000000 0.905504 0.000000 -0.424337 0.203884 0.203884 0.203884
5737.896973 0.000000 451.903351 0.000000 0.543852 0.000000 -0.839181 0.216669 0.216669 0.216669
5748.392090 0.000000 500.261719 0.000000 0.740954 0.000000 -0.671556 0.210164 0.210164 0.210164
5732.314453 0.000000 505.270905 0.000000 0.939600 0.000000 -0.342276 0.218158 0.218158 0.218158
5749.008789 0.000000 496.096863 0.000000 0.096523 0.000000 -0.995331 0.230121 0.230121 0.230121
5721.164062 0.000000 507.734436 0.000000 0.972065 0.000000 -0.234712 0.217989 0.217989 0.217989
5755.206543 0.000000 481.855743 0.000000 0.250847 0.000000 -0.968027 0.226911 0.226911 0.226911
5734.885742 0.000000 496.036713 0.000000 0.745242 0.000000 -0.666794 0.218897 0.218897 0.218897
5754.085938 0.000000 499.033600 0.000000 0.803586 0.000000 -0.595189 0.245405 0.245405 0.245405
5734.352539 0.000000 501.063507 0.000000 0.980942 0.000000 -0.194301 0.217489 0.217489 0.217489
5711.784668 0.000000 493.697662 0.000000 0.740198 0.000000 -0.672389 0.239302 0.239302 0.239302
5715.281738 0.000000 507.529449 0.000000 0.232409 0.000000 -0.972618 0.257906 0.257906 0.257906
5715.258789 0.000000 490.768524 0.000000 0.342222 0.000000 -0.939619 0.287138 0.287138 0.287138
5757.061035 0.000000 452.431335 0.000000 0.948818 0.000000 -0.315822 0.282382 0.282382 0.282382
5718.294922 0.000000 459.348083 0.000000 0.600495 0.000000 -0.799628 0.243375 0.243375 0.243375
5750.447266 0.000000 501.084473 0.000000 0.102342 0.000000 -0.994749 0.264386 0.264386 0.264386
5736.272949 0.000000 502.090637 0.000000 0.973210 0.000000 -0.229918 0.263658 0.263658 0.263658
5736.552734 0.000000 504.726135 0.000000 0.407924 0.000000 -0.913016 0.298410 0.298410 0.298410
5722.413574 0.000000 460.146515 0.000000 0.876799 0.000000 -0.480858 0.243250 0.243250 0.243250
5706.587402 0.000000 465.155334 0.000000 0.473296 0.000000 -0.880904 0.272959 0.272959 0.272959
5702.066895 0.000000 485.010498 0.000000 0.049792 0.000000 -0.998760 0.349183 0.349183 0.349183
5738.572266 0.000000 501.453888 0.000000 0.979496 0.000000 -0.201464 0.270085 0.270085 0.270085
5700.483398 0.000000 486.304871 0.000000 0.760185 0.000000 -0.649707 0.273561 0.273561 0.273561
5711.572266 0.000000 483.474884 0.000000 0.022959 0.000000 -0.999736 0.318612 0.318612 0.318612
5713.954102 0.000000 489.899200 0.000000 0.700011 0.000000 -0.714132 0.373371 0.373371 0.373371
5711.107910 0.000000 487.069946 0.000000 0.999611 0.000000 -0.027889 0.354250 0.354250 0.354250
5714.458496 0.000000 486.971008 0.000000 0.752698 0.000000 -0.658366 0.348252 0.348252 0.348252
5713.551270 0.000000 485.816986 0.000000 0.630801 0.000000 -0.775944 0.387390 0.387390 0.387390
5703.860840 0.000000 485.215210 0.000000 0.673468 0.000000 -0.739217 0.327535 0.327535 0.327535
5712.015625 0.000000 485.659332 0.000000 0.505450 0.000000 -0.862856 0.394275 0.394275 0.394275
5708.118652 0.000000 483.207764 0.000000 0.305943 0.000000 -0.952050 0.334975 0.334975 0.334975
5740.112305 0.000000 505.929504 0.000000 0.998003 0.000000 -0.063167 0.304526 0.304526 0.304526
5702.769043 0.000000 487.882294 0.000000 0.971740 0.000000 -0.236052 0.308887 0.308887 0.308887
5741.468262 0.000000 505.384705 0.000000 0.433302 0.000000 -0.901249 0.338132 0.338132 0.338132
5709.583496 0.000000 484.643921 0.000000 0.794977 0.000000 -0.606640 0.408173 0.408173 0.408173
5709.373047 0.000000 487.143860 0.000000 0.091725 0.000000 -0.995784 0.412372 0.412372 0.412372
5715.856934 0.000000 489.614960 0.000000 0.520432 0.000000 -0.853903 0.353747 0.353747 0.353747
5711.086426 0.000000 489.410278 0.000000 0.884089 0.000000 -0.467319 0.356333 0.356333 0.356333
5704.816895 0.000000 489.965485 0.000000 0.926368 0.000000 -0.376619 0.362231 0.362231 0.362231
5705.007812 0.000000 488.584167 0.000000 0.999999 0.000000 -0.001361 0.345158 0.345158 0.345158
5753.915527 0.000000 519.074158 0.000000 0.320281 0.000000 -0.947322 0.209012 0.209012 0.209012
5713.626465 0.000000 513.568848 0.000000 0.673064 0.000000 -0.739584 0.206754 0.206754 0.206754
5729.860352 0.000000 517.100525 0.000000 0.548046 0.000000 -0.836448 0.210110 0.210110 0.210110
5718.909180 0.000000 519.359192 0.000000 0.995184 0.000000 -0.098027 0.223154 0.223154 0.223154
5715.958008 0.000000 515.071960 0.000000 0.675387 0.000000 -0.737464 0.223864 0.223864 0.223864
5755.743652 0.000000 559.086914 0.000000 0.933312 0.000000 -0.359066 0.251959 0.251959 0.251959
5759.211914 0.000000 519.191162 0.000000 0.940332 0.000000 -0.340259 0.286662 0.286662 0.286662
5741.664062 0.000000 515.354980 0.000000 0.999950 0.000000 -0.009978 0.248925 0.248925 0.248925
5719.051758 0.000000 511.407166 0.000000 0.177159 0.000000 -0.984182 0.286376 0.286376 0.286376
5717.078125 0.000000 510.487030 0.000000 0.966338 0.000000 -0.257278 0.294009 0.294009 0.294009
5735.709473 0.000000 508.361633 0.000000 0.900358 0.000000 -0.435150 0.249769 0.249769 0.249769
5754.541992 0.000000 557.530396 0.000000 0.879746 0.000000 -0.475444 0.270394 0.270394 0.270394
5755.325195 0.000000 520.474670 0.000000 0.995759 0.000000 -0.091997 0.251598 0.251598 0.251598
5742.857422 0.000000 513.863220 0.000000 0.731486 0.000000 -0.681857 0.300855 0.300855 0.300855
5757.495117 0.000000 527.519592 0.000000 0.766949 0.000000 -0.641708 0.266875 0.266875 0.266875
5739.779785 0.000000 513.340820 0.000000 0.652056 0.000000 -0.758171 0.292887 0.292887 0.292887
5718.760742 0.000000 517.563782 0.000000 0.546790 0.000000 -0.837270 0.290508 0.290508 0.290508
5740.377930 0.000000 508.855621 0.000000 0.881996 0.000000 -0.471256 0.309208 0.309208 0.309208
5757.121582 0.000000 524.584351 0.000000 0.620510 0.000000 -0.784198 0.324147 0.324147 0.324147
5757.369629 0.000000 555.655151 0.000000 0.849215 0.000000 -0.528048 0.303452 0.303452 0.303452
5758.787598 0.000000 527.043396 0.000000 0.745658 0.000000 -0.666329 0.324311 0.324311 0.324311
5758.576172 0.000000 520.622864 0.000000 0.959687 0.000000 -0.281070 0.367535 0.367535 0.367535
5759.449219 0.000000 525.917236 0.000000 0.225055 0.000000 -0.974346 0.411151 0.411151 0.411151
5758.685059 0.000000 522.017395 0.000000 0.978669 0.000000 -0.205442 0.368638 0.368638 0.368638
5805.233887 0.000000 477.772278 0.000000 0.311377 0.000000 -0.950287 0.209080 0.209080 0.209080
5778.409180 0.000000 480.284515 0.000000 0.323808 0.000000 -0.946123 0.209915 0.209915 0.209915
5796.176270 0.000000 495.894592 0.000000 0.985014 0.000000 -0.172475 0.213758 0.213758 0.213758
5784.763672 0.000000 482.606171 0.000000 0.685651 0.000000 -0.727930 0.219862 0.219862 0.219862
5790.662598 0.000000 498.065430 0.000000 0.027055 0.000000 -0.999634 0.245249 0.245249 0.245249
5773.152832 0.000000 497.106049 0.000000 0.482048 0.000000 -0.876145 0.224043 0.224043 0.224043
5781.228027 0.000000 489.780151 0.000000 0.617811 0.000000 -0.786326 0.216999 0.216999 0.216999
5798.885742 0.000000 496.036713 0.000000 0.692949 0.000000 -0.720986 0.214659 0.214659 0.214659
5781.175293 0.000000 487.093048 0.000000 0.940277 0.000000 -0.340410 0.215759 0.215759 0.215759
5805.602051 0.000000 491.799988 0.000000 0.262286 0.000000 -0.964990 0.224034 0.224034 0.224034
5805.452148 0.000000 480.444824 0.000000 0.641903 0.000000 -0.766786 0.251785 0.251785 0.251785
5798.352539 0.000000 501.063507 0.000000 0.788489 0.000000 -0.615049 0.223131 0.223131 0.223131
5779.150879 0.000000 485.636536 0.000000 0.809713 0.000000 -0.586826 0.218976 0.218976 0.218976
5794.794434 0.000000 490.134460 0.000000 0.805584 0.000000 -0.592481 0.251670 0.251670 0.251670
5797.505371 0.000000 507.562683 0.000000 0.972516 0.000000 -0.232838 0.256649 0.256649 0.256649
5793.615234 0.000000 505.970734 0.000000 0.999907 0.000000 -0.013615 0.225400 0.225400 0.225400
5761.116211 0.000000 488.374207 0.000000 0.725639 0.000000 -0.688075 0.253789 0.253789 0.253789
5761.729980 0.000000 484.467285 0.000000 0.788910 0.000000 -0.614508 0.248327 0.248327 0.248327
5805.660156 0.000000 483.825317 0.000000 0.967141 0.000000 -0.254241 0.284380 0.284380 0.284380
5766.066895 0.000000 485.010498 0.000000 0.185219 0.000000 -0.982697 0.305442 0.305442 0.305442
5795.914551 0.000000 480.634125 0.000000 0.902232 0.000000 -0.431252 0.276759 0.276759 0.276759
5796.653320 0.000000 490.139862 0.000000 0.438578 0.000000 -0.898693 0.296190 0.296190 0.296190
5802.288086 0.000000 482.557281 0.000000 0.511629 0.000000 -0.859207 0.348304 0.348304 0.348304
5790.604492 0.000000 485.155151 0.000000 0.806351 0.000000 -0.591438 0.277137 0.277137 0.277137
5805.740723 0.000000 482.084167 0.000000 0.502110 0.000000 -0.864804 0.304325 0.304325 0.304325
5763.459473 0.000000 488.391235 0.000000 0.390557 0.000000 -0.920579 0.300292 0.300292 0.300292
5800.332520 0.000000 490.077972 0.000000 0.984011 0.000000 -0.178110 0.318789 0.318789 0.318789
5793.198730 0.000000 486.726074 0.000000 0.600840 0.000000 -0.799369 0.334713 0.334713 0.334713
5805.534668 0.000000 486.896515 0.000000 0.347202 0.000000 -0.937791 0.395950 0.395950 0.395950
5802.089355 0.000000 485.488281 0.000000 0.839164 0.000000 -0.543879 0.412141 0.412141 0.412141
5803.793457 0.000000 486.531311 0.000000 0.850159 0.000000 -0.526527 0.439316 0.439316 0.439316
5800.307617 0.000000 483.467468 0.000000 0.237275 0.000000 -0.971443 0.391433 0.391433 0.391433
5794.075684 0.000000 483.136322 0.000000 0.377341 0.000000 -0.926074 0.417864 0.417864 0.417864
5796.230469 0.000000 483.638000 0.000000 0.990646 0.000000 -0.136460 0.409774 0.409774 0.409774
5799.327637 0.000000 485.719910 0.000000 0.796700 0.000000 -0.604375 0.449578 0.449578 0.449578
5798.974609 0.000000 487.963806 0.000000 0.997362 0.000000 -0.072581 0.405459 0.405459 0.405459
5803.296875 0.000000 487.496307 0.000000 0.017056 0.000000 -0.999855 0.510163 0.510163 0.510163
5802.814453 0.000000 489.728455 0.000000 0.985735 0.000000 -0.168305 0.396469 0.396469 0.396469
5797.083496 0.000000 487.904449 0.000000 0.199137 0.000000 -0.979972 0.477030 0.477030 0.477030
5796.104492 0.000000 487.119720 0.000000 0.557379 0.000000 -0.830258 0.453148 0.453148 0.453148
5802.238770 0.000000 487.844574 0.000000 0.761889 0.000000 -0.647708 0.449956 0.449956 0.449956
5798.983398 0.000000 484.738922 0.000000 0.819111 0.000000 -0.573635 0.446672 0.446672 0.446672
5765.348633 0.000000 516.801147 0.000000 0.612117 0.000000 -0.790767 0.208083 0.208083 0.208083
5817.786621 0.000000 512.884216 0.000000 0.172053 0.000000 -0.985088 0.220912 0.220912 0.220912
5821.449707 0.000000 517.845520 0.000000 0.875212 0.000000 -0.483739 0.211490 0.211490 0.211490
5818.107422 0.000000 563.559753 0.000000 0.593598 0.000000 -0.804761 0.219920 0.219920 0.219920
5766.202148 0.000000 519.872192 0.000000 0.881769 0.000000 -0.471681 0.223498 0.223498 0.223498
5817.029297 0.000000 514.796143 0.000000 0.901535 0.000000 -0.432706 0.255849 0.255849 0.255849
5812.201660 0.000000 515.307373 0.000000 0.150773 0.000000 -0.988568 0.266460 0.266460 0.266460
5761.541504 0.000000 529.523438 0.000000 0.168663 0.000000 -0.985674 0.296900 0.296900 0.296900
5768.607910 0.000000 522.194824 0.000000 0.883330 0.000000 -0.468751 0.255356 0.255356 0.255356
5760.951172 0.000000 522.594543 0.000000 0.305297 0.000000 -0.952257 0.436073 0.436073 0.436073
5763.585449 0.000000 527.952698 0.000000 0.835293 0.000000 -0.549805 0.431588 0.431588 0.431588
5762.422363 0.000000 521.425659 0.000000 0.775927 0.000000 -0.630823 0.379487 0.379487 0.379487
5764.728516 0.000000 528.605652 0.000000 0.359215 0.000000 -0.933255 0.378445 0.378445 0.378445
5760.082520 0.000000 520.139709 0.000000 0.237605 0.000000 -0.971362 0.436499 0.436499 0.436499
5761.854492 0.000000 523.802795 0.000000 0.991746 0.000000 -0.128218 0.376513 0.376513 0.376513
5760.006348 0.000000 525.122986 0.000000 0.858297 0.000000 -0.513153 0.415463 0.415463 0.415463
5765.485352 0.000000 527.783875 0.000000 0.701933 0.000000 -0.712243 0.452839 0.452839 0.452839
5763.206055 0.000000 525.417725 0.000000 0.999589 0.000000 -0.028654 0.383706 0.383706 0.383706
5759.419434 0.000000 586.715820 0.000000 0.006018 0.000000 -0.999982 0.210938 0.210938 0.210938
5718.596680 0.000000 585.374878 0.000000 0.654369 0.000000 -0.756176 0.207278 0.207278 0.207278
5744.887695 0.000000 589.719238 0.000000 0.618254 0.000000 -0.785978 0.208353 0.208353 0.208353
5748.612793 0.000000 580.555725 0.000000 0.812563 0.000000 -0.582873 0.205826 0.205826 0.205826
5755.669434 0.000000 584.548645 0.000000 0.684530 0.000000 -0.728984 0.221157 0.221157 0.221157
5708.396484 0.000000 577.351501 0.000000 0.328509 0.000000 -0.944501 0.221909 0.221909 0.221909
5712.764160 0.000000 580.795715 0.000000 0.919807 0.000000 -0.392372 0.221199 0.221199 0.221199
5711.212891 0.000000 577.297058 0.000000 0.257813 0.000000 -0.966195 0.239263 0.239263 0.239263
5738.452148 0.000000 599.777893 0.000000 0.990381 0.000000 -0.138370 0.213361 0.213361 0.213361
5751.542480 0.000000 587.973511 0.000000 0.746360 0.000000 -0.665543 0.221400 0.221400 0.221400
5743.560547 0.000000 607.607422 0.000000 0.217894 0.000000 -0.975973 0.228683 0.228683 0.228683
5711.571289 0.000000 571.456238 0.000000 0.519699 0.000000 -0.854349 0.248846 0.248846 0.248846
5739.827148 0.000000 603.030518 0.000000 0.485682 0.000000 -0.874136 0.254881 0.254881 0.254881
5744.749512 0.000000 587.451355 0.000000 0.970803 0.000000 -0.239880 0.241486 0.241486 0.241486
5730.304199 0.000000 580.943604 0.000000 0.999925 0.000000 -0.012243 0.243351 0.243351 0.243351
5748.127930 0.000000 582.726196 0.000000 0.614717 0.000000 -0.788748 0.247065 0.247065 0.247065
5736.507812 0.000000 589.266113 0.000000 0.204246 0.000000 -0.978920 0.252682 0.252682 0.252682
5740.434570 0.000000 576.622437 0.000000 0.879705 0.000000 -0.475521 0.251785 0.251785 0.251785
5745.878906 0.000000 577.187622 0.000000 0.954893 0.000000 -0.296951 0.247209 0.247209 0.247209
5736.686523 0.000000 583.496826 0.000000 0.486199 0.000000 -0.873848 0.355167 0.355167 0.355167
5741.502441 0.000000 587.204529 0.000000 0.702419 0.000000 -0.711764 0.287251 0.287251 0.287251
5741.746094 0.000000 584.979736 0.000000 0.873755 0.000000 -0.486366 0.302105 0.302105 0.302105
5735.006836 0.000000 584.247498 0.000000 0.910447 0.000000 -0.413626 0.287431 0.287431 0.287431
5748.969238 0.000000 625.685974 0.000000 0.985785 0.000000 -0.168014 0.222938 0.222938 0.222938
5753.029297 0.000000 627.764893 0.000000 0.868459 0.000000 -0.495761 0.307490 0.307490 0.307490
5755.533691 0.000000 626.902954 0.000000 0.532627 0.000000 -0.846350 0.321722 0.321722 0.321722
5752.123047 0.000000 624.671692 0.000000 0.043912 0.000000 -0.999035 0.292148 0.292148 0.292148
5805.901367 0.000000 565.798157 0.000000 0.994148 0.000000 -0.108023 0.200757 0.200757 0.200757
5798.270996 0.000000 566.250671 0.000000 0.853342 0.000000 -0.521352 0.203902 0.203902 0.203902
5804.877441 0.000000 598.630737 0.000000 0.114321 0.000000 -0.993444 0.217363 0.217363 0.217363
5805.457031 0.000000 569.057312 0.000000 0.414649 0.000000 -0.909981 0.210418 0.210418 0.210418
5798.643555 0.000000 616.545837 0.000000 0.814362 0.000000 -0.580358 0.208992 0.208992 0.208992
5801.246582 0.000000 613.155518 0.000000 0.986091 0.000000 -0.166209 0.212532 0.212532 0.212532
5803.550781 0.000000 571.643555 0.000000 0.096438 0.000000 -0.995339 0.228716 0.228716 0.228716
5802.549316 0.000000 575.955139 0.000000 0.000975 0.000000 -1.000000 0.225555 0.225555 0.225555
5802.452148 0.000000 599.777893 0.000000 0.746858 0.000000 -0.664984 0.220130 0.220130 0.220130
5823.450684 0.000000 572.773071 0.000000 0.938931 0.000000 -0.344106 0.216993 0.216993 0.216993
5817.683105 0.000000 566.999512 0.000000 0.576845 0.000000 -0.816854 0.231924 0.231924 0.231924
5800.632324 0.000000 604.478882 0.000000 0.683695 0.000000 -0.729768 0.273219 0.273219 0.273219
5797.990723 0.000000 601.481079 0.000000 0.990483 0.000000 -0.137635 0.251312 0.251312 0.251312
5801.028320 0.000000 591.550598 0.000000 0.168778 0.000000 -0.985654 0.279219 0.279219 0.279219
5818.833496 0.000000 568.109253 0.000000 0.286507 0.000000 -0.958078 0.313237 0.313237 0.313237
5821.973633 0.000000 568.818909 0.000000 0.993089 0.000000 -0.117361 0.277392 0.277392 0.277392
5797.460449 0.000000 596.179016 0.000000 0.460304 0.000000 -0.887761 0.294210 0.294210 0.294210
5820.241699 0.000000 575.586182 0.000000 0.687509 0.000000 -0.726176 0.287732 0.287732 0.287732
5819.157715 0.000000 566.595520 0.000000 0.774308 0.000000 -0.632809 0.293912 0.293912 0.293912
5799.991211 0.000000 597.735352 0.000000 0.932381 0.000000 -0.361476 0.310554 0.310554 0.310554
5824.110840 0.000000 575.208252 0.000000 0.387908 0.000000 -0.921698 0.213192 0.213192 0.213192
5764.206055 0.000000 623.583069 0.000000 0.565288 0.000000 -0.824894 0.249343 0.249343 0.249343
5760.013672 0.000000 625.850891 0.000000 0.495099 0.000000 -0.868836 0.298900 0.298900 0.298900
5774.121582 0.000000 623.346619 0.000000 0.757810 0.000000 -0.652476 0.251691 0.251691 0.251691
5764.025391 0.000000 625.553467 0.000000 0.984003 0.000000 -0.178153 0.288258 0.288258 0.288258
5969.893555 0.000000 465.189758 0.000000 0.772511 0.000000 -0.635001 0.205496 0.205496 0.205496
5969.653320 0.000000 460.344421 0.000000 0.579445 0.000000 -0.815011 0.212328 0.212328 0.212328
5972.109863 0.000000 463.564667 0.000000 0.961845 0.000000 -0.273595 0.213778 0.213778 0.213778
5969.982910 0.000000 455.128754 0.000000 0.286361 0.000000 -0.958122 0.269743 0.269743 0.269743
4452.675781 0.000000 1106.045166 0.000000 0.824146 0.000000 -0.566377 0.205712 0.205712 0.205712
4471.033203 0.000000 1111.651001 0.000000 0.183807 0.000000 -0.982962 0.220786 0.220786 0.220786
4471.542480 0.000000 1096.332886 0.000000 0.914555 0.000000 -0.404462 0.240686 0.240686 0.240686
4463.560547 0.000000 1115.966797 0.000000 0.677977 0.000000 -0.735083 0.241885 0.241885 0.241885
4462.630859 0.000000 1096.979736 0.000000 0.435305 0.000000 -0.900283 0.254435 0.254435 0.254435
4460.304199 0.000000 1096.902466 0.000000 0.995715 0.000000 -0.092471 0.258466 0.258466 0.258466
4461.660156 0.000000 1105.153442 0.000000 0.585240 0.000000 -0.810860 0.251623 0.251623 0.251623
4463.143066 0.000000 1098.880615 0.000000 0.912204 0.000000 -0.409737 0.265169 0.265169 0.265169
4466.737793 0.000000 1106.700806 0.000000 0.609419 0.000000 -0.792849 0.275202 0.275202 0.275202
4463.125977 0.000000 1112.120239 0.000000 0.541133 0.000000 -0.840937 0.281014 0.281014 0.281014
4461.502441 0.000000 1095.563965 0.000000 0.659416 0.000000 -0.751778 0.264589 0.264589 0.264589
4463.049805 0.000000 1102.413086 0.000000 0.793597 0.000000 -0.608444 0.294433 0.294433 0.294433
4458.445312 0.000000 1112.058960 0.000000 0.769590 0.000000 -0.638539 0.333843 0.333843 0.333843
4459.855957 0.000000 1112.777344 0.000000 0.971280 0.000000 -0.237941 0.318508 0.318508 0.318508
4507.221680 0.000000 1119.231689 0.000000 0.410181 0.000000 -0.912004 0.207883 0.207883 0.207883
4521.764648 0.000000 1101.527344 0.000000 0.972658 0.000000 -0.232241 0.205145 0.205145 0.205145
4524.877441 0.000000 1106.990112 0.000000 0.986717 0.000000 -0.162449 0.201405 0.201405 0.201405
4539.669434 0.000000 1092.907959 0.000000 0.117870 0.000000 -0.993029 0.231274 0.231274 0.231274
4521.246582 0.000000 1121.514893 0.000000 0.625249 0.000000 -0.780425 0.223354 0.223354 0.223354
4533.610352 0.000000 1108.695923 0.000000 0.638209 0.000000 -0.769863 0.233528 0.233528 0.233528
4540.718750 0.000000 1114.434570 0.000000 0.768889 0.000000 -0.639383 0.227285 0.227285 0.227285
4539.206543 0.000000 1103.183838 0.000000 0.723468 0.000000 -0.690358 0.230701 0.230701 0.230701
4496.434082 0.000000 1103.264282 0.000000 0.386314 0.000000 -0.922367 0.255299 0.255299 0.255299
4500.387207 0.000000 1100.000244 0.000000 0.778337 0.000000 -0.627847 0.251153 0.251153 0.251153
4500.471191 0.000000 1095.028687 0.000000 0.367080 0.000000 -0.930190 0.251477 0.251477 0.251477
4493.917480 0.000000 1104.649292 0.000000 0.733051 0.000000 -0.680173 0.251023 0.251023 0.251023
4524.304199 0.000000 1096.902466 0.000000 0.347731 0.000000 -0.937594 0.284156 0.284156 0.284156
4517.593262 0.000000 1115.413818 0.000000 0.607601 0.000000 -0.794242 0.273900 0.273900 0.273900
4534.375000 0.000000 1104.752808 0.000000 0.885437 0.000000 -0.464759 0.262694 0.262694 0.262694
4520.632324 0.000000 1112.838257 0.000000 0.931891 0.000000 -0.362739 0.245998 0.245998 0.245998
4522.151367 0.000000 1115.714722 0.000000 0.840145 0.000000 -0.542363 0.270769 0.270769 0.270769
4499.258789 0.000000 1112.096680 0.000000 0.248706 0.000000 -0.968579 0.266163 0.266163 0.266163
4489.114258 0.000000 1103.316895 0.000000 0.739089 0.000000 -0.673607 0.274225 0.274225 0.274225
4501.939941 0.000000 1098.536499 0.000000 0.825879 0.000000 -0.563847 0.277674 0.277674 0.277674
4537.361328 0.000000 1085.992432 0.000000 0.925664 0.000000 -0.378347 0.257182 0.257182 0.257182
4516.267090 0.000000 1098.093872 0.000000 0.289921 0.000000 -0.957050 0.266834 0.266834 0.266834
4502.347168 0.000000 1095.846802 0.000000 0.879905 0.000000 -0.475150 0.245610 0.245610 0.245610
4516.845703 0.000000 1119.182983 0.000000 0.336157 0.000000 -0.941806 0.270203 0.270203 0.270203
4493.989746 0.000000 1100.117554 0.000000 0.530729 0.000000 -0.847541 0.273041 0.273041 0.273041
4535.775879 0.000000 1100.928101 0.000000 0.953165 0.000000 -0.302451 0.258047 0.258047 0.258047
4537.789062 0.000000 1092.564941 0.000000 0.826194 0.000000 -0.563385 0.280213 0.280213 0.280213
4532.948730 0.000000 1099.929199 0.000000 0.627148 0.000000 -0.778900 0.326669 0.326669 0.326669
4530.737793 0.000000 1106.700806 0.000000 0.684550 0.000000 -0.728966 0.277172 0.277172 0.277172
4522.718262 0.000000 1119.702148 0.000000 0.185462 0.000000 -0.982651 0.284736 0.284736 0.284736
4515.805176 0.000000 1092.117432 0.000000 0.788669 0.000000 -0.614818 0.302471 0.302471 0.302471
4513.556152 0.000000 1099.877441 0.000000 0.699665 0.000000 -0.714471 0.271451 0.271451 0.271451
4538.464844 0.000000 1109.490479 0.000000 0.830563 0.000000 -0.556925 0.338246 0.338246 0.338246
4520.504883 0.000000 1116.596802 0.000000 0.981348 0.000000 -0.192242 0.271045 0.271045 0.271045
4509.381836 0.000000 1103.798340 0.000000 0.296708 0.000000 -0.954968 0.335268 0.335268 0.335268
4520.804199 0.000000 1107.327393 0.000000 0.375602 0.000000 -0.926781 0.279284 0.279284 0.279284
4520.327148 0.000000 1095.474976 0.000000 0.171666 0.000000 -0.985155 0.301293 0.301293 0.301293
4535.086426 0.000000 1109.819458 0.000000 0.446417 0.000000 -0.894825 0.274936 0.274936 0.274936
4514.170410 0.000000 1101.560425 0.000000 0.008081 0.000000 -0.999967 0.285351 0.285351 0.285351
4539.648926 0.000000 1094.715820 0.000000 0.138044 0.000000 -0.990426 0.321739 0.321739 0.321739
4511.589355 0.000000 1103.248169 0.000000 0.880376 0.000000 -0.474276 0.337350 0.337350 0.337350
4510.632324 0.000000 1100.513306 0.000000 0.946902 0.000000 -0.321523 0.292219 0.292219 0.292219
4510.604492 0.000000 1106.483276 0.000000 0.906894 0.000000 -0.421359 0.276512 0.276512 0.276512
4537.390625 0.000000 1115.610352 0.000000 0.731103 0.000000 -0.682267 0.364563 0.364563 0.364563
4528.528809 0.000000 1094.084106 0.000000 0.992349 0.000000 -0.123465 0.274081 0.274081 0.274081
4543.487793 0.000000 1089.531250 0.000000 0.912520 0.000000 -0.409033 0.309648 0.309648 0.309648
4531.356445 0.000000 1095.378418 0.000000 0.823643 0.000000 -0.567109 0.354541 0.354541 0.354541
4543.537598 0.000000 1103.469482 0.000000 0.903886 0.000000 -0.427774 0.324089 0.324089 0.324089
4519.006836 0.000000 1092.606934 0.000000 0.958884 0.000000 -0.283797 0.280362 0.280362 0.280362
4537.095215 0.000000 1096.982788 0.000000 0.479700 0.000000 -0.877433 0.385088 0.385088 0.385088
4541.523438 0.000000 1086.788574 0.000000 0.125562 0.000000 -0.992086 0.397779 0.397779 0.397779
4500.232910 0.000000 1115.322754 0.000000 0.101191 0.000000 -0.994867 0.315078 0.315078 0.315078
4541.998047 0.000000 1105.829224 0.000000 0.451559 0.000000 -0.892241 0.371430 0.371430 0.371430
4519.139160 0.000000 1096.930786 0.000000 0.980756 0.000000 -0.195237 0.285196 0.285196 0.285196
4536.549805 0.000000 1095.178955 0.000000 0.321137 0.000000 -0.947033 0.340477 0.340477 0.340477
4539.166992 0.000000 1096.895874 0.000000 0.733761 0.000000 -0.679408 0.365782 0.365782 0.365782
4489.808594 0.000000 1095.561401 0.000000 0.515728 0.000000 -0.856753 0.336596 0.336596 0.336596
4501.357910 0.000000 1097.095825 0.000000 0.793039 0.000000 -0.609171 0.306202 0.306202 0.306202
4486.455566 0.000000 1101.108276 0.000000 0.022731 0.000000 -0.999742 0.382315 0.382315 0.382315
4518.613281 0.000000 1094.073853 0.000000 0.478619 0.000000 -0.878023 0.377668 0.377668 0.377668
4506.272949 0.000000 1101.286499 0.000000 0.677447 0.000000 -0.735571 0.369059 0.369059 0.369059
4532.736328 0.000000 1098.054199 0.000000 0.005838 0.000000 -0.999983 0.347373 0.347373 0.347373
4530.837402 0.000000 1114.879395 0.000000 0.904400 0.000000 -0.426687 0.340470 0.340470 0.340470
4543.265137 0.000000 1106.655029 0.000000 0.447818 0.000000 -0.894125 0.440434 0.440434 0.440434
4541.805664 0.000000 1108.849487 0.000000 0.735413 0.000000 -0.677619 0.357429 0.357429 0.357429
4540.529297 0.000000 1106.636597 0.000000 0.623745 0.000000 -0.781628 0.384910 0.384910 0.384910
4543.099609 0.000000 1116.164307 0.000000 0.997936 0.000000 -0.064209 0.390322 0.390322 0.390322
4528.909180 0.000000 1116.250244 0.000000 0.827094 0.000000 -0.562063 0.440681 0.440681 0.440681
4538.259766 0.000000 1099.335327 0.000000 0.233253 0.000000 -0.972416 0.382125 0.382125 0.382125
4527.430664 0.000000 1117.338257 0.000000 0.894643 0.000000 -0.446783 0.432492 0.432492 0.432492
4525.920898 0.000000 1114.527100 0.000000 0.243211 0.000000 -0.969973 0.359911 0.359911 0.359911
4539.031250 0.000000 1118.941895 0.000000 0.550872 0.000000 -0.834590 0.471733 0.471733 0.471733
4542.371094 0.000000 1104.492798 0.000000 0.390148 0.000000 -0.920752 0.468013 0.468013 0.468013
4503.490234 0.000000 1098.650513 0.000000 0.212643 0.000000 -0.977130 0.389301 0.389301 0.389301
4538.127441 0.000000 1097.795532 0.000000 0.987547 0.000000 -0.157326 0.341522 0.341522 0.341522
4530.104492 0.000000 1117.916748 0.000000 0.717528 0.000000 -0.696530 0.415985 0.415985 0.415985
4535.306152 0.000000 1095.026733 0.000000 0.705456 0.000000 -0.708753 0.398389 0.398389 0.398389
4532.335449 0.000000 1087.678711 0.000000 0.790940 0.000000 -0.611894 0.381111 0.381111 0.381111
4515.433105 0.000000 1094.936646 0.000000 0.999915 0.000000 -0.013040 0.349052 0.349052 0.349052
4541.235840 0.000000 1117.984497 0.000000 0.999156 0.000000 -0.041076 0.390101 0.390101 0.390101
4503.490234 0.000000 1096.227539 0.000000 0.749863 0.000000 -0.661593 0.384089 0.384089 0.384089
4528.035645 0.000000 1088.098999 0.000000 0.321396 0.000000 -0.946945 0.406560 0.406560 0.406560
4531.448730 0.000000 1088.476807 0.000000 0.745627 0.000000 -0.666363 0.417982 0.417982 0.417982
4524.969727 0.000000 1117.021973 0.000000 0.140503 0.000000 -0.990080 0.429956 0.429956 0.429956
4542.685059 0.000000 1086.861206 0.000000 0.992231 0.000000 -0.124406 0.409529 0.409529 0.409529
4538.231934 0.000000 1116.606323 0.000000 0.375227 0.000000 -0.926933 0.484397 0.484397 0.484397
4543.301758 0.000000 1117.301270 0.000000 0.814709 0.000000 -0.579870 0.422819 0.422819 0.422819
4535.960938 0.000000 1119.359863 0.000000 0.655379 0.000000 -0.755300 0.426468 0.426468 0.426468
4531.050781 0.000000 1091.466309 0.000000 0.863010 0.000000 -0.505187 0.437946 0.437946 0.437946
4532.712891 0.000000 1090.107788 0.000000 0.241581 0.000000 -0.970381 0.501360 0.501360 0.501360
4534.526367 0.000000 1091.779297 0.000000 0.908803 0.000000 -0.417226 0.422186 0.422186 0.422186
4537.070312 0.000000 1119.921875 0.000000 0.880282 0.000000 -0.474450 0.437765 0.437765 0.437765
4530.565430 0.000000 1090.236816 0.000000 0.073127 0.000000 -0.997323 0.507305 0.507305 0.507305
4539.219238 0.000000 1116.800415 0.000000 0.928336 0.000000 -0.371743 0.427101 0.427101 0.427101
4606.018555 0.000000 1099.098267 0.000000 0.236874 0.000000 -0.971540 0.211968 0.211968 0.211968
4579.373047 0.000000 1100.146484 0.000000 0.791106 0.000000 -0.611679 0.206080 0.206080 0.206080
4584.221680 0.000000 1093.646362 0.000000 0.548537 0.000000 -0.836126 0.220530 0.220530 0.220530
4544.956543 0.000000 1114.322998 0.000000 0.184131 0.000000 -0.982902 0.241673 0.241673 0.241673
4560.687988 0.000000 1108.388306 0.000000 0.580030 0.000000 -0.814595 0.263782 0.263782 0.263782
4548.637695 0.000000 1091.775879 0.000000 0.997736 0.000000 -0.067255 0.219341 0.219341 0.219341
4578.794434 0.000000 1111.462646 0.000000 0.679323 0.000000 -0.733840 0.252279 0.252279 0.252279
4553.640137 0.000000 1106.430176 0.000000 0.984538 0.000000 -0.175172 0.231134 0.231134 0.231134
4587.827148 0.000000 1111.389893 0.000000 0.239015 0.000000 -0.971016 0.254965 0.254965 0.254965
4591.221680 0.000000 1106.501709 0.000000 0.387105 0.000000 -0.922035 0.286109 0.286109 0.286109
4579.886719 0.000000 1103.827637 0.000000 0.209753 0.000000 -0.977754 0.239920 0.239920 0.239920
4584.581055 0.000000 1103.467529 0.000000 0.566873 0.000000 -0.823805 0.262725 0.262725 0.262725
4552.383301 0.000000 1095.066895 0.000000 0.141106 0.000000 -0.989995 0.262286 0.262286 0.262286
4569.637695 0.000000 1109.900513 0.000000 0.695221 0.000000 -0.718796 0.270257 0.270257 0.270257
4551.299805 0.000000 1113.941284 0.000000 0.631373 0.000000 -0.775479 0.275974 0.275974 0.275974
4566.645996 0.000000 1103.868896 0.000000 0.303452 0.000000 -0.952847 0.248334 0.248334 0.248334
4605.048828 0.000000 1112.468506 0.000000 0.898261 0.000000 -0.439463 0.248627 0.248627 0.248627
4557.989746 0.000000 1100.117554 0.000000 0.930342 0.000000 -0.366693 0.299643 0.299643 0.299643
4593.665527 0.000000 1101.965698 0.000000 0.287585 0.000000 -0.957755 0.341584 0.341584 0.341584
4571.568359 0.000000 1106.610474 0.000000 0.288319 0.000000 -0.957534 0.310239 0.310239 0.310239
4556.302734 0.000000 1093.601562 0.000000 0.005255 0.000000 -0.999986 0.333139 0.333139 0.333139
4589.746094 0.000000 1093.339111 0.000000 0.894327 0.000000 -0.447415 0.314712 0.314712 0.314712
4592.528809 0.000000 1094.084106 0.000000 0.985947 0.000000 -0.167058 0.292631 0.292631 0.292631
4589.740723 0.000000 1103.412354 0.000000 0.195042 0.000000 -0.980795 0.388441 0.388441 0.388441
4591.049805 0.000000 1102.413086 0.000000 0.446778 0.000000 -0.894645 0.352331 0.352331 0.352331
4572.480469 0.000000 1111.764038 0.000000 0.898307 0.000000 -0.439368 0.315691 0.315691 0.315691
4605.998047 0.000000 1105.829224 0.000000 0.961049 0.000000 -0.276378 0.325906 0.325906 0.325906
4570.510254 0.000000 1103.996338 0.000000 0.607974 0.000000 -0.793957 0.319057 0.319057 0.319057
4566.663086 0.000000 1108.094360 0.000000 0.611112 0.000000 -0.791544 0.298256 0.298256 0.298256
4573.201660 0.000000 1105.869751 0.000000 0.438533 0.000000 -0.898715 0.348224 0.348224 0.348224
4586.833008 0.000000 1097.435913 0.000000 0.321896 0.000000 -0.946775 0.381571 0.381571 0.381571
4583.139160 0.000000 1096.930786 0.000000 0.674388 0.000000 -0.738377 0.322010 0.322010 0.322010
4556.710449 0.000000 1109.936890 0.000000 0.795404 0.000000 -0.606080 0.357800 0.357800 0.357800
4587.594727 0.000000 1095.602905 0.000000 0.691460 0.000000 -0.722415 0.355709 0.355709 0.355709
4545.717285 0.000000 1117.648315 0.000000 0.253509 0.000000 -0.967333 0.332092 0.332092 0.332092
4601.877930 0.000000 1103.784424 0.000000 0.684565 0.000000 -0.728952 0.317502 0.317502 0.317502
4554.169922 0.000000 1113.776855 0.000000 0.120306 0.000000 -0.992737 0.369034 0.369034 0.369034
4607.265137 0.000000 1106.655029 0.000000 0.651204 0.000000 -0.758902 0.328469 0.328469 0.328469
4604.552246 0.000000 1102.622314 0.000000 0.043414 0.000000 -0.999057 0.362141 0.362141 0.362141
4605.805664 0.000000 1108.849487 0.000000 0.556248 0.000000 -0.831016 0.323724 0.323724 0.323724
4573.245605 0.000000 1109.037964 0.000000 0.050320 0.000000 -0.998733 0.404252 0.404252 0.404252
4599.001953 0.000000 1108.237793 0.000000 0.984924 0.000000 -0.172986 0.323315 0.323315 0.323315
4602.382812 0.000000 1108.079834 0.000000 0.818346 0.000000 -0.574726 0.353581 0.353581 0.353581
4544.049316 0.000000 1103.901367 0.000000 0.495706 0.000000 -0.868491 0.394782 0.394782 0.394782
4545.603027 0.000000 1107.156494 0.000000 0.280574 0.000000 -0.959832 0.463623 0.463623 0.463623
4554.621582 0.000000 1100.419312 0.000000 0.390548 0.000000 -0.920582 0.352995 0.352995 0.352995
4547.718262 0.000000 1101.997070 0.000000 0.937298 0.000000 -0.348529 0.332312 0.332312 0.332312
4606.371094 0.000000 1104.492798 0.000000 0.399122 0.000000 -0.916898 0.372186 0.372186 0.372186
4575.819336 0.000000 1105.938965 0.000000 0.994337 0.000000 -0.106272 0.340557 0.340557 0.340557
4562.267090 0.000000 1105.727295 0.000000 0.802982 0.000000 -0.596004 0.347941 0.347941 0.347941
4545.285645 0.000000 1102.315063 0.000000 0.686240 0.000000 -0.727375 0.384066 0.384066 0.384066
4557.509277 0.000000 1110.979370 0.000000 0.982388 0.000000 -0.186854 0.374865 0.374865 0.374865
4546.696289 0.000000 1102.845703 0.000000 0.675084 0.000000 -0.737741 0.419191 0.419191 0.419191
4552.482910 0.000000 1113.553223 0.000000 0.993572 0.000000 -0.113201 0.343167 0.343167 0.343167
4556.520508 0.000000 1099.837280 0.000000 0.336924 0.000000 -0.941532 0.461752 0.461752 0.461752
4559.370605 0.000000 1095.008057 0.000000 0.606518 0.000000 -0.795070 0.440440 0.440440 0.440440
4544.655273 0.000000 1106.348389 0.000000 0.647784 0.000000 -0.761824 0.438810 0.438810 0.438810
4555.529297 0.000000 1096.355957 0.000000 0.529694 0.000000 -0.848189 0.458258 0.458258 0.458258
4600.056152 0.000000 1107.809326 0.000000 0.762447 0.000000 -0.647051 0.445327 0.445327 0.445327
4558.561523 0.000000 1094.005859 0.000000 0.018852 0.000000 -0.999822 0.477540 0.477540 0.477540
4558.829590 0.000000 1096.083496 0.000000 0.992360 0.000000 -0.123377 0.408183 0.408183 0.408183
4575.106934 0.000000 1101.553711 0.000000 0.826570 0.000000 -0.562833 0.414781 0.414781 0.414781
4544.041016 0.000000 1086.762329 0.000000 0.182302 0.000000 -0.983243 0.489715 0.489715 0.489715
4556.991211 0.000000 1097.740967 0.000000 0.272469 0.000000 -0.962164 0.498918 0.498918 0.498918
4540.880859 0.000000 1209.401611 0.000000 0.978975 0.000000 -0.203978 0.229232 0.229232 0.229232
4540.546387 0.000000 1214.111572 0.000000 0.041262 0.000000 -0.999148 0.245054 0.245054 0.245054
4542.998535 0.000000 1210.153442 0.000000 0.223405 0.000000 -0.974726 0.272364 0.272364 0.272364
4548.861816 0.000000 1214.126465 0.000000 0.443134 0.000000 -0.896456 0.208881 0.208881 0.208881
4553.424316 0.000000 1214.045654 0.000000 0.442064 0.000000 -0.896983 0.210280 0.210280 0.210280
4600.851562 0.000000 1217.784302 0.000000 0.473660 0.000000 -0.880708 0.210086 0.210086 0.210086
4576.344727 0.000000 1224.489502 0.000000 0.955045 0.000000 -0.296460 0.202555 0.202555 0.202555
4590.444824 0.000000 1237.534058 0.000000 0.496761 0.000000 -0.867887 0.214622 0.214622 0.214622
4593.605957 0.000000 1239.025757 0.000000 0.580676 0.000000 -0.814135 0.208906 0.208906 0.208906
4585.246582 0.000000 1234.483643 0.000000 0.290457 0.000000 -0.956888 0.212106 0.212106 0.212106
4597.610352 0.000000 1221.664673 0.000000 0.420405 0.000000 -0.907337 0.242391 0.242391 0.242391
4573.260254 0.000000 1220.441162 0.000000 0.797065 0.000000 -0.603894 0.222961 0.222961 0.222961
4606.888184 0.000000 1222.796875 0.000000 0.114890 0.000000 -0.993378 0.254058 0.254058 0.254058
4565.175293 0.000000 1221.389893 0.000000 0.514543 0.000000 -0.857464 0.219661 0.219661 0.219661
4565.389160 0.000000 1229.397705 0.000000 0.175702 0.000000 -0.984443 0.261707 0.261707 0.261707
4607.545410 0.000000 1218.130981 0.000000 0.663109 0.000000 -0.748523 0.225347 0.225347 0.225347
4604.546387 0.000000 1214.111572 0.000000 0.329679 0.000000 -0.944093 0.261876 0.261876 0.261876
4574.667969 0.000000 1222.553223 0.000000 0.645740 0.000000 -0.763558 0.229506 0.229506 0.229506
4588.263184 0.000000 1236.346924 0.000000 0.288734 0.000000 -0.957409 0.259784 0.259784 0.259784
4604.605469 0.000000 1218.098511 0.000000 0.616299 0.000000 -0.787512 0.272335 0.272335 0.272335
4545.439453 0.000000 1210.551270 0.000000 0.906956 0.000000 -0.421225 0.248283 0.248283 0.248283
4606.808594 0.000000 1214.199341 0.000000 0.714119 0.000000 -0.700024 0.271041 0.271041 0.271041
4575.716309 0.000000 1226.622437 0.000000 0.171682 0.000000 -0.985152 0.256041 0.256041 0.256041
4569.637695 0.000000 1222.869263 0.000000 0.560827 0.000000 -0.827933 0.291499 0.291499 0.291499
4598.447266 0.000000 1235.381348 0.000000 0.997777 0.000000 -0.066640 0.276144 0.276144 0.276144
4584.272949 0.000000 1236.387451 0.000000 0.900510 0.000000 -0.434836 0.258349 0.258349 0.258349
4597.193359 0.000000 1225.506836 0.000000 0.246869 0.000000 -0.969049 0.321766 0.321766 0.321766
4572.530762 0.000000 1227.846802 0.000000 0.342767 0.000000 -0.939421 0.307330 0.307330 0.307330
4598.407227 0.000000 1239.207520 0.000000 0.985346 0.000000 -0.170566 0.290391 0.290391 0.290391
4599.086426 0.000000 1222.788208 0.000000 0.920688 0.000000 -0.390300 0.285563 0.285563 0.285563
4597.498535 0.000000 1223.648071 0.000000 0.711816 0.000000 -0.702366 0.290927 0.290927 0.290927
4601.560059 0.000000 1236.815918 0.000000 0.139009 0.000000 -0.990291 0.324766 0.324766 0.324766
4567.132812 0.000000 1224.120605 0.000000 0.171482 0.000000 -0.985187 0.322351 0.322351 0.322351
4566.173340 0.000000 1225.513428 0.000000 0.132415 0.000000 -0.991194 0.323418 0.323418 0.323418
4600.254883 0.000000 1233.554199 0.000000 0.708399 0.000000 -0.705812 0.320588 0.320588 0.320588
4596.959961 0.000000 1236.230957 0.000000 0.919211 0.000000 -0.393765 0.263593 0.263593 0.263593
4598.766602 0.000000 1230.772461 0.000000 0.181533 0.000000 -0.983385 0.322075 0.322075 0.322075
4602.732422 0.000000 1239.844849 0.000000 0.882354 0.000000 -0.470585 0.319334 0.319334 0.319334
4568.837891 0.000000 1224.283569 0.000000 0.504109 0.000000 -0.863640 0.314156 0.314156 0.314156
4556.962891 0.000000 1216.292603 0.000000 0.160697 0.000000 -0.987004 0.324168 0.324168 0.324168
4561.981934 0.000000 1216.084106 0.000000 0.124358 0.000000 -0.992237 0.325170 0.325170 0.325170
4605.900391 0.000000 1239.239746 0.000000 0.617963 0.000000 -0.786207 0.348079 0.348079 0.348079
4605.135254 0.000000 1228.898560 0.000000 0.426316 0.000000 -0.904574 0.410600 0.410600 0.410600
4566.076660 0.000000 1227.957642 0.000000 0.411784 0.000000 -0.911281 0.316992 0.316992 0.316992
4606.039551 0.000000 1226.632202 0.000000 0.578287 0.000000 -0.815833 0.352697 0.352697 0.352697
4545.273926 0.000000 1213.691650 0.000000 0.807050 0.000000 -0.590483 0.379873 0.379873 0.379873
4604.833984 0.000000 1235.900146 0.000000 0.005489 0.000000 -0.999985 0.334707 0.334707 0.334707
4603.111816 0.000000 1227.294922 0.000000 0.679707 0.000000 -0.733484 0.361917 0.361917 0.361917
4545.285645 0.000000 1215.283813 0.000000 0.477924 0.000000 -0.878401 0.443199 0.443199 0.443199
4604.154785 0.000000 1226.271606 0.000000 0.388356 0.000000 -0.921510 0.390944 0.390944 0.390944
4602.231934 0.000000 1229.575073 0.000000 0.196888 0.000000 -0.980426 0.420603 0.420603 0.420603
4605.061035 0.000000 1243.212524 0.000000 0.584902 0.000000 -0.811104 0.259647 0.259647 0.259647
4598.766602 0.000000 1343.741211 0.000000 0.671688 0.000000 -0.740834 0.278873 0.278873 0.278873
4598.213379 0.000000 1342.145996 0.000000 0.148184 0.000000 -0.988960 0.291419 0.291419 0.291419
4656.015137 0.000000 1100.984619 0.000000 0.275673 0.000000 -0.961251 0.227986 0.227986 0.227986
4659.409180 0.000000 1098.689331 0.000000 0.982590 0.000000 -0.185786 0.237096 0.237096 0.237096
4667.279297 0.000000 1098.404663 0.000000 0.626088 0.000000 -0.779752 0.235041 0.235041 0.235041
4642.441895 0.000000 1107.166504 0.000000 0.598609 0.000000 -0.801042 0.231578 0.231578 0.231578
4655.774902 0.000000 1092.391724 0.000000 0.853047 0.000000 -0.521833 0.262726 0.262726 0.262726
4616.162109 0.000000 1092.923950 0.000000 0.975111 0.000000 -0.221719 0.224821 0.224821 0.224821
4632.466797 0.000000 1099.727173 0.000000 0.318781 0.000000 -0.947828 0.274799 0.274799 0.274799
4660.417969 0.000000 1103.528198 0.000000 0.565142 0.000000 -0.824994 0.265462 0.265462 0.265462
4610.422852 0.000000 1101.602783 0.000000 0.228691 0.000000 -0.973499 0.310314 0.310314 0.310314
4644.267090 0.000000 1098.093872 0.000000 0.314048 0.000000 -0.949407 0.324296 0.324296 0.324296
4634.051758 0.000000 1105.497314 0.000000 0.536410 0.000000 -0.843957 0.259316 0.259316 0.259316
4619.577637 0.000000 1117.224243 0.000000 0.998803 0.000000 -0.048913 0.260976 0.260976 0.260976
4663.775879 0.000000 1100.928101 0.000000 0.852207 0.000000 -0.523205 0.258997 0.258997 0.258997
4612.483398 0.000000 1107.632935 0.000000 0.172832 0.000000 -0.984951 0.325352 0.325352 0.325352
4642.989746 0.000000 1105.417480 0.000000 0.998629 0.000000 -0.052352 0.286008 0.286008 0.286008
4635.568359 0.000000 1106.610474 0.000000 0.511832 0.000000 -0.859086 0.345398 0.345398 0.345398
4635.789062 0.000000 1108.382812 0.000000 0.422282 0.000000 -0.906465 0.316677 0.316677 0.316677
4635.705566 0.000000 1113.241943 0.000000 0.960617 0.000000 -0.277876 0.263500 0.263500 0.263500
4631.132812 0.000000 1111.151855 0.000000 0.951110 0.000000 -0.308852 0.323448 0.323448 0.323448
4638.604492 0.000000 1106.483276 0.000000 0.965189 0.000000 -0.261554 0.328980 0.328980 0.328980
4633.412598 0.000000 1113.314575 0.000000 0.999775 0.000000 -0.021226 0.339272 0.339272 0.339272
4631.875000 0.000000 1105.278931 0.000000 0.375318 0.000000 -0.926896 0.364096 0.364096 0.364096
4648.266113 0.000000 1101.966553 0.000000 0.679025 0.000000 -0.734115 0.314999 0.314999 0.314999
4640.099609 0.000000 1110.022705 0.000000 0.999660 0.000000 -0.026057 0.294321 0.294321 0.294321
4622.479004 0.000000 1117.683716 0.000000 0.904005 0.000000 -0.427521 0.299014 0.299014 0.299014
4609.437988 0.000000 1111.163696 0.000000 0.632898 0.000000 -0.774236 0.344589 0.344589 0.344589
4628.652832 0.000000 1106.862183 0.000000 0.521495 0.000000 -0.853254 0.428096 0.428096 0.428096
4645.208008 0.000000 1099.242432 0.000000 0.978048 0.000000 -0.208381 0.294984 0.294984 0.294984
4610.917480 0.000000 1106.632568 0.000000 0.487173 0.000000 -0.873306 0.410350 0.410350 0.410350
4637.245605 0.000000 1109.037964 0.000000 0.920671 0.000000 -0.390340 0.336458 0.336458 0.336458
4624.139160 0.000000 1112.159180 0.000000 0.426672 0.000000 -0.904407 0.452802 0.452802 0.452802
4630.136230 0.000000 1106.781738 0.000000 0.927668 0.000000 -0.373405 0.425508 0.425508 0.425508
4633.071777 0.000000 1106.567139 0.000000 0.890324 0.000000 -0.455328 0.405082 0.405082 0.405082
4630.880859 0.000000 1113.766357 0.000000 0.268141 0.000000 -0.963380 0.372915 0.372915 0.372915
4651.522461 0.000000 1115.306885 0.000000 0.434422 0.000000 -0.900710 0.388773 0.388773 0.388773
4608.049316 0.000000 1103.901367 0.000000 0.539325 0.000000 -0.842098 0.361646 0.361646 0.361646
4646.447266 0.000000 1099.693848 0.000000 0.975001 0.000000 -0.222200 0.362252 0.362252 0.362252
4609.285645 0.000000 1102.315063 0.000000 0.657832 0.000000 -0.753165 0.356042 0.356042 0.356042
4622.338867 0.000000 1115.024292 0.000000 0.978625 0.000000 -0.205652 0.415513 0.415513 0.415513
4632.281250 0.000000 1113.913452 0.000000 0.982923 0.000000 -0.184017 0.346193 0.346193 0.346193
4626.405762 0.000000 1112.967285 0.000000 0.445050 0.000000 -0.895506 0.428129 0.428129 0.428129
4624.442383 0.000000 1114.010742 0.000000 0.974734 0.000000 -0.223369 0.417209 0.417209 0.417209
4608.655273 0.000000 1106.348389 0.000000 0.925231 0.000000 -0.379403 0.383869 0.383869 0.383869
4633.919434 0.000000 1108.809814 0.000000 0.333661 0.000000 -0.942693 0.482337 0.482337 0.482337
4626.524414 0.000000 1115.121338 0.000000 0.888930 0.000000 -0.458042 0.434685 0.434685 0.434685
4646.395508 0.000000 1100.922974 0.000000 0.593380 0.000000 -0.804923 0.455002 0.455002 0.455002
4622.657227 0.000000 1114.056152 0.000000 0.275278 0.000000 -0.961365 0.496760 0.496760 0.496760
4631.602051 0.000000 1108.498413 0.000000 0.294087 0.000000 -0.955779 0.495926 0.495926 0.495926
4675.716309 0.000000 1114.309326 0.000000 0.894994 0.000000 -0.446077 0.203290 0.203290 0.203290
4672.073242 0.000000 1111.764648 0.000000 0.016082 0.000000 -0.999871 0.213585 0.213585 0.213585
4720.763672 0.000000 1113.009521 0.000000 0.455280 0.000000 -0.890348 0.220401 0.220401 0.220401
4719.560547 0.000000 1115.966797 0.000000 0.820962 0.000000 -0.570982 0.233667 0.233667 0.233667
4717.452148 0.000000 1101.772949 0.000000 0.954116 0.000000 -0.299439 0.231811 0.231811 0.231811
4698.516602 0.000000 1111.982056 0.000000 0.849000 0.000000 -0.528394 0.244124 0.244124 0.244124
4718.630859 0.000000 1096.979736 0.000000 0.836989 0.000000 -0.547220 0.240734 0.240734 0.240734
4711.437012 0.000000 1100.585083 0.000000 0.885074 0.000000 -0.465450 0.239292 0.239292 0.239292
4710.985352 0.000000 1105.067505 0.000000 0.943137 0.000000 -0.332405 0.256254 0.256254 0.256254
4701.193848 0.000000 1099.414307 0.000000 0.751998 0.000000 -0.659166 0.246709 0.246709 0.246709
4716.304199 0.000000 1096.902466 0.000000 0.989963 0.000000 -0.141327 0.242153 0.242153 0.242153
4684.076660 0.000000 1108.513550 0.000000 0.898061 0.000000 -0.439872 0.237636 0.237636 0.237636
4728.713379 0.000000 1102.626099 0.000000 0.309826 0.000000 -0.950793 0.292198 0.292198 0.292198
4697.637695 0.000000 1109.900513 0.000000 0.962638 0.000000 -0.270790 0.257408 0.257408 0.257408
4689.646484 0.000000 1092.527954 0.000000 0.051371 0.000000 -0.998680 0.280017 0.280017 0.280017
4716.596680 0.000000 1092.154419 0.000000 0.914931 0.000000 -0.403609 0.294573 0.294573 0.294573
4720.094238 0.000000 1090.312378 0.000000 0.998247 0.000000 -0.059186 0.258922 0.258922 0.258922
4678.066895 0.000000 1106.338623 0.000000 0.015522 0.000000 -0.999880 0.325024 0.325024 0.325024
4715.248535 0.000000 1106.029175 0.000000 0.758518 0.000000 -0.651652 0.268426 0.268426 0.268426
4704.410645 0.000000 1090.572632 0.000000 0.998559 0.000000 -0.053666 0.300814 0.300814 0.300814
4712.686523 0.000000 1091.856201 0.000000 0.426451 0.000000 -0.904511 0.271187 0.271187 0.271187
4717.502441 0.000000 1095.563965 0.000000 0.473419 0.000000 -0.880837 0.281280 0.281280 0.281280
4676.483398 0.000000 1107.632935 0.000000 0.379670 0.000000 -0.925122 0.317946 0.317946 0.317946
4710.039062 0.000000 1091.304810 0.000000 0.814994 0.000000 -0.579470 0.345843 0.345843 0.345843
4695.132812 0.000000 1111.151855 0.000000 0.430274 0.000000 -0.902698 0.278083 0.278083 0.278083
4717.746094 0.000000 1093.339111 0.000000 0.910996 0.000000 -0.412415 0.294830 0.294830 0.294830
4674.931152 0.000000 1104.677856 0.000000 0.970236 0.000000 -0.242162 0.322250 0.322250 0.322250
4672.129395 0.000000 1105.247803 0.000000 0.666884 0.000000 -0.745161 0.281682 0.281682 0.281682
4686.941895 0.000000 1098.843628 0.000000 0.694964 0.000000 -0.719045 0.283500 0.283500 0.283500
4675.459473 0.000000 1109.719360 0.000000 0.613604 0.000000 -0.789614 0.299547 0.299547 0.299547
4689.981934 0.000000 1103.115356 0.000000 0.989357 0.000000 -0.145510 0.280408 0.280408 0.280408
4695.405273 0.000000 1102.572266 0.000000 0.343571 0.000000 -0.939127 0.324890 0.324890 0.324890
4692.957031 0.000000 1101.364136 0.000000 0.597767 0.000000 -0.801670 0.357531 0.357531 0.357531
4677.865234 0.000000 1108.029175 0.000000 0.013199 0.000000 -0.999913 0.405834 0.405834 0.405834
4726.872070 0.000000 1093.588501 0.000000 0.098362 0.000000 -0.995151 0.368228 0.368228 0.368228
4711.114258 0.000000 1103.657959 0.000000 0.323519 0.000000 -0.946222 0.349423 0.349423 0.349423
4707.134277 0.000000 1090.504761 0.000000 0.974765 0.000000 -0.223235 0.351484 0.351484 0.351484
4691.060547 0.000000 1100.413696 0.000000 0.843285 0.000000 -0.537466 0.425243 0.425243 0.425243
4735.099609 0.000000 1116.164307 0.000000 0.746264 0.000000 -0.665650 0.385727 0.385727 0.385727
4689.509277 0.000000 1100.573608 0.000000 0.560008 0.000000 -0.828487 0.381081 0.381081 0.381081
4674.696289 0.000000 1102.845703 0.000000 0.593880 0.000000 -0.804554 0.367757 0.367757 0.367757
4695.879395 0.000000 1100.816162 0.000000 0.670609 0.000000 -0.741811 0.389300 0.389300 0.389300
4731.613770 0.000000 1104.410400 0.000000 0.999930 0.000000 -0.011869 0.345625 0.345625 0.345625
4731.589355 0.000000 1105.768066 0.000000 0.793678 0.000000 -0.608338 0.374115 0.374115 0.374115
4733.235840 0.000000 1117.984497 0.000000 0.045206 0.000000 -0.998978 0.422839 0.422839 0.422839
4778.452148 0.000000 1108.137207 0.000000 0.117720 0.000000 -0.993047 0.232682 0.232682 0.232682
4743.324707 0.000000 1099.813110 0.000000 0.979423 0.000000 -0.201820 0.253695 0.253695 0.253695
4748.076660 0.000000 1108.513550 0.000000 0.722865 0.000000 -0.690989 0.248684 0.248684 0.248684
4780.435059 0.000000 1109.178223 0.000000 0.761455 0.000000 -0.648218 0.252878 0.252878 0.252878
4767.429199 0.000000 1097.131226 0.000000 0.233731 0.000000 -0.972301 0.289558 0.289558 0.289558
4747.631836 0.000000 1089.719482 0.000000 0.424122 0.000000 -0.905605 0.315179 0.315179 0.315179
4797.495117 0.000000 1092.363403 0.000000 0.709420 0.000000 -0.704786 0.272490 0.272490 0.272490
4783.125977 0.000000 1112.120239 0.000000 0.940274 0.000000 -0.340418 0.286667 0.286667 0.286667
4760.535645 0.000000 1108.246704 0.000000 0.915261 0.000000 -0.402861 0.340739 0.340739 0.340739
4745.291016 0.000000 1089.996460 0.000000 0.674993 0.000000 -0.737824 0.377667 0.377667 0.377667
4753.981934 0.000000 1103.115356 0.000000 0.352547 0.000000 -0.935794 0.372608 0.372608 0.372608
4751.107910 0.000000 1108.398071 0.000000 0.157089 0.000000 -0.987584 0.425827 0.425827 0.425827
4775.754395 0.000000 1099.111572 0.000000 0.945157 0.000000 -0.326615 0.379761 0.379761 0.379761
4783.751465 0.000000 1110.763306 0.000000 0.509786 0.000000 -0.860301 0.438032 0.438032 0.438032
4743.944824 0.000000 1101.141479 0.000000 0.894416 0.000000 -0.447237 0.340059 0.340059 0.340059
4742.455566 0.000000 1101.108276 0.000000 0.131160 0.000000 -0.991361 0.376605 0.376605 0.376605
4779.860840 0.000000 1098.509155 0.000000 0.589231 0.000000 -0.807965 0.366545 0.366545 0.366545
4755.482422 0.000000 1098.893066 0.000000 0.982683 0.000000 -0.185295 0.343876 0.343876 0.343876
4758.136230 0.000000 1106.781738 0.000000 0.380111 0.000000 -0.924941 0.427145 0.427145 0.427145
4755.367188 0.000000 1103.210449 0.000000 0.882004 0.000000 -0.471242 0.379873 0.379873 0.379873
4798.371094 0.000000 1104.492798 0.000000 0.076654 0.000000 -0.997058 0.372212 0.372212 0.372212
4768.531738 0.000000 1096.390747 0.000000 0.458326 0.000000 -0.888784 0.380106 0.380106 0.380106
4780.932129 0.000000 1110.391724 0.000000 0.895207 0.000000 -0.445650 0.430213 0.430213 0.430213
4753.163574 0.000000 1093.623657 0.000000 0.992774 0.000000 -0.120001 0.372576 0.372576 0.372576
4826.548828 0.000000 1114.516235 0.000000 0.985169 0.000000 -0.171588 0.201378 0.201378 0.201378
4823.538086 0.000000 1109.489990 0.000000 0.761327 0.000000 -0.648368 0.205812 0.205812 0.205812
4823.871582 0.000000 1112.684204 0.000000 0.528257 0.000000 -0.849084 0.216864 0.216864 0.216864
4814.569336 0.000000 1106.971924 0.000000 0.685197 0.000000 -0.728358 0.231407 0.231407 0.231407
4845.602051 0.000000 1113.128052 0.000000 0.999685 0.000000 -0.025117 0.234567 0.234567 0.234567
4834.794434 0.000000 1111.462646 0.000000 0.794174 0.000000 -0.607690 0.267302 0.267302 0.267302
4812.076660 0.000000 1108.513550 0.000000 0.913364 0.000000 -0.407144 0.227423 0.227423 0.227423
4840.507812 0.000000 1097.625488 0.000000 0.739287 0.000000 -0.673390 0.239322 0.239322 0.239322
4843.248535 0.000000 1106.029175 0.000000 0.999879 0.000000 -0.015562 0.309766 0.309766 0.309766
4835.805176 0.000000 1092.117432 0.000000 0.647948 0.000000 -0.761685 0.299797 0.299797 0.299797
4833.556152 0.000000 1099.877441 0.000000 0.632458 0.000000 -0.774595 0.316771 0.316771 0.316771
4804.483398 0.000000 1107.632935 0.000000 0.671214 0.000000 -0.741264 0.297663 0.297663 0.297663
4804.253418 0.000000 1112.568970 0.000000 0.122604 0.000000 -0.992456 0.334456 0.334456 0.334456
4841.028320 0.000000 1099.909912 0.000000 0.877914 0.000000 -0.478819 0.263007 0.263007 0.263007
4827.568359 0.000000 1106.610474 0.000000 0.972984 0.000000 -0.230874 0.294445 0.294445 0.294445
4827.789062 0.000000 1108.382812 0.000000 0.985891 0.000000 -0.167390 0.264654 0.264654 0.264654
4833.168457 0.000000 1093.495361 0.000000 0.543232 0.000000 -0.839583 0.327020 0.327020 0.327020
4815.572266 0.000000 1104.802979 0.000000 0.996726 0.000000 -0.080859 0.307379 0.307379 0.307379
4830.604492 0.000000 1106.483276 0.000000 0.545561 0.000000 -0.838071 0.359915 0.359915 0.359915
4802.931152 0.000000 1104.677856 0.000000 0.305422 0.000000 -0.952217 0.356132 0.356132 0.356132
4830.429688 0.000000 1098.378052 0.000000 0.967023 0.000000 -0.254690 0.282010 0.282010 0.282010
4804.650391 0.000000 1110.979248 0.000000 0.963137 0.000000 -0.269011 0.301542 0.301542 0.301542
4839.139160 0.000000 1096.930786 0.000000 0.859799 0.000000 -0.510633 0.353174 0.353174 0.353174
4847.751465 0.000000 1110.763306 0.000000 0.861341 0.000000 -0.508027 0.413781 0.413781 0.413781
4835.868164 0.000000 1089.043945 0.000000 0.829315 0.000000 -0.558782 0.376747 0.376747 0.376747
4817.551270 0.000000 1107.145142 0.000000 0.291507 0.000000 -0.956569 0.341455 0.341455 0.341455
4845.321289 0.000000 1111.686035 0.000000 0.944292 0.000000 -0.329110 0.367432 0.367432 0.367432
4840.332520 0.000000 1111.406128 0.000000 0.642170 0.000000 -0.766562 0.365310 0.365310 0.365310
4806.769043 0.000000 1109.210449 0.000000 0.889213 0.000000 -0.457494 0.310010 0.310010 0.310010
4835.134277 0.000000 1090.504761 0.000000 0.301859 0.000000 -0.953353 0.402764 0.402764 0.402764
4830.551758 0.000000 1107.958008 0.000000 0.026965 0.000000 -0.999636 0.380522 0.380522 0.380522
4833.198730 0.000000 1108.054199 0.000000 0.999967 0.000000 -0.008082 0.379162 0.379162 0.379162
4819.060547 0.000000 1100.413696 0.000000 0.953850 0.000000 -0.300284 0.404435 0.404435 0.404435
4819.806641 0.000000 1108.504395 0.000000 0.778956 0.000000 -0.627078 0.379268 0.379268 0.379268
4822.003418 0.000000 1102.419434 0.000000 0.128793 0.000000 -0.991672 0.488307 0.488307 0.488307
4862.371094 0.000000 1104.492798 0.000000 0.905900 0.000000 -0.423493 0.325188 0.325188 0.325188
4844.932129 0.000000 1110.391724 0.000000 0.164896 0.000000 -0.986311 0.417233 0.417233 0.417233
4819.856934 0.000000 1110.943115 0.000000 0.512592 0.000000 -0.858632 0.474760 0.474760 0.474760
4833.111816 0.000000 1106.722778 0.000000 0.947707 0.000000 -0.319141 0.359510 0.359510 0.359510
4808.816895 0.000000 1111.293579 0.000000 0.999181 0.000000 -0.040458 0.349164 0.349164 0.349164
4833.640625 0.000000 1090.355103 0.000000 0.640694 0.000000 -0.767796 0.461412 0.461412 0.461412
4845.685059 0.000000 1109.422852 0.000000 0.998085 0.000000 -0.061856 0.404729 0.404729 0.404729
4822.587402 0.000000 1105.156616 0.000000 0.999507 0.000000 -0.031395 0.402234 0.402234 0.402234
4847.941406 0.000000 1107.822510 0.000000 0.617865 0.000000 -0.786284 0.424737 0.424737 0.424737
4824.987793 0.000000 1105.079468 0.000000 0.214216 0.000000 -0.976786 0.493021 0.493021 0.493021
4847.137695 0.000000 1109.682617 0.000000 0.120199 0.000000 -0.992750 0.510795 0.510795 0.510795
4841.406250 0.000000 1095.111694 0.000000 0.657234 0.000000 -0.753686 0.439547 0.439547 0.439547
4839.639160 0.000000 1094.612915 0.000000 0.975733 0.000000 -0.218965 0.395864 0.395864 0.395864
4838.974609 0.000000 1109.291992 0.000000 0.872507 0.000000 -0.488601 0.407188 0.407188 0.407188
4807.023926 0.000000 1111.223755 0.000000 0.222641 0.000000 -0.974900 0.502848 0.502848 0.502848
4833.091309 0.000000 1088.117065 0.000000 0.222584 0.000000 -0.974914 0.496802 0.496802 0.496802
4803.896484 0.000000 1106.787109 0.000000 0.813516 0.000000 -0.581543 0.445708 0.445708 0.445708
4906.478516 0.000000 1098.940186 0.000000 0.262837 0.000000 -0.964840 0.225397 0.225397 0.225397
4926.888184 0.000000 1109.828125 0.000000 0.820612 0.000000 -0.571486 0.218760 0.218760 0.218760
4909.452148 0.000000 1101.772949 0.000000 0.980369 0.000000 -0.197171 0.231459 0.231459 0.231459
4888.466797 0.000000 1099.727173 0.000000 0.403113 0.000000 -0.915150 0.238572 0.238572 0.238572
4898.304199 0.000000 1089.302979 0.000000 0.700975 0.000000 -0.713186 0.275370 0.275370 0.275370
4925.359375 0.000000 1094.276733 0.000000 0.158172 0.000000 -0.987412 0.283828 0.283828 0.283828
4913.077637 0.000000 1105.591064 0.000000 0.856363 0.000000 -0.516374 0.255101 0.255101 0.255101
4910.922852 0.000000 1108.524414 0.000000 0.584636 0.000000 -0.811296 0.296320 0.296320 0.296320
4907.705078 0.000000 1100.590820 0.000000 0.453799 0.000000 -0.891104 0.283140 0.283140 0.283140
4913.818848 0.000000 1099.950806 0.000000 0.911375 0.000000 -0.411578 0.251759 0.251759 0.251759
4890.051758 0.000000 1105.497314 0.000000 0.183673 0.000000 -0.982987 0.257278 0.257278 0.257278
4916.288574 0.000000 1094.033203 0.000000 0.781319 0.000000 -0.624132 0.292327 0.292327 0.292327
4874.324219 0.000000 1104.696533 0.000000 0.937296 0.000000 -0.348534 0.296650 0.296650 0.296650
4907.434082 0.000000 1102.293213 0.000000 0.249193 0.000000 -0.968454 0.279069 0.279069 0.279069
4891.568359 0.000000 1106.610474 0.000000 0.597696 0.000000 -0.801723 0.311093 0.311093 0.311093
4915.356445 0.000000 1095.378418 0.000000 0.515330 0.000000 -0.856992 0.301131 0.301131 0.301131
4887.098145 0.000000 1092.217529 0.000000 0.427493 0.000000 -0.904019 0.315078 0.315078 0.315078
4907.719727 0.000000 1090.789795 0.000000 0.999826 0.000000 -0.018672 0.358327 0.358327 0.358327
4917.040527 0.000000 1101.850586 0.000000 0.646748 0.000000 -0.762704 0.305284 0.305284 0.305284
4904.266113 0.000000 1101.966553 0.000000 0.944644 0.000000 -0.328096 0.341374 0.341374 0.341374
4905.198730 0.000000 1109.211182 0.000000 0.879046 0.000000 -0.476738 0.388021 0.388021 0.388021
4869.865234 0.000000 1108.029175 0.000000 0.724837 0.000000 -0.688920 0.369090 0.369090 0.369090
4866.917480 0.000000 1106.632568 0.000000 0.893429 0.000000 -0.449205 0.390357 0.390357 0.390357
4868.866211 0.000000 1097.161621 0.000000 0.878181 0.000000 -0.478329 0.333671 0.333671 0.333671
4909.534668 0.000000 1108.224609 0.000000 0.230650 0.000000 -0.973037 0.357267 0.357267 0.357267
4885.588379 0.000000 1091.747803 0.000000 0.689023 0.000000 -0.724739 0.347509 0.347509 0.347509
4908.932129 0.000000 1110.391724 0.000000 0.838937 0.000000 -0.544229 0.379942 0.379942 0.379942
4883.671875 0.000000 1101.937866 0.000000 0.461654 0.000000 -0.887060 0.419437 0.419437 0.419437
4895.658691 0.000000 1108.736816 0.000000 0.733625 0.000000 -0.679554 0.456705 0.456705 0.456705
4868.728516 0.000000 1093.449463 0.000000 0.641215 0.000000 -0.767361 0.463548 0.463548 0.463548
4912.071777 0.000000 1096.962769 0.000000 0.303307 0.000000 -0.952893 0.394838 0.394838 0.394838
4872.816895 0.000000 1111.293579 0.000000 0.421724 0.000000 -0.906724 0.393950 0.393950 0.393950
4872.640625 0.000000 1096.302856 0.000000 0.453996 0.000000 -0.891004 0.484000 0.484000 0.484000
4870.449219 0.000000 1105.173096 0.000000 0.578299 0.000000 -0.815825 0.444007 0.444007 0.444007
4923.589355 0.000000 1105.768066 0.000000 0.964206 0.000000 -0.265154 0.420501 0.420501 0.420501
4870.064453 0.000000 1097.378052 0.000000 0.315355 0.000000 -0.948974 0.495490 0.495490 0.495490
4925.822754 0.000000 1097.169922 0.000000 0.447190 0.000000 -0.894439 0.428003 0.428003 0.428003
4866.523926 0.000000 1093.704224 0.000000 0.867384 0.000000 -0.497640 0.374757 0.374757 0.374757
4904.295898 0.000000 1108.465820 0.000000 0.990476 0.000000 -0.137685 0.369973 0.369973 0.369973
4870.284668 0.000000 1113.375488 0.000000 0.287747 0.000000 -0.957707 0.414542 0.414542 0.414542
4920.393555 0.000000 1106.345703 0.000000 0.944842 0.000000 -0.327527 0.425492 0.425492 0.425492
4920.056152 0.000000 1107.809326 0.000000 0.963486 0.000000 -0.267760 0.420708 0.420708 0.420708
4889.920898 0.000000 1110.990845 0.000000 0.417905 0.000000 -0.908491 0.440708 0.440708 0.440708
4869.485352 0.000000 1092.627686 0.000000 0.213600 0.000000 -0.976921 0.498479 0.498479 0.498479
4895.321777 0.000000 1110.808472 0.000000 0.308377 0.000000 -0.951264 0.487890 0.487890 0.487890
4918.006836 0.000000 1109.714722 0.000000 0.424081 0.000000 -0.905624 0.486543 0.486543 0.486543
4885.293457 0.000000 1095.731934 0.000000 0.901052 0.000000 -0.433711 0.434271 0.434271 0.434271
4870.690918 0.000000 1096.594727 0.000000 0.218786 0.000000 -0.975773 0.503150 0.503150 0.503150
4885.270508 0.000000 1099.358398 0.000000 0.236401 0.000000 -0.971656 0.501768 0.501768 0.501768
4919.679688 0.000000 1109.008667 0.000000 0.857552 0.000000 -0.514397 0.441276 0.441276 0.441276
4931.928711 0.000000 1103.335083 0.000000 0.967886 0.000000 -0.251390 0.224054 0.224054 0.224054
4928.010254 0.000000 1101.889404 0.000000 0.780098 0.000000 -0.625657 0.278080 0.278080 0.278080
4933.887695 0.000000 1104.031738 0.000000 0.702022 0.000000 -0.712155 0.258274 0.258274 0.258274
4929.541504 0.000000 1094.367188 0.000000 0.611514 0.000000 -0.791233 0.294141 0.294141 0.294141
4932.483398 0.000000 1107.632935 0.000000 0.688089 0.000000 -0.725626 0.322809 0.322809 0.322809
4928.049316 0.000000 1103.901367 0.000000 0.819044 0.000000 -0.573730 0.356191 0.356191 0.356191
4929.285645 0.000000 1102.315063 0.000000 0.978695 0.000000 -0.205321 0.339957 0.339957 0.339957
4931.896484 0.000000 1106.787109 0.000000 0.896513 0.000000 -0.443017 0.435062 0.435062 0.435062
5103.829590 0.000000 1098.012939 0.000000 0.644954 0.000000 -0.764221 0.459936 0.459936 0.459936
4645.993652 0.000000 1215.735229 0.000000 0.991509 0.000000 -0.130041 0.201140 0.201140 0.201140
4670.018555 0.000000 1212.067017 0.000000 0.976973 0.000000 -0.213364 0.201959 0.201959 0.201959
4618.749023 0.000000 1228.364746 0.000000 0.656873 0.000000 -0.754001 0.219018 0.219018 0.219018
4655.560547 0.000000 1228.935547 0.000000 0.160200 0.000000 -0.987085 0.261967 0.261967 0.261967
4641.496582 0.000000 1210.402588 0.000000 0.430395 0.000000 -0.902641 0.257270 0.257270 0.257270
4610.854492 0.000000 1233.718872 0.000000 0.608652 0.000000 -0.793437 0.263136 0.263136 0.263136
4616.162109 0.000000 1205.892700 0.000000 0.109206 0.000000 -0.994019 0.239854 0.239854 0.239854
4632.466797 0.000000 1212.695923 0.000000 0.982302 0.000000 -0.187306 0.254581 0.254581 0.254581
4613.852539 0.000000 1209.017456 0.000000 0.988337 0.000000 -0.152285 0.288721 0.288721 0.288721
4609.798828 0.000000 1236.110962 0.000000 0.810407 0.000000 -0.585868 0.284692 0.284692 0.284692
4613.476562 0.000000 1237.450073 0.000000 0.601020 0.000000 -0.799234 0.280830 0.280830 0.280830
4617.185059 0.000000 1229.707031 0.000000 0.966754 0.000000 -0.255709 0.254739 0.254739 0.254739
4658.463867 0.000000 1202.100220 0.000000 0.267810 0.000000 -0.963472 0.285907 0.285907 0.285907
4656.863770 0.000000 1230.647827 0.000000 0.027263 0.000000 -0.999628 0.351483 0.351483 0.351483
4617.040527 0.000000 1227.696411 0.000000 0.897926 0.000000 -0.440147 0.279464 0.279464 0.279464
4644.762207 0.000000 1207.677002 0.000000 0.859280 0.000000 -0.511506 0.266249 0.266249 0.266249
4618.324219 0.000000 1217.665283 0.000000 0.963038 0.000000 -0.269365 0.282387 0.282387 0.282387
4635.980957 0.000000 1230.113647 0.000000 0.031815 0.000000 -0.999494 0.368979 0.368979 0.368979
4635.994141 0.000000 1211.205078 0.000000 0.929192 0.000000 -0.369598 0.328162 0.328162 0.328162
4656.528809 0.000000 1207.052856 0.000000 0.681046 0.000000 -0.732240 0.283929 0.283929 0.283929
4633.702148 0.000000 1211.614136 0.000000 0.503299 0.000000 -0.864112 0.351547 0.351547 0.351547
4642.717285 0.000000 1211.534912 0.000000 0.920336 0.000000 -0.391130 0.366726 0.366726 0.366726
4618.960449 0.000000 1220.336792 0.000000 0.952128 0.000000 -0.305699 0.297820 0.297820 0.297820
4645.460449 0.000000 1217.507080 0.000000 0.815886 0.000000 -0.578213 0.309028 0.309028 0.309028
4638.637207 0.000000 1204.340820 0.000000 0.927672 0.000000 -0.373395 0.302310 0.302310 0.302310
4634.510254 0.000000 1216.965088 0.000000 0.967960 0.000000 -0.251106 0.309374 0.309374 0.309374
4647.139160 0.000000 1209.899536 0.000000 0.770127 0.000000 -0.637890 0.335154 0.335154 0.335154
4634.808105 0.000000 1203.177734 0.000000 0.988438 0.000000 -0.151628 0.323709 0.323709 0.323709
4652.925781 0.000000 1202.739258 0.000000 0.877532 0.000000 -0.479518 0.375102 0.375102 0.375102
4637.330566 0.000000 1202.279053 0.000000 0.042869 0.000000 -0.999081 0.362159 0.362159 0.362159
4636.560059 0.000000 1215.448364 0.000000 0.190628 0.000000 -0.981662 0.377506 0.377506 0.377506
4612.866211 0.000000 1210.130371 0.000000 0.976856 0.000000 -0.213897 0.328381 0.328381 0.328381
4647.114258 0.000000 1216.626709 0.000000 0.660372 0.000000 -0.750938 0.374256 0.374256 0.374256
4615.009277 0.000000 1207.811768 0.000000 0.990954 0.000000 -0.134199 0.330062 0.330062 0.330062
4641.452148 0.000000 1223.715698 0.000000 0.187880 0.000000 -0.982192 0.399955 0.399955 0.399955
4651.041992 0.000000 1206.250732 0.000000 0.466785 0.000000 -0.884371 0.353016 0.353016 0.353016
4611.718262 0.000000 1214.965820 0.000000 0.975764 0.000000 -0.218824 0.330953 0.330953 0.330953
4644.342773 0.000000 1228.879028 0.000000 0.616404 0.000000 -0.787430 0.457944 0.457944 0.457944
4642.804199 0.000000 1210.154053 0.000000 0.005658 0.000000 -0.999984 0.419602 0.419602 0.419602
4640.511719 0.000000 1217.169189 0.000000 0.962388 0.000000 -0.271678 0.323315 0.323315 0.323315
4633.165527 0.000000 1210.370483 0.000000 0.991501 0.000000 -0.130096 0.319435 0.319435 0.319435
4642.075684 0.000000 1217.433228 0.000000 0.957841 0.000000 -0.287300 0.388785 0.388785 0.388785
4656.071777 0.000000 1209.931519 0.000000 0.316578 0.000000 -0.948566 0.495392 0.495392 0.495392
4619.304199 0.000000 1203.968140 0.000000 0.323351 0.000000 -0.946279 0.452832 0.452832 0.452832
4631.879395 0.000000 1213.784912 0.000000 0.997708 0.000000 -0.067662 0.398565 0.398565 0.398565
4641.640625 0.000000 1203.323853 0.000000 0.950502 0.000000 -0.310717 0.367766 0.367766 0.367766
4653.942383 0.000000 1202.125488 0.000000 0.898043 0.000000 -0.439909 0.373025 0.373025 0.373025
4615.500000 0.000000 1208.893921 0.000000 0.848783 0.000000 -0.528741 0.376431 0.376431 0.376431
4637.300293 0.000000 1211.086304 0.000000 0.563379 0.000000 -0.826198 0.416415 0.416415 0.416415
4649.406250 0.000000 1208.080444 0.000000 0.953347 0.000000 -0.301876 0.422432 0.422432 0.422432
4635.330566 0.000000 1214.361694 0.000000 0.934349 0.000000 -0.356359 0.427836 0.427836 0.427836
4642.028320 0.000000 1207.185425 0.000000 0.168878 0.000000 -0.985637 0.500740 0.500740 0.500740
4652.511719 0.000000 1208.126465 0.000000 0.739788 0.000000 -0.672840 0.456382 0.456382 0.456382
4627.115234 0.000000 1209.869995 0.000000 0.883287 0.000000 -0.468832 0.435694 0.435694 0.435694
4646.553711 0.000000 1203.385376 0.000000 0.548102 0.000000 -0.836411 0.475684 0.475684 0.475684
4651.196777 0.000000 1209.463745 0.000000 0.223850 0.000000 -0.974624 0.500067 0.500067 0.500067
4659.385742 0.000000 1209.340454 0.000000 0.863402 0.000000 -0.504516 0.436306 0.436306 0.436306
4620.170898 0.000000 1203.597046 0.000000 0.331858 0.000000 -0.943329 0.494158 0.494158 0.494158
4702.600098 0.000000 1235.875488 0.000000 0.718439 0.000000 -0.695590 0.206145 0.206145 0.206145
4685.646484 0.000000 1226.918091 0.000000 0.905037 0.000000 -0.425332 0.203784 0.203784 0.203784
4714.699707 0.000000 1226.550659 0.000000 0.855385 0.000000 -0.517993 0.210686 0.210686 0.210686
4710.737793 0.000000 1224.649780 0.000000 0.488740 0.000000 -0.872430 0.226608 0.226608 0.226608
4712.221680 0.000000 1206.615112 0.000000 0.025035 0.000000 -0.999687 0.235232 0.235232 0.235232
4704.505859 0.000000 1230.829712 0.000000 0.594784 0.000000 -0.803885 0.230330 0.230330 0.230330
4715.827148 0.000000 1224.358643 0.000000 0.547367 0.000000 -0.836893 0.257743 0.257743 0.257743
4712.632324 0.000000 1225.807007 0.000000 0.415562 0.000000 -0.909565 0.258921 0.258921 0.258921
4708.267090 0.000000 1211.062622 0.000000 0.999123 0.000000 -0.041863 0.269877 0.269877 0.269877
4712.666504 0.000000 1232.494385 0.000000 0.883638 0.000000 -0.468171 0.283943 0.283943 0.283943
4725.193359 0.000000 1225.506836 0.000000 0.870723 0.000000 -0.491774 0.275796 0.275796 0.275796
4720.736816 0.000000 1232.858765 0.000000 0.521453 0.000000 -0.853280 0.288418 0.288418 0.288418
4676.837402 0.000000 1234.411621 0.000000 0.994534 0.000000 -0.104409 0.262150 0.262150 0.262150
4717.863281 0.000000 1232.989014 0.000000 0.436052 0.000000 -0.899921 0.333652 0.333652 0.333652
4701.993164 0.000000 1200.969727 0.000000 0.435336 0.000000 -0.900268 0.268224 0.268224 0.268224
4712.504883 0.000000 1229.565552 0.000000 0.821184 0.000000 -0.570663 0.276579 0.276579 0.276579
4714.572266 0.000000 1235.750732 0.000000 0.388288 0.000000 -0.921538 0.280419 0.280419 0.280419
4712.327148 0.000000 1208.443726 0.000000 0.737083 0.000000 -0.675802 0.312634 0.312634 0.312634
4725.692383 0.000000 1197.906860 0.000000 0.744200 0.000000 -0.667957 0.335160 0.335160 0.335160
4715.434082 0.000000 1215.261963 0.000000 0.830913 0.000000 -0.556402 0.262257 0.262257 0.262257
4689.954102 0.000000 1224.196045 0.000000 0.143521 0.000000 -0.989647 0.376137 0.376137 0.376137
4713.330078 0.000000 1227.333618 0.000000 0.792891 0.000000 -0.609364 0.372816 0.372816 0.372816
4685.010254 0.000000 1220.196167 0.000000 0.992609 0.000000 -0.121359 0.330730 0.330730 0.330730
4677.528809 0.000000 1215.510010 0.000000 0.885978 0.000000 -0.463728 0.329257 0.329257 0.329257
4713.198730 0.000000 1222.179932 0.000000 0.183868 0.000000 -0.982951 0.317478 0.317478 0.317478
4709.666016 0.000000 1234.007690 0.000000 0.216968 0.000000 -0.976179 0.460803 0.460803 0.460803
4683.080078 0.000000 1235.979492 0.000000 0.987322 0.000000 -0.158730 0.300566 0.300566 0.300566
4716.225586 0.000000 1232.406250 0.000000 0.999955 0.000000 -0.009478 0.299452 0.299452 0.299452
4675.718262 0.000000 1214.965820 0.000000 0.524773 0.000000 -0.851242 0.388796 0.388796 0.388796
4685.373047 0.000000 1221.440796 0.000000 0.250070 0.000000 -0.968228 0.376744 0.376744 0.376744
4700.418945 0.000000 1205.058350 0.000000 0.406045 0.000000 -0.913853 0.387063 0.387063 0.387063
4685.509277 0.000000 1223.948120 0.000000 0.939225 0.000000 -0.343301 0.423271 0.423271 0.423271
4674.696289 0.000000 1215.814453 0.000000 0.412337 0.000000 -0.911031 0.394405 0.394405 0.394405
4675.393555 0.000000 1213.670532 0.000000 0.222628 0.000000 -0.974904 0.398430 0.398430 0.398430
4713.625977 0.000000 1215.759766 0.000000 0.787089 0.000000 -0.616839 0.446134 0.446134 0.446134
4710.615234 0.000000 1231.548950 0.000000 0.951363 0.000000 -0.308071 0.352834 0.352834 0.352834
4682.752930 0.000000 1219.035034 0.000000 0.924761 0.000000 -0.380549 0.424950 0.424950 0.424950
4686.093750 0.000000 1225.897339 0.000000 0.911732 0.000000 -0.410785 0.428217 0.428217 0.428217
4711.874512 0.000000 1233.271484 0.000000 0.999878 0.000000 -0.015632 0.401077 0.401077 0.401077
4700.840820 0.000000 1206.725464 0.000000 0.474826 0.000000 -0.880079 0.452768 0.452768 0.452768
4683.257324 0.000000 1218.102173 0.000000 0.979796 0.000000 -0.200001 0.412869 0.412869 0.412869
4710.395508 0.000000 1213.891724 0.000000 0.993544 0.000000 -0.113446 0.407635 0.407635 0.407635
4710.142578 0.000000 1210.263550 0.000000 0.922875 0.000000 -0.385101 0.426943 0.426943 0.426943
4721.625000 0.000000 1237.088623 0.000000 0.979404 0.000000 -0.201911 0.415430 0.415430 0.415430
4684.656738 0.000000 1224.432495 0.000000 0.432995 0.000000 -0.901396 0.485790 0.485790 0.485790
4672.727051 0.000000 1211.653320 0.000000 0.726848 0.000000 -0.686799 0.455001 0.455001 0.455001
4750.124512 0.000000 1215.180664 0.000000 0.997826 0.000000 -0.065896 0.200477 0.200477 0.200477
4775.131348 0.000000 1221.151001 0.000000 0.278457 0.000000 -0.960449 0.217042 0.217042 0.217042
4751.660156 0.000000 1237.337158 0.000000 0.741457 0.000000 -0.671001 0.215181 0.215181 0.215181
4758.909180 0.000000 1197.171753 0.000000 0.408522 0.000000 -0.912749 0.237135 0.237135 0.237135
4774.885742 0.000000 1230.333618 0.000000 0.826299 0.000000 -0.563231 0.234782 0.234782 0.234782
4769.210938 0.000000 1235.614746 0.000000 0.499571 0.000000 -0.866273 0.233106 0.233106 0.233106
4766.667969 0.000000 1222.553223 0.000000 0.687831 0.000000 -0.725871 0.227506 0.227506 0.227506
4764.530762 0.000000 1227.846802 0.000000 0.155746 0.000000 -0.987797 0.273632 0.273632 0.273632
4757.837891 0.000000 1231.119141 0.000000 0.998495 0.000000 -0.054850 0.266774 0.266774 0.266774
4766.555664 0.000000 1208.509399 0.000000 0.755301 0.000000 -0.655378 0.295967 0.295967 0.295967
4756.010742 0.000000 1230.381226 0.000000 0.634928 0.000000 -0.772572 0.285300 0.285300 0.285300
4760.837891 0.000000 1224.283569 0.000000 0.773128 0.000000 -0.634250 0.374215 0.374215 0.374215
4748.962891 0.000000 1216.292603 0.000000 0.292876 0.000000 -0.956150 0.375034 0.375034 0.375034
4760.543945 0.000000 1200.673218 0.000000 0.676517 0.000000 -0.736427 0.397494 0.397494 0.397494
4748.118652 0.000000 1217.504639 0.000000 0.951638 0.000000 -0.307221 0.338061 0.338061 0.338061
4753.383301 0.000000 1222.679321 0.000000 0.245948 0.000000 -0.969283 0.338378 0.338378 0.338378
4754.458984 0.000000 1237.609009 0.000000 0.981136 0.000000 -0.193319 0.353730 0.353730 0.353730
4749.373047 0.000000 1221.440796 0.000000 0.517683 0.000000 -0.855572 0.445202 0.445202 0.445202
4749.509277 0.000000 1223.948120 0.000000 0.661247 0.000000 -0.750168 0.388449 0.388449 0.388449
4763.520020 0.000000 1199.349731 0.000000 0.640668 0.000000 -0.767818 0.457917 0.457917 0.457917
4770.307129 0.000000 1235.955566 0.000000 0.026276 0.000000 -0.999655 0.517992 0.517992 0.517992
4760.133789 0.000000 1202.637207 0.000000 0.999822 0.000000 -0.018865 0.401258 0.401258 0.401258
4766.298340 0.000000 1210.227539 0.000000 0.901991 0.000000 -0.431755 0.431319 0.431319 0.431319
4767.778320 0.000000 1225.434326 0.000000 0.996808 0.000000 -0.079831 0.405287 0.405287 0.405287
4966.720703 0.000000 1232.906494 0.000000 0.413038 0.000000 -0.910714 0.209576 0.209576 0.209576
4937.597656 0.000000 1236.047363 0.000000 0.651101 0.000000 -0.758991 0.207745 0.207745 0.207745
4969.927734 0.000000 1230.905151 0.000000 0.762660 0.000000 -0.646800 0.206058 0.206058 0.206058
4954.771973 0.000000 1236.082153 0.000000 0.568976 0.000000 -0.822354 0.221561 0.221561 0.221561
4982.496094 0.000000 1215.480713 0.000000 0.806315 0.000000 -0.591487 0.205688 0.205688 0.205688
4941.152832 0.000000 1231.402954 0.000000 0.403719 0.000000 -0.914883 0.233138 0.233138 0.233138
4990.888184 0.000000 1222.796875 0.000000 0.956990 0.000000 -0.290120 0.231671 0.231671 0.231671
4975.961914 0.000000 1241.431763 0.000000 0.718948 0.000000 -0.695063 0.221871 0.221871 0.221871
4991.545410 0.000000 1218.130981 0.000000 0.345977 0.000000 -0.938243 0.249053 0.249053 0.249053
4972.424316 0.000000 1238.717896 0.000000 0.735588 0.000000 -0.677429 0.244529 0.244529 0.244529
4942.936035 0.000000 1232.743774 0.000000 0.874803 0.000000 -0.484480 0.288159 0.288159 0.288159
4971.705078 0.000000 1213.559570 0.000000 0.368560 0.000000 -0.929604 0.305192 0.305192 0.305192
4939.119141 0.000000 1239.791016 0.000000 0.551714 0.000000 -0.834034 0.322473 0.322473 0.322473
4968.666504 0.000000 1232.494385 0.000000 0.055570 0.000000 -0.998455 0.313165 0.313165 0.313165
4962.607422 0.000000 1238.565796 0.000000 0.561827 0.000000 -0.827255 0.283228 0.283228 0.283228
4958.899414 0.000000 1239.033691 0.000000 0.188658 0.000000 -0.982043 0.309841 0.309841 0.309841
4970.572266 0.000000 1235.750732 0.000000 0.284411 0.000000 -0.958702 0.317734 0.317734 0.317734
4964.916992 0.000000 1237.913086 0.000000 0.562327 0.000000 -0.826915 0.299749 0.299749 0.299749
4991.198730 0.000000 1221.191895 0.000000 0.636255 0.000000 -0.771479 0.297459 0.297459 0.297459
4967.006836 0.000000 1205.575684 0.000000 0.839436 0.000000 -0.543458 0.379899 0.379899 0.379899
4967.682617 0.000000 1234.422852 0.000000 0.566610 0.000000 -0.823986 0.299620 0.299620 0.299620
4942.515625 0.000000 1236.118530 0.000000 0.974844 0.000000 -0.222889 0.293032 0.293032 0.293032
4989.121582 0.000000 1202.396851 0.000000 0.133323 0.000000 -0.991073 0.337231 0.337231 0.337231
4983.627441 0.000000 1216.799316 0.000000 0.353862 0.000000 -0.935298 0.366463 0.366463 0.366463
4953.614258 0.000000 1237.907593 0.000000 0.873226 0.000000 -0.487316 0.288240 0.288240 0.288240
4940.418457 0.000000 1235.247803 0.000000 0.557755 0.000000 -0.830006 0.369516 0.369516 0.369516
4970.734375 0.000000 1234.186035 0.000000 0.503420 0.000000 -0.864042 0.311345 0.311345 0.311345
4943.857910 0.000000 1241.462158 0.000000 0.126766 0.000000 -0.991933 0.460945 0.460945 0.460945
4963.134277 0.000000 1203.473511 0.000000 0.748273 0.000000 -0.663390 0.364892 0.364892 0.364892
4983.635742 0.000000 1218.455322 0.000000 0.574056 0.000000 -0.818816 0.402384 0.402384 0.402384
4942.955566 0.000000 1238.464111 0.000000 0.257800 0.000000 -0.966198 0.432166 0.432166 0.432166
4981.738770 0.000000 1218.796997 0.000000 0.912645 0.000000 -0.408753 0.377807 0.377807 0.377807
4964.226562 0.000000 1206.323853 0.000000 0.934063 0.000000 -0.357108 0.358798 0.358798 0.358798
4979.048340 0.000000 1212.861694 0.000000 0.175529 0.000000 -0.984474 0.400495 0.400495 0.400495
4941.262207 0.000000 1236.122314 0.000000 0.977585 0.000000 -0.210540 0.391750 0.391750 0.391750
4964.921387 0.000000 1204.663086 0.000000 0.820959 0.000000 -0.570987 0.403081 0.403081 0.403081
4980.131348 0.000000 1215.446777 0.000000 0.075108 0.000000 -0.997175 0.496708 0.496708 0.496708
5015.538086 0.000000 1222.458740 0.000000 0.840052 0.000000 -0.542506 0.204653 0.204653 0.204653
5004.424805 0.000000 1204.591675 0.000000 0.679944 0.000000 -0.733264 0.207809 0.207809 0.207809
5014.343750 0.000000 1203.564087 0.000000 0.070077 0.000000 -0.997542 0.240368 0.240368 0.240368
5006.569336 0.000000 1219.940674 0.000000 0.999529 0.000000 -0.030704 0.213244 0.213244 0.213244
5012.862305 0.000000 1234.838867 0.000000 0.825902 0.000000 -0.563814 0.227325 0.227325 0.227325
4992.974121 0.000000 1198.879639 0.000000 0.035929 0.000000 -0.999354 0.240816 0.240816 0.240816
4993.439453 0.000000 1210.551270 0.000000 0.278993 0.000000 -0.960293 0.272736 0.272736 0.272736
5010.931641 0.000000 1217.498047 0.000000 0.987470 0.000000 -0.157807 0.236652 0.236652 0.236652
5001.306152 0.000000 1211.846436 0.000000 0.838405 0.000000 -0.545048 0.249438 0.249438 0.249438
5017.637695 0.000000 1222.869263 0.000000 0.962701 0.000000 -0.270568 0.238458 0.238458 0.238458
5003.119141 0.000000 1239.791016 0.000000 0.665481 0.000000 -0.746414 0.265761 0.265761 0.265761
5010.017090 0.000000 1209.956543 0.000000 0.306467 0.000000 -0.951881 0.339459 0.339459 0.339459
4994.200195 0.000000 1202.791138 0.000000 0.167563 0.000000 -0.985861 0.317911 0.317911 0.317911
5015.245605 0.000000 1241.832397 0.000000 0.995558 0.000000 -0.094155 0.306662 0.306662 0.306662
4998.483887 0.000000 1205.104248 0.000000 0.823024 0.000000 -0.568007 0.281619 0.281619 0.281619
5002.324219 0.000000 1217.665283 0.000000 0.870863 0.000000 -0.491526 0.288359 0.288359 0.288359
4996.483398 0.000000 1220.601685 0.000000 0.497553 0.000000 -0.867434 0.344507 0.344507 0.344507
5014.371582 0.000000 1238.997925 0.000000 0.978673 0.000000 -0.205424 0.318564 0.318564 0.318564
5015.875000 0.000000 1218.247681 0.000000 0.121281 0.000000 -0.992618 0.407759 0.407759 0.407759
5015.098145 0.000000 1205.186279 0.000000 0.782013 0.000000 -0.623262 0.308015 0.308015 0.308015
5012.687500 0.000000 1238.875000 0.000000 0.997522 0.000000 -0.070351 0.326470 0.326470 0.326470
5012.786621 0.000000 1203.507812 0.000000 0.857959 0.000000 -0.513719 0.305538 0.305538 0.305538
5009.981934 0.000000 1216.084106 0.000000 0.705190 0.000000 -0.709019 0.377261 0.377261 0.377261
5000.825684 0.000000 1220.680908 0.000000 0.519991 0.000000 -0.854172 0.408496 0.408496 0.408496
5001.808594 0.000000 1208.530151 0.000000 0.404000 0.000000 -0.914759 0.400955 0.400955 0.400955
4997.821289 0.000000 1203.778076 0.000000 0.336921 0.000000 -0.941533 0.362564 0.362564 0.362564
4999.860840 0.000000 1219.512085 0.000000 0.999710 0.000000 -0.024078 0.401539 0.401539 0.401539
5006.922852 0.000000 1216.392578 0.000000 0.992847 0.000000 -0.119396 0.312105 0.312105 0.312105
5003.080078 0.000000 1235.979492 0.000000 0.789297 0.000000 -0.614012 0.396280 0.396280 0.396280
5009.019043 0.000000 1214.789429 0.000000 0.807013 0.000000 -0.590533 0.415325 0.415325 0.415325
5014.136230 0.000000 1219.750488 0.000000 0.491916 0.000000 -0.870642 0.390476 0.390476 0.390476
5014.478516 0.000000 1234.078369 0.000000 0.598514 0.000000 -0.801112 0.330590 0.330590 0.330590
5009.384766 0.000000 1217.377197 0.000000 0.280965 0.000000 -0.959718 0.398996 0.398996 0.398996
5000.168945 0.000000 1221.947510 0.000000 0.601669 0.000000 -0.798745 0.403679 0.403679 0.403679
4999.009277 0.000000 1207.811768 0.000000 0.542783 0.000000 -0.839873 0.379019 0.379019 0.379019
5013.138184 0.000000 1241.987915 0.000000 0.261448 0.000000 -0.965218 0.454872 0.454872 0.454872
5013.588379 0.000000 1204.716553 0.000000 0.770572 0.000000 -0.637353 0.388119 0.388119 0.388119
5001.015625 0.000000 1218.153931 0.000000 0.024301 0.000000 -0.999705 0.466721 0.466721 0.466721
4993.285645 0.000000 1215.283813 0.000000 0.463929 0.000000 -0.885872 0.445665 0.445665 0.445665
4998.734863 0.000000 1236.225952 0.000000 0.857969 0.000000 -0.513701 0.436366 0.436366 0.436366
5009.695801 0.000000 1208.757202 0.000000 0.960527 0.000000 -0.278186 0.420621 0.420621 0.420621
5009.163574 0.000000 1206.592407 0.000000 0.386749 0.000000 -0.922185 0.489664 0.489664 0.489664
5015.062988 0.000000 1207.845825 0.000000 0.104070 0.000000 -0.994570 0.475984 0.475984 0.475984
5014.587402 0.000000 1218.125366 0.000000 0.409099 0.000000 -0.912490 0.394561 0.394561 0.394561
5008.823242 0.000000 1207.776611 0.000000 0.214833 0.000000 -0.976651 0.503459 0.503459 0.503459
5017.919434 0.000000 1221.778564 0.000000 0.968764 0.000000 -0.247985 0.419144 0.419144 0.419144
5008.829590 0.000000 1209.925903 0.000000 0.921632 0.000000 -0.388065 0.429152 0.429152 0.429152
5016.600586 0.000000 1209.278198 0.000000 0.358914 0.000000 -0.933371 0.491955 0.491955 0.491955
5008.709473 0.000000 1242.161743 0.000000 0.882619 0.000000 -0.470090 0.435554 0.435554 0.435554
5014.543945 0.000000 1230.258545 0.000000 0.603203 0.000000 -0.797588 0.468920 0.468920 0.468920
5000.532715 0.000000 1239.484863 0.000000 0.961511 0.000000 -0.274766 0.400404 0.400404 0.400404
5014.763672 0.000000 1231.583496 0.000000 0.466029 0.000000 -0.884770 0.481066 0.481066 0.481066
5000.416992 0.000000 1236.561279 0.000000 0.894515 0.000000 -0.447038 0.435405 0.435405 0.435405
5010.430664 0.000000 1241.305298 0.000000 0.115549 0.000000 -0.993302 0.511153 0.511153 0.511153
5001.910156 0.000000 1237.949585 0.000000 0.988779 0.000000 -0.149386 0.411455 0.411455 0.411455
5012.263184 0.000000 1242.346924 0.000000 0.260896 0.000000 -0.965367 0.499836 0.499836 0.499836
4945.373535 0.000000 1242.762695 0.000000 0.874381 0.000000 -0.485241 0.288181 0.288181 0.288181
4949.078125 0.000000 1244.783936 0.000000 0.312642 0.000000 -0.949871 0.327307 0.327307 0.327307
4998.675781 0.000000 1245.541382 0.000000 0.901503 0.000000 -0.432773 0.281753 0.281753 0.281753
5008.411621 0.000000 1247.050781 0.000000 0.835913 0.000000 -0.548862 0.396280 0.396280 0.396280
5007.355469 0.000000 1244.259521 0.000000 0.774449 0.000000 -0.632636 0.355097 0.355097 0.355097
5009.910645 0.000000 1244.682373 0.000000 0.835204 0.000000 -0.549940 0.412548 0.412548 0.412548
5009.996094 0.000000 1243.623413 0.000000 0.822875 0.000000 -0.568222 0.443905 0.443905 0.443905
5007.315918 0.000000 1246.559692 0.000000 0.842890 0.000000 -0.538085 0.443405 0.443405 0.443405
5006.077637 0.000000 1247.530273 0.000000 0.781639 0.000000 -0.623731 0.451452 0.451452 0.451452
5013.816895 0.000000 1245.555298 0.000000 0.920904 0.000000 -0.389789 0.430588 0.430588 0.430588
5018.616699 0.000000 1474.803223 0.000000 0.899541 0.000000 -0.436836 0.203329 0.203329 0.203329
5020.903809 0.000000 1475.215088 0.000000 0.990578 0.000000 -0.136947 0.230570 0.230570 0.230570
5035.536621 0.000000 1482.156860 0.000000 0.893497 0.000000 -0.449069 0.247582 0.247582 0.247582
5022.270508 0.000000 1477.870483 0.000000 0.986039 0.000000 -0.166516 0.284441 0.284441 0.284441
5012.698242 0.000000 1473.777832 0.000000 0.633660 0.000000 -0.773611 0.297542 0.297542 0.297542
5034.243164 0.000000 1474.478638 0.000000 0.972478 0.000000 -0.232995 0.362768 0.362768 0.362768
5022.455078 0.000000 1474.672241 0.000000 0.934583 0.000000 -0.355745 0.364992 0.364992 0.364992
5034.270996 0.000000 1476.085571 0.000000 0.518034 0.000000 -0.855360 0.437491 0.437491 0.437491
5025.012207 0.000000 1478.807007 0.000000 0.060706 0.000000 -0.998156 0.457776 0.457776 0.457776
5011.230957 0.000000 1471.283447 0.000000 0.705195 0.000000 -0.709013 0.392744 0.392744 0.392744
5037.841309 0.000000 1476.917847 0.000000 0.989720 0.000000 -0.143016 0.329233 0.329233 0.329233
5038.689453 0.000000 1480.893311 0.000000 0.283886 0.000000 -0.958858 0.387861 0.387861 0.387861
5029.009277 0.000000 1474.655518 0.000000 0.717570 0.000000 -0.696487 0.380683 0.380683 0.380683
5038.116699 0.000000 1483.016235 0.000000 0.819642 0.000000 -0.572876 0.439139 0.439139 0.439139
5024.474609 0.000000 1479.822876 0.000000 0.014058 0.000000 -0.999901 0.460325 0.460325 0.460325
5036.707520 0.000000 1482.651367 0.000000 0.428797 0.000000 -0.903401 0.443188 0.443188 0.443188
5026.780762 0.000000 1480.263672 0.000000 0.997073 0.000000 -0.076456 0.405216 0.405216 0.405216
5026.693359 0.000000 1476.655518 0.000000 0.999114 0.000000 -0.042097 0.403217 0.403217 0.403217
5220.219727 0.000000 1226.329346 0.000000 0.686496 0.000000 -0.727134 0.207114 0.207114 0.207114
5214.427246 0.000000 1224.459106 0.000000 0.691894 0.000000 -0.721999 0.300985 0.300985 0.300985
5222.209961 0.000000 1219.671753 0.000000 0.217078 0.000000 -0.976154 0.328641 0.328641 0.328641
5221.219727 0.000000 1209.751343 0.000000 0.998408 0.000000 -0.056395 0.336198 0.336198 0.336198
5223.139160 0.000000 1209.899536 0.000000 0.952601 0.000000 -0.304222 0.313542 0.313542 0.313542
5216.099609 0.000000 1222.991455 0.000000 0.759724 0.000000 -0.650246 0.388922 0.388922 0.388922
5218.905762 0.000000 1221.552856 0.000000 0.975253 0.000000 -0.221091 0.383893 0.383893 0.383893
5223.114258 0.000000 1216.626709 0.000000 0.700844 0.000000 -0.713314 0.408678 0.408678 0.408678
5216.756836 0.000000 1225.793945 0.000000 0.837995 0.000000 -0.545677 0.370708 0.370708 0.370708
5216.511719 0.000000 1217.169189 0.000000 0.205966 0.000000 -0.978559 0.487474 0.487474 0.487474
5218.794922 0.000000 1223.079712 0.000000 0.492614 0.000000 -0.870248 0.402475 0.402475 0.402475
5222.902344 0.000000 1214.777710 0.000000 0.916884 0.000000 -0.399153 0.431367 0.431367 0.431367
5218.885254 0.000000 1215.756592 0.000000 0.847281 0.000000 -0.531145 0.436207 0.436207 0.436207
5215.658691 0.000000 1221.705566 0.000000 0.457846 0.000000 -0.889032 0.473552 0.473552 0.473552
5226.333984 0.000000 1213.265503 0.000000 0.297346 0.000000 -0.954770 0.496936 0.496936 0.496936
5225.625977 0.000000 1215.759766 0.000000 0.866337 0.000000 -0.499460 0.439952 0.439952 0.439952
5217.384277 0.000000 1211.595337 0.000000 0.925948 0.000000 -0.377651 0.426587 0.426587 0.426587
5220.714355 0.000000 1215.850098 0.000000 0.995840 0.000000 -0.091122 0.406242 0.406242 0.406242
5217.700195 0.000000 1224.927368 0.000000 0.959970 0.000000 -0.280102 0.357695 0.357695 0.357695
5213.300293 0.000000 1211.086304 0.000000 0.878608 0.000000 -0.477543 0.432565 0.432565 0.432565
5225.674316 0.000000 1210.470459 0.000000 0.968518 0.000000 -0.248945 0.418404 0.418404 0.418404
5221.796387 0.000000 1218.614868 0.000000 0.999380 0.000000 -0.035199 0.376137 0.376137 0.376137
5212.152344 0.000000 1210.096802 0.000000 0.948148 0.000000 -0.317828 0.421156 0.421156 0.421156
5214.298340 0.000000 1210.227539 0.000000 0.109141 0.000000 -0.994026 0.498511 0.498511 0.498511
5226.868164 0.000000 1214.307983 0.000000 0.400028 0.000000 -0.916503 0.443378 0.443378 0.443378
5227.478516 0.000000 1212.499756 0.000000 0.135599 0.000000 -0.990764 0.509609 0.509609 0.509609
5212.754395 0.000000 1208.911133 0.000000 0.998783 0.000000 -0.049328 0.403548 0.403548 0.403548
5223.511230 0.000000 1211.056641 0.000000 0.933107 0.000000 -0.359598 0.425070 0.425070 0.425070
5222.142578 0.000000 1210.263550 0.000000 0.979336 0.000000 -0.202239 0.413879 0.413879 0.413879
5219.929199 0.000000 1210.110474 0.000000 0.367032 0.000000 -0.930208 0.482936 0.482936 0.482936
6148.957031 0.000000 328.588959 0.000000 0.103711 0.000000 -0.994608 0.211536 0.211536 0.211536
6202.308594 0.000000 327.021423 0.000000 0.736720 0.000000 -0.676198 0.206396 0.206396 0.206396
6144.226074 0.000000 333.738892 0.000000 0.920475 0.000000 -0.390801 0.213987 0.213987 0.213987
6150.113770 0.000000 321.380371 0.000000 0.717738 0.000000 -0.696313 0.226981 0.226981 0.226981
6144.956543 0.000000 323.541779 0.000000 0.263670 0.000000 -0.964613 0.257387 0.257387 0.257387
6207.545410 0.000000 314.380981 0.000000 0.040255 0.000000 -0.999189 0.247951 0.247951 0.247951
6207.940430 0.000000 301.871368 0.000000 0.847452 0.000000 -0.530871 0.255406 0.255406 0.255406
6204.370605 0.000000 328.318512 0.000000 0.023592 0.000000 -0.999722 0.261299 0.261299 0.261299
6204.605469 0.000000 314.348480 0.000000 0.943419 0.000000 -0.331603 0.239460 0.239460 0.239460
6204.194824 0.000000 318.011017 0.000000 0.674802 0.000000 -0.737999 0.255000 0.255000 0.255000
6203.144043 0.000000 334.611542 0.000000 0.755241 0.000000 -0.655447 0.323855 0.323855 0.323855
6206.222168 0.000000 305.133545 0.000000 0.986490 0.000000 -0.163824 0.297213 0.297213 0.297213
6201.562012 0.000000 330.715759 0.000000 0.846284 0.000000 -0.532733 0.350279 0.350279 0.350279
6235.221680 0.000000 328.450439 0.000000 0.785988 0.000000 -0.618242 0.204659 0.204659 0.204659
6226.853027 0.000000 319.029297 0.000000 0.649204 0.000000 -0.760614 0.207660 0.207660 0.207660
6244.219727 0.000000 322.579376 0.000000 0.179105 0.000000 -0.983830 0.211978 0.211978 0.211978
6234.771973 0.000000 332.332153 0.000000 0.364708 0.000000 -0.931122 0.211211 0.211211 0.211211
6257.098145 0.000000 296.797791 0.000000 0.988818 0.000000 -0.149126 0.215785 0.215785 0.215785
6237.536621 0.000000 322.435028 0.000000 0.913970 0.000000 -0.405781 0.210571 0.210571 0.210571
6248.221680 0.000000 302.865112 0.000000 0.032848 0.000000 -0.999460 0.220984 0.220984 0.220984
6238.841309 0.000000 314.054016 0.000000 0.959322 0.000000 -0.282315 0.230374 0.230374 0.230374
6211.898438 0.000000 335.178528 0.000000 0.998451 0.000000 -0.055631 0.212405 0.212405 0.212405
6222.569336 0.000000 316.190643 0.000000 0.002992 0.000000 -0.999996 0.235502 0.235502 0.235502
6246.885742 0.000000 326.583588 0.000000 0.020335 0.000000 -0.999793 0.252586 0.252586 0.252586
6215.173340 0.000000 311.628571 0.000000 0.999755 0.000000 -0.022154 0.224393 0.224393 0.224393
6236.691406 0.000000 330.514160 0.000000 0.764219 0.000000 -0.644957 0.231166 0.231166 0.231166
6224.405273 0.000000 319.976959 0.000000 0.596622 0.000000 -0.802522 0.240807 0.240807 0.240807
6212.637695 0.000000 300.994690 0.000000 0.395792 0.000000 -0.918340 0.237319 0.237319 0.237319
6211.928711 0.000000 312.553772 0.000000 0.381209 0.000000 -0.924489 0.238894 0.238894 0.238894
6241.651855 0.000000 318.619354 0.000000 0.247444 0.000000 -0.968902 0.260493 0.260493 0.260493
6231.550293 0.000000 324.210815 0.000000 0.091628 0.000000 -0.995793 0.282207 0.282207 0.282207
6208.010254 0.000000 311.108185 0.000000 0.952292 0.000000 -0.305189 0.225971 0.225971 0.225971
6245.593262 0.000000 324.632538 0.000000 0.026036 0.000000 -0.999661 0.264196 0.264196 0.264196
6220.076660 0.000000 317.732361 0.000000 0.686767 0.000000 -0.726878 0.245600 0.245600 0.245600
6256.749512 0.000000 305.029510 0.000000 0.845894 0.000000 -0.533351 0.269285 0.269285 0.269285
6227.258789 0.000000 321.315399 0.000000 0.788899 0.000000 -0.614523 0.259790 0.259790 0.259790
6213.852539 0.000000 305.267456 0.000000 0.914265 0.000000 -0.405116 0.285963 0.285963 0.285963
6208.668457 0.000000 300.192291 0.000000 0.618197 0.000000 -0.786023 0.276322 0.276322 0.276322
6258.491699 0.000000 306.062134 0.000000 0.939162 0.000000 -0.343475 0.240855 0.240855 0.240855
6239.859863 0.000000 330.255371 0.000000 0.804689 0.000000 -0.593696 0.273351 0.273351 0.273351
6242.456055 0.000000 327.374786 0.000000 0.679698 0.000000 -0.733492 0.268037 0.268037 0.268037
6258.463867 0.000000 298.350220 0.000000 0.826809 0.000000 -0.562482 0.273816 0.273816 0.273816
6260.288574 0.000000 303.251984 0.000000 0.970525 0.000000 -0.241000 0.276915 0.276915 0.276915
6214.066895 0.000000 315.557373 0.000000 0.011932 0.000000 -0.999929 0.282270 0.282270 0.282270
6238.899414 0.000000 335.283691 0.000000 0.998062 0.000000 -0.062232 0.303357 0.303357 0.303357
6217.975098 0.000000 319.933960 0.000000 0.346638 0.000000 -0.937999 0.354627 0.354627 0.354627
6253.502441 0.000000 304.782684 0.000000 0.976906 0.000000 -0.213671 0.292771 0.292771 0.292771
6212.483398 0.000000 316.851746 0.000000 0.493452 0.000000 -0.869773 0.363671 0.363671 0.363671
6235.789062 0.000000 317.601562 0.000000 0.404345 0.000000 -0.914607 0.280064 0.280064 0.280064
6234.534668 0.000000 337.217346 0.000000 0.962188 0.000000 -0.272387 0.316095 0.316095 0.316095
6257.404785 0.000000 301.880005 0.000000 0.632165 0.000000 -0.774834 0.318163 0.318163 0.318163
6256.528809 0.000000 303.302856 0.000000 0.875839 0.000000 -0.482604 0.305785 0.305785 0.305785
6220.826172 0.000000 321.608002 0.000000 0.997890 0.000000 -0.064923 0.333119 0.333119 0.333119
6211.459473 0.000000 318.938110 0.000000 0.678652 0.000000 -0.734460 0.310934 0.310934 0.310934
6238.198730 0.000000 333.670044 0.000000 0.472040 0.000000 -0.881577 0.320884 0.320884 0.320884
6225.954102 0.000000 320.446075 0.000000 0.152038 0.000000 -0.988375 0.303250 0.303250 0.303250
6219.164062 0.000000 318.976990 0.000000 0.970776 0.000000 -0.239986 0.332969 0.332969 0.332969
6216.825684 0.000000 316.930969 0.000000 0.673313 0.000000 -0.739357 0.319318 0.319318 0.319318
6220.710449 0.000000 319.155670 0.000000 0.948161 0.000000 -0.317791 0.331123 0.331123 0.331123
6211.273438 0.000000 307.255096 0.000000 0.088729 0.000000 -0.996056 0.335444 0.335444 0.335444
6208.011719 0.000000 307.274994 0.000000 0.460382 0.000000 -0.887721 0.324138 0.324138 0.324138
6213.865234 0.000000 317.247925 0.000000 0.160286 0.000000 -0.987071 0.377091 0.377091 0.377091
6218.652832 0.000000 321.487671 0.000000 0.482180 0.000000 -0.876072 0.355331 0.355331 0.355331
6216.168945 0.000000 318.197540 0.000000 0.879843 0.000000 -0.475264 0.329709 0.329709 0.329709
6221.509277 0.000000 320.198151 0.000000 0.972105 0.000000 -0.234547 0.339959 0.339959 0.339959
6235.171875 0.000000 338.382111 0.000000 0.878986 0.000000 -0.476848 0.403801 0.403801 0.403801
6205.041992 0.000000 394.564392 0.000000 0.176050 0.000000 -0.984381 0.210439 0.210439 0.210439
6205.449707 0.000000 348.392426 0.000000 0.955744 0.000000 -0.294199 0.205787 0.205787 0.205787
6204.365723 0.000000 341.633911 0.000000 0.322606 0.000000 -0.946533 0.226050 0.226050 0.226050
6196.340820 0.000000 339.242340 0.000000 0.195307 0.000000 -0.980742 0.234519 0.234519 0.234519
6147.898438 0.000000 391.662903 0.000000 0.474372 0.000000 -0.880325 0.230804 0.230804 0.230804
6207.022949 0.000000 393.071808 0.000000 0.145670 0.000000 -0.989333 0.255018 0.255018 0.255018
6146.854492 0.000000 386.453186 0.000000 0.162930 0.000000 -0.986638 0.273498 0.273498 0.273498
6200.373535 0.000000 339.044678 0.000000 0.875007 0.000000 -0.484110 0.234697 0.234697 0.234697
6145.278809 0.000000 384.781464 0.000000 0.431887 0.000000 -0.901928 0.282251 0.282251 0.282251
6149.188477 0.000000 381.646332 0.000000 0.102113 0.000000 -0.994773 0.287936 0.287936 0.287936
6151.299805 0.000000 379.644379 0.000000 0.217515 0.000000 -0.976057 0.252475 0.252475 0.252475
6145.798828 0.000000 388.845306 0.000000 0.333296 0.000000 -0.942822 0.278768 0.278768 0.278768
6201.029297 0.000000 345.343048 0.000000 0.551529 0.000000 -0.834156 0.268477 0.268477 0.268477
6148.253418 0.000000 378.272156 0.000000 0.576111 0.000000 -0.817372 0.278763 0.278763 0.278763
6144.003906 0.000000 380.986176 0.000000 0.323474 0.000000 -0.946237 0.349424 0.349424 0.349424
6244.049805 0.000000 375.195831 0.000000 0.599591 0.000000 -0.800306 0.206601 0.206601 0.206601
6241.638184 0.000000 385.674896 0.000000 0.930168 0.000000 -0.367135 0.203379 0.203379 0.203379
6217.808105 0.000000 374.611816 0.000000 0.994400 0.000000 -0.105682 0.200965 0.200965 0.200965
6234.771973 0.000000 388.816528 0.000000 0.795800 0.000000 -0.605560 0.205765 0.205765 0.205765
6220.424805 0.000000 357.325989 0.000000 0.999910 0.000000 -0.013448 0.220904 0.220904 0.220904
6219.713867 0.000000 376.909393 0.000000 0.619447 0.000000 -0.785039 0.226035 0.226035 0.226035
6224.764160 0.000000 354.858246 0.000000 0.999998 0.000000 -0.001777 0.222993 0.222993 0.222993
6219.443359 0.000000 368.893311 0.000000 0.952944 0.000000 -0.303148 0.212947 0.212947 0.212947
6218.422852 0.000000 362.653809 0.000000 0.921677 0.000000 -0.387959 0.234369 0.234369 0.234369
6215.290527 0.000000 373.578613 0.000000 0.889383 0.000000 -0.457164 0.214802 0.214802 0.214802
6228.862305 0.000000 387.573273 0.000000 0.772742 0.000000 -0.634721 0.247474 0.247474 0.247474
6243.895020 0.000000 351.419861 0.000000 0.866395 0.000000 -0.499359 0.227571 0.227571 0.227571
6222.452148 0.000000 394.501007 0.000000 0.996135 0.000000 -0.087831 0.208227 0.208227 0.208227
6227.875488 0.000000 354.355072 0.000000 0.984750 0.000000 -0.173975 0.232274 0.232274 0.232274
6241.762695 0.000000 350.274811 0.000000 0.995221 0.000000 -0.097645 0.253994 0.253994 0.253994
6240.505859 0.000000 383.564056 0.000000 0.132411 0.000000 -0.991195 0.262431 0.262431 0.262431
6209.116211 0.000000 375.405457 0.000000 0.913230 0.000000 -0.407444 0.227427 0.227427 0.227427
6209.729980 0.000000 371.498535 0.000000 0.328680 0.000000 -0.944441 0.266113 0.266113 0.266113
6209.798828 0.000000 388.845306 0.000000 0.318987 0.000000 -0.947759 0.253662 0.253662 0.253662
6245.382812 0.000000 366.488281 0.000000 0.093450 0.000000 -0.995624 0.257275 0.257275 0.257275
6213.887695 0.000000 369.734894 0.000000 0.964036 0.000000 -0.265772 0.272756 0.272756 0.272756
6227.139160 0.000000 386.569977 0.000000 0.738417 0.000000 -0.674344 0.311241 0.311241 0.311241
6219.119141 0.000000 392.525421 0.000000 0.357363 0.000000 -0.933966 0.327417 0.327417 0.327417
6222.008789 0.000000 358.651306 0.000000 0.971137 0.000000 -0.238521 0.276855 0.276855 0.276855
6221.989746 0.000000 365.820740 0.000000 0.925485 0.000000 -0.378784 0.300010 0.300010 0.300010
6236.971191 0.000000 384.218933 0.000000 0.564412 0.000000 -0.825493 0.272252 0.272252 0.272252
6242.989746 0.000000 371.120636 0.000000 0.145253 0.000000 -0.989395 0.349282 0.349282 0.349282
6220.884766 0.000000 385.888672 0.000000 0.902885 0.000000 -0.429883 0.297838 0.297838 0.297838
6239.343262 0.000000 382.043030 0.000000 0.838277 0.000000 -0.545245 0.314339 0.314339 0.314339
6223.409668 0.000000 379.066467 0.000000 0.857280 0.000000 -0.514850 0.324827 0.324827 0.324827
6223.572266 0.000000 370.506134 0.000000 0.457457 0.000000 -0.889232 0.322793 0.322793 0.322793
6228.010742 0.000000 383.115601 0.000000 0.732065 0.000000 -0.681235 0.367266 0.367266 0.367266
6225.633301 0.000000 387.735107 0.000000 0.078639 0.000000 -0.996903 0.372140 0.372140 0.372140
6210.931152 0.000000 370.380951 0.000000 0.491166 0.000000 -0.871066 0.323123 0.323123 0.323123
6225.270508 0.000000 389.723846 0.000000 0.031583 0.000000 -0.999501 0.303031 0.303031 0.303031
6222.941895 0.000000 364.546814 0.000000 0.999994 0.000000 -0.003433 0.313845 0.313845 0.313845
6231.098145 0.000000 357.920593 0.000000 0.991993 0.000000 -0.126293 0.311176 0.311176 0.311176
6228.698242 0.000000 344.090271 0.000000 0.779230 0.000000 -0.626738 0.283297 0.283297 0.283297
6238.635254 0.000000 383.469543 0.000000 0.665226 0.000000 -0.746642 0.322383 0.322383 0.322383
6222.515625 0.000000 388.852936 0.000000 0.491730 0.000000 -0.870748 0.347641 0.347641 0.347641
6228.786621 0.000000 356.242188 0.000000 0.937966 0.000000 -0.346728 0.292933 0.292933 0.292933
6233.591309 0.000000 356.888000 0.000000 0.414933 0.000000 -0.909852 0.403486 0.403486 0.403486
6225.981934 0.000000 368.818481 0.000000 0.973983 0.000000 -0.226621 0.342032 0.342032 0.342032
6232.543945 0.000000 353.407623 0.000000 0.999901 0.000000 -0.014098 0.362609 0.362609 0.362609
6223.615723 0.000000 367.660614 0.000000 0.989889 0.000000 -0.141844 0.323352 0.323352 0.323352
6243.868164 0.000000 354.747131 0.000000 0.824376 0.000000 -0.566043 0.337325 0.337325 0.337325
6228.957031 0.000000 367.067200 0.000000 0.948379 0.000000 -0.317139 0.306667 0.306667 0.306667
6225.551270 0.000000 372.848236 0.000000 0.803445 0.000000 -0.595379 0.346579 0.346579 0.346579
6235.908691 0.000000 344.409821 0.000000 0.925743 0.000000 -0.378152 0.379996 0.379996 0.379996
6228.652832 0.000000 372.565338 0.000000 0.372869 0.000000 -0.927884 0.462695 0.462695 0.462695
6230.790527 0.000000 365.435120 0.000000 0.207367 0.000000 -0.978263 0.431530 0.431530 0.431530
6224.015625 0.000000 372.690582 0.000000 0.161105 0.000000 -0.986937 0.375471 0.375471 0.375471
6210.917480 0.000000 372.335693 0.000000 0.969329 0.000000 -0.245767 0.299643 0.299643 0.299643
6237.330566 0.000000 355.013428 0.000000 0.251889 0.000000 -0.967756 0.477069 0.477069 0.477069
6225.019043 0.000000 367.523804 0.000000 0.497272 0.000000 -0.867595 0.356173 0.356173 0.356173
6225.383301 0.000000 375.413635 0.000000 0.838750 0.000000 -0.544516 0.311728 0.311728 0.311728
6225.384766 0.000000 370.111603 0.000000 0.278064 0.000000 -0.960563 0.384979 0.384979 0.384979
6234.960938 0.000000 375.194611 0.000000 0.997125 0.000000 -0.075779 0.405113 0.405113 0.405113
6235.985840 0.000000 349.664307 0.000000 0.916871 0.000000 -0.399185 0.367124 0.367124 0.367124
6230.880859 0.000000 379.469482 0.000000 0.505365 0.000000 -0.862906 0.470690 0.470690 0.470690
6237.169434 0.000000 342.505859 0.000000 0.877815 0.000000 -0.478999 0.340116 0.340116 0.340116
6240.928711 0.000000 354.897491 0.000000 0.915515 0.000000 -0.402285 0.426977 0.426977 0.426977
6232.170898 0.000000 350.407104 0.000000 0.110707 0.000000 -0.993853 0.472142 0.472142 0.472142
6227.806641 0.000000 374.207520 0.000000 0.998389 0.000000 -0.056734 0.345335 0.345335 0.345335
6241.452148 0.000000 376.450012 0.000000 0.235671 0.000000 -0.971833 0.441521 0.441521 0.441521
6228.586426 0.000000 378.210266 0.000000 0.631912 0.000000 -0.775040 0.425228 0.425228 0.425228
6230.003418 0.000000 368.122559 0.000000 0.782350 0.000000 -0.622840 0.443308 0.443308 0.443308
6240.756836 0.000000 378.528290 0.000000 0.185847 0.000000 -0.982579 0.382450 0.382450 0.382450
6242.804199 0.000000 362.888458 0.000000 0.942701 0.000000 -0.333638 0.355224 0.355224 0.355224
6237.531738 0.000000 339.749878 0.000000 0.742337 0.000000 -0.670026 0.432448 0.432448 0.432448
6236.146484 0.000000 340.266846 0.000000 0.983861 0.000000 -0.178935 0.375643 0.375643 0.375643
6224.687012 0.000000 365.020111 0.000000 0.675359 0.000000 -0.737489 0.345406 0.345406 0.345406
6225.509277 0.000000 366.276733 0.000000 0.168361 0.000000 -0.985725 0.368871 0.368871 0.368871
6223.300293 0.000000 381.994446 0.000000 0.151731 0.000000 -0.988422 0.379012 0.379012 0.379012
6233.165527 0.000000 363.104858 0.000000 0.615047 0.000000 -0.788490 0.463950 0.463950 0.463950
6225.638672 0.000000 380.204651 0.000000 0.141556 0.000000 -0.989930 0.405228 0.405228 0.405228
6235.964355 0.000000 341.615784 0.000000 0.282736 0.000000 -0.959198 0.482072 0.482072 0.482072
6242.885254 0.000000 368.490997 0.000000 0.132285 0.000000 -0.991212 0.381363 0.381363 0.381363
6236.418945 0.000000 357.792725 0.000000 0.966428 0.000000 -0.256938 0.388311 0.388311 0.388311
6239.658691 0.000000 374.439911 0.000000 0.250070 0.000000 -0.968228 0.500691 0.500691 0.500691
6233.036621 0.000000 383.141571 0.000000 0.933103 0.000000 -0.359610 0.389103 0.389103 0.389103
6238.751465 0.000000 378.497864 0.000000 0.265885 0.000000 -0.964005 0.490991 0.490991 0.490991
6231.642578 0.000000 346.325317 0.000000 0.142055 0.000000 -0.989859 0.456691 0.456691 0.456691
6233.027344 0.000000 344.104919 0.000000 0.767087 0.000000 -0.641543 0.444341 0.444341 0.444341
6241.111816 0.000000 372.425842 0.000000 0.965852 0.000000 -0.259094 0.419106 0.419106 0.419106
6230.552246 0.000000 363.154510 0.000000 0.965478 0.000000 -0.260484 0.373839 0.373839 0.373839
6234.409180 0.000000 351.762604 0.000000 0.431739 0.000000 -0.901999 0.457229 0.457229 0.457229
6233.643555 0.000000 340.228485 0.000000 0.138441 0.000000 -0.990371 0.398857 0.398857 0.398857
6237.867188 0.000000 359.763947 0.000000 0.565052 0.000000 -0.825055 0.405879 0.405879 0.405879
6231.062988 0.000000 360.580231 0.000000 0.184473 0.000000 -0.982838 0.439317 0.439317 0.439317
6240.381836 0.000000 366.085449 0.000000 0.195899 0.000000 -0.980624 0.504937 0.504937 0.504937
6230.587402 0.000000 370.859741 0.000000 0.545363 0.000000 -0.838200 0.475934 0.475934 0.475934
6241.384277 0.000000 364.329651 0.000000 0.988996 0.000000 -0.147944 0.411344 0.411344 0.411344
6237.522949 0.000000 366.710144 0.000000 0.766051 0.000000 -0.642779 0.453333 0.453333 0.453333
6236.055664 0.000000 365.431061 0.000000 0.828118 0.000000 -0.560554 0.445459 0.445459 0.445459
6237.300293 0.000000 363.820709 0.000000 0.265683 0.000000 -0.964060 0.499457 0.499457 0.499457
6240.945312 0.000000 357.561676 0.000000 0.812947 0.000000 -0.582337 0.440038 0.440038 0.440038
6226.832031 0.000000 383.084015 0.000000 0.496120 0.000000 -0.868254 0.426615 0.426615 0.426615
6225.554199 0.000000 385.086945 0.000000 0.660060 0.000000 -0.751213 0.427583 0.427583 0.427583
6238.718750 0.000000 358.328064 0.000000 0.543698 0.000000 -0.839281 0.464648 0.464648 0.464648
6229.595215 0.000000 370.073853 0.000000 0.328534 0.000000 -0.944492 0.420429 0.420429 0.420429
6233.919434 0.000000 374.513000 0.000000 0.194927 0.000000 -0.980818 0.502954 0.502954 0.502954
6232.987793 0.000000 370.782593 0.000000 0.978157 0.000000 -0.207866 0.415996 0.415996 0.415996
6239.106934 0.000000 367.256866 0.000000 0.528251 0.000000 -0.849088 0.477484 0.477484 0.477484
6232.585449 0.000000 364.125031 0.000000 0.456183 0.000000 -0.889886 0.480251 0.480251 0.480251
6232.600586 0.000000 362.012634 0.000000 0.467579 0.000000 -0.883951 0.476334 0.476334 0.476334
6241.994629 0.000000 371.675781 0.000000 0.821573 0.000000 -0.570104 0.445283 0.445283 0.445283
6240.597168 0.000000 368.338379 0.000000 0.676360 0.000000 -0.736572 0.463254 0.463254 0.463254
6239.786621 0.000000 354.995178 0.000000 0.253878 0.000000 -0.967236 0.488908 0.488908 0.488908
6241.611328 0.000000 361.998108 0.000000 0.998499 0.000000 -0.054778 0.403872 0.403872 0.403872
6232.195801 0.000000 342.033752 0.000000 0.056701 0.000000 -0.998391 0.475320 0.475320 0.475320
6238.740723 0.000000 365.130280 0.000000 0.935160 0.000000 -0.354226 0.427661 0.427661 0.427661
6238.298340 0.000000 362.961884 0.000000 0.241109 0.000000 -0.970498 0.501397 0.501397 0.501397
6234.425781 0.000000 372.306152 0.000000 0.848464 0.000000 -0.529253 0.442607 0.442607 0.442607
6235.600098 0.000000 380.027130 0.000000 0.713094 0.000000 -0.701068 0.434984 0.434984 0.434984
6241.302734 0.000000 366.646423 0.000000 0.880750 0.000000 -0.473582 0.437689 0.437689 0.437689
6234.647949 0.000000 378.873688 0.000000 0.990911 0.000000 -0.134516 0.408691 0.408691 0.408691
6235.130859 0.000000 371.307190 0.000000 0.929760 0.000000 -0.368167 0.428804 0.428804 0.428804
6239.778320 0.000000 378.168762 0.000000 0.975777 0.000000 -0.218767 0.415417 0.415417 0.415417
6236.595215 0.000000 379.535065 0.000000 0.275270 0.000000 -0.961367 0.489665 0.489665 0.489665
6233.362793 0.000000 345.113861 0.000000 0.905278 0.000000 -0.424819 0.427932 0.427932 0.427932
6237.017578 0.000000 370.526031 0.000000 0.999083 0.000000 -0.042816 0.403272 0.403272 0.403272
6240.608887 0.000000 374.815857 0.000000 0.796382 0.000000 -0.604793 0.443295 0.443295 0.443295
6235.540039 0.000000 377.940430 0.000000 0.535152 0.000000 -0.844756 0.465558 0.465558 0.465558
6230.202637 0.000000 376.433960 0.000000 0.846883 0.000000 -0.531780 0.440875 0.440875 0.440875
6234.668945 0.000000 361.923157 0.000000 0.969147 0.000000 -0.246485 0.416974 0.416974 0.416974
6230.996094 0.000000 371.783081 0.000000 0.626015 0.000000 -0.779811 0.468324 0.468324 0.468324
6237.504883 0.000000 379.964844 0.000000 0.919676 0.000000 -0.392678 0.428007 0.428007 0.428007
6236.632812 0.000000 372.382721 0.000000 0.006666 0.000000 -0.999978 0.519491 0.519491 0.519491
6236.635742 0.000000 378.534363 0.000000 0.651525 0.000000 -0.758627 0.459771 0.459771 0.459771
6238.146484 0.000000 371.243713 0.000000 0.930444 0.000000 -0.366433 0.428661 0.428661 0.428661
6241.530762 0.000000 367.974884 0.000000 0.864188 0.000000 -0.503169 0.440280 0.440280 0.440280
6231.602051 0.000000 374.201569 0.000000 0.528765 0.000000 -0.848769 0.474401 0.474401 0.474401
6236.157227 0.000000 371.565704 0.000000 0.277103 0.000000 -0.960840 0.498550 0.498550 0.498550
6238.988770 0.000000 368.200043 0.000000 0.969614 0.000000 -0.244640 0.418881 0.418881 0.418881
6240.735840 0.000000 365.108093 0.000000 0.449160 0.000000 -0.893451 0.484414 0.484414 0.484414
6232.848145 0.000000 366.444794 0.000000 0.886844 0.000000 -0.462069 0.436694 0.436694 0.436694
6239.382812 0.000000 364.023773 0.000000 0.994361 0.000000 -0.106044 0.408116 0.408116 0.408116
6238.757324 0.000000 362.152039 0.000000 0.758886 0.000000 -0.651224 0.454179 0.454179 0.454179
6149.348633 0.000000 403.832397 0.000000 0.951781 0.000000 -0.306778 0.202841 0.202841 0.202841
6146.759766 0.000000 404.505219 0.000000 0.138309 0.000000 -0.990389 0.236649 0.236649 0.236649
6148.015137 0.000000 401.477692 0.000000 0.607349 0.000000 -0.794435 0.226220 0.226220 0.226220
6148.206055 0.000000 397.645569 0.000000 0.254397 0.000000 -0.967100 0.243489 0.243489 0.243489
6144.013672 0.000000 399.913361 0.000000 0.519364 0.000000 -0.854553 0.305221 0.305221 0.305221
6226.974121 0.000000 396.793549 0.000000 0.650679 0.000000 -0.759353 0.207320 0.207320 0.207320
6218.448242 0.000000 398.995575 0.000000 0.952034 0.000000 -0.305991 0.224798 0.224798 0.224798
6462.612305 0.000000 1463.749634 0.000000 0.057308 0.000000 -0.998357 0.212847 0.212847 0.212847
6458.308594 0.000000 1456.708984 0.000000 0.224271 0.000000 -0.974527 0.212253 0.212253 0.212253
6447.143066 0.000000 1437.786865 0.000000 0.206342 0.000000 -0.978480 0.312382 0.312382 0.312382
6463.474121 0.000000 1457.333862 0.000000 0.309682 0.000000 -0.950840 0.270717 0.270717 0.270717
6460.200684 0.000000 1456.182007 0.000000 0.313884 0.000000 -0.949461 0.318384 0.318384 0.318384
6442.288086 0.000000 1442.791626 0.000000 0.980940 0.000000 -0.194310 0.276955 0.276955 0.276955
6458.544922 0.000000 1444.080078 0.000000 0.902382 0.000000 -0.430937 0.297870 0.297870 0.297870
6461.962402 0.000000 1457.897461 0.000000 0.993842 0.000000 -0.110809 0.287592 0.287592 0.287592
6453.526855 0.000000 1446.044922 0.000000 0.970295 0.000000 -0.241927 0.288812 0.288812 0.288812
6461.369629 0.000000 1459.405151 0.000000 0.797164 0.000000 -0.603763 0.327044 0.327044 0.327044
6460.833984 0.000000 1461.837646 0.000000 0.970836 0.000000 -0.239743 0.383702 0.383702 0.383702
6459.498047 0.000000 1459.143433 0.000000 0.972486 0.000000 -0.232962 0.315946 0.315946 0.315946
6450.095215 0.000000 1452.446289 0.000000 0.347662 0.000000 -0.937620 0.378937 0.378937 0.378937
6463.399414 0.000000 1460.601685 0.000000 0.988905 0.000000 -0.148552 0.366994 0.366994 0.366994
6454.159668 0.000000 1462.756104 0.000000 0.905293 0.000000 -0.424787 0.392832 0.392832 0.392832
6455.150391 0.000000 1460.192017 0.000000 0.805760 0.000000 -0.592242 0.394907 0.394907 0.394907
6453.814941 0.000000 1442.484497 0.000000 0.722035 0.000000 -0.691857 0.401457 0.401457 0.401457
6462.648926 0.000000 1417.075806 0.000000 0.926862 0.000000 -0.375402 0.427093 0.427093 0.427093
6463.012207 0.000000 1441.291504 0.000000 0.552903 0.000000 -0.833246 0.464671 0.464671 0.464671
6455.320801 0.000000 1465.854980 0.000000 0.941149 0.000000 -0.337991 0.426339 0.426339 0.426339
6450.361328 0.000000 1439.901978 0.000000 0.996891 0.000000 -0.078789 0.405238 0.405238 0.405238
6451.445801 0.000000 1443.053833 0.000000 0.664212 0.000000 -0.747544 0.450792 0.450792 0.450792
6454.354980 0.000000 1463.961426 0.000000 0.858200 0.000000 -0.513315 0.398110 0.398110 0.398110
6460.028320 0.000000 1450.892456 0.000000 0.994800 0.000000 -0.101852 0.403004 0.403004 0.403004
6452.131348 0.000000 1441.384277 0.000000 0.945486 0.000000 -0.325662 0.421946 0.421946 0.421946
6461.773926 0.000000 1450.538696 0.000000 0.141816 0.000000 -0.989893 0.485755 0.485755 0.485755
6463.025879 0.000000 1415.894897 0.000000 0.999357 0.000000 -0.035858 0.395469 0.395469 0.395469
6464.390625 0.000000 1455.659546 0.000000 0.074071 0.000000 -0.997253 0.214199 0.214199 0.214199
6465.278809 0.000000 1457.984619 0.000000 0.923474 0.000000 -0.383662 0.273134 0.273134 0.273134
6471.299805 0.000000 1452.847534 0.000000 0.874907 0.000000 -0.484291 0.271856 0.271856 0.271856
6473.185059 0.000000 1455.644531 0.000000 0.006610 0.000000 -0.999978 0.306671 0.306671 0.306671
6467.034668 0.000000 1466.267700 0.000000 0.128437 0.000000 -0.991718 0.378307 0.378307 0.378307
6468.645020 0.000000 1456.723267 0.000000 0.900402 0.000000 -0.435059 0.297995 0.297995 0.297995
6473.760254 0.000000 1420.811035 0.000000 0.265819 0.000000 -0.964023 0.434988 0.434988 0.434988
6464.313965 0.000000 1461.851440 0.000000 0.000561 0.000000 -1.000000 0.399695 0.399695 0.399695
6465.707031 0.000000 1460.613281 0.000000 0.397300 0.000000 -0.917689 0.382888 0.382888 0.382888
6467.614258 0.000000 1454.688354 0.000000 0.364975 0.000000 -0.931017 0.376671 0.376671 0.376671
6468.023926 0.000000 1459.160645 0.000000 0.627745 0.000000 -0.778419 0.422574 0.422574 0.422574
6419.258789 0.000000 1507.487305 0.000000 0.994500 0.000000 -0.104738 0.228955 0.228955 0.228955
6406.066895 0.000000 1501.729248 0.000000 0.986998 0.000000 -0.160729 0.261027 0.261027 0.261027
6422.173340 0.000000 1507.935303 0.000000 0.942597 0.000000 -0.333932 0.339146 0.339146 0.339146
6408.825684 0.000000 1503.102783 0.000000 0.915287 0.000000 -0.402802 0.396695 0.396695 0.396695
6415.107910 0.000000 1503.788696 0.000000 0.040357 0.000000 -0.999185 0.321259 0.321259 0.321259
6417.383301 0.000000 1505.101196 0.000000 0.980095 0.000000 -0.198529 0.377867 0.377867 0.377867
6408.168945 0.000000 1504.369385 0.000000 0.997844 0.000000 -0.065635 0.335433 0.335433 0.335433
6415.086426 0.000000 1506.129028 0.000000 0.999994 0.000000 -0.003359 0.354220 0.354220 0.354220
6425.919434 0.000000 1504.200439 0.000000 0.664440 0.000000 -0.747341 0.406925 0.406925 0.406925
6464.013672 0.000000 1469.328613 0.000000 0.916316 0.000000 -0.400456 0.428184 0.428184 0.428184
7089.878906 0.000000 2893.047119 0.000000 0.876431 0.000000 -0.481528 0.256859 0.256859 0.256859
7089.047363 0.000000 2889.527588 0.000000 0.715323 0.000000 -0.698794 0.260545 0.260545 0.260545
7095.775879 0.000000 2908.427979 0.000000 0.993216 0.000000 -0.116283 0.265853 0.265853 0.265853
7101.495117 0.000000 2899.863281 0.000000 0.147865 0.000000 -0.989008 0.288464 0.288464 0.288464
7081.043945 0.000000 2892.718750 0.000000 0.874389 0.000000 -0.485226 0.273128 0.273128 0.273128
7103.487793 0.000000 2897.031250 0.000000 0.117088 0.000000 -0.993122 0.364383 0.364383 0.364383
7086.407715 0.000000 2907.873047 0.000000 0.999687 0.000000 -0.025019 0.343949 0.343949 0.343949
7093.040527 0.000000 2909.350586 0.000000 0.607944 0.000000 -0.793980 0.313509 0.313509 0.313509
7084.527832 0.000000 2888.686768 0.000000 0.831171 0.000000 -0.556017 0.369926 0.369926 0.369926
7103.538574 0.000000 2895.188232 0.000000 0.846222 0.000000 -0.532831 0.376653 0.376653 0.376653
7082.270996 0.000000 2888.194824 0.000000 0.168599 0.000000 -0.985685 0.404033 0.404033 0.404033
7082.374023 0.000000 2893.347900 0.000000 0.865657 0.000000 -0.500637 0.367054 0.367054 0.367054
7102.576172 0.000000 2892.966553 0.000000 0.972920 0.000000 -0.231141 0.416771 0.416771 0.416771
7100.279297 0.000000 2893.680908 0.000000 0.461318 0.000000 -0.887235 0.483370 0.483370 0.483370
7078.330078 0.000000 2895.051270 0.000000 0.999872 0.000000 -0.015988 0.373969 0.373969 0.373969
7082.238770 0.000000 2890.541992 0.000000 0.590974 0.000000 -0.806691 0.471698 0.471698 0.471698
7087.399902 0.000000 2890.941650 0.000000 0.087830 0.000000 -0.996135 0.513282 0.513282 0.513282
7087.924805 0.000000 2889.022461 0.000000 0.133078 0.000000 -0.991106 0.436993 0.436993 0.436993
7086.801270 0.000000 2888.369629 0.000000 0.452886 0.000000 -0.891569 0.419937 0.419937 0.419937
7098.229980 0.000000 2892.524414 0.000000 0.671492 0.000000 -0.741012 0.456881 0.456881 0.456881
7091.445801 0.000000 2911.647705 0.000000 0.996571 0.000000 -0.082743 0.405418 0.405418 0.405418
7103.557617 0.000000 2892.501221 0.000000 0.693614 0.000000 -0.720347 0.457830 0.457830 0.457830
7100.279785 0.000000 2892.426758 0.000000 0.997250 0.000000 -0.074111 0.405667 0.405667 0.405667
7106.951172 0.000000 2902.803955 0.000000 0.806792 0.000000 -0.590836 0.440398 0.440398 0.440398
7110.064453 0.000000 2904.877930 0.000000 0.628478 0.000000 -0.777827 0.459406 0.459406 0.459406
"}
