object={
	name="oak_generator_1_0"
	clamp_to_water_level=no
	render_under_water=no
	generated_content=yes
	layer="semidynamic"
	pdxmesh="oak_tree_01_mesh"
	count=1542
	transform="1788.270508 0.000000 1234.505737 0.000000 0.529532 0.000000 0.848290 0.336992 0.336992 0.336992
1780.449829 0.000000 1218.932373 0.000000 0.150867 0.000000 0.988554 0.331893 0.331893 0.331893
1755.221802 0.000000 1232.200439 0.000000 0.328584 0.000000 0.944475 0.335474 0.335474 0.335474
1773.233887 0.000000 1212.069214 0.000000 0.503058 0.000000 0.864253 0.334497 0.334497 0.334497
1786.134033 0.000000 1213.636353 0.000000 0.279763 0.000000 0.960069 0.333578 0.333578 0.333578
1774.271362 0.000000 1223.460327 0.000000 0.219643 0.000000 0.975580 0.334319 0.334319 0.334319
1760.909058 0.000000 1228.415161 0.000000 0.286846 0.000000 0.957977 0.331715 0.331715 0.331715
1789.042114 0.000000 1241.829956 0.000000 0.517705 0.000000 0.855559 0.336903 0.336903 0.336903
1764.050049 0.000000 1222.461426 0.000000 0.275509 0.000000 0.961299 0.334029 0.334029 0.334029
1775.365356 0.000000 1216.975464 0.000000 0.517895 0.000000 0.855444 0.336457 0.336457 0.336457
1755.974365 0.000000 1217.901367 0.000000 0.412609 0.000000 0.910908 0.333235 0.333235 0.333235
1774.917847 0.000000 1207.486572 0.000000 0.501370 0.000000 0.865233 0.336798 0.336798 0.336798
1749.636475 0.000000 1240.674072 0.000000 0.158602 0.000000 0.987343 0.331129 0.331129 0.331129
1776.887695 0.000000 1211.047363 0.000000 0.078673 0.000000 0.996900 0.329988 0.329988 0.329988
1764.675659 0.000000 1219.013916 0.000000 0.213907 0.000000 0.976854 0.331527 0.331527 0.331527
1752.763672 0.000000 1216.903076 0.000000 0.312100 0.000000 0.950049 0.333353 0.333353 0.333353
1767.131470 0.000000 1221.151001 0.000000 0.535632 0.000000 0.844451 0.336645 0.336645 0.336645
1772.084717 0.000000 1216.915649 0.000000 0.202585 0.000000 0.979265 0.331966 0.331966 0.331966
1776.015381 0.000000 1213.953369 0.000000 0.587588 0.000000 0.809160 0.336573 0.336573 0.336573
1790.888184 0.000000 1222.796875 0.000000 0.268275 0.000000 0.963342 0.331269 0.331269 0.331269
1757.193848 0.000000 1212.383057 0.000000 0.418488 0.000000 0.908222 0.332881 0.332881 0.332881
1769.423462 0.000000 1275.078491 0.000000 0.470921 0.000000 0.882175 0.333620 0.333620 0.333620
1791.683594 0.000000 1255.696655 0.000000 0.428104 0.000000 0.903730 0.336640 0.336640 0.336640
1758.802368 0.000000 1242.717407 0.000000 0.378173 0.000000 0.925735 0.335942 0.335942 0.335942
1779.915527 0.000000 1254.697510 0.000000 0.119813 0.000000 0.992796 0.330352 0.330352 0.330352
1767.866577 0.000000 1284.359863 0.000000 0.220477 0.000000 0.975392 0.332090 0.332090 0.332090
1789.042114 0.000000 1298.314331 0.000000 0.452522 0.000000 0.891753 0.335952 0.335952 0.335952
1785.915649 0.000000 1253.370972 0.000000 0.303984 0.000000 0.952677 0.333901 0.333901 0.333901
1762.074463 0.000000 1248.176025 0.000000 0.292193 0.000000 0.956359 0.332352 0.332352 0.332352
1791.290771 0.000000 1243.061279 0.000000 0.506693 0.000000 0.862126 0.336739 0.336739 0.336739
1773.059937 0.000000 1285.048096 0.000000 0.124244 0.000000 0.992252 0.331550 0.331550 0.331550
1784.634888 0.000000 1278.444824 0.000000 0.571556 0.000000 0.820563 0.337722 0.337722 0.337722
1764.590088 0.000000 1252.662964 0.000000 0.561439 0.000000 0.827518 0.333222 0.333222 0.333222
1785.614258 0.000000 1295.037354 0.000000 0.263625 0.000000 0.964625 0.333706 0.333706 0.333706
1774.917847 0.000000 1263.970947 0.000000 0.384062 0.000000 0.923307 0.330466 0.330466 0.330466
1790.112061 0.000000 1286.574951 0.000000 0.430716 0.000000 0.902488 0.333773 0.333773 0.333773
1769.606079 0.000000 1280.137695 0.000000 0.249457 0.000000 0.968386 0.331218 0.331218 0.331218
1769.396362 0.000000 1256.415161 0.000000 0.467038 0.000000 0.884237 0.329430 0.329430 0.329430
1761.638062 0.000000 1289.424927 0.000000 0.214596 0.000000 0.976703 0.330530 0.330530 0.330530
1789.935669 0.000000 1272.686279 0.000000 0.562693 0.000000 0.826666 0.337415 0.337415 0.337415
1777.158813 0.000000 1277.284668 0.000000 0.561222 0.000000 0.827666 0.335773 0.335773 0.335773
1776.887695 0.000000 1267.531738 0.000000 0.188693 0.000000 0.982036 0.327254 0.327254 0.327254
1779.006592 0.000000 1251.101318 0.000000 0.522268 0.000000 0.852782 0.336257 0.336257 0.336257
1767.131470 0.000000 1277.635376 0.000000 0.535349 0.000000 0.844631 0.335586 0.335586 0.335586
1759.085693 0.000000 1250.285156 0.000000 0.520801 0.000000 0.853678 0.335072 0.335072 0.335072
1770.699829 0.000000 1283.035034 0.000000 0.406301 0.000000 0.913739 0.333989 0.333989 0.333989
1768.221680 0.000000 1263.099487 0.000000 0.006949 0.000000 0.999976 0.326428 0.326428 0.326428
1758.841187 0.000000 1274.288452 0.000000 0.501994 0.000000 0.864871 0.335620 0.335620 0.335620
1790.830811 0.000000 1289.891357 0.000000 0.059362 0.000000 0.998237 0.328275 0.328275 0.328275
1773.452271 0.000000 1271.226074 0.000000 0.456348 0.000000 0.889801 0.330543 0.330543 0.330543
1761.210693 0.000000 1292.099121 0.000000 0.105035 0.000000 0.994469 0.328998 0.328998 0.328998
1774.967163 0.000000 1258.033081 0.000000 0.054188 0.000000 0.998531 0.326014 0.326014 0.326014
1772.435303 0.000000 1278.631348 0.000000 0.270959 0.000000 0.962591 0.327514 0.327514 0.327514
1769.380981 0.000000 1258.603882 0.000000 0.336458 0.000000 0.941699 0.328063 0.328063 0.328063
1766.302734 0.000000 1255.722900 0.000000 0.365576 0.000000 0.930782 0.327678 0.327678 0.327678
1769.206665 0.000000 1307.684326 0.000000 0.155808 0.000000 0.987787 0.331957 0.331957 0.331957
1763.530884 0.000000 1349.729126 0.000000 0.504109 0.000000 0.863640 0.335016 0.335016 0.335016
1728.290283 0.000000 1333.505737 0.000000 0.350922 0.000000 0.936405 0.335912 0.335912 0.335912
1767.866577 0.000000 1340.844238 0.000000 0.465690 0.000000 0.884948 0.333720 0.333720 0.333720
1755.221802 0.000000 1345.169189 0.000000 0.581252 0.000000 0.813724 0.336628 0.336628 0.336628
1791.419312 0.000000 1321.012695 0.000000 0.059371 0.000000 0.998236 0.327681 0.327681 0.327681
1728.315308 0.000000 1325.566162 0.000000 0.330992 0.000000 0.943634 0.335666 0.335666 0.335666
1777.916626 0.000000 1316.930664 0.000000 0.541565 0.000000 0.840659 0.337654 0.337654 0.337654
1758.773926 0.000000 1315.612305 0.000000 0.195358 0.000000 0.980732 0.330248 0.330248 0.330248
1791.290771 0.000000 1299.545654 0.000000 0.520527 0.000000 0.853846 0.336945 0.336945 0.336945
1775.365356 0.000000 1329.944214 0.000000 0.467175 0.000000 0.884165 0.330807 0.330807 0.330807
1773.059937 0.000000 1341.532471 0.000000 0.419871 0.000000 0.907584 0.333600 0.333600 0.333600
1755.974365 0.000000 1330.870117 0.000000 0.171692 0.000000 0.985151 0.329902 0.329902 0.329902
1784.634888 0.000000 1334.929199 0.000000 0.552172 0.000000 0.833731 0.328034 0.328034 0.328034
1754.548950 0.000000 1340.453735 0.000000 0.107782 0.000000 0.994175 0.329485 0.329485 0.329485
1778.569214 0.000000 1355.114380 0.000000 0.513950 0.000000 0.857820 0.335270 0.335270 0.335270
1751.538208 0.000000 1335.427490 0.000000 0.351202 0.000000 0.936300 0.333215 0.333215 0.333215
1769.396362 0.000000 1312.899536 0.000000 0.083405 0.000000 0.996516 0.331026 0.331026 0.331026
1759.822266 0.000000 1325.201782 0.000000 0.410726 0.000000 0.911759 0.335360 0.335360 0.335360
1741.646240 0.000000 1339.886841 0.000000 0.585872 0.000000 0.810403 0.338153 0.338153 0.338153
1750.596802 0.000000 1319.671753 0.000000 0.290478 0.000000 0.956882 0.331825 0.331825 0.331825
1758.227295 0.000000 1303.697998 0.000000 0.349834 0.000000 0.936812 0.334520 0.334520 0.334520
1764.219849 0.000000 1339.298096 0.000000 0.005681 0.000000 0.999984 0.326341 0.326341 0.326341
1751.828003 0.000000 1323.317383 0.000000 0.140836 0.000000 0.990033 0.330577 0.330577 0.330577
1762.040283 0.000000 1317.445557 0.000000 0.558179 0.000000 0.829721 0.336361 0.336361 0.336361
1756.682983 0.000000 1312.574585 0.000000 0.534729 0.000000 0.845023 0.336279 0.336279 0.336279
1757.587891 0.000000 1318.808350 0.000000 0.415542 0.000000 0.909574 0.335228 0.335228 0.335228
1787.669312 0.000000 1318.845459 0.000000 0.491798 0.000000 0.870709 0.334396 0.334396 0.334396
1782.496216 0.000000 1328.449463 0.000000 0.132617 0.000000 0.991167 0.325376 0.325376 0.325376
1760.693359 0.000000 1351.128906 0.000000 0.562401 0.000000 0.826865 0.336007 0.336007 0.336007
1758.662720 0.000000 1345.331055 0.000000 0.424754 0.000000 0.905309 0.334964 0.334964 0.334964
1750.343750 0.000000 1316.532837 0.000000 0.503580 0.000000 0.863949 0.335417 0.335417 0.335417
1788.718994 0.000000 1340.372070 0.000000 0.436576 0.000000 0.899668 0.327413 0.327413 0.327413
1778.278564 0.000000 1329.849487 0.000000 0.557288 0.000000 0.830320 0.332879 0.332879 0.332879
1764.100952 0.000000 1347.001953 0.000000 0.142009 0.000000 0.989865 0.330468 0.330468 0.330468
1787.279419 0.000000 1324.342163 0.000000 0.163670 0.000000 0.986515 0.325607 0.325607 0.325607
1761.210693 0.000000 1348.583496 0.000000 0.416529 0.000000 0.909123 0.333896 0.333896 0.333896
1786.085693 0.000000 1346.299194 0.000000 0.295952 0.000000 0.955203 0.331074 0.331074 0.331074
1766.985352 0.000000 1331.005005 0.000000 0.407511 0.000000 0.913200 0.330739 0.330739 0.330739
1788.370483 0.000000 1345.037231 0.000000 0.261324 0.000000 0.965251 0.328711 0.328711 0.328711
1771.827026 0.000000 1337.327393 0.000000 0.303415 0.000000 0.952858 0.330308 0.330308 0.330308
1784.956177 0.000000 1324.556396 0.000000 0.032216 0.000000 0.999481 0.323314 0.323314 0.323314
1763.097656 0.000000 1341.240723 0.000000 0.263314 0.000000 0.964710 0.330112 0.330112 0.330112
1782.075073 0.000000 1320.685669 0.000000 0.427951 0.000000 0.903802 0.332003 0.332003 0.332003
1842.281372 0.000000 1172.756714 0.000000 0.582991 0.000000 0.812478 0.337445 0.337445 0.337445
1824.264404 0.000000 1151.556030 0.000000 0.258299 0.000000 0.966065 0.335182 0.335182 0.335182
1831.866577 0.000000 1171.391113 0.000000 0.191346 0.000000 0.981523 0.332417 0.332417 0.332417
1817.924683 0.000000 1182.927979 0.000000 0.420816 0.000000 0.907146 0.336545 0.336545 0.336545
1848.634888 0.000000 1165.476074 0.000000 0.527686 0.000000 0.849439 0.337584 0.337584 0.337584
1855.097656 0.000000 1169.076660 0.000000 0.169701 0.000000 0.985496 0.332381 0.332381 0.332381
1809.114990 0.000000 1184.247314 0.000000 0.424239 0.000000 0.905550 0.334808 0.334808 0.334808
1870.189453 0.000000 1166.131226 0.000000 0.038402 0.000000 0.999262 0.331053 0.331053 0.331053
1877.034912 0.000000 1170.404663 0.000000 0.556995 0.000000 0.830516 0.338696 0.338696 0.338696
1867.936890 0.000000 1162.456909 0.000000 0.171078 0.000000 0.985258 0.332154 0.332154 0.332154
1894.643433 0.000000 1181.389648 0.000000 0.533954 0.000000 0.845513 0.334814 0.334814 0.334814
1858.786255 0.000000 1164.588135 0.000000 0.029829 0.000000 0.999555 0.327379 0.327379 0.327379
1842.281372 0.000000 1229.241089 0.000000 0.066887 0.000000 0.997761 0.329829 0.329829 0.329829
1812.950073 0.000000 1195.341064 0.000000 0.548341 0.000000 0.836255 0.335504 0.335504 0.335504
1792.290283 0.000000 1220.536987 0.000000 0.243468 0.000000 0.969909 0.329394 0.329394 0.329394
1843.915527 0.000000 1198.213135 0.000000 0.185343 0.000000 0.982674 0.334214 0.334214 0.334214
1802.048218 0.000000 1231.672241 0.000000 0.497207 0.000000 0.867632 0.335682 0.335682 0.335682
1844.449829 0.000000 1218.932373 0.000000 0.054065 0.000000 0.998537 0.327669 0.327669 0.327669
1855.419312 0.000000 1208.043945 0.000000 0.077355 0.000000 0.997004 0.331014 0.331014 0.331014
1798.599243 0.000000 1239.272827 0.000000 0.471085 0.000000 0.882088 0.335888 0.335888 0.335888
1837.233887 0.000000 1212.069214 0.000000 0.415167 0.000000 0.909745 0.336321 0.336321 0.336321
1792.315308 0.000000 1212.597412 0.000000 0.450353 0.000000 0.892851 0.336499 0.336499 0.336499
1838.271362 0.000000 1223.460327 0.000000 0.459938 0.000000 0.887951 0.336201 0.336201 0.336201
1793.469238 0.000000 1240.719971 0.000000 0.459825 0.000000 0.888009 0.336725 0.336725 0.336725
1828.590088 0.000000 1196.178589 0.000000 0.047244 0.000000 0.998883 0.330564 0.330564 0.330564
1843.521606 0.000000 1214.180786 0.000000 0.283323 0.000000 0.959024 0.333625 0.333625 0.333625
1805.883423 0.000000 1234.668091 0.000000 0.043740 0.000000 0.999043 0.331053 0.331053 0.331053
1813.636475 0.000000 1240.674072 0.000000 0.229639 0.000000 0.973276 0.332624 0.332624 0.332624
1805.646240 0.000000 1226.918091 0.000000 0.069893 0.000000 0.997554 0.329345 0.329345 0.329345
1793.602173 0.000000 1216.545166 0.000000 0.216538 0.000000 0.976274 0.332450 0.332450 0.332450
1847.430908 0.000000 1200.048950 0.000000 0.334980 0.000000 0.942225 0.334318 0.334318 0.334318
1824.344604 0.000000 1224.489502 0.000000 0.192260 0.000000 0.981344 0.332429 0.332429 0.332429
1799.290527 0.000000 1229.016968 0.000000 0.477827 0.000000 0.878454 0.334114 0.334114 0.334114
1828.176392 0.000000 1230.191528 0.000000 0.305665 0.000000 0.952139 0.333263 0.333263 0.333263
1809.983643 0.000000 1207.540161 0.000000 0.535076 0.000000 0.844804 0.337120 0.337120 0.337120
1818.772095 0.000000 1236.082153 0.000000 0.571664 0.000000 0.820488 0.334571 0.334571 0.334571
1796.219482 0.000000 1218.806030 0.000000 0.002007 0.000000 0.999998 0.322790 0.322790 0.322790
1798.798706 0.000000 1200.438843 0.000000 0.110638 0.000000 0.993861 0.329589 0.329589 0.329589
1830.643433 0.000000 1237.874023 0.000000 0.182438 0.000000 0.983217 0.328725 0.328725 0.328725
1821.075928 0.000000 1238.572021 0.000000 0.412028 0.000000 0.911171 0.332124 0.332124 0.332124
1803.714111 0.000000 1224.175049 0.000000 0.006373 0.000000 0.999980 0.327513 0.327513 0.327513
1799.290405 0.000000 1220.844238 0.000000 0.211174 0.000000 0.977449 0.326208 0.326208 0.326208
1811.922729 0.000000 1189.971313 0.000000 0.254192 0.000000 0.967154 0.325089 0.325089 0.325089
1794.786255 0.000000 1221.072510 0.000000 0.133272 0.000000 0.991079 0.324446 0.324446 0.324446
1808.434082 0.000000 1216.233032 0.000000 0.492216 0.000000 0.870473 0.334911 0.334911 0.334911
1799.851929 0.000000 1223.349365 0.000000 0.324830 0.000000 0.945772 0.329847 0.329847 0.329847
1812.737915 0.000000 1186.174805 0.000000 0.554649 0.000000 0.832085 0.334112 0.334112 0.334112
1888.264404 0.000000 1208.040405 0.000000 0.190177 0.000000 0.981750 0.332402 0.332402 0.332402
1882.840820 0.000000 1212.876221 0.000000 0.502191 0.000000 0.864757 0.335121 0.335121 0.335121
1875.298462 0.000000 1204.119019 0.000000 0.186759 0.000000 0.982406 0.330303 0.330303 0.330303
1861.003174 0.000000 1222.299927 0.000000 0.575330 0.000000 0.817921 0.337279 0.337279 0.337279
1897.606079 0.000000 1223.653320 0.000000 0.579050 0.000000 0.815292 0.338256 0.338256 0.338256
1898.133911 0.000000 1190.309204 0.000000 0.516275 0.000000 0.856423 0.336882 0.336882 0.336882
1878.690430 0.000000 1214.188843 0.000000 0.179902 0.000000 0.983684 0.331297 0.331297 0.331297
1893.993652 0.000000 1215.735229 0.000000 0.377801 0.000000 0.925887 0.333559 0.333559 0.333559
1856.390503 0.000000 1229.722046 0.000000 0.139233 0.000000 0.990260 0.331493 0.331493 0.331493
1868.652466 0.000000 1211.598755 0.000000 0.078911 0.000000 0.996882 0.329665 0.329665 0.329665
1873.983643 0.000000 1207.540161 0.000000 0.179030 0.000000 0.983844 0.329887 0.329887 0.329887
1891.373291 0.000000 1213.115234 0.000000 0.217548 0.000000 0.976050 0.330692 0.330692 0.330692
1885.587891 0.000000 1205.839600 0.000000 0.540986 0.000000 0.841031 0.334852 0.334852 0.334852
1858.892212 0.000000 1224.373169 0.000000 0.537119 0.000000 0.843507 0.336186 0.336186 0.336186
1880.755737 0.000000 1205.521118 0.000000 0.314407 0.000000 0.949288 0.329723 0.329723 0.329723
1952.264404 0.000000 1151.556030 0.000000 0.360987 0.000000 0.932571 0.334672 0.334672 0.334672
1970.569214 0.000000 1185.661255 0.000000 0.050650 0.000000 0.998716 0.325759 0.325759 0.325759
1962.064331 0.000000 1181.011353 0.000000 0.404378 0.000000 0.914592 0.333859 0.333859 0.333859
1950.227295 0.000000 1134.244873 0.000000 0.416522 0.000000 0.909126 0.331802 0.331802 0.331802
1966.444580 0.000000 1181.049683 0.000000 0.167886 0.000000 0.985806 0.331133 0.331133 0.331133
1958.643433 0.000000 1181.389648 0.000000 0.388644 0.000000 0.921388 0.333517 0.333517 0.333517
1953.860474 0.000000 1138.428711 0.000000 0.354155 0.000000 0.935187 0.333681 0.333681 0.333681
1961.246460 0.000000 1177.999268 0.000000 0.117800 0.000000 0.993037 0.330261 0.330261 0.330261
1956.314209 0.000000 1183.083374 0.000000 0.240935 0.000000 0.970541 0.331673 0.331673 0.331673
1964.424194 0.000000 1182.233521 0.000000 0.527282 0.000000 0.849690 0.334828 0.334828 0.334828
1950.802368 0.000000 1186.233032 0.000000 0.501900 0.000000 0.864926 0.338129 0.338129 0.338129
1833.206665 0.000000 1251.199951 0.000000 0.543206 0.000000 0.839600 0.338636 0.338636 0.338636
1795.834473 0.000000 1242.658813 0.000000 0.113276 0.000000 0.993564 0.332109 0.332109 0.332109
1833.423462 0.000000 1275.078491 0.000000 0.237583 0.000000 0.971367 0.332614 0.332614 0.332614
1855.683594 0.000000 1255.696655 0.000000 0.225963 0.000000 0.974136 0.332869 0.332869 0.332869
1811.921631 0.000000 1266.981689 0.000000 0.492112 0.000000 0.870532 0.336986 0.336986 0.336986
1852.270508 0.000000 1290.990112 0.000000 0.422580 0.000000 0.906326 0.335527 0.335527 0.335527
1817.268799 0.000000 1259.065430 0.000000 0.413590 0.000000 0.910463 0.336550 0.336550 0.336550
1824.909058 0.000000 1284.899536 0.000000 0.560874 0.000000 0.827901 0.337557 0.337557 0.337557
1806.146729 0.000000 1264.509766 0.000000 0.331973 0.000000 0.943289 0.335032 0.335032 0.335032
1805.066528 0.000000 1295.872437 0.000000 0.534534 0.000000 0.845147 0.334648 0.334648 0.334648
1801.163696 0.000000 1281.957031 0.000000 0.451896 0.000000 0.892071 0.332380 0.332380 0.332380
1846.872192 0.000000 1288.990601 0.000000 0.529168 0.000000 0.848517 0.337606 0.337606 0.337606
1837.059937 0.000000 1285.048096 0.000000 0.244480 0.000000 0.969654 0.333112 0.333112 0.333112
1818.661499 0.000000 1264.093872 0.000000 0.106126 0.000000 0.994353 0.327478 0.327478 0.327478
1848.634888 0.000000 1278.444824 0.000000 0.450340 0.000000 0.892857 0.335920 0.335920 0.335920
1830.720825 0.000000 1289.390869 0.000000 0.504551 0.000000 0.863382 0.336890 0.336890 0.336890
1818.548950 0.000000 1283.969360 0.000000 0.492312 0.000000 0.870419 0.333159 0.333159 0.333159
1797.568970 0.000000 1246.674072 0.000000 0.174255 0.000000 0.984701 0.332500 0.332500 0.332500
1810.408936 0.000000 1271.065796 0.000000 0.365369 0.000000 0.930863 0.333216 0.333216 0.333216
1818.844482 0.000000 1244.373779 0.000000 0.164617 0.000000 0.986358 0.330413 0.330413 0.330413
1795.856934 0.000000 1292.728149 0.000000 0.126816 0.000000 0.991926 0.329691 0.329691 0.329691
1828.219849 0.000000 1282.813721 0.000000 0.437813 0.000000 0.899066 0.335644 0.335644 0.335644
1815.828003 0.000000 1266.833008 0.000000 0.072988 0.000000 0.997333 0.330696 0.330696 0.330696
1826.139526 0.000000 1244.382568 0.000000 0.443311 0.000000 0.896368 0.331013 0.331013 0.331013
1797.963745 0.000000 1263.355225 0.000000 0.130169 0.000000 0.991492 0.331249 0.331249 0.331249
1821.234741 0.000000 1266.364990 0.000000 0.093129 0.000000 0.995654 0.327407 0.327407 0.327407
1827.373291 0.000000 1269.599609 0.000000 0.368926 0.000000 0.929459 0.333165 0.333165 0.333165
1822.089844 0.000000 1271.591553 0.000000 0.135507 0.000000 0.990776 0.328874 0.328874 0.328874
1815.871582 0.000000 1282.137329 0.000000 0.267514 0.000000 0.963554 0.328418 0.328418 0.328418
1798.656738 0.000000 1291.473999 0.000000 0.582990 0.000000 0.812479 0.334918 0.334918 0.334918
1803.714111 0.000000 1280.659424 0.000000 0.157622 0.000000 0.987499 0.327413 0.327413 0.327413
1794.892212 0.000000 1280.857544 0.000000 0.468705 0.000000 0.883355 0.333724 0.333724 0.333724
1815.654907 0.000000 1276.311768 0.000000 0.512344 0.000000 0.858780 0.334973 0.334973 0.334973
1831.437012 0.000000 1270.038208 0.000000 0.168921 0.000000 0.985630 0.329494 0.329494 0.329494
1820.691528 0.000000 1290.748535 0.000000 0.487625 0.000000 0.873053 0.333816 0.333816 0.333816
1808.405029 0.000000 1280.211304 0.000000 0.196430 0.000000 0.980518 0.329484 0.329484 0.329484
1803.567871 0.000000 1282.809570 0.000000 0.180141 0.000000 0.983641 0.327961 0.327961 0.327961
1877.428101 0.000000 1275.003906 0.000000 0.000590 0.000000 1.000000 0.331615 0.331615 0.331615
1877.034912 0.000000 1283.373413 0.000000 0.262102 0.000000 0.965040 0.331690 0.331690 0.331690
1870.146729 0.000000 1264.509766 0.000000 0.182396 0.000000 0.983225 0.332301 0.332301 0.332301
1861.003174 0.000000 1278.784302 0.000000 0.204098 0.000000 0.978950 0.332583 0.332583 0.332583
1860.861816 0.000000 1270.610840 0.000000 0.556229 0.000000 0.831029 0.337614 0.337614 0.337614
1869.883423 0.000000 1291.152466 0.000000 0.564536 0.000000 0.825408 0.335747 0.335747 0.335747
1865.424194 0.000000 1270.530029 0.000000 0.537213 0.000000 0.843446 0.335530 0.335530 0.335530
1869.646240 0.000000 1283.402466 0.000000 0.203904 0.000000 0.978991 0.328464 0.328464 0.328464
1874.867188 0.000000 1285.620117 0.000000 0.060755 0.000000 0.998153 0.325920 0.325920 0.325920
1867.714111 0.000000 1280.659424 0.000000 0.445129 0.000000 0.895466 0.333616 0.333616 0.333616
1867.443359 0.000000 1272.643311 0.000000 0.365924 0.000000 0.930645 0.332806 0.332806 0.332806
1866.423096 0.000000 1266.403809 0.000000 0.471738 0.000000 0.881739 0.334200 0.334200 0.334200
1870.569336 0.000000 1276.425049 0.000000 0.038447 0.000000 0.999261 0.326903 0.326903 0.326903
1872.405029 0.000000 1280.211304 0.000000 0.500655 0.000000 0.865647 0.333267 0.333267 0.333267
1874.130249 0.000000 1287.749512 0.000000 0.463177 0.000000 0.886266 0.332916 0.332916 0.332916
1870.936279 0.000000 1289.228149 0.000000 0.015591 0.000000 0.999878 0.325132 0.325132 0.325132
1792.354126 0.000000 1347.108521 0.000000 0.265905 0.000000 0.963999 0.330778 0.330778 0.330778
1820.282104 0.000000 1336.036621 0.000000 0.201535 0.000000 0.979481 0.331593 0.331593 0.331593
1810.736938 0.000000 1349.261719 0.000000 0.258389 0.000000 0.966041 0.331865 0.331865 0.331865
1795.589233 0.000000 1311.522827 0.000000 0.430621 0.000000 0.902533 0.335689 0.335689 0.335689
1823.430420 0.000000 1309.912598 0.000000 0.316187 0.000000 0.948697 0.335211 0.335211 0.335211
1819.221802 0.000000 1345.169189 0.000000 0.464338 0.000000 0.885658 0.336121 0.336121 0.336121
1795.716309 0.000000 1340.246826 0.000000 0.454127 0.000000 0.890937 0.325503 0.325503 0.325503
1797.003174 0.000000 1335.268677 0.000000 0.226954 0.000000 0.973906 0.323677 0.323677 0.323677
1815.427856 0.000000 1348.135986 0.000000 0.105143 0.000000 0.994457 0.331305 0.331305 0.331305
1809.114990 0.000000 1353.700439 0.000000 0.540928 0.000000 0.841069 0.335200 0.335200 0.335200
1802.276367 0.000000 1319.748047 0.000000 0.102949 0.000000 0.994687 0.329289 0.329289 0.329289
1815.828003 0.000000 1323.317383 0.000000 0.553762 0.000000 0.832675 0.336717 0.336717 0.336717
1826.040283 0.000000 1317.445557 0.000000 0.126629 0.000000 0.991950 0.329562 0.329562 0.329562
1801.807983 0.000000 1334.846191 0.000000 0.511799 0.000000 0.859105 0.328732 0.328732 0.328732
1809.983643 0.000000 1320.508911 0.000000 0.027226 0.000000 0.999629 0.328285 0.328285 0.328285
1796.219482 0.000000 1331.774780 0.000000 0.502982 0.000000 0.864297 0.326743 0.326743 0.326743
1831.553711 0.000000 1316.342896 0.000000 0.175722 0.000000 0.984440 0.331544 0.331544 0.331544
1809.116211 0.000000 1346.388184 0.000000 0.142785 0.000000 0.989754 0.330229 0.330229 0.330229
1803.714111 0.000000 1337.143799 0.000000 0.176459 0.000000 0.984308 0.324614 0.324614 0.324614
1795.168213 0.000000 1343.093262 0.000000 0.351736 0.000000 0.936099 0.325814 0.325814 0.325814
1802.423096 0.000000 1322.888184 0.000000 0.583081 0.000000 0.812414 0.337032 0.337032 0.337032
1813.228027 0.000000 1337.045776 0.000000 0.495365 0.000000 0.868685 0.335423 0.335423 0.335423
1818.516602 0.000000 1337.919556 0.000000 0.123874 0.000000 0.992298 0.329649 0.329649 0.329649
1825.496704 0.000000 1323.371338 0.000000 0.035642 0.000000 0.999365 0.328269 0.328269 0.328269
1808.687988 0.000000 1334.325806 0.000000 0.074043 0.000000 0.997255 0.324171 0.324171 0.324171
1794.854492 0.000000 1346.687622 0.000000 0.501276 0.000000 0.865288 0.333507 0.333507 0.333507
1805.917725 0.000000 1330.586792 0.000000 0.148501 0.000000 0.988912 0.325961 0.325961 0.325961
1795.928833 0.000000 1329.272583 0.000000 0.187214 0.000000 0.982319 0.320042 0.320042 0.320042
1801.640015 0.000000 1332.367676 0.000000 0.141726 0.000000 0.989906 0.321102 0.321102 0.321102
1793.278687 0.000000 1345.015869 0.000000 0.414932 0.000000 0.909853 0.330076 0.330076 0.330076
1793.439453 0.000000 1323.520020 0.000000 0.328570 0.000000 0.944480 0.330506 0.330506 0.330506
1804.076904 0.000000 1334.451050 0.000000 0.507700 0.000000 0.861534 0.329814 0.329814 0.329814
1797.188354 0.000000 1341.880737 0.000000 0.423335 0.000000 0.905973 0.327811 0.327811 0.327811
1794.422852 0.000000 1327.540283 0.000000 0.051057 0.000000 0.998696 0.320321 0.320321 0.320321
1955.530884 0.000000 1293.244751 0.000000 0.388707 0.000000 0.921362 0.332648 0.332648 0.332648
1959.866577 0.000000 1284.359863 0.000000 0.333133 0.000000 0.942880 0.332411 0.332411 0.332411
1958.720825 0.000000 1289.390869 0.000000 0.247171 0.000000 0.968972 0.328588 0.328588 0.328588
1977.614258 0.000000 1295.037354 0.000000 0.539114 0.000000 0.842233 0.337662 0.337662 0.337662
1961.927490 0.000000 1287.389526 0.000000 0.161821 0.000000 0.986820 0.329081 0.329081 0.329081
1956.176392 0.000000 1286.675903 0.000000 0.272746 0.000000 0.962086 0.331958 0.331958 0.331958
1958.643433 0.000000 1294.358398 0.000000 0.314738 0.000000 0.949179 0.330111 0.330111 0.330111
1958.352295 0.000000 1291.844727 0.000000 0.183283 0.000000 0.983060 0.327224 0.327224 0.327224
1940.950073 0.000000 1308.309814 0.000000 0.124486 0.000000 0.992221 0.328837 0.328837 0.328837
1962.581665 0.000000 1317.945435 0.000000 0.290833 0.000000 0.956774 0.330827 0.330827 0.330827
1958.465210 0.000000 1324.238403 0.000000 0.358088 0.000000 0.933688 0.334422 0.334422 0.334422
1969.916626 0.000000 1316.930664 0.000000 0.444969 0.000000 0.895546 0.334050 0.334050 0.334050
1937.626343 0.000000 1304.350098 0.000000 0.362246 0.000000 0.932082 0.334008 0.334008 0.334008
1978.875244 0.000000 1299.295166 0.000000 0.578502 0.000000 0.815681 0.338122 0.338122 0.338122
1942.003418 0.000000 1312.843018 0.000000 0.187389 0.000000 0.982286 0.331943 0.331943 0.331943
1962.157837 0.000000 1321.976929 0.000000 0.488204 0.000000 0.872729 0.333270 0.333270 0.333270
1963.534790 0.000000 1315.130371 0.000000 0.326619 0.000000 0.945156 0.333124 0.333124 0.333124
1972.968994 0.000000 1303.498535 0.000000 0.218213 0.000000 0.975901 0.321849 0.321849 0.321849
1958.386963 0.000000 1321.488770 0.000000 0.318063 0.000000 0.948069 0.329513 0.329513 0.329513
1939.958252 0.000000 1305.853149 0.000000 0.270358 0.000000 0.962760 0.332037 0.332037 0.332037
1190.720825 0.000000 1628.297119 0.000000 0.421185 0.000000 0.906975 0.334316 0.334316 0.334316
1175.759277 0.000000 1625.688354 0.000000 0.324086 0.000000 0.946028 0.333575 0.333575 0.333575
1184.693359 0.000000 1633.550781 0.000000 0.340393 0.000000 0.940283 0.330436 0.330436 0.330436
1193.246460 0.000000 1629.874268 0.000000 0.567675 0.000000 0.823253 0.336395 0.336395 0.336395
1189.505493 0.000000 1637.250122 0.000000 0.507139 0.000000 0.861864 0.333342 0.333342 0.333342
1257.423462 0.000000 1613.984741 0.000000 0.041041 0.000000 0.999157 0.332490 0.332490 0.332490
1247.430420 0.000000 1592.334473 0.000000 0.393248 0.000000 0.919432 0.335932 0.335932 0.335932
1241.268799 0.000000 1597.971680 0.000000 0.424863 0.000000 0.905258 0.336449 0.336449 0.336449
1225.453857 0.000000 1587.881836 0.000000 0.284693 0.000000 0.958619 0.333868 0.333868 0.333868
1225.163696 0.000000 1620.863281 0.000000 0.154725 0.000000 0.987958 0.325944 0.325944 0.325944
1253.443237 0.000000 1601.364502 0.000000 0.339529 0.000000 0.940595 0.334594 0.334594 0.334594
1236.194824 0.000000 1627.475342 0.000000 0.129275 0.000000 0.991609 0.328970 0.328970 0.328970
1225.597778 0.000000 1631.437988 0.000000 0.330478 0.000000 0.943814 0.333557 0.333557 0.333557
1229.646240 0.000000 1622.308716 0.000000 0.132289 0.000000 0.991211 0.326564 0.326564 0.326564
1252.219849 0.000000 1621.719971 0.000000 0.467261 0.000000 0.884119 0.336353 0.336353 0.336353
1246.089844 0.000000 1610.497803 0.000000 0.147134 0.000000 0.989117 0.326000 0.326000 0.326000
1226.748779 0.000000 1623.755371 0.000000 0.337551 0.000000 0.941307 0.328405 0.328405 0.328405
1233.116211 0.000000 1628.810059 0.000000 0.246114 0.000000 0.969241 0.328974 0.328974 0.328974
1245.536743 0.000000 1621.575684 0.000000 0.282885 0.000000 0.959154 0.331544 0.331544 0.331544
1227.714111 0.000000 1619.565674 0.000000 0.102487 0.000000 0.994734 0.323638 0.323638 0.323638
1245.260010 0.000000 1615.831787 0.000000 0.217491 0.000000 0.976062 0.330101 0.330101 0.330101
1236.724731 0.000000 1611.262939 0.000000 0.001456 0.000000 0.999999 0.325728 0.325728 0.325728
1223.626831 0.000000 1627.912720 0.000000 0.332812 0.000000 0.942993 0.331922 0.331922 0.331922
1235.150757 0.000000 1615.324097 0.000000 0.043835 0.000000 0.999039 0.328185 0.328185 0.328185
1232.405029 0.000000 1619.117554 0.000000 0.580082 0.000000 0.814558 0.333655 0.333655 0.333655
1231.784668 0.000000 1623.385132 0.000000 0.545989 0.000000 0.837792 0.334552 0.334552 0.334552
1251.886841 0.000000 1612.187012 0.000000 0.106161 0.000000 0.994349 0.327415 0.327415 0.327415
1193.206665 0.000000 1646.590576 0.000000 0.124026 0.000000 0.992279 0.330094 0.330094 0.330094
1182.802368 0.000000 1638.108032 0.000000 0.025621 0.000000 0.999672 0.328667 0.328667 0.328667
1167.347534 0.000000 1638.330933 0.000000 0.413207 0.000000 0.910637 0.335995 0.335995 0.335995
1174.797119 0.000000 1639.021484 0.000000 0.468954 0.000000 0.883223 0.334579 0.334579 0.334579
1178.844482 0.000000 1639.764404 0.000000 0.178345 0.000000 0.983968 0.328297 0.328297 0.328297
1207.430908 0.000000 1651.923950 0.000000 0.567782 0.000000 0.823179 0.337833 0.337833 0.337833
1321.423462 0.000000 1726.953491 0.000000 0.337044 0.000000 0.941489 0.334561 0.334561 0.334561
1332.449829 0.000000 1727.291748 0.000000 0.508428 0.000000 0.861105 0.336946 0.336946 0.336946
1305.924683 0.000000 1747.771729 0.000000 0.092018 0.000000 0.995757 0.331718 0.331718 0.331718
1302.797119 0.000000 1751.990234 0.000000 0.486400 0.000000 0.873736 0.337416 0.337416 0.337416
1778.281372 0.000000 1398.694214 0.000000 0.451614 0.000000 0.892213 0.336420 0.336420 0.336420
1758.802368 0.000000 1355.686157 0.000000 0.177812 0.000000 0.984064 0.332606 0.332606 0.332606
1788.270508 0.000000 1403.958862 0.000000 0.197290 0.000000 0.980345 0.332494 0.332494 0.332494
1773.901245 0.000000 1356.579468 0.000000 0.501689 0.000000 0.865048 0.336620 0.336620 0.336620
1774.271362 0.000000 1392.913452 0.000000 0.042481 0.000000 0.999097 0.328767 0.328767 0.328767
1775.844604 0.000000 1362.735474 0.000000 0.183984 0.000000 0.982929 0.333593 0.333593 0.333593
1747.298462 0.000000 1373.572144 0.000000 0.416317 0.000000 0.909219 0.336386 0.336386 0.336386
1759.273193 0.000000 1410.501465 0.000000 0.462008 0.000000 0.886876 0.336612 0.336612 0.336612
1775.365356 0.000000 1386.428589 0.000000 0.056684 0.000000 0.998392 0.331544 0.331544 0.331544
1791.097656 0.000000 1395.014160 0.000000 0.239864 0.000000 0.970806 0.333051 0.333051 0.333051
1778.569214 0.000000 1411.598755 0.000000 0.408076 0.000000 0.912948 0.335173 0.335173 0.335173
1778.317383 0.000000 1358.816162 0.000000 0.509784 0.000000 0.860302 0.335427 0.335427 0.335427
1770.133911 0.000000 1359.762329 0.000000 0.198788 0.000000 0.980042 0.332873 0.332873 0.332873
1750.690430 0.000000 1383.641968 0.000000 0.083106 0.000000 0.996541 0.326668 0.326668 0.326668
1786.875244 0.000000 1355.779541 0.000000 0.409674 0.000000 0.912232 0.335346 0.335346 0.335346
1790.018555 0.000000 1381.520142 0.000000 0.070794 0.000000 0.997491 0.330537 0.330537 0.330537
1790.612427 0.000000 1407.265259 0.000000 0.580685 0.000000 0.814128 0.337865 0.337865 0.337865
1785.786499 0.000000 1360.149780 0.000000 0.131813 0.000000 0.991275 0.329825 0.329825 0.329825
1777.158813 0.000000 1390.253418 0.000000 0.033845 0.000000 0.999427 0.328983 0.328983 0.328983
1775.152222 0.000000 1401.095703 0.000000 0.473420 0.000000 0.880837 0.334510 0.334510 0.334510
1769.927490 0.000000 1400.358276 0.000000 0.123952 0.000000 0.992288 0.326996 0.326996 0.326996
1776.446289 0.000000 1366.455811 0.000000 0.346850 0.000000 0.937921 0.334480 0.334480 0.334480
1744.310547 0.000000 1380.419556 0.000000 0.489878 0.000000 0.871791 0.334225 0.334225 0.334225
1776.763550 0.000000 1395.431396 0.000000 0.061408 0.000000 0.998113 0.328239 0.328239 0.328239
1786.815186 0.000000 1363.194092 0.000000 0.230195 0.000000 0.973145 0.332164 0.332164 0.332164
1777.495239 0.000000 1355.725098 0.000000 0.587311 0.000000 0.809362 0.336444 0.336444 0.336444
1748.724731 0.000000 1385.325439 0.000000 0.293143 0.000000 0.956069 0.332143 0.332143 0.332143
1765.593018 0.000000 1397.835693 0.000000 0.189518 0.000000 0.981877 0.328233 0.328233 0.328233
1770.151367 0.000000 1398.136597 0.000000 0.502350 0.000000 0.864664 0.333070 0.333070 0.333070
1749.939941 0.000000 1380.958374 0.000000 0.381744 0.000000 0.924268 0.330218 0.330218 0.330218
1789.734009 0.000000 1446.319580 0.000000 0.304531 0.000000 0.952503 0.334735 0.334735 0.334735
1791.683594 0.000000 1425.149780 0.000000 0.437192 0.000000 0.899368 0.336613 0.336613 0.336613
1772.186279 0.000000 1459.817627 0.000000 0.271810 0.000000 0.962351 0.334378 0.334378 0.334378
1754.616821 0.000000 1418.318848 0.000000 0.082411 0.000000 0.996598 0.328087 0.328087 0.328087
1773.790894 0.000000 1425.447510 0.000000 0.270336 0.000000 0.962766 0.333453 0.333453 0.333453
1779.720459 0.000000 1449.981201 0.000000 0.373942 0.000000 0.927452 0.334124 0.334124 0.334124
1784.634888 0.000000 1447.897949 0.000000 0.514520 0.000000 0.857478 0.336090 0.336090 0.336090
1784.851562 0.000000 1443.721802 0.000000 0.221605 0.000000 0.975137 0.333165 0.333165 0.333165
1774.165649 0.000000 1429.651611 0.000000 0.108037 0.000000 0.994147 0.331406 0.331406 0.331406
1772.877319 0.000000 1445.896362 0.000000 0.207153 0.000000 0.978308 0.331075 0.331075 0.331075
1787.742432 0.000000 1449.786377 0.000000 0.475637 0.000000 0.879641 0.336144 0.336144 0.336144
1770.451904 0.000000 1447.043457 0.000000 0.011070 0.000000 0.999939 0.327581 0.327581 0.327581
1764.193237 0.000000 1419.568359 0.000000 0.396880 0.000000 0.917871 0.332729 0.332729 0.332729
1792.354126 0.000000 1403.592896 0.000000 0.138039 0.000000 0.990427 0.331790 0.331790 0.331790
1792.290283 0.000000 1389.990112 0.000000 0.563067 0.000000 0.826411 0.338016 0.338016 0.338016
1837.255371 0.000000 1410.500488 0.000000 0.268614 0.000000 0.963248 0.333714 0.333714 0.333714
1844.885132 0.000000 1407.376099 0.000000 0.321151 0.000000 0.947028 0.335708 0.335708 0.335708
1798.599243 0.000000 1408.725952 0.000000 0.447731 0.000000 0.894168 0.335883 0.335883 0.335883
1817.924683 0.000000 1408.865479 0.000000 0.557520 0.000000 0.830163 0.336821 0.336821 0.336821
1794.164551 0.000000 1374.996582 0.000000 0.244175 0.000000 0.969731 0.333108 0.333108 0.333108
1793.476685 0.000000 1362.083740 0.000000 0.148284 0.000000 0.988945 0.331238 0.331238 0.331238
1801.437988 0.000000 1356.442627 0.000000 0.150948 0.000000 0.988542 0.327863 0.327863 0.327863
1815.427856 0.000000 1404.620361 0.000000 0.137890 0.000000 0.990448 0.329723 0.329723 0.329723
1805.333862 0.000000 1359.954346 0.000000 0.203520 0.000000 0.979071 0.332456 0.332456 0.332456
1801.597778 0.000000 1405.500488 0.000000 0.119453 0.000000 0.992840 0.331488 0.331488 0.331488
1792.390503 0.000000 1399.175171 0.000000 0.193633 0.000000 0.981074 0.332567 0.332567 0.332567
1801.888916 0.000000 1410.890015 0.000000 0.017772 0.000000 0.999842 0.330255 0.330255 0.330255
1891.530884 0.000000 1406.213501 0.000000 0.032624 0.000000 0.999468 0.329772 0.329772 0.329772
1908.885132 0.000000 1407.376099 0.000000 0.459184 0.000000 0.888341 0.336190 0.336190 0.336190
1881.924683 0.000000 1408.865479 0.000000 0.393700 0.000000 0.919239 0.334359 0.334359 0.334359
1903.365356 0.000000 1386.428589 0.000000 0.479340 0.000000 0.877629 0.335122 0.335122 0.335122
1895.675415 0.000000 1410.398926 0.000000 0.058118 0.000000 0.998310 0.330703 0.330703 0.330703
1882.548950 0.000000 1396.938110 0.000000 0.230188 0.000000 0.973146 0.332690 0.332690 0.332690
1902.917847 0.000000 1376.939697 0.000000 0.532581 0.000000 0.846379 0.335671 0.335671 0.335671
1879.538208 0.000000 1391.911865 0.000000 0.315271 0.000000 0.949002 0.330393 0.330393 0.330393
1865.597778 0.000000 1405.500488 0.000000 0.112297 0.000000 0.993675 0.331269 0.331269 0.331269
1873.114990 0.000000 1410.184814 0.000000 0.192073 0.000000 0.981381 0.332487 0.332487 0.332487
1868.652466 0.000000 1381.051880 0.000000 0.187923 0.000000 0.982184 0.328811 0.328811 0.328811
1905.158813 0.000000 1390.253418 0.000000 0.236346 0.000000 0.971669 0.330327 0.330327 0.330327
1863.290527 0.000000 1398.470093 0.000000 0.130488 0.000000 0.991450 0.331819 0.331819 0.331819
1879.828003 0.000000 1379.801758 0.000000 0.453303 0.000000 0.891356 0.336011 0.336011 0.336011
1871.712891 0.000000 1374.239136 0.000000 0.425091 0.000000 0.905151 0.332793 0.332793 0.332793
1866.748779 0.000000 1397.817871 0.000000 0.093237 0.000000 0.995644 0.327344 0.327344 0.327344
1885.536743 0.000000 1395.638184 0.000000 0.243006 0.000000 0.970025 0.332282 0.332282 0.332282
1888.693359 0.000000 1407.613281 0.000000 0.305394 0.000000 0.952226 0.332598 0.332598 0.332598
1885.075928 0.000000 1408.025146 0.000000 0.378242 0.000000 0.925707 0.333876 0.333876 0.333876
1872.405029 0.000000 1393.180054 0.000000 0.456944 0.000000 0.889496 0.331225 0.331225 0.331225
1869.897339 0.000000 1398.732910 0.000000 0.012020 0.000000 0.999928 0.319150 0.319150 0.319150
1820.282104 0.000000 1449.005371 0.000000 0.342125 0.000000 0.939654 0.336070 0.336070 0.336070
1824.264404 0.000000 1433.977905 0.000000 0.521892 0.000000 0.853012 0.327636 0.327636 0.327636
1833.423462 0.000000 1444.531616 0.000000 0.426486 0.000000 0.904494 0.332570 0.332570 0.332570
1813.428101 0.000000 1444.457031 0.000000 0.346780 0.000000 0.937947 0.331980 0.331980 0.331980
1813.034912 0.000000 1452.826538 0.000000 0.466754 0.000000 0.884387 0.335729 0.335729 0.335729
1799.693237 0.000000 1443.941895 0.000000 0.127103 0.000000 0.991890 0.333100 0.333100 0.333100
1830.270874 0.000000 1413.516357 0.000000 0.191221 0.000000 0.981547 0.332415 0.332415 0.332415
1806.124634 0.000000 1441.118164 0.000000 0.384282 0.000000 0.923216 0.332474 0.332474 0.332474
1839.844604 0.000000 1419.219849 0.000000 0.521060 0.000000 0.853520 0.337757 0.337757 0.337757
1818.616821 0.000000 1418.318848 0.000000 0.345668 0.000000 0.938357 0.334570 0.334570 0.334570
1849.915649 0.000000 1422.824097 0.000000 0.364922 0.000000 0.931038 0.335145 0.335145 0.335145
1841.916626 0.000000 1429.899414 0.000000 0.229267 0.000000 0.973364 0.333907 0.333907 0.333907
1839.365356 0.000000 1442.912964 0.000000 0.271324 0.000000 0.962488 0.321122 0.321122 0.321122
1829.443237 0.000000 1431.911377 0.000000 0.371540 0.000000 0.928417 0.326914 0.326914 0.326914
1815.538208 0.000000 1448.396240 0.000000 0.016197 0.000000 0.999869 0.330167 0.330167 0.330167
1808.913574 0.000000 1444.679443 0.000000 0.259155 0.000000 0.965836 0.331190 0.331190 0.331190
1829.993652 0.000000 1441.672729 0.000000 0.054006 0.000000 0.998541 0.326475 0.326475 0.326475
1814.596802 0.000000 1432.640503 0.000000 0.471083 0.000000 0.882089 0.333481 0.333481 0.333481
1830.192993 0.000000 1417.816284 0.000000 0.158294 0.000000 0.987392 0.331557 0.331557 0.331557
1845.757935 0.000000 1431.474121 0.000000 0.103701 0.000000 0.994608 0.329684 0.329684 0.329684
1849.786499 0.000000 1416.634155 0.000000 0.513687 0.000000 0.857977 0.336843 0.336843 0.336843
1840.887695 0.000000 1436.984863 0.000000 0.193592 0.000000 0.981082 0.327877 0.327877 0.327877
1825.456543 0.000000 1426.034302 0.000000 0.234326 0.000000 0.972158 0.331113 0.331113 0.331113
1840.446289 0.000000 1422.940186 0.000000 0.271723 0.000000 0.962376 0.332792 0.332792 0.332792
1809.983643 0.000000 1433.477661 0.000000 0.496626 0.000000 0.867964 0.335810 0.335810 0.335810
1820.263916 0.000000 1421.405396 0.000000 0.504223 0.000000 0.863574 0.336566 0.336566 0.336566
1836.084717 0.000000 1442.853149 0.000000 0.426350 0.000000 0.904558 0.324814 0.324814 0.324814
1832.221680 0.000000 1432.552612 0.000000 0.410388 0.000000 0.911911 0.326629 0.326629 0.326629
1819.921387 0.000000 1428.065063 0.000000 0.310976 0.000000 0.950418 0.331528 0.331528 0.331528
1837.452271 0.000000 1440.679199 0.000000 0.533141 0.000000 0.846026 0.327529 0.327529 0.327529
1825.496704 0.000000 1436.340088 0.000000 0.060561 0.000000 0.998164 0.318396 0.318396 0.318396
1808.687988 0.000000 1447.294556 0.000000 0.308782 0.000000 0.951133 0.331989 0.331989 0.331989
1831.437012 0.000000 1439.491333 0.000000 0.275188 0.000000 0.961391 0.321212 0.321212 0.321212
1808.003174 0.000000 1439.412109 0.000000 0.301056 0.000000 0.953606 0.330546 0.330546 0.330546
1816.755737 0.000000 1431.458618 0.000000 0.269828 0.000000 0.962909 0.331009 0.331009 0.331009
1894.270874 0.000000 1413.516357 0.000000 0.446465 0.000000 0.894801 0.336446 0.336446 0.336446
1882.616821 0.000000 1418.318848 0.000000 0.330504 0.000000 0.943805 0.334258 0.334258 0.334258
1865.437988 0.000000 1412.927002 0.000000 0.400338 0.000000 0.916367 0.334912 0.334912 0.334912
1882.844482 0.000000 1413.826904 0.000000 0.122459 0.000000 0.992474 0.329882 0.329882 0.329882
1878.003418 0.000000 1425.811768 0.000000 0.318048 0.000000 0.948075 0.333981 0.333981 0.333981
1890.139526 0.000000 1413.835693 0.000000 0.342260 0.000000 0.939605 0.333884 0.333884 0.333884
1867.269287 0.000000 1421.439453 0.000000 0.356109 0.000000 0.934444 0.332655 0.332655 0.332655
1880.358154 0.000000 1420.620361 0.000000 0.415494 0.000000 0.909596 0.334828 0.334828 0.334828
1869.243652 0.000000 1419.350464 0.000000 0.498122 0.000000 0.867107 0.334871 0.334871 0.334871
1880.982788 0.000000 1415.983276 0.000000 0.506353 0.000000 0.862327 0.335599 0.335599 0.335599
1862.202026 0.000000 1423.622192 0.000000 0.260459 0.000000 0.965485 0.331666 0.331666 0.331666
1860.014893 0.000000 1418.196411 0.000000 0.040105 0.000000 0.999195 0.328132 0.328132 0.328132
2010.840820 0.000000 1438.813721 0.000000 0.094584 0.000000 0.995517 0.329364 0.329364 0.329364
2003.298462 0.000000 1430.056519 0.000000 0.293722 0.000000 0.955891 0.335098 0.335098 0.335098
1996.652466 0.000000 1437.536255 0.000000 0.408384 0.000000 0.912810 0.335478 0.335478 0.335478
1994.423096 0.000000 1435.856934 0.000000 0.427924 0.000000 0.903814 0.333235 0.333235 0.333235
2022.386963 0.000000 1434.457520 0.000000 0.364076 0.000000 0.931369 0.332778 0.332778 0.332778
1926.656738 0.000000 2308.192871 0.000000 0.438920 0.000000 0.898526 0.332441 0.332441 0.332441
1993.437988 0.000000 2316.677002 0.000000 0.206380 0.000000 0.978472 0.329397 0.329397 0.329397
1994.448364 0.000000 2319.464355 0.000000 0.504790 0.000000 0.863242 0.328565 0.328565 0.328565
1988.014893 0.000000 2321.946533 0.000000 0.475536 0.000000 0.879696 0.333183 0.333183 0.333183
1699.530884 0.000000 2648.869873 0.000000 0.149301 0.000000 0.988792 0.332804 0.332804 0.332804
1725.734009 0.000000 2632.491455 0.000000 0.496744 0.000000 0.867897 0.337924 0.337924 0.337924
1695.273193 0.000000 2653.157715 0.000000 0.204036 0.000000 0.978963 0.326498 0.326498 0.326498
1706.064331 0.000000 2649.604980 0.000000 0.154684 0.000000 0.987964 0.330025 0.330025 0.330025
1705.246460 0.000000 2646.593018 0.000000 0.570806 0.000000 0.821085 0.337206 0.337206 0.337206
1724.718994 0.000000 2639.512695 0.000000 0.195810 0.000000 0.980642 0.330795 0.330795 0.330795
1714.616577 0.000000 2644.334473 0.000000 0.149426 0.000000 0.988773 0.329826 0.329826 0.329826
1696.929810 0.000000 2654.758789 0.000000 0.203644 0.000000 0.979045 0.327147 0.327147 0.327147
1728.290283 0.000000 2632.646484 0.000000 0.359268 0.000000 0.933234 0.335806 0.335806 0.335806
1738.048218 0.000000 2643.781494 0.000000 0.313051 0.000000 0.949736 0.331013 0.331013 0.331013
1755.221802 0.000000 2644.309814 0.000000 0.488811 0.000000 0.872390 0.337264 0.337264 0.337264
1734.599243 0.000000 2651.382080 0.000000 0.185222 0.000000 0.982697 0.328950 0.328950 0.328950
1737.888916 0.000000 2653.546387 0.000000 0.448028 0.000000 0.894019 0.334292 0.334292 0.334292
1766.643433 0.000000 2649.983398 0.000000 0.176365 0.000000 0.984325 0.330092 0.330092 0.330092
1765.505493 0.000000 2653.968994 0.000000 0.081152 0.000000 0.996702 0.326702 0.326702 0.326702
1692.282104 0.000000 2691.661621 0.000000 0.264702 0.000000 0.964330 0.328995 0.328995 0.328995
1705.423462 0.000000 2687.187744 0.000000 0.432325 0.000000 0.901718 0.336548 0.336548 0.336548
1709.255371 0.000000 2709.641113 0.000000 0.088793 0.000000 0.996050 0.330189 0.330189 0.330189
1725.524414 0.000000 2660.279053 0.000000 0.585872 0.000000 0.810404 0.338607 0.338607 0.338607
1678.124634 0.000000 2683.774414 0.000000 0.076516 0.000000 0.997068 0.316707 0.316707 0.316707
1701.084961 0.000000 2669.563232 0.000000 0.475130 0.000000 0.879916 0.329463 0.329463 0.329463
1702.465210 0.000000 2679.863281 0.000000 0.406359 0.000000 0.913713 0.334746 0.334746 0.334746
1678.146729 0.000000 2676.619141 0.000000 0.106980 0.000000 0.994261 0.320266 0.320266 0.320266
1715.720459 0.000000 2692.637451 0.000000 0.487281 0.000000 0.873245 0.337011 0.337011 0.337011
1681.626343 0.000000 2659.975098 0.000000 0.003452 0.000000 0.999994 0.327129 0.327129 0.327129
1690.548950 0.000000 2696.078613 0.000000 0.241705 0.000000 0.970350 0.330757 0.330757 0.330757
1726.112061 0.000000 2698.684326 0.000000 0.479651 0.000000 0.877460 0.334004 0.334004 0.334004
1680.913574 0.000000 2687.335693 0.000000 0.397466 0.000000 0.917617 0.328525 0.328525 0.328525
1690.844482 0.000000 2656.483154 0.000000 0.001179 0.000000 0.999999 0.316329 0.316329 0.316329
1702.192993 0.000000 2660.472412 0.000000 0.425464 0.000000 0.904975 0.333244 0.333244 0.333244
1682.973877 0.000000 2656.168457 0.000000 0.087459 0.000000 0.996168 0.329264 0.329264 0.329264
1710.165649 0.000000 2672.307861 0.000000 0.509111 0.000000 0.860701 0.335235 0.335235 0.335235
1675.269287 0.000000 2664.095703 0.000000 0.276459 0.000000 0.961026 0.330489 0.330489 0.330489
1713.605835 0.000000 2707.619385 0.000000 0.568899 0.000000 0.822407 0.337006 0.337006 0.337006
1673.939697 0.000000 2670.053955 0.000000 0.171670 0.000000 0.985155 0.329535 0.329535 0.329535
1676.424805 0.000000 2673.185303 0.000000 0.040622 0.000000 0.999175 0.320986 0.320986 0.320986
1697.860474 0.000000 2663.506836 0.000000 0.149752 0.000000 0.988724 0.321514 0.321514 0.321514
1685.436035 0.000000 2706.063477 0.000000 0.272082 0.000000 0.962274 0.330647 0.330647 0.330647
1726.830811 0.000000 2702.000732 0.000000 0.564039 0.000000 0.825748 0.336375 0.336375 0.336375
1683.958252 0.000000 2661.478271 0.000000 0.566095 0.000000 0.824340 0.334843 0.334843 0.334843
1685.175049 0.000000 2689.983643 0.000000 0.510864 0.000000 0.859661 0.334586 0.334586 0.334586
1711.961792 0.000000 2710.025635 0.000000 0.176641 0.000000 0.984275 0.328696 0.328696 0.328696
1680.003174 0.000000 2682.068359 0.000000 0.457281 0.000000 0.889322 0.327881 0.327881 0.327881
1700.534668 0.000000 2671.943604 0.000000 0.079892 0.000000 0.996804 0.323491 0.323491 0.323491
1724.370483 0.000000 2700.662354 0.000000 0.438902 0.000000 0.898535 0.331368 0.331368 0.331368
1698.794434 0.000000 2693.025146 0.000000 0.072422 0.000000 0.997374 0.323358 0.323358 0.323358
1672.162109 0.000000 2674.486328 0.000000 0.201486 0.000000 0.979491 0.328365 0.328365 0.328365
1682.931519 0.000000 2686.091797 0.000000 0.312818 0.000000 0.949813 0.329204 0.329204 0.329204
1698.304321 0.000000 2670.865479 0.000000 0.275401 0.000000 0.961330 0.329570 0.329570 0.329570
1675.945557 0.000000 2676.834229 0.000000 0.458531 0.000000 0.888678 0.328196 0.328196 0.328196
1705.380981 0.000000 2670.713135 0.000000 0.195603 0.000000 0.980683 0.325929 0.325929 0.325929
1702.302734 0.000000 2667.832275 0.000000 0.546401 0.000000 0.837524 0.331914 0.331914 0.331914
1756.282104 0.000000 2691.661621 0.000000 0.257148 0.000000 0.966372 0.333393 0.333393 0.333393
1743.347534 0.000000 2655.049805 0.000000 0.191569 0.000000 0.981479 0.330252 0.330252 0.330252
1754.840820 0.000000 2681.469971 0.000000 0.158683 0.000000 0.987330 0.330267 0.330267 0.330267
1775.365356 0.000000 2685.569336 0.000000 0.157023 0.000000 0.987595 0.332158 0.332158 0.332158
1774.917847 0.000000 2676.080322 0.000000 0.135485 0.000000 0.990779 0.324673 0.324673 0.324673
1769.606079 0.000000 2692.247070 0.000000 0.463676 0.000000 0.886005 0.334542 0.334542 0.334542
1746.973877 0.000000 2656.168457 0.000000 0.101078 0.000000 0.994878 0.329519 0.329519 0.329519
1769.897095 0.000000 2654.793945 0.000000 0.333409 0.000000 0.942782 0.334028 0.334028 0.334028
1789.449707 0.000000 2664.251709 0.000000 0.483911 0.000000 0.875117 0.332214 0.332214 0.332214
1774.165649 0.000000 2672.307861 0.000000 0.496524 0.000000 0.868023 0.335258 0.335258 0.335258
1763.373291 0.000000 2681.708984 0.000000 0.499914 0.000000 0.866075 0.334855 0.334855 0.334855
1767.443970 0.000000 2666.054932 0.000000 0.335223 0.000000 0.942139 0.332926 0.332926 0.332926
1778.335327 0.000000 2675.658691 0.000000 0.483530 0.000000 0.875328 0.332067 0.332067 0.332067
1758.841187 0.000000 2686.397705 0.000000 0.387726 0.000000 0.921775 0.333093 0.333093 0.333093
1766.386963 0.000000 2677.113770 0.000000 0.028097 0.000000 0.999605 0.320749 0.320749 0.320749
1779.409058 0.000000 2680.251953 0.000000 0.179318 0.000000 0.983791 0.330499 0.330499 0.330499
1764.142212 0.000000 2654.860840 0.000000 0.067451 0.000000 0.997723 0.326421 0.326421 0.326421
1753.026123 0.000000 2655.013428 0.000000 0.315244 0.000000 0.949011 0.330885 0.330885 0.330885
1787.596436 0.000000 2671.291992 0.000000 0.111764 0.000000 0.993735 0.325590 0.325590 0.325590
1772.304199 0.000000 2678.465088 0.000000 0.454049 0.000000 0.890977 0.329488 0.329488 0.329488
1763.886841 0.000000 2685.390137 0.000000 0.238209 0.000000 0.971214 0.329251 0.329251 0.329251
1813.636475 0.000000 2652.783447 0.000000 0.527365 0.000000 0.849639 0.335805 0.335805 0.335805
1812.950073 0.000000 2663.934814 0.000000 0.528723 0.000000 0.848795 0.338574 0.338574 0.338574
1811.921631 0.000000 2679.091064 0.000000 0.066555 0.000000 0.997783 0.329562 0.329562 0.329562
1819.221802 0.000000 2700.794189 0.000000 0.040577 0.000000 0.999176 0.328607 0.328607 0.328607
1793.476685 0.000000 2661.224365 0.000000 0.150417 0.000000 0.988623 0.333004 0.333004 0.333004
1819.974365 0.000000 2686.495117 0.000000 0.434636 0.000000 0.900606 0.334325 0.334325 0.334325
1817.550537 0.000000 2666.366943 0.000000 0.503217 0.000000 0.864160 0.335913 0.335913 0.335913
1814.690430 0.000000 2682.782471 0.000000 0.343273 0.000000 0.939236 0.334004 0.334004 0.334004
1815.828003 0.000000 2678.942383 0.000000 0.260983 0.000000 0.965343 0.331731 0.331731 0.331731
1808.310547 0.000000 2679.560303 0.000000 0.486292 0.000000 0.873797 0.335139 0.335139 0.335139
1820.682983 0.000000 2668.199463 0.000000 0.057946 0.000000 0.998320 0.329379 0.329379 0.329379
1820.263916 0.000000 2664.061768 0.000000 0.289125 0.000000 0.957291 0.332140 0.332140 0.332140
1821.565796 0.000000 2698.064453 0.000000 0.381057 0.000000 0.924552 0.333505 0.333505 0.333505
1815.871582 0.000000 2694.246582 0.000000 0.462084 0.000000 0.886836 0.334755 0.334755 0.334755
1812.862061 0.000000 2703.432617 0.000000 0.456086 0.000000 0.889936 0.334660 0.334660 0.334660
1813.175049 0.000000 2689.983643 0.000000 0.152277 0.000000 0.988338 0.330176 0.330176 0.330176
1819.827881 0.000000 2658.804688 0.000000 0.298798 0.000000 0.954316 0.331008 0.331008 0.331008
1709.901245 0.000000 2712.204346 0.000000 0.373795 0.000000 0.927511 0.334433 0.334433 0.334433
1690.616821 0.000000 2717.459473 0.000000 0.017585 0.000000 0.999845 0.319463 0.319463 0.319463
1698.074463 0.000000 2716.769775 0.000000 0.424195 0.000000 0.905571 0.336490 0.336490 0.336490
1690.844482 0.000000 2712.967529 0.000000 0.567624 0.000000 0.823288 0.334365 0.334365 0.334365
1692.263916 0.000000 2720.546143 0.000000 0.040891 0.000000 0.999164 0.321125 0.321125 0.321125
1695.085693 0.000000 2718.878906 0.000000 0.240490 0.000000 0.970652 0.325923 0.325923 0.325923
1716.340698 0.000000 2711.586182 0.000000 0.415504 0.000000 0.909592 0.331535 0.331535 0.331535
1713.495239 0.000000 2711.350098 0.000000 0.248268 0.000000 0.968691 0.329759 0.329759 0.329759
1683.922729 0.000000 2715.049316 0.000000 0.493392 0.000000 0.869807 0.335023 0.335023 0.335023
1695.881958 0.000000 2713.899414 0.000000 0.046432 0.000000 0.998921 0.324626 0.324626 0.324626
1748.950073 0.000000 2720.419189 0.000000 0.140161 0.000000 0.990129 0.332692 0.332692 0.332692
1789.734009 0.000000 2745.460205 0.000000 0.003142 0.000000 0.999995 0.330412 0.330412 0.330412
1745.626343 0.000000 2716.459473 0.000000 0.534890 0.000000 0.844922 0.334303 0.334303 0.334303
1789.935669 0.000000 2741.280029 0.000000 0.261353 0.000000 0.965243 0.332078 0.332078 0.332078
1735.290527 0.000000 2754.095215 0.000000 0.369163 0.000000 0.929364 0.330668 0.330668 0.330668
1747.958252 0.000000 2717.962646 0.000000 0.326710 0.000000 0.945125 0.331827 0.331827 0.331827
1735.626831 0.000000 2757.600342 0.000000 0.566245 0.000000 0.824237 0.333111 0.333111 0.333111
1791.022949 0.000000 2765.415527 0.000000 0.553438 0.000000 0.832891 0.333615 0.333615 0.333615
1713.495239 0.000000 2767.834473 0.000000 0.053634 0.000000 0.998561 0.320637 0.320637 0.320637
1770.581665 0.000000 2786.539307 0.000000 0.479212 0.000000 0.877699 0.331938 0.331938 0.331938
1765.084961 0.000000 2782.531982 0.000000 0.471814 0.000000 0.881698 0.332692 0.332692 0.332692
1747.298462 0.000000 2785.681641 0.000000 0.103847 0.000000 0.994593 0.332441 0.332441 0.332441
1773.790894 0.000000 2781.072510 0.000000 0.363605 0.000000 0.931553 0.327586 0.327586 0.327586
1765.443237 0.000000 2787.536377 0.000000 0.571478 0.000000 0.820617 0.338352 0.338352 0.338352
1781.757935 0.000000 2787.099121 0.000000 0.221313 0.000000 0.975203 0.328863 0.328863 0.328863
1783.430908 0.000000 2781.611328 0.000000 0.129614 0.000000 0.991565 0.330675 0.330675 0.330675
1764.534668 0.000000 2784.912354 0.000000 0.520428 0.000000 0.853905 0.334440 0.334440 0.334440
1780.127808 0.000000 2785.616943 0.000000 0.074783 0.000000 0.997200 0.319544 0.319544 0.319544
1767.451416 0.000000 2782.729980 0.000000 0.495712 0.000000 0.868487 0.330510 0.330510 0.330510
1728.013672 0.000000 2772.257080 0.000000 0.020512 0.000000 0.999790 0.319521 0.319521 0.319521
1792.354126 0.000000 2759.217773 0.000000 0.467038 0.000000 0.884237 0.336207 0.336207 0.336207
1792.290283 0.000000 2745.615234 0.000000 0.253644 0.000000 0.967298 0.330706 0.330706 0.330706
1807.347534 0.000000 2711.534180 0.000000 0.512495 0.000000 0.858690 0.335562 0.335562 0.335562
1799.693237 0.000000 2743.082520 0.000000 0.232985 0.000000 0.972480 0.329985 0.329985 0.329985
1806.716187 0.000000 2720.983643 0.000000 0.280430 0.000000 0.959874 0.332912 0.332912 0.332912
1799.651001 0.000000 2728.737305 0.000000 0.063810 0.000000 0.997962 0.328998 0.328998 0.328998
1803.936890 0.000000 2744.019287 0.000000 0.204745 0.000000 0.978815 0.331339 0.331339 0.331339
1854.612427 0.000000 2762.890381 0.000000 0.345533 0.000000 0.938406 0.333610 0.333610 0.333610
1792.226196 0.000000 2762.566895 0.000000 0.348594 0.000000 0.937274 0.332274 0.332274 0.332274
1850.107300 0.000000 2766.450439 0.000000 0.102085 0.000000 0.994776 0.328571 0.328571 0.328571
1803.443359 0.000000 2741.237061 0.000000 0.259790 0.000000 0.965665 0.331485 0.331485 0.331485
1798.927612 0.000000 2717.597412 0.000000 0.573848 0.000000 0.818962 0.335955 0.335955 0.335955
1801.114258 0.000000 2741.363770 0.000000 0.527887 0.000000 0.849315 0.332932 0.332932 0.332932
1846.803467 0.000000 2769.800537 0.000000 0.328761 0.000000 0.944413 0.333155 0.333155 0.333155
1833.423462 0.000000 2800.156494 0.000000 0.177725 0.000000 0.984080 0.329260 0.329260 0.329260
1819.221802 0.000000 2813.762939 0.000000 0.573182 0.000000 0.819428 0.337664 0.337664 0.337664
1813.034912 0.000000 2808.451416 0.000000 0.431699 0.000000 0.902018 0.334624 0.334624 0.334624
1838.271362 0.000000 2805.022949 0.000000 0.226788 0.000000 0.973944 0.332293 0.332293 0.332293
1793.469238 0.000000 2822.282471 0.000000 0.429913 0.000000 0.902870 0.334252 0.334252 0.334252
1818.548950 0.000000 2809.047363 0.000000 0.146117 0.000000 0.989267 0.332578 0.332578 0.332578
1833.606079 0.000000 2805.215820 0.000000 0.102268 0.000000 0.994757 0.317283 0.317283 0.317283
1830.737793 0.000000 2806.212158 0.000000 0.477246 0.000000 0.878770 0.326086 0.326086 0.326086
1835.827026 0.000000 2805.921143 0.000000 0.044836 0.000000 0.998994 0.317666 0.317666 0.317666
1859.834473 0.000000 2767.736816 0.000000 0.350260 0.000000 0.936653 0.335374 0.335374 0.335374
1906.281372 0.000000 2810.803467 0.000000 0.040334 0.000000 0.999186 0.331880 0.331880 0.331880
1908.600708 0.000000 2790.948242 0.000000 0.510679 0.000000 0.859772 0.335532 0.335532 0.335532
1870.189453 0.000000 2804.178223 0.000000 0.078881 0.000000 0.996884 0.322169 0.322169 0.322169
1916.270508 0.000000 2816.068115 0.000000 0.341104 0.000000 0.940026 0.331250 0.331250 0.331250
1871.347534 0.000000 2768.018555 0.000000 0.402787 0.000000 0.915294 0.333532 0.333532 0.333532
1917.042114 0.000000 2823.392578 0.000000 0.126014 0.000000 0.992028 0.329932 0.329932 0.329932
1882.616821 0.000000 2773.943848 0.000000 0.491578 0.000000 0.870834 0.336101 0.336101 0.336101
1857.476685 0.000000 2774.193115 0.000000 0.222553 0.000000 0.974920 0.333353 0.333353 0.333353
1913.614258 0.000000 2820.115479 0.000000 0.281389 0.000000 0.959594 0.333150 0.333150 0.333150
1902.917847 0.000000 2789.049072 0.000000 0.248918 0.000000 0.968525 0.332478 0.332478 0.332478
1869.883423 0.000000 2816.230469 0.000000 0.574306 0.000000 0.818641 0.337849 0.337849 0.337849
1876.194824 0.000000 2813.647217 0.000000 0.410344 0.000000 0.911931 0.328434 0.328434 0.328434
1917.935669 0.000000 2797.764404 0.000000 0.504698 0.000000 0.863296 0.335754 0.335754 0.335754
1918.612427 0.000000 2819.374756 0.000000 0.468873 0.000000 0.883266 0.334389 0.334389 0.334389
1863.290527 0.000000 2810.579590 0.000000 0.559521 0.000000 0.828816 0.336341 0.336341 0.336341
1865.807983 0.000000 2803.439941 0.000000 0.026125 0.000000 0.999659 0.328337 0.328337 0.328337
1905.605835 0.000000 2820.588135 0.000000 0.270087 0.000000 0.962836 0.330502 0.330502 0.330502
1866.748779 0.000000 2809.927246 0.000000 0.019372 0.000000 0.999812 0.328378 0.328378 0.328378
1894.643433 0.000000 2819.436523 0.000000 0.174384 0.000000 0.984678 0.326527 0.326527 0.326527
1884.116333 0.000000 2823.149902 0.000000 0.467120 0.000000 0.884194 0.332275 0.332275 0.332275
1915.206421 0.000000 2797.715088 0.000000 0.426692 0.000000 0.904397 0.334499 0.334499 0.334499
1876.862061 0.000000 2816.401367 0.000000 0.524845 0.000000 0.851198 0.332516 0.332516 0.332516
1878.697754 0.000000 2814.252930 0.000000 0.099832 0.000000 0.995004 0.321148 0.321148 0.321148
1892.193237 0.000000 2775.193359 0.000000 0.363330 0.000000 0.931661 0.333238 0.333238 0.333238
1875.922729 0.000000 2771.533691 0.000000 0.527367 0.000000 0.849637 0.334608 0.334608 0.334608
1900.263306 0.000000 2817.909424 0.000000 0.569618 0.000000 0.821910 0.332887 0.332887 0.332887
1874.130249 0.000000 2812.827637 0.000000 0.052770 0.000000 0.998607 0.321482 0.321482 0.321482
1870.936279 0.000000 2814.306396 0.000000 0.560919 0.000000 0.827871 0.334618 0.334618 0.334618
1904.587158 0.000000 2818.660400 0.000000 0.434344 0.000000 0.900747 0.328735 0.328735 0.328735
1888.929810 0.000000 2824.211914 0.000000 0.184598 0.000000 0.982814 0.326338 0.326338 0.326338
2011.221802 0.000000 2757.278564 0.000000 0.228508 0.000000 0.973542 0.333312 0.333312 0.333312
2014.599976 0.000000 2760.953613 0.000000 0.418431 0.000000 0.908249 0.333179 0.333179 0.333179
2017.638062 0.000000 2758.018555 0.000000 0.153422 0.000000 0.988161 0.329821 0.329821 0.329821
1972.600708 0.000000 2790.948242 0.000000 0.298549 0.000000 0.954394 0.333939 0.333939 0.333939
1939.921631 0.000000 2792.059814 0.000000 0.585348 0.000000 0.810782 0.334551 0.334551 0.334551
1971.915527 0.000000 2779.775635 0.000000 0.172459 0.000000 0.985017 0.329669 0.329669 0.329669
1945.268799 0.000000 2784.143555 0.000000 0.507127 0.000000 0.861871 0.334385 0.334385 0.334385
1953.639404 0.000000 2797.771973 0.000000 0.281242 0.000000 0.959637 0.332025 0.332025 0.332025
1920.315308 0.000000 2794.159912 0.000000 0.250207 0.000000 0.968192 0.333360 0.333360 0.333360
1965.790894 0.000000 2781.072510 0.000000 0.513391 0.000000 0.858155 0.334224 0.334224 0.334224
1921.469238 0.000000 2822.282471 0.000000 0.406723 0.000000 0.913552 0.336160 0.336160 0.336160
1974.117310 0.000000 2774.755859 0.000000 0.453785 0.000000 0.891111 0.329147 0.329147 0.329147
1961.396362 0.000000 2781.493164 0.000000 0.178410 0.000000 0.983956 0.330669 0.330669 0.330669
1973.757935 0.000000 2787.099121 0.000000 0.033401 0.000000 0.999442 0.328708 0.328708 0.328708
1975.430908 0.000000 2781.611328 0.000000 0.042197 0.000000 0.999109 0.329564 0.329564 0.329564
1936.310547 0.000000 2792.529053 0.000000 0.530613 0.000000 0.847614 0.335284 0.335284 0.335284
1955.373291 0.000000 2794.677734 0.000000 0.045588 0.000000 0.998960 0.328677 0.328677 0.328677
1978.815186 0.000000 2775.303467 0.000000 0.324859 0.000000 0.945762 0.327248 0.327248 0.327248
1959.443970 0.000000 2779.023682 0.000000 0.142018 0.000000 0.989864 0.327660 0.327660 0.327660
1955.895264 0.000000 2780.248047 0.000000 0.006120 0.000000 0.999981 0.324502 0.324502 0.324502
1941.175049 0.000000 2802.952393 0.000000 0.039727 0.000000 0.999211 0.326454 0.326454 0.326454
1922.854492 0.000000 2815.281250 0.000000 0.395876 0.000000 0.918304 0.332306 0.332306 0.332306
1981.061157 0.000000 2768.290771 0.000000 0.429096 0.000000 0.903259 0.332220 0.332220 0.332220
1987.834473 0.000000 2767.736816 0.000000 0.104685 0.000000 0.994505 0.331427 0.331427 0.331427
2014.802368 0.000000 2767.795410 0.000000 0.327258 0.000000 0.944935 0.335998 0.335998 0.335998
1985.476685 0.000000 2774.193115 0.000000 0.559033 0.000000 0.829145 0.336290 0.336290 0.336290
2001.626343 0.000000 2772.943848 0.000000 0.025815 0.000000 0.999667 0.330965 0.330965 0.330965
1989.568970 0.000000 2771.752197 0.000000 0.560629 0.000000 0.828067 0.332822 0.332822 0.332822
1997.333862 0.000000 2772.063721 0.000000 0.416301 0.000000 0.909227 0.331948 0.331948 0.331948
2006.596802 0.000000 2788.265625 0.000000 0.494469 0.000000 0.869195 0.332647 0.332647 0.332647
1984.173096 0.000000 2769.559082 0.000000 0.520924 0.000000 0.853603 0.333555 0.333555 0.333555
1986.492065 0.000000 2771.323975 0.000000 0.169386 0.000000 0.985550 0.322892 0.322892 0.322892
1999.844482 0.000000 2770.861572 0.000000 0.510669 0.000000 0.859777 0.335261 0.335261 0.335261
1988.014893 0.000000 2773.821533 0.000000 0.443030 0.000000 0.896507 0.333096 0.333096 0.333096
1876.950073 0.000000 2833.387939 0.000000 0.552926 0.000000 0.833231 0.338123 0.338123 0.338123
1886.802368 0.000000 2824.279785 0.000000 0.170933 0.000000 0.985283 0.326712 0.326712 0.326712
1893.084961 0.000000 2839.016357 0.000000 0.560431 0.000000 0.828201 0.338275 0.338275 0.338275
1886.773926 0.000000 2840.690430 0.000000 0.133843 0.000000 0.991003 0.331046 0.331046 0.331046
1910.117310 0.000000 2831.240234 0.000000 0.052578 0.000000 0.998617 0.325591 0.325591 0.325591
1906.317383 0.000000 2827.409912 0.000000 0.100296 0.000000 0.994958 0.328095 0.328095 0.328095
1894.192993 0.000000 2829.925537 0.000000 0.581186 0.000000 0.813771 0.333055 0.333055 0.333055
1874.973877 0.000000 2825.621582 0.000000 0.509060 0.000000 0.860731 0.332426 0.332426 0.332426
1900.817139 0.000000 2833.744629 0.000000 0.403034 0.000000 0.915185 0.330758 0.330758 0.330758
1887.085693 0.000000 2831.847656 0.000000 0.220760 0.000000 0.975328 0.324495 0.324495 0.324495
1905.495239 0.000000 2824.318848 0.000000 0.005545 0.000000 0.999985 0.328185 0.328185 0.328185
1908.968994 0.000000 2828.576660 0.000000 0.050845 0.000000 0.998707 0.324434 0.324434 0.324434
1898.549194 0.000000 2835.330078 0.000000 0.473406 0.000000 0.880844 0.334887 0.334887 0.334887
1892.142212 0.000000 2824.313965 0.000000 0.123280 0.000000 0.992372 0.325152 0.325152 0.325152
1884.903564 0.000000 2830.840088 0.000000 0.467371 0.000000 0.884061 0.331332 0.331332 0.331332
1884.442627 0.000000 2824.236084 0.000000 0.016201 0.000000 0.999869 0.321542 0.321542 0.321542
1878.295044 0.000000 2831.691895 0.000000 0.315126 0.000000 0.949050 0.327442 0.327442 0.327442
2235.875732 0.000000 2330.065674 0.000000 0.191752 0.000000 0.981444 0.331941 0.331941 0.331941
2228.612793 0.000000 2331.571289 0.000000 0.421594 0.000000 0.906785 0.333379 0.333379 0.333379
2092.186279 0.000000 2420.052002 0.000000 0.557784 0.000000 0.829986 0.336397 0.336397 0.336397
2109.042236 0.000000 2428.001953 0.000000 0.454890 0.000000 0.890548 0.337185 0.337185 0.337185
2089.927490 0.000000 2417.076904 0.000000 0.292708 0.000000 0.956202 0.332192 0.332192 0.332192
2103.341309 0.000000 2423.635742 0.000000 0.286393 0.000000 0.958112 0.328352 0.328352 0.328352
2111.683594 0.000000 2441.868652 0.000000 0.346740 0.000000 0.937961 0.335275 0.335275 0.335275
2109.042236 0.000000 2484.486328 0.000000 0.040437 0.000000 0.999182 0.327869 0.327869 0.327869
2130.736816 0.000000 2478.949219 0.000000 0.495698 0.000000 0.868495 0.332394 0.332394 0.332394
2115.589111 0.000000 2441.210449 0.000000 0.568257 0.000000 0.822851 0.336489 0.336489 0.336489
2135.427979 0.000000 2477.823486 0.000000 0.173911 0.000000 0.984761 0.332435 0.332435 0.332435
2112.110596 0.000000 2439.192627 0.000000 0.150967 0.000000 0.988539 0.330158 0.330158 0.330158
2129.116211 0.000000 2476.075684 0.000000 0.439798 0.000000 0.898097 0.334990 0.334990 0.334990
2127.784668 0.000000 2470.650879 0.000000 0.067496 0.000000 0.997720 0.327276 0.327276 0.327276
2111.290771 0.000000 2485.717529 0.000000 0.465544 0.000000 0.885025 0.336044 0.336044 0.336044
2106.165039 0.000000 2507.863281 0.000000 0.504475 0.000000 0.863426 0.333201 0.333201 0.333201
2092.877197 0.000000 2519.099365 0.000000 0.197542 0.000000 0.980295 0.330400 0.330400 0.330400
2090.451904 0.000000 2520.246582 0.000000 0.569784 0.000000 0.821795 0.336304 0.336304 0.336304
2102.075195 0.000000 2506.857422 0.000000 0.384901 0.000000 0.922958 0.327040 0.327040 0.327040
2094.271240 0.000000 2635.569824 0.000000 0.521848 0.000000 0.853038 0.335715 0.335715 0.335715
2113.469238 0.000000 2709.313721 0.000000 0.171393 0.000000 0.985203 0.331730 0.331730 0.331730
2116.956787 0.000000 2700.932617 0.000000 0.367692 0.000000 0.929948 0.330173 0.330173 0.330173
2115.168213 0.000000 2698.718262 0.000000 0.160757 0.000000 0.986994 0.329681 0.329681 0.329681
2119.561523 0.000000 2705.739502 0.000000 0.187837 0.000000 0.982200 0.323799 0.323799 0.323799
2100.449951 0.000000 2744.010498 0.000000 0.339841 0.000000 0.940483 0.334652 0.334652 0.334652
2069.428223 0.000000 2743.597656 0.000000 0.282458 0.000000 0.959280 0.332043 0.332043 0.332043
2062.124512 0.000000 2740.258789 0.000000 0.586935 0.000000 0.809634 0.336809 0.336809 0.336809
2075.974365 0.000000 2742.979492 0.000000 0.019717 0.000000 0.999806 0.330280 0.330280 0.330280
2084.590088 0.000000 2721.256592 0.000000 0.337675 0.000000 0.941263 0.334516 0.334516 0.334516
2089.396484 0.000000 2725.008789 0.000000 0.112215 0.000000 0.993684 0.330312 0.330312 0.330312
2066.408936 0.000000 2739.659424 0.000000 0.172501 0.000000 0.985009 0.332661 0.332661 0.332661
2092.877197 0.000000 2745.036865 0.000000 0.421126 0.000000 0.907002 0.334712 0.334712 0.334712
4833.639160 0.000000 990.271973 0.000000 0.449612 0.000000 0.893224 0.333352 0.333352 0.333352
4829.260254 0.000000 994.503601 0.000000 0.239526 0.000000 0.970890 0.324163 0.324163 0.324163
4894.667969 0.000000 996.615723 0.000000 0.142032 0.000000 0.989862 0.323168 0.323168 0.323168
6071.879395 0.000000 1342.335449 0.000000 0.500572 0.000000 0.865695 0.335277 0.335277 0.335277
6078.830566 0.000000 1346.375732 0.000000 0.129998 0.000000 0.991514 0.326086 0.326086 0.326086
6076.341309 0.000000 1352.308472 0.000000 0.529001 0.000000 0.848621 0.333884 0.333884 0.333884
6143.683594 0.000000 1312.181030 0.000000 0.421026 0.000000 0.907048 0.334909 0.334909 0.334909
6086.599121 0.000000 1352.241577 0.000000 0.462806 0.000000 0.886459 0.331386 0.331386 0.331386
6137.426758 0.000000 1316.539551 0.000000 0.307699 0.000000 0.951484 0.327191 0.327191 0.327191
6081.469238 0.000000 1353.688721 0.000000 0.533530 0.000000 0.845781 0.333309 0.333309 0.333309
6125.060059 0.000000 1341.532471 0.000000 0.327563 0.000000 0.944829 0.334867 0.334867 0.334867
6089.597656 0.000000 1349.016113 0.000000 0.389158 0.000000 0.921171 0.335265 0.335265 0.335265
6132.612793 0.000000 1314.852661 0.000000 0.397961 0.000000 0.917402 0.332544 0.332544 0.332544
6086.656738 0.000000 1347.958374 0.000000 0.584168 0.000000 0.811633 0.334403 0.334403 0.334403
6083.167969 0.000000 1343.093262 0.000000 0.483344 0.000000 0.875430 0.327591 0.327591 0.327591
6134.928223 0.000000 1316.025635 0.000000 0.557946 0.000000 0.829877 0.331909 0.331909 0.331909
6135.370605 0.000000 1332.796021 0.000000 0.122742 0.000000 0.992439 0.324636 0.324636 0.324636
6080.956543 0.000000 1340.260498 0.000000 0.451125 0.000000 0.892461 0.326103 0.326103 0.326103
6116.534668 0.000000 1316.318726 0.000000 0.064294 0.000000 0.997931 0.325121 0.325121 0.325121
6115.024414 0.000000 1319.712769 0.000000 0.072181 0.000000 0.997392 0.326430 0.326430 0.326430
6057.206543 0.000000 1364.168701 0.000000 0.074590 0.000000 0.997214 0.325096 0.325096 0.325096
6044.282227 0.000000 1392.520996 0.000000 0.497798 0.000000 0.867293 0.337480 0.337480 0.337480
6057.423340 0.000000 1388.047241 0.000000 0.516941 0.000000 0.856021 0.334198 0.334198 0.334198
6058.581543 0.000000 1374.429810 0.000000 0.163813 0.000000 0.986491 0.333780 0.333780 0.333780
6047.430176 0.000000 1366.396973 0.000000 0.485549 0.000000 0.874209 0.332571 0.332571 0.332571
6043.221680 0.000000 1401.653564 0.000000 0.282074 0.000000 0.959393 0.332991 0.332991 0.332991
6077.524414 0.000000 1361.138428 0.000000 0.054840 0.000000 0.998495 0.332118 0.332118 0.332118
6060.186523 0.000000 1403.333252 0.000000 0.557985 0.000000 0.829851 0.336272 0.336272 0.336272
6052.049805 0.000000 1391.914551 0.000000 0.535092 0.000000 0.844794 0.336768 0.336768 0.336768
6055.675293 0.000000 1410.398926 0.000000 0.378528 0.000000 0.925590 0.335533 0.335533 0.335533
6061.060059 0.000000 1398.016846 0.000000 0.172061 0.000000 0.985086 0.329357 0.329357 0.329357
6070.117188 0.000000 1362.646362 0.000000 0.049874 0.000000 0.998756 0.329401 0.329401 0.329401
6053.993652 0.000000 1385.188354 0.000000 0.240687 0.000000 0.970603 0.332308 0.332308 0.332308
6074.875000 0.000000 1355.779541 0.000000 0.072171 0.000000 0.997392 0.328329 0.328329 0.328329
6070.755859 0.000000 1381.720459 0.000000 0.554841 0.000000 0.831956 0.333171 0.333171 0.333171
6044.263672 0.000000 1364.921021 0.000000 0.196787 0.000000 0.980446 0.329489 0.329489 0.329489
6055.553711 0.000000 1372.827271 0.000000 0.337940 0.000000 0.941167 0.333341 0.333341 0.333341
6046.841309 0.000000 1387.257202 0.000000 0.189355 0.000000 0.981909 0.330220 0.330220 0.330220
6058.452148 0.000000 1390.559082 0.000000 0.101267 0.000000 0.994859 0.328944 0.328944 0.328944
6075.279297 0.000000 1380.826538 0.000000 0.108200 0.000000 0.994129 0.326041 0.326041 0.326041
6072.357422 0.000000 1363.971924 0.000000 0.495674 0.000000 0.868508 0.334554 0.334554 0.334554
6076.546387 0.000000 1383.564697 0.000000 0.153108 0.000000 0.988209 0.328888 0.328888 0.328888
6049.762695 0.000000 1366.993530 0.000000 0.450544 0.000000 0.892754 0.330861 0.330861 0.330861
6073.683105 0.000000 1357.780762 0.000000 0.275562 0.000000 0.961283 0.330644 0.330644 0.330644
6050.304199 0.000000 1371.724854 0.000000 0.046090 0.000000 0.998937 0.323155 0.323155 0.323155
6055.451172 0.000000 1370.620483 0.000000 0.408769 0.000000 0.912638 0.332369 0.332369 0.332369
6121.423340 0.000000 1388.047241 0.000000 0.082944 0.000000 0.996554 0.332710 0.332710 0.332710
6086.599121 0.000000 1408.725952 0.000000 0.157192 0.000000 0.987568 0.333394 0.333394 0.333394
6113.639160 0.000000 1385.662598 0.000000 0.053732 0.000000 0.998555 0.331840 0.331840 0.331840
6126.271484 0.000000 1392.913452 0.000000 0.322114 0.000000 0.946701 0.335394 0.335394 0.335394
6116.049805 0.000000 1391.914551 0.000000 0.306002 0.000000 0.952031 0.332332 0.332332 0.332332
6081.476562 0.000000 1362.083740 0.000000 0.035516 0.000000 0.999369 0.331890 0.331890 0.331890
6093.333984 0.000000 1359.954346 0.000000 0.252048 0.000000 0.967715 0.333959 0.333959 0.333959
6113.638184 0.000000 1402.393677 0.000000 0.249370 0.000000 0.968408 0.332369 0.332369 0.332369
6080.173340 0.000000 1357.449585 0.000000 0.027874 0.000000 0.999611 0.326609 0.326609 0.326609
6119.131348 0.000000 1390.604126 0.000000 0.436320 0.000000 0.899792 0.334889 0.334889 0.334889
6114.441895 0.000000 1389.588379 0.000000 0.573684 0.000000 0.819077 0.336120 0.336120 0.336120
6091.600586 0.000000 1361.346802 0.000000 0.570704 0.000000 0.821156 0.334300 0.334300 0.334300
6084.206055 0.000000 1357.879883 0.000000 0.530581 0.000000 0.847634 0.334047 0.334047 0.334047
6079.419434 0.000000 1433.981445 0.000000 0.150729 0.000000 0.988575 0.328294 0.328294 0.328294
6075.875488 0.000000 1426.315552 0.000000 0.496110 0.000000 0.868259 0.335389 0.335389 0.335389
6050.139648 0.000000 1413.835693 0.000000 0.577864 0.000000 0.816133 0.335694 0.335694 0.335694
6060.817383 0.000000 1421.635376 0.000000 0.106101 0.000000 0.994355 0.328950 0.328950 0.328950
6076.880859 0.000000 1435.339111 0.000000 0.015308 0.000000 0.999883 0.328865 0.328865 0.328865
6079.545410 0.000000 1444.068481 0.000000 0.387112 0.000000 0.922033 0.330623 0.330623 0.330623
6076.605469 0.000000 1444.036011 0.000000 0.578104 0.000000 0.815963 0.335323 0.335323 0.335323
6078.808594 0.000000 1440.136841 0.000000 0.524675 0.000000 0.851302 0.330377 0.330377 0.330377
6070.075195 0.000000 1433.654419 0.000000 0.103957 0.000000 0.994582 0.327509 0.327509 0.327509
6108.282227 0.000000 1449.005371 0.000000 0.275454 0.000000 0.961314 0.332336 0.332336 0.332336
6115.530762 0.000000 1462.697876 0.000000 0.550916 0.000000 0.834561 0.337016 0.337016 0.337016
6089.453613 0.000000 1418.428711 0.000000 0.564453 0.000000 0.825465 0.336849 0.336849 0.336849
6113.639160 0.000000 1442.146973 0.000000 0.331398 0.000000 0.943491 0.335832 0.335832 0.335832
6137.729980 0.000000 1452.898926 0.000000 0.242428 0.000000 0.970169 0.332390 0.332390 0.332390
6134.872070 0.000000 1458.443726 0.000000 0.209255 0.000000 0.977861 0.330452 0.330452 0.330452
6097.626465 0.000000 1417.318848 0.000000 0.433889 0.000000 0.900966 0.328824 0.328824 0.328824
6131.521484 0.000000 1440.118286 0.000000 0.025596 0.000000 0.999672 0.324279 0.324279 0.324279
6084.861816 0.000000 1440.063965 0.000000 0.442123 0.000000 0.896955 0.336095 0.336095 0.336095
6130.317383 0.000000 1415.300537 0.000000 0.470962 0.000000 0.882154 0.336830 0.336830 0.336830
6111.949707 0.000000 1446.365356 0.000000 0.293117 0.000000 0.956077 0.334423 0.334423 0.334423
6084.061523 0.000000 1428.318970 0.000000 0.152172 0.000000 0.988354 0.328564 0.328564 0.328564
6115.373047 0.000000 1439.052734 0.000000 0.269325 0.000000 0.963049 0.333099 0.333099 0.333099
6086.798828 0.000000 1426.376343 0.000000 0.098174 0.000000 0.995169 0.330572 0.330572 0.330572
6130.335449 0.000000 1433.002441 0.000000 0.362704 0.000000 0.931905 0.333805 0.333805 0.333805
6122.622559 0.000000 1466.134399 0.000000 0.436554 0.000000 0.899678 0.334160 0.334160 0.334160
6139.206543 0.000000 1442.090088 0.000000 0.222602 0.000000 0.974909 0.331531 0.331531 0.331531
6118.386719 0.000000 1434.457520 0.000000 0.477878 0.000000 0.878426 0.335005 0.335005 0.335005
6127.961914 0.000000 1467.369263 0.000000 0.387894 0.000000 0.921704 0.331969 0.331969 0.331969
6097.307129 0.000000 1423.055298 0.000000 0.546487 0.000000 0.837468 0.335602 0.335602 0.335602
5854.773926 0.000000 1711.002930 0.000000 0.224845 0.000000 0.974394 0.331621 0.331621 0.331621
5868.193359 0.000000 1715.475830 0.000000 0.288705 0.000000 0.957418 0.326997 0.326997 0.326997
6258.281250 0.000000 551.428589 0.000000 0.149658 0.000000 0.988738 0.332498 0.332498 0.332498
6240.264648 0.000000 530.227905 0.000000 0.031425 0.000000 0.999506 0.332581 0.332581 0.332581
6268.270508 0.000000 556.693237 0.000000 0.510745 0.000000 0.859732 0.336845 0.336845 0.336845
6260.885254 0.000000 560.110474 0.000000 0.546829 0.000000 0.837244 0.329496 0.329496 0.329496
6265.729980 0.000000 549.148865 0.000000 0.006195 0.000000 0.999981 0.329835 0.329835 0.329835
6253.233887 0.000000 534.256653 0.000000 0.261193 0.000000 0.965286 0.320888 0.320888 0.320888
6253.060059 0.000000 550.751160 0.000000 0.451545 0.000000 0.892248 0.336034 0.336034 0.336034
6271.097656 0.000000 547.748596 0.000000 0.291496 0.000000 0.956572 0.332565 0.332565 0.332565
6265.614258 0.000000 560.740540 0.000000 0.253613 0.000000 0.967306 0.328753 0.328753 0.328753
6258.569336 0.000000 564.333191 0.000000 0.350649 0.000000 0.936507 0.324890 0.324890 0.324890
6263.010742 0.000000 563.312317 0.000000 0.005218 0.000000 0.999986 0.321888 0.321888 0.321888
6267.206543 0.000000 538.340149 0.000000 0.076570 0.000000 0.997064 0.326761 0.326761 0.326761
6246.386719 0.000000 530.707458 0.000000 0.490645 0.000000 0.871360 0.333036 0.333036 0.333036
6270.888184 0.000000 544.984375 0.000000 0.510927 0.000000 0.859624 0.335265 0.335265 0.335265
6255.961914 0.000000 563.619263 0.000000 0.080895 0.000000 0.996723 0.325071 0.325071 0.325071
6259.409180 0.000000 533.845642 0.000000 0.478868 0.000000 0.877887 0.334038 0.334038 0.334038
6260.503418 0.000000 562.776978 0.000000 0.100492 0.000000 0.994938 0.321032 0.321032 0.321032
6247.437012 0.000000 535.741272 0.000000 0.201648 0.000000 0.979458 0.322572 0.322572 0.322572
6255.221680 0.000000 541.658020 0.000000 0.387083 0.000000 0.922045 0.330110 0.330110 0.330110
6259.339844 0.000000 543.648743 0.000000 0.516419 0.000000 0.856336 0.334234 0.334234 0.334234
6270.808594 0.000000 536.386902 0.000000 0.138952 0.000000 0.990299 0.327737 0.327737 0.327737
6256.587402 0.000000 559.285400 0.000000 0.338144 0.000000 0.941094 0.329488 0.329488 0.329488
6375.866699 0.000000 493.578552 0.000000 0.404001 0.000000 0.914759 0.336023 0.336023 0.336023
6393.729980 0.000000 492.664520 0.000000 0.166782 0.000000 0.985994 0.323822 0.323822 0.323822
6382.271484 0.000000 489.163513 0.000000 0.421385 0.000000 0.906882 0.336602 0.336602 0.336602
6397.041992 0.000000 507.533142 0.000000 0.515651 0.000000 0.856799 0.334624 0.334624 0.334624
6390.872070 0.000000 498.209412 0.000000 0.030787 0.000000 0.999526 0.322414 0.322414 0.322414
6385.044434 0.000000 500.558960 0.000000 0.476619 0.000000 0.879110 0.333014 0.333014 0.333014
6394.308594 0.000000 496.474548 0.000000 0.411659 0.000000 0.911338 0.330665 0.330665 0.330665
6384.763672 0.000000 491.681458 0.000000 0.317206 0.000000 0.948357 0.332934 0.332934 0.332934
6385.605957 0.000000 504.728851 0.000000 0.269036 0.000000 0.963130 0.331847 0.331847 0.331847
6396.718750 0.000000 493.106445 0.000000 0.149125 0.000000 0.988818 0.321191 0.321191 0.321191
6394.085938 0.000000 499.033600 0.000000 0.451595 0.000000 0.892223 0.331074 0.331074 0.331074
6399.022949 0.000000 506.040558 0.000000 0.026722 0.000000 0.999643 0.326929 0.326929 0.326929
6391.341309 0.000000 503.166992 0.000000 0.361566 0.000000 0.932347 0.331323 0.331323 0.331323
6399.035645 0.000000 493.483185 0.000000 0.384422 0.000000 0.923157 0.327852 0.327852 0.327852
6272.354004 0.000000 556.327271 0.000000 0.009311 0.000000 0.999957 0.331717 0.331717 0.331717
6279.674805 0.000000 532.305420 0.000000 0.365298 0.000000 0.930891 0.332744 0.332744 0.332744
6324.600586 0.000000 531.573181 0.000000 0.021085 0.000000 0.999778 0.332329 0.332329 0.332329
6286.189453 0.000000 544.803101 0.000000 0.166898 0.000000 0.985974 0.333755 0.333755 0.333755
6333.733887 0.000000 542.569580 0.000000 0.283006 0.000000 0.959118 0.334126 0.334126 0.334126
6282.048340 0.000000 553.859680 0.000000 0.050465 0.000000 0.998726 0.328612 0.328612 0.328612
6275.716309 0.000000 549.465515 0.000000 0.233853 0.000000 0.972272 0.332680 0.332680 0.332680
6286.146973 0.000000 530.212830 0.000000 0.107922 0.000000 0.994159 0.332554 0.332554 0.332554
6281.163574 0.000000 547.660156 0.000000 0.558277 0.000000 0.829655 0.337560 0.337560 0.337560
6335.097656 0.000000 547.748596 0.000000 0.284369 0.000000 0.958715 0.334648 0.334648 0.334648
6321.044434 0.000000 557.043335 0.000000 0.483525 0.000000 0.875330 0.337098 0.337098 0.337098
6281.424316 0.000000 536.233154 0.000000 0.226290 0.000000 0.974060 0.332638 0.332638 0.332638
6283.937012 0.000000 541.128784 0.000000 0.269540 0.000000 0.962989 0.331685 0.331685 0.331685
6272.390625 0.000000 551.909485 0.000000 0.141336 0.000000 0.989962 0.331832 0.331832 0.331832
6316.877441 0.000000 542.146362 0.000000 0.144168 0.000000 0.989553 0.323831 0.323831 0.323831
6281.889160 0.000000 563.624390 0.000000 0.537815 0.000000 0.843063 0.336635 0.336635 0.336635
6277.963867 0.000000 529.058350 0.000000 0.160218 0.000000 0.987082 0.329858 0.329858 0.329858
6276.061523 0.000000 524.568970 0.000000 0.111479 0.000000 0.993767 0.330621 0.330621 0.330621
6276.219238 0.000000 540.993530 0.000000 0.246984 0.000000 0.969020 0.327603 0.327603 0.327603
6326.496094 0.000000 537.668274 0.000000 0.438683 0.000000 0.898642 0.330534 0.330534 0.330534
6289.116211 0.000000 555.606873 0.000000 0.051737 0.000000 0.998661 0.328166 0.328166 0.328166
6316.084473 0.000000 539.103149 0.000000 0.347248 0.000000 0.937773 0.326728 0.326728 0.326728
6278.656738 0.000000 557.177124 0.000000 0.017066 0.000000 0.999854 0.327803 0.327803 0.327803
6308.314453 0.000000 561.755249 0.000000 0.291402 0.000000 0.956601 0.326992 0.326992 0.326992
6308.101074 0.000000 556.220703 0.000000 0.119336 0.000000 0.992854 0.317919 0.317919 0.317919
6284.244629 0.000000 558.976013 0.000000 0.125786 0.000000 0.992057 0.320272 0.320272 0.320272
6291.100098 0.000000 561.106323 0.000000 0.469280 0.000000 0.883049 0.332835 0.332835 0.332835
6286.452148 0.000000 563.954102 0.000000 0.119670 0.000000 0.992814 0.328258 0.328258 0.328258
6331.279297 0.000000 533.560913 0.000000 0.097650 0.000000 0.995221 0.328956 0.328956 0.328956
6274.873047 0.000000 534.649597 0.000000 0.379061 0.000000 0.925372 0.332493 0.332493 0.332493
6310.352539 0.000000 557.547913 0.000000 0.335673 0.000000 0.941979 0.326062 0.326062 0.326062
6321.258789 0.000000 545.816345 0.000000 0.339373 0.000000 0.940652 0.326139 0.326139 0.326139
6304.505859 0.000000 553.017212 0.000000 0.536308 0.000000 0.844023 0.333978 0.333978 0.333978
6273.729980 0.000000 540.951660 0.000000 0.420786 0.000000 0.907160 0.331877 0.331877 0.331877
6326.375000 0.000000 539.909119 0.000000 0.383395 0.000000 0.923585 0.326699 0.326699 0.326699
6286.936035 0.000000 554.931274 0.000000 0.254673 0.000000 0.967027 0.327738 0.327738 0.327738
6377.206543 0.000000 516.903015 0.000000 0.562631 0.000000 0.826708 0.338137 0.338137 0.338137
6343.674805 0.000000 532.305420 0.000000 0.250111 0.000000 0.968217 0.328752 0.328752 0.328752
6367.430176 0.000000 519.131348 0.000000 0.046556 0.000000 0.998916 0.330488 0.330488 0.330488
6361.268555 0.000000 524.768494 0.000000 0.431184 0.000000 0.902264 0.329947 0.329947 0.329947
6336.315430 0.000000 534.784973 0.000000 0.544761 0.000000 0.838591 0.333225 0.333225 0.333225
6381.791016 0.000000 521.697510 0.000000 0.443470 0.000000 0.896289 0.331161 0.331161 0.331161
6386.317383 0.000000 511.550537 0.000000 0.388615 0.000000 0.921400 0.332954 0.332954 0.332954
6377.396484 0.000000 522.118286 0.000000 0.553043 0.000000 0.833153 0.333823 0.333823 0.333823
6394.875000 0.000000 508.513855 0.000000 0.450309 0.000000 0.892873 0.334811 0.334811 0.334811
6339.856934 0.000000 558.431335 0.000000 0.095715 0.000000 0.995409 0.323709 0.323709 0.323709
6348.652344 0.000000 533.786194 0.000000 0.564926 0.000000 0.825141 0.336941 0.336941 0.336941
6352.310547 0.000000 533.153992 0.000000 0.497546 0.000000 0.867438 0.335870 0.335870 0.335870
6387.006836 0.000000 516.804443 0.000000 0.449519 0.000000 0.893271 0.332579 0.332579 0.332579
6342.113770 0.000000 547.317871 0.000000 0.011057 0.000000 0.999939 0.321379 0.321379 0.321379
6342.827637 0.000000 564.358215 0.000000 0.120159 0.000000 0.992755 0.325731 0.325731 0.325731
6388.340820 0.000000 508.695465 0.000000 0.127074 0.000000 0.991893 0.329190 0.329190 0.329190
6385.495117 0.000000 508.459412 0.000000 0.236065 0.000000 0.971737 0.329392 0.329392 0.329392
6363.116211 0.000000 526.834595 0.000000 0.109726 0.000000 0.993962 0.325875 0.325875 0.325875
6346.422852 0.000000 532.106934 0.000000 0.012753 0.000000 0.999919 0.327060 0.327060 0.327060
6371.895020 0.000000 520.872986 0.000000 0.391554 0.000000 0.920155 0.331162 0.331162 0.331162
6363.921387 0.000000 524.315125 0.000000 0.120704 0.000000 0.992689 0.323713 0.323713 0.323713
6370.304199 0.000000 524.459229 0.000000 0.143347 0.000000 0.989672 0.325811 0.325811 0.325811
6341.852539 0.000000 531.204956 0.000000 0.468795 0.000000 0.883307 0.332353 0.332353 0.332353
6249.206543 0.000000 573.387390 0.000000 0.347469 0.000000 0.937691 0.332629 0.332629 0.332629
6250.581543 0.000000 583.648560 0.000000 0.558518 0.000000 0.829493 0.338589 0.338589 0.338589
6271.419434 0.000000 586.715820 0.000000 0.281345 0.000000 0.959607 0.332813 0.332813 0.332813
6246.270996 0.000000 566.250671 0.000000 0.233137 0.000000 0.972444 0.330920 0.330920 0.330920
6262.117188 0.000000 571.865173 0.000000 0.128701 0.000000 0.991683 0.330095 0.330095 0.330095
6249.396484 0.000000 578.602661 0.000000 0.486646 0.000000 0.873599 0.336677 0.336677 0.336677
6269.449707 0.000000 574.329895 0.000000 0.515360 0.000000 0.856974 0.336913 0.336913 0.336913
6259.006836 0.000000 573.288818 0.000000 0.440524 0.000000 0.897741 0.332859 0.332859 0.332859
6255.681152 0.000000 567.745544 0.000000 0.143953 0.000000 0.989585 0.327255 0.327255 0.327255
6251.597168 0.000000 566.868225 0.000000 0.123531 0.000000 0.992341 0.327495 0.327495 0.327495
6285.467773 0.000000 580.399048 0.000000 0.333497 0.000000 0.942751 0.331180 0.331180 0.331180
6317.901367 0.000000 565.798157 0.000000 0.286833 0.000000 0.957980 0.332889 0.332889 0.332889
6317.233887 0.000000 590.741028 0.000000 0.494096 0.000000 0.869407 0.336508 0.336508 0.336508
6274.164551 0.000000 584.215271 0.000000 0.514919 0.000000 0.857239 0.335512 0.335512 0.335512
6330.133789 0.000000 592.308228 0.000000 0.314017 0.000000 0.949417 0.331794 0.331794 0.331794
6298.661621 0.000000 586.281433 0.000000 0.466159 0.000000 0.884701 0.333064 0.333064 0.333064
6289.626465 0.000000 570.053223 0.000000 0.518364 0.000000 0.855160 0.336913 0.336913 0.336913
6308.590332 0.000000 574.850403 0.000000 0.482082 0.000000 0.876126 0.334232 0.334232 0.334232
6322.317383 0.000000 568.034912 0.000000 0.345951 0.000000 0.938253 0.331435 0.331435 0.331435
6314.133789 0.000000 568.981079 0.000000 0.009930 0.000000 0.999951 0.328860 0.328860 0.328860
6334.127441 0.000000 582.283752 0.000000 0.577944 0.000000 0.816076 0.335403 0.335403 0.335403
6277.568848 0.000000 568.861633 0.000000 0.268222 0.000000 0.963357 0.331438 0.331438 0.331438
6320.887695 0.000000 589.719238 0.000000 0.412771 0.000000 0.910835 0.333337 0.333337 0.333337
6295.828125 0.000000 589.020569 0.000000 0.212044 0.000000 0.977260 0.332390 0.332390 0.332390
6306.040527 0.000000 583.148682 0.000000 0.020659 0.000000 0.999787 0.325077 0.325077 0.325077
6333.449707 0.000000 574.329895 0.000000 0.193718 0.000000 0.981057 0.324874 0.324874 0.324874
6287.712891 0.000000 583.457886 0.000000 0.547442 0.000000 0.836844 0.334406 0.334406 0.334406
6300.263672 0.000000 574.139771 0.000000 0.384740 0.000000 0.923025 0.332893 0.332893 0.332893
6321.098145 0.000000 579.219666 0.000000 0.114064 0.000000 0.993473 0.330401 0.330401 0.330401
6324.612793 0.000000 580.555725 0.000000 0.069017 0.000000 0.997615 0.327496 0.327496 0.327496
6301.587891 0.000000 584.511536 0.000000 0.563376 0.000000 0.826201 0.334282 0.334282 0.334282
6284.396484 0.000000 577.351501 0.000000 0.435300 0.000000 0.900285 0.333161 0.333161 0.333161
6326.469238 0.000000 574.997864 0.000000 0.434803 0.000000 0.900526 0.332222 0.332222 0.332222
6312.221680 0.000000 585.286987 0.000000 0.180385 0.000000 0.983596 0.324019 0.324019 0.324019
6324.340820 0.000000 565.179810 0.000000 0.028280 0.000000 0.999600 0.327222 0.327222 0.327222
6321.495117 0.000000 564.943787 0.000000 0.529923 0.000000 0.848046 0.335405 0.335405 0.335405
6288.764160 0.000000 580.795715 0.000000 0.423790 0.000000 0.905761 0.333167 0.333167 0.333167
6332.880859 0.000000 588.073425 0.000000 0.272710 0.000000 0.962096 0.328281 0.328281 0.328281
6307.895020 0.000000 577.357361 0.000000 0.284834 0.000000 0.958577 0.328997 0.328997 0.328997
6335.450684 0.000000 572.773071 0.000000 0.470716 0.000000 0.882285 0.329650 0.329650 0.329650
6335.835938 0.000000 569.327820 0.000000 0.476756 0.000000 0.879036 0.330999 0.330999 0.330999
6332.546387 0.000000 592.783447 0.000000 0.247125 0.000000 0.968984 0.330145 0.330145 0.330145
6327.474609 0.000000 569.914429 0.000000 0.278478 0.000000 0.960443 0.329620 0.329620 0.329620
6334.188965 0.000000 579.918335 0.000000 0.583050 0.000000 0.812436 0.332640 0.332640 0.332640
6316.304199 0.000000 588.543091 0.000000 0.529028 0.000000 0.848605 0.334416 0.334416 0.334416
6320.749512 0.000000 587.451355 0.000000 0.551972 0.000000 0.833862 0.334189 0.334189 0.334189
6334.677246 0.000000 567.389771 0.000000 0.509681 0.000000 0.860363 0.333525 0.333525 0.333525
6326.075195 0.000000 586.388794 0.000000 0.312074 0.000000 0.950058 0.326398 0.326398 0.326398
6334.998535 0.000000 588.825317 0.000000 0.259711 0.000000 0.965686 0.328398 0.328398 0.328398
6320.601562 0.000000 569.686035 0.000000 0.045986 0.000000 0.998942 0.326551 0.326551 0.326551
6295.342285 0.000000 580.354492 0.000000 0.383792 0.000000 0.923420 0.329741 0.329741 0.329741
6313.380859 0.000000 580.791382 0.000000 0.576519 0.000000 0.817083 0.333454 0.333454 0.333454
6364.282227 0.000000 601.739746 0.000000 0.544354 0.000000 0.838855 0.335782 0.335782 0.335782
6377.423340 0.000000 597.265991 0.000000 0.205014 0.000000 0.978759 0.332416 0.332416 0.332416
6349.467773 0.000000 580.399048 0.000000 0.253401 0.000000 0.967361 0.325131 0.325131 0.325131
6357.428223 0.000000 597.191406 0.000000 0.296811 0.000000 0.954936 0.334693 0.334693 0.334693
6343.693359 0.000000 596.676331 0.000000 0.061051 0.000000 0.998135 0.332059 0.332059 0.332059
6381.233887 0.000000 590.741028 0.000000 0.482023 0.000000 0.876158 0.335398 0.335398 0.335398
6338.164551 0.000000 584.215271 0.000000 0.491637 0.000000 0.870800 0.333747 0.333747 0.333747
6381.791016 0.000000 578.181885 0.000000 0.578520 0.000000 0.815668 0.335956 0.335956 0.335956
6381.060059 0.000000 607.235535 0.000000 0.228031 0.000000 0.973654 0.330494 0.330494 0.330494
6387.720703 0.000000 602.715515 0.000000 0.244188 0.000000 0.969728 0.331662 0.331662 0.331662
6392.634766 0.000000 600.632324 0.000000 0.007334 0.000000 0.999973 0.326161 0.326161 0.326161
6354.853027 0.000000 601.451172 0.000000 0.259994 0.000000 0.965610 0.333145 0.333145 0.333145
6398.112305 0.000000 608.762451 0.000000 0.580535 0.000000 0.814235 0.337447 0.337447 0.337447
6377.605957 0.000000 602.325256 0.000000 0.585910 0.000000 0.810376 0.337121 0.337121 0.337121
6336.110840 0.000000 575.208252 0.000000 0.551506 0.000000 0.834171 0.330258 0.330258 0.330258
6389.811523 0.000000 606.142822 0.000000 0.391863 0.000000 0.920024 0.333311 0.333311 0.333311
6394.308594 0.000000 609.443298 0.000000 0.382973 0.000000 0.923759 0.335026 0.335026 0.335026
6372.219727 0.000000 605.001221 0.000000 0.538547 0.000000 0.842595 0.337172 0.337172 0.337172
6382.165527 0.000000 582.385986 0.000000 0.197111 0.000000 0.980381 0.328535 0.328535 0.328535
6380.877441 0.000000 598.630737 0.000000 0.319666 0.000000 0.947530 0.331065 0.331065 0.331065
6384.763672 0.000000 604.650208 0.000000 0.539142 0.000000 0.842215 0.336088 0.336088 0.336088
6384.015137 0.000000 592.625183 0.000000 0.483777 0.000000 0.875192 0.334400 0.334400 0.334400
6338.492188 0.000000 568.433350 0.000000 0.293319 0.000000 0.956015 0.328586 0.328586 0.328586
6386.278320 0.000000 595.552673 0.000000 0.179790 0.000000 0.983705 0.329109 0.329109 0.329109
6391.879395 0.000000 608.038574 0.000000 0.056430 0.000000 0.998407 0.329159 0.329159 0.329159
6357.228027 0.000000 602.748901 0.000000 0.355724 0.000000 0.934591 0.332913 0.332913 0.332913
6338.759766 0.000000 573.958374 0.000000 0.457368 0.000000 0.889277 0.329367 0.329367 0.329367
6380.193359 0.000000 585.788269 0.000000 0.087346 0.000000 0.996178 0.329262 0.329262 0.329262
6396.546387 0.000000 592.783447 0.000000 0.190336 0.000000 0.981719 0.328186 0.328186 0.328186
6370.794434 0.000000 603.103210 0.000000 0.511723 0.000000 0.859150 0.334782 0.334782 0.334782
6346.112305 0.000000 582.997681 0.000000 0.380846 0.000000 0.924639 0.326129 0.326129 0.326129
6383.221680 0.000000 598.142395 0.000000 0.120076 0.000000 0.992765 0.327948 0.327948 0.327948
6354.112793 0.000000 591.035339 0.000000 0.585967 0.000000 0.810335 0.335430 0.335430 0.335430
6392.713379 0.000000 594.266724 0.000000 0.223333 0.000000 0.974742 0.328190 0.328190 0.328190
6339.661133 0.000000 585.917297 0.000000 0.106134 0.000000 0.994352 0.327478 0.327478 0.327478
6400.354004 0.000000 499.842896 0.000000 0.119594 0.000000 0.992823 0.327940 0.327940 0.327940
6400.226074 0.000000 503.192017 0.000000 0.538703 0.000000 0.842496 0.334855 0.334855 0.334855
6413.467773 0.000000 523.914673 0.000000 0.092974 0.000000 0.995669 0.328889 0.328889 0.328889
6409.453613 0.000000 514.678772 0.000000 0.173906 0.000000 0.984762 0.331642 0.331642 0.331642
6400.315430 0.000000 534.784973 0.000000 0.159800 0.000000 0.987149 0.322766 0.322766 0.322766
6414.124512 0.000000 537.368164 0.000000 0.279778 0.000000 0.960065 0.330541 0.330541 0.330541
6414.716309 0.000000 518.093018 0.000000 0.252252 0.000000 0.967662 0.327350 0.327350 0.327350
6407.650879 0.000000 525.846741 0.000000 0.316495 0.000000 0.948594 0.329595 0.329595 0.329595
6417.626465 0.000000 513.568848 0.000000 0.470196 0.000000 0.882562 0.331812 0.331812 0.331812
6410.276367 0.000000 528.966797 0.000000 0.252496 0.000000 0.967598 0.327125 0.327125 0.327125
6400.110840 0.000000 518.723877 0.000000 0.074804 0.000000 0.997198 0.326080 0.326080 0.326080
6400.522461 0.000000 524.061401 0.000000 0.278467 0.000000 0.960446 0.325679 0.325679 0.325679
6411.269531 0.000000 517.689453 0.000000 0.023295 0.000000 0.999729 0.327824 0.327824 0.327824
6412.424805 0.000000 526.779114 0.000000 0.423623 0.000000 0.905839 0.333660 0.333660 0.333660
6416.764160 0.000000 524.311340 0.000000 0.308509 0.000000 0.951221 0.332259 0.332259 0.332259
6406.202148 0.000000 519.872192 0.000000 0.495408 0.000000 0.868661 0.334596 0.334596 0.334596
6410.422852 0.000000 532.106934 0.000000 0.382099 0.000000 0.924121 0.327289 0.327289 0.327289
6420.109863 0.000000 520.049011 0.000000 0.506310 0.000000 0.862351 0.333553 0.333553 0.333553
6419.875488 0.000000 523.808167 0.000000 0.394684 0.000000 0.918817 0.329690 0.329690 0.329690
6400.974121 0.000000 521.067139 0.000000 0.481916 0.000000 0.876217 0.331710 0.331710 0.331710
6416.003418 0.000000 535.662048 0.000000 0.504784 0.000000 0.863246 0.333207 0.333207 0.333207
6411.945801 0.000000 530.427917 0.000000 0.557890 0.000000 0.829915 0.331096 0.331096 0.331096
6416.326660 0.000000 531.026306 0.000000 0.143590 0.000000 0.989637 0.326812 0.326812 0.326812
6407.674805 0.000000 588.789795 0.000000 0.324189 0.000000 0.945992 0.335582 0.335582 0.335582
6419.921875 0.000000 589.169189 0.000000 0.499674 0.000000 0.866214 0.333890 0.333890 0.333890
6410.048340 0.000000 610.344055 0.000000 0.234478 0.000000 0.972121 0.333038 0.333038 0.333038
6409.453613 0.000000 571.163147 0.000000 0.163943 0.000000 0.986470 0.318669 0.318669 0.318669
6421.428223 0.000000 597.191406 0.000000 0.567447 0.000000 0.823410 0.336898 0.336898 0.336898
6405.002930 0.000000 600.971741 0.000000 0.145846 0.000000 0.989307 0.328219 0.328219 0.328219
6413.883301 0.000000 613.339966 0.000000 0.059597 0.000000 0.998223 0.331184 0.331184 0.331184
6426.844238 0.000000 566.561218 0.000000 0.369836 0.000000 0.929097 0.335002 0.335002 0.335002
6422.003418 0.000000 578.546143 0.000000 0.112377 0.000000 0.993666 0.326173 0.326173 0.326173
6422.596680 0.000000 585.374878 0.000000 0.510008 0.000000 0.860170 0.337105 0.337105 0.337105
6407.290527 0.000000 607.688843 0.000000 0.134399 0.000000 0.990927 0.327226 0.327226 0.327226
6416.310547 0.000000 589.638367 0.000000 0.040917 0.000000 0.999163 0.326406 0.326406 0.326406
6415.712891 0.000000 583.457886 0.000000 0.354446 0.000000 0.935077 0.333316 0.333316 0.333316
6417.983398 0.000000 586.211975 0.000000 0.488118 0.000000 0.872778 0.333593 0.333593 0.333593
6404.219238 0.000000 597.477905 0.000000 0.498343 0.000000 0.866980 0.335654 0.335654 0.335654
6410.749023 0.000000 607.036621 0.000000 0.306290 0.000000 0.951938 0.333162 0.333162 0.333162
6406.113770 0.000000 603.802246 0.000000 0.226484 0.000000 0.974015 0.329122 0.329122 0.329122
6411.713867 0.000000 602.846863 0.000000 0.442276 0.000000 0.896879 0.332791 0.332791 0.332791
6402.892090 0.000000 603.045044 0.000000 0.088614 0.000000 0.996066 0.327531 0.327531 0.327531
6407.290527 0.000000 599.516113 0.000000 0.144976 0.000000 0.989435 0.327831 0.327831 0.327831
6419.958008 0.000000 571.556335 0.000000 0.142930 0.000000 0.989733 0.318196 0.318196 0.318196
6416.434082 0.000000 594.904907 0.000000 0.352569 0.000000 0.935786 0.329851 0.329851 0.329851
6415.571289 0.000000 571.456238 0.000000 0.460664 0.000000 0.887575 0.325667 0.325667 0.325667
6424.196777 0.000000 571.111755 0.000000 0.014854 0.000000 0.999890 0.319410 0.319410 0.319410
6179.530762 0.000000 1349.729126 0.000000 0.076733 0.000000 0.997052 0.331985 0.331985 0.331985
6163.921875 0.000000 1323.466064 0.000000 0.156832 0.000000 0.987625 0.329747 0.329747 0.329747
6165.035156 0.000000 1339.857788 0.000000 0.506244 0.000000 0.862391 0.337551 0.337551 0.337551
6151.693359 0.000000 1330.973145 0.000000 0.093104 0.000000 0.995656 0.330376 0.330376 0.330376
6205.524414 0.000000 1304.654053 0.000000 0.534464 0.000000 0.845191 0.336890 0.336890 0.336890
6188.186523 0.000000 1346.848877 0.000000 0.298087 0.000000 0.954539 0.331163 0.331163 0.331163
6190.271484 0.000000 1336.429077 0.000000 0.505027 0.000000 0.863104 0.332847 0.332847 0.332847
6160.020996 0.000000 1343.368896 0.000000 0.317513 0.000000 0.948254 0.334955 0.334955 0.334955
6174.773926 0.000000 1315.612305 0.000000 0.083402 0.000000 0.996516 0.332326 0.332326 0.332326
6149.002930 0.000000 1335.268677 0.000000 0.517965 0.000000 0.855402 0.333813 0.333813 0.333813
6166.690430 0.000000 1327.157593 0.000000 0.315163 0.000000 0.949038 0.330009 0.330009 0.330009
6144.522461 0.000000 1314.842651 0.000000 0.571691 0.000000 0.820469 0.336337 0.336337 0.336337
6191.152344 0.000000 1344.611328 0.000000 0.078080 0.000000 0.996947 0.326654 0.326654 0.326654
6177.456543 0.000000 1313.065552 0.000000 0.149298 0.000000 0.988792 0.331935 0.331935 0.331935
6180.675781 0.000000 1331.982666 0.000000 0.421074 0.000000 0.907026 0.335108 0.335108 0.335108
6173.260254 0.000000 1333.409912 0.000000 0.076854 0.000000 0.997042 0.323567 0.323567 0.323567
6164.862305 0.000000 1347.807617 0.000000 0.108597 0.000000 0.994086 0.327836 0.327836 0.327836
6146.786133 0.000000 1334.041260 0.000000 0.057969 0.000000 0.998318 0.326471 0.326471 0.326471
6177.210938 0.000000 1348.583496 0.000000 0.262165 0.000000 0.965023 0.331463 0.331463 0.331463
6172.691406 0.000000 1347.232910 0.000000 0.176825 0.000000 0.984242 0.327847 0.327847 0.327847
6151.852051 0.000000 1336.318115 0.000000 0.134771 0.000000 0.990877 0.327420 0.327420 0.327420
6193.258789 0.000000 1336.597656 0.000000 0.482215 0.000000 0.876053 0.328824 0.328824 0.328824
6169.450195 0.000000 1346.837402 0.000000 0.160178 0.000000 0.987088 0.327578 0.327578 0.327578
6164.672363 0.000000 1318.697998 0.000000 0.216624 0.000000 0.976255 0.324829 0.324829 0.324829
6249.423340 0.000000 1331.562866 0.000000 0.412759 0.000000 0.910840 0.336289 0.336289 0.336289
6239.430176 0.000000 1309.912598 0.000000 0.540573 0.000000 0.841297 0.338513 0.338513 0.338513
6242.074219 0.000000 1304.660400 0.000000 0.313181 0.000000 0.949693 0.332219 0.332219 0.332219
6217.889160 0.000000 1354.405640 0.000000 0.093069 0.000000 0.995660 0.327083 0.327083 0.327083
6249.246582 0.000000 1347.452393 0.000000 0.254988 0.000000 0.966944 0.329808 0.329808 0.329808
6266.107422 0.000000 1354.341064 0.000000 0.168834 0.000000 0.985644 0.329370 0.329370 0.329370
6268.341309 0.000000 1352.308472 0.000000 0.203537 0.000000 0.979067 0.326250 0.326250 0.326250
6248.272949 0.000000 1349.356201 0.000000 0.305658 0.000000 0.952141 0.328308 0.328308 0.328308
6240.929688 0.000000 1355.618164 0.000000 0.395094 0.000000 0.918641 0.331784 0.331784 0.331784
6324.449707 0.000000 1275.416748 0.000000 0.226602 0.000000 0.973987 0.331528 0.331528 0.331528
6325.757812 0.000000 1262.020996 0.000000 0.120989 0.000000 0.992654 0.324289 0.324289 0.324289
6328.956055 0.000000 1268.072021 0.000000 0.334226 0.000000 0.942493 0.330923 0.330923 0.330923
6320.749512 0.000000 1265.263916 0.000000 0.034703 0.000000 0.999398 0.325773 0.325773 0.325773
6333.359375 0.000000 1263.729858 0.000000 0.071304 0.000000 0.997455 0.323338 0.323338 0.323338
6343.674805 0.000000 1266.602295 0.000000 0.093600 0.000000 0.995610 0.333415 0.333415 0.333415
6336.315430 0.000000 1269.081787 0.000000 0.434795 0.000000 0.900529 0.331977 0.331977 0.331977
6339.605469 0.000000 1265.932861 0.000000 0.147795 0.000000 0.989018 0.332102 0.332102 0.332102
6340.219238 0.000000 1275.290405 0.000000 0.316306 0.000000 0.948657 0.333303 0.333303 0.333303
6272.354004 0.000000 1347.108521 0.000000 0.488127 0.000000 0.872772 0.337579 0.337579 0.337579
6295.871582 0.000000 1338.621704 0.000000 0.445884 0.000000 0.895091 0.335130 0.335130 0.335130
6293.436035 0.000000 1350.438599 0.000000 0.186501 0.000000 0.982455 0.330662 0.330662 0.330662
6283.346680 0.000000 1347.104614 0.000000 0.166233 0.000000 0.986086 0.326817 0.326817 0.326817
6295.931152 0.000000 1350.857910 0.000000 0.210536 0.000000 0.977586 0.330352 0.330352 0.330352
6288.687988 0.000000 1334.325806 0.000000 0.239749 0.000000 0.970835 0.324806 0.324806 0.324806
6396.270508 0.000000 1347.474487 0.000000 0.106575 0.000000 0.994305 0.331067 0.331067 0.331067
6381.255371 0.000000 1354.016113 0.000000 0.299584 0.000000 0.954070 0.333898 0.333898 0.333898
6375.675293 0.000000 1353.914551 0.000000 0.036607 0.000000 0.999330 0.331701 0.331701 0.331701
6393.614258 0.000000 1351.521729 0.000000 0.379920 0.000000 0.925019 0.335397 0.335397 0.335397
6398.018555 0.000000 1325.035767 0.000000 0.503245 0.000000 0.864144 0.336962 0.336962 0.336962
6382.444824 0.000000 1350.502808 0.000000 0.085419 0.000000 0.996345 0.330662 0.330662 0.330662
6172.282227 0.000000 1392.520996 0.000000 0.129916 0.000000 0.991525 0.331938 0.331938 0.331938
6176.264648 0.000000 1377.493530 0.000000 0.250587 0.000000 0.968094 0.334861 0.334861 0.334861
6205.733887 0.000000 1389.835205 0.000000 0.144827 0.000000 0.989457 0.332126 0.332126 0.332126
6186.581543 0.000000 1374.429810 0.000000 0.477669 0.000000 0.878540 0.335798 0.335798 0.335798
6188.186523 0.000000 1403.333252 0.000000 0.169046 0.000000 0.985608 0.332862 0.332862 0.332862
6200.634766 0.000000 1391.413574 0.000000 0.362441 0.000000 0.932007 0.335584 0.335584 0.335584
6148.957031 0.000000 1401.792114 0.000000 0.284048 0.000000 0.958810 0.333915 0.333915 0.333915
6180.219727 0.000000 1395.782471 0.000000 0.044266 0.000000 0.999020 0.329325 0.329325 0.329325
6190.444824 0.000000 1406.987183 0.000000 0.107335 0.000000 0.994223 0.330502 0.330502 0.330502
6195.006836 0.000000 1364.070068 0.000000 0.486477 0.000000 0.873693 0.334910 0.334910 0.334910
6146.854492 0.000000 1403.171997 0.000000 0.045371 0.000000 0.998970 0.327274 0.327274 0.327274
6207.835938 0.000000 1360.109131 0.000000 0.318829 0.000000 0.947812 0.331432 0.331432 0.331432
6190.326660 0.000000 1366.743042 0.000000 0.240931 0.000000 0.970542 0.327729 0.327729 0.327729
6208.354004 0.000000 1403.592896 0.000000 0.507900 0.000000 0.861416 0.337846 0.337846 0.337846
6211.589355 0.000000 1368.007202 0.000000 0.387030 0.000000 0.922067 0.333595 0.333595 0.333595
6269.041992 0.000000 1411.283081 0.000000 0.460922 0.000000 0.887441 0.335786 0.335786 0.335786
6209.476562 0.000000 1362.083740 0.000000 0.207802 0.000000 0.978171 0.332274 0.332274 0.332274
6213.002930 0.000000 1391.753052 0.000000 0.338568 0.000000 0.940942 0.333939 0.333939 0.333939
6212.861816 0.000000 1383.579590 0.000000 0.082718 0.000000 0.996573 0.330952 0.330952 0.330952
6269.935547 0.000000 1385.655029 0.000000 0.066331 0.000000 0.997798 0.331333 0.331333 0.331333
6266.875000 0.000000 1355.779541 0.000000 0.374484 0.000000 0.927233 0.332524 0.332524 0.332524
6261.757812 0.000000 1374.989746 0.000000 0.327256 0.000000 0.944936 0.331024 0.331024 0.331024
6225.983398 0.000000 1376.993286 0.000000 0.402683 0.000000 0.915339 0.333581 0.333581 0.333581
6270.830566 0.000000 1402.860107 0.000000 0.105731 0.000000 0.994395 0.326192 0.326192 0.326192
6208.974121 0.000000 1368.332764 0.000000 0.038435 0.000000 0.999261 0.326367 0.326367 0.326367
6269.061035 0.000000 1356.181274 0.000000 0.266080 0.000000 0.963951 0.325266 0.325266 0.325266
6176.264648 0.000000 1433.977905 0.000000 0.283106 0.000000 0.959089 0.328463 0.328463 0.328463
6170.840820 0.000000 1438.813721 0.000000 0.161866 0.000000 0.986813 0.324590 0.324590 0.324590
6160.913574 0.000000 1444.679443 0.000000 0.215632 0.000000 0.976475 0.331906 0.331906 0.331906
6173.234863 0.000000 1435.818115 0.000000 0.157013 0.000000 0.987597 0.322711 0.322711 0.322711
6189.457031 0.000000 1416.322876 0.000000 0.047446 0.000000 0.998874 0.326706 0.326706 0.326706
6157.243652 0.000000 1419.350464 0.000000 0.354243 0.000000 0.935153 0.333577 0.333577 0.333577
6180.193359 0.000000 1419.568359 0.000000 0.108373 0.000000 0.994110 0.329430 0.329430 0.329430
6164.387207 0.000000 1438.906494 0.000000 0.181080 0.000000 0.983468 0.326216 0.326216 0.326216
6173.193848 0.000000 1438.320557 0.000000 0.567841 0.000000 0.823138 0.332764 0.332764 0.332764
6168.466797 0.000000 1438.633423 0.000000 0.172155 0.000000 0.985070 0.325389 0.325389 0.325389
6215.674805 0.000000 1436.055420 0.000000 0.363462 0.000000 0.931609 0.336225 0.336225 0.336225
6271.683594 0.000000 1425.149780 0.000000 0.149088 0.000000 0.988824 0.332180 0.332180 0.332180
6215.693359 0.000000 1443.941895 0.000000 0.281197 0.000000 0.959650 0.335058 0.335058 0.335058
6255.844727 0.000000 1419.219849 0.000000 0.271729 0.000000 0.962374 0.332509 0.332509 0.332509
6225.893555 0.000000 1425.424194 0.000000 0.367259 0.000000 0.930119 0.330844 0.330844 0.330844
6217.597656 0.000000 1461.984863 0.000000 0.257971 0.000000 0.966153 0.332488 0.332488 0.332488
6266.875000 0.000000 1412.263916 0.000000 0.103287 0.000000 0.994652 0.330704 0.330704 0.330704
6208.173340 0.000000 1413.933960 0.000000 0.328731 0.000000 0.944423 0.331372 0.331372 0.331372
6267.875488 0.000000 1426.315552 0.000000 0.109801 0.000000 0.993954 0.323387 0.323387 0.323387
6269.449707 0.000000 1421.595581 0.000000 0.423121 0.000000 0.906073 0.333156 0.333156 0.333156
6259.006836 0.000000 1420.554443 0.000000 0.368438 0.000000 0.929652 0.330238 0.330238 0.330238
6267.669434 0.000000 1431.814209 0.000000 0.569768 0.000000 0.821805 0.335377 0.335377 0.335377
6220.396484 0.000000 1424.617188 0.000000 0.010739 0.000000 0.999942 0.324781 0.324781 0.324781
6265.683105 0.000000 1414.265137 0.000000 0.261455 0.000000 0.965216 0.330767 0.330767 0.330767
6272.354004 0.000000 1403.592896 0.000000 0.285321 0.000000 0.958432 0.330853 0.330853 0.330853
6279.674805 0.000000 1379.571045 0.000000 0.234768 0.000000 0.972052 0.334499 0.334499 0.334499
6299.221680 0.000000 1401.653564 0.000000 0.419468 0.000000 0.907770 0.336030 0.336030 0.336030
6279.693359 0.000000 1387.457520 0.000000 0.086908 0.000000 0.996216 0.331719 0.331719 0.331719
6274.164551 0.000000 1374.996582 0.000000 0.266855 0.000000 0.963737 0.331191 0.331191 0.331191
6330.133789 0.000000 1383.089478 0.000000 0.203871 0.000000 0.978998 0.334131 0.334131 0.334131
6276.957031 0.000000 1401.792114 0.000000 0.332650 0.000000 0.943050 0.329175 0.329175 0.329175
6285.333984 0.000000 1359.954346 0.000000 0.129544 0.000000 0.991574 0.331933 0.331933 0.331933
6275.856934 0.000000 1405.696899 0.000000 0.431532 0.000000 0.902098 0.333147 0.333147 0.333147
6316.084473 0.000000 1386.368774 0.000000 0.001333 0.000000 0.999999 0.326001 0.326001 0.326001
6323.409180 0.000000 1381.111206 0.000000 0.307474 0.000000 0.951556 0.328890 0.328890 0.328890
6291.875488 0.000000 1371.073853 0.000000 0.027466 0.000000 0.999623 0.326198 0.326198 0.326198
6274.854492 0.000000 1403.171997 0.000000 0.189951 0.000000 0.981794 0.328662 0.328662 0.328662
6276.637695 0.000000 1374.197754 0.000000 0.378782 0.000000 0.925486 0.331198 0.331198 0.331198
6324.417969 0.000000 1385.950073 0.000000 0.218439 0.000000 0.975851 0.328817 0.328817 0.328817
6292.672363 0.000000 1375.182373 0.000000 0.360962 0.000000 0.932581 0.331208 0.331208 0.331208
6356.950195 0.000000 1364.794189 0.000000 0.387653 0.000000 0.921805 0.335962 0.335962 0.335962
6350.716309 0.000000 1365.358643 0.000000 0.560575 0.000000 0.828104 0.337467 0.337467 0.337467
6358.302246 0.000000 1360.679077 0.000000 0.261477 0.000000 0.965210 0.332594 0.332594 0.332594
6305.639160 0.000000 1442.146973 0.000000 0.507575 0.000000 0.861608 0.335981 0.335981 0.335981
6288.020996 0.000000 1456.337646 0.000000 0.492736 0.000000 0.870179 0.336119 0.336119 0.336119
6302.089844 0.000000 1441.044678 0.000000 0.076886 0.000000 0.997040 0.329768 0.329768 0.329768
6301.536621 0.000000 1452.122559 0.000000 0.311555 0.000000 0.950228 0.333181 0.333181 0.333181
6290.867188 0.000000 1455.073242 0.000000 0.559405 0.000000 0.828894 0.335955 0.335955 0.335955
6291.922852 0.000000 1415.908813 0.000000 0.507972 0.000000 0.861373 0.334808 0.334808 0.334808
6302.667969 0.000000 1448.490723 0.000000 0.304530 0.000000 0.952503 0.331429 0.331429 0.331429
6217.437988 0.000000 1469.411377 0.000000 0.030234 0.000000 0.999543 0.331558 0.331558 0.331558
6213.002930 0.000000 1504.721802 0.000000 0.359563 0.000000 0.933121 0.335494 0.335494 0.335494
4891.221680 0.000000 2079.466064 0.000000 0.382010 0.000000 0.924158 0.333313 0.333313 0.333313
4541.935547 0.000000 2628.311279 0.000000 0.290617 0.000000 0.956839 0.330657 0.330657 0.330657
4529.258789 0.000000 2635.738281 0.000000 0.367867 0.000000 0.929878 0.327828 0.327828 0.327828
4605.733887 0.000000 2632.491455 0.000000 0.044215 0.000000 0.999022 0.324122 0.324122 0.324122
4547.589355 0.000000 2610.663574 0.000000 0.450675 0.000000 0.892688 0.330334 0.330334 0.330334
4586.581543 0.000000 2617.086182 0.000000 0.357798 0.000000 0.933799 0.328838 0.328838 0.328838
4577.639160 0.000000 2628.318848 0.000000 0.501150 0.000000 0.865361 0.334647 0.334647 0.334647
4570.840820 0.000000 2624.985596 0.000000 0.385551 0.000000 0.922687 0.336345 0.336345 0.336345
4590.271484 0.000000 2635.569824 0.000000 0.117579 0.000000 0.993064 0.317626 0.317626 0.317626
4566.596680 0.000000 2618.812500 0.000000 0.117235 0.000000 0.993104 0.330126 0.330126 0.330126
4547.605469 0.000000 2621.557861 0.000000 0.293119 0.000000 0.956076 0.321629 0.321629 0.321629
4578.040527 0.000000 2616.586182 0.000000 0.319205 0.000000 0.947686 0.325233 0.325233 0.325233
4561.216309 0.000000 2638.162598 0.000000 0.511147 0.000000 0.859493 0.333823 0.333823 0.333823
4603.742676 0.000000 2635.958252 0.000000 0.432092 0.000000 0.901830 0.327067 0.327067 0.327067
4579.650879 0.000000 2621.223633 0.000000 0.508492 0.000000 0.861066 0.332506 0.332506 0.332506
4579.373047 0.000000 2625.224609 0.000000 0.270377 0.000000 0.962755 0.332944 0.332944 0.332944
4550.202148 0.000000 2609.793945 0.000000 0.493870 0.000000 0.869536 0.333925 0.333925 0.333925
4564.109863 0.000000 2609.970947 0.000000 0.286974 0.000000 0.957938 0.322660 0.322660 0.322660
4589.602051 0.000000 2638.206299 0.000000 0.068694 0.000000 0.997638 0.324669 0.324669 0.324669
4571.115234 0.000000 2627.564941 0.000000 0.027285 0.000000 0.999628 0.323835 0.323835 0.323835
4546.786133 0.000000 2633.181885 0.000000 0.024101 0.000000 0.999710 0.321348 0.321348 0.321348
4595.473145 0.000000 2638.659180 0.000000 0.107026 0.000000 0.994256 0.327620 0.327620 0.327620
4583.437012 0.000000 2625.663086 0.000000 0.219936 0.000000 0.975514 0.321238 0.321238 0.321238
4547.928711 0.000000 2628.413086 0.000000 0.131950 0.000000 0.991256 0.323793 0.323793 0.323793
4575.885254 0.000000 2617.471436 0.000000 0.121788 0.000000 0.992556 0.325949 0.325949 0.325949
4595.339844 0.000000 2633.570557 0.000000 0.189649 0.000000 0.981852 0.328476 0.328476 0.328476
4546.422852 0.000000 2626.680908 0.000000 0.549760 0.000000 0.835323 0.331901 0.331901 0.331901
4618.048340 0.000000 2643.781494 0.000000 0.200840 0.000000 0.979624 0.332182 0.332182 0.332182
4624.020996 0.000000 2642.509521 0.000000 0.382895 0.000000 0.923792 0.323755 0.323755 0.323755
4628.194824 0.000000 2644.194092 0.000000 0.272250 0.000000 0.962227 0.321879 0.321879 0.321879
4621.646484 0.000000 2639.027588 0.000000 0.013910 0.000000 0.999903 0.321840 0.321840 0.321840
4608.390625 0.000000 2641.831299 0.000000 0.479424 0.000000 0.877583 0.334141 0.334141 0.334141
4623.784668 0.000000 2640.104004 0.000000 0.575228 0.000000 0.817993 0.328656 0.328656 0.328656
4639.716309 0.000000 2638.731934 0.000000 0.408640 0.000000 0.912696 0.330157 0.330157 0.330157
4845.791016 0.000000 2668.103760 0.000000 0.154733 0.000000 0.987956 0.333365 0.333365 0.333365
4884.950195 0.000000 2663.934814 0.000000 0.072111 0.000000 0.997397 0.316608 0.316608 0.316608
4915.915527 0.000000 2666.806885 0.000000 0.550538 0.000000 0.834810 0.336924 0.336924 0.336924
4881.626465 0.000000 2659.975098 0.000000 0.453550 0.000000 0.891231 0.325489 0.325489 0.325489
4889.550293 0.000000 2666.366943 0.000000 0.306521 0.000000 0.951864 0.323317 0.323317 0.323317
4905.396484 0.000000 2668.524414 0.000000 0.296299 0.000000 0.955095 0.321869 0.321869 0.321869
4892.683105 0.000000 2668.199463 0.000000 0.524063 0.000000 0.851679 0.332100 0.332100 0.332100
4907.534668 0.000000 2670.755371 0.000000 0.017668 0.000000 0.999844 0.317701 0.317701 0.317701
4879.212891 0.000000 2667.218994 0.000000 0.314652 0.000000 0.949207 0.330383 0.330383 0.330383
4884.109863 0.000000 2666.455322 0.000000 0.510092 0.000000 0.860120 0.326927 0.326927 0.326927
4899.895020 0.000000 2667.279297 0.000000 0.551342 0.000000 0.834279 0.333401 0.333401 0.333401
4891.921387 0.000000 2670.721436 0.000000 0.527394 0.000000 0.849621 0.332745 0.332745 0.332745
4883.875488 0.000000 2670.214355 0.000000 0.115588 0.000000 0.993297 0.327879 0.327879 0.327879
4890.002441 0.000000 2668.801025 0.000000 0.416839 0.000000 0.908980 0.329016 0.329016 0.329016
4879.571289 0.000000 2661.378174 0.000000 0.299956 0.000000 0.953953 0.331524 0.331524 0.331524
4941.467773 0.000000 2670.320801 0.000000 0.506353 0.000000 0.862327 0.335008 0.335008 0.335008
4959.822266 0.000000 2680.826660 0.000000 0.238201 0.000000 0.971216 0.332680 0.332680 0.332680
4990.018555 0.000000 2680.660645 0.000000 0.337015 0.000000 0.941499 0.334078 0.334078 0.334078
4934.798828 0.000000 2669.032715 0.000000 0.501520 0.000000 0.865146 0.334699 0.334699 0.334699
4937.939941 0.000000 2670.053955 0.000000 0.543998 0.000000 0.839087 0.333688 0.333688 0.333688
4940.424805 0.000000 2673.185303 0.000000 0.076214 0.000000 0.997092 0.328453 0.328453 0.328453
4961.496582 0.000000 2678.996338 0.000000 0.354271 0.000000 0.935143 0.323069 0.323069 0.323069
4963.024414 0.000000 2675.337646 0.000000 0.369749 0.000000 0.929132 0.332345 0.332345 0.332345
5077.428223 0.000000 2687.113281 0.000000 0.176001 0.000000 0.984390 0.326067 0.326067 0.326067
5105.158691 0.000000 2689.394043 0.000000 0.142948 0.000000 0.989730 0.330980 0.330980 0.330980
5111.033203 0.000000 2693.213623 0.000000 0.477609 0.000000 0.878572 0.329985 0.329985 0.329985
5079.654785 0.000000 2688.421143 0.000000 0.255595 0.000000 0.966784 0.323224 0.323224 0.323224
5086.667969 0.000000 2691.146973 0.000000 0.009964 0.000000 0.999950 0.325246 0.325246 0.325246
5945.729980 0.000000 1904.773926 0.000000 0.427526 0.000000 0.904003 0.334659 0.334659 0.334659
5934.271484 0.000000 1901.272827 0.000000 0.530230 0.000000 0.847854 0.333377 0.333377 0.333377
5933.602051 0.000000 1903.909302 0.000000 0.052582 0.000000 0.998617 0.328443 0.328443 0.328443
5943.370605 0.000000 1897.639771 0.000000 0.285434 0.000000 0.958398 0.329959 0.329959 0.329959
5942.375000 0.000000 1895.534058 0.000000 0.473772 0.000000 0.880648 0.332492 0.332492 0.332492
5143.550293 0.000000 2696.554688 0.000000 0.342551 0.000000 0.939499 0.324871 0.324871 0.324871
5853.565918 0.000000 2415.642578 0.000000 0.248815 0.000000 0.968551 0.329826 0.329826 0.329826
6119.675293 0.000000 2427.117676 0.000000 0.486959 0.000000 0.873425 0.332273 0.332273 0.332273
6100.194824 0.000000 2418.256592 0.000000 0.221187 0.000000 0.975231 0.331275 0.331275 0.331275
6097.116211 0.000000 2419.591309 0.000000 0.157216 0.000000 0.987564 0.328456 0.328456 0.328456
6102.697754 0.000000 2418.862305 0.000000 0.510557 0.000000 0.859844 0.331144 0.331144 0.331144
6113.210938 0.000000 2421.786621 0.000000 0.205527 0.000000 0.978652 0.324260 0.324260 0.324260
4421.348633 0.000000 3058.598145 0.000000 0.124244 0.000000 0.992252 0.327569 0.327569 0.327569
4416.522461 0.000000 3065.858398 0.000000 0.487659 0.000000 0.873034 0.327139 0.327139 0.327139
4436.737793 0.000000 3050.159180 0.000000 0.440528 0.000000 0.897739 0.332420 0.332420 0.332420
5549.901367 0.000000 2768.688721 0.000000 0.397022 0.000000 0.917809 0.333696 0.333696 0.333696
5625.915527 0.000000 2778.449219 0.000000 0.442229 0.000000 0.896902 0.336534 0.336534 0.336534
6119.675293 0.000000 2822.508301 0.000000 0.573748 0.000000 0.819032 0.335828 0.335828 0.335828
6638.271484 0.000000 2240.179199 0.000000 0.369825 0.000000 0.929102 0.333648 0.333648 0.333648
6636.877441 0.000000 2236.677490 0.000000 0.006752 0.000000 0.999977 0.328544 0.328544 0.328544
6845.733887 0.000000 2067.647705 0.000000 0.052252 0.000000 0.998634 0.317757 0.317757 0.317757
6847.097656 0.000000 2072.826660 0.000000 0.252944 0.000000 0.967481 0.333798 0.333798 0.333798
6845.935547 0.000000 2063.467529 0.000000 0.502073 0.000000 0.864825 0.336625 0.336625 0.336625
6843.875488 0.000000 2047.643677 0.000000 0.279314 0.000000 0.960200 0.330365 0.330365 0.330365
6846.888184 0.000000 2070.062500 0.000000 0.087517 0.000000 0.996163 0.321553 0.321553 0.321553
6847.545410 0.000000 2065.396484 0.000000 0.048039 0.000000 0.998845 0.324786 0.324786 0.324786
6862.124512 0.000000 2062.446289 0.000000 0.346963 0.000000 0.937879 0.334800 0.334800 0.334800
6852.861816 0.000000 2061.392090 0.000000 0.166194 0.000000 0.986093 0.326019 0.326019 0.326019
6859.937012 0.000000 2066.206787 0.000000 0.539971 0.000000 0.841684 0.335489 0.335489 0.335489
6849.602051 0.000000 2063.810791 0.000000 0.093532 0.000000 0.995616 0.320120 0.320120 0.320120
6857.889160 0.000000 2088.702637 0.000000 0.521039 0.000000 0.853533 0.335255 0.335255 0.335255
6853.178223 0.000000 2058.807617 0.000000 0.306348 0.000000 0.951919 0.321938 0.321938 0.321938
6850.873047 0.000000 2059.727783 0.000000 0.482053 0.000000 0.876142 0.334278 0.334278 0.334278
6857.114258 0.000000 2063.551270 0.000000 0.009460 0.000000 0.999955 0.324829 0.324829 0.324829
6857.437988 0.000000 2090.739502 0.000000 0.465731 0.000000 0.884926 0.333294 0.333294 0.333294
6656.354004 0.000000 2250.858398 0.000000 0.047456 0.000000 0.998873 0.327838 0.327838 0.327838
6688.909180 0.000000 2245.134033 0.000000 0.479805 0.000000 0.877375 0.337421 0.337421 0.337421
6657.469238 0.000000 2257.438721 0.000000 0.173566 0.000000 0.984822 0.323218 0.323218 0.323218
6680.763672 0.000000 2233.621826 0.000000 0.504466 0.000000 0.863432 0.336297 0.336297 0.336297
6663.626953 0.000000 2249.240967 0.000000 0.255799 0.000000 0.966730 0.321853 0.321853 0.321853
6669.897461 0.000000 2245.998535 0.000000 0.565556 0.000000 0.824710 0.329199 0.329199 0.329199
6734.189453 0.000000 2239.334473 0.000000 0.020216 0.000000 0.999796 0.329541 0.329541 0.329541
6781.733887 0.000000 2237.100830 0.000000 0.127549 0.000000 0.991832 0.329953 0.329953 0.329953
6745.268555 0.000000 2219.299805 0.000000 0.295984 0.000000 0.955193 0.332573 0.332573 0.332573
6736.020996 0.000000 2247.118896 0.000000 0.161920 0.000000 0.986804 0.327052 0.327052 0.327052
6767.365234 0.000000 2233.694336 0.000000 0.481987 0.000000 0.876178 0.335350 0.335350 0.335350
6758.720703 0.000000 2249.625244 0.000000 0.177933 0.000000 0.984043 0.327317 0.327317 0.327317
6741.636230 0.000000 2257.392822 0.000000 0.398089 0.000000 0.917347 0.332241 0.332241 0.332241
6729.424316 0.000000 2230.764404 0.000000 0.369501 0.000000 0.929230 0.333643 0.333643 0.333643
6775.430664 0.000000 2216.767578 0.000000 0.504118 0.000000 0.863635 0.333058 0.333058 0.333058
6756.219727 0.000000 2243.048096 0.000000 0.564917 0.000000 0.825148 0.336602 0.336602 0.336602
6764.877441 0.000000 2236.677490 0.000000 0.165414 0.000000 0.986224 0.327110 0.327110 0.327110
6769.098145 0.000000 2217.266602 0.000000 0.411634 0.000000 0.911349 0.334271 0.334271 0.334271
6779.669434 0.000000 2222.595459 0.000000 0.393960 0.000000 0.919128 0.334006 0.334006 0.334006
6737.116211 0.000000 2250.138184 0.000000 0.331292 0.000000 0.943528 0.330444 0.330444 0.330444
6770.335449 0.000000 2223.783691 0.000000 0.585663 0.000000 0.810555 0.334598 0.334598 0.334598
6742.343750 0.000000 2220.282959 0.000000 0.130983 0.000000 0.991385 0.330253 0.330253 0.330253
6761.246582 0.000000 2251.202393 0.000000 0.467472 0.000000 0.884008 0.332329 0.332329 0.332329
6748.116211 0.000000 2258.306152 0.000000 0.434675 0.000000 0.900587 0.334914 0.334914 0.334914
6756.101074 0.000000 2250.751953 0.000000 0.553137 0.000000 0.833090 0.334083 0.334083 0.334083
6739.100098 0.000000 2255.637451 0.000000 0.223138 0.000000 0.974787 0.330833 0.330833 0.330833
6782.888184 0.000000 2239.515625 0.000000 0.276907 0.000000 0.960897 0.328974 0.328974 0.328974
6758.885742 0.000000 2247.052246 0.000000 0.044247 0.000000 0.999021 0.325123 0.325123 0.325123
6771.409180 0.000000 2228.376953 0.000000 0.229544 0.000000 0.973298 0.328644 0.328644 0.328644
6745.450195 0.000000 2250.587402 0.000000 0.564096 0.000000 0.825709 0.334890 0.334890 0.334890
6764.874023 0.000000 2247.879883 0.000000 0.331854 0.000000 0.943331 0.330884 0.330884 0.330884
6757.593262 0.000000 2245.101318 0.000000 0.352435 0.000000 0.935836 0.331382 0.331382 0.331382
6772.127930 0.000000 2220.773193 0.000000 0.406429 0.000000 0.913683 0.331223 0.331223 0.331223
6743.825684 0.000000 2256.811035 0.000000 0.146277 0.000000 0.989244 0.326608 0.326608 0.326608
6762.151367 0.000000 2245.402100 0.000000 0.410519 0.000000 0.911852 0.331296 0.331296 0.331296
6760.552734 0.000000 2255.741699 0.000000 0.232042 0.000000 0.972706 0.328218 0.328218 0.328218
6791.693359 0.000000 2234.723145 0.000000 0.101267 0.000000 0.994859 0.328174 0.328174 0.328174
6785.602051 0.000000 2233.263916 0.000000 0.097499 0.000000 0.995236 0.329791 0.329791 0.329791
6791.852051 0.000000 2240.068115 0.000000 0.568951 0.000000 0.822371 0.334265 0.334265 0.334265
6176.693359 0.000000 2424.332031 0.000000 0.508359 0.000000 0.861145 0.330327 0.330327 0.330327
6192.587402 0.000000 2423.269775 0.000000 0.535459 0.000000 0.844561 0.334621 0.334621 0.334621
6184.552734 0.000000 2425.194824 0.000000 0.234881 0.000000 0.972024 0.327974 0.327974 0.327974
6239.273438 0.000000 2427.220215 0.000000 0.366835 0.000000 0.930286 0.330366 0.330366 0.330366
6166.797363 0.000000 2429.802734 0.000000 0.478505 0.000000 0.878085 0.333235 0.333235 0.333235
6244.142090 0.000000 2428.923340 0.000000 0.047097 0.000000 0.998890 0.322906 0.322906 0.322906
6343.626953 0.000000 2418.694092 0.000000 0.541646 0.000000 0.840607 0.330284 0.330284 0.330284
6637.901367 0.000000 2260.329346 0.000000 0.482760 0.000000 0.875753 0.335362 0.335362 0.335362
6644.885254 0.000000 2311.126221 0.000000 0.026470 0.000000 0.999650 0.328814 0.328814 0.328814
6649.729980 0.000000 2300.164551 0.000000 0.255237 0.000000 0.966878 0.331705 0.331705 0.331705
6653.524414 0.000000 2264.888428 0.000000 0.475965 0.000000 0.879464 0.336853 0.336853 0.336853
6650.133789 0.000000 2286.839355 0.000000 0.405816 0.000000 0.913955 0.330003 0.330003 0.330003
6639.844727 0.000000 2266.485352 0.000000 0.068591 0.000000 0.997645 0.329393 0.329393 0.329393
6655.291016 0.000000 2259.780029 0.000000 0.037582 0.000000 0.999294 0.321196 0.321196 0.321196
6639.365234 0.000000 2290.178711 0.000000 0.484985 0.000000 0.874522 0.332653 0.332653 0.332653
6631.675293 0.000000 2314.148926 0.000000 0.136831 0.000000 0.990594 0.324823 0.324823 0.324823
6655.097656 0.000000 2298.764160 0.000000 0.386151 0.000000 0.922436 0.331017 0.331017 0.331017
6622.600098 0.000000 2309.078613 0.000000 0.092392 0.000000 0.995723 0.328235 0.328235 0.328235
6650.165039 0.000000 2281.925781 0.000000 0.332140 0.000000 0.943230 0.329112 0.329112 0.329112
6640.446289 0.000000 2270.205811 0.000000 0.250244 0.000000 0.968183 0.329100 0.329100 0.329100
6646.496094 0.000000 2288.683838 0.000000 0.107287 0.000000 0.994228 0.322957 0.322957 0.322957
6630.643555 0.000000 2311.077148 0.000000 0.345481 0.000000 0.938426 0.329086 0.329086 0.329086
6644.392090 0.000000 2307.761719 0.000000 0.542246 0.000000 0.840220 0.336313 0.336313 0.336313
6642.335449 0.000000 2280.268066 0.000000 0.396047 0.000000 0.918230 0.331699 0.331699 0.331699
6652.365723 0.000000 2262.102783 0.000000 0.133750 0.000000 0.991015 0.330731 0.330731 0.330731
6642.278320 0.000000 2290.083984 0.000000 0.168001 0.000000 0.985787 0.324641 0.324641 0.324641
6647.879395 0.000000 2302.569824 0.000000 0.556983 0.000000 0.830524 0.336555 0.336555 0.336555
6654.830566 0.000000 2306.610107 0.000000 0.466152 0.000000 0.884705 0.326991 0.326991 0.326991
6630.352539 0.000000 2308.563477 0.000000 0.499272 0.000000 0.866445 0.333379 0.333379 0.333379
6655.835938 0.000000 2263.859131 0.000000 0.303854 0.000000 0.952718 0.329654 0.329654 0.329654
6649.397461 0.000000 2297.525391 0.000000 0.426418 0.000000 0.904526 0.331581 0.331581 0.331581
6625.615234 0.000000 2313.470703 0.000000 0.443481 0.000000 0.896284 0.331890 0.331890 0.331890
6648.713379 0.000000 2288.798096 0.000000 0.217515 0.000000 0.976057 0.327975 0.327975 0.327975
6646.075195 0.000000 2280.919922 0.000000 0.325466 0.000000 0.945554 0.329263 0.329263 0.329263
6653.359375 0.000000 2280.448486 0.000000 0.507244 0.000000 0.861803 0.333434 0.333434 0.333434
6655.683594 0.000000 2328.899902 0.000000 0.268747 0.000000 0.963211 0.332070 0.332070 0.332070
6622.802246 0.000000 2315.920410 0.000000 0.361889 0.000000 0.932221 0.332272 0.332272 0.332272
6634.581543 0.000000 2334.664307 0.000000 0.335867 0.000000 0.941909 0.333150 0.333150 0.333150
6637.901367 0.000000 2316.813721 0.000000 0.346629 0.000000 0.938002 0.330170 0.330170 0.330170
6613.428223 0.000000 2348.207031 0.000000 0.044948 0.000000 0.998989 0.332334 0.332334 0.332334
6601.163574 0.000000 2355.160156 0.000000 0.009899 0.000000 0.999951 0.328587 0.328587 0.328587
6617.550293 0.000000 2327.460693 0.000000 0.579476 0.000000 0.814989 0.336639 0.336639 0.336639
6628.590332 0.000000 2325.865967 0.000000 0.550699 0.000000 0.834704 0.334683 0.334683 0.334683
6645.757812 0.000000 2335.224121 0.000000 0.277433 0.000000 0.960745 0.329378 0.329378 0.329378
6651.875488 0.000000 2330.065674 0.000000 0.125543 0.000000 0.992088 0.330178 0.330178 0.330178
6633.896973 0.000000 2315.887695 0.000000 0.227859 0.000000 0.973694 0.328148 0.328148 0.328148
6650.815430 0.000000 2323.428467 0.000000 0.391350 0.000000 0.920242 0.330546 0.330546 0.330546
6635.550781 0.000000 2322.659180 0.000000 0.272068 0.000000 0.962278 0.325553 0.325553 0.325553
6603.713867 0.000000 2353.862549 0.000000 0.042888 0.000000 0.999080 0.329040 0.329040 0.329040
6644.340820 0.000000 2316.195557 0.000000 0.071560 0.000000 0.997436 0.329434 0.329434 0.329434
6619.921387 0.000000 2331.815186 0.000000 0.302435 0.000000 0.953170 0.329409 0.329409 0.329409
6639.681152 0.000000 2318.761230 0.000000 0.552261 0.000000 0.833671 0.333936 0.333936 0.333936
6653.061035 0.000000 2316.415771 0.000000 0.398918 0.000000 0.916987 0.325765 0.325765 0.325765
6638.326660 0.000000 2326.977539 0.000000 0.196216 0.000000 0.980561 0.324620 0.324620 0.324620
6655.211914 0.000000 2326.691162 0.000000 0.553471 0.000000 0.832868 0.333014 0.333014 0.333014
6374.270996 0.000000 2486.719482 0.000000 0.408092 0.000000 0.912941 0.333715 0.333715 0.333715
6419.298340 0.000000 2503.259766 0.000000 0.189084 0.000000 0.981961 0.333232 0.333232 0.333232
6414.716309 0.000000 2495.046143 0.000000 0.158518 0.000000 0.987356 0.327243 0.327243 0.327243
6409.095215 0.000000 2497.299805 0.000000 0.575595 0.000000 0.817735 0.331469 0.331469 0.331469
6404.061523 0.000000 2501.522217 0.000000 0.156314 0.000000 0.987707 0.329987 0.329987 0.329987
6411.269531 0.000000 2494.642578 0.000000 0.215420 0.000000 0.976521 0.322854 0.322854 0.322854
6409.939941 0.000000 2500.600830 0.000000 0.014328 0.000000 0.999897 0.326131 0.326131 0.326131
6505.423340 0.000000 2574.218994 0.000000 0.511867 0.000000 0.859065 0.337809 0.337809 0.337809
6506.452148 0.000000 2576.730957 0.000000 0.097465 0.000000 0.995239 0.329147 0.329147 0.329147
6656.354004 0.000000 2307.342773 0.000000 0.199764 0.000000 0.979844 0.320618 0.320618 0.320618
6706.281250 0.000000 2302.444092 0.000000 0.221705 0.000000 0.975114 0.325926 0.325926 0.325926
6691.530762 0.000000 2309.963623 0.000000 0.115764 0.000000 0.993277 0.326293 0.326293 0.326293
6697.423340 0.000000 2291.797119 0.000000 0.536220 0.000000 0.844078 0.335644 0.335644 0.335644
6717.733887 0.000000 2293.585205 0.000000 0.099738 0.000000 0.995014 0.329822 0.329822 0.329822
6675.921875 0.000000 2283.700439 0.000000 0.332602 0.000000 0.943067 0.333156 0.333156 0.333156
6687.430176 0.000000 2270.146973 0.000000 0.329844 0.000000 0.944036 0.333494 0.333494 0.333494
6681.268555 0.000000 2275.784180 0.000000 0.029999 0.000000 0.999550 0.324891 0.324891 0.324891
6662.599121 0.000000 2312.475830 0.000000 0.116041 0.000000 0.993244 0.318799 0.318799 0.318799
6717.524414 0.000000 2264.888428 0.000000 0.188989 0.000000 0.981979 0.331542 0.331542 0.331542
6700.186523 0.000000 2307.083252 0.000000 0.379065 0.000000 0.925370 0.327691 0.327691 0.327691
6669.066406 0.000000 2312.591309 0.000000 0.562001 0.000000 0.827137 0.329106 0.329106 0.329106
6710.872070 0.000000 2305.709473 0.000000 0.470885 0.000000 0.882195 0.331023 0.331023 0.331023
6682.661621 0.000000 2280.812744 0.000000 0.535576 0.000000 0.844487 0.336205 0.336205 0.336205
6683.974121 0.000000 2291.104492 0.000000 0.326308 0.000000 0.945264 0.330306 0.330306 0.330306
6712.634766 0.000000 2295.163574 0.000000 0.267182 0.000000 0.963646 0.332275 0.332275 0.332275
6661.002930 0.000000 2295.502930 0.000000 0.115272 0.000000 0.993334 0.330036 0.330036 0.330036
6686.600098 0.000000 2309.078613 0.000000 0.048062 0.000000 0.998844 0.329377 0.329377 0.329377
6710.117188 0.000000 2266.396484 0.000000 0.078774 0.000000 0.996893 0.325231 0.325231 0.325231
6714.165039 0.000000 2281.925781 0.000000 0.435821 0.000000 0.900033 0.334637 0.334637 0.334637
6707.521484 0.000000 2287.383789 0.000000 0.584493 0.000000 0.811399 0.338049 0.338049 0.338049
6717.935547 0.000000 2289.405029 0.000000 0.413606 0.000000 0.910456 0.333001 0.333001 0.333001
6673.114746 0.000000 2313.934814 0.000000 0.059384 0.000000 0.998235 0.317579 0.317579 0.317579
6678.003418 0.000000 2273.077393 0.000000 0.243306 0.000000 0.969950 0.328407 0.328407 0.328407
6659.605469 0.000000 2282.651611 0.000000 0.380981 0.000000 0.924583 0.333916 0.333916 0.333916
6709.757812 0.000000 2278.739746 0.000000 0.100501 0.000000 0.994937 0.329832 0.329832 0.329832
6690.997070 0.000000 2315.338379 0.000000 0.481525 0.000000 0.876433 0.335156 0.335156 0.335156
6679.828125 0.000000 2283.551758 0.000000 0.476108 0.000000 0.879387 0.335258 0.335258 0.335258
6703.152344 0.000000 2304.845703 0.000000 0.320898 0.000000 0.947114 0.328693 0.328693 0.328693
6672.310547 0.000000 2284.169678 0.000000 0.167788 0.000000 0.985823 0.330764 0.330764 0.330764
6704.763672 0.000000 2299.181396 0.000000 0.325924 0.000000 0.945396 0.332302 0.332302 0.332302
6685.234863 0.000000 2283.083740 0.000000 0.252870 0.000000 0.967500 0.331958 0.331958 0.331958
6715.669434 0.000000 2279.079834 0.000000 0.463659 0.000000 0.886014 0.335065 0.335065 0.335065
6666.749023 0.000000 2301.567871 0.000000 0.073929 0.000000 0.997263 0.324954 0.324954 0.324954
6656.205078 0.000000 2281.793701 0.000000 0.178754 0.000000 0.983894 0.331220 0.331220 0.331220
6714.815430 0.000000 2266.944092 0.000000 0.372774 0.000000 0.927922 0.328290 0.328290 0.328290
6668.396484 0.000000 2271.882812 0.000000 0.433462 0.000000 0.901172 0.334601 0.334601 0.334601
6710.469238 0.000000 2269.529053 0.000000 0.414637 0.000000 0.909987 0.329471 0.329471 0.329471
6679.871582 0.000000 2298.855957 0.000000 0.537547 0.000000 0.843234 0.336237 0.336237 0.336237
6671.660156 0.000000 2310.540283 0.000000 0.514121 0.000000 0.857718 0.327887 0.327887 0.327887
6694.737793 0.000000 2297.852783 0.000000 0.260340 0.000000 0.965517 0.322011 0.322011 0.322011
6667.713867 0.000000 2297.378174 0.000000 0.008188 0.000000 0.999967 0.327608 0.327608 0.327608
6708.969238 0.000000 2263.732910 0.000000 0.552038 0.000000 0.833819 0.335354 0.335354 0.335354
6672.764160 0.000000 2275.326904 0.000000 0.581910 0.000000 0.813253 0.336971 0.336971 0.336971
6716.880859 0.000000 2282.604736 0.000000 0.511825 0.000000 0.859090 0.335822 0.335822 0.335822
6698.622559 0.000000 2313.400146 0.000000 0.320689 0.000000 0.947185 0.326514 0.326514 0.326514
6715.206543 0.000000 2289.355713 0.000000 0.207437 0.000000 0.978248 0.331139 0.331139 0.331139
6659.898438 0.000000 2312.131592 0.000000 0.180012 0.000000 0.983664 0.320187 0.320187 0.320187
6698.452148 0.000000 2294.309082 0.000000 0.178702 0.000000 0.983903 0.323744 0.323744 0.323744
6717.258301 0.000000 2271.389404 0.000000 0.036192 0.000000 0.999345 0.321036 0.321036 0.321036
6712.357422 0.000000 2267.721924 0.000000 0.045004 0.000000 0.998987 0.322736 0.322736 0.322736
6679.654785 0.000000 2293.030518 0.000000 0.231708 0.000000 0.972785 0.328213 0.328213 0.328213
6719.450684 0.000000 2267.304199 0.000000 0.331604 0.000000 0.943419 0.328240 0.328240 0.328240
6675.150879 0.000000 2293.136475 0.000000 0.309436 0.000000 0.950920 0.329529 0.329529 0.329529
6708.503418 0.000000 2313.792480 0.000000 0.496542 0.000000 0.868012 0.330160 0.330160 0.330160
6673.307129 0.000000 2270.320801 0.000000 0.277786 0.000000 0.960643 0.330623 0.330623 0.330623
6702.583984 0.000000 2308.155518 0.000000 0.178880 0.000000 0.983871 0.323747 0.323747 0.323747
6713.397461 0.000000 2297.525391 0.000000 0.212443 0.000000 0.977173 0.327950 0.327950 0.327950
6688.505859 0.000000 2304.032715 0.000000 0.528062 0.000000 0.849206 0.334177 0.334177 0.334177
6690.794434 0.000000 2297.634521 0.000000 0.463100 0.000000 0.886306 0.332629 0.332629 0.332629
6711.341309 0.000000 2310.666992 0.000000 0.306075 0.000000 0.952007 0.326224 0.326224 0.326224
6693.505371 0.000000 2315.062744 0.000000 0.478114 0.000000 0.878298 0.333837 0.333837 0.333837
6693.593262 0.000000 2301.585693 0.000000 0.539731 0.000000 0.841837 0.332469 0.332469 0.332469
6657.116211 0.000000 2295.874268 0.000000 0.522202 0.000000 0.852822 0.333668 0.333668 0.333668
6700.435059 0.000000 2295.350098 0.000000 0.485019 0.000000 0.874503 0.330375 0.330375 0.330375
6719.035645 0.000000 2300.983154 0.000000 0.520081 0.000000 0.854117 0.333315 0.333315 0.333315
6715.060547 0.000000 2301.967285 0.000000 0.568721 0.000000 0.822530 0.334260 0.334260 0.334260
6696.272949 0.000000 2309.590576 0.000000 0.372126 0.000000 0.928182 0.330252 0.330252 0.330252
6738.736816 0.000000 2309.496094 0.000000 0.223935 0.000000 0.974604 0.329258 0.329258 0.329258
6752.264648 0.000000 2281.243408 0.000000 0.055551 0.000000 0.998456 0.329213 0.329213 0.329213
6733.467773 0.000000 2274.930176 0.000000 0.442525 0.000000 0.896756 0.331824 0.331824 0.331824
6727.693359 0.000000 2291.207520 0.000000 0.569139 0.000000 0.822242 0.337727 0.337727 0.337727
6742.797363 0.000000 2260.349609 0.000000 0.144133 0.000000 0.989558 0.330435 0.330435 0.330435
6767.844727 0.000000 2266.485352 0.000000 0.399753 0.000000 0.916623 0.331306 0.331306 0.331306
6756.049805 0.000000 2295.664551 0.000000 0.498530 0.000000 0.866873 0.337215 0.337215 0.337215
6734.146973 0.000000 2281.228516 0.000000 0.125542 0.000000 0.992088 0.327653 0.327653 0.327653
6733.066406 0.000000 2312.591309 0.000000 0.468266 0.000000 0.883588 0.328841 0.328841 0.328841
6754.074219 0.000000 2264.894775 0.000000 0.517643 0.000000 0.855597 0.333313 0.333313 0.333313
6729.163574 0.000000 2298.675781 0.000000 0.229547 0.000000 0.973298 0.329581 0.329581 0.329581
6771.521484 0.000000 2287.383789 0.000000 0.154294 0.000000 0.988025 0.330576 0.330576 0.330576
6766.917969 0.000000 2280.689697 0.000000 0.342788 0.000000 0.939413 0.332717 0.332717 0.332717
6733.883301 0.000000 2307.871094 0.000000 0.164574 0.000000 0.986365 0.330719 0.330719 0.330719
6751.949707 0.000000 2293.631104 0.000000 0.258598 0.000000 0.965985 0.325519 0.325519 0.325519
6740.194824 0.000000 2305.287842 0.000000 0.385913 0.000000 0.922535 0.330858 0.330858 0.330858
6729.424316 0.000000 2287.248779 0.000000 0.383678 0.000000 0.923467 0.333853 0.333853 0.333853
6729.597656 0.000000 2309.250488 0.000000 0.428022 0.000000 0.903768 0.333335 0.333335 0.333335
6737.114746 0.000000 2313.934814 0.000000 0.305857 0.000000 0.952078 0.327045 0.327045 0.327045
6746.844238 0.000000 2261.092529 0.000000 0.091989 0.000000 0.995760 0.329715 0.329715 0.329715
6758.192871 0.000000 2265.081787 0.000000 0.551822 0.000000 0.833962 0.333928 0.333928 0.333928
6723.856934 0.000000 2309.447021 0.000000 0.409968 0.000000 0.912100 0.331386 0.331386 0.331386
6738.974121 0.000000 2260.777832 0.000000 0.437457 0.000000 0.899239 0.334662 0.334662 0.334662
6761.896973 0.000000 2259.403320 0.000000 0.506201 0.000000 0.862415 0.330916 0.330916 0.330916
6755.650879 0.000000 2282.317383 0.000000 0.095291 0.000000 0.995449 0.325313 0.325313 0.325313
6755.373047 0.000000 2286.318359 0.000000 0.363189 0.000000 0.931715 0.328259 0.328259 0.328259
6759.553711 0.000000 2276.577393 0.000000 0.428624 0.000000 0.903483 0.328861 0.328861 0.328861
6737.116211 0.000000 2306.622559 0.000000 0.360611 0.000000 0.932716 0.333512 0.333512 0.333512
6737.653320 0.000000 2267.844482 0.000000 0.119343 0.000000 0.992853 0.330092 0.330092 0.330092
6759.443848 0.000000 2270.664307 0.000000 0.421335 0.000000 0.906905 0.331489 0.331489 0.331489
6743.871582 0.000000 2298.855957 0.000000 0.398623 0.000000 0.917115 0.331439 0.331439 0.331439
6763.550781 0.000000 2266.174805 0.000000 0.581755 0.000000 0.813364 0.334437 0.334437 0.334437
6772.969238 0.000000 2263.732910 0.000000 0.416181 0.000000 0.909282 0.334340 0.334340 0.334340
6747.116211 0.000000 2277.850342 0.000000 0.301000 0.000000 0.953624 0.331872 0.331872 0.331872
6730.422852 0.000000 2283.122559 0.000000 0.568457 0.000000 0.822713 0.334255 0.334255 0.334255
6729.349609 0.000000 2311.930176 0.000000 0.393750 0.000000 0.919217 0.333748 0.333748 0.333748
6762.478516 0.000000 2285.112061 0.000000 0.133700 0.000000 0.991022 0.326713 0.326713 0.326713
6755.895020 0.000000 2271.888672 0.000000 0.032865 0.000000 0.999460 0.324938 0.324938 0.324938
6756.193359 0.000000 2266.833984 0.000000 0.422539 0.000000 0.906345 0.331511 0.331511 0.331511
6746.516602 0.000000 2298.153809 0.000000 0.319871 0.000000 0.947461 0.329708 0.329708 0.329708
6727.626953 0.000000 2305.725342 0.000000 0.461153 0.000000 0.887320 0.332976 0.332976 0.332976
6743.931152 0.000000 2311.092285 0.000000 0.211431 0.000000 0.977393 0.328289 0.328289 0.328289
6722.854492 0.000000 2306.921875 0.000000 0.515088 0.000000 0.857138 0.333310 0.333310 0.333310
6750.667969 0.000000 2295.756348 0.000000 0.566796 0.000000 0.823858 0.331727 0.331727 0.331727
6724.637695 0.000000 2277.947754 0.000000 0.231268 0.000000 0.972890 0.324758 0.324758 0.324758
6757.505371 0.000000 2315.062744 0.000000 0.379818 0.000000 0.925061 0.331628 0.331628 0.331628
6754.304199 0.000000 2275.474854 0.000000 0.509848 0.000000 0.860264 0.331944 0.331944 0.331944
6738.130371 0.000000 2304.468262 0.000000 0.364340 0.000000 0.931266 0.331107 0.331107 0.331107
6759.451172 0.000000 2274.370605 0.000000 0.324241 0.000000 0.945974 0.326585 0.326585 0.326585
6761.380859 0.000000 2275.322510 0.000000 0.258417 0.000000 0.966033 0.325286 0.325286 0.325286
6697.206543 0.000000 2324.403076 0.000000 0.384267 0.000000 0.923222 0.332628 0.332628 0.332628
6675.921875 0.000000 2340.184814 0.000000 0.251840 0.000000 0.967769 0.330793 0.330793 0.330793
6665.453613 0.000000 2322.178711 0.000000 0.207906 0.000000 0.978149 0.320618 0.320618 0.320618
6694.270996 0.000000 2317.266357 0.000000 0.209556 0.000000 0.977797 0.327842 0.327842 0.327842
6682.840820 0.000000 2342.563721 0.000000 0.419066 0.000000 0.907956 0.333438 0.333438 0.333438
6714.133789 0.000000 2343.323730 0.000000 0.508704 0.000000 0.860942 0.335818 0.335818 0.335818
6701.791016 0.000000 2329.197510 0.000000 0.523391 0.000000 0.852093 0.336008 0.336008 0.336008
6686.773926 0.000000 2332.331055 0.000000 0.091965 0.000000 0.995762 0.329714 0.329714 0.329714
6665.437988 0.000000 2316.677002 0.000000 0.459215 0.000000 0.888325 0.326539 0.326539 0.326539
6692.590332 0.000000 2325.865967 0.000000 0.483166 0.000000 0.875529 0.335509 0.335509 0.335509
6706.317383 0.000000 2319.050537 0.000000 0.154162 0.000000 0.988046 0.326367 0.326367 0.326367
6698.133789 0.000000 2319.996826 0.000000 0.333667 0.000000 0.942691 0.329139 0.329139 0.329139
6661.568848 0.000000 2319.877197 0.000000 0.110104 0.000000 0.993920 0.318671 0.318671 0.318671
6713.786621 0.000000 2320.384277 0.000000 0.473812 0.000000 0.880626 0.334093 0.334093 0.334093
6717.449707 0.000000 2325.345459 0.000000 0.561272 0.000000 0.827632 0.335817 0.335817 0.335817
6691.650879 0.000000 2338.801758 0.000000 0.463942 0.000000 0.885866 0.335069 0.335069 0.335069
6695.443848 0.000000 2327.148682 0.000000 0.356252 0.000000 0.934390 0.333448 0.333448 0.333448
6716.365723 0.000000 2318.587158 0.000000 0.586758 0.000000 0.809762 0.328972 0.328972 0.328972
6664.260254 0.000000 2324.864990 0.000000 0.303994 0.000000 0.952674 0.321882 0.321882 0.321882
6669.243652 0.000000 2323.100586 0.000000 0.307633 0.000000 0.951505 0.324441 0.324441 0.324441
6705.495117 0.000000 2315.959473 0.000000 0.200019 0.000000 0.979792 0.324034 0.324034 0.324034
6692.294922 0.000000 2319.516113 0.000000 0.552186 0.000000 0.833721 0.336476 0.336476 0.336476
6682.616211 0.000000 2339.941895 0.000000 0.397713 0.000000 0.917510 0.333301 0.333301 0.333301
6658.759766 0.000000 2324.973877 0.000000 0.212509 0.000000 0.977159 0.319771 0.319771 0.319771
6680.281738 0.000000 2337.874512 0.000000 0.276346 0.000000 0.961058 0.330431 0.330431 0.330431
6701.664062 0.000000 2322.854980 0.000000 0.527376 0.000000 0.849632 0.333455 0.333455 0.333455
6765.901367 0.000000 2316.813721 0.000000 0.152199 0.000000 0.988350 0.330547 0.330547 0.330547
6765.233887 0.000000 2341.756592 0.000000 0.066278 0.000000 0.997801 0.326140 0.326140 0.326140
6721.476562 0.000000 2322.318115 0.000000 0.290335 0.000000 0.956925 0.327585 0.327585 0.327585
6734.716309 0.000000 2325.593018 0.000000 0.478803 0.000000 0.877922 0.326125 0.326125 0.326125
6766.917969 0.000000 2337.174072 0.000000 0.136929 0.000000 0.990581 0.332214 0.332214 0.332214
6733.333984 0.000000 2320.188721 0.000000 0.208663 0.000000 0.977988 0.319684 0.319684 0.319684
6725.348633 0.000000 2324.301270 0.000000 0.494961 0.000000 0.868915 0.332702 0.332702 0.332702
6720.173340 0.000000 2317.684082 0.000000 0.453438 0.000000 0.891288 0.325486 0.325486 0.325486
6732.652344 0.000000 2341.286133 0.000000 0.297199 0.000000 0.954816 0.323609 0.323609 0.323609
6753.456543 0.000000 2329.784180 0.000000 0.481746 0.000000 0.876311 0.332593 0.332593 0.332593
6768.446289 0.000000 2326.690186 0.000000 0.070241 0.000000 0.997530 0.329415 0.329415 0.329415
6736.310547 0.000000 2340.654053 0.000000 0.106308 0.000000 0.994333 0.322235 0.322235 0.322235
6755.650879 0.000000 2338.801758 0.000000 0.562387 0.000000 0.826874 0.334348 0.334348 0.334348
6748.263672 0.000000 2325.155518 0.000000 0.163494 0.000000 0.986544 0.330704 0.330704 0.330704
6759.553711 0.000000 2333.061768 0.000000 0.551139 0.000000 0.834413 0.336459 0.336459 0.336459
6759.443848 0.000000 2327.148682 0.000000 0.356822 0.000000 0.934172 0.329874 0.329874 0.329874
6763.534668 0.000000 2331.849121 0.000000 0.562356 0.000000 0.826895 0.336091 0.336091 0.336091
6722.492188 0.000000 2319.448975 0.000000 0.032998 0.000000 0.999455 0.315735 0.315735 0.315735
6730.448242 0.000000 2319.464355 0.000000 0.295873 0.000000 0.955227 0.321693 0.321693 0.321693
6735.844238 0.000000 2318.986572 0.000000 0.241297 0.000000 0.970451 0.320430 0.320430 0.320430
6762.478516 0.000000 2341.596436 0.000000 0.427635 0.000000 0.903952 0.333674 0.333674 0.333674
6739.958008 0.000000 2322.572021 0.000000 0.561628 0.000000 0.827390 0.328671 0.328671 0.328671
6758.658203 0.000000 2324.080322 0.000000 0.416602 0.000000 0.909089 0.329410 0.329410 0.329410
6724.015137 0.000000 2321.946533 0.000000 0.456783 0.000000 0.889578 0.325570 0.325570 0.325570
6766.630859 0.000000 2339.635986 0.000000 0.307978 0.000000 0.951393 0.330493 0.330493 0.330493
6751.881836 0.000000 2318.508789 0.000000 0.473465 0.000000 0.880813 0.331168 0.331168 0.331168
6747.828125 0.000000 2319.898438 0.000000 0.014151 0.000000 0.999900 0.325721 0.325721 0.325721
6742.294922 0.000000 2323.332520 0.000000 0.115216 0.000000 0.993340 0.324885 0.324885 0.324885
6782.998535 0.000000 2339.841064 0.000000 0.202009 0.000000 0.979384 0.327717 0.327717 0.327717
6788.861816 0.000000 2343.813965 0.000000 0.040803 0.000000 0.999167 0.331484 0.331484 0.331484
6787.605469 0.000000 2339.135986 0.000000 0.260802 0.000000 0.965392 0.320879 0.320879 0.320879
6804.387207 0.000000 2342.656494 0.000000 0.371487 0.000000 0.928438 0.329876 0.329876 0.329876
6802.931641 0.000000 2347.185547 0.000000 0.064147 0.000000 0.997940 0.320446 0.320446 0.320446
6953.423340 0.000000 2574.218994 0.000000 0.334915 0.000000 0.942248 0.334801 0.334801 0.334801
6936.763672 0.000000 2572.528076 0.000000 0.363437 0.000000 0.931619 0.326745 0.326745 0.326745
6292.387207 0.000000 2851.015869 0.000000 0.274674 0.000000 0.961537 0.326847 0.326847 0.326847
6279.324707 0.000000 2850.828857 0.000000 0.473926 0.000000 0.880565 0.331225 0.331225 0.331225
7577.924805 0.000000 3159.881104 0.000000 0.262840 0.000000 0.964839 0.333867 0.333867 0.333867
7446.797363 0.000000 3333.552734 0.000000 0.516195 0.000000 0.856471 0.337554 0.337554 0.337554
7430.113770 0.000000 3371.536621 0.000000 0.312706 0.000000 0.949850 0.331884 0.331884 0.331884
"}
object={
	name="oak_generator_1_1"
	clamp_to_water_level=no
	render_under_water=no
	generated_content=yes
	layer="semidynamic"
	pdxmesh="oak_tree_02_mesh"
	count=1513
	transform="1746.736938 0.000000 1236.292969 0.000000 0.937015 0.000000 0.349290 0.344918 0.344918 0.344918
1789.734009 0.000000 1220.382080 0.000000 0.798044 0.000000 0.602600 0.342173 0.342173 0.342173
1747.921631 0.000000 1210.497314 0.000000 0.945949 0.000000 0.324317 0.346263 0.346263 0.346263
1785.426636 0.000000 1203.570801 0.000000 0.914528 0.000000 0.404522 0.345106 0.345106 0.345106
1753.924683 0.000000 1239.412354 0.000000 0.819711 0.000000 0.572777 0.341980 0.341980 0.341980
1791.097656 0.000000 1225.561035 0.000000 0.679285 0.000000 0.733874 0.337508 0.337508 0.337508
1766.720825 0.000000 1232.906494 0.000000 0.715961 0.000000 0.698140 0.340344 0.340344 0.340344
1786.165039 0.000000 1208.722534 0.000000 0.913245 0.000000 0.407410 0.344702 0.344702 0.344702
1779.521606 0.000000 1214.180786 0.000000 0.824960 0.000000 0.565190 0.342363 0.342363 0.342363
1759.949707 0.000000 1220.427856 0.000000 0.849276 0.000000 0.527949 0.342005 0.342005 0.342005
1761.638062 0.000000 1232.940552 0.000000 0.832486 0.000000 0.554046 0.342817 0.342817 0.342817
1754.772095 0.000000 1236.082153 0.000000 0.950496 0.000000 0.310737 0.345941 0.345941 0.345941
1751.931152 0.000000 1237.889160 0.000000 0.683088 0.000000 0.730336 0.338087 0.338087 0.338087
1769.206665 0.000000 1251.199951 0.000000 0.882855 0.000000 0.469646 0.341905 0.341905 0.341905
1760.264404 0.000000 1264.524780 0.000000 0.914687 0.000000 0.404164 0.345074 0.345074 0.345074
1763.530884 0.000000 1293.244751 0.000000 0.677883 0.000000 0.735170 0.338128 0.338128 0.338128
1743.347534 0.000000 1242.940308 0.000000 0.922710 0.000000 0.385494 0.345366 0.345366 0.345366
1770.581665 0.000000 1261.461060 0.000000 0.874469 0.000000 0.485081 0.341614 0.341614 0.341614
1789.524414 0.000000 1248.169678 0.000000 0.820330 0.000000 0.571890 0.342446 0.342446 0.342446
1786.134033 0.000000 1270.120728 0.000000 0.906611 0.000000 0.421968 0.344804 0.344804 0.344804
1765.084961 0.000000 1257.453857 0.000000 0.918590 0.000000 0.395212 0.343556 0.343556 0.343556
1774.271362 0.000000 1279.944702 0.000000 0.662729 0.000000 0.748859 0.336023 0.336023 0.336023
1764.050049 0.000000 1278.945801 0.000000 0.641304 0.000000 0.767287 0.336703 0.336703 0.336703
1777.916626 0.000000 1260.446289 0.000000 0.942905 0.000000 0.333061 0.344585 0.344585 0.344585
1759.273193 0.000000 1297.532715 0.000000 0.794420 0.000000 0.607369 0.342215 0.342215 0.342215
1767.675415 0.000000 1297.430176 0.000000 0.858714 0.000000 0.512454 0.343559 0.343559 0.343559
1791.097656 0.000000 1282.045410 0.000000 0.942551 0.000000 0.334063 0.345045 0.345045 0.345045
1777.044556 0.000000 1291.340210 0.000000 0.916137 0.000000 0.400865 0.344738 0.344738 0.344738
1770.133911 0.000000 1246.793579 0.000000 0.870423 0.000000 0.492305 0.343501 0.343501 0.343501
1759.949707 0.000000 1276.912231 0.000000 0.772281 0.000000 0.635281 0.341128 0.341128 0.341128
1790.018555 0.000000 1268.551392 0.000000 0.736049 0.000000 0.676928 0.340221 0.340221 0.340221
1760.344604 0.000000 1280.973877 0.000000 0.876240 0.000000 0.481875 0.343256 0.343256 0.343256
1762.996948 0.000000 1298.619629 0.000000 0.898914 0.000000 0.438126 0.343481 0.343481 0.343481
1786.308594 0.000000 1287.255859 0.000000 0.913528 0.000000 0.406777 0.344619 0.344619 0.344619
1762.040283 0.000000 1260.961182 0.000000 0.631603 0.000000 0.775292 0.338449 0.338449 0.338449
1774.165649 0.000000 1260.198486 0.000000 0.848513 0.000000 0.529174 0.340572 0.340572 0.340572
1772.817139 0.000000 1252.182251 0.000000 0.879258 0.000000 0.476346 0.343167 0.343167 0.343167
1776.763550 0.000000 1282.462646 0.000000 0.926943 0.000000 0.375203 0.344858 0.344858 0.344858
1763.651001 0.000000 1265.598633 0.000000 0.750980 0.000000 0.660325 0.340452 0.340452 0.340452
1767.553711 0.000000 1259.858521 0.000000 0.789543 0.000000 0.613695 0.338857 0.338857 0.338857
1778.335327 0.000000 1263.549316 0.000000 0.824450 0.000000 0.565935 0.341826 0.341826 0.341826
1776.015381 0.000000 1270.437744 0.000000 0.681649 0.000000 0.731680 0.335011 0.335011 0.335011
1774.630737 0.000000 1266.432861 0.000000 0.950746 0.000000 0.309970 0.343859 0.343859 0.343859
1762.441895 0.000000 1276.619629 0.000000 0.743483 0.000000 0.668755 0.338671 0.338671 0.338671
1777.258545 0.000000 1280.113281 0.000000 0.673369 0.000000 0.739306 0.337677 0.337677 0.337677
1775.774780 0.000000 1261.844849 0.000000 0.758301 0.000000 0.651905 0.337994 0.337994 0.337994
1768.581299 0.000000 1272.920654 0.000000 0.817946 0.000000 0.575294 0.339395 0.339395 0.339395
1767.451416 0.000000 1257.651733 0.000000 0.814358 0.000000 0.580363 0.339017 0.339017 0.339017
1735.674683 0.000000 1323.086670 0.000000 0.737719 0.000000 0.675108 0.340578 0.340578 0.340578
1770.581665 0.000000 1317.945435 0.000000 0.757792 0.000000 0.652496 0.340993 0.340993 0.340993
1780.885132 0.000000 1350.891724 0.000000 0.920528 0.000000 0.390677 0.344301 0.344301 0.344301
1785.729980 0.000000 1339.930176 0.000000 0.903236 0.000000 0.429145 0.341474 0.341474 0.341474
1735.693237 0.000000 1330.973145 0.000000 0.701603 0.000000 0.712569 0.340678 0.340678 0.340678
1766.270874 0.000000 1300.547607 0.000000 0.754718 0.000000 0.656049 0.341528 0.341528 0.341528
1754.840820 0.000000 1325.844971 0.000000 0.598367 0.000000 0.801222 0.338591 0.338591 0.338591
1779.720459 0.000000 1337.012451 0.000000 0.640960 0.000000 0.767574 0.332567 0.332567 0.332567
1733.003174 0.000000 1335.268677 0.000000 0.874919 0.000000 0.484270 0.343551 0.343551 0.343551
1758.599976 0.000000 1348.844238 0.000000 0.920675 0.000000 0.390331 0.344236 0.344236 0.344236
1782.117310 0.000000 1306.161987 0.000000 0.678189 0.000000 0.734888 0.339866 0.339866 0.339866
1753.550537 0.000000 1310.742065 0.000000 0.876188 0.000000 0.481969 0.343716 0.343716 0.343716
1779.521606 0.000000 1327.149536 0.000000 0.652646 0.000000 0.757663 0.336027 0.336027 0.336027
1774.917847 0.000000 1320.455322 0.000000 0.826868 0.000000 0.562396 0.342276 0.342276 0.342276
1790.127319 0.000000 1316.580566 0.000000 0.923681 0.000000 0.383161 0.344434 0.344434 0.344434
1750.690430 0.000000 1327.157593 0.000000 0.835127 0.000000 0.550058 0.342442 0.342442 0.342442
1737.424194 0.000000 1327.014404 0.000000 0.780155 0.000000 0.625586 0.341378 0.341378 0.341378
1731.605225 0.000000 1322.417236 0.000000 0.736096 0.000000 0.676877 0.340807 0.340807 0.340807
1781.757935 0.000000 1318.505371 0.000000 0.942632 0.000000 0.333834 0.345405 0.345405 0.345405
1781.811401 0.000000 1340.439697 0.000000 0.727958 0.000000 0.685621 0.336864 0.336864 0.336864
1774.444580 0.000000 1350.502808 0.000000 0.804317 0.000000 0.594200 0.341188 0.341188 0.341188
1780.391968 0.000000 1347.527344 0.000000 0.670617 0.000000 0.741804 0.338498 0.338498 0.338498
1770.699829 0.000000 1339.519409 0.000000 0.664659 0.000000 0.747147 0.337577 0.337577 0.337577
1766.737793 0.000000 1337.618530 0.000000 0.759123 0.000000 0.650947 0.339657 0.339657 0.339657
1790.830811 0.000000 1346.375732 0.000000 0.914398 0.000000 0.404816 0.343536 0.343536 0.343536
1784.270874 0.000000 1319.650391 0.000000 0.763280 0.000000 0.646068 0.340210 0.340210 0.340210
1757.260010 0.000000 1333.409912 0.000000 0.938752 0.000000 0.344593 0.345174 0.345174 0.345174
1779.409058 0.000000 1324.626831 0.000000 0.774409 0.000000 0.632685 0.339765 0.339765 0.339765
1783.370483 0.000000 1332.796021 0.000000 0.645596 0.000000 0.763679 0.330637 0.330637 0.330637
1762.441895 0.000000 1333.104004 0.000000 0.948400 0.000000 0.317077 0.344883 0.344883 0.344883
1761.651611 0.000000 1335.338135 0.000000 0.878880 0.000000 0.477042 0.342418 0.342418 0.342418
1775.221924 0.000000 1332.439209 0.000000 0.776969 0.000000 0.629539 0.337296 0.337296 0.337296
1765.593018 0.000000 1341.351318 0.000000 0.730547 0.000000 0.682863 0.338112 0.338112 0.338112
1790.808594 0.000000 1327.168091 0.000000 0.670122 0.000000 0.742251 0.333592 0.333592 0.333592
1791.035522 0.000000 1340.748779 0.000000 0.935715 0.000000 0.352758 0.342093 0.342093 0.342093
1790.998657 0.000000 1323.122192 0.000000 0.791333 0.000000 0.611386 0.339280 0.339280 0.339280
1844.885132 0.000000 1181.438599 0.000000 0.912840 0.000000 0.408316 0.344983 0.344983 0.344983
1846.872192 0.000000 1176.021851 0.000000 0.784836 0.000000 0.619703 0.341386 0.341386 0.341386
1828.176392 0.000000 1173.707153 0.000000 0.842922 0.000000 0.538035 0.342752 0.342752 0.342752
1895.866577 0.000000 1171.391113 0.000000 0.910911 0.000000 0.412603 0.344797 0.344797 0.344797
1870.124634 0.000000 1158.696289 0.000000 0.675041 0.000000 0.737780 0.339378 0.339378 0.339378
1861.003174 0.000000 1165.815552 0.000000 0.658471 0.000000 0.752606 0.338200 0.338200 0.338200
1898.064331 0.000000 1181.011353 0.000000 0.787196 0.000000 0.616703 0.341464 0.341464 0.341464
1865.807983 0.000000 1165.393066 0.000000 0.871088 0.000000 0.491127 0.343428 0.343428 0.343428
1857.116211 0.000000 1166.186768 0.000000 0.747590 0.000000 0.664161 0.338925 0.338925 0.338925
1833.206665 0.000000 1194.715576 0.000000 0.866481 0.000000 0.499210 0.343903 0.343903 0.343903
1844.600708 0.000000 1209.385742 0.000000 0.763952 0.000000 0.645273 0.341052 0.341052 0.341052
1853.734009 0.000000 1220.382080 0.000000 0.704086 0.000000 0.710114 0.339926 0.339926 0.339926
1822.802368 0.000000 1186.233032 0.000000 0.875859 0.000000 0.482567 0.343928 0.343928 0.343928
1813.428101 0.000000 1218.519531 0.000000 0.727314 0.000000 0.686305 0.340416 0.340416 0.340416
1814.797119 0.000000 1187.146484 0.000000 0.896860 0.000000 0.442314 0.342894 0.342894 0.342894
1794.164551 0.000000 1205.543457 0.000000 0.898138 0.000000 0.439714 0.344371 0.344371 0.344371
1811.298462 0.000000 1204.119019 0.000000 0.789117 0.000000 0.614243 0.341591 0.341591 0.341591
1808.020752 0.000000 1230.400146 0.000000 0.880687 0.000000 0.473698 0.343748 0.343748 0.343748
1801.095337 0.000000 1198.159302 0.000000 0.797365 0.000000 0.603498 0.341650 0.341650 0.341650
1831.675415 0.000000 1240.945801 0.000000 0.831961 0.000000 0.554834 0.340955 0.340955 0.340955
1837.059937 0.000000 1228.563721 0.000000 0.936084 0.000000 0.351777 0.345414 0.345414 0.345414
1797.003174 0.000000 1222.299927 0.000000 0.704722 0.000000 0.709484 0.337353 0.337353 0.337353
1815.427856 0.000000 1235.167236 0.000000 0.819587 0.000000 0.572954 0.342350 0.342350 0.342350
1814.690430 0.000000 1214.188843 0.000000 0.923405 0.000000 0.383827 0.344974 0.344974 0.344974
1808.913574 0.000000 1218.741943 0.000000 0.588444 0.000000 0.808538 0.337082 0.337082 0.337082
1810.408936 0.000000 1214.581421 0.000000 0.772896 0.000000 0.634533 0.340720 0.340720 0.340720
1854.018555 0.000000 1212.067017 0.000000 0.856285 0.000000 0.516503 0.343076 0.343076 0.343076
1814.302124 0.000000 1191.225952 0.000000 0.885968 0.000000 0.463746 0.340477 0.340477 0.340477
1795.605225 0.000000 1209.448486 0.000000 0.604691 0.000000 0.796460 0.337923 0.337923 0.337923
1795.856934 0.000000 1236.243774 0.000000 0.759605 0.000000 0.650384 0.340131 0.340131 0.340131
1822.227295 0.000000 1190.729248 0.000000 0.791782 0.000000 0.610804 0.341302 0.341302 0.341302
1804.652466 0.000000 1211.598755 0.000000 0.858030 0.000000 0.513599 0.342412 0.342412 0.342412
1826.996948 0.000000 1242.135254 0.000000 0.789311 0.000000 0.613994 0.337551 0.337551 0.337551
1846.755981 0.000000 1212.267334 0.000000 0.910671 0.000000 0.413133 0.344567 0.344567 0.344567
1821.565796 0.000000 1229.470581 0.000000 0.884215 0.000000 0.467080 0.343736 0.343736 0.343736
1823.085693 0.000000 1193.800781 0.000000 0.700008 0.000000 0.714135 0.339575 0.339575 0.339575
1845.610352 0.000000 1221.664673 0.000000 0.930559 0.000000 0.366142 0.343727 0.343727 0.343727
1816.982788 0.000000 1190.045776 0.000000 0.921443 0.000000 0.388515 0.342190 0.342190 0.342190
1825.210693 0.000000 1235.614746 0.000000 0.606256 0.000000 0.795269 0.332245 0.332245 0.332245
1792.956543 0.000000 1227.291748 0.000000 0.751312 0.000000 0.659947 0.338475 0.338475 0.338475
1820.903564 0.000000 1192.793213 0.000000 0.875921 0.000000 0.482454 0.342301 0.342301 0.342301
1801.114258 0.000000 1216.285645 0.000000 0.911175 0.000000 0.412020 0.343395 0.343395 0.343395
1897.206665 0.000000 1194.715576 0.000000 0.941398 0.000000 0.337297 0.345881 0.345881 0.345881
1870.189453 0.000000 1222.615601 0.000000 0.914765 0.000000 0.403986 0.344967 0.344967 0.344967
1897.423462 0.000000 1218.594116 0.000000 0.812811 0.000000 0.582528 0.342149 0.342149 0.342149
1875.921631 0.000000 1210.497314 0.000000 0.682304 0.000000 0.731069 0.338466 0.338466 0.338466
1901.901245 0.000000 1187.126343 0.000000 0.620898 0.000000 0.783892 0.338743 0.338743 0.338743
1877.428101 0.000000 1218.519531 0.000000 0.771160 0.000000 0.636641 0.340834 0.340834 0.340834
1863.693237 0.000000 1218.004395 0.000000 0.924953 0.000000 0.380081 0.345282 0.345282 0.345282
1894.270874 0.000000 1187.578857 0.000000 0.886374 0.000000 0.462971 0.344301 0.344301 0.344301
1858.164551 0.000000 1205.543457 0.000000 0.774246 0.000000 0.632885 0.342036 0.342036 0.342036
1902.271362 0.000000 1223.460327 0.000000 0.695697 0.000000 0.718335 0.339916 0.339916 0.339916
1894.465210 0.000000 1211.269653 0.000000 0.745940 0.000000 0.666013 0.341275 0.341275 0.341275
1903.844604 0.000000 1193.282349 0.000000 0.873151 0.000000 0.487450 0.343527 0.343527 0.343527
1874.408936 0.000000 1214.581421 0.000000 0.668176 0.000000 0.744003 0.338123 0.338123 0.338123
1856.073120 0.000000 1224.733398 0.000000 0.790932 0.000000 0.611904 0.341513 0.341513 0.341513
1892.675659 0.000000 1219.013916 0.000000 0.903812 0.000000 0.427931 0.344146 0.344146 0.344146
1885.234741 0.000000 1209.880615 0.000000 0.674207 0.000000 0.738543 0.338529 0.338529 0.338529
1878.343750 0.000000 1203.564087 0.000000 0.660580 0.000000 0.750756 0.337274 0.337274 0.337274
1882.616211 0.000000 1210.254272 0.000000 0.797286 0.000000 0.603602 0.340459 0.340459 0.340459
1958.720825 0.000000 1176.422119 0.000000 0.783210 0.000000 0.621757 0.341850 0.341850 0.341850
1975.010986 0.000000 1184.640381 0.000000 0.789252 0.000000 0.614070 0.341565 0.341565 0.341565
1948.263916 0.000000 1138.983521 0.000000 0.616619 0.000000 0.787262 0.334042 0.334042 0.334042
1932.396729 0.000000 1142.195312 0.000000 0.628900 0.000000 0.777486 0.337276 0.337276 0.337276
1950.946777 0.000000 1142.926514 0.000000 0.720422 0.000000 0.693536 0.337779 0.337779 0.337779
1961.897095 0.000000 1186.200195 0.000000 0.846511 0.000000 0.532372 0.341366 0.341366 0.341366
1967.681152 0.000000 1189.073730 0.000000 0.866156 0.000000 0.499773 0.342340 0.342340 0.342340
1844.449829 0.000000 1275.416748 0.000000 0.692990 0.000000 0.720947 0.340291 0.340291 0.340291
1795.716309 0.000000 1283.762451 0.000000 0.660182 0.000000 0.751106 0.336412 0.336412 0.336412
1830.270874 0.000000 1244.063232 0.000000 0.756423 0.000000 0.654083 0.338849 0.338849 0.338849
1818.616821 0.000000 1248.865723 0.000000 0.608028 0.000000 0.793916 0.338058 0.338058 0.338058
1822.773926 0.000000 1259.127930 0.000000 0.686909 0.000000 0.726743 0.339728 0.339728 0.339728
1801.437988 0.000000 1243.473877 0.000000 0.743086 0.000000 0.669196 0.340647 0.340647 0.340647
1843.720459 0.000000 1280.528076 0.000000 0.943620 0.000000 0.331030 0.345696 0.345696 0.345696
1855.097656 0.000000 1282.045410 0.000000 0.823918 0.000000 0.566709 0.342524 0.342524 0.342524
1822.599976 0.000000 1292.359863 0.000000 0.909225 0.000000 0.416306 0.344166 0.344166 0.344166
1810.852783 0.000000 1279.263672 0.000000 0.913007 0.000000 0.407944 0.343721 0.343721 0.343721
1815.538208 0.000000 1278.943115 0.000000 0.915979 0.000000 0.401226 0.343362 0.343362 0.343362
1825.638062 0.000000 1289.424927 0.000000 0.725384 0.000000 0.688344 0.340447 0.340447 0.340447
1805.646240 0.000000 1283.402466 0.000000 0.858511 0.000000 0.512795 0.340590 0.340590 0.340590
1830.192993 0.000000 1248.363159 0.000000 0.767133 0.000000 0.641489 0.341328 0.341328 0.341328
1814.302124 0.000000 1247.710327 0.000000 0.749122 0.000000 0.662432 0.340573 0.340573 0.340573
1795.605225 0.000000 1265.932861 0.000000 0.871735 0.000000 0.489977 0.343020 0.343020 0.343020
1792.173096 0.000000 1244.480835 0.000000 0.794269 0.000000 0.607566 0.341670 0.341670 0.341670
1845.811401 0.000000 1283.955322 0.000000 0.606667 0.000000 0.794956 0.338277 0.338277 0.338277
1828.675659 0.000000 1275.498291 0.000000 0.746676 0.000000 0.665188 0.339603 0.339603 0.339603
1792.226196 0.000000 1293.973267 0.000000 0.648288 0.000000 0.761395 0.338543 0.338543 0.338543
1822.841187 0.000000 1274.288452 0.000000 0.821028 0.000000 0.570888 0.341214 0.341214 0.341214
1816.982788 0.000000 1246.530151 0.000000 0.819571 0.000000 0.572977 0.341603 0.341603 0.341603
1804.244629 0.000000 1293.272827 0.000000 0.929388 0.000000 0.369103 0.344104 0.344104 0.344104
1813.175049 0.000000 1277.874268 0.000000 0.926810 0.000000 0.375530 0.344382 0.344382 0.344382
1806.452148 0.000000 1298.250977 0.000000 0.612441 0.000000 0.790516 0.336896 0.336896 0.336896
1799.626831 0.000000 1289.006470 0.000000 0.598652 0.000000 0.801009 0.335795 0.335795 0.335795
1794.854492 0.000000 1290.203247 0.000000 0.594197 0.000000 0.804320 0.336363 0.336363 0.336363
1828.142212 0.000000 1242.751465 0.000000 0.844163 0.000000 0.536087 0.340112 0.340112 0.340112
1799.851929 0.000000 1279.833740 0.000000 0.598349 0.000000 0.801236 0.335708 0.335708 0.335708
1806.486328 0.000000 1281.338013 0.000000 0.930590 0.000000 0.366063 0.343958 0.343958 0.343958
1817.637573 0.000000 1279.353638 0.000000 0.763382 0.000000 0.645948 0.339108 0.339108 0.339108
1856.354126 0.000000 1290.624146 0.000000 0.857524 0.000000 0.514444 0.343106 0.343106 0.343106
1866.048218 0.000000 1288.156616 0.000000 0.910317 0.000000 0.413912 0.343978 0.343978 0.343978
1874.852783 0.000000 1279.263672 0.000000 0.626154 0.000000 0.779699 0.338436 0.338436 0.338436
1872.913574 0.000000 1275.226318 0.000000 0.948822 0.000000 0.315810 0.345761 0.345761 0.345761
1867.936890 0.000000 1275.425659 0.000000 0.890740 0.000000 0.454513 0.343218 0.343218 0.343218
1856.073120 0.000000 1281.217773 0.000000 0.799478 0.000000 0.600696 0.341780 0.341780 0.341780
1866.276367 0.000000 1263.263672 0.000000 0.596618 0.000000 0.802525 0.336651 0.336651 0.336651
1868.652466 0.000000 1268.083130 0.000000 0.801682 0.000000 0.597750 0.341882 0.341882 0.341882
1865.807983 0.000000 1278.361816 0.000000 0.937748 0.000000 0.347317 0.345242 0.345242 0.345242
1866.748779 0.000000 1284.849121 0.000000 0.671303 0.000000 0.741183 0.336979 0.336979 0.336979
1873.116211 0.000000 1289.903809 0.000000 0.709199 0.000000 0.705008 0.338070 0.338070 0.338070
1860.637939 0.000000 1261.229004 0.000000 0.680263 0.000000 0.732968 0.336845 0.336845 0.336845
1864.383423 0.000000 1264.520020 0.000000 0.885107 0.000000 0.465388 0.342450 0.342450 0.342450
1824.264404 0.000000 1321.009155 0.000000 0.751914 0.000000 0.659261 0.339716 0.339716 0.339716
1792.290283 0.000000 1333.505737 0.000000 0.812490 0.000000 0.582974 0.336159 0.336159 0.336159
1801.453857 0.000000 1305.459961 0.000000 0.699984 0.000000 0.714158 0.340548 0.340548 0.340548
1798.599243 0.000000 1352.241577 0.000000 0.768847 0.000000 0.639433 0.340968 0.340968 0.340968
1792.315308 0.000000 1325.566162 0.000000 0.936465 0.000000 0.350760 0.343784 0.343784 0.343784
1806.124634 0.000000 1328.149414 0.000000 0.927105 0.000000 0.374802 0.344226 0.344226 0.344226
1806.146729 0.000000 1320.994141 0.000000 0.829280 0.000000 0.558833 0.341477 0.341477 0.341477
1799.651001 0.000000 1316.628052 0.000000 0.704481 0.000000 0.709723 0.338657 0.338657 0.338657
1801.095337 0.000000 1311.128052 0.000000 0.877524 0.000000 0.479532 0.343620 0.343620 0.343620
1796.956909 0.000000 1345.307739 0.000000 0.748448 0.000000 0.663193 0.338152 0.338152 0.338152
1796.861816 0.000000 1327.095215 0.000000 0.886660 0.000000 0.462423 0.341179 0.341179 0.341179
1815.538208 0.000000 1335.427490 0.000000 0.749099 0.000000 0.662458 0.339592 0.339592 0.339592
1813.636475 0.000000 1353.642822 0.000000 0.676331 0.000000 0.736598 0.339509 0.339509 0.339509
1805.333862 0.000000 1303.469971 0.000000 0.924241 0.000000 0.381809 0.345139 0.345139 0.345139
1808.913574 0.000000 1331.710693 0.000000 0.657184 0.000000 0.753731 0.337281 0.337281 0.337281
1801.597778 0.000000 1349.016113 0.000000 0.608451 0.000000 0.793592 0.337705 0.337705 0.337705
1803.936890 0.000000 1331.910034 0.000000 0.675231 0.000000 0.737607 0.334525 0.334525 0.334525
1823.822266 0.000000 1325.201782 0.000000 0.869845 0.000000 0.493325 0.342832 0.342832 0.342832
1814.596802 0.000000 1319.671753 0.000000 0.944247 0.000000 0.329238 0.345178 0.345178 0.345178
1792.073120 0.000000 1337.702148 0.000000 0.900757 0.000000 0.434322 0.339989 0.339989 0.339989
1810.973877 0.000000 1300.543579 0.000000 0.792477 0.000000 0.609901 0.341632 0.341632 0.341632
1838.165649 0.000000 1316.682861 0.000000 0.756436 0.000000 0.654068 0.340998 0.340998 0.340998
1820.682983 0.000000 1312.574585 0.000000 0.906172 0.000000 0.422908 0.344181 0.344181 0.344181
1798.798706 0.000000 1313.407593 0.000000 0.849484 0.000000 0.527615 0.342715 0.342715 0.342715
1792.205078 0.000000 1321.559326 0.000000 0.690810 0.000000 0.723036 0.338489 0.338489 0.338489
1818.132568 0.000000 1333.592407 0.000000 0.895324 0.000000 0.445415 0.343405 0.343405 0.343405
1807.660034 0.000000 1350.305908 0.000000 0.803715 0.000000 0.595014 0.340756 0.340756 0.340756
1805.152710 0.000000 1344.371704 0.000000 0.874975 0.000000 0.484169 0.343066 0.343066 0.343066
1813.175049 0.000000 1334.358643 0.000000 0.881728 0.000000 0.471759 0.343110 0.343110 0.343110
1806.452148 0.000000 1354.735352 0.000000 0.672396 0.000000 0.740192 0.337038 0.337038 0.337038
1959.675415 0.000000 1297.430176 0.000000 0.715833 0.000000 0.698271 0.339869 0.339869 0.339869
1975.010986 0.000000 1297.609131 0.000000 0.823749 0.000000 0.566954 0.340730 0.340730 0.340730
1958.885986 0.000000 1286.817993 0.000000 0.681922 0.000000 0.731425 0.337777 0.337777 0.337777
1972.503296 0.000000 1297.073853 0.000000 0.824605 0.000000 0.565709 0.340122 0.340122 0.340122
1957.443237 0.000000 1318.942627 0.000000 0.827641 0.000000 0.561258 0.341408 0.341408 0.341408
1974.117310 0.000000 1306.161987 0.000000 0.873778 0.000000 0.486324 0.342589 0.342589 0.342589
1977.786499 0.000000 1303.665405 0.000000 0.680066 0.000000 0.733151 0.338135 0.338135 0.338135
1966.165649 0.000000 1316.682861 0.000000 0.940280 0.000000 0.340403 0.344431 0.344431 0.344431
1960.221680 0.000000 1319.583862 0.000000 0.843546 0.000000 0.537057 0.341157 0.341157 0.341157
1964.193481 0.000000 1320.085205 0.000000 0.903262 0.000000 0.429089 0.343509 0.343509 0.343509
1970.542358 0.000000 1304.939209 0.000000 0.789174 0.000000 0.614170 0.337547 0.337547 0.337547
1187.530884 0.000000 1632.151001 0.000000 0.840044 0.000000 0.542518 0.340330 0.340330 0.340330
1182.599976 0.000000 1631.266113 0.000000 0.730893 0.000000 0.682492 0.339531 0.339531 0.339531
1214.112061 0.000000 1625.481201 0.000000 0.722516 0.000000 0.691355 0.340262 0.340262 0.340262
1169.114990 0.000000 1636.122314 0.000000 0.914534 0.000000 0.404509 0.344342 0.344342 0.344342
1181.565796 0.000000 1624.861206 0.000000 0.673080 0.000000 0.739570 0.338944 0.338944 0.338944
1173.436035 0.000000 1632.860474 0.000000 0.676302 0.000000 0.736625 0.338387 0.338387 0.338387
1177.163940 0.000000 1637.421875 0.000000 0.611794 0.000000 0.791017 0.335330 0.335330 0.335330
1172.862061 0.000000 1630.229492 0.000000 0.724777 0.000000 0.688984 0.339141 0.339141 0.339141
1185.615479 0.000000 1635.658203 0.000000 0.733664 0.000000 0.679513 0.338184 0.338184 0.338184
1192.273193 0.000000 1631.778076 0.000000 0.850365 0.000000 0.526193 0.341309 0.341309 0.341309
1236.950073 0.000000 1590.731689 0.000000 0.615313 0.000000 0.788283 0.339805 0.339805 0.339805
1230.189453 0.000000 1618.006226 0.000000 0.679744 0.000000 0.733450 0.335827 0.335827 0.335827
1232.020752 0.000000 1625.790771 0.000000 0.748124 0.000000 0.663559 0.338049 0.338049 0.338049
1246.773926 0.000000 1598.034180 0.000000 0.820849 0.000000 0.571145 0.342351 0.342351 0.342351
1242.661499 0.000000 1603.000122 0.000000 0.713890 0.000000 0.700258 0.340036 0.340036 0.340036
1221.003174 0.000000 1617.690552 0.000000 0.937498 0.000000 0.347992 0.345668 0.345668 0.345668
1257.396362 0.000000 1595.321411 0.000000 0.752690 0.000000 0.658375 0.341209 0.341209 0.341209
1238.596802 0.000000 1602.093628 0.000000 0.934911 0.000000 0.354881 0.345102 0.345102 0.345102
1248.344604 0.000000 1619.880127 0.000000 0.800531 0.000000 0.599291 0.340988 0.340988 0.340988
1225.807983 0.000000 1617.268066 0.000000 0.856468 0.000000 0.516200 0.342677 0.342677 0.342677
1242.132568 0.000000 1616.014282 0.000000 0.919366 0.000000 0.393404 0.344489 0.344489 0.344489
1231.660034 0.000000 1632.727783 0.000000 0.801526 0.000000 0.597960 0.341543 0.341543 0.341543
1222.113892 0.000000 1620.520996 0.000000 0.642406 0.000000 0.766365 0.337182 0.337182 0.337182
1237.175049 0.000000 1616.780518 0.000000 0.766598 0.000000 0.642128 0.339460 0.339460 0.339460
1239.654907 0.000000 1615.218018 0.000000 0.589858 0.000000 0.807507 0.336490 0.336490 0.336490
1242.516602 0.000000 1620.341431 0.000000 0.596151 0.000000 0.802872 0.335951 0.335951 0.335951
1227.346924 0.000000 1629.526489 0.000000 0.749675 0.000000 0.661806 0.338372 0.338372 0.338372
1250.441895 0.000000 1615.525879 0.000000 0.944579 0.000000 0.328285 0.345134 0.345134 0.345134
1232.687988 0.000000 1616.747681 0.000000 0.876651 0.000000 0.481126 0.342171 0.342171 0.342171
1228.076904 0.000000 1616.872925 0.000000 0.884637 0.000000 0.466280 0.342159 0.342159 0.342159
1235.258667 0.000000 1620.456055 0.000000 0.877365 0.000000 0.479824 0.341101 0.341101 0.341101
1227.567871 0.000000 1621.715820 0.000000 0.780750 0.000000 0.624843 0.337645 0.337645 0.337645
1178.616821 0.000000 1644.256348 0.000000 0.795295 0.000000 0.606223 0.341492 0.341492 0.341492
1170.973877 0.000000 1639.449829 0.000000 0.862874 0.000000 0.505419 0.342824 0.342824 0.342824
1190.658447 0.000000 1646.267822 0.000000 0.784854 0.000000 0.619681 0.340569 0.340569 0.340569
1193.191162 0.000000 1640.177368 0.000000 0.792984 0.000000 0.609243 0.339696 0.339696 0.339696
1231.347534 0.000000 1638.330933 0.000000 0.760773 0.000000 0.649018 0.341576 0.341576 0.341576
1242.616821 0.000000 1644.256348 0.000000 0.865179 0.000000 0.501464 0.343459 0.343459 0.343459
1238.003418 0.000000 1651.749268 0.000000 0.840017 0.000000 0.542559 0.342784 0.342784 0.342784
1216.110718 0.000000 1648.411377 0.000000 0.696569 0.000000 0.717489 0.339932 0.339932 0.339932
1325.233887 0.000000 1720.428589 0.000000 0.701757 0.000000 0.712416 0.340542 0.340542 0.340542
1301.636475 0.000000 1749.033447 0.000000 0.894532 0.000000 0.447004 0.344149 0.344149 0.344149
1763.530884 0.000000 1406.213501 0.000000 0.897017 0.000000 0.441997 0.344559 0.344559 0.344559
1791.683594 0.000000 1368.665405 0.000000 0.710896 0.000000 0.703297 0.339742 0.339742 0.339742
1767.866577 0.000000 1397.328613 0.000000 0.901753 0.000000 0.432252 0.342286 0.342286 0.342286
1766.270874 0.000000 1357.031982 0.000000 0.929504 0.000000 0.368812 0.345247 0.345247 0.345247
1789.524414 0.000000 1361.138428 0.000000 0.681281 0.000000 0.732022 0.338661 0.338661 0.338661
1785.426636 0.000000 1373.023926 0.000000 0.901769 0.000000 0.432217 0.344376 0.344376 0.344376
1754.840820 0.000000 1382.329346 0.000000 0.934987 0.000000 0.354683 0.345248 0.345248 0.345248
1789.042114 0.000000 1411.283081 0.000000 0.903642 0.000000 0.428289 0.344354 0.344354 0.344354
1791.290771 0.000000 1356.030029 0.000000 0.878000 0.000000 0.478661 0.343632 0.343632 0.343632
1777.044556 0.000000 1404.308960 0.000000 0.868781 0.000000 0.495196 0.342938 0.342938 0.342938
1770.064331 0.000000 1406.948853 0.000000 0.687548 0.000000 0.726139 0.338425 0.338425 0.338425
1789.935669 0.000000 1385.655029 0.000000 0.879774 0.000000 0.475393 0.343875 0.343875 0.343875
1783.430908 0.000000 1369.502075 0.000000 0.933755 0.000000 0.357913 0.345250 0.345250 0.345250
1786.308594 0.000000 1400.224609 0.000000 0.606141 0.000000 0.795357 0.337867 0.337867 0.337867
1762.139526 0.000000 1357.351318 0.000000 0.912818 0.000000 0.408366 0.344615 0.344615 0.344615
1757.587891 0.000000 1375.292725 0.000000 0.649282 0.000000 0.760547 0.338447 0.338447 0.338447
1766.737793 0.000000 1394.102905 0.000000 0.731732 0.000000 0.681592 0.337222 0.337222 0.337222
1748.386963 0.000000 1382.422119 0.000000 0.947129 0.000000 0.320852 0.344592 0.344592 0.344592
1748.471069 0.000000 1377.450562 0.000000 0.805977 0.000000 0.591947 0.339926 0.339926 0.339926
1769.206665 0.000000 1420.653076 0.000000 0.911580 0.000000 0.411123 0.344428 0.344428 0.344428
1758.802368 0.000000 1412.170532 0.000000 0.902793 0.000000 0.430076 0.344212 0.344212 0.344212
1779.915527 0.000000 1424.150635 0.000000 0.589217 0.000000 0.807975 0.338081 0.338081 0.338081
1767.866577 0.000000 1453.812988 0.000000 0.833464 0.000000 0.552574 0.342992 0.342992 0.342992
1785.426636 0.000000 1429.508301 0.000000 0.789887 0.000000 0.613252 0.341722 0.341722 0.341722
1774.271362 0.000000 1449.397827 0.000000 0.921279 0.000000 0.388902 0.344346 0.344346 0.344346
1775.844604 0.000000 1419.219849 0.000000 0.949441 0.000000 0.313946 0.345940 0.345940 0.345940
1773.059937 0.000000 1454.501221 0.000000 0.771938 0.000000 0.635697 0.341121 0.341121 0.341121
1782.117310 0.000000 1419.130737 0.000000 0.702489 0.000000 0.711694 0.340174 0.340174 0.340174
1764.590088 0.000000 1422.116089 0.000000 0.875429 0.000000 0.483347 0.341933 0.341933 0.341933
1769.606079 0.000000 1449.590820 0.000000 0.589162 0.000000 0.808015 0.337710 0.337710 0.337710
1758.227295 0.000000 1416.666748 0.000000 0.628681 0.000000 0.777663 0.335754 0.335754 0.335754
1775.152222 0.000000 1457.580078 0.000000 0.678854 0.000000 0.734273 0.339552 0.339552 0.339552
1756.682983 0.000000 1425.543335 0.000000 0.907037 0.000000 0.421051 0.343753 0.343753 0.343753
1782.755981 0.000000 1438.204834 0.000000 0.749783 0.000000 0.661684 0.340776 0.340776 0.340776
1759.085693 0.000000 1419.738281 0.000000 0.863910 0.000000 0.503645 0.341652 0.341652 0.341652
1764.294800 0.000000 1415.766113 0.000000 0.882785 0.000000 0.469778 0.342800 0.342800 0.342800
1763.895264 0.000000 1424.623047 0.000000 0.754707 0.000000 0.656062 0.339996 0.339996 0.339996
1761.762817 0.000000 1423.477905 0.000000 0.636766 0.000000 0.771057 0.336267 0.336267 0.336267
1853.734009 0.000000 1389.835205 0.000000 0.683399 0.000000 0.730045 0.340418 0.340418 0.340418
1807.347534 0.000000 1355.909058 0.000000 0.764084 0.000000 0.645117 0.339094 0.339094 0.339094
1805.467529 0.000000 1371.180298 0.000000 0.948676 0.000000 0.316251 0.345895 0.345895 0.345895
1795.716309 0.000000 1396.731201 0.000000 0.610345 0.000000 0.792136 0.338616 0.338616 0.338616
1792.315308 0.000000 1382.050537 0.000000 0.899144 0.000000 0.437653 0.344280 0.344280 0.344280
1853.042114 0.000000 1411.283081 0.000000 0.819553 0.000000 0.573003 0.342243 0.342243 0.342243
1799.651001 0.000000 1373.112427 0.000000 0.738183 0.000000 0.674600 0.340554 0.340554 0.340554
1793.469238 0.000000 1410.173096 0.000000 0.706702 0.000000 0.707512 0.340042 0.340042 0.340042
1796.956909 0.000000 1401.792114 0.000000 0.607366 0.000000 0.794422 0.338448 0.338448 0.338448
1796.861816 0.000000 1383.579590 0.000000 0.706262 0.000000 0.707950 0.340481 0.340481 0.340481
1805.883423 0.000000 1404.121216 0.000000 0.817135 0.000000 0.576446 0.342350 0.342350 0.342350
1797.568970 0.000000 1359.642822 0.000000 0.942197 0.000000 0.335059 0.344522 0.344522 0.344522
1795.605225 0.000000 1378.901611 0.000000 0.732967 0.000000 0.680264 0.340456 0.340456 0.340456
1793.602173 0.000000 1385.998291 0.000000 0.841381 0.000000 0.540443 0.342716 0.342716 0.342716
1792.173096 0.000000 1357.449585 0.000000 0.813603 0.000000 0.581420 0.341786 0.341786 0.341786
1792.522339 0.000000 1371.327026 0.000000 0.880533 0.000000 0.473986 0.343808 0.343808 0.343808
1821.075928 0.000000 1408.025146 0.000000 0.688423 0.000000 0.725309 0.339222 0.339222 0.339222
1804.406494 0.000000 1356.573364 0.000000 0.755647 0.000000 0.654979 0.339454 0.339454 0.339454
1906.281372 0.000000 1398.694214 0.000000 0.609932 0.000000 0.792454 0.337930 0.337930 0.337930
1908.600708 0.000000 1378.838867 0.000000 0.901904 0.000000 0.431937 0.344341 0.344341 0.344341
1870.189453 0.000000 1392.068726 0.000000 0.941528 0.000000 0.336936 0.344775 0.344775 0.344775
1901.255371 0.000000 1410.500488 0.000000 0.840392 0.000000 0.541978 0.342693 0.342693 0.342693
1881.268799 0.000000 1372.034180 0.000000 0.922819 0.000000 0.385235 0.345456 0.345456 0.345456
1859.716309 0.000000 1396.731201 0.000000 0.845423 0.000000 0.534098 0.343501 0.343501 0.343501
1901.233887 0.000000 1381.522339 0.000000 0.737508 0.000000 0.675339 0.339181 0.339181 0.339181
1870.124634 0.000000 1384.633789 0.000000 0.947470 0.000000 0.319845 0.345747 0.345747 0.345747
1902.271362 0.000000 1392.913452 0.000000 0.826435 0.000000 0.563032 0.341769 0.341769 0.341769
1875.298462 0.000000 1373.572144 0.000000 0.851262 0.000000 0.524741 0.342856 0.342856 0.342856
1910.872192 0.000000 1401.959351 0.000000 0.688999 0.000000 0.724762 0.339764 0.339764 0.339764
1877.636475 0.000000 1410.127197 0.000000 0.788725 0.000000 0.614746 0.341641 0.341641 0.341641
1866.276367 0.000000 1376.232422 0.000000 0.596119 0.000000 0.802896 0.337905 0.337905 0.337905
1909.811401 0.000000 1396.924072 0.000000 0.846379 0.000000 0.532582 0.342761 0.342761 0.342761
1904.887695 0.000000 1380.500488 0.000000 0.637050 0.000000 0.770823 0.336003 0.336003 0.336003
1902.165649 0.000000 1373.167236 0.000000 0.714499 0.000000 0.699637 0.340081 0.340081 0.340081
1873.983643 0.000000 1376.993286 0.000000 0.606301 0.000000 0.795235 0.336222 0.336222 0.336222
1873.116211 0.000000 1402.872559 0.000000 0.919703 0.000000 0.392614 0.344447 0.344447 0.344447
1882.132568 0.000000 1390.076782 0.000000 0.676819 0.000000 0.736149 0.337710 0.337710 0.337710
1869.152710 0.000000 1400.856079 0.000000 0.871153 0.000000 0.491012 0.340537 0.340537 0.340537
1881.163940 0.000000 1411.484375 0.000000 0.888041 0.000000 0.459765 0.343133 0.343133 0.343133
1907.409058 0.000000 1381.111206 0.000000 0.811298 0.000000 0.584633 0.341216 0.341216 0.341216
1879.654907 0.000000 1389.280518 0.000000 0.870895 0.000000 0.491469 0.342593 0.342593 0.342593
1877.388916 0.000000 1398.850830 0.000000 0.887533 0.000000 0.460744 0.342720 0.342720 0.342720
1871.784668 0.000000 1397.447632 0.000000 0.828833 0.000000 0.559497 0.337729 0.337729 0.337729
1879.550293 0.000000 1397.413940 0.000000 0.930298 0.000000 0.366804 0.344224 0.344224 0.344224
1833.206665 0.000000 1420.653076 0.000000 0.697138 0.000000 0.716937 0.338510 0.338510 0.338510
1822.802368 0.000000 1412.170532 0.000000 0.949400 0.000000 0.314068 0.346301 0.346301 0.346301
1834.581665 0.000000 1430.914185 0.000000 0.820696 0.000000 0.571365 0.340355 0.340355 0.340355
1843.915527 0.000000 1424.150635 0.000000 0.772237 0.000000 0.635335 0.341067 0.341067 0.341067
1855.290771 0.000000 1412.514404 0.000000 0.712762 0.000000 0.701406 0.340185 0.340185 0.340185
1801.437988 0.000000 1412.927002 0.000000 0.715507 0.000000 0.698606 0.340674 0.340674 0.340674
1819.974365 0.000000 1443.838867 0.000000 0.599384 0.000000 0.800461 0.336944 0.336944 0.336944
1843.521606 0.000000 1440.118286 0.000000 0.674694 0.000000 0.738097 0.337232 0.337232 0.337232
1797.568970 0.000000 1416.127197 0.000000 0.733427 0.000000 0.679768 0.340660 0.340660 0.340660
1850.875244 0.000000 1412.263916 0.000000 0.734192 0.000000 0.678942 0.340479 0.340479 0.340479
1792.110718 0.000000 1422.473877 0.000000 0.653871 0.000000 0.756606 0.339240 0.339240 0.339240
1841.158813 0.000000 1446.737793 0.000000 0.624942 0.000000 0.780671 0.333994 0.333994 0.333994
1815.828003 0.000000 1436.286133 0.000000 0.868271 0.000000 0.496090 0.341473 0.341473 0.341473
1809.216431 0.000000 1451.990601 0.000000 0.915157 0.000000 0.403098 0.344036 0.344036 0.344036
1827.373291 0.000000 1439.052734 0.000000 0.857744 0.000000 0.514077 0.340706 0.340706 0.340706
1821.587891 0.000000 1431.777100 0.000000 0.940766 0.000000 0.339056 0.343819 0.343819 0.343819
1851.669312 0.000000 1431.814209 0.000000 0.785315 0.000000 0.619097 0.341250 0.341250 0.341250
1846.496216 0.000000 1441.418213 0.000000 0.743419 0.000000 0.668826 0.340430 0.340430 0.340430
1834.478760 0.000000 1437.846436 0.000000 0.872325 0.000000 0.488927 0.338617 0.338617 0.338617
1812.386963 0.000000 1438.906494 0.000000 0.716146 0.000000 0.697951 0.337512 0.337512 0.337512
1830.985352 0.000000 1443.973755 0.000000 0.947509 0.000000 0.319729 0.344938 0.344938 0.344938
1839.221924 0.000000 1445.407959 0.000000 0.619557 0.000000 0.784952 0.329888 0.329888 0.329888
1832.581299 0.000000 1442.373779 0.000000 0.692740 0.000000 0.721187 0.332932 0.332932 0.332932
1859.834473 0.000000 1412.111938 0.000000 0.891453 0.000000 0.453113 0.343919 0.343919 0.343919
1859.589233 0.000000 1424.491577 0.000000 0.921603 0.000000 0.388134 0.345072 0.345072 0.345072
1887.430420 0.000000 1422.881348 0.000000 0.722850 0.000000 0.691005 0.340268 0.340268 0.340268
1858.164551 0.000000 1431.480957 0.000000 0.598769 0.000000 0.800921 0.337623 0.337623 0.337623
1865.095337 0.000000 1424.096802 0.000000 0.898816 0.000000 0.438327 0.344132 0.344132 0.344132
1861.568970 0.000000 1416.127197 0.000000 0.910935 0.000000 0.412551 0.343887 0.343887 0.343887
1861.348755 0.000000 1420.551147 0.000000 0.653793 0.000000 0.756673 0.338152 0.338152 0.338152
1856.522339 0.000000 1427.811401 0.000000 0.600561 0.000000 0.799579 0.338179 0.338179 0.338179
1860.061279 0.000000 1428.318970 0.000000 0.949532 0.000000 0.313669 0.345651 0.345651 0.345651
2025.206665 0.000000 1420.653076 0.000000 0.767747 0.000000 0.640753 0.342130 0.342130 0.342130
2012.282104 0.000000 1449.005371 0.000000 0.786986 0.000000 0.616971 0.342302 0.342302 0.342302
2003.921631 0.000000 1436.434814 0.000000 0.861543 0.000000 0.507685 0.343858 0.343858 0.343858
2026.581665 0.000000 1430.914185 0.000000 0.889345 0.000000 0.457237 0.344211 0.344211 0.344211
2022.465210 0.000000 1437.207153 0.000000 0.762730 0.000000 0.646717 0.340014 0.340014 0.340014
2010.548950 0.000000 1453.422485 0.000000 0.905583 0.000000 0.424169 0.344412 0.344412 0.344412
2006.690430 0.000000 1440.126343 0.000000 0.742129 0.000000 0.670257 0.340083 0.340083 0.340083
1994.276367 0.000000 1432.716797 0.000000 0.904720 0.000000 0.426007 0.343636 0.343636 0.343636
2025.764648 0.000000 1440.433594 0.000000 0.702470 0.000000 0.711713 0.340001 0.340001 0.340001
1992.383423 0.000000 1433.973145 0.000000 0.783969 0.000000 0.620801 0.339290 0.339290 0.339290
1905.044556 0.000000 2195.090088 0.000000 0.837754 0.000000 0.546047 0.342505 0.342505 0.342505
1985.476685 0.000000 2322.318115 0.000000 0.932114 0.000000 0.362165 0.345596 0.345596 0.345596
1992.000732 0.000000 2319.920654 0.000000 0.932015 0.000000 0.362419 0.341737 0.341737 0.341737
1708.186279 0.000000 2645.989502 0.000000 0.628346 0.000000 0.777934 0.338940 0.338940 0.338940
1718.872192 0.000000 2644.615723 0.000000 0.606541 0.000000 0.795052 0.338676 0.338676 0.338676
1703.675415 0.000000 2653.055176 0.000000 0.741189 0.000000 0.671297 0.339261 0.339261 0.339261
1689.163940 0.000000 2654.140625 0.000000 0.651154 0.000000 0.758946 0.336033 0.336033 0.336033
1728.354126 0.000000 2646.249023 0.000000 0.926324 0.000000 0.376728 0.343385 0.343385 0.343385
1763.530884 0.000000 2648.869873 0.000000 0.947445 0.000000 0.319918 0.345547 0.345547 0.345547
1759.273193 0.000000 2653.157715 0.000000 0.864958 0.000000 0.501844 0.341593 0.341593 0.341593
1767.675415 0.000000 2653.055176 0.000000 0.923084 0.000000 0.384597 0.344239 0.344239 0.344239
1761.638062 0.000000 2645.049805 0.000000 0.926921 0.000000 0.375256 0.344656 0.344656 0.344656
1745.114990 0.000000 2652.841064 0.000000 0.916873 0.000000 0.399180 0.344098 0.344098 0.344098
1728.073120 0.000000 2636.842773 0.000000 0.709375 0.000000 0.704831 0.339475 0.339475 0.339475
1735.290527 0.000000 2641.126465 0.000000 0.846392 0.000000 0.532561 0.340651 0.340651 0.340651
1728.226196 0.000000 2649.598145 0.000000 0.904949 0.000000 0.425520 0.342492 0.342492 0.342492
1738.748779 0.000000 2640.474121 0.000000 0.947251 0.000000 0.320493 0.345325 0.345325 0.345325
1764.100952 0.000000 2646.142578 0.000000 0.719847 0.000000 0.694133 0.339274 0.339274 0.339274
1740.244629 0.000000 2648.897949 0.000000 0.671939 0.000000 0.740606 0.337575 0.337575 0.337575
1735.626831 0.000000 2644.631592 0.000000 0.649689 0.000000 0.760200 0.332795 0.332795 0.332795
1739.346924 0.000000 2646.245361 0.000000 0.930739 0.000000 0.365683 0.343409 0.343409 0.343409
1744.405029 0.000000 2635.836426 0.000000 0.908607 0.000000 0.417652 0.343449 0.343449 0.343449
1735.561523 0.000000 2649.255127 0.000000 0.649944 0.000000 0.759982 0.334310 0.334310 0.334310
1714.281372 0.000000 2697.834717 0.000000 0.600745 0.000000 0.799441 0.335187 0.335187 0.335187
1684.950073 0.000000 2663.934814 0.000000 0.903542 0.000000 0.428499 0.342087 0.342087 0.342087
1683.921631 0.000000 2679.091064 0.000000 0.793249 0.000000 0.608897 0.340990 0.340990 0.340990
1724.270508 0.000000 2703.099365 0.000000 0.726386 0.000000 0.687287 0.338976 0.338976 0.338976
1679.347534 0.000000 2655.049805 0.000000 0.713614 0.000000 0.700539 0.340709 0.340709 0.340709
1677.467529 0.000000 2670.320801 0.000000 0.611645 0.000000 0.791132 0.332775 0.332775 0.332775
1689.268799 0.000000 2671.174805 0.000000 0.737240 0.000000 0.675631 0.340666 0.340666 0.340666
1716.885132 0.000000 2706.516846 0.000000 0.706783 0.000000 0.707430 0.339288 0.339288 0.339288
1685.034912 0.000000 2695.482666 0.000000 0.642110 0.000000 0.766613 0.337711 0.337711 0.337711
1686.797119 0.000000 2655.740234 0.000000 0.941206 0.000000 0.337832 0.345001 0.345001 0.345001
1710.271362 0.000000 2692.054199 0.000000 0.865438 0.000000 0.501017 0.342893 0.342893 0.342893
1689.550537 0.000000 2666.366943 0.000000 0.659570 0.000000 0.751643 0.336920 0.336920 0.336920
1687.427856 0.000000 2703.760986 0.000000 0.837323 0.000000 0.546708 0.342166 0.342166 0.342166
1710.917847 0.000000 2676.080322 0.000000 0.844780 0.000000 0.535114 0.343142 0.343142 0.343142
1714.569214 0.000000 2710.739502 0.000000 0.913088 0.000000 0.407763 0.343449 0.343449 0.343449
1694.227295 0.000000 2659.322998 0.000000 0.720504 0.000000 0.693451 0.334634 0.334634 0.334634
1696.344604 0.000000 2693.083252 0.000000 0.713781 0.000000 0.700369 0.335118 0.335118 0.335118
1681.216431 0.000000 2694.646973 0.000000 0.869428 0.000000 0.494060 0.342301 0.342301 0.342301
1700.176392 0.000000 2698.785156 0.000000 0.600443 0.000000 0.799668 0.337044 0.337044 0.337044
1681.983643 0.000000 2676.133789 0.000000 0.681917 0.000000 0.731430 0.335591 0.335591 0.335591
1699.651001 0.000000 2677.708008 0.000000 0.893949 0.000000 0.448168 0.343767 0.343767 0.343767
1720.579102 0.000000 2703.927979 0.000000 0.653253 0.000000 0.757140 0.336903 0.336903 0.336903
1695.085693 0.000000 2662.394531 0.000000 0.932743 0.000000 0.360542 0.342781 0.342781 0.342781
1716.391968 0.000000 2703.152344 0.000000 0.788932 0.000000 0.614480 0.339881 0.339881 0.339881
1681.653076 0.000000 2663.235107 0.000000 0.866138 0.000000 0.499805 0.341174 0.341174 0.341174
1680.764038 0.000000 2670.717529 0.000000 0.829984 0.000000 0.557787 0.338341 0.338341 0.338341
1719.879395 0.000000 2697.960449 0.000000 0.920078 0.000000 0.391734 0.344267 0.344267 0.344267
1717.008667 0.000000 2698.987549 0.000000 0.940633 0.000000 0.339426 0.344599 0.344599 0.344599
1688.982788 0.000000 2658.639404 0.000000 0.661116 0.000000 0.750284 0.332651 0.332651 0.332651
1679.212769 0.000000 2667.218994 0.000000 0.629337 0.000000 0.777133 0.333239 0.333239 0.333239
1708.193481 0.000000 2675.710205 0.000000 0.666941 0.000000 0.745110 0.336226 0.336226 0.336226
1683.150757 0.000000 2688.527100 0.000000 0.773841 0.000000 0.633380 0.339781 0.339781 0.339781
1680.687988 0.000000 2689.950684 0.000000 0.657331 0.000000 0.753602 0.337694 0.337694 0.337694
1680.405029 0.000000 2692.320801 0.000000 0.785658 0.000000 0.618661 0.340179 0.340179 0.340179
1689.026123 0.000000 2655.013428 0.000000 0.866081 0.000000 0.499904 0.341515 0.341515 0.341515
1697.651611 0.000000 2690.963135 0.000000 0.780755 0.000000 0.624837 0.339060 0.339060 0.339060
1675.910645 0.000000 2682.448486 0.000000 0.723840 0.000000 0.689968 0.335595 0.335595 0.335595
1699.097656 0.000000 2696.865723 0.000000 0.877917 0.000000 0.478812 0.342387 0.342387 0.342387
1718.447144 0.000000 2703.975098 0.000000 0.815906 0.000000 0.578184 0.339873 0.339873 0.339873
1769.206665 0.000000 2663.309326 0.000000 0.777465 0.000000 0.628926 0.338916 0.338916 0.338916
1769.423462 0.000000 2687.187744 0.000000 0.908061 0.000000 0.418839 0.343033 0.343033 0.343033
1773.233887 0.000000 2680.662842 0.000000 0.693750 0.000000 0.720215 0.337493 0.337493 0.337493
1750.797119 0.000000 2655.740234 0.000000 0.709897 0.000000 0.704305 0.338085 0.338085 0.338085
1785.426636 0.000000 2672.164551 0.000000 0.660531 0.000000 0.750799 0.338015 0.338015 0.338015
1764.050049 0.000000 2691.055176 0.000000 0.745768 0.000000 0.666205 0.341240 0.341240 0.341240
1785.915649 0.000000 2665.480469 0.000000 0.899912 0.000000 0.436071 0.343593 0.343593 0.343593
1777.916626 0.000000 2672.555664 0.000000 0.950812 0.000000 0.309769 0.345033 0.345033 0.345033
1737.437988 0.000000 2655.583252 0.000000 0.764511 0.000000 0.644610 0.338737 0.338737 0.338737
1755.974365 0.000000 2686.495117 0.000000 0.941150 0.000000 0.337989 0.345285 0.345285 0.345285
1765.443237 0.000000 2674.567627 0.000000 0.949047 0.000000 0.315134 0.344313 0.344313 0.344313
1759.822266 0.000000 2680.826660 0.000000 0.806011 0.000000 0.591900 0.339512 0.339512 0.339512
1760.344604 0.000000 2693.083252 0.000000 0.760000 0.000000 0.649923 0.340542 0.340542 0.340542
1772.877319 0.000000 2688.552490 0.000000 0.661887 0.000000 0.749604 0.336708 0.336708 0.336708
1770.699829 0.000000 2695.144531 0.000000 0.708269 0.000000 0.705942 0.339454 0.339454 0.339454
1740.406494 0.000000 2655.713867 0.000000 0.922727 0.000000 0.385455 0.344347 0.344347 0.344347
1757.260010 0.000000 2689.034912 0.000000 0.747910 0.000000 0.663800 0.339630 0.339630 0.339630
1766.985352 0.000000 2686.630127 0.000000 0.769413 0.000000 0.638752 0.339617 0.339617 0.339617
1785.532715 0.000000 2669.740234 0.000000 0.791202 0.000000 0.611555 0.340024 0.340024 0.340024
1751.825562 0.000000 2708.686035 0.000000 0.713292 0.000000 0.700867 0.336598 0.336598 0.336598
1817.924683 0.000000 2651.521729 0.000000 0.631447 0.000000 0.775419 0.338020 0.338020 0.338020
1820.282104 0.000000 2691.661621 0.000000 0.644996 0.000000 0.764186 0.337840 0.337840 0.337840
1807.347534 0.000000 2655.049805 0.000000 0.897215 0.000000 0.441594 0.344725 0.344725 0.344725
1814.797119 0.000000 2655.740234 0.000000 0.948470 0.000000 0.316868 0.345788 0.345788 0.345788
1818.840820 0.000000 2681.469971 0.000000 0.757744 0.000000 0.652552 0.340309 0.340309 0.340309
1824.909058 0.000000 2697.009033 0.000000 0.660070 0.000000 0.751204 0.339492 0.339492 0.339492
1818.616821 0.000000 2660.975098 0.000000 0.662324 0.000000 0.749218 0.337383 0.337383 0.337383
1806.146729 0.000000 2676.619141 0.000000 0.895353 0.000000 0.445357 0.343789 0.343789 0.343789
1805.646240 0.000000 2695.511963 0.000000 0.779384 0.000000 0.626547 0.340770 0.340770 0.340770
1809.114990 0.000000 2709.325439 0.000000 0.868024 0.000000 0.496522 0.342827 0.342827 0.342827
1818.844482 0.000000 2656.483154 0.000000 0.826255 0.000000 0.563296 0.341556 0.341556 0.341556
1818.132568 0.000000 2689.217529 0.000000 0.633392 0.000000 0.773831 0.337629 0.337629 0.337629
1810.867188 0.000000 2697.729492 0.000000 0.859790 0.000000 0.510648 0.342882 0.342882 0.342882
1818.616211 0.000000 2678.848145 0.000000 0.900524 0.000000 0.434806 0.343711 0.343711 0.343711
1815.342529 0.000000 2670.276367 0.000000 0.871105 0.000000 0.491097 0.342060 0.342060 0.342060
1716.885132 0.000000 2763.001221 0.000000 0.895575 0.000000 0.444911 0.343171 0.343171 0.343171
1721.915649 0.000000 2721.964844 0.000000 0.607177 0.000000 0.794567 0.338004 0.338004 0.338004
1681.626343 0.000000 2716.459473 0.000000 0.621777 0.000000 0.783195 0.338207 0.338207 0.338207
1725.449707 0.000000 2720.736084 0.000000 0.639231 0.000000 0.769015 0.338846 0.338846 0.338846
1697.456543 0.000000 2725.174805 0.000000 0.817373 0.000000 0.576108 0.341872 0.341872 0.341872
1688.358154 0.000000 2719.760986 0.000000 0.806247 0.000000 0.591579 0.337582 0.337582 0.337582
1697.762817 0.000000 2722.618652 0.000000 0.810377 0.000000 0.585908 0.339935 0.339935 0.339935
1691.827881 0.000000 2715.289062 0.000000 0.705293 0.000000 0.708916 0.335576 0.335576 0.335576
1693.291748 0.000000 2722.541016 0.000000 0.944089 0.000000 0.329691 0.343615 0.343615 0.343615
1728.354126 0.000000 2759.217773 0.000000 0.911914 0.000000 0.410382 0.345196 0.345196 0.345196
1767.866577 0.000000 2752.953613 0.000000 0.777036 0.000000 0.629456 0.342236 0.342236 0.342236
1731.716309 0.000000 2752.356201 0.000000 0.746424 0.000000 0.665471 0.341061 0.341061 0.341061
1750.797119 0.000000 2712.224609 0.000000 0.831164 0.000000 0.556027 0.341293 0.341293 0.341293
1741.883423 0.000000 2759.746094 0.000000 0.700980 0.000000 0.713181 0.335846 0.335846 0.335846
1769.927490 0.000000 2755.983154 0.000000 0.601454 0.000000 0.798908 0.338193 0.338193 0.338193
1739.269287 0.000000 2720.580078 0.000000 0.913163 0.000000 0.407594 0.344406 0.344406 0.344406
1740.396729 0.000000 2723.757812 0.000000 0.946213 0.000000 0.323546 0.345192 0.345192 0.345192
1743.844482 0.000000 2714.377197 0.000000 0.914262 0.000000 0.405123 0.344004 0.344004 0.344004
1727.836060 0.000000 2772.218506 0.000000 0.771030 0.000000 0.636798 0.337514 0.337514 0.337514
1791.290771 0.000000 2768.139404 0.000000 0.695749 0.000000 0.718285 0.340197 0.340197 0.340197
1728.173096 0.000000 2769.559082 0.000000 0.588128 0.000000 0.808768 0.336624 0.336624 0.336624
1774.165649 0.000000 2785.276611 0.000000 0.906228 0.000000 0.422790 0.340274 0.340274 0.340274
1771.534790 0.000000 2783.724121 0.000000 0.923857 0.000000 0.382737 0.341249 0.341249 0.341249
1730.759888 0.000000 2776.848877 0.000000 0.934790 0.000000 0.355201 0.344067 0.344067 0.344067
1775.774780 0.000000 2786.922852 0.000000 0.757116 0.000000 0.653281 0.335475 0.335475 0.335475
1774.967163 0.000000 2783.111328 0.000000 0.852539 0.000000 0.522664 0.337746 0.337746 0.337746
1792.315308 0.000000 2737.675537 0.000000 0.659555 0.000000 0.751656 0.339558 0.339558 0.339558
1853.042114 0.000000 2766.908203 0.000000 0.679723 0.000000 0.733469 0.338236 0.338236 0.338236
1801.437988 0.000000 2712.067627 0.000000 0.947832 0.000000 0.318771 0.346116 0.346116 0.346116
1797.568970 0.000000 2715.267822 0.000000 0.923934 0.000000 0.382551 0.344666 0.344666 0.344666
1795.605225 0.000000 2734.526611 0.000000 0.783114 0.000000 0.621878 0.341174 0.341174 0.341174
1795.856934 0.000000 2761.322021 0.000000 0.720639 0.000000 0.693310 0.339926 0.339926 0.339926
1818.772095 0.000000 2761.160400 0.000000 0.604623 0.000000 0.796512 0.337076 0.337076 0.337076
1801.939697 0.000000 2726.538330 0.000000 0.628105 0.000000 0.778129 0.337534 0.337534 0.337534
1804.396729 0.000000 2723.757812 0.000000 0.677407 0.000000 0.735609 0.338444 0.338444 0.338444
1798.202026 0.000000 2722.762695 0.000000 0.800518 0.000000 0.599308 0.340566 0.340566 0.340566
1799.290405 0.000000 2745.922363 0.000000 0.943800 0.000000 0.330518 0.345335 0.345335 0.345335
1852.341309 0.000000 2764.417725 0.000000 0.696180 0.000000 0.717867 0.338735 0.338735 0.338735
1794.786255 0.000000 2746.150635 0.000000 0.678568 0.000000 0.734537 0.336123 0.336123 0.336123
1796.014893 0.000000 2717.337158 0.000000 0.647663 0.000000 0.761927 0.337056 0.337056 0.337056
1853.734009 0.000000 2801.944580 0.000000 0.790867 0.000000 0.611989 0.342174 0.342174 0.342174
1831.866577 0.000000 2809.437988 0.000000 0.742855 0.000000 0.669452 0.336381 0.336381 0.336381
1828.050049 0.000000 2804.023926 0.000000 0.670091 0.000000 0.742279 0.331764 0.331764 0.331764
1855.290771 0.000000 2768.139404 0.000000 0.864741 0.000000 0.502217 0.343334 0.343334 0.343334
1842.317383 0.000000 2770.925537 0.000000 0.939913 0.000000 0.341415 0.345631 0.345631 0.345631
1850.875244 0.000000 2767.888916 0.000000 0.683497 0.000000 0.729953 0.338060 0.338060 0.338060
1822.227295 0.000000 2772.291748 0.000000 0.818816 0.000000 0.574056 0.341451 0.341451 0.341451
1828.675659 0.000000 2800.576416 0.000000 0.589193 0.000000 0.807992 0.337341 0.337341 0.337341
1827.097656 0.000000 2809.834473 0.000000 0.908852 0.000000 0.417118 0.340526 0.340526 0.340526
1883.221802 0.000000 2813.762939 0.000000 0.903447 0.000000 0.428700 0.342548 0.342548 0.342548
1910.872192 0.000000 2814.068848 0.000000 0.808984 0.000000 0.587830 0.339623 0.339623 0.339623
1887.273193 0.000000 2822.610840 0.000000 0.657474 0.000000 0.753478 0.336989 0.336989 0.336989
1873.626343 0.000000 2772.943848 0.000000 0.702941 0.000000 0.711248 0.339733 0.339733 0.339733
1882.548950 0.000000 2809.047363 0.000000 0.842014 0.000000 0.539456 0.340789 0.340789 0.340789
1867.936890 0.000000 2800.503662 0.000000 0.925009 0.000000 0.379945 0.344432 0.344432 0.344432
1873.114990 0.000000 2822.294189 0.000000 0.927358 0.000000 0.374175 0.344270 0.344270 0.344270
1886.227295 0.000000 2772.291748 0.000000 0.724143 0.000000 0.689650 0.339959 0.339959 0.339959
1890.996948 0.000000 2823.697754 0.000000 0.782929 0.000000 0.622112 0.338999 0.338999 0.338999
1874.973877 0.000000 2769.137207 0.000000 0.679847 0.000000 0.733354 0.337519 0.337519 0.337519
1897.927490 0.000000 2812.467529 0.000000 0.819118 0.000000 0.573625 0.341752 0.341752 0.341752
1911.010986 0.000000 2822.687256 0.000000 0.924030 0.000000 0.382320 0.344618 0.344618 0.344618
1910.755981 0.000000 2793.829834 0.000000 0.651592 0.000000 0.758570 0.338676 0.338676 0.338676
1910.496216 0.000000 2797.043213 0.000000 0.941689 0.000000 0.336486 0.345367 0.345367 0.345367
1885.075928 0.000000 2820.134521 0.000000 0.901705 0.000000 0.432352 0.342401 0.342401 0.342401
1886.662720 0.000000 2813.924805 0.000000 0.748561 0.000000 0.663065 0.335463 0.335463 0.335463
1892.314209 0.000000 2821.130371 0.000000 0.835489 0.000000 0.549508 0.340799 0.340799 0.340799
1892.100952 0.000000 2815.595703 0.000000 0.925492 0.000000 0.378767 0.342210 0.342210 0.342210
1898.622314 0.000000 2821.759521 0.000000 0.603210 0.000000 0.797582 0.336406 0.336406 0.336406
1916.341309 0.000000 2820.902100 0.000000 0.643551 0.000000 0.765404 0.337813 0.337813 0.337813
1907.409058 0.000000 2793.220703 0.000000 0.917811 0.000000 0.397018 0.344292 0.344292 0.344292
1882.516602 0.000000 2806.513184 0.000000 0.936613 0.000000 0.350365 0.344855 0.344855 0.344855
1877.388916 0.000000 2810.960205 0.000000 0.876649 0.000000 0.481131 0.341623 0.341623 0.341623
1879.931152 0.000000 2819.451660 0.000000 0.886377 0.000000 0.462965 0.342072 0.342072 0.342072
1872.687988 0.000000 2802.919434 0.000000 0.770588 0.000000 0.637334 0.338618 0.338618 0.338618
1882.281006 0.000000 2811.580811 0.000000 0.661484 0.000000 0.749959 0.336366 0.336366 0.336366
1875.281494 0.000000 2823.388916 0.000000 0.892684 0.000000 0.450684 0.342136 0.342136 0.342136
1889.615479 0.000000 2821.830078 0.000000 0.687417 0.000000 0.726263 0.337215 0.337215 0.337215
1870.486328 0.000000 2806.416260 0.000000 0.881286 0.000000 0.472584 0.340409 0.340409 0.340409
1918.298462 0.000000 2817.205078 0.000000 0.855283 0.000000 0.518161 0.341742 0.341742 0.341742
2005.636475 0.000000 2765.752197 0.000000 0.619003 0.000000 0.785389 0.338358 0.338358 0.338358
2020.219849 0.000000 2751.407471 0.000000 0.605253 0.000000 0.796033 0.336162 0.336162 0.336162
2020.176392 0.000000 2755.269531 0.000000 0.775096 0.000000 0.631844 0.339631 0.339631 0.339631
2021.593018 0.000000 2753.460693 0.000000 0.947748 0.000000 0.319020 0.344992 0.344992 0.344992
1920.354126 0.000000 2815.702148 0.000000 0.627670 0.000000 0.778479 0.335421 0.335421 0.335421
1974.803467 0.000000 2769.800537 0.000000 0.647923 0.000000 0.761706 0.338575 0.338575 0.338575
1965.233887 0.000000 2793.631592 0.000000 0.891455 0.000000 0.453110 0.343857 0.343857 0.343857
1981.524414 0.000000 2773.247803 0.000000 0.939178 0.000000 0.343430 0.342893 0.342893 0.342893
1934.146729 0.000000 2789.587891 0.000000 0.854380 0.000000 0.519649 0.342886 0.342886 0.342886
1966.917847 0.000000 2789.049072 0.000000 0.817924 0.000000 0.575326 0.341751 0.341751 0.341751
1929.597778 0.000000 2817.609863 0.000000 0.851627 0.000000 0.524148 0.342624 0.342624 0.342624
1923.856934 0.000000 2817.806396 0.000000 0.937635 0.000000 0.347621 0.345269 0.345269 0.345269
1943.828003 0.000000 2791.911133 0.000000 0.909274 0.000000 0.416198 0.343942 0.343942 0.343942
1981.449707 0.000000 2777.220459 0.000000 0.715461 0.000000 0.698653 0.338071 0.338071 0.338071
1968.446289 0.000000 2778.565186 0.000000 0.856179 0.000000 0.516679 0.342053 0.342053 0.342053
1944.763672 0.000000 2798.465576 0.000000 0.814259 0.000000 0.580501 0.340962 0.340962 0.340962
1942.343750 0.000000 2785.126709 0.000000 0.900146 0.000000 0.435589 0.343502 0.343502 0.343502
1963.550903 0.000000 2774.534180 0.000000 0.864330 0.000000 0.502924 0.342955 0.342955 0.342955
1962.478760 0.000000 2793.471436 0.000000 0.759645 0.000000 0.650338 0.339173 0.339173 0.339173
1947.921387 0.000000 2783.690186 0.000000 0.948264 0.000000 0.317483 0.345328 0.345328 0.345328
1958.658447 0.000000 2775.955322 0.000000 0.802414 0.000000 0.596767 0.340836 0.340836 0.340836
1943.654907 0.000000 2801.389893 0.000000 0.837127 0.000000 0.547009 0.341048 0.341048 0.341048
1953.762817 0.000000 2779.103027 0.000000 0.622655 0.000000 0.782496 0.336180 0.336180 0.336180
1975.474731 0.000000 2772.804932 0.000000 0.738046 0.000000 0.674750 0.335730 0.335730 0.335730
1966.967163 0.000000 2783.111328 0.000000 0.703616 0.000000 0.710581 0.337949 0.337949 0.337949
2010.840820 0.000000 2794.438721 0.000000 0.662949 0.000000 0.748664 0.339318 0.339318 0.339318
2014.227295 0.000000 2772.291748 0.000000 0.726876 0.000000 0.686768 0.340541 0.340541 0.340541
1990.297607 0.000000 2769.082520 0.000000 0.888445 0.000000 0.458982 0.342917 0.342917 0.342917
2010.616211 0.000000 2791.816895 0.000000 0.840092 0.000000 0.542444 0.342009 0.342009 0.342009
1992.000732 0.000000 2771.795654 0.000000 0.722984 0.000000 0.690865 0.337405 0.337405 0.337405
1871.347534 0.000000 2824.502930 0.000000 0.672616 0.000000 0.739992 0.340537 0.340537 0.340537
1907.006592 0.000000 2832.663818 0.000000 0.835273 0.000000 0.549835 0.341352 0.341352 0.341352
1901.456909 0.000000 2828.432373 0.000000 0.865465 0.000000 0.500969 0.340211 0.340211 0.340211
1880.358154 0.000000 2832.729736 0.000000 0.731185 0.000000 0.682179 0.337208 0.337208 0.337208
1895.443970 0.000000 2835.508057 0.000000 0.871472 0.000000 0.490445 0.342430 0.342430 0.342430
1887.881958 0.000000 2826.868164 0.000000 0.919955 0.000000 0.392023 0.343418 0.343418 0.343418
1881.026123 0.000000 2824.466553 0.000000 0.657805 0.000000 0.753188 0.334312 0.334312 0.334312
2233.426514 0.000000 2333.258301 0.000000 0.884520 0.000000 0.466503 0.340925 0.340925 0.340925
2230.928223 0.000000 2332.744385 0.000000 0.933386 0.000000 0.358874 0.344098 0.344098 0.344098
2098.569092 0.000000 2428.317627 0.000000 0.805640 0.000000 0.592406 0.342327 0.342327 0.342327
2100.503418 0.000000 2426.761230 0.000000 0.725512 0.000000 0.688209 0.337565 0.337565 0.337565
2102.803467 0.000000 2430.894287 0.000000 0.881739 0.000000 0.471737 0.342853 0.342853 0.342853
2110.112061 0.000000 2472.746826 0.000000 0.944855 0.000000 0.327490 0.345379 0.345379 0.345379
2106.308594 0.000000 2473.427734 0.000000 0.658936 0.000000 0.752199 0.334675 0.334675 0.334675
2133.436035 0.000000 2480.125977 0.000000 0.884895 0.000000 0.465791 0.343247 0.343247 0.343247
2131.100342 0.000000 2481.574951 0.000000 0.664598 0.000000 0.747201 0.337465 0.337465 0.337465
2128.405029 0.000000 2466.383301 0.000000 0.744112 0.000000 0.668055 0.338781 0.338781 0.338781
2109.524414 0.000000 2490.825928 0.000000 0.860645 0.000000 0.509206 0.341200 0.341200 0.341200
2105.915771 0.000000 2496.027344 0.000000 0.896189 0.000000 0.443673 0.343714 0.343714 0.343714
2103.430908 0.000000 2499.189453 0.000000 0.895056 0.000000 0.445955 0.343214 0.343214 0.343214
2107.875732 0.000000 2499.518799 0.000000 0.635537 0.000000 0.772071 0.338015 0.338015 0.338015
2102.755859 0.000000 2511.407959 0.000000 0.901287 0.000000 0.433222 0.343109 0.343109 0.343109
2105.532715 0.000000 2500.287109 0.000000 0.811404 0.000000 0.584485 0.339227 0.339227 0.339227
2092.877197 0.000000 2632.068115 0.000000 0.788767 0.000000 0.614692 0.340832 0.340832 0.340832
2108.270508 0.000000 2703.099365 0.000000 0.786114 0.000000 0.618081 0.341005 0.341005 0.341005
2105.614258 0.000000 2707.146729 0.000000 0.759109 0.000000 0.650963 0.340368 0.340368 0.340368
2121.597900 0.000000 2704.641113 0.000000 0.670568 0.000000 0.741848 0.335174 0.335174 0.335174
2115.856934 0.000000 2704.837646 0.000000 0.682921 0.000000 0.730493 0.339658 0.339658 0.339658
2119.626709 0.000000 2701.115967 0.000000 0.893546 0.000000 0.448971 0.342331 0.342331 0.342331
2064.913574 0.000000 2743.820068 0.000000 0.878003 0.000000 0.478655 0.343218 0.343218 0.343218
2102.496338 0.000000 2740.558838 0.000000 0.671136 0.000000 0.741334 0.338325 0.338325 0.338325
2098.278564 0.000000 2741.958984 0.000000 0.818592 0.000000 0.574375 0.341446 0.341446 0.341446
4460.186523 0.000000 1290.364502 0.000000 0.681575 0.000000 0.731748 0.340460 0.340460 0.340460
4826.132812 0.000000 994.686218 0.000000 0.904667 0.000000 0.426119 0.340192 0.340192 0.340192
4825.637695 0.000000 996.931763 0.000000 0.799306 0.000000 0.600924 0.336819 0.336819 0.336819
4863.291016 0.000000 1017.123840 0.000000 0.671884 0.000000 0.740656 0.339360 0.339360 0.339360
4886.797363 0.000000 1017.693359 0.000000 0.890785 0.000000 0.454426 0.344271 0.344271 0.344271
6076.270508 0.000000 1347.474487 0.000000 0.864071 0.000000 0.503370 0.341773 0.341773 0.341773
6078.612305 0.000000 1350.780884 0.000000 0.684793 0.000000 0.728738 0.337693 0.337693 0.337693
6076.718750 0.000000 1340.372070 0.000000 0.817467 0.000000 0.575976 0.339139 0.339139 0.339139
6074.107422 0.000000 1354.341064 0.000000 0.649610 0.000000 0.760267 0.337509 0.337509 0.337509
6075.743652 0.000000 1349.868164 0.000000 0.723294 0.000000 0.690540 0.338777 0.338777 0.338777
6112.264648 0.000000 1321.009155 0.000000 0.625263 0.000000 0.780414 0.339165 0.339165 0.339165
6132.449707 0.000000 1331.901123 0.000000 0.625959 0.000000 0.779856 0.336049 0.336049 0.336049
6129.916504 0.000000 1316.930664 0.000000 0.685805 0.000000 0.727785 0.340349 0.340349 0.340349
6131.720703 0.000000 1337.012451 0.000000 0.893809 0.000000 0.448447 0.343174 0.343174 0.343174
6138.165039 0.000000 1321.691284 0.000000 0.683726 0.000000 0.729739 0.340173 0.340173 0.340173
6131.521484 0.000000 1327.149536 0.000000 0.808715 0.000000 0.588201 0.342417 0.342417 0.342417
6142.127441 0.000000 1316.580566 0.000000 0.850419 0.000000 0.526105 0.340415 0.340415 0.340415
6121.396484 0.000000 1312.899536 0.000000 0.804503 0.000000 0.593949 0.341915 0.341915 0.341915
6136.851562 0.000000 1330.753052 0.000000 0.930741 0.000000 0.365679 0.343965 0.343965 0.343965
6141.935547 0.000000 1329.170654 0.000000 0.795632 0.000000 0.605780 0.341357 0.341357 0.341357
6083.856934 0.000000 1349.212524 0.000000 0.719288 0.000000 0.694712 0.336679 0.336679 0.336679
6139.875488 0.000000 1313.346802 0.000000 0.684665 0.000000 0.728858 0.337227 0.337227 0.337227
6129.158691 0.000000 1333.769043 0.000000 0.942961 0.000000 0.332903 0.345122 0.345122 0.345122
6089.889160 0.000000 1354.405640 0.000000 0.739299 0.000000 0.673377 0.338832 0.338832 0.338832
6119.553711 0.000000 1316.342896 0.000000 0.614809 0.000000 0.788676 0.337217 0.337217 0.337217
6134.496094 0.000000 1328.449463 0.000000 0.828979 0.000000 0.559280 0.341650 0.341650 0.341650
6133.610352 0.000000 1334.633423 0.000000 0.896421 0.000000 0.443204 0.342638 0.342638 0.342638
6082.854492 0.000000 1346.687622 0.000000 0.687501 0.000000 0.726184 0.335867 0.335867 0.335867
6129.258789 0.000000 1336.597656 0.000000 0.648511 0.000000 0.761205 0.335939 0.335939 0.335939
6139.596680 0.000000 1315.666992 0.000000 0.608643 0.000000 0.793444 0.331462 0.331462 0.331462
6140.605469 0.000000 1331.067261 0.000000 0.662887 0.000000 0.748719 0.335324 0.335324 0.335324
6119.451172 0.000000 1314.136108 0.000000 0.807999 0.000000 0.589183 0.339650 0.339650 0.339650
6031.347656 0.000000 1355.909058 0.000000 0.940674 0.000000 0.339311 0.345992 0.345992 0.345992
6068.449707 0.000000 1388.385498 0.000000 0.928875 0.000000 0.370393 0.344612 0.344612 0.344612
6079.419434 0.000000 1377.497070 0.000000 0.860933 0.000000 0.508719 0.343052 0.343052 0.343052
6074.133789 0.000000 1383.089478 0.000000 0.769807 0.000000 0.638277 0.338779 0.338779 0.338779
6062.271484 0.000000 1392.913452 0.000000 0.940875 0.000000 0.338754 0.345380 0.345380 0.345380
6050.074219 0.000000 1361.144775 0.000000 0.680893 0.000000 0.732383 0.340306 0.340306 0.340306
6047.273438 0.000000 1410.501465 0.000000 0.896730 0.000000 0.442578 0.344331 0.344331 0.344331
6039.538086 0.000000 1391.911865 0.000000 0.939795 0.000000 0.341738 0.345063 0.345063 0.345063
6047.949707 0.000000 1389.880981 0.000000 0.653429 0.000000 0.756988 0.338558 0.338558 0.338558
6071.430664 0.000000 1369.502075 0.000000 0.861507 0.000000 0.507745 0.342764 0.342764 0.342764
6050.997070 0.000000 1411.588379 0.000000 0.828347 0.000000 0.560215 0.340985 0.340985 0.340985
6046.089844 0.000000 1384.560303 0.000000 0.728549 0.000000 0.684994 0.339582 0.339582 0.339582
6054.643555 0.000000 1407.327148 0.000000 0.892618 0.000000 0.450813 0.343809 0.343809 0.343809
6074.815430 0.000000 1363.194092 0.000000 0.788692 0.000000 0.614789 0.341148 0.341148 0.341148
6048.693359 0.000000 1407.613281 0.000000 0.918812 0.000000 0.394695 0.343654 0.343654 0.343654
6076.880859 0.000000 1378.854736 0.000000 0.670504 0.000000 0.741906 0.338386 0.338386 0.338386
6058.549316 0.000000 1366.736328 0.000000 0.678550 0.000000 0.734554 0.338718 0.338718 0.338718
6061.602051 0.000000 1395.549927 0.000000 0.935829 0.000000 0.352454 0.344791 0.344791 0.344791
6041.450195 0.000000 1403.321777 0.000000 0.758925 0.000000 0.651178 0.338413 0.338413 0.338413
6049.051758 0.000000 1387.816528 0.000000 0.590624 0.000000 0.806947 0.335519 0.335519 0.335519
6112.264648 0.000000 1377.493530 0.000000 0.777346 0.000000 0.629074 0.341855 0.341855 0.341855
6125.255371 0.000000 1410.500488 0.000000 0.610677 0.000000 0.791880 0.339499 0.339499 0.339499
6107.221680 0.000000 1401.653564 0.000000 0.777706 0.000000 0.628628 0.339100 0.339100 0.339100
6105.268555 0.000000 1372.034180 0.000000 0.904969 0.000000 0.425477 0.343625 0.343625 0.343625
6089.453613 0.000000 1361.944336 0.000000 0.927288 0.000000 0.374348 0.343848 0.343848 0.343848
6132.885254 0.000000 1407.376099 0.000000 0.950561 0.000000 0.310537 0.345241 0.345241 0.345241
6106.548828 0.000000 1396.938110 0.000000 0.621428 0.000000 0.783471 0.338358 0.338358 0.338358
6121.605957 0.000000 1393.106445 0.000000 0.895177 0.000000 0.445711 0.343824 0.343824 0.343824
6111.949707 0.000000 1389.880981 0.000000 0.594604 0.000000 0.804018 0.338003 0.338003 0.338003
6089.597656 0.000000 1405.500488 0.000000 0.801551 0.000000 0.597927 0.340984 0.340984 0.340984
6093.646484 0.000000 1396.371216 0.000000 0.716412 0.000000 0.697678 0.340116 0.340116 0.340116
6135.010742 0.000000 1410.577881 0.000000 0.622393 0.000000 0.782705 0.337746 0.337746 0.337746
6109.565918 0.000000 1398.923706 0.000000 0.764844 0.000000 0.644216 0.340642 0.340642 0.340642
6080.205078 0.000000 1378.043701 0.000000 0.741924 0.000000 0.670484 0.339822 0.339822 0.339822
6132.392090 0.000000 1404.011719 0.000000 0.817515 0.000000 0.575908 0.341098 0.341098 0.341098
6093.243652 0.000000 1362.866089 0.000000 0.729009 0.000000 0.684504 0.338669 0.338669 0.338669
6090.448242 0.000000 1359.229980 0.000000 0.885417 0.000000 0.464797 0.343305 0.343305 0.343305
6086.297363 0.000000 1356.973145 0.000000 0.678326 0.000000 0.734761 0.336226 0.336226 0.336226
6102.697754 0.000000 1402.143677 0.000000 0.938118 0.000000 0.346317 0.345025 0.345025 0.345025
6086.927734 0.000000 1361.972412 0.000000 0.927233 0.000000 0.374486 0.344466 0.344466 0.344466
6054.270996 0.000000 1413.516357 0.000000 0.879916 0.000000 0.475129 0.343640 0.343640 0.343640
6072.851562 0.000000 1443.721802 0.000000 0.744748 0.000000 0.667346 0.340902 0.340902 0.340902
6066.335449 0.000000 1433.002441 0.000000 0.608006 0.000000 0.793933 0.337657 0.337657 0.337657
6071.542480 0.000000 1435.239136 0.000000 0.697263 0.000000 0.716816 0.338547 0.338547 0.338547
6075.596680 0.000000 1428.635742 0.000000 0.683593 0.000000 0.729863 0.337168 0.337168 0.337168
6078.188965 0.000000 1427.183960 0.000000 0.919089 0.000000 0.394049 0.342992 0.342992 0.342992
6080.290527 0.000000 1446.474487 0.000000 0.806996 0.000000 0.590557 0.340174 0.340174 0.340174
6125.255371 0.000000 1466.984863 0.000000 0.763017 0.000000 0.646379 0.339069 0.339069 0.339069
6132.885254 0.000000 1463.860474 0.000000 0.865765 0.000000 0.500450 0.344001 0.344001 0.344001
6080.315430 0.000000 1438.534912 0.000000 0.692926 0.000000 0.721008 0.336068 0.336068 0.336068
6118.465332 0.000000 1437.207153 0.000000 0.634634 0.000000 0.772813 0.338423 0.338423 0.338423
6094.716309 0.000000 1421.843018 0.000000 0.599109 0.000000 0.800667 0.333532 0.333532 0.333532
6085.002930 0.000000 1448.237427 0.000000 0.872452 0.000000 0.488701 0.342259 0.342259 0.342259
6117.443359 0.000000 1431.911377 0.000000 0.707236 0.000000 0.706978 0.340429 0.340429 0.340429
6106.548828 0.000000 1453.422485 0.000000 0.858082 0.000000 0.513513 0.343215 0.343215 0.343215
6136.851562 0.000000 1443.721802 0.000000 0.605866 0.000000 0.795567 0.335209 0.335209 0.335209
6102.302246 0.000000 1417.163452 0.000000 0.670482 0.000000 0.741925 0.339445 0.339445 0.339445
6139.742676 0.000000 1449.786377 0.000000 0.927301 0.000000 0.374316 0.344351 0.344351 0.344351
6085.963867 0.000000 1432.808350 0.000000 0.817501 0.000000 0.575927 0.342090 0.342090 0.342090
6084.219238 0.000000 1444.743530 0.000000 0.593291 0.000000 0.804988 0.337409 0.337409 0.337409
6092.396484 0.000000 1424.617188 0.000000 0.660105 0.000000 0.751173 0.338639 0.338639 0.338639
6116.314453 0.000000 1465.505249 0.000000 0.814208 0.000000 0.580573 0.341150 0.341150 0.341150
6102.909180 0.000000 1423.109253 0.000000 0.898199 0.000000 0.439588 0.341609 0.341609 0.341609
6135.542480 0.000000 1435.239136 0.000000 0.857338 0.000000 0.514753 0.342251 0.342251 0.342251
6081.439453 0.000000 1436.488770 0.000000 0.919420 0.000000 0.393277 0.343908 0.343908 0.343908
6102.294922 0.000000 1419.582520 0.000000 0.871172 0.000000 0.490978 0.341592 0.341592 0.341592
6127.681152 0.000000 1471.495605 0.000000 0.701487 0.000000 0.712683 0.338736 0.338736 0.338736
5850.840820 0.000000 1721.235596 0.000000 0.880723 0.000000 0.473632 0.343749 0.343749 0.343749
6215.674805 0.000000 532.305420 0.000000 0.775114 0.000000 0.631821 0.342321 0.342321 0.342321
6222.189453 0.000000 544.803101 0.000000 0.861491 0.000000 0.507773 0.343834 0.343834 0.343834
6249.423340 0.000000 540.781616 0.000000 0.944789 0.000000 0.327679 0.345085 0.345085 0.345085
6271.683594 0.000000 521.399780 0.000000 0.741725 0.000000 0.670704 0.341489 0.341489 0.341489
6252.186523 0.000000 556.067566 0.000000 0.941920 0.000000 0.335838 0.345735 0.345735 0.345735
6266.133789 0.000000 535.823853 0.000000 0.942451 0.000000 0.334344 0.345070 0.345070 0.345070
6254.271484 0.000000 545.647888 0.000000 0.670949 0.000000 0.741504 0.338103 0.338103 0.338103
6269.041992 0.000000 564.017517 0.000000 0.909000 0.000000 0.416797 0.343802 0.343802 0.343802
6222.146973 0.000000 530.212830 0.000000 0.679195 0.000000 0.733958 0.339702 0.339702 0.339702
6262.872070 0.000000 554.693787 0.000000 0.796123 0.000000 0.605134 0.342305 0.342305 0.342305
6264.634766 0.000000 544.147949 0.000000 0.911514 0.000000 0.411270 0.343334 0.343334 0.343334
6226.853027 0.000000 544.966797 0.000000 0.820246 0.000000 0.572011 0.342258 0.342258 0.342258
6245.993652 0.000000 537.922729 0.000000 0.697287 0.000000 0.716792 0.338757 0.338757 0.338757
6264.851562 0.000000 539.971802 0.000000 0.892751 0.000000 0.450551 0.342526 0.342526 0.342526
6270.018555 0.000000 534.254456 0.000000 0.919994 0.000000 0.391933 0.344211 0.344211 0.344211
6262.496094 0.000000 537.668274 0.000000 0.845824 0.000000 0.533461 0.341174 0.341174 0.341174
6256.015137 0.000000 536.140808 0.000000 0.629808 0.000000 0.776750 0.333562 0.333562 0.333562
6261.610352 0.000000 543.852173 0.000000 0.784864 0.000000 0.619668 0.339489 0.339489 0.339489
6266.107422 0.000000 563.559753 0.000000 0.587958 0.000000 0.808892 0.335674 0.335674 0.335674
6266.988770 0.000000 541.993469 0.000000 0.857033 0.000000 0.515262 0.341581 0.341581 0.341581
6263.370605 0.000000 542.014771 0.000000 0.937357 0.000000 0.348370 0.344108 0.344108 0.344108
6263.341309 0.000000 559.651367 0.000000 0.722189 0.000000 0.691696 0.337886 0.337886 0.337886
6252.304199 0.000000 532.058716 0.000000 0.736504 0.000000 0.676433 0.334518 0.334518 0.334518
6260.417969 0.000000 538.684387 0.000000 0.761288 0.000000 0.648414 0.337825 0.337825 0.337825
6388.449707 0.000000 484.635498 0.000000 0.722387 0.000000 0.691489 0.339959 0.339959 0.339959
6399.097656 0.000000 491.264221 0.000000 0.641662 0.000000 0.766988 0.334838 0.334838 0.334838
6386.569336 0.000000 507.848816 0.000000 0.688954 0.000000 0.724805 0.338240 0.338240 0.338240
6398.112305 0.000000 495.793701 0.000000 0.884417 0.000000 0.466698 0.341133 0.341133 0.341133
6391.010742 0.000000 506.827911 0.000000 0.628952 0.000000 0.777444 0.337743 0.337743 0.337743
6389.610352 0.000000 487.367828 0.000000 0.668317 0.000000 0.743876 0.338236 0.338236 0.338236
6386.616699 0.000000 497.928223 0.000000 0.655746 0.000000 0.754982 0.334935 0.334935 0.334935
6398.830566 0.000000 499.110138 0.000000 0.642919 0.000000 0.765934 0.336887 0.336887 0.336887
6398.888184 0.000000 488.500031 0.000000 0.925068 0.000000 0.379802 0.343685 0.343685 0.343685
6396.341309 0.000000 505.042847 0.000000 0.820414 0.000000 0.571770 0.340347 0.340347 0.340347
6386.714844 0.000000 502.347900 0.000000 0.870391 0.000000 0.492360 0.342308 0.342308 0.342308
6395.060547 0.000000 494.467285 0.000000 0.878370 0.000000 0.477982 0.340899 0.340899 0.340899
6272.315430 0.000000 534.784973 0.000000 0.674828 0.000000 0.737975 0.338250 0.338250 0.338250
6285.066406 0.000000 561.575562 0.000000 0.832345 0.000000 0.554258 0.338963 0.338963 0.338963
6276.957031 0.000000 554.526489 0.000000 0.613767 0.000000 0.789487 0.338351 0.338351 0.338351
6330.165039 0.000000 530.910095 0.000000 0.776156 0.000000 0.630541 0.341714 0.341714 0.341714
6285.883301 0.000000 556.855591 0.000000 0.885294 0.000000 0.465032 0.340174 0.340174 0.340174
6305.638184 0.000000 555.127991 0.000000 0.743010 0.000000 0.669280 0.335905 0.335905 0.335905
6328.851562 0.000000 539.971802 0.000000 0.873839 0.000000 0.486215 0.341082 0.341082 0.341082
6333.935547 0.000000 538.389404 0.000000 0.787088 0.000000 0.616841 0.338674 0.338674 0.338674
6273.602051 0.000000 538.732666 0.000000 0.898730 0.000000 0.438503 0.342603 0.342603 0.342603
6327.010742 0.000000 563.312317 0.000000 0.832297 0.000000 0.554331 0.341811 0.341811 0.341811
6308.176270 0.000000 552.378967 0.000000 0.891845 0.000000 0.452341 0.341407 0.341407 0.341407
6281.808105 0.000000 544.064941 0.000000 0.827069 0.000000 0.562100 0.341811 0.341811 0.341811
6304.693359 0.000000 560.347656 0.000000 0.899478 0.000000 0.436966 0.343026 0.343026 0.343026
6302.662598 0.000000 554.549805 0.000000 0.698483 0.000000 0.715626 0.337631 0.337631 0.337631
6330.988770 0.000000 541.993469 0.000000 0.712206 0.000000 0.701971 0.337353 0.337353 0.337353
6277.178223 0.000000 533.729431 0.000000 0.749433 0.000000 0.662080 0.339378 0.339378 0.339378
6274.786133 0.000000 543.260071 0.000000 0.945639 0.000000 0.325219 0.344993 0.344993 0.344993
6283.346680 0.000000 556.323425 0.000000 0.832265 0.000000 0.554379 0.338011 0.338011 0.338011
6305.210938 0.000000 557.802185 0.000000 0.769218 0.000000 0.638987 0.335827 0.335827 0.335827
6332.546387 0.000000 536.299072 0.000000 0.745694 0.000000 0.666289 0.336842 0.336842 0.336842
6332.605469 0.000000 540.286011 0.000000 0.595187 0.000000 0.803587 0.335973 0.335973 0.335973
6316.435059 0.000000 544.334534 0.000000 0.923773 0.000000 0.382941 0.343270 0.343270 0.343270
6324.417969 0.000000 538.684387 0.000000 0.830055 0.000000 0.557682 0.337749 0.337749 0.337749
6274.422852 0.000000 536.758972 0.000000 0.659487 0.000000 0.751716 0.336398 0.336398 0.336398
6390.803711 0.000000 510.425537 0.000000 0.675316 0.000000 0.737528 0.338658 0.338658 0.338658
6366.773926 0.000000 524.831055 0.000000 0.798876 0.000000 0.601495 0.338327 0.338327 0.338327
6399.291016 0.000000 508.764435 0.000000 0.598956 0.000000 0.800782 0.336531 0.336531 0.336531
6341.002930 0.000000 544.487366 0.000000 0.750942 0.000000 0.660369 0.339380 0.339380 0.339380
6349.883301 0.000000 556.855591 0.000000 0.594863 0.000000 0.803827 0.337232 0.337232 0.337232
6339.605469 0.000000 531.635925 0.000000 0.647271 0.000000 0.762260 0.336102 0.336102 0.336102
6370.040527 0.000000 526.664307 0.000000 0.885384 0.000000 0.464861 0.343536 0.343536 0.343536
6369.456543 0.000000 522.284241 0.000000 0.889536 0.000000 0.456866 0.341190 0.341190 0.341190
6345.808105 0.000000 544.064941 0.000000 0.945347 0.000000 0.326065 0.344950 0.344950 0.344950
6336.226074 0.000000 559.676392 0.000000 0.823525 0.000000 0.567280 0.341040 0.341040 0.341040
6342.656738 0.000000 557.177124 0.000000 0.943135 0.000000 0.332411 0.344152 0.344152 0.344152
6396.880859 0.000000 531.589050 0.000000 0.715760 0.000000 0.698346 0.335544 0.335544 0.335544
6339.167969 0.000000 552.312073 0.000000 0.681464 0.000000 0.731852 0.335652 0.335652 0.335652
6392.357422 0.000000 516.706299 0.000000 0.835567 0.000000 0.549388 0.340217 0.340217 0.340217
6399.450684 0.000000 516.288696 0.000000 0.893672 0.000000 0.448721 0.342884 0.342884 0.342884
6372.534668 0.000000 525.537415 0.000000 0.792628 0.000000 0.609705 0.339716 0.339716 0.339716
6366.946777 0.000000 521.598328 0.000000 0.614634 0.000000 0.788812 0.335943 0.335943 0.335943
6398.998535 0.000000 532.340942 0.000000 0.609788 0.000000 0.792564 0.331651 0.331651 0.331651
6341.188477 0.000000 551.099426 0.000000 0.864268 0.000000 0.503032 0.340811 0.340811 0.340811
6393.361328 0.000000 521.148621 0.000000 0.809238 0.000000 0.587481 0.339877 0.339877 0.339877
6382.326660 0.000000 519.477478 0.000000 0.661698 0.000000 0.749770 0.335926 0.335926 0.335926
6374.302734 0.000000 521.426086 0.000000 0.855451 0.000000 0.517884 0.341034 0.341034 0.341034
6262.803711 0.000000 566.909912 0.000000 0.895174 0.000000 0.445716 0.340494 0.340494 0.340494
6253.901367 0.000000 565.798157 0.000000 0.838276 0.000000 0.545246 0.340955 0.340955 0.340955
6269.524414 0.000000 570.357178 0.000000 0.926780 0.000000 0.375606 0.344819 0.344819 0.344819
6265.426758 0.000000 582.242676 0.000000 0.803327 0.000000 0.595539 0.340970 0.340970 0.340970
6246.192871 0.000000 570.550659 0.000000 0.740683 0.000000 0.671854 0.339636 0.339636 0.339636
6263.430664 0.000000 578.720764 0.000000 0.931042 0.000000 0.364913 0.345071 0.345071 0.345071
6267.875488 0.000000 579.049988 0.000000 0.656056 0.000000 0.754712 0.339127 0.339127 0.339127
6254.165527 0.000000 582.385986 0.000000 0.941432 0.000000 0.337203 0.345627 0.345627 0.345627
6257.098145 0.000000 579.219666 0.000000 0.590039 0.000000 0.807375 0.336904 0.336904 0.336904
6253.457031 0.000000 569.057312 0.000000 0.648420 0.000000 0.761283 0.336920 0.336920 0.336920
6262.469238 0.000000 574.997864 0.000000 0.685796 0.000000 0.727794 0.338355 0.338355 0.338355
6251.550781 0.000000 571.643555 0.000000 0.861513 0.000000 0.507736 0.342275 0.342275 0.342275
6257.495117 0.000000 564.943787 0.000000 0.607994 0.000000 0.793942 0.332607 0.332607 0.332607
6256.601562 0.000000 569.686035 0.000000 0.765922 0.000000 0.642933 0.339230 0.339230 0.339230
6313.206543 0.000000 573.387390 0.000000 0.814999 0.000000 0.579463 0.342196 0.342196 0.342196
6275.834473 0.000000 564.846252 0.000000 0.883157 0.000000 0.469077 0.343089 0.343089 0.343089
6292.950195 0.000000 574.012939 0.000000 0.727372 0.000000 0.686244 0.338005 0.338005 0.338005
6324.600586 0.000000 588.057556 0.000000 0.597575 0.000000 0.801813 0.335124 0.335124 0.335124
6275.589355 0.000000 577.226013 0.000000 0.943590 0.000000 0.331115 0.345709 0.345709 0.345709
6329.426758 0.000000 582.242676 0.000000 0.853461 0.000000 0.521157 0.341306 0.341306 0.341306
6279.650879 0.000000 582.331116 0.000000 0.742909 0.000000 0.669393 0.338529 0.338529 0.338529
6302.773926 0.000000 581.315430 0.000000 0.647563 0.000000 0.762012 0.336713 0.336713 0.336713
6309.443359 0.000000 584.645752 0.000000 0.866153 0.000000 0.499779 0.340420 0.340420 0.340420
6330.165039 0.000000 587.394470 0.000000 0.716062 0.000000 0.698037 0.336902 0.336902 0.336902
6297.550293 0.000000 576.445190 0.000000 0.705590 0.000000 0.708620 0.336099 0.336099 0.336099
6323.521484 0.000000 592.852600 0.000000 0.880158 0.000000 0.474680 0.343949 0.343949 0.343949
6318.917969 0.000000 586.158508 0.000000 0.726474 0.000000 0.687194 0.336959 0.336959 0.336959
6313.396484 0.000000 578.602661 0.000000 0.950316 0.000000 0.311288 0.344606 0.344606 0.344606
6285.333984 0.000000 569.173096 0.000000 0.613717 0.000000 0.789526 0.337158 0.337158 0.337158
6277.348633 0.000000 573.285522 0.000000 0.694128 0.000000 0.719852 0.339503 0.339503 0.339503
6294.596680 0.000000 585.374878 0.000000 0.666577 0.000000 0.745436 0.336843 0.336843 0.336843
6334.018555 0.000000 590.738831 0.000000 0.782855 0.000000 0.622204 0.338381 0.338381 0.338381
6310.192871 0.000000 570.550659 0.000000 0.787326 0.000000 0.616537 0.341525 0.341525 0.341525
6313.896973 0.000000 564.872131 0.000000 0.946752 0.000000 0.321964 0.345804 0.345804 0.345804
6305.456543 0.000000 578.768616 0.000000 0.848316 0.000000 0.529490 0.341102 0.341102 0.341102
6300.683105 0.000000 578.277649 0.000000 0.696853 0.000000 0.717214 0.337246 0.337246 0.337246
6323.006836 0.000000 573.288818 0.000000 0.713220 0.000000 0.700941 0.336766 0.336766 0.336766
6278.798828 0.000000 579.110718 0.000000 0.629271 0.000000 0.777186 0.336349 0.336349 0.336349
6303.085938 0.000000 572.472595 0.000000 0.946108 0.000000 0.323851 0.345663 0.345663 0.345663
6330.815430 0.000000 572.412903 0.000000 0.872477 0.000000 0.488656 0.341368 0.341368 0.341368
6311.443848 0.000000 576.133118 0.000000 0.942381 0.000000 0.334541 0.344560 0.344560 0.344560
6274.492188 0.000000 568.433350 0.000000 0.799999 0.000000 0.600001 0.340947 0.340947 0.340947
6280.260254 0.000000 573.849426 0.000000 0.936254 0.000000 0.351325 0.345185 0.345185 0.345185
6328.270996 0.000000 585.353455 0.000000 0.774052 0.000000 0.633122 0.338348 0.338348 0.338348
6310.386719 0.000000 587.191833 0.000000 0.822152 0.000000 0.569268 0.338993 0.338993 0.338993
6322.542480 0.000000 570.642273 0.000000 0.914752 0.000000 0.404015 0.343350 0.343350 0.343350
6319.681152 0.000000 567.745544 0.000000 0.938732 0.000000 0.344648 0.344758 0.344758 0.344758
6291.875488 0.000000 580.292542 0.000000 0.806847 0.000000 0.590761 0.340363 0.340363 0.340363
6331.279297 0.000000 590.045288 0.000000 0.812135 0.000000 0.583470 0.340038 0.340038 0.340038
6307.024414 0.000000 585.415894 0.000000 0.916236 0.000000 0.400640 0.342742 0.342742 0.342742
6292.471191 0.000000 586.669312 0.000000 0.918708 0.000000 0.394938 0.343969 0.343969 0.343969
6331.596680 0.000000 581.370178 0.000000 0.844342 0.000000 0.535805 0.341650 0.341650 0.341650
6280.162109 0.000000 584.564575 0.000000 0.717385 0.000000 0.696677 0.338012 0.338012 0.338012
6328.956055 0.000000 590.259460 0.000000 0.878975 0.000000 0.476868 0.342355 0.342355 0.342355
6302.946777 0.000000 578.082703 0.000000 0.680962 0.000000 0.732319 0.336968 0.336968 0.336968
6397.733887 0.000000 599.053955 0.000000 0.746503 0.000000 0.665383 0.338741 0.338741 0.338741
6336.290527 0.000000 599.208923 0.000000 0.857774 0.000000 0.514027 0.343891 0.343891 0.343891
6375.866699 0.000000 606.547302 0.000000 0.908306 0.000000 0.418305 0.344664 0.344664 0.344664
6345.453613 0.000000 571.163147 0.000000 0.601457 0.000000 0.798905 0.338032 0.338032 0.338032
6393.729980 0.000000 605.633240 0.000000 0.845975 0.000000 0.533222 0.342260 0.342260 0.342260
6397.524414 0.000000 570.357178 0.000000 0.646156 0.000000 0.763205 0.335320 0.335320 0.335320
6393.426758 0.000000 582.242676 0.000000 0.863118 0.000000 0.505002 0.343640 0.343640 0.343640
6380.186523 0.000000 612.551941 0.000000 0.696573 0.000000 0.717486 0.340666 0.340666 0.340666
6355.298340 0.000000 582.790955 0.000000 0.941993 0.000000 0.335632 0.345783 0.345783 0.345783
6385.916504 0.000000 582.633728 0.000000 0.827632 0.000000 0.561271 0.340523 0.340523 0.340523
6383.365234 0.000000 595.647400 0.000000 0.775986 0.000000 0.630750 0.340637 0.340637 0.340637
6353.626465 0.000000 570.053223 0.000000 0.764980 0.000000 0.644054 0.338107 0.338107 0.338107
6399.097656 0.000000 604.232971 0.000000 0.891633 0.000000 0.452759 0.343452 0.343452 0.343452
6394.165039 0.000000 587.394470 0.000000 0.922156 0.000000 0.386818 0.344447 0.344447 0.344447
6382.917969 0.000000 586.158508 0.000000 0.611718 0.000000 0.791076 0.336843 0.336843 0.336843
6386.569336 0.000000 620.817566 0.000000 0.935555 0.000000 0.353180 0.345600 0.345600 0.345600
6359.538086 0.000000 601.130554 0.000000 0.893895 0.000000 0.448276 0.343359 0.343359 0.343359
6397.935547 0.000000 594.873779 0.000000 0.890807 0.000000 0.454382 0.343096 0.343096 0.343096
6337.602051 0.000000 595.217041 0.000000 0.668718 0.000000 0.743516 0.338536 0.338536 0.338536
6385.158691 0.000000 599.472107 0.000000 0.885548 0.000000 0.464548 0.342612 0.342612 0.342612
6384.887695 0.000000 589.719238 0.000000 0.647411 0.000000 0.762141 0.338187 0.338187 0.338187
6352.310547 0.000000 589.638367 0.000000 0.940012 0.000000 0.341143 0.344555 0.344555 0.344555
6351.712891 0.000000 583.457886 0.000000 0.933518 0.000000 0.358530 0.343704 0.343704 0.343704
6387.006836 0.000000 573.288818 0.000000 0.610253 0.000000 0.792207 0.337815 0.337815 0.337815
6348.396484 0.000000 577.351501 0.000000 0.910561 0.000000 0.413375 0.343409 0.343409 0.343409
6352.764160 0.000000 580.795715 0.000000 0.632553 0.000000 0.774517 0.336375 0.336375 0.336375
6351.844238 0.000000 567.970947 0.000000 0.715252 0.000000 0.698867 0.337457 0.337457 0.337457
6342.297363 0.000000 566.191895 0.000000 0.756298 0.000000 0.654227 0.340123 0.340123 0.340123
6395.206543 0.000000 594.824524 0.000000 0.743132 0.000000 0.669145 0.338182 0.338182 0.338182
6356.109863 0.000000 576.533386 0.000000 0.601340 0.000000 0.798993 0.336897 0.336897 0.336897
6381.602051 0.000000 604.768738 0.000000 0.819511 0.000000 0.573063 0.340695 0.340695 0.340695
6395.279297 0.000000 590.045288 0.000000 0.733287 0.000000 0.679919 0.337195 0.337195 0.337195
6340.015137 0.000000 570.930847 0.000000 0.948898 0.000000 0.315584 0.344726 0.344726 0.344726
6353.307129 0.000000 575.789673 0.000000 0.759248 0.000000 0.650802 0.339319 0.339319 0.339319
6351.571289 0.000000 571.456238 0.000000 0.894177 0.000000 0.447714 0.341685 0.341685 0.341685
6347.945801 0.000000 586.912292 0.000000 0.673733 0.000000 0.738975 0.334414 0.334414 0.334414
6336.013672 0.000000 569.366516 0.000000 0.947943 0.000000 0.318439 0.344138 0.344138 0.344138
6393.361328 0.000000 577.632996 0.000000 0.890180 0.000000 0.455609 0.341361 0.341361 0.341361
6400.290527 0.000000 486.240143 0.000000 0.783933 0.000000 0.620846 0.341952 0.341952 0.341952
6403.167969 0.000000 495.827698 0.000000 0.625128 0.000000 0.780523 0.336189 0.336189 0.336189
6403.898438 0.000000 504.631653 0.000000 0.950371 0.000000 0.311120 0.345522 0.345522 0.345522
6400.956543 0.000000 492.994904 0.000000 0.703937 0.000000 0.710262 0.336369 0.336369 0.336369
6403.589355 0.000000 520.741638 0.000000 0.906938 0.000000 0.421264 0.343009 0.343009 0.343009
6402.164551 0.000000 527.730896 0.000000 0.909168 0.000000 0.416431 0.341931 0.341931 0.341931
6409.095215 0.000000 520.346802 0.000000 0.769970 0.000000 0.638080 0.340295 0.340295 0.340295
6422.003418 0.000000 522.061768 0.000000 0.631186 0.000000 0.775632 0.334913 0.334913 0.334913
6422.596680 0.000000 528.890503 0.000000 0.934876 0.000000 0.354974 0.345466 0.345466 0.345466
6401.602051 0.000000 538.732666 0.000000 0.811875 0.000000 0.583831 0.342128 0.342128 0.342128
6400.173340 0.000000 510.184021 0.000000 0.718771 0.000000 0.695247 0.339890 0.339890 0.339890
6417.653320 0.000000 516.828796 0.000000 0.819849 0.000000 0.572580 0.340491 0.340491 0.340491
6408.260254 0.000000 517.365051 0.000000 0.801636 0.000000 0.597812 0.341042 0.341042 0.341042
6415.212891 0.000000 520.812683 0.000000 0.722473 0.000000 0.691399 0.336192 0.336192 0.336192
6419.958008 0.000000 515.071960 0.000000 0.602224 0.000000 0.798327 0.336146 0.336146 0.336146
6402.759766 0.000000 517.473999 0.000000 0.693110 0.000000 0.720832 0.338429 0.338429 0.338429
6407.173340 0.000000 537.566101 0.000000 0.830926 0.000000 0.556383 0.339070 0.339070 0.339070
6427.921387 0.000000 524.315125 0.000000 0.828886 0.000000 0.559418 0.341103 0.341103 0.341103
6404.637695 0.000000 526.932190 0.000000 0.773731 0.000000 0.633514 0.337620 0.337620 0.337620
6410.112305 0.000000 526.513306 0.000000 0.849197 0.000000 0.528077 0.341347 0.341347 0.341347
6420.950195 0.000000 574.012939 0.000000 0.853267 0.000000 0.521474 0.337777 0.337777 0.337777
6400.290527 0.000000 599.208923 0.000000 0.856534 0.000000 0.516091 0.342039 0.342039 0.342039
6415.347656 0.000000 565.127808 0.000000 0.800944 0.000000 0.598740 0.342119 0.342119 0.342119
6413.467773 0.000000 580.399048 0.000000 0.745638 0.000000 0.666352 0.341174 0.341174 0.341174
6407.693359 0.000000 596.676331 0.000000 0.728262 0.000000 0.685299 0.338818 0.338818 0.338818
6414.124512 0.000000 593.852539 0.000000 0.817473 0.000000 0.575967 0.340856 0.340856 0.340856
6401.476562 0.000000 571.302429 0.000000 0.904396 0.000000 0.426694 0.341949 0.341949 0.341949
6425.550293 0.000000 576.445190 0.000000 0.815470 0.000000 0.578800 0.340238 0.340238 0.340238
6405.568848 0.000000 568.861633 0.000000 0.637462 0.000000 0.770482 0.335166 0.335166 0.335166
6416.913574 0.000000 597.413818 0.000000 0.875096 0.000000 0.483950 0.341768 0.341768 0.341768
6409.424316 0.000000 592.717529 0.000000 0.871592 0.000000 0.490231 0.343061 0.343061 0.343061
6400.390625 0.000000 608.393860 0.000000 0.597753 0.000000 0.801680 0.337687 0.337687 0.337687
6400.110840 0.000000 575.208252 0.000000 0.735974 0.000000 0.677009 0.336451 0.336451 0.336451
6411.269531 0.000000 574.173828 0.000000 0.699745 0.000000 0.714392 0.336893 0.336893 0.336893
6424.982910 0.000000 568.717651 0.000000 0.788538 0.000000 0.614987 0.338425 0.338425 0.338425
6403.167969 0.000000 608.796448 0.000000 0.935517 0.000000 0.353282 0.344936 0.344936 0.344936
6422.909180 0.000000 575.843567 0.000000 0.950305 0.000000 0.311319 0.343527 0.343527 0.343527
6420.109863 0.000000 576.533386 0.000000 0.748026 0.000000 0.663669 0.335225 0.335225 0.335225
6414.569336 0.000000 598.612488 0.000000 0.919124 0.000000 0.393968 0.343808 0.343808 0.343808
6404.015137 0.000000 570.930847 0.000000 0.852139 0.000000 0.523315 0.338210 0.338210 0.338210
6400.956543 0.000000 605.963623 0.000000 0.764011 0.000000 0.645203 0.339705 0.339705 0.339705
6409.640137 0.000000 598.070801 0.000000 0.893739 0.000000 0.448587 0.342785 0.342785 0.342785
6427.828125 0.000000 568.882935 0.000000 0.885036 0.000000 0.465523 0.342765 0.342765 0.342765
6418.931641 0.000000 596.169983 0.000000 0.813864 0.000000 0.581055 0.340438 0.340438 0.340438
6428.903809 0.000000 571.465149 0.000000 0.823746 0.000000 0.566959 0.340572 0.340572 0.340572
6172.282227 0.000000 1336.036621 0.000000 0.847861 0.000000 0.530219 0.343505 0.343505 0.343505
6194.281250 0.000000 1342.209839 0.000000 0.801310 0.000000 0.598250 0.342463 0.342463 0.342463
6183.866699 0.000000 1340.844238 0.000000 0.718326 0.000000 0.695707 0.341159 0.341159 0.341159
6165.428223 0.000000 1331.488281 0.000000 0.674607 0.000000 0.738177 0.338246 0.338246 0.338246
6201.729980 0.000000 1339.930176 0.000000 0.902118 0.000000 0.431490 0.343938 0.343938 0.343938
6180.049805 0.000000 1335.430176 0.000000 0.894128 0.000000 0.447812 0.343853 0.343853 0.343853
6151.650879 0.000000 1316.628052 0.000000 0.764399 0.000000 0.644744 0.341612 0.341612 0.341612
6175.273438 0.000000 1354.017090 0.000000 0.769103 0.000000 0.639125 0.338337 0.338337 0.338337
6182.720703 0.000000 1345.875244 0.000000 0.858448 0.000000 0.512901 0.342188 0.342188 0.342188
6180.590332 0.000000 1309.147339 0.000000 0.886934 0.000000 0.461897 0.344043 0.344043 0.344043
6148.861816 0.000000 1327.095215 0.000000 0.775557 0.000000 0.631277 0.341553 0.341553 0.341553
6175.949707 0.000000 1333.396606 0.000000 0.723694 0.000000 0.690121 0.337954 0.337954 0.337954
6185.396484 0.000000 1312.899536 0.000000 0.635177 0.000000 0.772366 0.338201 0.338201 0.338201
6157.646484 0.000000 1339.886841 0.000000 0.789193 0.000000 0.614146 0.340292 0.340292 0.340292
6144.073242 0.000000 1337.702148 0.000000 0.876360 0.000000 0.481657 0.343589 0.343589 0.343589
6188.877441 0.000000 1332.927612 0.000000 0.701055 0.000000 0.713108 0.336646 0.336646 0.336646
6160.310547 0.000000 1323.935181 0.000000 0.784349 0.000000 0.620320 0.341346 0.341346 0.341346
6161.983398 0.000000 1320.508911 0.000000 0.934862 0.000000 0.355012 0.345227 0.345227 0.345227
6170.771973 0.000000 1349.050903 0.000000 0.933941 0.000000 0.357428 0.342447 0.342447 0.342447
6183.131348 0.000000 1334.119751 0.000000 0.674783 0.000000 0.738017 0.338177 0.338177 0.338177
6182.737793 0.000000 1337.618530 0.000000 0.939202 0.000000 0.343365 0.345023 0.345023 0.345023
6155.713867 0.000000 1337.143799 0.000000 0.920052 0.000000 0.391797 0.342824 0.342824 0.342824
6166.697754 0.000000 1345.659302 0.000000 0.887920 0.000000 0.459998 0.342127 0.342127 0.342127
6164.724609 0.000000 1328.841064 0.000000 0.856108 0.000000 0.516797 0.341671 0.341671 0.341671
6171.115234 0.000000 1328.424316 0.000000 0.950964 0.000000 0.309301 0.344697 0.344697 0.344697
6167.654785 0.000000 1332.796143 0.000000 0.864470 0.000000 0.502684 0.342429 0.342429 0.342429
6195.473145 0.000000 1339.518555 0.000000 0.704257 0.000000 0.709945 0.337515 0.337515 0.337515
6145.116211 0.000000 1335.639893 0.000000 0.896567 0.000000 0.442909 0.342964 0.342964 0.342964
6195.339844 0.000000 1334.429932 0.000000 0.831844 0.000000 0.555009 0.339101 0.339101 0.339101
6215.693359 0.000000 1330.973145 0.000000 0.672715 0.000000 0.739902 0.339702 0.339702 0.339702
6224.020996 0.000000 1343.368896 0.000000 0.701680 0.000000 0.712492 0.339987 0.339987 0.339987
6238.600098 0.000000 1348.844238 0.000000 0.938195 0.000000 0.346106 0.344766 0.344766 0.344766
6246.720703 0.000000 1345.875244 0.000000 0.727429 0.000000 0.686183 0.340253 0.340253 0.340253
6246.643555 0.000000 1350.842773 0.000000 0.943004 0.000000 0.332780 0.345465 0.345465 0.345465
6240.693359 0.000000 1351.128906 0.000000 0.864571 0.000000 0.502510 0.341374 0.341374 0.341374
6237.075684 0.000000 1351.540771 0.000000 0.932302 0.000000 0.361680 0.344972 0.344972 0.344972
6214.827637 0.000000 1355.139526 0.000000 0.887769 0.000000 0.460289 0.342769 0.342769 0.342769
6253.602051 0.000000 1339.065552 0.000000 0.793995 0.000000 0.607924 0.339979 0.339979 0.339979
6246.352539 0.000000 1348.329102 0.000000 0.840892 0.000000 0.541203 0.341355 0.341355 0.341355
6324.600586 0.000000 1265.870117 0.000000 0.753422 0.000000 0.657538 0.335234 0.335234 0.335234
6313.423340 0.000000 1275.078491 0.000000 0.801877 0.000000 0.597489 0.342614 0.342614 0.342614
6323.915527 0.000000 1254.697510 0.000000 0.932493 0.000000 0.361188 0.345382 0.345382 0.345382
6317.233887 0.000000 1268.553589 0.000000 0.750366 0.000000 0.661023 0.339525 0.339525 0.339525
6297.550293 0.000000 1254.257690 0.000000 0.912289 0.000000 0.409546 0.342349 0.342349 0.342349
6328.851562 0.000000 1274.268677 0.000000 0.868114 0.000000 0.496366 0.342648 0.342648 0.342648
6294.596680 0.000000 1263.187378 0.000000 0.609113 0.000000 0.793083 0.336796 0.336796 0.336796
6318.165527 0.000000 1260.198486 0.000000 0.913900 0.000000 0.405939 0.344393 0.344393 0.344393
6326.755859 0.000000 1268.751709 0.000000 0.718529 0.000000 0.695497 0.336290 0.336290 0.336290
6324.612793 0.000000 1258.368286 0.000000 0.772875 0.000000 0.634559 0.340419 0.340419 0.340419
6294.343750 0.000000 1260.048462 0.000000 0.643787 0.000000 0.765205 0.334925 0.334925 0.334925
6322.278320 0.000000 1273.365112 0.000000 0.592308 0.000000 0.805712 0.337066 0.337066 0.337066
6317.452148 0.000000 1271.226074 0.000000 0.849670 0.000000 0.527314 0.342162 0.342162 0.342162
6331.279297 0.000000 1267.857788 0.000000 0.828373 0.000000 0.560176 0.339635 0.339635 0.339635
6318.630859 0.000000 1266.432861 0.000000 0.915811 0.000000 0.401609 0.343337 0.343337 0.343337
6332.546387 0.000000 1270.595947 0.000000 0.778655 0.000000 0.627452 0.339095 0.339095 0.339095
6335.940430 0.000000 1262.105713 0.000000 0.822343 0.000000 0.568992 0.340771 0.340771 0.340771
6334.808594 0.000000 1270.683716 0.000000 0.667024 0.000000 0.745037 0.335677 0.335677 0.335677
6292.672363 0.000000 1262.213623 0.000000 0.938683 0.000000 0.344782 0.344233 0.344233 0.344233
6381.255371 0.000000 1297.531738 0.000000 0.609344 0.000000 0.792906 0.338200 0.338200 0.338200
6368.909180 0.000000 1284.899536 0.000000 0.721752 0.000000 0.692151 0.340982 0.340982 0.340982
6385.044434 0.000000 1291.340210 0.000000 0.947851 0.000000 0.318713 0.345989 0.345989 0.345989
6369.638184 0.000000 1289.424927 0.000000 0.705278 0.000000 0.708931 0.340154 0.340154 0.340154
6378.064453 0.000000 1293.980103 0.000000 0.806676 0.000000 0.590994 0.341934 0.341934 0.341934
6337.602051 0.000000 1273.029541 0.000000 0.861479 0.000000 0.507792 0.342414 0.342414 0.342414
6336.205078 0.000000 1265.074951 0.000000 0.601838 0.000000 0.798618 0.335896 0.335896 0.335896
6338.873047 0.000000 1268.946533 0.000000 0.865160 0.000000 0.501496 0.341554 0.341554 0.341554
6295.427734 0.000000 1348.135986 0.000000 0.751804 0.000000 0.659386 0.341318 0.341318 0.341318
6288.405273 0.000000 1336.695679 0.000000 0.901384 0.000000 0.433022 0.342076 0.342076 0.342076
6397.733887 0.000000 1333.350830 0.000000 0.903213 0.000000 0.429193 0.344787 0.344787 0.344787
6400.290527 0.000000 1333.505737 0.000000 0.708611 0.000000 0.705599 0.340452 0.340452 0.340452
6144.354004 0.000000 1403.592896 0.000000 0.943431 0.000000 0.331570 0.345290 0.345290 0.345290
6191.844727 0.000000 1362.735474 0.000000 0.899282 0.000000 0.437369 0.344660 0.344660 0.344660
6177.638184 0.000000 1402.393677 0.000000 0.856385 0.000000 0.516338 0.343126 0.343126 0.343126
6182.737793 0.000000 1394.102905 0.000000 0.600866 0.000000 0.799350 0.336242 0.336242 0.336242
6187.534668 0.000000 1371.614746 0.000000 0.711459 0.000000 0.702728 0.339617 0.339617 0.339617
6211.834473 0.000000 1355.627563 0.000000 0.702435 0.000000 0.711748 0.340658 0.340658 0.340658
6260.449707 0.000000 1388.385498 0.000000 0.919739 0.000000 0.392530 0.344114 0.344114 0.344114
6269.524414 0.000000 1361.138428 0.000000 0.775797 0.000000 0.630983 0.339947 0.339947 0.339947
6265.915527 0.000000 1366.339722 0.000000 0.828041 0.000000 0.560667 0.342277 0.342277 0.342277
6271.291016 0.000000 1356.030029 0.000000 0.737438 0.000000 0.675415 0.339665 0.339665 0.339665
6217.437988 0.000000 1356.442627 0.000000 0.942825 0.000000 0.333289 0.345413 0.345413 0.345413
6259.720703 0.000000 1393.496826 0.000000 0.609507 0.000000 0.792781 0.339042 0.339042 0.339042
6266.165039 0.000000 1378.175659 0.000000 0.923969 0.000000 0.382467 0.344976 0.344976 0.344976
6219.937012 0.000000 1388.394409 0.000000 0.898665 0.000000 0.438637 0.344088 0.344088 0.344088
6224.310547 0.000000 1380.419556 0.000000 0.708699 0.000000 0.705511 0.338127 0.338127 0.338127
6260.612793 0.000000 1371.337036 0.000000 0.794457 0.000000 0.607320 0.341217 0.341217 0.341217
6261.610352 0.000000 1391.117798 0.000000 0.718153 0.000000 0.695885 0.337693 0.337693 0.337693
6264.270996 0.000000 1376.134766 0.000000 0.654170 0.000000 0.756347 0.337184 0.337184 0.337184
6270.298340 0.000000 1405.095703 0.000000 0.661031 0.000000 0.750359 0.336950 0.336950 0.336950
6198.803711 0.000000 1414.175537 0.000000 0.684256 0.000000 0.729242 0.340003 0.340003 0.340003
6163.921875 0.000000 1436.434814 0.000000 0.872462 0.000000 0.488683 0.343866 0.343866 0.343866
6189.901367 0.000000 1413.063843 0.000000 0.641794 0.000000 0.766877 0.336903 0.336903 0.336903
6165.428223 0.000000 1444.457031 0.000000 0.924257 0.000000 0.381771 0.345414 0.345414 0.345414
6151.693359 0.000000 1443.941895 0.000000 0.784356 0.000000 0.620310 0.342253 0.342253 0.342253
6201.426758 0.000000 1429.508301 0.000000 0.931726 0.000000 0.363163 0.345567 0.345567 0.345567
6191.844727 0.000000 1419.219849 0.000000 0.827854 0.000000 0.560943 0.342845 0.342845 0.342845
6181.443359 0.000000 1431.911377 0.000000 0.887649 0.000000 0.460521 0.344250 0.344250 0.344250
6157.333984 0.000000 1416.438721 0.000000 0.797793 0.000000 0.602932 0.341574 0.341574 0.341574
6162.409180 0.000000 1440.518921 0.000000 0.754468 0.000000 0.656337 0.338896 0.338896 0.338896
6170.616211 0.000000 1436.191772 0.000000 0.761265 0.000000 0.648441 0.335605 0.335605 0.335605
6164.724609 0.000000 1441.809814 0.000000 0.868273 0.000000 0.496087 0.341473 0.341473 0.341473
6171.115234 0.000000 1441.393066 0.000000 0.859934 0.000000 0.510406 0.341973 0.341973 0.341973
6160.434082 0.000000 1442.170532 0.000000 0.726165 0.000000 0.687520 0.337017 0.337017 0.337017
6207.450684 0.000000 1420.038696 0.000000 0.743925 0.000000 0.668263 0.339320 0.339320 0.339320
6162.931641 0.000000 1443.435547 0.000000 0.940897 0.000000 0.338692 0.344716 0.344716 0.344716
6262.803711 0.000000 1414.175537 0.000000 0.870014 0.000000 0.493026 0.342319 0.342319 0.342319
6259.915527 0.000000 1424.150635 0.000000 0.841924 0.000000 0.539597 0.340787 0.340787 0.340787
6221.467773 0.000000 1427.664673 0.000000 0.861976 0.000000 0.506949 0.341429 0.341429 0.341429
6265.426758 0.000000 1429.508301 0.000000 0.668364 0.000000 0.743835 0.334828 0.334828 0.334828
6222.124512 0.000000 1441.118164 0.000000 0.671697 0.000000 0.740826 0.339976 0.339976 0.339976
6265.915527 0.000000 1422.824097 0.000000 0.661741 0.000000 0.749733 0.334594 0.334594 0.334594
6227.298340 0.000000 1430.056519 0.000000 0.736268 0.000000 0.676690 0.340356 0.340356 0.340356
6218.276367 0.000000 1432.716797 0.000000 0.719231 0.000000 0.694771 0.339396 0.339396 0.339396
6217.889160 0.000000 1467.374390 0.000000 0.902140 0.000000 0.431444 0.343997 0.343997 0.343997
6256.446289 0.000000 1422.940186 0.000000 0.848162 0.000000 0.529737 0.341317 0.341317 0.341317
6257.098145 0.000000 1426.485352 0.000000 0.828465 0.000000 0.560041 0.342027 0.342027 0.342027
6266.815430 0.000000 1419.678467 0.000000 0.943556 0.000000 0.331212 0.344159 0.344159 0.344159
6260.340820 0.000000 1412.445435 0.000000 0.646931 0.000000 0.762548 0.338216 0.338216 0.338216
6219.443359 0.000000 1442.096436 0.000000 0.678721 0.000000 0.734396 0.337929 0.337929 0.337929
6223.212891 0.000000 1424.562744 0.000000 0.640321 0.000000 0.768107 0.335344 0.335344 0.335344
6217.349609 0.000000 1464.664429 0.000000 0.941031 0.000000 0.338321 0.344964 0.344964 0.344964
6269.258301 0.000000 1424.123657 0.000000 0.751174 0.000000 0.660104 0.339417 0.339417 0.339417
6263.474609 0.000000 1417.180054 0.000000 0.878899 0.000000 0.477007 0.341853 0.341853 0.341853
6267.596680 0.000000 1428.635742 0.000000 0.867112 0.000000 0.498113 0.340022 0.340022 0.340022
6265.532715 0.000000 1427.083984 0.000000 0.642255 0.000000 0.766491 0.334814 0.334814 0.334814
6260.127930 0.000000 1429.991821 0.000000 0.939952 0.000000 0.341307 0.344339 0.344339 0.344339
6324.600586 0.000000 1378.838867 0.000000 0.828329 0.000000 0.560242 0.340725 0.340725 0.340725
6302.802246 0.000000 1355.686157 0.000000 0.917205 0.000000 0.398416 0.344790 0.344790 0.344790
6323.915527 0.000000 1367.666260 0.000000 0.912395 0.000000 0.409310 0.345155 0.345155 0.345155
6297.268555 0.000000 1372.034180 0.000000 0.941363 0.000000 0.337396 0.346000 0.346000 0.346000
6318.271484 0.000000 1392.913452 0.000000 0.841465 0.000000 0.540312 0.342992 0.342992 0.342992
6279.650879 0.000000 1373.112427 0.000000 0.646781 0.000000 0.762676 0.334462 0.334462 0.334462
6320.887695 0.000000 1380.500488 0.000000 0.918486 0.000000 0.395454 0.343588 0.343588 0.343588
6316.877441 0.000000 1389.411987 0.000000 0.777732 0.000000 0.628596 0.340021 0.340021 0.340021
6298.771973 0.000000 1405.535278 0.000000 0.741325 0.000000 0.671146 0.340132 0.340132 0.340132
6322.278320 0.000000 1386.333862 0.000000 0.843668 0.000000 0.536866 0.341285 0.341285 0.341285
6327.542480 0.000000 1378.754761 0.000000 0.823189 0.000000 0.567768 0.341137 0.341137 0.341137
6295.342285 0.000000 1371.135742 0.000000 0.605155 0.000000 0.796107 0.334833 0.334833 0.334833
6374.270996 0.000000 1357.031982 0.000000 0.833960 0.000000 0.551824 0.342364 0.342364 0.342364
6358.797363 0.000000 1356.599609 0.000000 0.624263 0.000000 0.781215 0.339423 0.339423 0.339423
6366.227539 0.000000 1360.182373 0.000000 0.853245 0.000000 0.521510 0.343145 0.343145 0.343145
6370.139648 0.000000 1357.351318 0.000000 0.949120 0.000000 0.314914 0.345759 0.345759 0.345759
6300.282227 0.000000 1449.005371 0.000000 0.887618 0.000000 0.460581 0.342074 0.342074 0.342074
6299.221680 0.000000 1458.137939 0.000000 0.931666 0.000000 0.363317 0.345646 0.345646 0.345646
6299.974121 0.000000 1443.838867 0.000000 0.862012 0.000000 0.506887 0.343613 0.343613 0.343613
6305.456543 0.000000 1426.034302 0.000000 0.683328 0.000000 0.730111 0.338664 0.338664 0.338664
6307.650879 0.000000 1435.051758 0.000000 0.652779 0.000000 0.757548 0.338847 0.338847 0.338847
6301.565918 0.000000 1455.408081 0.000000 0.910261 0.000000 0.414036 0.344517 0.344517 0.344517
6295.871582 0.000000 1451.590454 0.000000 0.875493 0.000000 0.483231 0.342001 0.342001 0.342001
6301.260254 0.000000 1446.378662 0.000000 0.916400 0.000000 0.400263 0.343055 0.343055 0.343055
6293.228027 0.000000 1450.014526 0.000000 0.927102 0.000000 0.374809 0.344427 0.344427 0.344427
4897.051758 0.000000 2065.628906 0.000000 0.830664 0.000000 0.556774 0.337694 0.337694 0.337694
4543.419434 0.000000 2620.153320 0.000000 0.638068 0.000000 0.769980 0.331570 0.331570 0.331570
4531.720703 0.000000 2636.153076 0.000000 0.837141 0.000000 0.546987 0.342187 0.342187 0.342187
4542.018555 0.000000 2624.176270 0.000000 0.778126 0.000000 0.628108 0.340179 0.340179 0.340179
4539.279297 0.000000 2623.482666 0.000000 0.886398 0.000000 0.462923 0.339276 0.339276 0.339276
4537.397461 0.000000 2636.431641 0.000000 0.766040 0.000000 0.642793 0.337677 0.337677 0.337677
4572.282227 0.000000 2635.177246 0.000000 0.808533 0.000000 0.588451 0.342606 0.342606 0.342606
4576.264648 0.000000 2620.149658 0.000000 0.905341 0.000000 0.424686 0.341492 0.341492 0.341492
4558.146973 0.000000 2620.134766 0.000000 0.836650 0.000000 0.547737 0.343162 0.343162 0.343162
4591.365234 0.000000 2629.084961 0.000000 0.857431 0.000000 0.514599 0.338216 0.338216 0.338216
4581.443359 0.000000 2618.083252 0.000000 0.896272 0.000000 0.443506 0.341970 0.341970 0.341970
4602.165039 0.000000 2620.832031 0.000000 0.879374 0.000000 0.476132 0.342802 0.342802 0.342802
4560.913574 0.000000 2630.851318 0.000000 0.606085 0.000000 0.795400 0.338026 0.338026 0.338026
4606.018555 0.000000 2624.176270 0.000000 0.876910 0.000000 0.480655 0.340164 0.340164 0.340164
4590.165527 0.000000 2615.823486 0.000000 0.779842 0.000000 0.625977 0.341342 0.341342 0.341342
4560.310547 0.000000 2623.075928 0.000000 0.943888 0.000000 0.330267 0.345191 0.345191 0.345191
4573.587891 0.000000 2617.948975 0.000000 0.945092 0.000000 0.326805 0.344909 0.344909 0.344909
4586.699707 0.000000 2638.660156 0.000000 0.703725 0.000000 0.710472 0.336019 0.336019 0.336019
4594.278320 0.000000 2628.990234 0.000000 0.771506 0.000000 0.636223 0.338521 0.338521 0.338521
4563.875488 0.000000 2613.729980 0.000000 0.857873 0.000000 0.513861 0.337999 0.337999 0.337999
4579.024414 0.000000 2618.853271 0.000000 0.822823 0.000000 0.568297 0.340203 0.340203 0.340203
4601.397461 0.000000 2636.431641 0.000000 0.666711 0.000000 0.745316 0.334090 0.334090 0.334090
4591.221680 0.000000 2631.579834 0.000000 0.635176 0.000000 0.772368 0.331916 0.331916 0.331916
4584.507812 0.000000 2622.703613 0.000000 0.628064 0.000000 0.778162 0.334572 0.334572 0.334572
4608.290527 0.000000 2632.646484 0.000000 0.690515 0.000000 0.723318 0.339084 0.339084 0.339084
4638.600098 0.000000 2647.984863 0.000000 0.916861 0.000000 0.399207 0.341083 0.341083 0.341083
4618.749023 0.000000 2640.474121 0.000000 0.870999 0.000000 0.491285 0.338557 0.338557 0.338557
4626.867188 0.000000 2641.245117 0.000000 0.701137 0.000000 0.713026 0.338971 0.338971 0.338971
4611.167969 0.000000 2642.233887 0.000000 0.910306 0.000000 0.413936 0.340491 0.340491 0.340491
4641.210938 0.000000 2647.724121 0.000000 0.898031 0.000000 0.439932 0.340109 0.340109 0.340109
4857.532715 0.000000 2669.740234 0.000000 0.941612 0.000000 0.336700 0.342348 0.342348 0.342348
4838.302734 0.000000 2667.832275 0.000000 0.789780 0.000000 0.613390 0.339008 0.339008 0.339008
4905.206543 0.000000 2663.309326 0.000000 0.735418 0.000000 0.677614 0.335265 0.335265 0.335265
4906.581543 0.000000 2673.570557 0.000000 0.725784 0.000000 0.687923 0.338366 0.338366 0.338366
4877.467773 0.000000 2670.320801 0.000000 0.624744 0.000000 0.780830 0.339000 0.339000 0.339000
4901.084961 0.000000 2669.563232 0.000000 0.931014 0.000000 0.364982 0.344124 0.344124 0.344124
4886.003418 0.000000 2668.468018 0.000000 0.810827 0.000000 0.585286 0.336069 0.336069 0.336069
4864.110840 0.000000 2665.130127 0.000000 0.925446 0.000000 0.378879 0.344601 0.344601 0.344601
4876.396484 0.000000 2667.273438 0.000000 0.835279 0.000000 0.549827 0.341022 0.341022 0.341022
4903.443848 0.000000 2666.054932 0.000000 0.816436 0.000000 0.577436 0.336849 0.336849 0.336849
4906.549316 0.000000 2665.876953 0.000000 0.942661 0.000000 0.333750 0.344440 0.344440 0.344440
4886.909180 0.000000 2665.765381 0.000000 0.701486 0.000000 0.712684 0.332324 0.332324 0.332324
4883.958008 0.000000 2661.478271 0.000000 0.895477 0.000000 0.445108 0.340749 0.340749 0.340749
4900.193359 0.000000 2662.224609 0.000000 0.839326 0.000000 0.543628 0.339604 0.339604 0.339604
4903.451172 0.000000 2669.761230 0.000000 0.624213 0.000000 0.781254 0.334408 0.334408 0.334408
4888.196777 0.000000 2661.033691 0.000000 0.680777 0.000000 0.732490 0.336174 0.336174 0.336174
4907.536621 0.000000 2668.328613 0.000000 0.936772 0.000000 0.349941 0.342471 0.342471 0.342471
4887.342285 0.000000 2670.276367 0.000000 0.834908 0.000000 0.550390 0.337014 0.337014 0.337014
4936.383301 0.000000 2676.629395 0.000000 0.874373 0.000000 0.485254 0.341943 0.341943 0.341943
5046.755859 0.000000 2680.861084 0.000000 0.880150 0.000000 0.474695 0.341961 0.341961 0.341961
5003.443359 0.000000 2684.752686 0.000000 0.734758 0.000000 0.678330 0.338145 0.338145 0.338145
5003.910645 0.000000 2682.448486 0.000000 0.907382 0.000000 0.420306 0.342362 0.342362 0.342362
5113.729980 0.000000 2695.555176 0.000000 0.918703 0.000000 0.394948 0.343987 0.343987 0.343987
5070.569336 0.000000 2688.534424 0.000000 0.647905 0.000000 0.761722 0.333277 0.333277 0.333277
5076.724609 0.000000 2684.466064 0.000000 0.698180 0.000000 0.715922 0.335532 0.335532 0.335532
5111.370605 0.000000 2688.421143 0.000000 0.911713 0.000000 0.410827 0.343785 0.343785 0.343785
5105.258789 0.000000 2692.222656 0.000000 0.798660 0.000000 0.601783 0.336487 0.336487 0.336487
5946.308594 0.000000 1908.583984 0.000000 0.906080 0.000000 0.423106 0.341907 0.341907 0.341907
5927.553711 0.000000 1881.186646 0.000000 0.806470 0.000000 0.591275 0.338806 0.338806 0.338806
5943.879395 0.000000 1907.179199 0.000000 0.781829 0.000000 0.623493 0.336382 0.336382 0.336382
5939.473145 0.000000 1904.362305 0.000000 0.743702 0.000000 0.668511 0.338676 0.338676 0.338676
5235.521484 0.000000 2400.352539 0.000000 0.755281 0.000000 0.655401 0.339009 0.339009 0.339009
5141.035156 0.000000 2695.482666 0.000000 0.928277 0.000000 0.371890 0.345322 0.345322 0.345322
5143.871582 0.000000 2694.246582 0.000000 0.642266 0.000000 0.766482 0.330540 0.330540 0.330540
5845.035156 0.000000 2413.060791 0.000000 0.920493 0.000000 0.390758 0.344686 0.344686 0.344686
6107.221680 0.000000 2418.372314 0.000000 0.832933 0.000000 0.553374 0.339368 0.339368 0.339368
6121.246582 0.000000 2420.655518 0.000000 0.850560 0.000000 0.525878 0.340613 0.340613 0.340613
5835.937012 0.000000 2687.534912 0.000000 0.887889 0.000000 0.460058 0.343379 0.343379 0.343379
4412.880859 0.000000 3073.385986 0.000000 0.803332 0.000000 0.595532 0.339186 0.339186 0.339186
4408.270996 0.000000 3070.666016 0.000000 0.880458 0.000000 0.474124 0.340828 0.340828 0.340828
4413.359375 0.000000 3071.229736 0.000000 0.766214 0.000000 0.642586 0.337194 0.337194 0.337194
4438.797363 0.000000 3051.130859 0.000000 0.891561 0.000000 0.452900 0.344394 0.344394 0.344394
4434.974121 0.000000 3051.559082 0.000000 0.921290 0.000000 0.388876 0.341921 0.341921 0.341921
4420.061523 0.000000 3066.365967 0.000000 0.826139 0.000000 0.563466 0.338179 0.338179 0.338179
5611.550781 0.000000 2774.534180 0.000000 0.814027 0.000000 0.580828 0.338465 0.338465 0.338465
5665.496582 0.000000 2791.965088 0.000000 0.922715 0.000000 0.385482 0.344260 0.344260 0.344260
6121.246582 0.000000 2816.046143 0.000000 0.889946 0.000000 0.456066 0.342738 0.342738 0.342738
6653.733887 0.000000 2237.100830 0.000000 0.721169 0.000000 0.692759 0.339501 0.339501 0.339501
6633.764648 0.000000 2231.214844 0.000000 0.785804 0.000000 0.618476 0.341493 0.341493 0.341493
6651.742676 0.000000 2240.567627 0.000000 0.610303 0.000000 0.792168 0.337456 0.337456 0.337456
6846.298340 0.000000 2026.423828 0.000000 0.780880 0.000000 0.624681 0.336175 0.336175 0.336175
6848.354004 0.000000 2024.921021 0.000000 0.898772 0.000000 0.438416 0.344468 0.344468 0.344468
6839.430664 0.000000 2047.314575 0.000000 0.710160 0.000000 0.704040 0.334473 0.334473 0.334473
6842.988770 0.000000 2067.071533 0.000000 0.700658 0.000000 0.713497 0.332298 0.332298 0.332298
6840.270996 0.000000 2053.947266 0.000000 0.718006 0.000000 0.696037 0.337320 0.337320 0.337320
6854.599121 0.000000 2086.538330 0.000000 0.919061 0.000000 0.394114 0.344177 0.344177 0.344177
6857.095215 0.000000 2045.424927 0.000000 0.903194 0.000000 0.429233 0.342906 0.342906 0.342906
6853.002930 0.000000 2069.565430 0.000000 0.776068 0.000000 0.630649 0.334855 0.334855 0.334855
6857.808105 0.000000 2069.143066 0.000000 0.710265 0.000000 0.703935 0.337820 0.337820 0.337820
6855.324707 0.000000 2060.047607 0.000000 0.755769 0.000000 0.654839 0.338147 0.338147 0.338147
6857.640137 0.000000 2066.664551 0.000000 0.937785 0.000000 0.347216 0.343338 0.343338 0.343338
6850.422852 0.000000 2061.837158 0.000000 0.628247 0.000000 0.778014 0.330175 0.330175 0.330175
6670.189453 0.000000 2239.334473 0.000000 0.669770 0.000000 0.742568 0.339250 0.339250 0.339250
6665.597656 0.000000 2252.766113 0.000000 0.922608 0.000000 0.385739 0.341695 0.341695 0.341695
6659.856934 0.000000 2252.962646 0.000000 0.839436 0.000000 0.543458 0.338026 0.338026 0.338026
6688.344727 0.000000 2241.208252 0.000000 0.837229 0.000000 0.546852 0.342062 0.342062 0.342062
6698.699707 0.000000 2243.269531 0.000000 0.863597 0.000000 0.504183 0.342751 0.342751 0.342751
6662.656738 0.000000 2251.708496 0.000000 0.837425 0.000000 0.546553 0.337874 0.337874 0.337874
6662.827637 0.000000 2258.889404 0.000000 0.834939 0.000000 0.550343 0.338746 0.338746 0.338746
6658.854492 0.000000 2250.437500 0.000000 0.740165 0.000000 0.672426 0.336854 0.336854 0.336854
6671.784668 0.000000 2244.713379 0.000000 0.633874 0.000000 0.773436 0.331650 0.331650 0.331650
6663.561523 0.000000 2253.864502 0.000000 0.693342 0.000000 0.720608 0.333371 0.333371 0.333371
6670.486328 0.000000 2241.572510 0.000000 0.911059 0.000000 0.412276 0.342462 0.342462 0.342462
6761.423340 0.000000 2235.312744 0.000000 0.802675 0.000000 0.596416 0.341178 0.341178 0.341178
6765.255371 0.000000 2257.766113 0.000000 0.868932 0.000000 0.494932 0.341563 0.341563 0.341563
6730.048340 0.000000 2248.390869 0.000000 0.694469 0.000000 0.719522 0.340491 0.340491 0.340491
6739.298340 0.000000 2220.837891 0.000000 0.936275 0.000000 0.351268 0.345076 0.345076 0.345076
6769.916504 0.000000 2220.680664 0.000000 0.750198 0.000000 0.661214 0.338227 0.338227 0.338227
6729.163574 0.000000 2242.191406 0.000000 0.928247 0.000000 0.371965 0.344855 0.344855 0.344855
6778.165039 0.000000 2225.441406 0.000000 0.639653 0.000000 0.768663 0.337972 0.337972 0.337972
6745.550293 0.000000 2214.491943 0.000000 0.930971 0.000000 0.365093 0.345412 0.345412 0.345412
6740.194824 0.000000 2248.803467 0.000000 0.838035 0.000000 0.545617 0.340595 0.340595 0.340595
6742.003418 0.000000 2216.593018 0.000000 0.946144 0.000000 0.323745 0.345477 0.345477 0.345477
6779.875488 0.000000 2217.096924 0.000000 0.940830 0.000000 0.338880 0.345257 0.345257 0.345257
6768.887695 0.000000 2227.766113 0.000000 0.694270 0.000000 0.719715 0.338522 0.338522 0.338522
6743.828125 0.000000 2227.067383 0.000000 0.932557 0.000000 0.361023 0.345191 0.345191 0.345191
6736.310547 0.000000 2227.685303 0.000000 0.747511 0.000000 0.664250 0.339907 0.339907 0.339907
6756.176270 0.000000 2246.910156 0.000000 0.784627 0.000000 0.619968 0.339161 0.339161 0.339161
6730.749023 0.000000 2245.083496 0.000000 0.633266 0.000000 0.773934 0.337859 0.337859 0.337859
6762.699707 0.000000 2243.269531 0.000000 0.862032 0.000000 0.506854 0.341338 0.341338 0.341338
6741.436035 0.000000 2254.188477 0.000000 0.819212 0.000000 0.573490 0.339887 0.339887 0.339887
6747.116211 0.000000 2221.365967 0.000000 0.932387 0.000000 0.361461 0.344926 0.344926 0.344926
6742.697754 0.000000 2249.409180 0.000000 0.783049 0.000000 0.621960 0.339061 0.339061 0.339061
6765.602051 0.000000 2242.815674 0.000000 0.625174 0.000000 0.780485 0.335408 0.335408 0.335408
6767.560547 0.000000 2245.654297 0.000000 0.844694 0.000000 0.535249 0.341289 0.341289 0.341289
6741.389160 0.000000 2246.116455 0.000000 0.876167 0.000000 0.482008 0.341804 0.341804 0.341804
6758.352539 0.000000 2252.079102 0.000000 0.872270 0.000000 0.489025 0.341673 0.341673 0.341673
6764.263184 0.000000 2253.065674 0.000000 0.739308 0.000000 0.673367 0.337961 0.337961 0.337961
6764.424316 0.000000 2255.436768 0.000000 0.942112 0.000000 0.335297 0.344428 0.344428 0.344428
6735.784668 0.000000 2244.713379 0.000000 0.663487 0.000000 0.748188 0.337517 0.337517 0.337517
6764.435059 0.000000 2238.865723 0.000000 0.948739 0.000000 0.316060 0.344760 0.344760 0.344760
6774.075195 0.000000 2224.435547 0.000000 0.674996 0.000000 0.737821 0.334555 0.334555 0.334555
6760.272949 0.000000 2253.106201 0.000000 0.658505 0.000000 0.752576 0.336116 0.336116 0.336116
6798.189453 0.000000 2239.334473 0.000000 0.641156 0.000000 0.767410 0.338076 0.338076 0.338076
6789.002930 0.000000 2239.018555 0.000000 0.825051 0.000000 0.565058 0.340214 0.340214 0.340214
6784.073242 0.000000 2241.452148 0.000000 0.708529 0.000000 0.705681 0.337234 0.337234 0.337234
6793.808105 0.000000 2238.596191 0.000000 0.622356 0.000000 0.782734 0.335349 0.335349 0.335349
6788.219238 0.000000 2235.524658 0.000000 0.909830 0.000000 0.414981 0.343587 0.343587 0.343587
6795.713867 0.000000 2240.893799 0.000000 0.736284 0.000000 0.676673 0.337888 0.337888 0.337888
6795.567871 0.000000 2243.043945 0.000000 0.747962 0.000000 0.663742 0.338172 0.338172 0.338172
6175.273438 0.000000 2427.220215 0.000000 0.614516 0.000000 0.788904 0.335981 0.335981 0.335981
6196.392090 0.000000 2420.730469 0.000000 0.682453 0.000000 0.730930 0.336033 0.336033 0.336033
6173.075684 0.000000 2424.743896 0.000000 0.832005 0.000000 0.554769 0.336896 0.336896 0.336896
6236.116211 0.000000 2427.759277 0.000000 0.947278 0.000000 0.320411 0.344856 0.344856 0.344856
6230.797363 0.000000 2429.802734 0.000000 0.788293 0.000000 0.615301 0.341168 0.341168 0.341168
6226.974121 0.000000 2430.230957 0.000000 0.739488 0.000000 0.673170 0.339321 0.339321 0.339321
6636.186523 0.000000 2307.083252 0.000000 0.949351 0.000000 0.314219 0.345615 0.345615 0.345615
6638.271484 0.000000 2296.663574 0.000000 0.691840 0.000000 0.722051 0.339073 0.339073 0.339073
6641.916504 0.000000 2277.165039 0.000000 0.791384 0.000000 0.611320 0.339684 0.339684 0.339684
6648.634766 0.000000 2295.163574 0.000000 0.718895 0.000000 0.695118 0.337475 0.337475 0.337475
6643.521484 0.000000 2287.383789 0.000000 0.768401 0.000000 0.639969 0.337864 0.337864 0.337864
6634.133789 0.000000 2263.512451 0.000000 0.866155 0.000000 0.499775 0.342821 0.342821 0.342821
6648.851562 0.000000 2290.987305 0.000000 0.795837 0.000000 0.605511 0.339145 0.339145 0.339145
6645.757812 0.000000 2278.739746 0.000000 0.665144 0.000000 0.746715 0.336260 0.336260 0.336260
6645.811523 0.000000 2300.674072 0.000000 0.925486 0.000000 0.378782 0.344671 0.344671 0.344671
6636.877441 0.000000 2293.161865 0.000000 0.602497 0.000000 0.798121 0.335909 0.335909 0.335909
6646.755859 0.000000 2285.470459 0.000000 0.748985 0.000000 0.662587 0.336267 0.336267 0.336267
6643.006836 0.000000 2267.820068 0.000000 0.760968 0.000000 0.648789 0.340284 0.340284 0.340284
6644.612793 0.000000 2275.086914 0.000000 0.852659 0.000000 0.522468 0.339624 0.339624 0.339624
6624.693359 0.000000 2311.363281 0.000000 0.814792 0.000000 0.579753 0.339922 0.339922 0.339922
6652.718750 0.000000 2300.606445 0.000000 0.651487 0.000000 0.758660 0.336793 0.336793 0.336793
6645.008789 0.000000 2303.596924 0.000000 0.937928 0.000000 0.346830 0.345141 0.345141 0.345141
6628.101074 0.000000 2307.236328 0.000000 0.798992 0.000000 0.601341 0.340529 0.340529 0.340529
6634.622559 0.000000 2313.400146 0.000000 0.939694 0.000000 0.342016 0.344312 0.344312 0.344312
6647.542480 0.000000 2282.504883 0.000000 0.906519 0.000000 0.422165 0.342555 0.342555 0.342555
6652.341309 0.000000 2312.542725 0.000000 0.839846 0.000000 0.542825 0.338142 0.338142 0.338142
6643.409180 0.000000 2284.861328 0.000000 0.643324 0.000000 0.765594 0.335638 0.335638 0.335638
6650.085938 0.000000 2306.533691 0.000000 0.610262 0.000000 0.792199 0.336657 0.336657 0.336657
6647.370605 0.000000 2293.030518 0.000000 0.590654 0.000000 0.806925 0.336094 0.336094 0.336094
6651.743652 0.000000 2310.102539 0.000000 0.588470 0.000000 0.808519 0.334161 0.334161 0.334161
6644.127930 0.000000 2277.257568 0.000000 0.793165 0.000000 0.609007 0.337641 0.337641 0.337641
6646.375000 0.000000 2290.924805 0.000000 0.845077 0.000000 0.534644 0.339797 0.339797 0.339797
6644.417969 0.000000 2289.699951 0.000000 0.941947 0.000000 0.335762 0.343807 0.343807 0.343807
6624.929688 0.000000 2315.852539 0.000000 0.941762 0.000000 0.336281 0.344441 0.344441 0.344441
6646.803711 0.000000 2317.925537 0.000000 0.739577 0.000000 0.673072 0.339871 0.339871 0.339871
6655.419434 0.000000 2337.731445 0.000000 0.764898 0.000000 0.644151 0.340398 0.340398 0.340398
6639.844727 0.000000 2322.969727 0.000000 0.867704 0.000000 0.497081 0.341522 0.341522 0.341522
6629.443359 0.000000 2335.661377 0.000000 0.772342 0.000000 0.635207 0.340558 0.340558 0.340558
6642.317383 0.000000 2319.050537 0.000000 0.921074 0.000000 0.389388 0.345107 0.345107 0.345107
6608.913574 0.000000 2348.429443 0.000000 0.589931 0.000000 0.807454 0.338380 0.338380 0.338380
6605.646484 0.000000 2356.605713 0.000000 0.753352 0.000000 0.657618 0.340155 0.340155 0.340155
6638.165527 0.000000 2333.401611 0.000000 0.770843 0.000000 0.637025 0.338625 0.338625 0.338625
6641.098145 0.000000 2330.235352 0.000000 0.669414 0.000000 0.742890 0.336427 0.336427 0.336427
6644.612793 0.000000 2331.571289 0.000000 0.587940 0.000000 0.808904 0.336662 0.336662 0.336662
6637.457031 0.000000 2320.072998 0.000000 0.840903 0.000000 0.541187 0.339582 0.339582 0.339582
6631.553711 0.000000 2333.061768 0.000000 0.948811 0.000000 0.315845 0.344862 0.344862 0.344862
6631.443848 0.000000 2327.148682 0.000000 0.756481 0.000000 0.654016 0.338383 0.338383 0.338383
6635.534668 0.000000 2331.849121 0.000000 0.837146 0.000000 0.546979 0.340569 0.340569 0.340569
6644.969238 0.000000 2320.217285 0.000000 0.915800 0.000000 0.401635 0.344330 0.344330 0.344330
6642.542480 0.000000 2321.657959 0.000000 0.915764 0.000000 0.401717 0.344040 0.344040 0.344040
6648.357422 0.000000 2324.206299 0.000000 0.852802 0.000000 0.522234 0.342054 0.342054 0.342054
6631.590820 0.000000 2319.474609 0.000000 0.612094 0.000000 0.790785 0.335136 0.335136 0.335136
6638.630859 0.000000 2339.635986 0.000000 0.754122 0.000000 0.656735 0.338324 0.338324 0.338324
6618.002441 0.000000 2329.894775 0.000000 0.937739 0.000000 0.347340 0.344219 0.344219 0.344219
6655.835938 0.000000 2320.343506 0.000000 0.947248 0.000000 0.320501 0.343087 0.343087 0.343087
6628.142090 0.000000 2315.954590 0.000000 0.754568 0.000000 0.656222 0.338961 0.338961 0.338961
6632.628906 0.000000 2321.999756 0.000000 0.610718 0.000000 0.791848 0.334070 0.334070 0.334070
6639.774902 0.000000 2335.047852 0.000000 0.921606 0.000000 0.388128 0.343504 0.343504 0.343504
6654.677246 0.000000 2318.405518 0.000000 0.751645 0.000000 0.659567 0.334550 0.334550 0.334550
6638.915039 0.000000 2324.945068 0.000000 0.755922 0.000000 0.654662 0.338369 0.338369 0.338369
6633.380859 0.000000 2331.806885 0.000000 0.878111 0.000000 0.478457 0.341870 0.341870 0.341870
6630.302734 0.000000 2328.926025 0.000000 0.761917 0.000000 0.647675 0.338519 0.338519 0.338519
6393.915527 0.000000 2496.027344 0.000000 0.782810 0.000000 0.622260 0.341197 0.341197 0.341197
6397.449707 0.000000 2494.798584 0.000000 0.757849 0.000000 0.652430 0.339535 0.339535 0.339535
6397.258301 0.000000 2497.326904 0.000000 0.827632 0.000000 0.561271 0.341148 0.341148 0.341148
6413.467773 0.000000 2500.867676 0.000000 0.612539 0.000000 0.790440 0.334986 0.334986 0.334986
6405.348633 0.000000 2493.754395 0.000000 0.777813 0.000000 0.628496 0.340202 0.340202 0.340202
6406.798828 0.000000 2499.579590 0.000000 0.746918 0.000000 0.664916 0.339163 0.339163 0.339163
6406.202148 0.000000 2496.825195 0.000000 0.940743 0.000000 0.339121 0.343168 0.343168 0.343168
6510.444824 0.000000 2593.159180 0.000000 0.723500 0.000000 0.690324 0.340346 0.340346 0.340346
6684.282227 0.000000 2296.270996 0.000000 0.887879 0.000000 0.460078 0.343441 0.343441 0.343441
6676.950195 0.000000 2268.544189 0.000000 0.840073 0.000000 0.542474 0.342134 0.342134 0.342134
6674.736816 0.000000 2309.496094 0.000000 0.810195 0.000000 0.586161 0.339793 0.339793 0.339793
6688.264648 0.000000 2281.243408 0.000000 0.611659 0.000000 0.791122 0.336842 0.336842 0.336842
6719.419434 0.000000 2281.247070 0.000000 0.661878 0.000000 0.749611 0.338374 0.338374 0.338374
6665.453613 0.000000 2265.694336 0.000000 0.725577 0.000000 0.688141 0.339854 0.339854 0.339854
6713.729980 0.000000 2300.164551 0.000000 0.918789 0.000000 0.394749 0.343387 0.343387 0.343387
6702.271484 0.000000 2296.663574 0.000000 0.669048 0.000000 0.743220 0.337005 0.337005 0.337005
6688.909180 0.000000 2301.618408 0.000000 0.626065 0.000000 0.779771 0.337732 0.337732 0.337732
6717.041992 0.000000 2315.033203 0.000000 0.811376 0.000000 0.584525 0.336608 0.336608 0.336608
6675.298340 0.000000 2277.322266 0.000000 0.728078 0.000000 0.685494 0.339639 0.339639 0.339639
6665.095215 0.000000 2271.362305 0.000000 0.871501 0.000000 0.490394 0.343752 0.343752 0.343752
6713.614258 0.000000 2311.756104 0.000000 0.684913 0.000000 0.728625 0.334593 0.334593 0.334593
6706.569336 0.000000 2315.348877 0.000000 0.945569 0.000000 0.325421 0.344077 0.344077 0.344077
6718.112305 0.000000 2303.293701 0.000000 0.940113 0.000000 0.340864 0.344332 0.344332 0.344332
6697.605957 0.000000 2296.856445 0.000000 0.803154 0.000000 0.595772 0.336672 0.336672 0.336672
6718.127441 0.000000 2276.814941 0.000000 0.676003 0.000000 0.736899 0.336970 0.336970 0.336970
6678.690430 0.000000 2287.391846 0.000000 0.738612 0.000000 0.674131 0.339851 0.339851 0.339851
6678.302246 0.000000 2264.428955 0.000000 0.729612 0.000000 0.683861 0.339900 0.339900 0.339900
6688.344727 0.000000 2297.692627 0.000000 0.783977 0.000000 0.620790 0.339817 0.339817 0.339817
6709.811523 0.000000 2300.674072 0.000000 0.832772 0.000000 0.553615 0.341336 0.341336 0.341336
6714.308594 0.000000 2303.974609 0.000000 0.825145 0.000000 0.564921 0.339640 0.339640 0.339640
6710.755859 0.000000 2285.470459 0.000000 0.671540 0.000000 0.740968 0.338552 0.338552 0.338552
6695.131348 0.000000 2294.354248 0.000000 0.918005 0.000000 0.396569 0.342411 0.342411 0.342411
6673.116211 0.000000 2306.622559 0.000000 0.806502 0.000000 0.591232 0.337397 0.337397 0.337397
6706.335449 0.000000 2280.268066 0.000000 0.802352 0.000000 0.596851 0.341226 0.341226 0.341226
6698.699707 0.000000 2299.753906 0.000000 0.903475 0.000000 0.428641 0.340497 0.340497 0.340497
6662.827637 0.000000 2315.373779 0.000000 0.873956 0.000000 0.486005 0.339113 0.339113 0.339113
6706.616699 0.000000 2305.428223 0.000000 0.629996 0.000000 0.776599 0.334576 0.334576 0.334576
6714.988770 0.000000 2293.009033 0.000000 0.844692 0.000000 0.535252 0.342252 0.342252 0.342252
6686.841309 0.000000 2291.007080 0.000000 0.654151 0.000000 0.756364 0.338233 0.338233 0.338233
6683.116211 0.000000 2277.850342 0.000000 0.710273 0.000000 0.703926 0.337274 0.337274 0.337274
6666.422852 0.000000 2283.122559 0.000000 0.846501 0.000000 0.532388 0.342298 0.342298 0.342298
6662.297363 0.000000 2260.723145 0.000000 0.749162 0.000000 0.662386 0.337442 0.337442 0.337442
6665.349609 0.000000 2311.930176 0.000000 0.863121 0.000000 0.504997 0.338644 0.338644 0.338644
6692.101074 0.000000 2307.236328 0.000000 0.802748 0.000000 0.596319 0.339588 0.339588 0.339588
6677.228027 0.000000 2297.280029 0.000000 0.710116 0.000000 0.704084 0.339284 0.339284 0.339284
6678.909180 0.000000 2270.374756 0.000000 0.943233 0.000000 0.332133 0.344941 0.344941 0.344941
6694.885742 0.000000 2303.536621 0.000000 0.688062 0.000000 0.725652 0.334675 0.334675 0.334675
6701.602051 0.000000 2299.300049 0.000000 0.942936 0.000000 0.332973 0.343252 0.343252 0.343252
6672.687988 0.000000 2294.560059 0.000000 0.766526 0.000000 0.642213 0.338727 0.338727 0.338727
6715.596680 0.000000 2275.901367 0.000000 0.794526 0.000000 0.607230 0.338738 0.338738 0.338738
6687.885254 0.000000 2278.565186 0.000000 0.690723 0.000000 0.723119 0.336828 0.336828 0.336828
6718.188965 0.000000 2274.449707 0.000000 0.853526 0.000000 0.521050 0.339943 0.339943 0.339943
6675.281738 0.000000 2315.029541 0.000000 0.592637 0.000000 0.805470 0.334289 0.334289 0.334289
6674.931641 0.000000 2290.701172 0.000000 0.949328 0.000000 0.314287 0.345013 0.345013 0.345013
6689.958496 0.000000 2299.604004 0.000000 0.802291 0.000000 0.596934 0.339576 0.339576 0.339576
6656.013672 0.000000 2263.897705 0.000000 0.750075 0.000000 0.661353 0.338224 0.338224 0.338224
6710.447266 0.000000 2308.584473 0.000000 0.912503 0.000000 0.409071 0.342046 0.342046 0.342046
6663.299805 0.000000 2300.113037 0.000000 0.884805 0.000000 0.465962 0.341063 0.341063 0.341063
6719.211914 0.000000 2270.206787 0.000000 0.916102 0.000000 0.400944 0.342214 0.342214 0.342214
6761.206543 0.000000 2267.918701 0.000000 0.778654 0.000000 0.627453 0.338947 0.338947 0.338947
6740.950195 0.000000 2268.544189 0.000000 0.936096 0.000000 0.351744 0.345069 0.345069 0.345069
6734.189453 0.000000 2295.818848 0.000000 0.795325 0.000000 0.606184 0.342574 0.342574 0.342574
6761.423340 0.000000 2291.797119 0.000000 0.796922 0.000000 0.604082 0.341442 0.341442 0.341442
6762.581543 0.000000 2278.179932 0.000000 0.817039 0.000000 0.576582 0.339395 0.339395 0.339395
6730.048340 0.000000 2304.875244 0.000000 0.781805 0.000000 0.623524 0.339235 0.339235 0.339235
6741.035156 0.000000 2300.092041 0.000000 0.668153 0.000000 0.744024 0.336326 0.336326 0.336326
6723.716309 0.000000 2300.481201 0.000000 0.906899 0.000000 0.421347 0.342912 0.342912 0.342912
6720.315430 0.000000 2285.800537 0.000000 0.946549 0.000000 0.322559 0.345494 0.345494 0.345494
6721.476562 0.000000 2265.833740 0.000000 0.642277 0.000000 0.766472 0.339622 0.339622 0.339622
6736.020996 0.000000 2303.603271 0.000000 0.892933 0.000000 0.450189 0.343553 0.343553 0.343553
6734.716309 0.000000 2269.108643 0.000000 0.739367 0.000000 0.673302 0.339802 0.339802 0.339802
6769.916504 0.000000 2277.165039 0.000000 0.826787 0.000000 0.562515 0.342065 0.342065 0.342065
6729.095215 0.000000 2271.362305 0.000000 0.773705 0.000000 0.633546 0.338099 0.338099 0.338099
6747.974121 0.000000 2291.104492 0.000000 0.791453 0.000000 0.611230 0.337560 0.337560 0.337560
6725.002930 0.000000 2295.502930 0.000000 0.708178 0.000000 0.706034 0.339246 0.339246 0.339246
6724.861816 0.000000 2287.329590 0.000000 0.903234 0.000000 0.429149 0.343915 0.343915 0.343915
6762.133789 0.000000 2263.512451 0.000000 0.873579 0.000000 0.486683 0.340806 0.340806 0.340806
6761.396484 0.000000 2273.133789 0.000000 0.889225 0.000000 0.457471 0.341945 0.341945 0.341945
6757.993652 0.000000 2288.938232 0.000000 0.666932 0.000000 0.745119 0.336300 0.336300 0.336300
6725.348633 0.000000 2267.816895 0.000000 0.677049 0.000000 0.735938 0.337606 0.337606 0.337606
6751.822266 0.000000 2285.436035 0.000000 0.861454 0.000000 0.507835 0.340342 0.340342 0.340342
6730.276367 0.000000 2279.982422 0.000000 0.644210 0.000000 0.764848 0.335809 0.335809 0.335809
6761.764648 0.000000 2287.699219 0.000000 0.940016 0.000000 0.341130 0.345224 0.345224 0.345224
6754.040527 0.000000 2277.679932 0.000000 0.593241 0.000000 0.805025 0.334751 0.334751 0.334751
6754.139648 0.000000 2261.101318 0.000000 0.931746 0.000000 0.363112 0.345292 0.345292 0.345292
6729.808105 0.000000 2295.080566 0.000000 0.797360 0.000000 0.603504 0.341112 0.341112 0.341112
6756.675781 0.000000 2292.217041 0.000000 0.654342 0.000000 0.756198 0.338124 0.338124 0.338124
6749.234863 0.000000 2283.083740 0.000000 0.723562 0.000000 0.690259 0.339016 0.339016 0.339016
6771.006836 0.000000 2267.820068 0.000000 0.802793 0.000000 0.596258 0.341236 0.341236 0.341236
6765.457031 0.000000 2263.588623 0.000000 0.674462 0.000000 0.738309 0.336102 0.336102 0.336102
6730.749023 0.000000 2301.567871 0.000000 0.770908 0.000000 0.636947 0.339320 0.339320 0.339320
6738.867188 0.000000 2302.338867 0.000000 0.703768 0.000000 0.710430 0.337124 0.337124 0.337124
6735.660156 0.000000 2310.540283 0.000000 0.945356 0.000000 0.326040 0.344675 0.344675 0.344675
6732.424805 0.000000 2277.794678 0.000000 0.917332 0.000000 0.398124 0.343989 0.343989 0.343989
6749.075684 0.000000 2311.775146 0.000000 0.760365 0.000000 0.649496 0.339499 0.339499 0.339499
6726.656738 0.000000 2308.192871 0.000000 0.876467 0.000000 0.481462 0.342582 0.342582 0.342582
6742.343750 0.000000 2276.767334 0.000000 0.877668 0.000000 0.479269 0.343143 0.343143 0.343143
6726.113770 0.000000 2298.333496 0.000000 0.694143 0.000000 0.719837 0.336905 0.336905 0.336905
6753.860352 0.000000 2268.116211 0.000000 0.871996 0.000000 0.489514 0.342379 0.342379 0.342379
6763.534668 0.000000 2275.364746 0.000000 0.670422 0.000000 0.741980 0.335828 0.335828 0.335828
6748.116211 0.000000 2314.790527 0.000000 0.884827 0.000000 0.465920 0.343351 0.343351 0.343351
6731.713867 0.000000 2297.378174 0.000000 0.745919 0.000000 0.666036 0.340001 0.340001 0.340001
6728.260254 0.000000 2268.380615 0.000000 0.943622 0.000000 0.331026 0.344723 0.344723 0.344723
6733.243652 0.000000 2266.616211 0.000000 0.950957 0.000000 0.309324 0.345658 0.345658 0.345658
6722.892090 0.000000 2297.576172 0.000000 0.645708 0.000000 0.763585 0.337511 0.337511 0.337511
6750.841309 0.000000 2291.007080 0.000000 0.658361 0.000000 0.752702 0.331794 0.331794 0.331794
6736.764160 0.000000 2275.326904 0.000000 0.767734 0.000000 0.640768 0.340459 0.340459 0.340459
6744.982910 0.000000 2263.248779 0.000000 0.794570 0.000000 0.607172 0.341049 0.341049 0.341049
6722.759766 0.000000 2268.489502 0.000000 0.787319 0.000000 0.616546 0.337461 0.337461 0.337461
6740.862305 0.000000 2308.041992 0.000000 0.654368 0.000000 0.756176 0.336252 0.336252 0.336252
6747.115234 0.000000 2288.658691 0.000000 0.734871 0.000000 0.678207 0.335933 0.335933 0.335933
6741.389160 0.000000 2302.600830 0.000000 0.779053 0.000000 0.626958 0.338957 0.338957 0.338957
6753.496582 0.000000 2283.605713 0.000000 0.789003 0.000000 0.614389 0.339247 0.339247 0.339247
6763.597168 0.000000 2261.399414 0.000000 0.654670 0.000000 0.755915 0.335996 0.335996 0.335996
6753.651855 0.000000 2295.572510 0.000000 0.801845 0.000000 0.597531 0.338025 0.338025 0.338025
6767.774902 0.000000 2278.563477 0.000000 0.802227 0.000000 0.597018 0.340133 0.340133 0.340133
6728.162109 0.000000 2279.095703 0.000000 0.787030 0.000000 0.616914 0.339166 0.339166 0.339166
6755.886719 0.000000 2289.999512 0.000000 0.788598 0.000000 0.614909 0.338050 0.338050 0.338050
6744.281738 0.000000 2281.390137 0.000000 0.640534 0.000000 0.767930 0.336420 0.336420 0.336420
6720.164062 0.000000 2315.714111 0.000000 0.927775 0.000000 0.373140 0.341714 0.341714 0.341714
6721.729980 0.000000 2291.967285 0.000000 0.911914 0.000000 0.410382 0.343109 0.343109 0.343109
6761.191406 0.000000 2261.505371 0.000000 0.716307 0.000000 0.697785 0.337077 0.337077 0.337077
6760.507812 0.000000 2283.797363 0.000000 0.883116 0.000000 0.469154 0.342042 0.342042 0.342042
6751.716309 0.000000 2299.825684 0.000000 0.853108 0.000000 0.521734 0.340935 0.340935 0.340935
6753.958496 0.000000 2299.604004 0.000000 0.848069 0.000000 0.529886 0.341143 0.341143 0.341143
6758.302734 0.000000 2272.441650 0.000000 0.896608 0.000000 0.442825 0.341342 0.341342 0.341342
6710.803711 0.000000 2317.925537 0.000000 0.780786 0.000000 0.624798 0.337321 0.337321 0.337321
6698.581543 0.000000 2334.664307 0.000000 0.767995 0.000000 0.640455 0.340525 0.340525 0.340525
6717.524414 0.000000 2321.372803 0.000000 0.933559 0.000000 0.358423 0.343081 0.343081 0.343081
6670.146973 0.000000 2337.712891 0.000000 0.784474 0.000000 0.620161 0.341320 0.341320 0.341320
6675.298340 0.000000 2333.806641 0.000000 0.894592 0.000000 0.446883 0.344474 0.344474 0.344474
6663.650879 0.000000 2333.346680 0.000000 0.800287 0.000000 0.599617 0.339830 0.339830 0.339830
6697.396484 0.000000 2329.618164 0.000000 0.897410 0.000000 0.441197 0.343732 0.343732 0.343732
6678.596680 0.000000 2336.390625 0.000000 0.884893 0.000000 0.465793 0.342104 0.342104 0.342104
6656.173340 0.000000 2317.684082 0.000000 0.666190 0.000000 0.745782 0.331944 0.331944 0.331944
6656.110840 0.000000 2326.223877 0.000000 0.632257 0.000000 0.774759 0.330251 0.330251 0.330251
6679.828125 0.000000 2340.036133 0.000000 0.675707 0.000000 0.737170 0.336492 0.336492 0.336492
6690.139648 0.000000 2317.585693 0.000000 0.637617 0.000000 0.770353 0.337014 0.337014 0.337014
6700.817383 0.000000 2325.385254 0.000000 0.844716 0.000000 0.535214 0.340797 0.340797 0.340797
6660.061523 0.000000 2332.069092 0.000000 0.901044 0.000000 0.433727 0.342865 0.342865 0.342865
6685.234863 0.000000 2339.568115 0.000000 0.605724 0.000000 0.795675 0.337377 0.337377 0.337377
6685.587891 0.000000 2335.527100 0.000000 0.847129 0.000000 0.531388 0.342314 0.342314 0.342314
6695.553711 0.000000 2333.061768 0.000000 0.653839 0.000000 0.756634 0.338227 0.338227 0.338227
6714.815430 0.000000 2323.428467 0.000000 0.916574 0.000000 0.399865 0.343925 0.343925 0.343925
6668.396484 0.000000 2328.367188 0.000000 0.895926 0.000000 0.444203 0.343766 0.343766 0.343766
6678.343750 0.000000 2333.251709 0.000000 0.691057 0.000000 0.722800 0.338741 0.338741 0.338741
6699.534668 0.000000 2331.849121 0.000000 0.873418 0.000000 0.486972 0.343022 0.343022 0.343022
6708.969238 0.000000 2320.217285 0.000000 0.649263 0.000000 0.760564 0.338145 0.338145 0.338145
6662.202148 0.000000 2327.372070 0.000000 0.611098 0.000000 0.791555 0.329649 0.329649 0.329649
6715.279297 0.000000 2341.060791 0.000000 0.865244 0.000000 0.501350 0.340478 0.340478 0.340478
6660.015137 0.000000 2321.946533 0.000000 0.888179 0.000000 0.459497 0.339758 0.339758 0.339758
6656.974121 0.000000 2328.567139 0.000000 0.844920 0.000000 0.534893 0.339816 0.339816 0.339816
6719.450684 0.000000 2323.788574 0.000000 0.942946 0.000000 0.332944 0.344039 0.344039 0.344039
6692.534668 0.000000 2333.037354 0.000000 0.911832 0.000000 0.410563 0.343568 0.343568 0.343568
6719.835938 0.000000 2320.343506 0.000000 0.715242 0.000000 0.698877 0.335395 0.335395 0.335395
6696.628906 0.000000 2321.999756 0.000000 0.869431 0.000000 0.494055 0.341714 0.341714 0.341714
6671.571289 0.000000 2322.471924 0.000000 0.723725 0.000000 0.690089 0.337855 0.337855 0.337855
6658.523438 0.000000 2330.274170 0.000000 0.919318 0.000000 0.393515 0.343409 0.343409 0.343409
6660.206055 0.000000 2318.114258 0.000000 0.863897 0.000000 0.503669 0.338677 0.338677 0.338677
6676.672363 0.000000 2335.416748 0.000000 0.774630 0.000000 0.632415 0.338843 0.338843 0.338843
6750.802246 0.000000 2315.920410 0.000000 0.880009 0.000000 0.474958 0.343167 0.343167 0.343167
6751.430176 0.000000 2326.631348 0.000000 0.932856 0.000000 0.360250 0.344477 0.344477 0.344477
6783.419434 0.000000 2337.731445 0.000000 0.687306 0.000000 0.726368 0.336822 0.336822 0.336822
6758.270996 0.000000 2317.266357 0.000000 0.937027 0.000000 0.349256 0.343687 0.343687 0.343687
6742.797363 0.000000 2316.833984 0.000000 0.635700 0.000000 0.771936 0.331622 0.331622 0.331622
6757.084961 0.000000 2330.656982 0.000000 0.864187 0.000000 0.503171 0.341661 0.341661 0.341661
6758.465332 0.000000 2340.957031 0.000000 0.864317 0.000000 0.502947 0.342517 0.342517 0.342517
6729.095215 0.000000 2327.846680 0.000000 0.647429 0.000000 0.762126 0.335386 0.335386 0.335386
6756.590332 0.000000 2325.865967 0.000000 0.603305 0.000000 0.797511 0.332576 0.332576 0.332576
6771.521484 0.000000 2343.868164 0.000000 0.912795 0.000000 0.408418 0.344228 0.344228 0.344228
6758.192871 0.000000 2321.566162 0.000000 0.596665 0.000000 0.802490 0.332786 0.332786 0.332786
6720.110840 0.000000 2326.223877 0.000000 0.903335 0.000000 0.428937 0.343376 0.343376 0.343376
6738.974121 0.000000 2317.262207 0.000000 0.811709 0.000000 0.584063 0.336293 0.336293 0.336293
6754.139648 0.000000 2317.585693 0.000000 0.918242 0.000000 0.396020 0.343365 0.343365 0.343365
6731.269531 0.000000 2325.189453 0.000000 0.922184 0.000000 0.386751 0.341152 0.341152 0.341152
6753.860352 0.000000 2324.600586 0.000000 0.827579 0.000000 0.561349 0.340183 0.340183 0.340183
6732.406250 0.000000 2316.807617 0.000000 0.910611 0.000000 0.413265 0.340507 0.340507 0.340507
6760.221680 0.000000 2336.302734 0.000000 0.673617 0.000000 0.739081 0.338590 0.338590 0.338590
6756.294922 0.000000 2319.516113 0.000000 0.710426 0.000000 0.703772 0.337278 0.337278 0.337278
6762.549316 0.000000 2326.970703 0.000000 0.743062 0.000000 0.669223 0.339942 0.339942 0.339942
6722.759766 0.000000 2324.973877 0.000000 0.680076 0.000000 0.733141 0.336589 0.336589 0.336589
6736.434082 0.000000 2345.920654 0.000000 0.924076 0.000000 0.382209 0.344431 0.344431 0.344431
6728.000977 0.000000 2319.920654 0.000000 0.648619 0.000000 0.761113 0.330726 0.330726 0.330726
6753.762695 0.000000 2327.228027 0.000000 0.657156 0.000000 0.753754 0.336087 0.336087 0.336087
6740.737793 0.000000 2315.862305 0.000000 0.942219 0.000000 0.334999 0.343000 0.343000 0.343000
6754.304199 0.000000 2331.959229 0.000000 0.886916 0.000000 0.461930 0.342301 0.342301 0.342301
6803.921875 0.000000 2340.184814 0.000000 0.637540 0.000000 0.770417 0.331863 0.331863 0.331863
6800.310547 0.000000 2340.654053 0.000000 0.614536 0.000000 0.788889 0.334551 0.334551 0.334551
6784.205078 0.000000 2338.278076 0.000000 0.808585 0.000000 0.588379 0.335984 0.335984 0.335984
6800.003418 0.000000 2343.162109 0.000000 0.794529 0.000000 0.607227 0.335460 0.335460 0.335460
6789.852539 0.000000 2338.704834 0.000000 0.678869 0.000000 0.734259 0.333608 0.333608 0.333608
6941.260254 0.000000 2576.066162 0.000000 0.825699 0.000000 0.564112 0.339552 0.339552 0.339552
6939.115234 0.000000 2571.080566 0.000000 0.598284 0.000000 0.801284 0.329331 0.329331 0.329331
6941.193848 0.000000 2568.008057 0.000000 0.746886 0.000000 0.664953 0.333792 0.333792 0.333792
6291.921875 0.000000 2848.544189 0.000000 0.860868 0.000000 0.508829 0.343843 0.343843 0.343843
6282.276367 0.000000 2844.826172 0.000000 0.876643 0.000000 0.481142 0.338816 0.338816 0.338816
6296.763672 0.000000 2854.949951 0.000000 0.712059 0.000000 0.702119 0.339016 0.339016 0.339016
6293.939941 0.000000 2849.552246 0.000000 0.606827 0.000000 0.794834 0.332660 0.332660 0.332660
6671.660156 0.000000 2875.384033 0.000000 0.687486 0.000000 0.726198 0.333737 0.333737 0.333737
7426.892090 0.000000 3370.779297 0.000000 0.716188 0.000000 0.697908 0.339538 0.339538 0.339538
"}
object={
	name="oak_generator_1_2"
	clamp_to_water_level=no
	render_under_water=no
	generated_content=yes
	layer="semidynamic"
	pdxmesh="oak_tree_03_mesh"
	count=1514
	transform="1777.916626 0.000000 1203.961914 0.000000 0.955576 0.000000 0.294744 0.346432 0.346432 0.346432
1767.675415 0.000000 1240.945801 0.000000 0.963693 0.000000 0.267012 0.346694 0.346694 0.346694
1769.606079 0.000000 1223.653320 0.000000 0.992137 0.000000 -0.125160 0.351815 0.351815 0.351815
1790.018555 0.000000 1212.067017 0.000000 0.984678 0.000000 -0.174381 0.352236 0.352236 0.352236
1781.757935 0.000000 1205.536621 0.000000 0.980856 0.000000 0.194733 0.347500 0.347500 0.347500
1769.764648 0.000000 1214.496094 0.000000 0.953315 0.000000 -0.301977 0.354610 0.354610 0.354610
1758.089844 0.000000 1215.107178 0.000000 0.963802 0.000000 -0.266617 0.353962 0.353962 0.353962
1766.985352 0.000000 1218.036255 0.000000 0.989842 0.000000 -0.142173 0.352119 0.352119 0.352119
1768.581299 0.000000 1216.436279 0.000000 0.987888 0.000000 -0.155169 0.352518 0.352518 0.352518
1788.270508 0.000000 1290.990112 0.000000 0.996659 0.000000 0.081672 0.348925 0.348925 0.348925
1759.430420 0.000000 1253.428223 0.000000 0.999961 0.000000 0.008772 0.349869 0.349869 0.349869
1780.449829 0.000000 1275.416748 0.000000 0.974657 0.000000 0.223706 0.347122 0.347122 0.347122
1791.419312 0.000000 1264.528320 0.000000 0.964632 0.000000 -0.263602 0.353461 0.353461 0.353461
1761.639404 0.000000 1272.693848 0.000000 0.994335 0.000000 0.106293 0.348460 0.348460 0.348460
1773.233887 0.000000 1268.553589 0.000000 0.973438 0.000000 0.228949 0.345519 0.345519 0.345519
1750.797119 0.000000 1243.630859 0.000000 0.989855 0.000000 -0.142079 0.351794 0.351794 0.351794
1766.465210 0.000000 1267.754028 0.000000 0.972999 0.000000 0.230810 0.345777 0.345777 0.345777
1758.773926 0.000000 1259.127930 0.000000 0.997836 0.000000 0.065748 0.349097 0.349097 0.349097
1775.365356 0.000000 1273.459839 0.000000 0.981479 0.000000 0.191568 0.346926 0.346926 0.346926
1779.720459 0.000000 1280.528076 0.000000 0.993707 0.000000 -0.112015 0.351457 0.351457 0.351457
1758.599976 0.000000 1292.359863 0.000000 0.974758 0.000000 0.223263 0.346980 0.346980 0.346980
1779.521606 0.000000 1270.665161 0.000000 0.965566 0.000000 -0.260159 0.354174 0.354174 0.354174
1759.822266 0.000000 1268.717407 0.000000 0.994981 0.000000 -0.100066 0.351301 0.351301 0.351301
1781.757935 0.000000 1262.020996 0.000000 0.984703 0.000000 -0.174242 0.352234 0.352234 0.352234
1769.764648 0.000000 1270.980469 0.000000 0.997047 0.000000 0.076790 0.348543 0.348543 0.348543
1764.219849 0.000000 1282.813721 0.000000 0.996937 0.000000 -0.078213 0.351077 0.351077 0.351077
1756.682983 0.000000 1256.090210 0.000000 0.960112 0.000000 -0.279615 0.353640 0.353640 0.353640
1777.098145 0.000000 1257.032227 0.000000 0.992283 0.000000 0.123992 0.348284 0.348284 0.348284
1760.693359 0.000000 1294.644531 0.000000 0.962404 0.000000 0.271621 0.346154 0.346154 0.346154
1758.662720 0.000000 1288.846680 0.000000 0.987410 0.000000 0.158179 0.347800 0.347800 0.347800
1766.737793 0.000000 1281.134155 0.000000 0.963903 0.000000 0.266254 0.346197 0.346197 0.346197
1788.718994 0.000000 1283.887695 0.000000 0.999439 0.000000 0.033501 0.349551 0.349551 0.349551
1764.314209 0.000000 1296.052124 0.000000 0.971131 0.000000 -0.238547 0.353368 0.353368 0.353368
1770.549194 0.000000 1253.767578 0.000000 0.965259 0.000000 -0.261296 0.354227 0.354227 0.354227
1766.386963 0.000000 1265.004395 0.000000 0.999164 0.000000 -0.040877 0.350679 0.350679 0.350679
1763.895264 0.000000 1255.169922 0.000000 0.996685 0.000000 0.081352 0.348651 0.348651 0.348651
1767.437012 0.000000 1270.038208 0.000000 0.982604 0.000000 0.185715 0.346703 0.346703 0.346703
1776.749756 0.000000 1265.263916 0.000000 0.991027 0.000000 0.133660 0.347997 0.347997 0.347997
1778.281372 0.000000 1342.209839 0.000000 0.987685 0.000000 0.156455 0.347701 0.347701 0.347701
1742.189453 0.000000 1335.584351 0.000000 0.997301 0.000000 0.073418 0.349117 0.349117 0.349117
1769.423462 0.000000 1331.562866 0.000000 0.994318 0.000000 -0.106446 0.351915 0.351915 0.351915
1789.734009 0.000000 1333.350830 0.000000 0.996911 0.000000 -0.078542 0.351752 0.351752 0.351752
1791.683594 0.000000 1312.181030 0.000000 0.999692 0.000000 -0.024813 0.350322 0.350322 0.350322
1773.255371 0.000000 1354.016113 0.000000 0.998593 0.000000 -0.053032 0.350709 0.350709 0.350709
1780.449829 0.000000 1331.901123 0.000000 0.973735 0.000000 0.227683 0.345394 0.345394 0.345394
1753.268799 0.000000 1315.549805 0.000000 0.962875 0.000000 -0.269946 0.353929 0.353929 0.353929
1749.034912 0.000000 1339.857788 0.000000 0.999881 0.000000 -0.015440 0.350202 0.350202 0.350202
1773.233887 0.000000 1325.037964 0.000000 0.967833 0.000000 -0.251593 0.353489 0.353489 0.353489
1753.924683 0.000000 1352.381104 0.000000 0.992598 0.000000 0.121446 0.348484 0.348484 0.348484
1786.134033 0.000000 1326.605103 0.000000 0.951632 0.000000 -0.307239 0.355867 0.355867 0.355867
1773.790894 0.000000 1312.478760 0.000000 0.992293 0.000000 0.123916 0.348421 0.348421 0.348421
1767.675415 0.000000 1353.914551 0.000000 0.975887 0.000000 0.218276 0.346837 0.346837 0.346837
1754.661499 0.000000 1320.578247 0.000000 0.990301 0.000000 -0.138936 0.351882 0.351882 0.351882
1791.097656 0.000000 1338.529785 0.000000 0.960760 0.000000 -0.277381 0.356263 0.356263 0.356263
1777.044556 0.000000 1347.824585 0.000000 0.992837 0.000000 0.119477 0.348315 0.348315 0.348315
1786.165039 0.000000 1321.691284 0.000000 0.987218 0.000000 -0.159373 0.352475 0.352475 0.352475
1732.861816 0.000000 1327.095215 0.000000 0.996881 0.000000 0.078915 0.349003 0.349003 0.349003
1785.614258 0.000000 1351.521729 0.000000 0.999397 0.000000 -0.034709 0.350452 0.350452 0.350452
1765.993652 0.000000 1328.703979 0.000000 0.999403 0.000000 0.034555 0.349518 0.349518 0.349518
1761.638062 0.000000 1345.909302 0.000000 0.980831 0.000000 0.194860 0.347404 0.347404 0.347404
1739.936890 0.000000 1331.910034 0.000000 0.984460 0.000000 0.175611 0.347748 0.347748 0.347748
1789.935669 0.000000 1329.170654 0.000000 0.998491 0.000000 0.054919 0.348776 0.348776 0.348776
1790.018555 0.000000 1325.035767 0.000000 0.999759 0.000000 0.021939 0.349608 0.349608 0.349608
1770.157837 0.000000 1321.976929 0.000000 0.984331 0.000000 0.176331 0.347746 0.347746 0.347746
1760.344604 0.000000 1337.458252 0.000000 0.999863 0.000000 0.016524 0.349760 0.349760 0.349760
1777.158813 0.000000 1333.769043 0.000000 0.960464 0.000000 0.278404 0.344466 0.344466 0.344466
1776.887695 0.000000 1324.016113 0.000000 0.985844 0.000000 0.167663 0.347483 0.347483 0.347483
1762.139526 0.000000 1300.866943 0.000000 0.970743 0.000000 -0.240122 0.353189 0.353189 0.353189
1772.817139 0.000000 1308.666626 0.000000 0.968192 0.000000 0.250208 0.346774 0.346774 0.346774
1776.446289 0.000000 1309.971436 0.000000 0.980475 0.000000 0.196643 0.347475 0.347475 0.347475
1787.742432 0.000000 1336.817627 0.000000 0.980873 0.000000 -0.194648 0.354365 0.354365 0.354365
1784.579102 0.000000 1348.302979 0.000000 0.999955 0.000000 -0.009440 0.350127 0.350127 0.350127
1766.643433 0.000000 1350.842773 0.000000 0.989520 0.000000 -0.144395 0.352083 0.352083 0.352083
1772.084717 0.000000 1329.884399 0.000000 0.999941 0.000000 -0.010817 0.350178 0.350178 0.350178
1751.871582 0.000000 1338.621704 0.000000 0.992873 0.000000 0.119178 0.348319 0.348319 0.348319
1778.335327 0.000000 1320.033691 0.000000 0.988697 0.000000 0.149927 0.347837 0.347837 0.347837
1764.314209 0.000000 1352.536499 0.000000 0.976871 0.000000 0.213829 0.346903 0.346903 0.346903
1788.880859 0.000000 1322.370361 0.000000 0.957546 0.000000 0.288282 0.344979 0.344979 0.344979
1770.622314 0.000000 1353.165649 0.000000 0.997041 0.000000 0.076874 0.348921 0.348921 0.348921
1787.206421 0.000000 1329.121338 0.000000 0.959590 0.000000 0.281400 0.343719 0.343719 0.343719
1770.451904 0.000000 1334.074707 0.000000 0.997512 0.000000 -0.070497 0.351196 0.351196 0.351196
1790.888184 0.000000 1335.765625 0.000000 0.980417 0.000000 -0.196935 0.354417 0.354417 0.354417
1755.921387 0.000000 1315.096313 0.000000 0.977102 0.000000 0.212773 0.346918 0.346918 0.346918
1788.546265 0.000000 1327.080322 0.000000 0.999742 0.000000 0.022703 0.349554 0.349554 0.349554
1774.584106 0.000000 1347.921143 0.000000 0.977758 0.000000 0.209736 0.346926 0.346926 0.346926
1762.794434 0.000000 1337.400146 0.000000 0.951896 0.000000 0.306420 0.345251 0.345251 0.345251
1784.713501 0.000000 1328.563599 0.000000 0.992194 0.000000 0.124700 0.347504 0.347504 0.347504
1780.417847 0.000000 1329.465698 0.000000 0.964392 0.000000 0.264477 0.345381 0.345381 0.345381
1787.060547 0.000000 1341.732910 0.000000 0.955442 0.000000 0.295178 0.344096 0.344096 0.344096
1853.734009 0.000000 1163.897705 0.000000 0.958642 0.000000 0.284616 0.346167 0.346167 0.346167
1852.270508 0.000000 1178.021362 0.000000 0.997898 0.000000 0.064800 0.349261 0.349261 0.349261
1849.729980 0.000000 1170.477051 0.000000 0.988674 0.000000 0.150079 0.348170 0.348170 0.348170
1818.840820 0.000000 1156.391846 0.000000 0.997306 0.000000 -0.073349 0.350885 0.350885 0.350885
1823.273193 0.000000 1184.563965 0.000000 0.996424 0.000000 -0.084493 0.350998 0.350998 0.350998
1813.636475 0.000000 1184.189697 0.000000 0.955401 0.000000 -0.295312 0.353838 0.353838 0.353838
1845.811401 0.000000 1170.986572 0.000000 0.997475 0.000000 -0.071018 0.350938 0.350938 0.350938
1833.927490 0.000000 1174.420776 0.000000 0.996877 0.000000 -0.078969 0.351012 0.351012 0.351012
1888.909058 0.000000 1171.930786 0.000000 0.998986 0.000000 -0.045029 0.350581 0.350581 0.350581
1874.852783 0.000000 1166.294922 0.000000 0.980028 0.000000 0.198861 0.347446 0.347446 0.347446
1872.913574 0.000000 1162.257568 0.000000 0.979244 0.000000 0.202685 0.347405 0.347405 0.347405
1857.602173 0.000000 1160.060791 0.000000 0.980248 0.000000 -0.197774 0.352635 0.352635 0.352635
1888.344604 0.000000 1168.005127 0.000000 0.989357 0.000000 0.145507 0.348175 0.348175 0.348175
1892.176392 0.000000 1173.707153 0.000000 0.994786 0.000000 -0.101985 0.351558 0.351558 0.351558
1897.246460 0.000000 1177.999268 0.000000 0.996405 0.000000 0.084715 0.348762 0.348762 0.348762
1892.100952 0.000000 1177.548828 0.000000 0.961922 0.000000 0.273324 0.345573 0.345573 0.345573
1894.352295 0.000000 1178.875977 0.000000 0.986229 0.000000 0.165384 0.347343 0.347343 0.347343
1820.282104 0.000000 1223.067871 0.000000 0.999866 0.000000 -0.016356 0.350209 0.350209 0.350209
1810.736938 0.000000 1236.292969 0.000000 0.954500 0.000000 0.298210 0.346097 0.346097 0.346097
1811.921631 0.000000 1210.497314 0.000000 0.995059 0.000000 -0.099282 0.351416 0.351416 0.351416
1795.716309 0.000000 1227.278076 0.000000 0.994606 0.000000 0.103728 0.348325 0.348325 0.348325
1850.134033 0.000000 1213.636353 0.000000 0.982453 0.000000 0.186513 0.347607 0.347607 0.347607
1818.616821 0.000000 1192.381348 0.000000 0.991326 0.000000 0.131423 0.347581 0.347581 0.347581
1806.146729 0.000000 1208.025391 0.000000 0.999688 0.000000 -0.024997 0.350315 0.350315 0.350315
1805.066528 0.000000 1239.388062 0.000000 0.969735 0.000000 0.244161 0.346853 0.346853 0.346853
1841.916626 0.000000 1203.961914 0.000000 0.971645 0.000000 0.236443 0.347163 0.347163 0.347163
1826.074463 0.000000 1191.691650 0.000000 0.999206 0.000000 0.039833 0.349509 0.349509 0.349509
1809.626343 0.000000 1191.381348 0.000000 0.995516 0.000000 -0.094597 0.351618 0.351618 0.351618
1855.097656 0.000000 1225.561035 0.000000 0.991862 0.000000 0.127319 0.348355 0.348355 0.348355
1796.861816 0.000000 1214.126465 0.000000 0.993094 0.000000 -0.117322 0.351608 0.351608 0.351608
1838.917847 0.000000 1207.486572 0.000000 0.993821 0.000000 0.110996 0.348659 0.348659 0.348659
1842.569214 0.000000 1242.145630 0.000000 0.961316 0.000000 0.275447 0.346440 0.346440 0.346440
1810.852783 0.000000 1222.779297 0.000000 0.998842 0.000000 -0.048115 0.350582 0.350582 0.350582
1823.949707 0.000000 1220.427856 0.000000 0.988062 0.000000 0.154055 0.348027 0.348027 0.348027
1848.851562 0.000000 1217.784302 0.000000 0.965142 0.000000 -0.261727 0.353378 0.353378 0.353378
1834.064331 0.000000 1237.495728 0.000000 0.958200 0.000000 0.286098 0.346438 0.346438 0.346438
1818.844482 0.000000 1187.889404 0.000000 0.993870 0.000000 0.110559 0.348553 0.348553 0.348553
1792.390503 0.000000 1229.722046 0.000000 0.985752 0.000000 0.168205 0.347371 0.347371 0.347371
1792.073120 0.000000 1224.733398 0.000000 0.952757 0.000000 -0.303733 0.355191 0.355191 0.355191
1845.757935 0.000000 1205.536621 0.000000 0.999395 0.000000 0.034792 0.349567 0.349567 0.349567
1802.276367 0.000000 1206.779297 0.000000 0.999743 0.000000 0.022662 0.349710 0.349710 0.349710
1850.308594 0.000000 1230.771484 0.000000 0.989920 0.000000 -0.141626 0.351881 0.351881 0.351881
1841.158813 0.000000 1220.800293 0.000000 0.994648 0.000000 0.103327 0.348553 0.348553 0.348553
1808.310547 0.000000 1210.966431 0.000000 0.961277 0.000000 0.275584 0.345987 0.345987 0.345987
1796.061279 0.000000 1202.381470 0.000000 0.998344 0.000000 0.057534 0.349256 0.349256 0.349256
1816.358154 0.000000 1194.682861 0.000000 0.967095 0.000000 -0.254416 0.353855 0.353855 0.353855
1802.748779 0.000000 1228.364746 0.000000 0.954277 0.000000 0.298925 0.345822 0.345822 0.345822
1801.939697 0.000000 1201.460327 0.000000 0.957092 0.000000 0.289785 0.345774 0.345774 0.345774
1803.443359 0.000000 1216.158936 0.000000 0.975975 0.000000 -0.217883 0.353387 0.353387 0.353387
1807.844482 0.000000 1189.299072 0.000000 0.965597 0.000000 0.260044 0.346069 0.346069 0.346069
1793.278687 0.000000 1232.047119 0.000000 0.999740 0.000000 0.022814 0.349647 0.349647 0.349647
1829.505493 0.000000 1241.859497 0.000000 0.999659 0.000000 0.026107 0.349562 0.349562 0.349562
1816.196777 0.000000 1192.439941 0.000000 0.995766 0.000000 -0.091923 0.351794 0.351794 0.351794
1859.716309 0.000000 1227.278076 0.000000 0.989434 0.000000 -0.144986 0.352015 0.352015 0.352015
1856.315308 0.000000 1212.597412 0.000000 0.974301 0.000000 0.225251 0.347191 0.347191 0.347191
1892.050049 0.000000 1222.461426 0.000000 0.999587 0.000000 -0.028745 0.350350 0.350350 0.350350
1865.163696 0.000000 1225.472656 0.000000 0.965114 0.000000 -0.261832 0.353484 0.353484 0.353484
1886.773926 0.000000 1202.643555 0.000000 0.999830 0.000000 0.018436 0.349748 0.349748 0.349748
1882.661499 0.000000 1207.609497 0.000000 0.983348 0.000000 0.181730 0.346982 0.346982 0.346982
1893.443237 0.000000 1205.973877 0.000000 0.960641 0.000000 -0.277791 0.353591 0.353591 0.353591
1887.822266 0.000000 1212.233032 0.000000 0.983231 0.000000 0.182367 0.347396 0.347396 0.347396
1897.764648 0.000000 1214.496094 0.000000 0.977555 0.000000 0.210682 0.347292 0.347292 0.347292
1879.828003 0.000000 1210.348633 0.000000 0.971859 0.000000 0.235565 0.346592 0.346592 0.346592
1890.040283 0.000000 1204.476807 0.000000 0.970109 0.000000 0.242670 0.346873 0.346873 0.346873
1862.113892 0.000000 1225.130371 0.000000 0.995711 0.000000 0.092515 0.348689 0.348689 0.348689
1965.255371 0.000000 1184.562988 0.000000 0.993784 0.000000 0.111324 0.348304 0.348304 0.348304
1951.430420 0.000000 1140.459473 0.000000 0.993680 0.000000 -0.112254 0.351887 0.351887 0.351887
1937.893799 0.000000 1143.002319 0.000000 0.994633 0.000000 -0.103466 0.351377 0.351377 0.351377
1953.456543 0.000000 1143.612427 0.000000 0.995459 0.000000 -0.095192 0.351470 0.351470 0.351470
1967.961792 0.000000 1184.947388 0.000000 0.995542 0.000000 0.094317 0.348564 0.348564 0.348564
1958.270874 0.000000 1187.578857 0.000000 0.978678 0.000000 -0.205401 0.353010 0.353010 0.353010
1954.139526 0.000000 1187.898193 0.000000 0.973213 0.000000 -0.229903 0.353040 0.353040 0.353040
1792.354126 0.000000 1290.624146 0.000000 0.994866 0.000000 0.101206 0.348543 0.348543 0.348543
1824.264404 0.000000 1264.524780 0.000000 0.992508 0.000000 0.122176 0.348165 0.348165 0.348165
1806.189453 0.000000 1279.099976 0.000000 0.982824 0.000000 -0.184544 0.352603 0.352603 0.352603
1822.802368 0.000000 1242.717407 0.000000 0.994131 0.000000 -0.108184 0.351695 0.351695 0.351695
1807.347534 0.000000 1242.940308 0.000000 0.999661 0.000000 0.026033 0.349701 0.349701 0.349701
1837.255371 0.000000 1297.531738 0.000000 0.996619 0.000000 0.082163 0.349058 0.349058 0.349058
1834.581665 0.000000 1261.461060 0.000000 0.998561 0.000000 0.053622 0.349334 0.349334 0.349334
1831.866577 0.000000 1284.359863 0.000000 0.953916 0.000000 0.300075 0.346112 0.346112 0.346112
1849.729980 0.000000 1283.445801 0.000000 0.958071 0.000000 0.286530 0.346635 0.346635 0.346635
1799.693237 0.000000 1274.488770 0.000000 0.970537 0.000000 -0.240951 0.352945 0.352945 0.352945
1792.315308 0.000000 1269.081787 0.000000 0.999597 0.000000 0.028377 0.349601 0.349601 0.349601
1793.476685 0.000000 1249.114990 0.000000 0.965186 0.000000 -0.261563 0.353180 0.353180 0.353180
1808.020752 0.000000 1286.884521 0.000000 0.992248 0.000000 -0.124275 0.352009 0.352009 0.352009
1799.651001 0.000000 1260.143677 0.000000 0.999078 0.000000 -0.042933 0.350524 0.350524 0.350524
1819.974365 0.000000 1274.385742 0.000000 0.999956 0.000000 0.009364 0.349879 0.349879 0.349879
1797.003174 0.000000 1278.784302 0.000000 0.960546 0.000000 0.278121 0.345727 0.345727 0.345727
1796.956909 0.000000 1288.823364 0.000000 0.961214 0.000000 -0.275803 0.354383 0.354383 0.354383
1815.427856 0.000000 1291.651611 0.000000 0.987825 0.000000 -0.155569 0.352443 0.352443 0.352443
1842.317383 0.000000 1245.847412 0.000000 0.972023 0.000000 0.234886 0.346975 0.346975 0.346975
1813.636475 0.000000 1297.158447 0.000000 0.966841 0.000000 -0.255378 0.353802 0.353802 0.353802
1834.133911 0.000000 1246.793579 0.000000 0.991448 0.000000 -0.130504 0.351704 0.351704 0.351704
1812.194824 0.000000 1288.569092 0.000000 0.996171 0.000000 0.087424 0.348596 0.348596 0.348596
1814.690430 0.000000 1270.673218 0.000000 0.957813 0.000000 0.287391 0.346154 0.346154 0.346154
1829.993652 0.000000 1272.219604 0.000000 0.993622 0.000000 0.112767 0.348395 0.348395 0.348395
1801.424194 0.000000 1270.530029 0.000000 0.996221 0.000000 -0.086859 0.351102 0.351102 0.351102
1801.597778 0.000000 1292.531738 0.000000 0.954948 0.000000 0.296772 0.345314 0.345314 0.345314
1848.851562 0.000000 1274.268677 0.000000 0.979615 0.000000 0.200884 0.347455 0.347455 0.347455
1823.822266 0.000000 1268.717407 0.000000 0.954783 0.000000 0.297302 0.345516 0.345516 0.345516
1792.390503 0.000000 1286.206421 0.000000 0.985127 0.000000 0.171830 0.347420 0.347420 0.347420
1815.759277 0.000000 1286.782104 0.000000 0.971831 0.000000 -0.235678 0.354501 0.354501 0.354501
1826.040283 0.000000 1260.961182 0.000000 0.998284 0.000000 -0.058551 0.350745 0.350745 0.350745
1851.742432 0.000000 1280.333252 0.000000 0.955943 0.000000 -0.293552 0.353801 0.353801 0.353801
1818.772095 0.000000 1292.566528 0.000000 0.999337 0.000000 -0.036402 0.350592 0.350592 0.350592
1821.565796 0.000000 1285.954956 0.000000 0.996332 0.000000 0.085568 0.348697 0.348697 0.348697
1802.748779 0.000000 1284.849121 0.000000 0.990458 0.000000 0.137812 0.347934 0.347934 0.347934
1792.205078 0.000000 1265.074951 0.000000 0.989755 0.000000 0.142778 0.348066 0.348066 0.348066
1821.536743 0.000000 1282.669434 0.000000 0.988515 0.000000 -0.151120 0.352247 0.352247 0.352247
1810.867188 0.000000 1285.620117 0.000000 0.997996 0.000000 0.063275 0.348799 0.348799 0.348799
1821.075928 0.000000 1295.056396 0.000000 0.961196 0.000000 0.275865 0.346215 0.346215 0.346215
1805.152710 0.000000 1287.887329 0.000000 0.997968 0.000000 0.063719 0.348978 0.348978 0.348978
1828.294800 0.000000 1246.312988 0.000000 0.991982 0.000000 -0.126382 0.351904 0.351904 0.351904
1801.349487 0.000000 1295.211304 0.000000 0.961579 0.000000 0.274529 0.345918 0.345918 0.345918
1811.100220 0.000000 1295.403198 0.000000 0.986242 0.000000 -0.165310 0.352554 0.352554 0.352554
1819.115234 0.000000 1271.939941 0.000000 0.988001 0.000000 -0.154449 0.352175 0.352175 0.352175
1818.516602 0.000000 1281.435181 0.000000 0.997681 0.000000 0.068058 0.348961 0.348961 0.348961
1831.590698 0.000000 1246.271362 0.000000 0.991290 0.000000 0.131701 0.348038 0.348038 0.348038
1815.931152 0.000000 1294.373535 0.000000 0.967842 0.000000 -0.251560 0.354066 0.354066 0.354066
1811.150757 0.000000 1276.417847 0.000000 0.986187 0.000000 0.165635 0.347565 0.347565 0.347565
1792.956543 0.000000 1283.776123 0.000000 0.998399 0.000000 0.056570 0.349142 0.349142 0.349142
1797.188354 0.000000 1285.396362 0.000000 0.975942 0.000000 -0.218030 0.353438 0.353438 0.353438
1863.674683 0.000000 1266.602295 0.000000 0.984381 0.000000 0.176050 0.347387 0.347387 0.347387
1874.736938 0.000000 1292.777344 0.000000 0.963311 0.000000 -0.268387 0.353870 0.353870 0.353870
1870.189453 0.000000 1279.099976 0.000000 0.987699 0.000000 -0.156368 0.352401 0.352401 0.352401
1856.290283 0.000000 1277.021362 0.000000 0.989593 0.000000 0.143892 0.348158 0.348158 0.348158
1859.589233 0.000000 1255.038452 0.000000 0.954830 0.000000 0.297154 0.346401 0.346401 0.346401
1875.921631 0.000000 1266.981689 0.000000 0.983140 0.000000 -0.182852 0.352113 0.352113 0.352113
1863.651001 0.000000 1260.143677 0.000000 0.974860 0.000000 -0.222819 0.353407 0.353407 0.353407
1860.956909 0.000000 1288.823364 0.000000 0.999984 0.000000 -0.005600 0.350071 0.350071 0.350071
1865.597778 0.000000 1292.531738 0.000000 0.975311 0.000000 0.220834 0.347257 0.347257 0.347257
1856.390503 0.000000 1286.206421 0.000000 0.981596 0.000000 0.190972 0.347565 0.347565 0.347565
1863.290527 0.000000 1285.501343 0.000000 0.994910 0.000000 0.100766 0.348712 0.348712 0.348712
1860.061279 0.000000 1258.865845 0.000000 0.999969 0.000000 0.007914 0.349885 0.349885 0.349885
1871.660034 0.000000 1293.821533 0.000000 0.968974 0.000000 -0.247163 0.353557 0.353557 0.353557
1869.152710 0.000000 1287.887329 0.000000 0.982677 0.000000 -0.185329 0.352981 0.352981 0.352981
1877.388916 0.000000 1285.882080 0.000000 0.999096 0.000000 -0.042502 0.350658 0.350658 0.350658
1871.784668 0.000000 1284.478882 0.000000 0.999515 0.000000 -0.031147 0.350470 0.350470 0.350470
1869.897339 0.000000 1285.764160 0.000000 0.964819 0.000000 -0.262914 0.354208 0.354208 0.354208
1795.834473 0.000000 1299.143188 0.000000 0.992354 0.000000 -0.123424 0.351557 0.351557 0.351557
1812.950073 0.000000 1308.309814 0.000000 0.953059 0.000000 0.302786 0.346304 0.346304 0.346304
1811.921631 0.000000 1323.466064 0.000000 0.996715 0.000000 -0.080985 0.351162 0.351162 0.351162
1807.347534 0.000000 1299.424683 0.000000 0.999703 0.000000 -0.024354 0.350350 0.350350 0.350350
1834.581665 0.000000 1317.945435 0.000000 0.989039 0.000000 0.147656 0.348109 0.348109 0.348109
1805.066528 0.000000 1352.356812 0.000000 0.999624 0.000000 -0.027414 0.350422 0.350422 0.350422
1818.661499 0.000000 1320.578247 0.000000 0.995933 0.000000 -0.090099 0.351297 0.351297 0.351297
1817.550537 0.000000 1310.742065 0.000000 0.998296 0.000000 0.058349 0.349260 0.349260 0.349260
1805.883423 0.000000 1347.636841 0.000000 0.974051 0.000000 -0.226329 0.353282 0.353282 0.353282
1810.852783 0.000000 1335.748047 0.000000 0.999823 0.000000 -0.018821 0.350278 0.350278 0.350278
1810.408936 0.000000 1327.550171 0.000000 0.975944 0.000000 0.218021 0.346937 0.346937 0.346937
1795.605225 0.000000 1322.417236 0.000000 0.964436 0.000000 -0.264316 0.353903 0.353903 0.353903
1792.173096 0.000000 1300.965210 0.000000 0.982366 0.000000 -0.186968 0.352399 0.352399 0.352399
1792.522339 0.000000 1314.842651 0.000000 0.953199 0.000000 0.302343 0.345840 0.345840 0.345840
1804.652466 0.000000 1324.567505 0.000000 0.995163 0.000000 -0.098235 0.351303 0.351303 0.351303
1801.888916 0.000000 1354.405640 0.000000 0.963911 0.000000 -0.266223 0.353968 0.353968 0.353968
1808.310547 0.000000 1323.935181 0.000000 0.996468 0.000000 0.083974 0.348792 0.348792 0.348792
1796.061279 0.000000 1315.350220 0.000000 0.969303 0.000000 0.245867 0.346527 0.346527 0.346527
1816.763672 0.000000 1329.871826 0.000000 0.977274 0.000000 0.211982 0.346967 0.346967 0.346967
1792.226196 0.000000 1350.457642 0.000000 0.990168 0.000000 0.139880 0.348075 0.348075 0.348075
1821.587891 0.000000 1318.808350 0.000000 0.969654 0.000000 -0.244481 0.353539 0.353539 0.353539
1802.748779 0.000000 1341.333496 0.000000 0.995969 0.000000 -0.089702 0.351421 0.351421 0.351421
1801.939697 0.000000 1314.429077 0.000000 0.996605 0.000000 -0.082329 0.351156 0.351156 0.351156
1794.892212 0.000000 1337.341919 0.000000 0.952110 0.000000 -0.305755 0.356883 0.356883 0.356883
1819.115967 0.000000 1317.615845 0.000000 0.982184 0.000000 0.187921 0.347299 0.347299 0.347299
1799.290405 0.000000 1333.812988 0.000000 0.999847 0.000000 0.017507 0.349624 0.349624 0.349624
1819.921387 0.000000 1315.096313 0.000000 0.995255 0.000000 0.097306 0.348599 0.348599 0.348599
1799.626831 0.000000 1345.490845 0.000000 0.999904 0.000000 -0.013872 0.350208 0.350208 0.350208
1803.346924 0.000000 1347.104614 0.000000 0.999198 0.000000 0.040040 0.349424 0.349424 0.349424
1794.873169 0.000000 1325.430908 0.000000 0.956297 0.000000 -0.292398 0.354823 0.354823 0.354823
1804.277832 0.000000 1354.396851 0.000000 0.997637 0.000000 -0.068706 0.351099 0.351099 0.351099
1952.264404 0.000000 1321.009155 0.000000 0.959871 0.000000 0.280443 0.345479 0.345479 0.345479
1965.790894 0.000000 1312.478760 0.000000 0.968428 0.000000 0.249295 0.346599 0.346599 0.346599
1937.893799 0.000000 1312.455444 0.000000 0.991841 0.000000 -0.127485 0.351569 0.351569 0.351569
1966.917847 0.000000 1320.455322 0.000000 0.951103 0.000000 0.308873 0.346008 0.346008 0.346008
1970.317383 0.000000 1302.331787 0.000000 0.989759 0.000000 0.142747 0.347328 0.347328 0.347328
1951.822266 0.000000 1325.201782 0.000000 0.999999 0.000000 -0.001511 0.350019 0.350019 0.350019
1969.098145 0.000000 1313.516602 0.000000 0.957492 0.000000 -0.288459 0.354896 0.354896 0.354896
1937.653076 0.000000 1307.609985 0.000000 0.984003 0.000000 0.178152 0.347441 0.347441 0.347441
1974.469360 0.000000 1309.294678 0.000000 0.992739 0.000000 -0.120291 0.351654 0.351654 0.351654
1969.495239 0.000000 1299.240723 0.000000 0.992368 0.000000 -0.123308 0.351691 0.351691 0.351691
1940.109741 0.000000 1310.830322 0.000000 0.988092 0.000000 -0.153867 0.352254 0.352254 0.352254
1180.282104 0.000000 1618.458496 0.000000 0.965121 0.000000 -0.261805 0.352986 0.352986 0.352986
1202.281372 0.000000 1624.631714 0.000000 0.999797 0.000000 0.020172 0.349771 0.349771 0.349771
1173.034912 0.000000 1622.279663 0.000000 0.966808 0.000000 0.255506 0.346896 0.346896 0.346896
1181.075928 0.000000 1633.962646 0.000000 0.999815 0.000000 -0.019258 0.350303 0.350303 0.350303
1180.116333 0.000000 1636.978149 0.000000 0.999998 0.000000 -0.001887 0.350031 0.350031 0.350031
1199.961792 0.000000 1636.822388 0.000000 0.955213 0.000000 -0.295919 0.354659 0.354659 0.354659
1185.210693 0.000000 1631.005371 0.000000 0.957436 0.000000 -0.288646 0.354401 0.354401 0.354401
1175.931152 0.000000 1633.279785 0.000000 0.994281 0.000000 -0.106797 0.351702 0.351702 0.351702
1258.581665 0.000000 1600.367310 0.000000 0.997223 0.000000 -0.074472 0.350896 0.350896 0.350896
1248.909058 0.000000 1623.805786 0.000000 0.992937 0.000000 0.118640 0.348421 0.348421 0.348421
1229.066528 0.000000 1634.778687 0.000000 0.990948 0.000000 -0.134246 0.351641 0.351641 0.351641
1227.936890 0.000000 1614.331909 0.000000 0.993055 0.000000 -0.117649 0.351520 0.351520 0.351520
1239.759277 0.000000 1625.688354 0.000000 0.995871 0.000000 -0.090778 0.351386 0.351386 0.351386
1257.764648 0.000000 1609.886719 0.000000 0.999693 0.000000 -0.024760 0.350312 0.350312 0.350312
1223.290527 0.000000 1624.407593 0.000000 0.998773 0.000000 0.049525 0.349227 0.349227 0.349227
1252.675659 0.000000 1614.404541 0.000000 0.998666 0.000000 0.051631 0.349307 0.349307 0.349307
1243.115234 0.000000 1610.846191 0.000000 0.999841 0.000000 0.017808 0.349707 0.349707 0.349707
1237.388916 0.000000 1624.788330 0.000000 0.968803 0.000000 -0.247831 0.353917 0.353917 0.353917
1229.897339 0.000000 1624.670410 0.000000 0.966437 0.000000 0.256905 0.345755 0.345755 0.345755
1230.486328 0.000000 1620.244263 0.000000 0.973542 0.000000 -0.228508 0.353918 0.353918 0.353918
1215.683594 0.000000 1651.087280 0.000000 0.970757 0.000000 -0.240066 0.353050 0.353050 0.353050
1213.935669 0.000000 1668.076904 0.000000 0.999861 0.000000 0.016685 0.349794 0.349794 0.349794
1195.597290 0.000000 1640.071411 0.000000 0.990717 0.000000 -0.135943 0.352163 0.352163 0.352163
1177.026123 0.000000 1638.294800 0.000000 0.952130 0.000000 -0.305693 0.354642 0.354642 0.354642
1197.664185 0.000000 1645.042480 0.000000 0.953941 0.000000 -0.299993 0.354925 0.354925 0.354925
1247.430420 0.000000 1648.818848 0.000000 0.995332 0.000000 0.096512 0.348813 0.348813 0.348813
1233.626343 0.000000 1643.256348 0.000000 0.994909 0.000000 -0.100778 0.351270 0.351270 0.351270
1241.550537 0.000000 1649.648315 0.000000 0.992146 0.000000 -0.125083 0.351578 0.351578 0.351578
1233.893799 0.000000 1651.361694 0.000000 0.993014 0.000000 0.117994 0.348522 0.348522 0.348522
1229.333862 0.000000 1642.376221 0.000000 0.999113 0.000000 -0.042120 0.350530 0.350530 0.350530
1270.803467 0.000000 1753.081787 0.000000 0.953406 0.000000 -0.301692 0.353468 0.353468 0.353468
1342.612427 0.000000 1746.171509 0.000000 0.987019 0.000000 0.160603 0.347696 0.347696 0.347696
1345.469238 0.000000 1749.079346 0.000000 0.996235 0.000000 -0.086689 0.351282 0.351282 0.351282
1295.347534 0.000000 1751.299683 0.000000 0.982435 0.000000 -0.186603 0.352190 0.352190 0.352190
1782.803467 0.000000 1357.691162 0.000000 0.973952 0.000000 -0.226752 0.353088 0.353088 0.353088
1747.921631 0.000000 1379.950439 0.000000 0.993082 0.000000 0.117423 0.348082 0.348082 0.348082
1779.915527 0.000000 1367.666260 0.000000 0.995250 0.000000 0.097353 0.348756 0.348756 0.348756
1780.449829 0.000000 1388.385498 0.000000 0.997884 0.000000 0.065026 0.349082 0.349082 0.349082
1785.915649 0.000000 1366.339722 0.000000 0.996697 0.000000 -0.081214 0.351101 0.351101 0.351101
1767.675415 0.000000 1410.398926 0.000000 0.974244 0.000000 -0.225496 0.352902 0.352902 0.352902
1779.720459 0.000000 1393.496826 0.000000 0.997880 0.000000 -0.065080 0.350939 0.350939 0.350939
1750.596802 0.000000 1376.156128 0.000000 0.999208 0.000000 0.039781 0.349386 0.349386 0.349386
1758.227295 0.000000 1360.182373 0.000000 0.999914 0.000000 -0.013146 0.350167 0.350167 0.350167
1774.444580 0.000000 1406.987183 0.000000 0.968404 0.000000 -0.249386 0.353876 0.353876 0.353876
1787.742432 0.000000 1393.302002 0.000000 0.998479 0.000000 0.055137 0.349282 0.349282 0.349282
1771.827026 0.000000 1393.811768 0.000000 0.973086 0.000000 -0.230441 0.353495 0.353495 0.353495
1772.873901 0.000000 1400.614258 0.000000 0.997939 0.000000 -0.064176 0.350982 0.350982 0.350982
1748.950073 0.000000 1421.278564 0.000000 0.997344 0.000000 -0.072828 0.350869 0.350869 0.350869
1780.600708 0.000000 1435.323242 0.000000 0.999913 0.000000 0.013184 0.349845 0.349845 0.349845
1782.803467 0.000000 1414.175537 0.000000 0.999977 0.000000 -0.006763 0.350086 0.350086 0.350086
1766.270874 0.000000 1413.516357 0.000000 0.968011 0.000000 -0.250906 0.353346 0.353346 0.353346
1789.524414 0.000000 1417.622803 0.000000 0.951663 0.000000 -0.307144 0.353874 0.353874 0.353874
1765.084961 0.000000 1426.906982 0.000000 0.990721 0.000000 0.135910 0.348011 0.348011 0.348011
1791.097656 0.000000 1451.498535 0.000000 0.999971 0.000000 0.007573 0.349905 0.349905 0.349905
1753.550537 0.000000 1423.710815 0.000000 0.977751 0.000000 0.209770 0.347138 0.347138 0.347138
1750.302124 0.000000 1417.163452 0.000000 0.993553 0.000000 -0.113369 0.351449 0.351449 0.351449
1769.897095 0.000000 1412.137695 0.000000 0.997578 0.000000 -0.069554 0.350888 0.350888 0.350888
1776.887695 0.000000 1436.984863 0.000000 0.966419 0.000000 0.256970 0.346719 0.346719 0.346719
1772.817139 0.000000 1421.635376 0.000000 0.971731 0.000000 -0.236091 0.353041 0.353041 0.353041
1756.263916 0.000000 1421.405396 0.000000 0.993959 0.000000 -0.109750 0.351653 0.351653 0.351653
1781.610352 0.000000 1447.602173 0.000000 0.960449 0.000000 0.278458 0.345981 0.345981 0.345981
1773.452271 0.000000 1440.679199 0.000000 0.991668 0.000000 -0.128823 0.351834 0.351834 0.351834
1779.473267 0.000000 1452.487305 0.000000 0.954053 0.000000 -0.299637 0.354441 0.354441 0.354441
1756.903564 0.000000 1418.730713 0.000000 0.957819 0.000000 -0.287372 0.354546 0.354546 0.354546
1801.453857 0.000000 1361.944336 0.000000 0.999769 0.000000 -0.021474 0.350326 0.350326 0.350326
1799.693237 0.000000 1387.457520 0.000000 0.951168 0.000000 0.308674 0.346244 0.346244 0.346244
1805.066528 0.000000 1408.841187 0.000000 0.979626 0.000000 0.200830 0.347420 0.347420 0.347420
1795.856934 0.000000 1405.696899 0.000000 0.962837 0.000000 -0.270082 0.353489 0.353489 0.353489
1802.276367 0.000000 1376.232422 0.000000 0.998450 0.000000 -0.055660 0.350710 0.350710 0.350710
1809.116211 0.000000 1402.872559 0.000000 0.960616 0.000000 0.277881 0.345916 0.345916 0.345916
1794.492065 0.000000 1359.214600 0.000000 0.997584 0.000000 -0.069473 0.351002 0.351002 0.351002
1854.888184 0.000000 1392.250000 0.000000 0.997116 0.000000 -0.075893 0.351162 0.351162 0.351162
1798.927612 0.000000 1361.972412 0.000000 0.959591 0.000000 0.281400 0.345376 0.345376 0.345376
1884.282104 0.000000 1392.520996 0.000000 0.999982 0.000000 0.005943 0.349914 0.349914 0.349914
1874.736938 0.000000 1405.746094 0.000000 0.992898 0.000000 -0.118972 0.351391 0.351391 0.351391
1856.290283 0.000000 1389.990112 0.000000 0.989386 0.000000 0.145308 0.348133 0.348133 0.348133
1866.048218 0.000000 1401.125366 0.000000 0.994008 0.000000 0.109307 0.348249 0.348249 0.348249
1883.221802 0.000000 1401.653564 0.000000 0.998044 0.000000 0.062513 0.349262 0.349262 0.349262
1877.428101 0.000000 1387.972656 0.000000 0.999885 0.000000 0.015153 0.349811 0.349811 0.349811
1877.034912 0.000000 1396.342163 0.000000 0.951519 0.000000 0.307589 0.344495 0.344495 0.344495
1872.020752 0.000000 1399.853271 0.000000 0.964569 0.000000 -0.263832 0.355191 0.355191 0.355191
1857.469238 0.000000 1410.173096 0.000000 0.986315 0.000000 0.164869 0.347887 0.347887 0.347887
1861.003174 0.000000 1391.753052 0.000000 0.995108 0.000000 -0.098793 0.351254 0.351254 0.351254
1860.956909 0.000000 1401.792114 0.000000 0.991711 0.000000 -0.128491 0.351542 0.351542 0.351542
1907.521606 0.000000 1383.633911 0.000000 0.983294 0.000000 0.182026 0.347257 0.347257 0.347257
1887.949707 0.000000 1389.880981 0.000000 0.962800 0.000000 -0.270216 0.353646 0.353646 0.353646
1856.073120 0.000000 1394.186523 0.000000 0.998885 0.000000 -0.047207 0.350627 0.350627 0.350627
1909.757935 0.000000 1374.989746 0.000000 0.990294 0.000000 0.138985 0.348252 0.348252 0.348252
1902.444580 0.000000 1406.987183 0.000000 0.995761 0.000000 0.091984 0.348825 0.348825 0.348825
1900.877319 0.000000 1389.411987 0.000000 0.999243 0.000000 0.038897 0.349454 0.349454 0.349454
1874.867188 0.000000 1398.588867 0.000000 0.994643 0.000000 0.103365 0.348218 0.348218 0.348218
1904.015381 0.000000 1383.406494 0.000000 0.988569 0.000000 -0.150767 0.352420 0.352420 0.352420
1906.278564 0.000000 1386.333862 0.000000 0.999332 0.000000 -0.036542 0.350516 0.350516 0.350516
1885.260010 0.000000 1389.894287 0.000000 0.991475 0.000000 0.130298 0.348145 0.348145 0.348145
1903.560791 0.000000 1398.388672 0.000000 0.986692 0.000000 0.162599 0.347610 0.347610 0.347610
1867.346924 0.000000 1403.588989 0.000000 0.999970 0.000000 -0.007730 0.350119 0.350119 0.350119
1842.281372 0.000000 1455.178589 0.000000 0.987482 0.000000 -0.157732 0.351841 0.351841 0.351841
1855.683594 0.000000 1425.149780 0.000000 0.964339 0.000000 0.264670 0.346583 0.346583 0.346583
1823.430420 0.000000 1422.881348 0.000000 0.996554 0.000000 0.082945 0.348941 0.348941 0.348941
1802.048218 0.000000 1457.609741 0.000000 0.965194 0.000000 0.261533 0.346705 0.346705 0.346705
1817.268799 0.000000 1428.518555 0.000000 0.969882 0.000000 -0.243575 0.353300 0.353300 0.353300
1837.233887 0.000000 1438.006714 0.000000 0.989623 0.000000 0.143686 0.346787 0.346787 0.346787
1849.426636 0.000000 1429.508301 0.000000 0.953416 0.000000 -0.301659 0.354110 0.354110 0.354110
1818.840820 0.000000 1438.813721 0.000000 0.993443 0.000000 -0.114326 0.351827 0.351827 0.351827
1830.465210 0.000000 1437.207153 0.000000 0.960892 0.000000 -0.276924 0.356252 0.356252 0.356252
1793.476685 0.000000 1418.568115 0.000000 0.995780 0.000000 0.091774 0.348908 0.348908 0.348908
1837.790894 0.000000 1425.447510 0.000000 0.972672 0.000000 -0.232183 0.353307 0.353307 0.353307
1822.773926 0.000000 1428.581055 0.000000 0.996326 0.000000 0.085641 0.348591 0.348591 0.348591
1810.852783 0.000000 1448.716797 0.000000 0.999516 0.000000 -0.031120 0.350445 0.350445 0.350445
1842.317383 0.000000 1415.300537 0.000000 0.988952 0.000000 0.148239 0.348102 0.348102 0.348102
1822.227295 0.000000 1416.666748 0.000000 0.987307 0.000000 0.158823 0.347951 0.347951 0.347951
1847.430908 0.000000 1425.986450 0.000000 0.995335 0.000000 -0.096480 0.351233 0.351233 0.351233
1792.173096 0.000000 1413.933960 0.000000 0.990186 0.000000 -0.139757 0.351746 0.351746 0.351746
1833.764648 0.000000 1440.433594 0.000000 0.977610 0.000000 -0.210425 0.354724 0.354724 0.354724
1851.875732 0.000000 1426.315552 0.000000 0.987827 0.000000 0.155559 0.348007 0.348007 0.348007
1846.755981 0.000000 1438.204834 0.000000 0.996053 0.000000 -0.088760 0.351270 0.351270 0.351270
1821.234741 0.000000 1435.818115 0.000000 0.993821 0.000000 -0.110994 0.352342 0.352342 0.352342
1831.553711 0.000000 1429.311646 0.000000 0.999846 0.000000 0.017555 0.349709 0.349709 0.349709
1825.860474 0.000000 1420.850586 0.000000 0.995888 0.000000 -0.090591 0.351221 0.351221 0.351221
1842.278564 0.000000 1442.818237 0.000000 0.971348 0.000000 0.237660 0.345828 0.345828 0.345828
1819.115967 0.000000 1430.584595 0.000000 0.956659 0.000000 0.291212 0.344991 0.344991 0.344991
1818.616211 0.000000 1436.191772 0.000000 0.970535 0.000000 0.240960 0.345566 0.345566 0.345566
1830.386963 0.000000 1434.457520 0.000000 0.977474 0.000000 -0.211057 0.354738 0.354738 0.354738
1827.895264 0.000000 1424.623047 0.000000 0.974159 0.000000 -0.225864 0.353255 0.353255 0.353255
1812.724731 0.000000 1441.809814 0.000000 0.966492 0.000000 0.256695 0.345758 0.345758 0.345758
1843.409058 0.000000 1437.595581 0.000000 0.998711 0.000000 -0.050749 0.350750 0.350750 0.350750
1830.658447 0.000000 1420.330322 0.000000 0.999561 0.000000 0.029628 0.349574 0.349574 0.349574
1819.115234 0.000000 1441.393066 0.000000 0.989305 0.000000 0.145861 0.347832 0.347832 0.347832
1808.434082 0.000000 1442.170532 0.000000 0.977299 0.000000 0.211864 0.346913 0.346913 0.346913
1828.534668 0.000000 1429.287476 0.000000 0.975274 0.000000 0.220998 0.346203 0.346203 0.346203
1827.024292 0.000000 1432.681519 0.000000 0.991731 0.000000 0.128335 0.347149 0.347149 0.347149
1812.471069 0.000000 1433.934937 0.000000 0.978342 0.000000 -0.206994 0.353033 0.353033 0.353033
1823.885010 0.000000 1431.299438 0.000000 0.986406 0.000000 0.164327 0.346993 0.346993 0.346993
1816.466675 0.000000 1438.633423 0.000000 0.979279 0.000000 0.202514 0.346579 0.346579 0.346579
1840.749756 0.000000 1434.717041 0.000000 0.996522 0.000000 -0.083328 0.351367 0.351367 0.351367
1816.281860 0.000000 1434.124512 0.000000 0.996830 0.000000 0.079557 0.348615 0.348615 0.348615
1843.339844 0.000000 1447.398682 0.000000 0.980147 0.000000 -0.198270 0.353096 0.353096 0.353096
1865.453857 0.000000 1418.428711 0.000000 0.999995 0.000000 0.003266 0.349954 0.349954 0.349954
1870.716187 0.000000 1421.843018 0.000000 0.996104 0.000000 -0.088187 0.351184 0.351184 0.351184
1873.626343 0.000000 1417.318848 0.000000 0.999835 0.000000 -0.018170 0.350263 0.350263 0.350263
1906.317383 0.000000 1415.300537 0.000000 0.971464 0.000000 -0.237187 0.353055 0.353055 0.353055
1874.973877 0.000000 1413.512329 0.000000 0.999784 0.000000 0.020773 0.349735 0.349735 0.349735
1897.897095 0.000000 1412.137695 0.000000 0.977208 0.000000 -0.212286 0.352701 0.352701 0.352701
1864.260498 0.000000 1421.114990 0.000000 0.995250 0.000000 0.097348 0.348616 0.348616 0.348616
1866.448364 0.000000 1415.714355 0.000000 0.952668 0.000000 -0.304011 0.354319 0.354319 0.354319
2016.264404 0.000000 1433.977905 0.000000 0.983547 0.000000 -0.180654 0.352159 0.352159 0.352159
2021.084961 0.000000 1426.906982 0.000000 0.986947 0.000000 -0.161045 0.352325 0.352325 0.352325
2008.763672 0.000000 1442.840576 0.000000 0.960236 0.000000 0.279189 0.346118 0.346118 0.346118
2020.534668 0.000000 1429.287476 0.000000 0.995462 0.000000 0.095158 0.348630 0.348630 0.348630
1981.524414 0.000000 2321.372803 0.000000 0.965470 0.000000 -0.260513 0.353892 0.353892 0.353892
1989.568970 0.000000 2319.877197 0.000000 0.957885 0.000000 -0.287153 0.354314 0.354314 0.354314
1727.097656 0.000000 2637.670410 0.000000 0.998878 0.000000 -0.047356 0.350662 0.350662 0.350662
1713.044556 0.000000 2646.965088 0.000000 0.998545 0.000000 -0.053921 0.350900 0.350900 0.350900
1685.636475 0.000000 2652.783447 0.000000 0.982724 0.000000 0.185078 0.347617 0.347617 0.347617
1702.643433 0.000000 2649.983398 0.000000 0.999905 0.000000 0.013811 0.349800 0.349800 0.349800
1696.693359 0.000000 2650.269531 0.000000 0.993187 0.000000 0.116535 0.348260 0.348260 0.348260
1692.116333 0.000000 2653.696777 0.000000 0.993328 0.000000 -0.115320 0.351899 0.351899 0.351899
1724.341309 0.000000 2651.448975 0.000000 0.992617 0.000000 0.121290 0.348119 0.348119 0.348119
1710.584106 0.000000 2647.061768 0.000000 0.967503 0.000000 -0.252859 0.354255 0.354255 0.354255
1726.298462 0.000000 2647.751953 0.000000 0.999565 0.000000 0.029502 0.349540 0.349540 0.349540
1712.587158 0.000000 2649.207275 0.000000 0.979992 0.000000 -0.199037 0.353204 0.353204 0.353204
1749.636475 0.000000 2652.783447 0.000000 0.995158 0.000000 -0.098291 0.351462 0.351462 0.351462
1754.772095 0.000000 2648.191650 0.000000 0.995221 0.000000 -0.097651 0.351440 0.351440 0.351440
1760.693359 0.000000 2650.269531 0.000000 0.995269 0.000000 0.097155 0.348567 0.348567 0.348567
1734.656738 0.000000 2647.099121 0.000000 0.981126 0.000000 -0.193368 0.354183 0.354183 0.354183
1749.228027 0.000000 2636.186279 0.000000 0.959703 0.000000 -0.281017 0.354169 0.354169 0.354169
1731.898438 0.000000 2651.037842 0.000000 0.999918 0.000000 -0.012813 0.350181 0.350181 0.350181
1747.100220 0.000000 2651.028076 0.000000 0.972053 0.000000 -0.234760 0.353323 0.353323 0.353323
1742.452148 0.000000 2653.875977 0.000000 0.997705 0.000000 0.067711 0.349050 0.349050 0.349050
1747.150757 0.000000 2632.042725 0.000000 0.966336 0.000000 -0.257284 0.353933 0.353933 0.353933
1705.206665 0.000000 2663.309326 0.000000 0.975042 0.000000 -0.222022 0.352778 0.352778 0.352778
1694.802368 0.000000 2654.826660 0.000000 0.997668 0.000000 0.068257 0.348732 0.348732 0.348732
1706.581665 0.000000 2673.570557 0.000000 0.965978 0.000000 -0.258624 0.354400 0.354400 0.354400
1685.428101 0.000000 2687.113281 0.000000 0.979048 0.000000 0.203628 0.346954 0.346954 0.346954
1721.729980 0.000000 2695.555176 0.000000 0.987356 0.000000 0.158521 0.348150 0.348150 0.348150
1696.909058 0.000000 2697.009033 0.000000 0.998028 0.000000 0.062771 0.348911 0.348911 0.348911
1725.042114 0.000000 2710.423828 0.000000 0.971654 0.000000 -0.236407 0.352826 0.352826 0.352826
1690.616821 0.000000 2660.975098 0.000000 0.992242 0.000000 0.124321 0.347266 0.347266 0.347266
1700.050049 0.000000 2691.055176 0.000000 0.995945 0.000000 0.089965 0.348563 0.348563 0.348563
1680.020752 0.000000 2698.993896 0.000000 0.993288 0.000000 0.115667 0.348227 0.348227 0.348227
1698.074463 0.000000 2660.285400 0.000000 0.958857 0.000000 -0.283889 0.355093 0.355093 0.355093
1727.290771 0.000000 2655.170654 0.000000 0.975436 0.000000 0.220284 0.347341 0.347341 0.347341
1695.949707 0.000000 2689.021729 0.000000 0.983274 0.000000 -0.182132 0.352713 0.352713 0.352713
1682.408936 0.000000 2683.175049 0.000000 0.970093 0.000000 0.242735 0.346229 0.346229 0.346229
1686.003418 0.000000 2668.468018 0.000000 0.988992 0.000000 0.147969 0.347781 0.347781 0.347781
1676.652466 0.000000 2680.192383 0.000000 0.982996 0.000000 -0.183628 0.354002 0.354002 0.354002
1722.308594 0.000000 2699.365234 0.000000 0.999743 0.000000 0.022689 0.349640 0.349640 0.349640
1700.219849 0.000000 2694.923096 0.000000 0.975887 0.000000 0.218276 0.346683 0.346683 0.346683
1698.040283 0.000000 2673.070557 0.000000 0.999924 0.000000 0.012356 0.349799 0.349799 0.349799
1705.927490 0.000000 2699.498779 0.000000 0.982696 0.000000 0.185223 0.347485 0.347485 0.347485
1719.010986 0.000000 2709.718506 0.000000 0.993585 0.000000 0.113090 0.348247 0.348247 0.348247
1680.310547 0.000000 2679.560303 0.000000 0.993150 0.000000 -0.116849 0.351944 0.351944 0.351944
1712.763550 0.000000 2694.572021 0.000000 0.982521 0.000000 -0.186150 0.352749 0.352749 0.352749
1688.358154 0.000000 2663.276611 0.000000 0.974552 0.000000 -0.224163 0.354218 0.354218 0.354218
1693.536743 0.000000 2694.778809 0.000000 0.979613 0.000000 0.200896 0.346412 0.346412 0.346412
1676.396729 0.000000 2667.273438 0.000000 0.995622 0.000000 0.093473 0.348147 0.348147 0.348147
1677.243652 0.000000 2662.006836 0.000000 0.999075 0.000000 0.043002 0.349299 0.349299 0.349299
1674.423096 0.000000 2678.513184 0.000000 0.975621 0.000000 -0.219462 0.354350 0.354350 0.354350
1686.908936 0.000000 2665.765381 0.000000 0.996770 0.000000 0.080306 0.348556 0.348556 0.348556
1699.895264 0.000000 2667.279297 0.000000 0.967585 0.000000 0.252545 0.346274 0.346274 0.346274
1700.193237 0.000000 2662.224609 0.000000 0.989725 0.000000 0.142981 0.347687 0.347687 0.347687
1702.885986 0.000000 2698.927246 0.000000 0.992039 0.000000 -0.125931 0.351765 0.351765 0.351765
1716.503296 0.000000 2709.183105 0.000000 0.975680 0.000000 -0.219200 0.353273 0.353273 0.353273
1694.667969 0.000000 2691.146973 0.000000 0.964493 0.000000 0.264109 0.345352 0.345352 0.345352
1679.571045 0.000000 2661.378174 0.000000 0.955645 0.000000 -0.294520 0.354793 0.354793 0.354793
1696.506104 0.000000 2699.423340 0.000000 0.971809 0.000000 0.235769 0.346516 0.346516 0.346516
1691.827881 0.000000 2658.804688 0.000000 0.999279 0.000000 -0.037954 0.350846 0.350846 0.350846
1682.130249 0.000000 2699.858887 0.000000 0.998376 0.000000 -0.056963 0.350936 0.350936 0.350936
1703.451416 0.000000 2669.761230 0.000000 0.963420 0.000000 0.267995 0.344666 0.344666 0.344666
1672.383423 0.000000 2676.629395 0.000000 0.998005 0.000000 0.063140 0.348901 0.348901 0.348901
1697.958618 0.000000 2694.994629 0.000000 0.978920 0.000000 -0.204246 0.353972 0.353972 0.353972
1782.803467 0.000000 2656.831787 0.000000 0.973916 0.000000 0.226908 0.347380 0.347380 0.347380
1791.683594 0.000000 2667.806152 0.000000 0.966922 0.000000 0.255074 0.346541 0.346541 0.346541
1766.270874 0.000000 2656.172607 0.000000 0.971544 0.000000 0.236859 0.346176 0.346176 0.346176
1762.074463 0.000000 2660.285400 0.000000 0.999174 0.000000 -0.040629 0.350492 0.350492 0.350492
1782.117310 0.000000 2661.787109 0.000000 0.990957 0.000000 -0.134183 0.351882 0.351882 0.351882
1759.949707 0.000000 2689.021729 0.000000 0.989979 0.000000 0.141213 0.347939 0.347939 0.347939
1733.568970 0.000000 2658.783447 0.000000 0.983019 0.000000 0.183504 0.347420 0.347420 0.347420
1754.844482 0.000000 2656.483154 0.000000 0.954735 0.000000 -0.297458 0.354170 0.354170 0.354170
1728.390503 0.000000 2698.315674 0.000000 0.974046 0.000000 0.226350 0.346878 0.346878 0.346878
1763.651001 0.000000 2677.708008 0.000000 0.979543 0.000000 0.201235 0.346202 0.346202 0.346202
1757.234741 0.000000 2678.474365 0.000000 0.982847 0.000000 0.184420 0.347091 0.347091 0.347091
1758.089844 0.000000 2683.700928 0.000000 0.999133 0.000000 -0.041627 0.350671 0.350671 0.350671
1730.492065 0.000000 2658.355225 0.000000 0.979974 0.000000 -0.199127 0.352803 0.352803 0.352803
1768.221680 0.000000 2675.208984 0.000000 0.998109 0.000000 0.061472 0.349065 0.349065 0.349065
1753.163940 0.000000 2710.625000 0.000000 0.992557 0.000000 -0.121782 0.351691 0.351691 0.351691
1770.451904 0.000000 2689.699707 0.000000 0.999986 0.000000 0.005289 0.349910 0.349910 0.349910
1766.658447 0.000000 2662.986572 0.000000 0.993901 0.000000 -0.110275 0.351849 0.351849 0.351849
1789.258179 0.000000 2666.780029 0.000000 0.997720 0.000000 0.067482 0.348885 0.348885 0.348885
1810.736938 0.000000 2648.402344 0.000000 0.976539 0.000000 -0.215342 0.353034 0.353034 0.353034
1809.114990 0.000000 2652.841064 0.000000 0.979496 0.000000 0.201465 0.347323 0.347323 0.347323
1807.660034 0.000000 2649.446533 0.000000 0.999999 0.000000 0.001127 0.349984 0.349984 0.349984
1813.436035 0.000000 2649.579102 0.000000 0.997446 0.000000 -0.071420 0.350999 0.350999 0.350999
1810.736938 0.000000 2704.886719 0.000000 0.999912 0.000000 -0.013273 0.350158 0.350158 0.350158
1822.802368 0.000000 2654.826660 0.000000 0.995264 0.000000 0.097204 0.348800 0.348800 0.348800
1823.430420 0.000000 2665.537598 0.000000 0.986165 0.000000 0.165764 0.347934 0.347934 0.347934
1817.268799 0.000000 2671.174805 0.000000 0.997200 0.000000 -0.074776 0.351259 0.351259 0.351259
1813.034912 0.000000 2695.482666 0.000000 0.973052 0.000000 -0.230587 0.353253 0.353253 0.353253
1808.020752 0.000000 2698.993896 0.000000 0.959468 0.000000 -0.281816 0.353994 0.353994 0.353994
1815.427856 0.000000 2703.760986 0.000000 0.997747 0.000000 -0.067084 0.350939 0.350939 0.350939
1812.194824 0.000000 2700.678467 0.000000 0.990341 0.000000 0.138654 0.348055 0.348055 0.348055
1810.408936 0.000000 2683.175049 0.000000 0.996461 0.000000 -0.084055 0.351088 0.351088 0.351088
1810.973877 0.000000 2656.168457 0.000000 0.998306 0.000000 -0.058179 0.350776 0.350776 0.350776
1809.216431 0.000000 2694.646973 0.000000 0.975785 0.000000 -0.218730 0.352852 0.352852 0.352852
1816.763672 0.000000 2685.496826 0.000000 0.956987 0.000000 -0.290132 0.353897 0.353897 0.353897
1816.358154 0.000000 2663.276611 0.000000 0.997526 0.000000 -0.070294 0.350962 0.350962 0.350962
1821.536743 0.000000 2694.778809 0.000000 0.997370 0.000000 -0.072477 0.351014 0.351014 0.351014
1821.260010 0.000000 2689.034912 0.000000 0.956146 0.000000 -0.292890 0.354065 0.354065 0.354065
1718.803467 0.000000 2713.316162 0.000000 0.968708 0.000000 -0.248205 0.354592 0.354592 0.354592
1694.802368 0.000000 2711.311035 0.000000 0.998988 0.000000 -0.044986 0.350582 0.350582 0.350582
1695.430420 0.000000 2722.021973 0.000000 0.985151 0.000000 -0.171689 0.353098 0.353098 0.353098
1694.773926 0.000000 2727.721680 0.000000 0.989671 0.000000 -0.143358 0.351697 0.351697 0.351697
1686.003418 0.000000 2724.952393 0.000000 0.993471 0.000000 0.114085 0.348481 0.348481 0.348481
1686.302124 0.000000 2716.303955 0.000000 0.995152 0.000000 0.098351 0.348464 0.348464 0.348464
1694.227295 0.000000 2715.807373 0.000000 0.999499 0.000000 -0.031660 0.350556 0.350556 0.350556
1682.973877 0.000000 2712.652832 0.000000 0.989420 0.000000 0.145080 0.348003 0.348003 0.348003
1719.010986 0.000000 2766.202881 0.000000 0.990345 0.000000 -0.138624 0.352145 0.352145 0.352145
1713.605835 0.000000 2764.103760 0.000000 0.959640 0.000000 0.281233 0.344445 0.344445 0.344445
1722.815186 0.000000 2718.819092 0.000000 0.987866 0.000000 -0.155308 0.352664 0.352664 0.352664
1681.653076 0.000000 2719.719482 0.000000 0.999534 0.000000 -0.030511 0.350408 0.350408 0.350408
1697.860474 0.000000 2719.991211 0.000000 0.995341 0.000000 0.096416 0.348553 0.348553 0.348553
1683.958252 0.000000 2717.962646 0.000000 0.999921 0.000000 0.012585 0.349824 0.349824 0.349824
1716.503296 0.000000 2765.667480 0.000000 0.999482 0.000000 -0.032170 0.350548 0.350548 0.350548
1693.269653 0.000000 2713.409424 0.000000 0.962474 0.000000 0.271375 0.345329 0.345329 0.345329
1791.683594 0.000000 2724.290527 0.000000 0.988007 0.000000 0.154409 0.347758 0.347758 0.347758
1790.612427 0.000000 2762.890381 0.000000 0.998384 0.000000 -0.056825 0.350879 0.350879 0.350879
1745.653076 0.000000 2719.719482 0.000000 0.983332 0.000000 -0.181821 0.352844 0.352844 0.352844
1741.243652 0.000000 2718.491211 0.000000 0.951885 0.000000 0.306456 0.345237 0.345237 0.345237
1775.560791 0.000000 2754.013672 0.000000 0.999803 0.000000 0.019839 0.349706 0.349706 0.349706
1739.346924 0.000000 2759.214111 0.000000 0.977158 0.000000 -0.212516 0.353948 0.353948 0.353948
1748.737915 0.000000 2711.252930 0.000000 0.977021 0.000000 0.213143 0.345993 0.345993 0.345993
1684.950073 0.000000 2776.903564 0.000000 0.975928 0.000000 -0.218091 0.353189 0.353189 0.353189
1714.317383 0.000000 2770.925537 0.000000 0.995195 0.000000 -0.097912 0.351200 0.351200 0.351200
1686.302124 0.000000 2772.788330 0.000000 0.999541 0.000000 -0.030309 0.350417 0.350417 0.350417
1779.915527 0.000000 2779.775635 0.000000 0.995070 0.000000 -0.099179 0.351319 0.351319 0.351319
1780.885132 0.000000 2819.485596 0.000000 0.985470 0.000000 -0.169847 0.352036 0.352036 0.352036
1729.476685 0.000000 2774.193115 0.000000 0.965169 0.000000 0.261629 0.345073 0.345073 0.345073
1782.872192 0.000000 2814.068848 0.000000 0.983056 0.000000 -0.183303 0.352191 0.352191 0.352191
1733.348755 0.000000 2776.176270 0.000000 0.952352 0.000000 0.305001 0.345762 0.345762 0.345762
1728.110718 0.000000 2778.098877 0.000000 0.998307 0.000000 -0.058170 0.350742 0.350742 0.350742
1776.446289 0.000000 2778.565186 0.000000 0.989550 0.000000 -0.144194 0.352048 0.352048 0.352048
1795.589233 0.000000 2723.632324 0.000000 0.983083 0.000000 0.183163 0.346966 0.346966 0.346966
1819.221802 0.000000 2757.278564 0.000000 0.999995 0.000000 0.003066 0.349958 0.349958 0.349958
1801.453857 0.000000 2717.569336 0.000000 0.995881 0.000000 0.090671 0.348731 0.348731 0.348731
1793.469238 0.000000 2765.798096 0.000000 0.971994 0.000000 -0.235008 0.353700 0.353700 0.353700
1797.003174 0.000000 2747.377930 0.000000 0.998157 0.000000 0.060685 0.348979 0.348979 0.348979
1815.427856 0.000000 2760.245361 0.000000 0.985339 0.000000 -0.170610 0.352345 0.352345 0.352345
1796.861816 0.000000 2739.204590 0.000000 0.961053 0.000000 0.276364 0.345706 0.345706 0.345706
1842.569214 0.000000 2767.223877 0.000000 0.955244 0.000000 -0.295819 0.354120 0.354120 0.354120
1801.424194 0.000000 2739.123779 0.000000 0.999650 0.000000 -0.026445 0.350403 0.350403 0.350403
1802.276367 0.000000 2731.857422 0.000000 0.981135 0.000000 -0.193326 0.352720 0.352720 0.352720
1792.110718 0.000000 2721.614502 0.000000 0.995399 0.000000 0.095819 0.348478 0.348478 0.348478
1801.807983 0.000000 2746.955566 0.000000 0.975040 0.000000 -0.222030 0.353013 0.353013 0.353013
1796.061279 0.000000 2727.459717 0.000000 0.962732 0.000000 0.270456 0.346231 0.346231 0.346231
1796.219482 0.000000 2743.884033 0.000000 0.982294 0.000000 0.187346 0.347406 0.347406 0.347406
1800.260498 0.000000 2720.255615 0.000000 0.999899 0.000000 0.014200 0.349806 0.349806 0.349806
1802.448364 0.000000 2714.854980 0.000000 0.961472 0.000000 -0.274904 0.353893 0.353893 0.353893
1807.844482 0.000000 2714.377197 0.000000 0.999014 0.000000 0.044402 0.349379 0.349379 0.349379
1799.173218 0.000000 2740.456787 0.000000 0.994377 0.000000 0.105902 0.348215 0.348215 0.348215
1792.974365 0.000000 2723.957764 0.000000 0.998054 0.000000 0.062354 0.348980 0.348980 0.348980
1820.691528 0.000000 2759.342285 0.000000 0.999984 0.000000 0.005645 0.349919 0.349919 0.349919
1793.116211 0.000000 2747.749268 0.000000 0.977969 0.000000 -0.208748 0.353142 0.353142 0.353142
1820.282104 0.000000 2804.630371 0.000000 0.964475 0.000000 -0.264172 0.353586 0.353586 0.353586
1821.565796 0.000000 2811.033203 0.000000 0.971247 0.000000 -0.238073 0.353214 0.353214 0.353214
1844.340698 0.000000 2768.070557 0.000000 0.982747 0.000000 0.184956 0.347399 0.347399 0.347399
1829.593018 0.000000 2809.945068 0.000000 0.989627 0.000000 -0.143661 0.353042 0.353042 0.353042
1836.435303 0.000000 2803.709473 0.000000 0.997140 0.000000 0.075582 0.348721 0.348721 0.348721
1832.632446 0.000000 2807.369629 0.000000 0.991565 0.000000 0.129610 0.347155 0.347155 0.347155
1823.716431 0.000000 2808.185059 0.000000 0.971149 0.000000 -0.238473 0.354671 0.354671 0.354671
1891.530884 0.000000 2818.322998 0.000000 0.990737 0.000000 -0.135797 0.352386 0.352386 0.352386
1901.255371 0.000000 2822.609863 0.000000 0.982152 0.000000 0.188092 0.347545 0.347545 0.347545
1866.048218 0.000000 2813.234619 0.000000 0.984319 0.000000 -0.176400 0.352440 0.352440 0.352440
1877.034912 0.000000 2808.451416 0.000000 0.968588 0.000000 0.248669 0.345641 0.345641 0.345641
1859.716309 0.000000 2808.840576 0.000000 0.962338 0.000000 -0.271855 0.353849 0.353849 0.353849
1901.233887 0.000000 2793.631592 0.000000 0.992943 0.000000 0.118594 0.348406 0.348406 0.348406
1881.924683 0.000000 2820.974854 0.000000 0.964847 0.000000 -0.262813 0.354496 0.354496 0.354496
1900.186279 0.000000 2815.442627 0.000000 0.997913 0.000000 -0.064578 0.351036 0.351036 0.351036
1895.675415 0.000000 2822.508301 0.000000 0.988142 0.000000 -0.153540 0.352236 0.352236 0.352236
1905.044556 0.000000 2816.418213 0.000000 0.999855 0.000000 0.017035 0.349690 0.349690 0.349690
1886.599976 0.000000 2817.437988 0.000000 0.999274 0.000000 -0.038100 0.350678 0.350678 0.350678
1894.720825 0.000000 2814.468994 0.000000 0.984210 0.000000 -0.177007 0.352814 0.352814 0.352814
1892.590088 0.000000 2777.740967 0.000000 0.983222 0.000000 -0.182414 0.352412 0.352412 0.352412
1879.427856 0.000000 2816.729736 0.000000 0.952999 0.000000 -0.302974 0.355635 0.355635 0.355635
1877.636475 0.000000 2822.236572 0.000000 0.996260 0.000000 0.086409 0.348613 0.348613 0.348613
1872.913574 0.000000 2800.304443 0.000000 0.973906 0.000000 0.226950 0.347109 0.347109 0.347109
1889.638062 0.000000 2814.502930 0.000000 0.969076 0.000000 -0.246762 0.354978 0.354978 0.354978
1914.308594 0.000000 2812.333984 0.000000 0.993267 0.000000 -0.115851 0.351745 0.351745 0.351745
1903.152222 0.000000 2813.205078 0.000000 0.992697 0.000000 0.120634 0.348241 0.348241 0.348241
1892.176392 0.000000 2811.753906 0.000000 0.989264 0.000000 -0.146140 0.352172 0.352172 0.352172
1885.565796 0.000000 2811.033203 0.000000 0.999868 0.000000 0.016218 0.349736 0.349736 0.349736
1887.085693 0.000000 2775.363281 0.000000 0.998516 0.000000 0.054458 0.349238 0.349238 0.349238
1871.660034 0.000000 2818.899658 0.000000 0.957577 0.000000 -0.288178 0.353895 0.353895 0.353895
1897.246460 0.000000 2816.046143 0.000000 0.985745 0.000000 -0.168248 0.352644 0.352644 0.352644
1877.436035 0.000000 2819.032227 0.000000 0.963627 0.000000 0.267253 0.345839 0.345839 0.345839
1867.714111 0.000000 2805.737549 0.000000 0.997708 0.000000 -0.067661 0.351041 0.351041 0.351041
1906.616577 0.000000 2813.787598 0.000000 0.977656 0.000000 -0.210210 0.352989 0.352989 0.352989
1858.892212 0.000000 2805.935547 0.000000 0.969575 0.000000 -0.244795 0.353458 0.353458 0.353458
1918.830811 0.000000 2814.969482 0.000000 0.999397 0.000000 -0.034729 0.350577 0.350577 0.350577
1877.228027 0.000000 2805.639404 0.000000 0.999261 0.000000 -0.038437 0.350663 0.350663 0.350663
1875.100220 0.000000 2820.481201 0.000000 0.995203 0.000000 -0.097833 0.351640 0.351640 0.351640
1914.085693 0.000000 2814.893066 0.000000 0.971844 0.000000 0.235624 0.345999 0.345999 0.345999
1915.743408 0.000000 2818.461914 0.000000 0.999514 0.000000 -0.031175 0.350467 0.350467 0.350467
1916.370483 0.000000 2813.631104 0.000000 0.974452 0.000000 -0.224597 0.353563 0.353563 0.353563
1879.550293 0.000000 2809.523438 0.000000 0.997067 0.000000 0.076529 0.348581 0.348581 0.348581
1893.505493 0.000000 2823.422119 0.000000 0.997054 0.000000 0.076701 0.348729 0.348729 0.348729
1868.076904 0.000000 2803.044922 0.000000 0.968260 0.000000 -0.249947 0.354304 0.354304 0.354304
2016.909058 0.000000 2753.493408 0.000000 0.993599 0.000000 -0.112969 0.351573 0.351573 0.351573
2016.506104 0.000000 2755.907715 0.000000 0.988483 0.000000 0.151333 0.347471 0.347471 0.347471
1930.048218 0.000000 2813.234619 0.000000 0.961186 0.000000 -0.275900 0.353371 0.353371 0.353371
1934.124634 0.000000 2796.743164 0.000000 0.999991 0.000000 -0.004189 0.350055 0.350055 0.350055
1958.465210 0.000000 2792.832031 0.000000 0.997054 0.000000 -0.076699 0.351171 0.351171 0.351171
1967.844604 0.000000 2774.844727 0.000000 0.994853 0.000000 0.101329 0.348368 0.348368 0.348368
1977.915649 0.000000 2778.449219 0.000000 0.964301 0.000000 -0.264808 0.353852 0.353852 0.353852
1939.298462 0.000000 2785.681641 0.000000 0.999641 0.000000 -0.026796 0.350356 0.350356 0.350356
1946.661499 0.000000 2789.172119 0.000000 0.981802 0.000000 -0.189907 0.352671 0.352671 0.352671
1947.974365 0.000000 2799.463867 0.000000 0.977012 0.000000 -0.213184 0.353398 0.353398 0.353398
1938.408936 0.000000 2796.143799 0.000000 0.962023 0.000000 0.272969 0.345796 0.345796 0.345796
1953.456543 0.000000 2781.659180 0.000000 0.996951 0.000000 0.078025 0.348659 0.348659 0.348659
1950.089844 0.000000 2796.669678 0.000000 0.969194 0.000000 0.246299 0.346521 0.346521 0.346521
1949.587891 0.000000 2787.402100 0.000000 0.989469 0.000000 0.144746 0.347880 0.347880 0.347880
1974.469360 0.000000 2777.888428 0.000000 0.975460 0.000000 0.220178 0.346693 0.346693 0.346693
1926.656738 0.000000 2816.552246 0.000000 0.997557 0.000000 -0.069856 0.350944 0.350944 0.350944
1960.221680 0.000000 2788.177734 0.000000 0.988464 0.000000 0.151455 0.347668 0.347668 0.347668
1950.841187 0.000000 2799.366455 0.000000 0.990051 0.000000 0.140712 0.348069 0.348069 0.348069
1964.193481 0.000000 2788.678955 0.000000 0.999734 0.000000 -0.023083 0.350392 0.350392 0.350392
1940.724731 0.000000 2797.434814 0.000000 0.996521 0.000000 0.083338 0.348841 0.348841 0.348841
1983.450562 0.000000 2775.663574 0.000000 0.996044 0.000000 0.088862 0.348457 0.348457 0.348457
1938.112671 0.000000 2793.926025 0.000000 0.967933 0.000000 0.251207 0.345851 0.345851 0.345851
1954.304321 0.000000 2783.834229 0.000000 0.957958 0.000000 0.286910 0.345321 0.345321 0.345321
1950.946777 0.000000 2780.973389 0.000000 0.984582 0.000000 0.174926 0.347296 0.347296 0.347296
2018.074463 0.000000 2773.254150 0.000000 0.996483 0.000000 -0.083800 0.351147 0.351147 0.351147
1993.437988 0.000000 2768.552002 0.000000 0.997714 0.000000 0.067582 0.349034 0.349034 0.349034
1994.448364 0.000000 2771.339355 0.000000 0.993275 0.000000 -0.115782 0.351891 0.351891 0.351891
2004.471069 0.000000 2789.560059 0.000000 0.963387 0.000000 0.268116 0.345944 0.345944 0.345944
1901.901245 0.000000 2825.173096 0.000000 0.999508 0.000000 -0.031352 0.350451 0.350451 0.350451
1903.844604 0.000000 2831.329102 0.000000 0.979262 0.000000 0.202599 0.346194 0.346194 0.346194
1882.616821 0.000000 2830.428223 0.000000 0.999968 0.000000 0.008057 0.349857 0.349857 0.349857
1892.590088 0.000000 2834.225342 0.000000 0.966069 0.000000 -0.258283 0.353869 0.353869 0.353869
1913.786499 0.000000 2828.743652 0.000000 0.986109 0.000000 -0.166101 0.352428 0.352428 0.352428
1889.456543 0.000000 2838.143555 0.000000 0.986501 0.000000 0.163753 0.347700 0.347700 0.347700
1892.294800 0.000000 2827.875488 0.000000 0.999650 0.000000 -0.026455 0.350447 0.350447 0.350447
1880.982788 0.000000 2828.092529 0.000000 0.980535 0.000000 -0.196343 0.353782 0.353782 0.353782
1891.895264 0.000000 2836.732422 0.000000 0.990095 0.000000 -0.140398 0.352111 0.352111 0.352111
1906.542358 0.000000 2830.017334 0.000000 0.975879 0.000000 -0.218310 0.353702 0.353702 0.353702
1895.590698 0.000000 2827.833984 0.000000 0.994467 0.000000 0.105051 0.348345 0.348345 0.348345
1885.269653 0.000000 2826.378174 0.000000 0.988809 0.000000 -0.149190 0.352486 0.352486 0.352486
1883.827881 0.000000 2828.257812 0.000000 0.993954 0.000000 -0.109798 0.351822 0.351822 0.351822
2102.117188 0.000000 2322.880859 0.000000 0.981132 0.000000 0.193339 0.346498 0.346498 0.346498
2109.449707 0.000000 2325.345459 0.000000 0.998833 0.000000 0.048290 0.349371 0.349371 0.349371
2072.196777 0.000000 2322.127441 0.000000 0.999352 0.000000 -0.035986 0.350558 0.350558 0.350558
2235.596436 0.000000 2332.385742 0.000000 0.955697 0.000000 0.294352 0.344987 0.344987 0.344987
2100.885254 0.000000 2424.094971 0.000000 0.981233 0.000000 -0.192827 0.353171 0.353171 0.353171
2074.661621 0.000000 2393.781494 0.000000 0.988509 0.000000 0.151162 0.347753 0.347753 0.347753
2086.720947 0.000000 2419.078369 0.000000 0.996190 0.000000 -0.087214 0.351049 0.351049 0.351049
2105.614258 0.000000 2424.724854 0.000000 0.965629 0.000000 -0.259923 0.354848 0.354848 0.354848
2108.270508 0.000000 2477.161865 0.000000 0.990831 0.000000 -0.135108 0.352629 0.352629 0.352629
2105.729980 0.000000 2469.617676 0.000000 0.989009 0.000000 -0.147852 0.351731 0.351731 0.351731
2104.373535 0.000000 2428.966553 0.000000 0.982872 0.000000 0.184290 0.346793 0.346793 0.346793
2128.020752 0.000000 2473.056396 0.000000 0.993501 0.000000 -0.113823 0.351824 0.351824 0.351824
2113.469238 0.000000 2483.376221 0.000000 0.952846 0.000000 0.303454 0.345865 0.345865 0.345865
2132.194824 0.000000 2474.740967 0.000000 0.995730 0.000000 0.092316 0.348808 0.348808 0.348808
2132.862061 0.000000 2477.495117 0.000000 0.974738 0.000000 -0.223351 0.353602 0.353602 0.353602
2130.130127 0.000000 2473.921387 0.000000 0.994543 0.000000 0.104330 0.348352 0.348352 0.348352
2100.600586 0.000000 2508.526367 0.000000 0.955914 0.000000 -0.293646 0.354193 0.354193 0.354193
2093.059814 0.000000 2527.704346 0.000000 0.964597 0.000000 0.263727 0.346047 0.346047 0.346047
2100.612793 0.000000 2501.024414 0.000000 0.972449 0.000000 0.233117 0.346700 0.346700 0.346700
2107.669434 0.000000 2505.017334 0.000000 0.984967 0.000000 0.172744 0.347209 0.347209 0.347209
2108.365723 0.000000 2488.040283 0.000000 0.981363 0.000000 0.192164 0.346747 0.346747 0.346747
2107.596436 0.000000 2501.838867 0.000000 0.994126 0.000000 0.108231 0.348299 0.348299 0.348299
2092.435303 0.000000 2521.287598 0.000000 0.997028 0.000000 0.077036 0.348797 0.348797 0.348797
2104.579102 0.000000 2703.927979 0.000000 0.999902 0.000000 -0.013995 0.350224 0.350224 0.350224
2107.743408 0.000000 2705.493164 0.000000 0.988569 0.000000 0.150771 0.347553 0.347553 0.347553
2122.048096 0.000000 2700.265869 0.000000 0.984018 0.000000 0.178067 0.347818 0.347818 0.347818
2119.290527 0.000000 2697.610840 0.000000 0.993041 0.000000 -0.117772 0.351619 0.351619 0.351619
2118.656738 0.000000 2703.583496 0.000000 0.981098 0.000000 -0.193510 0.353412 0.353412 0.353412
2100.600586 0.000000 2734.463867 0.000000 0.961293 0.000000 -0.275528 0.353183 0.353183 0.353183
2106.134033 0.000000 2738.714355 0.000000 0.999271 0.000000 0.038172 0.349466 0.349466 0.349466
4598.117188 0.000000 1306.161987 0.000000 0.969300 0.000000 -0.245881 0.353104 0.353104 0.353104
4828.282227 0.000000 997.130371 0.000000 0.999813 0.000000 0.019342 0.349635 0.349635 0.349635
4826.516602 0.000000 999.013306 0.000000 0.973770 0.000000 -0.227535 0.353630 0.353630 0.353630
4816.405273 0.000000 997.789490 0.000000 0.951085 0.000000 -0.308930 0.356394 0.356394 0.356394
4895.949707 0.000000 994.490356 0.000000 0.968072 0.000000 -0.250671 0.353088 0.353088 0.353088
4698.661621 0.000000 1320.578247 0.000000 0.999885 0.000000 -0.015132 0.350241 0.350241 0.350241
4701.234863 0.000000 1322.849365 0.000000 0.984212 0.000000 0.176996 0.347287 0.347287 0.347287
6070.872070 0.000000 1345.474976 0.000000 0.957088 0.000000 -0.289798 0.354329 0.354329 0.354329
6073.614258 0.000000 1351.521729 0.000000 0.980499 0.000000 0.196525 0.347304 0.347304 0.347304
6126.271484 0.000000 1336.429077 0.000000 0.954518 0.000000 -0.298154 0.355106 0.355106 0.355106
6117.443359 0.000000 1318.942627 0.000000 0.990648 0.000000 -0.136440 0.352111 0.352111 0.352111
6080.073242 0.000000 1337.702148 0.000000 0.996325 0.000000 -0.085654 0.351229 0.351229 0.351229
6135.430664 0.000000 1313.017700 0.000000 0.955711 0.000000 0.294305 0.345641 0.345641 0.345641
6087.290527 0.000000 1341.985718 0.000000 0.993311 0.000000 0.115471 0.348519 0.348519 0.348519
6139.669434 0.000000 1318.845459 0.000000 0.992861 0.000000 0.119281 0.348255 0.348255 0.348255
6122.699707 0.000000 1339.519409 0.000000 0.975299 0.000000 -0.220891 0.353240 0.353240 0.353240
6086.827637 0.000000 1355.139526 0.000000 0.999624 0.000000 0.027410 0.349526 0.349526 0.349526
6138.988770 0.000000 1332.774658 0.000000 0.980821 0.000000 -0.194912 0.353291 0.353291 0.353291
6125.602051 0.000000 1339.065552 0.000000 0.998147 0.000000 -0.060854 0.350936 0.350936 0.350936
6142.188965 0.000000 1314.215210 0.000000 0.972440 0.000000 -0.233155 0.353619 0.353619 0.353619
6114.304199 0.000000 1315.240479 0.000000 0.987685 0.000000 -0.156457 0.352574 0.352574 0.352574
6085.188477 0.000000 1341.880737 0.000000 0.992573 0.000000 0.121654 0.347986 0.347986 0.347986
6036.950195 0.000000 1364.794189 0.000000 0.999721 0.000000 -0.023610 0.350299 0.350299 0.350299
6051.530762 0.000000 1406.213501 0.000000 0.964973 0.000000 0.262348 0.346057 0.346057 0.346057
6037.428223 0.000000 1387.972656 0.000000 0.999963 0.000000 -0.008556 0.350120 0.350120 0.350120
6037.035156 0.000000 1396.342163 0.000000 0.987007 0.000000 -0.160677 0.352094 0.352094 0.352094
6046.773926 0.000000 1372.096680 0.000000 0.955039 0.000000 -0.296481 0.353551 0.353551 0.353551
6079.291016 0.000000 1356.030029 0.000000 0.977534 0.000000 -0.210778 0.353322 0.353322 0.353322
6046.600098 0.000000 1405.328613 0.000000 0.994319 0.000000 -0.106442 0.351747 0.351747 0.351747
6034.974121 0.000000 1357.027954 0.000000 0.999825 0.000000 -0.018695 0.350257 0.350257 0.350257
6044.683105 0.000000 1369.058960 0.000000 0.996662 0.000000 0.081634 0.348918 0.348918 0.348918
6052.675781 0.000000 1388.467041 0.000000 0.998604 0.000000 -0.052814 0.350693 0.350693 0.350693
6040.763672 0.000000 1386.356201 0.000000 0.963996 0.000000 0.265915 0.345673 0.345673 0.345673
6040.357910 0.000000 1364.135986 0.000000 0.969276 0.000000 -0.245974 0.353540 0.353540 0.353540
6042.132812 0.000000 1390.076782 0.000000 0.999982 0.000000 -0.005972 0.350078 0.350078 0.350078
6039.871582 0.000000 1395.106079 0.000000 0.991377 0.000000 0.131041 0.348128 0.348128 0.348128
6066.278320 0.000000 1386.333862 0.000000 0.972574 0.000000 -0.232594 0.353231 0.353231 0.353231
6068.969238 0.000000 1359.982910 0.000000 0.972721 0.000000 -0.231980 0.353355 0.353355 0.353355
6075.206543 0.000000 1385.605713 0.000000 0.999671 0.000000 0.025655 0.349627 0.349627 0.349627
6051.895020 0.000000 1368.138672 0.000000 0.979455 0.000000 0.201664 0.346247 0.346247 0.346247
6049.615234 0.000000 1409.720703 0.000000 0.956998 0.000000 -0.290095 0.354629 0.354629 0.354629
6083.834473 0.000000 1355.627563 0.000000 0.993816 0.000000 0.111039 0.348099 0.348099 0.348099
6101.035156 0.000000 1396.342163 0.000000 0.999004 0.000000 0.044629 0.349446 0.349446 0.349446
6141.041992 0.000000 1411.283081 0.000000 0.999589 0.000000 -0.028659 0.350359 0.350359 0.350359
6096.020996 0.000000 1399.853271 0.000000 0.954446 0.000000 -0.298385 0.354514 0.354514 0.354514
6089.095215 0.000000 1367.612427 0.000000 0.992755 0.000000 0.120155 0.348421 0.348421 0.348421
6110.773926 0.000000 1372.096680 0.000000 0.963972 0.000000 0.266002 0.345906 0.345906 0.345906
6089.437988 0.000000 1356.442627 0.000000 0.972090 0.000000 -0.234607 0.353518 0.353518 0.353518
6129.044434 0.000000 1404.308960 0.000000 0.998559 0.000000 0.053658 0.349357 0.349357 0.349357
6137.614258 0.000000 1408.006104 0.000000 0.995150 0.000000 -0.098367 0.351451 0.351451 0.351451
6097.893555 0.000000 1368.939819 0.000000 0.983656 0.000000 0.180060 0.347730 0.347730 0.347730
6130.569336 0.000000 1411.598755 0.000000 0.951212 0.000000 -0.308537 0.353864 0.353864 0.353864
6100.194824 0.000000 1401.537842 0.000000 0.982361 0.000000 0.186994 0.347058 0.347058 0.347058
6085.348633 0.000000 1364.066772 0.000000 0.993455 0.000000 -0.114226 0.351410 0.351410 0.351410
6091.269531 0.000000 1364.955078 0.000000 0.994886 0.000000 0.101007 0.348625 0.348625 0.348625
6110.662598 0.000000 1401.815430 0.000000 0.964035 0.000000 -0.265774 0.353596 0.353596 0.353596
6082.492188 0.000000 1359.214600 0.000000 0.970696 0.000000 0.240309 0.346597 0.346597 0.346597
6101.389160 0.000000 1398.850830 0.000000 0.999986 0.000000 0.005199 0.349925 0.349925 0.349925
6111.885254 0.000000 1374.815063 0.000000 0.999765 0.000000 0.021685 0.349663 0.349663 0.349663
6057.206543 0.000000 1420.653076 0.000000 0.997157 0.000000 0.075358 0.349031 0.349031 0.349031
6068.600586 0.000000 1435.323242 0.000000 0.999669 0.000000 -0.025740 0.350359 0.350359 0.350359
6061.901367 0.000000 1413.063843 0.000000 0.994833 0.000000 -0.101525 0.351408 0.351408 0.351408
6073.426758 0.000000 1429.508301 0.000000 0.958187 0.000000 0.286142 0.345512 0.345512 0.345512
6050.074219 0.000000 1417.629150 0.000000 0.955114 0.000000 -0.296237 0.353758 0.353758 0.353758
6063.365234 0.000000 1442.912964 0.000000 0.956362 0.000000 0.292184 0.346140 0.346140 0.346140
6042.844238 0.000000 1413.826904 0.000000 0.987254 0.000000 0.159152 0.347940 0.347940 0.347940
6077.449707 0.000000 1421.595581 0.000000 0.985940 0.000000 0.167101 0.347880 0.347880 0.347880
6061.457031 0.000000 1416.322876 0.000000 0.955887 0.000000 0.293734 0.346066 0.346066 0.346066
6075.669434 0.000000 1431.814209 0.000000 0.996431 0.000000 -0.084417 0.351289 0.351289 0.351289
6074.988770 0.000000 1445.743408 0.000000 0.955291 0.000000 0.295667 0.345830 0.345830 0.345830
6072.270996 0.000000 1432.619141 0.000000 0.984812 0.000000 0.173621 0.347484 0.347484 0.347484
6078.998535 0.000000 1436.090942 0.000000 0.978087 0.000000 -0.208198 0.353583 0.353583 0.353583
6100.950195 0.000000 1421.278564 0.000000 0.991247 0.000000 0.132021 0.347484 0.347484 0.347484
6132.600586 0.000000 1435.323242 0.000000 0.999993 0.000000 0.003860 0.349943 0.349943 0.349943
6083.589355 0.000000 1424.491577 0.000000 0.955644 0.000000 -0.294525 0.353997 0.353997 0.353997
6093.467773 0.000000 1427.664673 0.000000 0.999751 0.000000 0.022329 0.349725 0.349725 0.349725
6082.164551 0.000000 1431.480957 0.000000 0.981138 0.000000 -0.193308 0.352796 0.352796 0.352796
6089.163574 0.000000 1451.410156 0.000000 0.990099 0.000000 0.140372 0.348308 0.348308 0.348308
6097.893555 0.000000 1425.424194 0.000000 0.973858 0.000000 0.227157 0.347137 0.347137 0.347137
6093.333984 0.000000 1416.438721 0.000000 0.997874 0.000000 0.065172 0.348949 0.348949 0.348949
6080.522461 0.000000 1427.811401 0.000000 0.984623 0.000000 -0.174690 0.352769 0.352769 0.352769
6104.357910 0.000000 1420.620361 0.000000 0.967039 0.000000 0.254629 0.345951 0.345951 0.345951
6097.653320 0.000000 1420.578735 0.000000 0.999460 0.000000 0.032872 0.349413 0.349413 0.349413
6130.278320 0.000000 1442.818237 0.000000 0.989596 0.000000 -0.143877 0.352006 0.352006 0.352006
6093.243652 0.000000 1419.350464 0.000000 0.989398 0.000000 0.145230 0.347262 0.347262 0.347262
6095.212891 0.000000 1424.562744 0.000000 0.999874 0.000000 0.015843 0.349785 0.349785 0.349785
6100.109863 0.000000 1423.799072 0.000000 0.964331 0.000000 -0.264701 0.354799 0.354799 0.354799
6110.667969 0.000000 1448.490723 0.000000 0.965949 0.000000 -0.258734 0.353865 0.353865 0.353865
6134.375000 0.000000 1443.659058 0.000000 0.992526 0.000000 -0.122035 0.352272 0.352272 0.352272
5866.581543 0.000000 1713.336060 0.000000 0.999728 0.000000 -0.023335 0.350372 0.350372 0.350372
5870.917969 0.000000 1715.845947 0.000000 0.971657 0.000000 -0.236393 0.353482 0.353482 0.353482
5866.549316 0.000000 1705.642578 0.000000 0.997990 0.000000 0.063369 0.348751 0.348751 0.348751
5865.380859 0.000000 1710.478882 0.000000 0.983325 0.000000 0.181858 0.346844 0.346844 0.346844
6260.600586 0.000000 531.573181 0.000000 0.955300 0.000000 -0.295639 0.354144 0.354144 0.354144
6269.733887 0.000000 542.569580 0.000000 0.996136 0.000000 -0.087828 0.351372 0.351372 0.351372
6253.255371 0.000000 563.234863 0.000000 0.952734 0.000000 0.303804 0.345550 0.345550 0.345550
6229.428223 0.000000 540.707031 0.000000 0.956626 0.000000 0.291318 0.346616 0.346616 0.346616
6255.365234 0.000000 539.163025 0.000000 0.987688 0.000000 0.156437 0.347042 0.347042 0.347042
6259.521484 0.000000 536.368225 0.000000 0.978071 0.000000 0.208273 0.346388 0.346388 0.346388
6254.917969 0.000000 529.674133 0.000000 0.951753 0.000000 -0.306865 0.353924 0.353924 0.353924
6266.308594 0.000000 552.958923 0.000000 0.999619 0.000000 -0.027595 0.350351 0.350351 0.350351
6262.755859 0.000000 534.454773 0.000000 0.955843 0.000000 -0.293878 0.354535 0.354535 0.354535
6256.763672 0.000000 548.165833 0.000000 0.960558 0.000000 0.278080 0.346356 0.346356 0.346356
6260.392090 0.000000 556.746094 0.000000 0.999942 0.000000 -0.010726 0.350155 0.350155 0.350155
6263.033203 0.000000 546.807312 0.000000 0.956306 0.000000 -0.292368 0.354226 0.354226 0.354226
6268.341309 0.000000 561.527222 0.000000 0.958715 0.000000 0.284369 0.345490 0.345490 0.345490
6253.452148 0.000000 536.929199 0.000000 0.999486 0.000000 -0.032052 0.350672 0.350672 0.350672
6254.630859 0.000000 532.136047 0.000000 0.999582 0.000000 0.028900 0.349467 0.349467 0.349467
6248.581055 0.000000 538.623779 0.000000 0.969532 0.000000 0.244964 0.345783 0.345783 0.345783
6262.375000 0.000000 539.909119 0.000000 0.984682 0.000000 -0.174362 0.352856 0.352856 0.352856
6248.507812 0.000000 532.781738 0.000000 0.990243 0.000000 0.139348 0.346946 0.346946 0.346946
6388.885254 0.000000 503.626099 0.000000 0.996593 0.000000 0.082477 0.348745 0.348745 0.348745
6378.064453 0.000000 503.198792 0.000000 0.964598 0.000000 0.263726 0.346420 0.346420 0.346420
6389.811523 0.000000 493.174072 0.000000 0.995283 0.000000 -0.097016 0.351792 0.351792 0.351792
6395.742676 0.000000 489.552002 0.000000 0.997448 0.000000 0.071400 0.348764 0.348764 0.348764
6391.033203 0.000000 490.322906 0.000000 0.997825 0.000000 -0.065917 0.351124 0.351124 0.351124
6394.107422 0.000000 507.075409 0.000000 0.961807 0.000000 0.273729 0.345954 0.345954 0.345954
6391.879395 0.000000 495.069824 0.000000 0.980938 0.000000 0.194319 0.346394 0.346394 0.346394
6389.008789 0.000000 496.096863 0.000000 0.967760 0.000000 0.251874 0.345272 0.345272 0.345272
6387.473145 0.000000 492.252869 0.000000 0.978913 0.000000 -0.204279 0.353514 0.353514 0.353514
6391.370605 0.000000 485.530426 0.000000 0.989192 0.000000 0.146627 0.347872 0.347872 0.347872
6382.583984 0.000000 500.655579 0.000000 0.999697 0.000000 0.024606 0.349610 0.349610 0.349610
6398.298340 0.000000 501.345673 0.000000 0.956861 0.000000 0.290547 0.345492 0.345492 0.345492
6390.447266 0.000000 501.084473 0.000000 0.999756 0.000000 0.022084 0.349630 0.349630 0.349630
6275.589355 0.000000 520.741638 0.000000 0.974336 0.000000 -0.225097 0.352887 0.352887 0.352887
6279.693359 0.000000 540.191956 0.000000 0.995504 0.000000 0.094719 0.348475 0.348475 0.348475
6317.233887 0.000000 534.256653 0.000000 0.987669 0.000000 0.156555 0.347864 0.347864 0.347864
6274.164551 0.000000 527.730896 0.000000 0.961220 0.000000 0.275782 0.346204 0.346204 0.346204
6330.133789 0.000000 535.823853 0.000000 0.993333 0.000000 -0.115284 0.351842 0.351842 0.351842
6318.271484 0.000000 545.647888 0.000000 0.959954 0.000000 0.280156 0.344727 0.344727 0.344727
6333.041992 0.000000 564.017517 0.000000 0.994732 0.000000 0.102506 0.348479 0.348479 0.348479
6319.365234 0.000000 539.163025 0.000000 0.993928 0.000000 -0.110032 0.352168 0.352168 0.352168
6311.675293 0.000000 563.133240 0.000000 0.968956 0.000000 -0.247232 0.353689 0.353689 0.353689
6273.469238 0.000000 562.907471 0.000000 0.957185 0.000000 0.289477 0.346010 0.346010 0.346010
6323.720703 0.000000 546.231140 0.000000 0.988374 0.000000 0.152044 0.347659 0.347659 0.347659
6302.600098 0.000000 558.062988 0.000000 0.989566 0.000000 0.144079 0.347726 0.347726 0.347726
6334.112305 0.000000 552.278076 0.000000 0.999894 0.000000 0.014532 0.349810 0.349810 0.349810
6293.636230 0.000000 562.861633 0.000000 0.994120 0.000000 0.108286 0.348611 0.348611 0.348611
6281.597656 0.000000 558.234802 0.000000 0.965910 0.000000 -0.258878 0.354210 0.354210 0.354210
6272.073242 0.000000 546.920837 0.000000 0.975431 0.000000 0.220305 0.347011 0.347011 0.347011
6313.764648 0.000000 536.683594 0.000000 0.976201 0.000000 0.216865 0.347249 0.347249 0.347249
6313.927734 0.000000 553.092651 0.000000 0.996607 0.000000 -0.082311 0.351253 0.351253 0.351253
6310.643555 0.000000 560.061462 0.000000 0.999836 0.000000 -0.018130 0.350327 0.350327 0.350327
6320.015137 0.000000 536.140808 0.000000 0.998597 0.000000 -0.052949 0.350954 0.350954 0.350954
6313.246582 0.000000 556.671143 0.000000 0.963822 0.000000 0.266545 0.345497 0.345497 0.345497
6293.436035 0.000000 559.657349 0.000000 0.978662 0.000000 0.205477 0.347025 0.347025 0.347025
6331.206543 0.000000 538.340149 0.000000 0.996651 0.000000 0.081776 0.348580 0.348580 0.348580
6314.452148 0.000000 543.293518 0.000000 0.965085 0.000000 -0.261936 0.354678 0.354678 0.354678
6310.885742 0.000000 552.521057 0.000000 0.984171 0.000000 -0.177220 0.353043 0.353043 0.353043
6317.452148 0.000000 536.929199 0.000000 0.987713 0.000000 0.156281 0.347264 0.347264 0.347264
6279.324707 0.000000 534.969421 0.000000 0.970786 0.000000 0.239947 0.346401 0.346401 0.346401
6334.998535 0.000000 532.340942 0.000000 0.992515 0.000000 -0.122124 0.352049 0.352049 0.352049
6312.552734 0.000000 561.210510 0.000000 0.980827 0.000000 -0.194878 0.353453 0.353453 0.353453
6287.977051 0.000000 557.426453 0.000000 0.995724 0.000000 -0.092375 0.351794 0.351794 0.351794
6381.901367 0.000000 509.313812 0.000000 0.994256 0.000000 0.107032 0.348534 0.348534 0.348534
6397.524414 0.000000 513.872803 0.000000 0.981826 0.000000 -0.189786 0.352444 0.352444 0.352444
6393.426758 0.000000 525.758301 0.000000 0.973305 0.000000 -0.229515 0.353470 0.353470 0.353470
6383.844727 0.000000 515.469849 0.000000 0.972284 0.000000 0.233802 0.347020 0.347020 0.347020
6355.298340 0.000000 526.306580 0.000000 0.998321 0.000000 0.057932 0.349169 0.349169 0.349169
6337.469238 0.000000 562.907471 0.000000 0.968050 0.000000 -0.250755 0.353322 0.353322 0.353322
6340.957031 0.000000 554.526489 0.000000 0.961371 0.000000 -0.275257 0.354995 0.354995 0.354995
6398.127441 0.000000 525.799377 0.000000 0.992054 0.000000 -0.125814 0.352232 0.352232 0.352232
6358.596680 0.000000 528.890503 0.000000 0.995895 0.000000 -0.090512 0.351283 0.351283 0.351283
6398.018555 0.000000 534.254456 0.000000 0.992318 0.000000 0.123710 0.347686 0.347686 0.347686
6336.073242 0.000000 546.920837 0.000000 0.983546 0.000000 0.180655 0.347421 0.347421 0.347421
6346.276367 0.000000 528.966797 0.000000 0.964671 0.000000 -0.263457 0.353739 0.353739 0.353739
6393.786621 0.000000 512.884216 0.000000 0.998111 0.000000 -0.061432 0.350851 0.350851 0.350851
6343.290527 0.000000 551.204468 0.000000 1.000000 0.000000 0.000870 0.349985 0.349985 0.349985
6382.165527 0.000000 525.901611 0.000000 0.953415 0.000000 0.301661 0.346010 0.346010 0.346010
6380.817383 0.000000 517.885376 0.000000 0.964456 0.000000 -0.264242 0.353528 0.353528 0.353528
6364.683105 0.000000 521.793274 0.000000 0.965892 0.000000 0.258945 0.346063 0.346063 0.346063
6385.098145 0.000000 522.735291 0.000000 0.999986 0.000000 0.005258 0.349927 0.349927 0.349927
6388.612793 0.000000 524.071350 0.000000 0.976755 0.000000 -0.214359 0.352841 0.352841 0.352841
6375.553711 0.000000 525.561646 0.000000 0.956731 0.000000 -0.290973 0.354321 0.354321 0.354321
6346.749023 0.000000 550.552246 0.000000 0.999659 0.000000 0.026102 0.349640 0.349640 0.349640
6394.815430 0.000000 515.928528 0.000000 0.958129 0.000000 -0.286337 0.354428 0.354428 0.354428
6390.469238 0.000000 518.513489 0.000000 0.989062 0.000000 0.147499 0.347562 0.347562 0.347562
6348.424805 0.000000 526.779114 0.000000 0.979571 0.000000 0.201099 0.347311 0.347311 0.347311
6347.713867 0.000000 546.362488 0.000000 0.966557 0.000000 -0.256450 0.353479 0.353479 0.353479
6395.279297 0.000000 533.560913 0.000000 0.984548 0.000000 -0.175117 0.352661 0.352661 0.352661
6343.626953 0.000000 554.709595 0.000000 0.985672 0.000000 -0.168674 0.352932 0.352932 0.352932
6347.346680 0.000000 556.323425 0.000000 0.986327 0.000000 -0.164798 0.352806 0.352806 0.352806
6338.873047 0.000000 534.649597 0.000000 0.957115 0.000000 -0.289708 0.354636 0.354636 0.354636
6362.002441 0.000000 522.394714 0.000000 0.999052 0.000000 0.043536 0.349248 0.349248 0.349248
6360.755859 0.000000 527.708618 0.000000 0.970274 0.000000 -0.242009 0.354186 0.354186 0.354186
6393.532715 0.000000 523.333984 0.000000 0.987103 0.000000 -0.160089 0.352508 0.352508 0.352508
6348.277832 0.000000 563.615601 0.000000 0.959565 0.000000 -0.281488 0.354401 0.354401 0.354401
6259.915527 0.000000 576.885071 0.000000 0.999942 0.000000 -0.010766 0.350154 0.350154 0.350154
6257.916504 0.000000 582.633728 0.000000 0.973895 0.000000 0.226998 0.347149 0.347149 0.347149
6242.074219 0.000000 570.363525 0.000000 0.994696 0.000000 -0.102863 0.351310 0.351310 0.351310
6270.127441 0.000000 582.283752 0.000000 0.959156 0.000000 0.282877 0.345965 0.345965 0.345965
6249.896973 0.000000 564.872131 0.000000 0.986753 0.000000 -0.162227 0.352342 0.352342 0.352342
6252.817383 0.000000 574.369751 0.000000 0.992246 0.000000 0.124293 0.348214 0.348214 0.348214
6256.446289 0.000000 575.674561 0.000000 0.992287 0.000000 0.123961 0.348165 0.348165 0.348165
6263.474609 0.000000 569.914429 0.000000 0.988773 0.000000 -0.149424 0.352687 0.352687 0.352687
6265.683105 0.000000 566.999512 0.000000 0.980935 0.000000 0.194338 0.346223 0.346223 0.346223
6279.674805 0.000000 588.789795 0.000000 0.962076 0.000000 -0.272781 0.353126 0.353126 0.353126
6326.803711 0.000000 566.909912 0.000000 0.984931 0.000000 -0.172946 0.352741 0.352741 0.352741
6335.683594 0.000000 577.884155 0.000000 0.971871 0.000000 0.235514 0.345274 0.345274 0.345274
6302.802246 0.000000 564.904907 0.000000 0.972937 0.000000 -0.231072 0.352771 0.352771 0.352771
6323.915527 0.000000 576.885071 0.000000 0.972012 0.000000 0.234933 0.346840 0.346840 0.346840
6333.524414 0.000000 570.357178 0.000000 0.953497 0.000000 -0.301402 0.355337 0.355337 0.355337
6309.084961 0.000000 579.641357 0.000000 0.986166 0.000000 0.165761 0.347170 0.347170 0.347170
6319.844727 0.000000 571.954224 0.000000 0.999963 0.000000 -0.008598 0.350140 0.350140 0.350140
6273.476562 0.000000 571.302429 0.000000 0.998237 0.000000 0.059362 0.349185 0.349185 0.349185
6291.298340 0.000000 582.790955 0.000000 0.973802 0.000000 -0.227398 0.353297 0.353297 0.353297
6317.791016 0.000000 578.181885 0.000000 0.996768 0.000000 -0.080334 0.351237 0.351237 0.351237
6321.916504 0.000000 582.633728 0.000000 0.998720 0.000000 -0.050583 0.350900 0.350900 0.350900
6306.074219 0.000000 570.363525 0.000000 0.980149 0.000000 -0.198261 0.352520 0.352520 0.352520
6281.437988 0.000000 565.661438 0.000000 0.964986 0.000000 -0.262301 0.353699 0.353699 0.353699
6333.935547 0.000000 594.873779 0.000000 0.996942 0.000000 0.078140 0.348975 0.348975 0.348975
6294.003418 0.000000 578.546143 0.000000 0.983779 0.000000 -0.179386 0.353270 0.353270 0.353270
6327.430664 0.000000 578.720764 0.000000 0.996876 0.000000 0.078979 0.348915 0.348915 0.348915
6272.522461 0.000000 580.545776 0.000000 0.970649 0.000000 0.240501 0.346679 0.346679 0.346679
6331.875488 0.000000 579.049988 0.000000 0.990440 0.000000 0.137942 0.347630 0.347630 0.347630
6320.446289 0.000000 575.674561 0.000000 0.972628 0.000000 0.232366 0.346588 0.346588 0.346588
6322.335449 0.000000 585.736816 0.000000 0.994018 0.000000 -0.109218 0.351831 0.351831 0.351831
6332.365723 0.000000 567.571411 0.000000 0.991205 0.000000 -0.132333 0.352151 0.352151 0.352151
6324.969238 0.000000 569.201599 0.000000 0.999025 0.000000 -0.044154 0.350662 0.350662 0.350662
6287.212891 0.000000 577.297058 0.000000 0.999967 0.000000 -0.008068 0.350124 0.350124 0.350124
6292.109863 0.000000 576.533386 0.000000 0.992184 0.000000 0.124786 0.347824 0.347824 0.347824
6327.542480 0.000000 587.973511 0.000000 0.996220 0.000000 -0.086865 0.351638 0.351638 0.351638
6299.921387 0.000000 580.799500 0.000000 0.967768 0.000000 -0.251842 0.354127 0.354127 0.354127
6328.357422 0.000000 573.190674 0.000000 0.999646 0.000000 0.026602 0.349590 0.349590 0.349590
6326.928223 0.000000 581.728821 0.000000 0.986332 0.000000 0.164769 0.347628 0.347628 0.347628
6298.002441 0.000000 578.879089 0.000000 0.979919 0.000000 -0.199398 0.353412 0.353412 0.353412
6303.885254 0.000000 584.033813 0.000000 0.958429 0.000000 -0.285330 0.354943 0.354943 0.354943
6282.112305 0.000000 582.997681 0.000000 0.977271 0.000000 -0.211994 0.353378 0.353378 0.353378
6296.281738 0.000000 586.858948 0.000000 0.972104 0.000000 -0.234550 0.353744 0.353744 0.353744
6334.808594 0.000000 592.871277 0.000000 0.966515 0.000000 0.256611 0.345975 0.345975 0.345975
6315.536621 0.000000 578.406799 0.000000 0.966323 0.000000 0.257334 0.345781 0.345781 0.345781
6339.834473 0.000000 564.846252 0.000000 0.995066 0.000000 -0.099213 0.351294 0.351294 0.351294
6356.950195 0.000000 574.012939 0.000000 0.997837 0.000000 -0.065739 0.351066 0.351066 0.351066
6388.600586 0.000000 588.057556 0.000000 0.986999 0.000000 -0.160724 0.352278 0.352278 0.352278
6399.683594 0.000000 577.884155 0.000000 0.988929 0.000000 -0.148389 0.352440 0.352440 0.352440
6355.921875 0.000000 589.169189 0.000000 0.957600 0.000000 -0.288101 0.354111 0.354111 0.354111
6351.347656 0.000000 565.127808 0.000000 0.998985 0.000000 -0.045048 0.350626 0.350626 0.350626
6381.255371 0.000000 619.719238 0.000000 0.991833 0.000000 -0.127547 0.351464 0.351464 0.351464
6388.449707 0.000000 597.604248 0.000000 0.976259 0.000000 -0.216608 0.353396 0.353396 0.353396
6357.035156 0.000000 605.560852 0.000000 0.992944 0.000000 -0.118587 0.351490 0.351490 0.351490
6382.271484 0.000000 602.132263 0.000000 0.996869 0.000000 0.079075 0.348814 0.348814 0.348814
6337.476562 0.000000 571.302429 0.000000 0.977784 0.000000 0.209615 0.345996 0.345996 0.345996
6350.716309 0.000000 574.577393 0.000000 0.999839 0.000000 -0.017960 0.350251 0.350251 0.350251
6345.095215 0.000000 576.831177 0.000000 0.965887 0.000000 -0.258965 0.354761 0.354761 0.354761
6385.044434 0.000000 613.527710 0.000000 0.984988 0.000000 0.172625 0.347847 0.347847 0.347847
6387.521484 0.000000 592.852600 0.000000 0.990741 0.000000 0.135767 0.347846 0.347846 0.347846
6341.568848 0.000000 568.861633 0.000000 0.999064 0.000000 -0.043255 0.350624 0.350624 0.350624
6368.344727 0.000000 603.161377 0.000000 0.998274 0.000000 0.058729 0.349135 0.349135 0.349135
6336.205078 0.000000 587.262451 0.000000 0.998011 0.000000 0.063039 0.349066 0.349066 0.349066
6365.536621 0.000000 604.856873 0.000000 0.999634 0.000000 0.027044 0.349636 0.349636 0.349636
6389.610352 0.000000 600.336548 0.000000 0.983726 0.000000 -0.179673 0.352684 0.352684 0.352684
6344.260254 0.000000 573.849426 0.000000 0.988021 0.000000 -0.154317 0.352153 0.352153 0.352153
6346.448242 0.000000 568.448669 0.000000 0.951639 0.000000 -0.307220 0.355225 0.355225 0.355225
6394.988770 0.000000 598.477844 0.000000 0.990061 0.000000 0.140640 0.347707 0.347707 0.347707
6351.212891 0.000000 577.297058 0.000000 0.967841 0.000000 0.251563 0.346500 0.346500 0.346500
6378.452148 0.000000 599.777893 0.000000 0.976382 0.000000 -0.216049 0.353178 0.353178 0.353178
6355.958008 0.000000 571.556335 0.000000 0.996732 0.000000 0.080785 0.348728 0.348728 0.348728
6341.178223 0.000000 590.213806 0.000000 0.994326 0.000000 0.106377 0.348328 0.348328 0.348328
6387.409180 0.000000 590.330017 0.000000 0.996794 0.000000 -0.080013 0.351197 0.351197 0.351197
6392.357422 0.000000 573.190674 0.000000 0.999819 0.000000 0.019042 0.349636 0.349636 0.349636
6338.873047 0.000000 591.133972 0.000000 0.993540 0.000000 -0.113483 0.351893 0.351893 0.351893
6391.370605 0.000000 598.499146 0.000000 0.990974 0.000000 0.134054 0.347862 0.347862 0.347862
6393.397461 0.000000 602.994080 0.000000 0.999360 0.000000 -0.035761 0.350520 0.350520 0.350520
6340.637695 0.000000 583.416565 0.000000 0.999054 0.000000 0.043489 0.349249 0.349249 0.349249
6393.532715 0.000000 579.818359 0.000000 0.993947 0.000000 0.109859 0.348355 0.348355 0.348355
6336.010254 0.000000 593.530029 0.000000 0.999955 0.000000 0.009469 0.349845 0.349845 0.349845
6344.162109 0.000000 584.564575 0.000000 0.973248 0.000000 0.229759 0.345391 0.345391 0.345391
6338.523438 0.000000 579.258606 0.000000 0.970413 0.000000 -0.241450 0.354667 0.354667 0.354667
6388.127930 0.000000 582.726196 0.000000 0.989331 0.000000 0.145687 0.347783 0.347783 0.347783
6390.375000 0.000000 596.393494 0.000000 0.998580 0.000000 -0.053276 0.350862 0.350862 0.350862
6399.211914 0.000000 575.675537 0.000000 0.998607 0.000000 0.052771 0.348960 0.348960 0.348960
6338.422852 0.000000 593.243347 0.000000 0.993025 0.000000 -0.117905 0.351921 0.351921 0.351921
6400.073242 0.000000 490.436462 0.000000 0.998021 0.000000 -0.062881 0.350943 0.350943 0.350943
6406.656738 0.000000 500.692780 0.000000 0.958698 0.000000 -0.284425 0.353843 0.353843 0.353843
6403.834473 0.000000 508.361908 0.000000 0.961972 0.000000 -0.273148 0.353288 0.353288 0.353288
6407.674805 0.000000 532.305420 0.000000 0.974768 0.000000 -0.223220 0.354062 0.354062 0.354062
6420.950195 0.000000 517.528564 0.000000 0.999369 0.000000 0.035530 0.349488 0.349488 0.349488
6425.268555 0.000000 524.768494 0.000000 0.992940 0.000000 -0.118616 0.351969 0.351969 0.351969
6401.476562 0.000000 514.818054 0.000000 0.995257 0.000000 0.097283 0.348744 0.348744 0.348744
6404.861816 0.000000 536.313904 0.000000 0.999296 0.000000 -0.037523 0.350674 0.350674 0.350674
6416.310547 0.000000 533.153992 0.000000 0.956904 0.000000 0.290404 0.345095 0.345095 0.345095
6412.396484 0.000000 520.867126 0.000000 0.977918 0.000000 -0.208988 0.353311 0.353311 0.353311
6422.343750 0.000000 525.751587 0.000000 0.989326 0.000000 -0.145722 0.352588 0.352588 0.352588
6413.243652 0.000000 515.600525 0.000000 0.986090 0.000000 -0.166210 0.352488 0.352488 0.352488
6415.844238 0.000000 511.486542 0.000000 0.956908 0.000000 0.290390 0.345997 0.345997 0.345997
6422.909180 0.000000 519.359192 0.000000 0.996026 0.000000 0.089064 0.348718 0.348718 0.348718
6405.178223 0.000000 533.729431 0.000000 0.954986 0.000000 0.296650 0.344289 0.344289 0.344289
6417.307129 0.000000 519.305298 0.000000 0.994950 0.000000 0.100375 0.348291 0.348291 0.348291
6424.755859 0.000000 527.708618 0.000000 0.985757 0.000000 0.168174 0.347519 0.347519 0.347519
6407.324707 0.000000 534.969421 0.000000 0.971110 0.000000 -0.238634 0.354737 0.354737 0.354737
6411.910645 0.000000 536.042358 0.000000 0.999732 0.000000 0.023157 0.349565 0.349565 0.349565
6403.661133 0.000000 529.432922 0.000000 0.956116 0.000000 0.292989 0.344258 0.344258 0.344258
6403.589355 0.000000 577.226013 0.000000 0.968184 0.000000 -0.250238 0.353602 0.353602 0.353602
6425.268555 0.000000 581.252869 0.000000 0.994210 0.000000 0.107455 0.348674 0.348674 0.348674
6400.315430 0.000000 591.269348 0.000000 0.993628 0.000000 0.112708 0.348362 0.348362 0.348362
6422.797363 0.000000 565.818359 0.000000 0.968719 0.000000 -0.248161 0.352991 0.352991 0.352991
6402.164551 0.000000 584.215271 0.000000 0.990330 0.000000 0.138729 0.348334 0.348334 0.348334
6414.146973 0.000000 586.697205 0.000000 0.994941 0.000000 -0.100464 0.351341 0.351341 0.351341
6416.020996 0.000000 609.072021 0.000000 0.985280 0.000000 0.170948 0.347883 0.347883 0.347883
6409.163574 0.000000 604.144531 0.000000 0.977073 0.000000 0.212903 0.346616 0.346616 0.346616
6409.095215 0.000000 576.831177 0.000000 0.984664 0.000000 0.174462 0.347794 0.347794 0.347794
6417.626465 0.000000 570.053223 0.000000 0.995354 0.000000 -0.096285 0.352149 0.352149 0.352149
6400.073242 0.000000 603.405212 0.000000 0.975157 0.000000 0.221514 0.346506 0.346506 0.346506
6422.302246 0.000000 569.897827 0.000000 0.959156 0.000000 0.282878 0.344186 0.344186 0.344186
6428.263672 0.000000 574.139771 0.000000 0.999994 0.000000 0.003501 0.349952 0.349952 0.349952
6400.205078 0.000000 587.262451 0.000000 0.998548 0.000000 0.053868 0.349291 0.349291 0.349291
6417.653320 0.000000 573.313171 0.000000 0.999977 0.000000 -0.006758 0.350151 0.350151 0.350151
6413.243652 0.000000 572.084900 0.000000 0.987198 0.000000 -0.159501 0.353499 0.353499 0.353499
6402.786133 0.000000 599.744446 0.000000 0.972422 0.000000 0.233230 0.346658 0.346658 0.346658
6406.927734 0.000000 571.191162 0.000000 0.992270 0.000000 -0.124095 0.352772 0.352772 0.352772
6408.000977 0.000000 568.904968 0.000000 0.996900 0.000000 0.078682 0.348445 0.348445 0.348445
6417.307129 0.000000 575.789673 0.000000 0.999881 0.000000 -0.015412 0.350343 0.350343 0.350343
6413.917480 0.000000 596.289978 0.000000 0.992836 0.000000 -0.119483 0.351774 0.351774 0.351774
6412.076660 0.000000 600.154236 0.000000 0.975830 0.000000 0.218533 0.346545 0.346545 0.346545
6411.600586 0.000000 570.565552 0.000000 0.956654 0.000000 0.291227 0.343416 0.343416 0.343416
6422.294922 0.000000 572.316833 0.000000 0.991242 0.000000 -0.132057 0.352951 0.352951 0.352951
6407.299805 0.000000 605.581909 0.000000 0.989264 0.000000 -0.146139 0.352364 0.352364 0.352364
6185.206543 0.000000 1307.684326 0.000000 0.999151 0.000000 0.041204 0.349537 0.349537 0.349537
6158.189453 0.000000 1335.584351 0.000000 0.986151 0.000000 -0.165850 0.351951 0.351951 0.351951
6205.733887 0.000000 1333.350830 0.000000 0.982599 0.000000 0.185738 0.347813 0.347813 0.347813
6195.915527 0.000000 1311.181885 0.000000 0.983502 0.000000 0.180899 0.347878 0.347878 0.347878
6171.221680 0.000000 1345.169189 0.000000 0.994942 0.000000 -0.100453 0.351389 0.351389 0.351389
6169.924805 0.000000 1352.381104 0.000000 0.978973 0.000000 0.203988 0.347083 0.347083 0.347083
6201.915527 0.000000 1309.855347 0.000000 0.998927 0.000000 -0.046314 0.350601 0.350601 0.350601
6163.298340 0.000000 1317.087769 0.000000 0.957928 0.000000 -0.287008 0.354413 0.354413 0.354413
6153.163574 0.000000 1338.441406 0.000000 0.989629 0.000000 0.143645 0.347884 0.347884 0.347884
6171.974121 0.000000 1330.870117 0.000000 0.997949 0.000000 -0.064022 0.351243 0.351243 0.351243
6193.044434 0.000000 1347.824585 0.000000 0.968064 0.000000 -0.250702 0.353100 0.353100 0.353100
6166.596680 0.000000 1319.671753 0.000000 0.987816 0.000000 -0.155624 0.352499 0.352499 0.352499
6145.602051 0.000000 1329.513916 0.000000 0.998577 0.000000 -0.053330 0.350739 0.350739 0.350739
6199.430664 0.000000 1313.017700 0.000000 0.976963 0.000000 0.213410 0.347078 0.347078 0.347078
6193.158691 0.000000 1333.769043 0.000000 0.997691 0.000000 0.067918 0.348872 0.348872 0.348872
6159.712891 0.000000 1317.754761 0.000000 0.969592 0.000000 0.244726 0.346651 0.346651 0.346651
6192.763672 0.000000 1338.947021 0.000000 0.963856 0.000000 0.266422 0.344451 0.344451 0.344451
6174.089844 0.000000 1328.075928 0.000000 0.980163 0.000000 -0.198193 0.352720 0.352720 0.352720
6202.815430 0.000000 1306.709717 0.000000 0.981190 0.000000 -0.193046 0.352597 0.352597 0.352597
6170.132812 0.000000 1333.592407 0.000000 0.998692 0.000000 0.051125 0.349140 0.349140 0.349140
6176.693359 0.000000 1351.128906 0.000000 0.998774 0.000000 -0.049497 0.350749 0.350749 0.350749
6186.699707 0.000000 1339.519409 0.000000 0.999186 0.000000 -0.040341 0.350599 0.350599 0.350599
6197.610352 0.000000 1334.633423 0.000000 0.993318 0.000000 -0.115409 0.351718 0.351718 0.351718
6172.116211 0.000000 1354.556274 0.000000 0.978715 0.000000 -0.205223 0.353711 0.353711 0.353711
6146.892090 0.000000 1337.341919 0.000000 0.999595 0.000000 0.028445 0.349616 0.349616 0.349616
6186.452148 0.000000 1334.074707 0.000000 0.965020 0.000000 0.262177 0.346129 0.346129 0.346129
6206.888184 0.000000 1335.765625 0.000000 0.986364 0.000000 -0.164579 0.352355 0.352355 0.352355
6191.560547 0.000000 1341.904297 0.000000 0.999969 0.000000 -0.007921 0.350169 0.350169 0.350169
6168.466797 0.000000 1325.664673 0.000000 0.994465 0.000000 -0.105070 0.351600 0.351600 0.351600
6162.112793 0.000000 1325.332275 0.000000 0.999066 0.000000 -0.043207 0.350659 0.350659 0.350659
6221.066406 0.000000 1352.356812 0.000000 0.999908 0.000000 -0.013540 0.350168 0.350168 0.350168
6242.997070 0.000000 1355.104004 0.000000 0.999999 0.000000 0.001394 0.349981 0.349981 0.349981
6241.456543 0.000000 1313.065552 0.000000 0.999914 0.000000 -0.013145 0.350191 0.350191 0.350191
6236.116211 0.000000 1354.556274 0.000000 0.999689 0.000000 -0.024957 0.350362 0.350362 0.350362
6271.022949 0.000000 1353.306152 0.000000 0.979705 0.000000 0.200445 0.347011 0.347011 0.347011
6252.874023 0.000000 1344.129883 0.000000 0.987388 0.000000 -0.158321 0.352438 0.352438 0.352438
6335.419434 0.000000 1264.528320 0.000000 0.970497 0.000000 0.241114 0.345181 0.345181 0.345181
6323.521484 0.000000 1270.665161 0.000000 0.960237 0.000000 0.279185 0.345426 0.345426 0.345426
6334.127441 0.000000 1260.096191 0.000000 0.979895 0.000000 -0.199515 0.352720 0.352720 0.352720
6320.887695 0.000000 1267.531738 0.000000 0.969195 0.000000 -0.246293 0.354121 0.354121 0.354121
6328.270996 0.000000 1263.166016 0.000000 0.956017 0.000000 -0.293310 0.355540 0.355540 0.355540
6331.206543 0.000000 1272.636963 0.000000 0.999932 0.000000 0.011648 0.349802 0.349802 0.349802
6328.713379 0.000000 1272.079224 0.000000 0.999699 0.000000 -0.024543 0.350401 0.350401 0.350401
6326.075195 0.000000 1264.201294 0.000000 0.996202 0.000000 0.087070 0.348301 0.348301 0.348301
6295.342285 0.000000 1258.166992 0.000000 0.963980 0.000000 0.265975 0.344684 0.344684 0.344684
6350.189453 0.000000 1279.099976 0.000000 0.992414 0.000000 -0.122940 0.351583 0.351583 0.351583
6375.866699 0.000000 1284.359863 0.000000 0.999892 0.000000 0.014663 0.349821 0.349821 0.349821
6357.035156 0.000000 1283.373413 0.000000 0.982384 0.000000 0.186872 0.347627 0.347627 0.347627
6343.693359 0.000000 1274.488770 0.000000 0.986991 0.000000 0.160779 0.347898 0.347898 0.347898
6340.861816 0.000000 1270.610840 0.000000 0.955146 0.000000 0.296136 0.346033 0.346033 0.346033
6354.853027 0.000000 1279.263672 0.000000 0.987024 0.000000 0.160573 0.348055 0.348055 0.348055
6377.927734 0.000000 1287.389526 0.000000 0.999434 0.000000 0.033654 0.349563 0.349563 0.349563
6336.010254 0.000000 1271.342529 0.000000 0.993956 0.000000 -0.109783 0.351874 0.351874 0.351874
6338.422852 0.000000 1271.055908 0.000000 0.999805 0.000000 -0.019764 0.350319 0.350319 0.350319
6290.736816 0.000000 1349.261719 0.000000 0.958093 0.000000 0.286456 0.346713 0.346713 0.346713
6293.035156 0.000000 1339.857788 0.000000 0.964819 0.000000 -0.262916 0.354475 0.354475 0.354475
6303.273438 0.000000 1354.017090 0.000000 0.964748 0.000000 -0.263175 0.353386 0.353386 0.353386
6295.759277 0.000000 1343.266479 0.000000 0.968739 0.000000 -0.248081 0.353154 0.353154 0.353154
6285.152832 0.000000 1344.371704 0.000000 0.999219 0.000000 -0.039526 0.350563 0.350563 0.350563
6293.228027 0.000000 1337.045776 0.000000 0.983597 0.000000 0.180377 0.347314 0.347314 0.347314
6284.244629 0.000000 1349.757202 0.000000 0.986552 0.000000 0.163450 0.347669 0.347669 0.347669
6286.486328 0.000000 1337.822388 0.000000 0.976390 0.000000 -0.216016 0.353339 0.353339 0.353339
6291.258789 0.000000 1338.034180 0.000000 0.989217 0.000000 -0.146460 0.352511 0.352511 0.352511
6388.885254 0.000000 1350.891724 0.000000 0.975705 0.000000 -0.219090 0.352750 0.352750 0.352750
6394.133789 0.000000 1326.605103 0.000000 0.992731 0.000000 0.120351 0.348408 0.348408 0.348408
6390.872070 0.000000 1345.474976 0.000000 0.960302 0.000000 0.278964 0.346579 0.346579 0.346579
6398.112305 0.000000 1343.059326 0.000000 0.951504 0.000000 0.307637 0.346052 0.346052 0.346052
6395.742676 0.000000 1336.817627 0.000000 0.999806 0.000000 -0.019689 0.350257 0.350257 0.350257
6174.802246 0.000000 1355.686157 0.000000 0.985101 0.000000 -0.171979 0.352907 0.352907 0.352907
6189.791016 0.000000 1368.963135 0.000000 0.994561 0.000000 0.104152 0.348368 0.348368 0.348368
6193.044434 0.000000 1404.308960 0.000000 0.979094 0.000000 -0.203410 0.352560 0.352560 0.352560
6182.720703 0.000000 1402.359619 0.000000 0.963513 0.000000 -0.267662 0.353552 0.353552 0.353552
6194.569336 0.000000 1411.598755 0.000000 0.998028 0.000000 -0.062770 0.350801 0.350801 0.350801
6186.064453 0.000000 1406.948853 0.000000 0.993550 0.000000 -0.113397 0.351485 0.351485 0.351485
6170.844238 0.000000 1357.342529 0.000000 0.995621 0.000000 -0.093478 0.351256 0.351256 0.351256
6147.856934 0.000000 1405.696899 0.000000 0.992173 0.000000 -0.124874 0.351657 0.351657 0.351657
6193.158691 0.000000 1390.253418 0.000000 0.989900 0.000000 0.141766 0.348173 0.348173 0.348173
6192.446289 0.000000 1366.455811 0.000000 0.953600 0.000000 0.301076 0.345698 0.345698 0.345698
6185.246582 0.000000 1403.936768 0.000000 0.953935 0.000000 0.300014 0.345846 0.345846 0.345846
6191.961914 0.000000 1410.884888 0.000000 0.966118 0.000000 -0.258103 0.353730 0.353730 0.353730
6227.921875 0.000000 1379.950439 0.000000 0.996379 0.000000 0.085028 0.348907 0.348907 0.348907
6268.270508 0.000000 1403.958862 0.000000 0.995042 0.000000 -0.099452 0.351371 0.351371 0.351371
6208.315430 0.000000 1382.050537 0.000000 0.980825 0.000000 0.194892 0.347198 0.347198 0.347198
6209.469238 0.000000 1410.173096 0.000000 0.999869 0.000000 -0.016204 0.350229 0.350229 0.350229
6264.634766 0.000000 1391.413574 0.000000 0.956181 0.000000 -0.292776 0.354167 0.354167 0.354167
6213.568848 0.000000 1359.642822 0.000000 0.981893 0.000000 -0.189438 0.352523 0.352523 0.352523
6270.612305 0.000000 1407.265259 0.000000 0.973211 0.000000 -0.229914 0.353365 0.353365 0.353365
6263.430664 0.000000 1369.502075 0.000000 0.982475 0.000000 -0.186395 0.352621 0.352621 0.352621
6262.755859 0.000000 1381.720459 0.000000 0.960896 0.000000 -0.276910 0.353788 0.353788 0.353788
6212.219238 0.000000 1388.259155 0.000000 0.952992 0.000000 0.302996 0.345871 0.345871 0.345871
6268.341309 0.000000 1408.792847 0.000000 0.998769 0.000000 -0.049612 0.350757 0.350757 0.350757
6262.928223 0.000000 1372.510010 0.000000 0.994938 0.000000 0.100486 0.348289 0.348289 0.348289
6271.022949 0.000000 1409.790527 0.000000 0.997046 0.000000 -0.076806 0.351105 0.351105 0.351105
6211.928711 0.000000 1385.756958 0.000000 0.991538 0.000000 -0.129819 0.351991 0.351991 0.351991
6209.729980 0.000000 1388.217285 0.000000 0.999971 0.000000 0.007578 0.349885 0.349885 0.349885
6262.075195 0.000000 1377.170044 0.000000 0.957641 0.000000 0.287964 0.344946 0.344946 0.344946
6147.834473 0.000000 1412.111938 0.000000 0.988852 0.000000 -0.148903 0.351704 0.351704 0.351704
6158.189453 0.000000 1448.553101 0.000000 0.968878 0.000000 0.247538 0.346842 0.346842 0.346842
6186.581543 0.000000 1430.914185 0.000000 0.988856 0.000000 0.148877 0.348289 0.348289 0.348289
6153.163574 0.000000 1451.410156 0.000000 0.999190 0.000000 0.040245 0.349518 0.349518 0.349518
6207.291016 0.000000 1412.514404 0.000000 0.963272 0.000000 0.268526 0.346544 0.346544 0.346544
6180.590332 0.000000 1422.116089 0.000000 0.967067 0.000000 0.254523 0.346728 0.346728 0.346728
6166.690430 0.000000 1440.126343 0.000000 0.982333 0.000000 0.187143 0.346842 0.346842 0.346842
6179.650879 0.000000 1435.051758 0.000000 0.981514 0.000000 0.191389 0.346374 0.346374 0.346374
6157.917480 0.000000 1443.555542 0.000000 0.999835 0.000000 -0.018138 0.350291 0.350291 0.350291
6218.048340 0.000000 1457.609741 0.000000 0.982802 0.000000 -0.184663 0.352150 0.352150 0.352150
6253.233887 0.000000 1438.006714 0.000000 0.966555 0.000000 -0.256461 0.353184 0.353184 0.353184
6217.095215 0.000000 1424.096802 0.000000 0.967218 0.000000 0.253946 0.346837 0.346837 0.346837
6250.157715 0.000000 1434.945679 0.000000 0.968446 0.000000 -0.249223 0.354072 0.354072 0.354072
6263.430664 0.000000 1425.986450 0.000000 0.994648 0.000000 0.103326 0.348282 0.348282 0.348282
6265.786621 0.000000 1416.634155 0.000000 0.982650 0.000000 0.185471 0.347033 0.347033 0.347033
6224.310547 0.000000 1436.903931 0.000000 0.998109 0.000000 0.061468 0.349213 0.349213 0.349213
6260.612793 0.000000 1427.821411 0.000000 0.975048 0.000000 -0.221994 0.353707 0.353707 0.353707
6262.469238 0.000000 1422.263428 0.000000 0.959190 0.000000 -0.282762 0.354860 0.354860 0.354860
6218.422852 0.000000 1435.856934 0.000000 0.969022 0.000000 -0.246973 0.353576 0.353576 0.353576
6250.478516 0.000000 1437.846436 0.000000 0.976514 0.000000 -0.215453 0.353197 0.353197 0.353197
6272.290527 0.000000 1389.990112 0.000000 0.987238 0.000000 0.159251 0.348106 0.348106 0.348106
6275.589355 0.000000 1368.007202 0.000000 0.999123 0.000000 0.041876 0.349467 0.349467 0.349467
6278.599121 0.000000 1408.725952 0.000000 0.973880 0.000000 0.227063 0.347348 0.347348 0.347348
6319.365234 0.000000 1386.428589 0.000000 0.988476 0.000000 0.151380 0.347444 0.347444 0.347444
6281.437988 0.000000 1356.442627 0.000000 0.999757 0.000000 0.022038 0.349716 0.349716 0.349716
6273.469238 0.000000 1410.173096 0.000000 0.995391 0.000000 0.095898 0.348792 0.348792 0.348792
6294.003418 0.000000 1369.327393 0.000000 0.974917 0.000000 -0.222567 0.353207 0.353207 0.353207
6278.798828 0.000000 1369.891968 0.000000 0.999246 0.000000 0.038815 0.349328 0.349328 0.349328
6275.167969 0.000000 1399.577637 0.000000 0.974737 0.000000 -0.223357 0.353218 0.353218 0.353218
6291.281738 0.000000 1411.279419 0.000000 0.976637 0.000000 0.214898 0.346707 0.346707 0.346707
6343.650879 0.000000 1373.112427 0.000000 0.999992 0.000000 0.004112 0.349946 0.349946 0.349946
6287.347656 0.000000 1412.393433 0.000000 0.995421 0.000000 -0.095586 0.351439 0.351439 0.351439
6295.538086 0.000000 1448.396240 0.000000 0.994927 0.000000 0.100601 0.348596 0.348596 0.348596
6303.822266 0.000000 1438.170532 0.000000 0.978506 0.000000 -0.206219 0.352768 0.352768 0.352768
6305.496582 0.000000 1436.340088 0.000000 0.998863 0.000000 -0.047664 0.350731 0.350731 0.350731
4896.344727 0.000000 2071.755127 0.000000 0.980419 0.000000 -0.196925 0.352589 0.352589 0.352589
4897.651855 0.000000 2069.635010 0.000000 0.985713 0.000000 -0.168434 0.352906 0.352906 0.352906
4536.634766 0.000000 2634.069824 0.000000 0.999691 0.000000 0.024853 0.349697 0.349697 0.349697
4530.278320 0.000000 2628.990234 0.000000 0.997483 0.000000 0.070907 0.348831 0.348831 0.348831
4558.189453 0.000000 2634.725098 0.000000 0.985760 0.000000 0.168160 0.346715 0.346715 0.346715
4585.423340 0.000000 2630.703369 0.000000 0.993786 0.000000 -0.111304 0.351808 0.351808 0.351808
4563.921875 0.000000 2622.606689 0.000000 0.966947 0.000000 0.254977 0.346260 0.346260 0.346260
4565.035156 0.000000 2638.998291 0.000000 0.996170 0.000000 0.087440 0.348864 0.348864 0.348864
4563.298340 0.000000 2616.228516 0.000000 0.991013 0.000000 -0.133768 0.351606 0.351606 0.351606
4561.893555 0.000000 2611.595947 0.000000 0.982020 0.000000 -0.188776 0.353029 0.353029 0.353029
4606.112305 0.000000 2642.199951 0.000000 0.991876 0.000000 0.127207 0.347598 0.347598 0.347598
4581.993652 0.000000 2627.844482 0.000000 0.994716 0.000000 0.102664 0.347834 0.347834 0.347834
4557.646484 0.000000 2639.027588 0.000000 0.999400 0.000000 0.034633 0.349451 0.349451 0.349451
4597.811523 0.000000 2639.580322 0.000000 0.982412 0.000000 0.186728 0.346578 0.346578 0.346578
4580.219727 0.000000 2638.438721 0.000000 0.961661 0.000000 -0.274240 0.353617 0.353617 0.353617
4598.755859 0.000000 2624.376709 0.000000 0.986392 0.000000 0.164412 0.347085 0.347085 0.347085
4580.675781 0.000000 2631.123291 0.000000 0.998629 0.000000 -0.052354 0.351167 0.351167 0.351167
4603.669434 0.000000 2617.986084 0.000000 0.962599 0.000000 -0.270929 0.354099 0.354099 0.354099
4574.841309 0.000000 2629.913330 0.000000 1.000000 0.000000 0.000565 0.349992 0.349992 0.349992
4565.228027 0.000000 2636.186279 0.000000 0.994293 0.000000 -0.106682 0.351658 0.351658 0.351658
4606.888184 0.000000 2634.906250 0.000000 0.998908 0.000000 0.046715 0.349232 0.349232 0.349232
4606.808594 0.000000 2626.308838 0.000000 0.951987 0.000000 -0.306139 0.356307 0.356307 0.356307
4608.315430 0.000000 2624.706787 0.000000 0.979428 0.000000 -0.201793 0.352610 0.352610 0.352610
4615.290527 0.000000 2641.126465 0.000000 0.959118 0.000000 -0.283007 0.356293 0.356293 0.356293
4637.565918 0.000000 2641.580078 0.000000 0.990785 0.000000 0.135446 0.348095 0.348095 0.348095
4638.662598 0.000000 2644.471680 0.000000 0.971549 0.000000 0.236837 0.344672 0.344672 0.344672
4626.130371 0.000000 2643.374512 0.000000 0.968469 0.000000 0.249135 0.344390 0.344390 0.344390
4622.936035 0.000000 2644.853271 0.000000 0.997164 0.000000 0.075258 0.348799 0.348799 0.348799
4613.188477 0.000000 2641.021240 0.000000 0.990740 0.000000 0.135771 0.346965 0.346965 0.346965
4863.211914 0.000000 2665.597412 0.000000 0.984513 0.000000 0.175310 0.346597 0.346597 0.346597
4890.616699 0.000000 2660.975098 0.000000 0.994801 0.000000 0.101835 0.348453 0.348453 0.348453
4909.791016 0.000000 2668.103760 0.000000 0.983528 0.000000 0.180755 0.346244 0.346244 0.346244
4878.716309 0.000000 2664.499268 0.000000 0.985955 0.000000 -0.167008 0.352954 0.352954 0.352954
4864.522461 0.000000 2670.467773 0.000000 0.962450 0.000000 -0.271460 0.353615 0.353615 0.353615
4882.974121 0.000000 2656.168457 0.000000 0.998998 0.000000 -0.044746 0.350577 0.350577 0.350577
4908.817383 0.000000 2664.291504 0.000000 0.974728 0.000000 -0.223393 0.353750 0.353750 0.353750
4915.006836 0.000000 2663.210693 0.000000 0.972551 0.000000 0.232691 0.346614 0.346614 0.346614
4881.653320 0.000000 2663.235107 0.000000 0.980705 0.000000 -0.195496 0.353318 0.353318 0.353318
4880.764160 0.000000 2670.717529 0.000000 0.999999 0.000000 0.001525 0.349975 0.349975 0.349975
4883.922852 0.000000 2658.564941 0.000000 0.995735 0.000000 -0.092258 0.351740 0.351740 0.351740
4864.974121 0.000000 2667.473389 0.000000 0.962037 0.000000 0.272917 0.346027 0.346027 0.346027
4902.302734 0.000000 2667.832275 0.000000 0.996833 0.000000 0.079519 0.348299 0.348299 0.348299
4965.443359 0.000000 2674.567627 0.000000 0.975947 0.000000 -0.218008 0.352650 0.352650 0.352650
4982.755859 0.000000 2680.861084 0.000000 0.965825 0.000000 -0.259194 0.353780 0.353780 0.353780
5079.538086 0.000000 2691.052490 0.000000 0.999849 0.000000 0.017376 0.349648 0.349648 0.349648
5087.949707 0.000000 2689.021729 0.000000 0.985704 0.000000 -0.168486 0.352493 0.352493 0.352493
5072.913574 0.000000 2687.335693 0.000000 0.963493 0.000000 0.267732 0.345133 0.345133 0.345133
5082.132812 0.000000 2689.217529 0.000000 0.976497 0.000000 -0.215532 0.354328 0.354328 0.354328
5077.175293 0.000000 2689.983643 0.000000 0.956017 0.000000 0.293312 0.345149 0.345149 0.345149
5072.687988 0.000000 2689.950684 0.000000 0.988720 0.000000 -0.149776 0.352345 0.352345 0.352345
5113.397461 0.000000 2692.916016 0.000000 0.986991 0.000000 0.160775 0.346903 0.346903 0.346903
5069.917480 0.000000 2686.211914 0.000000 0.962582 0.000000 0.270990 0.344641 0.344641 0.344641
5065.640137 0.000000 2687.992676 0.000000 0.966235 0.000000 0.257662 0.346129 0.346129 0.346129
5107.339844 0.000000 2690.054932 0.000000 0.999617 0.000000 0.027673 0.349537 0.349537 0.349537
5938.281250 0.000000 1907.053589 0.000000 0.998512 0.000000 0.054527 0.348911 0.348911 0.348911
5940.449707 0.000000 1896.744873 0.000000 0.980597 0.000000 -0.196035 0.352414 0.352414 0.352414
5942.872070 0.000000 1910.318726 0.000000 0.998599 0.000000 0.052907 0.349235 0.349235 0.349235
5913.550293 0.000000 1875.585815 0.000000 0.995160 0.000000 0.098265 0.348396 0.348396 0.348396
5941.811523 0.000000 1905.283447 0.000000 0.996036 0.000000 -0.088952 0.351311 0.351311 0.351311
5941.008789 0.000000 1908.206177 0.000000 0.959782 0.000000 -0.280748 0.355421 0.355421 0.355421
5946.085938 0.000000 1911.142944 0.000000 0.997140 0.000000 -0.075581 0.351134 0.351134 0.351134
5927.451172 0.000000 1878.979858 0.000000 0.985709 0.000000 0.168455 0.347301 0.347301 0.347301
5947.060547 0.000000 1906.576660 0.000000 0.985701 0.000000 -0.168504 0.352870 0.352870 0.352870
5845.389160 0.000000 2415.569580 0.000000 0.975834 0.000000 0.218515 0.345717 0.345717 0.345717
5847.550293 0.000000 2414.132812 0.000000 0.986654 0.000000 0.162833 0.347485 0.347485 0.347485
6137.614258 0.000000 2424.724854 0.000000 0.992945 0.000000 0.118572 0.347419 0.347419 0.347419
6109.075684 0.000000 2424.743896 0.000000 0.954411 0.000000 0.298494 0.345458 0.345458 0.345458
6122.622559 0.000000 2426.368896 0.000000 0.954481 0.000000 0.298273 0.344244 0.344244 0.344244
5835.443359 0.000000 2684.752686 0.000000 0.972080 0.000000 0.234649 0.346233 0.346233 0.346233
4414.127441 0.000000 3067.596191 0.000000 0.963397 0.000000 0.268080 0.344617 0.344617 0.344617
4414.188965 0.000000 3065.230957 0.000000 0.999306 0.000000 -0.037238 0.350653 0.350653 0.350653
5538.997070 0.000000 2767.213379 0.000000 0.969386 0.000000 -0.245543 0.353392 0.353392 0.353392
5609.206543 0.000000 2776.278076 0.000000 0.957881 0.000000 0.287164 0.346462 0.346462 0.346462
5669.084961 0.000000 2782.531982 0.000000 0.992425 0.000000 0.122852 0.348553 0.348553 0.348553
5678.917969 0.000000 2789.049072 0.000000 0.994426 0.000000 0.105435 0.348495 0.348495 0.348495
6118.643555 0.000000 2819.436523 0.000000 0.996315 0.000000 0.085765 0.348087 0.348087 0.348087
6644.449707 0.000000 2235.651123 0.000000 0.967769 0.000000 0.251840 0.346508 0.346508 0.346508
6643.521484 0.000000 2230.899414 0.000000 0.951131 0.000000 0.308789 0.345735 0.345735 0.345735
6646.496094 0.000000 2232.199463 0.000000 0.962821 0.000000 -0.270140 0.353753 0.353753 0.353753
6647.033203 0.000000 2241.338623 0.000000 0.952475 0.000000 -0.304616 0.354246 0.354246 0.354246
6651.206543 0.000000 2232.871338 0.000000 0.962467 0.000000 -0.271398 0.353770 0.353770 0.353770
6634.452148 0.000000 2237.824707 0.000000 0.997928 0.000000 -0.064344 0.350883 0.350883 0.350883
6845.041992 0.000000 2032.611206 0.000000 0.964675 0.000000 0.263444 0.346273 0.346273 0.346273
6840.851562 0.000000 2065.049805 0.000000 0.993416 0.000000 -0.114566 0.351455 0.351455 0.351455
6843.742676 0.000000 2071.114502 0.000000 0.995321 0.000000 0.096623 0.348664 0.348664 0.348664
6843.596680 0.000000 2049.963867 0.000000 0.966938 0.000000 0.255012 0.345820 0.345820 0.345820
6853.348633 0.000000 2041.879272 0.000000 0.991202 0.000000 0.132355 0.347715 0.347715 0.347715
6848.390625 0.000000 2076.987549 0.000000 0.960911 0.000000 -0.276857 0.354645 0.354645 0.354645
6851.605469 0.000000 2056.714111 0.000000 0.999594 0.000000 -0.028508 0.350451 0.350451 0.350451
6854.202148 0.000000 2044.950317 0.000000 0.989374 0.000000 0.145391 0.347807 0.347807 0.347807
6851.928711 0.000000 2063.569336 0.000000 0.966119 0.000000 0.258098 0.345267 0.345267 0.345267
6848.010254 0.000000 2062.123779 0.000000 0.999044 0.000000 -0.043722 0.350885 0.350885 0.350885
6855.561523 0.000000 2084.411377 0.000000 0.985786 0.000000 0.168007 0.347389 0.347389 0.347389
6674.736816 0.000000 2253.011719 0.000000 0.996599 0.000000 -0.082404 0.351085 0.351085 0.351085
6697.423340 0.000000 2235.312744 0.000000 0.952005 0.000000 -0.306082 0.353574 0.353574 0.353574
6662.599121 0.000000 2255.991455 0.000000 0.980388 0.000000 -0.197078 0.354255 0.354255 0.354255
6692.049805 0.000000 2239.180176 0.000000 0.990590 0.000000 -0.136861 0.351883 0.351883 0.351883
6697.605957 0.000000 2240.372070 0.000000 0.989615 0.000000 -0.143746 0.351979 0.351979 0.351979
6672.913574 0.000000 2235.460693 0.000000 0.974864 0.000000 -0.222802 0.352817 0.352817 0.352817
6686.841309 0.000000 2234.522705 0.000000 0.986941 0.000000 0.161085 0.347780 0.347780 0.347780
6659.898438 0.000000 2255.647217 0.000000 0.999305 0.000000 0.037288 0.349200 0.349200 0.349200
6668.244629 0.000000 2253.507324 0.000000 0.994050 0.000000 0.108923 0.347659 0.347659 0.347659
6670.936035 0.000000 2249.462646 0.000000 0.998303 0.000000 -0.058238 0.351250 0.351250 0.351250
6667.567871 0.000000 2243.043945 0.000000 0.967041 0.000000 -0.254620 0.355523 0.355523 0.355523
6755.530762 0.000000 2253.479248 0.000000 0.995253 0.000000 0.097320 0.348693 0.348693 0.348693
6739.921875 0.000000 2227.216064 0.000000 0.983558 0.000000 -0.180593 0.352491 0.352491 0.352491
6759.866699 0.000000 2244.594238 0.000000 0.987104 0.000000 0.160083 0.347380 0.347380 0.347380
6741.035156 0.000000 2243.607666 0.000000 0.990003 0.000000 -0.141048 0.351830 0.351830 0.351830
6745.924805 0.000000 2256.131104 0.000000 0.990748 0.000000 -0.135718 0.352094 0.352094 0.352094
6778.133789 0.000000 2230.354980 0.000000 0.971957 0.000000 0.235157 0.346992 0.346992 0.346992
6766.271484 0.000000 2240.179199 0.000000 0.997527 0.000000 0.070280 0.349035 0.349035 0.349035
6734.146973 0.000000 2224.744141 0.000000 0.974582 0.000000 -0.224032 0.353100 0.353100 0.353100
6783.097656 0.000000 2242.279785 0.000000 0.956784 0.000000 0.290800 0.346249 0.346249 0.346249
6770.569336 0.000000 2258.864502 0.000000 0.999880 0.000000 -0.015517 0.350208 0.350208 0.350208
6761.605957 0.000000 2240.372070 0.000000 0.979716 0.000000 0.200390 0.347179 0.347179 0.347179
6773.757812 0.000000 2222.255371 0.000000 0.971887 0.000000 0.235450 0.346127 0.346127 0.346127
6732.652344 0.000000 2228.317383 0.000000 0.986688 0.000000 -0.162622 0.352241 0.352241 0.352241
6761.927734 0.000000 2247.623779 0.000000 0.965378 0.000000 0.260856 0.345699 0.345699 0.345699
6774.755859 0.000000 2228.986084 0.000000 0.996113 0.000000 0.088081 0.348563 0.348563 0.348563
6733.152832 0.000000 2248.121582 0.000000 0.993799 0.000000 0.111192 0.348437 0.348437 0.348437
6768.015137 0.000000 2230.672119 0.000000 0.996673 0.000000 -0.081506 0.351119 0.351119 0.351119
6731.713867 0.000000 2240.893799 0.000000 0.955149 0.000000 0.296127 0.345889 0.345889 0.345889
6731.443359 0.000000 2232.877686 0.000000 0.999251 0.000000 0.038706 0.349469 0.349469 0.349469
6776.270996 0.000000 2223.400391 0.000000 0.972331 0.000000 -0.233609 0.353842 0.353842 0.353842
6734.936035 0.000000 2249.462646 0.000000 0.972278 0.000000 -0.233827 0.353846 0.353846 0.353846
6787.716309 0.000000 2243.996826 0.000000 0.977241 0.000000 0.212133 0.346703 0.346703 0.346703
6794.749023 0.000000 2245.083496 0.000000 0.982653 0.000000 -0.185454 0.352926 0.352926 0.352926
6791.290527 0.000000 2237.562988 0.000000 0.982936 0.000000 -0.183948 0.353015 0.353015 0.353015
6791.299805 0.000000 2243.628662 0.000000 0.986705 0.000000 -0.162520 0.352660 0.352660 0.352660
6190.444824 0.000000 2423.706055 0.000000 0.986161 0.000000 0.165789 0.347846 0.347846 0.347846
6193.605957 0.000000 2425.197510 0.000000 0.998993 0.000000 0.044872 0.349274 0.349274 0.349274
6172.116211 0.000000 2427.759277 0.000000 0.968632 0.000000 0.248498 0.346028 0.346028 0.346028
6188.424316 0.000000 2424.889893 0.000000 0.982965 0.000000 -0.183794 0.352891 0.352891 0.352891
6252.424316 0.000000 2424.889893 0.000000 0.961095 0.000000 0.276219 0.345097 0.345097 0.345097
6245.505371 0.000000 2428.031494 0.000000 0.951747 0.000000 -0.306883 0.355546 0.355546 0.355546
6185.896973 0.000000 2428.856445 0.000000 0.998431 0.000000 -0.055998 0.350835 0.350835 0.350835
6185.191406 0.000000 2430.958496 0.000000 0.998978 0.000000 -0.045205 0.350765 0.350765 0.350765
6238.802246 0.000000 2428.889160 0.000000 0.953897 0.000000 0.300135 0.343767 0.343767 0.343767
6367.273438 0.000000 2483.704590 0.000000 0.961833 0.000000 -0.273638 0.353500 0.353500 0.353500
6370.997070 0.000000 2484.791504 0.000000 0.986641 0.000000 -0.162911 0.352316 0.352316 0.352316
6649.426758 0.000000 2276.773926 0.000000 0.981697 0.000000 -0.190447 0.353424 0.353424 0.353424
6653.041992 0.000000 2315.033203 0.000000 0.994420 0.000000 -0.105498 0.352184 0.352184 0.352184
6646.872070 0.000000 2305.709473 0.000000 0.996356 0.000000 0.085288 0.348829 0.348829 0.348829
6623.273438 0.000000 2314.251465 0.000000 0.987166 0.000000 -0.159695 0.352368 0.352368 0.352368
6637.060059 0.000000 2301.766846 0.000000 0.988173 0.000000 -0.153345 0.351944 0.351944 0.351944
6641.044434 0.000000 2308.058838 0.000000 0.982655 0.000000 0.185441 0.347441 0.347441 0.347441
6649.614258 0.000000 2311.756104 0.000000 0.988599 0.000000 -0.150569 0.352166 0.352166 0.352166
6634.064453 0.000000 2310.698730 0.000000 0.999766 0.000000 -0.021650 0.350310 0.350310 0.350310
6654.018555 0.000000 2285.270020 0.000000 0.975810 0.000000 0.218621 0.346620 0.346620 0.346620
6647.430664 0.000000 2273.251953 0.000000 0.972960 0.000000 0.230973 0.345601 0.345601 0.345601
6626.997070 0.000000 2315.338379 0.000000 0.986056 0.000000 -0.166415 0.352710 0.352710 0.352710
6650.308594 0.000000 2303.974609 0.000000 0.989287 0.000000 -0.145983 0.352010 0.352010 0.352010
6638.444824 0.000000 2310.737305 0.000000 0.999278 0.000000 0.038003 0.349452 0.349452 0.349452
6647.010742 0.000000 2314.327881 0.000000 0.998839 0.000000 0.048164 0.349339 0.349339 0.349339
6641.605957 0.000000 2312.228760 0.000000 0.991538 0.000000 0.129818 0.348106 0.348106 0.348106
6636.084473 0.000000 2290.118896 0.000000 0.980536 0.000000 0.196342 0.346779 0.346779 0.346779
6642.616699 0.000000 2305.428223 0.000000 0.974463 0.000000 -0.224550 0.353107 0.353107 0.353107
6651.206543 0.000000 2289.355713 0.000000 0.961306 0.000000 0.275484 0.345659 0.345659 0.345659
6654.888184 0.000000 2296.000000 0.000000 0.998819 0.000000 -0.048585 0.350792 0.350792 0.350792
6639.961914 0.000000 2314.635010 0.000000 0.952738 0.000000 -0.303794 0.355017 0.355017 0.355017
6625.210938 0.000000 2308.817871 0.000000 0.996831 0.000000 0.079548 0.348702 0.348702 0.348702
6652.546387 0.000000 2287.314697 0.000000 0.994082 0.000000 0.108632 0.348226 0.348226 0.348226
6649.532715 0.000000 2274.349609 0.000000 0.980587 0.000000 0.196086 0.346275 0.346275 0.346275
6639.221680 0.000000 2292.673584 0.000000 0.985501 0.000000 0.169668 0.347222 0.347222 0.347222
6643.339844 0.000000 2294.664307 0.000000 0.963759 0.000000 -0.266773 0.354401 0.354401 0.354401
6654.298340 0.000000 2308.845703 0.000000 0.992067 0.000000 -0.125709 0.352671 0.352671 0.352671
6654.808594 0.000000 2287.402588 0.000000 0.976157 0.000000 -0.217065 0.353547 0.353547 0.353547
6649.361328 0.000000 2272.164307 0.000000 0.980532 0.000000 -0.196359 0.353704 0.353704 0.353704
6630.270996 0.000000 2317.266357 0.000000 0.999960 0.000000 -0.008923 0.350152 0.350152 0.350152
6649.426758 0.000000 2333.258301 0.000000 0.995665 0.000000 0.093017 0.348722 0.348722 0.348722
6629.084961 0.000000 2330.656982 0.000000 0.972972 0.000000 0.230922 0.346203 0.346203 0.346203
6618.616699 0.000000 2322.068848 0.000000 0.999777 0.000000 0.021106 0.349734 0.349734 0.349734
6641.916504 0.000000 2333.649414 0.000000 0.951169 0.000000 0.308671 0.344886 0.344886 0.344886
6622.773926 0.000000 2332.331055 0.000000 0.994749 0.000000 -0.102347 0.351483 0.351483 0.351483
6655.291016 0.000000 2316.264404 0.000000 0.997945 0.000000 0.064070 0.348625 0.348625 0.348625
6618.661621 0.000000 2337.297119 0.000000 0.979026 0.000000 0.203735 0.347194 0.347194 0.347194
6650.165039 0.000000 2338.410156 0.000000 0.958019 0.000000 0.286705 0.346405 0.346405 0.346405
6610.853027 0.000000 2352.466797 0.000000 0.991413 0.000000 -0.130766 0.351799 0.351799 0.351799
6654.127441 0.000000 2333.299316 0.000000 0.980923 0.000000 0.194395 0.347316 0.347316 0.347316
6633.396484 0.000000 2329.618164 0.000000 0.951772 0.000000 -0.306806 0.355082 0.355082 0.355082
6630.192871 0.000000 2321.566162 0.000000 0.995964 0.000000 -0.089756 0.351476 0.351476 0.351476
6634.157715 0.000000 2338.695557 0.000000 0.992486 0.000000 -0.122362 0.351683 0.351683 0.351683
6653.449707 0.000000 2325.345459 0.000000 0.964907 0.000000 -0.262592 0.354678 0.354678 0.354678
6609.216309 0.000000 2355.740723 0.000000 0.982749 0.000000 -0.184944 0.352552 0.352552 0.352552
6640.446289 0.000000 2326.690186 0.000000 0.998283 0.000000 0.058580 0.349045 0.349045 0.349045
6643.006836 0.000000 2324.304443 0.000000 0.991030 0.000000 0.133637 0.347816 0.347816 0.347816
6621.587891 0.000000 2335.527100 0.000000 0.990311 0.000000 -0.138867 0.351911 0.351911 0.351911
6616.357910 0.000000 2324.370361 0.000000 0.979162 0.000000 0.203082 0.347284 0.347284 0.347284
6646.469238 0.000000 2326.013428 0.000000 0.974386 0.000000 -0.224880 0.353112 0.353112 0.353112
6632.221680 0.000000 2336.302734 0.000000 0.999998 0.000000 0.002064 0.349972 0.349972 0.349972
6641.495117 0.000000 2315.959473 0.000000 0.998733 0.000000 0.050327 0.349195 0.349195 0.349195
6634.549316 0.000000 2326.970703 0.000000 0.989562 0.000000 -0.144110 0.352609 0.352609 0.352609
6636.193359 0.000000 2336.803955 0.000000 1.000000 0.000000 -0.001006 0.350016 0.350016 0.350016
6630.658203 0.000000 2324.080322 0.000000 0.997529 0.000000 -0.070258 0.351189 0.351189 0.351189
6633.191406 0.000000 2317.989746 0.000000 0.982863 0.000000 0.184335 0.346979 0.346979 0.346979
6640.601562 0.000000 2320.701660 0.000000 0.989895 0.000000 0.141805 0.347806 0.347806 0.347806
6399.683594 0.000000 2498.353027 0.000000 0.988058 0.000000 0.154080 0.347682 0.347682 0.347682
6403.589355 0.000000 2497.694824 0.000000 0.999923 0.000000 -0.012408 0.350232 0.350232 0.350232
6412.396484 0.000000 2497.820312 0.000000 0.962317 0.000000 -0.271930 0.355607 0.355607 0.355607
6415.212891 0.000000 2497.765869 0.000000 0.994401 0.000000 0.105669 0.348187 0.348187 0.348187
6417.307129 0.000000 2496.258301 0.000000 0.954611 0.000000 0.297856 0.344873 0.344873 0.344873
6510.271484 0.000000 2522.601074 0.000000 0.996959 0.000000 -0.077928 0.351009 0.351009 0.351009
6509.060059 0.000000 2527.704346 0.000000 0.988887 0.000000 0.148666 0.347888 0.347888 0.347888
6513.158691 0.000000 2576.425293 0.000000 0.989538 0.000000 0.144271 0.348166 0.348166 0.348166
6514.616699 0.000000 2587.850098 0.000000 0.955832 0.000000 -0.293913 0.354223 0.354223 0.354223
6511.560547 0.000000 2584.560547 0.000000 0.996879 0.000000 0.078950 0.348881 0.348881 0.348881
6666.048340 0.000000 2304.875244 0.000000 0.985358 0.000000 0.170496 0.346325 0.346325 0.346325
6669.467773 0.000000 2274.930176 0.000000 0.996632 0.000000 -0.082007 0.351126 0.351126 0.351126
6677.035156 0.000000 2300.092041 0.000000 0.953980 0.000000 0.299870 0.345875 0.345875 0.345875
6659.716309 0.000000 2300.481201 0.000000 0.969849 0.000000 0.243707 0.345407 0.345407 0.345407
6656.315430 0.000000 2285.800537 0.000000 0.994586 0.000000 0.103921 0.348572 0.348572 0.348572
6714.133789 0.000000 2286.839355 0.000000 0.961621 0.000000 -0.274381 0.353813 0.353813 0.353813
6670.124512 0.000000 2288.383789 0.000000 0.976627 0.000000 -0.214943 0.352972 0.352972 0.352972
6670.146973 0.000000 2281.228516 0.000000 0.974895 0.000000 0.222664 0.347018 0.347018 0.347018
6713.915527 0.000000 2270.089844 0.000000 0.998599 0.000000 0.052913 0.349001 0.349001 0.349001
6672.020996 0.000000 2303.603271 0.000000 0.991378 0.000000 0.131032 0.348237 0.348237 0.348237
6705.916504 0.000000 2277.165039 0.000000 0.993038 0.000000 -0.117795 0.351620 0.351620 0.351620
6695.675293 0.000000 2314.148926 0.000000 0.998956 0.000000 0.045690 0.349255 0.349255 0.349255
6657.469238 0.000000 2313.923096 0.000000 0.986599 0.000000 0.163165 0.346484 0.346484 0.346484
6701.060059 0.000000 2301.766846 0.000000 0.966224 0.000000 0.257702 0.345012 0.345012 0.345012
6719.097656 0.000000 2298.764160 0.000000 0.990432 0.000000 -0.138001 0.352256 0.352256 0.352256
6694.720703 0.000000 2306.109619 0.000000 0.973581 0.000000 -0.228342 0.353865 0.353865 0.353865
6679.538086 0.000000 2295.661865 0.000000 0.994109 0.000000 0.108384 0.348344 0.348344 0.348344
6672.913574 0.000000 2291.945068 0.000000 0.989109 0.000000 0.147183 0.347696 0.347696 0.347696
6661.348633 0.000000 2267.816895 0.000000 0.963266 0.000000 -0.268549 0.353611 0.353611 0.353611
6667.937012 0.000000 2292.144287 0.000000 0.999783 0.000000 0.020835 0.349712 0.349712 0.349712
6656.173340 0.000000 2261.199707 0.000000 0.959505 0.000000 -0.281692 0.355402 0.355402 0.355402
6715.875488 0.000000 2273.581299 0.000000 0.999458 0.000000 0.032920 0.349379 0.349379 0.349379
6697.927734 0.000000 2304.108154 0.000000 0.998248 0.000000 0.059174 0.348882 0.348882 0.348882
6692.675781 0.000000 2292.217041 0.000000 0.979886 0.000000 0.199556 0.347244 0.347244 0.347244
6705.098145 0.000000 2273.750977 0.000000 0.990069 0.000000 0.140580 0.347966 0.347966 0.347966
6680.763672 0.000000 2290.106201 0.000000 0.975263 0.000000 -0.221047 0.353603 0.353603 0.353603
6656.226074 0.000000 2310.691895 0.000000 0.961495 0.000000 -0.274824 0.355972 0.355972 0.355972
6660.219238 0.000000 2292.009033 0.000000 0.994927 0.000000 0.100599 0.348644 0.348644 0.348644
6708.612793 0.000000 2275.086914 0.000000 0.965049 0.000000 -0.262069 0.353939 0.353939 0.353939
6685.587891 0.000000 2279.042725 0.000000 0.991826 0.000000 0.127600 0.347915 0.347915 0.347915
6682.132812 0.000000 2293.826904 0.000000 0.984250 0.000000 -0.176782 0.352601 0.352601 0.352601
6711.033203 0.000000 2297.822998 0.000000 0.960815 0.000000 0.277190 0.346110 0.346110 0.346110
6662.656738 0.000000 2308.192871 0.000000 0.990927 0.000000 -0.134399 0.352892 0.352892 0.352892
6692.314453 0.000000 2312.770996 0.000000 0.999017 0.000000 0.044334 0.349355 0.349355 0.349355
6711.879395 0.000000 2302.569824 0.000000 0.981046 0.000000 0.193776 0.346532 0.346532 0.346532
6659.167969 0.000000 2303.327637 0.000000 0.960190 0.000000 -0.279349 0.355504 0.355504 0.355504
6718.830566 0.000000 2306.610107 0.000000 0.997712 0.000000 0.067610 0.348809 0.348809 0.348809
6668.244629 0.000000 2309.991699 0.000000 0.981197 0.000000 0.193008 0.345834 0.345834 0.345834
6676.109863 0.000000 2271.064697 0.000000 0.956392 0.000000 -0.292087 0.354558 0.354558 0.354558
6716.341309 0.000000 2312.542725 0.000000 0.981386 0.000000 -0.192048 0.353934 0.353934 0.353934
6677.175293 0.000000 2294.593018 0.000000 1.000000 0.000000 0.000337 0.349995 0.349995 0.349995
6670.452148 0.000000 2314.969727 0.000000 0.970970 0.000000 0.239200 0.344819 0.344819 0.344819
6703.560547 0.000000 2302.138672 0.000000 0.989029 0.000000 0.147724 0.347377 0.347377 0.347377
6663.626953 0.000000 2305.725342 0.000000 0.998547 0.000000 0.053880 0.348848 0.348848 0.348848
6689.210938 0.000000 2308.817871 0.000000 0.992024 0.000000 -0.126053 0.351866 0.351866 0.351866
6719.022949 0.000000 2313.540527 0.000000 0.980600 0.000000 -0.196020 0.354017 0.354017 0.354017
6663.852051 0.000000 2296.552490 0.000000 0.992609 0.000000 -0.121356 0.351967 0.351967 0.351967
6700.263184 0.000000 2309.550049 0.000000 0.952162 0.000000 -0.305595 0.355862 0.355862 0.355862
6711.474609 0.000000 2264.445557 0.000000 0.999927 0.000000 0.012089 0.349805 0.349805 0.349805
6716.605469 0.000000 2291.301514 0.000000 0.979535 0.000000 -0.201275 0.353081 0.353081 0.353081
6669.897461 0.000000 2302.482910 0.000000 0.991678 0.000000 -0.128745 0.352296 0.352296 0.352296
6656.164062 0.000000 2315.714111 0.000000 0.989002 0.000000 0.147900 0.346816 0.346816 0.346816
6718.298340 0.000000 2308.845703 0.000000 0.980403 0.000000 0.197005 0.346543 0.346543 0.346543
6661.188477 0.000000 2302.114990 0.000000 0.968785 0.000000 -0.247901 0.354870 0.354870 0.354870
6720.354004 0.000000 2307.342773 0.000000 0.997070 0.000000 -0.076492 0.351315 0.351315 0.351315
6748.282227 0.000000 2296.270996 0.000000 0.962124 0.000000 -0.272612 0.355139 0.355139 0.355139
6772.600586 0.000000 2282.588867 0.000000 0.998171 0.000000 0.060451 0.349170 0.349170 0.349170
6750.802246 0.000000 2259.436035 0.000000 0.997401 0.000000 -0.072046 0.350819 0.350819 0.350819
6739.921875 0.000000 2283.700439 0.000000 0.995090 0.000000 -0.098970 0.351360 0.351360 0.351360
6735.347656 0.000000 2259.659180 0.000000 0.969995 0.000000 0.243126 0.346931 0.346931 0.346931
6765.255371 0.000000 2314.250488 0.000000 0.992581 0.000000 0.121588 0.348402 0.348402 0.348402
6765.233887 0.000000 2285.272217 0.000000 0.956091 0.000000 -0.293071 0.354847 0.354847 0.354847
6746.840820 0.000000 2286.079346 0.000000 0.995189 0.000000 -0.097977 0.351608 0.351608 0.351608
6757.443359 0.000000 2279.177002 0.000000 0.998745 0.000000 0.050093 0.349183 0.349183 0.349183
6745.550293 0.000000 2270.976318 0.000000 0.984179 0.000000 0.177178 0.347556 0.347556 0.347556
6746.548828 0.000000 2300.687988 0.000000 0.999580 0.000000 -0.028994 0.350473 0.350473 0.350473
6743.427734 0.000000 2308.370361 0.000000 0.952396 0.000000 -0.304865 0.355130 0.355130 0.355130
6737.893555 0.000000 2272.689697 0.000000 0.967964 0.000000 0.251091 0.346518 0.346518 0.346518
6741.636230 0.000000 2313.877197 0.000000 0.968273 0.000000 0.249894 0.345796 0.345796 0.345796
6733.333984 0.000000 2263.704346 0.000000 0.980255 0.000000 -0.197737 0.352731 0.352731 0.352731
6720.073242 0.000000 2297.936523 0.000000 0.997347 0.000000 0.072800 0.348908 0.348908 0.348908
6742.302246 0.000000 2264.428955 0.000000 0.987755 0.000000 -0.156013 0.352149 0.352149 0.352149
6723.605469 0.000000 2282.651611 0.000000 0.980661 0.000000 -0.195714 0.352702 0.352702 0.352702
6750.227539 0.000000 2263.932373 0.000000 0.952394 0.000000 0.304870 0.345642 0.345642 0.345642
6720.110840 0.000000 2269.739502 0.000000 0.968548 0.000000 -0.248827 0.354746 0.354746 0.354746
6766.165527 0.000000 2276.917236 0.000000 0.999260 0.000000 0.038471 0.349410 0.349410 0.349410
6764.817383 0.000000 2268.900879 0.000000 0.976637 0.000000 -0.214895 0.353104 0.353104 0.353104
6724.061523 0.000000 2275.584717 0.000000 0.999614 0.000000 0.027765 0.349463 0.349463 0.349463
6749.565918 0.000000 2302.673828 0.000000 0.999365 0.000000 0.035626 0.349477 0.349477 0.349477
6750.089844 0.000000 2288.310303 0.000000 0.983018 0.000000 -0.183510 0.353870 0.353870 0.353870
6720.226074 0.000000 2310.691895 0.000000 0.980336 0.000000 0.197335 0.346251 0.346251 0.346251
6726.798828 0.000000 2273.642090 0.000000 0.994839 0.000000 -0.101466 0.351967 0.351967 0.351967
6732.396484 0.000000 2271.882812 0.000000 0.999027 0.000000 -0.044103 0.350738 0.350738 0.350738
6746.132812 0.000000 2293.826904 0.000000 0.986713 0.000000 0.162470 0.347005 0.347005 0.347005
6726.827637 0.000000 2315.373779 0.000000 0.966035 0.000000 0.258410 0.344176 0.344176 0.344176
6760.221680 0.000000 2279.818359 0.000000 0.998791 0.000000 0.049156 0.349108 0.349108 0.349108
6726.202148 0.000000 2270.887695 0.000000 0.965165 0.000000 -0.261641 0.354904 0.354904 0.354904
6735.212891 0.000000 2271.828369 0.000000 0.997630 0.000000 0.068811 0.349001 0.349001 0.349001
6762.549316 0.000000 2270.486328 0.000000 0.965929 0.000000 -0.258806 0.354266 0.354266 0.354266
6749.260254 0.000000 2293.644287 0.000000 0.961457 0.000000 0.274955 0.344743 0.344743 0.344743
6723.898438 0.000000 2312.131592 0.000000 0.970546 0.000000 -0.240916 0.354911 0.354911 0.354911
6746.616211 0.000000 2283.457520 0.000000 0.955661 0.000000 0.294468 0.345508 0.345508 0.345508
6739.100098 0.000000 2312.121826 0.000000 0.982977 0.000000 -0.183727 0.353253 0.353253 0.353253
6731.346680 0.000000 2307.339111 0.000000 0.997305 0.000000 -0.073371 0.351107 0.351107 0.351107
6759.590820 0.000000 2262.990234 0.000000 0.959188 0.000000 0.282768 0.345328 0.345328 0.345328
6759.437012 0.000000 2286.756836 0.000000 0.959530 0.000000 -0.281606 0.354440 0.354440 0.354440
6755.024414 0.000000 2279.947021 0.000000 0.993268 0.000000 0.115840 0.348108 0.348108 0.348108
6754.794434 0.000000 2297.634521 0.000000 0.999727 0.000000 -0.023348 0.350381 0.350381 0.350381
6745.450195 0.000000 2307.071777 0.000000 0.970804 0.000000 -0.239875 0.353948 0.353948 0.353948
6720.010254 0.000000 2288.061279 0.000000 0.970316 0.000000 0.241843 0.346169 0.346169 0.346169
6722.523438 0.000000 2273.789795 0.000000 0.992636 0.000000 -0.121135 0.352292 0.352292 0.352292
6753.051758 0.000000 2291.566406 0.000000 0.968548 0.000000 -0.248829 0.355186 0.355186 0.355186
6728.383301 0.000000 2281.238770 0.000000 0.994844 0.000000 -0.101417 0.351656 0.351656 0.351656
6732.277832 0.000000 2314.631348 0.000000 0.983879 0.000000 0.178837 0.345994 0.345994 0.345994
6763.536621 0.000000 2272.937988 0.000000 0.996676 0.000000 0.081463 0.348671 0.348671 0.348671
6752.929688 0.000000 2315.852539 0.000000 0.995948 0.000000 0.089928 0.348599 0.348599 0.348599
6727.299805 0.000000 2300.113037 0.000000 0.978248 0.000000 0.207437 0.346595 0.346595 0.346595
6688.264648 0.000000 2337.727783 0.000000 0.999161 0.000000 0.040958 0.349438 0.349438 0.349438
6686.802246 0.000000 2315.920410 0.000000 0.981235 0.000000 0.192815 0.347779 0.347779 0.347779
6659.589355 0.000000 2328.241699 0.000000 0.994216 0.000000 0.107399 0.347969 0.347969 0.347969
6689.639160 0.000000 2345.896973 0.000000 0.997935 0.000000 -0.064224 0.350870 0.350870 0.350870
6658.164551 0.000000 2335.230957 0.000000 0.992476 0.000000 0.122437 0.348316 0.348316 0.348316
6670.124512 0.000000 2344.868164 0.000000 0.999480 0.000000 0.032237 0.349586 0.349586 0.349586
6690.074219 0.000000 2321.379150 0.000000 0.999976 0.000000 -0.006949 0.350088 0.350088 0.350088
6665.095215 0.000000 2327.846680 0.000000 0.974477 0.000000 -0.224486 0.354906 0.354906 0.354906
6719.291016 0.000000 2316.264404 0.000000 0.957980 0.000000 -0.286835 0.356482 0.356482 0.356482
6710.117188 0.000000 2322.880859 0.000000 0.990211 0.000000 0.139581 0.348079 0.348079 0.348079
6718.127441 0.000000 2333.299316 0.000000 0.988817 0.000000 -0.149131 0.351877 0.351877 0.351877
6678.690430 0.000000 2343.876221 0.000000 0.996131 0.000000 -0.087882 0.351426 0.351426 0.351426
6661.348633 0.000000 2324.301270 0.000000 0.997279 0.000000 -0.073721 0.351644 0.351644 0.351644
6674.409180 0.000000 2344.268799 0.000000 0.978320 0.000000 0.207099 0.347138 0.347138 0.347138
6656.522461 0.000000 2331.561523 0.000000 0.990885 0.000000 0.134707 0.347845 0.347845 0.347845
6661.963867 0.000000 2336.558350 0.000000 0.998936 0.000000 0.046129 0.349367 0.349367 0.349367
6686.089844 0.000000 2344.794678 0.000000 0.976412 0.000000 -0.215917 0.352948 0.352948 0.352948
6667.269531 0.000000 2325.189453 0.000000 0.999683 0.000000 -0.025195 0.350534 0.350534 0.350534
6662.798828 0.000000 2330.126465 0.000000 0.973809 0.000000 0.227369 0.346262 0.346262 0.346262
6673.653320 0.000000 2324.328857 0.000000 0.987629 0.000000 -0.156807 0.352105 0.352105 0.352105
6699.550781 0.000000 2322.659180 0.000000 0.999806 0.000000 0.019680 0.349679 0.349679 0.349679
6708.340820 0.000000 2316.195557 0.000000 0.998811 0.000000 -0.048753 0.350876 0.350876 0.350876
6683.116211 0.000000 2334.334717 0.000000 0.999657 0.000000 -0.026195 0.350359 0.350359 0.350359
6662.927734 0.000000 2322.206787 0.000000 0.992555 0.000000 0.121798 0.347327 0.347327 0.347327
6676.387207 0.000000 2342.656494 0.000000 0.971224 0.000000 -0.238167 0.353509 0.353509 0.353509
6692.142090 0.000000 2315.954590 0.000000 0.954871 0.000000 0.297021 0.345454 0.345454 0.345454
6676.471191 0.000000 2337.685059 0.000000 0.997110 0.000000 -0.075969 0.351239 0.351239 0.351239
6712.373535 0.000000 2315.997803 0.000000 0.999868 0.000000 -0.016260 0.350330 0.350330 0.350330
6713.683105 0.000000 2318.015137 0.000000 0.999199 0.000000 -0.040008 0.350750 0.350750 0.350750
6680.466797 0.000000 2342.383545 0.000000 0.967628 0.000000 -0.252381 0.354158 0.354158 0.354158
6690.304199 0.000000 2331.959229 0.000000 0.999521 0.000000 0.030931 0.349469 0.349469 0.349469
6667.600586 0.000000 2321.581299 0.000000 0.953508 0.000000 0.301368 0.343433 0.343433 0.343433
6761.206543 0.000000 2324.403076 0.000000 0.999892 0.000000 0.014717 0.349781 0.349781 0.349781
6772.449707 0.000000 2348.619873 0.000000 0.998484 0.000000 -0.055043 0.350722 0.350722 0.350722
6745.268555 0.000000 2332.268555 0.000000 0.989395 0.000000 0.145250 0.347612 0.347612 0.347612
6767.365234 0.000000 2346.663086 0.000000 0.999932 0.000000 0.011639 0.349830 0.349830 0.349830
6737.626465 0.000000 2321.068848 0.000000 0.992593 0.000000 -0.121486 0.352714 0.352714 0.352714
6746.844238 0.000000 2317.576904 0.000000 0.993963 0.000000 -0.109714 0.351681 0.351681 0.351681
6742.302246 0.000000 2320.913330 0.000000 0.964289 0.000000 -0.264851 0.354720 0.354720 0.354720
6764.817383 0.000000 2325.385254 0.000000 0.999821 0.000000 -0.018913 0.350259 0.350259 0.350259
6751.085938 0.000000 2323.488281 0.000000 0.981853 0.000000 -0.189643 0.352776 0.352776 0.352776
6764.084473 0.000000 2346.603271 0.000000 0.995334 0.000000 -0.096492 0.351478 0.351478 0.351478
6763.550781 0.000000 2322.659180 0.000000 0.999783 0.000000 -0.020824 0.350286 0.350286 0.350286
6728.260254 0.000000 2324.864990 0.000000 0.997554 0.000000 0.069905 0.348673 0.348673 0.348673
6744.982910 0.000000 2319.733154 0.000000 0.954337 0.000000 0.298731 0.345056 0.345056 0.345056
6726.297363 0.000000 2317.207520 0.000000 0.996185 0.000000 0.087272 0.348053 0.348053 0.348053
6755.895020 0.000000 2328.373047 0.000000 0.998479 0.000000 0.055140 0.349101 0.349101 0.349101
6756.193359 0.000000 2323.318359 0.000000 0.952024 0.000000 0.306022 0.344578 0.344578 0.344578
6759.590820 0.000000 2319.474609 0.000000 0.984630 0.000000 0.174654 0.346687 0.346687 0.346687
6737.307129 0.000000 2326.805176 0.000000 0.956693 0.000000 -0.291098 0.354439 0.354439 0.354439
6756.142090 0.000000 2315.954590 0.000000 0.985620 0.000000 -0.168974 0.352641 0.352641 0.352641
6760.628906 0.000000 2321.999756 0.000000 0.991364 0.000000 -0.131139 0.352143 0.352143 0.352143
6745.025879 0.000000 2316.107178 0.000000 0.997126 0.000000 -0.075761 0.351501 0.351501 0.351501
6724.206055 0.000000 2318.114258 0.000000 0.990834 0.000000 -0.135085 0.353019 0.353019 0.353019
6720.013672 0.000000 2320.382080 0.000000 0.999978 0.000000 -0.006684 0.350135 0.350135 0.350135
6802.112793 0.000000 2342.051025 0.000000 0.980881 0.000000 -0.194611 0.354330 0.354330 0.354330
6939.974121 0.000000 2573.526367 0.000000 0.980604 0.000000 0.195999 0.346863 0.346863 0.346863
6930.409180 0.000000 2570.206299 0.000000 0.986109 0.000000 0.166097 0.347091 0.347091 0.347091
6932.724609 0.000000 2571.497314 0.000000 0.999986 0.000000 0.005199 0.349893 0.349893 0.349893
6674.736816 0.000000 2874.339844 0.000000 0.992608 0.000000 -0.121367 0.351972 0.351972 0.351972
6668.244629 0.000000 2874.835449 0.000000 0.983674 0.000000 0.179957 0.347478 0.347478 0.347478
6671.977051 0.000000 2873.285889 0.000000 0.957018 0.000000 -0.290028 0.356017 0.356017 0.356017
7407.365234 0.000000 3363.381836 0.000000 0.979045 0.000000 0.203644 0.347482 0.347482 0.347482
7411.521484 0.000000 3360.586914 0.000000 0.998785 0.000000 0.049283 0.349274 0.349274 0.349274
7410.278320 0.000000 3363.287109 0.000000 0.990164 0.000000 -0.139914 0.352055 0.352055 0.352055
7521.639160 0.000000 3249.646973 0.000000 0.996902 0.000000 0.078653 0.349033 0.349033 0.349033
"}
object={
	name="oak_generator_1_3"
	clamp_to_water_level=no
	render_under_water=no
	generated_content=yes
	layer="semidynamic"
	pdxmesh="oak_tree_04_mesh"
	count=1548
	transform="1780.600708 0.000000 1209.385742 0.000000 0.758994 0.000000 -0.651098 0.358705 0.358705 0.358705
1791.419312 0.000000 1208.043945 0.000000 0.851481 0.000000 -0.524386 0.357042 0.357042 0.357042
1754.840820 0.000000 1212.876221 0.000000 0.933529 0.000000 -0.358502 0.355703 0.355703 0.355703
1784.634888 0.000000 1221.960449 0.000000 0.950789 0.000000 -0.309838 0.354019 0.354019 0.354019
1751.427856 0.000000 1235.167236 0.000000 0.767607 0.000000 -0.640921 0.359331 0.359331 0.359331
1785.614258 0.000000 1238.552979 0.000000 0.934487 0.000000 -0.355997 0.354643 0.354643 0.354643
1790.112061 0.000000 1230.090576 0.000000 0.866124 0.000000 -0.499829 0.357683 0.357683 0.357683
1759.822266 0.000000 1212.233032 0.000000 0.889045 0.000000 -0.457821 0.356337 0.356337 0.356337
1764.219849 0.000000 1226.329346 0.000000 0.847251 0.000000 -0.531193 0.357046 0.357046 0.357046
1751.828003 0.000000 1210.348633 0.000000 0.748547 0.000000 -0.663081 0.359692 0.359692 0.359692
1772.877319 0.000000 1219.958862 0.000000 0.905321 0.000000 -0.424728 0.356094 0.356094 0.356094
1787.742432 0.000000 1223.848877 0.000000 0.807632 0.000000 -0.589687 0.358046 0.358046 0.358046
1782.755981 0.000000 1212.267334 0.000000 0.667979 0.000000 -0.744181 0.360707 0.360707 0.360707
1749.436035 0.000000 1237.469849 0.000000 0.889406 0.000000 -0.457117 0.356928 0.356928 0.356928
1790.830811 0.000000 1233.406982 0.000000 0.923940 0.000000 -0.382538 0.355711 0.355711 0.355711
1757.260010 0.000000 1220.441162 0.000000 0.830273 0.000000 -0.557356 0.358110 0.358110 0.358110
1780.600708 0.000000 1265.870117 0.000000 0.923228 0.000000 -0.384254 0.355031 0.355031 0.355031
1789.734009 0.000000 1276.866455 0.000000 0.843657 0.000000 -0.536882 0.356958 0.356958 0.356958
1785.729980 0.000000 1283.445801 0.000000 0.857702 0.000000 -0.514146 0.356889 0.356889 0.356889
1785.426636 0.000000 1260.055176 0.000000 0.637560 0.000000 -0.770401 0.361220 0.361220 0.361220
1775.844604 0.000000 1249.766724 0.000000 0.641830 0.000000 -0.766847 0.362332 0.362332 0.362332
1782.872192 0.000000 1288.990601 0.000000 0.925171 0.000000 -0.379552 0.354967 0.354967 0.354967
1765.443237 0.000000 1262.458252 0.000000 0.689961 0.000000 -0.723846 0.361032 0.361032 0.361032
1786.875244 0.000000 1242.810791 0.000000 0.774917 0.000000 -0.632063 0.358729 0.358729 0.358729
1766.192993 0.000000 1248.363159 0.000000 0.882373 0.000000 -0.470551 0.356485 0.356485 0.356485
1770.157837 0.000000 1265.492554 0.000000 0.925095 0.000000 -0.379736 0.357845 0.357845 0.357845
1758.227295 0.000000 1247.213623 0.000000 0.673351 0.000000 -0.739323 0.360760 0.360760 0.360760
1746.973877 0.000000 1244.059204 0.000000 0.897693 0.000000 -0.440621 0.355821 0.355821 0.355821
1775.152222 0.000000 1288.126953 0.000000 0.597037 0.000000 -0.802214 0.361877 0.361877 0.361877
1761.456543 0.000000 1256.581177 0.000000 0.910888 0.000000 -0.412654 0.356263 0.356263 0.356263
1776.446289 0.000000 1253.487061 0.000000 0.813104 0.000000 -0.582119 0.358931 0.358931 0.358931
1764.675659 0.000000 1275.498291 0.000000 0.597663 0.000000 -0.801747 0.364265 0.364265 0.364265
1763.373291 0.000000 1269.599609 0.000000 0.917406 0.000000 -0.397953 0.355847 0.355847 0.355847
1772.084717 0.000000 1273.400024 0.000000 0.835309 0.000000 -0.549780 0.359283 0.359283 0.359283
1767.443970 0.000000 1253.945679 0.000000 0.737203 0.000000 -0.675671 0.363710 0.363710 0.363710
1761.860474 0.000000 1251.397461 0.000000 0.912094 0.000000 -0.409981 0.356810 0.356810 0.356810
1771.534790 0.000000 1258.645996 0.000000 0.862698 0.000000 -0.505719 0.359799 0.359799 0.359799
1771.550903 0.000000 1249.456055 0.000000 0.942209 0.000000 -0.335025 0.354925 0.354925 0.354925
1778.278564 0.000000 1273.365112 0.000000 0.714195 0.000000 -0.699947 0.360602 0.360602 0.360602
1770.478760 0.000000 1268.393311 0.000000 0.630155 0.000000 -0.776469 0.368528 0.368528 0.368528
1770.451904 0.000000 1277.590332 0.000000 0.919650 0.000000 -0.392738 0.356577 0.356577 0.356577
1772.193481 0.000000 1263.600830 0.000000 0.932817 0.000000 -0.360351 0.356088 0.356088 0.356088
1764.193237 0.000000 1250.115234 0.000000 0.914470 0.000000 -0.404653 0.356352 0.356352 0.356352
1766.658447 0.000000 1250.877197 0.000000 0.935114 0.000000 -0.354346 0.355887 0.355887 0.355887
1771.536621 0.000000 1256.219360 0.000000 0.810391 0.000000 -0.585889 0.361787 0.361787 0.361787
1760.264404 0.000000 1321.009155 0.000000 0.764393 0.000000 -0.644750 0.359521 0.359521 0.359521
1758.802368 0.000000 1299.201782 0.000000 0.706249 0.000000 -0.707963 0.359073 0.359073 0.359073
1747.921631 0.000000 1323.466064 0.000000 0.661408 0.000000 -0.750027 0.360708 0.360708 0.360708
1759.430420 0.000000 1309.912598 0.000000 0.716388 0.000000 -0.697702 0.358940 0.358940 0.358940
1749.428101 0.000000 1331.488281 0.000000 0.594386 0.000000 -0.804180 0.362531 0.362531 0.362531
1761.639404 0.000000 1329.178223 0.000000 0.937236 0.000000 -0.348696 0.354419 0.354419 0.354419
1772.186279 0.000000 1346.848877 0.000000 0.924286 0.000000 -0.381700 0.355954 0.355954 0.355954
1765.084961 0.000000 1313.938232 0.000000 0.590520 0.000000 -0.807023 0.361980 0.361980 0.361980
1789.042114 0.000000 1354.798706 0.000000 0.608290 0.000000 -0.793715 0.361697 0.361697 0.361697
1754.616821 0.000000 1305.350098 0.000000 0.726395 0.000000 -0.687278 0.359236 0.359236 0.359236
1764.050049 0.000000 1335.430176 0.000000 0.825603 0.000000 -0.564251 0.359587 0.359587 0.359587
1785.915649 0.000000 1309.855347 0.000000 0.692588 0.000000 -0.721334 0.360244 0.360244 0.360244
1759.273193 0.000000 1354.017090 0.000000 0.937983 0.000000 -0.346682 0.354424 0.354424 0.354424
1765.443237 0.000000 1318.942627 0.000000 0.882063 0.000000 -0.471132 0.356408 0.356408 0.356408
1766.720825 0.000000 1345.875244 0.000000 0.745919 0.000000 -0.666037 0.361114 0.361114 0.361114
1764.590088 0.000000 1309.147339 0.000000 0.829529 0.000000 -0.558463 0.357559 0.357559 0.357559
1746.852783 0.000000 1335.748047 0.000000 0.746396 0.000000 -0.665502 0.358971 0.358971 0.358971
1769.606079 0.000000 1336.622070 0.000000 0.918664 0.000000 -0.395040 0.355997 0.355997 0.355997
1759.949707 0.000000 1333.396606 0.000000 0.863478 0.000000 -0.504386 0.357645 0.357645 0.357645
1770.064331 0.000000 1350.464478 0.000000 0.940979 0.000000 -0.338464 0.354797 0.354797 0.354797
1786.875244 0.000000 1299.295166 0.000000 0.736063 0.000000 -0.676913 0.359486 0.359486 0.359486
1751.759277 0.000000 1343.266479 0.000000 0.846540 0.000000 -0.532325 0.357210 0.357210 0.357210
1769.764648 0.000000 1327.464844 0.000000 0.685301 0.000000 -0.728260 0.361156 0.361156 0.361156
1787.875732 0.000000 1313.346802 0.000000 0.845353 0.000000 -0.534208 0.357239 0.357239 0.357239
1772.877319 0.000000 1332.927612 0.000000 0.882655 0.000000 -0.470022 0.358786 0.358786 0.358786
1775.152222 0.000000 1344.611328 0.000000 0.879658 0.000000 -0.475607 0.356670 0.356670 0.356670
1776.763550 0.000000 1338.947021 0.000000 0.823654 0.000000 -0.567092 0.360590 0.360590 0.360590
1757.565796 0.000000 1342.439331 0.000000 0.766931 0.000000 -0.641730 0.359589 0.359589 0.359589
1752.763672 0.000000 1329.871826 0.000000 0.829575 0.000000 -0.558396 0.358179 0.358179 0.358179
1767.131470 0.000000 1334.119751 0.000000 0.613769 0.000000 -0.789485 0.364074 0.364074 0.364074
1783.033203 0.000000 1337.588501 0.000000 0.755290 0.000000 -0.655391 0.363583 0.363583 0.363583
1776.015381 0.000000 1326.922119 0.000000 0.874715 0.000000 -0.484637 0.358378 0.358378 0.358378
1781.610352 0.000000 1334.633423 0.000000 0.830124 0.000000 -0.557579 0.362145 0.362145 0.362145
1758.841187 0.000000 1330.772827 0.000000 0.864637 0.000000 -0.502397 0.357290 0.357290 0.357290
1783.879395 0.000000 1342.335449 0.000000 0.726936 0.000000 -0.686705 0.362335 0.362335 0.362335
1783.542480 0.000000 1322.270386 0.000000 0.800464 0.000000 -0.599380 0.360334 0.360334 0.360334
1775.961792 0.000000 1354.400513 0.000000 0.832616 0.000000 -0.553851 0.358386 0.358386 0.358386
1773.601929 0.000000 1339.065552 0.000000 0.869649 0.000000 -0.493671 0.357669 0.357669 0.357669
1791.545410 0.000000 1331.099731 0.000000 0.801487 0.000000 -0.598013 0.364283 0.364283 0.364283
1777.258545 0.000000 1336.597656 0.000000 0.707669 0.000000 -0.706544 0.365083 0.365083 0.365083
1785.397339 0.000000 1337.290894 0.000000 0.838564 0.000000 -0.544803 0.362636 0.362636 0.362636
1788.605713 0.000000 1331.067261 0.000000 0.845742 0.000000 -0.533592 0.362541 0.362541 0.362541
1768.581299 0.000000 1329.405029 0.000000 0.605832 0.000000 -0.795592 0.365032 0.365032 0.365032
1782.374756 0.000000 1330.690308 0.000000 0.929308 0.000000 -0.369307 0.357552 0.357552 0.357552
1810.736938 0.000000 1179.808594 0.000000 0.856635 0.000000 -0.515923 0.356513 0.356513 0.356513
1853.042114 0.000000 1185.345581 0.000000 0.735286 0.000000 -0.677758 0.359500 0.359500 0.359500
1837.059937 0.000000 1172.079346 0.000000 0.697954 0.000000 -0.716142 0.360253 0.360253 0.360253
1847.010986 0.000000 1184.640381 0.000000 0.843395 0.000000 -0.537295 0.357236 0.357236 0.357236
1851.742432 0.000000 1167.364502 0.000000 0.773889 0.000000 -0.633322 0.359019 0.359019 0.359019
1891.530884 0.000000 1180.276001 0.000000 0.824192 0.000000 -0.566310 0.356996 0.356996 0.356996
1901.255371 0.000000 1184.562988 0.000000 0.774225 0.000000 -0.632910 0.357904 0.357904 0.357904
1877.428101 0.000000 1162.035156 0.000000 0.883370 0.000000 -0.468675 0.355605 0.355605 0.355605
1859.716309 0.000000 1170.793701 0.000000 0.861093 0.000000 -0.508447 0.356571 0.356571 0.356571
1894.720825 0.000000 1176.422119 0.000000 0.765037 0.000000 -0.643986 0.361005 0.361005 0.361005
1874.408936 0.000000 1158.097046 0.000000 0.637394 0.000000 -0.770538 0.360761 0.360761 0.360761
1897.927490 0.000000 1174.420776 0.000000 0.708454 0.000000 -0.705757 0.360064 0.360064 0.360064
1862.113892 0.000000 1168.645996 0.000000 0.801785 0.000000 -0.597612 0.358703 0.358703 0.358703
1846.803467 0.000000 1188.238037 0.000000 0.939140 0.000000 -0.343535 0.354014 0.354014 0.354014
1806.189453 0.000000 1222.615601 0.000000 0.778412 0.000000 -0.627754 0.359429 0.359429 0.359429
1833.423462 0.000000 1218.594116 0.000000 0.872289 0.000000 -0.488990 0.356228 0.356228 0.356228
1837.255371 0.000000 1241.047363 0.000000 0.694827 0.000000 -0.719177 0.360415 0.360415 0.360415
1831.866577 0.000000 1227.875488 0.000000 0.713880 0.000000 -0.700268 0.359897 0.359897 0.359897
1819.221802 0.000000 1232.200439 0.000000 0.635217 0.000000 -0.772334 0.362184 0.362184 0.362184
1813.034912 0.000000 1226.889038 0.000000 0.608847 0.000000 -0.793287 0.361688 0.361688 0.361688
1799.693237 0.000000 1218.004395 0.000000 0.653858 0.000000 -0.756617 0.365071 0.365071 0.365071
1817.924683 0.000000 1239.412354 0.000000 0.942638 0.000000 -0.333817 0.354907 0.354907 0.354907
1806.124634 0.000000 1215.180664 0.000000 0.598811 0.000000 -0.800890 0.363797 0.363797 0.363797
1824.909058 0.000000 1228.415161 0.000000 0.923011 0.000000 -0.384775 0.355332 0.355332 0.355332
1828.050049 0.000000 1222.461426 0.000000 0.710308 0.000000 -0.703891 0.359962 0.359962 0.359962
1799.651001 0.000000 1203.659302 0.000000 0.709197 0.000000 -0.705010 0.360563 0.360563 0.360563
1855.290771 0.000000 1186.576904 0.000000 0.753099 0.000000 -0.657907 0.359160 0.359160 0.359160
1819.974365 0.000000 1217.901367 0.000000 0.769450 0.000000 -0.638708 0.358627 0.358627 0.358627
1848.634888 0.000000 1221.960449 0.000000 0.807230 0.000000 -0.590237 0.359075 0.359075 0.359075
1822.599976 0.000000 1235.875488 0.000000 0.917320 0.000000 -0.398150 0.357604 0.357604 0.357604
1854.112061 0.000000 1230.090576 0.000000 0.895744 0.000000 -0.444571 0.355636 0.355636 0.355636
1854.127319 0.000000 1203.611816 0.000000 0.700206 0.000000 -0.713941 0.359935 0.359935 0.359935
1801.424194 0.000000 1214.045654 0.000000 0.851909 0.000000 -0.523690 0.357802 0.357802 0.357802
1803.936890 0.000000 1218.941284 0.000000 0.653210 0.000000 -0.757177 0.363585 0.363585 0.363585
1853.935669 0.000000 1216.201904 0.000000 0.900222 0.000000 -0.435432 0.355610 0.355610 0.355610
1845.811401 0.000000 1227.470947 0.000000 0.825371 0.000000 -0.564591 0.359095 0.359095 0.359095
1801.888916 0.000000 1241.436890 0.000000 0.883558 0.000000 -0.468322 0.356197 0.356197 0.356197
1840.763550 0.000000 1225.978271 0.000000 0.881315 0.000000 -0.472530 0.356881 0.356881 0.356881
1797.963745 0.000000 1206.870850 0.000000 0.792943 0.000000 -0.609296 0.358387 0.358387 0.358387
1847.033203 0.000000 1224.619751 0.000000 0.676481 0.000000 -0.736461 0.362369 0.362369 0.362369
1822.662720 0.000000 1232.362305 0.000000 0.802679 0.000000 -0.596411 0.361670 0.361670 0.361670
1798.656738 0.000000 1234.989624 0.000000 0.883221 0.000000 -0.468957 0.357016 0.357016 0.357016
1794.892212 0.000000 1224.373169 0.000000 0.944063 0.000000 -0.329765 0.355667 0.355667 0.355667
1847.879395 0.000000 1229.366699 0.000000 0.950311 0.000000 -0.311303 0.354606 0.354606 0.354606
1795.168213 0.000000 1230.124512 0.000000 0.670704 0.000000 -0.741725 0.363034 0.363034 0.363034
1806.569336 0.000000 1219.940674 0.000000 0.714069 0.000000 -0.700076 0.360978 0.360978 0.360978
1799.626831 0.000000 1232.522095 0.000000 0.677522 0.000000 -0.735503 0.362276 0.362276 0.362276
1847.370483 0.000000 1219.827271 0.000000 0.809294 0.000000 -0.587404 0.359079 0.359079 0.359079
1794.854492 0.000000 1233.718872 0.000000 0.758373 0.000000 -0.651820 0.361291 0.361291 0.361291
1819.827881 0.000000 1190.211060 0.000000 0.703037 0.000000 -0.711154 0.364759 0.364759 0.364759
1824.929810 0.000000 1242.649414 0.000000 0.926563 0.000000 -0.376140 0.356722 0.356722 0.356722
1856.290283 0.000000 1220.536987 0.000000 0.842400 0.000000 -0.538853 0.356887 0.356887 0.356887
1881.268799 0.000000 1202.581055 0.000000 0.942563 0.000000 -0.334028 0.355357 0.355357 0.355357
1870.124634 0.000000 1215.180664 0.000000 0.935752 0.000000 -0.352658 0.355102 0.355102 0.355102
1893.084961 0.000000 1200.969482 0.000000 0.944761 0.000000 -0.327761 0.354260 0.354260 0.354260
1883.974365 0.000000 1217.901367 0.000000 0.639057 0.000000 -0.769159 0.362690 0.362690 0.362690
1887.949707 0.000000 1220.427856 0.000000 0.802227 0.000000 -0.597019 0.358162 0.358162 0.358162
1878.596802 0.000000 1206.703003 0.000000 0.914591 0.000000 -0.404380 0.356129 0.356129 0.356129
1897.897095 0.000000 1186.200195 0.000000 0.738825 0.000000 -0.673897 0.359434 0.359434 0.359434
1863.290527 0.000000 1229.016968 0.000000 0.901030 0.000000 -0.433756 0.356018 0.356018 0.356018
1900.877319 0.000000 1219.958862 0.000000 0.850685 0.000000 -0.525676 0.357061 0.357061 0.357061
1872.310547 0.000000 1210.966431 0.000000 0.724096 0.000000 -0.689699 0.360574 0.360574 0.360574
1886.841187 0.000000 1217.804077 0.000000 0.947983 0.000000 -0.318320 0.354543 0.354543 0.354543
1955.530884 0.000000 1180.276001 0.000000 0.895236 0.000000 -0.445592 0.355569 0.355569 0.355569
1959.866577 0.000000 1171.391113 0.000000 0.817709 0.000000 -0.575631 0.357771 0.357771 0.357771
1972.885132 0.000000 1181.438599 0.000000 0.889241 0.000000 -0.457438 0.355625 0.355625 0.355625
1953.639404 0.000000 1159.725098 0.000000 0.866961 0.000000 -0.498375 0.356177 0.356177 0.356177
1954.074463 0.000000 1135.207275 0.000000 0.816802 0.000000 -0.576918 0.357415 0.357415 0.357415
1959.675415 0.000000 1184.461426 0.000000 0.732523 0.000000 -0.680742 0.361090 0.361090 0.361090
1969.044556 0.000000 1178.371460 0.000000 0.849695 0.000000 -0.527275 0.356940 0.356940 0.356940
1945.550537 0.000000 1141.288940 0.000000 0.707950 0.000000 -0.706263 0.360039 0.360039 0.360039
1957.993652 0.000000 1159.250854 0.000000 0.712727 0.000000 -0.701442 0.359918 0.359918 0.359918
1954.996948 0.000000 1185.650879 0.000000 0.842553 0.000000 -0.538613 0.357878 0.357878 0.357878
1944.358154 0.000000 1138.198486 0.000000 0.830004 0.000000 -0.557757 0.358324 0.358324 0.358324
1969.605835 0.000000 1182.541382 0.000000 0.782420 0.000000 -0.622751 0.359780 0.359780 0.359780
1951.085693 0.000000 1137.316406 0.000000 0.724222 0.000000 -0.689567 0.362898 0.362898 0.362898
1929.939697 0.000000 1144.975952 0.000000 0.708906 0.000000 -0.705303 0.360227 0.360227 0.360227
1962.622314 0.000000 1183.712524 0.000000 0.659268 0.000000 -0.751908 0.362269 0.362269 0.362269
1949.291748 0.000000 1140.978516 0.000000 0.810431 0.000000 -0.585834 0.361020 0.361020 0.361020
1965.901245 0.000000 1187.126343 0.000000 0.695941 0.000000 -0.718099 0.362214 0.362214 0.362214
1972.340698 0.000000 1186.507935 0.000000 0.768508 0.000000 -0.639840 0.360010 0.360010 0.360010
1969.495239 0.000000 1186.271973 0.000000 0.816879 0.000000 -0.576809 0.359401 0.359401 0.359401
1963.597290 0.000000 1188.196411 0.000000 0.788021 0.000000 -0.615648 0.359707 0.359707 0.359707
1799.674683 0.000000 1266.602295 0.000000 0.889124 0.000000 -0.457666 0.356064 0.356064 0.356064
1810.736938 0.000000 1292.777344 0.000000 0.769066 0.000000 -0.639169 0.361149 0.361149 0.361149
1846.803467 0.000000 1244.722412 0.000000 0.947932 0.000000 -0.318472 0.353795 0.353795 0.353795
1792.290283 0.000000 1277.021362 0.000000 0.907510 0.000000 -0.420031 0.355549 0.355549 0.355549
1823.430420 0.000000 1253.428223 0.000000 0.843167 0.000000 -0.537651 0.356448 0.356448 0.356448
1802.048218 0.000000 1288.156616 0.000000 0.872071 0.000000 -0.489379 0.357909 0.357909 0.357909
1819.221802 0.000000 1288.684814 0.000000 0.932212 0.000000 -0.361913 0.356391 0.356391 0.356391
1837.901245 0.000000 1243.610718 0.000000 0.718232 0.000000 -0.695804 0.360254 0.360254 0.360254
1813.428101 0.000000 1275.003906 0.000000 0.816998 0.000000 -0.576641 0.358244 0.358244 0.358244
1844.885132 0.000000 1294.407349 0.000000 0.832512 0.000000 -0.554007 0.357491 0.357491 0.357491
1825.639404 0.000000 1272.693848 0.000000 0.818030 0.000000 -0.575176 0.358969 0.358969 0.358969
1813.034912 0.000000 1283.373413 0.000000 0.767551 0.000000 -0.640988 0.361339 0.361339 0.361339
1817.924683 0.000000 1295.896729 0.000000 0.880592 0.000000 -0.473875 0.357765 0.357765 0.357765
1806.124634 0.000000 1271.665039 0.000000 0.937341 0.000000 -0.348414 0.354664 0.354664 0.354664
1830.465210 0.000000 1267.754028 0.000000 0.940063 0.000000 -0.341001 0.355047 0.355047 0.355047
1793.469238 0.000000 1297.204346 0.000000 0.817879 0.000000 -0.575390 0.357848 0.357848 0.357848
1829.443237 0.000000 1262.458252 0.000000 0.934745 0.000000 -0.355320 0.354714 0.354714 0.354714
1841.044556 0.000000 1291.340210 0.000000 0.708697 0.000000 -0.705513 0.359717 0.359717 0.359717
1823.949707 0.000000 1276.912231 0.000000 0.825536 0.000000 -0.564349 0.357886 0.357886 0.357886
1808.913574 0.000000 1275.226318 0.000000 0.629805 0.000000 -0.776754 0.362591 0.362591 0.362591
1809.114990 0.000000 1297.216064 0.000000 0.847124 0.000000 -0.531395 0.358077 0.358077 0.358077
1814.596802 0.000000 1263.187378 0.000000 0.733462 0.000000 -0.679730 0.360612 0.360612 0.360612
1792.073120 0.000000 1281.217773 0.000000 0.856708 0.000000 -0.515802 0.357861 0.357861 0.357861
1834.157837 0.000000 1265.492554 0.000000 0.696677 0.000000 -0.717385 0.360206 0.360206 0.360206
1792.522339 0.000000 1258.358276 0.000000 0.937240 0.000000 -0.348684 0.354544 0.354544 0.354544
1833.764648 0.000000 1270.980469 0.000000 0.613815 0.000000 -0.789450 0.362443 0.362443 0.362443
1850.308594 0.000000 1287.255859 0.000000 0.821153 0.000000 -0.570708 0.357642 0.357642 0.357642
1799.290527 0.000000 1285.501343 0.000000 0.669399 0.000000 -0.742903 0.362402 0.362402 0.362402
1808.310547 0.000000 1267.450806 0.000000 0.825133 0.000000 -0.564938 0.357843 0.357843 0.357843
1827.651001 0.000000 1265.598633 0.000000 0.892702 0.000000 -0.450647 0.356863 0.356863 0.356863
1821.587891 0.000000 1262.323975 0.000000 0.751526 0.000000 -0.659704 0.360229 0.360229 0.360229
1807.660034 0.000000 1293.821533 0.000000 0.779488 0.000000 -0.626418 0.360825 0.360825 0.360825
1795.168213 0.000000 1286.608887 0.000000 0.670349 0.000000 -0.742046 0.363370 0.363370 0.363370
1806.569336 0.000000 1276.425049 0.000000 0.824087 0.000000 -0.566463 0.358709 0.358709 0.358709
1823.881958 0.000000 1245.305664 0.000000 0.685969 0.000000 -0.727631 0.362140 0.362140 0.362140
1818.281006 0.000000 1286.502563 0.000000 0.857127 0.000000 -0.515105 0.359008 0.359008 0.359008
1815.550293 0.000000 1284.445190 0.000000 0.721960 0.000000 -0.691934 0.363421 0.363421 0.363421
1816.281860 0.000000 1264.671387 0.000000 0.910982 0.000000 -0.412446 0.356612 0.356612 0.356612
1810.130249 0.000000 1287.749512 0.000000 0.935718 0.000000 -0.352749 0.356332 0.356332 0.356332
1805.897339 0.000000 1285.764160 0.000000 0.932433 0.000000 -0.361344 0.356089 0.356089 0.356089
1863.693237 0.000000 1274.488770 0.000000 0.611551 0.000000 -0.791205 0.362243 0.362243 0.362243
1858.164551 0.000000 1262.027832 0.000000 0.625718 0.000000 -0.780050 0.363447 0.363447 0.363447
1876.194824 0.000000 1288.569092 0.000000 0.681396 0.000000 -0.731915 0.362556 0.362556 0.362556
1859.605225 0.000000 1265.932861 0.000000 0.751991 0.000000 -0.659173 0.359779 0.359779 0.359779
1859.856934 0.000000 1292.728149 0.000000 0.853217 0.000000 -0.521557 0.357000 0.357000 0.357000
1856.522339 0.000000 1258.358276 0.000000 0.770143 0.000000 -0.637871 0.359308 0.359308 0.359308
1873.216431 0.000000 1282.537476 0.000000 0.779858 0.000000 -0.625957 0.360815 0.360815 0.360815
1864.162109 0.000000 1262.377075 0.000000 0.723108 0.000000 -0.690735 0.361427 0.361427 0.361427
1867.567871 0.000000 1282.809570 0.000000 0.915341 0.000000 -0.402679 0.356410 0.356410 0.356410
1806.189453 0.000000 1335.584351 0.000000 0.870058 0.000000 -0.492949 0.359549 0.359549 0.359549
1813.428101 0.000000 1331.488281 0.000000 0.635048 0.000000 -0.772473 0.362572 0.362572 0.362572
1817.924683 0.000000 1352.381104 0.000000 0.934558 0.000000 -0.355812 0.354641 0.354641 0.354641
1829.084961 0.000000 1313.938232 0.000000 0.897194 0.000000 -0.441637 0.355835 0.355835 0.355835
1793.476685 0.000000 1305.599365 0.000000 0.747731 0.000000 -0.664002 0.358534 0.358534 0.358534
1811.298462 0.000000 1317.087769 0.000000 0.919554 0.000000 -0.392963 0.355576 0.355576 0.355576
1808.020752 0.000000 1343.368896 0.000000 0.632162 0.000000 -0.774836 0.362277 0.362277 0.362277
1801.163696 0.000000 1338.441406 0.000000 0.917019 0.000000 -0.398843 0.357438 0.357438 0.357438
1822.773926 0.000000 1315.612305 0.000000 0.764217 0.000000 -0.644960 0.360014 0.360014 0.360014
1801.437988 0.000000 1299.958252 0.000000 0.946470 0.000000 -0.322790 0.354337 0.354337 0.354337
1818.548950 0.000000 1340.453735 0.000000 0.757877 0.000000 -0.652398 0.358912 0.358912 0.358912
1814.690430 0.000000 1327.157593 0.000000 0.933462 0.000000 -0.358677 0.355193 0.355193 0.355193
1792.390503 0.000000 1342.690796 0.000000 0.909551 0.000000 -0.415592 0.358801 0.358801 0.358801
1795.856934 0.000000 1349.212524 0.000000 0.775247 0.000000 -0.631658 0.360006 0.360006 0.360006
1799.290527 0.000000 1341.985718 0.000000 0.708272 0.000000 -0.705940 0.363491 0.363491 0.363491
1825.456543 0.000000 1313.065552 0.000000 0.778154 0.000000 -0.628073 0.358812 0.358812 0.358812
1807.712891 0.000000 1317.754761 0.000000 0.859022 0.000000 -0.511938 0.357725 0.357725 0.357725
1797.963745 0.000000 1319.839600 0.000000 0.889266 0.000000 -0.457391 0.356828 0.356828 0.356828
1821.234741 0.000000 1322.849365 0.000000 0.607543 0.000000 -0.794287 0.362992 0.362992 0.362992
1804.424805 0.000000 1317.560425 0.000000 0.596856 0.000000 -0.802348 0.363223 0.363223 0.363223
1798.656738 0.000000 1347.958374 0.000000 0.854674 0.000000 -0.519165 0.358085 0.358085 0.358085
1814.343750 0.000000 1316.532837 0.000000 0.894150 0.000000 -0.447768 0.356653 0.356653 0.356653
1798.113892 0.000000 1338.099121 0.000000 0.686312 0.000000 -0.727307 0.364517 0.364517 0.364517
1797.178101 0.000000 1324.510620 0.000000 0.935525 0.000000 -0.353260 0.355742 0.355742 0.355742
1815.654907 0.000000 1332.796143 0.000000 0.919439 0.000000 -0.393233 0.355686 0.355686 0.355686
1794.786255 0.000000 1334.041260 0.000000 0.709026 0.000000 -0.705182 0.366790 0.366790 0.366790
1799.324707 0.000000 1325.750610 0.000000 0.644733 0.000000 -0.764408 0.362925 0.362925 0.362925
1792.010498 0.000000 1327.826904 0.000000 0.669072 0.000000 -0.743197 0.366179 0.366179 0.366179
1799.299561 0.000000 1339.878784 0.000000 0.932131 0.000000 -0.362121 0.356605 0.356605 0.356605
1972.885132 0.000000 1294.407349 0.000000 0.611604 0.000000 -0.791164 0.362521 0.362521 0.362521
1964.186279 0.000000 1290.364502 0.000000 0.602907 0.000000 -0.797811 0.361622 0.361622 0.361622
1970.569214 0.000000 1298.630005 0.000000 0.866285 0.000000 -0.499551 0.358844 0.358844 0.358844
1961.246460 0.000000 1290.968018 0.000000 0.765245 0.000000 -0.643739 0.361550 0.361550 0.361550
1974.803467 0.000000 1301.206787 0.000000 0.846110 0.000000 -0.533009 0.360659 0.360659 0.360659
1971.915527 0.000000 1311.181885 0.000000 0.605412 0.000000 -0.795912 0.367655 0.367655 0.367655
1934.716187 0.000000 1308.874268 0.000000 0.739784 0.000000 -0.672845 0.358835 0.358835 0.358835
1972.340698 0.000000 1299.476685 0.000000 0.845198 0.000000 -0.534453 0.360568 0.360568 0.360568
1953.496704 0.000000 1323.371338 0.000000 0.677650 0.000000 -0.735385 0.362670 0.362670 0.362670
1975.474731 0.000000 1304.211304 0.000000 0.882309 0.000000 -0.470670 0.358072 0.358072 0.358072
1977.682983 0.000000 1301.296387 0.000000 0.815037 0.000000 -0.579409 0.359099 0.359099 0.359099
1179.221802 0.000000 1627.591064 0.000000 0.638712 0.000000 -0.769446 0.362006 0.362006 0.362006
1209.729980 0.000000 1622.352051 0.000000 0.778140 0.000000 -0.628091 0.359257 0.359257 0.359257
1177.924683 0.000000 1634.802979 0.000000 0.904018 0.000000 -0.427494 0.357218 0.357218 0.357218
1172.194824 0.000000 1627.475342 0.000000 0.693305 0.000000 -0.720644 0.360794 0.360794 0.360794
1178.772095 0.000000 1631.472778 0.000000 0.934005 0.000000 -0.357259 0.355203 0.355203 0.355203
1201.605835 0.000000 1634.416382 0.000000 0.664284 0.000000 -0.747480 0.361066 0.361066 0.361066
1212.718994 0.000000 1622.793945 0.000000 0.947379 0.000000 -0.320115 0.354442 0.354442 0.354442
1196.263306 0.000000 1631.737549 0.000000 0.817917 0.000000 -0.575337 0.359052 0.359052 0.359052
1175.825562 0.000000 1635.482910 0.000000 0.787025 0.000000 -0.616922 0.360311 0.360311 0.360311
1248.264404 0.000000 1603.431030 0.000000 0.767677 0.000000 -0.640837 0.358540 0.358540 0.358540
1226.048218 0.000000 1627.062866 0.000000 0.772151 0.000000 -0.635439 0.361883 0.361883 0.361883
1237.034912 0.000000 1622.279663 0.000000 0.931686 0.000000 -0.363265 0.356107 0.356107 0.356107
1223.693237 0.000000 1613.395020 0.000000 0.864222 0.000000 -0.503111 0.356426 0.356426 0.356426
1217.476685 0.000000 1588.021240 0.000000 0.867988 0.000000 -0.496586 0.356266 0.356266 0.356266
1230.146729 0.000000 1603.416016 0.000000 0.840058 0.000000 -0.542497 0.357491 0.357491 0.357491
1243.974365 0.000000 1613.291992 0.000000 0.627183 0.000000 -0.778872 0.364823 0.364823 0.364823
1220.956909 0.000000 1627.729614 0.000000 0.694820 0.000000 -0.719184 0.359889 0.359889 0.359889
1242.548950 0.000000 1622.875610 0.000000 0.792419 0.000000 -0.609978 0.360204 0.360204 0.360204
1234.852783 0.000000 1618.169922 0.000000 0.749787 0.000000 -0.661679 0.362225 0.362225 0.362225
1239.538208 0.000000 1617.849365 0.000000 0.921462 0.000000 -0.388468 0.355804 0.355804 0.355804
1247.822266 0.000000 1607.623657 0.000000 0.847806 0.000000 -0.530307 0.356911 0.356911 0.356911
1232.310547 0.000000 1606.357056 0.000000 0.832650 0.000000 -0.553800 0.357795 0.357795 0.357795
1245.565796 0.000000 1624.861206 0.000000 0.765968 0.000000 -0.642879 0.359426 0.359426 0.359426
1240.763672 0.000000 1612.293701 0.000000 0.801941 0.000000 -0.597404 0.360350 0.360350 0.360350
1239.871582 0.000000 1621.043579 0.000000 0.713023 0.000000 -0.701141 0.362458 0.362458 0.362458
1229.152710 0.000000 1626.793579 0.000000 0.942119 0.000000 -0.335279 0.355751 0.355751 0.355751
1230.936279 0.000000 1628.134399 0.000000 0.830095 0.000000 -0.557622 0.359820 0.359820 0.359820
1204.449829 0.000000 1670.807373 0.000000 0.856516 0.000000 -0.516121 0.356824 0.356824 0.356824
1208.851562 0.000000 1669.659302 0.000000 0.722395 0.000000 -0.691481 0.359607 0.359607 0.359607
1176.982788 0.000000 1641.920776 0.000000 0.856055 0.000000 -0.516884 0.357642 0.357642 0.357642
1188.193237 0.000000 1645.505859 0.000000 0.884738 0.000000 -0.466088 0.356779 0.356779 0.356779
1236.950073 0.000000 1647.216064 0.000000 0.792081 0.000000 -0.610417 0.358233 0.358233 0.358233
1238.302124 0.000000 1643.100952 0.000000 0.862720 0.000000 -0.505682 0.356671 0.356671 0.356671
1273.614258 0.000000 1746.912354 0.000000 0.692063 0.000000 -0.721837 0.360006 0.360006 0.360006
1318.465210 0.000000 1719.629028 0.000000 0.911607 0.000000 -0.411063 0.355330 0.355330 0.355330
1311.273193 0.000000 1749.407715 0.000000 0.844064 0.000000 -0.536243 0.356751 0.356751 0.356751
1297.114990 0.000000 1749.091064 0.000000 0.733365 0.000000 -0.679836 0.359373 0.359373 0.359373
1321.764648 0.000000 1722.855469 0.000000 0.877017 0.000000 -0.480459 0.356306 0.356306 0.356306
1343.022949 0.000000 1748.696777 0.000000 0.726518 0.000000 -0.687147 0.361419 0.361419 0.361419
1344.354126 0.000000 1742.499146 0.000000 0.815658 0.000000 -0.578534 0.357197 0.357197 0.357197
1344.226196 0.000000 1745.848267 0.000000 0.934930 0.000000 -0.354833 0.354691 0.354691 0.354691
1344.164185 0.000000 1750.870361 0.000000 0.911690 0.000000 -0.410879 0.356456 0.356456 0.356456
1310.802368 0.000000 1751.076782 0.000000 0.720575 0.000000 -0.693377 0.359105 0.359105 0.359105
1791.419312 0.000000 1377.497070 0.000000 0.947239 0.000000 -0.320528 0.354220 0.354220 0.354220
1753.268799 0.000000 1372.034180 0.000000 0.904797 0.000000 -0.425843 0.356073 0.356073 0.356073
1780.885132 0.000000 1407.376099 0.000000 0.791284 0.000000 -0.611449 0.358192 0.358192 0.358192
1785.729980 0.000000 1396.414551 0.000000 0.685188 0.000000 -0.728366 0.360980 0.360980 0.360980
1754.661499 0.000000 1377.062622 0.000000 0.818190 0.000000 -0.574948 0.358243 0.358243 0.358243
1784.634888 0.000000 1391.413574 0.000000 0.788875 0.000000 -0.614554 0.358992 0.358992 0.358992
1786.165039 0.000000 1378.175659 0.000000 0.671785 0.000000 -0.740746 0.360678 0.360678 0.360678
1764.590088 0.000000 1365.631714 0.000000 0.840295 0.000000 -0.542129 0.356959 0.356959 0.356959
1785.614258 0.000000 1408.006104 0.000000 0.742491 0.000000 -0.669856 0.358979 0.358979 0.358979
1790.112061 0.000000 1399.543701 0.000000 0.909550 0.000000 -0.415595 0.355243 0.355243 0.355243
1769.606079 0.000000 1393.106445 0.000000 0.819042 0.000000 -0.573734 0.358863 0.358863 0.358863
1790.127319 0.000000 1373.064941 0.000000 0.786118 0.000000 -0.618076 0.358500 0.358500 0.358500
1746.408936 0.000000 1384.034546 0.000000 0.618232 0.000000 -0.785996 0.362406 0.362406 0.362406
1787.875732 0.000000 1369.831177 0.000000 0.733807 0.000000 -0.679358 0.359528 0.359528 0.359528
1762.996948 0.000000 1411.588379 0.000000 0.723644 0.000000 -0.690173 0.359718 0.359718 0.359718
1781.811401 0.000000 1396.924072 0.000000 0.914179 0.000000 -0.405311 0.355998 0.355998 0.355998
1764.219849 0.000000 1395.782471 0.000000 0.936855 0.000000 -0.349718 0.355369 0.355369 0.355369
1769.897095 0.000000 1355.653320 0.000000 0.930320 0.000000 -0.366749 0.355398 0.355398 0.355398
1751.828003 0.000000 1379.801758 0.000000 0.917489 0.000000 -0.397760 0.356434 0.356434 0.356434
1772.817139 0.000000 1365.151001 0.000000 0.922012 0.000000 -0.387160 0.355072 0.355072 0.355072
1777.605835 0.000000 1408.478882 0.000000 0.807746 0.000000 -0.589531 0.358677 0.358677 0.358677
1783.033203 0.000000 1394.072876 0.000000 0.921292 0.000000 -0.388873 0.355427 0.355427 0.355427
1750.343750 0.000000 1373.017212 0.000000 0.898804 0.000000 -0.438351 0.356165 0.356165 0.356165
1769.246460 0.000000 1403.936768 0.000000 0.765869 0.000000 -0.642997 0.361259 0.361259 0.361259
1781.610352 0.000000 1391.117798 0.000000 0.850948 0.000000 -0.525250 0.357804 0.357804 0.357804
1780.968994 0.000000 1359.982910 0.000000 0.738272 0.000000 -0.674503 0.360641 0.360641 0.360641
1783.879395 0.000000 1398.819824 0.000000 0.841237 0.000000 -0.540667 0.358211 0.358211 0.358211
1781.008667 0.000000 1399.846802 0.000000 0.657685 0.000000 -0.753293 0.361852 0.361852 0.361852
1755.115967 0.000000 1374.100220 0.000000 0.676312 0.000000 -0.736616 0.361975 0.361975 0.361975
1764.100952 0.000000 1403.486328 0.000000 0.601539 0.000000 -0.798843 0.362937 0.362937 0.362937
1746.112671 0.000000 1381.816650 0.000000 0.825798 0.000000 -0.563966 0.360288 0.360288 0.360288
1778.281372 0.000000 1455.178589 0.000000 0.637262 0.000000 -0.770647 0.361955 0.361955 0.361955
1769.423462 0.000000 1444.531616 0.000000 0.894469 0.000000 -0.447131 0.356278 0.356278 0.356278
1759.430420 0.000000 1422.881348 0.000000 0.943517 0.000000 -0.331324 0.355090 0.355090 0.355090
1780.449829 0.000000 1444.869873 0.000000 0.863356 0.000000 -0.504595 0.357025 0.357025 0.357025
1773.901245 0.000000 1413.063843 0.000000 0.653364 0.000000 -0.757044 0.360618 0.360618 0.360618
1785.729980 0.000000 1452.898926 0.000000 0.921398 0.000000 -0.388622 0.354708 0.354708 0.354708
1750.797119 0.000000 1413.083984 0.000000 0.941340 0.000000 -0.337459 0.354151 0.354151 0.354151
1785.915649 0.000000 1422.824097 0.000000 0.738715 0.000000 -0.674018 0.359436 0.359436 0.359436
1758.773926 0.000000 1428.581055 0.000000 0.891130 0.000000 -0.453748 0.355864 0.355864 0.355864
1791.290771 0.000000 1412.514404 0.000000 0.910369 0.000000 -0.413797 0.355443 0.355443 0.355443
1766.192993 0.000000 1417.816284 0.000000 0.877312 0.000000 -0.479920 0.357545 0.357545 0.357545
1785.786499 0.000000 1416.634155 0.000000 0.909739 0.000000 -0.415180 0.355387 0.355387 0.355387
1781.811401 0.000000 1453.408447 0.000000 0.898575 0.000000 -0.438820 0.356133 0.356133 0.356133
1777.158813 0.000000 1446.737793 0.000000 0.928575 0.000000 -0.371146 0.354917 0.354917 0.354917
1761.456543 0.000000 1426.034302 0.000000 0.903516 0.000000 -0.428555 0.356385 0.356385 0.356385
1767.553711 0.000000 1429.311646 0.000000 0.866359 0.000000 -0.499422 0.356991 0.356991 0.356991
1772.084717 0.000000 1442.853149 0.000000 0.764604 0.000000 -0.644501 0.360036 0.360036 0.360036
1759.881958 0.000000 1414.758789 0.000000 0.814565 0.000000 -0.580072 0.359030 0.359030 0.359030
1795.589233 0.000000 1368.007202 0.000000 0.755442 0.000000 -0.655216 0.359177 0.359177 0.359177
1849.729980 0.000000 1396.414551 0.000000 0.704204 0.000000 -0.709997 0.360072 0.360072 0.360072
1801.095337 0.000000 1367.612427 0.000000 0.703543 0.000000 -0.710653 0.359393 0.359393 0.359393
1855.097656 0.000000 1395.014160 0.000000 0.808580 0.000000 -0.588387 0.358795 0.358795 0.358795
1797.003174 0.000000 1391.753052 0.000000 0.812117 0.000000 -0.583494 0.357866 0.357866 0.357866
1849.614258 0.000000 1408.006104 0.000000 0.786855 0.000000 -0.617138 0.358485 0.358485 0.358485
1801.424194 0.000000 1383.498779 0.000000 0.610418 0.000000 -0.792079 0.361663 0.361663 0.361663
1805.646240 0.000000 1396.371216 0.000000 0.646073 0.000000 -0.763275 0.361040 0.361040 0.361040
1810.973877 0.000000 1357.027954 0.000000 0.764482 0.000000 -0.644645 0.358937 0.358937 0.358937
1851.742432 0.000000 1393.302002 0.000000 0.893279 0.000000 -0.449503 0.356192 0.356192 0.356192
1798.297607 0.000000 1356.973145 0.000000 0.770783 0.000000 -0.637097 0.360562 0.360562 0.360562
1812.862061 0.000000 1404.291992 0.000000 0.655977 0.000000 -0.754781 0.362332 0.362332 0.362332
1897.423462 0.000000 1388.047241 0.000000 0.853145 0.000000 -0.521674 0.356522 0.356522 0.356522
1875.921631 0.000000 1379.950439 0.000000 0.739891 0.000000 -0.672727 0.360542 0.360542 0.360542
1907.915527 0.000000 1367.666260 0.000000 0.944298 0.000000 -0.329090 0.353985 0.353985 0.353985
1900.186279 0.000000 1403.333252 0.000000 0.878096 0.000000 -0.478485 0.356474 0.356474 0.356474
1903.844604 0.000000 1362.735474 0.000000 0.666363 0.000000 -0.745627 0.360514 0.360514 0.360514
1870.146729 0.000000 1377.478516 0.000000 0.591196 0.000000 -0.806528 0.364962 0.364962 0.364962
1905.916626 0.000000 1373.415039 0.000000 0.672086 0.000000 -0.740473 0.360200 0.360200 0.360200
1887.273193 0.000000 1410.501465 0.000000 0.643869 0.000000 -0.765136 0.362409 0.362409 0.362409
1905.044556 0.000000 1404.308960 0.000000 0.623103 0.000000 -0.782139 0.361575 0.361575 0.361575
1894.720825 0.000000 1402.359619 0.000000 0.925349 0.000000 -0.379115 0.354961 0.354961 0.354961
1906.569214 0.000000 1411.598755 0.000000 0.606938 0.000000 -0.794749 0.361719 0.361719 0.361719
1898.064331 0.000000 1406.948853 0.000000 0.636309 0.000000 -0.771434 0.361240 0.361240 0.361240
1869.646240 0.000000 1396.371216 0.000000 0.763800 0.000000 -0.645453 0.363181 0.363181 0.363181
1878.596802 0.000000 1376.156128 0.000000 0.702836 0.000000 -0.711351 0.360096 0.360096 0.360096
1898.157837 0.000000 1378.461304 0.000000 0.833076 0.000000 -0.553158 0.358092 0.358092 0.358092
1900.817139 0.000000 1365.151001 0.000000 0.790380 0.000000 -0.612617 0.358412 0.358412 0.358412
1873.216431 0.000000 1395.506226 0.000000 0.884030 0.000000 -0.467431 0.360221 0.360221 0.360221
1904.446289 0.000000 1366.455811 0.000000 0.899943 0.000000 -0.436008 0.355756 0.355756 0.355756
1872.310547 0.000000 1380.419556 0.000000 0.590520 0.000000 -0.807023 0.363827 0.363827 0.363827
1879.871582 0.000000 1395.106079 0.000000 0.701974 0.000000 -0.712202 0.362501 0.362501 0.362501
1868.424805 0.000000 1374.044800 0.000000 0.797762 0.000000 -0.602973 0.358992 0.358992 0.358992
1884.116333 0.000000 1411.040649 0.000000 0.798892 0.000000 -0.601475 0.359022 0.359022 0.359022
1858.892212 0.000000 1393.826294 0.000000 0.856833 0.000000 -0.515594 0.357431 0.357431 0.357431
1866.423096 0.000000 1379.372559 0.000000 0.615858 0.000000 -0.787857 0.362566 0.362566 0.362566
1877.228027 0.000000 1393.530151 0.000000 0.785770 0.000000 -0.618518 0.361450 0.361450 0.361450
1877.175049 0.000000 1390.843018 0.000000 0.824590 0.000000 -0.565730 0.359300 0.359300 0.359300
1844.600708 0.000000 1435.323242 0.000000 0.946717 0.000000 -0.322067 0.354713 0.354713 0.354713
1846.803467 0.000000 1414.175537 0.000000 0.927812 0.000000 -0.373048 0.354760 0.354760 0.354760
1806.189453 0.000000 1448.553101 0.000000 0.940821 0.000000 -0.338903 0.354245 0.354245 0.354245
1811.921631 0.000000 1436.434814 0.000000 0.732378 0.000000 -0.680898 0.361028 0.361028 0.361028
1844.449829 0.000000 1444.869873 0.000000 0.939502 0.000000 -0.342544 0.354705 0.354705 0.354705
1837.901245 0.000000 1413.063843 0.000000 0.824806 0.000000 -0.565416 0.357666 0.357666 0.357666
1855.419312 0.000000 1433.981445 0.000000 0.771992 0.000000 -0.635633 0.358035 0.358035 0.358035
1853.524414 0.000000 1417.622803 0.000000 0.923155 0.000000 -0.384429 0.354982 0.354982 0.354982
1829.084961 0.000000 1426.906982 0.000000 0.889728 0.000000 -0.456492 0.357311 0.357311 0.357311
1806.146729 0.000000 1433.962891 0.000000 0.622788 0.000000 -0.782391 0.360795 0.360795 0.360795
1826.074463 0.000000 1417.629150 0.000000 0.773633 0.000000 -0.633634 0.358905 0.358905 0.358905
1801.163696 0.000000 1451.410156 0.000000 0.641995 0.000000 -0.766709 0.360497 0.360497 0.360497
1818.661499 0.000000 1433.546997 0.000000 0.597185 0.000000 -0.802103 0.367202 0.367202 0.367202
1843.720459 0.000000 1449.981201 0.000000 0.617127 0.000000 -0.786863 0.362939 0.362939 0.362939
1846.117310 0.000000 1419.130737 0.000000 0.848026 0.000000 -0.529955 0.357126 0.357126 0.357126
1838.917847 0.000000 1433.424072 0.000000 0.812983 0.000000 -0.582287 0.359803 0.359803 0.359803
1834.133911 0.000000 1416.246704 0.000000 0.797018 0.000000 -0.603955 0.357989 0.357989 0.357989
1833.396362 0.000000 1425.868286 0.000000 0.796005 0.000000 -0.605290 0.358890 0.358890 0.358890
1814.690430 0.000000 1440.126343 0.000000 0.812830 0.000000 -0.582502 0.360676 0.360676 0.360676
1810.408936 0.000000 1440.518921 0.000000 0.838744 0.000000 -0.544525 0.358554 0.358554 0.358554
1834.157837 0.000000 1434.945679 0.000000 0.658121 0.000000 -0.752912 0.367617 0.367617 0.367617
1833.897095 0.000000 1412.137695 0.000000 0.905751 0.000000 -0.423809 0.355583 0.355583 0.355583
1826.040283 0.000000 1430.414307 0.000000 0.943235 0.000000 -0.332126 0.356434 0.356434 0.356434
1836.877319 0.000000 1445.896362 0.000000 0.943648 0.000000 -0.330950 0.357516 0.357516 0.357516
1827.651001 0.000000 1435.051758 0.000000 0.824964 0.000000 -0.565185 0.363384 0.363384 0.363384
1816.763672 0.000000 1442.840576 0.000000 0.738707 0.000000 -0.674027 0.361860 0.361860 0.361860
1810.867188 0.000000 1455.073242 0.000000 0.718841 0.000000 -0.695174 0.360679 0.360679 0.360679
1840.015381 0.000000 1439.890869 0.000000 0.877899 0.000000 -0.478846 0.358443 0.358443 0.358443
1811.150757 0.000000 1445.870972 0.000000 0.851453 0.000000 -0.524431 0.357959 0.357959 0.357959
1810.112671 0.000000 1438.301025 0.000000 0.911797 0.000000 -0.410641 0.356415 0.356415 0.356415
1826.304321 0.000000 1428.209229 0.000000 0.950120 0.000000 -0.311884 0.355266 0.355266 0.355266
1833.380981 0.000000 1428.057007 0.000000 0.620964 0.000000 -0.783839 0.364483 0.364483 0.364483
1910.803467 0.000000 1414.175537 0.000000 0.881216 0.000000 -0.472714 0.355657 0.355657 0.355657
1871.347534 0.000000 1412.393433 0.000000 0.911676 0.000000 -0.410910 0.355199 0.355199 0.355199
1890.074463 0.000000 1417.629150 0.000000 0.940068 0.000000 -0.340988 0.354682 0.354682 0.354682
1881.550537 0.000000 1423.710815 0.000000 0.860781 0.000000 -0.508976 0.356929 0.356929 0.356929
1873.893799 0.000000 1425.424194 0.000000 0.796279 0.000000 -0.604929 0.358146 0.358146 0.358146
1869.333862 0.000000 1416.438721 0.000000 0.943571 0.000000 -0.331169 0.354911 0.354911 0.354911
1878.302124 0.000000 1417.163452 0.000000 0.823632 0.000000 -0.567125 0.357772 0.357772 0.357772
1859.605225 0.000000 1435.385986 0.000000 0.944936 0.000000 -0.327255 0.354253 0.354253 0.354253
1856.173096 0.000000 1413.933960 0.000000 0.817606 0.000000 -0.575778 0.357801 0.357801 0.357801
1861.963745 0.000000 1432.808350 0.000000 0.945882 0.000000 -0.324510 0.354245 0.354245 0.354245
1858.492065 0.000000 1415.698975 0.000000 0.773630 0.000000 -0.633637 0.359324 0.359324 0.359324
1875.958252 0.000000 1418.821899 0.000000 0.922704 0.000000 -0.385509 0.355568 0.355568 0.355568
1862.927612 0.000000 1418.456787 0.000000 0.864216 0.000000 -0.503120 0.357578 0.357578 0.357578
1991.674683 0.000000 1436.055420 0.000000 0.749549 0.000000 -0.661949 0.359387 0.359387 0.359387
2015.430420 0.000000 1422.881348 0.000000 0.849300 0.000000 -0.527911 0.357484 0.357484 0.357484
2005.428101 0.000000 1444.457031 0.000000 0.934079 0.000000 -0.357067 0.354291 0.354291 0.354291
2029.233887 0.000000 1438.006714 0.000000 0.620638 0.000000 -0.784097 0.362206 0.362206 0.362206
2021.443237 0.000000 1431.911377 0.000000 0.784383 0.000000 -0.620277 0.359413 0.359413 0.359413
2006.596802 0.000000 1432.640503 0.000000 0.648285 0.000000 -0.761398 0.361495 0.361495 0.361495
2018.040283 0.000000 1430.414307 0.000000 0.835537 0.000000 -0.549434 0.357802 0.357802 0.357802
2012.682983 0.000000 1425.543335 0.000000 0.896378 0.000000 -0.443291 0.356100 0.356100 0.356100
2023.553711 0.000000 1429.311646 0.000000 0.694881 0.000000 -0.719125 0.361395 0.361395 0.361395
1892.100952 0.000000 2194.267578 0.000000 0.933312 0.000000 -0.359067 0.356210 0.356210 0.356210
1289.095337 0.000000 2440.815430 0.000000 0.839195 0.000000 -0.543830 0.357335 0.357335 0.357335
1304.358154 0.000000 2437.339111 0.000000 0.843555 0.000000 -0.537043 0.361765 0.361765 0.361765
1286.798706 0.000000 2443.095215 0.000000 0.845179 0.000000 -0.534483 0.357687 0.357687 0.357687
1304.196777 0.000000 2435.096191 0.000000 0.607159 0.000000 -0.794580 0.370462 0.370462 0.370462
1724.270508 0.000000 2646.614990 0.000000 0.668225 0.000000 -0.743959 0.361583 0.361583 0.361583
1721.729980 0.000000 2639.070801 0.000000 0.870160 0.000000 -0.492769 0.355988 0.355988 0.355988
1710.444580 0.000000 2649.643555 0.000000 0.690033 0.000000 -0.723778 0.363188 0.363188 0.363188
1697.615479 0.000000 2652.376953 0.000000 0.922896 0.000000 -0.385049 0.356683 0.356683 0.356683
1746.736938 0.000000 2648.402344 0.000000 0.904968 0.000000 -0.425480 0.355492 0.355492 0.355492
1749.428101 0.000000 2630.628906 0.000000 0.864207 0.000000 -0.503136 0.356634 0.356634 0.356634
1753.924683 0.000000 2651.521729 0.000000 0.673459 0.000000 -0.739225 0.361776 0.361776 0.361776
1758.599976 0.000000 2647.984863 0.000000 0.750829 0.000000 -0.660497 0.359047 0.359047 0.359047
1744.913574 0.000000 2630.851318 0.000000 0.943372 0.000000 -0.331735 0.354742 0.354742 0.354742
1737.597778 0.000000 2648.156738 0.000000 0.950297 0.000000 -0.311346 0.355492 0.355492 0.355492
1728.390503 0.000000 2641.831299 0.000000 0.694048 0.000000 -0.719928 0.359937 0.359937 0.359937
1762.996948 0.000000 2654.244629 0.000000 0.825771 0.000000 -0.564006 0.358823 0.358823 0.358823
1743.660034 0.000000 2649.446533 0.000000 0.905943 0.000000 -0.423399 0.356284 0.356284 0.356284
1757.075928 0.000000 2650.681396 0.000000 0.636319 0.000000 -0.771426 0.364512 0.364512 0.364512
1734.827515 0.000000 2654.280029 0.000000 0.765681 0.000000 -0.643220 0.360104 0.360104 0.360104
1737.349487 0.000000 2650.836426 0.000000 0.746771 0.000000 -0.665081 0.360204 0.360204 0.360204
1753.163940 0.000000 2654.140625 0.000000 0.709898 0.000000 -0.704304 0.361949 0.361949 0.361949
1761.615479 0.000000 2652.376953 0.000000 0.593072 0.000000 -0.805149 0.364598 0.364598 0.364598
1747.258667 0.000000 2637.174805 0.000000 0.653150 0.000000 -0.757229 0.363324 0.363324 0.363324
1696.264404 0.000000 2676.634033 0.000000 0.786251 0.000000 -0.617907 0.357712 0.357712 0.357712
1703.866577 0.000000 2696.469238 0.000000 0.702821 0.000000 -0.711367 0.361238 0.361238 0.361238
1683.298462 0.000000 2672.712891 0.000000 0.867351 0.000000 -0.497698 0.359218 0.359218 0.359218
1671.651001 0.000000 2672.252930 0.000000 0.942948 0.000000 -0.332940 0.354345 0.354345 0.354345
1691.974365 0.000000 2686.495117 0.000000 0.825914 0.000000 -0.563796 0.357589 0.357589 0.357589
1701.443237 0.000000 2674.567627 0.000000 0.863273 0.000000 -0.504737 0.358899 0.358899 0.358899
1713.044556 0.000000 2703.449463 0.000000 0.706976 0.000000 -0.707238 0.360365 0.360365 0.360365
1700.590088 0.000000 2664.772217 0.000000 0.939416 0.000000 -0.342779 0.355747 0.355747 0.355747
1681.893799 0.000000 2668.080322 0.000000 0.865731 0.000000 -0.500509 0.359504 0.359504 0.359504
1682.852783 0.000000 2691.373047 0.000000 0.603468 0.000000 -0.797387 0.363307 0.363307 0.363307
1705.606079 0.000000 2692.247070 0.000000 0.871528 0.000000 -0.490346 0.357949 0.357949 0.357949
1685.636475 0.000000 2709.267822 0.000000 0.790348 0.000000 -0.612658 0.359709 0.359709 0.359709
1705.396362 0.000000 2668.524414 0.000000 0.909793 0.000000 -0.415062 0.357629 0.357629 0.357629
1675.936890 0.000000 2687.534912 0.000000 0.936924 0.000000 -0.349532 0.354602 0.354602 0.354602
1686.302124 0.000000 2659.819580 0.000000 0.922037 0.000000 -0.387102 0.356825 0.356825 0.356825
1717.811401 0.000000 2696.064697 0.000000 0.724299 0.000000 -0.689486 0.360636 0.360636 0.360636
1698.139526 0.000000 2656.491943 0.000000 0.751224 0.000000 -0.660047 0.360393 0.360393 0.360393
1703.131470 0.000000 2689.744873 0.000000 0.868713 0.000000 -0.495316 0.357199 0.357199 0.357199
1681.116211 0.000000 2702.013184 0.000000 0.795224 0.000000 -0.606316 0.359335 0.359335 0.359335
1703.443970 0.000000 2666.054932 0.000000 0.865139 0.000000 -0.501533 0.359571 0.359571 0.359571
1702.737793 0.000000 2693.243408 0.000000 0.851989 0.000000 -0.523559 0.359268 0.359268 0.359268
1707.534790 0.000000 2670.755371 0.000000 0.722175 0.000000 -0.691710 0.362848 0.362848 0.362848
1700.294800 0.000000 2658.422363 0.000000 0.613732 0.000000 -0.789514 0.363558 0.363558 0.363558
1685.228027 0.000000 2692.670654 0.000000 0.749928 0.000000 -0.661519 0.360106 0.360106 0.360106
1702.386963 0.000000 2677.113770 0.000000 0.894945 0.000000 -0.446177 0.356870 0.356870 0.356870
1684.862061 0.000000 2703.432617 0.000000 0.847220 0.000000 -0.531243 0.359078 0.359078 0.359078
1683.922729 0.000000 2658.564941 0.000000 0.868686 0.000000 -0.495363 0.357246 0.357246 0.357246
1690.516602 0.000000 2693.544434 0.000000 0.871732 0.000000 -0.489983 0.357897 0.357897 0.357897
1685.388916 0.000000 2697.991455 0.000000 0.854148 0.000000 -0.520030 0.357741 0.357741 0.357741
1703.590698 0.000000 2658.380859 0.000000 0.808448 0.000000 -0.588567 0.359183 0.359183 0.359183
1680.434082 0.000000 2684.826904 0.000000 0.729871 0.000000 -0.683585 0.366080 0.366080 0.366080
1674.112183 0.000000 2672.919434 0.000000 0.904296 0.000000 -0.426906 0.357458 0.357458 0.357458
1692.903564 0.000000 2661.386963 0.000000 0.884526 0.000000 -0.466492 0.360199 0.360199 0.360199
1673.306274 0.000000 2680.440186 0.000000 0.647404 0.000000 -0.762147 0.363593 0.363593 0.363593
1688.196777 0.000000 2661.033691 0.000000 0.715436 0.000000 -0.698678 0.366864 0.366864 0.366864
1680.326904 0.000000 2677.432617 0.000000 0.648124 0.000000 -0.761535 0.365204 0.365204 0.365204
1728.354126 0.000000 2702.733398 0.000000 0.692433 0.000000 -0.721482 0.360387 0.360387 0.360387
1731.834473 0.000000 2654.768066 0.000000 0.743895 0.000000 -0.668296 0.358570 0.358570 0.358570
1780.600708 0.000000 2677.979492 0.000000 0.779548 0.000000 -0.626342 0.360409 0.360409 0.360409
1760.264404 0.000000 2676.634033 0.000000 0.929868 0.000000 -0.367894 0.356535 0.356535 0.356535
1758.802368 0.000000 2654.826660 0.000000 0.912456 0.000000 -0.409175 0.356336 0.356336 0.356336
1767.866577 0.000000 2696.469238 0.000000 0.833981 0.000000 -0.551793 0.358095 0.358095 0.358095
1766.465210 0.000000 2679.863281 0.000000 0.925366 0.000000 -0.379074 0.356336 0.356336 0.356336
1745.626343 0.000000 2659.975098 0.000000 0.678764 0.000000 -0.734357 0.359873 0.359873 0.359873
1764.590088 0.000000 2664.772217 0.000000 0.625842 0.000000 -0.779950 0.361334 0.361334 0.361334
1749.636475 0.000000 2709.267822 0.000000 0.661681 0.000000 -0.749786 0.365371 0.365371 0.365371
1765.993652 0.000000 2684.328857 0.000000 0.815194 0.000000 -0.579187 0.359689 0.359689 0.359689
1766.192993 0.000000 2660.472412 0.000000 0.943490 0.000000 -0.331401 0.355682 0.355682 0.355682
1781.757935 0.000000 2674.130371 0.000000 0.811531 0.000000 -0.584309 0.360496 0.360496 0.360496
1770.157837 0.000000 2677.601807 0.000000 0.798998 0.000000 -0.601334 0.359555 0.359555 0.359555
1785.786499 0.000000 2659.290527 0.000000 0.696750 0.000000 -0.717314 0.361044 0.361044 0.361044
1776.887695 0.000000 2679.641113 0.000000 0.874291 0.000000 -0.485402 0.359056 0.359056 0.359056
1762.139526 0.000000 2656.491943 0.000000 0.776077 0.000000 -0.630638 0.359600 0.359600 0.359600
1780.612793 0.000000 2670.477539 0.000000 0.602066 0.000000 -0.798446 0.363049 0.363049 0.363049
1767.131470 0.000000 2689.744873 0.000000 0.660339 0.000000 -0.750967 0.362434 0.362434 0.362434
1786.815186 0.000000 2662.334717 0.000000 0.917527 0.000000 -0.397674 0.355682 0.355682 0.355682
1782.469360 0.000000 2664.919678 0.000000 0.685519 0.000000 -0.728055 0.361437 0.361437 0.361437
1772.084717 0.000000 2685.509521 0.000000 0.730406 0.000000 -0.683013 0.360939 0.360939 0.360939
1749.436035 0.000000 2706.063477 0.000000 0.950994 0.000000 -0.309209 0.354683 0.354683 0.354683
1764.294800 0.000000 2658.422363 0.000000 0.743438 0.000000 -0.668804 0.361522 0.361522 0.361522
1772.193481 0.000000 2675.710205 0.000000 0.692590 0.000000 -0.721331 0.361828 0.361828 0.361828
1782.928345 0.000000 2671.650635 0.000000 0.665443 0.000000 -0.746449 0.362150 0.362150 0.362150
1761.496704 0.000000 2678.996338 0.000000 0.690206 0.000000 -0.723613 0.364138 0.364138 0.364138
1774.630737 0.000000 2678.542236 0.000000 0.736884 0.000000 -0.676019 0.363946 0.363946 0.363946
1768.628784 0.000000 2660.906006 0.000000 0.723816 0.000000 -0.689993 0.362143 0.362143 0.362143
1757.193848 0.000000 2680.976807 0.000000 0.809237 0.000000 -0.587483 0.360562 0.360562 0.360562
1780.127808 0.000000 2672.648193 0.000000 0.772435 0.000000 -0.635094 0.360462 0.360462 0.360462
1813.428101 0.000000 2687.113281 0.000000 0.916327 0.000000 -0.400431 0.355760 0.355760 0.355760
1798.599243 0.000000 2707.866455 0.000000 0.770487 0.000000 -0.637456 0.358425 0.358425 0.358425
1806.124634 0.000000 2683.774414 0.000000 0.895837 0.000000 -0.444383 0.356036 0.356036 0.356036
1805.066528 0.000000 2707.981934 0.000000 0.909293 0.000000 -0.416157 0.355832 0.355832 0.355832
1818.661499 0.000000 2676.203369 0.000000 0.592969 0.000000 -0.805226 0.363087 0.363087 0.363087
1818.548950 0.000000 2696.078613 0.000000 0.946021 0.000000 -0.324104 0.353994 0.353994 0.353994
1810.852783 0.000000 2691.373047 0.000000 0.925360 0.000000 -0.379089 0.355436 0.355436 0.355436
1815.538208 0.000000 2691.052490 0.000000 0.938110 0.000000 -0.346338 0.354944 0.354944 0.354944
1808.913574 0.000000 2687.335693 0.000000 0.724199 0.000000 -0.689591 0.360073 0.360073 0.360073
1814.003418 0.000000 2668.468018 0.000000 0.602037 0.000000 -0.798468 0.364060 0.364060 0.364060
1814.302124 0.000000 2659.819580 0.000000 0.641690 0.000000 -0.766964 0.362030 0.362030 0.362030
1822.227295 0.000000 2659.322998 0.000000 0.711123 0.000000 -0.703068 0.359981 0.359981 0.359981
1821.234741 0.000000 2678.474365 0.000000 0.931581 0.000000 -0.363534 0.355169 0.355169 0.355169
1819.115967 0.000000 2673.240967 0.000000 0.903381 0.000000 -0.428838 0.356622 0.356622 0.356622
1819.921387 0.000000 2670.721436 0.000000 0.630143 0.000000 -0.776479 0.364139 0.364139 0.364139
1818.002319 0.000000 2668.801025 0.000000 0.938834 0.000000 -0.344369 0.355314 0.355314 0.355314
1684.950073 0.000000 2720.419189 0.000000 0.950189 0.000000 -0.311675 0.354556 0.354556 0.354556
1689.268799 0.000000 2727.659180 0.000000 0.826031 0.000000 -0.563625 0.357011 0.357011 0.357011
1686.797119 0.000000 2712.224609 0.000000 0.878053 0.000000 -0.478563 0.358219 0.358219 0.358219
1689.550537 0.000000 2722.851318 0.000000 0.776596 0.000000 -0.629999 0.361881 0.361881 0.361881
1714.569214 0.000000 2767.223877 0.000000 0.901980 0.000000 -0.431778 0.358524 0.358524 0.358524
1722.875244 0.000000 2711.404541 0.000000 0.934342 0.000000 -0.356379 0.355015 0.355015 0.355015
1721.786499 0.000000 2715.774902 0.000000 0.924086 0.000000 -0.382186 0.357607 0.357607 0.357607
1720.357544 0.000000 2719.596924 0.000000 0.920606 0.000000 -0.390494 0.356713 0.356713 0.356713
1690.002319 0.000000 2725.285400 0.000000 0.772854 0.000000 -0.634584 0.360602 0.360602 0.360602
1719.474731 0.000000 2716.320557 0.000000 0.904793 0.000000 -0.425852 0.357419 0.357419 0.357419
1686.295044 0.000000 2718.723145 0.000000 0.684041 0.000000 -0.729444 0.363465 0.363465 0.363465
1688.196777 0.000000 2717.518066 0.000000 0.677940 0.000000 -0.735118 0.365803 0.365803 0.365803
1788.270508 0.000000 2759.583740 0.000000 0.644017 0.000000 -0.765011 0.360846 0.360846 0.360846
1743.347534 0.000000 2711.534180 0.000000 0.687140 0.000000 -0.726525 0.359309 0.359309 0.359309
1738.048218 0.000000 2756.750244 0.000000 0.735475 0.000000 -0.677552 0.364343 0.364343 0.364343
1773.059937 0.000000 2753.641846 0.000000 0.653126 0.000000 -0.757249 0.363700 0.363700 0.363700
1791.097656 0.000000 2750.639160 0.000000 0.906116 0.000000 -0.423029 0.355954 0.355954 0.355954
1743.212769 0.000000 2723.703369 0.000000 0.925730 0.000000 -0.378186 0.355609 0.355609 0.355609
1790.888184 0.000000 2747.875000 0.000000 0.835944 0.000000 -0.548815 0.358401 0.358401 0.358401
1788.341309 0.000000 2764.417725 0.000000 0.928177 0.000000 -0.372140 0.355648 0.355648 0.355648
1743.571045 0.000000 2717.862549 0.000000 0.903951 0.000000 -0.427636 0.356834 0.356834 0.356834
1718.803467 0.000000 2769.800537 0.000000 0.915503 0.000000 -0.402311 0.355752 0.355752 0.355752
1725.524414 0.000000 2773.247803 0.000000 0.891641 0.000000 -0.452744 0.356630 0.356630 0.356630
1683.958252 0.000000 2774.447021 0.000000 0.724367 0.000000 -0.689414 0.361898 0.361898 0.361898
1727.450562 0.000000 2775.663574 0.000000 0.793417 0.000000 -0.608679 0.360807 0.360807 0.360807
1726.677124 0.000000 2770.280518 0.000000 0.926330 0.000000 -0.376713 0.356463 0.356463 0.356463
1747.921631 0.000000 2792.059814 0.000000 0.728081 0.000000 -0.685492 0.358678 0.358678 0.358678
1788.270508 0.000000 2816.068115 0.000000 0.895798 0.000000 -0.444461 0.355212 0.355212 0.355212
1785.426636 0.000000 2785.133301 0.000000 0.769751 0.000000 -0.638344 0.358591 0.358591 0.358591
1774.917847 0.000000 2789.049072 0.000000 0.654986 0.000000 -0.755641 0.361565 0.361565 0.361565
1745.983643 0.000000 2789.102539 0.000000 0.941350 0.000000 -0.337432 0.354812 0.354812 0.354812
1780.612793 0.000000 2783.446289 0.000000 0.871902 0.000000 -0.489680 0.360485 0.360485 0.360485
1784.579102 0.000000 2816.896729 0.000000 0.923780 0.000000 -0.382925 0.355425 0.355425 0.355425
1730.492065 0.000000 2771.323975 0.000000 0.630117 0.000000 -0.776501 0.364372 0.364372 0.364372
1771.536621 0.000000 2781.297363 0.000000 0.892060 0.000000 -0.451918 0.358010 0.358010 0.358010
1791.290771 0.000000 2824.623779 0.000000 0.881919 0.000000 -0.471401 0.356348 0.356348 0.356348
1799.674683 0.000000 2735.196045 0.000000 0.805026 0.000000 -0.593239 0.358879 0.358879 0.358879
1810.736938 0.000000 2761.371094 0.000000 0.774658 0.000000 -0.632381 0.357986 0.357986 0.357986
1805.467529 0.000000 2726.805176 0.000000 0.873480 0.000000 -0.486859 0.356531 0.356531 0.356531
1795.716309 0.000000 2752.356201 0.000000 0.849927 0.000000 -0.526900 0.356716 0.356716 0.356716
1805.333862 0.000000 2715.579346 0.000000 0.702547 0.000000 -0.711638 0.361070 0.361070 0.361070
1797.348755 0.000000 2719.691895 0.000000 0.743389 0.000000 -0.668859 0.361300 0.361300 0.361300
1792.073120 0.000000 2749.811523 0.000000 0.896838 0.000000 -0.442360 0.356967 0.356967 0.356967
1803.269287 0.000000 2720.580078 0.000000 0.820790 0.000000 -0.571230 0.358394 0.358394 0.358394
1798.798706 0.000000 2725.517090 0.000000 0.934870 0.000000 -0.354990 0.355105 0.355105 0.355105
1798.113892 0.000000 2750.208496 0.000000 0.588809 0.000000 -0.808272 0.362748 0.362748 0.362748
1805.243652 0.000000 2718.491211 0.000000 0.672771 0.000000 -0.739851 0.361462 0.361462 0.361462
1794.759888 0.000000 2720.364502 0.000000 0.824891 0.000000 -0.565292 0.360106 0.360106 0.360106
1797.178101 0.000000 2736.620117 0.000000 0.816369 0.000000 -0.577531 0.358985 0.358985 0.358985
1799.851929 0.000000 2748.427490 0.000000 0.746240 0.000000 -0.665677 0.360820 0.360820 0.360820
1817.450073 0.000000 2758.946777 0.000000 0.602947 0.000000 -0.797781 0.363639 0.363639 0.363639
1856.226196 0.000000 2762.566895 0.000000 0.910835 0.000000 -0.412770 0.355726 0.355726 0.355726
1795.834473 0.000000 2767.736816 0.000000 0.875182 0.000000 -0.483794 0.356045 0.356045 0.356045
1853.524414 0.000000 2773.247803 0.000000 0.700836 0.000000 -0.713323 0.360965 0.360965 0.360965
1824.909058 0.000000 2809.977783 0.000000 0.880164 0.000000 -0.474670 0.361020 0.361020 0.361020
1818.616821 0.000000 2773.943848 0.000000 0.801871 0.000000 -0.597497 0.357778 0.357778 0.357778
1839.365356 0.000000 2798.538086 0.000000 0.831196 0.000000 -0.555979 0.357573 0.357573 0.357573
1841.158813 0.000000 2802.362793 0.000000 0.934355 0.000000 -0.356343 0.354903 0.354903 0.354903
1836.877319 0.000000 2801.521240 0.000000 0.840338 0.000000 -0.542063 0.358435 0.358435 0.358435
1828.176392 0.000000 2811.753906 0.000000 0.860479 0.000000 -0.509485 0.357941 0.357941 0.357941
1831.131470 0.000000 2802.713623 0.000000 0.910408 0.000000 -0.413712 0.358460 0.358460 0.358460
1834.699829 0.000000 2808.113281 0.000000 0.949038 0.000000 -0.315162 0.354258 0.354258 0.354258
1852.365845 0.000000 2770.462158 0.000000 0.807236 0.000000 -0.590228 0.358827 0.358827 0.358827
1834.451904 0.000000 2802.668457 0.000000 0.853562 0.000000 -0.520991 0.360870 0.360870 0.360870
1822.667969 0.000000 2804.115723 0.000000 0.906039 0.000000 -0.423194 0.356796 0.356796 0.356796
1897.206665 0.000000 2776.278076 0.000000 0.950473 0.000000 -0.310806 0.353618 0.353618 0.353618
1856.290283 0.000000 2802.099609 0.000000 0.942979 0.000000 -0.332854 0.354670 0.354670 0.354670
1877.428101 0.000000 2800.082031 0.000000 0.945841 0.000000 -0.324629 0.353785 0.353785 0.353785
1908.885132 0.000000 2819.485596 0.000000 0.710939 0.000000 -0.703254 0.364176 0.364176 0.364176
1861.003174 0.000000 2803.862305 0.000000 0.763435 0.000000 -0.645884 0.359817 0.359817 0.359817
1860.956909 0.000000 2813.901367 0.000000 0.774900 0.000000 -0.632084 0.358849 0.358849 0.358849
1914.165039 0.000000 2790.285156 0.000000 0.940116 0.000000 -0.340855 0.354863 0.354863 0.354863
1906.569214 0.000000 2823.708252 0.000000 0.919853 0.000000 -0.392264 0.355354 0.355354 0.355354
1918.112061 0.000000 2811.653076 0.000000 0.746505 0.000000 -0.665380 0.359287 0.359287 0.359287
1869.646240 0.000000 2808.480713 0.000000 0.597725 0.000000 -0.801701 0.365076 0.365076 0.365076
1856.073120 0.000000 2806.295898 0.000000 0.896500 0.000000 -0.443044 0.355735 0.355735 0.355735
1902.444580 0.000000 2819.096680 0.000000 0.849802 0.000000 -0.527102 0.360551 0.360551 0.360551
1882.772095 0.000000 2817.644775 0.000000 0.791892 0.000000 -0.610661 0.362714 0.362714 0.362714
1860.219482 0.000000 2800.368408 0.000000 0.755700 0.000000 -0.654918 0.359983 0.359983 0.359983
1874.867188 0.000000 2810.698242 0.000000 0.889340 0.000000 -0.457246 0.358444 0.358444 0.358444
1879.871582 0.000000 2807.215332 0.000000 0.743516 0.000000 -0.668718 0.363857 0.363857 0.363857
1906.335327 0.000000 2788.627441 0.000000 0.837267 0.000000 -0.546795 0.358088 0.358088 0.358088
1888.693359 0.000000 2819.722656 0.000000 0.942452 0.000000 -0.334342 0.355868 0.355868 0.355868
1869.152710 0.000000 2812.965332 0.000000 0.737744 0.000000 -0.675080 0.360425 0.360425 0.360425
1904.015381 0.000000 2795.515869 0.000000 0.945871 0.000000 -0.324543 0.354621 0.354621 0.354621
1862.113892 0.000000 2806.692871 0.000000 0.766533 0.000000 -0.642205 0.359750 0.359750 0.359750
1889.860474 0.000000 2776.475586 0.000000 0.838368 0.000000 -0.545104 0.357682 0.357682 0.357682
1914.107300 0.000000 2822.934814 0.000000 0.950514 0.000000 -0.310683 0.354417 0.354417 0.354417
1889.210693 0.000000 2817.177246 0.000000 0.761002 0.000000 -0.648749 0.363015 0.363015 0.363015
1906.714722 0.000000 2818.207275 0.000000 0.807990 0.000000 -0.589197 0.361809 0.361809 0.361809
1902.584106 0.000000 2816.514893 0.000000 0.907935 0.000000 -0.419111 0.357917 0.357917 0.357917
1872.405029 0.000000 2805.289551 0.000000 0.659901 0.000000 -0.751353 0.365896 0.365896 0.365896
1900.424194 0.000000 2820.280518 0.000000 0.827809 0.000000 -0.561010 0.358821 0.358821 0.358821
1881.450073 0.000000 2815.431152 0.000000 0.758670 0.000000 -0.651475 0.364105 0.364105 0.364105
2009.924683 0.000000 2764.490479 0.000000 0.852781 0.000000 -0.522268 0.357682 0.357682 0.357682
2025.606079 0.000000 2748.731445 0.000000 0.793088 0.000000 -0.609107 0.358384 0.358384 0.358384
2010.772095 0.000000 2761.160400 0.000000 0.902924 0.000000 -0.429801 0.356425 0.356425 0.356425
2022.737793 0.000000 2749.727783 0.000000 0.888624 0.000000 -0.458637 0.356411 0.356411 0.356411
1952.264404 0.000000 2789.602783 0.000000 0.805216 0.000000 -0.592982 0.357820 0.357820 0.357820
1941.428101 0.000000 2800.082031 0.000000 0.911978 0.000000 -0.410239 0.357110 0.357110 0.357110
1946.840820 0.000000 2794.438721 0.000000 0.804915 0.000000 -0.593390 0.357910 0.357910 0.357910
1969.916626 0.000000 2785.524414 0.000000 0.837611 0.000000 -0.546268 0.359317 0.359317 0.359317
1924.956909 0.000000 2813.901367 0.000000 0.817380 0.000000 -0.576099 0.357913 0.357913 0.357913
1970.317383 0.000000 2770.925537 0.000000 0.727523 0.000000 -0.686083 0.359844 0.359844 0.359844
1942.690430 0.000000 2795.751221 0.000000 0.917745 0.000000 -0.397171 0.355157 0.355157 0.355157
1942.596802 0.000000 2788.265625 0.000000 0.947334 0.000000 -0.320246 0.354358 0.354358 0.354358
1962.157837 0.000000 2790.570557 0.000000 0.628430 0.000000 -0.777866 0.364991 0.364991 0.364991
1966.165649 0.000000 2785.276611 0.000000 0.907870 0.000000 -0.419252 0.357504 0.357504 0.357504
1964.817139 0.000000 2777.260254 0.000000 0.941505 0.000000 -0.336999 0.355571 0.355571 0.355571
1920.226196 0.000000 2819.051270 0.000000 0.780048 0.000000 -0.625719 0.359393 0.359393 0.359393
1980.365845 0.000000 2770.462158 0.000000 0.773069 0.000000 -0.634322 0.363719 0.363719 0.363719
1972.968994 0.000000 2772.092285 0.000000 0.588554 0.000000 -0.808458 0.367770 0.367770 0.367770
1947.115967 0.000000 2786.209717 0.000000 0.645904 0.000000 -0.763418 0.361916 0.361916 0.361916
1970.542358 0.000000 2773.532959 0.000000 0.869782 0.000000 -0.493437 0.358319 0.358319 0.358319
1947.115234 0.000000 2797.018066 0.000000 0.791041 0.000000 -0.611763 0.360382 0.360382 0.360382
1967.774780 0.000000 2786.922852 0.000000 0.743202 0.000000 -0.669067 0.361496 0.361496 0.361496
1966.914917 0.000000 2776.820068 0.000000 0.892020 0.000000 -0.451995 0.357889 0.357889 0.357889
1941.939941 0.000000 2793.067871 0.000000 0.606109 0.000000 -0.795381 0.364665 0.364665 0.364665
1993.453857 0.000000 2774.053711 0.000000 0.798293 0.000000 -0.602269 0.358782 0.358782 0.358782
2003.298462 0.000000 2785.681641 0.000000 0.824326 0.000000 -0.566116 0.357099 0.357099 0.357099
2002.973877 0.000000 2769.137207 0.000000 0.894645 0.000000 -0.446777 0.356475 0.356475 0.356475
1997.243652 0.000000 2774.975586 0.000000 0.815907 0.000000 -0.578183 0.358296 0.358296 0.358296
1795.834473 0.000000 2824.221191 0.000000 0.738759 0.000000 -0.673970 0.359693 0.359693 0.359693
1887.430420 0.000000 2834.990723 0.000000 0.811403 0.000000 -0.584486 0.359655 0.359655 0.359655
1894.270874 0.000000 2825.625732 0.000000 0.693896 0.000000 -0.720075 0.362012 0.362012 0.362012
1890.074463 0.000000 2829.738525 0.000000 0.808122 0.000000 -0.589016 0.361117 0.361117 0.361117
1898.133911 0.000000 2828.356201 0.000000 0.824425 0.000000 -0.565971 0.360987 0.360987 0.360987
1914.875244 0.000000 2824.373291 0.000000 0.929728 0.000000 -0.368247 0.355108 0.355108 0.355108
1878.302124 0.000000 2829.272705 0.000000 0.817572 0.000000 -0.575826 0.362064 0.362064 0.362064
1897.897095 0.000000 2824.247070 0.000000 0.915864 0.000000 -0.401488 0.355794 0.355794 0.355794
1889.860474 0.000000 2832.959961 0.000000 0.768177 0.000000 -0.640238 0.362871 0.362871 0.362871
1899.550903 0.000000 2831.018555 0.000000 0.732868 0.000000 -0.680370 0.364711 0.364711 0.364711
1908.340698 0.000000 2824.554932 0.000000 0.667072 0.000000 -0.744993 0.361825 0.361825 0.361825
1892.193237 0.000000 2831.677734 0.000000 0.744684 0.000000 -0.667418 0.363664 0.363664 0.363664
1899.597290 0.000000 2826.243164 0.000000 0.912297 0.000000 -0.409530 0.356563 0.356563 0.356563
1889.762817 0.000000 2835.587402 0.000000 0.862230 0.000000 -0.506517 0.358841 0.358841 0.358841
1911.474731 0.000000 2829.289307 0.000000 0.929603 0.000000 -0.368563 0.356069 0.356069 0.356069
1904.601685 0.000000 2829.061035 0.000000 0.808079 0.000000 -0.589073 0.360843 0.360843 0.360843
1901.664185 0.000000 2831.214355 0.000000 0.599357 0.000000 -0.800482 0.367557 0.367557 0.367557
2087.866699 0.000000 2414.047363 0.000000 0.679651 0.000000 -0.733536 0.359570 0.359570 0.359570
2103.010986 0.000000 2427.296631 0.000000 0.853339 0.000000 -0.521357 0.360136 0.360136 0.360136
2075.115967 0.000000 2390.819092 0.000000 0.910878 0.000000 -0.412677 0.355854 0.355854 0.355854
2106.875244 0.000000 2428.982666 0.000000 0.808989 0.000000 -0.587823 0.358757 0.358757 0.358757
2110.612305 0.000000 2480.468506 0.000000 0.879650 0.000000 -0.475622 0.358684 0.358684 0.358684
2108.718994 0.000000 2470.059570 0.000000 0.649861 0.000000 -0.760053 0.362750 0.362750 0.362750
2107.743408 0.000000 2479.555664 0.000000 0.615088 0.000000 -0.788458 0.363095 0.363095 0.363095
2110.298584 0.000000 2478.298828 0.000000 0.883171 0.000000 -0.469052 0.359151 0.359151 0.359151
2126.189453 0.000000 2465.271973 0.000000 0.714249 0.000000 -0.699891 0.359213 0.359213 0.359213
2115.856934 0.000000 2478.900146 0.000000 0.904523 0.000000 -0.426424 0.355947 0.355947 0.355947
2129.216553 0.000000 2468.709473 0.000000 0.679917 0.000000 -0.733289 0.365104 0.365104 0.365104
2130.867188 0.000000 2471.791992 0.000000 0.773762 0.000000 -0.633476 0.362349 0.362349 0.362349
2105.426514 0.000000 2502.711426 0.000000 0.893093 0.000000 -0.449872 0.358868 0.358868 0.358868
2094.271240 0.000000 2522.601074 0.000000 0.707433 0.000000 -0.706780 0.361831 0.361831 0.361831
2106.875244 0.000000 2485.467041 0.000000 0.930492 0.000000 -0.366313 0.355342 0.355342 0.355342
2105.786621 0.000000 2489.837402 0.000000 0.833338 0.000000 -0.552764 0.357600 0.357600 0.357600
2090.699707 0.000000 2525.691406 0.000000 0.786847 0.000000 -0.617148 0.360316 0.360316 0.360316
2102.928223 0.000000 2502.197510 0.000000 0.720699 0.000000 -0.693248 0.364892 0.364892 0.364892
2099.720459 0.000000 2636.153076 0.000000 0.683782 0.000000 -0.729686 0.361256 0.361256 0.361256
2118.599365 0.000000 2707.866455 0.000000 0.818170 0.000000 -0.574977 0.359608 0.359608 0.359608
2116.256348 0.000000 2710.281250 0.000000 0.697186 0.000000 -0.716891 0.361175 0.361175 0.361175
2085.084961 0.000000 2726.047607 0.000000 0.890351 0.000000 -0.455274 0.355927 0.355927 0.355927
2095.365234 0.000000 2742.053711 0.000000 0.777129 0.000000 -0.629342 0.359517 0.359517 0.359517
2099.521729 0.000000 2739.258789 0.000000 0.950489 0.000000 -0.310759 0.354390 0.354390 0.354390
2104.851562 0.000000 2742.862305 0.000000 0.623118 0.000000 -0.782128 0.361065 0.361065 0.361065
2097.158936 0.000000 2745.878418 0.000000 0.783649 0.000000 -0.621204 0.358961 0.358961 0.358961
2072.763672 0.000000 2741.981201 0.000000 0.715658 0.000000 -0.698451 0.360236 0.360236 0.360236
2091.534668 0.000000 2727.239746 0.000000 0.619782 0.000000 -0.784774 0.362615 0.362615 0.362615
4823.538086 0.000000 996.521179 0.000000 0.822051 0.000000 -0.569414 0.358575 0.358575 0.358575
4864.173340 0.000000 1018.543396 0.000000 0.832033 0.000000 -0.554727 0.357810 0.357810 0.357810
4889.025879 0.000000 1016.966675 0.000000 0.932147 0.000000 -0.362079 0.357834 0.357834 0.357834
6066.281250 0.000000 1342.209839 0.000000 0.816814 0.000000 -0.576902 0.356931 0.356931 0.356931
6073.729980 0.000000 1339.930176 0.000000 0.736997 0.000000 -0.675896 0.360052 0.360052 0.360052
6071.010742 0.000000 1354.093506 0.000000 0.778764 0.000000 -0.627317 0.359362 0.359362 0.359362
6075.742676 0.000000 1336.817627 0.000000 0.828772 0.000000 -0.559587 0.358173 0.358173 0.358173
6074.085938 0.000000 1346.299194 0.000000 0.676251 0.000000 -0.736671 0.362519 0.362519 0.362519
6079.022949 0.000000 1353.306152 0.000000 0.755671 0.000000 -0.654951 0.360389 0.360389 0.360389
6122.581543 0.000000 1317.945435 0.000000 0.932433 0.000000 -0.361344 0.354200 0.354200 0.354200
6131.915527 0.000000 1311.181885 0.000000 0.704398 0.000000 -0.709805 0.359034 0.359034 0.359034
6143.419434 0.000000 1321.012695 0.000000 0.739239 0.000000 -0.673444 0.358522 0.358522 0.358522
6117.084961 0.000000 1313.938232 0.000000 0.884257 0.000000 -0.467000 0.357090 0.357090 0.357090
6136.634766 0.000000 1334.929199 0.000000 0.783902 0.000000 -0.620885 0.359658 0.359658 0.359658
6080.390625 0.000000 1342.690796 0.000000 0.728427 0.000000 -0.685124 0.366158 0.366158 0.366158
6128.763672 0.000000 1338.947021 0.000000 0.857329 0.000000 -0.514769 0.357843 0.357843 0.357843
6136.270996 0.000000 1319.650391 0.000000 0.936000 0.000000 -0.351999 0.355296 0.355296 0.355296
6083.898438 0.000000 1351.897217 0.000000 0.697666 0.000000 -0.716423 0.365772 0.365772 0.365772
6142.888184 0.000000 1335.765625 0.000000 0.639903 0.000000 -0.768456 0.362368 0.362368 0.362368
6087.626953 0.000000 1345.490845 0.000000 0.940247 0.000000 -0.340492 0.356178 0.356178 0.356178
6132.127930 0.000000 1317.023071 0.000000 0.814394 0.000000 -0.580313 0.359548 0.359548 0.359548
6131.339844 0.000000 1334.429932 0.000000 0.885090 0.000000 -0.465420 0.358777 0.358777 0.358777
6134.375000 0.000000 1330.690308 0.000000 0.607200 0.000000 -0.794549 0.364563 0.364563 0.364563
6068.600586 0.000000 1378.838867 0.000000 0.847968 0.000000 -0.530048 0.356785 0.356785 0.356785
6070.803711 0.000000 1357.691162 0.000000 0.909667 0.000000 -0.415338 0.356624 0.356624 0.356624
6049.639160 0.000000 1385.662598 0.000000 0.693111 0.000000 -0.720831 0.360621 0.360621 0.360621
6042.840820 0.000000 1382.329346 0.000000 0.798211 0.000000 -0.602378 0.358050 0.358050 0.358050
6053.084961 0.000000 1370.422607 0.000000 0.748679 0.000000 -0.662933 0.362159 0.362159 0.362159
6073.915527 0.000000 1366.339722 0.000000 0.793265 0.000000 -0.608877 0.358209 0.358209 0.358209
6043.974121 0.000000 1387.354492 0.000000 0.859790 0.000000 -0.510647 0.357493 0.357493 0.357493
6033.626465 0.000000 1360.834473 0.000000 0.689734 0.000000 -0.724063 0.360648 0.360648 0.360648
6053.443359 0.000000 1375.427002 0.000000 0.810128 0.000000 -0.586254 0.357636 0.357636 0.357636
6074.165039 0.000000 1378.175659 0.000000 0.673736 0.000000 -0.738972 0.361698 0.361698 0.361698
6067.521484 0.000000 1383.633911 0.000000 0.734341 0.000000 -0.678780 0.359844 0.359844 0.359844
6057.396484 0.000000 1369.383911 0.000000 0.941557 0.000000 -0.336854 0.355374 0.355374 0.355374
6038.690430 0.000000 1383.641968 0.000000 0.885238 0.000000 -0.465139 0.355939 0.355939 0.355939
6072.851562 0.000000 1387.237427 0.000000 0.846539 0.000000 -0.532327 0.357456 0.357456 0.357456
6054.192871 0.000000 1361.331909 0.000000 0.781728 0.000000 -0.623620 0.358796 0.358796 0.358796
6067.006836 0.000000 1364.070068 0.000000 0.890134 0.000000 -0.455699 0.356367 0.356367 0.356367
6047.085938 0.000000 1363.253906 0.000000 0.899388 0.000000 -0.437151 0.355989 0.355989 0.355989
6052.314453 0.000000 1409.020874 0.000000 0.588266 0.000000 -0.808668 0.364279 0.364279 0.364279
6037.228027 0.000000 1393.530151 0.000000 0.772695 0.000000 -0.634777 0.359585 0.359585 0.359585
6071.542480 0.000000 1378.754761 0.000000 0.915146 0.000000 -0.403122 0.355892 0.355892 0.355892
6039.654785 0.000000 1389.280518 0.000000 0.762396 0.000000 -0.647111 0.360854 0.360854 0.360854
6050.441895 0.000000 1389.588379 0.000000 0.918643 0.000000 -0.395090 0.355874 0.355874 0.355874
6072.956055 0.000000 1381.040771 0.000000 0.904346 0.000000 -0.426800 0.357879 0.357879 0.357879
6054.302734 0.000000 1368.691650 0.000000 0.891758 0.000000 -0.452512 0.357775 0.357775 0.357775
6140.270508 0.000000 1403.958862 0.000000 0.743629 0.000000 -0.668592 0.358926 0.358926 0.358926
6080.315430 0.000000 1382.050537 0.000000 0.912864 0.000000 -0.408264 0.355181 0.355181 0.355181
6106.840820 0.000000 1382.329346 0.000000 0.853285 0.000000 -0.521445 0.356902 0.356902 0.356902
6094.716309 0.000000 1365.358643 0.000000 0.683834 0.000000 -0.729638 0.361791 0.361791 0.361791
6107.974121 0.000000 1387.354492 0.000000 0.926259 0.000000 -0.376888 0.355031 0.355031 0.355031
6116.675781 0.000000 1388.467041 0.000000 0.924509 0.000000 -0.381160 0.355330 0.355330 0.355330
6104.763672 0.000000 1386.356201 0.000000 0.854092 0.000000 -0.520122 0.357098 0.357098 0.357098
6138.107422 0.000000 1410.825439 0.000000 0.919642 0.000000 -0.392759 0.355520 0.355520 0.355520
6107.921387 0.000000 1371.580688 0.000000 0.738398 0.000000 -0.674365 0.360444 0.360444 0.360444
6077.733887 0.000000 1446.319580 0.000000 0.743263 0.000000 -0.669000 0.359894 0.359894 0.359894
6046.802246 0.000000 1412.170532 0.000000 0.744433 0.000000 -0.667697 0.358848 0.358848 0.358848
6068.449707 0.000000 1444.869873 0.000000 0.839208 0.000000 -0.543810 0.357410 0.357410 0.357410
6078.127441 0.000000 1429.549316 0.000000 0.640602 0.000000 -0.767873 0.363082 0.363082 0.363082
6077.935547 0.000000 1442.139404 0.000000 0.949951 0.000000 -0.312400 0.355233 0.355233 0.355233
6069.757812 0.000000 1431.474121 0.000000 0.838979 0.000000 -0.544163 0.357843 0.357843 0.357843
6070.755859 0.000000 1438.204834 0.000000 0.846225 0.000000 -0.532826 0.357905 0.357905 0.357905
6059.550781 0.000000 1418.909180 0.000000 0.879690 0.000000 -0.475548 0.357167 0.357167 0.357167
6052.294922 0.000000 1415.766113 0.000000 0.629535 0.000000 -0.776972 0.362752 0.362752 0.362752
6077.258301 0.000000 1424.123657 0.000000 0.865210 0.000000 -0.501410 0.358054 0.358054 0.358054
6075.279297 0.000000 1437.310913 0.000000 0.894867 0.000000 -0.446332 0.357014 0.357014 0.357014
6055.590820 0.000000 1415.724487 0.000000 0.782547 0.000000 -0.622591 0.359924 0.359924 0.359924
6076.546387 0.000000 1440.049072 0.000000 0.803057 0.000000 -0.595902 0.361128 0.361128 0.361128
6079.940430 0.000000 1431.558838 0.000000 0.619746 0.000000 -0.784802 0.363207 0.363207 0.363207
6112.264648 0.000000 1433.977905 0.000000 0.838595 0.000000 -0.544756 0.356494 0.356494 0.356494
6134.803711 0.000000 1414.175537 0.000000 0.943339 0.000000 -0.331831 0.353975 0.353975 0.353975
6141.524414 0.000000 1417.622803 0.000000 0.843727 0.000000 -0.536773 0.356535 0.356535 0.356535
6112.909180 0.000000 1454.352661 0.000000 0.942410 0.000000 -0.334460 0.354425 0.354425 0.354425
6119.675293 0.000000 1466.883301 0.000000 0.755087 0.000000 -0.655624 0.360808 0.360808 0.360808
6138.875000 0.000000 1412.263916 0.000000 0.877658 0.000000 -0.479288 0.356158 0.356158 0.356158
6102.003418 0.000000 1425.811768 0.000000 0.894080 0.000000 -0.447908 0.356615 0.356615 0.356615
6080.110840 0.000000 1422.473877 0.000000 0.675048 0.000000 -0.737774 0.361818 0.361818 0.361818
6091.269531 0.000000 1421.439453 0.000000 0.917540 0.000000 -0.397644 0.355539 0.355539 0.355539
6131.409180 0.000000 1437.595581 0.000000 0.781134 0.000000 -0.624363 0.361755 0.361755 0.361755
6082.786133 0.000000 1447.010010 0.000000 0.689033 0.000000 -0.724730 0.362750 0.362750 0.362750
6135.370605 0.000000 1445.764771 0.000000 0.882012 0.000000 -0.471226 0.358511 0.358511 0.358511
6095.571289 0.000000 1418.721924 0.000000 0.797087 0.000000 -0.603864 0.362888 0.362888 0.362888
6080.010254 0.000000 1440.795654 0.000000 0.900387 0.000000 -0.435090 0.358142 0.358142 0.358142
6081.729980 0.000000 1444.701660 0.000000 0.855498 0.000000 -0.517805 0.359583 0.359583 0.359583
6132.417969 0.000000 1442.434448 0.000000 0.928582 0.000000 -0.371127 0.356894 0.356894 0.356894
6121.896973 0.000000 1468.622070 0.000000 0.862765 0.000000 -0.505605 0.357040 0.357040 0.357040
5863.553711 0.000000 1711.733521 0.000000 0.914706 0.000000 -0.404120 0.355653 0.355653 0.355653
5848.466797 0.000000 1721.055298 0.000000 0.827085 0.000000 -0.562076 0.361318 0.361318 0.361318
6257.044434 0.000000 557.043335 0.000000 0.776809 0.000000 -0.629736 0.358958 0.358958 0.358958
6249.605957 0.000000 545.840881 0.000000 0.785301 0.000000 -0.619114 0.358196 0.358196 0.358196
6250.064453 0.000000 559.683167 0.000000 0.861773 0.000000 -0.507294 0.357462 0.357462 0.357462
6270.612305 0.000000 559.999634 0.000000 0.867791 0.000000 -0.496929 0.356930 0.356930 0.356930
6250.157715 0.000000 531.195618 0.000000 0.664451 0.000000 -0.747331 0.364750 0.364750 0.364750
6249.764648 0.000000 536.683594 0.000000 0.775933 0.000000 -0.630815 0.364017 0.364017 0.364017
6261.811523 0.000000 549.658447 0.000000 0.613066 0.000000 -0.790032 0.361939 0.361939 0.361939
6252.877441 0.000000 542.146362 0.000000 0.921073 0.000000 -0.389390 0.356134 0.356134 0.356134
6267.742676 0.000000 546.036377 0.000000 0.920318 0.000000 -0.391171 0.355566 0.355566 0.355566
6250.622559 0.000000 562.384460 0.000000 0.715708 0.000000 -0.698400 0.360607 0.360607 0.360607
6250.478516 0.000000 534.096497 0.000000 0.717466 0.000000 -0.696594 0.367171 0.367171 0.367171
6250.452148 0.000000 543.293518 0.000000 0.753790 0.000000 -0.657115 0.360838 0.360838 0.360838
6271.545410 0.000000 540.318481 0.000000 0.872952 0.000000 -0.487805 0.357837 0.357837 0.357837
6258.714844 0.000000 558.832275 0.000000 0.857582 0.000000 -0.514347 0.360079 0.360079 0.360079
6386.281250 0.000000 494.944214 0.000000 0.719697 0.000000 -0.694288 0.364049 0.364049 0.364049
6397.733887 0.000000 486.085236 0.000000 0.929113 0.000000 -0.369795 0.356620 0.356620 0.356620
6380.186523 0.000000 499.583221 0.000000 0.840961 0.000000 -0.541096 0.357818 0.357818 0.357818
6387.720703 0.000000 489.746765 0.000000 0.834983 0.000000 -0.550276 0.358274 0.358274 0.358274
6392.851562 0.000000 483.487427 0.000000 0.895006 0.000000 -0.446054 0.356282 0.356282 0.356282
6398.612305 0.000000 503.515289 0.000000 0.868808 0.000000 -0.495150 0.358012 0.358012 0.358012
6382.444824 0.000000 503.237244 0.000000 0.773394 0.000000 -0.633925 0.360289 0.360289 0.360289
6383.152344 0.000000 497.345703 0.000000 0.823670 0.000000 -0.567069 0.358061 0.358061 0.358061
6392.579102 0.000000 501.037384 0.000000 0.910479 0.000000 -0.413556 0.357209 0.357209 0.357209
6383.961914 0.000000 507.134888 0.000000 0.912613 0.000000 -0.408825 0.356532 0.356532 0.356532
6395.743652 0.000000 502.602509 0.000000 0.728891 0.000000 -0.684629 0.362025 0.362025 0.362025
6393.397461 0.000000 490.025330 0.000000 0.653784 0.000000 -0.756681 0.365636 0.365636 0.365636
6313.423340 0.000000 540.781616 0.000000 0.703161 0.000000 -0.711031 0.362371 0.362371 0.362371
6272.290527 0.000000 542.724548 0.000000 0.770986 0.000000 -0.636852 0.360165 0.360165 0.360165
6317.255371 0.000000 563.234863 0.000000 0.737092 0.000000 -0.675792 0.359596 0.359596 0.359596
6324.449707 0.000000 541.119873 0.000000 0.934459 0.000000 -0.356072 0.357173 0.357173 0.357173
6299.221680 0.000000 554.387939 0.000000 0.783686 0.000000 -0.621157 0.358287 0.358287 0.358287
6288.020996 0.000000 552.587646 0.000000 0.869409 0.000000 -0.494093 0.356119 0.356119 0.356119
6328.634766 0.000000 544.147949 0.000000 0.703927 0.000000 -0.710272 0.359663 0.359663 0.359663
6277.002930 0.000000 544.487366 0.000000 0.900872 0.000000 -0.434086 0.356121 0.356121 0.356121
6276.861816 0.000000 536.313904 0.000000 0.903277 0.000000 -0.429059 0.357188 0.357188 0.357188
6322.569336 0.000000 564.333191 0.000000 0.925732 0.000000 -0.378181 0.355524 0.355524 0.355524
6313.605957 0.000000 545.840881 0.000000 0.695300 0.000000 -0.718720 0.360616 0.360616 0.360616
6314.064453 0.000000 559.683167 0.000000 0.758103 0.000000 -0.652134 0.360894 0.360894 0.360894
6306.997070 0.000000 564.322815 0.000000 0.818600 0.000000 -0.574364 0.358019 0.358019 0.358019
6318.444824 0.000000 559.721619 0.000000 0.728895 0.000000 -0.684625 0.359620 0.359620 0.359620
6326.755859 0.000000 534.454773 0.000000 0.919581 0.000000 -0.392900 0.355963 0.355963 0.355963
6287.660156 0.000000 559.524658 0.000000 0.886165 0.000000 -0.463369 0.359641 0.359641 0.359641
6285.152832 0.000000 553.590454 0.000000 0.635630 0.000000 -0.771994 0.362138 0.362138 0.362138
6325.610352 0.000000 543.852173 0.000000 0.737632 0.000000 -0.675203 0.363407 0.363407 0.363407
6322.278320 0.000000 539.068298 0.000000 0.653382 0.000000 -0.757029 0.367746 0.367746 0.367746
6279.290527 0.000000 543.031738 0.000000 0.747309 0.000000 -0.664477 0.361241 0.361241 0.361241
6279.173340 0.000000 537.566101 0.000000 0.784172 0.000000 -0.620544 0.360061 0.360061 0.360061
6272.010254 0.000000 537.045654 0.000000 0.804283 0.000000 -0.594247 0.359842 0.359842 0.359842
6323.339844 0.000000 543.648743 0.000000 0.900748 0.000000 -0.434341 0.358794 0.358794 0.358794
6328.713379 0.000000 537.782349 0.000000 0.855134 0.000000 -0.518407 0.358834 0.358834 0.358834
6336.354004 0.000000 556.327271 0.000000 0.833211 0.000000 -0.552956 0.359420 0.359420 0.359420
6399.683594 0.000000 521.399780 0.000000 0.838071 0.000000 -0.545562 0.359858 0.359858 0.359858
6378.581543 0.000000 527.164185 0.000000 0.605111 0.000000 -0.796141 0.360984 0.360984 0.360984
6346.048340 0.000000 553.859680 0.000000 0.596832 0.000000 -0.802366 0.363996 0.363996 0.363996
6373.084961 0.000000 523.156982 0.000000 0.946417 0.000000 -0.322946 0.355675 0.355675 0.355675
6345.163574 0.000000 547.660156 0.000000 0.922178 0.000000 -0.386766 0.356593 0.356593 0.356593
6362.661621 0.000000 529.797058 0.000000 0.622143 0.000000 -0.782903 0.362062 0.362062 0.362062
6394.165039 0.000000 530.910095 0.000000 0.768430 0.000000 -0.639934 0.361771 0.361771 0.361771
6340.861816 0.000000 536.313904 0.000000 0.933015 0.000000 -0.359837 0.354583 0.354583 0.354583
6345.597656 0.000000 558.234802 0.000000 0.928634 0.000000 -0.370997 0.356659 0.356659 0.356659
6358.003418 0.000000 522.061768 0.000000 0.918382 0.000000 -0.395694 0.355759 0.355759 0.355759
6391.430664 0.000000 522.236389 0.000000 0.768171 0.000000 -0.640244 0.360321 0.360321 0.360321
6345.889160 0.000000 563.624390 0.000000 0.927615 0.000000 -0.373537 0.357242 0.357242 0.357242
6351.712891 0.000000 526.973511 0.000000 0.874833 0.000000 -0.484425 0.357114 0.357114 0.357114
6395.669434 0.000000 528.064270 0.000000 0.699529 0.000000 -0.714604 0.363773 0.363773 0.363773
6388.969238 0.000000 512.717224 0.000000 0.897556 0.000000 -0.440900 0.356743 0.356743 0.356743
6338.892090 0.000000 546.560669 0.000000 0.907832 0.000000 -0.419333 0.357260 0.357260 0.357260
6378.549316 0.000000 519.470764 0.000000 0.949230 0.000000 -0.314582 0.355033 0.355033 0.355033
6348.244629 0.000000 558.976013 0.000000 0.806869 0.000000 -0.590731 0.358725 0.358725 0.358725
6386.542480 0.000000 514.157898 0.000000 0.948018 0.000000 -0.318217 0.354726 0.354726 0.354726
6341.178223 0.000000 533.729431 0.000000 0.693228 0.000000 -0.720718 0.363116 0.363116 0.363116
6340.256348 0.000000 563.875061 0.000000 0.913439 0.000000 -0.406977 0.356922 0.356922 0.356922
6336.956543 0.000000 549.479248 0.000000 0.640133 0.000000 -0.768264 0.363742 0.363742 0.363742
6395.596680 0.000000 524.885803 0.000000 0.872712 0.000000 -0.488235 0.358268 0.358268 0.358268
6367.885254 0.000000 527.549438 0.000000 0.884687 0.000000 -0.466185 0.357119 0.357119 0.357119
6398.188965 0.000000 523.433960 0.000000 0.637546 0.000000 -0.770412 0.364524 0.364524 0.364524
6337.278809 0.000000 554.234619 0.000000 0.669907 0.000000 -0.742445 0.363635 0.363635 0.363635
6344.383301 0.000000 530.223145 0.000000 0.803073 0.000000 -0.595881 0.360654 0.360654 0.360654
6397.359375 0.000000 529.432922 0.000000 0.887510 0.000000 -0.460789 0.358704 0.358704 0.358704
6343.299805 0.000000 549.097534 0.000000 0.874454 0.000000 -0.485108 0.359382 0.359382 0.359382
6260.600586 0.000000 588.057556 0.000000 0.738321 0.000000 -0.674449 0.358311 0.358311 0.358311
6255.844727 0.000000 571.954224 0.000000 0.943092 0.000000 -0.332532 0.355361 0.355361 0.355361
6253.791016 0.000000 578.181885 0.000000 0.629835 0.000000 -0.776729 0.361503 0.361503 0.361503
6271.291016 0.000000 565.248840 0.000000 0.672527 0.000000 -0.740073 0.361648 0.361648 0.361648
6266.165039 0.000000 587.394470 0.000000 0.848171 0.000000 -0.529722 0.357366 0.357366 0.357366
6258.317383 0.000000 568.034912 0.000000 0.928142 0.000000 -0.372227 0.355882 0.355882 0.355882
6265.786621 0.000000 569.368591 0.000000 0.816096 0.000000 -0.577916 0.360660 0.360660 0.360660
6268.365723 0.000000 567.571411 0.000000 0.794495 0.000000 -0.607270 0.359181 0.359181 0.359181
6260.340820 0.000000 565.179810 0.000000 0.641292 0.000000 -0.767297 0.367883 0.367883 0.367883
6260.969238 0.000000 569.201599 0.000000 0.834121 0.000000 -0.551581 0.359598 0.359598 0.359598
6250.549316 0.000000 575.955139 0.000000 0.934170 0.000000 -0.356828 0.355165 0.355165 0.355165
6291.921875 0.000000 589.169189 0.000000 0.944927 0.000000 -0.327280 0.354021 0.354021 0.354021
6287.347656 0.000000 565.127808 0.000000 0.894999 0.000000 -0.446068 0.355777 0.355777 0.355777
6314.581543 0.000000 583.648560 0.000000 0.873965 0.000000 -0.485988 0.358869 0.358869 0.358869
6297.268555 0.000000 581.252869 0.000000 0.935612 0.000000 -0.353031 0.356305 0.356305 0.356305
6310.465332 0.000000 589.941467 0.000000 0.939704 0.000000 -0.341990 0.355154 0.355154 0.355154
6298.616699 0.000000 571.053162 0.000000 0.823948 0.000000 -0.566665 0.357028 0.357028 0.357028
6286.146973 0.000000 586.697205 0.000000 0.892779 0.000000 -0.450495 0.356411 0.356411 0.356411
6329.915527 0.000000 575.558533 0.000000 0.638695 0.000000 -0.769460 0.364155 0.364155 0.364155
6286.716309 0.000000 574.577393 0.000000 0.755750 0.000000 -0.654860 0.359670 0.359670 0.359670
6281.095215 0.000000 576.831177 0.000000 0.651511 0.000000 -0.758639 0.362718 0.362718 0.362718
6289.893555 0.000000 578.158508 0.000000 0.604420 0.000000 -0.796666 0.365102 0.365102 0.365102
6330.875000 0.000000 564.998230 0.000000 0.905676 0.000000 -0.423971 0.356676 0.356676 0.356676
6282.276367 0.000000 585.451172 0.000000 0.664722 0.000000 -0.747091 0.363343 0.363343 0.363343
6272.173340 0.000000 566.668396 0.000000 0.740981 0.000000 -0.671526 0.360519 0.360519 0.360519
6272.110840 0.000000 575.208252 0.000000 0.931664 0.000000 -0.363321 0.354727 0.354727 0.354727
6318.165527 0.000000 582.385986 0.000000 0.882703 0.000000 -0.469931 0.358784 0.358784 0.358784
6277.963867 0.000000 585.542725 0.000000 0.632419 0.000000 -0.774627 0.362660 0.362660 0.362660
6289.983398 0.000000 586.211975 0.000000 0.814994 0.000000 -0.579469 0.358479 0.358479 0.358479
6307.650879 0.000000 587.786072 0.000000 0.718720 0.000000 -0.695299 0.362999 0.362999 0.362999
6317.457031 0.000000 569.057312 0.000000 0.842476 0.000000 -0.538733 0.358476 0.358476 0.358476
6283.269531 0.000000 574.173828 0.000000 0.812379 0.000000 -0.583129 0.358758 0.358758 0.358758
6331.669434 0.000000 584.548645 0.000000 0.636091 0.000000 -0.771614 0.363631 0.363631 0.363631
6272.205078 0.000000 587.262451 0.000000 0.640157 0.000000 -0.768244 0.361598 0.361598 0.361598
6284.424805 0.000000 583.263489 0.000000 0.776065 0.000000 -0.630652 0.360614 0.360614 0.360614
6294.343750 0.000000 582.235962 0.000000 0.699317 0.000000 -0.714812 0.362769 0.362769 0.362769
6315.534668 0.000000 580.833496 0.000000 0.739936 0.000000 -0.672677 0.362701 0.362701 0.362701
6278.202148 0.000000 576.356567 0.000000 0.676488 0.000000 -0.736454 0.361646 0.361646 0.361646
6278.297363 0.000000 566.191895 0.000000 0.948845 0.000000 -0.315742 0.354561 0.354561 0.354561
6294.909180 0.000000 575.843567 0.000000 0.727622 0.000000 -0.685978 0.361626 0.361626 0.361626
6333.258301 0.000000 576.858093 0.000000 0.888069 0.000000 -0.459709 0.358911 0.358911 0.358911
6318.630859 0.000000 588.620422 0.000000 0.930834 0.000000 -0.365442 0.355623 0.355623 0.355623
6308.534668 0.000000 582.021790 0.000000 0.645376 0.000000 -0.763865 0.363976 0.363976 0.363976
6328.373535 0.000000 564.982178 0.000000 0.656140 0.000000 -0.754639 0.363487 0.363487 0.363487
6318.967285 0.000000 580.220581 0.000000 0.870468 0.000000 -0.492224 0.358949 0.358949 0.358949
6324.127930 0.000000 582.726196 0.000000 0.644074 0.000000 -0.764963 0.365830 0.365830 0.365830
6311.451172 0.000000 579.839294 0.000000 0.630288 0.000000 -0.776361 0.365301 0.365301 0.365301
6301.291992 0.000000 576.134827 0.000000 0.644742 0.000000 -0.764400 0.363799 0.363799 0.363799
6318.915039 0.000000 573.929504 0.000000 0.738023 0.000000 -0.674775 0.361714 0.361714 0.361714
6335.211914 0.000000 575.675537 0.000000 0.611935 0.000000 -0.790908 0.368095 0.368095 0.368095
6378.581543 0.000000 583.648560 0.000000 0.761164 0.000000 -0.648559 0.359835 0.359835 0.359835
6336.315430 0.000000 591.269348 0.000000 0.844704 0.000000 -0.535234 0.359969 0.359969 0.359969
6350.124512 0.000000 593.852539 0.000000 0.859825 0.000000 -0.510589 0.358171 0.358171 0.358171
6368.909180 0.000000 607.087036 0.000000 0.689438 0.000000 -0.724345 0.359627 0.359627 0.359627
6372.049805 0.000000 601.133301 0.000000 0.821436 0.000000 -0.570300 0.357875 0.357875 0.357875
6343.650879 0.000000 582.331116 0.000000 0.675569 0.000000 -0.737297 0.366263 0.366263 0.366263
6362.548828 0.000000 606.156799 0.000000 0.904483 0.000000 -0.426509 0.355390 0.355390 0.355390
6340.861816 0.000000 592.798279 0.000000 0.933072 0.000000 -0.359689 0.355835 0.355835 0.355835
6349.333984 0.000000 569.173096 0.000000 0.861474 0.000000 -0.507802 0.360123 0.360123 0.360123
6345.424316 0.000000 592.717529 0.000000 0.795928 0.000000 -0.605392 0.359261 0.359261 0.359261
6341.348633 0.000000 573.285522 0.000000 0.799573 0.000000 -0.600569 0.361483 0.361483 0.361483
6354.409180 0.000000 593.253296 0.000000 0.929507 0.000000 -0.368803 0.355759 0.355759 0.355759
6392.851562 0.000000 596.456177 0.000000 0.653535 0.000000 -0.756897 0.364479 0.364479 0.364479
6398.018555 0.000000 590.738831 0.000000 0.796874 0.000000 -0.604145 0.359693 0.359693 0.359693
6346.276367 0.000000 585.451172 0.000000 0.935551 0.000000 -0.353193 0.356514 0.356514 0.356514
6391.430664 0.000000 578.720764 0.000000 0.617504 0.000000 -0.786568 0.364870 0.364870 0.364870
6395.875488 0.000000 579.049988 0.000000 0.916289 0.000000 -0.400519 0.355725 0.355725 0.355725
6348.652344 0.000000 590.270569 0.000000 0.898162 0.000000 -0.439665 0.357339 0.357339 0.357339
6397.449707 0.000000 574.329895 0.000000 0.868424 0.000000 -0.495823 0.360789 0.360789 0.360789
6388.612793 0.000000 580.555725 0.000000 0.837472 0.000000 -0.546480 0.359422 0.359422 0.359422
6353.653320 0.000000 573.313171 0.000000 0.812248 0.000000 -0.583312 0.360612 0.360612 0.360612
6390.469238 0.000000 574.997864 0.000000 0.796398 0.000000 -0.604772 0.362514 0.362514 0.362514
6386.335449 0.000000 585.736816 0.000000 0.727598 0.000000 -0.686003 0.360437 0.360437 0.360437
6348.424805 0.000000 583.263489 0.000000 0.821497 0.000000 -0.570212 0.360948 0.360948 0.360948
6379.534668 0.000000 580.833496 0.000000 0.888572 0.000000 -0.458737 0.356663 0.356663 0.356663
6396.880859 0.000000 588.073425 0.000000 0.810948 0.000000 -0.585118 0.359612 0.359612 0.359612
6342.202148 0.000000 576.356567 0.000000 0.913228 0.000000 -0.407448 0.357756 0.357756 0.357756
6398.888184 0.000000 601.468750 0.000000 0.907080 0.000000 -0.420959 0.356910 0.356910 0.356910
6357.175293 0.000000 600.061768 0.000000 0.839458 0.000000 -0.543425 0.358032 0.358032 0.358032
6397.258301 0.000000 576.858093 0.000000 0.754473 0.000000 -0.656331 0.362449 0.362449 0.362449
6362.516602 0.000000 603.622681 0.000000 0.872620 0.000000 -0.488399 0.357201 0.357201 0.357201
6390.928223 0.000000 581.728821 0.000000 0.689520 0.000000 -0.724267 0.362739 0.362739 0.362739
6399.450684 0.000000 572.773071 0.000000 0.751443 0.000000 -0.659798 0.363851 0.363851 0.363851
6343.324707 0.000000 591.453796 0.000000 0.934270 0.000000 -0.356568 0.355288 0.355288 0.355288
6392.956055 0.000000 590.259460 0.000000 0.939662 0.000000 -0.342106 0.356102 0.356102 0.356102
6382.967285 0.000000 580.220581 0.000000 0.875369 0.000000 -0.483456 0.358796 0.358796 0.358796
6341.852539 0.000000 587.689331 0.000000 0.918216 0.000000 -0.396080 0.356352 0.356352 0.356352
6406.599121 0.000000 504.975952 0.000000 0.803794 0.000000 -0.594908 0.358490 0.358490 0.358490
6404.957031 0.000000 498.042084 0.000000 0.677585 0.000000 -0.735445 0.360939 0.360939 0.360939
6409.597656 0.000000 501.750427 0.000000 0.845574 0.000000 -0.533859 0.357061 0.357061 0.357061
6419.921875 0.000000 532.684814 0.000000 0.919427 0.000000 -0.393262 0.355721 0.355721 0.355721
6415.347656 0.000000 508.643433 0.000000 0.824755 0.000000 -0.565490 0.357064 0.357064 0.357064
6414.146973 0.000000 530.212830 0.000000 0.644501 0.000000 -0.764603 0.364603 0.364603 0.364603
6425.550293 0.000000 519.960815 0.000000 0.745125 0.000000 -0.666925 0.359760 0.359760 0.359760
6417.893555 0.000000 521.674133 0.000000 0.661555 0.000000 -0.749897 0.364892 0.364892 0.364892
6405.348633 0.000000 516.801147 0.000000 0.696353 0.000000 -0.717700 0.361366 0.361366 0.361366
6403.605469 0.000000 531.635925 0.000000 0.765014 0.000000 -0.644014 0.363635 0.363635 0.363635
6412.652344 0.000000 533.786194 0.000000 0.881366 0.000000 -0.472433 0.359502 0.359502 0.359502
6418.974121 0.000000 509.762299 0.000000 0.711810 0.000000 -0.702372 0.359764 0.359764 0.359764
6404.061523 0.000000 524.568970 0.000000 0.833351 0.000000 -0.552744 0.360567 0.360567 0.360567
6406.798828 0.000000 522.626343 0.000000 0.818796 0.000000 -0.574084 0.359137 0.359137 0.359137
6400.205078 0.000000 530.778076 0.000000 0.883585 0.000000 -0.468270 0.359475 0.359475 0.359475
6409.939941 0.000000 523.647827 0.000000 0.825562 0.000000 -0.564312 0.358461 0.358461 0.358461
6411.443359 0.000000 538.346436 0.000000 0.805836 0.000000 -0.592139 0.358998 0.358998 0.358998
6419.922852 0.000000 512.158813 0.000000 0.936416 0.000000 -0.350892 0.355482 0.355482 0.355482
6402.873047 0.000000 534.649597 0.000000 0.640882 0.000000 -0.767639 0.367397 0.367397 0.367397
6426.002441 0.000000 522.394714 0.000000 0.882192 0.000000 -0.470889 0.357069 0.357069 0.357069
6415.571289 0.000000 514.971863 0.000000 0.718762 0.000000 -0.695256 0.362394 0.362394 0.362394
6401.439453 0.000000 532.738770 0.000000 0.713844 0.000000 -0.700305 0.365727 0.365727 0.365727
6408.162109 0.000000 528.080200 0.000000 0.869383 0.000000 -0.494138 0.359145 0.359145 0.359145
6402.523438 0.000000 522.774231 0.000000 0.928482 0.000000 -0.371378 0.356999 0.356999 0.356999
6403.716309 0.000000 605.949890 0.000000 0.715959 0.000000 -0.698142 0.360804 0.360804 0.360804
6426.616699 0.000000 571.053162 0.000000 0.803255 0.000000 -0.595635 0.361290 0.361290 0.361290
6419.298340 0.000000 582.790955 0.000000 0.665126 0.000000 -0.746731 0.363371 0.363371 0.363371
6404.957031 0.000000 611.010864 0.000000 0.678854 0.000000 -0.734273 0.361817 0.361817 0.361817
6404.861816 0.000000 592.798279 0.000000 0.754452 0.000000 -0.656356 0.359165 0.359165 0.359165
6417.893555 0.000000 578.158508 0.000000 0.823977 0.000000 -0.566623 0.359791 0.359791 0.359791
6413.333984 0.000000 569.173096 0.000000 0.787418 0.000000 -0.616419 0.363929 0.363929 0.363929
6418.409180 0.000000 593.253296 0.000000 0.853019 0.000000 -0.521880 0.359043 0.359043 0.359043
6411.937012 0.000000 597.613159 0.000000 0.788308 0.000000 -0.615281 0.359845 0.359845 0.359845
6401.602051 0.000000 595.217041 0.000000 0.603865 0.000000 -0.797087 0.362695 0.362695 0.362695
6403.856934 0.000000 614.915710 0.000000 0.681615 0.000000 -0.731711 0.360723 0.360723 0.360723
6418.974121 0.000000 566.246643 0.000000 0.795509 0.000000 -0.605942 0.360409 0.360409 0.360409
6412.396484 0.000000 577.351501 0.000000 0.699417 0.000000 -0.714714 0.360853 0.360853 0.360853
6402.492188 0.000000 568.433350 0.000000 0.781323 0.000000 -0.624127 0.360866 0.360866 0.360866
6410.448242 0.000000 568.448669 0.000000 0.746806 0.000000 -0.665042 0.364654 0.364654 0.364654
6416.764160 0.000000 580.795715 0.000000 0.848675 0.000000 -0.528914 0.358693 0.358693 0.358693
6411.443359 0.000000 594.830811 0.000000 0.761142 0.000000 -0.648585 0.360144 0.360144 0.360144
6415.212891 0.000000 577.297058 0.000000 0.705360 0.000000 -0.708849 0.362357 0.362357 0.362357
6402.759766 0.000000 573.958374 0.000000 0.847541 0.000000 -0.530729 0.361659 0.361659 0.361659
6419.922852 0.000000 568.643188 0.000000 0.819778 0.000000 -0.572682 0.362947 0.362947 0.362947
6419.875488 0.000000 580.292542 0.000000 0.914305 0.000000 -0.405027 0.356723 0.356723 0.356723
6400.974121 0.000000 577.551514 0.000000 0.946533 0.000000 -0.322608 0.354980 0.354980 0.354980
6401.116211 0.000000 601.342957 0.000000 0.766366 0.000000 -0.642404 0.360942 0.360942 0.360942
6157.467773 0.000000 1314.695923 0.000000 0.696914 0.000000 -0.717155 0.359923 0.359923 0.359923
6169.268555 0.000000 1315.549805 0.000000 0.900405 0.000000 -0.435054 0.355191 0.355191 0.355191
6177.639160 0.000000 1329.178223 0.000000 0.778312 0.000000 -0.627878 0.358601 0.358601 0.358601
6176.909180 0.000000 1341.383911 0.000000 0.945062 0.000000 -0.326891 0.354045 0.354045 0.354045
6189.791016 0.000000 1312.478760 0.000000 0.744119 0.000000 -0.668048 0.358758 0.358758 0.358758
6189.060059 0.000000 1341.532471 0.000000 0.937041 0.000000 -0.349221 0.356188 0.356188 0.356188
6174.600098 0.000000 1348.844238 0.000000 0.891737 0.000000 -0.452555 0.357243 0.357243 0.357243
6167.427734 0.000000 1348.135986 0.000000 0.688203 0.000000 -0.725519 0.363938 0.363938 0.363938
6167.759277 0.000000 1343.266479 0.000000 0.919357 0.000000 -0.393425 0.355406 0.355406 0.355406
6178.997070 0.000000 1355.104004 0.000000 0.626923 0.000000 -0.779081 0.361278 0.361278 0.361278
6161.216309 0.000000 1339.021851 0.000000 0.654045 0.000000 -0.756455 0.361919 0.361919 0.361919
6153.808105 0.000000 1334.846191 0.000000 0.653208 0.000000 -0.757179 0.364786 0.364786 0.364786
6172.683105 0.000000 1312.574585 0.000000 0.860040 0.000000 -0.510227 0.356831 0.356831 0.356831
6148.061523 0.000000 1315.350220 0.000000 0.797606 0.000000 -0.603179 0.359024 0.359024 0.359024
6199.033203 0.000000 1337.588501 0.000000 0.868586 0.000000 -0.495538 0.357203 0.357203 0.357203
6166.343750 0.000000 1316.532837 0.000000 0.949233 0.000000 -0.314572 0.354963 0.354963 0.354963
6174.841309 0.000000 1330.772827 0.000000 0.595710 0.000000 -0.803200 0.364139 0.364139 0.364139
6151.290527 0.000000 1333.812988 0.000000 0.722762 0.000000 -0.691097 0.362101 0.362101 0.362101
6164.471191 0.000000 1320.966187 0.000000 0.820204 0.000000 -0.572071 0.361548 0.361548 0.361548
6188.874023 0.000000 1344.129883 0.000000 0.783089 0.000000 -0.621910 0.362111 0.362111 0.362111
6191.221680 0.000000 1332.439209 0.000000 0.915261 0.000000 -0.402862 0.356938 0.356938 0.356938
6145.729980 0.000000 1331.732910 0.000000 0.724549 0.000000 -0.689223 0.362292 0.362292 0.362292
6215.674805 0.000000 1323.086670 0.000000 0.738384 0.000000 -0.674381 0.358278 0.358278 0.358278
6226.736816 0.000000 1349.261719 0.000000 0.718074 0.000000 -0.695967 0.358643 0.358643 0.358643
6243.530762 0.000000 1349.729126 0.000000 0.898540 0.000000 -0.438891 0.357087 0.357087 0.357087
6268.270508 0.000000 1347.474487 0.000000 0.777956 0.000000 -0.628319 0.358638 0.358638 0.358638
6214.599121 0.000000 1352.241577 0.000000 0.925143 0.000000 -0.379620 0.355529 0.355529 0.355529
6269.041992 0.000000 1354.798706 0.000000 0.941126 0.000000 -0.338057 0.356705 0.356705 0.356705
6239.273438 0.000000 1354.017090 0.000000 0.763771 0.000000 -0.645487 0.361680 0.361680 0.361680
6247.675293 0.000000 1353.914551 0.000000 0.936967 0.000000 -0.349417 0.354585 0.354585 0.354585
6221.883301 0.000000 1347.636841 0.000000 0.605135 0.000000 -0.796123 0.362110 0.362110 0.362110
6250.064453 0.000000 1350.464478 0.000000 0.642806 0.000000 -0.766029 0.363039 0.363039 0.363039
6249.927734 0.000000 1343.873901 0.000000 0.879792 0.000000 -0.475359 0.356471 0.356471 0.356471
6212.219238 0.000000 1331.774780 0.000000 0.905045 0.000000 -0.425316 0.356065 0.356065 0.356065
6241.210938 0.000000 1348.583496 0.000000 0.927582 0.000000 -0.373620 0.356290 0.356290 0.356290
6252.435059 0.000000 1335.115723 0.000000 0.811785 0.000000 -0.583956 0.359999 0.359999 0.359999
6292.950195 0.000000 1251.825439 0.000000 0.615208 0.000000 -0.788365 0.360197 0.360197 0.360197
6329.426758 0.000000 1260.055176 0.000000 0.943914 0.000000 -0.330190 0.355190 0.355190 0.355190
6330.133789 0.000000 1270.120728 0.000000 0.916805 0.000000 -0.399335 0.356730 0.356730 0.356730
6291.298340 0.000000 1260.603394 0.000000 0.707687 0.000000 -0.706526 0.360660 0.360660 0.360660
6321.916504 0.000000 1260.446289 0.000000 0.918260 0.000000 -0.395979 0.356030 0.356030 0.356030
6319.365234 0.000000 1273.459839 0.000000 0.730786 0.000000 -0.682606 0.361554 0.361554 0.361554
6330.165039 0.000000 1265.206909 0.000000 0.853242 0.000000 -0.521516 0.360642 0.360642 0.360642
6318.917969 0.000000 1263.970947 0.000000 0.735920 0.000000 -0.677069 0.361178 0.361178 0.361178
6294.003418 0.000000 1256.358643 0.000000 0.710660 0.000000 -0.703535 0.366740 0.366740 0.366740
6334.018555 0.000000 1268.551392 0.000000 0.834721 0.000000 -0.550674 0.359860 0.359860 0.359860
6321.158691 0.000000 1277.284668 0.000000 0.636730 0.000000 -0.771087 0.362772 0.362772 0.362772
6326.496094 0.000000 1271.965088 0.000000 0.927678 0.000000 -0.373381 0.356971 0.356971 0.356971
6316.084473 0.000000 1273.400024 0.000000 0.950888 0.000000 -0.309536 0.354180 0.354180 0.354180
6322.335449 0.000000 1263.549316 0.000000 0.783049 0.000000 -0.621960 0.361291 0.361291 0.361291
6332.880859 0.000000 1265.885986 0.000000 0.684591 0.000000 -0.728928 0.367200 0.367200 0.367200
6327.542480 0.000000 1265.786011 0.000000 0.593347 0.000000 -0.804947 0.368230 0.368230 0.368230
6298.002441 0.000000 1256.691650 0.000000 0.784602 0.000000 -0.619999 0.359671 0.359671 0.359671
6336.290527 0.000000 1277.021362 0.000000 0.873950 0.000000 -0.486015 0.355965 0.355965 0.355965
6363.221680 0.000000 1288.684814 0.000000 0.697895 0.000000 -0.716200 0.359801 0.359801 0.359801
6388.885254 0.000000 1294.407349 0.000000 0.904507 0.000000 -0.426460 0.355659 0.355659 0.355659
6380.186523 0.000000 1290.364502 0.000000 0.667715 0.000000 -0.744417 0.360895 0.360895 0.360895
6366.600098 0.000000 1292.359863 0.000000 0.857447 0.000000 -0.514573 0.357202 0.357202 0.357202
6374.720703 0.000000 1289.390869 0.000000 0.619043 0.000000 -0.785357 0.361602 0.361602 0.361602
6386.569336 0.000000 1298.630005 0.000000 0.885785 0.000000 -0.464095 0.356283 0.356283 0.356283
6286.189453 0.000000 1335.584351 0.000000 0.776818 0.000000 -0.629725 0.361131 0.361131 0.361131
6297.924805 0.000000 1352.381104 0.000000 0.652658 0.000000 -0.757653 0.362245 0.362245 0.362245
6285.883301 0.000000 1347.636841 0.000000 0.925927 0.000000 -0.377703 0.355770 0.355770 0.355770
6290.853027 0.000000 1335.748047 0.000000 0.699058 0.000000 -0.715065 0.362601 0.362601 0.362601
6286.569336 0.000000 1332.909424 0.000000 0.949393 0.000000 -0.314091 0.354453 0.354453 0.354453
6390.803711 0.000000 1301.206787 0.000000 0.752091 0.000000 -0.659059 0.358834 0.358834 0.358834
6400.354004 0.000000 1347.108521 0.000000 0.694958 0.000000 -0.719051 0.359080 0.359080 0.359080
6189.255371 0.000000 1410.500488 0.000000 0.891932 0.000000 -0.452170 0.356642 0.356642 0.356642
6183.866699 0.000000 1397.328613 0.000000 0.617571 0.000000 -0.786515 0.361824 0.361824 0.361824
6165.035156 0.000000 1396.342163 0.000000 0.938146 0.000000 -0.346240 0.354464 0.354464 0.354464
6190.271484 0.000000 1392.913452 0.000000 0.594494 0.000000 -0.804100 0.363999 0.363999 0.363999
6195.720703 0.000000 1393.496826 0.000000 0.917830 0.000000 -0.396973 0.354869 0.354869 0.354869
6198.117188 0.000000 1362.646362 0.000000 0.856044 0.000000 -0.516903 0.356906 0.356906 0.356906
6201.614258 0.000000 1408.006104 0.000000 0.815156 0.000000 -0.579241 0.358043 0.358043 0.358043
6185.605957 0.000000 1393.106445 0.000000 0.931766 0.000000 -0.363060 0.354854 0.354854 0.354854
6207.450684 0.000000 1363.554321 0.000000 0.894319 0.000000 -0.447430 0.357499 0.357499 0.357499
6207.545410 0.000000 1387.584106 0.000000 0.839298 0.000000 -0.543672 0.358438 0.358438 0.358438
6203.743652 0.000000 1406.352539 0.000000 0.889289 0.000000 -0.457345 0.357077 0.357077 0.357077
6172.442383 0.000000 1355.642456 0.000000 0.734714 0.000000 -0.678377 0.363387 0.363387 0.363387
6207.211914 0.000000 1366.456787 0.000000 0.661485 0.000000 -0.749958 0.363967 0.363967 0.363967
6208.290527 0.000000 1389.990112 0.000000 0.765071 0.000000 -0.643946 0.360576 0.360576 0.360576
6265.426758 0.000000 1373.023926 0.000000 0.782684 0.000000 -0.622419 0.360625 0.360625 0.360625
6222.146973 0.000000 1377.478516 0.000000 0.923616 0.000000 -0.383320 0.354864 0.354864 0.354864
6265.614258 0.000000 1408.006104 0.000000 0.818541 0.000000 -0.574448 0.357459 0.357459 0.357459
6209.602051 0.000000 1385.998291 0.000000 0.892680 0.000000 -0.450692 0.356945 0.356945 0.356945
6208.110840 0.000000 1365.989502 0.000000 0.806802 0.000000 -0.590822 0.359306 0.359306 0.359306
6263.010742 0.000000 1410.577881 0.000000 0.918113 0.000000 -0.396319 0.355537 0.355537 0.355537
6263.542480 0.000000 1378.754761 0.000000 0.768128 0.000000 -0.640297 0.361567 0.361567 0.361567
6185.206543 0.000000 1420.653076 0.000000 0.858216 0.000000 -0.513289 0.356405 0.356405 0.356405
6153.453613 0.000000 1418.428711 0.000000 0.820974 0.000000 -0.570966 0.356982 0.356982 0.356982
6170.661621 0.000000 1433.546997 0.000000 0.780890 0.000000 -0.624668 0.358490 0.358490 0.358490
6171.974121 0.000000 1443.838867 0.000000 0.869516 0.000000 -0.493906 0.356184 0.356184 0.356184
6175.822266 0.000000 1438.170532 0.000000 0.877035 0.000000 -0.480427 0.357729 0.357729 0.357729
6155.443359 0.000000 1442.096436 0.000000 0.651139 0.000000 -0.758959 0.363967 0.363967 0.363967
6177.496582 0.000000 1436.340088 0.000000 0.642046 0.000000 -0.766666 0.366222 0.366222 0.366222
6187.597168 0.000000 1414.133911 0.000000 0.679634 0.000000 -0.733551 0.362053 0.362053 0.362053
6260.600586 0.000000 1435.323242 0.000000 0.948053 0.000000 -0.318111 0.353635 0.353635 0.353635
6222.146973 0.000000 1433.962891 0.000000 0.930443 0.000000 -0.366437 0.355147 0.355147 0.355147
6271.291016 0.000000 1412.514404 0.000000 0.855465 0.000000 -0.517861 0.356778 0.356778 0.356778
6258.317383 0.000000 1415.300537 0.000000 0.763329 0.000000 -0.646010 0.360095 0.360095 0.360095
6217.424316 0.000000 1439.983154 0.000000 0.912935 0.000000 -0.408106 0.355363 0.355363 0.355363
6219.937012 0.000000 1444.878784 0.000000 0.597817 0.000000 -0.801632 0.363937 0.363937 0.363937
6214.656738 0.000000 1460.927124 0.000000 0.874624 0.000000 -0.484801 0.356744 0.356744 0.356744
6260.969238 0.000000 1416.467285 0.000000 0.770674 0.000000 -0.637230 0.361319 0.361319 0.361319
6313.423340 0.000000 1388.047241 0.000000 0.670600 0.000000 -0.741819 0.359713 0.359713 0.359713
6291.921875 0.000000 1379.950439 0.000000 0.709231 0.000000 -0.704976 0.359605 0.359605 0.359605
6335.419434 0.000000 1377.497070 0.000000 0.867735 0.000000 -0.497027 0.356681 0.356681 0.356681
6275.716309 0.000000 1396.731201 0.000000 0.858290 0.000000 -0.513165 0.356333 0.356333 0.356333
6291.298340 0.000000 1373.572144 0.000000 0.866020 0.000000 -0.500009 0.359173 0.359173 0.359173
6289.114746 0.000000 1410.184814 0.000000 0.838777 0.000000 -0.544476 0.359106 0.359106 0.359106
6272.390625 0.000000 1399.175171 0.000000 0.642417 0.000000 -0.766355 0.361444 0.361444 0.361444
6275.605469 0.000000 1378.901611 0.000000 0.720860 0.000000 -0.693081 0.360538 0.360538 0.360538
6326.755859 0.000000 1381.720459 0.000000 0.948472 0.000000 -0.316860 0.354888 0.354888 0.354888
6289.983398 0.000000 1376.993286 0.000000 0.912037 0.000000 -0.410108 0.355539 0.355539 0.355539
6272.226074 0.000000 1406.942017 0.000000 0.867076 0.000000 -0.498175 0.357519 0.357519 0.357519
6281.939941 0.000000 1370.913452 0.000000 0.634810 0.000000 -0.772669 0.364699 0.364699 0.364699
6282.448242 0.000000 1359.229980 0.000000 0.590343 0.000000 -0.807153 0.363132 0.363132 0.363132
6278.202148 0.000000 1367.137817 0.000000 0.892775 0.000000 -0.450503 0.356656 0.356656 0.356656
6273.278809 0.000000 1401.500244 0.000000 0.679237 0.000000 -0.733919 0.363285 0.363285 0.363285
6366.802246 0.000000 1355.686157 0.000000 0.786363 0.000000 -0.617764 0.357768 0.357768 0.357768
6381.901367 0.000000 1356.579468 0.000000 0.857325 0.000000 -0.514776 0.356450 0.356450 0.356450
6338.164551 0.000000 1374.996582 0.000000 0.812171 0.000000 -0.583420 0.358192 0.358192 0.358192
6362.616699 0.000000 1361.834473 0.000000 0.858884 0.000000 -0.512170 0.357001 0.357001 0.357001
6362.844238 0.000000 1357.342529 0.000000 0.934739 0.000000 -0.355336 0.354761 0.354761 0.354761
6353.653320 0.000000 1364.094360 0.000000 0.939588 0.000000 -0.342308 0.354625 0.354625 0.354625
6275.834473 0.000000 1412.111938 0.000000 0.938738 0.000000 -0.344632 0.353935 0.353935 0.353935
6304.264648 0.000000 1433.977905 0.000000 0.948924 0.000000 -0.315506 0.354866 0.354866 0.354866
6289.626465 0.000000 1417.318848 0.000000 0.619177 0.000000 -0.785251 0.365704 0.365704 0.365704
6292.194824 0.000000 1458.022217 0.000000 0.718961 0.000000 -0.695050 0.359804 0.359804 0.359804
6290.974121 0.000000 1413.512329 0.000000 0.944358 0.000000 -0.328919 0.355096 0.355096 0.355096
6298.132812 0.000000 1446.561157 0.000000 0.711879 0.000000 -0.702302 0.361702 0.361702 0.361702
6302.841309 0.000000 1443.741577 0.000000 0.938659 0.000000 -0.344847 0.355045 0.355045 0.355045
6287.844238 0.000000 1415.236572 0.000000 0.891690 0.000000 -0.452647 0.357798 0.357798 0.357798
6298.516602 0.000000 1450.888306 0.000000 0.912009 0.000000 -0.410170 0.356463 0.356463 0.356463
6208.290527 0.000000 1502.958862 0.000000 0.819920 0.000000 -0.572478 0.357297 0.357297 0.357297
4893.536621 0.000000 2073.450684 0.000000 0.701186 0.000000 -0.712979 0.361929 0.361929 0.361929
4538.165039 0.000000 2620.832031 0.000000 0.935936 0.000000 -0.352170 0.357547 0.357547 0.357547
4535.033203 0.000000 2636.729248 0.000000 0.764007 0.000000 -0.645208 0.359498 0.359498 0.359498
4528.015137 0.000000 2626.062744 0.000000 0.794100 0.000000 -0.607787 0.358705 0.358705 0.358705
4536.956055 0.000000 2623.697021 0.000000 0.712945 0.000000 -0.701220 0.367247 0.367247 0.367247
4583.866699 0.000000 2639.984863 0.000000 0.860168 0.000000 -0.510011 0.357132 0.357132 0.357132
4544.315430 0.000000 2624.706787 0.000000 0.607737 0.000000 -0.794138 0.364833 0.364833 0.364833
4595.720703 0.000000 2636.153076 0.000000 0.764820 0.000000 -0.644244 0.365200 0.365200 0.365200
4600.634766 0.000000 2634.069824 0.000000 0.595385 0.000000 -0.803440 0.365368 0.365368 0.365368
4548.861816 0.000000 2626.235840 0.000000 0.815111 0.000000 -0.579305 0.357963 0.357963 0.357963
4562.853027 0.000000 2634.888672 0.000000 0.862875 0.000000 -0.505417 0.358149 0.358149 0.358149
4545.602051 0.000000 2628.654541 0.000000 0.782853 0.000000 -0.622207 0.359565 0.359565 0.359565
4549.963867 0.000000 2618.980225 0.000000 0.884953 0.000000 -0.465681 0.358698 0.358698 0.358698
4593.098145 0.000000 2612.657227 0.000000 0.746024 0.000000 -0.665919 0.359519 0.359519 0.359519
4574.089844 0.000000 2627.216553 0.000000 0.721648 0.000000 -0.692260 0.360757 0.360757 0.360757
4544.205078 0.000000 2620.699951 0.000000 0.818733 0.000000 -0.574174 0.361597 0.361597 0.361597
4584.221680 0.000000 2618.724609 0.000000 0.677523 0.000000 -0.735501 0.361843 0.361843 0.361843
4560.764160 0.000000 2614.233154 0.000000 0.701585 0.000000 -0.712586 0.363203 0.363203 0.363203
4566.909180 0.000000 2609.281006 0.000000 0.933836 0.000000 -0.357702 0.357527 0.357527 0.357527
4582.386719 0.000000 2620.629395 0.000000 0.932126 0.000000 -0.362133 0.357593 0.357593 0.357593
4603.279297 0.000000 2623.482666 0.000000 0.950300 0.000000 -0.311336 0.355975 0.355975 0.355975
4604.546387 0.000000 2626.220947 0.000000 0.668623 0.000000 -0.743602 0.364982 0.364982 0.364982
4564.471191 0.000000 2620.106934 0.000000 0.679662 0.000000 -0.733525 0.363348 0.363348 0.363348
4593.258789 0.000000 2635.738281 0.000000 0.928189 0.000000 -0.372109 0.358279 0.358279 0.358279
4560.405273 0.000000 2635.836426 0.000000 0.724045 0.000000 -0.689753 0.364266 0.364266 0.364266
4545.439453 0.000000 2622.660645 0.000000 0.736960 0.000000 -0.675936 0.362096 0.362096 0.362096
4563.258789 0.000000 2637.174805 0.000000 0.677231 0.000000 -0.735770 0.363185 0.363185 0.363185
4549.852539 0.000000 2621.126709 0.000000 0.862613 0.000000 -0.505865 0.361818 0.361818 0.361818
4641.638184 0.000000 2645.049805 0.000000 0.903445 0.000000 -0.428705 0.359872 0.359872 0.359872
4619.567871 0.000000 2638.434570 0.000000 0.773081 0.000000 -0.634307 0.364109 0.364109 0.364109
4839.443848 0.000000 2666.054932 0.000000 0.949725 0.000000 -0.313084 0.355301 0.355301 0.355301
4883.298340 0.000000 2672.712891 0.000000 0.735839 0.000000 -0.677156 0.360823 0.360823 0.360823
4894.773926 0.000000 2671.237305 0.000000 0.890701 0.000000 -0.454590 0.356495 0.356495 0.356495
4901.443359 0.000000 2674.567627 0.000000 0.691467 0.000000 -0.722408 0.362380 0.362380 0.362380
4900.590332 0.000000 2664.772217 0.000000 0.608621 0.000000 -0.793461 0.367458 0.367458 0.367458
4881.893555 0.000000 2668.080322 0.000000 0.848706 0.000000 -0.528865 0.359008 0.359008 0.359008
4877.333984 0.000000 2659.094971 0.000000 0.885944 0.000000 -0.463792 0.356490 0.356490 0.356490
4902.192871 0.000000 2660.472412 0.000000 0.662701 0.000000 -0.748884 0.366714 0.366714 0.366714
4892.263672 0.000000 2664.061768 0.000000 0.912841 0.000000 -0.408316 0.356395 0.356395 0.356395
4886.343750 0.000000 2672.157959 0.000000 0.927458 0.000000 -0.373928 0.357367 0.357367 0.357367
4874.448242 0.000000 2658.370605 0.000000 0.664525 0.000000 -0.747266 0.362278 0.362278 0.362278
4902.658203 0.000000 2662.986572 0.000000 0.778773 0.000000 -0.627306 0.365109 0.365109 0.365109
4910.967285 0.000000 2670.142578 0.000000 0.695010 0.000000 -0.719000 0.362760 0.362760 0.362760
4905.380859 0.000000 2670.713135 0.000000 0.817638 0.000000 -0.575733 0.361954 0.361954 0.361954
4960.264648 0.000000 2676.634033 0.000000 0.754079 0.000000 -0.656783 0.365966 0.365966 0.365966
4937.095215 0.000000 2666.752930 0.000000 0.865787 0.000000 -0.500413 0.356228 0.356228 0.356228
4943.712891 0.000000 2673.379883 0.000000 0.626407 0.000000 -0.779496 0.364801 0.364801 0.364801
5001.114258 0.000000 2684.879395 0.000000 0.702590 0.000000 -0.711595 0.364425 0.364425 0.364425
5083.974121 0.000000 2686.495117 0.000000 0.848256 0.000000 -0.529586 0.360924 0.360924 0.360924
5067.937012 0.000000 2687.534912 0.000000 0.775377 0.000000 -0.631499 0.358481 0.358481 0.358481
5085.260254 0.000000 2689.034912 0.000000 0.943459 0.000000 -0.331489 0.357469 0.357469 0.357469
5081.637695 0.000000 2691.463135 0.000000 0.874376 0.000000 -0.485249 0.360625 0.360625 0.360625
5913.268555 0.000000 1880.393555 0.000000 0.648550 0.000000 -0.761172 0.362473 0.362473 0.362473
5935.365234 0.000000 1894.787964 0.000000 0.850930 0.000000 -0.525279 0.357974 0.357974 0.357974
5914.661621 0.000000 1885.421997 0.000000 0.872619 0.000000 -0.488402 0.356487 0.356487 0.356487
5944.634766 0.000000 1899.772949 0.000000 0.660055 0.000000 -0.751217 0.361102 0.361102 0.361102
5936.763672 0.000000 1903.790771 0.000000 0.695218 0.000000 -0.718799 0.361494 0.361494 0.361494
5942.496094 0.000000 1893.293213 0.000000 0.908312 0.000000 -0.418294 0.355656 0.355656 0.355656
5915.116211 0.000000 1882.459595 0.000000 0.844722 0.000000 -0.535206 0.358142 0.358142 0.358142
5924.534668 0.000000 1881.162476 0.000000 0.902383 0.000000 -0.430934 0.356754 0.356754 0.356754
5229.233887 0.000000 2398.240967 0.000000 0.727368 0.000000 -0.686248 0.364737 0.364737 0.364737
6140.270508 0.000000 2420.677490 0.000000 0.731133 0.000000 -0.682235 0.361383 0.361383 0.361383
6121.896973 0.000000 2428.856445 0.000000 0.906098 0.000000 -0.423068 0.355993 0.355993 0.355993
4419.716309 0.000000 3034.778076 0.000000 0.588288 0.000000 -0.808651 0.369258 0.369258 0.369258
4435.281738 0.000000 3049.326416 0.000000 0.618379 0.000000 -0.785880 0.370145 0.370145 0.370145
4411.669434 0.000000 3069.861084 0.000000 0.858004 0.000000 -0.513643 0.359427 0.359427 0.359427
4423.650879 0.000000 3067.643555 0.000000 0.886280 0.000000 -0.463150 0.356543 0.356543 0.356543
4418.523438 0.000000 3064.571045 0.000000 0.776670 0.000000 -0.629908 0.365184 0.365184 0.365184
5561.683105 0.000000 2769.890137 0.000000 0.631297 0.000000 -0.775541 0.364348 0.364348 0.364348
5664.264648 0.000000 2789.602783 0.000000 0.629241 0.000000 -0.777210 0.361162 0.361162 0.361162
5651.921875 0.000000 2792.059814 0.000000 0.806837 0.000000 -0.590774 0.357345 0.357345 0.357345
5651.298340 0.000000 2785.681641 0.000000 0.669745 0.000000 -0.742591 0.363456 0.363456 0.363456
5649.983398 0.000000 2789.102539 0.000000 0.893066 0.000000 -0.449927 0.356321 0.356321 0.356321
5659.116211 0.000000 2786.209717 0.000000 0.921393 0.000000 -0.388633 0.355912 0.355912 0.355912
5708.652344 0.000000 2793.161133 0.000000 0.618987 0.000000 -0.785401 0.367089 0.367089 0.367089
6118.352539 0.000000 2816.922852 0.000000 0.883238 0.000000 -0.468924 0.358764 0.358764 0.358764
6639.365234 0.000000 2233.694336 0.000000 0.649295 0.000000 -0.760536 0.361855 0.361855 0.361855
6643.720703 0.000000 2240.762451 0.000000 0.949582 0.000000 -0.313519 0.354375 0.354375 0.354375
6648.634766 0.000000 2238.679199 0.000000 0.712777 0.000000 -0.701391 0.360664 0.360664 0.360664
6648.851562 0.000000 2234.502930 0.000000 0.916607 0.000000 -0.399789 0.355642 0.355642 0.355642
6653.935547 0.000000 2232.920654 0.000000 0.928910 0.000000 -0.370306 0.354856 0.354856 0.354856
6654.612305 0.000000 2254.531006 0.000000 0.935712 0.000000 -0.352766 0.356096 0.356096 0.356096
6641.158691 0.000000 2237.519043 0.000000 0.611488 0.000000 -0.791254 0.362523 0.362523 0.362523
6636.084473 0.000000 2233.634521 0.000000 0.942220 0.000000 -0.334995 0.354686 0.354686 0.354686
6645.610352 0.000000 2238.383545 0.000000 0.662084 0.000000 -0.749429 0.361622 0.361622 0.361622
6655.022949 0.000000 2257.056152 0.000000 0.827341 0.000000 -0.561700 0.360658 0.360658 0.360658
6838.117188 0.000000 2040.458862 0.000000 0.719485 0.000000 -0.694508 0.366301 0.366301 0.366301
6843.206543 0.000000 2063.418213 0.000000 0.858665 0.000000 -0.512537 0.359734 0.359734 0.359734
6836.127930 0.000000 2051.320068 0.000000 0.917297 0.000000 -0.398204 0.356495 0.356495 0.356495
6841.361328 0.000000 2046.226807 0.000000 0.886865 0.000000 -0.462029 0.358330 0.358330 0.358330
6855.674805 0.000000 2057.383545 0.000000 0.937020 0.000000 -0.349276 0.354037 0.354037 0.354037
6866.736816 0.000000 2083.558594 0.000000 0.925618 0.000000 -0.378459 0.354612 0.354612 0.354612
6848.315430 0.000000 2059.863037 0.000000 0.930854 0.000000 -0.365391 0.355279 0.355279 0.355279
6868.194824 0.000000 2079.350342 0.000000 0.832350 0.000000 -0.554250 0.357956 0.357956 0.357956
6857.424316 0.000000 2061.311279 0.000000 0.945174 0.000000 -0.326566 0.354709 0.354709 0.354709
6852.219238 0.000000 2066.071533 0.000000 0.874913 0.000000 -0.484281 0.359034 0.359034 0.359034
6695.866699 0.000000 2244.594238 0.000000 0.782078 0.000000 -0.623181 0.359230 0.359230 0.359230
6683.974121 0.000000 2234.620117 0.000000 0.611966 0.000000 -0.790884 0.362515 0.362515 0.362515
6692.219727 0.000000 2243.048096 0.000000 0.737714 0.000000 -0.675114 0.360167 0.360167 0.360167
6692.675781 0.000000 2235.732666 0.000000 0.752218 0.000000 -0.658914 0.359272 0.359272 0.359272
6656.226074 0.000000 2254.207520 0.000000 0.865420 0.000000 -0.501048 0.359974 0.359974 0.359974
6682.132812 0.000000 2237.342529 0.000000 0.779452 0.000000 -0.626462 0.359288 0.359288 0.359288
6694.737793 0.000000 2241.368408 0.000000 0.605968 0.000000 -0.795489 0.362618 0.362618 0.362618
6665.349609 0.000000 2255.445801 0.000000 0.817819 0.000000 -0.575475 0.361627 0.361627 0.361627
6677.228027 0.000000 2240.795654 0.000000 0.656289 0.000000 -0.754510 0.361728 0.361728 0.361728
6660.256348 0.000000 2258.406250 0.000000 0.624219 0.000000 -0.781249 0.369235 0.369235 0.369235
6672.405273 0.000000 2240.445801 0.000000 0.886172 0.000000 -0.463357 0.357620 0.357620 0.357620
6656.164062 0.000000 2259.229736 0.000000 0.912016 0.000000 -0.410155 0.358087 0.358087 0.358087
6772.449707 0.000000 2235.651123 0.000000 0.930168 0.000000 -0.367135 0.355157 0.355157 0.355157
6765.233887 0.000000 2228.787842 0.000000 0.903277 0.000000 -0.429059 0.355270 0.355270 0.355270
6777.426758 0.000000 2220.289551 0.000000 0.827351 0.000000 -0.561685 0.359719 0.359719 0.359719
6734.124512 0.000000 2231.899414 0.000000 0.768753 0.000000 -0.639546 0.359519 0.359519 0.359519
6759.675293 0.000000 2257.664551 0.000000 0.720838 0.000000 -0.693103 0.362479 0.362479 0.362479
6765.060059 0.000000 2245.282471 0.000000 0.806691 0.000000 -0.590974 0.360304 0.360304 0.360304
6743.427734 0.000000 2251.885986 0.000000 0.807599 0.000000 -0.589732 0.360278 0.360278 0.360278
6733.883301 0.000000 2251.386719 0.000000 0.622687 0.000000 -0.782471 0.360836 0.360836 0.360836
6736.913574 0.000000 2235.460693 0.000000 0.914979 0.000000 -0.403502 0.355226 0.355226 0.355226
6762.064453 0.000000 2254.214355 0.000000 0.917964 0.000000 -0.396663 0.356647 0.356647 0.356647
6733.646484 0.000000 2243.636963 0.000000 0.734257 0.000000 -0.678871 0.360237 0.360237 0.360237
6742.596680 0.000000 2223.421875 0.000000 0.714781 0.000000 -0.699348 0.360625 0.360625 0.360625
6769.158691 0.000000 2237.519043 0.000000 0.610829 0.000000 -0.791763 0.363692 0.363692 0.363692
6766.444824 0.000000 2254.252930 0.000000 0.801663 0.000000 -0.597776 0.359294 0.359294 0.359294
6737.216309 0.000000 2242.771973 0.000000 0.872884 0.000000 -0.487928 0.357260 0.357260 0.357260
6768.763672 0.000000 2242.697021 0.000000 0.935705 0.000000 -0.352784 0.354663 0.354663 0.354663
6737.983398 0.000000 2224.258789 0.000000 0.879992 0.000000 -0.474989 0.356790 0.356790 0.356790
6772.612793 0.000000 2218.602539 0.000000 0.702327 0.000000 -0.711854 0.362909 0.362909 0.362909
6774.496094 0.000000 2232.199463 0.000000 0.687195 0.000000 -0.726473 0.361156 0.361156 0.361156
6758.643555 0.000000 2254.592773 0.000000 0.734315 0.000000 -0.678809 0.362159 0.362159 0.362159
6738.867188 0.000000 2245.854492 0.000000 0.604250 0.000000 -0.796795 0.365025 0.365025 0.365025
6762.622559 0.000000 2256.915771 0.000000 0.865420 0.000000 -0.501046 0.358552 0.358552 0.358552
6774.928223 0.000000 2219.775635 0.000000 0.617696 0.000000 -0.786417 0.364748 0.364748 0.364748
6743.931152 0.000000 2254.607910 0.000000 0.817926 0.000000 -0.575323 0.361195 0.361195 0.361195
6767.221680 0.000000 2236.189209 0.000000 0.816049 0.000000 -0.577983 0.360043 0.360043 0.360043
6738.130371 0.000000 2247.983887 0.000000 0.737384 0.000000 -0.675474 0.362085 0.362085 0.362085
6760.632324 0.000000 2242.525879 0.000000 0.862417 0.000000 -0.506199 0.358650 0.358650 0.358650
6793.163574 0.000000 2242.191406 0.000000 0.925955 0.000000 -0.377633 0.356311 0.356311 0.356311
6795.937012 0.000000 2235.659912 0.000000 0.945286 0.000000 -0.326243 0.354225 0.354225 0.354225
6791.290527 0.000000 2245.735840 0.000000 0.812100 0.000000 -0.583519 0.358956 0.358956 0.358956
6786.892090 0.000000 2241.091797 0.000000 0.670139 0.000000 -0.742236 0.363630 0.363630 0.363630
6786.786133 0.000000 2237.791260 0.000000 0.683221 0.000000 -0.730211 0.363341 0.363341 0.363341
6793.640137 0.000000 2236.117676 0.000000 0.589458 0.000000 -0.807799 0.365325 0.365325 0.365325
6796.076660 0.000000 2238.201172 0.000000 0.921960 0.000000 -0.387286 0.356481 0.356481 0.356481
6785.116211 0.000000 2239.389893 0.000000 0.599440 0.000000 -0.800420 0.365123 0.365123 0.365123
6169.924805 0.000000 2425.584229 0.000000 0.696550 0.000000 -0.717508 0.359439 0.359439 0.359439
6186.064453 0.000000 2423.667480 0.000000 0.937451 0.000000 -0.348117 0.355608 0.355608 0.355608
6194.714844 0.000000 2422.816650 0.000000 0.654388 0.000000 -0.756159 0.367606 0.367606 0.367606
6253.255371 0.000000 2427.219238 0.000000 0.640355 0.000000 -0.768079 0.364273 0.364273 0.364273
6247.675293 0.000000 2427.117676 0.000000 0.635692 0.000000 -0.771942 0.364063 0.364063 0.364063
6159.347656 0.000000 2429.112305 0.000000 0.694139 0.000000 -0.719841 0.366676 0.366676 0.366676
6237.269531 0.000000 2430.987549 0.000000 0.824548 0.000000 -0.565792 0.359091 0.359091 0.359091
6345.597656 0.000000 2422.219238 0.000000 0.857575 0.000000 -0.514360 0.359772 0.359772 0.359772
6642.281250 0.000000 2302.444092 0.000000 0.645148 0.000000 -0.764057 0.361929 0.361929 0.361929
6627.530762 0.000000 2309.963623 0.000000 0.867405 0.000000 -0.497603 0.358488 0.358488 0.358488
6652.270508 0.000000 2307.708740 0.000000 0.783302 0.000000 -0.621642 0.361606 0.361606 0.361606
6637.255371 0.000000 2314.250488 0.000000 0.927032 0.000000 -0.374983 0.356264 0.356264 0.356264
6644.449707 0.000000 2292.135498 0.000000 0.848829 0.000000 -0.528668 0.359029 0.359029 0.359029
6655.419434 0.000000 2281.247070 0.000000 0.670473 0.000000 -0.741934 0.361724 0.361724 0.361724
6637.233887 0.000000 2285.272217 0.000000 0.735625 0.000000 -0.677389 0.358714 0.358714 0.358714
6630.720703 0.000000 2306.109619 0.000000 0.760710 0.000000 -0.649092 0.359876 0.359876 0.359876
6654.112305 0.000000 2303.293701 0.000000 0.684143 0.000000 -0.729348 0.362534 0.362534 0.362534
6640.887695 0.000000 2284.250488 0.000000 0.887953 0.000000 -0.459935 0.357350 0.357350 0.357350
6636.817383 0.000000 2268.900879 0.000000 0.929068 0.000000 -0.369908 0.355198 0.355198 0.355198
6640.763672 0.000000 2299.181396 0.000000 0.873015 0.000000 -0.487693 0.356855 0.356855 0.356855
6641.098145 0.000000 2273.750977 0.000000 0.852304 0.000000 -0.523047 0.359884 0.359884 0.359884
6637.457031 0.000000 2263.588623 0.000000 0.881930 0.000000 -0.471380 0.356734 0.356734 0.356734
6651.669434 0.000000 2279.079834 0.000000 0.743555 0.000000 -0.668674 0.362000 0.362000 0.362000
6640.015137 0.000000 2287.156494 0.000000 0.827014 0.000000 -0.562182 0.359990 0.359990 0.359990
6650.107422 0.000000 2314.575439 0.000000 0.752867 0.000000 -0.658173 0.362178 0.362178 0.362178
6628.314453 0.000000 2312.770996 0.000000 0.935624 0.000000 -0.352998 0.355879 0.355879 0.355879
6650.988770 0.000000 2293.009033 0.000000 0.695693 0.000000 -0.718339 0.362710 0.362710 0.362710
6652.880859 0.000000 2282.604736 0.000000 0.788803 0.000000 -0.614646 0.360787 0.360787 0.360787
6648.270996 0.000000 2279.884766 0.000000 0.828151 0.000000 -0.560504 0.360190 0.360190 0.360190
6646.928223 0.000000 2276.260010 0.000000 0.921460 0.000000 -0.388473 0.357530 0.357530 0.357530
6655.022949 0.000000 2313.540527 0.000000 0.739568 0.000000 -0.673082 0.365839 0.365839 0.365839
6655.545410 0.000000 2291.333984 0.000000 0.599739 0.000000 -0.800196 0.364671 0.364671 0.364671
6629.505371 0.000000 2315.062744 0.000000 0.629194 0.000000 -0.777248 0.363730 0.363730 0.363730
6648.956055 0.000000 2284.790771 0.000000 0.722694 0.000000 -0.691168 0.364103 0.364103 0.364103
6653.061035 0.000000 2259.931396 0.000000 0.876454 0.000000 -0.481486 0.358033 0.358033 0.358033
6643.915527 0.000000 2327.900635 0.000000 0.739867 0.000000 -0.672753 0.362025 0.362025 0.362025
6623.430176 0.000000 2326.631348 0.000000 0.643355 0.000000 -0.765568 0.362190 0.362190 0.362190
6617.268555 0.000000 2332.268555 0.000000 0.779822 0.000000 -0.626001 0.360136 0.360136 0.360136
6613.035156 0.000000 2356.576416 0.000000 0.720613 0.000000 -0.693338 0.360510 0.360510 0.360510
6637.791016 0.000000 2329.197510 0.000000 0.931423 0.000000 -0.363939 0.356542 0.356542 0.356542
6618.548828 0.000000 2357.172363 0.000000 0.763971 0.000000 -0.645250 0.358426 0.358426 0.358426
6615.538086 0.000000 2352.146240 0.000000 0.917702 0.000000 -0.397269 0.355605 0.355605 0.355605
6640.887695 0.000000 2340.734863 0.000000 0.827088 0.000000 -0.562073 0.357693 0.357693 0.357693
6626.040527 0.000000 2334.164307 0.000000 0.697360 0.000000 -0.716721 0.360683 0.360683 0.360683
6626.139648 0.000000 2317.585693 0.000000 0.774824 0.000000 -0.632177 0.359418 0.359418 0.359418
6625.456543 0.000000 2329.784180 0.000000 0.775443 0.000000 -0.631417 0.359196 0.359196 0.359196
6620.683105 0.000000 2329.293213 0.000000 0.806387 0.000000 -0.591388 0.360312 0.360312 0.360312
6620.263672 0.000000 2325.155518 0.000000 0.812802 0.000000 -0.582539 0.358531 0.358531 0.358531
6602.749023 0.000000 2358.052246 0.000000 0.800113 0.000000 -0.599849 0.358404 0.358404 0.358404
6610.867188 0.000000 2358.823242 0.000000 0.851743 0.000000 -0.523960 0.357566 0.357566 0.357566
6615.871582 0.000000 2355.340332 0.000000 0.907958 0.000000 -0.419062 0.355932 0.355932 0.355932
6642.335449 0.000000 2336.752441 0.000000 0.791697 0.000000 -0.610914 0.360710 0.360710 0.360710
6613.228027 0.000000 2353.764404 0.000000 0.837704 0.000000 -0.546124 0.357926 0.357926 0.357926
6627.895020 0.000000 2328.373047 0.000000 0.726269 0.000000 -0.687411 0.362186 0.362186 0.362186
6628.193359 0.000000 2323.318359 0.000000 0.594969 0.000000 -0.803749 0.363052 0.363052 0.363052
6628.534668 0.000000 2333.037354 0.000000 0.925211 0.000000 -0.379454 0.355611 0.355611 0.355611
6649.683105 0.000000 2318.015137 0.000000 0.924034 0.000000 -0.382310 0.355982 0.355982 0.355982
6640.749512 0.000000 2338.467041 0.000000 0.874413 0.000000 -0.485183 0.358255 0.358255 0.358255
6638.967285 0.000000 2331.236328 0.000000 0.825218 0.000000 -0.564814 0.360699 0.360699 0.360699
6635.536621 0.000000 2329.422363 0.000000 0.626549 0.000000 -0.779382 0.364564 0.364564 0.364564
6381.901367 0.000000 2486.266846 0.000000 0.798132 0.000000 -0.602482 0.359040 0.359040 0.359040
6383.681152 0.000000 2488.214355 0.000000 0.627631 0.000000 -0.778511 0.364034 0.364034 0.364034
6379.597168 0.000000 2487.336914 0.000000 0.929495 0.000000 -0.368835 0.355644 0.355644 0.355644
6399.211914 0.000000 2496.144287 0.000000 0.942701 0.000000 -0.333638 0.355841 0.355841 0.355841
6400.110840 0.000000 2495.677002 0.000000 0.918866 0.000000 -0.394569 0.357195 0.357195 0.357195
6400.522461 0.000000 2501.014648 0.000000 0.631726 0.000000 -0.775192 0.362556 0.362556 0.362556
6412.424805 0.000000 2503.732178 0.000000 0.706902 0.000000 -0.707311 0.360401 0.360401 0.360401
6408.260254 0.000000 2494.318115 0.000000 0.709583 0.000000 -0.704621 0.365065 0.365065 0.365065
6416.764160 0.000000 2501.264404 0.000000 0.807344 0.000000 -0.590080 0.358934 0.358934 0.358934
6402.759766 0.000000 2494.427002 0.000000 0.912250 0.000000 -0.409634 0.358058 0.358058 0.358058
6400.974121 0.000000 2498.020264 0.000000 0.736174 0.000000 -0.676792 0.361303 0.361303 0.361303
6506.699707 0.000000 2525.691406 0.000000 0.657652 0.000000 -0.753322 0.361256 0.361256 0.361256
6519.879395 0.000000 2528.507324 0.000000 0.944243 0.000000 -0.329250 0.354588 0.354588 0.354588
6509.602051 0.000000 2525.237549 0.000000 0.865070 0.000000 -0.501651 0.357439 0.357439 0.357439
6509.602051 0.000000 2581.721924 0.000000 0.886593 0.000000 -0.462551 0.356786 0.356786 0.356786
6659.834473 0.000000 2259.377441 0.000000 0.892152 0.000000 -0.451735 0.360055 0.360055 0.360055
6708.600586 0.000000 2282.588867 0.000000 0.923001 0.000000 -0.384798 0.355419 0.355419 0.355419
6670.189453 0.000000 2295.818848 0.000000 0.871746 0.000000 -0.489959 0.358277 0.358277 0.358277
6656.290527 0.000000 2293.740234 0.000000 0.749516 0.000000 -0.661986 0.360652 0.360652 0.360652
6701.255371 0.000000 2314.250488 0.000000 0.854246 0.000000 -0.519869 0.359912 0.359912 0.359912
6707.915527 0.000000 2271.416260 0.000000 0.934150 0.000000 -0.356881 0.356059 0.356059 0.356059
6708.885254 0.000000 2311.126221 0.000000 0.949044 0.000000 -0.315145 0.356051 0.356051 0.356051
6663.693359 0.000000 2291.207520 0.000000 0.883012 0.000000 -0.469350 0.356702 0.356702 0.356702
6682.840820 0.000000 2286.079346 0.000000 0.800582 0.000000 -0.599223 0.358815 0.358815 0.358815
6693.084961 0.000000 2274.172607 0.000000 0.601018 0.000000 -0.799235 0.362704 0.362704 0.362704
6665.163574 0.000000 2298.675781 0.000000 0.796143 0.000000 -0.605108 0.360591 0.360591 0.360591
6705.044434 0.000000 2308.058838 0.000000 0.906381 0.000000 -0.422461 0.358232 0.358232 0.358232
6660.957031 0.000000 2305.541992 0.000000 0.911795 0.000000 -0.410646 0.359078 0.359078 0.359078
6673.893555 0.000000 2272.689697 0.000000 0.872844 0.000000 -0.487999 0.357083 0.357083 0.357083
6669.883301 0.000000 2307.871094 0.000000 0.812970 0.000000 -0.582305 0.363333 0.363333 0.363333
6687.949707 0.000000 2293.631104 0.000000 0.663450 0.000000 -0.748221 0.361597 0.361597 0.361597
6665.597656 0.000000 2309.250488 0.000000 0.943580 0.000000 -0.331144 0.357240 0.357240 0.357240
6698.064453 0.000000 2310.698730 0.000000 0.641388 0.000000 -0.767217 0.365053 0.365053 0.365053
6687.822266 0.000000 2285.436035 0.000000 0.778592 0.000000 -0.627530 0.359306 0.359306 0.359306
6669.646484 0.000000 2300.121338 0.000000 0.833195 0.000000 -0.552979 0.359574 0.359574 0.359574
6718.018555 0.000000 2285.270020 0.000000 0.753739 0.000000 -0.657174 0.359837 0.359837 0.359837
6656.390625 0.000000 2302.925049 0.000000 0.875294 0.000000 -0.483591 0.359549 0.359549 0.359549
6656.073242 0.000000 2297.936523 0.000000 0.663374 0.000000 -0.748288 0.363519 0.363519 0.363519
6711.430664 0.000000 2273.251953 0.000000 0.904931 0.000000 -0.425558 0.358181 0.358181 0.358181
6705.158691 0.000000 2294.003418 0.000000 0.827496 0.000000 -0.561471 0.358178 0.358178 0.358178
6690.040527 0.000000 2277.679932 0.000000 0.943424 0.000000 -0.331589 0.354637 0.354637 0.354637
6717.449707 0.000000 2268.861084 0.000000 0.612257 0.000000 -0.790659 0.367211 0.367211 0.367211
6711.010742 0.000000 2314.327881 0.000000 0.652391 0.000000 -0.757883 0.366270 0.366270 0.366270
6689.456543 0.000000 2273.299805 0.000000 0.883944 0.000000 -0.467592 0.356675 0.356675 0.356675
6704.446289 0.000000 2270.205811 0.000000 0.879923 0.000000 -0.475116 0.357938 0.357938 0.357938
6684.683105 0.000000 2272.808838 0.000000 0.775585 0.000000 -0.631243 0.359700 0.359700 0.359700
6671.712891 0.000000 2277.989258 0.000000 0.888909 0.000000 -0.458085 0.356528 0.356528 0.356528
6684.263672 0.000000 2268.671143 0.000000 0.799468 0.000000 -0.600709 0.358530 0.358530 0.358530
6712.579102 0.000000 2308.537354 0.000000 0.840519 0.000000 -0.541782 0.360806 0.360806 0.360806
6695.553711 0.000000 2276.577393 0.000000 0.656978 0.000000 -0.753910 0.361716 0.361716 0.361716
6685.536621 0.000000 2299.388184 0.000000 0.875650 0.000000 -0.482946 0.356914 0.356914 0.356914
6708.392090 0.000000 2307.761719 0.000000 0.854099 0.000000 -0.520111 0.359750 0.359750 0.359750
6688.693359 0.000000 2311.363281 0.000000 0.940922 0.000000 -0.338623 0.354754 0.354754 0.354754
6668.424805 0.000000 2277.794678 0.000000 0.645962 0.000000 -0.763369 0.361915 0.361915 0.361915
6662.113770 0.000000 2298.333496 0.000000 0.780525 0.000000 -0.625124 0.361005 0.361005 0.361005
6658.492188 0.000000 2262.964600 0.000000 0.895446 0.000000 -0.445169 0.357518 0.357518 0.357518
6716.718750 0.000000 2300.606445 0.000000 0.817731 0.000000 -0.575600 0.359995 0.359995 0.359995
6714.107422 0.000000 2314.575439 0.000000 0.692224 0.000000 -0.721682 0.367260 0.367260 0.367260
6658.892090 0.000000 2297.576172 0.000000 0.929237 0.000000 -0.369485 0.355208 0.355208 0.355208
6709.008789 0.000000 2303.596924 0.000000 0.802126 0.000000 -0.597155 0.360541 0.360541 0.360541
6712.270996 0.000000 2279.884766 0.000000 0.691793 0.000000 -0.722096 0.361068 0.361068 0.361068
6685.260254 0.000000 2293.644287 0.000000 0.649383 0.000000 -0.760461 0.361853 0.361853 0.361853
6718.888184 0.000000 2296.000000 0.000000 0.733018 0.000000 -0.680209 0.361569 0.361569 0.361569
6683.921387 0.000000 2275.330811 0.000000 0.628292 0.000000 -0.777977 0.364527 0.364527 0.364527
6703.961914 0.000000 2314.635010 0.000000 0.828937 0.000000 -0.559342 0.360788 0.360788 0.360788
6694.352539 0.000000 2308.563477 0.000000 0.680352 0.000000 -0.732885 0.363405 0.363405 0.363405
6706.714844 0.000000 2309.847900 0.000000 0.786240 0.000000 -0.617922 0.362572 0.362572 0.362572
6716.370605 0.000000 2305.271729 0.000000 0.935375 0.000000 -0.353659 0.356712 0.356712 0.356712
6700.424316 0.000000 2311.921143 0.000000 0.639358 0.000000 -0.768909 0.366861 0.366861 0.366861
6671.784668 0.000000 2301.197754 0.000000 0.922374 0.000000 -0.386299 0.356186 0.356186 0.356186
6668.076660 0.000000 2294.685547 0.000000 0.629903 0.000000 -0.776674 0.363483 0.363483 0.363483
6704.587402 0.000000 2310.301025 0.000000 0.945713 0.000000 -0.325003 0.356334 0.356334 0.356334
6702.915039 0.000000 2268.460693 0.000000 0.661313 0.000000 -0.750110 0.363489 0.363489 0.363489
6679.342285 0.000000 2274.885742 0.000000 0.902852 0.000000 -0.429952 0.357068 0.357068 0.357068
6713.361328 0.000000 2272.164307 0.000000 0.871268 0.000000 -0.490808 0.359660 0.359660 0.359660
6671.977051 0.000000 2308.442139 0.000000 0.883043 0.000000 -0.469291 0.360479 0.360479 0.360479
6720.290527 0.000000 2293.740234 0.000000 0.907432 0.000000 -0.420199 0.355949 0.355949 0.355949
6747.221680 0.000000 2305.403564 0.000000 0.920839 0.000000 -0.389943 0.356020 0.356020 0.356020
6741.428223 0.000000 2291.722656 0.000000 0.944110 0.000000 -0.329631 0.354315 0.354315 0.354315
6726.599121 0.000000 2312.475830 0.000000 0.941834 0.000000 -0.336080 0.356888 0.356888 0.356888
6752.909180 0.000000 2301.618408 0.000000 0.923808 0.000000 -0.382857 0.355390 0.355390 0.355390
6758.465332 0.000000 2284.472656 0.000000 0.782102 0.000000 -0.623150 0.359729 0.359729 0.359729
6739.298340 0.000000 2277.322266 0.000000 0.790344 0.000000 -0.612663 0.359046 0.359046 0.359046
6765.791016 0.000000 2272.713135 0.000000 0.717631 0.000000 -0.696424 0.362555 0.362555 0.362555
6727.650879 0.000000 2276.862305 0.000000 0.871135 0.000000 -0.491044 0.360495 0.360495 0.360495
6721.469238 0.000000 2313.923096 0.000000 0.648290 0.000000 -0.761393 0.367469 0.367469 0.367469
6770.317383 0.000000 2262.566162 0.000000 0.912742 0.000000 -0.408536 0.355773 0.355773 0.355773
6743.538086 0.000000 2295.661865 0.000000 0.808330 0.000000 -0.588730 0.360258 0.360258 0.360258
6733.646484 0.000000 2300.121338 0.000000 0.938753 0.000000 -0.344590 0.354826 0.354826 0.354826
6742.596680 0.000000 2279.906250 0.000000 0.881272 0.000000 -0.472609 0.356753 0.356753 0.356753
6720.390625 0.000000 2302.925049 0.000000 0.916829 0.000000 -0.399280 0.356693 0.356693 0.356693
6743.759277 0.000000 2303.500732 0.000000 0.700804 0.000000 -0.713354 0.362944 0.362944 0.362944
6720.522461 0.000000 2275.077148 0.000000 0.617771 0.000000 -0.786358 0.366604 0.366604 0.366604
6727.290527 0.000000 2302.220215 0.000000 0.780618 0.000000 -0.625009 0.360855 0.360855 0.360855
6768.887695 0.000000 2284.250488 0.000000 0.924090 0.000000 -0.382174 0.355380 0.355380 0.355380
6736.310547 0.000000 2284.169678 0.000000 0.932702 0.000000 -0.360648 0.354949 0.354949 0.354949
6748.683105 0.000000 2272.808838 0.000000 0.786285 0.000000 -0.617865 0.359981 0.359981 0.359981
6774.755859 0.000000 2285.470459 0.000000 0.924388 0.000000 -0.381454 0.354993 0.354993 0.354993
6725.963867 0.000000 2280.073975 0.000000 0.787707 0.000000 -0.616050 0.359656 0.359656 0.359656
6746.771973 0.000000 2309.285400 0.000000 0.765485 0.000000 -0.643454 0.360444 0.360444 0.360444
6744.763672 0.000000 2290.106201 0.000000 0.645746 0.000000 -0.763552 0.364158 0.364158 0.364158
6720.205078 0.000000 2281.793701 0.000000 0.858078 0.000000 -0.513520 0.357398 0.357398 0.357398
6751.085938 0.000000 2267.003906 0.000000 0.908648 0.000000 -0.417563 0.356587 0.356587 0.356587
6729.939941 0.000000 2274.663330 0.000000 0.921610 0.000000 -0.388117 0.358219 0.358219 0.358219
6752.693359 0.000000 2311.363281 0.000000 0.923643 0.000000 -0.383254 0.355396 0.355396 0.355396
6741.436035 0.000000 2310.672852 0.000000 0.886631 0.000000 -0.462477 0.357835 0.357835 0.357835
6769.495117 0.000000 2259.475098 0.000000 0.624314 0.000000 -0.781173 0.362299 0.362299 0.362299
6735.844238 0.000000 2262.502197 0.000000 0.600397 0.000000 -0.799702 0.362714 0.362714 0.362714
6745.164062 0.000000 2315.234375 0.000000 0.854028 0.000000 -0.520227 0.360159 0.360159 0.360159
6741.228027 0.000000 2297.280029 0.000000 0.895478 0.000000 -0.445106 0.357336 0.357336 0.357336
6764.193359 0.000000 2280.319580 0.000000 0.652115 0.000000 -0.758120 0.362556 0.362556 0.362556
6741.175293 0.000000 2294.593018 0.000000 0.694383 0.000000 -0.719606 0.362669 0.362669 0.362669
6724.256348 0.000000 2314.890625 0.000000 0.724077 0.000000 -0.689720 0.366327 0.366327 0.366327
6734.452148 0.000000 2314.969727 0.000000 0.860851 0.000000 -0.508858 0.361709 0.361709 0.361709
6765.452148 0.000000 2287.944824 0.000000 0.870542 0.000000 -0.492094 0.357867 0.357867 0.357867
6720.974121 0.000000 2272.082764 0.000000 0.801074 0.000000 -0.598565 0.362112 0.362112 0.362112
6756.534668 0.000000 2276.552979 0.000000 0.813782 0.000000 -0.581170 0.360811 0.360811 0.360811
6758.985352 0.000000 2291.239502 0.000000 0.877892 0.000000 -0.478859 0.357287 0.357287 0.357287
6760.628906 0.000000 2265.515381 0.000000 0.940369 0.000000 -0.340155 0.355656 0.355656 0.355656
6753.762695 0.000000 2270.743652 0.000000 0.593005 0.000000 -0.805199 0.364313 0.364313 0.364313
6749.193848 0.000000 2285.586182 0.000000 0.661121 0.000000 -0.750279 0.364124 0.364124 0.364124
6721.278809 0.000000 2305.250244 0.000000 0.904071 0.000000 -0.427383 0.357274 0.357274 0.357274
6739.281738 0.000000 2315.029541 0.000000 0.626656 0.000000 -0.779296 0.369051 0.369051 0.369051
6743.825684 0.000000 2313.295410 0.000000 0.945116 0.000000 -0.326734 0.355540 0.355540 0.355540
6739.258789 0.000000 2298.268555 0.000000 0.760260 0.000000 -0.649618 0.361245 0.361245 0.361245
6731.945801 0.000000 2281.443604 0.000000 0.608200 0.000000 -0.793784 0.364944 0.364944 0.364944
6752.249023 0.000000 2287.750732 0.000000 0.887700 0.000000 -0.460422 0.359031 0.359031 0.359031
6659.834473 0.000000 2315.861816 0.000000 0.899284 0.000000 -0.437364 0.359710 0.359710 0.359710
6701.901367 0.000000 2316.813721 0.000000 0.915423 0.000000 -0.402493 0.357746 0.357746 0.357746
6677.428223 0.000000 2348.207031 0.000000 0.920734 0.000000 -0.390191 0.355254 0.355254 0.355254
6694.465332 0.000000 2340.957031 0.000000 0.856023 0.000000 -0.516937 0.357453 0.357453 0.357453
6703.844727 0.000000 2322.969727 0.000000 0.769483 0.000000 -0.638667 0.360351 0.360351 0.360351
6657.476562 0.000000 2322.318115 0.000000 0.790710 0.000000 -0.612191 0.364680 0.364680 0.364680
6682.661621 0.000000 2337.297119 0.000000 0.822837 0.000000 -0.568277 0.358344 0.358344 0.358344
6673.626465 0.000000 2321.068848 0.000000 0.892882 0.000000 -0.450290 0.357204 0.357204 0.357204
6669.333984 0.000000 2320.188721 0.000000 0.638963 0.000000 -0.769238 0.368827 0.368827 0.368827
6687.822266 0.000000 2341.920410 0.000000 0.795945 0.000000 -0.605369 0.358920 0.358920 0.358920
6694.192871 0.000000 2321.566162 0.000000 0.695898 0.000000 -0.718141 0.360990 0.360990 0.360990
6674.974121 0.000000 2317.262207 0.000000 0.947937 0.000000 -0.318459 0.355112 0.355112 0.355112
6697.896973 0.000000 2315.887695 0.000000 0.656726 0.000000 -0.754129 0.364258 0.364258 0.364258
6690.040527 0.000000 2334.164307 0.000000 0.594064 0.000000 -0.804418 0.365232 0.365232 0.365232
6672.310547 0.000000 2340.654053 0.000000 0.795531 0.000000 -0.605913 0.358930 0.358930 0.358930
6673.983398 0.000000 2337.227539 0.000000 0.892375 0.000000 -0.451295 0.356423 0.356423 0.356423
6691.373047 0.000000 2342.802734 0.000000 0.658722 0.000000 -0.752387 0.361684 0.361684 0.361684
6696.221680 0.000000 2336.302734 0.000000 0.684895 0.000000 -0.728642 0.361413 0.361413 0.361413
6671.844238 0.000000 2318.986572 0.000000 0.733845 0.000000 -0.679317 0.365727 0.365727 0.365727
6662.297363 0.000000 2317.207520 0.000000 0.642899 0.000000 -0.765951 0.368717 0.368717 0.368717
6699.597168 0.000000 2317.883789 0.000000 0.667391 0.000000 -0.744708 0.364828 0.364828 0.364828
6664.000977 0.000000 2319.920654 0.000000 0.934196 0.000000 -0.356760 0.357825 0.357825 0.357825
6718.677246 0.000000 2318.405518 0.000000 0.719548 0.000000 -0.694443 0.367104 0.367104 0.367104
6717.061035 0.000000 2316.415771 0.000000 0.859504 0.000000 -0.511129 0.361954 0.361954 0.361954
6697.191406 0.000000 2317.989746 0.000000 0.739439 0.000000 -0.673223 0.362036 0.362036 0.362036
6656.013672 0.000000 2320.382080 0.000000 0.867041 0.000000 -0.498237 0.361188 0.361188 0.361188
6677.939941 0.000000 2341.192871 0.000000 0.935411 0.000000 -0.353561 0.355873 0.355873 0.355873
6723.834473 0.000000 2315.861816 0.000000 0.755428 0.000000 -0.655232 0.365483 0.365483 0.365483
6740.950195 0.000000 2325.028564 0.000000 0.902962 0.000000 -0.429721 0.356928 0.356928 0.356928
6771.915527 0.000000 2327.900635 0.000000 0.815744 0.000000 -0.578413 0.358461 0.358461 0.358461
6734.124512 0.000000 2344.868164 0.000000 0.681824 0.000000 -0.731516 0.360325 0.360325 0.360325
6767.844727 0.000000 2322.969727 0.000000 0.596989 0.000000 -0.802249 0.362773 0.362773 0.362773
6746.616699 0.000000 2322.068848 0.000000 0.667113 0.000000 -0.744957 0.361530 0.361530 0.361530
6765.791016 0.000000 2329.197510 0.000000 0.918870 0.000000 -0.394561 0.355564 0.355564 0.355564
6729.437988 0.000000 2316.677002 0.000000 0.888928 0.000000 -0.458048 0.360602 0.360602 0.360602
6757.443359 0.000000 2335.661377 0.000000 0.664742 0.000000 -0.747073 0.361574 0.361574 0.361574
6762.133789 0.000000 2319.996826 0.000000 0.792325 0.000000 -0.610099 0.359002 0.359002 0.359002
6761.396484 0.000000 2329.618164 0.000000 0.748482 0.000000 -0.663155 0.360548 0.360548 0.360548
6750.227539 0.000000 2320.416748 0.000000 0.927658 0.000000 -0.373432 0.356237 0.356237 0.356237
6761.764648 0.000000 2344.183594 0.000000 0.924521 0.000000 -0.381131 0.355279 0.355279 0.355279
6768.887695 0.000000 2340.734863 0.000000 0.744545 0.000000 -0.667573 0.360826 0.360826 0.360826
6754.040527 0.000000 2334.164307 0.000000 0.745548 0.000000 -0.666452 0.359943 0.359943 0.359943
6765.457031 0.000000 2320.072998 0.000000 0.934732 0.000000 -0.355354 0.354984 0.354984 0.354984
6737.653320 0.000000 2324.328857 0.000000 0.747302 0.000000 -0.664484 0.364480 0.364480 0.364480
6770.278320 0.000000 2346.568359 0.000000 0.917844 0.000000 -0.396941 0.355600 0.355600 0.355600
6733.243652 0.000000 2323.100586 0.000000 0.938186 0.000000 -0.346131 0.357875 0.357875 0.357875
6726.202148 0.000000 2327.372070 0.000000 0.786551 0.000000 -0.617525 0.360469 0.360469 0.360469
6739.922852 0.000000 2319.658691 0.000000 0.686550 0.000000 -0.727082 0.368139 0.368139 0.368139
6759.437012 0.000000 2343.241211 0.000000 0.777253 0.000000 -0.629188 0.363290 0.363290 0.363290
6749.269531 0.000000 2318.018799 0.000000 0.939935 0.000000 -0.341354 0.355601 0.355601 0.355601
6735.571289 0.000000 2322.471924 0.000000 0.858621 0.000000 -0.512612 0.361993 0.361993 0.361993
6731.600586 0.000000 2321.581299 0.000000 0.860927 0.000000 -0.508728 0.361892 0.361892 0.361892
6791.674805 0.000000 2339.805420 0.000000 0.727167 0.000000 -0.686460 0.358595 0.358595 0.358595
6800.434082 0.000000 2345.920654 0.000000 0.771649 0.000000 -0.636049 0.365240 0.365240 0.365240
7020.084473 0.000000 2346.603271 0.000000 0.840975 0.000000 -0.541075 0.357593 0.357593 0.357593
6942.089844 0.000000 2570.732178 0.000000 0.835521 0.000000 -0.549459 0.357548 0.357548 0.357548
6942.841309 0.000000 2573.428955 0.000000 0.913173 0.000000 -0.407573 0.358822 0.358822 0.358822
6952.581055 0.000000 2572.061279 0.000000 0.692915 0.000000 -0.721019 0.362349 0.362349 0.362349
7583.273438 0.000000 3161.517090 0.000000 0.844132 0.000000 -0.536136 0.357614 0.357614 0.357614
7582.802246 0.000000 3163.186035 0.000000 0.795409 0.000000 -0.606073 0.359103 0.359103 0.359103
7563.937012 0.000000 3252.378662 0.000000 0.597410 0.000000 -0.801936 0.362115 0.362115 0.362115
"}
object={
	name="oak_generator_1_4"
	clamp_to_water_level=no
	render_under_water=no
	generated_content=yes
	layer="semidynamic"
	pdxmesh="oak_tree_dense_01_mesh"
	count=1513
	transform="1756.282104 0.000000 1223.067871 0.000000 0.307350 0.000000 -0.951596 0.367483 0.367483 0.367483
1763.530884 0.000000 1236.760376 0.000000 0.221083 0.000000 -0.975255 0.367136 0.367136 0.367136
1769.423462 0.000000 1218.594116 0.000000 0.119802 0.000000 -0.992798 0.373451 0.373451 0.373451
1767.866577 0.000000 1227.875488 0.000000 0.416703 0.000000 -0.909043 0.364008 0.364008 0.364008
1761.639404 0.000000 1216.209473 0.000000 0.472325 0.000000 -0.881424 0.364989 0.364989 0.364989
1741.066528 0.000000 1239.388062 0.000000 0.531706 0.000000 -0.846929 0.362887 0.362887 0.362887
1758.599976 0.000000 1235.875488 0.000000 0.564721 0.000000 -0.825282 0.362723 0.362723 0.362723
1750.690430 0.000000 1214.188843 0.000000 0.480181 0.000000 -0.877169 0.364070 0.364070 0.364070
1765.993652 0.000000 1215.735229 0.000000 0.473531 0.000000 -0.880777 0.364264 0.364264 0.364264
1745.114990 0.000000 1240.731689 0.000000 0.372033 0.000000 -0.928219 0.365228 0.365228 0.365228
1790.612427 0.000000 1237.812134 0.000000 0.302618 0.000000 -0.953112 0.365731 0.365731 0.365731
1760.344604 0.000000 1224.489502 0.000000 0.489509 0.000000 -0.871998 0.363606 0.363606 0.363606
1764.176392 0.000000 1230.191528 0.000000 0.063405 0.000000 -0.997988 0.369230 0.369230 0.369230
1757.565796 0.000000 1229.470581 0.000000 0.571845 0.000000 -0.820362 0.363072 0.363072 0.363072
1758.841187 0.000000 1217.804077 0.000000 0.248437 0.000000 -0.968648 0.368624 0.368624 0.368624
1770.451904 0.000000 1221.105957 0.000000 0.571458 0.000000 -0.820631 0.364844 0.364844 0.364844
1754.616211 0.000000 1210.254272 0.000000 0.404058 0.000000 -0.914733 0.366045 0.366045 0.366045
1747.100220 0.000000 1238.918823 0.000000 0.188390 0.000000 -0.982094 0.369915 0.369915 0.369915
1755.115234 0.000000 1215.455566 0.000000 0.266768 0.000000 -0.963761 0.370800 0.370800 0.370800
1778.281372 0.000000 1285.725464 0.000000 0.452767 0.000000 -0.891629 0.364045 0.364045 0.364045
1780.885132 0.000000 1294.407349 0.000000 0.067469 0.000000 -0.997721 0.369178 0.369178 0.369178
1772.186279 0.000000 1290.364502 0.000000 0.450132 0.000000 -0.892962 0.363070 0.363070 0.363070
1760.909058 0.000000 1284.899536 0.000000 0.215395 0.000000 -0.976527 0.369458 0.369458 0.369458
1773.790894 0.000000 1255.994385 0.000000 0.465836 0.000000 -0.884871 0.366135 0.366135 0.366135
1786.165039 0.000000 1265.206909 0.000000 0.494370 0.000000 -0.869252 0.363442 0.363442 0.363442
1790.127319 0.000000 1260.096191 0.000000 0.185397 0.000000 -0.982664 0.368023 0.368023 0.368023
1765.993652 0.000000 1272.219604 0.000000 0.548425 0.000000 -0.836200 0.365100 0.365100 0.365100
1754.844482 0.000000 1244.373779 0.000000 0.438478 0.000000 -0.898742 0.363956 0.363956 0.363956
1790.612427 0.000000 1294.296509 0.000000 0.111207 0.000000 -0.993797 0.368681 0.368681 0.368681
1783.430908 0.000000 1256.533325 0.000000 0.521563 0.000000 -0.853213 0.362950 0.362950 0.362950
1787.875732 0.000000 1256.862427 0.000000 0.208485 0.000000 -0.978026 0.367063 0.367063 0.367063
1781.811401 0.000000 1283.955322 0.000000 0.101383 0.000000 -0.994847 0.368744 0.368744 0.368744
1772.877319 0.000000 1276.443237 0.000000 0.581454 0.000000 -0.813579 0.366067 0.366067 0.366067
1758.089844 0.000000 1271.591553 0.000000 0.231841 0.000000 -0.972754 0.368573 0.368573 0.368573
1779.409058 0.000000 1268.142456 0.000000 0.061635 0.000000 -0.998099 0.372945 0.372945 0.372945
1764.534668 0.000000 1259.834351 0.000000 0.585499 0.000000 -0.810673 0.364331 0.364331 0.364331
1766.985352 0.000000 1274.520630 0.000000 0.465617 0.000000 -0.884987 0.366376 0.366376 0.366376
1761.762817 0.000000 1254.024780 0.000000 0.497585 0.000000 -0.867415 0.366881 0.366881 0.366881
1772.304199 0.000000 1266.355591 0.000000 0.398023 0.000000 -0.917376 0.374965 0.374965 0.374965
1768.507935 0.000000 1267.078613 0.000000 0.439587 0.000000 -0.898200 0.373348 0.373348 0.373348
1756.282104 0.000000 1336.036621 0.000000 0.092767 0.000000 -0.995688 0.370468 0.370468 0.370468
1780.600708 0.000000 1322.354492 0.000000 0.520010 0.000000 -0.854160 0.365792 0.365792 0.365792
1788.270508 0.000000 1347.474487 0.000000 0.107011 0.000000 -0.994258 0.372444 0.372444 0.372444
1779.915527 0.000000 1311.181885 0.000000 0.139137 0.000000 -0.990273 0.367946 0.367946 0.367946
1785.426636 0.000000 1316.539551 0.000000 0.462793 0.000000 -0.886466 0.364520 0.364520 0.364520
1774.271362 0.000000 1336.429077 0.000000 0.275957 0.000000 -0.961170 0.373016 0.373016 0.373016
1760.909058 0.000000 1341.383911 0.000000 0.413307 0.000000 -0.910592 0.366454 0.366454 0.366454
1775.844604 0.000000 1306.251099 0.000000 0.065417 0.000000 -0.997858 0.369204 0.369204 0.369204
1762.074463 0.000000 1304.660400 0.000000 0.318051 0.000000 -0.948074 0.364820 0.364820 0.364820
1737.163696 0.000000 1338.441406 0.000000 0.553847 0.000000 -0.832618 0.361992 0.361992 0.361992
1782.872192 0.000000 1345.474976 0.000000 0.574090 0.000000 -0.818792 0.364627 0.364627 0.364627
1790.112061 0.000000 1343.059326 0.000000 0.336787 0.000000 -0.941581 0.373968 0.373968 0.373968
1784.851562 0.000000 1330.753052 0.000000 0.285272 0.000000 -0.958447 0.377602 0.377602 0.377602
1790.612427 0.000000 1350.780884 0.000000 0.563110 0.000000 -0.826382 0.362621 0.362621 0.362621
1786.308594 0.000000 1343.740234 0.000000 0.337410 0.000000 -0.941358 0.372669 0.372669 0.372669
1774.165649 0.000000 1316.682861 0.000000 0.565831 0.000000 -0.824521 0.362366 0.362366 0.362366
1769.927490 0.000000 1343.873901 0.000000 0.559186 0.000000 -0.829043 0.364988 0.364988 0.364988
1764.176392 0.000000 1343.160278 0.000000 0.500640 0.000000 -0.865655 0.366139 0.366139 0.366139
1782.755981 0.000000 1325.236084 0.000000 0.350274 0.000000 -0.936647 0.369342 0.369342 0.369342
1764.675659 0.000000 1331.982666 0.000000 0.468659 0.000000 -0.883379 0.367081 0.367081 0.367081
1754.772095 0.000000 1349.050903 0.000000 0.315694 0.000000 -0.948861 0.367525 0.367525 0.367525
1777.605835 0.000000 1351.994507 0.000000 0.406925 0.000000 -0.913461 0.366102 0.366102 0.366102
1757.536743 0.000000 1339.153809 0.000000 0.326428 0.000000 -0.945222 0.367799 0.367799 0.367799
1769.246460 0.000000 1347.452393 0.000000 0.240274 0.000000 -0.970705 0.369903 0.369903 0.369903
1778.616577 0.000000 1345.193848 0.000000 0.536054 0.000000 -0.844184 0.364095 0.364095 0.364095
1786.989014 0.000000 1332.774658 0.000000 0.542841 0.000000 -0.839836 0.372214 0.372214 0.372214
1781.008667 0.000000 1343.362427 0.000000 0.074461 0.000000 -0.997224 0.373141 0.373141 0.373141
1766.885986 0.000000 1343.302368 0.000000 0.527785 0.000000 -0.849378 0.366050 0.366050 0.366050
1775.560791 0.000000 1341.904297 0.000000 0.126574 0.000000 -0.991957 0.371322 0.371322 0.371322
1773.452271 0.000000 1327.710449 0.000000 0.468242 0.000000 -0.883600 0.365905 0.365905 0.365905
1751.654907 0.000000 1332.796143 0.000000 0.506368 0.000000 -0.862317 0.364765 0.364765 0.364765
1779.473267 0.000000 1339.518555 0.000000 0.359474 0.000000 -0.933155 0.372865 0.372865 0.372865
1772.263306 0.000000 1349.315674 0.000000 0.352787 0.000000 -0.935704 0.367766 0.367766 0.367766
1772.435303 0.000000 1335.115723 0.000000 0.100830 0.000000 -0.994904 0.375557 0.375557 0.375557
1779.339844 0.000000 1334.429932 0.000000 0.346957 0.000000 -0.937881 0.372853 0.372853 0.372853
1815.427856 0.000000 1178.682861 0.000000 0.191173 0.000000 -0.981556 0.366682 0.366682 0.366682
1849.614258 0.000000 1182.068604 0.000000 0.217265 0.000000 -0.976113 0.367245 0.367245 0.367245
1834.699829 0.000000 1170.066284 0.000000 0.416297 0.000000 -0.909229 0.365060 0.365060 0.365060
1854.888184 0.000000 1166.312500 0.000000 0.306540 0.000000 -0.951858 0.368375 0.368375 0.368375
1856.290283 0.000000 1164.052612 0.000000 0.178332 0.000000 -0.983970 0.371400 0.371400 0.371400
1865.163696 0.000000 1168.988281 0.000000 0.458862 0.000000 -0.888507 0.363862 0.363862 0.363862
1857.469238 0.000000 1184.235596 0.000000 0.074961 0.000000 -0.997186 0.367710 0.367710 0.367710
1889.638062 0.000000 1176.456177 0.000000 0.534632 0.000000 -0.845085 0.362711 0.362711 0.362711
1856.073120 0.000000 1168.249023 0.000000 0.281439 0.000000 -0.959579 0.367298 0.367298 0.367298
1858.892212 0.000000 1167.888794 0.000000 0.010258 0.000000 -0.999947 0.374613 0.374613 0.374613
1896.273193 0.000000 1179.903076 0.000000 0.206748 0.000000 -0.978394 0.371430 0.371430 0.371430
1792.354126 0.000000 1234.139771 0.000000 0.121659 0.000000 -0.992572 0.370952 0.370952 0.370952
1799.674683 0.000000 1210.117920 0.000000 0.234041 0.000000 -0.972227 0.367550 0.367550 0.367550
1827.530884 0.000000 1236.760376 0.000000 0.110097 0.000000 -0.993921 0.379415 0.379415 0.379415
1807.347534 0.000000 1186.455933 0.000000 0.478766 0.000000 -0.877943 0.365075 0.365075 0.365075
1805.467529 0.000000 1201.727173 0.000000 0.157665 0.000000 -0.987493 0.368019 0.368019 0.368019
1849.729980 0.000000 1226.961426 0.000000 0.378594 0.000000 -0.925563 0.367152 0.367152 0.367152
1849.426636 0.000000 1203.570801 0.000000 0.002132 0.000000 -0.999998 0.370012 0.370012 0.370012
1801.163696 0.000000 1225.472656 0.000000 0.558157 0.000000 -0.829735 0.364238 0.364238 0.364238
1823.273193 0.000000 1241.048340 0.000000 0.180698 0.000000 -0.983539 0.372698 0.372698 0.372698
1843.720459 0.000000 1224.043701 0.000000 0.308509 0.000000 -0.951221 0.369279 0.369279 0.369279
1830.720825 0.000000 1232.906494 0.000000 0.224888 0.000000 -0.974385 0.366089 0.366089 0.366089
1796.956909 0.000000 1232.338989 0.000000 0.299622 0.000000 -0.954058 0.370086 0.370086 0.370086
1850.165039 0.000000 1208.722534 0.000000 0.038976 0.000000 -0.999240 0.369542 0.369542 0.369542
1833.606079 0.000000 1223.653320 0.000000 0.441703 0.000000 -0.897161 0.364203 0.364203 0.364203
1815.538208 0.000000 1222.458740 0.000000 0.255858 0.000000 -0.966714 0.366681 0.366681 0.366681
1805.333862 0.000000 1190.501221 0.000000 0.011141 0.000000 -0.999938 0.370033 0.370033 0.370033
1825.638062 0.000000 1232.940552 0.000000 0.439486 0.000000 -0.898249 0.371303 0.371303 0.371303
1801.597778 0.000000 1236.047363 0.000000 0.359679 0.000000 -0.933076 0.364978 0.364978 0.364978
1850.875244 0.000000 1186.326416 0.000000 0.576489 0.000000 -0.817105 0.362201 0.362201 0.362201
1810.973877 0.000000 1187.574829 0.000000 0.414210 0.000000 -0.910181 0.368688 0.368688 0.368688
1801.807983 0.000000 1221.877441 0.000000 0.554949 0.000000 -0.831884 0.366827 0.366827 0.366827
1824.693359 0.000000 1238.160156 0.000000 0.221516 0.000000 -0.975157 0.374313 0.374313 0.374313
1798.113892 0.000000 1225.130371 0.000000 0.339803 0.000000 -0.940497 0.368932 0.368932 0.368932
1820.116333 0.000000 1241.587524 0.000000 0.478685 0.000000 -0.877987 0.365685 0.365685 0.365685
1828.314209 0.000000 1239.567749 0.000000 0.435795 0.000000 -0.900046 0.368690 0.368690 0.368690
1828.100952 0.000000 1234.033203 0.000000 0.077727 0.000000 -0.996975 0.376091 0.376091 0.376091
1834.622314 0.000000 1240.196899 0.000000 0.481290 0.000000 -0.876561 0.365127 0.365127 0.365127
1811.958252 0.000000 1192.884399 0.000000 0.336500 0.000000 -0.941683 0.370488 0.370488 0.370488
1808.003174 0.000000 1213.474609 0.000000 0.101802 0.000000 -0.994805 0.371433 0.371433 0.371433
1820.691528 0.000000 1234.264160 0.000000 0.529983 0.000000 -0.848009 0.367910 0.367910 0.367910
1805.917725 0.000000 1217.618042 0.000000 0.102530 0.000000 -0.994730 0.372321 0.372321 0.372321
1824.506104 0.000000 1230.829712 0.000000 0.356361 0.000000 -0.934348 0.369871 0.369871 0.369871
1801.640015 0.000000 1219.398926 0.000000 0.520257 0.000000 -0.854010 0.367621 0.367621 0.367621
1825.615479 0.000000 1240.267578 0.000000 0.306262 0.000000 -0.951947 0.372452 0.372452 0.372452
1793.116211 0.000000 1222.671143 0.000000 0.550246 0.000000 -0.835002 0.366707 0.366707 0.366707
1843.339844 0.000000 1221.461182 0.000000 0.036642 0.000000 -0.999328 0.374800 0.374800 0.374800
1814.295044 0.000000 1193.645020 0.000000 0.383024 0.000000 -0.923738 0.372897 0.372897 0.372897
1884.282104 0.000000 1223.067871 0.000000 0.330113 0.000000 -0.943942 0.364399 0.364399 0.364399
1889.639404 0.000000 1216.209473 0.000000 0.215220 0.000000 -0.976566 0.368987 0.368987 0.368987
1870.146729 0.000000 1208.025391 0.000000 0.382788 0.000000 -0.923836 0.366418 0.366418 0.366418
1892.590088 0.000000 1196.178589 0.000000 0.332730 0.000000 -0.943022 0.365712 0.365712 0.365712
1886.089844 0.000000 1215.107178 0.000000 0.382798 0.000000 -0.923832 0.366983 0.366983 0.366983
1880.763672 0.000000 1216.903076 0.000000 0.426673 0.000000 -0.904406 0.366390 0.366390 0.366390
1882.132568 0.000000 1220.623657 0.000000 0.182123 0.000000 -0.983276 0.368248 0.368248 0.368248
1883.115967 0.000000 1204.647095 0.000000 0.584175 0.000000 -0.811628 0.365349 0.365349 0.365349
1883.921387 0.000000 1202.127563 0.000000 0.144112 0.000000 -0.989561 0.372556 0.372556 0.372556
1880.281860 0.000000 1208.187012 0.000000 0.367570 0.000000 -0.929996 0.368264 0.368264 0.368264
1933.467529 0.000000 1145.242798 0.000000 0.448681 0.000000 -0.893692 0.365890 0.365890 0.365890
1964.186279 0.000000 1177.395752 0.000000 0.314553 0.000000 -0.949240 0.366121 0.366121 0.366121
1946.616821 0.000000 1135.896973 0.000000 0.142333 0.000000 -0.989819 0.372272 0.372272 0.372272
1948.682983 0.000000 1143.121460 0.000000 0.019343 0.000000 -0.999813 0.373792 0.373792 0.373792
1935.212769 0.000000 1142.140869 0.000000 0.371946 0.000000 -0.928254 0.367049 0.367049 0.367049
1953.762817 0.000000 1141.056030 0.000000 0.257120 0.000000 -0.966380 0.369700 0.369700 0.369700
1948.903564 0.000000 1136.308838 0.000000 0.582717 0.000000 -0.812676 0.366704 0.366704 0.366704
1974.803467 0.000000 1188.238037 0.000000 0.278277 0.000000 -0.960501 0.365766 0.365766 0.365766
1970.317383 0.000000 1189.363037 0.000000 0.576282 0.000000 -0.817251 0.363332 0.363332 0.363332
1962.133911 0.000000 1190.309204 0.000000 0.281801 0.000000 -0.959473 0.365609 0.365609 0.365609
1820.282104 0.000000 1279.552246 0.000000 0.308525 0.000000 -0.951216 0.367905 0.367905 0.367905
1842.281372 0.000000 1285.725464 0.000000 0.296486 0.000000 -0.955037 0.365256 0.365256 0.365256
1827.530884 0.000000 1293.244751 0.000000 0.110483 0.000000 -0.993878 0.368627 0.368627 0.368627
1853.734009 0.000000 1276.866455 0.000000 0.476893 0.000000 -0.878962 0.363697 0.363697 0.363697
1798.599243 0.000000 1295.757202 0.000000 0.124661 0.000000 -0.992199 0.369961 0.369961 0.369961
1837.233887 0.000000 1268.553589 0.000000 0.361394 0.000000 -0.932413 0.365322 0.365322 0.365322
1814.797119 0.000000 1243.630859 0.000000 0.374780 0.000000 -0.927114 0.367005 0.367005 0.367005
1818.840820 0.000000 1269.360596 0.000000 0.493706 0.000000 -0.869629 0.365479 0.365479 0.365479
1836.186279 0.000000 1290.364502 0.000000 0.546922 0.000000 -0.837184 0.362570 0.362570 0.362570
1794.164551 0.000000 1262.027832 0.000000 0.022761 0.000000 -0.999741 0.371440 0.371440 0.371440
1829.084961 0.000000 1257.453857 0.000000 0.550798 0.000000 -0.834639 0.362598 0.362598 0.362598
1839.844604 0.000000 1249.766724 0.000000 0.464035 0.000000 -0.885817 0.364026 0.364026 0.364026
1828.050049 0.000000 1278.945801 0.000000 0.045021 0.000000 -0.998986 0.370798 0.370798 0.370798
1826.074463 0.000000 1248.176025 0.000000 0.222506 0.000000 -0.974931 0.367059 0.367059 0.367059
1831.675415 0.000000 1297.430176 0.000000 0.579577 0.000000 -0.814917 0.361611 0.361611 0.361611
1796.861816 0.000000 1270.610840 0.000000 0.313218 0.000000 -0.949681 0.366139 0.366139 0.366139
1805.883423 0.000000 1291.152466 0.000000 0.577370 0.000000 -0.816483 0.365484 0.365484 0.365484
1854.112061 0.000000 1286.574951 0.000000 0.583190 0.000000 -0.812336 0.362096 0.362096 0.362096
1803.936890 0.000000 1275.425659 0.000000 0.284492 0.000000 -0.958678 0.366695 0.366695 0.366695
1822.227295 0.000000 1247.213623 0.000000 0.581726 0.000000 -0.813385 0.362990 0.362990 0.362990
1824.344604 0.000000 1280.973877 0.000000 0.080521 0.000000 -0.996753 0.370443 0.370443 0.370443
1804.652466 0.000000 1268.083130 0.000000 0.087375 0.000000 -0.996176 0.368858 0.368858 0.368858
1833.897095 0.000000 1242.684570 0.000000 0.336900 0.000000 -0.941540 0.367371 0.367371 0.367371
1801.888916 0.000000 1297.921265 0.000000 0.259941 0.000000 -0.965625 0.368113 0.368113 0.368113
1809.216431 0.000000 1282.537476 0.000000 0.558975 0.000000 -0.829185 0.367555 0.367555 0.367555
1828.176392 0.000000 1286.675903 0.000000 0.582656 0.000000 -0.812719 0.362104 0.362104 0.362104
1801.807983 0.000000 1278.361816 0.000000 0.030880 0.000000 -0.999523 0.373816 0.373816 0.373816
1816.763672 0.000000 1273.387451 0.000000 0.048204 0.000000 -0.998838 0.370089 0.370089 0.370089
1837.456909 0.000000 1246.869751 0.000000 0.204893 0.000000 -0.978784 0.367884 0.367884 0.367884
1831.131470 0.000000 1277.635376 0.000000 0.423753 0.000000 -0.905778 0.365397 0.365397 0.365397
1809.116211 0.000000 1289.903809 0.000000 0.533827 0.000000 -0.845593 0.365981 0.365981 0.365981
1818.132568 0.000000 1277.108032 0.000000 0.059048 0.000000 -0.998255 0.370210 0.370210 0.370210
1798.113892 0.000000 1281.614746 0.000000 0.291888 0.000000 -0.956453 0.370326 0.370326 0.370326
1813.436035 0.000000 1293.954224 0.000000 0.383737 0.000000 -0.923442 0.368820 0.368820 0.368820
1813.228027 0.000000 1280.561401 0.000000 0.446871 0.000000 -0.894599 0.367710 0.367710 0.367710
1818.616211 0.000000 1266.738647 0.000000 0.248395 0.000000 -0.968659 0.369950 0.369950 0.369950
1812.862061 0.000000 1291.323242 0.000000 0.563867 0.000000 -0.825865 0.365453 0.365453 0.365453
1814.697754 0.000000 1289.174927 0.000000 0.290913 0.000000 -0.956749 0.372627 0.372627 0.372627
1813.388916 0.000000 1285.882080 0.000000 0.304629 0.000000 -0.952471 0.373254 0.373254 0.373254
1803.346924 0.000000 1290.620239 0.000000 0.157050 0.000000 -0.987591 0.371917 0.371917 0.371917
1794.873169 0.000000 1268.946533 0.000000 0.348970 0.000000 -0.937134 0.367242 0.367242 0.367242
1826.441895 0.000000 1276.619629 0.000000 0.213559 0.000000 -0.976930 0.369900 0.369900 0.369900
1808.687988 0.000000 1277.841431 0.000000 0.094379 0.000000 -0.995536 0.371994 0.371994 0.371994
1821.269653 0.000000 1244.815674 0.000000 0.353722 0.000000 -0.935351 0.367751 0.367751 0.367751
1816.755737 0.000000 1262.005493 0.000000 0.442786 0.000000 -0.896627 0.366520 0.366520 0.366520
1821.193848 0.000000 1268.867432 0.000000 0.554472 0.000000 -0.832202 0.364560 0.364560 0.364560
1807.784668 0.000000 1284.478882 0.000000 0.460262 0.000000 -0.887783 0.369665 0.369665 0.369665
1817.450073 0.000000 1290.353027 0.000000 0.512206 0.000000 -0.858863 0.366519 0.366519 0.366519
1806.936279 0.000000 1289.228149 0.000000 0.432614 0.000000 -0.901579 0.368307 0.368307 0.368307
1807.977173 0.000000 1291.723389 0.000000 0.293648 0.000000 -0.955914 0.371464 0.371464 0.371464
1862.599243 0.000000 1295.757202 0.000000 0.103940 0.000000 -0.994584 0.367173 0.367173 0.367173
1859.716309 0.000000 1283.762451 0.000000 0.488471 0.000000 -0.872580 0.363529 0.363529 0.363529
1870.124634 0.000000 1271.665039 0.000000 0.212874 0.000000 -0.977080 0.367658 0.367658 0.367658
1869.066528 0.000000 1295.872437 0.000000 0.105627 0.000000 -0.994406 0.367153 0.367153 0.367153
1872.020752 0.000000 1286.884521 0.000000 0.093096 0.000000 -0.995657 0.371819 0.371819 0.371819
1865.163696 0.000000 1281.957031 0.000000 0.470331 0.000000 -0.882490 0.364359 0.364359 0.364359
1874.408936 0.000000 1271.065796 0.000000 0.129792 0.000000 -0.991541 0.368253 0.368253 0.368253
1879.759277 0.000000 1286.782104 0.000000 0.147445 0.000000 -0.989070 0.369457 0.369457 0.369457
1861.963745 0.000000 1263.355225 0.000000 0.342300 0.000000 -0.939591 0.369318 0.369318 0.369318
1870.486328 0.000000 1281.338013 0.000000 0.279765 0.000000 -0.960068 0.370584 0.370584 0.370584
1871.977173 0.000000 1291.723389 0.000000 0.302675 0.000000 -0.953094 0.369980 0.369980 0.369980
1799.674683 0.000000 1323.086670 0.000000 0.236009 0.000000 -0.971751 0.367640 0.367640 0.367640
1802.048218 0.000000 1344.640991 0.000000 0.276541 0.000000 -0.961002 0.368044 0.368044 0.368044
1805.467529 0.000000 1314.695923 0.000000 0.512290 0.000000 -0.858812 0.364441 0.364441 0.364441
1817.268799 0.000000 1315.549805 0.000000 0.322016 0.000000 -0.946734 0.367866 0.367866 0.367866
1813.034912 0.000000 1339.857788 0.000000 0.228255 0.000000 -0.973601 0.367043 0.367043 0.367043
1799.693237 0.000000 1330.973145 0.000000 0.125804 0.000000 -0.992055 0.380107 0.380107 0.380107
1814.797119 0.000000 1300.115234 0.000000 0.291600 0.000000 -0.956541 0.364928 0.364928 0.364928
1818.840820 0.000000 1325.844971 0.000000 0.213767 0.000000 -0.976885 0.368416 0.368416 0.368416
1794.164551 0.000000 1318.512207 0.000000 0.378258 0.000000 -0.925700 0.367003 0.367003 0.367003
1830.465210 0.000000 1324.238403 0.000000 0.420276 0.000000 -0.907396 0.363313 0.363313 0.363313
1793.469238 0.000000 1353.688721 0.000000 0.203337 0.000000 -0.979109 0.367725 0.367725 0.367725
1819.974365 0.000000 1330.870117 0.000000 0.024129 0.000000 -0.999709 0.372232 0.372232 0.372232
1829.443237 0.000000 1318.942627 0.000000 0.467049 0.000000 -0.884231 0.365356 0.365356 0.365356
1809.893799 0.000000 1312.455444 0.000000 0.500402 0.000000 -0.865793 0.364908 0.364908 0.364908
1797.568970 0.000000 1303.158447 0.000000 0.339744 0.000000 -0.940518 0.365296 0.365296 0.365296
1801.424194 0.000000 1327.014404 0.000000 0.037079 0.000000 -0.999312 0.375061 0.375061 0.375061
1805.646240 0.000000 1339.886841 0.000000 0.149725 0.000000 -0.988728 0.373769 0.373769 0.373769
1814.003418 0.000000 1312.843018 0.000000 0.024207 0.000000 -0.999707 0.372230 0.372230 0.372230
1793.602173 0.000000 1329.513916 0.000000 0.292178 0.000000 -0.956364 0.378393 0.378393 0.378393
1792.110718 0.000000 1309.505127 0.000000 0.296330 0.000000 -0.955086 0.366201 0.366201 0.366201
1809.216431 0.000000 1339.021851 0.000000 0.165466 0.000000 -0.986216 0.370128 0.370128 0.370128
1827.651001 0.000000 1322.083008 0.000000 0.369303 0.000000 -0.929309 0.366985 0.366985 0.366985
1821.565796 0.000000 1342.439331 0.000000 0.376379 0.000000 -0.926466 0.365323 0.365323 0.365323
1803.443359 0.000000 1329.127686 0.000000 0.484792 0.000000 -0.874629 0.368792 0.368792 0.368792
1795.898438 0.000000 1351.897217 0.000000 0.265055 0.000000 -0.964233 0.368267 0.368267 0.368267
1818.616211 0.000000 1323.223022 0.000000 0.087778 0.000000 -0.996140 0.370602 0.370602 0.370602
1830.386963 0.000000 1321.488770 0.000000 0.238499 0.000000 -0.971143 0.369117 0.369117 0.369117
1811.100220 0.000000 1351.887573 0.000000 0.250591 0.000000 -0.968093 0.368880 0.368880 0.368880
1812.109741 0.000000 1310.830322 0.000000 0.332288 0.000000 -0.943178 0.367010 0.367010 0.367010
1806.569336 0.000000 1332.909424 0.000000 0.352463 0.000000 -0.935826 0.370574 0.370574 0.370574
1799.173218 0.000000 1328.347290 0.000000 0.062179 0.000000 -0.998065 0.380450 0.380450 0.380450
1811.875488 0.000000 1314.589478 0.000000 0.344741 0.000000 -0.938698 0.367040 0.367040 0.367040
1819.115234 0.000000 1328.424316 0.000000 0.169628 0.000000 -0.985508 0.370128 0.370128 0.370128
1792.956543 0.000000 1340.260498 0.000000 0.143374 0.000000 -0.989669 0.381794 0.381794 0.381794
1812.386963 0.000000 1325.937744 0.000000 0.268007 0.000000 -0.963417 0.368678 0.368678 0.368678
1799.851929 0.000000 1336.318115 0.000000 0.373641 0.000000 -0.927574 0.372160 0.372160 0.372160
1808.405029 0.000000 1336.695679 0.000000 0.554880 0.000000 -0.831930 0.365926 0.365926 0.365926
1803.910645 0.000000 1326.823608 0.000000 0.469241 0.000000 -0.883070 0.366882 0.366882 0.366882
1793.116211 0.000000 1335.639893 0.000000 0.158037 0.000000 -0.987433 0.381464 0.381464 0.381464
1793.729858 0.000000 1331.732910 0.000000 0.013674 0.000000 -0.999906 0.384695 0.384695 0.384695
1806.486328 0.000000 1337.822388 0.000000 0.559741 0.000000 -0.828668 0.367624 0.367624 0.367624
1803.567871 0.000000 1339.293945 0.000000 0.347209 0.000000 -0.937788 0.370988 0.370988 0.370988
1801.114258 0.000000 1329.254395 0.000000 0.366693 0.000000 -0.930342 0.372143 0.372143 0.372143
1965.255371 0.000000 1297.531738 0.000000 0.179058 0.000000 -0.983839 0.366163 0.366163 0.366163
1962.064331 0.000000 1293.980103 0.000000 0.415697 0.000000 -0.909503 0.367763 0.367763 0.367763
1956.100952 0.000000 1290.517578 0.000000 0.249770 0.000000 -0.968305 0.371254 0.371254 0.371254
1960.273193 0.000000 1292.871826 0.000000 0.110319 0.000000 -0.993896 0.375136 0.375136 0.375136
1960.552612 0.000000 1295.507446 0.000000 0.538785 0.000000 -0.842444 0.365625 0.365625 0.365625
1945.268799 0.000000 1315.549805 0.000000 0.502270 0.000000 -0.864711 0.363326 0.363326 0.363326
1981.524414 0.000000 1304.654053 0.000000 0.510080 0.000000 -0.860127 0.361989 0.361989 0.361989
1967.844604 0.000000 1306.251099 0.000000 0.504705 0.000000 -0.863292 0.362926 0.362926 0.362926
1968.446289 0.000000 1309.971436 0.000000 0.124702 0.000000 -0.992194 0.374192 0.374192 0.374192
1955.651001 0.000000 1322.083008 0.000000 0.555090 0.000000 -0.831790 0.365407 0.365407 0.365407
1971.006592 0.000000 1307.585693 0.000000 0.224748 0.000000 -0.974417 0.374664 0.374664 0.374664
1966.967163 0.000000 1314.517456 0.000000 0.207253 0.000000 -0.978287 0.371601 0.371601 0.371601
1183.273193 0.000000 1636.438965 0.000000 0.416928 0.000000 -0.908940 0.367593 0.367593 0.367593
1175.427856 0.000000 1630.557861 0.000000 0.197301 0.000000 -0.980343 0.370803 0.370803 0.370803
1173.636475 0.000000 1636.064697 0.000000 0.065331 0.000000 -0.997864 0.370784 0.370784 0.370784
1185.638062 0.000000 1628.331177 0.000000 0.223641 0.000000 -0.974672 0.368043 0.368043 0.368043
1190.643433 0.000000 1633.264648 0.000000 0.540248 0.000000 -0.841506 0.367346 0.367346 0.367346
1188.314209 0.000000 1634.958374 0.000000 0.243009 0.000000 -0.970024 0.372524 0.372524 0.372524
1190.352295 0.000000 1630.750977 0.000000 0.441671 0.000000 -0.897177 0.367608 0.367608 0.367608
1192.552612 0.000000 1634.413696 0.000000 0.086326 0.000000 -0.996267 0.375227 0.375227 0.375227
1219.834473 0.000000 1581.565063 0.000000 0.364964 0.000000 -0.931022 0.363652 0.363652 0.363652
1255.866577 0.000000 1623.266113 0.000000 0.567464 0.000000 -0.823398 0.361496 0.361496 0.361496
1237.428101 0.000000 1613.910156 0.000000 0.573905 0.000000 -0.818922 0.364044 0.364044 0.364044
1253.084961 0.000000 1596.360107 0.000000 0.473059 0.000000 -0.881031 0.363565 0.363565 0.363565
1254.465210 0.000000 1606.660278 0.000000 0.216492 0.000000 -0.976285 0.366369 0.366369 0.366369
1252.050049 0.000000 1617.852051 0.000000 0.413767 0.000000 -0.910383 0.365047 0.365047 0.365047
1221.568970 0.000000 1585.580322 0.000000 0.330311 0.000000 -0.943872 0.365529 0.365529 0.365529
1233.216431 0.000000 1621.443726 0.000000 0.050297 0.000000 -0.998734 0.377103 0.377103 0.377103
1233.983643 0.000000 1602.930786 0.000000 0.213150 0.000000 -0.977020 0.369609 0.369609 0.369609
1234.867188 0.000000 1624.526367 0.000000 0.237218 0.000000 -0.971456 0.371695 0.371695 0.371695
1237.228027 0.000000 1619.467651 0.000000 0.494852 0.000000 -0.868977 0.367346 0.367346 0.367346
1236.386963 0.000000 1608.359619 0.000000 0.425083 0.000000 -0.905154 0.366762 0.366762 0.366762
1242.281006 0.000000 1625.408813 0.000000 0.558754 0.000000 -0.829333 0.364398 0.364398 0.364398
1239.550293 0.000000 1623.351440 0.000000 0.163937 0.000000 -0.986471 0.371379 0.371379 0.371379
1234.130249 0.000000 1626.655762 0.000000 0.380094 0.000000 -0.924948 0.368573 0.368573 0.368573
1249.051514 0.000000 1613.754028 0.000000 0.051992 0.000000 -0.998648 0.374750 0.374750 0.374750
1213.734009 0.000000 1672.257080 0.000000 0.543467 0.000000 -0.839430 0.361708 0.361708 0.361708
1209.915649 0.000000 1648.761597 0.000000 0.047218 0.000000 -0.998885 0.369170 0.369170 0.369170
1208.634888 0.000000 1673.835449 0.000000 0.135326 0.000000 -0.990801 0.368057 0.368057 0.368057
1169.626343 0.000000 1643.256348 0.000000 0.073977 0.000000 -0.997260 0.368833 0.368833 0.368833
1174.302124 0.000000 1643.100952 0.000000 0.511965 0.000000 -0.859006 0.363408 0.363408 0.363408
1201.495239 0.000000 1638.146973 0.000000 0.020601 0.000000 -0.999788 0.370995 0.370995 0.370995
1188.294800 0.000000 1641.703613 0.000000 0.000711 0.000000 -1.000000 0.371471 0.371471 0.371471
1192.628784 0.000000 1644.187134 0.000000 0.160031 0.000000 -0.987112 0.371192 0.371192 0.371192
1238.797119 0.000000 1639.021484 0.000000 0.560431 0.000000 -0.828201 0.361981 0.361981 0.361981
1277.042114 0.000000 1750.189331 0.000000 0.045289 0.000000 -0.998974 0.368462 0.368462 0.368462
1341.734009 0.000000 1728.741455 0.000000 0.039306 0.000000 -0.999227 0.367463 0.367463 0.367463
1339.742432 0.000000 1732.208252 0.000000 0.432279 0.000000 -0.901740 0.364877 0.364877 0.364877
1769.206665 0.000000 1364.168701 0.000000 0.461940 0.000000 -0.886911 0.363389 0.363389 0.363389
1769.423462 0.000000 1388.047241 0.000000 0.328383 0.000000 -0.944545 0.366095 0.366095 0.366095
1789.734009 0.000000 1389.835205 0.000000 0.560695 0.000000 -0.828022 0.362446 0.362446 0.362446
1773.255371 0.000000 1410.500488 0.000000 0.237034 0.000000 -0.971501 0.365299 0.365299 0.365299
1749.428101 0.000000 1387.972656 0.000000 0.289307 0.000000 -0.957236 0.365793 0.365793 0.365793
1772.186279 0.000000 1403.333252 0.000000 0.413002 0.000000 -0.910730 0.367759 0.367759 0.367759
1786.134033 0.000000 1383.089478 0.000000 0.451360 0.000000 -0.892342 0.363439 0.363439 0.363439
1762.074463 0.000000 1361.144775 0.000000 0.546345 0.000000 -0.837560 0.362535 0.362535 0.362535
1782.872192 0.000000 1401.959351 0.000000 0.070840 0.000000 -0.997488 0.370511 0.370511 0.370511
1773.059937 0.000000 1398.016846 0.000000 0.225578 0.000000 -0.974225 0.370892 0.370892 0.370892
1766.720825 0.000000 1402.359619 0.000000 0.114861 0.000000 -0.993382 0.373022 0.373022 0.373022
1782.117310 0.000000 1362.646362 0.000000 0.272874 0.000000 -0.962050 0.366740 0.366740 0.366740
1784.851562 0.000000 1387.237427 0.000000 0.060981 0.000000 -0.998139 0.369063 0.369063 0.369063
1766.192993 0.000000 1361.331909 0.000000 0.145247 0.000000 -0.989395 0.368117 0.368117 0.368117
1789.449707 0.000000 1365.111206 0.000000 0.401292 0.000000 -0.915950 0.365935 0.365935 0.365935
1764.176392 0.000000 1399.644653 0.000000 0.150440 0.000000 -0.988619 0.370966 0.370966 0.370966
1770.699829 0.000000 1396.003784 0.000000 0.236378 0.000000 -0.971661 0.371651 0.371651 0.371651
1766.885986 0.000000 1399.786743 0.000000 0.060814 0.000000 -0.998149 0.374474 0.374474 0.374474
1773.601929 0.000000 1395.549927 0.000000 0.505224 0.000000 -0.862988 0.365511 0.365511 0.365511
1752.755737 0.000000 1374.974243 0.000000 0.362955 0.000000 -0.931807 0.368183 0.368183 0.368183
1774.584106 0.000000 1404.405518 0.000000 0.320487 0.000000 -0.947253 0.368922 0.368922 0.368922
1772.263306 0.000000 1405.800049 0.000000 0.378766 0.000000 -0.925492 0.369268 0.369268 0.369268
1768.632446 0.000000 1395.260132 0.000000 0.335918 0.000000 -0.941891 0.370069 0.370069 0.370069
1773.233887 0.000000 1438.006714 0.000000 0.076245 0.000000 -0.997089 0.369261 0.369261 0.369261
1764.050049 0.000000 1448.398926 0.000000 0.053335 0.000000 -0.998577 0.368298 0.368298 0.368298
1777.916626 0.000000 1429.899414 0.000000 0.269140 0.000000 -0.963101 0.366563 0.366563 0.366563
1762.074463 0.000000 1417.629150 0.000000 0.226263 0.000000 -0.974066 0.371468 0.371468 0.371468
1775.365356 0.000000 1442.912964 0.000000 0.560819 0.000000 -0.827939 0.363083 0.363083 0.363083
1770.133911 0.000000 1416.246704 0.000000 0.029848 0.000000 -0.999554 0.369591 0.369591 0.369591
1769.396362 0.000000 1425.868286 0.000000 0.411080 0.000000 -0.911599 0.365687 0.365687 0.365687
1786.875244 0.000000 1412.263916 0.000000 0.555332 0.000000 -0.831629 0.362528 0.362528 0.362528
1781.757935 0.000000 1431.474121 0.000000 0.313696 0.000000 -0.949523 0.365640 0.365640 0.365640
1787.875732 0.000000 1426.315552 0.000000 0.133116 0.000000 -0.991100 0.368336 0.368336 0.368336
1762.139526 0.000000 1413.835693 0.000000 0.217965 0.000000 -0.975957 0.368240 0.368240 0.368240
1776.763550 0.000000 1451.915771 0.000000 0.218507 0.000000 -0.975835 0.370297 0.370297 0.370297
1752.358154 0.000000 1420.620361 0.000000 0.348985 0.000000 -0.937128 0.366765 0.366765 0.366765
1767.443970 0.000000 1423.398804 0.000000 0.479369 0.000000 -0.877613 0.366515 0.366515 0.366515
1761.860474 0.000000 1420.850586 0.000000 0.328631 0.000000 -0.944458 0.369601 0.369601 0.369601
1766.658447 0.000000 1420.330322 0.000000 0.296222 0.000000 -0.955119 0.368478 0.368478 0.368478
1767.590698 0.000000 1415.724487 0.000000 0.214156 0.000000 -0.976799 0.369358 0.369358 0.369358
1795.834473 0.000000 1355.627563 0.000000 0.517054 0.000000 -0.855953 0.363376 0.363376 0.363376
1799.674683 0.000000 1379.571045 0.000000 0.066644 0.000000 -0.997777 0.369188 0.369188 0.369188
1810.736938 0.000000 1405.746094 0.000000 0.221253 0.000000 -0.975217 0.370019 0.370019 0.370019
1802.048218 0.000000 1401.125366 0.000000 0.131407 0.000000 -0.991329 0.368358 0.368358 0.368358
1814.797119 0.000000 1356.599609 0.000000 0.250561 0.000000 -0.968101 0.366348 0.366348 0.366348
1801.163696 0.000000 1394.925781 0.000000 0.377795 0.000000 -0.925889 0.364993 0.364993 0.364993
1831.675415 0.000000 1410.398926 0.000000 0.308111 0.000000 -0.951350 0.364945 0.364945 0.364945
1842.569214 0.000000 1411.598755 0.000000 0.426504 0.000000 -0.904486 0.364418 0.364418 0.364418
1792.110718 0.000000 1365.989502 0.000000 0.361728 0.000000 -0.932284 0.367258 0.367258 0.367258
1847.010986 0.000000 1410.577881 0.000000 0.494844 0.000000 -0.868982 0.363343 0.363343 0.363343
1813.436035 0.000000 1406.922974 0.000000 0.460902 0.000000 -0.887451 0.365216 0.365216 0.365216
1802.448364 0.000000 1359.229980 0.000000 0.133641 0.000000 -0.991030 0.370715 0.370715 0.370715
1796.014893 0.000000 1361.712036 0.000000 0.125279 0.000000 -0.992122 0.371973 0.371973 0.371973
1800.000732 0.000000 1359.686279 0.000000 0.122239 0.000000 -0.992501 0.372778 0.372778 0.372778
1897.206665 0.000000 1364.168701 0.000000 0.375785 0.000000 -0.926707 0.364814 0.364814 0.364814
1898.581665 0.000000 1374.429810 0.000000 0.335688 0.000000 -0.941973 0.366370 0.366370 0.366370
1908.449829 0.000000 1388.385498 0.000000 0.195173 0.000000 -0.980769 0.367353 0.367353 0.367353
1901.790894 0.000000 1368.963135 0.000000 0.518166 0.000000 -0.855280 0.362149 0.362149 0.362149
1901.059937 0.000000 1398.016846 0.000000 0.124164 0.000000 -0.992262 0.370347 0.370347 0.370347
1907.720459 0.000000 1393.496826 0.000000 0.564026 0.000000 -0.825757 0.362691 0.362691 0.362691
1883.974365 0.000000 1387.354492 0.000000 0.322725 0.000000 -0.946493 0.366770 0.366770 0.366770
1886.599976 0.000000 1405.328613 0.000000 0.581472 0.000000 -0.813566 0.362289 0.362289 0.362289
1869.883423 0.000000 1404.121216 0.000000 0.368730 0.000000 -0.929537 0.365430 0.365430 0.365430
1874.852783 0.000000 1392.232422 0.000000 0.496326 0.000000 -0.868136 0.368972 0.368972 0.368972
1876.194824 0.000000 1401.537842 0.000000 0.415199 0.000000 -0.909731 0.364877 0.364877 0.364877
1879.759277 0.000000 1399.750854 0.000000 0.329099 0.000000 -0.944296 0.367003 0.367003 0.367003
1890.996948 0.000000 1411.588379 0.000000 0.291107 0.000000 -0.956691 0.366382 0.366382 0.366382
1903.152222 0.000000 1401.095703 0.000000 0.470283 0.000000 -0.882516 0.365871 0.365871 0.365871
1880.763672 0.000000 1386.356201 0.000000 0.356200 0.000000 -0.934410 0.365657 0.365657 0.365657
1900.193481 0.000000 1376.569580 0.000000 0.010246 0.000000 -0.999947 0.372499 0.372499 0.372499
1901.601929 0.000000 1395.549927 0.000000 0.046377 0.000000 -0.998924 0.371912 0.371912 0.371912
1902.630737 0.000000 1379.401611 0.000000 0.107692 0.000000 -0.994184 0.372370 0.372370 0.372370
1870.486328 0.000000 1394.306763 0.000000 0.334189 0.000000 -0.942506 0.373968 0.373968 0.373968
1875.258667 0.000000 1394.518555 0.000000 0.496255 0.000000 -0.868177 0.371270 0.371270 0.371270
1795.834473 0.000000 1412.111938 0.000000 0.008645 0.000000 -0.999963 0.369929 0.369929 0.369929
1838.271362 0.000000 1449.397827 0.000000 0.024190 0.000000 -0.999707 0.372569 0.372569 0.372569
1811.298462 0.000000 1430.056519 0.000000 0.440674 0.000000 -0.897667 0.365143 0.365143 0.365143
1808.020752 0.000000 1456.337646 0.000000 0.458544 0.000000 -0.888671 0.363675 0.363675 0.363675
1850.165039 0.000000 1434.660034 0.000000 0.512497 0.000000 -0.858689 0.363039 0.363039 0.363039
1828.590088 0.000000 1422.116089 0.000000 0.392792 0.000000 -0.919627 0.366011 0.366011 0.366011
1854.127319 0.000000 1429.549316 0.000000 0.054952 0.000000 -0.998489 0.369338 0.369338 0.369338
1823.822266 0.000000 1438.170532 0.000000 0.535059 0.000000 -0.844815 0.364112 0.364112 0.364112
1805.646240 0.000000 1452.855591 0.000000 0.412834 0.000000 -0.910806 0.364660 0.364660 0.364660
1836.817139 0.000000 1421.635376 0.000000 0.378866 0.000000 -0.925452 0.366063 0.366063 0.366063
1808.310547 0.000000 1436.903931 0.000000 0.199854 0.000000 -0.979826 0.370225 0.370225 0.370225
1801.807983 0.000000 1447.814941 0.000000 0.385384 0.000000 -0.922756 0.364992 0.364992 0.364992
1840.763550 0.000000 1451.915771 0.000000 0.217441 0.000000 -0.976073 0.367833 0.367833 0.367833
1841.098145 0.000000 1426.485352 0.000000 0.550165 0.000000 -0.835056 0.363255 0.363255 0.363255
1844.612793 0.000000 1427.821411 0.000000 0.507160 0.000000 -0.861852 0.363481 0.363481 0.363481
1831.443970 0.000000 1423.398804 0.000000 0.495832 0.000000 -0.868418 0.364892 0.364892 0.364892
1842.335327 0.000000 1433.002441 0.000000 0.103742 0.000000 -0.994604 0.372559 0.372559 0.372559
1835.534790 0.000000 1428.099121 0.000000 0.582555 0.000000 -0.812791 0.363930 0.363930 0.363930
1834.549194 0.000000 1423.220703 0.000000 0.134895 0.000000 -0.990860 0.370634 0.370634 0.370634
1834.451904 0.000000 1447.043457 0.000000 0.402497 0.000000 -0.915421 0.366826 0.366826 0.366826
1836.193481 0.000000 1433.053955 0.000000 0.538848 0.000000 -0.842403 0.365318 0.365318 0.365318
1828.193237 0.000000 1419.568359 0.000000 0.341024 0.000000 -0.940055 0.366989 0.366989 0.366989
1815.654907 0.000000 1445.764893 0.000000 0.305455 0.000000 -0.952206 0.369328 0.369328 0.369328
1838.630737 0.000000 1435.885986 0.000000 0.316266 0.000000 -0.948671 0.371118 0.371118 0.371118
1821.193848 0.000000 1438.320557 0.000000 0.473193 0.000000 -0.880959 0.366341 0.366341 0.366341
1836.304199 0.000000 1435.808716 0.000000 0.523925 0.000000 -0.851765 0.367814 0.367814 0.367814
1832.507935 0.000000 1436.531738 0.000000 0.435867 0.000000 -0.900011 0.374951 0.374951 0.374951
1863.674683 0.000000 1436.055420 0.000000 0.211532 0.000000 -0.977371 0.365185 0.365185 0.365185
1876.950073 0.000000 1421.278564 0.000000 0.195438 0.000000 -0.980716 0.369091 0.369091 0.369091
1886.802368 0.000000 1412.170532 0.000000 0.108198 0.000000 -0.994129 0.371467 0.371467 0.371467
1901.901245 0.000000 1413.063843 0.000000 0.134854 0.000000 -0.990865 0.368314 0.368314 0.368314
1878.797119 0.000000 1413.083984 0.000000 0.198522 0.000000 -0.980096 0.368508 0.368508 0.368508
1857.476685 0.000000 1418.568115 0.000000 0.421438 0.000000 -0.906857 0.364737 0.364737 0.364737
1863.651001 0.000000 1429.596802 0.000000 0.419775 0.000000 -0.907628 0.364761 0.364761 0.364761
2011.974365 0.000000 1443.838867 0.000000 0.217497 0.000000 -0.976061 0.367124 0.367124 0.367124
2020.590088 0.000000 1422.116089 0.000000 0.534131 0.000000 -0.845401 0.363863 0.363863 0.363863
2007.538208 0.000000 1448.396240 0.000000 0.392361 0.000000 -0.919811 0.364640 0.364640 0.364640
2007.828003 0.000000 1436.286133 0.000000 0.500584 0.000000 -0.865688 0.365180 0.365180 0.365180
2026.478760 0.000000 1437.846436 0.000000 0.501946 0.000000 -0.864899 0.364655 0.364655 0.364655
2019.895264 0.000000 1424.623047 0.000000 0.072123 0.000000 -0.997396 0.371213 0.371213 0.371213
1306.616821 0.000000 2435.037598 0.000000 0.141318 0.000000 -0.989964 0.381841 0.381841 0.381841
1289.939697 0.000000 2444.116455 0.000000 0.548568 0.000000 -0.836106 0.371846 0.371846 0.371846
1308.903564 0.000000 2435.449463 0.000000 0.536601 0.000000 -0.843836 0.370449 0.370449 0.370449
1302.302124 0.000000 2603.335205 0.000000 0.503039 0.000000 -0.864264 0.362950 0.362950 0.362950
1929.597778 0.000000 2309.250488 0.000000 0.204577 0.000000 -0.978850 0.371525 0.371525 0.371525
1714.281372 0.000000 2641.350342 0.000000 0.150027 0.000000 -0.988682 0.365946 0.365946 0.365946
1725.042114 0.000000 2653.939453 0.000000 0.342298 0.000000 -0.939592 0.367023 0.367023 0.367023
1726.612427 0.000000 2649.921631 0.000000 0.412591 0.000000 -0.910916 0.369268 0.369268 0.369268
1698.996948 0.000000 2654.244629 0.000000 0.304926 0.000000 -0.952376 0.368290 0.368290 0.368290
1722.308594 0.000000 2642.880859 0.000000 0.525841 0.000000 -0.850583 0.363064 0.363064 0.363064
1716.391968 0.000000 2646.667969 0.000000 0.377056 0.000000 -0.926190 0.366349 0.366349 0.366349
1700.314209 0.000000 2651.677246 0.000000 0.143177 0.000000 -0.989697 0.370825 0.370825 0.370825
1726.888184 0.000000 2634.906250 0.000000 0.354472 0.000000 -0.935067 0.366842 0.366842 0.366842
1708.263306 0.000000 2648.456299 0.000000 0.470958 0.000000 -0.882155 0.366427 0.366427 0.366427
1742.189453 0.000000 2634.725098 0.000000 0.341178 0.000000 -0.939999 0.364956 0.364956 0.364956
1749.034912 0.000000 2638.998291 0.000000 0.105676 0.000000 -0.994401 0.370609 0.370609 0.370609
1731.716309 0.000000 2639.387451 0.000000 0.329222 0.000000 -0.944252 0.365328 0.365328 0.365328
1741.066528 0.000000 2651.497559 0.000000 0.283337 0.000000 -0.959020 0.367496 0.367496 0.367496
1732.956909 0.000000 2644.448242 0.000000 0.074563 0.000000 -0.997216 0.380199 0.380199 0.380199
1741.883423 0.000000 2646.777344 0.000000 0.147197 0.000000 -0.989107 0.373377 0.373377 0.373377
1746.852783 0.000000 2634.888672 0.000000 0.036354 0.000000 -0.999339 0.375810 0.375810 0.375810
1731.856934 0.000000 2648.353271 0.000000 0.384023 0.000000 -0.923323 0.370974 0.370974 0.370974
1741.152710 0.000000 2643.512207 0.000000 0.083459 0.000000 -0.996511 0.372287 0.372287 0.372287
1756.116333 0.000000 2653.696777 0.000000 0.570697 0.000000 -0.821161 0.366416 0.366416 0.366416
1764.314209 0.000000 2651.677246 0.000000 0.502569 0.000000 -0.864537 0.366834 0.366834 0.366834
1731.168213 0.000000 2642.233887 0.000000 0.515969 0.000000 -0.856607 0.365640 0.365640 0.365640
1744.687988 0.000000 2633.466309 0.000000 0.395212 0.000000 -0.918590 0.366891 0.366891 0.366891
1730.854492 0.000000 2645.828125 0.000000 0.048316 0.000000 -0.998832 0.375808 0.375808 0.375808
1733.188354 0.000000 2641.021240 0.000000 0.585846 0.000000 -0.810422 0.365233 0.365233 0.365233
1671.674683 0.000000 2678.711670 0.000000 0.239994 0.000000 -0.970774 0.367180 0.367180 0.367180
1682.736938 0.000000 2704.886719 0.000000 0.272851 0.000000 -0.962056 0.370416 0.370416 0.370416
1678.189453 0.000000 2691.209473 0.000000 0.290024 0.000000 -0.957019 0.366118 0.366118 0.366118
1695.430420 0.000000 2665.537598 0.000000 0.196747 0.000000 -0.980454 0.372671 0.372671 0.372671
1702.270874 0.000000 2656.172607 0.000000 0.197169 0.000000 -0.980370 0.368706 0.368706 0.368706
1709.790894 0.000000 2668.103760 0.000000 0.316477 0.000000 -0.948600 0.365440 0.365440 0.365440
1678.716187 0.000000 2664.499268 0.000000 0.168072 0.000000 -0.985775 0.375908 0.375908 0.375908
1713.916626 0.000000 2672.555664 0.000000 0.334110 0.000000 -0.942534 0.364618 0.364618 0.364618
1673.095337 0.000000 2666.752930 0.000000 0.155929 0.000000 -0.987768 0.369587 0.369587 0.369587
1718.872192 0.000000 2701.100098 0.000000 0.243234 0.000000 -0.969968 0.373331 0.373331 0.373331
1702.720825 0.000000 2701.500244 0.000000 0.271149 0.000000 -0.962538 0.366083 0.366083 0.366083
1721.614258 0.000000 2707.146729 0.000000 0.537204 0.000000 -0.843452 0.364646 0.364646 0.364646
1687.538208 0.000000 2691.052490 0.000000 0.204885 0.000000 -0.978786 0.368003 0.368003 0.368003
1706.133911 0.000000 2658.903076 0.000000 0.318045 0.000000 -0.948076 0.366836 0.366836 0.366836
1684.194824 0.000000 2700.678467 0.000000 0.320136 0.000000 -0.947372 0.369798 0.369798 0.369798
1673.424194 0.000000 2682.639404 0.000000 0.407669 0.000000 -0.913130 0.366040 0.366040 0.366040
1697.638062 0.000000 2701.534180 0.000000 0.203350 0.000000 -0.979106 0.366830 0.366830 0.366830
1706.157837 0.000000 2677.601807 0.000000 0.471488 0.000000 -0.881872 0.366323 0.366323 0.366323
1674.276367 0.000000 2675.373047 0.000000 0.378275 0.000000 -0.925693 0.371912 0.371912 0.371912
1713.158813 0.000000 2689.394043 0.000000 0.175691 0.000000 -0.984445 0.368639 0.368639 0.368639
1710.444580 0.000000 2706.127930 0.000000 0.319551 0.000000 -0.947569 0.366652 0.366652 0.366652
1679.712891 0.000000 2673.379883 0.000000 0.480526 0.000000 -0.876981 0.370934 0.370934 0.370934
1692.263916 0.000000 2664.061768 0.000000 0.319310 0.000000 -0.947650 0.370955 0.370955 0.370955
1693.565796 0.000000 2698.064453 0.000000 0.366049 0.000000 -0.930596 0.365781 0.365781 0.365781
1703.553711 0.000000 2671.968018 0.000000 0.108874 0.000000 -0.994056 0.376694 0.376694 0.376694
1690.132568 0.000000 2689.217529 0.000000 0.362479 0.000000 -0.931992 0.366880 0.366880 0.366880
1682.867188 0.000000 2697.729492 0.000000 0.498217 0.000000 -0.867052 0.366549 0.366549 0.366549
1704.221680 0.000000 2675.208984 0.000000 0.468915 0.000000 -0.883243 0.367171 0.367171 0.367171
1714.616577 0.000000 2700.818848 0.000000 0.363140 0.000000 -0.931735 0.368127 0.368127 0.368127
1675.443359 0.000000 2684.752686 0.000000 0.313299 0.000000 -0.949655 0.370131 0.370131 0.370131
1693.260010 0.000000 2689.034912 0.000000 0.030855 0.000000 -0.999524 0.371798 0.371798 0.371798
1683.100220 0.000000 2707.512451 0.000000 0.337463 0.000000 -0.941339 0.368006 0.368006 0.368006
1684.109741 0.000000 2666.455322 0.000000 0.402017 0.000000 -0.915632 0.369816 0.369816 0.369816
1684.724731 0.000000 2684.466064 0.000000 0.458007 0.000000 -0.888949 0.365836 0.365836 0.365836
1702.658447 0.000000 2662.986572 0.000000 0.418223 0.000000 -0.908345 0.366526 0.366526 0.366526
1683.875488 0.000000 2670.214355 0.000000 0.167912 0.000000 -0.985802 0.375115 0.375115 0.375115
1687.654907 0.000000 2688.421143 0.000000 0.380001 0.000000 -0.924986 0.367027 0.367027 0.367027
1722.085693 0.000000 2701.924316 0.000000 0.558573 0.000000 -0.829455 0.365897 0.365897 0.365897
1681.307007 0.000000 2665.711426 0.000000 0.539635 0.000000 -0.841899 0.366703 0.366703 0.366703
1693.269653 0.000000 2656.925049 0.000000 0.296437 0.000000 -0.955052 0.377240 0.377240 0.377240
1695.881958 0.000000 2657.415039 0.000000 0.427290 0.000000 -0.904115 0.372400 0.372400 0.372400
1699.024292 0.000000 2675.337646 0.000000 0.280168 0.000000 -0.959951 0.369902 0.369902 0.369902
1677.917725 0.000000 2686.211914 0.000000 0.536970 0.000000 -0.843601 0.366405 0.366405 0.366405
1692.442627 0.000000 2654.782959 0.000000 0.027567 0.000000 -0.999620 0.379531 0.379531 0.379531
1686.295044 0.000000 2662.238770 0.000000 0.143347 0.000000 -0.989672 0.376620 0.376620 0.376620
1695.716431 0.000000 2695.216309 0.000000 0.119850 0.000000 -0.992792 0.379154 0.379154 0.379154
1770.581665 0.000000 2673.570557 0.000000 0.235169 0.000000 -0.971954 0.365147 0.365147 0.365147
1779.915527 0.000000 2666.806885 0.000000 0.166418 0.000000 -0.986055 0.366128 0.366128 0.366128
1737.453857 0.000000 2661.084961 0.000000 0.256981 0.000000 -0.966416 0.365464 0.365464 0.365464
1761.639404 0.000000 2684.803223 0.000000 0.469237 0.000000 -0.883072 0.365700 0.365700 0.365700
1789.524414 0.000000 2660.279053 0.000000 0.581401 0.000000 -0.813617 0.363411 0.363411 0.363411
1753.924683 0.000000 2708.006104 0.000000 0.100807 0.000000 -0.994906 0.371063 0.371063 0.371063
1729.476685 0.000000 2661.224365 0.000000 0.362894 0.000000 -0.931830 0.365983 0.365983 0.365983
1769.396362 0.000000 2668.524414 0.000000 0.254019 0.000000 -0.967199 0.366074 0.366074 0.366074
1745.114990 0.000000 2709.325439 0.000000 0.197294 0.000000 -0.980344 0.366906 0.366906 0.366906
1783.430908 0.000000 2668.642578 0.000000 0.158465 0.000000 -0.987365 0.369613 0.369613 0.369613
1728.173096 0.000000 2656.590332 0.000000 0.091254 0.000000 -0.995828 0.368938 0.368938 0.368938
1787.875732 0.000000 2668.971924 0.000000 0.369002 0.000000 -0.929429 0.370064 0.370064 0.370064
1764.675659 0.000000 2687.607666 0.000000 0.328352 0.000000 -0.944555 0.368310 0.368310 0.368310
1743.844482 0.000000 2657.892822 0.000000 0.528726 0.000000 -0.848792 0.363774 0.363774 0.363774
1734.297607 0.000000 2656.113770 0.000000 0.192213 0.000000 -0.981353 0.370039 0.370039 0.370039
1767.590698 0.000000 2658.380859 0.000000 0.351871 0.000000 -0.936049 0.370373 0.370373 0.370373
1751.931152 0.000000 2706.482910 0.000000 0.131810 0.000000 -0.991275 0.371118 0.371118 0.371118
1763.024292 0.000000 2675.337646 0.000000 0.562516 0.000000 -0.826787 0.365480 0.365480 0.365480
1747.281494 0.000000 2710.420166 0.000000 0.523430 0.000000 -0.852068 0.368270 0.368270 0.368270
1776.749756 0.000000 2677.373291 0.000000 0.440249 0.000000 -0.897876 0.369874 0.369874 0.369874
1756.442627 0.000000 2654.782959 0.000000 0.336054 0.000000 -0.941843 0.369154 0.369154 0.369154
1811.100220 0.000000 2651.028076 0.000000 0.225679 0.000000 -0.974202 0.368661 0.368661 0.368661
1806.189453 0.000000 2691.209473 0.000000 0.175354 0.000000 -0.984505 0.368156 0.368156 0.368156
1823.949707 0.000000 2689.021729 0.000000 0.427425 0.000000 -0.904051 0.363862 0.363862 0.363862
1823.822266 0.000000 2680.826660 0.000000 0.469314 0.000000 -0.883031 0.363429 0.363429 0.363429
1815.759277 0.000000 2698.891357 0.000000 0.234410 0.000000 -0.972138 0.368653 0.368653 0.368653
1809.983643 0.000000 2676.133789 0.000000 0.095781 0.000000 -0.995402 0.370620 0.370620 0.370620
1816.982788 0.000000 2658.639404 0.000000 0.096200 0.000000 -0.995362 0.372095 0.372095 0.372095
1806.452148 0.000000 2710.360352 0.000000 0.533391 0.000000 -0.845869 0.364095 0.364095 0.364095
1709.255371 0.000000 2766.125488 0.000000 0.267748 0.000000 -0.963489 0.370613 0.370613 0.370613
1725.524414 0.000000 2716.763428 0.000000 0.072389 0.000000 -0.997377 0.371995 0.371995 0.371995
1718.117310 0.000000 2718.271484 0.000000 0.177636 0.000000 -0.984096 0.369586 0.369586 0.369586
1714.317383 0.000000 2714.441162 0.000000 0.536600 0.000000 -0.843837 0.364437 0.364437 0.364437
1710.444580 0.000000 2762.612305 0.000000 0.510920 0.000000 -0.859628 0.364554 0.364554 0.364554
1692.682983 0.000000 2724.683838 0.000000 0.185982 0.000000 -0.982553 0.371824 0.371824 0.371824
1716.968994 0.000000 2715.607910 0.000000 0.158923 0.000000 -0.987291 0.372812 0.372812 0.372812
1688.982788 0.000000 2715.123779 0.000000 0.064387 0.000000 -0.997925 0.375930 0.375930 0.375930
1686.908936 0.000000 2722.249756 0.000000 0.070382 0.000000 -0.997520 0.373074 0.373074 0.373074
1684.109741 0.000000 2722.939697 0.000000 0.451460 0.000000 -0.892291 0.365653 0.365653 0.365653
1711.961792 0.000000 2766.510010 0.000000 0.558390 0.000000 -0.829579 0.368807 0.368807 0.368807
1720.373535 0.000000 2711.388428 0.000000 0.178902 0.000000 -0.983867 0.372667 0.372667 0.372667
1721.682983 0.000000 2713.405762 0.000000 0.310058 0.000000 -0.950718 0.372271 0.372271 0.372271
1692.903564 0.000000 2717.871338 0.000000 0.402701 0.000000 -0.915332 0.371269 0.371269 0.371269
1684.737915 0.000000 2711.252930 0.000000 0.075008 0.000000 -0.997183 0.372414 0.372414 0.372414
1778.281372 0.000000 2754.319092 0.000000 0.232906 0.000000 -0.972499 0.367157 0.367157 0.367157
1741.467529 0.000000 2726.805176 0.000000 0.099457 0.000000 -0.995042 0.367033 0.367033 0.367033
1789.042114 0.000000 2766.908203 0.000000 0.527712 0.000000 -0.849423 0.363612 0.363612 0.363612
1742.716187 0.000000 2720.983643 0.000000 0.405794 0.000000 -0.913964 0.367983 0.367983 0.367983
1737.095337 0.000000 2723.237305 0.000000 0.476942 0.000000 -0.878935 0.362665 0.362665 0.362665
1732.956909 0.000000 2757.416992 0.000000 0.584050 0.000000 -0.811718 0.364399 0.364399 0.364399
1737.597778 0.000000 2761.125488 0.000000 0.227009 0.000000 -0.973893 0.367587 0.367587 0.367587
1746.973877 0.000000 2712.652832 0.000000 0.109597 0.000000 -0.993976 0.376042 0.376042 0.376042
1741.152710 0.000000 2756.480957 0.000000 0.293180 0.000000 -0.956057 0.373586 0.373586 0.373586
1731.168213 0.000000 2755.202637 0.000000 0.491552 0.000000 -0.870848 0.365100 0.365100 0.365100
1747.922729 0.000000 2715.049316 0.000000 0.384407 0.000000 -0.923164 0.369374 0.369374 0.369374
1791.545410 0.000000 2743.208984 0.000000 0.560642 0.000000 -0.828059 0.364024 0.364024 0.364024
1742.936279 0.000000 2757.822021 0.000000 0.266815 0.000000 -0.963748 0.370628 0.370628 0.370628
1709.901245 0.000000 2768.688721 0.000000 0.215469 0.000000 -0.976511 0.369812 0.369812 0.369812
1727.290771 0.000000 2768.139404 0.000000 0.371365 0.000000 -0.928487 0.365237 0.365237 0.365237
1725.449707 0.000000 2777.220459 0.000000 0.480371 0.000000 -0.877065 0.363880 0.363880 0.363880
1716.340698 0.000000 2768.070557 0.000000 0.109934 0.000000 -0.993939 0.371506 0.371506 0.371506
1731.834473 0.000000 2767.736816 0.000000 0.445100 0.000000 -0.895481 0.362991 0.362991 0.362991
1789.042114 0.000000 2823.392578 0.000000 0.262876 0.000000 -0.964830 0.365506 0.365506 0.365506
1742.146729 0.000000 2789.587891 0.000000 0.462965 0.000000 -0.886377 0.365231 0.365231 0.365231
1777.916626 0.000000 2785.524414 0.000000 0.088664 0.000000 -0.996062 0.383022 0.383022 0.383022
1785.614258 0.000000 2820.115479 0.000000 0.521937 0.000000 -0.852984 0.362766 0.362766 0.362766
1733.568970 0.000000 2771.752197 0.000000 0.006055 0.000000 -0.999982 0.371808 0.371808 0.371808
1769.396362 0.000000 2781.493164 0.000000 0.141772 0.000000 -0.989899 0.373030 0.373030 0.373030
1743.712891 0.000000 2786.348633 0.000000 0.517645 0.000000 -0.855595 0.363861 0.363861 0.363861
1777.098145 0.000000 2782.110352 0.000000 0.459252 0.000000 -0.888306 0.374368 0.374368 0.374368
1767.553711 0.000000 2784.936768 0.000000 0.352914 0.000000 -0.935656 0.371571 0.371571 0.371571
1782.928345 0.000000 2784.619385 0.000000 0.208081 0.000000 -0.978112 0.372896 0.372896 0.372896
1732.014893 0.000000 2773.821533 0.000000 0.395177 0.000000 -0.918605 0.367858 0.367858 0.367858
1769.380981 0.000000 2783.681885 0.000000 0.076426 0.000000 -0.997075 0.381337 0.381337 0.381337
1801.095337 0.000000 2723.237305 0.000000 0.552963 0.000000 -0.833206 0.363640 0.363640 0.363640
1822.599976 0.000000 2760.953613 0.000000 0.335669 0.000000 -0.941980 0.365887 0.365887 0.365887
1793.602173 0.000000 2741.623291 0.000000 0.027475 0.000000 -0.999623 0.371644 0.371644 0.371644
1810.973877 0.000000 2712.652832 0.000000 0.227325 0.000000 -0.973819 0.367934 0.367934 0.367934
1847.010986 0.000000 2766.202881 0.000000 0.583026 0.000000 -0.812454 0.363466 0.363466 0.363466
1794.892212 0.000000 2749.451172 0.000000 0.553383 0.000000 -0.832927 0.365396 0.365396 0.365396
1857.469238 0.000000 2765.798096 0.000000 0.579208 0.000000 -0.815180 0.363324 0.363324 0.363324
1826.074463 0.000000 2773.254150 0.000000 0.476302 0.000000 -0.879282 0.362673 0.362673 0.362673
1812.194824 0.000000 2813.647217 0.000000 0.296399 0.000000 -0.955064 0.365645 0.365645 0.365645
1815.759277 0.000000 2811.860107 0.000000 0.271722 0.000000 -0.962376 0.368114 0.368114 0.368114
1824.344604 0.000000 2806.052002 0.000000 0.308845 0.000000 -0.951112 0.378004 0.378004 0.378004
1828.219849 0.000000 2807.891846 0.000000 0.358813 0.000000 -0.933409 0.376823 0.376823 0.376823
1823.085693 0.000000 2775.363281 0.000000 0.012150 0.000000 -0.999926 0.370633 0.370633 0.370633
1821.536743 0.000000 2807.747559 0.000000 0.079137 0.000000 -0.996864 0.373134 0.373134 0.373134
1826.794434 0.000000 2805.993896 0.000000 0.462514 0.000000 -0.886612 0.373858 0.373858 0.373858
1825.958618 0.000000 2807.963379 0.000000 0.554229 0.000000 -0.832364 0.371911 0.371911 0.371911
1884.282104 0.000000 2804.630371 0.000000 0.190163 0.000000 -0.981753 0.365609 0.365609 0.365609
1874.736938 0.000000 2817.855469 0.000000 0.344274 0.000000 -0.938869 0.369870 0.369870 0.369870
1887.430420 0.000000 2778.506348 0.000000 0.270317 0.000000 -0.962771 0.365131 0.365131 0.365131
1863.693237 0.000000 2799.566895 0.000000 0.313206 0.000000 -0.949685 0.367288 0.367288 0.367288
1878.797119 0.000000 2768.708984 0.000000 0.547774 0.000000 -0.836626 0.361734 0.361734 0.361734
1914.134033 0.000000 2795.198730 0.000000 0.382183 0.000000 -0.924087 0.366478 0.366478 0.366478
1888.909058 0.000000 2809.977783 0.000000 0.030572 0.000000 -0.999533 0.370120 0.370120 0.370120
1872.020752 0.000000 2811.962646 0.000000 0.404049 0.000000 -0.914737 0.370989 0.370989 0.370989
1890.074463 0.000000 2773.254150 0.000000 0.251251 0.000000 -0.967922 0.366914 0.366914 0.366914
1865.163696 0.000000 2807.035156 0.000000 0.015682 0.000000 -0.999877 0.371742 0.371742 0.371742
1907.521606 0.000000 2795.743164 0.000000 0.399415 0.000000 -0.916770 0.366216 0.366216 0.366216
1874.852783 0.000000 2804.341797 0.000000 0.227788 0.000000 -0.973711 0.374372 0.374372 0.374372
1879.538208 0.000000 2804.021240 0.000000 0.014593 0.000000 -0.999894 0.374136 0.374136 0.374136
1898.064331 0.000000 2819.058105 0.000000 0.425785 0.000000 -0.904825 0.369962 0.369962 0.369962
1918.018555 0.000000 2793.629395 0.000000 0.222417 0.000000 -0.974952 0.368590 0.368590 0.368590
1857.602173 0.000000 2798.107666 0.000000 0.470284 0.000000 -0.882515 0.365116 0.365116 0.365116
1879.759277 0.000000 2811.860107 0.000000 0.121524 0.000000 -0.992589 0.373803 0.373803 0.373803
1904.887695 0.000000 2792.609863 0.000000 0.095545 0.000000 -0.995425 0.370172 0.370172 0.370172
1873.216431 0.000000 2807.615723 0.000000 0.217965 0.000000 -0.975956 0.376562 0.376562 0.376562
1912.579102 0.000000 2816.896729 0.000000 0.056305 0.000000 -0.998414 0.375474 0.375474 0.375474
1873.116211 0.000000 2814.981934 0.000000 0.101813 0.000000 -0.994804 0.375540 0.375540 0.375540
1908.391968 0.000000 2816.121094 0.000000 0.412702 0.000000 -0.910866 0.370167 0.370167 0.370167
1871.844482 0.000000 2770.861572 0.000000 0.542016 0.000000 -0.840368 0.364301 0.364301 0.364301
1881.163940 0.000000 2823.593750 0.000000 0.412288 0.000000 -0.911054 0.369223 0.369223 0.369223
1911.542480 0.000000 2790.864258 0.000000 0.120258 0.000000 -0.992743 0.370275 0.370275 0.370275
1870.569336 0.000000 2801.503174 0.000000 0.047491 0.000000 -0.998872 0.371297 0.371297 0.371297
1894.352295 0.000000 2816.922852 0.000000 0.084176 0.000000 -0.996451 0.374355 0.374355 0.374355
1884.691528 0.000000 2815.826660 0.000000 0.444942 0.000000 -0.895560 0.371865 0.371865 0.371865
1888.506104 0.000000 2812.392090 0.000000 0.233835 0.000000 -0.972276 0.375892 0.375892 0.375892
1911.341309 0.000000 2819.026367 0.000000 0.096313 0.000000 -0.995351 0.374219 0.374219 0.374219
1871.784668 0.000000 2809.557129 0.000000 0.251151 0.000000 -0.967948 0.374338 0.374338 0.374338
1879.825562 0.000000 2821.654785 0.000000 0.295166 0.000000 -0.955446 0.369271 0.369271 0.369271
1875.258667 0.000000 2806.627930 0.000000 0.345559 0.000000 -0.938397 0.373147 0.373147 0.373147
1910.447144 0.000000 2816.943848 0.000000 0.305967 0.000000 -0.952042 0.371246 0.371246 0.371246
1896.273193 0.000000 2817.949951 0.000000 0.258963 0.000000 -0.965887 0.370472 0.370472 0.370472
1981.042114 0.000000 2766.908203 0.000000 0.295270 0.000000 -0.955414 0.365382 0.365382 0.365382
2019.530884 0.000000 2761.838623 0.000000 0.222180 0.000000 -0.975006 0.365475 0.365475 0.365475
2023.866577 0.000000 2752.953613 0.000000 0.489419 0.000000 -0.872049 0.366384 0.366384 0.366384
2013.075928 0.000000 2763.650146 0.000000 0.516396 0.000000 -0.856350 0.365003 0.365003 0.365003
2014.662720 0.000000 2757.440430 0.000000 0.067343 0.000000 -0.997730 0.373120 0.373120 0.373120
2012.691528 0.000000 2759.342285 0.000000 0.198614 0.000000 -0.980078 0.370363 0.370363 0.370363
1961.206665 0.000000 2776.278076 0.000000 0.470262 0.000000 -0.882527 0.366958 0.366958 0.366958
1962.581665 0.000000 2786.539307 0.000000 0.297466 0.000000 -0.954732 0.370676 0.370676 0.370676
1951.430420 0.000000 2778.506348 0.000000 0.346406 0.000000 -0.938085 0.366590 0.366590 0.366590
1950.773926 0.000000 2784.206055 0.000000 0.516355 0.000000 -0.856375 0.365633 0.365633 0.365633
1983.290771 0.000000 2768.139404 0.000000 0.284587 0.000000 -0.958650 0.369999 0.369999 0.369999
1956.590088 0.000000 2777.740967 0.000000 0.187526 0.000000 -0.982260 0.370229 0.370229 0.370229
1936.913574 0.000000 2800.304443 0.000000 0.267207 0.000000 -0.963639 0.369543 0.369543 0.369543
1957.993652 0.000000 2797.297607 0.000000 0.472100 0.000000 -0.881545 0.363531 0.363531 0.363531
1920.390503 0.000000 2811.284424 0.000000 0.560223 0.000000 -0.828342 0.362624 0.362624 0.362624
1977.786499 0.000000 2772.259277 0.000000 0.157073 0.000000 -0.987587 0.377411 0.377411 0.377411
1948.682983 0.000000 2781.168213 0.000000 0.363035 0.000000 -0.931776 0.365771 0.365771 0.365771
1937.983643 0.000000 2789.102539 0.000000 0.495527 0.000000 -0.868593 0.364713 0.364713 0.364713
1969.098145 0.000000 2782.110352 0.000000 0.040141 0.000000 -0.999194 0.370263 0.370263 0.370263
1971.006592 0.000000 2776.179443 0.000000 0.119115 0.000000 -0.992880 0.372004 0.372004 0.372004
1970.335327 0.000000 2788.627441 0.000000 0.072790 0.000000 -0.997347 0.370942 0.370942 0.370942
1953.860474 0.000000 2776.475586 0.000000 0.289995 0.000000 -0.957028 0.366955 0.366955 0.366955
1963.534790 0.000000 2783.724121 0.000000 0.412636 0.000000 -0.910896 0.366665 0.366665 0.366665
1962.549194 0.000000 2778.845703 0.000000 0.450968 0.000000 -0.892540 0.367203 0.367203 0.367203
1958.386963 0.000000 2790.082520 0.000000 0.294241 0.000000 -0.955731 0.368730 0.368730 0.368730
1976.357544 0.000000 2776.081299 0.000000 0.494948 0.000000 -0.868922 0.366976 0.366976 0.366976
1936.434082 0.000000 2797.795654 0.000000 0.249802 0.000000 -0.968297 0.369756 0.369756 0.369756
1939.150757 0.000000 2801.495850 0.000000 0.229071 0.000000 -0.973410 0.372534 0.372534 0.372534
1983.836060 0.000000 2772.218506 0.000000 0.312021 0.000000 -0.950075 0.374918 0.374918 0.374918
1921.278687 0.000000 2813.609619 0.000000 0.260042 0.000000 -0.965597 0.370568 0.370568 0.370568
1964.304199 0.000000 2791.433838 0.000000 0.359707 0.000000 -0.933065 0.369497 0.369497 0.369497
1938.931519 0.000000 2799.060547 0.000000 0.393600 0.000000 -0.919282 0.369617 0.369617 0.369617
1982.677124 0.000000 2770.280518 0.000000 0.355838 0.000000 -0.934548 0.373572 0.373572 0.373572
1960.507935 0.000000 2792.156738 0.000000 0.092844 0.000000 -0.995681 0.374470 0.374470 0.374470
1999.347534 0.000000 2768.018555 0.000000 0.271939 0.000000 -0.962314 0.367544 0.367544 0.367544
2006.797119 0.000000 2768.708984 0.000000 0.346581 0.000000 -0.938020 0.365843 0.365843 0.365843
2010.661499 0.000000 2789.172119 0.000000 0.560427 0.000000 -0.828204 0.362151 0.362151 0.362151
2007.828003 0.000000 2791.911133 0.000000 0.398487 0.000000 -0.917174 0.368259 0.368259 0.368259
1995.600586 0.000000 2773.456299 0.000000 0.051700 0.000000 -0.998663 0.375552 0.375552 0.375552
1988.206177 0.000000 2769.989258 0.000000 0.210351 0.000000 -0.977626 0.371491 0.371491 0.371491
1984.013672 0.000000 2772.257080 0.000000 0.163368 0.000000 -0.986565 0.374829 0.374829 0.374829
1897.206665 0.000000 2832.762451 0.000000 0.448470 0.000000 -0.893798 0.369227 0.369227 0.369227
1910.803467 0.000000 2826.284912 0.000000 0.223330 0.000000 -0.974743 0.368165 0.368165 0.368165
1878.797119 0.000000 2825.193359 0.000000 0.077159 0.000000 -0.997019 0.375579 0.375579 0.375579
1881.550537 0.000000 2835.820068 0.000000 0.102484 0.000000 -0.994735 0.371231 0.371231 0.371231
1882.844482 0.000000 2825.936279 0.000000 0.494453 0.000000 -0.869205 0.370714 0.370714 0.370714
1886.227295 0.000000 2828.776123 0.000000 0.568768 0.000000 -0.822498 0.365064 0.365064 0.365064
1890.139526 0.000000 2825.945068 0.000000 0.234058 0.000000 -0.972223 0.372506 0.372506 0.372506
1884.682983 0.000000 2837.652588 0.000000 0.254572 0.000000 -0.967054 0.368362 0.368362 0.368362
1884.263916 0.000000 2833.514893 0.000000 0.298191 0.000000 -0.954506 0.371882 0.371882 0.371882
1903.681152 0.000000 2827.120605 0.000000 0.484679 0.000000 -0.874692 0.367352 0.367352 0.367352
1894.658447 0.000000 2832.439697 0.000000 0.214582 0.000000 -0.976706 0.374737 0.374737 0.374737
1896.628784 0.000000 2830.359131 0.000000 0.411174 0.000000 -0.911557 0.372551 0.372551 0.372551
1876.737915 0.000000 2824.221680 0.000000 0.273230 0.000000 -0.961949 0.372897 0.372897 0.372897
1880.196777 0.000000 2830.486816 0.000000 0.563492 0.000000 -0.826122 0.368986 0.368986 0.368986
1902.914917 0.000000 2833.304443 0.000000 0.447663 0.000000 -0.894203 0.367647 0.367647 0.367647
2052.014893 0.000000 2321.946533 0.000000 0.495640 0.000000 -0.868528 0.365262 0.365262 0.365262
2080.264404 0.000000 2394.212158 0.000000 0.298523 0.000000 -0.954402 0.365230 0.365230 0.365230
2077.587891 0.000000 2392.011475 0.000000 0.442140 0.000000 -0.896946 0.368718 0.368718 0.368718
2106.107422 0.000000 2427.544189 0.000000 0.405462 0.000000 -0.914112 0.367686 0.367686 0.367686
2106.107422 0.000000 2484.028564 0.000000 0.221535 0.000000 -0.975152 0.369191 0.369191 0.369191
2100.340576 0.000000 2429.164307 0.000000 0.481247 0.000000 -0.876585 0.366529 0.366529 0.366529
2110.830811 0.000000 2476.063232 0.000000 0.056672 0.000000 -0.998393 0.377386 0.377386 0.377386
2108.341309 0.000000 2481.995850 0.000000 0.440782 0.000000 -0.897614 0.367526 0.367526 0.367526
2106.085693 0.000000 2475.986816 0.000000 0.346973 0.000000 -0.937875 0.372800 0.372800 0.372800
2111.022949 0.000000 2482.993652 0.000000 0.568736 0.000000 -0.822520 0.363925 0.363925 0.363925
2108.370361 0.000000 2474.724854 0.000000 0.399355 0.000000 -0.916796 0.372806 0.372806 0.372806
2112.354004 0.000000 2476.795898 0.000000 0.351826 0.000000 -0.936066 0.366882 0.366882 0.366882
2133.034912 0.000000 2469.545166 0.000000 0.515151 0.000000 -0.857099 0.362955 0.362955 0.362955
2112.226318 0.000000 2480.145020 0.000000 0.194652 0.000000 -0.980872 0.372646 0.372646 0.372646
2089.605957 0.000000 2522.793945 0.000000 0.542854 0.000000 -0.839827 0.362327 0.362327 0.362327
2101.758057 0.000000 2504.677246 0.000000 0.381238 0.000000 -0.924477 0.367987 0.367987 0.367987
2104.270996 0.000000 2505.822266 0.000000 0.376867 0.000000 -0.926267 0.372561 0.372561 0.372561
2103.542480 0.000000 2508.442383 0.000000 0.275175 0.000000 -0.961394 0.374103 0.374103 0.374103
2093.602051 0.000000 2525.237549 0.000000 0.247280 0.000000 -0.968944 0.371988 0.371988 0.371988
2111.836182 0.000000 2489.796631 0.000000 0.519556 0.000000 -0.854436 0.365576 0.365576 0.365576
2091.827148 0.000000 2523.499268 0.000000 0.521524 0.000000 -0.853237 0.365943 0.365943 0.365943
2104.956055 0.000000 2510.728271 0.000000 0.211891 0.000000 -0.977293 0.371704 0.371704 0.371704
2100.127686 0.000000 2503.195068 0.000000 0.218791 0.000000 -0.975772 0.370470 0.370470 0.370470
2113.476562 0.000000 2491.771240 0.000000 0.052373 0.000000 -0.998628 0.368906 0.368906 0.368906
2098.281250 0.000000 2641.350342 0.000000 0.084303 0.000000 -0.996440 0.366949 0.366949 0.366949
2102.872314 0.000000 2701.100098 0.000000 0.259017 0.000000 -0.965873 0.368126 0.368126 0.368126
2112.354004 0.000000 2702.733398 0.000000 0.534553 0.000000 -0.845135 0.361437 0.361437 0.361437
2115.716309 0.000000 2695.871826 0.000000 0.535618 0.000000 -0.844461 0.362345 0.362345 0.362345
2121.349609 0.000000 2707.320801 0.000000 0.455163 0.000000 -0.890408 0.366458 0.366458 0.366458
2090.581543 0.000000 2730.054932 0.000000 0.088364 0.000000 -0.996088 0.367874 0.367874 0.367874
2102.755859 0.000000 2737.345459 0.000000 0.236436 0.000000 -0.971647 0.367518 0.367518 0.367518
2087.443848 0.000000 2722.539307 0.000000 0.018384 0.000000 -0.999831 0.371500 0.371500 0.371500
2115.834473 0.000000 2711.252441 0.000000 0.450422 0.000000 -0.892816 0.365429 0.365429 0.365429
4473.614258 0.000000 1295.037354 0.000000 0.393625 0.000000 -0.919271 0.364623 0.364623 0.364623
4465.605957 0.000000 1295.510132 0.000000 0.032240 0.000000 -0.999480 0.370233 0.370233 0.370233
4601.915527 0.000000 1309.855347 0.000000 0.026242 0.000000 -0.999656 0.371189 0.371189 0.371189
4602.815430 0.000000 1306.709717 0.000000 0.172581 0.000000 -0.984995 0.371123 0.371123 0.371123
4831.949707 0.000000 994.490356 0.000000 0.428536 0.000000 -0.903525 0.365326 0.365326 0.365326
4896.344727 0.000000 998.552002 0.000000 0.574330 0.000000 -0.818624 0.363868 0.363868 0.363868
4890.771973 0.000000 1010.144653 0.000000 0.015140 0.000000 -0.999885 0.379701 0.379701 0.379701
4889.164062 0.000000 1016.093811 0.000000 0.509340 0.000000 -0.860565 0.371915 0.371915 0.371915
4888.982910 0.000000 1020.592651 0.000000 0.507065 0.000000 -0.861908 0.368339 0.368339 0.368339
4178.409180 0.000000 1666.456421 0.000000 0.068645 0.000000 -0.997641 0.368441 0.368441 0.368441
6068.885254 0.000000 1350.891724 0.000000 0.408472 0.000000 -0.912771 0.363365 0.363365 0.363365
6077.041992 0.000000 1354.798706 0.000000 0.207744 0.000000 -0.978183 0.371771 0.371771 0.371771
6079.097656 0.000000 1338.529785 0.000000 0.311639 0.000000 -0.950201 0.377062 0.377062 0.377062
6078.112305 0.000000 1343.059326 0.000000 0.234205 0.000000 -0.972187 0.374427 0.374427 0.374427
6074.308594 0.000000 1343.740234 0.000000 0.328411 0.000000 -0.944535 0.368417 0.368417 0.368417
6076.370605 0.000000 1345.037231 0.000000 0.378084 0.000000 -0.925771 0.369331 0.369331 0.369331
6079.035645 0.000000 1340.748779 0.000000 0.123417 0.000000 -0.992355 0.382243 0.382243 0.382243
6080.354004 0.000000 1347.108521 0.000000 0.279466 0.000000 -0.960156 0.372332 0.372332 0.372332
6141.733887 0.000000 1333.350830 0.000000 0.460911 0.000000 -0.887446 0.367792 0.367792 0.367792
6083.716309 0.000000 1340.246826 0.000000 0.415987 0.000000 -0.909371 0.373645 0.373645 0.373645
6125.791016 0.000000 1312.478760 0.000000 0.035026 0.000000 -0.999386 0.369324 0.369324 0.369324
6110.773926 0.000000 1315.612305 0.000000 0.517946 0.000000 -0.855414 0.362555 0.362555 0.362555
6084.957031 0.000000 1345.307739 0.000000 0.388958 0.000000 -0.921255 0.374205 0.374205 0.374205
6114.040527 0.000000 1317.445557 0.000000 0.583655 0.000000 -0.812001 0.365939 0.365939 0.365939
6080.226074 0.000000 1350.457642 0.000000 0.235986 0.000000 -0.971756 0.373753 0.373753 0.373753
6130.278320 0.000000 1329.849487 0.000000 0.276011 0.000000 -0.961154 0.367261 0.367261 0.367261
6084.256348 0.000000 1354.656372 0.000000 0.254971 0.000000 -0.966949 0.373748 0.373748 0.373748
6143.545410 0.000000 1331.099731 0.000000 0.426026 0.000000 -0.904711 0.369365 0.369365 0.369365
6137.532715 0.000000 1314.115234 0.000000 0.206819 0.000000 -0.978379 0.375715 0.375715 0.375715
6081.278809 0.000000 1345.015869 0.000000 0.434104 0.000000 -0.900863 0.371270 0.371270 0.371270
6087.561523 0.000000 1350.114502 0.000000 0.392383 0.000000 -0.919802 0.367803 0.367803 0.367803
6080.164062 0.000000 1355.479736 0.000000 0.320557 0.000000 -0.947229 0.369138 0.369138 0.369138
6061.255371 0.000000 1410.500488 0.000000 0.413441 0.000000 -0.910531 0.366152 0.366152 0.366152
6067.915527 0.000000 1367.666260 0.000000 0.559749 0.000000 -0.828662 0.363058 0.363058 0.363058
6073.426758 0.000000 1373.023926 0.000000 0.000427 0.000000 -1.000000 0.368730 0.368730 0.368730
6041.550293 0.000000 1367.226440 0.000000 0.237507 0.000000 -0.971386 0.367096 0.367096 0.367096
6052.590332 0.000000 1365.631714 0.000000 0.197777 0.000000 -0.980247 0.372833 0.372833 0.372833
6066.317383 0.000000 1358.816162 0.000000 0.056496 0.000000 -0.998403 0.368392 0.368392 0.368392
6049.638184 0.000000 1402.393677 0.000000 0.555977 0.000000 -0.831198 0.362175 0.362175 0.362175
6058.064453 0.000000 1406.948853 0.000000 0.129150 0.000000 -0.991625 0.370465 0.370465 0.370465
6077.935547 0.000000 1385.655029 0.000000 0.026281 0.000000 -0.999655 0.371458 0.371458 0.371458
6078.018555 0.000000 1381.520142 0.000000 0.309044 0.000000 -0.951048 0.367404 0.367404 0.367404
6038.302246 0.000000 1360.679077 0.000000 0.175581 0.000000 -0.984465 0.369250 0.369250 0.369250
6039.759277 0.000000 1399.750854 0.000000 0.566104 0.000000 -0.824333 0.364013 0.364013 0.364013
6057.764648 0.000000 1383.949219 0.000000 0.094110 0.000000 -0.995562 0.368901 0.368901 0.368901
6073.786621 0.000000 1360.149780 0.000000 0.147001 0.000000 -0.989136 0.370147 0.370147 0.370147
6050.040527 0.000000 1373.929932 0.000000 0.021782 0.000000 -0.999763 0.373890 0.373890 0.373890
6049.456543 0.000000 1369.549927 0.000000 0.144676 0.000000 -0.989479 0.374851 0.374851 0.374851
6042.771973 0.000000 1405.535278 0.000000 0.136111 0.000000 -0.990694 0.372997 0.372997 0.372997
6070.496094 0.000000 1384.933838 0.000000 0.140845 0.000000 -0.990032 0.369860 0.369860 0.369860
6055.443848 0.000000 1366.914429 0.000000 0.105081 0.000000 -0.994464 0.377532 0.377532 0.377532
6049.860352 0.000000 1364.366211 0.000000 0.230812 0.000000 -0.972998 0.369581 0.369581 0.369581
6058.622559 0.000000 1409.650024 0.000000 0.382952 0.000000 -0.923768 0.367033 0.367033 0.367033
6052.193359 0.000000 1363.083984 0.000000 0.116256 0.000000 -0.993219 0.371984 0.371984 0.371984
6035.922852 0.000000 1359.424438 0.000000 0.321743 0.000000 -0.946827 0.367816 0.367816 0.367816
6037.175293 0.000000 1390.843018 0.000000 0.293811 0.000000 -0.955863 0.367792 0.367792 0.367792
6054.658203 0.000000 1363.845947 0.000000 0.404800 0.000000 -0.914405 0.368655 0.368655 0.368655
6043.115234 0.000000 1384.908691 0.000000 0.224772 0.000000 -0.974411 0.369966 0.369966 0.369966
6072.373535 0.000000 1355.763428 0.000000 0.245734 0.000000 -0.969337 0.369299 0.369299 0.369299
6045.291992 0.000000 1366.916016 0.000000 0.131530 0.000000 -0.991312 0.372128 0.372128 0.372128
6108.282227 0.000000 1392.520996 0.000000 0.202230 0.000000 -0.979338 0.365411 0.365411 0.365411
6098.736816 0.000000 1405.746094 0.000000 0.501943 0.000000 -0.864901 0.361961 0.361961 0.361961
6085.568848 0.000000 1359.642822 0.000000 0.212869 0.000000 -0.977081 0.369851 0.369851 0.369851
6142.612305 0.000000 1407.265259 0.000000 0.180024 0.000000 -0.983662 0.368216 0.368216 0.368216
6103.759277 0.000000 1399.750854 0.000000 0.467465 0.000000 -0.884011 0.365302 0.365302 0.365302
6109.587891 0.000000 1375.292725 0.000000 0.128233 0.000000 -0.991744 0.371675 0.371675 0.371675
6136.579102 0.000000 1404.787354 0.000000 0.279675 0.000000 -0.960095 0.368729 0.368729 0.368729
6098.867188 0.000000 1398.588867 0.000000 0.477319 0.000000 -0.878730 0.366129 0.366129 0.366129
6088.000977 0.000000 1359.686279 0.000000 0.346020 0.000000 -0.938227 0.369893 0.369893 0.369893
6079.683594 0.000000 1425.149780 0.000000 0.304980 0.000000 -0.952359 0.370052 0.370052 0.370052
6074.133789 0.000000 1439.573853 0.000000 0.392680 0.000000 -0.919675 0.367186 0.367186 0.367186
6063.844727 0.000000 1419.219849 0.000000 0.201146 0.000000 -0.979561 0.369010 0.369010 0.369010
6074.165039 0.000000 1434.660034 0.000000 0.421625 0.000000 -0.906770 0.366372 0.366372 0.366372
6052.590332 0.000000 1422.116089 0.000000 0.384027 0.000000 -0.923322 0.365474 0.365474 0.365474
6058.133789 0.000000 1416.246704 0.000000 0.489568 0.000000 -0.871965 0.364068 0.364068 0.364068
6057.396484 0.000000 1425.868286 0.000000 0.120162 0.000000 -0.992754 0.367996 0.367996 0.367996
6078.018555 0.000000 1438.004517 0.000000 0.153568 0.000000 -0.988138 0.378346 0.378346 0.378346
6054.192871 0.000000 1417.816284 0.000000 0.535631 0.000000 -0.844452 0.364366 0.364366 0.364366
6046.227539 0.000000 1416.666748 0.000000 0.189464 0.000000 -0.981888 0.367668 0.367668 0.367668
6141.733887 0.000000 1446.319580 0.000000 0.220165 0.000000 -0.975463 0.367384 0.367384 0.367384
6132.449707 0.000000 1444.869873 0.000000 0.445045 0.000000 -0.895508 0.366579 0.366579 0.366579
6087.693359 0.000000 1443.941895 0.000000 0.254893 0.000000 -0.966969 0.365202 0.365202 0.365202
6138.133789 0.000000 1439.573853 0.000000 0.082826 0.000000 -0.996564 0.368331 0.368331 0.368331
6087.650879 0.000000 1429.596802 0.000000 0.297370 0.000000 -0.954762 0.365522 0.365522 0.365522
6089.095215 0.000000 1424.096802 0.000000 0.505976 0.000000 -0.862547 0.363726 0.363726 0.363726
6136.634766 0.000000 1447.897949 0.000000 0.469411 0.000000 -0.882980 0.367257 0.367257 0.367257
6138.165039 0.000000 1434.660034 0.000000 0.514374 0.000000 -0.857566 0.362471 0.362471 0.362471
6105.550293 0.000000 1423.710815 0.000000 0.501206 0.000000 -0.865328 0.368688 0.368688 0.368688
6081.602051 0.000000 1442.482666 0.000000 0.373681 0.000000 -0.927557 0.370447 0.370447 0.370447
6112.344727 0.000000 1450.427002 0.000000 0.391601 0.000000 -0.920135 0.365519 0.365519 0.365519
6128.887695 0.000000 1436.984863 0.000000 0.436573 0.000000 -0.899669 0.365449 0.365449 0.365449
6134.755859 0.000000 1438.204834 0.000000 0.165398 0.000000 -0.986227 0.370374 0.370374 0.370374
6134.496094 0.000000 1441.418213 0.000000 0.266483 0.000000 -0.963840 0.371089 0.371089 0.371089
6080.205078 0.000000 1434.528076 0.000000 0.262131 0.000000 -0.965032 0.367568 0.367568 0.367568
6109.536621 0.000000 1452.122559 0.000000 0.346848 0.000000 -0.937921 0.366690 0.366690 0.366690
6099.958008 0.000000 1418.821899 0.000000 0.585259 0.000000 -0.810847 0.369747 0.369747 0.369747
6080.974121 0.000000 1424.817139 0.000000 0.515668 0.000000 -0.856789 0.365960 0.365960 0.365960
6125.901367 0.000000 1469.548218 0.000000 0.187046 0.000000 -0.982351 0.369632 0.369632 0.369632
6260.449707 0.000000 541.119873 0.000000 0.269833 0.000000 -0.962907 0.372620 0.372620 0.372620
6246.465332 0.000000 533.457092 0.000000 0.227726 0.000000 -0.973725 0.376366 0.376366 0.376366
6247.675293 0.000000 563.133240 0.000000 0.341061 0.000000 -0.940041 0.365866 0.365866 0.365866
6259.720703 0.000000 546.231140 0.000000 0.259241 0.000000 -0.965813 0.368237 0.368237 0.368237
6269.935547 0.000000 538.389404 0.000000 0.488143 0.000000 -0.872764 0.366731 0.366731 0.366731
6257.158691 0.000000 542.987732 0.000000 0.054112 0.000000 -0.998535 0.372927 0.372927 0.372927
6256.887695 0.000000 533.234863 0.000000 0.112061 0.000000 -0.993701 0.373577 0.373577 0.373577
6254.444824 0.000000 559.721619 0.000000 0.130847 0.000000 -0.991403 0.370944 0.370944 0.370944
6257.605957 0.000000 561.213257 0.000000 0.178123 0.000000 -0.984008 0.376450 0.376450 0.376450
6252.084473 0.000000 539.103149 0.000000 0.393743 0.000000 -0.919220 0.373639 0.373639 0.373639
6258.278320 0.000000 539.068298 0.000000 0.088702 0.000000 -0.996058 0.375187 0.375187 0.375187
6271.022949 0.000000 562.524963 0.000000 0.571513 0.000000 -0.820593 0.364255 0.364255 0.364255
6268.546387 0.000000 536.299072 0.000000 0.056646 0.000000 -0.998394 0.373550 0.373550 0.373550
6268.605469 0.000000 540.286011 0.000000 0.226465 0.000000 -0.974019 0.370292 0.370292 0.370292
6396.270508 0.000000 500.208832 0.000000 0.382950 0.000000 -0.923769 0.368473 0.368473 0.368473
6381.255371 0.000000 506.750488 0.000000 0.078404 0.000000 -0.996922 0.370733 0.370733 0.370733
6381.060059 0.000000 494.266785 0.000000 0.432237 0.000000 -0.901760 0.364288 0.364288 0.364288
6392.634766 0.000000 487.663605 0.000000 0.319314 0.000000 -0.947649 0.370628 0.370628 0.370628
6393.614258 0.000000 504.256134 0.000000 0.139350 0.000000 -0.990243 0.371507 0.371507 0.371507
6388.392090 0.000000 500.261719 0.000000 0.352486 0.000000 -0.935817 0.370045 0.370045 0.370045
6394.988770 0.000000 485.509064 0.000000 0.450189 0.000000 -0.892933 0.368760 0.368760 0.368760
6396.370605 0.000000 497.771637 0.000000 0.366959 0.000000 -0.930237 0.369109 0.369109 0.369109
6290.736816 0.000000 558.480408 0.000000 0.149199 0.000000 -0.988807 0.371668 0.371668 0.371668
6307.530762 0.000000 558.947937 0.000000 0.551155 0.000000 -0.834403 0.370570 0.370570 0.370570
6311.866699 0.000000 550.062927 0.000000 0.579744 0.000000 -0.814799 0.363897 0.363897 0.363897
6335.419434 0.000000 530.231445 0.000000 0.025950 0.000000 -0.999663 0.371125 0.371125 0.371125
6324.885254 0.000000 560.110474 0.000000 0.295083 0.000000 -0.955472 0.365218 0.365218 0.365218
6278.599121 0.000000 561.460327 0.000000 0.158755 0.000000 -0.987318 0.369115 0.369115 0.369115
6316.186523 0.000000 556.067566 0.000000 0.276391 0.000000 -0.961045 0.366467 0.366467 0.366467
6304.909180 0.000000 550.602661 0.000000 0.383985 0.000000 -0.923339 0.364600 0.364600 0.364600
6279.650879 0.000000 525.846741 0.000000 0.486817 0.000000 -0.873504 0.362857 0.362857 0.362857
6310.720703 0.000000 555.094055 0.000000 0.071032 0.000000 -0.997474 0.378895 0.378895 0.378895
6323.521484 0.000000 536.368225 0.000000 0.331506 0.000000 -0.943453 0.373270 0.373270 0.373270
6289.114746 0.000000 562.919250 0.000000 0.266485 0.000000 -0.963839 0.368474 0.368474 0.368474
6334.018555 0.000000 534.254456 0.000000 0.435155 0.000000 -0.900356 0.370905 0.370905 0.370905
6275.605469 0.000000 531.635925 0.000000 0.568665 0.000000 -0.822570 0.361943 0.361943 0.361943
6334.612305 0.000000 559.999634 0.000000 0.190168 0.000000 -0.981752 0.367116 0.367116 0.367116
6282.276367 0.000000 528.966797 0.000000 0.376001 0.000000 -0.926619 0.365070 0.365070 0.365070
6321.158691 0.000000 542.987732 0.000000 0.143150 0.000000 -0.989701 0.378058 0.378058 0.378058
6278.827637 0.000000 564.358215 0.000000 0.017803 0.000000 -0.999842 0.371848 0.371848 0.371848
6281.349609 0.000000 560.914429 0.000000 0.528728 0.000000 -0.848791 0.364261 0.364261 0.364261
6327.370605 0.000000 542.014771 0.000000 0.500081 0.000000 -0.865978 0.367613 0.367613 0.367613
6275.928711 0.000000 538.491272 0.000000 0.311228 0.000000 -0.950335 0.371482 0.371482 0.371482
6281.640137 0.000000 541.586426 0.000000 0.522091 0.000000 -0.852890 0.365843 0.365843 0.365843
6319.221680 0.000000 541.658020 0.000000 0.341620 0.000000 -0.939838 0.373174 0.373174 0.373174
6334.808594 0.000000 536.386902 0.000000 0.441302 0.000000 -0.897358 0.369026 0.369026 0.369026
6312.272949 0.000000 558.575012 0.000000 0.010480 0.000000 -0.999945 0.378699 0.378699 0.378699
6355.921875 0.000000 532.684814 0.000000 0.573106 0.000000 -0.819481 0.362170 0.362170 0.362170
6387.915527 0.000000 520.400696 0.000000 0.013808 0.000000 -0.999905 0.374013 0.374013 0.374013
6399.419434 0.000000 530.231445 0.000000 0.551415 0.000000 -0.834231 0.369141 0.369141 0.369141
6342.599121 0.000000 561.460327 0.000000 0.087947 0.000000 -0.996125 0.378503 0.378503 0.378503
6339.716309 0.000000 549.465515 0.000000 0.471813 0.000000 -0.881698 0.369100 0.369100 0.369100
6394.133789 0.000000 535.823853 0.000000 0.370620 0.000000 -0.928784 0.365664 0.365664 0.365664
6350.146973 0.000000 530.212830 0.000000 0.572201 0.000000 -0.820113 0.363360 0.363360 0.363360
6393.915527 0.000000 519.074158 0.000000 0.226459 0.000000 -0.974021 0.371875 0.371875 0.371875
6349.066406 0.000000 561.575562 0.000000 0.557167 0.000000 -0.830401 0.364640 0.364640 0.364640
6390.117188 0.000000 515.380798 0.000000 0.245275 0.000000 -0.969453 0.371329 0.371329 0.371329
6372.590332 0.000000 518.366028 0.000000 0.254396 0.000000 -0.967100 0.368250 0.368250 0.368250
6336.390625 0.000000 551.909485 0.000000 0.519690 0.000000 -0.854355 0.366290 0.366290 0.366290
6337.602051 0.000000 538.732666 0.000000 0.039668 0.000000 -0.999213 0.369399 0.369399 0.369399
6395.875488 0.000000 522.565613 0.000000 0.452568 0.000000 -0.891730 0.367464 0.367464 0.367464
6397.449707 0.000000 517.845520 0.000000 0.255604 0.000000 -0.966781 0.371042 0.371042 0.371042
6384.446289 0.000000 519.190186 0.000000 0.156342 0.000000 -0.987703 0.373163 0.373163 0.373163
6341.963867 0.000000 529.058350 0.000000 0.058174 0.000000 -0.998306 0.371345 0.371345 0.371345
6353.983398 0.000000 529.727600 0.000000 0.339465 0.000000 -0.940619 0.367226 0.367226 0.367226
6336.205078 0.000000 530.778076 0.000000 0.020937 0.000000 -0.999781 0.373361 0.373361 0.373361
6375.443848 0.000000 519.648743 0.000000 0.197024 0.000000 -0.980399 0.369488 0.369488 0.369488
6358.343750 0.000000 525.751587 0.000000 0.150461 0.000000 -0.988616 0.373323 0.373323 0.373323
6379.534668 0.000000 524.349121 0.000000 0.538207 0.000000 -0.842813 0.363709 0.363709 0.363709
6392.270996 0.000000 528.869080 0.000000 0.123405 0.000000 -0.992356 0.371369 0.371369 0.371369
6345.349609 0.000000 560.914429 0.000000 0.267441 0.000000 -0.963574 0.373628 0.373628 0.373628
6339.898438 0.000000 561.116028 0.000000 0.118354 0.000000 -0.992971 0.374299 0.374299 0.374299
6383.681152 0.000000 511.261200 0.000000 0.550804 0.000000 -0.834635 0.363892 0.363892 0.363892
6397.258301 0.000000 520.373718 0.000000 0.081761 0.000000 -0.996652 0.374394 0.374394 0.374394
6338.854492 0.000000 555.906311 0.000000 0.017413 0.000000 -0.999848 0.378640 0.378640 0.378640
6399.940430 0.000000 527.808838 0.000000 0.467407 0.000000 -0.884042 0.369662 0.369662 0.369662
6343.852051 0.000000 545.536865 0.000000 0.223322 0.000000 -0.974745 0.370634 0.370634 0.370634
6337.439453 0.000000 532.738770 0.000000 0.313988 0.000000 -0.949427 0.370995 0.370995 0.370995
6336.010254 0.000000 537.045654 0.000000 0.347245 0.000000 -0.937774 0.368437 0.368437 0.368437
6343.561523 0.000000 559.333252 0.000000 0.087125 0.000000 -0.996197 0.375343 0.375343 0.375343
6375.451172 0.000000 523.354919 0.000000 0.460362 0.000000 -0.887731 0.367802 0.367802 0.367802
6379.536621 0.000000 521.922424 0.000000 0.029594 0.000000 -0.999562 0.376328 0.376328 0.376328
6399.211914 0.000000 519.191162 0.000000 0.532831 0.000000 -0.846222 0.366485 0.366485 0.366485
6271.683594 0.000000 577.884155 0.000000 0.334063 0.000000 -0.942551 0.365640 0.365640 0.365640
6265.915527 0.000000 575.558533 0.000000 0.146250 0.000000 -0.989248 0.368913 0.368913 0.368913
6250.133789 0.000000 568.981079 0.000000 0.027762 0.000000 -0.999615 0.372651 0.372651 0.372651
6266.875000 0.000000 564.998230 0.000000 0.392868 0.000000 -0.919595 0.367999 0.367999 0.367999
6261.757812 0.000000 584.208496 0.000000 0.542380 0.000000 -0.840133 0.363685 0.363685 0.363685
6242.139648 0.000000 566.570068 0.000000 0.017328 0.000000 -0.999850 0.369886 0.369886 0.369886
6260.612793 0.000000 580.555725 0.000000 0.508531 0.000000 -0.861043 0.363868 0.363868 0.363868
6267.669434 0.000000 584.548645 0.000000 0.391207 0.000000 -0.920303 0.366546 0.366546 0.366546
6264.270996 0.000000 585.353455 0.000000 0.363095 0.000000 -0.931752 0.367132 0.367132 0.367132
6258.542480 0.000000 570.642273 0.000000 0.346056 0.000000 -0.938214 0.367872 0.367872 0.367872
6264.373535 0.000000 564.982178 0.000000 0.041885 0.000000 -0.999122 0.377788 0.377788 0.377788
6304.264648 0.000000 586.712280 0.000000 0.276552 0.000000 -0.960999 0.371314 0.371314 0.371314
6303.430176 0.000000 575.615723 0.000000 0.079120 0.000000 -0.996865 0.371635 0.371635 0.371635
6335.419434 0.000000 586.715820 0.000000 0.441390 0.000000 -0.897315 0.366348 0.366348 0.366348
6281.453613 0.000000 571.163147 0.000000 0.216481 0.000000 -0.976287 0.369206 0.369206 0.369206
6310.270996 0.000000 566.250671 0.000000 0.377752 0.000000 -0.925907 0.365046 0.365046 0.365046
6335.291016 0.000000 565.248840 0.000000 0.049413 0.000000 -0.998778 0.372001 0.372001 0.372001
6326.117188 0.000000 571.865173 0.000000 0.535382 0.000000 -0.844610 0.365425 0.365425 0.365425
6325.757812 0.000000 584.208496 0.000000 0.098851 0.000000 -0.995102 0.376557 0.376557 0.376557
6314.157715 0.000000 587.679993 0.000000 0.218980 0.000000 -0.975729 0.374537 0.374537 0.374537
6329.786621 0.000000 569.368591 0.000000 0.557553 0.000000 -0.830142 0.365532 0.365532 0.365532
6316.817383 0.000000 574.369751 0.000000 0.430429 0.000000 -0.902624 0.364461 0.364461 0.364461
6326.755859 0.000000 590.939148 0.000000 0.364584 0.000000 -0.931171 0.367633 0.367633 0.367633
6276.061523 0.000000 581.053345 0.000000 0.119787 0.000000 -0.992800 0.370662 0.370662 0.370662
6311.553711 0.000000 582.046021 0.000000 0.543868 0.000000 -0.839171 0.366227 0.366227 0.366227
6281.939941 0.000000 580.132202 0.000000 0.452255 0.000000 -0.891889 0.367036 0.367036 0.367036
6315.550781 0.000000 571.643555 0.000000 0.402289 0.000000 -0.915513 0.365516 0.365516 0.365516
6282.448242 0.000000 568.448669 0.000000 0.126085 0.000000 -0.992019 0.370383 0.370383 0.370383
6299.116211 0.000000 583.318970 0.000000 0.450234 0.000000 -0.892911 0.367119 0.367119 0.367119
6316.193359 0.000000 585.788269 0.000000 0.052290 0.000000 -0.998632 0.377333 0.377333 0.377333
6296.755859 0.000000 584.192993 0.000000 0.330722 0.000000 -0.943728 0.369566 0.369566 0.369566
6305.762695 0.000000 576.212280 0.000000 0.576481 0.000000 -0.817110 0.365084 0.365084 0.365084
6276.637695 0.000000 583.416565 0.000000 0.139688 0.000000 -0.990196 0.371564 0.371564 0.371564
6329.683105 0.000000 566.999512 0.000000 0.029586 0.000000 -0.999562 0.373230 0.373230 0.373230
6329.532715 0.000000 579.818359 0.000000 0.396151 0.000000 -0.918185 0.367944 0.367944 0.367944
6319.774902 0.000000 584.032288 0.000000 0.368300 0.000000 -0.929707 0.370390 0.370390 0.370390
6306.304199 0.000000 580.943604 0.000000 0.080163 0.000000 -0.996782 0.373118 0.373118 0.373118
6329.361328 0.000000 577.632996 0.000000 0.176371 0.000000 -0.984324 0.372465 0.372465 0.372465
6310.302734 0.000000 577.910461 0.000000 0.291508 0.000000 -0.956569 0.370332 0.370332 0.370332
6343.674805 0.000000 588.789795 0.000000 0.064019 0.000000 -0.997949 0.373237 0.373237 0.373237
6386.281250 0.000000 607.912964 0.000000 0.037587 0.000000 -0.999293 0.370631 0.370631 0.370631
6350.189453 0.000000 601.287476 0.000000 0.026729 0.000000 -0.999643 0.368012 0.368012 0.368012
6339.589355 0.000000 577.226013 0.000000 0.177377 0.000000 -0.984143 0.378472 0.378472 0.378472
6396.270508 0.000000 613.177612 0.000000 0.046862 0.000000 -0.998901 0.369042 0.369042 0.369042
6387.915527 0.000000 576.885071 0.000000 0.371459 0.000000 -0.928449 0.369344 0.369344 0.369344
6399.419434 0.000000 586.715820 0.000000 0.315570 0.000000 -0.948902 0.366599 0.366599 0.366599
6388.885254 0.000000 616.594849 0.000000 0.565044 0.000000 -0.825061 0.362209 0.362209 0.362209
6394.133789 0.000000 592.308228 0.000000 0.392194 0.000000 -0.919882 0.369388 0.369388 0.369388
6350.146973 0.000000 586.697205 0.000000 0.297954 0.000000 -0.954580 0.371222 0.371222 0.371222
6393.915527 0.000000 575.558533 0.000000 0.000651 0.000000 -1.000000 0.382104 0.382104 0.382104
6390.872070 0.000000 611.178162 0.000000 0.018777 0.000000 -0.999824 0.370749 0.370749 0.370749
6345.437988 0.000000 565.661438 0.000000 0.295373 0.000000 -0.955382 0.374210 0.374210 0.374210
6390.117188 0.000000 571.865173 0.000000 0.007319 0.000000 -0.999973 0.371790 0.371790 0.371790
6393.614258 0.000000 617.224915 0.000000 0.019051 0.000000 -0.999819 0.369728 0.369728 0.369728
6353.893555 0.000000 578.158508 0.000000 0.425429 0.000000 -0.904992 0.366311 0.366311 0.366311
6352.913574 0.000000 597.413818 0.000000 0.419051 0.000000 -0.907963 0.364622 0.364622 0.364622
6339.605469 0.000000 588.120300 0.000000 0.085484 0.000000 -0.996339 0.372451 0.372451 0.372451
6389.757812 0.000000 584.208496 0.000000 0.366826 0.000000 -0.930290 0.366083 0.366083 0.366083
6378.157715 0.000000 587.679993 0.000000 0.269141 0.000000 -0.963101 0.366790 0.366790 0.366790
6336.173340 0.000000 566.668396 0.000000 0.252031 0.000000 -0.967719 0.370584 0.370584 0.370584
6336.522461 0.000000 580.545776 0.000000 0.114039 0.000000 -0.993476 0.375263 0.375263 0.375263
6383.152344 0.000000 610.314453 0.000000 0.475400 0.000000 -0.879770 0.364095 0.364095 0.364095
6353.216309 0.000000 604.725037 0.000000 0.044830 0.000000 -0.998995 0.369400 0.369400 0.369400
6384.446289 0.000000 575.674561 0.000000 0.138672 0.000000 -0.990338 0.370391 0.370391 0.370391
6395.742676 0.000000 602.520752 0.000000 0.226958 0.000000 -0.973904 0.369639 0.369639 0.369639
6390.755859 0.000000 590.939148 0.000000 0.440430 0.000000 -0.897787 0.368994 0.368994 0.368994
6341.963867 0.000000 585.542725 0.000000 0.020933 0.000000 -0.999781 0.375663 0.375663 0.375663
6353.983398 0.000000 586.211975 0.000000 0.032593 0.000000 -0.999469 0.371975 0.371975 0.371975
6340.061523 0.000000 581.053345 0.000000 0.453844 0.000000 -0.891081 0.370179 0.370179 0.370179
6385.098145 0.000000 579.219666 0.000000 0.451445 0.000000 -0.892299 0.368206 0.368206 0.368206
6347.269531 0.000000 574.173828 0.000000 0.516258 0.000000 -0.856433 0.365185 0.365185 0.365185
6390.496094 0.000000 594.152649 0.000000 0.065599 0.000000 -0.997846 0.373147 0.373147 0.373147
6342.798828 0.000000 579.110718 0.000000 0.459231 0.000000 -0.888317 0.372075 0.372075 0.372075
6345.939941 0.000000 580.132202 0.000000 0.094627 0.000000 -0.995513 0.382501 0.382501 0.382501
6394.815430 0.000000 572.412903 0.000000 0.319350 0.000000 -0.947637 0.374818 0.374818 0.374818
6380.084473 0.000000 595.587524 0.000000 0.583319 0.000000 -0.812243 0.362881 0.362881 0.362881
6391.033203 0.000000 603.291687 0.000000 0.339117 0.000000 -0.940744 0.367445 0.367445 0.367445
6378.699707 0.000000 605.222534 0.000000 0.473992 0.000000 -0.880529 0.366516 0.366516 0.366516
6348.406250 0.000000 565.792053 0.000000 0.299256 0.000000 -0.954173 0.371088 0.371088 0.371088
6349.243652 0.000000 572.084900 0.000000 0.406009 0.000000 -0.913869 0.366116 0.366116 0.366116
6386.616699 0.000000 610.896973 0.000000 0.395874 0.000000 -0.918305 0.366016 0.366016 0.366016
6389.008789 0.000000 609.065613 0.000000 0.496792 0.000000 -0.867870 0.365014 0.365014 0.365014
6346.422852 0.000000 588.591309 0.000000 0.475276 0.000000 -0.879837 0.369359 0.369359 0.369359
6358.909180 0.000000 575.843567 0.000000 0.406576 0.000000 -0.913617 0.367013 0.367013 0.367013
6383.560547 0.000000 607.607422 0.000000 0.233992 0.000000 -0.972238 0.369242 0.369242 0.369242
6336.974121 0.000000 577.551514 0.000000 0.082770 0.000000 -0.996569 0.380163 0.380163 0.380163
6382.630859 0.000000 588.620422 0.000000 0.472247 0.000000 -0.881466 0.365886 0.365886 0.365886
6352.003418 0.000000 592.146423 0.000000 0.247044 0.000000 -0.969004 0.370606 0.370606 0.370606
6379.827148 0.000000 603.030518 0.000000 0.201242 0.000000 -0.979542 0.371100 0.371100 0.371100
6337.439453 0.000000 589.223145 0.000000 0.254153 0.000000 -0.967164 0.370836 0.370836 0.370836
6380.435059 0.000000 600.818909 0.000000 0.059579 0.000000 -0.998224 0.373900 0.373900 0.373900
6387.339844 0.000000 600.133118 0.000000 0.296605 0.000000 -0.955000 0.369248 0.369248 0.369248
6344.383301 0.000000 586.707520 0.000000 0.055026 0.000000 -0.998485 0.378343 0.378343 0.378343
6403.716309 0.000000 492.981171 0.000000 0.197662 0.000000 -0.980270 0.370078 0.370078 0.370078
6401.469238 0.000000 506.423096 0.000000 0.105848 0.000000 -0.994382 0.370222 0.370222 0.370222
6400.390625 0.000000 495.425140 0.000000 0.547296 0.000000 -0.836939 0.367200 0.367200 0.367200
6403.856934 0.000000 501.946960 0.000000 0.403329 0.000000 -0.915055 0.367520 0.367520 0.367520
6402.854492 0.000000 499.421936 0.000000 0.020363 0.000000 -0.999793 0.372895 0.372895 0.372895
6401.278809 0.000000 497.750214 0.000000 0.175899 0.000000 -0.984408 0.372168 0.372168 0.372168
6419.298340 0.000000 526.306580 0.000000 0.353942 0.000000 -0.935267 0.366956 0.366956 0.366956
6405.568848 0.000000 512.377258 0.000000 0.379082 0.000000 -0.925363 0.364511 0.364511 0.364511
6413.333984 0.000000 512.688721 0.000000 0.546373 0.000000 -0.837542 0.364357 0.364357 0.364357
6409.424316 0.000000 536.233154 0.000000 0.391531 0.000000 -0.920165 0.371442 0.371442 0.371442
6415.712891 0.000000 526.973511 0.000000 0.116132 0.000000 -0.993234 0.369571 0.369571 0.369571
6405.963867 0.000000 529.058350 0.000000 0.239397 0.000000 -0.970922 0.376013 0.376013 0.376013
6417.983398 0.000000 529.727600 0.000000 0.531842 0.000000 -0.846844 0.365003 0.365003 0.365003
6400.010254 0.000000 537.045654 0.000000 0.249874 0.000000 -0.968278 0.371943 0.371943 0.371943
6409.306152 0.000000 534.033997 0.000000 0.553962 0.000000 -0.832542 0.368867 0.368867 0.368867
6408.383301 0.000000 530.223145 0.000000 0.297764 0.000000 -0.954639 0.374051 0.374051 0.374051
6423.342285 0.000000 523.870117 0.000000 0.453422 0.000000 -0.891296 0.368698 0.368698 0.368698
6405.852539 0.000000 531.204956 0.000000 0.496892 0.000000 -0.867813 0.370659 0.370659 0.370659
6402.422852 0.000000 536.758972 0.000000 0.250884 0.000000 -0.968017 0.373537 0.373537 0.373537
6400.354004 0.000000 612.811646 0.000000 0.152831 0.000000 -0.988252 0.370063 0.370063 0.370063
6414.189453 0.000000 601.287476 0.000000 0.475031 0.000000 -0.879969 0.365463 0.365463 0.365463
6431.430176 0.000000 575.615723 0.000000 0.489452 0.000000 -0.872030 0.362542 0.362542 0.362542
6414.716309 0.000000 574.577393 0.000000 0.012474 0.000000 -0.999922 0.379616 0.379616 0.379616
6405.348633 0.000000 573.285522 0.000000 0.016917 0.000000 -0.999857 0.383605 0.383605 0.383605
6413.646484 0.000000 605.589966 0.000000 0.505834 0.000000 -0.862631 0.363910 0.363910 0.363910
6403.605469 0.000000 588.120300 0.000000 0.318997 0.000000 -0.947756 0.367204 0.367204 0.367204
6409.808105 0.000000 600.549316 0.000000 0.317722 0.000000 -0.948184 0.369839 0.369839 0.369839
6424.357910 0.000000 573.354736 0.000000 0.074410 0.000000 -0.997228 0.379026 0.379026 0.379026
6408.260254 0.000000 573.849426 0.000000 0.070677 0.000000 -0.997499 0.382900 0.382900 0.382900
6415.844238 0.000000 567.970947 0.000000 0.308515 0.000000 -0.951219 0.370377 0.370377 0.370377
6420.724609 0.000000 594.544128 0.000000 0.478486 0.000000 -0.878095 0.365501 0.365501 0.365501
6416.003418 0.000000 592.146423 0.000000 0.561225 0.000000 -0.827663 0.366058 0.366058 0.366058
6407.852051 0.000000 602.021240 0.000000 0.284942 0.000000 -0.958545 0.369937 0.369937 0.369937
6418.112793 0.000000 591.035339 0.000000 0.478599 0.000000 -0.878033 0.367137 0.367137 0.367137
6416.326660 0.000000 587.510681 0.000000 0.193719 0.000000 -0.981057 0.371279 0.371279 0.371279
6162.736816 0.000000 1349.261719 0.000000 0.265335 0.000000 -0.964156 0.364849 0.364849 0.364849
6185.423340 0.000000 1331.562866 0.000000 0.386055 0.000000 -0.922476 0.365393 0.365393 0.365393
6144.290527 0.000000 1333.505737 0.000000 0.262982 0.000000 -0.964801 0.372230 0.372230 0.372230
6186.581543 0.000000 1317.945435 0.000000 0.051097 0.000000 -0.998694 0.367329 0.367329 0.367329
6196.449707 0.000000 1331.901123 0.000000 0.394850 0.000000 -0.918745 0.364148 0.364148 0.364148
6170.840820 0.000000 1325.844971 0.000000 0.580014 0.000000 -0.814606 0.361813 0.361813 0.361813
6181.084961 0.000000 1313.938232 0.000000 0.497114 0.000000 -0.867685 0.362255 0.362255 0.362255
6158.146973 0.000000 1320.994141 0.000000 0.440250 0.000000 -0.897875 0.363152 0.363152 0.363152
6191.365234 0.000000 1329.944214 0.000000 0.392336 0.000000 -0.919822 0.367548 0.367548 0.367548
6170.661621 0.000000 1320.578247 0.000000 0.291390 0.000000 -0.956604 0.366100 0.366100 0.366100
6195.720703 0.000000 1337.012451 0.000000 0.565321 0.000000 -0.824871 0.367714 0.367714 0.367714
6200.634766 0.000000 1334.929199 0.000000 0.383746 0.000000 -0.923439 0.365375 0.365375 0.365375
6198.117188 0.000000 1306.161987 0.000000 0.552047 0.000000 -0.833813 0.363268 0.363268 0.363268
6185.605957 0.000000 1336.622070 0.000000 0.321045 0.000000 -0.947064 0.367881 0.367881 0.367881
6164.194824 0.000000 1345.053467 0.000000 0.276375 0.000000 -0.961050 0.371486 0.371486 0.371486
6162.409180 0.000000 1327.550171 0.000000 0.533644 0.000000 -0.845709 0.364135 0.364135 0.364135
6167.828125 0.000000 1323.317383 0.000000 0.368915 0.000000 -0.929463 0.372933 0.372933 0.372933
6185.927734 0.000000 1343.873901 0.000000 0.555962 0.000000 -0.831207 0.362733 0.362733 0.362733
6180.176270 0.000000 1343.160278 0.000000 0.586489 0.000000 -0.809957 0.362250 0.362250 0.362250
6203.742676 0.000000 1336.817627 0.000000 0.209513 0.000000 -0.977806 0.370257 0.370257 0.370257
6168.763672 0.000000 1329.871826 0.000000 0.309493 0.000000 -0.950902 0.372172 0.372172 0.372172
6148.219238 0.000000 1331.774780 0.000000 0.249900 0.000000 -0.968272 0.370733 0.370733 0.370733
6198.469238 0.000000 1309.294678 0.000000 0.466022 0.000000 -0.884773 0.365420 0.365420 0.365420
6188.084473 0.000000 1329.884399 0.000000 0.477017 0.000000 -0.878894 0.366322 0.366322 0.366322
6173.075684 0.000000 1351.540771 0.000000 0.472931 0.000000 -0.881100 0.373930 0.373930 0.373930
6189.602051 0.000000 1339.065552 0.000000 0.043657 0.000000 -0.999047 0.376755 0.376755 0.376755
6164.387207 0.000000 1325.937744 0.000000 0.268977 0.000000 -0.963147 0.369004 0.369004 0.369004
6208.290527 0.000000 1333.505737 0.000000 0.433367 0.000000 -0.901217 0.365351 0.365351 0.365351
6252.186523 0.000000 1346.848877 0.000000 0.265548 0.000000 -0.964098 0.368032 0.368032 0.368032
6254.271484 0.000000 1336.429077 0.000000 0.147051 0.000000 -0.989129 0.368654 0.368654 0.368654
6253.060059 0.000000 1341.532471 0.000000 0.415125 0.000000 -0.909764 0.366425 0.366425 0.366425
6244.590332 0.000000 1309.147339 0.000000 0.117632 0.000000 -0.993057 0.367583 0.367583 0.367583
6212.861816 0.000000 1327.095215 0.000000 0.218122 0.000000 -0.975922 0.369831 0.369831 0.369831
6217.597656 0.000000 1349.016113 0.000000 0.349661 0.000000 -0.936876 0.365535 0.365535 0.365535
6209.602051 0.000000 1329.513916 0.000000 0.030139 0.000000 -0.999546 0.369318 0.369318 0.369318
6270.612305 0.000000 1350.780884 0.000000 0.333168 0.000000 -0.942867 0.368557 0.368557 0.368557
6252.877441 0.000000 1332.927612 0.000000 0.437337 0.000000 -0.899298 0.366952 0.366952 0.366952
6217.349609 0.000000 1351.695679 0.000000 0.540504 0.000000 -0.841341 0.365768 0.365768 0.365768
6220.244629 0.000000 1349.757202 0.000000 0.240475 0.000000 -0.970655 0.369436 0.369436 0.369436
6333.733887 0.000000 1276.866455 0.000000 0.581046 0.000000 -0.813871 0.361049 0.361049 0.361049
6297.268555 0.000000 1259.065430 0.000000 0.550472 0.000000 -0.834854 0.363682 0.363682 0.363682
6333.935547 0.000000 1272.686279 0.000000 0.287988 0.000000 -0.957634 0.369441 0.369441 0.369441
6327.430664 0.000000 1256.533325 0.000000 0.305432 0.000000 -0.952214 0.367731 0.367731 0.367731
6331.875488 0.000000 1256.862427 0.000000 0.253496 0.000000 -0.967336 0.367631 0.367631 0.367631
6331.669434 0.000000 1262.361084 0.000000 0.488178 0.000000 -0.872744 0.369697 0.369697 0.369697
6320.015137 0.000000 1270.437744 0.000000 0.078656 0.000000 -0.996902 0.372294 0.372294 0.372294
6314.478516 0.000000 1268.393311 0.000000 0.263984 0.000000 -0.964527 0.367884 0.367884 0.367884
6323.409180 0.000000 1268.142456 0.000000 0.338226 0.000000 -0.941065 0.370886 0.370886 0.370886
6324.127930 0.000000 1260.538696 0.000000 0.540629 0.000000 -0.841261 0.365722 0.365722 0.365722
6324.417969 0.000000 1272.981323 0.000000 0.091287 0.000000 -0.995825 0.372686 0.372686 0.372686
6334.998535 0.000000 1266.637817 0.000000 0.200659 0.000000 -0.979661 0.374638 0.374638 0.374638
6371.530762 0.000000 1293.244751 0.000000 0.436623 0.000000 -0.899645 0.363737 0.363737 0.363737
6382.444824 0.000000 1294.018433 0.000000 0.277522 0.000000 -0.960719 0.366733 0.366733 0.366733
6391.010742 0.000000 1297.609131 0.000000 0.102717 0.000000 -0.994711 0.368726 0.368726 0.368726
6372.176270 0.000000 1286.675903 0.000000 0.316439 0.000000 -0.948613 0.366095 0.366095 0.366095
6337.439453 0.000000 1267.035645 0.000000 0.316861 0.000000 -0.948472 0.369962 0.369962 0.369962
6282.048340 0.000000 1344.640991 0.000000 0.334633 0.000000 -0.942349 0.370091 0.370091 0.370091
6293.636230 0.000000 1353.642822 0.000000 0.012395 0.000000 -0.999923 0.372128 0.372128 0.372128
6289.216309 0.000000 1339.021851 0.000000 0.493928 0.000000 -0.869503 0.366028 0.366028 0.366028
6388.600586 0.000000 1322.354492 0.000000 0.148105 0.000000 -0.988972 0.366030 0.366030 0.366030
6399.097656 0.000000 1338.529785 0.000000 0.038767 0.000000 -0.999248 0.368875 0.368875 0.368875
6397.935547 0.000000 1329.170654 0.000000 0.285853 0.000000 -0.958274 0.366229 0.366229 0.366229
6401.602051 0.000000 1329.513916 0.000000 0.125058 0.000000 -0.992149 0.368061 0.368061 0.368061
6207.683594 0.000000 1368.665405 0.000000 0.472092 0.000000 -0.881549 0.365040 0.365040 0.365040
6204.270508 0.000000 1403.958862 0.000000 0.490684 0.000000 -0.871338 0.363635 0.363635 0.363635
6195.915527 0.000000 1367.666260 0.000000 0.225195 0.000000 -0.974314 0.366144 0.366144 0.366144
6205.524414 0.000000 1361.138428 0.000000 0.418130 0.000000 -0.908387 0.366378 0.366378 0.366378
6176.909180 0.000000 1397.868286 0.000000 0.527860 0.000000 -0.849332 0.362679 0.362679 0.362679
6180.049805 0.000000 1391.914551 0.000000 0.390605 0.000000 -0.920559 0.364000 0.364000 0.364000
6181.443359 0.000000 1375.427002 0.000000 0.543908 0.000000 -0.839145 0.363138 0.363138 0.363138
6205.449707 0.000000 1365.111206 0.000000 0.433073 0.000000 -0.901359 0.367318 0.367318 0.367318
6199.010742 0.000000 1410.577881 0.000000 0.557016 0.000000 -0.830502 0.363359 0.363359 0.363359
6167.871582 0.000000 1395.106079 0.000000 0.498917 0.000000 -0.866650 0.364017 0.364017 0.364017
6173.269531 0.000000 1357.784424 0.000000 0.448894 0.000000 -0.893585 0.366563 0.366563 0.366563
6260.600586 0.000000 1378.838867 0.000000 0.106835 0.000000 -0.994277 0.369505 0.369505 0.369505
6269.733887 0.000000 1389.835205 0.000000 0.517726 0.000000 -0.855547 0.362110 0.362110 0.362110
6238.802246 0.000000 1355.686157 0.000000 0.367730 0.000000 -0.929933 0.369879 0.369879 0.369879
6222.124512 0.000000 1384.633789 0.000000 0.467792 0.000000 -0.883839 0.365676 0.365676 0.365676
6227.298340 0.000000 1373.572144 0.000000 0.199367 0.000000 -0.979925 0.367658 0.367658 0.367658
6212.957031 0.000000 1401.792114 0.000000 0.061253 0.000000 -0.998122 0.369521 0.369521 0.369521
6258.569336 0.000000 1411.598755 0.000000 0.211264 0.000000 -0.977429 0.367086 0.367086 0.367086
6265.786621 0.000000 1360.149780 0.000000 0.494484 0.000000 -0.869187 0.363717 0.363717 0.363717
6266.815430 0.000000 1363.194092 0.000000 0.369239 0.000000 -0.929335 0.367299 0.367299 0.367299
6268.365723 0.000000 1358.352661 0.000000 0.066407 0.000000 -0.997793 0.375567 0.375567 0.375567
6210.492188 0.000000 1359.214600 0.000000 0.253929 0.000000 -0.967223 0.368888 0.368888 0.368888
6263.370605 0.000000 1389.280396 0.000000 0.129610 0.000000 -0.991565 0.371717 0.371717 0.371717
6208.010254 0.000000 1384.311279 0.000000 0.103783 0.000000 -0.994600 0.371789 0.371789 0.371789
6212.206055 0.000000 1357.879883 0.000000 0.499028 0.000000 -0.866586 0.366122 0.366122 0.366122
6207.683594 0.000000 1425.149780 0.000000 0.447356 0.000000 -0.894356 0.362913 0.362913 0.362913
6158.124512 0.000000 1441.118164 0.000000 0.403526 0.000000 -0.914968 0.371757 0.371757 0.371757
6158.716309 0.000000 1421.843018 0.000000 0.518474 0.000000 -0.855093 0.364385 0.364385 0.364385
6194.317383 0.000000 1415.300537 0.000000 0.526253 0.000000 -0.850328 0.362525 0.362525 0.362525
6186.133789 0.000000 1416.246704 0.000000 0.453588 0.000000 -0.891212 0.365859 0.365859 0.365859
6155.937012 0.000000 1444.878784 0.000000 0.003903 0.000000 -0.999992 0.371632 0.371632 0.371632
6167.828125 0.000000 1436.286133 0.000000 0.542770 0.000000 -0.839882 0.366292 0.366292 0.366292
6161.653320 0.000000 1420.578735 0.000000 0.266153 0.000000 -0.963931 0.368024 0.368024 0.368024
6158.569336 0.000000 1445.878174 0.000000 0.019652 0.000000 -0.999807 0.372838 0.372838 0.372838
6179.024414 0.000000 1432.681519 0.000000 0.403253 0.000000 -0.915089 0.368985 0.368985 0.368985
6211.834473 0.000000 1412.111938 0.000000 0.270325 0.000000 -0.962769 0.366264 0.366264 0.366264
6227.921875 0.000000 1436.434814 0.000000 0.510279 0.000000 -0.860009 0.362032 0.362032 0.362032
6214.599121 0.000000 1465.210327 0.000000 0.174667 0.000000 -0.984627 0.371213 0.371213 0.371213
6269.524414 0.000000 1417.622803 0.000000 0.517688 0.000000 -0.855570 0.362514 0.362514 0.362514
6209.476562 0.000000 1418.568115 0.000000 0.346977 0.000000 -0.937874 0.368814 0.368814 0.368814
6257.916504 0.000000 1429.899414 0.000000 0.418907 0.000000 -0.908029 0.363530 0.363530 0.363530
6262.117188 0.000000 1419.130737 0.000000 0.360198 0.000000 -0.932876 0.371799 0.371799 0.371799
6261.757812 0.000000 1431.474121 0.000000 0.431868 0.000000 -0.901937 0.366209 0.366209 0.366209
6220.652344 0.000000 1437.536255 0.000000 0.559624 0.000000 -0.828747 0.364810 0.364810 0.364810
6256.887695 0.000000 1436.984863 0.000000 0.479152 0.000000 -0.877732 0.365115 0.365115 0.365115
6223.712891 0.000000 1430.723511 0.000000 0.412939 0.000000 -0.910759 0.365059 0.365059 0.365059
6225.983398 0.000000 1433.477661 0.000000 0.202002 0.000000 -0.979385 0.368340 0.368340 0.368340
6258.542480 0.000000 1417.907959 0.000000 0.307075 0.000000 -0.951685 0.368257 0.368257 0.368257
6227.875488 0.000000 1427.558228 0.000000 0.216507 0.000000 -0.976281 0.369619 0.369619 0.369619
6264.357422 0.000000 1420.456299 0.000000 0.550025 0.000000 -0.835148 0.370382 0.370382 0.370382
6262.928223 0.000000 1428.994385 0.000000 0.440151 0.000000 -0.897924 0.368122 0.368122 0.368122
6252.304199 0.000000 1435.808716 0.000000 0.438643 0.000000 -0.898662 0.366686 0.366686 0.366686
6265.361328 0.000000 1424.898682 0.000000 0.556763 0.000000 -0.830671 0.366618 0.366618 0.366618
6313.206543 0.000000 1364.168701 0.000000 0.396674 0.000000 -0.917960 0.363311 0.363311 0.363311
6324.449707 0.000000 1388.385498 0.000000 0.085357 0.000000 -0.996350 0.367521 0.367521 0.367521
6297.924805 0.000000 1408.865479 0.000000 0.292555 0.000000 -0.956249 0.365751 0.365751 0.365751
6319.844727 0.000000 1362.735474 0.000000 0.536481 0.000000 -0.843912 0.362289 0.362289 0.362289
6281.095215 0.000000 1367.612427 0.000000 0.158078 0.000000 -0.987427 0.370852 0.370852 0.370852
6330.165039 0.000000 1378.175659 0.000000 0.275023 0.000000 -0.961438 0.365525 0.365525 0.365525
6323.521484 0.000000 1383.633911 0.000000 0.070082 0.000000 -0.997541 0.375635 0.375635 0.375635
6295.427734 0.000000 1404.620361 0.000000 0.472115 0.000000 -0.881537 0.364285 0.364285 0.364285
6293.636230 0.000000 1410.127197 0.000000 0.307870 0.000000 -0.951428 0.366047 0.366047 0.366047
6321.158691 0.000000 1390.253418 0.000000 0.122649 0.000000 -0.992450 0.368534 0.368534 0.368534
6277.963867 0.000000 1376.323975 0.000000 0.513253 0.000000 -0.858237 0.365192 0.365192 0.365192
6276.061523 0.000000 1371.834595 0.000000 0.222863 0.000000 -0.974850 0.373464 0.373464 0.373464
6326.496094 0.000000 1384.933838 0.000000 0.403159 0.000000 -0.915130 0.367371 0.367371 0.367371
6320.015137 0.000000 1383.406494 0.000000 0.049781 0.000000 -0.998760 0.378641 0.378641 0.378641
6370.074219 0.000000 1361.144775 0.000000 0.076477 0.000000 -0.997071 0.368214 0.368214 0.368214
6293.035156 0.000000 1452.826538 0.000000 0.212227 0.000000 -0.977220 0.369979 0.369979 0.369979
6294.797363 0.000000 1413.083984 0.000000 0.008088 0.000000 -0.999967 0.368229 0.368229 0.368229
6286.716309 0.000000 1421.843018 0.000000 0.331586 0.000000 -0.943425 0.365943 0.365943 0.365943
6302.773926 0.000000 1428.581055 0.000000 0.554577 0.000000 -0.832132 0.364043 0.364043 0.364043
6298.548828 0.000000 1453.422485 0.000000 0.307465 0.000000 -0.951559 0.367262 0.367262 0.367262
6303.949707 0.000000 1446.365356 0.000000 0.046348 0.000000 -0.998925 0.371912 0.371912 0.371912
6285.333984 0.000000 1416.438721 0.000000 0.441808 0.000000 -0.897110 0.363764 0.363764 0.363764
6295.759277 0.000000 1456.235229 0.000000 0.151176 0.000000 -0.988507 0.371079 0.371079 0.371079
6295.550293 0.000000 1453.898315 0.000000 0.483915 0.000000 -0.875115 0.365830 0.365830 0.365830
4897.639160 0.000000 2063.475098 0.000000 0.210860 0.000000 -0.977516 0.365905 0.365905 0.365905
4901.993652 0.000000 2063.000732 0.000000 0.307814 0.000000 -0.951447 0.365773 0.365773 0.365773
4537.729980 0.000000 2639.070801 0.000000 0.025300 0.000000 -0.999680 0.368569 0.368569 0.368569
4538.133789 0.000000 2625.745605 0.000000 0.402472 0.000000 -0.915432 0.375771 0.375771 0.375771
4531.521484 0.000000 2626.290039 0.000000 0.514545 0.000000 -0.857463 0.370211 0.370211 0.370211
4529.158691 0.000000 2632.909668 0.000000 0.143712 0.000000 -0.989620 0.373996 0.373996 0.373996
4534.755859 0.000000 2624.376709 0.000000 0.025374 0.000000 -0.999678 0.379438 0.379438 0.379438
4540.880859 0.000000 2621.510986 0.000000 0.437175 0.000000 -0.899376 0.374039 0.374039 0.374039
4542.998535 0.000000 2622.262939 0.000000 0.258072 0.000000 -0.966126 0.378955 0.378955 0.378955
4602.133789 0.000000 2625.745605 0.000000 0.055689 0.000000 -0.998448 0.371579 0.371579 0.371579
4582.465332 0.000000 2623.378906 0.000000 0.111280 0.000000 -0.993789 0.374673 0.374673 0.374673
4570.661621 0.000000 2619.718994 0.000000 0.488609 0.000000 -0.872503 0.369966 0.369966 0.369966
4595.521484 0.000000 2626.290039 0.000000 0.364098 0.000000 -0.931361 0.371148 0.371148 0.371148
4567.538086 0.000000 2634.568115 0.000000 0.298146 0.000000 -0.954520 0.368615 0.368615 0.368615
4566.003418 0.000000 2611.983643 0.000000 0.415274 0.000000 -0.909696 0.364276 0.364276 0.364276
4544.110840 0.000000 2608.645752 0.000000 0.330709 0.000000 -0.943733 0.366332 0.366332 0.366332
4593.158691 0.000000 2632.909668 0.000000 0.421261 0.000000 -0.906940 0.370447 0.370447 0.370447
4592.887695 0.000000 2623.156738 0.000000 0.025131 0.000000 -0.999684 0.382009 0.382009 0.382009
4592.763672 0.000000 2638.087646 0.000000 0.395609 0.000000 -0.918419 0.368716 0.368716 0.368716
4598.496094 0.000000 2627.590088 0.000000 0.250740 0.000000 -0.968054 0.369108 0.369108 0.369108
4588.084473 0.000000 2629.025146 0.000000 0.072129 0.000000 -0.997395 0.372981 0.372981 0.372981
4599.033203 0.000000 2636.729248 0.000000 0.501023 0.000000 -0.865434 0.373307 0.373307 0.373307
4567.871582 0.000000 2637.762207 0.000000 0.204275 0.000000 -0.978914 0.370277 0.370277 0.370277
4587.534668 0.000000 2614.270996 0.000000 0.197922 0.000000 -0.980218 0.368516 0.368516 0.368516
4549.178223 0.000000 2623.651367 0.000000 0.014876 0.000000 -0.999889 0.380862 0.380862 0.380862
4546.873047 0.000000 2624.571533 0.000000 0.265466 0.000000 -0.964120 0.375941 0.375941 0.375941
4582.985352 0.000000 2630.145752 0.000000 0.386489 0.000000 -0.922294 0.373645 0.373645 0.373645
4592.749512 0.000000 2620.888916 0.000000 0.447047 0.000000 -0.894510 0.366594 0.366594 0.366594
4590.967285 0.000000 2613.658203 0.000000 0.399561 0.000000 -0.916707 0.367481 0.367481 0.367481
4558.486328 0.000000 2636.963135 0.000000 0.580445 0.000000 -0.814299 0.371201 0.371201 0.371201
4640.344727 0.000000 2636.598877 0.000000 0.172235 0.000000 -0.985056 0.370457 0.370457 0.370457
4625.116211 0.000000 2645.528809 0.000000 0.502452 0.000000 -0.864605 0.372084 0.372084 0.372084
4621.152832 0.000000 2643.512207 0.000000 0.549173 0.000000 -0.835709 0.370230 0.370230 0.370230
4621.897461 0.000000 2641.389160 0.000000 0.273367 0.000000 -0.961910 0.378830 0.378830 0.378830
4861.449707 0.000000 2664.251709 0.000000 0.182026 0.000000 -0.983294 0.373646 0.373646 0.373646
4889.268555 0.000000 2671.174805 0.000000 0.290999 0.000000 -0.956723 0.378421 0.378421 0.378421
4898.040527 0.000000 2673.070557 0.000000 0.494851 0.000000 -0.868978 0.367024 0.367024 0.367024
4912.446289 0.000000 2665.596436 0.000000 0.274191 0.000000 -0.961675 0.370676 0.370676 0.370676
4913.098145 0.000000 2669.141602 0.000000 0.348126 0.000000 -0.937448 0.365822 0.365822 0.365822
4903.553711 0.000000 2671.968018 0.000000 0.208284 0.000000 -0.978068 0.377530 0.377530 0.377530
4888.357910 0.000000 2663.276611 0.000000 0.022818 0.000000 -0.999740 0.380028 0.380028 0.380028
4904.221680 0.000000 2675.208984 0.000000 0.506707 0.000000 -0.862118 0.364986 0.364986 0.364986
4879.844238 0.000000 2657.892822 0.000000 0.340809 0.000000 -0.940133 0.367526 0.367526 0.367526
4881.307129 0.000000 2665.711426 0.000000 0.014453 0.000000 -0.999896 0.375295 0.375295 0.375295
4893.291992 0.000000 2666.056641 0.000000 0.439712 0.000000 -0.898139 0.371103 0.371103 0.371103
4886.294922 0.000000 2662.238770 0.000000 0.098338 0.000000 -0.995153 0.382677 0.382677 0.382677
4910.326660 0.000000 2665.883789 0.000000 0.111445 0.000000 -0.993771 0.373013 0.373013 0.373013
4947.298340 0.000000 2672.712891 0.000000 0.494643 0.000000 -0.869096 0.362794 0.362794 0.362794
4935.650879 0.000000 2672.252930 0.000000 0.471526 0.000000 -0.881852 0.365049 0.365049 0.365049
4963.650879 0.000000 2677.708008 0.000000 0.332220 0.000000 -0.943202 0.377454 0.377454 0.377454
4957.234863 0.000000 2678.474365 0.000000 0.067455 0.000000 -0.997722 0.373053 0.373053 0.373053
5006.124512 0.000000 2683.774414 0.000000 0.516606 0.000000 -0.856223 0.363742 0.363742 0.363742
5084.282227 0.000000 2691.661621 0.000000 0.470176 0.000000 -0.882573 0.370786 0.370786 0.370786
5107.720703 0.000000 2692.637451 0.000000 0.227363 0.000000 -0.973810 0.379889 0.379889 0.379889
5112.634766 0.000000 2690.554199 0.000000 0.497644 0.000000 -0.867381 0.373394 0.373394 0.373394
5109.610352 0.000000 2690.258545 0.000000 0.535045 0.000000 -0.844823 0.372421 0.372421 0.372421
5925.084961 0.000000 1878.781982 0.000000 0.435782 0.000000 -0.900052 0.366342 0.366342 0.366342
5944.851562 0.000000 1895.596802 0.000000 0.245970 0.000000 -0.969278 0.374263 0.374263 0.374263
5932.877441 0.000000 1897.771362 0.000000 0.519940 0.000000 -0.854203 0.364764 0.364764 0.364764
5946.988770 0.000000 1897.618408 0.000000 0.068141 0.000000 -0.997676 0.372583 0.372583 0.372583
5871.152344 0.000000 2417.814453 0.000000 0.286319 0.000000 -0.958134 0.368181 0.368181 0.368181
5871.560547 0.000000 2415.107422 0.000000 0.286476 0.000000 -0.958088 0.370080 0.370080 0.370080
6115.530762 0.000000 2422.932373 0.000000 0.278916 0.000000 -0.960315 0.364745 0.364745 0.364745
6113.638184 0.000000 2419.112305 0.000000 0.298643 0.000000 -0.954365 0.367001 0.367001 0.367001
6106.771973 0.000000 2422.254150 0.000000 0.488184 0.000000 -0.872741 0.371133 0.371133 0.371133
6116.314453 0.000000 2425.739746 0.000000 0.218147 0.000000 -0.975916 0.378152 0.378152 0.378152
6139.743652 0.000000 2423.071289 0.000000 0.304316 0.000000 -0.952571 0.375630 0.375630 0.375630
4437.636230 0.000000 3048.174072 0.000000 0.538496 0.000000 -0.842628 0.369878 0.369878 0.369878
4433.114746 0.000000 3048.231689 0.000000 0.017457 0.000000 -0.999848 0.383186 0.383186 0.383186
4435.100098 0.000000 3046.418701 0.000000 0.490627 0.000000 -0.871370 0.372187 0.372187 0.372187
4430.452148 0.000000 3049.266602 0.000000 0.282210 0.000000 -0.959353 0.371609 0.371609 0.371609
4410.165039 0.000000 3072.707031 0.000000 0.199751 0.000000 -0.979847 0.380340 0.380340 0.380340
4411.279297 0.000000 3075.357666 0.000000 0.020272 0.000000 -0.999794 0.374387 0.374387 0.374387
4419.589355 0.000000 3062.538574 0.000000 0.297000 0.000000 -0.954878 0.371848 0.371848 0.371848
4431.347656 0.000000 3050.440430 0.000000 0.344511 0.000000 -0.938782 0.366245 0.366245 0.366245
4422.798828 0.000000 3064.423340 0.000000 0.120066 0.000000 -0.992766 0.375411 0.375411 0.375411
4422.202148 0.000000 3061.668945 0.000000 0.057691 0.000000 -0.998334 0.374591 0.374591 0.374591
4435.922852 0.000000 3053.955566 0.000000 0.162430 0.000000 -0.986720 0.369864 0.369864 0.369864
4736.390625 0.000000 2867.768799 0.000000 0.212326 0.000000 -0.977199 0.370333 0.370333 0.370333
5706.422852 0.000000 2791.481934 0.000000 0.542988 0.000000 -0.839740 0.367464 0.367464 0.367464
6649.729980 0.000000 2243.680176 0.000000 0.477852 0.000000 -0.878440 0.364105 0.364105 0.364105
6640.015137 0.000000 2230.672119 0.000000 0.562878 0.000000 -0.826540 0.363305 0.363305 0.363305
6642.278320 0.000000 2233.599609 0.000000 0.567482 0.000000 -0.823386 0.363271 0.363271 0.363271
6650.988770 0.000000 2236.524658 0.000000 0.006373 0.000000 -0.999980 0.371462 0.371462 0.371462
6841.426758 0.000000 2050.836426 0.000000 0.256264 0.000000 -0.966607 0.365472 0.365472 0.365472
6842.133789 0.000000 2060.901855 0.000000 0.061199 0.000000 -0.998126 0.374468 0.374468 0.374468
6841.915527 0.000000 2044.152222 0.000000 0.512697 0.000000 -0.858570 0.363442 0.363442 0.363442
6837.757812 0.000000 2052.802246 0.000000 0.437530 0.000000 -0.899204 0.366216 0.366216 0.366216
6844.605469 0.000000 2065.364014 0.000000 0.542042 0.000000 -0.840352 0.371843 0.371843 0.371843
6851.167969 0.000000 2077.390137 0.000000 0.564782 0.000000 -0.825240 0.364673 0.364673 0.364673
6855.173340 0.000000 2062.644287 0.000000 0.213648 0.000000 -0.976911 0.371023 0.371023 0.371023
6677.428223 0.000000 2235.238281 0.000000 0.539974 0.000000 -0.841681 0.363724 0.363724 0.363724
6689.639160 0.000000 2232.928223 0.000000 0.453337 0.000000 -0.891339 0.362835 0.362835 0.362835
6677.035156 0.000000 2243.607666 0.000000 0.307855 0.000000 -0.951433 0.365882 0.365882 0.365882
6687.949707 0.000000 2237.146729 0.000000 0.081157 0.000000 -0.996701 0.370434 0.370434 0.370434
6676.194824 0.000000 2248.803467 0.000000 0.467241 0.000000 -0.884130 0.363790 0.363790 0.363790
6665.889160 0.000000 2258.155762 0.000000 0.130007 0.000000 -0.991513 0.374103 0.374103 0.374103
6695.131348 0.000000 2237.869873 0.000000 0.126205 0.000000 -0.992004 0.369813 0.369813 0.369813
6667.346680 0.000000 2250.854736 0.000000 0.114532 0.000000 -0.993420 0.381234 0.381234 0.381234
6671.977051 0.000000 2251.957764 0.000000 0.436152 0.000000 -0.899873 0.373183 0.373183 0.373183
6772.600586 0.000000 2226.104492 0.000000 0.291484 0.000000 -0.956576 0.372003 0.372003 0.372003
6738.736816 0.000000 2253.011719 0.000000 0.324829 0.000000 -0.945773 0.369286 0.369286 0.369286
6771.915527 0.000000 2214.931885 0.000000 0.354993 0.000000 -0.934869 0.366570 0.366570 0.366570
6747.221680 0.000000 2248.919189 0.000000 0.171156 0.000000 -0.985244 0.369189 0.369189 0.369189
6764.186523 0.000000 2250.598877 0.000000 0.451896 0.000000 -0.892070 0.366224 0.366224 0.366224
6777.915527 0.000000 2213.605469 0.000000 0.257747 0.000000 -0.966213 0.367000 0.367000 0.367000
6746.661621 0.000000 2224.328369 0.000000 0.544940 0.000000 -0.838475 0.362383 0.362383 0.362383
6771.521484 0.000000 2230.899414 0.000000 0.446349 0.000000 -0.894859 0.365202 0.365202 0.365202
6731.937012 0.000000 2235.659912 0.000000 0.123663 0.000000 -0.992324 0.369848 0.369848 0.369848
6743.759277 0.000000 2247.016357 0.000000 0.402611 0.000000 -0.915371 0.368037 0.368037 0.368037
6767.152344 0.000000 2248.361328 0.000000 0.473501 0.000000 -0.880793 0.364782 0.364782 0.364782
6746.771973 0.000000 2252.801025 0.000000 0.019784 0.000000 -0.999804 0.371278 0.371278 0.371278
6764.084473 0.000000 2233.634521 0.000000 0.558595 0.000000 -0.829440 0.363418 0.363418 0.363418
6758.737793 0.000000 2241.368408 0.000000 0.389555 0.000000 -0.921003 0.366162 0.366162 0.366162
6770.278320 0.000000 2233.599609 0.000000 0.172364 0.000000 -0.985033 0.369173 0.369173 0.369173
6756.314453 0.000000 2256.286621 0.000000 0.174022 0.000000 -0.984742 0.368906 0.368906 0.368906
6745.164062 0.000000 2258.750000 0.000000 0.342441 0.000000 -0.939539 0.366754 0.366754 0.366754
6762.452148 0.000000 2237.824707 0.000000 0.202155 0.000000 -0.979354 0.372281 0.372281 0.372281
6775.542480 0.000000 2226.020508 0.000000 0.387165 0.000000 -0.922011 0.372144 0.372144 0.372144
6740.862305 0.000000 2251.557617 0.000000 0.503228 0.000000 -0.864154 0.367005 0.367005 0.367005
6784.290527 0.000000 2237.255859 0.000000 0.106538 0.000000 -0.994309 0.373859 0.373859 0.373859
6797.646484 0.000000 2243.636963 0.000000 0.257224 0.000000 -0.966352 0.370614 0.370614 0.370614
6790.113770 0.000000 2241.849121 0.000000 0.561465 0.000000 -0.827500 0.365883 0.365883 0.365883
6184.272949 0.000000 2422.559326 0.000000 0.486817 0.000000 -0.873504 0.367544 0.367544 0.367544
6242.997070 0.000000 2428.307129 0.000000 0.313325 0.000000 -0.949646 0.368818 0.368818 0.368818
6237.075684 0.000000 2424.743896 0.000000 0.347192 0.000000 -0.937794 0.372477 0.372477 0.372477
6255.961914 0.000000 2427.603760 0.000000 0.225979 0.000000 -0.974132 0.379921 0.379921 0.379921
6178.139648 0.000000 2430.554443 0.000000 0.070696 0.000000 -0.997498 0.370382 0.370382 0.370382
6156.406250 0.000000 2429.776367 0.000000 0.459354 0.000000 -0.888253 0.366244 0.366244 0.366244
6253.901367 0.000000 2429.782471 0.000000 0.283275 0.000000 -0.959039 0.368562 0.368562 0.368562
6633.206543 0.000000 2267.918701 0.000000 0.154027 0.000000 -0.988067 0.369304 0.369304 0.369304
6644.600586 0.000000 2282.588867 0.000000 0.362737 0.000000 -0.931892 0.372379 0.372379 0.372379
6653.733887 0.000000 2293.585205 0.000000 0.289856 0.000000 -0.957070 0.368630 0.368630 0.368630
6643.915527 0.000000 2271.416260 0.000000 0.282071 0.000000 -0.959394 0.373633 0.373633 0.373633
6643.720703 0.000000 2297.246826 0.000000 0.498322 0.000000 -0.866992 0.366455 0.366455 0.366455
6646.117188 0.000000 2266.396484 0.000000 0.489321 0.000000 -0.872104 0.363609 0.363609 0.363609
6642.569336 0.000000 2315.348877 0.000000 0.285452 0.000000 -0.958393 0.367578 0.367578 0.367578
6642.317383 0.000000 2262.566162 0.000000 0.566948 0.000000 -0.823754 0.361969 0.361969 0.361969
6625.638184 0.000000 2306.143555 0.000000 0.095926 0.000000 -0.995389 0.371326 0.371326 0.371326
6653.935547 0.000000 2289.405029 0.000000 0.555093 0.000000 -0.831788 0.366008 0.366008 0.366008
6630.192871 0.000000 2265.081787 0.000000 0.436465 0.000000 -0.899721 0.363984 0.363984 0.363984
6654.612305 0.000000 2311.015381 0.000000 0.076498 0.000000 -0.997070 0.382053 0.382053 0.382053
6651.875488 0.000000 2273.581299 0.000000 0.222088 0.000000 -0.975027 0.367476 0.367476 0.367476
6641.158691 0.000000 2294.003418 0.000000 0.354672 0.000000 -0.934991 0.368053 0.368053 0.368053
6639.152344 0.000000 2304.845703 0.000000 0.266723 0.000000 -0.963773 0.367845 0.367845 0.367845
6633.927734 0.000000 2304.108154 0.000000 0.283900 0.000000 -0.958854 0.367600 0.367600 0.367600
6651.742676 0.000000 2297.052002 0.000000 0.366402 0.000000 -0.930457 0.369485 0.369485 0.369485
6648.579102 0.000000 2308.537354 0.000000 0.457732 0.000000 -0.889090 0.364787 0.364787 0.364787
6647.033203 0.000000 2297.822998 0.000000 0.294728 0.000000 -0.955581 0.368112 0.368112 0.368112
6633.246582 0.000000 2307.686768 0.000000 0.243672 0.000000 -0.969858 0.368172 0.368172 0.368172
6645.610352 0.000000 2294.867920 0.000000 0.228056 0.000000 -0.973648 0.371029 0.371029 0.371029
6635.550781 0.000000 2266.174805 0.000000 0.319867 0.000000 -0.947463 0.367082 0.367082 0.367082
6651.279297 0.000000 2284.576416 0.000000 0.032585 0.000000 -0.999469 0.376680 0.376680 0.376680
6652.370605 0.000000 2305.271729 0.000000 0.537597 0.000000 -0.843202 0.364902 0.364902 0.364902
6633.206543 0.000000 2324.403076 0.000000 0.313115 0.000000 -0.949715 0.372816 0.372816 0.372816
6644.600586 0.000000 2339.073242 0.000000 0.519250 0.000000 -0.854622 0.365178 0.365178 0.365178
6606.189453 0.000000 2352.303223 0.000000 0.436678 0.000000 -0.899618 0.365350 0.365350 0.365350
6637.233887 0.000000 2341.756592 0.000000 0.324809 0.000000 -0.945780 0.365873 0.365873 0.365873
6653.524414 0.000000 2321.372803 0.000000 0.213349 0.000000 -0.976976 0.375826 0.375826 0.375826
6649.915527 0.000000 2326.574219 0.000000 0.355749 0.000000 -0.934582 0.368774 0.368774 0.368774
6626.074219 0.000000 2321.379150 0.000000 0.488319 0.000000 -0.872665 0.364550 0.364550 0.364550
6646.117188 0.000000 2322.880859 0.000000 0.282629 0.000000 -0.959229 0.367618 0.367618 0.367618
6638.917969 0.000000 2337.174072 0.000000 0.322654 0.000000 -0.946517 0.370244 0.370244 0.370244
6634.133789 0.000000 2319.996826 0.000000 0.325616 0.000000 -0.945502 0.370193 0.370193 0.370193
6612.194824 0.000000 2361.772217 0.000000 0.415796 0.000000 -0.909458 0.365367 0.365367 0.365367
6650.875000 0.000000 2316.013916 0.000000 0.212056 0.000000 -0.977257 0.372946 0.372946 0.372946
6614.003418 0.000000 2329.561768 0.000000 0.189279 0.000000 -0.981923 0.368092 0.368092 0.368092
6647.430664 0.000000 2329.736328 0.000000 0.346836 0.000000 -0.937926 0.366105 0.366105 0.366105
6615.759277 0.000000 2359.985107 0.000000 0.282981 0.000000 -0.959126 0.367613 0.367613 0.367613
6649.786621 0.000000 2320.384277 0.000000 0.146000 0.000000 -0.989285 0.370846 0.370846 0.370846
6636.817383 0.000000 2325.385254 0.000000 0.125413 0.000000 -0.992105 0.376706 0.376706 0.376706
6601.808105 0.000000 2351.564941 0.000000 0.115875 0.000000 -0.993264 0.369003 0.369003 0.369003
6651.669434 0.000000 2335.564209 0.000000 0.384526 0.000000 -0.923114 0.366134 0.366134 0.366134
6652.365723 0.000000 2318.587158 0.000000 0.533283 0.000000 -0.845937 0.370793 0.370793 0.370793
6628.294922 0.000000 2319.516113 0.000000 0.247310 0.000000 -0.968937 0.368929 0.368929 0.368929
6619.116211 0.000000 2334.334717 0.000000 0.011741 0.000000 -0.999931 0.371388 0.371388 0.371388
6648.270996 0.000000 2336.369141 0.000000 0.180510 0.000000 -0.983573 0.369059 0.369059 0.369059
6655.450684 0.000000 2323.788574 0.000000 0.579905 0.000000 -0.814684 0.370509 0.370509 0.370509
6635.597168 0.000000 2317.883789 0.000000 0.184836 0.000000 -0.982769 0.372568 0.372568 0.372568
6648.373535 0.000000 2315.997803 0.000000 0.057631 0.000000 -0.998338 0.372873 0.372873 0.372873
6631.451172 0.000000 2330.854980 0.000000 0.311083 0.000000 -0.950383 0.370443 0.370443 0.370443
6637.664062 0.000000 2322.854980 0.000000 0.302987 0.000000 -0.952995 0.372844 0.372844 0.372844
6407.650879 0.000000 2502.799805 0.000000 0.467009 0.000000 -0.884253 0.363888 0.363888 0.363888
6417.893555 0.000000 2498.627197 0.000000 0.218322 0.000000 -0.975877 0.369120 0.369120 0.369120
6511.560547 0.000000 2528.076172 0.000000 0.344181 0.000000 -0.938903 0.367262 0.367262 0.367262
6515.473145 0.000000 2525.690430 0.000000 0.261764 0.000000 -0.965132 0.369399 0.369399 0.369399
6508.084473 0.000000 2572.540771 0.000000 0.000255 0.000000 -1.000000 0.372232 0.372232 0.372232
6506.699707 0.000000 2582.175781 0.000000 0.304551 0.000000 -0.952496 0.367800 0.367800 0.367800
6663.674805 0.000000 2283.321045 0.000000 0.215556 0.000000 -0.976492 0.368569 0.368569 0.368569
6719.683594 0.000000 2272.415527 0.000000 0.243864 0.000000 -0.969809 0.374998 0.374998 0.374998
6716.270508 0.000000 2307.708740 0.000000 0.518449 0.000000 -0.855108 0.367567 0.367567 0.367567
6695.866699 0.000000 2301.078613 0.000000 0.126326 0.000000 -0.991989 0.377130 0.377130 0.377130
6677.428223 0.000000 2291.722656 0.000000 0.503218 0.000000 -0.864159 0.366275 0.366275 0.366275
6713.426758 0.000000 2276.773926 0.000000 0.120325 0.000000 -0.992735 0.369894 0.369894 0.369894
6692.049805 0.000000 2295.664551 0.000000 0.012852 0.000000 -0.999917 0.373210 0.373210 0.373210
6686.773926 0.000000 2275.846680 0.000000 0.047416 0.000000 -0.998875 0.371630 0.371630 0.371630
6665.437988 0.000000 2260.192627 0.000000 0.374157 0.000000 -0.927365 0.369089 0.369089 0.369089
6707.720703 0.000000 2297.246826 0.000000 0.072069 0.000000 -0.997400 0.370559 0.370559 0.370559
6693.443359 0.000000 2279.177002 0.000000 0.354256 0.000000 -0.935149 0.366581 0.366581 0.366581
6681.550293 0.000000 2270.976318 0.000000 0.314051 0.000000 -0.949406 0.368041 0.368041 0.368041
6660.861816 0.000000 2287.329590 0.000000 0.129473 0.000000 -0.991583 0.369768 0.369768 0.369768
6674.853027 0.000000 2295.982422 0.000000 0.564105 0.000000 -0.825703 0.365661 0.365661 0.365661
6661.568848 0.000000 2263.392822 0.000000 0.499087 0.000000 -0.866552 0.365434 0.365434 0.365434
6665.424316 0.000000 2287.248779 0.000000 0.193126 0.000000 -0.981174 0.368883 0.368883 0.368883
6674.409180 0.000000 2287.784424 0.000000 0.049409 0.000000 -0.998779 0.370871 0.370871 0.370871
6689.638184 0.000000 2306.143555 0.000000 0.321823 0.000000 -0.946800 0.369390 0.369390 0.369390
6678.596680 0.000000 2279.906250 0.000000 0.223213 0.000000 -0.974770 0.368461 0.368461 0.368461
6657.602051 0.000000 2289.748291 0.000000 0.006152 0.000000 -0.999981 0.372627 0.372627 0.372627
6718.612305 0.000000 2311.015381 0.000000 0.480040 0.000000 -0.877247 0.370197 0.370197 0.370197
6659.856934 0.000000 2309.447021 0.000000 0.522391 0.000000 -0.852706 0.371905 0.371905 0.371905
6666.276367 0.000000 2279.982422 0.000000 0.168887 0.000000 -0.985635 0.369221 0.369221 0.369221
6668.652344 0.000000 2284.801758 0.000000 0.327626 0.000000 -0.944808 0.366970 0.366970 0.366970
6692.219727 0.000000 2299.532471 0.000000 0.430023 0.000000 -0.902818 0.370814 0.370814 0.370814
6663.290527 0.000000 2302.220215 0.000000 0.360664 0.000000 -0.932696 0.373156 0.373156 0.373156
6704.887695 0.000000 2284.250488 0.000000 0.216081 0.000000 -0.976375 0.367083 0.367083 0.367083
6702.444824 0.000000 2310.737305 0.000000 0.407779 0.000000 -0.913081 0.372926 0.372926 0.372926
6700.877441 0.000000 2293.161865 0.000000 0.084729 0.000000 -0.996404 0.374345 0.374345 0.374345
6665.889160 0.000000 2314.640137 0.000000 0.329302 0.000000 -0.944225 0.376498 0.376498 0.376498
6673.216309 0.000000 2299.256348 0.000000 0.239376 0.000000 -0.970927 0.368233 0.368233 0.368233
6692.176270 0.000000 2303.394531 0.000000 0.534714 0.000000 -0.845033 0.368163 0.368163 0.368163
6715.742676 0.000000 2297.052002 0.000000 0.533131 0.000000 -0.846033 0.366435 0.366435 0.366435
6661.963867 0.000000 2280.073975 0.000000 0.461502 0.000000 -0.887139 0.364730 0.364730 0.364730
6691.650879 0.000000 2282.317383 0.000000 0.572962 0.000000 -0.819582 0.362927 0.362927 0.362927
6680.357910 0.000000 2267.885986 0.000000 0.420165 0.000000 -0.907448 0.365501 0.365501 0.365501
6705.605957 0.000000 2312.228760 0.000000 0.493239 0.000000 -0.869894 0.370741 0.370741 0.370741
6694.643555 0.000000 2311.077148 0.000000 0.140151 0.000000 -0.990130 0.373307 0.373307 0.373307
6665.939941 0.000000 2274.663330 0.000000 0.048834 0.000000 -0.998807 0.370879 0.370879 0.370879
6686.662598 0.000000 2305.565430 0.000000 0.286662 0.000000 -0.958032 0.367337 0.367337 0.367337
6678.343750 0.000000 2276.767334 0.000000 0.513252 0.000000 -0.858238 0.364516 0.364516 0.364516
6669.152832 0.000000 2304.605957 0.000000 0.560001 0.000000 -0.828492 0.370946 0.370946 0.370946
6697.246582 0.000000 2307.686768 0.000000 0.564608 0.000000 -0.825359 0.368324 0.368324 0.368324
6696.221680 0.000000 2279.818359 0.000000 0.259783 0.000000 -0.965667 0.367658 0.367658 0.367658
6667.443359 0.000000 2289.362061 0.000000 0.343558 0.000000 -0.939131 0.366738 0.366738 0.366738
6671.212891 0.000000 2271.828369 0.000000 0.446720 0.000000 -0.894674 0.365196 0.365196 0.365196
6675.100098 0.000000 2312.121826 0.000000 0.019244 0.000000 -0.999815 0.376776 0.376776 0.376776
6670.569336 0.000000 2293.143799 0.000000 0.481531 0.000000 -0.876429 0.367411 0.367411 0.367411
6660.256348 0.000000 2314.890625 0.000000 0.257022 0.000000 -0.966406 0.378120 0.378120 0.378120
6667.346680 0.000000 2307.339111 0.000000 0.462491 0.000000 -0.886624 0.373382 0.373382 0.373382
6714.085938 0.000000 2306.533691 0.000000 0.556397 0.000000 -0.830916 0.366754 0.366754 0.366754
6656.956543 0.000000 2300.494873 0.000000 0.032156 0.000000 -0.999483 0.374872 0.374872 0.374872
6682.002441 0.000000 2273.410400 0.000000 0.168939 0.000000 -0.985626 0.372097 0.372097 0.372097
6719.545410 0.000000 2291.333984 0.000000 0.489758 0.000000 -0.871858 0.366934 0.366934 0.366934
6658.854492 0.000000 2306.921875 0.000000 0.095687 0.000000 -0.995412 0.381640 0.381640 0.381640
6715.743652 0.000000 2310.102539 0.000000 0.078390 0.000000 -0.996923 0.378166 0.378166 0.378166
6699.827148 0.000000 2297.561768 0.000000 0.281145 0.000000 -0.959665 0.375504 0.375504 0.375504
6713.532715 0.000000 2274.349609 0.000000 0.337599 0.000000 -0.941290 0.369986 0.369986 0.369986
6700.874023 0.000000 2304.364258 0.000000 0.172529 0.000000 -0.985004 0.375337 0.375337 0.375337
6657.278809 0.000000 2305.250244 0.000000 0.340882 0.000000 -0.940106 0.376234 0.376234 0.376234
6663.561523 0.000000 2310.348877 0.000000 0.137612 0.000000 -0.990486 0.380735 0.380735 0.380735
6696.632324 0.000000 2299.010254 0.000000 0.353410 0.000000 -0.935468 0.375895 0.375895 0.375895
6698.151367 0.000000 2301.886475 0.000000 0.583443 0.000000 -0.812154 0.368718 0.368718 0.368718
6670.936035 0.000000 2305.947021 0.000000 0.069730 0.000000 -0.997566 0.380035 0.380035 0.380035
6660.206055 0.000000 2261.629883 0.000000 0.580066 0.000000 -0.814570 0.369631 0.369631 0.369631
6667.567871 0.000000 2299.528320 0.000000 0.585146 0.000000 -0.810928 0.365453 0.365453 0.365453
6668.277832 0.000000 2314.631348 0.000000 0.390898 0.000000 -0.920434 0.375081 0.375081 0.375081
6704.601562 0.000000 2264.217285 0.000000 0.310714 0.000000 -0.950503 0.370285 0.370285 0.370285
6696.552734 0.000000 2312.226074 0.000000 0.173382 0.000000 -0.984855 0.376297 0.376297 0.376297
6727.674805 0.000000 2283.321045 0.000000 0.392747 0.000000 -0.919647 0.366981 0.366981 0.366981
6723.589355 0.000000 2271.757324 0.000000 0.295082 0.000000 -0.955472 0.373994 0.373994 0.373994
6751.430176 0.000000 2270.146973 0.000000 0.552824 0.000000 -0.833298 0.366053 0.366053 0.366053
6765.901367 0.000000 2260.329346 0.000000 0.220508 0.000000 -0.975385 0.371386 0.371386 0.371386
6745.268555 0.000000 2275.784180 0.000000 0.518361 0.000000 -0.855162 0.364073 0.364073 0.364073
6753.639160 0.000000 2289.412598 0.000000 0.228649 0.000000 -0.973509 0.377986 0.377986 0.377986
6758.270996 0.000000 2260.781982 0.000000 0.236423 0.000000 -0.971650 0.370603 0.370603 0.370603
6745.924805 0.000000 2312.615479 0.000000 0.465361 0.000000 -0.885121 0.368944 0.368944 0.368944
6722.164551 0.000000 2278.746582 0.000000 0.314750 0.000000 -0.949175 0.368468 0.368468 0.368468
6757.084961 0.000000 2274.172607 0.000000 0.070357 0.000000 -0.997522 0.378318 0.378318 0.378318
6746.616699 0.000000 2265.584473 0.000000 0.561241 0.000000 -0.827652 0.363374 0.363374 0.363374
6750.773926 0.000000 2275.846680 0.000000 0.178664 0.000000 -0.983910 0.374190 0.374190 0.374190
6751.273438 0.000000 2314.251465 0.000000 0.439990 0.000000 -0.898003 0.365396 0.365396 0.365396
6759.675293 0.000000 2314.148926 0.000000 0.465301 0.000000 -0.885152 0.365574 0.365574 0.365574
6746.661621 0.000000 2280.812744 0.000000 0.042383 0.000000 -0.999101 0.374573 0.374573 0.374573
6737.626465 0.000000 2264.584473 0.000000 0.498664 0.000000 -0.866796 0.364387 0.364387 0.364387
6724.957031 0.000000 2305.541992 0.000000 0.363616 0.000000 -0.931549 0.369533 0.369533 0.369533
6756.590332 0.000000 2269.381592 0.000000 0.350558 0.000000 -0.936541 0.369761 0.369761 0.369761
6742.003418 0.000000 2273.077393 0.000000 0.411041 0.000000 -0.911617 0.365738 0.365738 0.365738
6721.602051 0.000000 2289.748291 0.000000 0.328153 0.000000 -0.944625 0.369393 0.369393 0.369393
6762.157715 0.000000 2282.211182 0.000000 0.126471 0.000000 -0.991970 0.373531 0.373531 0.373531
6752.344727 0.000000 2297.692627 0.000000 0.406032 0.000000 -0.913859 0.371705 0.371705 0.371705
6732.652344 0.000000 2284.801758 0.000000 0.271969 0.000000 -0.962306 0.370543 0.370543 0.370543
6754.997070 0.000000 2315.338379 0.000000 0.422025 0.000000 -0.906584 0.367655 0.367655 0.367655
6756.219727 0.000000 2299.532471 0.000000 0.212537 0.000000 -0.977153 0.367307 0.367307 0.367307
6743.828125 0.000000 2283.551758 0.000000 0.406974 0.000000 -0.913440 0.365799 0.365799 0.365799
6753.456543 0.000000 2273.299805 0.000000 0.542516 0.000000 -0.840046 0.366035 0.366035 0.366035
6729.889160 0.000000 2314.640137 0.000000 0.584936 0.000000 -0.811080 0.371078 0.371078 0.371078
6737.216309 0.000000 2299.256348 0.000000 0.104179 0.000000 -0.994559 0.370373 0.370373 0.370373
6735.712891 0.000000 2277.989258 0.000000 0.559199 0.000000 -0.829033 0.363408 0.363408 0.363408
6737.983398 0.000000 2280.743164 0.000000 0.181734 0.000000 -0.983348 0.369042 0.369042 0.369042
6748.263672 0.000000 2268.671143 0.000000 0.371749 0.000000 -0.928333 0.368975 0.368975 0.368975
6724.219238 0.000000 2292.009033 0.000000 0.443781 0.000000 -0.896135 0.365241 0.365241 0.365241
6749.587891 0.000000 2279.042725 0.000000 0.124747 0.000000 -0.992189 0.373370 0.373370 0.373370
6731.269531 0.000000 2268.705078 0.000000 0.166481 0.000000 -0.986045 0.371462 0.371462 0.371462
6744.357910 0.000000 2267.885986 0.000000 0.108306 0.000000 -0.994118 0.370060 0.370060 0.370060
6749.536621 0.000000 2299.388184 0.000000 0.491977 0.000000 -0.870608 0.367585 0.367585 0.367585
6770.335449 0.000000 2280.268066 0.000000 0.463053 0.000000 -0.886331 0.364944 0.364944 0.364944
6733.152832 0.000000 2304.605957 0.000000 0.091190 0.000000 -0.995834 0.370296 0.370296 0.370296
6768.015137 0.000000 2287.156494 0.000000 0.463857 0.000000 -0.885910 0.364932 0.364932 0.364932
6756.314453 0.000000 2312.770996 0.000000 0.295346 0.000000 -0.955390 0.367436 0.367436 0.367436
6756.294922 0.000000 2263.031738 0.000000 0.513408 0.000000 -0.858145 0.366812 0.366812 0.366812
6723.167969 0.000000 2303.327637 0.000000 0.390682 0.000000 -0.920526 0.368648 0.368648 0.368648
6727.290527 0.000000 2294.047363 0.000000 0.459020 0.000000 -0.888426 0.365007 0.365007 0.365007
6742.909180 0.000000 2270.374756 0.000000 0.314919 0.000000 -0.949118 0.367154 0.367154 0.367154
6758.386719 0.000000 2281.723145 0.000000 0.216978 0.000000 -0.976177 0.373097 0.373097 0.373097
6742.697754 0.000000 2305.893555 0.000000 0.526457 0.000000 -0.850201 0.366563 0.366563 0.366563
6758.658203 0.000000 2267.595947 0.000000 0.209637 0.000000 -0.977779 0.372156 0.372156 0.372156
6743.654785 0.000000 2293.030518 0.000000 0.264483 0.000000 -0.964390 0.371236 0.371236 0.371236
6754.441895 0.000000 2293.338379 0.000000 0.111603 0.000000 -0.993753 0.376516 0.376516 0.376516
6720.956543 0.000000 2300.494873 0.000000 0.192838 0.000000 -0.981231 0.372436 0.372436 0.372436
6723.928711 0.000000 2289.506836 0.000000 0.541912 0.000000 -0.840435 0.365175 0.365175 0.365175
6751.885254 0.000000 2278.565186 0.000000 0.079771 0.000000 -0.996813 0.372538 0.372538 0.372538
6730.112305 0.000000 2277.528809 0.000000 0.394254 0.000000 -0.919001 0.370369 0.370369 0.370369
6743.550293 0.000000 2301.164062 0.000000 0.125699 0.000000 -0.992068 0.372471 0.372471 0.372471
6748.903809 0.000000 2265.996338 0.000000 0.254801 0.000000 -0.966994 0.369678 0.369678 0.369678
6749.291992 0.000000 2270.666016 0.000000 0.133838 0.000000 -0.991003 0.372908 0.372908 0.372908
6750.946777 0.000000 2272.614014 0.000000 0.586601 0.000000 -0.809876 0.365795 0.365795 0.365795
6745.637695 0.000000 2296.072510 0.000000 0.164689 0.000000 -0.986346 0.372902 0.372902 0.372902
6765.664062 0.000000 2266.370605 0.000000 0.261151 0.000000 -0.965298 0.370607 0.370607 0.370607
6671.347656 0.000000 2316.143555 0.000000 0.519602 0.000000 -0.854409 0.371975 0.371975 0.371975
6669.467773 0.000000 2331.414551 0.000000 0.437149 0.000000 -0.899389 0.365147 0.365147 0.365147
6681.268555 0.000000 2332.268555 0.000000 0.555686 0.000000 -0.831392 0.363466 0.363466 0.363466
6693.084961 0.000000 2330.656982 0.000000 0.130279 0.000000 -0.991477 0.369757 0.369757 0.369757
6670.716309 0.000000 2325.593018 0.000000 0.548715 0.000000 -0.836010 0.363754 0.363754 0.363754
6693.443359 0.000000 2335.661377 0.000000 0.443160 0.000000 -0.896443 0.367970 0.367970 0.367970
6672.913574 0.000000 2348.429443 0.000000 0.176686 0.000000 -0.984267 0.367286 0.367286 0.367286
6693.993652 0.000000 2345.422607 0.000000 0.363617 0.000000 -0.931548 0.365396 0.365396 0.365396
6714.875000 0.000000 2316.013916 0.000000 0.353218 0.000000 -0.935541 0.376956 0.376956 0.376956
6707.006836 0.000000 2324.304443 0.000000 0.012170 0.000000 -0.999926 0.371246 0.371246 0.371246
6701.457031 0.000000 2320.072998 0.000000 0.225157 0.000000 -0.974322 0.371604 0.371604 0.371604
6665.939941 0.000000 2331.147705 0.000000 0.370958 0.000000 -0.928649 0.368833 0.368833 0.368833
6668.406250 0.000000 2316.807617 0.000000 0.127986 0.000000 -0.991776 0.380943 0.380943 0.380943
6658.492188 0.000000 2319.448975 0.000000 0.177927 0.000000 -0.984044 0.379859 0.379859 0.379859
6666.448242 0.000000 2319.464355 0.000000 0.481382 0.000000 -0.876511 0.372922 0.372922 0.372922
6698.549316 0.000000 2326.970703 0.000000 0.353739 0.000000 -0.935344 0.367857 0.367857 0.367857
6703.681152 0.000000 2318.761230 0.000000 0.099912 0.000000 -0.994996 0.376473 0.376473 0.376473
6723.589355 0.000000 2328.241699 0.000000 0.515942 0.000000 -0.856623 0.362314 0.362314 0.362314
6735.347656 0.000000 2316.143555 0.000000 0.177733 0.000000 -0.984079 0.381019 0.381019 0.381019
6762.581543 0.000000 2334.664307 0.000000 0.023204 0.000000 -0.999731 0.371231 0.371231 0.371231
6729.453613 0.000000 2322.178711 0.000000 0.491233 0.000000 -0.871028 0.373558 0.373558 0.373558
6754.074219 0.000000 2321.379150 0.000000 0.448470 0.000000 -0.893798 0.368599 0.368599 0.368599
6745.550293 0.000000 2327.460693 0.000000 0.232327 0.000000 -0.972638 0.367106 0.367106 0.367106
6725.568848 0.000000 2319.877197 0.000000 0.262749 0.000000 -0.964864 0.379076 0.379076 0.379076
6762.157715 0.000000 2338.695557 0.000000 0.500027 0.000000 -0.866010 0.364366 0.364366 0.364366
6761.896973 0.000000 2315.887695 0.000000 0.563882 0.000000 -0.825856 0.364944 0.364944 0.364944
6748.683105 0.000000 2329.293213 0.000000 0.076416 0.000000 -0.997076 0.369586 0.369586 0.369586
6771.006836 0.000000 2324.304443 0.000000 0.256703 0.000000 -0.966490 0.367988 0.367988 0.367988
6744.357910 0.000000 2324.370361 0.000000 0.350753 0.000000 -0.936468 0.366633 0.366633 0.366633
6768.015137 0.000000 2343.640869 0.000000 0.034850 0.000000 -0.999393 0.372748 0.372748 0.372748
6765.452148 0.000000 2344.429199 0.000000 0.298412 0.000000 -0.954437 0.370660 0.370660 0.370660
6726.927734 0.000000 2322.206787 0.000000 0.232620 0.000000 -0.972568 0.379185 0.379185 0.379185
6761.191406 0.000000 2317.989746 0.000000 0.014926 0.000000 -0.999889 0.375831 0.375831 0.375831
6758.302734 0.000000 2328.926025 0.000000 0.480372 0.000000 -0.877065 0.366918 0.366918 0.366918
6798.124512 0.000000 2344.868164 0.000000 0.560923 0.000000 -0.827868 0.361590 0.361590 0.361590
6793.424316 0.000000 2343.733154 0.000000 0.502442 0.000000 -0.864611 0.370898 0.370898 0.370898
6802.409180 0.000000 2344.268799 0.000000 0.517518 0.000000 -0.855672 0.372117 0.372117 0.372117
6789.963867 0.000000 2336.558350 0.000000 0.333004 0.000000 -0.942926 0.368936 0.368936 0.368936
6789.178223 0.000000 2341.229492 0.000000 0.185255 0.000000 -0.982690 0.380425 0.380425 0.380425
6787.661133 0.000000 2336.932861 0.000000 0.570078 0.000000 -0.821591 0.371484 0.371484 0.371484
6945.639160 0.000000 2571.834473 0.000000 0.457484 0.000000 -0.889218 0.363451 0.363451 0.363451
6938.840820 0.000000 2568.501221 0.000000 0.494046 0.000000 -0.869436 0.365611 0.365611 0.365611
6287.712891 0.000000 2842.833008 0.000000 0.074759 0.000000 -0.997202 0.383333 0.383333 0.383333
6284.424805 0.000000 2842.638428 0.000000 0.406415 0.000000 -0.913688 0.375674 0.375674 0.375674
6288.764160 0.000000 2840.170654 0.000000 0.193865 0.000000 -0.981028 0.380653 0.380653 0.380653
7412.449707 0.000000 3365.338623 0.000000 0.116195 0.000000 -0.993226 0.368045 0.368045 0.368045
7408.015137 0.000000 3360.359619 0.000000 0.348190 0.000000 -0.937424 0.367254 0.367254 0.367254
7559.693359 0.000000 3251.441895 0.000000 0.125197 0.000000 -0.992132 0.369196 0.369196 0.369196
7433.163574 0.000000 3371.878906 0.000000 0.224631 0.000000 -0.974444 0.367031 0.367031 0.367031
"}
