object={
	name="oak_generator_2_0"
	clamp_to_water_level=no
	render_under_water=no
	generated_content=yes
	layer="semidynamic_medium"
	pdxmesh="oak_tree_01_mesh"
	count=1865
	transform="1748.194824 0.000000 1232.084717 0.000000 0.239550 0.000000 0.970884 0.334440 0.334440 0.334440
1781.610352 0.000000 1221.664673 0.000000 0.009120 0.000000 0.999958 0.330623 0.330623 0.330623
1791.022949 0.000000 1240.337402 0.000000 0.081000 0.000000 0.996714 0.331060 0.331060 0.331060
1756.691528 0.000000 1234.264160 0.000000 0.577539 0.000000 0.816363 0.337482 0.337482 0.337482
1761.651611 0.000000 1222.369385 0.000000 0.019016 0.000000 0.999819 0.328644 0.328644 0.328644
1760.249146 0.000000 1214.547607 0.000000 0.277670 0.000000 0.960677 0.332818 0.332818 0.332818
1773.660034 0.000000 1218.122192 0.000000 0.366648 0.000000 0.930360 0.333392 0.333392 0.333392
1768.804443 0.000000 1220.296143 0.000000 0.444716 0.000000 0.895671 0.333609 0.333609 0.333609
1784.579102 0.000000 1291.818604 0.000000 0.314168 0.000000 0.949367 0.334038 0.334038 0.334038
1787.669312 0.000000 1262.361084 0.000000 0.404940 0.000000 0.914343 0.335380 0.335380 0.335380
1782.496216 0.000000 1271.965088 0.000000 0.469706 0.000000 0.882823 0.336104 0.336104 0.336104
1783.033203 0.000000 1281.104126 0.000000 0.445314 0.000000 0.895375 0.336236 0.336236 0.336236
1788.365845 0.000000 1245.383911 0.000000 0.409654 0.000000 0.912241 0.335345 0.335345 0.335345
1783.542480 0.000000 1265.786011 0.000000 0.504906 0.000000 0.863174 0.336713 0.336713 0.336713
1787.279419 0.000000 1267.857788 0.000000 0.101550 0.000000 0.994830 0.331259 0.331259 0.331259
1791.940552 0.000000 1262.105713 0.000000 0.536701 0.000000 0.843772 0.336749 0.336749 0.336749
1761.651611 0.000000 1278.853760 0.000000 0.422931 0.000000 0.906162 0.334342 0.334342 0.334342
1771.827026 0.000000 1280.843018 0.000000 0.529000 0.000000 0.848622 0.335700 0.335700 0.335700
1763.886841 0.000000 1273.280762 0.000000 0.307756 0.000000 0.951465 0.332413 0.332413 0.332413
1762.304321 0.000000 1258.756104 0.000000 0.199938 0.000000 0.979809 0.331392 0.331392 0.331392
1763.097656 0.000000 1284.756348 0.000000 0.307371 0.000000 0.951590 0.333012 0.333012 0.333012
1770.151367 0.000000 1285.167847 0.000000 0.013818 0.000000 0.999905 0.329253 0.329253 0.329253
1758.946777 0.000000 1255.895264 0.000000 0.562982 0.000000 0.826469 0.335932 0.335932 0.335932
1761.958618 0.000000 1282.885254 0.000000 0.362240 0.000000 0.932085 0.333379 0.333379 0.333379
1773.664185 0.000000 1249.651855 0.000000 0.126139 0.000000 0.992013 0.329492 0.329492 0.329492
1765.382812 0.000000 1270.238281 0.000000 0.366596 0.000000 0.930380 0.332033 0.332033 0.332033
1764.267090 0.000000 1267.546997 0.000000 0.380068 0.000000 0.924959 0.331478 0.331478 0.331478
1771.705322 0.000000 1270.043945 0.000000 0.246763 0.000000 0.969076 0.325983 0.325983 0.325983
1775.881714 0.000000 1255.388794 0.000000 0.375674 0.000000 0.926752 0.333475 0.333475 0.333475
1771.248413 0.000000 1275.482300 0.000000 0.405922 0.000000 0.913908 0.331616 0.331616 0.331616
1775.125977 0.000000 1281.573364 0.000000 0.213989 0.000000 0.976836 0.328627 0.328627 0.328627
1763.248779 0.000000 1257.017578 0.000000 0.349350 0.000000 0.936992 0.331650 0.331650 0.331650
1771.042236 0.000000 1251.526978 0.000000 0.402025 0.000000 0.915629 0.331852 0.331852 0.331852
1758.270752 0.000000 1251.932983 0.000000 0.423428 0.000000 0.905930 0.333459 0.333459 0.333459
1769.985107 0.000000 1263.592896 0.000000 0.187646 0.000000 0.982237 0.329169 0.329169 0.329169
1768.804443 0.000000 1276.780518 0.000000 0.584408 0.000000 0.811460 0.336641 0.336641 0.336641
1766.058228 0.000000 1258.958740 0.000000 0.348833 0.000000 0.937185 0.329519 0.329519 0.329519
1767.815552 0.000000 1252.209961 0.000000 0.379000 0.000000 0.925397 0.328154 0.328154 0.328154
1777.404663 0.000000 1262.114380 0.000000 0.568043 0.000000 0.822999 0.334923 0.334923 0.334923
1776.528931 0.000000 1263.537231 0.000000 0.328276 0.000000 0.944582 0.330717 0.330717 0.330717
1770.998291 0.000000 1279.323242 0.000000 0.116159 0.000000 0.993231 0.327062 0.327062 0.327062
1767.114014 0.000000 1273.111084 0.000000 0.171888 0.000000 0.985117 0.326728 0.326728 0.326728
1761.012085 0.000000 1252.869507 0.000000 0.500611 0.000000 0.865672 0.332718 0.332718 0.332718
1773.009277 0.000000 1269.817505 0.000000 0.320941 0.000000 0.947099 0.325867 0.325867 0.325867
1766.192993 0.000000 1304.847534 0.000000 0.072562 0.000000 0.997364 0.332131 0.332131 0.332131
1783.430908 0.000000 1313.017700 0.000000 0.044340 0.000000 0.999016 0.331194 0.331194 0.331194
1762.996948 0.000000 1355.104004 0.000000 0.184169 0.000000 0.982895 0.332869 0.332869 0.332869
1745.216431 0.000000 1339.021851 0.000000 0.335804 0.000000 0.941932 0.335081 0.335081 0.335081
1758.089844 0.000000 1328.075928 0.000000 0.566527 0.000000 0.824043 0.337771 0.337771 0.337771
1754.132568 0.000000 1333.592407 0.000000 0.492157 0.000000 0.870506 0.336248 0.336248 0.336248
1786.107300 0.000000 1354.341064 0.000000 0.356737 0.000000 0.934205 0.334614 0.334614 0.334614
1749.228027 0.000000 1337.045776 0.000000 0.248462 0.000000 0.968642 0.332242 0.332242 0.332242
1754.616211 0.000000 1323.223022 0.000000 0.276223 0.000000 0.961094 0.332911 0.332911 0.332911
1750.697754 0.000000 1345.659302 0.000000 0.180016 0.000000 0.983664 0.331784 0.331784 0.331784
1788.341309 0.000000 1352.308472 0.000000 0.438928 0.000000 0.898522 0.335807 0.335807 0.335807
1766.658447 0.000000 1307.361572 0.000000 0.563149 0.000000 0.826355 0.337592 0.337592 0.337592
1766.352295 0.000000 1348.329102 0.000000 0.411055 0.000000 0.911611 0.334713 0.334713 0.334713
1756.691528 0.000000 1347.232910 0.000000 0.426476 0.000000 0.904499 0.333952 0.333952 0.333952
1791.940552 0.000000 1318.590088 0.000000 0.062628 0.000000 0.998037 0.328981 0.328981 0.328981
1787.596436 0.000000 1315.666992 0.000000 0.175176 0.000000 0.984537 0.331598 0.331598 0.331598
1776.749756 0.000000 1321.748291 0.000000 0.552601 0.000000 0.833446 0.336569 0.336569 0.336569
1762.304321 0.000000 1315.240479 0.000000 0.092554 0.000000 0.995708 0.330304 0.330304 0.330304
1768.632446 0.000000 1338.775757 0.000000 0.310358 0.000000 0.950620 0.331958 0.331958 0.331958
1761.051514 0.000000 1331.332153 0.000000 0.469037 0.000000 0.883179 0.335338 0.335338 0.335338
1776.587158 0.000000 1350.066650 0.000000 0.347894 0.000000 0.937534 0.333007 0.333007 0.333007
1761.958618 0.000000 1339.369629 0.000000 0.048283 0.000000 0.998834 0.327717 0.327717 0.327717
1768.273193 0.000000 1349.356201 0.000000 0.125245 0.000000 0.992126 0.329858 0.329858 0.329858
1774.922729 0.000000 1334.461914 0.000000 0.292939 0.000000 0.956131 0.326743 0.326743 0.326743
1780.752563 0.000000 1345.537964 0.000000 0.474941 0.000000 0.880018 0.334441 0.334441 0.334441
1750.346924 0.000000 1321.784302 0.000000 0.336449 0.000000 0.941702 0.332515 0.332515 0.332515
1773.660034 0.000000 1331.090942 0.000000 0.029586 0.000000 0.999562 0.320642 0.320642 0.320642
1789.048584 0.000000 1338.406006 0.000000 0.035893 0.000000 0.999356 0.315800 0.315800 0.315800
1781.193481 0.000000 1338.475586 0.000000 0.229194 0.000000 0.973381 0.323489 0.323489 0.323489
1783.776123 0.000000 1326.865601 0.000000 0.196014 0.000000 0.980601 0.327617 0.327617 0.327617
1756.806519 0.000000 1349.503662 0.000000 0.161532 0.000000 0.986867 0.329754 0.329754 0.329754
1775.143188 0.000000 1324.818115 0.000000 0.121356 0.000000 0.992609 0.328854 0.328854 0.328854
1777.665527 0.000000 1327.903198 0.000000 0.480777 0.000000 0.876843 0.332295 0.332295 0.332295
1775.125977 0.000000 1338.057739 0.000000 0.296491 0.000000 0.955036 0.330417 0.330417 0.330417
1768.504761 0.000000 1342.534302 0.000000 0.466236 0.000000 0.884660 0.333350 0.333350 0.333350
1771.434082 0.000000 1328.230713 0.000000 0.329093 0.000000 0.944298 0.329705 0.329705 0.329705
1770.287964 0.000000 1329.822876 0.000000 0.307876 0.000000 0.951427 0.329337 0.329337 0.329337
1773.740601 0.000000 1329.349854 0.000000 0.188344 0.000000 0.982103 0.327309 0.327309 0.327309
1791.198608 0.000000 1334.160645 0.000000 0.229612 0.000000 0.973282 0.320162 0.320162 0.320162
1788.396973 0.000000 1325.428589 0.000000 0.134683 0.000000 0.990889 0.324910 0.324910 0.324910
1776.720703 0.000000 1329.184448 0.000000 0.422012 0.000000 0.906590 0.329171 0.329171 0.329171
1775.751465 0.000000 1336.700806 0.000000 0.520539 0.000000 0.853838 0.331759 0.331759 0.331759
1779.138062 0.000000 1331.152832 0.000000 0.213920 0.000000 0.976851 0.323178 0.323178 0.323178
1778.837158 0.000000 1340.816895 0.000000 0.021663 0.000000 0.999765 0.324823 0.324823 0.324823
1789.805542 0.000000 1334.786987 0.000000 0.363405 0.000000 0.931631 0.323287 0.323287 0.323287
1787.111816 0.000000 1340.263672 0.000000 0.484524 0.000000 0.874778 0.329016 0.329016 0.329016
1791.099731 0.000000 1342.101807 0.000000 0.400310 0.000000 0.916380 0.327367 0.327367 0.327367
1791.335327 0.000000 1325.369995 0.000000 0.517736 0.000000 0.855540 0.331656 0.331656 0.331656
1782.485107 0.000000 1338.843506 0.000000 0.148235 0.000000 0.988952 0.322353 0.322353 0.322353
1789.768066 0.000000 1326.338745 0.000000 0.087897 0.000000 0.996130 0.320848 0.320848 0.320848
1781.027100 0.000000 1330.657715 0.000000 0.060537 0.000000 0.998166 0.319715 0.319715 0.319715
1780.552002 0.000000 1340.268921 0.000000 0.131345 0.000000 0.991337 0.324977 0.324977 0.324977
1781.815186 0.000000 1329.515747 0.000000 0.087909 0.000000 0.996128 0.324411 0.324411 0.324411
1786.465332 0.000000 1336.672485 0.000000 0.159624 0.000000 0.987178 0.318572 0.318572 0.318572
1787.613647 0.000000 1330.347900 0.000000 0.310876 0.000000 0.950450 0.322044 0.322044 0.322044
1789.826050 0.000000 1340.860474 0.000000 0.541253 0.000000 0.840860 0.329838 0.329838 0.329838
1853.935669 0.000000 1159.717529 0.000000 0.176876 0.000000 0.984233 0.333446 0.333446 0.333446
1844.391968 0.000000 1178.074219 0.000000 0.095755 0.000000 0.995405 0.331829 0.331829 0.331829
1845.008667 0.000000 1173.909302 0.000000 0.285638 0.000000 0.958338 0.333152 0.333152 0.333152
1811.100220 0.000000 1182.434448 0.000000 0.092787 0.000000 0.995686 0.331146 0.331146 0.331146
1843.473267 0.000000 1170.065430 0.000000 0.020704 0.000000 0.999786 0.329548 0.329548 0.329548
1855.198608 0.000000 1164.707520 0.000000 0.427738 0.000000 0.903903 0.333183 0.333183 0.333183
1877.228027 0.000000 1167.592651 0.000000 0.495806 0.000000 0.868433 0.336809 0.336809 0.336809
1892.845703 0.000000 1175.667358 0.000000 0.500435 0.000000 0.865774 0.333263 0.333263 0.333263
1858.331055 0.000000 1169.633301 0.000000 0.152244 0.000000 0.988343 0.329433 0.329433 0.329433
1891.246582 0.000000 1176.105957 0.000000 0.358860 0.000000 0.933391 0.332119 0.332119 0.332119
1860.650269 0.000000 1167.463623 0.000000 0.121243 0.000000 0.992623 0.328029 0.328029 0.328029
1825.639404 0.000000 1216.209473 0.000000 0.339982 0.000000 0.940432 0.336097 0.336097 0.336097
1836.186279 0.000000 1233.880127 0.000000 0.533276 0.000000 0.845942 0.338546 0.338546 0.338546
1806.716187 0.000000 1195.905518 0.000000 0.012289 0.000000 0.999924 0.332092 0.332092 0.332092
1851.875732 0.000000 1200.378052 0.000000 0.480101 0.000000 0.877213 0.336910 0.336910 0.336910
1815.828003 0.000000 1210.348633 0.000000 0.150722 0.000000 0.988576 0.332697 0.332697 0.332697
1807.712891 0.000000 1204.786011 0.000000 0.164154 0.000000 0.986435 0.332433 0.332433 0.332433
1809.116211 0.000000 1233.419434 0.000000 0.119156 0.000000 0.992876 0.331802 0.331802 0.331802
1842.335327 0.000000 1207.064941 0.000000 0.220833 0.000000 0.975312 0.332801 0.332801 0.332801
1804.424805 0.000000 1204.591675 0.000000 0.226526 0.000000 0.974005 0.332876 0.332876 0.332876
1801.349487 0.000000 1238.726929 0.000000 0.086760 0.000000 0.996229 0.331588 0.331588 0.331588
1817.163940 0.000000 1242.031250 0.000000 0.583573 0.000000 0.812061 0.337331 0.337331 0.337331
1795.898438 0.000000 1238.928467 0.000000 0.063579 0.000000 0.997977 0.330575 0.330575 0.330575
1839.961792 0.000000 1241.431763 0.000000 0.303222 0.000000 0.952920 0.333891 0.333891 0.333891
1805.897339 0.000000 1229.279785 0.000000 0.352180 0.000000 0.935932 0.333970 0.333970 0.333970
1800.383423 0.000000 1208.035645 0.000000 0.300872 0.000000 0.953664 0.332920 0.332920 0.332920
1823.860107 0.000000 1234.005371 0.000000 0.255713 0.000000 0.966753 0.325635 0.325635 0.325635
1801.185303 0.000000 1229.707031 0.000000 0.056557 0.000000 0.998399 0.327904 0.327904 0.327904
1828.845703 0.000000 1232.151733 0.000000 0.179497 0.000000 0.983759 0.329408 0.329408 0.329408
1845.193481 0.000000 1225.506836 0.000000 0.012658 0.000000 0.999920 0.325357 0.325357 0.325357
1820.806519 0.000000 1236.534912 0.000000 0.258523 0.000000 0.966005 0.327290 0.327290 0.327290
1842.737793 0.000000 1219.669556 0.000000 0.431563 0.000000 0.902083 0.334081 0.334081 0.334081
1815.245850 0.000000 1241.832397 0.000000 0.385056 0.000000 0.922893 0.333154 0.333154 0.333154
1807.104492 0.000000 1191.023926 0.000000 0.162041 0.000000 0.986784 0.329330 0.329330 0.329330
1794.331055 0.000000 1226.117676 0.000000 0.386628 0.000000 0.922236 0.331076 0.331076 0.331076
1847.086548 0.000000 1222.788208 0.000000 0.361208 0.000000 0.932485 0.330897 0.330897 0.330897
1849.096802 0.000000 1220.236816 0.000000 0.479937 0.000000 0.877303 0.334617 0.334617 0.334617
1828.916992 0.000000 1237.913086 0.000000 0.372047 0.000000 0.928214 0.327756 0.327756 0.327756
1812.698120 0.000000 1191.355957 0.000000 0.233569 0.000000 0.972340 0.323578 0.323578 0.323578
1813.480591 0.000000 1189.929932 0.000000 0.037789 0.000000 0.999286 0.320999 0.320999 0.320999
1800.825562 0.000000 1220.680908 0.000000 0.290501 0.000000 0.956875 0.328146 0.328146 0.328146
1819.648804 0.000000 1193.605347 0.000000 0.130946 0.000000 0.991390 0.323586 0.323586 0.323586
1824.238770 0.000000 1239.710327 0.000000 0.361754 0.000000 0.932274 0.328336 0.328336 0.328336
1799.860718 0.000000 1219.512085 0.000000 0.183823 0.000000 0.982959 0.325659 0.325659 0.325659
1798.769043 0.000000 1222.179199 0.000000 0.366126 0.000000 0.930565 0.330563 0.330563 0.330563
1811.355347 0.000000 1186.205566 0.000000 0.127940 0.000000 0.991782 0.326430 0.326430 0.326430
1827.060181 0.000000 1240.166748 0.000000 0.098167 0.000000 0.995170 0.323174 0.323174 0.323174
1812.914795 0.000000 1193.893799 0.000000 0.527614 0.000000 0.849484 0.330710 0.330710 0.330710
1793.161133 0.000000 1225.452026 0.000000 0.448060 0.000000 0.894004 0.331393 0.331393 0.331393
1817.027344 0.000000 1191.370483 0.000000 0.520729 0.000000 0.853722 0.329975 0.329975 0.329975
1825.146729 0.000000 1234.105103 0.000000 0.259781 0.000000 0.965667 0.324741 0.324741 0.324741
1903.365356 0.000000 1216.975464 0.000000 0.566728 0.000000 0.823905 0.338747 0.338747 0.338747
1871.712891 0.000000 1204.786011 0.000000 0.083044 0.000000 0.996546 0.331671 0.331671 0.331671
1863.290405 0.000000 1220.844238 0.000000 0.394488 0.000000 0.918901 0.335032 0.335032 0.335032
1891.895264 0.000000 1198.685547 0.000000 0.459387 0.000000 0.888236 0.336050 0.336050 0.336050
1903.681152 0.000000 1189.073730 0.000000 0.200316 0.000000 0.979731 0.332534 0.332534 0.332534
1863.851929 0.000000 1223.349365 0.000000 0.400545 0.000000 0.916277 0.333902 0.333902 0.333902
1880.466675 0.000000 1212.695923 0.000000 0.275800 0.000000 0.961215 0.331607 0.331607 0.331607
1872.326904 0.000000 1208.838867 0.000000 0.054274 0.000000 0.998526 0.327407 0.327407 0.327407
1877.939941 0.000000 1211.505249 0.000000 0.100536 0.000000 0.994933 0.329062 0.329062 0.329062
1884.897827 0.000000 1207.810791 0.000000 0.233154 0.000000 0.972440 0.330804 0.330804 0.330804
1878.346924 0.000000 1208.815552 0.000000 0.345036 0.000000 0.938589 0.332645 0.332645 0.332645
1860.253662 0.000000 1225.537720 0.000000 0.508179 0.000000 0.861252 0.335175 0.335175 0.335175
1881.591064 0.000000 1204.153687 0.000000 0.416253 0.000000 0.909249 0.331498 0.331498 0.331498
1950.773926 0.000000 1146.159180 0.000000 0.388585 0.000000 0.921413 0.336230 0.336230 0.336230
1956.219849 0.000000 1169.844971 0.000000 0.580662 0.000000 0.814144 0.338280 0.338280 0.338280
1961.927490 0.000000 1174.420776 0.000000 0.226693 0.000000 0.973966 0.333054 0.333054 0.333054
1961.461914 0.000000 1185.287109 0.000000 0.266388 0.000000 0.963866 0.330388 0.330388 0.330388
1950.270752 0.000000 1138.964233 0.000000 0.587527 0.000000 0.809205 0.336242 0.336242 0.336242
1946.396606 0.000000 1139.725220 0.000000 0.103558 0.000000 0.994623 0.324170 0.324170 0.324170
1947.648804 0.000000 1137.120972 0.000000 0.391630 0.000000 0.920123 0.329530 0.329530 0.329530
1965.456909 0.000000 1190.385376 0.000000 0.422463 0.000000 0.906380 0.335822 0.335822 0.335822
1964.378174 0.000000 1186.668091 0.000000 0.512407 0.000000 0.858742 0.334252 0.334252 0.334252
1834.064331 0.000000 1293.980103 0.000000 0.478202 0.000000 0.878250 0.336884 0.336884 0.336884
1839.152222 0.000000 1288.126953 0.000000 0.464171 0.000000 0.885746 0.336404 0.336404 0.336404
1847.010986 0.000000 1297.609131 0.000000 0.123827 0.000000 0.992304 0.332493 0.332493 0.332493
1841.605835 0.000000 1295.510132 0.000000 0.367551 0.000000 0.930004 0.335075 0.335075 0.335075
1834.699829 0.000000 1283.035034 0.000000 0.441569 0.000000 0.897227 0.336233 0.336233 0.336233
1822.662720 0.000000 1288.846680 0.000000 0.554137 0.000000 0.832425 0.337454 0.337454 0.337454
1833.246460 0.000000 1290.968018 0.000000 0.538788 0.000000 0.842441 0.337701 0.337701 0.337701
1845.610352 0.000000 1278.149048 0.000000 0.034056 0.000000 0.999420 0.330395 0.330395 0.330395
1844.968994 0.000000 1247.014160 0.000000 0.121606 0.000000 0.992578 0.332149 0.332149 0.332149
1802.423096 0.000000 1266.403809 0.000000 0.400150 0.000000 0.916450 0.335618 0.335618 0.335618
1795.898438 0.000000 1295.412842 0.000000 0.204452 0.000000 0.978877 0.332707 0.332707 0.332707
1799.173218 0.000000 1271.862915 0.000000 0.019212 0.000000 0.999815 0.330206 0.330206 0.330206
1825.496704 0.000000 1266.886963 0.000000 0.062708 0.000000 0.998032 0.328851 0.328851 0.328851
1808.003174 0.000000 1269.958984 0.000000 0.559707 0.000000 0.828691 0.336430 0.336430 0.336430
1828.534668 0.000000 1259.834351 0.000000 0.180468 0.000000 0.983581 0.332215 0.332215 0.332215
1830.985352 0.000000 1274.520630 0.000000 0.306819 0.000000 0.951768 0.331959 0.331959 0.331959
1823.885010 0.000000 1261.846313 0.000000 0.039027 0.000000 0.999238 0.329656 0.329656 0.329656
1819.827881 0.000000 1246.695435 0.000000 0.303022 0.000000 0.952984 0.331957 0.331957 0.331957
1827.886841 0.000000 1273.280762 0.000000 0.170413 0.000000 0.985373 0.330128 0.330128 0.330128
1795.661377 0.000000 1263.729858 0.000000 0.281597 0.000000 0.959533 0.332199 0.332199 0.332199
1824.249146 0.000000 1271.031982 0.000000 0.350104 0.000000 0.936711 0.332722 0.332722 0.332722
1807.150513 0.000000 1296.267212 0.000000 0.383584 0.000000 0.923506 0.332566 0.332566 0.332566
1800.816650 0.000000 1290.664551 0.000000 0.244058 0.000000 0.969761 0.330040 0.330040 0.330040
1797.476685 0.000000 1293.934448 0.000000 0.351309 0.000000 0.936259 0.332423 0.332423 0.332423
1801.185303 0.000000 1286.191406 0.000000 0.272878 0.000000 0.962049 0.330885 0.330885 0.330885
1800.026367 0.000000 1297.110596 0.000000 0.411088 0.000000 0.911596 0.334112 0.334112 0.334112
1820.806519 0.000000 1293.019287 0.000000 0.149261 0.000000 0.988798 0.329016 0.329016 0.329016
1823.589478 0.000000 1272.701294 0.000000 0.524702 0.000000 0.851286 0.334961 0.334961 0.334961
1819.705688 0.000000 1282.695068 0.000000 0.289289 0.000000 0.957242 0.329631 0.329631 0.329631
1815.132690 0.000000 1280.604980 0.000000 0.303796 0.000000 0.952737 0.328991 0.328991 0.328991
1822.632446 0.000000 1269.966431 0.000000 0.002560 0.000000 0.999997 0.326705 0.326705 0.326705
1819.994141 0.000000 1267.689453 0.000000 0.067748 0.000000 0.997702 0.327280 0.327280 0.327280
1803.621582 0.000000 1288.579834 0.000000 0.186114 0.000000 0.982528 0.328601 0.328601 0.328601
1820.480591 0.000000 1281.217163 0.000000 0.432195 0.000000 0.901780 0.333060 0.333060 0.333060
1812.233154 0.000000 1284.775879 0.000000 0.016444 0.000000 0.999865 0.321342 0.321342 0.321342
1800.076660 0.000000 1292.095703 0.000000 0.364345 0.000000 0.931264 0.331369 0.331369 0.331369
1814.076782 0.000000 1284.442017 0.000000 0.367200 0.000000 0.930142 0.329015 0.329015 0.329015
1806.338867 0.000000 1284.477417 0.000000 0.250922 0.000000 0.968007 0.326291 0.326291 0.326291
1858.892212 0.000000 1280.857544 0.000000 0.060714 0.000000 0.998155 0.331198 0.331198 0.331198
1863.173218 0.000000 1271.862915 0.000000 0.074656 0.000000 0.997209 0.329934 0.329934 0.329934
1863.626831 0.000000 1289.006470 0.000000 0.355334 0.000000 0.934740 0.334595 0.334595 0.334595
1866.112183 0.000000 1260.810181 0.000000 0.211183 0.000000 0.977446 0.332201 0.332201 0.332201
1868.076904 0.000000 1277.966675 0.000000 0.028707 0.000000 0.999588 0.327700 0.327700 0.327700
1867.945557 0.000000 1264.724731 0.000000 0.483342 0.000000 0.875432 0.334393 0.334393 0.334393
1875.138916 0.000000 1290.319946 0.000000 0.092925 0.000000 0.995673 0.327145 0.327145 0.327145
1868.884766 0.000000 1289.638672 0.000000 0.246804 0.000000 0.969066 0.328928 0.328928 0.328928
1867.004761 0.000000 1268.476196 0.000000 0.407834 0.000000 0.913056 0.333409 0.333409 0.333409
1876.010742 0.000000 1286.865601 0.000000 0.199151 0.000000 0.979969 0.328627 0.328627 0.328627
1873.633179 0.000000 1291.485107 0.000000 0.473459 0.000000 0.880816 0.332769 0.332769 0.332769
1873.270264 0.000000 1293.473877 0.000000 0.180162 0.000000 0.983637 0.329054 0.329054 0.329054
1818.844482 0.000000 1300.858154 0.000000 0.432975 0.000000 0.901406 0.336704 0.336704 0.336704
1822.662720 0.000000 1345.331055 0.000000 0.313410 0.000000 0.949618 0.334192 0.334192 0.334192
1800.260498 0.000000 1308.146240 0.000000 0.153628 0.000000 0.988129 0.332547 0.332547 0.332547
1808.764038 0.000000 1315.092651 0.000000 0.350794 0.000000 0.936453 0.333686 0.333686 0.333686
1798.202026 0.000000 1310.653442 0.000000 0.056794 0.000000 0.998386 0.330884 0.330884 0.330884
1817.163940 0.000000 1355.000000 0.000000 0.495691 0.000000 0.868499 0.336761 0.336761 0.336761
1814.908936 0.000000 1310.140503 0.000000 0.502951 0.000000 0.864315 0.336274 0.336274 0.336274
1817.026123 0.000000 1299.388550 0.000000 0.319367 0.000000 0.947631 0.333836 0.333836 0.333836
1806.936279 0.000000 1345.712524 0.000000 0.279998 0.000000 0.960001 0.331838 0.331838 0.331838
1797.852539 0.000000 1321.986206 0.000000 0.111251 0.000000 0.993792 0.330172 0.330172 0.330172
1805.989746 0.000000 1326.055054 0.000000 0.031956 0.000000 0.999489 0.327545 0.327545 0.327545
1793.941895 0.000000 1351.768677 0.000000 0.562346 0.000000 0.826902 0.336644 0.336644 0.336644
1810.017090 0.000000 1322.925293 0.000000 0.325343 0.000000 0.945596 0.332239 0.332239 0.332239
1806.853149 0.000000 1316.042358 0.000000 0.278683 0.000000 0.960383 0.331481 0.331481 0.331481
1796.837402 0.000000 1347.380371 0.000000 0.580745 0.000000 0.814086 0.334998 0.334998 0.334998
1795.196289 0.000000 1344.891113 0.000000 0.455918 0.000000 0.890022 0.330391 0.330391 0.330391
1805.842407 0.000000 1350.618408 0.000000 0.336348 0.000000 0.941738 0.332621 0.332621 0.332621
1796.253662 0.000000 1338.506470 0.000000 0.480773 0.000000 0.876845 0.330006 0.330006 0.330006
1807.572021 0.000000 1330.740479 0.000000 0.493865 0.000000 0.869539 0.333188 0.333188 0.333188
1802.960205 0.000000 1333.305542 0.000000 0.541145 0.000000 0.840930 0.330578 0.330578 0.330578
1804.826050 0.000000 1338.326782 0.000000 0.245963 0.000000 0.969279 0.327874 0.327874 0.327874
1800.825562 0.000000 1333.649658 0.000000 0.171222 0.000000 0.985232 0.321706 0.321706 0.321706
1809.383301 0.000000 1335.648071 0.000000 0.384995 0.000000 0.922919 0.329712 0.329712 0.329712
1792.036377 0.000000 1345.735840 0.000000 0.305914 0.000000 0.952059 0.328037 0.328037 0.328037
1793.633667 0.000000 1324.871216 0.000000 0.292111 0.000000 0.956385 0.327896 0.327896 0.327896
1807.086670 0.000000 1336.675903 0.000000 0.309061 0.000000 0.951042 0.327326 0.327326 0.327326
1794.485107 0.000000 1340.277954 0.000000 0.286143 0.000000 0.958187 0.321466 0.321466 0.321466
1981.042114 0.000000 1298.314331 0.000000 0.423559 0.000000 0.905869 0.337076 0.337076 0.337076
1956.845703 0.000000 1288.636108 0.000000 0.510354 0.000000 0.859964 0.334080 0.334080 0.334080
1956.916992 0.000000 1294.397461 0.000000 0.050495 0.000000 0.998724 0.326819 0.326819 0.326819
1959.682861 0.000000 1290.907227 0.000000 0.382716 0.000000 0.923866 0.330648 0.330648 0.330648
1960.507935 0.000000 1323.562988 0.000000 0.352981 0.000000 0.935631 0.332237 0.332237 0.332237
1968.601685 0.000000 1303.982910 0.000000 0.467753 0.000000 0.883859 0.334418 0.334418 0.334418
1964.596680 0.000000 1318.091919 0.000000 0.402951 0.000000 0.915221 0.331767 0.331767 0.331767
1970.464111 0.000000 1315.068970 0.000000 0.383648 0.000000 0.923479 0.332875 0.332875 0.332875
1972.512451 0.000000 1308.994995 0.000000 0.254451 0.000000 0.967086 0.328078 0.328078 0.328078
1976.122925 0.000000 1302.484131 0.000000 0.179656 0.000000 0.983729 0.329957 0.329957 0.329957
1956.762085 0.000000 1320.645752 0.000000 0.368707 0.000000 0.929546 0.330087 0.330087 0.330087
1971.249023 0.000000 1303.550903 0.000000 0.148074 0.000000 0.988976 0.323469 0.323469 0.323469
1963.594971 0.000000 1321.540405 0.000000 0.297653 0.000000 0.954674 0.329992 0.329992 0.329992
1958.613281 0.000000 1320.011353 0.000000 0.233105 0.000000 0.972452 0.328061 0.328061 0.328061
1971.790894 0.000000 1309.955933 0.000000 0.263916 0.000000 0.964546 0.326077 0.326077 0.326077
1970.878662 0.000000 1306.106934 0.000000 0.513271 0.000000 0.858227 0.331067 0.331067 0.331067
1169.116211 0.000000 1628.810059 0.000000 0.428422 0.000000 0.903579 0.335954 0.335954 0.335954
1177.450073 0.000000 1629.259277 0.000000 0.087807 0.000000 0.996137 0.329916 0.329916 0.329916
1179.848511 0.000000 1635.221680 0.000000 0.178213 0.000000 0.983992 0.326957 0.326957 0.326957
1174.371582 0.000000 1634.388550 0.000000 0.530478 0.000000 0.847699 0.334310 0.334310 0.334310
1188.710693 0.000000 1631.059082 0.000000 0.496089 0.000000 0.868272 0.334010 0.334010 0.334010
1182.198853 0.000000 1632.810669 0.000000 0.111993 0.000000 0.993709 0.326932 0.326932 0.326932
1235.298462 0.000000 1599.509644 0.000000 0.358676 0.000000 0.933462 0.335956 0.335956 0.335956
1252.176392 0.000000 1625.582153 0.000000 0.053707 0.000000 0.998557 0.330911 0.330911 0.330911
1245.234741 0.000000 1605.271240 0.000000 0.135898 0.000000 0.990723 0.332703 0.332703 0.332703
1245.587891 0.000000 1601.230225 0.000000 0.383281 0.000000 0.923632 0.335185 0.335185 0.335185
1223.851929 0.000000 1618.739990 0.000000 0.577353 0.000000 0.816494 0.337103 0.337103 0.337103
1249.651611 0.000000 1617.760010 0.000000 0.334923 0.000000 0.942246 0.333029 0.333029 0.333029
1238.346924 0.000000 1604.206177 0.000000 0.067654 0.000000 0.997709 0.328723 0.328723 0.328723
1227.577515 0.000000 1625.583618 0.000000 0.229610 0.000000 0.973283 0.326598 0.326598 0.326598
1225.185303 0.000000 1625.097656 0.000000 0.350466 0.000000 0.936576 0.329283 0.329283 0.329283
1244.530762 0.000000 1623.237427 0.000000 0.049470 0.000000 0.998776 0.327601 0.327601 0.327601
1237.837891 0.000000 1626.509766 0.000000 0.224646 0.000000 0.974440 0.330385 0.330385 0.330385
1228.826050 0.000000 1620.748657 0.000000 0.398723 0.000000 0.917072 0.329970 0.329970 0.329970
1236.233154 0.000000 1623.682129 0.000000 0.462926 0.000000 0.886397 0.332102 0.332102 0.332102
1233.954346 0.000000 1619.586670 0.000000 0.471268 0.000000 0.881990 0.331455 0.331455 0.331455
1233.383301 0.000000 1618.069946 0.000000 0.156170 0.000000 0.987730 0.325722 0.325722 0.325722
1241.687134 0.000000 1611.143555 0.000000 0.302573 0.000000 0.953126 0.329356 0.329356 0.329356
1210.134033 0.000000 1665.511353 0.000000 0.542431 0.000000 0.840101 0.338495 0.338495 0.338495
1189.084961 0.000000 1652.844482 0.000000 0.080156 0.000000 0.996782 0.333003 0.333003 0.333003
1205.610352 0.000000 1673.539673 0.000000 0.499168 0.000000 0.866506 0.336811 0.336811 0.336811
1211.206421 0.000000 1668.027588 0.000000 0.157813 0.000000 0.987469 0.332229 0.332229 0.332229
1181.269653 0.000000 1640.206299 0.000000 0.204879 0.000000 0.978787 0.331520 0.331520 0.331520
1172.737915 0.000000 1638.049805 0.000000 0.083971 0.000000 0.996468 0.329215 0.329215 0.329215
1199.569580 0.000000 1638.150024 0.000000 0.559257 0.000000 0.828994 0.334757 0.334757 0.334757
1196.179810 0.000000 1641.469849 0.000000 0.039138 0.000000 0.999234 0.325508 0.325508 0.325508
1197.066284 0.000000 1643.645264 0.000000 0.103679 0.000000 0.994611 0.326351 0.326351 0.326351
1240.982788 0.000000 1641.920776 0.000000 0.429335 0.000000 0.903145 0.335819 0.335819 0.335819
1231.844482 0.000000 1641.174072 0.000000 0.281700 0.000000 0.959503 0.333941 0.333941 0.333941
1271.010986 0.000000 1749.484131 0.000000 0.117876 0.000000 0.993028 0.332103 0.332103 0.332103
1301.436035 0.000000 1745.829224 0.000000 0.038181 0.000000 0.999271 0.330850 0.330850 0.330850
1299.100220 0.000000 1747.278198 0.000000 0.170411 0.000000 0.985373 0.331656 0.331656 0.331656
1345.866943 0.000000 1750.734375 0.000000 0.370352 0.000000 0.928892 0.331834 0.331834 0.331834
1745.983643 0.000000 1376.993286 0.000000 0.514323 0.000000 0.857596 0.336853 0.336853 0.336853
1787.669312 0.000000 1375.329834 0.000000 0.188162 0.000000 0.982138 0.332376 0.332376 0.332376
1780.391968 0.000000 1404.011719 0.000000 0.005274 0.000000 0.999986 0.329754 0.329754 0.329754
1782.469360 0.000000 1365.779053 0.000000 0.302036 0.000000 0.953296 0.333709 0.333709 0.333709
1764.314209 0.000000 1409.020874 0.000000 0.419975 0.000000 0.907536 0.335987 0.335987 0.335987
1780.340698 0.000000 1355.961060 0.000000 0.531788 0.000000 0.846878 0.336937 0.336937 0.336937
1766.658447 0.000000 1363.845947 0.000000 0.106362 0.000000 0.994327 0.331320 0.331320 0.331320
1789.258179 0.000000 1367.639282 0.000000 0.117536 0.000000 0.993069 0.330258 0.330258 0.330258
1775.560791 0.000000 1398.388672 0.000000 0.570670 0.000000 0.821179 0.336572 0.336572 0.336572
1791.022949 0.000000 1409.790527 0.000000 0.084568 0.000000 0.996418 0.331041 0.331041 0.331041
1780.503296 0.000000 1410.042603 0.000000 0.054399 0.000000 0.998519 0.330655 0.330655 0.330655
1788.546265 0.000000 1383.564697 0.000000 0.242250 0.000000 0.970214 0.333082 0.333082 0.333082
1752.466675 0.000000 1382.149048 0.000000 0.476907 0.000000 0.878954 0.334380 0.334380 0.334380
1774.877930 0.000000 1409.048462 0.000000 0.119175 0.000000 0.992873 0.329773 0.329773 0.329773
1750.346924 0.000000 1378.268677 0.000000 0.472943 0.000000 0.881093 0.333042 0.333042 0.333042
1784.393677 0.000000 1400.751709 0.000000 0.181801 0.000000 0.983335 0.330292 0.330292 0.330292
1767.873657 0.000000 1392.412476 0.000000 0.167314 0.000000 0.985904 0.329899 0.329899 0.329899
1770.572388 0.000000 1405.203857 0.000000 0.105731 0.000000 0.994395 0.326384 0.326384 0.326384
1755.871582 0.000000 1375.692505 0.000000 0.074456 0.000000 0.997224 0.328362 0.328362 0.328362
1769.330078 0.000000 1396.786743 0.000000 0.094861 0.000000 0.995490 0.324403 0.324403 0.324403
1747.123779 0.000000 1378.314331 0.000000 0.428477 0.000000 0.903553 0.331618 0.331618 0.331618
1768.255371 0.000000 1400.511719 0.000000 0.174102 0.000000 0.984728 0.327803 0.327803 0.327803
1770.734131 0.000000 1403.639160 0.000000 0.232974 0.000000 0.972483 0.328467 0.328467 0.328467
1750.790405 0.000000 1382.153809 0.000000 0.405396 0.000000 0.914141 0.331910 0.331910 0.331910
1771.314575 0.000000 1400.810425 0.000000 0.564955 0.000000 0.825122 0.334525 0.334525 0.334525
1766.914307 0.000000 1398.407104 0.000000 0.540257 0.000000 0.841500 0.333790 0.333790 0.333790
1779.521606 0.000000 1440.118286 0.000000 0.478050 0.000000 0.878333 0.337444 0.337444 0.337444
1778.317383 0.000000 1415.300537 0.000000 0.203203 0.000000 0.979137 0.334064 0.334064 0.334064
1754.844482 0.000000 1413.826904 0.000000 0.556273 0.000000 0.830999 0.338343 0.338343 0.338343
1769.764648 0.000000 1440.433594 0.000000 0.031096 0.000000 0.999516 0.331299 0.331299 0.331299
1776.015381 0.000000 1439.890869 0.000000 0.027701 0.000000 0.999616 0.330247 0.330247 0.330247
1780.340698 0.000000 1412.445435 0.000000 0.559714 0.000000 0.828686 0.337539 0.337539 0.337539
1771.597290 0.000000 1414.133911 0.000000 0.032216 0.000000 0.999481 0.330372 0.330372 0.330372
1757.269653 0.000000 1414.268799 0.000000 0.271200 0.000000 0.962523 0.332275 0.332275 0.332275
1768.628784 0.000000 1418.249634 0.000000 0.246331 0.000000 0.969186 0.332732 0.332732 0.332732
1771.827026 0.000000 1450.296143 0.000000 0.425261 0.000000 0.905071 0.334872 0.334872 0.334872
1755.827881 0.000000 1416.148560 0.000000 0.054979 0.000000 0.998487 0.328941 0.328941 0.328941
1757.291748 0.000000 1423.400391 0.000000 0.434927 0.000000 0.900466 0.333742 0.333742 0.333742
1775.125977 0.000000 1451.026489 0.000000 0.216095 0.000000 0.976372 0.330198 0.330198 0.330198
1777.177856 0.000000 1453.722656 0.000000 0.050415 0.000000 0.998728 0.327217 0.327217 0.327217
1754.396606 0.000000 1422.147095 0.000000 0.558792 0.000000 0.829308 0.335944 0.335944 0.335944
1765.573853 0.000000 1423.613647 0.000000 0.207832 0.000000 0.978165 0.328230 0.328230 0.328230
1762.527588 0.000000 1419.216919 0.000000 0.452519 0.000000 0.891755 0.333402 0.333402 0.333402
1765.195312 0.000000 1420.701782 0.000000 0.407156 0.000000 0.913358 0.332141 0.332141 0.332141
1838.444580 0.000000 1406.987183 0.000000 0.259150 0.000000 0.965837 0.334048 0.334048 0.334048
1792.205078 0.000000 1378.043701 0.000000 0.347798 0.000000 0.937570 0.334811 0.334811 0.334811
1800.260498 0.000000 1364.630615 0.000000 0.226015 0.000000 0.974124 0.332752 0.332752 0.332752
1794.892212 0.000000 1393.826294 0.000000 0.144710 0.000000 0.989474 0.331813 0.331813 0.331813
1847.879395 0.000000 1398.819824 0.000000 0.448844 0.000000 0.893610 0.336334 0.336334 0.336334
1807.212769 0.000000 1368.078369 0.000000 0.579263 0.000000 0.815141 0.337843 0.337843 0.337843
1795.898438 0.000000 1408.381592 0.000000 0.525888 0.000000 0.850554 0.337025 0.337025 0.337025
1811.922729 0.000000 1359.424438 0.000000 0.166112 0.000000 0.986107 0.332335 0.332335 0.332335
1796.256348 0.000000 1411.140747 0.000000 0.093848 0.000000 0.995587 0.331224 0.331224 0.331224
1792.013672 0.000000 1360.147705 0.000000 0.466349 0.000000 0.884601 0.335534 0.335534 0.335534
1852.194946 0.000000 1391.214111 0.000000 0.461250 0.000000 0.887270 0.335266 0.335266 0.335266
1853.407227 0.000000 1393.008545 0.000000 0.517548 0.000000 0.855654 0.335061 0.335061 0.335061
1799.773682 0.000000 1356.171997 0.000000 0.491700 0.000000 0.870765 0.333841 0.333841 0.333841
1855.198608 0.000000 1390.645020 0.000000 0.455726 0.000000 0.890120 0.333792 0.333792 0.333792
1802.945435 0.000000 1355.771118 0.000000 0.321554 0.000000 0.946891 0.330552 0.330552 0.330552
1796.025513 0.000000 1359.850342 0.000000 0.346468 0.000000 0.938062 0.330487 0.330487 0.330487
1913.729980 0.000000 1396.414551 0.000000 0.245512 0.000000 0.969394 0.334974 0.334974 0.334974
1905.098145 0.000000 1370.000977 0.000000 0.497260 0.000000 0.867602 0.336646 0.336646 0.336646
1894.643433 0.000000 1407.327148 0.000000 0.008023 0.000000 0.999968 0.330063 0.330063 0.330063
1906.335327 0.000000 1376.518066 0.000000 0.129499 0.000000 0.991580 0.331555 0.331555 0.331555
1898.699829 0.000000 1396.003784 0.000000 0.071500 0.000000 0.997441 0.330874 0.330874 0.330874
1898.451904 0.000000 1390.559082 0.000000 0.169794 0.000000 0.985480 0.331036 0.331036 0.331036
1858.786255 0.000000 1390.525635 0.000000 0.059917 0.000000 0.998203 0.329273 0.329273 0.329273
1900.304199 0.000000 1379.324341 0.000000 0.536281 0.000000 0.844039 0.335338 0.335338 0.335338
1874.112671 0.000000 1381.816650 0.000000 0.269295 0.000000 0.963058 0.332645 0.332645 0.332645
1872.326904 0.000000 1378.291992 0.000000 0.349490 0.000000 0.936940 0.332447 0.332447 0.332447
1888.929810 0.000000 1412.102539 0.000000 0.147637 0.000000 0.989042 0.329738 0.329738 0.329738
1905.077515 0.000000 1388.012939 0.000000 0.376488 0.000000 0.926421 0.332711 0.332711 0.332711
1867.577515 0.000000 1399.646118 0.000000 0.519424 0.000000 0.854517 0.332497 0.332497 0.332497
1874.017090 0.000000 1379.409668 0.000000 0.080991 0.000000 0.996715 0.328717 0.328717 0.328717
1874.928345 0.000000 1396.529785 0.000000 0.351661 0.000000 0.936127 0.325918 0.325918 0.325918
1906.737793 0.000000 1389.122681 0.000000 0.579528 0.000000 0.814952 0.336556 0.336556 0.336556
1902.145630 0.000000 1399.447998 0.000000 0.125655 0.000000 0.992074 0.328854 0.328854 0.328854
1871.409668 0.000000 1395.785156 0.000000 0.042744 0.000000 0.999086 0.320225 0.320225 0.320225
1876.010742 0.000000 1399.834351 0.000000 0.494312 0.000000 0.869285 0.333979 0.333979 0.333979
1873.260742 0.000000 1398.189331 0.000000 0.522311 0.000000 0.852755 0.330145 0.330145 0.330145
1880.535400 0.000000 1390.668579 0.000000 0.562860 0.000000 0.826553 0.334867 0.334867 0.334867
1873.954346 0.000000 1393.649170 0.000000 0.066894 0.000000 0.997760 0.324245 0.324245 0.324245
1878.662964 0.000000 1390.516235 0.000000 0.028414 0.000000 0.999596 0.325808 0.325808 0.325808
1873.383301 0.000000 1392.132446 0.000000 0.316707 0.000000 0.948524 0.328617 0.328617 0.328617
1873.435669 0.000000 1399.538940 0.000000 0.389062 0.000000 0.921212 0.327230 0.327230 0.327230
1795.589233 0.000000 1424.491577 0.000000 0.501757 0.000000 0.865009 0.338265 0.338265 0.338265
1850.134033 0.000000 1439.573853 0.000000 0.267725 0.000000 0.963495 0.335008 0.335008 0.335008
1803.936890 0.000000 1444.878784 0.000000 0.016839 0.000000 0.999858 0.331126 0.331126 0.331126
1802.748779 0.000000 1454.302246 0.000000 0.099419 0.000000 0.995046 0.331231 0.331231 0.331231
1850.815186 0.000000 1419.678467 0.000000 0.110684 0.000000 0.993856 0.331439 0.331439 0.331439
1841.495239 0.000000 1412.209473 0.000000 0.386104 0.000000 0.922455 0.335018 0.335018 0.335018
1848.270874 0.000000 1432.619141 0.000000 0.345574 0.000000 0.938392 0.333504 0.333504 0.333504
1813.175049 0.000000 1447.327393 0.000000 0.256373 0.000000 0.966578 0.332810 0.332810 0.332810
1855.836060 0.000000 1416.593506 0.000000 0.318928 0.000000 0.947779 0.334102 0.334102 0.334102
1825.762817 0.000000 1423.477905 0.000000 0.421627 0.000000 0.906769 0.335414 0.335414 0.335414
1848.956177 0.000000 1437.525146 0.000000 0.574128 0.000000 0.818766 0.337511 0.337511 0.337511
1835.536621 0.000000 1425.672485 0.000000 0.091092 0.000000 0.995842 0.329121 0.329121 0.329121
1838.326538 0.000000 1423.227417 0.000000 0.448306 0.000000 0.893880 0.334490 0.334490 0.334490
1816.739258 0.000000 1440.678589 0.000000 0.274653 0.000000 0.961544 0.329275 0.329275 0.329275
1823.429199 0.000000 1436.037476 0.000000 0.271697 0.000000 0.962383 0.324924 0.324924 0.324924
1841.077515 0.000000 1444.497314 0.000000 0.247211 0.000000 0.968962 0.320566 0.320566 0.320566
1835.705322 0.000000 1439.497070 0.000000 0.241710 0.000000 0.970349 0.320440 0.320440 0.320440
1835.248413 0.000000 1444.935425 0.000000 0.241206 0.000000 0.970474 0.322573 0.322573 0.322573
1827.248779 0.000000 1426.470703 0.000000 0.338535 0.000000 0.940954 0.330565 0.330565 0.330565
1832.686523 0.000000 1430.762451 0.000000 0.526265 0.000000 0.850321 0.332323 0.332323 0.332323
1817.702271 0.000000 1437.551636 0.000000 0.108809 0.000000 0.994063 0.325093 0.325093 0.325093
1839.049927 0.000000 1441.319336 0.000000 0.417686 0.000000 0.908591 0.324601 0.324601 0.324601
1826.717041 0.000000 1437.472412 0.000000 0.224593 0.000000 0.974453 0.320047 0.320047 0.320047
1831.754639 0.000000 1438.017822 0.000000 0.534536 0.000000 0.845146 0.327566 0.327566 0.327566
1839.812744 0.000000 1444.213867 0.000000 0.342380 0.000000 0.939562 0.322786 0.322786 0.322786
1824.286133 0.000000 1436.987549 0.000000 0.403035 0.000000 0.915184 0.325809 0.325809 0.325809
1836.297485 0.000000 1444.161865 0.000000 0.531132 0.000000 0.847289 0.327476 0.327476 0.327476
1837.009277 0.000000 1439.270630 0.000000 0.418769 0.000000 0.908093 0.324628 0.324628 0.324628
1821.867188 0.000000 1432.967041 0.000000 0.196252 0.000000 0.980553 0.322881 0.322881 0.322881
1865.939697 0.000000 1427.397827 0.000000 0.055056 0.000000 0.998483 0.331259 0.331259 0.331259
1868.396729 0.000000 1424.617188 0.000000 0.402320 0.000000 0.915499 0.335496 0.335496 0.335496
1871.844482 0.000000 1415.236572 0.000000 0.196274 0.000000 0.980549 0.332121 0.332121 0.332121
1856.974365 0.000000 1424.817139 0.000000 0.180114 0.000000 0.983646 0.332271 0.332271 0.332271
1864.000732 0.000000 1416.170654 0.000000 0.505385 0.000000 0.862894 0.335083 0.335083 0.335083
1883.827881 0.000000 1416.148560 0.000000 0.528323 0.000000 0.849043 0.336707 0.336707 0.336707
1878.295044 0.000000 1419.582520 0.000000 0.202490 0.000000 0.979284 0.331786 0.331786 0.331786
1866.859009 0.000000 1419.638062 0.000000 0.198798 0.000000 0.980041 0.330777 0.330777 0.330777
2009.550537 0.000000 1423.710815 0.000000 0.197007 0.000000 0.980402 0.333690 0.333690 0.333690
1993.424194 0.000000 1439.983154 0.000000 0.137476 0.000000 0.990505 0.332910 0.332910 0.332910
1989.963745 0.000000 1432.808350 0.000000 0.351838 0.000000 0.936061 0.335288 0.335288 0.335288
2013.536743 0.000000 1452.122559 0.000000 0.012382 0.000000 0.999923 0.330323 0.330323 0.330323
2007.654907 0.000000 1445.764893 0.000000 0.587118 0.000000 0.809501 0.337925 0.337925 0.337925
2010.516602 0.000000 1450.888306 0.000000 0.328245 0.000000 0.944593 0.334227 0.334227 0.334227
2024.507935 0.000000 1436.531738 0.000000 0.146593 0.000000 0.989197 0.329536 0.329536 0.329536
2006.346924 0.000000 1434.753052 0.000000 0.507609 0.000000 0.861587 0.335347 0.335347 0.335347
2022.039062 0.000000 1430.211060 0.000000 0.002270 0.000000 0.999997 0.327591 0.327591 0.327591
1915.060547 0.000000 2188.998535 0.000000 0.416759 0.000000 0.909017 0.333950 0.333950 0.333950
1912.508789 0.000000 2187.848877 0.000000 0.498586 0.000000 0.866840 0.331396 0.331396 0.331396
1291.631714 0.000000 2445.344482 0.000000 0.174507 0.000000 0.984656 0.322871 0.322871 0.322871
1288.084595 0.000000 2444.463135 0.000000 0.136322 0.000000 0.990665 0.318360 0.318360 0.318360
1289.291260 0.000000 2445.621338 0.000000 0.371471 0.000000 0.928445 0.323740 0.323740 0.323740
1305.317871 0.000000 2436.088379 0.000000 0.312677 0.000000 0.949860 0.324001 0.324001 0.324001
1309.555054 0.000000 2436.801270 0.000000 0.215028 0.000000 0.976608 0.323674 0.323674 0.323674
1309.126709 0.000000 2434.035400 0.000000 0.440171 0.000000 0.897914 0.327299 0.327299 0.327299
1928.076660 0.000000 2308.814453 0.000000 0.322526 0.000000 0.946560 0.330405 0.330405 0.330405
1988.025513 0.000000 2320.084717 0.000000 0.296875 0.000000 0.954916 0.330146 0.330146 0.330146
1990.787476 0.000000 2320.750977 0.000000 0.126085 0.000000 0.992019 0.320278 0.320278 0.320278
1689.924683 0.000000 2651.521729 0.000000 0.320541 0.000000 0.947235 0.335809 0.335809 0.335809
1727.022949 0.000000 2652.446777 0.000000 0.019275 0.000000 0.999814 0.329258 0.329258 0.329258
1716.752563 0.000000 2644.678467 0.000000 0.023621 0.000000 0.999721 0.328369 0.328369 0.328369
1698.607544 0.000000 2650.675293 0.000000 0.502727 0.000000 0.864445 0.334674 0.334674 0.334674
1725.091431 0.000000 2649.992920 0.000000 0.540491 0.000000 0.841350 0.334275 0.334275 0.334275
1725.900391 0.000000 2651.349121 0.000000 0.107806 0.000000 0.994172 0.327376 0.327376 0.327376
1693.699463 0.000000 2653.884766 0.000000 0.459295 0.000000 0.888284 0.332035 0.332035 0.332035
1696.533813 0.000000 2653.352295 0.000000 0.353319 0.000000 0.935503 0.329547 0.329547 0.329547
1732.256348 0.000000 2653.796875 0.000000 0.007050 0.000000 0.999975 0.328548 0.328548 0.328548
1749.388916 0.000000 2641.507080 0.000000 0.028515 0.000000 0.999593 0.329920 0.329920 0.329920
1740.277832 0.000000 2653.537598 0.000000 0.231884 0.000000 0.972743 0.332012 0.332012 0.332012
1737.185303 0.000000 2641.816406 0.000000 0.446158 0.000000 0.894954 0.332713 0.332713 0.332713
1729.941895 0.000000 2650.909180 0.000000 0.515307 0.000000 0.857005 0.335338 0.335338 0.335338
1756.806519 0.000000 2648.644287 0.000000 0.432404 0.000000 0.901680 0.333604 0.333604 0.333604
1746.928345 0.000000 2639.186035 0.000000 0.581973 0.000000 0.813208 0.336557 0.336557 0.336557
1751.245850 0.000000 2653.941650 0.000000 0.347867 0.000000 0.937544 0.331891 0.331891 0.331891
1739.621582 0.000000 2644.204834 0.000000 0.121540 0.000000 0.992587 0.327527 0.327527 0.327527
1734.216797 0.000000 2645.513184 0.000000 0.353527 0.000000 0.935424 0.325905 0.325905 0.325905
1736.076660 0.000000 2647.720703 0.000000 0.369238 0.000000 0.929335 0.325928 0.325928 0.325928
1728.314087 0.000000 2648.023193 0.000000 0.006413 0.000000 0.999979 0.323276 0.323276 0.323276
1738.104736 0.000000 2645.372070 0.000000 0.215883 0.000000 0.976419 0.329012 0.329012 0.329012
1757.699463 0.000000 2653.884766 0.000000 0.490907 0.000000 0.871212 0.331978 0.331978 0.331978
1677.333862 0.000000 2659.094971 0.000000 0.441898 0.000000 0.897065 0.336821 0.336821 0.336821
1686.596802 0.000000 2675.296875 0.000000 0.395025 0.000000 0.918670 0.336210 0.336210 0.336210
1705.897095 0.000000 2654.793945 0.000000 0.342188 0.000000 0.939631 0.335217 0.335217 0.335217
1670.798706 0.000000 2669.032715 0.000000 0.166906 0.000000 0.985973 0.332774 0.332774 0.332774
1679.844482 0.000000 2657.892822 0.000000 0.286677 0.000000 0.958027 0.333279 0.333279 0.333279
1707.597290 0.000000 2656.790039 0.000000 0.239104 0.000000 0.970994 0.332228 0.332228 0.332228
1727.836060 0.000000 2659.249756 0.000000 0.051585 0.000000 0.998669 0.328761 0.328761 0.328761
1684.471069 0.000000 2676.591309 0.000000 0.419210 0.000000 0.907889 0.334982 0.334982 0.334982
1693.291748 0.000000 2666.056641 0.000000 0.200540 0.000000 0.979686 0.331699 0.331699 0.331699
1705.191162 0.000000 2656.895996 0.000000 0.202239 0.000000 0.979336 0.331065 0.331065 0.331065
1710.922729 0.000000 2690.086914 0.000000 0.031262 0.000000 0.999511 0.328476 0.328476 0.328476
1678.324707 0.000000 2678.653564 0.000000 0.138428 0.000000 0.990372 0.322348 0.322348 0.322348
1716.752563 0.000000 2701.162842 0.000000 0.061048 0.000000 0.998135 0.325859 0.325859 0.325859
1685.078003 0.000000 2656.893311 0.000000 0.545619 0.000000 0.838033 0.336282 0.336282 0.336282
1676.800293 0.000000 2665.328369 0.000000 0.483934 0.000000 0.875104 0.330213 0.330213 0.330213
1679.814819 0.000000 2675.397705 0.000000 0.532059 0.000000 0.846707 0.329530 0.329530 0.329530
1692.530762 0.000000 2696.440674 0.000000 0.284990 0.000000 0.958531 0.328607 0.328607 0.328607
1699.248779 0.000000 2669.126953 0.000000 0.371813 0.000000 0.928308 0.332326 0.332326 0.332326
1720.590820 0.000000 2708.676270 0.000000 0.528988 0.000000 0.848630 0.334991 0.334991 0.334991
1704.686523 0.000000 2673.418701 0.000000 0.150042 0.000000 0.988680 0.324809 0.324809 0.324809
1709.502441 0.000000 2677.126465 0.000000 0.583044 0.000000 0.812441 0.336203 0.336203 0.336203
1685.837891 0.000000 2699.712891 0.000000 0.247606 0.000000 0.968861 0.330903 0.330903 0.330903
1705.043945 0.000000 2666.781250 0.000000 0.016047 0.000000 0.999871 0.326497 0.326497 0.326497
1714.704468 0.000000 2702.689697 0.000000 0.527385 0.000000 0.849626 0.335362 0.335362 0.335362
1696.125000 0.000000 2663.907715 0.000000 0.520921 0.000000 0.853605 0.329488 0.329488 0.329488
1675.004761 0.000000 2680.585693 0.000000 0.025962 0.000000 0.999663 0.319898 0.319898 0.319898
1685.555786 0.000000 2670.531494 0.000000 0.123562 0.000000 0.992337 0.328064 0.328064 0.328064
1696.706299 0.000000 2658.914795 0.000000 0.084905 0.000000 0.996389 0.322607 0.322607 0.322607
1717.912964 0.000000 2702.439697 0.000000 0.098521 0.000000 0.995135 0.327489 0.327489 0.327489
1713.522705 0.000000 2709.437500 0.000000 0.204602 0.000000 0.978845 0.329310 0.329310 0.329310
1681.197510 0.000000 2661.558838 0.000000 0.076650 0.000000 0.997058 0.325913 0.325913 0.325913
1698.940674 0.000000 2664.852051 0.000000 0.172008 0.000000 0.985096 0.327585 0.327585 0.327585
1725.962402 0.000000 2700.553711 0.000000 0.436968 0.000000 0.899477 0.331332 0.331332 0.331332
1684.687622 0.000000 2707.468750 0.000000 0.000167 0.000000 1.000000 0.326532 0.326532 0.326532
1678.208130 0.000000 2666.014160 0.000000 0.564027 0.000000 0.825756 0.331706 0.331706 0.331706
1679.744263 0.000000 2665.726074 0.000000 0.143890 0.000000 0.989594 0.323639 0.323639 0.323639
1690.472168 0.000000 2657.999268 0.000000 0.043981 0.000000 0.999032 0.317248 0.317248 0.317248
1679.615479 0.000000 2683.520020 0.000000 0.127354 0.000000 0.991857 0.317845 0.317845 0.317845
1691.648804 0.000000 2662.199219 0.000000 0.048973 0.000000 0.998800 0.321743 0.321743 0.321743
1701.195312 0.000000 2663.357910 0.000000 0.573874 0.000000 0.818944 0.334530 0.334530 0.334530
1682.552002 0.000000 2666.658203 0.000000 0.411225 0.000000 0.911534 0.331258 0.331258 0.331258
1696.099487 0.000000 2691.585205 0.000000 0.310176 0.000000 0.950679 0.329651 0.329651 0.329651
1693.555054 0.000000 2662.738770 0.000000 0.058463 0.000000 0.998290 0.320994 0.320994 0.320994
1714.837158 0.000000 2696.441895 0.000000 0.024343 0.000000 0.999704 0.325272 0.325272 0.325272
1676.990845 0.000000 2671.767822 0.000000 0.156339 0.000000 0.987704 0.323316 0.323316 0.323316
1674.271729 0.000000 2683.867432 0.000000 0.367200 0.000000 0.930142 0.327397 0.327397 0.327397
1685.351196 0.000000 2661.194824 0.000000 0.096515 0.000000 0.995332 0.323852 0.323852 0.323852
1681.384644 0.000000 2685.970947 0.000000 0.227769 0.000000 0.973715 0.321350 0.321350 0.321350
1676.093750 0.000000 2662.853271 0.000000 0.069417 0.000000 0.997588 0.325534 0.325534 0.325534
1697.452271 0.000000 2692.309326 0.000000 0.209460 0.000000 0.977817 0.323920 0.323920 0.323920
1675.571533 0.000000 2679.304688 0.000000 0.240468 0.000000 0.970657 0.323892 0.323892 0.323892
1707.041992 0.000000 2674.844482 0.000000 0.410915 0.000000 0.911674 0.330701 0.330701 0.330701
1683.485352 0.000000 2703.735107 0.000000 0.441259 0.000000 0.897380 0.331265 0.331265 0.331265
1689.027344 0.000000 2659.964355 0.000000 0.292148 0.000000 0.956373 0.323944 0.323944 0.323944
1672.640381 0.000000 2677.865234 0.000000 0.167034 0.000000 0.985951 0.325604 0.325604 0.325604
1678.840942 0.000000 2682.560059 0.000000 0.396830 0.000000 0.917892 0.324092 0.324092 0.324092
1679.969604 0.000000 2672.169678 0.000000 0.558648 0.000000 0.829405 0.330857 0.330857 0.330857
1770.133911 0.000000 2658.903076 0.000000 0.067536 0.000000 0.997717 0.331939 0.331939 0.331939
1769.764648 0.000000 2683.089844 0.000000 0.032492 0.000000 0.999472 0.331451 0.331451 0.331451
1788.365845 0.000000 2657.493408 0.000000 0.114933 0.000000 0.993373 0.331939 0.331939 0.331939
1747.100220 0.000000 2707.512451 0.000000 0.094266 0.000000 0.995547 0.331423 0.331423 0.331423
1761.651611 0.000000 2690.963135 0.000000 0.070389 0.000000 0.997520 0.329417 0.329417 0.329417
1760.249146 0.000000 2683.141357 0.000000 0.162038 0.000000 0.986785 0.328469 0.328469 0.328469
1791.211670 0.000000 2665.597412 0.000000 0.428891 0.000000 0.903356 0.333990 0.333990 0.333990
1773.660034 0.000000 2686.715820 0.000000 0.151084 0.000000 0.988521 0.326874 0.326874 0.326874
1778.464111 0.000000 2670.694092 0.000000 0.378580 0.000000 0.925569 0.333571 0.333571 0.333571
1787.325317 0.000000 2666.880859 0.000000 0.398768 0.000000 0.917052 0.330478 0.330478 0.330478
1764.999878 0.000000 2689.447266 0.000000 0.421453 0.000000 0.906850 0.334121 0.334121 0.334121
1751.245850 0.000000 2710.426025 0.000000 0.202875 0.000000 0.979205 0.327313 0.327313 0.327313
1764.762085 0.000000 2676.270752 0.000000 0.414835 0.000000 0.909897 0.327727 0.327727 0.327727
1768.804443 0.000000 2688.889893 0.000000 0.454271 0.000000 0.890864 0.331942 0.331942 0.331942
1766.039062 0.000000 2672.867432 0.000000 0.405643 0.000000 0.914032 0.333325 0.333325 0.333325
1758.555786 0.000000 2677.103027 0.000000 0.513091 0.000000 0.858334 0.333453 0.333453 0.333453
1764.465698 0.000000 2656.551514 0.000000 0.332284 0.000000 0.943179 0.330514 0.330514 0.330514
1754.746094 0.000000 2654.792725 0.000000 0.516763 0.000000 0.856129 0.334240 0.334240 0.334240
1776.528931 0.000000 2675.646729 0.000000 0.053126 0.000000 0.998588 0.324340 0.324340 0.324340
1766.213745 0.000000 2664.778809 0.000000 0.487618 0.000000 0.873057 0.333862 0.333862 0.333862
1779.356323 0.000000 2676.940918 0.000000 0.013969 0.000000 0.999902 0.322249 0.322249 0.322249
1789.121704 0.000000 2670.990723 0.000000 0.323242 0.000000 0.946316 0.329929 0.329929 0.329929
1767.286377 0.000000 2661.587891 0.000000 0.417353 0.000000 0.908744 0.330820 0.330820 0.330820
1770.089600 0.000000 2688.378906 0.000000 0.039655 0.000000 0.999213 0.324045 0.324045 0.324045
1775.419800 0.000000 2677.419922 0.000000 0.380732 0.000000 0.924685 0.329169 0.329169 0.329169
1760.531982 0.000000 2677.953369 0.000000 0.213514 0.000000 0.976940 0.326487 0.326487 0.326487
1815.825562 0.000000 2652.201660 0.000000 0.443306 0.000000 0.896371 0.334655 0.334655 0.334655
1822.089844 0.000000 2683.700928 0.000000 0.376690 0.000000 0.926339 0.335043 0.335043 0.335043
1821.587891 0.000000 2674.433350 0.000000 0.135487 0.000000 0.990779 0.332008 0.332008 0.332008
1823.085693 0.000000 2662.394531 0.000000 0.194768 0.000000 0.980849 0.333362 0.333362 0.333362
1822.662720 0.000000 2700.956055 0.000000 0.368744 0.000000 0.929531 0.334570 0.334570 0.334570
1821.269653 0.000000 2656.925049 0.000000 0.585381 0.000000 0.810758 0.336782 0.336782 0.336782
1816.755737 0.000000 2674.114746 0.000000 0.571516 0.000000 0.820591 0.336671 0.336671 0.336671
1821.193848 0.000000 2680.976807 0.000000 0.467138 0.000000 0.884184 0.334835 0.334835 0.334835
1817.026123 0.000000 2655.013428 0.000000 0.305224 0.000000 0.952281 0.332981 0.332981 0.332981
1815.550293 0.000000 2696.554688 0.000000 0.324021 0.000000 0.946050 0.332761 0.332761 0.332761
1811.281494 0.000000 2710.420166 0.000000 0.549180 0.000000 0.835704 0.336729 0.336729 0.336729
1810.931519 0.000000 2686.091797 0.000000 0.041994 0.000000 0.999118 0.328626 0.328626 0.328626
1817.637573 0.000000 2691.463135 0.000000 0.100458 0.000000 0.994941 0.329703 0.329703 0.329703
1807.150513 0.000000 2708.376709 0.000000 0.374592 0.000000 0.927190 0.333407 0.333407 0.333407
1813.078003 0.000000 2656.893311 0.000000 0.468815 0.000000 0.883296 0.334861 0.334861 0.334861
1800.026367 0.000000 2709.219971 0.000000 0.029936 0.000000 0.999552 0.328458 0.328458 0.328458
1820.971191 0.000000 2700.078369 0.000000 0.401877 0.000000 0.915694 0.333872 0.333872 0.333872
1817.591064 0.000000 2672.747314 0.000000 0.409235 0.000000 0.912429 0.332427 0.332427 0.332427
1818.442749 0.000000 2670.250732 0.000000 0.415137 0.000000 0.909759 0.331828 0.331828 0.331828
1711.844604 0.000000 2718.360352 0.000000 0.518149 0.000000 0.855290 0.338120 0.338120 0.338120
1678.716187 0.000000 2720.983643 0.000000 0.502015 0.000000 0.864859 0.337766 0.337766 0.337766
1698.139526 0.000000 2712.976318 0.000000 0.227246 0.000000 0.973837 0.333999 0.333999 0.333999
1709.456909 0.000000 2715.463623 0.000000 0.120608 0.000000 0.992700 0.331503 0.331503 0.331503
1711.681152 0.000000 2714.151855 0.000000 0.579954 0.000000 0.814650 0.337521 0.337521 0.337521
1687.052002 0.000000 2714.297852 0.000000 0.472410 0.000000 0.881379 0.332844 0.332844 0.332844
1695.953247 0.000000 2716.925293 0.000000 0.429579 0.000000 0.903029 0.330506 0.330506 0.330506
1683.108398 0.000000 2721.227051 0.000000 0.345801 0.000000 0.938308 0.332976 0.332976 0.332976
1691.430664 0.000000 2723.277588 0.000000 0.267882 0.000000 0.963452 0.325812 0.325812 0.325812
1694.270752 0.000000 2720.526855 0.000000 0.365707 0.000000 0.930730 0.328203 0.328203 0.328203
1688.544067 0.000000 2721.427490 0.000000 0.326683 0.000000 0.945134 0.326526 0.326526 0.326526
1694.455078 0.000000 2717.328613 0.000000 0.289856 0.000000 0.957070 0.327911 0.327911 0.327911
1694.746948 0.000000 2712.838135 0.000000 0.043746 0.000000 0.999043 0.324581 0.324581 0.324581
1690.265869 0.000000 2716.008057 0.000000 0.102358 0.000000 0.994748 0.321134 0.321134 0.321134
1714.969971 0.000000 2765.508789 0.000000 0.124385 0.000000 0.992234 0.322075 0.322075 0.322075
1720.234741 0.000000 2712.992920 0.000000 0.205759 0.000000 0.978603 0.325813 0.325813 0.325813
1693.169556 0.000000 2714.849609 0.000000 0.070334 0.000000 0.997523 0.322599 0.322599 0.322599
1719.307251 0.000000 2712.095459 0.000000 0.260257 0.000000 0.965539 0.326065 0.326065 0.326065
1695.390869 0.000000 2715.192139 0.000000 0.192348 0.000000 0.981327 0.325811 0.325811 0.325811
1741.333862 0.000000 2715.579346 0.000000 0.194348 0.000000 0.980933 0.333477 0.333477 0.333477
1787.875732 0.000000 2725.456299 0.000000 0.196669 0.000000 0.980470 0.333686 0.333686 0.333686
1745.116211 0.000000 2758.497559 0.000000 0.552144 0.000000 0.833749 0.337552 0.337552 0.337552
1789.258179 0.000000 2723.264404 0.000000 0.392735 0.000000 0.919652 0.334498 0.334498 0.334498
1741.897339 0.000000 2754.357910 0.000000 0.481170 0.000000 0.876628 0.334450 0.334450 0.334450
1791.211670 0.000000 2722.081787 0.000000 0.248624 0.000000 0.968600 0.330630 0.330630 0.330630
1736.816650 0.000000 2759.258301 0.000000 0.222575 0.000000 0.974916 0.326766 0.326766 0.326766
1745.373657 0.000000 2711.356445 0.000000 0.456710 0.000000 0.889616 0.334958 0.334958 0.334958
1737.185303 0.000000 2754.785156 0.000000 0.037495 0.000000 0.999297 0.324678 0.324678 0.324678
1745.982788 0.000000 2714.503662 0.000000 0.540018 0.000000 0.841654 0.334004 0.334004 0.334004
1735.856445 0.000000 2755.931641 0.000000 0.560187 0.000000 0.828366 0.334177 0.334177 0.334177
1789.091431 0.000000 2762.961670 0.000000 0.506615 0.000000 0.862172 0.332969 0.332969 0.332969
1738.104736 0.000000 2758.340820 0.000000 0.558739 0.000000 0.829344 0.331970 0.331970 0.331970
1747.355347 0.000000 2711.283691 0.000000 0.524925 0.000000 0.851148 0.331762 0.331762 0.331762
1791.412231 0.000000 2764.098145 0.000000 0.099159 0.000000 0.995072 0.325506 0.325506 0.325506
1736.949829 0.000000 2757.458496 0.000000 0.047125 0.000000 0.998889 0.320577 0.320577 0.320577
1706.133911 0.000000 2771.871826 0.000000 0.180637 0.000000 0.983550 0.333552 0.333552 0.333552
1709.456909 0.000000 2771.947998 0.000000 0.044962 0.000000 0.998989 0.330735 0.330735 0.330735
1711.681152 0.000000 2770.636230 0.000000 0.202295 0.000000 0.979325 0.331843 0.331843 0.331843
1683.108398 0.000000 2777.711426 0.000000 0.461903 0.000000 0.886930 0.334609 0.334609 0.334609
1711.569580 0.000000 2767.837646 0.000000 0.465122 0.000000 0.885247 0.329104 0.329104 0.329104
1713.127930 0.000000 2769.562256 0.000000 0.138579 0.000000 0.990351 0.325291 0.325291 0.325291
1778.335327 0.000000 2788.627441 0.000000 0.437041 0.000000 0.899441 0.336024 0.336024 0.336024
1740.424805 0.000000 2786.154053 0.000000 0.378639 0.000000 0.925544 0.335070 0.335070 0.335070
1744.326904 0.000000 2790.401367 0.000000 0.122907 0.000000 0.992418 0.330584 0.330584 0.330584
1772.596680 0.000000 2786.685791 0.000000 0.009724 0.000000 0.999953 0.319377 0.319377 0.319377
1777.878906 0.000000 2780.078369 0.000000 0.264787 0.000000 0.964307 0.323931 0.323931 0.323931
1743.814819 0.000000 2788.366455 0.000000 0.123846 0.000000 0.992301 0.329775 0.329775 0.329775
1766.039062 0.000000 2785.836182 0.000000 0.102732 0.000000 0.994709 0.323834 0.323834 0.323834
1773.137695 0.000000 2782.794434 0.000000 0.568761 0.000000 0.822503 0.328480 0.328480 0.328480
1771.719849 0.000000 2785.321045 0.000000 0.033785 0.000000 0.999429 0.315753 0.315753 0.315753
1733.442505 0.000000 2774.674561 0.000000 0.515905 0.000000 0.856646 0.333460 0.333460 0.333460
1774.963745 0.000000 2787.833740 0.000000 0.112600 0.000000 0.993640 0.320253 0.320253 0.320253
1772.617554 0.000000 2780.710449 0.000000 0.272699 0.000000 0.962099 0.325792 0.325792 0.325792
1825.638062 0.000000 2758.018555 0.000000 0.037451 0.000000 0.999298 0.331979 0.331979 0.331979
1802.423096 0.000000 2734.997559 0.000000 0.218090 0.000000 0.975929 0.332707 0.332707 0.332707
1855.022949 0.000000 2765.415527 0.000000 0.345515 0.000000 0.938413 0.332971 0.332971 0.332971
1803.910645 0.000000 2738.932861 0.000000 0.170639 0.000000 0.985334 0.331720 0.331720 0.331720
1803.945557 0.000000 2733.318604 0.000000 0.565021 0.000000 0.825077 0.336434 0.336434 0.336434
1797.887573 0.000000 2742.078613 0.000000 0.359791 0.000000 0.933033 0.333447 0.333447 0.333447
1804.800293 0.000000 2721.812744 0.000000 0.290531 0.000000 0.956866 0.332160 0.332160 0.332160
1798.215454 0.000000 2727.403320 0.000000 0.234392 0.000000 0.972142 0.331347 0.331347 0.331347
1802.587402 0.000000 2724.530273 0.000000 0.209091 0.000000 0.977896 0.330984 0.330984 0.330984
1793.941895 0.000000 2763.877930 0.000000 0.008778 0.000000 0.999961 0.327207 0.327207 0.327207
1798.067017 0.000000 2744.385498 0.000000 0.494774 0.000000 0.869022 0.335413 0.335413 0.335413
1819.020386 0.000000 2759.458252 0.000000 0.521527 0.000000 0.853235 0.334281 0.334281 0.334281
1795.459351 0.000000 2747.766357 0.000000 0.358619 0.000000 0.933484 0.329748 0.329748 0.329748
1799.944946 0.000000 2739.188232 0.000000 0.547060 0.000000 0.837093 0.334182 0.334182 0.334182
1859.898438 0.000000 2764.006592 0.000000 0.475677 0.000000 0.879620 0.335909 0.335909 0.335909
1792.173096 0.000000 2769.559082 0.000000 0.551816 0.000000 0.833966 0.338366 0.338366 0.338366
1814.697754 0.000000 2814.252930 0.000000 0.336547 0.000000 0.941667 0.333857 0.333857 0.333857
1813.388916 0.000000 2810.960205 0.000000 0.024656 0.000000 0.999696 0.328654 0.328654 0.328654
1839.221924 0.000000 2801.032959 0.000000 0.550799 0.000000 0.834638 0.335936 0.335936 0.335936
1854.677124 0.000000 2770.280518 0.000000 0.051271 0.000000 0.998685 0.328756 0.328756 0.328756
1838.922729 0.000000 2803.055664 0.000000 0.197559 0.000000 0.980291 0.329920 0.329920 0.329920
1828.999878 0.000000 2802.416016 0.000000 0.533489 0.000000 0.845807 0.331370 0.331370 0.331370
1835.248413 0.000000 2800.560303 0.000000 0.467914 0.000000 0.883774 0.334042 0.334042 0.334042
1825.783813 0.000000 2811.298584 0.000000 0.241327 0.000000 0.970444 0.327098 0.327098 0.327098
1826.905884 0.000000 2803.115234 0.000000 0.034028 0.000000 0.999421 0.324285 0.324285 0.324285
1836.932007 0.000000 2804.923096 0.000000 0.461355 0.000000 0.887216 0.331740 0.331740 0.331740
1822.751343 0.000000 2807.325928 0.000000 0.498230 0.000000 0.867045 0.329509 0.329509 0.329509
1828.453857 0.000000 2809.160889 0.000000 0.252962 0.000000 0.967476 0.322250 0.322250 0.322250
1823.716553 0.000000 2809.506592 0.000000 0.460461 0.000000 0.887680 0.328812 0.328812 0.328812
1825.700073 0.000000 2806.489990 0.000000 0.102223 0.000000 0.994762 0.317282 0.317282 0.317282
1856.390503 0.000000 2811.284424 0.000000 0.381415 0.000000 0.924404 0.336138 0.336138 0.336138
1877.175049 0.000000 2802.952393 0.000000 0.523990 0.000000 0.851725 0.336507 0.336507 0.336507
1863.299561 0.000000 2808.472412 0.000000 0.331099 0.000000 0.943596 0.332757 0.332757 0.332757
1902.877930 0.000000 2821.157959 0.000000 0.381738 0.000000 0.924271 0.332382 0.332382 0.332382
1887.860107 0.000000 2815.567871 0.000000 0.211892 0.000000 0.977293 0.322307 0.322307 0.322307
1875.138916 0.000000 2815.398193 0.000000 0.229053 0.000000 0.973414 0.325768 0.325768 0.325768
1873.982788 0.000000 2770.988037 0.000000 0.404163 0.000000 0.914687 0.331989 0.331989 0.331989
1912.393677 0.000000 2812.861084 0.000000 0.237800 0.000000 0.971314 0.330582 0.330582 0.330582
1908.288452 0.000000 2788.564453 0.000000 0.072914 0.000000 0.997338 0.329321 0.329321 0.329321
1884.806519 0.000000 2818.097412 0.000000 0.013737 0.000000 0.999906 0.321905 0.321905 0.321905
1898.572388 0.000000 2817.313232 0.000000 0.573545 0.000000 0.819174 0.333685 0.333685 0.333685
1906.704468 0.000000 2815.658447 0.000000 0.451132 0.000000 0.892457 0.332126 0.332126 0.332126
1881.175293 0.000000 2810.104004 0.000000 0.423632 0.000000 0.905835 0.331828 0.331828 0.331828
1868.884766 0.000000 2814.716797 0.000000 0.447154 0.000000 0.894457 0.334133 0.334133 0.334133
1887.343506 0.000000 2810.871094 0.000000 0.378021 0.000000 0.925797 0.330306 0.330306 0.330306
1871.409668 0.000000 2807.894531 0.000000 0.499933 0.000000 0.866064 0.329593 0.329593 0.329593
1883.981201 0.000000 2811.676025 0.000000 0.009233 0.000000 0.999957 0.324894 0.324894 0.324894
1876.010742 0.000000 2811.943604 0.000000 0.327144 0.000000 0.944974 0.329347 0.329347 0.329347
1873.633179 0.000000 2816.563232 0.000000 0.033638 0.000000 0.999434 0.325085 0.325085 0.325085
1891.246582 0.000000 2814.152832 0.000000 0.253023 0.000000 0.967460 0.323055 0.323055 0.323055
1889.938477 0.000000 2818.622803 0.000000 0.552301 0.000000 0.833645 0.333033 0.333033 0.333033
1875.982056 0.000000 2821.916504 0.000000 0.509519 0.000000 0.860459 0.332662 0.332662 0.332662
1888.008667 0.000000 2818.218750 0.000000 0.366945 0.000000 0.930243 0.329428 0.329428 0.329428
1895.682861 0.000000 2815.985352 0.000000 0.224759 0.000000 0.974414 0.328742 0.328742 0.328742
1867.164307 0.000000 2804.289551 0.000000 0.170047 0.000000 0.985436 0.328471 0.328471 0.328471
1876.371582 0.000000 2804.272461 0.000000 0.033709 0.000000 0.999432 0.323474 0.323474 0.323474
1871.107910 0.000000 2802.929443 0.000000 0.460704 0.000000 0.887554 0.331155 0.331155 0.331155
1917.369507 0.000000 2815.030029 0.000000 0.127866 0.000000 0.991791 0.325987 0.325987 0.325987
1878.083252 0.000000 2804.176514 0.000000 0.247242 0.000000 0.968954 0.329512 0.329512 0.329512
1888.238770 0.000000 2821.272705 0.000000 0.001100 0.000000 0.999999 0.325311 0.325311 0.325311
1877.857300 0.000000 2817.321533 0.000000 0.340678 0.000000 0.940180 0.328998 0.328998 0.328998
1876.586182 0.000000 2807.038330 0.000000 0.022386 0.000000 0.999749 0.320031 0.320031 0.320031
1906.359985 0.000000 2819.481445 0.000000 0.063307 0.000000 0.997994 0.321746 0.321746 0.321746
1899.721924 0.000000 2819.127930 0.000000 0.007707 0.000000 0.999970 0.322411 0.322411 0.322411
1885.388550 0.000000 2816.925293 0.000000 0.068062 0.000000 0.997681 0.321048 0.321048 0.321048
1880.647583 0.000000 2820.681641 0.000000 0.051537 0.000000 0.998671 0.324313 0.324313 0.324313
1869.509277 0.000000 2805.510742 0.000000 0.521544 0.000000 0.853225 0.331735 0.331735 0.331735
2003.281494 0.000000 2766.904541 0.000000 0.104889 0.000000 0.994484 0.330149 0.330149 0.330149
2018.455933 0.000000 2756.202881 0.000000 0.560658 0.000000 0.828047 0.334570 0.334570 0.334570
1938.852783 0.000000 2804.341797 0.000000 0.175774 0.000000 0.984431 0.333311 0.333311 0.333311
1951.822266 0.000000 2793.795410 0.000000 0.229640 0.000000 0.973276 0.334321 0.334321 0.334321
1949.234741 0.000000 2791.443115 0.000000 0.360338 0.000000 0.932822 0.335346 0.335346 0.335346
1946.616211 0.000000 2791.816895 0.000000 0.525512 0.000000 0.850786 0.336353 0.336353 0.336353
1940.471069 0.000000 2789.560059 0.000000 0.541096 0.000000 0.840961 0.337036 0.337036 0.337036
1951.885010 0.000000 2786.924561 0.000000 0.363209 0.000000 0.931708 0.332764 0.332764 0.332764
1944.281860 0.000000 2789.749512 0.000000 0.455094 0.000000 0.890443 0.335125 0.335125 0.335125
1973.305176 0.000000 2781.385254 0.000000 0.247675 0.000000 0.968843 0.331769 0.331769 0.331769
1957.382812 0.000000 2795.316406 0.000000 0.337046 0.000000 0.941488 0.332845 0.332845 0.332845
1971.156128 0.000000 2781.807373 0.000000 0.499064 0.000000 0.866565 0.335344 0.335344 0.335344
1949.062500 0.000000 2785.410645 0.000000 0.395432 0.000000 0.918495 0.332655 0.332655 0.332655
1967.881714 0.000000 2780.466797 0.000000 0.145432 0.000000 0.989368 0.330080 0.330080 0.330080
1968.094482 0.000000 2784.843750 0.000000 0.530470 0.000000 0.847704 0.333691 0.333691 0.333691
1972.288452 0.000000 2788.564453 0.000000 0.046666 0.000000 0.998911 0.328692 0.328692 0.328692
1952.410645 0.000000 2785.104004 0.000000 0.433828 0.000000 0.900996 0.333185 0.333185 0.333185
1955.248779 0.000000 2782.095703 0.000000 0.425785 0.000000 0.904824 0.331817 0.331817 0.331817
1960.686523 0.000000 2786.387451 0.000000 0.505744 0.000000 0.862683 0.335407 0.335407 0.335407
1963.042236 0.000000 2776.605225 0.000000 0.440755 0.000000 0.897627 0.332278 0.332278 0.332278
1949.381714 0.000000 2798.329590 0.000000 0.092089 0.000000 0.995751 0.328166 0.328166 0.328166
1923.196289 0.000000 2813.484863 0.000000 0.188901 0.000000 0.981996 0.330093 0.330093 0.330093
1965.137695 0.000000 2782.794434 0.000000 0.037220 0.000000 0.999307 0.324942 0.324942 0.324942
1971.232544 0.000000 2787.088379 0.000000 0.502609 0.000000 0.864514 0.334170 0.334170 0.334170
1959.815552 0.000000 2777.288086 0.000000 0.401294 0.000000 0.915949 0.331890 0.331890 0.331890
1978.833618 0.000000 2771.000000 0.000000 0.117287 0.000000 0.993098 0.323715 0.323715 0.323715
1950.637329 0.000000 2785.903320 0.000000 0.430598 0.000000 0.902544 0.332886 0.332886 0.332886
1939.123779 0.000000 2790.423584 0.000000 0.507348 0.000000 0.861741 0.334208 0.334208 0.334208
1963.594971 0.000000 2790.134033 0.000000 0.285455 0.000000 0.958392 0.328448 0.328448 0.328448
1938.267090 0.000000 2800.258545 0.000000 0.523373 0.000000 0.852103 0.332843 0.332843 0.332843
1972.297241 0.000000 2775.988281 0.000000 0.109071 0.000000 0.994034 0.322352 0.322352 0.322352
1977.383423 0.000000 2771.090576 0.000000 0.188213 0.000000 0.982128 0.325194 0.325194 0.325194
2013.234741 0.000000 2791.443115 0.000000 0.343355 0.000000 0.939206 0.335232 0.335232 0.335232
1986.305054 0.000000 2769.084229 0.000000 0.148584 0.000000 0.988900 0.325901 0.325901 0.325901
1990.675903 0.000000 2770.619385 0.000000 0.237279 0.000000 0.971442 0.328073 0.328073 0.328073
1997.933594 0.000000 2773.603271 0.000000 0.378500 0.000000 0.925601 0.331296 0.331296 0.331296
1919.290771 0.000000 2824.623779 0.000000 0.563192 0.000000 0.826326 0.338570 0.338570 0.338570
1914.815186 0.000000 2831.787842 0.000000 0.499760 0.000000 0.866164 0.337186 0.337186 0.337186
1878.908936 0.000000 2835.218506 0.000000 0.146066 0.000000 0.989275 0.331582 0.331582 0.331582
1877.078003 0.000000 2826.346436 0.000000 0.062191 0.000000 0.998064 0.322384 0.322384 0.322384
1895.709595 0.000000 2824.220947 0.000000 0.439949 0.000000 0.898023 0.333336 0.333336 0.333336
1903.569580 0.000000 2824.322021 0.000000 0.405703 0.000000 0.914005 0.333678 0.333678 0.333678
1883.430664 0.000000 2836.246338 0.000000 0.202807 0.000000 0.979219 0.330894 0.330894 0.330894
1899.042236 0.000000 2833.089600 0.000000 0.018857 0.000000 0.999822 0.323014 0.323014 0.323014
1888.870728 0.000000 2831.464355 0.000000 0.462719 0.000000 0.886505 0.329908 0.329908 0.329908
1878.760498 0.000000 2833.423096 0.000000 0.328892 0.000000 0.944367 0.332077 0.332077 0.332077
1905.566528 0.000000 2831.401367 0.000000 0.407422 0.000000 0.913240 0.330084 0.330084 0.330084
1901.450073 0.000000 2826.738281 0.000000 0.226159 0.000000 0.974090 0.328354 0.328354 0.328354
1877.480591 0.000000 2827.976807 0.000000 0.168513 0.000000 0.985699 0.324345 0.324345 0.324345
1900.179810 0.000000 2827.641846 0.000000 0.165734 0.000000 0.986170 0.327361 0.327361 0.327361
1911.597168 0.000000 2831.135010 0.000000 0.324433 0.000000 0.945909 0.330057 0.330057 0.330057
1898.270874 0.000000 2831.710449 0.000000 0.577513 0.000000 0.816382 0.331222 0.331222 0.331222
1875.355347 0.000000 2824.252441 0.000000 0.466834 0.000000 0.884345 0.331606 0.331606 0.331606
1883.964233 0.000000 2826.928223 0.000000 0.436756 0.000000 0.899580 0.330399 0.330399 0.330399
1904.730957 0.000000 2830.371826 0.000000 0.371831 0.000000 0.928301 0.329415 0.329415 0.329415
2234.963135 0.000000 2333.998047 0.000000 0.487010 0.000000 0.873396 0.332181 0.332181 0.332181
2232.202881 0.000000 2332.815918 0.000000 0.482059 0.000000 0.876139 0.330033 0.330033 0.330033
2077.234619 0.000000 2396.052490 0.000000 0.145232 0.000000 0.989398 0.332505 0.332505 0.332505
2077.062500 0.000000 2390.020020 0.000000 0.181228 0.000000 0.983441 0.328828 0.328828 0.328828
2105.560059 0.000000 2422.987793 0.000000 0.357702 0.000000 0.933836 0.330205 0.330205 0.330205
2079.070801 0.000000 2393.000977 0.000000 0.481360 0.000000 0.876523 0.333193 0.333193 0.333193
2104.193359 0.000000 2424.794678 0.000000 0.180531 0.000000 0.983569 0.324386 0.324386 0.324386
2105.682861 0.000000 2430.983887 0.000000 0.503214 0.000000 0.864162 0.335366 0.335366 0.335366
2111.474121 0.000000 2474.052490 0.000000 0.233119 0.000000 0.972448 0.328936 0.328936 0.328936
2109.369629 0.000000 2476.123779 0.000000 0.030273 0.000000 0.999542 0.320117 0.320117 0.320117
2109.825439 0.000000 2479.494141 0.000000 0.353577 0.000000 0.935405 0.328072 0.328072 0.328072
2133.636475 0.000000 2483.330322 0.000000 0.346702 0.000000 0.937975 0.335594 0.335594 0.335594
2125.646240 0.000000 2469.574463 0.000000 0.334694 0.000000 0.942327 0.335120 0.335120 0.335120
2131.138916 0.000000 2476.491943 0.000000 0.302604 0.000000 0.953116 0.329081 0.329081 0.329081
2129.954346 0.000000 2466.852295 0.000000 0.000763 0.000000 1.000000 0.325923 0.325923 0.325923
2129.638672 0.000000 2470.126465 0.000000 0.571829 0.000000 0.820373 0.331548 0.331548 0.331548
2099.915527 0.000000 2497.353760 0.000000 0.298498 0.000000 0.954410 0.335711 0.335711 0.335711
2106.815186 0.000000 2492.881592 0.000000 0.301593 0.000000 0.953437 0.333593 0.333593 0.333593
2107.533691 0.000000 2490.887207 0.000000 0.296511 0.000000 0.955029 0.330251 0.330251 0.330251
2102.093750 0.000000 2509.579834 0.000000 0.173878 0.000000 0.984767 0.323956 0.323956 0.323956
2106.963135 0.000000 2503.451172 0.000000 0.523010 0.000000 0.852327 0.332836 0.332836 0.332836
2100.885254 0.000000 2706.516846 0.000000 0.081638 0.000000 0.996662 0.333020 0.333020 0.333020
2100.391846 0.000000 2703.152344 0.000000 0.542495 0.000000 0.840059 0.337189 0.337189 0.337189
2106.085693 0.000000 2701.924316 0.000000 0.123266 0.000000 0.992374 0.330779 0.330779 0.330779
2106.542236 0.000000 2703.936768 0.000000 0.283048 0.000000 0.959106 0.330312 0.330312 0.330312
2112.390625 0.000000 2698.315674 0.000000 0.268039 0.000000 0.963408 0.334615 0.334615 0.334615
2114.854492 0.000000 2702.312500 0.000000 0.166320 0.000000 0.986072 0.331847 0.331847 0.331847
2118.226807 0.000000 2699.340576 0.000000 0.392607 0.000000 0.919706 0.331844 0.331844 0.331844
2117.476562 0.000000 2706.043945 0.000000 0.248381 0.000000 0.968662 0.330395 0.330395 0.330395
2118.216797 0.000000 2701.997559 0.000000 0.403044 0.000000 0.915181 0.330960 0.330960 0.330960
2118.734863 0.000000 2704.819580 0.000000 0.222571 0.000000 0.974916 0.324472 0.324472 0.324472
2111.290771 0.000000 2711.655029 0.000000 0.255342 0.000000 0.966851 0.334803 0.334803 0.334803
2070.690430 0.000000 2739.266846 0.000000 0.155503 0.000000 0.987835 0.333436 0.333436 0.333436
2064.003174 0.000000 2738.552734 0.000000 0.178303 0.000000 0.983976 0.332126 0.332126 0.332126
2095.221924 0.000000 2744.548584 0.000000 0.036997 0.000000 0.999315 0.329093 0.329093 0.329093
4829.245605 0.000000 996.069153 0.000000 0.245857 0.000000 0.969306 0.325041 0.325041 0.325041
4891.270508 0.000000 1011.980652 0.000000 0.286794 0.000000 0.957992 0.325563 0.325563 0.325563
4897.198730 0.000000 995.085449 0.000000 0.171064 0.000000 0.985260 0.320970 0.320970 0.320970
4700.897949 0.000000 1320.779541 0.000000 0.510648 0.000000 0.859790 0.332864 0.332864 0.332864
4705.556152 0.000000 1325.814941 0.000000 0.193236 0.000000 0.981152 0.327811 0.327811 0.327811
4178.931641 0.000000 1669.373047 0.000000 0.374884 0.000000 0.927072 0.333619 0.333619 0.333619
6075.060547 0.000000 1341.732910 0.000000 0.392464 0.000000 0.919768 0.332097 0.332097 0.332097
6072.393555 0.000000 1344.267334 0.000000 0.172618 0.000000 0.984989 0.329915 0.329915 0.329915
6079.474121 0.000000 1344.365112 0.000000 0.104707 0.000000 0.994503 0.322653 0.322653 0.322653
6139.206543 0.000000 1329.121338 0.000000 0.104774 0.000000 0.994496 0.330467 0.330467 0.330467
6136.713379 0.000000 1328.563599 0.000000 0.076706 0.000000 0.997054 0.329504 0.329504 0.329504
6086.227051 0.000000 1343.715576 0.000000 0.210134 0.000000 0.977673 0.328386 0.328386 0.328386
6082.331055 0.000000 1339.086426 0.000000 0.182503 0.000000 0.983205 0.327090 0.327090 0.327090
6138.962891 0.000000 1317.279297 0.000000 0.169838 0.000000 0.985472 0.325654 0.325654 0.325654
6140.606934 0.000000 1316.995728 0.000000 0.072441 0.000000 0.997373 0.323096 0.323096 0.323096
6125.321289 0.000000 1337.623535 0.000000 0.262811 0.000000 0.964847 0.328109 0.328109 0.328109
6086.498535 0.000000 1353.683716 0.000000 0.258008 0.000000 0.966143 0.327625 0.327625 0.327625
6080.046387 0.000000 1353.903931 0.000000 0.093644 0.000000 0.995606 0.325543 0.325543 0.325543
6138.513184 0.000000 1312.837036 0.000000 0.013636 0.000000 0.999907 0.325645 0.325645 0.325645
6143.265137 0.000000 1332.592529 0.000000 0.332814 0.000000 0.942992 0.328801 0.328801 0.328801
6080.036621 0.000000 1345.735840 0.000000 0.053893 0.000000 0.998547 0.321238 0.321238 0.321238
6081.161133 0.000000 1338.420776 0.000000 0.549578 0.000000 0.835443 0.328397 0.328397 0.328397
6082.944824 0.000000 1354.607544 0.000000 0.579552 0.000000 0.814935 0.333727 0.333727 0.333727
6086.432129 0.000000 1345.033203 0.000000 0.206031 0.000000 0.978546 0.325759 0.325759 0.325759
6085.619141 0.000000 1354.588623 0.000000 0.345537 0.000000 0.938405 0.327970 0.327970 0.327970
6084.237305 0.000000 1350.675293 0.000000 0.428882 0.000000 0.903361 0.328029 0.328029 0.328029
6048.264648 0.000000 1377.493530 0.000000 0.406094 0.000000 0.913831 0.337108 0.337108 0.337108
6041.924805 0.000000 1408.865479 0.000000 0.133812 0.000000 0.991007 0.333430 0.333430 0.333430
6054.465332 0.000000 1380.722778 0.000000 0.059425 0.000000 0.998233 0.332634 0.332634 0.332634
6042.548828 0.000000 1396.938110 0.000000 0.472197 0.000000 0.881493 0.337507 0.337507 0.337507
6039.427734 0.000000 1404.620361 0.000000 0.248082 0.000000 0.968739 0.334428 0.334428 0.334428
6063.152344 0.000000 1401.095703 0.000000 0.009045 0.000000 0.999959 0.330758 0.330758 0.330758
6070.469238 0.000000 1365.779053 0.000000 0.466011 0.000000 0.884779 0.335908 0.335908 0.335908
6045.075684 0.000000 1408.025146 0.000000 0.296415 0.000000 0.955059 0.334077 0.334077 0.334077
6076.365723 0.000000 1358.352661 0.000000 0.523945 0.000000 0.851752 0.336952 0.336952 0.336952
6071.370605 0.000000 1389.280396 0.000000 0.331003 0.000000 0.943630 0.332971 0.332971 0.332971
6060.424316 0.000000 1408.171021 0.000000 0.464911 0.000000 0.885358 0.335607 0.335607 0.335607
6077.061035 0.000000 1356.181274 0.000000 0.558575 0.000000 0.829454 0.335684 0.335684 0.335684
6078.998535 0.000000 1379.606567 0.000000 0.309973 0.000000 0.950745 0.332829 0.332829 0.332829
6041.637695 0.000000 1392.322388 0.000000 0.414517 0.000000 0.910041 0.334764 0.334764 0.334764
6068.201660 0.000000 1362.572998 0.000000 0.502231 0.000000 0.864733 0.335578 0.335578 0.335578
6052.916992 0.000000 1407.366211 0.000000 0.085845 0.000000 0.996309 0.328657 0.328657 0.328657
6055.815430 0.000000 1365.178711 0.000000 0.320292 0.000000 0.947319 0.327757 0.327757 0.327757
6043.020508 0.000000 1403.833252 0.000000 0.359547 0.000000 0.933127 0.331815 0.331815 0.331815
6069.819336 0.000000 1364.250732 0.000000 0.551868 0.000000 0.833932 0.335523 0.335523 0.335523
6054.213867 0.000000 1365.638306 0.000000 0.379411 0.000000 0.925228 0.328885 0.328885 0.328885
6055.927246 0.000000 1368.798950 0.000000 0.268387 0.000000 0.963311 0.328489 0.328489 0.328489
6047.464355 0.000000 1407.260376 0.000000 0.409884 0.000000 0.912138 0.329980 0.329980 0.329980
6048.142090 0.000000 1369.342896 0.000000 0.536654 0.000000 0.843802 0.332492 0.332492 0.332492
6101.428223 0.000000 1387.972656 0.000000 0.053727 0.000000 0.998556 0.332767 0.332767 0.332767
6103.427734 0.000000 1404.620361 0.000000 0.403208 0.000000 0.915108 0.336316 0.336316 0.336316
6093.883301 0.000000 1404.121216 0.000000 0.584614 0.000000 0.811311 0.338629 0.338629 0.338629
6140.341309 0.000000 1408.792847 0.000000 0.209333 0.000000 0.977844 0.331641 0.331641 0.331641
6138.085938 0.000000 1402.783569 0.000000 0.526920 0.000000 0.849915 0.337174 0.337174 0.337174
6095.571289 0.000000 1362.237549 0.000000 0.113821 0.000000 0.993501 0.329952 0.329952 0.329952
6098.130371 0.000000 1400.718262 0.000000 0.144047 0.000000 0.989571 0.329312 0.329312 0.329312
6113.051758 0.000000 1387.816528 0.000000 0.535679 0.000000 0.844421 0.336689 0.336689 0.336689
6134.447266 0.000000 1404.834473 0.000000 0.039982 0.000000 0.999200 0.327863 0.327863 0.327863
6117.000000 0.000000 1390.306519 0.000000 0.368574 0.000000 0.929598 0.333264 0.333264 0.333264
6119.873535 0.000000 1392.412476 0.000000 0.005957 0.000000 0.999982 0.326892 0.326892 0.326892
6136.590820 0.000000 1409.535645 0.000000 0.175606 0.000000 0.984461 0.329472 0.329472 0.329472
6101.837891 0.000000 1400.572266 0.000000 0.502628 0.000000 0.864503 0.333668 0.333668 0.333668
6090.837402 0.000000 1407.233154 0.000000 0.088028 0.000000 0.996118 0.328624 0.328624 0.328624
6132.959961 0.000000 1405.684082 0.000000 0.412964 0.000000 0.910747 0.333391 0.333391 0.333391
6067.521484 0.000000 1440.118286 0.000000 0.431483 0.000000 0.902121 0.336733 0.336733 0.336733
6049.860352 0.000000 1420.850586 0.000000 0.172502 0.000000 0.985009 0.332173 0.332173 0.332173
6067.409180 0.000000 1437.595581 0.000000 0.573236 0.000000 0.819390 0.337539 0.337539 0.337539
6071.370605 0.000000 1445.764771 0.000000 0.335388 0.000000 0.942080 0.334378 0.334378 0.334378
6072.713379 0.000000 1441.532349 0.000000 0.288544 0.000000 0.957467 0.332969 0.332969 0.332969
6077.359375 0.000000 1433.182983 0.000000 0.167689 0.000000 0.985840 0.329231 0.329231 0.329231
6068.288574 0.000000 1432.939453 0.000000 0.558484 0.000000 0.829515 0.335170 0.335170 0.335170
6079.537598 0.000000 1442.375732 0.000000 0.333926 0.000000 0.942599 0.326618 0.326618 0.326618
6077.523438 0.000000 1425.694824 0.000000 0.532207 0.000000 0.846614 0.334518 0.334518 0.334518
6079.265137 0.000000 1445.561279 0.000000 0.219769 0.000000 0.975552 0.327718 0.327718 0.327718
6078.371094 0.000000 1443.399048 0.000000 0.335912 0.000000 0.941893 0.326658 0.326658 0.326658
6128.015137 0.000000 1439.890869 0.000000 0.420675 0.000000 0.907212 0.335152 0.335152 0.335152
6133.610352 0.000000 1447.602173 0.000000 0.469869 0.000000 0.882736 0.336626 0.336626 0.336626
6129.495117 0.000000 1412.209473 0.000000 0.509599 0.000000 0.860412 0.336284 0.336284 0.336284
6099.922852 0.000000 1415.908813 0.000000 0.507607 0.000000 0.861589 0.336708 0.336708 0.336708
6106.516602 0.000000 1450.888306 0.000000 0.535884 0.000000 0.844292 0.336693 0.336693 0.336693
6080.668457 0.000000 1429.879761 0.000000 0.298482 0.000000 0.954415 0.329452 0.329452 0.329452
6082.200195 0.000000 1428.728638 0.000000 0.453652 0.000000 0.891179 0.331354 0.331354 0.331354
6100.110352 0.000000 1425.747192 0.000000 0.426257 0.000000 0.904602 0.334196 0.334196 0.334196
6106.396484 0.000000 1422.147095 0.000000 0.544803 0.000000 0.838564 0.335312 0.335312 0.335312
6137.096680 0.000000 1446.174316 0.000000 0.154021 0.000000 0.988068 0.327417 0.327417 0.327417
6084.483398 0.000000 1446.539185 0.000000 0.443418 0.000000 0.896315 0.333102 0.333102 0.333102
6080.520996 0.000000 1431.879395 0.000000 0.164339 0.000000 0.986404 0.329549 0.329549 0.329549
6102.760742 0.000000 1421.313843 0.000000 0.071984 0.000000 0.997406 0.322106 0.322106 0.322106
6083.459473 0.000000 1448.625610 0.000000 0.187675 0.000000 0.982231 0.328686 0.328686 0.328686
6099.069824 0.000000 1417.137817 0.000000 0.559291 0.000000 0.828971 0.332665 0.332665 0.332665
6094.587891 0.000000 1419.878174 0.000000 0.071036 0.000000 0.997474 0.320188 0.320188 0.320188
6096.399902 0.000000 1417.786865 0.000000 0.092910 0.000000 0.995675 0.322109 0.322109 0.322109
6131.006836 0.000000 1477.038818 0.000000 0.167279 0.000000 0.985910 0.332534 0.332534 0.332534
6129.495117 0.000000 1468.693848 0.000000 0.090899 0.000000 0.995860 0.330993 0.330993 0.330993
5867.534668 0.000000 1710.520996 0.000000 0.402420 0.000000 0.915455 0.335800 0.335800 0.335800
5869.746094 0.000000 1714.667236 0.000000 0.464003 0.000000 0.885834 0.330411 0.330411 0.330411
5866.238770 0.000000 1704.370117 0.000000 0.542535 0.000000 0.840033 0.330348 0.330348 0.330348
6255.152344 0.000000 553.830078 0.000000 0.533675 0.000000 0.845690 0.337451 0.337451 0.337451
6244.675781 0.000000 541.201416 0.000000 0.224301 0.000000 0.974520 0.333610 0.333610 0.333610
6247.131348 0.000000 543.338501 0.000000 0.002238 0.000000 0.999997 0.331017 0.331017 0.331017
6258.616699 0.000000 554.412598 0.000000 0.335950 0.000000 0.941880 0.334278 0.334278 0.334278
6267.279297 0.000000 533.560913 0.000000 0.384438 0.000000 0.923151 0.334378 0.334378 0.334378
6246.985352 0.000000 540.223816 0.000000 0.475235 0.000000 0.879859 0.335997 0.335997 0.335997
6256.749512 0.000000 530.966980 0.000000 0.350615 0.000000 0.936520 0.332147 0.332147 0.332147
6264.713379 0.000000 537.782349 0.000000 0.236826 0.000000 0.971552 0.330218 0.330218 0.330218
6254.922852 0.000000 543.680664 0.000000 0.230998 0.000000 0.972954 0.330071 0.330071 0.330071
6258.491699 0.000000 531.999634 0.000000 0.466667 0.000000 0.884433 0.334732 0.334732 0.334732
6251.937012 0.000000 564.786926 0.000000 0.234019 0.000000 0.972232 0.329651 0.329651 0.329651
6262.093750 0.000000 532.626770 0.000000 0.245792 0.000000 0.969323 0.330818 0.330818 0.330818
6248.327148 0.000000 530.631226 0.000000 0.461006 0.000000 0.887397 0.330875 0.330875 0.330875
6258.704590 0.000000 556.283447 0.000000 0.232475 0.000000 0.972602 0.330911 0.330911 0.330911
6251.434082 0.000000 537.449402 0.000000 0.208638 0.000000 0.977993 0.319683 0.319683 0.319683
6250.288086 0.000000 539.041626 0.000000 0.568644 0.000000 0.822584 0.331136 0.331136 0.331136
6269.407227 0.000000 545.742920 0.000000 0.420708 0.000000 0.907196 0.332372 0.332372 0.332372
6253.740723 0.000000 538.568542 0.000000 0.071677 0.000000 0.997428 0.319611 0.319611 0.319611
6255.049805 0.000000 537.569336 0.000000 0.362698 0.000000 0.931907 0.327358 0.327358 0.327358
6257.522949 0.000000 563.031189 0.000000 0.055018 0.000000 0.998485 0.320332 0.320332 0.320332
6266.732422 0.000000 562.032288 0.000000 0.449641 0.000000 0.893209 0.333208 0.333208 0.333208
6254.407715 0.000000 535.529358 0.000000 0.107476 0.000000 0.994208 0.320787 0.320787 0.320787
6261.040527 0.000000 537.006836 0.000000 0.570952 0.000000 0.820983 0.334136 0.334136 0.334136
6269.900391 0.000000 561.427246 0.000000 0.238641 0.000000 0.971108 0.329200 0.329200 0.329200
6264.193359 0.000000 560.810181 0.000000 0.246924 0.000000 0.969035 0.328641 0.328641 0.328641
6260.032715 0.000000 564.122864 0.000000 0.550992 0.000000 0.834510 0.329814 0.329814 0.329814
6253.479492 0.000000 532.898987 0.000000 0.326591 0.000000 0.945166 0.324198 0.324198 0.324198
6263.635742 0.000000 540.642822 0.000000 0.141893 0.000000 0.989882 0.326160 0.326160 0.326160
6261.027344 0.000000 539.876465 0.000000 0.411289 0.000000 0.911505 0.330207 0.330207 0.330207
6261.066895 0.000000 561.562256 0.000000 0.324979 0.000000 0.945721 0.324379 0.324379 0.324379
6255.812988 0.000000 540.463867 0.000000 0.050012 0.000000 0.998749 0.324221 0.324221 0.324221
6252.297363 0.000000 540.411865 0.000000 0.431902 0.000000 0.901920 0.330108 0.330108 0.330108
6251.135742 0.000000 539.982422 0.000000 0.186417 0.000000 0.982471 0.322986 0.322986 0.322986
6378.622559 0.000000 505.900055 0.000000 0.359387 0.000000 0.933189 0.335071 0.335071 0.335071
6380.263184 0.000000 502.050110 0.000000 0.350877 0.000000 0.936422 0.332522 0.332522 0.332522
6380.424316 0.000000 504.421051 0.000000 0.106435 0.000000 0.994320 0.329914 0.329914 0.329914
6391.657227 0.000000 492.248810 0.000000 0.267371 0.000000 0.963594 0.326370 0.326370 0.326370
6397.048828 0.000000 491.140320 0.000000 0.419746 0.000000 0.907642 0.327982 0.327982 0.327982
6389.193359 0.000000 491.209961 0.000000 0.545625 0.000000 0.838029 0.334198 0.334198 0.334198
6399.474121 0.000000 497.099426 0.000000 0.073274 0.000000 0.997312 0.326317 0.326317 0.326317
6390.213379 0.000000 494.880310 0.000000 0.013473 0.000000 0.999909 0.321288 0.321288 0.321288
6389.913086 0.000000 499.548981 0.000000 0.361483 0.000000 0.932379 0.328855 0.328855 0.328855
6399.198730 0.000000 486.895081 0.000000 0.268949 0.000000 0.963155 0.330882 0.330882 0.330882
6397.091309 0.000000 503.586548 0.000000 0.217449 0.000000 0.976072 0.328801 0.328801 0.328801
6397.900391 0.000000 504.942841 0.000000 0.574823 0.000000 0.818278 0.334800 0.334800 0.334800
6397.135254 0.000000 494.601654 0.000000 0.161001 0.000000 0.986954 0.324144 0.324144 0.324144
6393.594238 0.000000 497.692902 0.000000 0.452481 0.000000 0.891774 0.330418 0.330418 0.330418
6386.095215 0.000000 492.211884 0.000000 0.247458 0.000000 0.968899 0.327438 0.327438 0.327438
6391.150391 0.000000 499.957642 0.000000 0.305736 0.000000 0.952116 0.327428 0.327428 0.327428
6396.154785 0.000000 491.974762 0.000000 0.416334 0.000000 0.909212 0.327909 0.327909 0.327909
6387.778809 0.000000 497.455658 0.000000 0.495227 0.000000 0.868764 0.331465 0.331465 0.331465
6397.826172 0.000000 493.594849 0.000000 0.236363 0.000000 0.971665 0.322994 0.322994 0.322994
6332.270508 0.000000 556.693237 0.000000 0.452771 0.000000 0.891627 0.337639 0.337639 0.337639
6287.712891 0.000000 526.973511 0.000000 0.209079 0.000000 0.977899 0.333599 0.333599 0.333599
6330.107422 0.000000 563.559753 0.000000 0.357933 0.000000 0.933747 0.334157 0.334157 0.334157
6335.545410 0.000000 540.318481 0.000000 0.022452 0.000000 0.999748 0.329503 0.329503 0.329503
6276.637695 0.000000 526.932190 0.000000 0.237251 0.000000 0.971448 0.330981 0.330981 0.330981
6309.505371 0.000000 564.047058 0.000000 0.229070 0.000000 0.973410 0.332090 0.332090 0.332090
6328.956055 0.000000 533.775085 0.000000 0.325418 0.000000 0.945570 0.333594 0.333594 0.333594
6312.581055 0.000000 538.623779 0.000000 0.117766 0.000000 0.993041 0.329118 0.329118 0.329118
6287.150391 0.000000 561.970398 0.000000 0.407777 0.000000 0.913081 0.327627 0.327627 0.327627
6308.845703 0.000000 554.339233 0.000000 0.046483 0.000000 0.998919 0.317901 0.317901 0.317901
6325.193359 0.000000 547.694336 0.000000 0.188438 0.000000 0.982085 0.331052 0.331052 0.331052
6306.456055 0.000000 553.312317 0.000000 0.149517 0.000000 0.988759 0.324737 0.324737 0.324737
6327.775879 0.000000 536.084351 0.000000 0.463987 0.000000 0.885842 0.331028 0.331028 0.331028
6319.143066 0.000000 534.036865 0.000000 0.181316 0.000000 0.983425 0.330285 0.330285 0.330285
6278.066895 0.000000 541.494873 0.000000 0.158424 0.000000 0.987371 0.327303 0.327303 0.327303
6324.948730 0.000000 535.085449 0.000000 0.505104 0.000000 0.863058 0.334396 0.334396 0.334396
6312.804199 0.000000 542.483704 0.000000 0.331303 0.000000 0.943525 0.330982 0.330982 0.330982
6329.096680 0.000000 542.424316 0.000000 0.098554 0.000000 0.995132 0.327554 0.327554 0.327554
6325.498535 0.000000 545.835571 0.000000 0.008957 0.000000 0.999960 0.323729 0.323729 0.323729
6314.288086 0.000000 539.041626 0.000000 0.261772 0.000000 0.965130 0.327178 0.327178 0.327178
6308.916992 0.000000 560.100586 0.000000 0.557310 0.000000 0.830304 0.332323 0.332323 0.332323
6282.837402 0.000000 559.967529 0.000000 0.229076 0.000000 0.973408 0.324013 0.324013 0.324013
6272.129395 0.000000 540.403992 0.000000 0.395903 0.000000 0.918292 0.331442 0.331442 0.331442
6335.537598 0.000000 538.625732 0.000000 0.245564 0.000000 0.969380 0.329774 0.329774 0.329774
6320.299805 0.000000 544.505859 0.000000 0.526790 0.000000 0.849995 0.330203 0.330203 0.330203
6302.198730 0.000000 559.607544 0.000000 0.565184 0.000000 0.824965 0.334741 0.334741 0.334741
6325.526855 0.000000 542.294861 0.000000 0.529146 0.000000 0.848531 0.331674 0.331674 0.331674
6291.869141 0.000000 559.679016 0.000000 0.175739 0.000000 0.984437 0.328743 0.328743 0.328743
6323.138184 0.000000 540.371521 0.000000 0.399933 0.000000 0.916544 0.327308 0.327308 0.327308
6307.360352 0.000000 557.608093 0.000000 0.192679 0.000000 0.981262 0.319922 0.319922 0.319922
6282.106445 0.000000 556.906006 0.000000 0.388030 0.000000 0.921647 0.326081 0.326081 0.326081
6325.814941 0.000000 538.734497 0.000000 0.439734 0.000000 0.898128 0.326899 0.326899 0.326899
6309.367676 0.000000 561.231812 0.000000 0.128019 0.000000 0.991772 0.323973 0.323973 0.323973
6388.600586 0.000000 531.573181 0.000000 0.067113 0.000000 0.997745 0.333183 0.333183 0.333183
6336.290527 0.000000 542.724548 0.000000 0.029121 0.000000 0.999576 0.332690 0.332690 0.332690
6350.124512 0.000000 537.368164 0.000000 0.247982 0.000000 0.968765 0.334888 0.334888 0.334888
6343.290527 0.000000 543.031738 0.000000 0.502714 0.000000 0.864453 0.336726 0.336726 0.336726
6343.324707 0.000000 534.969421 0.000000 0.340942 0.000000 0.940084 0.332636 0.332636 0.332636
6384.601562 0.000000 513.201660 0.000000 0.552544 0.000000 0.833484 0.335879 0.335879 0.335879
6377.380859 0.000000 524.307007 0.000000 0.416168 0.000000 0.909288 0.334090 0.334090 0.334090
6386.636719 0.000000 518.813721 0.000000 0.008200 0.000000 0.999966 0.324194 0.324194 0.324194
6347.119141 0.000000 561.978577 0.000000 0.412892 0.000000 0.910780 0.330538 0.330538 0.330538
6365.062500 0.000000 526.035645 0.000000 0.533316 0.000000 0.845916 0.334714 0.334714 0.334714
6344.026367 0.000000 562.813782 0.000000 0.573870 0.000000 0.818947 0.331847 0.331847 0.331847
6393.789062 0.000000 527.721130 0.000000 0.447639 0.000000 0.894214 0.333658 0.333658 0.333658
6395.325195 0.000000 520.474670 0.000000 0.445504 0.000000 0.895280 0.332314 0.332314 0.332314
6367.909668 0.000000 523.326843 0.000000 0.567108 0.000000 0.823643 0.332495 0.332495 0.332495
6365.993164 0.000000 523.157288 0.000000 0.007532 0.000000 0.999972 0.322476 0.322476 0.322476
6340.253418 0.000000 547.725281 0.000000 0.314858 0.000000 0.949139 0.327054 0.327054 0.327054
6341.526367 0.000000 549.425293 0.000000 0.168240 0.000000 0.985746 0.323911 0.323911 0.323911
6342.203613 0.000000 545.654663 0.000000 0.447793 0.000000 0.894137 0.333032 0.333032 0.333032
6396.241699 0.000000 519.101807 0.000000 0.355433 0.000000 0.934702 0.330376 0.330376 0.330376
6397.121582 0.000000 524.584351 0.000000 0.064058 0.000000 0.997946 0.325183 0.325183 0.325183
6344.076660 0.000000 557.798828 0.000000 0.041322 0.000000 0.999146 0.323138 0.323138 0.323138
6393.855957 0.000000 517.181519 0.000000 0.299535 0.000000 0.954085 0.328695 0.328695 0.328695
6342.676758 0.000000 533.609558 0.000000 0.277744 0.000000 0.960655 0.329214 0.329214 0.329214
6394.513184 0.000000 522.055786 0.000000 0.552507 0.000000 0.833508 0.334372 0.334372 0.334372
6337.273926 0.000000 535.879150 0.000000 0.210333 0.000000 0.977630 0.327084 0.327084 0.327084
6399.538574 0.000000 522.844604 0.000000 0.150106 0.000000 0.988670 0.326547 0.326547 0.326547
6336.036621 0.000000 553.386719 0.000000 0.382829 0.000000 0.923819 0.331164 0.331164 0.331164
6399.335449 0.000000 534.588745 0.000000 0.375617 0.000000 0.926775 0.327880 0.327880 0.327880
6346.106445 0.000000 556.906006 0.000000 0.516328 0.000000 0.856391 0.332570 0.332570 0.332570
6344.949707 0.000000 554.567749 0.000000 0.172004 0.000000 0.985096 0.325631 0.325631 0.325631
6340.023926 0.000000 555.410583 0.000000 0.210240 0.000000 0.977650 0.325657 0.325657 0.325657
6347.079590 0.000000 564.158447 0.000000 0.080111 0.000000 0.996786 0.321801 0.321801 0.321801
6251.534668 0.000000 580.833496 0.000000 0.361198 0.000000 0.932489 0.334833 0.334833 0.334833
6271.940430 0.000000 584.293213 0.000000 0.563788 0.000000 0.825920 0.336243 0.336243 0.336243
6253.664062 0.000000 571.839355 0.000000 0.213807 0.000000 0.976876 0.329334 0.329334 0.329334
6261.305176 0.000000 578.494690 0.000000 0.146909 0.000000 0.989150 0.330474 0.330474 0.330474
6258.636719 0.000000 575.298096 0.000000 0.242951 0.000000 0.970039 0.330659 0.330659 0.330659
6252.434570 0.000000 576.622437 0.000000 0.355276 0.000000 0.934762 0.332801 0.332801 0.332801
6260.116699 0.000000 567.174622 0.000000 0.289630 0.000000 0.957139 0.324671 0.324671 0.324671
6263.476074 0.000000 576.739014 0.000000 0.276678 0.000000 0.960963 0.331620 0.331620 0.331620
6254.857422 0.000000 570.347595 0.000000 0.511944 0.000000 0.859019 0.333657 0.333657 0.333657
6251.779785 0.000000 569.825195 0.000000 0.124979 0.000000 0.992159 0.328781 0.328781 0.328781
6259.249023 0.000000 569.253967 0.000000 0.163879 0.000000 0.986480 0.328313 0.328313 0.328313
6301.234863 0.000000 588.552551 0.000000 0.254584 0.000000 0.967051 0.333474 0.333474 0.333474
6285.243652 0.000000 572.084900 0.000000 0.336994 0.000000 0.941507 0.333971 0.333971 0.333971
6331.206543 0.000000 594.824524 0.000000 0.269606 0.000000 0.962971 0.333670 0.333670 0.333670
6272.974121 0.000000 577.551514 0.000000 0.002105 0.000000 0.999998 0.330056 0.330056 0.330056
6275.661133 0.000000 585.917297 0.000000 0.125075 0.000000 0.992147 0.329666 0.329666 0.329666
6312.507812 0.000000 589.266113 0.000000 0.253965 0.000000 0.967214 0.330022 0.330022 0.330022
6301.062500 0.000000 582.520020 0.000000 0.042468 0.000000 0.999098 0.326897 0.326897 0.326897
6324.116699 0.000000 567.174622 0.000000 0.552534 0.000000 0.833491 0.335190 0.335190 0.335190
6321.047363 0.000000 573.668213 0.000000 0.191749 0.000000 0.981444 0.327125 0.327125 0.327125
6286.008789 0.000000 584.588806 0.000000 0.079698 0.000000 0.996819 0.327070 0.327070 0.327070
6331.533691 0.000000 570.418579 0.000000 0.497015 0.000000 0.867742 0.332006 0.332006 0.332006
6322.463867 0.000000 580.772095 0.000000 0.301204 0.000000 0.953560 0.330438 0.330438 0.330438
6324.201660 0.000000 571.791748 0.000000 0.580566 0.000000 0.814213 0.335660 0.335660 0.335660
6329.789062 0.000000 584.205505 0.000000 0.099229 0.000000 0.995065 0.324993 0.324993 0.324993
6318.857422 0.000000 570.347595 0.000000 0.234907 0.000000 0.972018 0.328208 0.328208 0.328208
6283.020996 0.000000 576.085999 0.000000 0.259658 0.000000 0.965701 0.330226 0.330226 0.330226
6328.123047 0.000000 568.187317 0.000000 0.556813 0.000000 0.830638 0.334454 0.334454 0.334454
6301.993164 0.000000 579.641663 0.000000 0.463126 0.000000 0.886292 0.332630 0.332630 0.332630
6326.093750 0.000000 589.111145 0.000000 0.255584 0.000000 0.966787 0.327754 0.327754 0.327754
6284.231934 0.000000 567.680298 0.000000 0.187528 0.000000 0.982259 0.330375 0.330375 0.330375
6302.270508 0.000000 574.120544 0.000000 0.431534 0.000000 0.902097 0.333688 0.333688 0.333688
6313.984863 0.000000 585.780396 0.000000 0.074134 0.000000 0.997248 0.322015 0.322015 0.322015
6312.327148 0.000000 587.115601 0.000000 0.178307 0.000000 0.983975 0.324588 0.324588 0.324588
6321.127930 0.000000 566.671570 0.000000 0.187861 0.000000 0.982196 0.329534 0.329534 0.329534
6309.573730 0.000000 576.348022 0.000000 0.525002 0.000000 0.851101 0.333365 0.333365 0.333365
6322.757324 0.000000 566.191956 0.000000 0.067962 0.000000 0.997688 0.328005 0.328005 0.328005
6321.404785 0.000000 584.301880 0.000000 0.466321 0.000000 0.884616 0.332260 0.332260 0.332260
6335.487793 0.000000 581.171936 0.000000 0.213505 0.000000 0.976942 0.327138 0.327138 0.327138
6306.940430 0.000000 574.930115 0.000000 0.473198 0.000000 0.880956 0.333894 0.333894 0.333894
6323.356445 0.000000 587.019104 0.000000 0.149541 0.000000 0.988756 0.328027 0.328027 0.328027
6333.523438 0.000000 578.429199 0.000000 0.353427 0.000000 0.935462 0.328650 0.328650 0.328650
6311.927246 0.000000 578.017761 0.000000 0.373996 0.000000 0.927430 0.329559 0.329559 0.329559
6323.249023 0.000000 569.253967 0.000000 0.400278 0.000000 0.916394 0.332328 0.332328 0.332328
6293.329102 0.000000 575.468140 0.000000 0.053170 0.000000 0.998585 0.325932 0.325932 0.325932
6299.479980 0.000000 579.202759 0.000000 0.153986 0.000000 0.988073 0.325931 0.325931 0.325931
6331.166992 0.000000 588.536499 0.000000 0.317768 0.000000 0.948169 0.329345 0.329345 0.329345
6332.957031 0.000000 589.609680 0.000000 0.087648 0.000000 0.996152 0.325119 0.325119 0.325119
6298.442871 0.000000 580.328857 0.000000 0.324954 0.000000 0.945730 0.329904 0.329904 0.329904
6315.594727 0.000000 587.243530 0.000000 0.118699 0.000000 0.992930 0.323613 0.323613 0.323613
6306.394043 0.000000 577.536804 0.000000 0.556956 0.000000 0.830542 0.333943 0.333943 0.333943
6283.125000 0.000000 584.100281 0.000000 0.050357 0.000000 0.998731 0.325954 0.325954 0.325954
6330.513184 0.000000 578.540161 0.000000 0.290587 0.000000 0.956849 0.328148 0.328148 0.328148
6335.538574 0.000000 579.328979 0.000000 0.415889 0.000000 0.909415 0.329097 0.329097 0.329097
6334.061523 0.000000 573.031860 0.000000 0.094054 0.000000 0.995567 0.322195 0.322195 0.322195
6334.576172 0.000000 577.107239 0.000000 0.251947 0.000000 0.967741 0.323837 0.323837 0.323837
6313.506836 0.000000 584.559570 0.000000 0.342762 0.000000 0.939422 0.327169 0.327169 0.327169
6292.947754 0.000000 579.473511 0.000000 0.129923 0.000000 0.991524 0.324763 0.324763 0.324763
6310.330078 0.000000 579.191895 0.000000 0.091572 0.000000 0.995798 0.324539 0.324539 0.324539
6294.991211 0.000000 577.122620 0.000000 0.150628 0.000000 0.988590 0.324757 0.324757 0.324757
6327.306152 0.000000 586.667419 0.000000 0.217010 0.000000 0.976169 0.324541 0.324541 0.324541
6308.226562 0.000000 584.995667 0.000000 0.071181 0.000000 0.997463 0.322549 0.322549 0.322549
6361.550293 0.000000 576.445190 0.000000 0.312516 0.000000 0.949913 0.335110 0.335110 0.335110
6391.542480 0.000000 587.973511 0.000000 0.104004 0.000000 0.994577 0.330329 0.330329 0.330329
6355.150879 0.000000 598.605286 0.000000 0.237473 0.000000 0.971394 0.333020 0.333020 0.333020
6380.304199 0.000000 588.543091 0.000000 0.396484 0.000000 0.918042 0.333332 0.333332 0.333332
6378.151367 0.000000 607.355347 0.000000 0.314668 0.000000 0.949202 0.332077 0.332077 0.332077
6367.716309 0.000000 605.294373 0.000000 0.019368 0.000000 0.999812 0.328784 0.328784 0.328784
6398.998535 0.000000 588.825317 0.000000 0.174250 0.000000 0.984701 0.330000 0.330000 0.330000
6336.668457 0.000000 582.614197 0.000000 0.488144 0.000000 0.872763 0.333037 0.333037 0.333037
6389.305176 0.000000 578.494690 0.000000 0.334609 0.000000 0.942357 0.329693 0.329693 0.329693
6382.922852 0.000000 600.165039 0.000000 0.157208 0.000000 0.987566 0.327592 0.327592 0.327592
6396.194824 0.000000 600.432861 0.000000 0.143375 0.000000 0.989668 0.327495 0.327495 0.327495
6386.636719 0.000000 575.298096 0.000000 0.014027 0.000000 0.999902 0.325651 0.325651 0.325651
6381.660156 0.000000 596.794067 0.000000 0.205966 0.000000 0.978559 0.330642 0.330642 0.330642
6350.008789 0.000000 584.588806 0.000000 0.164214 0.000000 0.986425 0.327090 0.327090 0.327090
6353.982910 0.000000 568.097473 0.000000 0.526038 0.000000 0.850461 0.334406 0.334406 0.334406
6354.017090 0.000000 588.628479 0.000000 0.450953 0.000000 0.892548 0.334483 0.334483 0.334483
6386.737793 0.000000 598.341431 0.000000 0.074053 0.000000 0.997254 0.327048 0.327048 0.327048
6344.096191 0.000000 567.028748 0.000000 0.099413 0.000000 0.995046 0.324803 0.324803 0.324803
6347.020996 0.000000 576.085999 0.000000 0.170325 0.000000 0.985388 0.324990 0.324990 0.324990
6338.200195 0.000000 581.463013 0.000000 0.273520 0.000000 0.961866 0.326769 0.326769 0.326769
6383.125977 0.000000 603.760864 0.000000 0.256218 0.000000 0.966619 0.330344 0.330344 0.330344
6342.483887 0.000000 583.776184 0.000000 0.279311 0.000000 0.960201 0.324739 0.324739 0.324739
6383.226074 0.000000 605.787964 0.000000 0.040032 0.000000 0.999198 0.327730 0.327730 0.327730
6339.807617 0.000000 572.645569 0.000000 0.471269 0.000000 0.881990 0.329662 0.329662 0.329662
6346.685059 0.000000 566.807007 0.000000 0.484118 0.000000 0.875003 0.329844 0.329844 0.329844
6380.260742 0.000000 605.777100 0.000000 0.296684 0.000000 0.954976 0.330642 0.330642 0.330642
6391.988281 0.000000 580.467041 0.000000 0.215090 0.000000 0.976594 0.328704 0.328704 0.328704
6399.198730 0.000000 599.863831 0.000000 0.523122 0.000000 0.852258 0.334889 0.334889 0.334889
6389.819336 0.000000 573.469482 0.000000 0.527860 0.000000 0.849331 0.334306 0.334306 0.334306
6346.945312 0.000000 564.989868 0.000000 0.015847 0.000000 0.999874 0.320584 0.320584 0.320584
6384.299805 0.000000 600.990234 0.000000 0.500903 0.000000 0.865503 0.333592 0.333592 0.333592
6339.098633 0.000000 582.967773 0.000000 0.535333 0.000000 0.844641 0.333871 0.333871 0.333871
6397.805664 0.000000 600.490173 0.000000 0.265663 0.000000 0.964066 0.329466 0.329466 0.329466
6345.120117 0.000000 589.118713 0.000000 0.306595 0.000000 0.951840 0.329095 0.329095 0.329095
6337.465820 0.000000 569.403198 0.000000 0.404139 0.000000 0.914698 0.329113 0.329113 0.329113
6356.915039 0.000000 572.565674 0.000000 0.175777 0.000000 0.984430 0.326916 0.326916 0.326916
6393.621582 0.000000 597.734497 0.000000 0.525927 0.000000 0.850529 0.332849 0.332849 0.332849
6347.304199 0.000000 582.640076 0.000000 0.176045 0.000000 0.984382 0.321805 0.321805 0.321805
6341.635742 0.000000 575.221802 0.000000 0.541538 0.000000 0.840676 0.331503 0.331503 0.331503
6400.164062 0.000000 508.214081 0.000000 0.484801 0.000000 0.874625 0.335953 0.335953 0.335953
6405.188477 0.000000 494.615082 0.000000 0.523903 0.000000 0.851778 0.335659 0.335659 0.335659
6405.476562 0.000000 503.153229 0.000000 0.241855 0.000000 0.970312 0.330991 0.330991 0.330991
6400.003906 0.000000 493.954926 0.000000 0.384131 0.000000 0.923279 0.329696 0.329696 0.329696
6418.409180 0.000000 536.768921 0.000000 0.363326 0.000000 0.931662 0.335490 0.335490 0.335490
6422.302246 0.000000 513.413452 0.000000 0.565835 0.000000 0.824519 0.338523 0.338523 0.338523
6402.492188 0.000000 511.948975 0.000000 0.047897 0.000000 0.998852 0.331038 0.331038 0.331038
6406.927734 0.000000 514.706787 0.000000 0.076446 0.000000 0.997074 0.330676 0.330676 0.330676
6418.112793 0.000000 534.550964 0.000000 0.283893 0.000000 0.958856 0.333185 0.333185 0.333185
6404.679688 0.000000 522.595703 0.000000 0.580538 0.000000 0.814233 0.333581 0.333581 0.333581
6414.008789 0.000000 528.104431 0.000000 0.011451 0.000000 0.999934 0.325815 0.325815 0.325815
6406.215332 0.000000 524.512756 0.000000 0.517025 0.000000 0.855970 0.333212 0.333212 0.333212
6416.782227 0.000000 510.068390 0.000000 0.011753 0.000000 0.999931 0.326909 0.326909 0.326909
6412.302734 0.000000 528.757812 0.000000 0.191089 0.000000 0.981573 0.326873 0.326873 0.326873
6415.744141 0.000000 519.319702 0.000000 0.185231 0.000000 0.982695 0.326168 0.326168 0.326168
6400.951172 0.000000 522.594543 0.000000 0.082983 0.000000 0.996551 0.323026 0.323026 0.323026
6403.273438 0.000000 533.192627 0.000000 0.561237 0.000000 0.827655 0.330705 0.330705 0.330705
6407.944824 0.000000 536.297729 0.000000 0.203560 0.000000 0.979062 0.324699 0.324699 0.324699
6406.455566 0.000000 536.264587 0.000000 0.430040 0.000000 0.902810 0.329137 0.329137 0.329137
6406.676758 0.000000 533.609558 0.000000 0.477976 0.000000 0.878373 0.330649 0.330649 0.330649
6408.040039 0.000000 533.603210 0.000000 0.521471 0.000000 0.853269 0.331109 0.331109 0.331109
6404.728516 0.000000 528.605652 0.000000 0.537380 0.000000 0.843340 0.330359 0.330359 0.330359
6415.627930 0.000000 532.109192 0.000000 0.015077 0.000000 0.999886 0.322405 0.322405 0.322405
6401.854492 0.000000 523.802795 0.000000 0.473965 0.000000 0.880544 0.330473 0.330473 0.330473
6431.085938 0.000000 572.472595 0.000000 0.302438 0.000000 0.953169 0.334046 0.334046 0.334046
6420.471191 0.000000 586.669312 0.000000 0.057801 0.000000 0.998328 0.328517 0.328517 0.328517
6411.567871 0.000000 604.997070 0.000000 0.290572 0.000000 0.956853 0.331158 0.331158 0.331158
6404.386230 0.000000 575.260742 0.000000 0.350275 0.000000 0.936647 0.328220 0.328220 0.328220
6415.288574 0.000000 579.381714 0.000000 0.550721 0.000000 0.834689 0.335977 0.335977 0.335977
6414.853027 0.000000 581.745544 0.000000 0.290363 0.000000 0.956917 0.332325 0.332325 0.332325
6416.782227 0.000000 566.552734 0.000000 0.005377 0.000000 0.999986 0.324011 0.324011 0.324011
6421.555664 0.000000 580.609497 0.000000 0.323862 0.000000 0.946104 0.331186 0.331186 0.331186
6422.760742 0.000000 574.048157 0.000000 0.247247 0.000000 0.968953 0.322991 0.322991 0.322991
6403.807617 0.000000 572.645569 0.000000 0.156472 0.000000 0.987682 0.320539 0.320539 0.320539
6417.197754 0.000000 571.636841 0.000000 0.473922 0.000000 0.880567 0.326001 0.326001 0.326001
6419.159180 0.000000 585.063293 0.000000 0.470450 0.000000 0.882427 0.332667 0.332667 0.332667
6408.235840 0.000000 572.226379 0.000000 0.412509 0.000000 0.910954 0.324875 0.324875 0.324875
6413.010254 0.000000 598.867981 0.000000 0.463930 0.000000 0.885872 0.332787 0.332787 0.332787
6404.025391 0.000000 569.069092 0.000000 0.440105 0.000000 0.897946 0.331195 0.331195 0.331195
6409.760254 0.000000 573.545471 0.000000 0.136225 0.000000 0.990678 0.318546 0.318546 0.318546
6417.973633 0.000000 579.765137 0.000000 0.311846 0.000000 0.950133 0.329625 0.329625 0.329625
6411.164062 0.000000 601.398865 0.000000 0.217086 0.000000 0.976153 0.328204 0.328204 0.328204
6409.455566 0.000000 569.610779 0.000000 0.117043 0.000000 0.993127 0.321297 0.321297 0.321297
6408.825684 0.000000 599.352844 0.000000 0.460942 0.000000 0.887430 0.333067 0.333067 0.333067
6407.681641 0.000000 603.761841 0.000000 0.220197 0.000000 0.975455 0.329022 0.329022 0.329022
6418.551758 0.000000 576.736328 0.000000 0.332609 0.000000 0.943065 0.324977 0.324977 0.324977
6406.925293 0.000000 572.940979 0.000000 0.525317 0.000000 0.850906 0.327324 0.327324 0.327324
6423.808105 0.000000 569.677490 0.000000 0.339318 0.000000 0.940672 0.325175 0.325175 0.325175
6408.166504 0.000000 570.428406 0.000000 0.080840 0.000000 0.996727 0.316803 0.316803 0.316803
6417.384766 0.000000 596.049133 0.000000 0.529734 0.000000 0.848164 0.333500 0.333500 0.333500
6416.411621 0.000000 569.238281 0.000000 0.034685 0.000000 0.999398 0.316645 0.316645 0.316645
6419.060547 0.000000 592.054321 0.000000 0.385825 0.000000 0.922572 0.330652 0.330652 0.330652
6420.915039 0.000000 572.565674 0.000000 0.086366 0.000000 0.996263 0.316927 0.316927 0.316927
6403.130371 0.000000 575.162964 0.000000 0.019987 0.000000 0.999800 0.322627 0.322627 0.322627
6167.538086 0.000000 1335.427490 0.000000 0.461666 0.000000 0.887054 0.336988 0.336988 0.336988
6201.786621 0.000000 1303.665405 0.000000 0.123790 0.000000 0.992308 0.332429 0.332429 0.332429
6197.811523 0.000000 1340.439697 0.000000 0.222047 0.000000 0.975036 0.333641 0.333641 0.333641
6153.939941 0.000000 1314.429077 0.000000 0.301984 0.000000 0.953313 0.333985 0.333985 0.333985
6162.867188 0.000000 1342.104492 0.000000 0.444827 0.000000 0.895617 0.336472 0.336472 0.336472
6183.443848 0.000000 1310.430054 0.000000 0.342993 0.000000 0.939338 0.334854 0.334854 0.334854
6165.436035 0.000000 1350.438599 0.000000 0.312685 0.000000 0.949857 0.334237 0.334237 0.334237
6186.549316 0.000000 1310.251953 0.000000 0.397972 0.000000 0.917397 0.334827 0.334827 0.334827
6200.357422 0.000000 1307.487549 0.000000 0.444102 0.000000 0.895976 0.335298 0.335298 0.335298
6178.441895 0.000000 1333.104004 0.000000 0.447461 0.000000 0.894304 0.334767 0.334767 0.334767
6178.794434 0.000000 1337.400146 0.000000 0.009544 0.000000 0.999954 0.329605 0.329605 0.329605
6177.651855 0.000000 1335.338135 0.000000 0.375916 0.000000 0.926654 0.332650 0.332650 0.332650
6177.615234 0.000000 1353.236328 0.000000 0.375253 0.000000 0.926922 0.332951 0.332951 0.332951
6155.567871 0.000000 1339.293945 0.000000 0.219361 0.000000 0.975644 0.330070 0.330070 0.330070
6161.646484 0.000000 1318.465454 0.000000 0.488008 0.000000 0.872839 0.334796 0.334796 0.334796
6166.347168 0.000000 1321.784302 0.000000 0.355713 0.000000 0.934595 0.328641 0.328641 0.328641
6194.737793 0.000000 1332.638306 0.000000 0.409589 0.000000 0.912270 0.329573 0.329573 0.329573
6183.873535 0.000000 1335.928101 0.000000 0.563646 0.000000 0.826017 0.336156 0.336156 0.336156
6187.631348 0.000000 1342.690552 0.000000 0.237094 0.000000 0.971487 0.330455 0.330455 0.330455
6168.941406 0.000000 1349.368286 0.000000 0.181387 0.000000 0.983412 0.323795 0.323795 0.323795
6171.848633 0.000000 1352.799805 0.000000 0.418728 0.000000 0.908112 0.329154 0.329154 0.329154
6148.483398 0.000000 1333.570435 0.000000 0.162218 0.000000 0.986755 0.327119 0.327119 0.327119
6171.020508 0.000000 1347.348877 0.000000 0.216472 0.000000 0.976289 0.329849 0.329849 0.329849
6188.260742 0.000000 1340.073975 0.000000 0.508684 0.000000 0.860953 0.332011 0.332011 0.332011
6167.098145 0.000000 1318.155029 0.000000 0.155546 0.000000 0.987829 0.327380 0.327380 0.327380
6165.261719 0.000000 1346.301514 0.000000 0.392128 0.000000 0.919910 0.332295 0.332295 0.332295
6194.026855 0.000000 1335.224854 0.000000 0.188587 0.000000 0.982057 0.324416 0.324416 0.324416
6188.225586 0.000000 1345.375000 0.000000 0.563761 0.000000 0.825938 0.332464 0.332464 0.332464
6169.687012 0.000000 1328.721680 0.000000 0.421804 0.000000 0.906687 0.329960 0.329960 0.329960
6145.603027 0.000000 1333.093994 0.000000 0.550942 0.000000 0.834543 0.333177 0.333177 0.333177
6191.812988 0.000000 1331.245117 0.000000 0.362288 0.000000 0.932066 0.329500 0.329500 0.329500
6167.490234 0.000000 1324.588013 0.000000 0.489362 0.000000 0.872081 0.332041 0.332041 0.332041
6165.697754 0.000000 1320.623169 0.000000 0.409193 0.000000 0.912448 0.328209 0.328209 0.328209
6164.351074 0.000000 1322.205078 0.000000 0.524942 0.000000 0.851138 0.331718 0.331718 0.331718
6245.084961 0.000000 1313.938232 0.000000 0.322236 0.000000 0.946659 0.335667 0.335667 0.335667
6208.073242 0.000000 1337.702148 0.000000 0.510892 0.000000 0.859645 0.337706 0.337706 0.337706
6242.139648 0.000000 1300.866943 0.000000 0.501117 0.000000 0.865380 0.337160 0.337160 0.337160
6250.699707 0.000000 1339.519409 0.000000 0.381095 0.000000 0.924536 0.334742 0.334742 0.334742
6253.660156 0.000000 1331.090942 0.000000 0.054249 0.000000 0.998527 0.329196 0.329196 0.329196
6313.764648 0.000000 1270.980469 0.000000 0.028834 0.000000 0.999584 0.331070 0.331070 0.331070
6319.221680 0.000000 1275.954834 0.000000 0.267517 0.000000 0.963553 0.331541 0.331541 0.331541
6332.605469 0.000000 1274.582886 0.000000 0.366339 0.000000 0.930481 0.333544 0.333544 0.333544
6324.288574 0.000000 1263.486328 0.000000 0.526743 0.000000 0.850024 0.331978 0.331978 0.331978
6327.633301 0.000000 1261.374146 0.000000 0.519261 0.000000 0.854616 0.333613 0.333613 0.333613
6323.232422 0.000000 1262.010132 0.000000 0.380664 0.000000 0.924713 0.330147 0.330147 0.330147
6321.404785 0.000000 1262.114380 0.000000 0.355343 0.000000 0.934736 0.331958 0.331958 0.331958
6320.528809 0.000000 1263.537231 0.000000 0.034574 0.000000 0.999402 0.327046 0.327046 0.327046
6329.763184 0.000000 1263.671875 0.000000 0.288613 0.000000 0.957446 0.326214 0.326214 0.326214
6332.606934 0.000000 1260.511353 0.000000 0.045933 0.000000 0.998945 0.326683 0.326683 0.326683
6328.549805 0.000000 1264.632080 0.000000 0.508845 0.000000 0.860858 0.330429 0.330429 0.330429
6293.588379 0.000000 1261.200928 0.000000 0.306101 0.000000 0.951999 0.326555 0.326555 0.326555
6335.335449 0.000000 1268.885620 0.000000 0.068804 0.000000 0.997630 0.324605 0.324605 0.324605
6295.267578 0.000000 1256.858276 0.000000 0.301052 0.000000 0.953608 0.322864 0.322864 0.322864
6383.152344 0.000000 1288.126953 0.000000 0.582473 0.000000 0.812850 0.338307 0.338307 0.338307
6374.643555 0.000000 1294.358398 0.000000 0.339180 0.000000 0.940721 0.335125 0.335125 0.335125
6359.871582 0.000000 1282.137329 0.000000 0.069958 0.000000 0.997550 0.330920 0.330920 0.330920
6372.101074 0.000000 1290.517578 0.000000 0.129537 0.000000 0.991575 0.330988 0.330988 0.330988
6357.228027 0.000000 1280.561401 0.000000 0.112982 0.000000 0.993597 0.331660 0.331660 0.331660
6374.885742 0.000000 1286.817993 0.000000 0.316144 0.000000 0.948711 0.334228 0.334228 0.334228
6337.729980 0.000000 1275.248535 0.000000 0.493643 0.000000 0.869664 0.335718 0.335718 0.335718
6288.913574 0.000000 1331.710693 0.000000 0.004910 0.000000 0.999988 0.331118 0.331118 0.331118
6301.075684 0.000000 1351.540771 0.000000 0.274892 0.000000 0.961475 0.334247 0.334247 0.334247
6293.175293 0.000000 1334.358643 0.000000 0.502332 0.000000 0.864675 0.336401 0.336401 0.336401
6292.586426 0.000000 1338.444580 0.000000 0.522070 0.000000 0.852903 0.332818 0.332818 0.332818
6386.569336 0.000000 1355.114380 0.000000 0.446810 0.000000 0.894629 0.336935 0.336935 0.336935
6378.064453 0.000000 1350.464478 0.000000 0.475147 0.000000 0.879906 0.337217 0.337217 0.337217
6370.997070 0.000000 1355.104004 0.000000 0.174179 0.000000 0.984714 0.333414 0.333414 0.333414
6388.340820 0.000000 1299.476685 0.000000 0.524673 0.000000 0.851304 0.337052 0.337052 0.337052
6388.503418 0.000000 1353.558228 0.000000 0.322257 0.000000 0.946652 0.334201 0.334201 0.334201
6396.605469 0.000000 1331.067261 0.000000 0.409291 0.000000 0.912404 0.334989 0.334989 0.334989
6392.956055 0.000000 1324.556396 0.000000 0.199323 0.000000 0.979934 0.332042 0.332042 0.332042
6400.315430 0.000000 1325.566162 0.000000 0.280750 0.000000 0.959781 0.335221 0.335221 0.335221
6200.851562 0.000000 1387.237427 0.000000 0.504331 0.000000 0.863510 0.337797 0.337797 0.337797
6170.132812 0.000000 1390.076782 0.000000 0.534943 0.000000 0.844888 0.337689 0.337689 0.337689
6202.988770 0.000000 1389.259033 0.000000 0.113817 0.000000 0.993502 0.331225 0.331225 0.331225
6189.602051 0.000000 1395.549927 0.000000 0.149422 0.000000 0.988774 0.331564 0.331564 0.331564
6190.915039 0.000000 1364.710815 0.000000 0.460016 0.000000 0.887910 0.334627 0.334627 0.334627
6204.870605 0.000000 1363.017456 0.000000 0.184267 0.000000 0.982876 0.328209 0.328209 0.328209
6181.990723 0.000000 1392.262329 0.000000 0.396685 0.000000 0.917955 0.333844 0.333844 0.333844
6147.196289 0.000000 1401.375488 0.000000 0.314630 0.000000 0.949215 0.332022 0.332022 0.332022
6207.180664 0.000000 1361.726440 0.000000 0.145588 0.000000 0.989345 0.328775 0.328775 0.328775
6174.747070 0.000000 1357.213013 0.000000 0.006425 0.000000 0.999979 0.325600 0.325600 0.325600
6191.139160 0.000000 1369.543213 0.000000 0.455140 0.000000 0.890420 0.332390 0.332390 0.332390
6206.061523 0.000000 1363.813110 0.000000 0.006634 0.000000 0.999978 0.324715 0.324715 0.324715
6262.117188 0.000000 1362.646362 0.000000 0.116901 0.000000 0.993144 0.333170 0.333170 0.333170
6270.112305 0.000000 1399.543701 0.000000 0.542917 0.000000 0.839786 0.338328 0.338328 0.338328
6234.844238 0.000000 1357.342529 0.000000 0.173767 0.000000 0.984787 0.333104 0.333104 0.333104
6220.652344 0.000000 1381.051880 0.000000 0.499628 0.000000 0.866240 0.337505 0.337505 0.337505
6242.139648 0.000000 1357.351318 0.000000 0.447080 0.000000 0.894494 0.336454 0.336454 0.336454
6267.742676 0.000000 1393.302002 0.000000 0.301055 0.000000 0.953607 0.334359 0.334359 0.334359
6267.669434 0.000000 1375.329834 0.000000 0.564111 0.000000 0.825699 0.337692 0.337692 0.337692
6215.290527 0.000000 1390.297363 0.000000 0.413874 0.000000 0.910334 0.335454 0.335454 0.335454
6210.873047 0.000000 1381.915283 0.000000 0.391437 0.000000 0.920205 0.334887 0.334887 0.334887
6224.003418 0.000000 1382.927734 0.000000 0.371213 0.000000 0.928548 0.333356 0.333356 0.333356
6265.397461 0.000000 1393.775269 0.000000 0.573624 0.000000 0.819118 0.337084 0.337084 0.337084
6221.917480 0.000000 1387.071167 0.000000 0.483715 0.000000 0.875226 0.335797 0.335797 0.335797
6260.127930 0.000000 1373.507446 0.000000 0.495870 0.000000 0.868397 0.334466 0.334466 0.334466
6208.164062 0.000000 1411.964111 0.000000 0.509232 0.000000 0.860629 0.335328 0.335328 0.335328
6267.533691 0.000000 1361.199829 0.000000 0.526567 0.000000 0.850133 0.332995 0.332995 0.332995
6269.973633 0.000000 1359.600220 0.000000 0.488443 0.000000 0.872596 0.331977 0.331977 0.331977
6265.763184 0.000000 1376.640625 0.000000 0.057595 0.000000 0.998340 0.327390 0.327390 0.327390
6268.446777 0.000000 1359.882935 0.000000 0.583391 0.000000 0.812192 0.333890 0.333890 0.333890
6262.872070 0.000000 1376.010376 0.000000 0.249138 0.000000 0.968468 0.327180 0.327180 0.327180
6269.398438 0.000000 1357.486816 0.000000 0.566560 0.000000 0.824020 0.331594 0.331594 0.331594
6263.306152 0.000000 1377.448608 0.000000 0.380941 0.000000 0.924600 0.329585 0.329585 0.329585
6185.396484 0.000000 1425.868286 0.000000 0.179871 0.000000 0.983690 0.333179 0.333179 0.333179
6203.875488 0.000000 1426.315552 0.000000 0.544776 0.000000 0.838582 0.337832 0.337832 0.337832
6187.534668 0.000000 1428.099121 0.000000 0.199620 0.000000 0.979873 0.333243 0.333243 0.333243
6159.571289 0.000000 1418.721924 0.000000 0.493828 0.000000 0.869560 0.336181 0.336181 0.336181
6175.429199 0.000000 1436.037476 0.000000 0.437955 0.000000 0.898997 0.328616 0.328616 0.328616
6187.779785 0.000000 1417.090820 0.000000 0.579627 0.000000 0.814882 0.336267 0.336267 0.336267
6177.168457 0.000000 1432.401611 0.000000 0.226564 0.000000 0.973996 0.327481 0.327481 0.327481
6175.070801 0.000000 1432.766602 0.000000 0.527403 0.000000 0.849615 0.334298 0.334298 0.334298
6161.981934 0.000000 1442.021606 0.000000 0.050597 0.000000 0.998719 0.323965 0.323965 0.323965
6159.615723 0.000000 1440.863770 0.000000 0.068461 0.000000 0.997654 0.321712 0.321712 0.321712
6167.405273 0.000000 1441.478516 0.000000 0.328661 0.000000 0.944448 0.329265 0.329265 0.329265
6164.957031 0.000000 1440.270386 0.000000 0.022509 0.000000 0.999747 0.324566 0.324566 0.324566
6166.790527 0.000000 1438.638184 0.000000 0.214659 0.000000 0.976689 0.324436 0.324436 0.324436
6167.879395 0.000000 1439.722412 0.000000 0.432402 0.000000 0.901681 0.328792 0.328792 0.328792
6230.343750 0.000000 1429.501587 0.000000 0.566904 0.000000 0.823784 0.338115 0.338115 0.338115
6254.630859 0.000000 1435.885986 0.000000 0.030335 0.000000 0.999540 0.329809 0.329809 0.329809
6264.373535 0.000000 1412.247803 0.000000 0.446541 0.000000 0.894763 0.334075 0.334075 0.334075
6217.640137 0.000000 1445.336426 0.000000 0.099396 0.000000 0.995048 0.330974 0.330974 0.330974
6259.156250 0.000000 1426.182495 0.000000 0.411683 0.000000 0.911327 0.331367 0.331367 0.331367
6218.587402 0.000000 1425.389648 0.000000 0.428332 0.000000 0.903621 0.332996 0.332996 0.332996
6267.533691 0.000000 1417.684204 0.000000 0.557558 0.000000 0.830138 0.335281 0.335281 0.335281
6260.201660 0.000000 1419.057373 0.000000 0.063192 0.000000 0.998001 0.324247 0.324247 0.324247
6265.789062 0.000000 1431.471191 0.000000 0.188666 0.000000 0.982041 0.328279 0.328279 0.328279
6267.459473 0.000000 1421.469482 0.000000 0.579596 0.000000 0.814904 0.330898 0.330898 0.330898
6264.123047 0.000000 1415.452881 0.000000 0.126890 0.000000 0.991917 0.328746 0.328746 0.328746
6253.502441 0.000000 1434.470215 0.000000 0.209225 0.000000 0.977868 0.329679 0.329679 0.329679
6266.962891 0.000000 1430.248047 0.000000 0.313582 0.000000 0.949561 0.331022 0.331022 0.331022
6262.224609 0.000000 1427.288086 0.000000 0.301447 0.000000 0.953483 0.326630 0.326630 0.326630
6224.717773 0.000000 1424.446533 0.000000 0.343569 0.000000 0.939128 0.330437 0.330437 0.330437
6251.594727 0.000000 1434.509155 0.000000 0.530743 0.000000 0.847533 0.333652 0.333652 0.333652
6261.702637 0.000000 1429.946289 0.000000 0.196508 0.000000 0.980502 0.327685 0.327685 0.327685
6266.349609 0.000000 1418.384766 0.000000 0.503745 0.000000 0.863853 0.331957 0.331957 0.331957
6264.881836 0.000000 1423.632812 0.000000 0.403042 0.000000 0.915181 0.328991 0.328991 0.328991
6285.467773 0.000000 1371.180298 0.000000 0.087105 0.000000 0.996199 0.333148 0.333148 0.333148
6281.453613 0.000000 1361.944336 0.000000 0.159265 0.000000 0.987236 0.333912 0.333912 0.333912
6294.797363 0.000000 1356.599609 0.000000 0.544973 0.000000 0.838454 0.338530 0.338530 0.338530
6306.074219 0.000000 1361.144775 0.000000 0.444362 0.000000 0.895847 0.337096 0.337096 0.337096
6279.290527 0.000000 1398.470093 0.000000 0.433159 0.000000 0.901317 0.336314 0.336314 0.336314
6280.260254 0.000000 1364.630615 0.000000 0.151621 0.000000 0.988439 0.332522 0.332522 0.332522
6275.898438 0.000000 1408.381592 0.000000 0.290641 0.000000 0.956832 0.333054 0.333054 0.333054
6314.452148 0.000000 1390.559082 0.000000 0.582000 0.000000 0.813189 0.337097 0.337097 0.337097
6317.452148 0.000000 1384.194824 0.000000 0.051057 0.000000 0.998696 0.329085 0.329085 0.329085
6279.626953 0.000000 1401.975220 0.000000 0.457647 0.000000 0.889134 0.334972 0.334972 0.334972
6295.931152 0.000000 1407.342285 0.000000 0.346820 0.000000 0.937932 0.334373 0.334373 0.334373
6277.188477 0.000000 1398.365112 0.000000 0.437131 0.000000 0.899398 0.333729 0.333729 0.333729
6295.989746 0.000000 1368.654785 0.000000 0.491349 0.000000 0.870963 0.334897 0.334897 0.334897
6273.798828 0.000000 1405.564087 0.000000 0.363410 0.000000 0.931629 0.331772 0.331772 0.331772
6321.077637 0.000000 1388.012939 0.000000 0.560815 0.000000 0.827941 0.335724 0.335724 0.335724
6322.491699 0.000000 1379.265259 0.000000 0.080187 0.000000 0.996780 0.327273 0.327273 0.327273
6321.818848 0.000000 1382.372681 0.000000 0.115136 0.000000 0.993350 0.322594 0.322594 0.322594
6321.665527 0.000000 1384.387573 0.000000 0.222259 0.000000 0.974988 0.325113 0.325113 0.325113
6292.110352 0.000000 1369.262817 0.000000 0.083198 0.000000 0.996533 0.329009 0.329009 0.329009
6278.483887 0.000000 1374.557373 0.000000 0.494601 0.000000 0.869120 0.333524 0.333524 0.333524
6275.196289 0.000000 1401.375488 0.000000 0.175357 0.000000 0.984505 0.327274 0.327274 0.327274
6293.555664 0.000000 1371.390747 0.000000 0.303782 0.000000 0.952742 0.327778 0.327778 0.327778
6277.138184 0.000000 1371.060303 0.000000 0.326395 0.000000 0.945234 0.328414 0.328414 0.328414
6377.896973 0.000000 1355.653320 0.000000 0.546087 0.000000 0.837728 0.337634 0.337634 0.337634
6290.853027 0.000000 1448.716797 0.000000 0.542250 0.000000 0.840217 0.338405 0.338405 0.338405
6301.587891 0.000000 1431.777100 0.000000 0.213729 0.000000 0.976893 0.332649 0.332649 0.332649
6294.697754 0.000000 1458.628052 0.000000 0.035849 0.000000 0.999357 0.330083 0.330083 0.330083
6303.885254 0.000000 1431.299438 0.000000 0.428553 0.000000 0.903517 0.333689 0.333689 0.333689
6305.556152 0.000000 1438.783691 0.000000 0.114983 0.000000 0.993367 0.328633 0.328633 0.328633
6293.837891 0.000000 1457.056641 0.000000 0.043651 0.000000 0.999047 0.328049 0.328049 0.328049
6299.789062 0.000000 1447.289062 0.000000 0.145526 0.000000 0.989354 0.328587 0.328587 0.328587
6294.173340 0.000000 1451.450928 0.000000 0.089652 0.000000 0.995973 0.326512 0.326512 0.326512
6211.716309 0.000000 1509.699951 0.000000 0.215032 0.000000 0.976607 0.334560 0.334560 0.334560
4892.530762 0.000000 2075.112549 0.000000 0.532737 0.000000 0.846281 0.334219 0.334219 0.334219
4892.971191 0.000000 2078.750244 0.000000 0.375974 0.000000 0.926630 0.332651 0.332651 0.332651
4897.198730 0.000000 2068.288574 0.000000 0.301865 0.000000 0.953351 0.328295 0.328295 0.328295
4529.098145 0.000000 2612.657227 0.000000 0.015564 0.000000 0.999879 0.330159 0.330159 0.330159
4540.546387 0.000000 2626.220947 0.000000 0.577993 0.000000 0.816042 0.337155 0.337155 0.337155
4535.657227 0.000000 2638.655029 0.000000 0.506400 0.000000 0.862299 0.331420 0.331420 0.331420
4529.818848 0.000000 2625.029053 0.000000 0.561509 0.000000 0.827470 0.335821 0.335821 0.335821
4536.776367 0.000000 2625.124512 0.000000 0.367262 0.000000 0.930117 0.327764 0.327764 0.327764
4528.498535 0.000000 2631.833984 0.000000 0.040144 0.000000 0.999194 0.320910 0.320910 0.320910
4592.015137 0.000000 2626.062744 0.000000 0.282571 0.000000 0.959247 0.333896 0.333896 0.333896
4555.713867 0.000000 2636.284424 0.000000 0.472114 0.000000 0.881537 0.336045 0.336045 0.336045
4595.409180 0.000000 2623.767578 0.000000 0.172894 0.000000 0.984941 0.331933 0.331933 0.331933
4561.307129 0.000000 2609.227051 0.000000 0.013559 0.000000 0.999908 0.329521 0.329521 0.329521
4576.249023 0.000000 2626.656982 0.000000 0.432557 0.000000 0.901606 0.334097 0.334097 0.334097
4548.386230 0.000000 2608.698242 0.000000 0.074475 0.000000 0.997223 0.323917 0.323917 0.323917
4597.193359 0.000000 2637.616211 0.000000 0.551260 0.000000 0.834333 0.331502 0.331502 0.331502
4562.017090 0.000000 2622.065918 0.000000 0.024730 0.000000 0.999694 0.327574 0.327574 0.327574
4594.737793 0.000000 2631.778809 0.000000 0.116521 0.000000 0.993188 0.322367 0.322367 0.322367
4564.110352 0.000000 2611.918945 0.000000 0.092129 0.000000 0.995747 0.320156 0.320156 0.320156
4603.123047 0.000000 2637.707520 0.000000 0.396373 0.000000 0.918090 0.333331 0.333331 0.333331
4572.327637 0.000000 2626.099854 0.000000 0.532977 0.000000 0.846130 0.330213 0.330213 0.330213
4593.177734 0.000000 2639.894531 0.000000 0.097768 0.000000 0.995209 0.326320 0.326320 0.326320
4599.086426 0.000000 2634.897461 0.000000 0.067033 0.000000 0.997751 0.324313 0.324313 0.324313
4582.039062 0.000000 2616.383057 0.000000 0.275616 0.000000 0.961268 0.330927 0.330927 0.330927
4577.168457 0.000000 2618.573486 0.000000 0.194172 0.000000 0.980967 0.325423 0.325423 0.325423
4588.260742 0.000000 2639.214600 0.000000 0.473493 0.000000 0.880798 0.331828 0.331828 0.331828
4578.717285 0.000000 2623.644287 0.000000 0.410145 0.000000 0.912020 0.325219 0.325219 0.325219
4583.006836 0.000000 2617.685059 0.000000 0.509638 0.000000 0.860389 0.334701 0.334701 0.334701
4556.826172 0.000000 2637.467285 0.000000 0.035144 0.000000 0.999382 0.320547 0.320547 0.320547
4592.720703 0.000000 2628.324951 0.000000 0.089889 0.000000 0.995952 0.317006 0.317006 0.317006
4562.551758 0.000000 2610.173828 0.000000 0.305244 0.000000 0.952274 0.321912 0.321912 0.321912
4572.560059 0.000000 2627.557617 0.000000 0.575548 0.000000 0.817768 0.331217 0.331217 0.331217
4592.418945 0.000000 2624.557861 0.000000 0.586090 0.000000 0.810246 0.330645 0.330645 0.330645
4551.009277 0.000000 2619.921143 0.000000 0.501148 0.000000 0.865362 0.328295 0.328295 0.328295
4582.902344 0.000000 2626.886963 0.000000 0.212486 0.000000 0.977164 0.320601 0.320601 0.320601
4605.635254 0.000000 2626.903320 0.000000 0.539464 0.000000 0.842008 0.332113 0.332113 0.332113
4559.086426 0.000000 2635.816650 0.000000 0.058278 0.000000 0.998300 0.320594 0.320594 0.320594
4640.505859 0.000000 2642.938965 0.000000 0.274622 0.000000 0.961552 0.332832 0.332832 0.332832
4638.384766 0.000000 2639.875977 0.000000 0.536076 0.000000 0.844170 0.332656 0.332656 0.332656
4608.036621 0.000000 2643.308594 0.000000 0.037472 0.000000 0.999298 0.319854 0.319854 0.319854
4626.752930 0.000000 2644.635498 0.000000 0.494228 0.000000 0.869332 0.327117 0.327117 0.327117
4625.435547 0.000000 2642.195312 0.000000 0.382110 0.000000 0.924117 0.323736 0.323736 0.323736
4623.300293 0.000000 2641.369385 0.000000 0.035103 0.000000 0.999384 0.315782 0.315782 0.315782
4639.835449 0.000000 2647.478760 0.000000 0.505743 0.000000 0.862684 0.327406 0.327406 0.327406
4616.459473 0.000000 2640.842285 0.000000 0.101627 0.000000 0.994823 0.317268 0.317268 0.317268
4839.815430 0.000000 2664.319336 0.000000 0.449608 0.000000 0.893226 0.334076 0.334076 0.334076
4910.915039 0.000000 2663.851318 0.000000 0.009702 0.000000 0.999953 0.326811 0.326811 0.326811
4914.636719 0.000000 2665.219971 0.000000 0.215737 0.000000 0.976452 0.328300 0.328300 0.328300
4881.982910 0.000000 2658.019287 0.000000 0.138186 0.000000 0.990406 0.318089 0.318089 0.318089
4899.805176 0.000000 2673.679932 0.000000 0.292146 0.000000 0.956374 0.329400 0.329400 0.329400
4893.993164 0.000000 2669.563477 0.000000 0.175459 0.000000 0.984487 0.325509 0.325509 0.325509
4903.006836 0.000000 2674.169434 0.000000 0.205734 0.000000 0.978608 0.325634 0.325634 0.325634
4885.721191 0.000000 2666.938477 0.000000 0.307092 0.000000 0.951680 0.321955 0.321955 0.321955
4903.927246 0.000000 2667.939697 0.000000 0.289561 0.000000 0.957159 0.322717 0.322717 0.322717
4864.951172 0.000000 2669.000732 0.000000 0.572484 0.000000 0.819916 0.335175 0.335175 0.335175
4891.648926 0.000000 2662.199219 0.000000 0.349784 0.000000 0.936831 0.322962 0.322962 0.322962
4890.808105 0.000000 2671.771484 0.000000 0.117733 0.000000 0.993045 0.325309 0.325309 0.325309
4901.195312 0.000000 2663.357910 0.000000 0.029969 0.000000 0.999551 0.322130 0.322130 0.322130
4901.641113 0.000000 2661.892090 0.000000 0.413701 0.000000 0.910413 0.330053 0.330053 0.330053
4891.985840 0.000000 2665.523682 0.000000 0.208247 0.000000 0.978076 0.323183 0.323183 0.323183
4899.134277 0.000000 2672.067139 0.000000 0.529469 0.000000 0.848329 0.333628 0.333628 0.333628
4880.411621 0.000000 2659.160156 0.000000 0.118066 0.000000 0.993006 0.317637 0.317637 0.317637
4903.477539 0.000000 2660.023438 0.000000 0.061758 0.000000 0.998091 0.320201 0.320201 0.320201
4884.947754 0.000000 2669.395264 0.000000 0.308457 0.000000 0.951238 0.321987 0.321987 0.321987
4902.330078 0.000000 2669.113770 0.000000 0.271975 0.000000 0.962304 0.327476 0.327476 0.327476
4904.130371 0.000000 2670.838135 0.000000 0.518662 0.000000 0.854979 0.330017 0.330017 0.330017
4907.927246 0.000000 2669.610596 0.000000 0.170103 0.000000 0.985426 0.320521 0.320521 0.320521
4932.061523 0.000000 2670.975342 0.000000 0.330539 0.000000 0.943792 0.334528 0.334528 0.334528
4944.764160 0.000000 2670.717529 0.000000 0.251578 0.000000 0.967837 0.332687 0.332687 0.332687
4988.546387 0.000000 2682.705322 0.000000 0.324015 0.000000 0.946052 0.333466 0.333466 0.333466
4959.429199 0.000000 2678.693848 0.000000 0.579268 0.000000 0.815137 0.328766 0.328766 0.328766
4939.631836 0.000000 2671.281982 0.000000 0.522368 0.000000 0.852720 0.333493 0.333493 0.333493
4964.267090 0.000000 2679.656250 0.000000 0.225599 0.000000 0.974220 0.331045 0.331045 0.331045
4942.853027 0.000000 2671.667480 0.000000 0.309242 0.000000 0.950984 0.330678 0.330678 0.330678
4936.084473 0.000000 2670.400635 0.000000 0.271689 0.000000 0.962385 0.328773 0.328773 0.328773
4962.022949 0.000000 2676.801270 0.000000 0.579000 0.000000 0.815327 0.328759 0.328759 0.328759
4945.241211 0.000000 2672.396973 0.000000 0.472512 0.000000 0.881324 0.334448 0.334448 0.334448
4958.555664 0.000000 2677.103027 0.000000 0.136622 0.000000 0.990623 0.323190 0.323190 0.323190
4961.168457 0.000000 2675.057861 0.000000 0.446863 0.000000 0.894603 0.331322 0.331322 0.331322
5005.189453 0.000000 2682.806396 0.000000 0.015471 0.000000 0.999880 0.322480 0.322480 0.322480
5109.193359 0.000000 2694.100586 0.000000 0.309285 0.000000 0.950969 0.331667 0.331667 0.331667
5109.498535 0.000000 2692.241943 0.000000 0.476859 0.000000 0.878980 0.326076 0.326076 0.326076
5083.789062 0.000000 2689.945312 0.000000 0.066329 0.000000 0.997798 0.320028 0.320028 0.320028
5071.572266 0.000000 2686.365479 0.000000 0.362615 0.000000 0.931939 0.323268 0.323268 0.323268
5078.136230 0.000000 2688.344238 0.000000 0.066183 0.000000 0.997808 0.319302 0.319302 0.319302
5112.429688 0.000000 2691.960938 0.000000 0.078152 0.000000 0.996941 0.316743 0.316743 0.316743
5949.935547 0.000000 1894.014404 0.000000 0.480789 0.000000 0.876836 0.337013 0.337013 0.337013
5938.616699 0.000000 1910.037598 0.000000 0.064508 0.000000 0.997917 0.330916 0.330916 0.330916
5947.206543 0.000000 1893.965088 0.000000 0.344986 0.000000 0.938608 0.334454 0.334454 0.334454
5930.452148 0.000000 1898.918457 0.000000 0.384313 0.000000 0.923203 0.334479 0.334479 0.334479
5935.560547 0.000000 1906.748047 0.000000 0.522022 0.000000 0.852932 0.336700 0.336700 0.336700
5912.755859 0.000000 1883.333618 0.000000 0.279088 0.000000 0.960265 0.331937 0.331937 0.331937
5935.221680 0.000000 1897.282959 0.000000 0.551055 0.000000 0.834469 0.335767 0.335767 0.335767
5944.713379 0.000000 1893.407349 0.000000 0.550651 0.000000 0.834736 0.335847 0.335847 0.335847
5914.396484 0.000000 1874.022095 0.000000 0.503016 0.000000 0.864277 0.332079 0.332079 0.332079
5926.058105 0.000000 1880.286865 0.000000 0.149987 0.000000 0.988688 0.324870 0.324870 0.324870
5945.390625 0.000000 1906.391602 0.000000 0.545461 0.000000 0.838136 0.329766 0.329766 0.329766
5945.143066 0.000000 1907.762939 0.000000 0.520597 0.000000 0.853803 0.329167 0.329167 0.329167
5941.717285 0.000000 1909.466675 0.000000 0.084846 0.000000 0.996394 0.321697 0.321697 0.321697
5229.009277 0.000000 2399.505127 0.000000 0.262723 0.000000 0.964871 0.324572 0.324572 0.324572
5145.412598 0.000000 2694.877197 0.000000 0.201709 0.000000 0.979446 0.329265 0.329265 0.329265
5170.837402 0.000000 2696.441895 0.000000 0.214748 0.000000 0.976670 0.325503 0.325503 0.325503
5142.808594 0.000000 2697.784668 0.000000 0.273748 0.000000 0.961802 0.323382 0.323382 0.323382
5844.232910 0.000000 2414.463379 0.000000 0.463031 0.000000 0.886342 0.328820 0.328820 0.328820
6118.720703 0.000000 2419.078369 0.000000 0.211250 0.000000 0.977432 0.334100 0.334100 0.334100
6121.461914 0.000000 2427.943359 0.000000 0.413021 0.000000 0.910721 0.324487 0.324487 0.324487
6108.806641 0.000000 2422.706787 0.000000 0.155812 0.000000 0.987787 0.324171 0.324171 0.324171
6118.249512 0.000000 2426.035889 0.000000 0.581235 0.000000 0.813736 0.334136 0.334136 0.334136
6116.916992 0.000000 2424.084961 0.000000 0.580821 0.000000 0.814031 0.330180 0.330180 0.330180
6139.144043 0.000000 2424.533447 0.000000 0.360923 0.000000 0.932596 0.327427 0.327427 0.327427
6136.531250 0.000000 2427.804688 0.000000 0.130700 0.000000 0.991422 0.322009 0.322009 0.322009
6106.048340 0.000000 2418.870850 0.000000 0.555248 0.000000 0.831685 0.332193 0.332193 0.332193
5861.993652 0.000000 2684.328857 0.000000 0.471842 0.000000 0.881683 0.336937 0.336937 0.336937
5833.114258 0.000000 2684.879395 0.000000 0.286129 0.000000 0.958191 0.330753 0.330753 0.330753
4435.981934 0.000000 3047.854004 0.000000 0.184542 0.000000 0.982825 0.320951 0.320951 0.320951
4415.487793 0.000000 3066.484375 0.000000 0.236540 0.000000 0.971622 0.323580 0.323580 0.323580
4415.449219 0.000000 3067.714111 0.000000 0.042598 0.000000 0.999092 0.319688 0.319688 0.319688
4435.875488 0.000000 3065.604980 0.000000 0.370966 0.000000 0.928646 0.334237 0.334237 0.334237
4420.679688 0.000000 3064.392578 0.000000 0.118906 0.000000 0.992905 0.317656 0.317656 0.317656
4423.854492 0.000000 3060.904297 0.000000 0.183852 0.000000 0.982954 0.327476 0.327476 0.327476
4432.782227 0.000000 3051.865234 0.000000 0.502413 0.000000 0.864627 0.330607 0.330607 0.330607
5560.123047 0.000000 2771.077881 0.000000 0.477968 0.000000 0.878377 0.333741 0.333741 0.333741
5648.326660 0.000000 2790.401367 0.000000 0.194576 0.000000 0.980887 0.330597 0.330597 0.330597
5665.556152 0.000000 2794.408691 0.000000 0.374711 0.000000 0.927142 0.331854 0.331854 0.331854
5710.146973 0.000000 2789.587891 0.000000 0.453028 0.000000 0.891496 0.337305 0.337305 0.337305
5701.963867 0.000000 2788.433350 0.000000 0.311829 0.000000 0.950138 0.334499 0.334499 0.334499
5705.306152 0.000000 2793.408936 0.000000 0.429371 0.000000 0.903128 0.334982 0.334982 0.334982
6118.720703 0.000000 2814.468994 0.000000 0.093850 0.000000 0.995586 0.332773 0.332773 0.332773
6119.241699 0.000000 2820.633545 0.000000 0.436777 0.000000 0.899570 0.325072 0.325072 0.325072
6633.605957 0.000000 2240.372070 0.000000 0.577543 0.000000 0.816360 0.338525 0.338525 0.338525
6646.375000 0.000000 2234.440430 0.000000 0.358304 0.000000 0.933605 0.333478 0.333478 0.333478
6641.077637 0.000000 2235.278564 0.000000 0.022781 0.000000 0.999740 0.328764 0.328764 0.328764
6635.705078 0.000000 2230.278320 0.000000 0.222828 0.000000 0.974858 0.331534 0.331534 0.331534
6654.566406 0.000000 2258.519287 0.000000 0.473092 0.000000 0.881013 0.329748 0.329748 0.329748
6847.189941 0.000000 2027.447754 0.000000 0.548197 0.000000 0.836349 0.329702 0.329702 0.329702
6838.928223 0.000000 2050.322510 0.000000 0.102893 0.000000 0.994692 0.329737 0.329737 0.329737
6846.677246 0.000000 2035.983521 0.000000 0.240281 0.000000 0.970703 0.331722 0.331722 0.331722
6839.476074 0.000000 2045.332764 0.000000 0.553514 0.000000 0.832840 0.336025 0.336025 0.336025
6838.224609 0.000000 2048.616211 0.000000 0.333781 0.000000 0.942651 0.326883 0.326883 0.326883
6839.988281 0.000000 2049.060791 0.000000 0.571826 0.000000 0.820375 0.331926 0.331926 0.331926
6846.371094 0.000000 2064.727051 0.000000 0.017402 0.000000 0.999849 0.324278 0.324278 0.324278
6866.130371 0.000000 2078.530762 0.000000 0.275301 0.000000 0.961358 0.332672 0.332672 0.332672
6853.887695 0.000000 2064.266113 0.000000 0.235406 0.000000 0.971897 0.327343 0.327343 0.327343
6867.139160 0.000000 2081.101318 0.000000 0.313126 0.000000 0.949712 0.330303 0.330303 0.330303
6855.854492 0.000000 2044.185547 0.000000 0.265573 0.000000 0.964091 0.330432 0.330432 0.330432
6852.483398 0.000000 2067.867432 0.000000 0.335975 0.000000 0.941871 0.328054 0.328054 0.328054
6853.442383 0.000000 2040.377563 0.000000 0.493765 0.000000 0.869595 0.331850 0.331850 0.331850
6855.944824 0.000000 2061.375732 0.000000 0.399365 0.000000 0.916792 0.330742 0.330742 0.330742
6849.717285 0.000000 2077.882568 0.000000 0.352461 0.000000 0.935826 0.329955 0.329955 0.329955
6851.718262 0.000000 2062.231445 0.000000 0.034559 0.000000 0.999403 0.322146 0.322146 0.322146
6696.632324 0.000000 2242.525879 0.000000 0.365407 0.000000 0.930848 0.333583 0.333583 0.333583
6681.637695 0.000000 2239.588135 0.000000 0.286673 0.000000 0.958029 0.332440 0.332440 0.332440
6672.417480 0.000000 2248.761719 0.000000 0.136970 0.000000 0.990575 0.322132 0.322132 0.322132
6664.569824 0.000000 2258.827637 0.000000 0.296017 0.000000 0.955182 0.328744 0.328744 0.328744
6663.451660 0.000000 2250.608398 0.000000 0.169265 0.000000 0.985571 0.320626 0.320626 0.320626
6658.944824 0.000000 2258.357422 0.000000 0.366530 0.000000 0.930406 0.324354 0.324354 0.324354
6661.362305 0.000000 2255.575439 0.000000 0.180114 0.000000 0.983646 0.320189 0.320189 0.320189
6671.086426 0.000000 2240.426025 0.000000 0.167047 0.000000 0.985949 0.325114 0.325114 0.325114
6782.127441 0.000000 2220.330566 0.000000 0.466307 0.000000 0.884623 0.337146 0.337146 0.337146
6766.165527 0.000000 2220.432861 0.000000 0.394217 0.000000 0.919017 0.335690 0.335690 0.335690
6749.075684 0.000000 2255.290771 0.000000 0.137929 0.000000 0.990442 0.331601 0.331601 0.331601
6736.764160 0.000000 2218.842529 0.000000 0.444211 0.000000 0.895922 0.335687 0.335687 0.335687
6783.545410 0.000000 2234.849609 0.000000 0.330876 0.000000 0.943674 0.332862 0.332862 0.332862
6736.405273 0.000000 2240.445801 0.000000 0.214916 0.000000 0.976632 0.331600 0.331600 0.331600
6744.281738 0.000000 2224.905762 0.000000 0.467514 0.000000 0.883986 0.335125 0.335125 0.335125
6776.713379 0.000000 2232.313721 0.000000 0.556515 0.000000 0.830838 0.336719 0.336719 0.336719
6763.705078 0.000000 2230.278320 0.000000 0.005114 0.000000 0.999987 0.328658 0.328658 0.328658
6756.845703 0.000000 2248.870605 0.000000 0.562593 0.000000 0.826734 0.334224 0.334224 0.334224
6738.017090 0.000000 2226.675293 0.000000 0.582280 0.000000 0.812988 0.336977 0.336977 0.336977
6770.463867 0.000000 2218.819092 0.000000 0.516572 0.000000 0.856244 0.333248 0.333248 0.333248
6775.633301 0.000000 2221.608398 0.000000 0.561313 0.000000 0.827604 0.334114 0.334114 0.334114
6772.948730 0.000000 2229.616699 0.000000 0.284712 0.000000 0.958613 0.329107 0.329107 0.329107
6742.371582 0.000000 2255.716553 0.000000 0.586315 0.000000 0.810083 0.332755 0.332755 0.332755
6756.916992 0.000000 2254.631836 0.000000 0.271016 0.000000 0.962575 0.330404 0.330404 0.330404
6746.534668 0.000000 2257.686035 0.000000 0.558797 0.000000 0.829304 0.335090 0.335090 0.335090
6769.404785 0.000000 2222.348633 0.000000 0.091604 0.000000 0.995796 0.327771 0.327771 0.327771
6740.687500 0.000000 2255.593750 0.000000 0.537338 0.000000 0.843367 0.333383 0.333383 0.333383
6761.330078 0.000000 2244.052246 0.000000 0.559449 0.000000 0.828865 0.334077 0.334077 0.334077
6741.261719 0.000000 2250.051514 0.000000 0.093569 0.000000 0.995613 0.325929 0.325929 0.325929
6776.549805 0.000000 2224.866455 0.000000 0.296182 0.000000 0.955132 0.327526 0.327526 0.327526
6774.872070 0.000000 2223.275879 0.000000 0.446445 0.000000 0.894811 0.331944 0.331944 0.331944
6765.534668 0.000000 2237.912109 0.000000 0.101940 0.000000 0.994791 0.326066 0.326066 0.326066
6743.770020 0.000000 2248.448242 0.000000 0.397869 0.000000 0.917442 0.331070 0.331070 0.331070
6765.661621 0.000000 2253.145996 0.000000 0.152035 0.000000 0.988375 0.326889 0.326889 0.326889
6775.306152 0.000000 2224.714355 0.000000 0.486679 0.000000 0.873581 0.330225 0.330225 0.330225
6772.879395 0.000000 2224.889160 0.000000 0.528053 0.000000 0.849212 0.331119 0.331119 0.331119
6798.486328 0.000000 2241.572510 0.000000 0.372760 0.000000 0.927928 0.333743 0.333743 0.333743
6790.066895 0.000000 2236.026123 0.000000 0.333386 0.000000 0.942790 0.329941 0.329941 0.329941
6790.203613 0.000000 2240.185791 0.000000 0.425918 0.000000 0.904762 0.331572 0.331572 0.331572
6792.825684 0.000000 2237.399658 0.000000 0.254841 0.000000 0.966983 0.328601 0.328601 0.328601
6791.681641 0.000000 2241.808594 0.000000 0.155702 0.000000 0.987804 0.326950 0.326950 0.326950
6174.899414 0.000000 2425.205566 0.000000 0.543317 0.000000 0.839528 0.332021 0.332021 0.332021
6197.913086 0.000000 2420.017822 0.000000 0.288167 0.000000 0.957580 0.328216 0.328216 0.328216
6176.238770 0.000000 2425.882080 0.000000 0.062961 0.000000 0.998016 0.321410 0.321410 0.321410
6254.444824 0.000000 2423.706055 0.000000 0.196167 0.000000 0.980570 0.333560 0.333560 0.333560
6246.249512 0.000000 2426.035889 0.000000 0.347165 0.000000 0.937804 0.330605 0.330605 0.330605
6253.468262 0.000000 2425.853516 0.000000 0.084849 0.000000 0.996394 0.323969 0.323969 0.323969
6239.881836 0.000000 2431.477539 0.000000 0.169316 0.000000 0.985562 0.330479 0.330479 0.330479
6255.569336 0.000000 2428.931396 0.000000 0.330010 0.000000 0.943977 0.328750 0.328750 0.328750
6346.837402 0.000000 2423.951904 0.000000 0.033054 0.000000 0.999454 0.326284 0.326284 0.326284
6342.216797 0.000000 2419.575684 0.000000 0.167206 0.000000 0.985922 0.322298 0.322298 0.322298
6647.341309 0.000000 2310.666992 0.000000 0.286447 0.000000 0.958096 0.332436 0.332436 0.332436
6640.749512 0.000000 2281.982666 0.000000 0.146386 0.000000 0.989228 0.330342 0.330342 0.330342
6655.035645 0.000000 2300.983154 0.000000 0.002024 0.000000 0.999998 0.326080 0.326080 0.326080
6632.552734 0.000000 2312.226074 0.000000 0.109516 0.000000 0.993985 0.328871 0.328871 0.328871
6637.664062 0.000000 2266.370605 0.000000 0.311598 0.000000 0.950214 0.332798 0.332798 0.332798
6641.077637 0.000000 2291.762939 0.000000 0.255836 0.000000 0.966720 0.328159 0.328159 0.328159
6642.491699 0.000000 2283.015381 0.000000 0.147381 0.000000 0.989080 0.325569 0.325569 0.325569
6652.194824 0.000000 2294.964111 0.000000 0.022070 0.000000 0.999756 0.326589 0.326589 0.326589
6637.660156 0.000000 2291.325195 0.000000 0.323007 0.000000 0.946397 0.329762 0.329762 0.329762
6641.878906 0.000000 2271.718994 0.000000 0.164454 0.000000 0.986385 0.327708 0.327708 0.327708
6653.048828 0.000000 2298.640381 0.000000 0.278614 0.000000 0.960403 0.329003 0.329003 0.329003
6632.666504 0.000000 2305.697510 0.000000 0.238353 0.000000 0.971179 0.331753 0.331753 0.331753
6642.463867 0.000000 2275.303467 0.000000 0.478570 0.000000 0.878050 0.329771 0.329771 0.329771
6649.789062 0.000000 2278.736816 0.000000 0.041110 0.000000 0.999155 0.323802 0.323802 0.323802
6644.948730 0.000000 2286.101074 0.000000 0.407332 0.000000 0.913280 0.330032 0.330032 0.330032
6655.474121 0.000000 2304.599365 0.000000 0.223804 0.000000 0.974634 0.326200 0.326200 0.326200
6622.899414 0.000000 2312.236816 0.000000 0.205124 0.000000 0.978736 0.327828 0.327828 0.327828
6651.123047 0.000000 2298.801270 0.000000 0.434616 0.000000 0.900616 0.331729 0.331729 0.331729
6648.590820 0.000000 2313.285645 0.000000 0.168993 0.000000 0.985617 0.328822 0.328822 0.328822
6650.544922 0.000000 2291.345703 0.000000 0.156154 0.000000 0.987733 0.329058 0.329058 0.329058
6637.740723 0.000000 2289.584229 0.000000 0.173759 0.000000 0.984788 0.328529 0.328529 0.328529
6625.938477 0.000000 2310.263428 0.000000 0.297912 0.000000 0.954593 0.329332 0.329332 0.329332
6640.720703 0.000000 2289.418701 0.000000 0.400616 0.000000 0.916246 0.329297 0.329297 0.329297
6651.144043 0.000000 2311.564697 0.000000 0.492867 0.000000 0.870105 0.332247 0.332247 0.332247
6642.026855 0.000000 2295.459229 0.000000 0.041981 0.000000 0.999118 0.325086 0.325086 0.325086
6654.039551 0.000000 2299.835205 0.000000 0.490141 0.000000 0.871643 0.332888 0.332888 0.332888
6645.702637 0.000000 2277.211914 0.000000 0.488137 0.000000 0.872767 0.329978 0.329978 0.329978
6629.751953 0.000000 2309.908447 0.000000 0.458122 0.000000 0.888889 0.330961 0.330961 0.330961
6650.382812 0.000000 2294.251709 0.000000 0.568345 0.000000 0.822790 0.334253 0.334253 0.334253
6653.311523 0.000000 2313.666016 0.000000 0.010985 0.000000 0.999940 0.317766 0.317766 0.317766
6650.259766 0.000000 2285.507080 0.000000 0.001767 0.000000 0.999998 0.322786 0.322786 0.322786
6651.392090 0.000000 2286.442871 0.000000 0.496499 0.000000 0.868037 0.331767 0.331767 0.331767
6653.825195 0.000000 2310.041016 0.000000 0.031314 0.000000 0.999510 0.319397 0.319397 0.319397
6649.149414 0.000000 2275.480713 0.000000 0.477975 0.000000 0.878374 0.329759 0.329759 0.329759
6608.020996 0.000000 2360.087646 0.000000 0.109369 0.000000 0.994001 0.333146 0.333146 0.333146
6647.542480 0.000000 2338.989258 0.000000 0.490946 0.000000 0.871190 0.336323 0.336323 0.336323
6655.940430 0.000000 2335.308838 0.000000 0.194640 0.000000 0.980875 0.331138 0.331138 0.331138
6599.852051 0.000000 2353.036865 0.000000 0.039854 0.000000 0.999206 0.330336 0.330336 0.330336
6625.762695 0.000000 2327.228027 0.000000 0.190713 0.000000 0.981646 0.331264 0.331264 0.331264
6649.532715 0.000000 2330.833984 0.000000 0.535351 0.000000 0.844630 0.336201 0.336201 0.336201
6642.491699 0.000000 2339.499756 0.000000 0.304597 0.000000 0.952481 0.329611 0.329611 0.329611
6621.062500 0.000000 2333.535645 0.000000 0.040700 0.000000 0.999171 0.326068 0.326068 0.326068
6641.878906 0.000000 2328.203369 0.000000 0.500339 0.000000 0.865829 0.332895 0.332895 0.332895
6644.116699 0.000000 2318.190186 0.000000 0.110352 0.000000 0.993893 0.329968 0.329968 0.329968
6641.047363 0.000000 2324.683838 0.000000 0.423483 0.000000 0.905904 0.331528 0.331528 0.331528
6652.870605 0.000000 2323.251953 0.000000 0.041263 0.000000 0.999148 0.320397 0.320397 0.320397
6651.459473 0.000000 2325.219482 0.000000 0.188077 0.000000 0.982154 0.328149 0.328149 0.328149
6638.857422 0.000000 2321.363281 0.000000 0.553975 0.000000 0.832533 0.332681 0.332681 0.332681
6627.248535 0.000000 2330.220703 0.000000 0.134691 0.000000 0.990888 0.328799 0.328799 0.328799
6641.127930 0.000000 2317.687256 0.000000 0.062667 0.000000 0.998035 0.328125 0.328125 0.328125
6628.465820 0.000000 2317.645264 0.000000 0.136470 0.000000 0.990644 0.327635 0.327635 0.327635
6640.528809 0.000000 2336.740479 0.000000 0.131733 0.000000 0.991285 0.326555 0.326555 0.326555
6645.819336 0.000000 2324.485107 0.000000 0.305489 0.000000 0.952196 0.329461 0.329461 0.329461
6643.356445 0.000000 2338.034668 0.000000 0.579982 0.000000 0.814630 0.334609 0.334609 0.334609
6636.377930 0.000000 2316.355713 0.000000 0.270274 0.000000 0.962783 0.328862 0.328862 0.328862
6635.719727 0.000000 2333.446045 0.000000 0.124515 0.000000 0.992218 0.326436 0.326436 0.326436
6633.112793 0.000000 2326.297119 0.000000 0.101082 0.000000 0.994878 0.325153 0.325153 0.325153
6631.927246 0.000000 2329.033447 0.000000 0.124017 0.000000 0.992280 0.326428 0.326428 0.326428
6619.479980 0.000000 2330.218262 0.000000 0.035794 0.000000 0.999359 0.324985 0.324985 0.324985
6629.195312 0.000000 2324.451660 0.000000 0.504487 0.000000 0.863419 0.333839 0.333839 0.333839
6636.925781 0.000000 2332.426758 0.000000 0.587371 0.000000 0.809318 0.332696 0.332696 0.332696
6655.011719 0.000000 2325.221680 0.000000 0.361963 0.000000 0.932193 0.324354 0.324354 0.324354
6632.668945 0.000000 2320.512695 0.000000 0.236143 0.000000 0.971718 0.326773 0.326773 0.326773
6653.398438 0.000000 2317.721191 0.000000 0.241392 0.000000 0.970428 0.322287 0.322287 0.322287
6637.841309 0.000000 2324.183594 0.000000 0.045931 0.000000 0.998945 0.321820 0.321820 0.321820
6654.128906 0.000000 2322.719971 0.000000 0.158602 0.000000 0.987343 0.319597 0.319597 0.319597
6631.969727 0.000000 2323.784180 0.000000 0.367647 0.000000 0.929965 0.329650 0.329650 0.329650
6652.005859 0.000000 2324.126465 0.000000 0.440706 0.000000 0.897652 0.330379 0.330379 0.330379
6375.590820 0.000000 2488.927734 0.000000 0.270996 0.000000 0.962581 0.333122 0.333122 0.333122
6368.666016 0.000000 2485.951416 0.000000 0.145751 0.000000 0.989321 0.329835 0.329835 0.329835
6404.679688 0.000000 2499.548828 0.000000 0.548953 0.000000 0.835853 0.335947 0.335947 0.335947
6402.093750 0.000000 2496.378906 0.000000 0.350446 0.000000 0.936583 0.327323 0.327323 0.327323
6406.215332 0.000000 2501.465820 0.000000 0.277546 0.000000 0.960712 0.331746 0.331746 0.331746
6407.353027 0.000000 2498.013916 0.000000 0.394550 0.000000 0.918874 0.332640 0.332640 0.332640
6415.744141 0.000000 2496.272949 0.000000 0.167597 0.000000 0.985856 0.325982 0.325982 0.325982
6405.635742 0.000000 2495.690430 0.000000 0.267168 0.000000 0.963650 0.325798 0.325798 0.325798
6523.206543 0.000000 2515.293213 0.000000 0.558210 0.000000 0.829700 0.337473 0.337473 0.337473
6524.605469 0.000000 2517.239014 0.000000 0.499077 0.000000 0.866558 0.335161 0.335161 0.335161
6506.151367 0.000000 2527.823975 0.000000 0.529781 0.000000 0.848135 0.336597 0.336597 0.336597
6517.193359 0.000000 2524.647461 0.000000 0.090475 0.000000 0.995899 0.326008 0.326008 0.326008
6512.863770 0.000000 2529.788574 0.000000 0.108403 0.000000 0.994107 0.329302 0.329302 0.329302
6522.464844 0.000000 2521.599854 0.000000 0.105948 0.000000 0.994372 0.326644 0.326644 0.326644
6514.333496 0.000000 2524.249023 0.000000 0.344270 0.000000 0.938871 0.331887 0.331887 0.331887
6519.001953 0.000000 2520.347168 0.000000 0.582979 0.000000 0.812487 0.334503 0.334503 0.334503
6508.263184 0.000000 2591.971924 0.000000 0.257703 0.000000 0.966224 0.332942 0.332942 0.332942
6512.587402 0.000000 2592.722900 0.000000 0.272101 0.000000 0.962269 0.331666 0.331666 0.331666
6513.177734 0.000000 2583.410156 0.000000 0.433645 0.000000 0.901084 0.334114 0.334114 0.334114
6665.808105 0.000000 2295.080566 0.000000 0.345759 0.000000 0.938323 0.335103 0.335103 0.335103
6660.061523 0.000000 2275.584717 0.000000 0.408231 0.000000 0.912879 0.336230 0.336230 0.336230
6686.089844 0.000000 2288.310303 0.000000 0.382352 0.000000 0.924017 0.335326 0.335326 0.335326
6673.653320 0.000000 2267.844482 0.000000 0.529644 0.000000 0.848220 0.337524 0.337524 0.337524
6666.448242 0.000000 2262.979980 0.000000 0.526854 0.000000 0.849956 0.337439 0.337439 0.337439
6658.786133 0.000000 2294.275635 0.000000 0.153392 0.000000 0.988165 0.330564 0.330564 0.330564
6672.003418 0.000000 2286.677734 0.000000 0.059427 0.000000 0.998233 0.329267 0.329267 0.329267
6664.000977 0.000000 2263.436279 0.000000 0.053307 0.000000 0.998578 0.329183 0.329183 0.329183
6716.546387 0.000000 2287.314697 0.000000 0.032645 0.000000 0.999467 0.328899 0.328899 0.328899
6691.024414 0.000000 2279.947021 0.000000 0.315207 0.000000 0.949023 0.332850 0.332850 0.332850
6676.471191 0.000000 2281.200684 0.000000 0.280152 0.000000 0.959956 0.332459 0.332459 0.332459
6672.405273 0.000000 2296.930176 0.000000 0.027458 0.000000 0.999623 0.328828 0.328828 0.328828
6685.193848 0.000000 2285.586182 0.000000 0.241119 0.000000 0.970496 0.331792 0.331792 0.331792
6689.651855 0.000000 2295.572510 0.000000 0.462752 0.000000 0.886488 0.335051 0.335051 0.335051
6704.749512 0.000000 2281.982666 0.000000 0.007743 0.000000 0.999970 0.328557 0.328557 0.328557
6691.097656 0.000000 2301.475098 0.000000 0.211772 0.000000 0.977319 0.329540 0.329540 0.329540
6710.075195 0.000000 2280.919922 0.000000 0.445059 0.000000 0.895501 0.334779 0.334779 0.334779
6676.672363 0.000000 2278.932373 0.000000 0.055671 0.000000 0.998449 0.329215 0.329215 0.329215
6671.150391 0.000000 2312.986084 0.000000 0.043964 0.000000 0.999033 0.317247 0.317247 0.317247
6699.937012 0.000000 2315.802490 0.000000 0.580118 0.000000 0.814533 0.333780 0.333780 0.333780
6706.636719 0.000000 2269.829346 0.000000 0.030462 0.000000 0.999536 0.324898 0.324898 0.324898
6662.227051 0.000000 2303.949951 0.000000 0.195956 0.000000 0.980613 0.323535 0.323535 0.323535
6713.029297 0.000000 2265.811768 0.000000 0.166897 0.000000 0.985974 0.328667 0.328667 0.328667
6670.008789 0.000000 2279.120117 0.000000 0.306365 0.000000 0.951914 0.332778 0.332778 0.332778
6696.666504 0.000000 2305.697510 0.000000 0.514177 0.000000 0.857684 0.330546 0.330546 0.330546
6669.989746 0.000000 2286.289551 0.000000 0.504313 0.000000 0.863521 0.335702 0.335702 0.335702
6709.193359 0.000000 2298.709961 0.000000 0.238621 0.000000 0.971113 0.331756 0.331756 0.331756
6716.870605 0.000000 2266.767578 0.000000 0.531973 0.000000 0.846762 0.331690 0.331690 0.331690
6673.040527 0.000000 2311.910400 0.000000 0.186896 0.000000 0.982380 0.320337 0.320337 0.320337
6712.393555 0.000000 2304.501709 0.000000 0.171645 0.000000 0.985159 0.323609 0.323609 0.323609
6714.541992 0.000000 2308.546143 0.000000 0.476240 0.000000 0.879315 0.330003 0.330003 0.330003
6715.325195 0.000000 2271.490234 0.000000 0.045067 0.000000 0.998984 0.321204 0.321204 0.321204
6660.837402 0.000000 2307.614746 0.000000 0.366783 0.000000 0.930307 0.324360 0.324360 0.324360
6699.248535 0.000000 2292.200928 0.000000 0.341767 0.000000 0.939785 0.327790 0.327790 0.327790
6702.857422 0.000000 2264.878906 0.000000 0.219845 0.000000 0.975535 0.330725 0.330725 0.330725
6695.873535 0.000000 2296.162598 0.000000 0.258418 0.000000 0.966033 0.321968 0.321968 0.321968
6685.993164 0.000000 2274.172852 0.000000 0.263084 0.000000 0.964773 0.329424 0.329424 0.329424
6676.110352 0.000000 2273.012695 0.000000 0.407300 0.000000 0.913294 0.331238 0.331238 0.331238
6715.123047 0.000000 2298.801270 0.000000 0.525970 0.000000 0.850503 0.333428 0.333428 0.333428
6705.177734 0.000000 2300.988281 0.000000 0.096742 0.000000 0.995309 0.325401 0.325401 0.325401
6699.631348 0.000000 2302.924805 0.000000 0.074186 0.000000 0.997244 0.324435 0.324435 0.324435
6669.842285 0.000000 2310.852783 0.000000 0.427720 0.000000 0.903912 0.325785 0.325785 0.325785
6660.253418 0.000000 2298.740967 0.000000 0.353695 0.000000 0.935361 0.330293 0.330293 0.330293
6692.916992 0.000000 2311.116211 0.000000 0.521056 0.000000 0.853523 0.333334 0.333334 0.333334
6671.572266 0.000000 2290.974854 0.000000 0.123622 0.000000 0.992329 0.327623 0.327623 0.327623
6717.407227 0.000000 2296.758545 0.000000 0.503741 0.000000 0.863855 0.333506 0.333506 0.333506
6710.213379 0.000000 2302.380371 0.000000 0.013148 0.000000 0.999914 0.322302 0.322302 0.322302
6656.129395 0.000000 2291.419678 0.000000 0.502727 0.000000 0.864445 0.334400 0.334400 0.334400
6662.216797 0.000000 2306.606934 0.000000 0.557786 0.000000 0.829985 0.328997 0.328997 0.328997
6679.875000 0.000000 2291.450684 0.000000 0.088791 0.000000 0.996050 0.326369 0.326369 0.326369
6660.650391 0.000000 2297.151123 0.000000 0.560341 0.000000 0.828262 0.335076 0.335076 0.335076
6716.606934 0.000000 2277.229980 0.000000 0.016468 0.000000 0.999864 0.326504 0.326504 0.326504
6677.721191 0.000000 2271.547852 0.000000 0.306388 0.000000 0.951907 0.330632 0.330632 0.330632
6715.649902 0.000000 2314.328857 0.000000 0.485930 0.000000 0.873998 0.327235 0.327235 0.327235
6678.663086 0.000000 2294.266357 0.000000 0.553417 0.000000 0.832904 0.334991 0.334991 0.334991
6688.219238 0.000000 2305.530518 0.000000 0.527731 0.000000 0.849412 0.334171 0.334171 0.334171
6717.135254 0.000000 2302.101562 0.000000 0.358567 0.000000 0.933504 0.330378 0.330378 0.330378
6676.371582 0.000000 2295.913086 0.000000 0.529489 0.000000 0.848317 0.334292 0.334292 0.334292
6671.107910 0.000000 2294.570068 0.000000 0.199524 0.000000 0.979893 0.327855 0.327855 0.327855
6668.418457 0.000000 2308.450928 0.000000 0.292799 0.000000 0.956174 0.322678 0.322678 0.322678
6693.666016 0.000000 2307.210938 0.000000 0.371071 0.000000 0.928605 0.330597 0.330597 0.330597
6666.104492 0.000000 2306.465820 0.000000 0.453388 0.000000 0.891313 0.326398 0.326398 0.326398
6676.652832 0.000000 2293.034180 0.000000 0.317327 0.000000 0.948316 0.329664 0.329664 0.329664
6703.452637 0.000000 2309.354248 0.000000 0.491731 0.000000 0.870747 0.330056 0.330056 0.330056
6656.046387 0.000000 2314.138428 0.000000 0.306480 0.000000 0.951877 0.322986 0.322986 0.322986
6714.513184 0.000000 2273.071289 0.000000 0.422931 0.000000 0.906162 0.328595 0.328595 0.328595
6672.015625 0.000000 2293.159424 0.000000 0.101536 0.000000 0.994832 0.326059 0.326059 0.326059
6657.707031 0.000000 2307.878906 0.000000 0.273880 0.000000 0.961764 0.322255 0.322255 0.322255
6671.857910 0.000000 2314.665283 0.000000 0.240186 0.000000 0.970727 0.321507 0.321507 0.321507
6656.036621 0.000000 2304.402344 0.000000 0.269217 0.000000 0.963080 0.322151 0.322151 0.322151
6668.281738 0.000000 2311.376953 0.000000 0.367239 0.000000 0.930126 0.324371 0.324371 0.324371
6673.812988 0.000000 2315.239990 0.000000 0.255582 0.000000 0.966787 0.322192 0.322192 0.322192
6664.996094 0.000000 2310.593994 0.000000 0.534347 0.000000 0.845265 0.328397 0.328397 0.328397
6659.614258 0.000000 2301.953857 0.000000 0.422113 0.000000 0.906543 0.328826 0.328826 0.328826
6714.884277 0.000000 2274.658447 0.000000 0.567206 0.000000 0.823576 0.333300 0.333300 0.333300
6699.522461 0.000000 2301.478760 0.000000 0.325886 0.000000 0.945409 0.325536 0.325536 0.325536
6719.099609 0.000000 2302.336182 0.000000 0.415162 0.000000 0.909747 0.331379 0.331379 0.331379
6710.159668 0.000000 2310.021729 0.000000 0.067920 0.000000 0.997691 0.321636 0.321636 0.321636
6659.320312 0.000000 2308.163086 0.000000 0.164560 0.000000 0.986367 0.319850 0.319850 0.319850
6699.722168 0.000000 2310.768555 0.000000 0.326364 0.000000 0.945244 0.328684 0.328684 0.328684
6705.428223 0.000000 2309.310059 0.000000 0.206645 0.000000 0.978416 0.324281 0.324281 0.324281
6695.334473 0.000000 2299.133301 0.000000 0.176193 0.000000 0.984356 0.321686 0.321686 0.321686
6714.285645 0.000000 2275.793701 0.000000 0.311079 0.000000 0.950384 0.328351 0.328351 0.328351
6668.848145 0.000000 2303.278076 0.000000 0.353135 0.000000 0.935572 0.328486 0.328486 0.328486
6706.104492 0.000000 2304.088623 0.000000 0.149028 0.000000 0.988833 0.325349 0.325349 0.325349
6716.908691 0.000000 2274.310791 0.000000 0.325506 0.000000 0.945540 0.327423 0.327423 0.327423
6694.615234 0.000000 2304.751953 0.000000 0.312782 0.000000 0.949825 0.326357 0.326357 0.326357
6660.237305 0.000000 2310.909668 0.000000 0.067745 0.000000 0.997703 0.317758 0.317758 0.317758
6693.444336 0.000000 2302.806641 0.000000 0.539962 0.000000 0.841689 0.331949 0.331949 0.331949
6697.750000 0.000000 2312.522949 0.000000 0.102514 0.000000 0.994732 0.322355 0.322355 0.322355
6697.666016 0.000000 2306.508301 0.000000 0.149996 0.000000 0.988687 0.323195 0.323195 0.323195
6701.223145 0.000000 2315.461182 0.000000 0.520241 0.000000 0.854019 0.331440 0.331440 0.331440
6717.235840 0.000000 2304.156494 0.000000 0.576808 0.000000 0.816880 0.332249 0.332249 0.332249
6705.885254 0.000000 2306.395752 0.000000 0.202149 0.000000 0.979355 0.324195 0.324195 0.324195
6668.118164 0.000000 2315.849609 0.000000 0.200350 0.000000 0.979724 0.320631 0.320631 0.320631
6769.098145 0.000000 2273.750977 0.000000 0.582007 0.000000 0.813184 0.338508 0.338508 0.338508
6732.244629 0.000000 2309.991699 0.000000 0.085267 0.000000 0.996358 0.329622 0.329622 0.329622
6740.109863 0.000000 2271.064697 0.000000 0.130229 0.000000 0.991484 0.330243 0.330243 0.330243
6775.542480 0.000000 2282.504883 0.000000 0.424865 0.000000 0.905257 0.335559 0.335559 0.335559
6722.873047 0.000000 2285.665283 0.000000 0.114382 0.000000 0.993437 0.330024 0.330024 0.330024
6749.269531 0.000000 2261.534424 0.000000 0.368986 0.000000 0.929435 0.333635 0.333635 0.333635
6746.280762 0.000000 2303.221436 0.000000 0.141733 0.000000 0.989905 0.329341 0.329341 0.329341
6747.828125 0.000000 2263.414062 0.000000 0.463044 0.000000 0.886335 0.335055 0.335055 0.335055
6731.910645 0.000000 2287.057861 0.000000 0.164506 0.000000 0.986376 0.330718 0.330718 0.330718
6768.749512 0.000000 2281.982666 0.000000 0.322973 0.000000 0.946408 0.332963 0.332963 0.332963
6766.967285 0.000000 2274.751953 0.000000 0.135135 0.000000 0.990827 0.330248 0.330248 0.330248
6744.196777 0.000000 2265.643066 0.000000 0.180150 0.000000 0.983639 0.330936 0.330936 0.330936
6736.326660 0.000000 2282.041992 0.000000 0.365055 0.000000 0.930986 0.333577 0.333577 0.333577
6725.852539 0.000000 2282.220459 0.000000 0.505156 0.000000 0.863028 0.335716 0.335716 0.335716
6720.668457 0.000000 2277.145508 0.000000 0.560378 0.000000 0.828237 0.334181 0.334181 0.334181
6724.679688 0.000000 2273.611328 0.000000 0.183081 0.000000 0.983098 0.323828 0.323828 0.323828
6726.227051 0.000000 2303.949951 0.000000 0.404438 0.000000 0.914566 0.331439 0.331439 0.331439
6735.288574 0.000000 2273.913086 0.000000 0.535955 0.000000 0.844247 0.335420 0.335420 0.335420
6742.347168 0.000000 2282.018555 0.000000 0.312053 0.000000 0.950065 0.332805 0.332805 0.332805
6749.062500 0.000000 2277.051270 0.000000 0.419208 0.000000 0.907890 0.331700 0.331700 0.331700
6746.051758 0.000000 2291.669189 0.000000 0.054817 0.000000 0.998496 0.321322 0.321322 0.321322
6759.709473 0.000000 2259.377197 0.000000 0.020827 0.000000 0.999783 0.324877 0.324877 0.324877
6747.270508 0.000000 2311.121338 0.000000 0.526934 0.000000 0.849906 0.334068 0.334068 0.334068
6754.286621 0.000000 2263.002686 0.000000 0.527459 0.000000 0.849580 0.334388 0.334388 0.334388
6748.530762 0.000000 2301.050049 0.000000 0.016115 0.000000 0.999870 0.327857 0.327857 0.327857
6720.004883 0.000000 2312.688965 0.000000 0.027708 0.000000 0.999616 0.318853 0.318853 0.318853
6724.837402 0.000000 2307.614746 0.000000 0.362351 0.000000 0.932042 0.330811 0.330811 0.330811
6752.410645 0.000000 2276.744629 0.000000 0.110237 0.000000 0.993905 0.326138 0.326138 0.326138
6722.200195 0.000000 2275.994141 0.000000 0.269093 0.000000 0.963114 0.325495 0.325495 0.325495
6729.040527 0.000000 2300.899658 0.000000 0.556204 0.000000 0.831046 0.334014 0.334014 0.334014
6760.686523 0.000000 2278.028076 0.000000 0.242721 0.000000 0.970096 0.325965 0.325965 0.325965
6761.984863 0.000000 2280.311523 0.000000 0.386019 0.000000 0.922491 0.331220 0.331220 0.331220
6733.842285 0.000000 2310.852783 0.000000 0.393047 0.000000 0.919519 0.332208 0.332208 0.332208
6741.837891 0.000000 2304.322266 0.000000 0.107924 0.000000 0.994159 0.326164 0.326164 0.326164
6754.022949 0.000000 2281.410645 0.000000 0.065290 0.000000 0.997866 0.328098 0.328098 0.328098
6747.789062 0.000000 2294.554688 0.000000 0.134297 0.000000 0.990941 0.323648 0.323648 0.323648
6731.004883 0.000000 2285.195068 0.000000 0.452411 0.000000 0.891810 0.333352 0.333352 0.333352
6757.911621 0.000000 2262.534668 0.000000 0.205296 0.000000 0.978700 0.327771 0.327771 0.327771
6747.980957 0.000000 2303.316650 0.000000 0.492407 0.000000 0.870365 0.334730 0.334730 0.334730
6750.604492 0.000000 2292.655273 0.000000 0.077972 0.000000 0.996956 0.322087 0.322087 0.322087
6733.156250 0.000000 2268.311523 0.000000 0.205021 0.000000 0.978758 0.329913 0.329913 0.329913
6746.534668 0.000000 2314.170410 0.000000 0.544350 0.000000 0.838858 0.334695 0.334695 0.334695
6765.450195 0.000000 2261.894531 0.000000 0.128463 0.000000 0.991714 0.327131 0.327131 0.327131
6757.460449 0.000000 2290.710205 0.000000 0.579220 0.000000 0.815171 0.334636 0.334636 0.334636
6746.510254 0.000000 2290.168213 0.000000 0.342144 0.000000 0.939648 0.326890 0.326890 0.326890
6725.392090 0.000000 2309.114746 0.000000 0.292911 0.000000 0.956140 0.330359 0.330359 0.330359
6743.844727 0.000000 2306.895508 0.000000 0.044717 0.000000 0.999000 0.325131 0.325131 0.325131
6749.201660 0.000000 2292.041504 0.000000 0.552013 0.000000 0.833836 0.331390 0.331390 0.331390
6750.455078 0.000000 2265.453613 0.000000 0.096941 0.000000 0.995290 0.327336 0.327336 0.327336
6759.286133 0.000000 2266.197266 0.000000 0.438388 0.000000 0.898786 0.331797 0.331797 0.331797
6762.500977 0.000000 2274.160645 0.000000 0.454286 0.000000 0.890856 0.331366 0.331366 0.331366
6742.076660 0.000000 2301.160889 0.000000 0.183931 0.000000 0.982939 0.328446 0.328446 0.328446
6735.857910 0.000000 2314.665283 0.000000 0.559178 0.000000 0.829047 0.328563 0.328563 0.328563
6765.066406 0.000000 2264.973389 0.000000 0.512380 0.000000 0.858759 0.330777 0.330777 0.330777
6720.036621 0.000000 2304.402344 0.000000 0.077608 0.000000 0.996984 0.325407 0.325407 0.325407
6757.641113 0.000000 2266.501465 0.000000 0.075220 0.000000 0.997167 0.325629 0.325629 0.325629
6737.812988 0.000000 2315.239990 0.000000 0.208062 0.000000 0.978116 0.320741 0.320741 0.320741
6720.036621 0.000000 2305.970215 0.000000 0.189400 0.000000 0.981900 0.327266 0.327266 0.327266
6754.804199 0.000000 2283.357178 0.000000 0.154593 0.000000 0.987978 0.326313 0.326313 0.326313
6757.055664 0.000000 2272.818115 0.000000 0.313912 0.000000 0.949452 0.326380 0.326380 0.326380
6744.647461 0.000000 2312.322266 0.000000 0.061629 0.000000 0.998099 0.323693 0.323693 0.323693
6725.635742 0.000000 2269.752930 0.000000 0.586167 0.000000 0.810190 0.332587 0.332587 0.332587
6721.854492 0.000000 2274.818359 0.000000 0.136305 0.000000 0.990667 0.323685 0.323685 0.323685
6752.381836 0.000000 2286.554199 0.000000 0.335593 0.000000 0.942007 0.326812 0.326812 0.326812
6732.118164 0.000000 2315.849609 0.000000 0.049818 0.000000 0.998758 0.316110 0.316110 0.316110
6694.386719 0.000000 2338.207520 0.000000 0.304739 0.000000 0.952436 0.332699 0.332699 0.332699
6676.724609 0.000000 2345.559814 0.000000 0.285216 0.000000 0.958463 0.332419 0.332419 0.332419
6672.003418 0.000000 2343.162109 0.000000 0.327773 0.000000 0.944756 0.333032 0.333032 0.333032
6680.755859 0.000000 2335.208496 0.000000 0.379504 0.000000 0.925190 0.333533 0.333533 0.333533
6660.637695 0.000000 2334.432129 0.000000 0.067502 0.000000 0.997719 0.329378 0.329378 0.329378
6695.451172 0.000000 2330.854980 0.000000 0.527699 0.000000 0.849431 0.336077 0.336077 0.336077
6704.601562 0.000000 2320.701660 0.000000 0.503962 0.000000 0.863726 0.335287 0.335287 0.335287
6702.915039 0.000000 2324.945068 0.000000 0.319509 0.000000 0.947583 0.331171 0.331171 0.331171
6688.249023 0.000000 2344.235107 0.000000 0.208776 0.000000 0.977964 0.331574 0.331574 0.331574
6656.668457 0.000000 2333.629883 0.000000 0.533041 0.000000 0.846089 0.336075 0.336075 0.336075
6678.645996 0.000000 2346.525146 0.000000 0.163359 0.000000 0.986567 0.331009 0.331009 0.331009
6693.382812 0.000000 2343.441406 0.000000 0.118234 0.000000 0.992986 0.330077 0.330077 0.330077
6660.679688 0.000000 2330.095703 0.000000 0.359599 0.000000 0.933107 0.330396 0.330396 0.330396
6670.121582 0.000000 2317.877930 0.000000 0.458640 0.000000 0.888622 0.326525 0.326525 0.326525
6678.347168 0.000000 2338.502930 0.000000 0.282225 0.000000 0.959348 0.329065 0.329065 0.329065
6705.047363 0.000000 2324.683838 0.000000 0.259258 0.000000 0.965808 0.332049 0.332049 0.332049
6662.215332 0.000000 2332.012695 0.000000 0.549478 0.000000 0.835508 0.334357 0.334357 0.334357
6702.857422 0.000000 2321.363281 0.000000 0.324993 0.000000 0.945716 0.331042 0.331042 0.331042
6664.096191 0.000000 2318.044434 0.000000 0.514734 0.000000 0.857350 0.327903 0.327903 0.327903
6712.123047 0.000000 2319.202881 0.000000 0.513641 0.000000 0.858005 0.330669 0.330669 0.330669
6664.607910 0.000000 2329.694824 0.000000 0.217659 0.000000 0.976025 0.326443 0.326443 0.326443
6692.762207 0.000000 2337.364502 0.000000 0.512326 0.000000 0.858791 0.333168 0.333168 0.333168
6659.098633 0.000000 2333.983398 0.000000 0.540255 0.000000 0.841501 0.334096 0.334096 0.334096
6660.025391 0.000000 2320.084717 0.000000 0.566578 0.000000 0.824008 0.329225 0.329225 0.329225
6669.933594 0.000000 2321.728271 0.000000 0.116298 0.000000 0.993214 0.318804 0.318804 0.318804
6695.698242 0.000000 2317.817627 0.000000 0.030370 0.000000 0.999539 0.324897 0.324897 0.324897
6691.868164 0.000000 2331.700195 0.000000 0.576579 0.000000 0.817042 0.333581 0.333581 0.333581
6661.380859 0.000000 2316.017334 0.000000 0.481460 0.000000 0.876468 0.327079 0.327079 0.327079
6712.234863 0.000000 2317.602295 0.000000 0.067780 0.000000 0.997700 0.317496 0.317496 0.317496
6664.166504 0.000000 2321.444092 0.000000 0.251104 0.000000 0.967960 0.321749 0.321749 0.321749
6656.065918 0.000000 2321.896729 0.000000 0.584724 0.000000 0.811232 0.329701 0.329701 0.329701
6703.227539 0.000000 2317.378662 0.000000 0.527964 0.000000 0.849267 0.330895 0.330895 0.330895
6701.066406 0.000000 2321.457764 0.000000 0.561087 0.000000 0.827757 0.334323 0.334323 0.334323
6718.061523 0.000000 2324.047607 0.000000 0.518188 0.000000 0.855267 0.333324 0.333324 0.333324
6657.465820 0.000000 2320.418701 0.000000 0.353969 0.000000 0.935257 0.324065 0.324065 0.324065
6714.259766 0.000000 2341.991455 0.000000 0.141068 0.000000 0.990000 0.324086 0.324086 0.324086
6656.082520 0.000000 2327.639648 0.000000 0.569767 0.000000 0.821807 0.328508 0.328508 0.328508
6658.168457 0.000000 2315.878906 0.000000 0.384060 0.000000 0.923308 0.324760 0.324760 0.324760
6665.470215 0.000000 2317.898438 0.000000 0.300906 0.000000 0.953654 0.322860 0.322860 0.322860
6735.212891 0.000000 2328.312744 0.000000 0.278245 0.000000 0.960510 0.333614 0.333614 0.333614
6744.755859 0.000000 2335.208496 0.000000 0.474330 0.000000 0.880347 0.335184 0.335184 0.335184
6764.304199 0.000000 2339.558838 0.000000 0.130095 0.000000 0.991502 0.329171 0.329171 0.329171
6759.451172 0.000000 2330.854980 0.000000 0.074871 0.000000 0.997193 0.329479 0.329479 0.329479
6744.196777 0.000000 2322.127441 0.000000 0.096023 0.000000 0.995379 0.329062 0.329062 0.329062
6766.915039 0.000000 2324.945068 0.000000 0.182393 0.000000 0.983226 0.330967 0.330967 0.330967
6751.953125 0.000000 2321.534668 0.000000 0.262893 0.000000 0.964825 0.328737 0.328737 0.328737
6770.636719 0.000000 2326.313721 0.000000 0.427889 0.000000 0.903832 0.334517 0.334517 0.334517
6764.434570 0.000000 2327.638184 0.000000 0.156103 0.000000 0.987741 0.330601 0.330601 0.330601
6769.818848 0.000000 2342.607178 0.000000 0.256758 0.000000 0.966476 0.330581 0.330581 0.330581
6722.093750 0.000000 2326.925781 0.000000 0.136267 0.000000 0.990672 0.327945 0.327945 0.327945
6730.858887 0.000000 2323.387939 0.000000 0.470171 0.000000 0.882575 0.325907 0.325907 0.325907
6756.762207 0.000000 2337.364502 0.000000 0.149995 0.000000 0.988687 0.329275 0.329275 0.329275
6752.870605 0.000000 2323.104980 0.000000 0.356024 0.000000 0.934477 0.329543 0.329543 0.329543
6732.623047 0.000000 2339.490967 0.000000 0.074143 0.000000 0.997248 0.317896 0.317896 0.317896
6752.706543 0.000000 2320.008545 0.000000 0.398004 0.000000 0.917384 0.330565 0.330565 0.330565
6733.156250 0.000000 2324.795898 0.000000 0.575238 0.000000 0.817986 0.328656 0.328656 0.328656
6752.356445 0.000000 2328.226318 0.000000 0.137691 0.000000 0.990475 0.326653 0.326653 0.326653
6757.219727 0.000000 2339.438721 0.000000 0.144873 0.000000 0.989450 0.326086 0.326086 0.326086
6758.213867 0.000000 2325.872559 0.000000 0.487393 0.000000 0.873183 0.330843 0.330843 0.330843
6730.945312 0.000000 2316.005615 0.000000 0.312297 0.000000 0.949985 0.322077 0.322077 0.322077
6733.791016 0.000000 2315.912109 0.000000 0.019387 0.000000 0.999812 0.315432 0.315432 0.315432
6746.472168 0.000000 2319.093018 0.000000 0.413862 0.000000 0.910340 0.332155 0.332155 0.332155
6720.942871 0.000000 2319.008789 0.000000 0.305014 0.000000 0.952348 0.321906 0.321906 0.321906
6729.760254 0.000000 2324.561035 0.000000 0.491589 0.000000 0.870827 0.329960 0.329960 0.329960
6721.194336 0.000000 2325.133789 0.000000 0.193038 0.000000 0.981191 0.327568 0.327568 0.327568
6754.394043 0.000000 2328.552490 0.000000 0.275055 0.000000 0.961428 0.328943 0.328943 0.328943
6726.925293 0.000000 2323.956543 0.000000 0.469706 0.000000 0.882823 0.326367 0.326367 0.326367
6743.808105 0.000000 2320.693115 0.000000 0.310103 0.000000 0.950703 0.327895 0.327895 0.327895
6760.668945 0.000000 2320.512695 0.000000 0.089545 0.000000 0.995983 0.325863 0.325863 0.325863
6782.222168 0.000000 2338.571045 0.000000 0.307709 0.000000 0.951480 0.329499 0.329499 0.329499
6757.430176 0.000000 2320.326660 0.000000 0.000583 0.000000 1.000000 0.324206 0.324206 0.324206
6755.259766 0.000000 2318.423828 0.000000 0.144518 0.000000 0.989502 0.326765 0.326765 0.326765
6736.411621 0.000000 2320.253906 0.000000 0.568026 0.000000 0.823011 0.328460 0.328460 0.328460
6740.915039 0.000000 2323.581299 0.000000 0.513368 0.000000 0.858169 0.330753 0.330753 0.330753
6736.399902 0.000000 2321.536865 0.000000 0.113573 0.000000 0.993530 0.317536 0.317536 0.317536
6722.810059 0.000000 2322.299805 0.000000 0.194029 0.000000 0.980996 0.325721 0.325721 0.325721
6734.840820 0.000000 2343.653809 0.000000 0.132064 0.000000 0.991241 0.320716 0.320716 0.320716
6722.946289 0.000000 2318.304688 0.000000 0.116663 0.000000 0.993172 0.317605 0.317605 0.317605
6730.391113 0.000000 2321.411865 0.000000 0.080063 0.000000 0.996790 0.316786 0.316786 0.316786
6732.818359 0.000000 2321.285889 0.000000 0.568526 0.000000 0.822665 0.328474 0.328474 0.328474
6785.541504 0.000000 2337.023438 0.000000 0.058842 0.000000 0.998267 0.316312 0.316312 0.316312
6945.051758 0.000000 2573.988281 0.000000 0.120872 0.000000 0.992668 0.328277 0.328277 0.328277
6957.660156 0.000000 2573.747070 0.000000 0.349852 0.000000 0.936805 0.327576 0.327576 0.327576
6938.051758 0.000000 2574.091064 0.000000 0.487868 0.000000 0.872917 0.335303 0.335303 0.335303
6935.875000 0.000000 2573.872559 0.000000 0.496348 0.000000 0.868124 0.331672 0.331672 0.331672
6942.429688 0.000000 2566.971924 0.000000 0.125056 0.000000 0.992150 0.318110 0.318110 0.318110
6941.201660 0.000000 2574.463379 0.000000 0.247365 0.000000 0.968922 0.329803 0.329803 0.329803
6959.812988 0.000000 2573.901367 0.000000 0.311394 0.000000 0.950281 0.328850 0.328850 0.328850
6956.297363 0.000000 2573.849365 0.000000 0.335084 0.000000 0.942188 0.327285 0.327285 0.327285
6956.637695 0.000000 2571.350098 0.000000 0.037415 0.000000 0.999300 0.315834 0.315834 0.315834
6286.853027 0.000000 2841.120605 0.000000 0.533403 0.000000 0.845861 0.329827 0.329827 0.329827
6285.914551 0.000000 2842.461914 0.000000 0.290163 0.000000 0.956977 0.321560 0.321560 0.321560
6293.670898 0.000000 2851.302979 0.000000 0.352442 0.000000 0.935834 0.328315 0.328315 0.328315
6669.066406 0.000000 2877.435059 0.000000 0.503491 0.000000 0.864001 0.337831 0.337831 0.337831
6670.936035 0.000000 2870.790771 0.000000 0.551259 0.000000 0.834334 0.336935 0.336935 0.336935
6673.040527 0.000000 2876.754150 0.000000 0.091503 0.000000 0.995805 0.324667 0.324667 0.324667
6670.515625 0.000000 2874.165527 0.000000 0.177002 0.000000 0.984210 0.322129 0.322129 0.322129
7447.051758 0.000000 3335.625977 0.000000 0.138433 0.000000 0.990372 0.330669 0.330669 0.330669
"}
object={
	name="oak_generator_2_1"
	clamp_to_water_level=no
	render_under_water=no
	generated_content=yes
	layer="semidynamic_medium"
	pdxmesh="oak_tree_02_mesh"
	count=1938
	transform="1766.643433 0.000000 1237.874023 0.000000 0.683465 0.000000 0.729983 0.339561 0.339561 0.339561
1788.370483 0.000000 1232.068481 0.000000 0.919902 0.000000 0.392148 0.344630 0.344630 0.344630
1759.716431 0.000000 1226.622437 0.000000 0.784559 0.000000 0.620055 0.340913 0.340913 0.340913
1752.739258 0.000000 1214.741089 0.000000 0.665133 0.000000 0.746725 0.337402 0.337402 0.337402
1771.705322 0.000000 1213.559570 0.000000 0.674187 0.000000 0.738561 0.338456 0.338456 0.338456
1756.327393 0.000000 1213.990479 0.000000 0.784731 0.000000 0.619837 0.339952 0.339952 0.339952
1757.381714 0.000000 1216.767090 0.000000 0.588255 0.000000 0.808675 0.336091 0.336091 0.336091
1775.049927 0.000000 1215.381836 0.000000 0.744615 0.000000 0.667494 0.339240 0.339240 0.339240
1787.742432 0.000000 1280.333252 0.000000 0.669121 0.000000 0.743154 0.339349 0.339349 0.339349
1782.755981 0.000000 1268.751709 0.000000 0.877596 0.000000 0.479401 0.343665 0.343665 0.343665
1781.610352 0.000000 1278.149048 0.000000 0.878285 0.000000 0.478137 0.343880 0.343880 0.343880
1786.107300 0.000000 1297.856689 0.000000 0.946283 0.000000 0.323341 0.345800 0.345800 0.345800
1788.341309 0.000000 1295.824097 0.000000 0.653122 0.000000 0.757253 0.339040 0.339040 0.339040
1773.601929 0.000000 1282.581177 0.000000 0.878550 0.000000 0.477650 0.343560 0.343560 0.343560
1782.928345 0.000000 1259.541260 0.000000 0.668652 0.000000 0.743575 0.339304 0.339304 0.339304
1778.714722 0.000000 1293.129150 0.000000 0.703458 0.000000 0.710736 0.339915 0.339915 0.339915
1768.628784 0.000000 1248.796509 0.000000 0.870581 0.000000 0.492024 0.342673 0.342673 0.342673
1759.885010 0.000000 1261.846313 0.000000 0.906514 0.000000 0.422176 0.344268 0.344268 0.344268
1765.505493 0.000000 1298.343872 0.000000 0.887017 0.000000 0.461737 0.343227 0.343227 0.343227
1761.615479 0.000000 1296.751953 0.000000 0.909490 0.000000 0.415726 0.344156 0.344156 0.344156
1791.035522 0.000000 1284.264404 0.000000 0.725965 0.000000 0.687732 0.338934 0.338934 0.338934
1774.914917 0.000000 1251.742065 0.000000 0.908587 0.000000 0.417697 0.343806 0.343806 0.343806
1774.326538 0.000000 1253.774292 0.000000 0.893312 0.000000 0.449436 0.343483 0.343483 0.343483
1774.922729 0.000000 1277.977539 0.000000 0.868827 0.000000 0.495115 0.341808 0.341808 0.341808
1773.660034 0.000000 1274.606567 0.000000 0.758701 0.000000 0.651439 0.338531 0.338531 0.338531
1762.607544 0.000000 1295.050171 0.000000 0.729910 0.000000 0.683544 0.339182 0.339182 0.339182
1774.857178 0.000000 1248.160156 0.000000 0.677480 0.000000 0.735542 0.338337 0.338337 0.338337
1791.474121 0.000000 1287.880737 0.000000 0.662411 0.000000 0.749140 0.337792 0.337792 0.337792
1767.873657 0.000000 1279.443726 0.000000 0.877288 0.000000 0.479964 0.342979 0.342979 0.342979
1764.653442 0.000000 1280.921143 0.000000 0.849334 0.000000 0.527856 0.341910 0.341910 0.341910
1761.555908 0.000000 1269.330566 0.000000 0.841720 0.000000 0.539914 0.341802 0.341802 0.341802
1773.137695 0.000000 1257.716309 0.000000 0.838529 0.000000 0.544856 0.340534 0.340534 0.340534
1765.573853 0.000000 1254.160522 0.000000 0.942401 0.000000 0.334486 0.344248 0.344248 0.344248
1773.746216 0.000000 1262.792236 0.000000 0.780570 0.000000 0.625068 0.338849 0.338849 0.338849
1766.213745 0.000000 1252.669556 0.000000 0.690100 0.000000 0.723714 0.335046 0.335046 0.335046
1767.927368 0.000000 1255.830200 0.000000 0.708474 0.000000 0.705737 0.335384 0.335384 0.335384
1767.139160 0.000000 1266.383911 0.000000 0.876504 0.000000 0.481394 0.340894 0.340894 0.340894
1770.500732 0.000000 1257.441772 0.000000 0.750069 0.000000 0.661359 0.336393 0.336393 0.336393
1775.751465 0.000000 1280.216431 0.000000 0.777004 0.000000 0.629495 0.339261 0.339261 0.339261
1772.925659 0.000000 1259.223633 0.000000 0.817131 0.000000 0.576452 0.339183 0.339183 0.339183
1762.393921 0.000000 1255.349243 0.000000 0.670783 0.000000 0.741654 0.336165 0.336165 0.336165
1773.534546 0.000000 1277.677734 0.000000 0.923233 0.000000 0.384242 0.343332 0.343332 0.343332
1773.479614 0.000000 1267.195801 0.000000 0.927094 0.000000 0.374828 0.341741 0.341741 0.341741
1774.218384 0.000000 1261.532715 0.000000 0.597024 0.000000 0.802223 0.334259 0.334259 0.334259
1768.130127 0.000000 1258.728760 0.000000 0.848654 0.000000 0.528949 0.340040 0.340040 0.340040
1769.289551 0.000000 1268.069092 0.000000 0.810356 0.000000 0.585938 0.337473 0.337473 0.337473
1769.059570 0.000000 1265.973877 0.000000 0.820262 0.000000 0.571988 0.338667 0.338667 0.338667
1771.927246 0.000000 1257.501221 0.000000 0.846042 0.000000 0.533116 0.339412 0.339412 0.339412
1751.427856 0.000000 1348.135986 0.000000 0.665631 0.000000 0.746281 0.340025 0.340025 0.340025
1783.010986 0.000000 1354.093506 0.000000 0.866221 0.000000 0.499660 0.343440 0.343440 0.343440
1737.807983 0.000000 1334.846191 0.000000 0.754535 0.000000 0.656259 0.341087 0.341087 0.341087
1763.651001 0.000000 1322.083008 0.000000 0.869848 0.000000 0.493320 0.343689 0.343689 0.343689
1757.234741 0.000000 1322.849365 0.000000 0.672052 0.000000 0.740504 0.339363 0.339363 0.339363
1779.006592 0.000000 1307.585693 0.000000 0.898915 0.000000 0.438122 0.344254 0.344254 0.344254
1780.612793 0.000000 1314.852661 0.000000 0.824202 0.000000 0.566296 0.342320 0.342320 0.342320
1771.534790 0.000000 1315.130371 0.000000 0.843676 0.000000 0.536853 0.342770 0.342770 0.342770
1756.116333 0.000000 1354.556274 0.000000 0.913697 0.000000 0.406395 0.344716 0.344716 0.344716
1739.714111 0.000000 1337.143799 0.000000 0.756127 0.000000 0.654425 0.340899 0.340899 0.340899
1739.443359 0.000000 1329.127686 0.000000 0.887593 0.000000 0.460628 0.343977 0.343977 0.343977
1766.386963 0.000000 1321.488770 0.000000 0.623187 0.000000 0.782073 0.338544 0.338544 0.338544
1749.175049 0.000000 1334.358643 0.000000 0.829991 0.000000 0.557777 0.341934 0.341934 0.341934
1733.178101 0.000000 1324.510620 0.000000 0.662745 0.000000 0.748845 0.339203 0.339203 0.339203
1761.496704 0.000000 1323.371338 0.000000 0.605008 0.000000 0.796219 0.338089 0.338089 0.338089
1754.002319 0.000000 1313.176025 0.000000 0.630355 0.000000 0.776307 0.337691 0.337691 0.337691
1787.743408 0.000000 1349.868164 0.000000 0.747285 0.000000 0.664503 0.340410 0.340410 0.340410
1764.142212 0.000000 1299.235840 0.000000 0.940545 0.000000 0.339668 0.345109 0.345109 0.345109
1758.667969 0.000000 1335.521973 0.000000 0.855487 0.000000 0.517824 0.342485 0.342485 0.342485
1759.885010 0.000000 1318.330688 0.000000 0.864425 0.000000 0.502762 0.342520 0.342520 0.342520
1790.188843 0.000000 1314.215210 0.000000 0.906246 0.000000 0.422750 0.344012 0.344012 0.344012
1765.505493 0.000000 1354.828247 0.000000 0.937035 0.000000 0.349235 0.345340 0.345340 0.345340
1761.615479 0.000000 1353.236328 0.000000 0.764104 0.000000 0.645093 0.340657 0.340657 0.340657
1759.716431 0.000000 1339.591187 0.000000 0.944952 0.000000 0.327210 0.345194 0.345194 0.345194
1789.359375 0.000000 1320.214233 0.000000 0.653168 0.000000 0.757213 0.336789 0.336789 0.336789
1751.342529 0.000000 1314.651367 0.000000 0.818682 0.000000 0.574247 0.341822 0.341822 0.341822
1778.491943 0.000000 1322.780884 0.000000 0.741894 0.000000 0.670517 0.339340 0.339340 0.339340
1759.860107 0.000000 1346.974121 0.000000 0.913051 0.000000 0.407846 0.343980 0.343980 0.343980
1784.393677 0.000000 1344.267334 0.000000 0.647336 0.000000 0.762204 0.336217 0.336217 0.336217
1780.948608 0.000000 1325.866699 0.000000 0.893952 0.000000 0.448162 0.343239 0.343239 0.343239
1764.999878 0.000000 1333.822144 0.000000 0.731269 0.000000 0.682090 0.337637 0.337637 0.337637
1770.718262 0.000000 1345.639648 0.000000 0.839778 0.000000 0.542930 0.341249 0.341249 0.341249
1759.909790 0.000000 1314.108032 0.000000 0.906323 0.000000 0.422585 0.343729 0.343729 0.343729
1766.249512 0.000000 1352.832886 0.000000 0.917756 0.000000 0.397144 0.344130 0.344130 0.344130
1782.766602 0.000000 1343.741211 0.000000 0.927676 0.000000 0.373387 0.343764 0.343764 0.343764
1779.333496 0.000000 1343.548340 0.000000 0.947146 0.000000 0.320803 0.345220 0.345220 0.345220
1781.040649 0.000000 1327.788086 0.000000 0.833680 0.000000 0.552248 0.340747 0.340747 0.340747
1789.962402 0.000000 1344.928711 0.000000 0.690604 0.000000 0.723233 0.336825 0.336825 0.336825
1769.198730 0.000000 1335.148682 0.000000 0.596528 0.000000 0.802592 0.335062 0.335062 0.335062
1787.166870 0.000000 1322.833374 0.000000 0.636276 0.000000 0.771461 0.335333 0.335333 0.335333
1778.992432 0.000000 1328.546753 0.000000 0.724190 0.000000 0.689600 0.336702 0.336702 0.336702
1773.321289 0.000000 1337.623535 0.000000 0.653447 0.000000 0.756972 0.336082 0.336082 0.336082
1783.191162 0.000000 1341.031128 0.000000 0.708192 0.000000 0.706020 0.335034 0.335034 0.335034
1785.878052 0.000000 1329.721924 0.000000 0.900396 0.000000 0.435071 0.341013 0.341013 0.341013
1767.991211 0.000000 1332.032227 0.000000 0.680538 0.000000 0.732713 0.336168 0.336168 0.336168
1791.265015 0.000000 1332.592529 0.000000 0.897381 0.000000 0.441256 0.339817 0.339817 0.339817
1788.529175 0.000000 1332.574097 0.000000 0.639867 0.000000 0.768485 0.330471 0.330471 0.330471
1784.429443 0.000000 1336.336060 0.000000 0.920856 0.000000 0.389904 0.341216 0.341216 0.341216
1785.029053 0.000000 1327.288818 0.000000 0.770586 0.000000 0.637336 0.337591 0.337591 0.337591
1789.635010 0.000000 1327.762573 0.000000 0.900195 0.000000 0.435488 0.341141 0.341141 0.341141
1778.554443 0.000000 1336.384644 0.000000 0.930076 0.000000 0.367368 0.342506 0.342506 0.342506
1772.297485 0.000000 1331.193115 0.000000 0.945238 0.000000 0.326383 0.343667 0.343667 0.343667
1787.392212 0.000000 1326.208496 0.000000 0.780131 0.000000 0.625617 0.337302 0.337302 0.337302
1788.154541 0.000000 1339.240356 0.000000 0.673810 0.000000 0.738905 0.331474 0.331474 0.331474
1776.565063 0.000000 1337.703613 0.000000 0.689490 0.000000 0.724295 0.334429 0.334429 0.334429
1787.589600 0.000000 1331.705566 0.000000 0.758621 0.000000 0.651533 0.334189 0.334189 0.334189
1771.135864 0.000000 1330.763672 0.000000 0.788671 0.000000 0.614815 0.337589 0.337589 0.337589
1818.661499 0.000000 1151.125122 0.000000 0.885715 0.000000 0.464229 0.344305 0.344305 0.344305
1821.234741 0.000000 1153.396240 0.000000 0.810651 0.000000 0.585530 0.342020 0.342020 0.342020
1848.579102 0.000000 1178.849854 0.000000 0.765312 0.000000 0.643660 0.340988 0.340988 0.340988
1847.879395 0.000000 1172.882324 0.000000 0.842182 0.000000 0.539193 0.342810 0.342810 0.342810
1817.163940 0.000000 1185.546875 0.000000 0.738116 0.000000 0.674673 0.340553 0.340553 0.340553
1875.921631 0.000000 1154.012939 0.000000 0.747598 0.000000 0.664151 0.341844 0.341844 0.341844
1895.675415 0.000000 1184.461426 0.000000 0.789780 0.000000 0.613391 0.342239 0.342239 0.342239
1892.219849 0.000000 1169.844971 0.000000 0.936408 0.000000 0.350913 0.345661 0.345661 0.345661
1860.219482 0.000000 1162.321655 0.000000 0.920557 0.000000 0.390609 0.345056 0.345056 0.345056
1863.290405 0.000000 1164.359863 0.000000 0.727698 0.000000 0.685897 0.340192 0.340192 0.340192
1890.455933 0.000000 1174.640381 0.000000 0.845431 0.000000 0.534085 0.341311 0.341311 0.341311
1890.384521 0.000000 1177.957275 0.000000 0.925310 0.000000 0.379211 0.344222 0.344222 0.344222
1893.564209 0.000000 1174.341187 0.000000 0.933963 0.000000 0.357370 0.344156 0.344156 0.344156
1846.872192 0.000000 1232.506226 0.000000 0.919996 0.000000 0.391928 0.345373 0.345373 0.345373
1828.675659 0.000000 1219.013916 0.000000 0.939937 0.000000 0.341348 0.345678 0.345678 0.345678
1792.226196 0.000000 1237.488892 0.000000 0.761045 0.000000 0.648699 0.341118 0.341118 0.341118
1844.612793 0.000000 1201.883911 0.000000 0.731683 0.000000 0.681645 0.340432 0.340432 0.340432
1851.669312 0.000000 1205.876709 0.000000 0.901255 0.000000 0.433288 0.344283 0.344283 0.344283
1841.605835 0.000000 1239.025757 0.000000 0.844087 0.000000 0.536207 0.343003 0.343003 0.343003
1821.536743 0.000000 1226.185059 0.000000 0.914575 0.000000 0.404416 0.344780 0.344780 0.344780
1818.132568 0.000000 1220.623657 0.000000 0.804796 0.000000 0.593551 0.341893 0.341893 0.341893
1805.152710 0.000000 1231.402954 0.000000 0.946502 0.000000 0.322699 0.345751 0.345751 0.345751
1804.406494 0.000000 1187.120239 0.000000 0.829009 0.000000 0.559235 0.342688 0.342688 0.342688
1813.436035 0.000000 1237.469849 0.000000 0.880076 0.000000 0.474832 0.343558 0.343558 0.343558
1798.827515 0.000000 1242.170776 0.000000 0.768607 0.000000 0.639721 0.341145 0.341145 0.341145
1852.880859 0.000000 1209.401611 0.000000 0.818454 0.000000 0.574571 0.342405 0.342405 0.342405
1834.451904 0.000000 1221.105957 0.000000 0.883318 0.000000 0.468775 0.343776 0.343776 0.343776
1812.862061 0.000000 1234.838867 0.000000 0.747110 0.000000 0.664700 0.340883 0.340883 0.340883
1799.173218 0.000000 1215.378540 0.000000 0.647748 0.000000 0.761854 0.338004 0.338004 0.338004
1851.279419 0.000000 1211.373413 0.000000 0.902540 0.000000 0.430607 0.344321 0.344321 0.344321
1793.729858 0.000000 1218.764160 0.000000 0.708479 0.000000 0.705732 0.338944 0.338944 0.338944
1832.273193 0.000000 1236.387451 0.000000 0.941527 0.000000 0.336938 0.345331 0.345331 0.345331
1818.413818 0.000000 1194.443359 0.000000 0.928366 0.000000 0.371667 0.344676 0.344676 0.344676
1797.887573 0.000000 1217.000488 0.000000 0.926447 0.000000 0.376426 0.343896 0.343896 0.343896
1806.121460 0.000000 1188.190308 0.000000 0.864707 0.000000 0.502276 0.342137 0.342137 0.342137
1803.577515 0.000000 1230.192993 0.000000 0.943920 0.000000 0.330175 0.345413 0.345413 0.345413
1809.982788 0.000000 1189.425659 0.000000 0.826331 0.000000 0.563184 0.339598 0.339598 0.339598
1844.105469 0.000000 1228.562866 0.000000 0.641677 0.000000 0.766975 0.338008 0.338008 0.338008
1819.270386 0.000000 1237.918091 0.000000 0.679355 0.000000 0.733810 0.336789 0.336789 0.336789
1795.196289 0.000000 1231.922363 0.000000 0.868235 0.000000 0.496153 0.341903 0.341903 0.341903
1794.240967 0.000000 1228.489258 0.000000 0.907216 0.000000 0.420664 0.343304 0.343304 0.343304
1796.483643 0.000000 1220.601685 0.000000 0.919054 0.000000 0.394131 0.342743 0.342743 0.342743
1797.526245 0.000000 1227.237793 0.000000 0.687285 0.000000 0.726388 0.336999 0.336999 0.336999
1842.333252 0.000000 1225.108398 0.000000 0.662432 0.000000 0.749122 0.337015 0.337015 0.337015
1819.020386 0.000000 1234.380127 0.000000 0.900090 0.000000 0.435703 0.342909 0.342909 0.342909
1798.203369 0.000000 1223.467163 0.000000 0.910929 0.000000 0.412563 0.343088 0.343088 0.343088
1795.459351 0.000000 1222.688110 0.000000 0.685159 0.000000 0.728393 0.335562 0.335562 0.335562
1845.526611 0.000000 1220.107422 0.000000 0.926263 0.000000 0.376878 0.343534 0.343534 0.343534
1842.026733 0.000000 1222.256104 0.000000 0.942376 0.000000 0.334556 0.344307 0.344307 0.344307
1822.239746 0.000000 1234.353638 0.000000 0.832809 0.000000 0.553561 0.339107 0.339107 0.339107
1799.681641 0.000000 1225.089966 0.000000 0.874932 0.000000 0.484246 0.342182 0.342182 0.342182
1819.908447 0.000000 1191.675415 0.000000 0.835145 0.000000 0.550030 0.339135 0.339135 0.339135
1811.069702 0.000000 1191.200317 0.000000 0.933273 0.000000 0.359167 0.342970 0.342970 0.342970
1821.439453 0.000000 1233.058594 0.000000 0.890597 0.000000 0.454794 0.342347 0.342347 0.342347
1800.168701 0.000000 1221.947510 0.000000 0.871317 0.000000 0.490721 0.341216 0.341216 0.341216
1808.411865 0.000000 1190.566406 0.000000 0.930333 0.000000 0.366716 0.343586 0.343586 0.343586
1827.360474 0.000000 1235.420654 0.000000 0.703666 0.000000 0.710531 0.334740 0.334740 0.334740
1815.642456 0.000000 1193.590942 0.000000 0.855589 0.000000 0.517656 0.339422 0.339422 0.339422
1814.916016 0.000000 1192.417969 0.000000 0.908918 0.000000 0.416975 0.341638 0.341638 0.341638
1798.448975 0.000000 1218.141846 0.000000 0.924731 0.000000 0.380621 0.343142 0.343142 0.343142
1860.956909 0.000000 1232.338989 0.000000 0.915734 0.000000 0.401785 0.345177 0.345177 0.345177
1894.192993 0.000000 1191.878784 0.000000 0.588454 0.000000 0.808530 0.338604 0.338604 0.338604
1865.807983 0.000000 1221.877441 0.000000 0.605714 0.000000 0.795682 0.338784 0.338784 0.338784
1900.084717 0.000000 1216.915649 0.000000 0.710254 0.000000 0.703946 0.340242 0.340242 0.340242
1872.764038 0.000000 1202.123901 0.000000 0.868289 0.000000 0.496059 0.343446 0.343446 0.343446
1859.168213 0.000000 1230.124512 0.000000 0.661511 0.000000 0.749935 0.338997 0.338997 0.338997
1885.260010 0.000000 1220.441162 0.000000 0.831263 0.000000 0.555879 0.342275 0.342275 0.342275
1889.496704 0.000000 1210.402588 0.000000 0.742405 0.000000 0.669952 0.340506 0.340506 0.340506
1872.434082 0.000000 1216.233032 0.000000 0.948612 0.000000 0.316443 0.345625 0.345625 0.345625
1876.471069 0.000000 1207.997437 0.000000 0.604073 0.000000 0.796929 0.336825 0.336825 0.336825
1887.885010 0.000000 1205.361938 0.000000 0.749003 0.000000 0.662566 0.340159 0.340159 0.340159
1874.931519 0.000000 1217.498047 0.000000 0.813149 0.000000 0.582056 0.341179 0.341179 0.341179
1891.886841 0.000000 1216.796387 0.000000 0.927300 0.000000 0.374319 0.344686 0.344686 0.344686
1874.112671 0.000000 1212.363525 0.000000 0.848970 0.000000 0.528441 0.342386 0.342386 0.342386
1863.299561 0.000000 1226.910034 0.000000 0.793908 0.000000 0.608039 0.341119 0.341119 0.341119
1873.646729 0.000000 1205.496704 0.000000 0.643638 0.000000 0.765330 0.338005 0.338005 0.338005
1891.914307 0.000000 1214.931030 0.000000 0.941033 0.000000 0.338314 0.345039 0.345039 0.345039
1890.170532 0.000000 1214.529175 0.000000 0.912524 0.000000 0.409023 0.343943 0.343943 0.343943
1883.568481 0.000000 1219.579224 0.000000 0.629469 0.000000 0.777025 0.337014 0.337014 0.337014
1961.606079 0.000000 1167.168945 0.000000 0.637652 0.000000 0.770324 0.339435 0.339435 0.339435
1955.373291 0.000000 1156.630859 0.000000 0.891695 0.000000 0.452637 0.344008 0.344008 0.344008
1962.699829 0.000000 1170.066284 0.000000 0.921343 0.000000 0.388752 0.345133 0.345133 0.345133
1958.352295 0.000000 1178.875977 0.000000 0.767198 0.000000 0.641411 0.340782 0.340782 0.340782
1964.263306 0.000000 1179.862549 0.000000 0.752209 0.000000 0.658925 0.340508 0.340508 0.340508
1963.936890 0.000000 1186.114990 0.000000 0.825547 0.000000 0.564333 0.340517 0.340517 0.340517
1935.288574 0.000000 1144.225464 0.000000 0.937815 0.000000 0.347137 0.344951 0.344951 0.344951
1947.430664 0.000000 1141.715210 0.000000 0.948521 0.000000 0.316714 0.344664 0.344664 0.344664
1952.870728 0.000000 1136.932983 0.000000 0.813092 0.000000 0.582135 0.341259 0.341259 0.341259
1969.522705 0.000000 1184.359253 0.000000 0.662021 0.000000 0.749485 0.336748 0.336748 0.336748
1950.455078 0.000000 1135.765991 0.000000 0.792747 0.000000 0.609551 0.339547 0.339547 0.339547
1956.142212 0.000000 1186.267090 0.000000 0.750120 0.000000 0.661302 0.339961 0.339961 0.339961
1959.709595 0.000000 1186.174194 0.000000 0.740578 0.000000 0.671970 0.339280 0.339280 0.339280
1967.569580 0.000000 1186.275024 0.000000 0.691929 0.000000 0.721966 0.338088 0.338088 0.338088
1849.614258 0.000000 1295.037354 0.000000 0.861294 0.000000 0.508107 0.343736 0.343736 0.343736
1825.456543 0.000000 1256.581177 0.000000 0.906381 0.000000 0.422460 0.344569 0.344569 0.344569
1830.643433 0.000000 1294.358398 0.000000 0.925964 0.000000 0.377612 0.345060 0.345060 0.345060
1844.340698 0.000000 1242.992310 0.000000 0.668687 0.000000 0.743544 0.339378 0.339378 0.339378
1847.879395 0.000000 1285.851074 0.000000 0.791609 0.000000 0.611028 0.341614 0.341614 0.341614
1854.830811 0.000000 1289.891357 0.000000 0.926450 0.000000 0.376417 0.345211 0.345211 0.345211
1821.260010 0.000000 1276.925537 0.000000 0.791343 0.000000 0.611372 0.341723 0.341723 0.341723
1854.888184 0.000000 1279.281250 0.000000 0.942814 0.000000 0.333318 0.345709 0.345709 0.345709
1825.210693 0.000000 1292.099121 0.000000 0.640122 0.000000 0.768273 0.338708 0.338708 0.338708
1850.085693 0.000000 1289.814819 0.000000 0.633358 0.000000 0.773859 0.338711 0.338711 0.338711
1812.386963 0.000000 1269.453369 0.000000 0.807052 0.000000 0.590480 0.341693 0.341693 0.341693
1792.010498 0.000000 1271.342529 0.000000 0.938548 0.000000 0.345150 0.345273 0.345273 0.345273
1811.281494 0.000000 1298.310669 0.000000 0.667625 0.000000 0.744498 0.338626 0.338626 0.338626
1810.931519 0.000000 1273.982422 0.000000 0.717616 0.000000 0.696439 0.339869 0.339869 0.339869
1804.076904 0.000000 1277.966675 0.000000 0.933658 0.000000 0.358166 0.345135 0.345135 0.345135
1816.466675 0.000000 1269.180298 0.000000 0.879887 0.000000 0.475183 0.343358 0.343358 0.343358
1810.112671 0.000000 1268.847900 0.000000 0.857149 0.000000 0.515068 0.342719 0.342719 0.342719
1812.737915 0.000000 1242.659180 0.000000 0.716393 0.000000 0.697697 0.339812 0.339812 0.339812
1823.716431 0.000000 1283.106812 0.000000 0.594341 0.000000 0.804213 0.337386 0.337386 0.337386
1799.299561 0.000000 1283.394409 0.000000 0.940594 0.000000 0.339532 0.344718 0.344718 0.344718
1815.052002 0.000000 1245.704102 0.000000 0.886264 0.000000 0.463181 0.343288 0.343288 0.343288
1823.429199 0.000000 1266.584351 0.000000 0.930558 0.000000 0.366144 0.344759 0.344759 0.344759
1798.226929 0.000000 1287.231201 0.000000 0.926127 0.000000 0.377211 0.343984 0.343984 0.343984
1811.138916 0.000000 1290.319946 0.000000 0.947387 0.000000 0.320091 0.344690 0.344690 0.344690
1803.119385 0.000000 1296.275391 0.000000 0.769977 0.000000 0.638072 0.339993 0.339993 0.339993
1809.040649 0.000000 1295.191772 0.000000 0.861403 0.000000 0.507922 0.341597 0.341597 0.341597
1810.928345 0.000000 1283.561035 0.000000 0.658320 0.000000 0.752738 0.335405 0.335405 0.335405
1796.837402 0.000000 1290.895996 0.000000 0.766207 0.000000 0.642594 0.339389 0.339389 0.339389
1824.666016 0.000000 1243.295166 0.000000 0.826890 0.000000 0.562364 0.339589 0.339589 0.339589
1825.555908 0.000000 1269.330566 0.000000 0.657399 0.000000 0.753543 0.338068 0.338068 0.338068
1793.541504 0.000000 1263.820312 0.000000 0.630484 0.000000 0.776202 0.337421 0.337421 0.337421
1821.381714 0.000000 1273.251465 0.000000 0.876172 0.000000 0.481999 0.342859 0.342859 0.342859
1801.975220 0.000000 1280.168335 0.000000 0.767194 0.000000 0.641415 0.338865 0.338865 0.338865
1814.371582 0.000000 1295.482300 0.000000 0.890419 0.000000 0.455142 0.342444 0.342444 0.342444
1817.175293 0.000000 1285.025757 0.000000 0.859423 0.000000 0.511265 0.340786 0.340786 0.340786
1804.884766 0.000000 1289.638672 0.000000 0.700318 0.000000 0.713831 0.337254 0.337254 0.337254
1807.572021 0.000000 1274.256104 0.000000 0.643660 0.000000 0.765312 0.337397 0.337397 0.337397
1823.070923 0.000000 1263.313477 0.000000 0.597525 0.000000 0.801850 0.336423 0.336423 0.336423
1799.856445 0.000000 1287.337891 0.000000 0.736182 0.000000 0.676784 0.338438 0.338438 0.338438
1819.663208 0.000000 1265.451904 0.000000 0.848637 0.000000 0.528976 0.341428 0.341428 0.341428
1798.203369 0.000000 1279.951538 0.000000 0.913991 0.000000 0.405734 0.343575 0.343575 0.343575
1796.650269 0.000000 1280.432373 0.000000 0.933414 0.000000 0.358802 0.344292 0.344292 0.344292
1811.869141 0.000000 1293.975952 0.000000 0.839070 0.000000 0.544024 0.340752 0.340752 0.340752
1817.614136 0.000000 1294.391968 0.000000 0.901639 0.000000 0.432489 0.342965 0.342965 0.342965
1804.418213 0.000000 1291.732178 0.000000 0.717110 0.000000 0.696961 0.337501 0.337501 0.337501
1831.698120 0.000000 1244.614502 0.000000 0.827203 0.000000 0.561903 0.340667 0.340667 0.340667
1802.652832 0.000000 1281.722046 0.000000 0.626534 0.000000 0.779394 0.335709 0.335709 0.335709
1819.966187 0.000000 1291.925415 0.000000 0.916440 0.000000 0.400172 0.343237 0.343237 0.343237
1819.975342 0.000000 1289.702026 0.000000 0.628852 0.000000 0.777525 0.334628 0.334628 0.334628
1872.310547 0.000000 1267.450806 0.000000 0.908631 0.000000 0.417600 0.344655 0.344655 0.344655
1856.226196 0.000000 1293.973267 0.000000 0.898533 0.000000 0.438905 0.344203 0.344203 0.344203
1862.656738 0.000000 1291.473999 0.000000 0.907269 0.000000 0.420550 0.344463 0.344463 0.344463
1872.434082 0.000000 1272.717407 0.000000 0.775162 0.000000 0.631763 0.341007 0.341007 0.341007
1858.854492 0.000000 1290.203247 0.000000 0.821503 0.000000 0.570204 0.342259 0.342259 0.342259
1867.577515 0.000000 1286.677368 0.000000 0.797315 0.000000 0.603563 0.340148 0.340148 0.340148
1868.416504 0.000000 1284.574219 0.000000 0.626651 0.000000 0.779300 0.335868 0.335868 0.335868
1868.826050 0.000000 1281.842407 0.000000 0.890015 0.000000 0.455931 0.342430 0.342430 0.342430
1865.808472 0.000000 1265.014526 0.000000 0.722867 0.000000 0.690988 0.338102 0.338102 0.338102
1806.716187 0.000000 1308.874268 0.000000 0.824406 0.000000 0.566000 0.342982 0.342982 0.342982
1797.348755 0.000000 1307.582397 0.000000 0.915630 0.000000 0.402022 0.345029 0.345029 0.345029
1818.772095 0.000000 1349.050903 0.000000 0.814458 0.000000 0.580222 0.342103 0.342103 0.342103
1804.396729 0.000000 1311.648438 0.000000 0.639815 0.000000 0.768529 0.338818 0.338818 0.338818
1813.436035 0.000000 1350.438599 0.000000 0.717752 0.000000 0.696299 0.339804 0.339804 0.339804
1798.297607 0.000000 1300.488770 0.000000 0.788351 0.000000 0.615226 0.341662 0.341662 0.341662
1812.724731 0.000000 1328.841064 0.000000 0.764631 0.000000 0.644468 0.340362 0.340362 0.340362
1809.307007 0.000000 1310.086548 0.000000 0.814758 0.000000 0.579801 0.341515 0.341515 0.341515
1827.024292 0.000000 1319.712769 0.000000 0.909541 0.000000 0.415615 0.343839 0.343839 0.343839
1816.755737 0.000000 1318.489868 0.000000 0.635028 0.000000 0.772489 0.337581 0.337581 0.337581
1812.471069 0.000000 1320.966187 0.000000 0.698976 0.000000 0.715146 0.338546 0.338546 0.338546
1796.637939 0.000000 1317.713379 0.000000 0.594384 0.000000 0.804182 0.336611 0.336611 0.336611
1816.466675 0.000000 1325.664673 0.000000 0.776863 0.000000 0.629669 0.340626 0.340626 0.340626
1816.281860 0.000000 1321.155762 0.000000 0.798787 0.000000 0.601614 0.340891 0.340891 0.340891
1801.306274 0.000000 1324.815186 0.000000 0.871131 0.000000 0.491052 0.342667 0.342667 0.342667
1805.897339 0.000000 1342.248535 0.000000 0.781639 0.000000 0.623731 0.341025 0.341025 0.341025
1800.383423 0.000000 1321.004395 0.000000 0.931793 0.000000 0.362990 0.344693 0.344693 0.344693
1808.326904 0.000000 1321.807617 0.000000 0.895433 0.000000 0.445196 0.343509 0.343509 0.343509
1817.637573 0.000000 1335.838013 0.000000 0.681129 0.000000 0.732163 0.338192 0.338192 0.338192
1800.816650 0.000000 1347.148926 0.000000 0.835736 0.000000 0.549131 0.341695 0.341695 0.341695
1809.646729 0.000000 1318.465454 0.000000 0.872687 0.000000 0.488280 0.342668 0.342668 0.342668
1814.346924 0.000000 1321.784302 0.000000 0.700909 0.000000 0.713251 0.338585 0.338585 0.338585
1818.051758 0.000000 1331.434814 0.000000 0.910499 0.000000 0.413511 0.343872 0.343872 0.343872
1806.008911 0.000000 1318.885742 0.000000 0.932630 0.000000 0.360834 0.344694 0.344694 0.344694
1801.185303 0.000000 1342.675781 0.000000 0.637887 0.000000 0.770130 0.337211 0.337211 0.337211
1798.067017 0.000000 1332.276123 0.000000 0.929812 0.000000 0.368034 0.341899 0.341899 0.341899
1823.909790 0.000000 1314.108032 0.000000 0.671473 0.000000 0.741029 0.338076 0.338076 0.338076
1800.084595 0.000000 1314.775635 0.000000 0.712204 0.000000 0.701973 0.339087 0.339087 0.339087
1798.483765 0.000000 1318.072998 0.000000 0.832185 0.000000 0.554498 0.341577 0.341577 0.341577
1794.240967 0.000000 1341.458008 0.000000 0.615840 0.000000 0.787871 0.329783 0.329783 0.329783
1816.050781 0.000000 1316.853638 0.000000 0.677023 0.000000 0.735962 0.338112 0.338112 0.338112
1807.409668 0.000000 1339.300781 0.000000 0.848808 0.000000 0.528701 0.341336 0.341336 0.341336
1796.650269 0.000000 1336.916748 0.000000 0.918741 0.000000 0.394860 0.342374 0.342374 0.342374
1804.962891 0.000000 1329.261353 0.000000 0.911628 0.000000 0.411016 0.343079 0.343079 0.343079
1797.528809 0.000000 1328.478760 0.000000 0.751803 0.000000 0.659388 0.335027 0.335027 0.335027
1804.710571 0.000000 1335.874390 0.000000 0.924735 0.000000 0.380611 0.342409 0.342409 0.342409
1793.437988 0.000000 1337.101196 0.000000 0.877964 0.000000 0.478726 0.338877 0.338877 0.338877
1797.865234 0.000000 1333.966675 0.000000 0.872736 0.000000 0.488192 0.338636 0.338636 0.338636
1796.396240 0.000000 1325.726440 0.000000 0.596112 0.000000 0.802902 0.335176 0.335176 0.335176
1802.271729 0.000000 1328.242432 0.000000 0.813933 0.000000 0.580958 0.339058 0.339058 0.339058
1792.036621 0.000000 1344.167969 0.000000 0.706380 0.000000 0.707833 0.336291 0.336291 0.336291
1792.096802 0.000000 1339.178101 0.000000 0.655595 0.000000 0.755113 0.330931 0.330931 0.330931
1799.816406 0.000000 1329.603760 0.000000 0.857930 0.000000 0.513766 0.339109 0.339109 0.339109
1793.161133 0.000000 1338.420776 0.000000 0.770320 0.000000 0.637658 0.334593 0.334593 0.334593
1795.393555 0.000000 1326.639282 0.000000 0.737235 0.000000 0.675636 0.335513 0.335513 0.335513
1800.816772 0.000000 1337.231079 0.000000 0.906898 0.000000 0.421350 0.341487 0.341487 0.341487
1798.448975 0.000000 1331.110596 0.000000 0.628785 0.000000 0.777579 0.331436 0.331436 0.331436
1962.151367 0.000000 1285.167847 0.000000 0.673067 0.000000 0.739581 0.338944 0.338944 0.338944
1960.666260 0.000000 1288.978760 0.000000 0.713301 0.000000 0.700858 0.337548 0.337548 0.337548
1962.718262 0.000000 1289.155273 0.000000 0.794753 0.000000 0.606934 0.340312 0.340312 0.340312
1957.666260 0.000000 1290.492065 0.000000 0.757338 0.000000 0.653023 0.338528 0.338528 0.338528
1972.032959 0.000000 1298.419678 0.000000 0.614946 0.000000 0.788569 0.332973 0.332973 0.332973
1977.915649 0.000000 1309.855347 0.000000 0.708209 0.000000 0.706003 0.340925 0.340925 0.340925
1964.817139 0.000000 1308.666626 0.000000 0.789506 0.000000 0.613743 0.341743 0.341743 0.341743
1959.553711 0.000000 1316.342896 0.000000 0.632681 0.000000 0.774413 0.339087 0.339087 0.339087
1942.908936 0.000000 1310.140503 0.000000 0.740861 0.000000 0.671659 0.340508 0.340508 0.340508
1970.636963 0.000000 1309.594971 0.000000 0.936186 0.000000 0.351506 0.343409 0.343409 0.343409
1967.881714 0.000000 1311.873169 0.000000 0.938002 0.000000 0.346630 0.344989 0.344989 0.344989
1972.201538 0.000000 1306.088623 0.000000 0.897798 0.000000 0.440407 0.341871 0.341871 0.341871
1955.805054 0.000000 1318.054932 0.000000 0.652994 0.000000 0.757363 0.337949 0.337949 0.337949
1965.746216 0.000000 1319.276611 0.000000 0.886066 0.000000 0.463559 0.342398 0.342398 0.342398
1973.819214 0.000000 1307.766357 0.000000 0.806577 0.000000 0.591129 0.338726 0.338726 0.338726
1959.139160 0.000000 1322.868286 0.000000 0.927526 0.000000 0.373758 0.344092 0.344092 0.344092
1975.307251 0.000000 1299.986084 0.000000 0.914450 0.000000 0.404698 0.342901 0.342901 0.342901
1205.811401 0.000000 1622.861572 0.000000 0.855393 0.000000 0.517980 0.343220 0.343220 0.343220
1207.879395 0.000000 1624.757324 0.000000 0.944100 0.000000 0.329659 0.345773 0.345773 0.345773
1171.100220 0.000000 1634.309448 0.000000 0.905466 0.000000 0.424420 0.344006 0.344006 0.344006
1171.281494 0.000000 1637.216919 0.000000 0.827519 0.000000 0.561437 0.341926 0.341926 0.341926
1179.270386 0.000000 1633.308716 0.000000 0.624414 0.000000 0.781094 0.336214 0.336214 0.336214
1188.916992 0.000000 1633.303711 0.000000 0.678268 0.000000 0.734815 0.335936 0.335936 0.335936
1184.008667 0.000000 1632.046875 0.000000 0.687175 0.000000 0.726492 0.336997 0.336997 0.336997
1177.614136 0.000000 1633.298218 0.000000 0.632584 0.000000 0.774492 0.335253 0.335253 0.335253
1187.060181 0.000000 1635.557373 0.000000 0.898220 0.000000 0.439546 0.342703 0.342703 0.342703
1192.031860 0.000000 1633.113037 0.000000 0.928347 0.000000 0.371716 0.343660 0.343660 0.343660
1249.456543 0.000000 1595.487427 0.000000 0.650041 0.000000 0.759899 0.339139 0.339139 0.339139
1259.534790 0.000000 1597.552246 0.000000 0.856408 0.000000 0.516299 0.343245 0.343245 0.343245
1226.448364 0.000000 1585.167480 0.000000 0.753031 0.000000 0.657985 0.340964 0.340964 0.340964
1231.844482 0.000000 1584.689697 0.000000 0.804463 0.000000 0.594003 0.341997 0.341997 0.341997
1245.193848 0.000000 1607.773682 0.000000 0.882288 0.000000 0.470711 0.343555 0.343555 0.343555
1250.794434 0.000000 1619.822021 0.000000 0.789089 0.000000 0.614278 0.340839 0.340839 0.340839
1240.281860 0.000000 1603.577637 0.000000 0.843812 0.000000 0.536639 0.342576 0.342576 0.342576
1233.646729 0.000000 1600.887329 0.000000 0.617611 0.000000 0.786484 0.337663 0.337663 0.337663
1241.195190 0.000000 1627.138306 0.000000 0.660736 0.000000 0.750619 0.337389 0.337389 0.337389
1249.555908 0.000000 1608.236816 0.000000 0.663144 0.000000 0.748492 0.338101 0.338101 0.338101
1246.632446 0.000000 1608.872681 0.000000 0.811561 0.000000 0.584268 0.340677 0.340677 0.340677
1230.515747 0.000000 1631.509155 0.000000 0.642688 0.000000 0.766128 0.336501 0.336501 0.336501
1232.417358 0.000000 1627.433472 0.000000 0.678540 0.000000 0.734564 0.336555 0.336555 0.336555
1230.478760 0.000000 1626.043091 0.000000 0.947558 0.000000 0.319583 0.344827 0.344827 0.344827
1229.509277 0.000000 1619.338745 0.000000 0.762938 0.000000 0.646472 0.337347 0.337347 0.337347
1226.229004 0.000000 1625.830444 0.000000 0.662642 0.000000 0.748936 0.335207 0.335207 0.335207
1197.790894 0.000000 1651.385010 0.000000 0.712054 0.000000 0.702124 0.341090 0.341090 0.341090
1176.358154 0.000000 1646.557861 0.000000 0.949215 0.000000 0.314627 0.345973 0.345973 0.345973
1171.922729 0.000000 1641.846313 0.000000 0.648644 0.000000 0.761092 0.339078 0.339078 0.339078
1213.258179 0.000000 1650.061157 0.000000 0.589684 0.000000 0.807634 0.338171 0.338171 0.338171
1179.827881 0.000000 1642.086060 0.000000 0.847653 0.000000 0.530551 0.342157 0.342157 0.342157
1195.042236 0.000000 1646.917603 0.000000 0.677158 0.000000 0.735838 0.338259 0.338259 0.338259
1188.465698 0.000000 1639.832764 0.000000 0.853021 0.000000 0.521877 0.341748 0.341748 0.341748
1229.467529 0.000000 1653.602173 0.000000 0.589561 0.000000 0.807724 0.339401 0.339401 0.339401
1227.269287 0.000000 1647.376953 0.000000 0.857133 0.000000 0.515095 0.343333 0.343333 0.343333
1229.243652 0.000000 1645.287964 0.000000 0.655307 0.000000 0.755362 0.339227 0.339227 0.339227
1238.908936 0.000000 1649.046753 0.000000 0.836075 0.000000 0.548615 0.342693 0.342693 0.342693
1235.922729 0.000000 1641.846313 0.000000 0.708002 0.000000 0.706210 0.340134 0.340134 0.340134
1322.157837 0.000000 1717.367554 0.000000 0.855352 0.000000 0.518047 0.343386 0.343386 0.343386
1340.365845 0.000000 1753.743286 0.000000 0.789455 0.000000 0.613808 0.341915 0.341915 0.341915
1761.639404 0.000000 1385.662598 0.000000 0.653014 0.000000 0.757346 0.340240 0.340240 0.340240
1773.790894 0.000000 1368.963135 0.000000 0.941824 0.000000 0.336107 0.346046 0.346046 0.346046
1750.003418 0.000000 1369.327393 0.000000 0.812430 0.000000 0.583059 0.342684 0.342684 0.342684
1758.089844 0.000000 1384.560303 0.000000 0.662463 0.000000 0.749095 0.339790 0.339790 0.339790
1784.579102 0.000000 1404.787354 0.000000 0.853970 0.000000 0.520323 0.343067 0.343067 0.343067
1782.496216 0.000000 1384.933838 0.000000 0.766073 0.000000 0.642754 0.341125 0.341125 0.341125
1760.693359 0.000000 1407.613281 0.000000 0.881131 0.000000 0.472872 0.343953 0.343953 0.343953
1755.921387 0.000000 1371.580688 0.000000 0.765527 0.000000 0.643403 0.340961 0.340961 0.340961
1744.003174 0.000000 1382.927734 0.000000 0.893387 0.000000 0.449288 0.343526 0.343526 0.343526
1764.142212 0.000000 1355.720215 0.000000 0.903918 0.000000 0.427706 0.344227 0.344227 0.344227
1783.474731 0.000000 1360.695679 0.000000 0.834201 0.000000 0.551460 0.342012 0.342012 0.342012
1744.326904 0.000000 1378.291992 0.000000 0.801517 0.000000 0.597971 0.340871 0.340871 0.340871
1768.273193 0.000000 1405.840576 0.000000 0.807034 0.000000 0.590505 0.340313 0.340313 0.340313
1780.116699 0.000000 1357.955933 0.000000 0.592837 0.000000 0.805322 0.336543 0.336543 0.336543
1764.845703 0.000000 1401.604858 0.000000 0.897744 0.000000 0.440518 0.343064 0.343064 0.343064
1781.193481 0.000000 1394.959961 0.000000 0.949517 0.000000 0.313714 0.345413 0.345413 0.345413
1746.017090 0.000000 1379.409668 0.000000 0.887307 0.000000 0.461179 0.342189 0.342189 0.342189
1768.504761 0.000000 1399.018677 0.000000 0.643757 0.000000 0.765230 0.335685 0.335685 0.335685
1783.430908 0.000000 1425.986450 0.000000 0.612874 0.000000 0.790181 0.339093 0.339093 0.339093
1769.927490 0.000000 1456.842651 0.000000 0.933021 0.000000 0.359823 0.345401 0.345401 0.345401
1780.612793 0.000000 1427.821411 0.000000 0.829638 0.000000 0.558301 0.342443 0.342443 0.342443
1775.681152 0.000000 1415.011230 0.000000 0.777613 0.000000 0.628743 0.341445 0.341445 0.341445
1773.601929 0.000000 1452.034302 0.000000 0.792845 0.000000 0.609423 0.341239 0.341239 0.341239
1779.409058 0.000000 1437.595581 0.000000 0.853990 0.000000 0.520289 0.343019 0.343019 0.343019
1775.560791 0.000000 1454.873047 0.000000 0.678149 0.000000 0.734924 0.339071 0.339071 0.339071
1764.142212 0.000000 1412.204590 0.000000 0.920193 0.000000 0.391465 0.344588 0.344588 0.344588
1775.221924 0.000000 1445.407959 0.000000 0.876232 0.000000 0.481889 0.343388 0.343388 0.343388
1768.581299 0.000000 1442.373779 0.000000 0.672560 0.000000 0.740043 0.338971 0.338971 0.338971
1779.339844 0.000000 1447.398682 0.000000 0.930881 0.000000 0.365321 0.345082 0.345082 0.345082
1752.196777 0.000000 1418.377441 0.000000 0.840513 0.000000 0.541791 0.342320 0.342320 0.342320
1766.302734 0.000000 1425.176025 0.000000 0.881407 0.000000 0.472357 0.342606 0.342606 0.342606
1763.248779 0.000000 1426.470703 0.000000 0.929467 0.000000 0.368905 0.344520 0.344520 0.344520
1758.270752 0.000000 1421.386108 0.000000 0.906152 0.000000 0.422951 0.343017 0.343017 0.343017
1760.125000 0.000000 1421.251465 0.000000 0.915837 0.000000 0.401550 0.343447 0.343447 0.343447
1758.455078 0.000000 1418.187866 0.000000 0.791361 0.000000 0.611349 0.339597 0.339597 0.339597
1763.450684 0.000000 1420.770142 0.000000 0.621547 0.000000 0.783377 0.335686 0.335686 0.335686
1806.146729 0.000000 1377.478516 0.000000 0.797677 0.000000 0.603085 0.342562 0.342562 0.342562
1806.716187 0.000000 1365.358643 0.000000 0.762959 0.000000 0.646447 0.341831 0.341831 0.341831
1796.061279 0.000000 1371.834595 0.000000 0.902727 0.000000 0.430213 0.344404 0.344404 0.344404
1792.226196 0.000000 1406.942017 0.000000 0.853283 0.000000 0.521448 0.343002 0.343002 0.343002
1796.219482 0.000000 1388.259155 0.000000 0.949487 0.000000 0.313807 0.345928 0.345928 0.345928
1798.798706 0.000000 1369.891968 0.000000 0.694998 0.000000 0.719012 0.339974 0.339974 0.339974
1801.939697 0.000000 1370.913452 0.000000 0.939494 0.000000 0.342565 0.345539 0.345539 0.345539
1798.113892 0.000000 1394.583496 0.000000 0.651804 0.000000 0.758388 0.339018 0.339018 0.339018
1795.168213 0.000000 1399.577637 0.000000 0.676237 0.000000 0.736684 0.339435 0.339435 0.339435
1814.697754 0.000000 1402.143677 0.000000 0.792890 0.000000 0.609365 0.341727 0.341727 0.341727
1800.096313 0.000000 1357.810059 0.000000 0.918152 0.000000 0.396228 0.343646 0.343646 0.343646
1798.675903 0.000000 1358.510132 0.000000 0.894631 0.000000 0.446805 0.342270 0.342270 0.342270
1897.606079 0.000000 1393.106445 0.000000 0.909803 0.000000 0.415040 0.344839 0.344839 0.344839
1862.656738 0.000000 1404.442749 0.000000 0.950891 0.000000 0.309526 0.346150 0.346150 0.346150
1892.314209 0.000000 1409.020874 0.000000 0.740955 0.000000 0.671555 0.340607 0.340607 0.340607
1907.473267 0.000000 1396.002930 0.000000 0.663413 0.000000 0.748253 0.338845 0.338845 0.338845
1906.714722 0.000000 1406.097900 0.000000 0.848860 0.000000 0.528618 0.342894 0.342894 0.342894
1876.471069 0.000000 1377.450562 0.000000 0.701243 0.000000 0.712922 0.339494 0.339494 0.339494
1889.615479 0.000000 1409.720703 0.000000 0.933449 0.000000 0.358710 0.345015 0.345015 0.345015
1904.749756 0.000000 1378.232666 0.000000 0.936453 0.000000 0.350792 0.344770 0.344770 0.344770
1864.816650 0.000000 1403.633301 0.000000 0.844288 0.000000 0.535890 0.342142 0.342142 0.342142
1905.818970 0.000000 1382.372681 0.000000 0.897746 0.000000 0.440514 0.342706 0.342706 0.342706
1865.185303 0.000000 1399.160156 0.000000 0.735187 0.000000 0.677864 0.339717 0.339717 0.339717
1868.884766 0.000000 1402.607422 0.000000 0.616379 0.000000 0.787450 0.335581 0.335581 0.335581
1868.622803 0.000000 1379.256592 0.000000 0.653749 0.000000 0.756711 0.336763 0.336763 0.336763
1876.233154 0.000000 1397.744629 0.000000 0.922392 0.000000 0.386255 0.343018 0.343018 0.343018
1870.478760 0.000000 1400.105591 0.000000 0.853957 0.000000 0.520343 0.339647 0.339647 0.339647
1872.139404 0.000000 1394.581055 0.000000 0.717176 0.000000 0.696892 0.333797 0.333797 0.333797
1815.759277 0.000000 1456.235229 0.000000 0.944568 0.000000 0.328317 0.346039 0.346039 0.346039
1838.165649 0.000000 1429.651611 0.000000 0.863039 0.000000 0.505137 0.343430 0.343430 0.343430
1823.085693 0.000000 1419.738281 0.000000 0.845774 0.000000 0.533541 0.342722 0.342722 0.342722
1818.132568 0.000000 1446.561157 0.000000 0.813761 0.000000 0.581199 0.342305 0.342305 0.342305
1814.343750 0.000000 1429.501587 0.000000 0.626653 0.000000 0.779298 0.338406 0.338406 0.338406
1805.152710 0.000000 1457.340454 0.000000 0.836532 0.000000 0.547918 0.342602 0.342602 0.342602
1844.340698 0.000000 1412.445435 0.000000 0.943212 0.000000 0.332192 0.345680 0.345680 0.345680
1844.968994 0.000000 1416.467285 0.000000 0.643723 0.000000 0.765258 0.338883 0.338883 0.338883
1811.875488 0.000000 1427.558228 0.000000 0.746772 0.000000 0.665080 0.340781 0.340781 0.340781
1853.258179 0.000000 1424.123657 0.000000 0.792749 0.000000 0.609549 0.341638 0.341638 0.341638
1831.590698 0.000000 1415.724487 0.000000 0.830693 0.000000 0.556731 0.342467 0.342467 0.342467
1841.258545 0.000000 1449.566406 0.000000 0.738869 0.000000 0.673849 0.339307 0.339307 0.339307
1839.774780 0.000000 1431.297974 0.000000 0.828502 0.000000 0.559986 0.341275 0.341275 0.341275
1813.939941 0.000000 1437.442749 0.000000 0.665868 0.000000 0.746070 0.336975 0.336975 0.336975
1836.596680 0.000000 1431.060669 0.000000 0.795618 0.000000 0.605798 0.340532 0.340532 0.340532
1821.062500 0.000000 1429.785645 0.000000 0.881434 0.000000 0.472306 0.342177 0.342177 0.342177
1837.660034 0.000000 1444.059692 0.000000 0.870898 0.000000 0.491464 0.338552 0.338552 0.338552
1849.788940 0.000000 1431.471191 0.000000 0.828084 0.000000 0.560604 0.341680 0.341680 0.341680
1841.665527 0.000000 1440.871948 0.000000 0.906372 0.000000 0.422480 0.341444 0.341444 0.341444
1827.805054 0.000000 1431.023682 0.000000 0.773725 0.000000 0.633522 0.336961 0.336961 0.336961
1820.327393 0.000000 1439.927979 0.000000 0.948058 0.000000 0.318096 0.345092 0.345092 0.345092
1833.985107 0.000000 1433.046021 0.000000 0.945537 0.000000 0.325514 0.343250 0.343250 0.343250
1832.327271 0.000000 1434.381226 0.000000 0.946231 0.000000 0.323492 0.342660 0.342660 0.342660
1835.434082 0.000000 1441.199463 0.000000 0.825806 0.000000 0.563954 0.336650 0.336650 0.336650
1831.815552 0.000000 1421.663086 0.000000 0.908413 0.000000 0.418075 0.343800 0.343800 0.343800
1823.070923 0.000000 1432.766602 0.000000 0.604281 0.000000 0.796771 0.330747 0.330747 0.330747
1837.740601 0.000000 1442.318604 0.000000 0.897826 0.000000 0.440350 0.339840 0.339840 0.339840
1843.356323 0.000000 1434.284668 0.000000 0.784140 0.000000 0.620584 0.339733 0.339733 0.339733
1838.407837 0.000000 1439.279419 0.000000 0.812170 0.000000 0.583420 0.336256 0.336256 0.336256
1815.874878 0.000000 1444.185181 0.000000 0.920130 0.000000 0.391612 0.343829 0.343829 0.343829
1831.006714 0.000000 1431.513184 0.000000 0.621982 0.000000 0.783031 0.333494 0.333494 0.333494
1818.288574 0.000000 1431.942139 0.000000 0.896389 0.000000 0.443269 0.342215 0.342215 0.342215
1827.868042 0.000000 1427.950195 0.000000 0.757681 0.000000 0.652625 0.338723 0.338723 0.338723
1843.138062 0.000000 1444.121582 0.000000 0.877327 0.000000 0.479892 0.341187 0.341187 0.341187
1813.358154 0.000000 1436.002075 0.000000 0.635303 0.000000 0.772263 0.336353 0.336353 0.336353
1835.594971 0.000000 1434.509155 0.000000 0.862932 0.000000 0.505321 0.339053 0.339053 0.339053
1812.957153 0.000000 1440.270386 0.000000 0.621344 0.000000 0.783538 0.335289 0.335289 0.335289
1830.613281 0.000000 1432.980103 0.000000 0.759005 0.000000 0.651085 0.334202 0.334202 0.334202
1829.208130 0.000000 1438.148682 0.000000 0.668900 0.000000 0.743352 0.331985 0.331985 0.331985
1814.003174 0.000000 1441.325684 0.000000 0.842483 0.000000 0.538722 0.340232 0.340232 0.340232
1832.307739 0.000000 1443.701904 0.000000 0.657753 0.000000 0.753234 0.331926 0.331926 0.331926
1830.447388 0.000000 1438.600098 0.000000 0.726902 0.000000 0.686741 0.333133 0.333133 0.333133
1830.902344 0.000000 1440.715210 0.000000 0.840934 0.000000 0.541138 0.337759 0.337759 0.337759
1820.418945 0.000000 1430.995850 0.000000 0.933135 0.000000 0.359525 0.343428 0.343428 0.343428
1836.637817 0.000000 1441.662598 0.000000 0.923548 0.000000 0.383483 0.341231 0.341231 0.341231
1835.135864 0.000000 1443.732422 0.000000 0.856461 0.000000 0.516212 0.337914 0.337914 0.337914
1825.384155 0.000000 1437.532837 0.000000 0.688903 0.000000 0.724854 0.333032 0.333032 0.333032
1856.315308 0.000000 1438.534912 0.000000 0.671722 0.000000 0.740803 0.340414 0.340414 0.340414
1862.798706 0.000000 1426.376343 0.000000 0.671566 0.000000 0.740944 0.339172 0.339172 0.339172
1887.085693 0.000000 1419.738281 0.000000 0.615189 0.000000 0.788380 0.338890 0.338890 0.338890
1908.340698 0.000000 1412.445435 0.000000 0.784632 0.000000 0.619962 0.341469 0.341469 0.341469
1862.297607 0.000000 1413.457520 0.000000 0.793131 0.000000 0.609051 0.341159 0.341159 0.341159
1876.109741 0.000000 1423.799072 0.000000 0.662818 0.000000 0.748780 0.338946 0.338946 0.338946
1903.681152 0.000000 1415.011230 0.000000 0.658204 0.000000 0.752839 0.339238 0.339238 0.339238
1860.206177 0.000000 1414.364258 0.000000 0.603508 0.000000 0.797357 0.336896 0.336896 0.336896
1888.666016 0.000000 1412.748291 0.000000 0.924317 0.000000 0.381627 0.344423 0.344423 0.344423
1871.104492 0.000000 1416.961426 0.000000 0.877366 0.000000 0.479822 0.342435 0.342435 0.342435
1998.146729 0.000000 1433.962891 0.000000 0.716664 0.000000 0.697419 0.341031 0.341031 0.341031
2010.661499 0.000000 1433.546997 0.000000 0.811345 0.000000 0.584568 0.342799 0.342799 0.342799
2017.456543 0.000000 1426.034302 0.000000 0.945790 0.000000 0.324778 0.346055 0.346055 0.346055
2019.651001 0.000000 1435.051758 0.000000 0.943882 0.000000 0.330284 0.345779 0.345779 0.345779
2017.860474 0.000000 1420.850586 0.000000 0.950668 0.000000 0.310210 0.345921 0.345921 0.345921
2004.471069 0.000000 1433.934937 0.000000 0.761425 0.000000 0.648253 0.340941 0.340941 0.340941
2017.762817 0.000000 1423.477905 0.000000 0.646749 0.000000 0.762703 0.338554 0.338554 0.338554
2013.291748 0.000000 1423.400391 0.000000 0.629480 0.000000 0.777017 0.338103 0.338103 0.338103
2020.762085 0.000000 1433.614502 0.000000 0.856645 0.000000 0.515906 0.342232 0.342232 0.342232
1288.607910 0.000000 2442.663574 0.000000 0.944717 0.000000 0.327888 0.344571 0.344571 0.344571
1291.861206 0.000000 2443.497559 0.000000 0.666733 0.000000 0.745297 0.335340 0.335340 0.335340
1305.027344 0.000000 2434.026855 0.000000 0.823215 0.000000 0.567730 0.336547 0.336547 0.336547
1305.454346 0.000000 2437.936768 0.000000 0.630880 0.000000 0.775880 0.331569 0.331569 0.331569
1992.096313 0.000000 2318.044434 0.000000 0.755457 0.000000 0.655198 0.334081 0.334081 0.334081
1681.114990 0.000000 2652.841064 0.000000 0.949212 0.000000 0.314638 0.346224 0.346224 0.346224
1693.075928 0.000000 2650.681396 0.000000 0.627572 0.000000 0.778559 0.338499 0.338499 0.338499
1701.505493 0.000000 2653.968994 0.000000 0.932112 0.000000 0.362169 0.344641 0.344641 0.344641
1723.060547 0.000000 2640.873535 0.000000 0.839728 0.000000 0.543007 0.342176 0.342176 0.342176
1704.552612 0.000000 2651.132324 0.000000 0.833440 0.000000 0.552610 0.341482 0.341482 0.341482
1712.736572 0.000000 2644.968018 0.000000 0.928498 0.000000 0.371337 0.344448 0.344448 0.344448
1700.916992 0.000000 2650.022461 0.000000 0.644811 0.000000 0.764342 0.337304 0.337304 0.337304
1711.452637 0.000000 2648.260498 0.000000 0.812176 0.000000 0.583413 0.339849 0.339849 0.339849
1737.163696 0.000000 2637.582031 0.000000 0.910953 0.000000 0.412510 0.345058 0.345058 0.345058
1766.720825 0.000000 2645.015869 0.000000 0.810212 0.000000 0.586137 0.342585 0.342585 0.342585
1751.538208 0.000000 2634.568115 0.000000 0.795937 0.000000 0.605379 0.342244 0.342244 0.342244
1745.216431 0.000000 2638.162598 0.000000 0.840481 0.000000 0.541841 0.342970 0.342970 0.342970
1749.175049 0.000000 2633.499268 0.000000 0.860409 0.000000 0.509603 0.342805 0.342805 0.342805
1729.278687 0.000000 2644.156494 0.000000 0.639074 0.000000 0.769146 0.337885 0.337885 0.337885
1747.281494 0.000000 2653.935791 0.000000 0.900888 0.000000 0.434053 0.343468 0.343468 0.343468
1729.116211 0.000000 2634.780518 0.000000 0.739984 0.000000 0.672625 0.340105 0.340105 0.340105
1742.936279 0.000000 2644.853271 0.000000 0.941944 0.000000 0.335769 0.345048 0.345048 0.345048
1735.299561 0.000000 2639.019287 0.000000 0.818245 0.000000 0.574869 0.341384 0.341384 0.341384
1743.977173 0.000000 2647.348389 0.000000 0.691025 0.000000 0.722831 0.337646 0.337646 0.337646
1729.798950 0.000000 2648.220215 0.000000 0.768367 0.000000 0.640009 0.338136 0.338136 0.338136
1743.150513 0.000000 2651.892334 0.000000 0.909248 0.000000 0.416256 0.343904 0.343904 0.343904
1734.226929 0.000000 2642.856201 0.000000 0.881517 0.000000 0.472153 0.341901 0.341901 0.341901
1745.040649 0.000000 2650.816650 0.000000 0.710990 0.000000 0.703202 0.339028 0.339028 0.339028
1762.607544 0.000000 2650.675293 0.000000 0.787812 0.000000 0.615916 0.339882 0.339882 0.339882
1731.196289 0.000000 2644.031738 0.000000 0.752207 0.000000 0.658927 0.337805 0.337805 0.337805
1755.848511 0.000000 2651.940430 0.000000 0.890344 0.000000 0.455288 0.342586 0.342586 0.342586
1740.884766 0.000000 2645.263672 0.000000 0.838917 0.000000 0.544259 0.341049 0.341049 0.341049
1730.838379 0.000000 2649.579590 0.000000 0.938367 0.000000 0.345639 0.343709 0.343709 0.343709
1732.645142 0.000000 2642.895020 0.000000 0.895857 0.000000 0.444342 0.341893 0.341893 0.341893
1733.391968 0.000000 2648.020996 0.000000 0.766985 0.000000 0.641665 0.337125 0.337125 0.337125
1764.175659 0.000000 2653.196045 0.000000 0.927481 0.000000 0.373872 0.344007 0.344007 0.344007
1740.418213 0.000000 2647.357178 0.000000 0.899760 0.000000 0.436384 0.342582 0.342582 0.342582
1734.432007 0.000000 2644.173828 0.000000 0.858876 0.000000 0.512183 0.339287 0.339287 0.339287
1677.646240 0.000000 2695.511963 0.000000 0.858519 0.000000 0.512781 0.343508 0.343508 0.343508
1687.759277 0.000000 2698.891357 0.000000 0.882012 0.000000 0.471227 0.344019 0.344019 0.344019
1722.107300 0.000000 2709.966064 0.000000 0.611548 0.000000 0.791207 0.337996 0.337996 0.337996
1711.560791 0.000000 2697.529297 0.000000 0.914274 0.000000 0.405096 0.344406 0.344406 0.344406
1715.473267 0.000000 2695.143555 0.000000 0.781860 0.000000 0.623454 0.340854 0.340854 0.340854
1723.743408 0.000000 2705.493164 0.000000 0.871154 0.000000 0.491009 0.343116 0.343116 0.343116
1700.142212 0.000000 2654.860840 0.000000 0.890333 0.000000 0.455310 0.343680 0.343680 0.343680
1704.628784 0.000000 2660.906006 0.000000 0.773273 0.000000 0.634073 0.340878 0.340878 0.340878
1719.341309 0.000000 2706.057617 0.000000 0.949130 0.000000 0.314884 0.345326 0.345326 0.345326
1679.784668 0.000000 2696.588379 0.000000 0.942326 0.000000 0.334696 0.345333 0.345333 0.345333
1711.221924 0.000000 2688.064209 0.000000 0.869321 0.000000 0.494249 0.343043 0.343043 0.343043
1678.486328 0.000000 2693.447510 0.000000 0.686237 0.000000 0.727378 0.338613 0.338613 0.338613
1687.989624 0.000000 2667.795410 0.000000 0.874384 0.000000 0.485235 0.341655 0.341655 0.341655
1678.008911 0.000000 2674.510742 0.000000 0.798399 0.000000 0.602129 0.336901 0.336901 0.336901
1681.982788 0.000000 2658.019287 0.000000 0.654333 0.000000 0.756207 0.337487 0.337487 0.337487
1682.928345 0.000000 2695.670410 0.000000 0.658672 0.000000 0.752430 0.337087 0.337087 0.337087
1722.542236 0.000000 2703.936768 0.000000 0.891100 0.000000 0.453808 0.343168 0.343168 0.343168
1691.430664 0.000000 2666.793213 0.000000 0.646031 0.000000 0.763311 0.337821 0.337821 0.337821
1713.177856 0.000000 2696.378906 0.000000 0.610319 0.000000 0.792156 0.335100 0.335100 0.335100
1679.876343 0.000000 2663.213867 0.000000 0.709727 0.000000 0.704477 0.336408 0.336408 0.336408
1701.573853 0.000000 2666.269775 0.000000 0.651707 0.000000 0.758471 0.334954 0.334954 0.334954
1703.815552 0.000000 2664.319336 0.000000 0.850096 0.000000 0.526628 0.341567 0.341567 0.341567
1686.760498 0.000000 2663.969971 0.000000 0.694461 0.000000 0.719530 0.335017 0.335017 0.335017
1679.572021 0.000000 2686.365479 0.000000 0.685052 0.000000 0.728494 0.334454 0.334454 0.334454
1688.544067 0.000000 2664.943115 0.000000 0.619700 0.000000 0.784839 0.334387 0.334387 0.334387
1715.333496 0.000000 2699.173340 0.000000 0.796927 0.000000 0.604076 0.339232 0.339232 0.339232
1690.746094 0.000000 2654.792725 0.000000 0.793116 0.000000 0.609070 0.338069 0.338069 0.338069
1702.213745 0.000000 2664.778809 0.000000 0.780030 0.000000 0.625742 0.339721 0.339721 0.339721
1683.159302 0.000000 2674.985107 0.000000 0.690984 0.000000 0.722870 0.336269 0.336269 0.336269
1678.942017 0.000000 2680.406250 0.000000 0.615015 0.000000 0.788516 0.332061 0.332061 0.332061
1685.720947 0.000000 2666.938477 0.000000 0.923261 0.000000 0.384174 0.343247 0.343247 0.343247
1685.261719 0.000000 2701.926514 0.000000 0.690159 0.000000 0.723658 0.337133 0.337133 0.337133
1681.973755 0.000000 2669.687012 0.000000 0.914001 0.000000 0.405713 0.342426 0.342426 0.342426
1705.198730 0.000000 2690.773682 0.000000 0.795495 0.000000 0.605960 0.339249 0.339249 0.339249
1694.455078 0.000000 2660.844238 0.000000 0.684198 0.000000 0.729296 0.333718 0.333718 0.333718
1685.329224 0.000000 2665.389893 0.000000 0.864812 0.000000 0.502095 0.340509 0.340509 0.340509
1673.808472 0.000000 2677.123779 0.000000 0.816336 0.000000 0.577577 0.339293 0.339293 0.339293
1702.613281 0.000000 2675.636475 0.000000 0.804611 0.000000 0.593802 0.339778 0.339778 0.339778
1689.317871 0.000000 2662.025879 0.000000 0.704920 0.000000 0.709287 0.335290 0.335290 0.335290
1693.245483 0.000000 2690.600342 0.000000 0.869103 0.000000 0.494631 0.341659 0.341659 0.341659
1680.534668 0.000000 2668.593506 0.000000 0.655994 0.000000 0.754766 0.334492 0.334492 0.334492
1699.450684 0.000000 2663.426270 0.000000 0.840439 0.000000 0.541907 0.339566 0.339566 0.339566
1717.732422 0.000000 2710.327881 0.000000 0.941003 0.000000 0.338398 0.344420 0.344420 0.344420
1716.032959 0.000000 2710.529053 0.000000 0.926954 0.000000 0.375175 0.343783 0.343783 0.343783
1683.367432 0.000000 2684.772949 0.000000 0.722244 0.000000 0.691638 0.337287 0.337287 0.337287
1682.752686 0.000000 2701.119873 0.000000 0.629443 0.000000 0.777046 0.335030 0.335030 0.335030
1680.687134 0.000000 2680.879395 0.000000 0.867332 0.000000 0.497730 0.341237 0.341237 0.341237
1682.267090 0.000000 2687.289795 0.000000 0.940453 0.000000 0.339924 0.344242 0.344242 0.344242
1695.390869 0.000000 2658.707764 0.000000 0.768141 0.000000 0.640281 0.336066 0.336066 0.336066
1693.126709 0.000000 2659.972900 0.000000 0.886779 0.000000 0.462193 0.339336 0.339336 0.339336
1689.454346 0.000000 2663.874268 0.000000 0.883713 0.000000 0.468030 0.340914 0.340914 0.340914
1676.520386 0.000000 2681.399658 0.000000 0.691997 0.000000 0.721900 0.332522 0.332522 0.332522
1679.281372 0.000000 2687.571777 0.000000 0.908603 0.000000 0.417661 0.341793 0.341793 0.341793
1704.788330 0.000000 2669.651855 0.000000 0.831538 0.000000 0.555467 0.339502 0.339502 0.339502
1754.661499 0.000000 2676.203369 0.000000 0.910790 0.000000 0.412870 0.345091 0.345091 0.345091
1769.927490 0.000000 2699.498779 0.000000 0.945353 0.000000 0.326050 0.345981 0.345981 0.345981
1766.737793 0.000000 2693.243408 0.000000 0.849789 0.000000 0.527123 0.343087 0.343087 0.343087
1770.549194 0.000000 2665.876953 0.000000 0.641712 0.000000 0.766946 0.338658 0.338658 0.338658
1764.193237 0.000000 2662.224609 0.000000 0.751283 0.000000 0.659980 0.340175 0.340175 0.340175
1784.357544 0.000000 2663.112549 0.000000 0.614620 0.000000 0.788823 0.337293 0.337293 0.337293
1732.014893 0.000000 2660.852783 0.000000 0.941415 0.000000 0.337250 0.345627 0.345627 0.345627
1791.450562 0.000000 2662.694824 0.000000 0.630601 0.000000 0.776107 0.337695 0.337695 0.337695
1729.278687 0.000000 2700.640869 0.000000 0.939151 0.000000 0.343505 0.345098 0.345098 0.345098
1732.206177 0.000000 2657.020508 0.000000 0.701864 0.000000 0.712311 0.339090 0.339090 0.339090
1765.382812 0.000000 2682.347656 0.000000 0.931656 0.000000 0.363341 0.344314 0.344314 0.344314
1778.491943 0.000000 2678.406006 0.000000 0.708510 0.000000 0.705701 0.337370 0.337370 0.337370
1764.267090 0.000000 2679.656250 0.000000 0.677469 0.000000 0.735552 0.335701 0.335701 0.335701
1745.373657 0.000000 2654.872070 0.000000 0.924235 0.000000 0.381825 0.344283 0.344283 0.344283
1785.029419 0.000000 2661.202393 0.000000 0.917865 0.000000 0.396893 0.344294 0.344294 0.344294
1788.870728 0.000000 2662.158203 0.000000 0.896402 0.000000 0.443241 0.343058 0.343058 0.343058
1783.475952 0.000000 2666.660889 0.000000 0.932949 0.000000 0.360009 0.344835 0.344835 0.344835
1780.288452 0.000000 2675.595703 0.000000 0.925200 0.000000 0.379481 0.343453 0.343453 0.343453
1775.143188 0.000000 2680.443115 0.000000 0.673398 0.000000 0.739280 0.337096 0.337096 0.337096
1787.459473 0.000000 2664.125732 0.000000 0.745860 0.000000 0.666102 0.338184 0.338184 0.338184
1763.914307 0.000000 2683.524658 0.000000 0.657145 0.000000 0.753764 0.336833 0.336833 0.336833
1769.985107 0.000000 2675.702148 0.000000 0.848988 0.000000 0.528412 0.341536 0.341536 0.341536
1773.502441 0.000000 2677.126465 0.000000 0.682909 0.000000 0.730503 0.335722 0.335722 0.335722
1777.404663 0.000000 2674.223633 0.000000 0.738976 0.000000 0.673732 0.337501 0.337501 0.337501
1765.219971 0.000000 2678.344971 0.000000 0.853763 0.000000 0.520662 0.340525 0.340525 0.340525
1774.407837 0.000000 2681.935547 0.000000 0.653896 0.000000 0.756584 0.336691 0.336691 0.336691
1767.006714 0.000000 2674.169434 0.000000 0.939970 0.000000 0.341258 0.343594 0.343594 0.343594
1758.429565 0.000000 2679.940674 0.000000 0.679912 0.000000 0.733294 0.336082 0.336082 0.336082
1748.687622 0.000000 2707.468750 0.000000 0.913581 0.000000 0.406657 0.343761 0.343761 0.343761
1767.698120 0.000000 2656.723877 0.000000 0.691711 0.000000 0.722175 0.337097 0.337097 0.337097
1749.138306 0.000000 2710.581787 0.000000 0.709956 0.000000 0.704246 0.335423 0.335423 0.335423
1767.477661 0.000000 2660.023438 0.000000 0.917374 0.000000 0.398026 0.343114 0.343114 0.343114
1814.343750 0.000000 2672.157959 0.000000 0.704641 0.000000 0.709564 0.339798 0.339798 0.339798
1813.228027 0.000000 2692.670654 0.000000 0.720458 0.000000 0.693499 0.339721 0.339721 0.339721
1806.569336 0.000000 2688.534424 0.000000 0.885525 0.000000 0.464591 0.343794 0.343794 0.343794
1818.516602 0.000000 2693.544434 0.000000 0.630945 0.000000 0.775827 0.337585 0.337585 0.337585
1811.150757 0.000000 2688.527100 0.000000 0.922770 0.000000 0.385351 0.344469 0.344469 0.344469
1812.386963 0.000000 2681.562744 0.000000 0.704033 0.000000 0.710167 0.339511 0.339511 0.339511
1808.405029 0.000000 2692.320801 0.000000 0.909984 0.000000 0.414644 0.344060 0.344060 0.344060
1820.903564 0.000000 2661.386963 0.000000 0.646275 0.000000 0.763105 0.338205 0.338205 0.338205
1812.737915 0.000000 2654.768555 0.000000 0.846054 0.000000 0.533097 0.342139 0.342139 0.342139
1820.442627 0.000000 2654.782959 0.000000 0.950445 0.000000 0.310893 0.345622 0.345622 0.345622
1806.486328 0.000000 2693.447510 0.000000 0.759262 0.000000 0.650785 0.340093 0.340093 0.340093
1808.326904 0.000000 2677.432617 0.000000 0.820218 0.000000 0.572052 0.341486 0.341486 0.341486
1814.646118 0.000000 2685.431396 0.000000 0.706721 0.000000 0.707493 0.339424 0.339424 0.339424
1811.138916 0.000000 2702.429443 0.000000 0.656419 0.000000 0.754397 0.338312 0.338312 0.338312
1818.051758 0.000000 2687.059814 0.000000 0.740381 0.000000 0.672187 0.339694 0.339694 0.339694
1822.427490 0.000000 2693.052734 0.000000 0.773993 0.000000 0.633194 0.340474 0.340474 0.340474
1818.808105 0.000000 2671.771484 0.000000 0.803285 0.000000 0.595595 0.339854 0.339854 0.339854
1706.133911 0.000000 2715.387451 0.000000 0.610254 0.000000 0.792206 0.338934 0.338934 0.338934
1719.341309 0.000000 2762.541992 0.000000 0.650184 0.000000 0.759777 0.338840 0.338840 0.338840
1724.870728 0.000000 2718.642578 0.000000 0.785130 0.000000 0.619331 0.340283 0.340283 0.340283
1711.569580 0.000000 2711.353271 0.000000 0.813014 0.000000 0.582244 0.340497 0.340497 0.340497
1720.122925 0.000000 2714.593506 0.000000 0.821856 0.000000 0.569696 0.338242 0.338242 0.338242
1686.760498 0.000000 2720.454346 0.000000 0.763899 0.000000 0.645335 0.338538 0.338538 0.338538
1718.518433 0.000000 2714.938965 0.000000 0.688791 0.000000 0.724960 0.335261 0.335261 0.335261
1718.014893 0.000000 2716.770020 0.000000 0.919505 0.000000 0.393079 0.343187 0.343187 0.343187
1691.648804 0.000000 2718.683594 0.000000 0.669181 0.000000 0.743099 0.333604 0.333604 0.333604
1689.317871 0.000000 2718.510254 0.000000 0.595402 0.000000 0.803428 0.331697 0.331697 0.331697
1691.908447 0.000000 2716.753662 0.000000 0.806586 0.000000 0.591117 0.337566 0.337566 0.337566
1710.419189 0.000000 2766.963867 0.000000 0.784030 0.000000 0.620723 0.337127 0.337127 0.337127
1712.308105 0.000000 2765.113770 0.000000 0.909020 0.000000 0.416753 0.341624 0.341624 0.341624
1717.732422 0.000000 2766.812256 0.000000 0.721940 0.000000 0.691955 0.336812 0.336812 0.336812
1691.986084 0.000000 2722.008057 0.000000 0.841858 0.000000 0.539699 0.339390 0.339390 0.339390
1697.012085 0.000000 2721.463135 0.000000 0.722278 0.000000 0.691602 0.337321 0.337321 0.337321
1722.349854 0.000000 2717.525391 0.000000 0.620372 0.000000 0.784308 0.333575 0.333575 0.333575
1689.027344 0.000000 2716.448730 0.000000 0.621814 0.000000 0.783165 0.332783 0.332783 0.332783
1744.020752 0.000000 2755.478271 0.000000 0.751658 0.000000 0.659554 0.341599 0.341599 0.341599
1737.163696 0.000000 2750.550781 0.000000 0.869817 0.000000 0.493374 0.344071 0.344071 0.344071
1728.390503 0.000000 2754.800049 0.000000 0.654623 0.000000 0.755956 0.339515 0.339515 0.339515
1775.152222 0.000000 2756.720703 0.000000 0.885240 0.000000 0.465135 0.344166 0.344166 0.344166
1740.244629 0.000000 2761.866699 0.000000 0.829127 0.000000 0.559060 0.342017 0.342017 0.342017
1745.307007 0.000000 2722.195801 0.000000 0.778187 0.000000 0.628032 0.341011 0.341011 0.341011
1790.298462 0.000000 2760.720703 0.000000 0.938714 0.000000 0.344697 0.344895 0.344895 0.344895
1739.577515 0.000000 2755.271240 0.000000 0.950736 0.000000 0.310003 0.344974 0.344974 0.344974
1731.196289 0.000000 2757.000488 0.000000 0.916697 0.000000 0.399584 0.344181 0.344181 0.344181
1743.876343 0.000000 2719.698242 0.000000 0.726625 0.000000 0.687034 0.338187 0.338187 0.338187
1747.362671 0.000000 2719.561523 0.000000 0.941197 0.000000 0.337858 0.344850 0.344850 0.344850
1772.260864 0.000000 2752.183350 0.000000 0.768260 0.000000 0.640138 0.338922 0.338922 0.338922
1739.621582 0.000000 2757.173584 0.000000 0.928355 0.000000 0.371694 0.342662 0.342662 0.342662
1749.480591 0.000000 2715.008057 0.000000 0.825263 0.000000 0.564748 0.340666 0.340666 0.340666
1748.239868 0.000000 2712.401855 0.000000 0.886366 0.000000 0.462986 0.341272 0.341272 0.341272
1749.606323 0.000000 2712.077637 0.000000 0.739114 0.000000 0.673580 0.336600 0.336600 0.336600
1681.626343 0.000000 2772.943848 0.000000 0.818859 0.000000 0.573995 0.342788 0.342788 0.342788
1724.365845 0.000000 2770.462158 0.000000 0.822779 0.000000 0.568361 0.342156 0.342156 0.342156
1686.295044 0.000000 2775.207520 0.000000 0.773364 0.000000 0.633962 0.340070 0.340070 0.340070
1711.227539 0.000000 2769.253662 0.000000 0.702522 0.000000 0.711662 0.336611 0.336611 0.336611
1684.914795 0.000000 2775.456299 0.000000 0.934316 0.000000 0.356445 0.343981 0.343981 0.343981
1714.898682 0.000000 2767.841309 0.000000 0.627162 0.000000 0.778889 0.332953 0.332953 0.332953
1786.875244 0.000000 2767.888916 0.000000 0.921551 0.000000 0.388257 0.345314 0.345314 0.345314
1772.193481 0.000000 2788.678955 0.000000 0.838361 0.000000 0.545116 0.342469 0.342469 0.342469
1734.927612 0.000000 2774.081787 0.000000 0.732674 0.000000 0.680580 0.340352 0.340352 0.340352
1774.326538 0.000000 2778.852539 0.000000 0.802628 0.000000 0.596480 0.340953 0.340953 0.340953
1781.305176 0.000000 2781.385254 0.000000 0.892273 0.000000 0.451497 0.342284 0.342284 0.342284
1779.156128 0.000000 2781.807373 0.000000 0.891464 0.000000 0.453092 0.341351 0.341351 0.341351
1776.094482 0.000000 2784.843750 0.000000 0.923030 0.000000 0.384727 0.341201 0.341201 0.341201
1768.686523 0.000000 2786.387451 0.000000 0.766959 0.000000 0.641696 0.340046 0.340046 0.340046
1779.232544 0.000000 2787.088379 0.000000 0.759326 0.000000 0.650710 0.337247 0.337247 0.337247
1729.194214 0.000000 2777.008789 0.000000 0.947316 0.000000 0.320300 0.344587 0.344587 0.344587
1728.065918 0.000000 2773.771729 0.000000 0.925052 0.000000 0.379842 0.342340 0.342340 0.342340
1729.465698 0.000000 2772.293701 0.000000 0.880106 0.000000 0.474778 0.340274 0.340274 0.340274
1766.330078 0.000000 2782.082520 0.000000 0.711101 0.000000 0.703090 0.335556 0.335556 0.335556
1776.708740 0.000000 2785.966064 0.000000 0.690377 0.000000 0.723450 0.331979 0.331979 0.331979
1774.689453 0.000000 2780.033936 0.000000 0.837343 0.000000 0.546677 0.338427 0.338427 0.338427
1771.927246 0.000000 2782.579346 0.000000 0.847656 0.000000 0.530547 0.337539 0.337539 0.337539
1793.476685 0.000000 2717.708740 0.000000 0.701673 0.000000 0.712500 0.340784 0.340784 0.340784
1801.163696 0.000000 2750.550781 0.000000 0.595495 0.000000 0.803359 0.339077 0.339077 0.339077
1849.614258 0.000000 2763.631104 0.000000 0.880810 0.000000 0.473470 0.344182 0.344182 0.344182
1807.212769 0.000000 2723.703369 0.000000 0.901955 0.000000 0.431830 0.344069 0.344069 0.344069
1795.898438 0.000000 2764.006592 0.000000 0.796053 0.000000 0.605227 0.341338 0.341338 0.341338
1812.862061 0.000000 2759.916992 0.000000 0.680216 0.000000 0.733012 0.339037 0.339037 0.339037
1792.164185 0.000000 2767.589111 0.000000 0.902062 0.000000 0.431607 0.343644 0.343644 0.343644
1797.852539 0.000000 2734.095459 0.000000 0.910145 0.000000 0.414290 0.344047 0.344047 0.344047
1796.386230 0.000000 2721.666992 0.000000 0.595962 0.000000 0.803013 0.334318 0.334318 0.334318
1793.798950 0.000000 2761.188965 0.000000 0.934887 0.000000 0.354946 0.344895 0.344895 0.344895
1803.631714 0.000000 2727.766357 0.000000 0.678888 0.000000 0.734242 0.338508 0.338508 0.338508
1794.331055 0.000000 2751.195801 0.000000 0.768786 0.000000 0.639506 0.339966 0.339966 0.339966
1798.638794 0.000000 2720.802979 0.000000 0.948778 0.000000 0.315945 0.344958 0.344958 0.344958
1797.442505 0.000000 2718.190186 0.000000 0.931147 0.000000 0.364643 0.344244 0.344244 0.344244
1797.865234 0.000000 2746.075928 0.000000 0.933646 0.000000 0.358197 0.343838 0.343838 0.343838
1799.816406 0.000000 2741.713135 0.000000 0.631379 0.000000 0.775474 0.335072 0.335072 0.335072
1837.601929 0.000000 2807.659424 0.000000 0.712561 0.000000 0.701610 0.339638 0.339638 0.339638
1823.881958 0.000000 2770.383789 0.000000 0.619020 0.000000 0.785376 0.337805 0.337805 0.337805
1848.373535 0.000000 2767.872803 0.000000 0.855506 0.000000 0.517794 0.342700 0.342700 0.342700
1815.550293 0.000000 2809.523438 0.000000 0.694381 0.000000 0.719608 0.338911 0.338911 0.338911
1853.061157 0.000000 2768.290771 0.000000 0.703206 0.000000 0.710986 0.338528 0.338528 0.338528
1820.530762 0.000000 2809.409424 0.000000 0.911875 0.000000 0.410468 0.343569 0.343569 0.343569
1834.998291 0.000000 2804.401367 0.000000 0.864498 0.000000 0.502636 0.338841 0.338841 0.338841
1835.856201 0.000000 2807.308594 0.000000 0.730092 0.000000 0.683349 0.335965 0.335965 0.335965
1837.534546 0.000000 2802.755859 0.000000 0.731621 0.000000 0.681712 0.337317 0.337317 0.337317
1825.452271 0.000000 2805.278076 0.000000 0.804418 0.000000 0.594064 0.337689 0.337689 0.337689
1826.794678 0.000000 2804.642334 0.000000 0.672530 0.000000 0.740070 0.331763 0.331763 0.331763
1827.174561 0.000000 2807.207764 0.000000 0.895852 0.000000 0.444352 0.339740 0.339740 0.339740
1825.949341 0.000000 2809.340088 0.000000 0.834204 0.000000 0.551456 0.336985 0.336985 0.336985
1830.659058 0.000000 2809.232422 0.000000 0.900479 0.000000 0.434899 0.341646 0.341646 0.341646
1912.851562 0.000000 2799.346680 0.000000 0.685429 0.000000 0.728139 0.340308 0.340308 0.340308
1894.192993 0.000000 2773.441162 0.000000 0.871972 0.000000 0.489555 0.343697 0.343697 0.343697
1909.757935 0.000000 2787.099121 0.000000 0.852187 0.000000 0.523237 0.343408 0.343408 0.343408
1856.173096 0.000000 2769.559082 0.000000 0.811130 0.000000 0.584867 0.342249 0.342249 0.342249
1885.536743 0.000000 2807.747559 0.000000 0.854985 0.000000 0.518653 0.343139 0.343139 0.343139
1859.168213 0.000000 2811.687012 0.000000 0.898976 0.000000 0.437998 0.343959 0.343959 0.343959
1894.885986 0.000000 2811.895996 0.000000 0.672206 0.000000 0.740364 0.339475 0.339475 0.339475
1915.279419 0.000000 2792.935791 0.000000 0.896986 0.000000 0.442058 0.343598 0.343598 0.343598
1902.630737 0.000000 2791.510986 0.000000 0.909719 0.000000 0.415224 0.344014 0.344014 0.344014
1869.897339 0.000000 2810.842285 0.000000 0.824868 0.000000 0.565325 0.341049 0.341049 0.341049
1857.729858 0.000000 2800.326660 0.000000 0.814899 0.000000 0.579603 0.341357 0.341357 0.341357
1910.075073 0.000000 2789.279297 0.000000 0.917978 0.000000 0.396631 0.344494 0.344494 0.344494
1861.887573 0.000000 2798.562988 0.000000 0.923799 0.000000 0.382879 0.344507 0.344507 0.344507
1899.936890 0.000000 2824.161865 0.000000 0.644478 0.000000 0.764623 0.337678 0.337678 0.337678
1870.121460 0.000000 2769.752930 0.000000 0.661044 0.000000 0.750347 0.337914 0.337914 0.337914
1865.185303 0.000000 2811.269531 0.000000 0.672400 0.000000 0.740188 0.338349 0.338349 0.338349
1890.455933 0.000000 2812.687256 0.000000 0.780604 0.000000 0.625026 0.336992 0.336992 0.336992
1897.461914 0.000000 2823.333984 0.000000 0.899685 0.000000 0.436539 0.343665 0.343665 0.343665
1873.040649 0.000000 2820.269775 0.000000 0.922976 0.000000 0.384857 0.343804 0.343804 0.343804
1884.530762 0.000000 2809.409424 0.000000 0.835366 0.000000 0.549693 0.341507 0.341507 0.341507
1914.542236 0.000000 2816.905518 0.000000 0.668316 0.000000 0.743878 0.336880 0.336880 0.336880
1901.863159 0.000000 2814.551514 0.000000 0.884876 0.000000 0.465827 0.342230 0.342230 0.342230
1886.899414 0.000000 2820.596191 0.000000 0.682779 0.000000 0.730625 0.337115 0.337115 0.337115
1879.245850 0.000000 2823.394775 0.000000 0.646832 0.000000 0.762632 0.336850 0.336850 0.336850
1880.941406 0.000000 2817.962158 0.000000 0.746781 0.000000 0.665070 0.336013 0.336013 0.336013
1883.848511 0.000000 2821.393555 0.000000 0.836070 0.000000 0.548623 0.339851 0.339851 0.339851
1913.560059 0.000000 2818.378418 0.000000 0.945741 0.000000 0.324920 0.344838 0.344838 0.344838
1872.782227 0.000000 2769.443359 0.000000 0.763087 0.000000 0.646296 0.338947 0.338947 0.338947
1878.173218 0.000000 2807.075928 0.000000 0.832014 0.000000 0.554755 0.338875 0.338875 0.338875
1917.962402 0.000000 2813.522461 0.000000 0.915505 0.000000 0.402305 0.343488 0.343488 0.343488
1876.233154 0.000000 2809.854004 0.000000 0.896682 0.000000 0.442675 0.342046 0.342046 0.342046
1888.219360 0.000000 2813.889893 0.000000 0.737901 0.000000 0.674909 0.335629 0.335629 0.335629
1903.482178 0.000000 2815.292480 0.000000 0.604439 0.000000 0.796651 0.334617 0.334617 0.334617
1868.710571 0.000000 2804.468262 0.000000 0.908772 0.000000 0.417292 0.342308 0.342308 0.342308
1883.274780 0.000000 2810.354248 0.000000 0.766299 0.000000 0.642484 0.338782 0.338782 0.338782
1878.076782 0.000000 2809.520264 0.000000 0.680253 0.000000 0.732978 0.334760 0.334760 0.334760
1874.552246 0.000000 2821.885254 0.000000 0.744369 0.000000 0.667769 0.337765 0.337765 0.337765
1891.060181 0.000000 2821.729248 0.000000 0.832428 0.000000 0.554134 0.340352 0.340352 0.340352
1907.251587 0.000000 2816.898438 0.000000 0.662945 0.000000 0.748668 0.334956 0.334956 0.334956
1896.031860 0.000000 2819.284912 0.000000 0.679408 0.000000 0.733760 0.335999 0.335999 0.335999
1899.740479 0.000000 2816.666260 0.000000 0.860550 0.000000 0.509366 0.340917 0.340917 0.340917
1907.676392 0.000000 2819.046875 0.000000 0.727327 0.000000 0.686292 0.335823 0.335823 0.335823
1901.109253 0.000000 2819.142090 0.000000 0.910680 0.000000 0.413113 0.342148 0.342148 0.342148
1889.317017 0.000000 2813.295654 0.000000 0.639745 0.000000 0.768587 0.332995 0.332995 0.332995
1874.405518 0.000000 2807.498535 0.000000 0.890279 0.000000 0.455416 0.341014 0.341014 0.341014
1993.888916 0.000000 2766.515137 0.000000 0.633920 0.000000 0.773399 0.339222 0.339222 0.339222
1990.827515 0.000000 2767.248779 0.000000 0.898552 0.000000 0.438867 0.344283 0.344283 0.344283
2019.097656 0.000000 2753.350098 0.000000 0.940724 0.000000 0.339174 0.344845 0.344845 0.344845
2007.825562 0.000000 2765.170410 0.000000 0.814464 0.000000 0.580215 0.341346 0.341346 0.341346
2022.151733 0.000000 2751.573730 0.000000 0.826544 0.000000 0.562872 0.340492 0.340492 0.340492
2012.971191 0.000000 2756.562744 0.000000 0.648602 0.000000 0.761127 0.337868 0.337868 0.337868
2017.783813 0.000000 2754.814209 0.000000 0.716500 0.000000 0.697587 0.337149 0.337149 0.337149
1978.875244 0.000000 2767.888916 0.000000 0.837051 0.000000 0.547125 0.343171 0.343171 0.343171
1958.192993 0.000000 2773.441162 0.000000 0.863451 0.000000 0.504432 0.343555 0.343555 0.343555
1934.569336 0.000000 2801.503174 0.000000 0.740110 0.000000 0.672485 0.340623 0.340623 0.340623
1931.346924 0.000000 2815.698486 0.000000 0.803151 0.000000 0.595776 0.341802 0.341802 0.341802
1940.386963 0.000000 2794.531494 0.000000 0.829587 0.000000 0.558377 0.341614 0.341614 0.341614
1977.682983 0.000000 2769.890137 0.000000 0.935474 0.000000 0.353397 0.344982 0.344982 0.344982
1936.326904 0.000000 2790.401367 0.000000 0.917309 0.000000 0.398176 0.344167 0.344167 0.344167
1942.646118 0.000000 2798.400146 0.000000 0.595618 0.000000 0.803268 0.336307 0.336307 0.336307
1921.798950 0.000000 2817.673340 0.000000 0.868076 0.000000 0.496431 0.342578 0.342578 0.342578
1956.267090 0.000000 2792.625000 0.000000 0.757974 0.000000 0.652285 0.340283 0.340283 0.340283
1942.346924 0.000000 2790.377930 0.000000 0.779890 0.000000 0.625917 0.340456 0.340456 0.340456
1969.047241 0.000000 2776.558838 0.000000 0.781693 0.000000 0.623663 0.339202 0.339202 0.339202
1980.870728 0.000000 2775.126953 0.000000 0.867626 0.000000 0.497218 0.340519 0.340519 0.340519
1972.512451 0.000000 2777.588867 0.000000 0.779824 0.000000 0.625999 0.340277 0.340277 0.340277
1979.325317 0.000000 2779.849609 0.000000 0.821283 0.000000 0.570521 0.341326 0.341326 0.341326
1924.837402 0.000000 2815.974121 0.000000 0.755126 0.000000 0.655580 0.339848 0.339848 0.339848
1951.909790 0.000000 2782.701904 0.000000 0.613130 0.000000 0.789982 0.335357 0.335357 0.335357
1983.180664 0.000000 2773.835693 0.000000 0.613288 0.000000 0.789860 0.331899 0.331899 0.331899
1969.404663 0.000000 2787.192383 0.000000 0.931233 0.000000 0.364424 0.344117 0.344117 0.344117
1974.014893 0.000000 2773.254395 0.000000 0.905611 0.000000 0.424110 0.341561 0.341561 0.341561
1964.925659 0.000000 2784.301758 0.000000 0.940744 0.000000 0.339118 0.344165 0.344165 0.344165
1982.061768 0.000000 2775.922607 0.000000 0.635532 0.000000 0.772075 0.334700 0.334700 0.334700
1983.877441 0.000000 2770.854248 0.000000 0.755342 0.000000 0.655331 0.336044 0.336044 0.336044
1952.142334 0.000000 2781.452393 0.000000 0.831414 0.000000 0.555654 0.339884 0.339884 0.339884
2009.026123 0.000000 2767.982178 0.000000 0.946805 0.000000 0.321808 0.345605 0.345605 0.345605
2006.346924 0.000000 2790.377930 0.000000 0.909035 0.000000 0.416720 0.343239 0.343239 0.343239
1992.096313 0.000000 2769.919434 0.000000 0.894764 0.000000 0.446538 0.343387 0.343387 0.343387
1984.942993 0.000000 2770.883789 0.000000 0.838760 0.000000 0.544502 0.339158 0.339158 0.339158
1992.166748 0.000000 2773.319092 0.000000 0.863267 0.000000 0.504748 0.341563 0.341563 0.341563
1993.044312 0.000000 2770.935791 0.000000 0.790197 0.000000 0.612853 0.339106 0.339106 0.339106
1989.392212 0.000000 2770.461670 0.000000 0.904092 0.000000 0.427337 0.342226 0.342226 0.342226
1792.173096 0.000000 2826.043457 0.000000 0.605407 0.000000 0.795916 0.339101 0.339101 0.339101
1901.790894 0.000000 2837.556885 0.000000 0.703069 0.000000 0.711121 0.340806 0.340806 0.340806
1897.191162 0.000000 2826.349121 0.000000 0.634254 0.000000 0.773125 0.336679 0.336679 0.336679
1902.857178 0.000000 2829.722656 0.000000 0.866242 0.000000 0.499624 0.340103 0.340103 0.340103
1887.909790 0.000000 2839.186279 0.000000 0.828964 0.000000 0.559303 0.341702 0.341702 0.341702
1885.993286 0.000000 2839.016602 0.000000 0.861589 0.000000 0.507607 0.342557 0.342557 0.342557
1888.666016 0.000000 2824.857666 0.000000 0.911614 0.000000 0.411047 0.342764 0.342764 0.342764
1893.573853 0.000000 2835.722900 0.000000 0.798239 0.000000 0.602341 0.340426 0.340426 0.340426
1895.815552 0.000000 2833.772461 0.000000 0.671052 0.000000 0.741410 0.334748 0.334748 0.334748
1892.465698 0.000000 2826.004639 0.000000 0.944125 0.000000 0.329589 0.344321 0.344321 0.344321
1888.706299 0.000000 2828.367920 0.000000 0.860974 0.000000 0.508649 0.340675 0.340675 0.340675
1876.698120 0.000000 2829.402832 0.000000 0.925512 0.000000 0.378719 0.343619 0.343619 0.343619
1898.243408 0.000000 2830.103760 0.000000 0.673872 0.000000 0.738848 0.333655 0.333655 0.333655
1895.286377 0.000000 2831.041016 0.000000 0.944490 0.000000 0.328541 0.343419 0.343419 0.343419
1900.527954 0.000000 2832.202393 0.000000 0.856632 0.000000 0.515928 0.340977 0.340977 0.340977
1883.648804 0.000000 2831.652344 0.000000 0.947298 0.000000 0.320353 0.344216 0.344216 0.344216
1895.698120 0.000000 2826.177002 0.000000 0.901370 0.000000 0.433049 0.342956 0.342956 0.342956
1893.877441 0.000000 2824.272705 0.000000 0.760637 0.000000 0.649178 0.337869 0.337869 0.337869
1891.260010 0.000000 2826.783203 0.000000 0.847782 0.000000 0.530345 0.340280 0.340280 0.340280
1891.236572 0.000000 2828.739990 0.000000 0.932601 0.000000 0.360909 0.343483 0.343483 0.343483
1895.969727 0.000000 2832.143555 0.000000 0.634019 0.000000 0.773317 0.333855 0.333855 0.333855
2103.597168 0.000000 2322.775635 0.000000 0.817983 0.000000 0.575243 0.338968 0.338968 0.338968
2090.064209 0.000000 2423.667480 0.000000 0.914056 0.000000 0.405589 0.344982 0.344982 0.344982
2088.666260 0.000000 2418.666260 0.000000 0.906035 0.000000 0.423203 0.343929 0.343929 0.343929
2107.144043 0.000000 2424.533447 0.000000 0.752533 0.000000 0.658555 0.338787 0.338787 0.338787
2107.060547 0.000000 2471.420410 0.000000 0.782174 0.000000 0.623061 0.339832 0.339832 0.339832
2102.278564 0.000000 2428.860107 0.000000 0.799046 0.000000 0.601270 0.338163 0.338163 0.338163
2108.200928 0.000000 2472.900879 0.000000 0.689551 0.000000 0.724237 0.335421 0.335421 0.335421
2109.091553 0.000000 2480.539795 0.000000 0.922859 0.000000 0.385139 0.343782 0.343782 0.343782
2111.412109 0.000000 2481.676270 0.000000 0.750419 0.000000 0.660962 0.337349 0.337349 0.337349
2107.031250 0.000000 2474.566895 0.000000 0.708304 0.000000 0.705907 0.335311 0.335311 0.335311
2112.314209 0.000000 2478.570068 0.000000 0.761565 0.000000 0.648089 0.338079 0.338079 0.338079
2090.151367 0.000000 2527.823975 0.000000 0.793042 0.000000 0.609167 0.340699 0.340699 0.340699
2094.922852 0.000000 2520.633789 0.000000 0.874689 0.000000 0.484684 0.342904 0.342904 0.342904
2107.649170 0.000000 2506.825195 0.000000 0.770846 0.000000 0.637022 0.338866 0.338866 0.338866
2111.180664 0.000000 2491.413818 0.000000 0.622219 0.000000 0.782843 0.336485 0.336485 0.336485
2103.988525 0.000000 2500.935791 0.000000 0.597267 0.000000 0.802043 0.334101 0.334101 0.334101
2108.446777 0.000000 2489.570312 0.000000 0.610418 0.000000 0.792080 0.334623 0.334623 0.334623
2104.550049 0.000000 2507.288330 0.000000 0.625012 0.000000 0.780615 0.333017 0.333017 0.333017
2102.872070 0.000000 2505.697754 0.000000 0.835881 0.000000 0.548911 0.338576 0.338576 0.338576
2092.932129 0.000000 2522.501221 0.000000 0.901739 0.000000 0.432281 0.342481 0.342481 0.342481
2096.763672 0.000000 2638.087646 0.000000 0.704237 0.000000 0.709965 0.339998 0.339998 0.339998
2097.258545 0.000000 2635.738281 0.000000 0.599315 0.000000 0.800513 0.337024 0.337024 0.337024
2092.435303 0.000000 2634.256348 0.000000 0.602361 0.000000 0.798224 0.337077 0.337077 0.337077
2110.612305 0.000000 2706.406006 0.000000 0.789574 0.000000 0.613655 0.342091 0.342091 0.342091
2117.188232 0.000000 2697.505615 0.000000 0.821912 0.000000 0.569615 0.340892 0.340892 0.340892
2120.816650 0.000000 2702.773926 0.000000 0.741326 0.000000 0.671145 0.337881 0.337881 0.337881
2117.392090 0.000000 2704.505371 0.000000 0.915739 0.000000 0.401774 0.343316 0.343316 0.343316
2109.935791 0.000000 2741.280029 0.000000 0.710989 0.000000 0.703203 0.340664 0.340664 0.340664
2087.553711 0.000000 2728.452393 0.000000 0.656778 0.000000 0.754084 0.339214 0.339214 0.339214
2096.015381 0.000000 2739.031494 0.000000 0.661452 0.000000 0.749988 0.338848 0.338848 0.338848
2107.279297 0.000000 2736.451416 0.000000 0.831523 0.000000 0.555491 0.341920 0.341920 0.341920
2089.381104 0.000000 2727.197510 0.000000 0.799191 0.000000 0.601078 0.340985 0.340985 0.340985
2086.302734 0.000000 2724.316650 0.000000 0.716637 0.000000 0.697446 0.339209 0.339209 0.339209
2097.077393 0.000000 2743.637939 0.000000 0.672199 0.000000 0.740370 0.338345 0.338345 0.338345
2093.659912 0.000000 2743.200195 0.000000 0.805062 0.000000 0.593190 0.341122 0.341122 0.341122
2097.665527 0.000000 2740.012695 0.000000 0.938445 0.000000 0.345428 0.345069 0.345069 0.345069
4028.605713 0.000000 2912.629639 0.000000 0.593289 0.000000 0.804989 0.336183 0.336183 0.336183
4598.469238 0.000000 1309.294678 0.000000 0.650097 0.000000 0.759851 0.339065 0.339065 0.339065
4600.357422 0.000000 1307.487549 0.000000 0.610685 0.000000 0.791874 0.337623 0.337623 0.337623
4826.051758 0.000000 992.528625 0.000000 0.631062 0.000000 0.775733 0.335880 0.335880 0.335880
4817.383301 0.000000 996.741760 0.000000 0.745882 0.000000 0.666078 0.335159 0.335159 0.335159
4826.960938 0.000000 996.522766 0.000000 0.733018 0.000000 0.680209 0.333332 0.333332 0.333332
4829.621094 0.000000 997.381775 0.000000 0.782699 0.000000 0.622400 0.337320 0.337320 0.337320
4862.677246 0.000000 1019.264771 0.000000 0.930473 0.000000 0.366360 0.344477 0.344477 0.344477
6071.341309 0.000000 1350.432617 0.000000 0.796931 0.000000 0.604071 0.341471 0.341471 0.341471
6077.900391 0.000000 1352.208496 0.000000 0.879722 0.000000 0.475489 0.342120 0.342120 0.342120
6079.099609 0.000000 1342.101807 0.000000 0.710505 0.000000 0.703692 0.335711 0.335711 0.335711
6121.605957 0.000000 1336.622070 0.000000 0.860019 0.000000 0.510263 0.343566 0.343566 0.343566
6124.877441 0.000000 1332.927612 0.000000 0.905957 0.000000 0.423369 0.344767 0.344767 0.344767
6123.534668 0.000000 1315.130371 0.000000 0.842080 0.000000 0.539352 0.342981 0.342981 0.342981
6133.305176 0.000000 1312.791504 0.000000 0.817427 0.000000 0.576033 0.341391 0.341391 0.341391
6140.194824 0.000000 1334.729736 0.000000 0.836844 0.000000 0.547441 0.342129 0.342129 0.342129
6085.476562 0.000000 1350.418823 0.000000 0.947035 0.000000 0.321132 0.343630 0.343630 0.343630
6081.941895 0.000000 1351.768677 0.000000 0.603903 0.000000 0.797058 0.333558 0.333558 0.333558
6137.789062 0.000000 1318.502441 0.000000 0.879120 0.000000 0.476600 0.342686 0.342686 0.342686
6080.004883 0.000000 1352.454712 0.000000 0.844322 0.000000 0.535836 0.340636 0.340636 0.340636
6141.495117 0.000000 1318.300903 0.000000 0.705959 0.000000 0.708252 0.338378 0.338378 0.338378
6127.125977 0.000000 1338.057739 0.000000 0.744371 0.000000 0.667767 0.339490 0.339490 0.339490
6135.086426 0.000000 1335.756958 0.000000 0.595359 0.000000 0.803460 0.336343 0.336343 0.336343
6137.096680 0.000000 1333.205566 0.000000 0.842306 0.000000 0.539000 0.339729 0.339729 0.339729
6118.058105 0.000000 1315.443115 0.000000 0.896250 0.000000 0.443549 0.342451 0.342451 0.342451
6133.526855 0.000000 1333.076172 0.000000 0.748513 0.000000 0.663120 0.336982 0.336982 0.336982
6084.645020 0.000000 1343.754517 0.000000 0.833092 0.000000 0.553135 0.337734 0.337734 0.337734
6081.717285 0.000000 1343.585815 0.000000 0.739875 0.000000 0.672745 0.334203 0.334203 0.334203
6080.036621 0.000000 1344.167969 0.000000 0.648929 0.000000 0.760849 0.333606 0.333606 0.333606
6142.371094 0.000000 1330.430298 0.000000 0.634233 0.000000 0.773142 0.334864 0.334864 0.334864
6124.932129 0.000000 1336.329224 0.000000 0.875457 0.000000 0.483295 0.341538 0.341538 0.341538
6138.285645 0.000000 1315.559326 0.000000 0.643251 0.000000 0.765655 0.332360 0.332360 0.332360
6034.853027 0.000000 1392.232422 0.000000 0.752805 0.000000 0.658243 0.341462 0.341462 0.341462
6034.409180 0.000000 1384.034546 0.000000 0.632902 0.000000 0.774232 0.339516 0.339516 0.339516
6064.446289 0.000000 1366.455811 0.000000 0.589907 0.000000 0.807471 0.338708 0.338708 0.338708
6064.763672 0.000000 1395.431396 0.000000 0.844664 0.000000 0.535297 0.343189 0.343189 0.343189
6068.612793 0.000000 1371.337036 0.000000 0.873738 0.000000 0.486397 0.343697 0.343697 0.343697
6066.542480 0.000000 1361.423584 0.000000 0.677828 0.000000 0.735221 0.339066 0.339066 0.339066
6049.210938 0.000000 1405.067871 0.000000 0.608865 0.000000 0.793274 0.337191 0.337191 0.337191
6054.985352 0.000000 1387.489380 0.000000 0.917415 0.000000 0.397932 0.344511 0.344511 0.344511
6060.263184 0.000000 1405.800049 0.000000 0.837577 0.000000 0.546319 0.341819 0.341819 0.341819
6071.474609 0.000000 1360.695679 0.000000 0.742850 0.000000 0.669458 0.339649 0.339649 0.339649
6078.677246 0.000000 1358.171021 0.000000 0.920437 0.000000 0.390892 0.344719 0.344719 0.344719
6040.739258 0.000000 1384.194214 0.000000 0.869047 0.000000 0.494729 0.342335 0.342335 0.342335
6071.775879 0.000000 1383.349976 0.000000 0.692011 0.000000 0.721887 0.337914 0.337914 0.337914
6050.607422 0.000000 1408.018921 0.000000 0.837830 0.000000 0.545931 0.340740 0.340740 0.340740
6063.125977 0.000000 1394.542114 0.000000 0.779956 0.000000 0.625834 0.340192 0.340192 0.340192
6057.043945 0.000000 1367.640625 0.000000 0.838563 0.000000 0.544804 0.340309 0.340309 0.340309
6048.125000 0.000000 1364.767090 0.000000 0.698422 0.000000 0.715686 0.338326 0.338326 0.338326
6048.356445 0.000000 1367.991821 0.000000 0.670539 0.000000 0.741874 0.335502 0.335502 0.335502
6039.875000 0.000000 1387.700806 0.000000 0.799799 0.000000 0.600268 0.339592 0.339592 0.339592
6048.008789 0.000000 1406.109375 0.000000 0.922013 0.000000 0.387160 0.343782 0.343782 0.343782
6057.112793 0.000000 1366.062744 0.000000 0.605575 0.000000 0.795788 0.334520 0.334520 0.334520
6053.195312 0.000000 1364.217407 0.000000 0.837617 0.000000 0.546258 0.340381 0.340381 0.340381
6051.868164 0.000000 1371.465820 0.000000 0.736741 0.000000 0.676175 0.336926 0.336926 0.336926
6051.814453 0.000000 1366.796387 0.000000 0.616549 0.000000 0.787316 0.334555 0.334555 0.334555
6130.281250 0.000000 1398.694214 0.000000 0.884171 0.000000 0.467163 0.344563 0.344563 0.344563
6112.344727 0.000000 1393.942627 0.000000 0.889220 0.000000 0.457479 0.344374 0.344374 0.344374
6110.089844 0.000000 1384.560303 0.000000 0.871428 0.000000 0.490523 0.343415 0.343415 0.343415
6129.605957 0.000000 1408.478882 0.000000 0.775532 0.000000 0.631308 0.341254 0.341254 0.341254
6107.116211 0.000000 1374.100220 0.000000 0.909013 0.000000 0.416768 0.344347 0.344347 0.344347
6130.714844 0.000000 1406.097900 0.000000 0.601314 0.000000 0.799013 0.337180 0.337180 0.337180
6135.341309 0.000000 1406.916992 0.000000 0.915643 0.000000 0.401993 0.344307 0.344307 0.344307
6123.827148 0.000000 1393.811768 0.000000 0.605201 0.000000 0.796073 0.337931 0.337931 0.337931
6082.305176 0.000000 1356.974854 0.000000 0.615010 0.000000 0.788519 0.335871 0.335871 0.335871
6108.971191 0.000000 1400.937744 0.000000 0.950724 0.000000 0.310039 0.345565 0.345565 0.345565
6097.260742 0.000000 1398.189331 0.000000 0.626196 0.000000 0.779666 0.336679 0.336679 0.336679
6089.455566 0.000000 1360.392090 0.000000 0.935527 0.000000 0.353256 0.344211 0.344211 0.344211
6085.380859 0.000000 1355.783081 0.000000 0.685117 0.000000 0.728433 0.335240 0.335240 0.335240
6057.896973 0.000000 1412.137695 0.000000 0.880386 0.000000 0.474258 0.343999 0.343999 0.343999
6079.450684 0.000000 1420.038696 0.000000 0.791127 0.000000 0.611652 0.341316 0.341316 0.341316
6073.532715 0.000000 1427.083984 0.000000 0.646324 0.000000 0.763063 0.337978 0.337978 0.337978
6079.211914 0.000000 1422.941162 0.000000 0.645955 0.000000 0.763376 0.336757 0.336757 0.336757
6061.664062 0.000000 1419.104980 0.000000 0.899625 0.000000 0.436663 0.343880 0.343880 0.343880
6073.789062 0.000000 1431.471191 0.000000 0.801428 0.000000 0.598091 0.340673 0.340673 0.340673
6050.286621 0.000000 1415.737061 0.000000 0.825757 0.000000 0.564027 0.341622 0.341622 0.341622
6068.948730 0.000000 1438.835449 0.000000 0.825469 0.000000 0.564448 0.341562 0.341562 0.341562
6077.998047 0.000000 1444.735474 0.000000 0.598151 0.000000 0.801383 0.335704 0.335704 0.335704
6078.777344 0.000000 1432.537598 0.000000 0.917560 0.000000 0.397598 0.343747 0.343747 0.343747
6079.538574 0.000000 1426.594604 0.000000 0.858370 0.000000 0.513031 0.340680 0.340680 0.340680
6106.616699 0.000000 1418.318848 0.000000 0.848253 0.000000 0.529592 0.343587 0.343587 0.343587
6141.935547 0.000000 1442.139404 0.000000 0.645738 0.000000 0.763559 0.339524 0.339524 0.339524
6086.113770 0.000000 1451.067871 0.000000 0.805380 0.000000 0.592758 0.341933 0.341933 0.341933
6138.988770 0.000000 1445.743408 0.000000 0.931249 0.000000 0.364383 0.345014 0.345014 0.345014
6137.397461 0.000000 1450.259644 0.000000 0.598597 0.000000 0.801050 0.337985 0.337985 0.337985
6082.523438 0.000000 1426.524292 0.000000 0.733650 0.000000 0.679527 0.339065 0.339065 0.339065
6142.677246 0.000000 1414.655396 0.000000 0.899785 0.000000 0.436334 0.344043 0.344043 0.344043
6083.661133 0.000000 1433.182983 0.000000 0.943221 0.000000 0.332166 0.345473 0.345473 0.345473
6120.552734 0.000000 1464.960571 0.000000 0.837234 0.000000 0.546844 0.341557 0.341557 0.341557
6084.679688 0.000000 1426.345703 0.000000 0.905201 0.000000 0.424984 0.343825 0.343825 0.343825
6092.800293 0.000000 1422.672119 0.000000 0.767360 0.000000 0.641217 0.340177 0.340177 0.340177
6136.393555 0.000000 1457.236084 0.000000 0.789804 0.000000 0.613360 0.340855 0.340855 0.340855
6135.775879 0.000000 1439.834351 0.000000 0.859570 0.000000 0.511018 0.342220 0.342220 0.342220
6110.427246 0.000000 1450.396606 0.000000 0.926514 0.000000 0.376259 0.344438 0.344438 0.344438
6116.762207 0.000000 1433.614502 0.000000 0.715126 0.000000 0.698996 0.338976 0.338976 0.338976
6099.362793 0.000000 1420.421021 0.000000 0.834576 0.000000 0.550893 0.339677 0.339677 0.339677
6097.197754 0.000000 1418.902466 0.000000 0.770116 0.000000 0.637903 0.337064 0.337064 0.337064
6080.129395 0.000000 1444.154053 0.000000 0.796114 0.000000 0.605147 0.338556 0.338556 0.338556
6131.356445 0.000000 1434.284668 0.000000 0.709352 0.000000 0.704855 0.338278 0.338278 0.338278
6080.951172 0.000000 1426.344604 0.000000 0.630592 0.000000 0.776115 0.335987 0.335987 0.335987
6130.992676 0.000000 1441.515503 0.000000 0.673081 0.000000 0.739569 0.336144 0.336144 0.336144
6098.493652 0.000000 1418.408691 0.000000 0.783353 0.000000 0.621577 0.335992 0.335992 0.335992
6131.048340 0.000000 1438.799194 0.000000 0.913543 0.000000 0.406741 0.342552 0.342552 0.342552
6127.844727 0.000000 1475.704224 0.000000 0.936786 0.000000 0.349904 0.345846 0.345846 0.345846
5868.596680 0.000000 1713.482544 0.000000 0.602403 0.000000 0.798192 0.336836 0.336836 0.336836
5868.925781 0.000000 1711.098633 0.000000 0.600241 0.000000 0.799819 0.330965 0.330965 0.330965
6246.643555 0.000000 560.061462 0.000000 0.841746 0.000000 0.539874 0.342750 0.342750 0.342750
6268.718750 0.000000 549.590820 0.000000 0.860210 0.000000 0.509940 0.343127 0.343127 0.343127
6265.397461 0.000000 546.509705 0.000000 0.661792 0.000000 0.749688 0.338187 0.338187 0.338187
6252.424316 0.000000 560.905396 0.000000 0.755442 0.000000 0.655215 0.339793 0.339793 0.339793
6264.956055 0.000000 533.775085 0.000000 0.802343 0.000000 0.596863 0.341198 0.341198 0.341198
6252.435059 0.000000 544.334534 0.000000 0.945925 0.000000 0.324387 0.345381 0.345381 0.345381
6254.877930 0.000000 561.782837 0.000000 0.800491 0.000000 0.599344 0.339808 0.339808 0.339808
6251.705078 0.000000 535.747131 0.000000 0.632566 0.000000 0.774506 0.330260 0.330260 0.330260
6257.818848 0.000000 535.107117 0.000000 0.647608 0.000000 0.761973 0.334519 0.334519 0.334519
6258.737793 0.000000 541.857056 0.000000 0.823087 0.000000 0.567916 0.339683 0.339683 0.339683
6251.248535 0.000000 541.185425 0.000000 0.684396 0.000000 0.729110 0.336471 0.336471 0.336471
6266.464844 0.000000 544.646790 0.000000 0.746443 0.000000 0.665450 0.338453 0.338453 0.338453
6261.498535 0.000000 545.835571 0.000000 0.623388 0.000000 0.781912 0.336939 0.336939 0.336939
6271.198730 0.000000 543.379456 0.000000 0.941419 0.000000 0.337238 0.344875 0.344875 0.344875
6263.627441 0.000000 538.986877 0.000000 0.685879 0.000000 0.727716 0.336719 0.336719 0.336719
6256.143066 0.000000 560.775940 0.000000 0.878437 0.000000 0.477857 0.340531 0.340531 0.340531
6269.091309 0.000000 560.070923 0.000000 0.940134 0.000000 0.340805 0.344561 0.344561 0.344561
6247.754395 0.000000 534.267883 0.000000 0.650229 0.000000 0.759739 0.332696 0.332696 0.332696
6259.138184 0.000000 540.371521 0.000000 0.741196 0.000000 0.671289 0.337428 0.337428 0.337428
6251.594727 0.000000 530.759155 0.000000 0.907723 0.000000 0.419569 0.342433 0.342433 0.342433
6258.992676 0.000000 537.765442 0.000000 0.911056 0.000000 0.412283 0.342685 0.342685 0.342685
6250.089355 0.000000 541.972656 0.000000 0.812583 0.000000 0.582845 0.339697 0.339697 0.339697
6258.359863 0.000000 560.106506 0.000000 0.919045 0.000000 0.394152 0.341769 0.341769 0.341769
6248.307617 0.000000 539.951843 0.000000 0.825210 0.000000 0.564826 0.339773 0.339773 0.339773
6250.333984 0.000000 535.453003 0.000000 0.815101 0.000000 0.579319 0.336232 0.336232 0.336232
6259.676270 0.000000 559.671875 0.000000 0.726244 0.000000 0.687437 0.335860 0.335860 0.335860
6249.289551 0.000000 533.772217 0.000000 0.763718 0.000000 0.645550 0.334671 0.334671 0.334671
6380.874023 0.000000 496.864227 0.000000 0.899994 0.000000 0.435903 0.344147 0.344147 0.344147
6396.605469 0.000000 483.801605 0.000000 0.607544 0.000000 0.794286 0.338090 0.338090 0.338090
6384.863770 0.000000 496.351013 0.000000 0.860127 0.000000 0.510080 0.341932 0.341932 0.341932
6384.736816 0.000000 498.561829 0.000000 0.740375 0.000000 0.672194 0.338438 0.338438 0.338438
6396.200684 0.000000 495.947693 0.000000 0.819461 0.000000 0.573135 0.338801 0.338801 0.338801
6397.407227 0.000000 489.258575 0.000000 0.897251 0.000000 0.441521 0.341749 0.341749 0.341749
6394.732422 0.000000 505.547943 0.000000 0.621190 0.000000 0.783660 0.336190 0.336190 0.336190
6393.143066 0.000000 495.653564 0.000000 0.780937 0.000000 0.624610 0.338240 0.338240 0.338240
6394.382812 0.000000 486.751740 0.000000 0.853094 0.000000 0.521758 0.340287 0.340287 0.340287
6399.099609 0.000000 494.836243 0.000000 0.739766 0.000000 0.672865 0.336521 0.336521 0.336521
6395.031250 0.000000 497.613739 0.000000 0.747237 0.000000 0.664558 0.337741 0.337741 0.337741
6389.717285 0.000000 497.357361 0.000000 0.919703 0.000000 0.392614 0.342508 0.342508 0.342508
6392.508789 0.000000 493.317688 0.000000 0.891992 0.000000 0.452051 0.341249 0.341249 0.341249
6272.522461 0.000000 524.061401 0.000000 0.946721 0.000000 0.322056 0.346046 0.346046 0.346046
6298.771973 0.000000 558.269653 0.000000 0.685619 0.000000 0.727961 0.339670 0.339670 0.339670
6284.424805 0.000000 526.779114 0.000000 0.940260 0.000000 0.340457 0.345674 0.345674 0.345674
6283.713867 0.000000 546.362488 0.000000 0.723919 0.000000 0.689885 0.340420 0.340420 0.340420
6275.167969 0.000000 552.312073 0.000000 0.674324 0.000000 0.738436 0.339184 0.339184 0.339184
6335.022949 0.000000 562.524963 0.000000 0.894014 0.000000 0.448040 0.343931 0.343931 0.343931
6272.956543 0.000000 549.479248 0.000000 0.948834 0.000000 0.315776 0.345831 0.345831 0.345831
6284.076660 0.000000 543.669861 0.000000 0.792674 0.000000 0.609646 0.341350 0.341350 0.341350
6307.097656 0.000000 550.459412 0.000000 0.838792 0.000000 0.544452 0.342102 0.342102 0.342102
6284.277832 0.000000 563.615601 0.000000 0.928238 0.000000 0.371988 0.344405 0.344405 0.344405
6318.922852 0.000000 543.680664 0.000000 0.851449 0.000000 0.524438 0.339219 0.339219 0.339219
6283.119141 0.000000 561.978577 0.000000 0.662182 0.000000 0.749343 0.336381 0.336381 0.336381
6283.577637 0.000000 552.380493 0.000000 0.685916 0.000000 0.727681 0.338535 0.338535 0.338535
6306.607422 0.000000 560.753296 0.000000 0.655819 0.000000 0.754918 0.335535 0.335535 0.335535
6285.842285 0.000000 559.837158 0.000000 0.790103 0.000000 0.612974 0.336422 0.336422 0.336422
6310.249512 0.000000 562.051575 0.000000 0.860155 0.000000 0.510033 0.342096 0.342096 0.342096
6315.434082 0.000000 537.449402 0.000000 0.948984 0.000000 0.315324 0.345221 0.345221 0.345221
6284.884766 0.000000 555.341797 0.000000 0.790253 0.000000 0.612780 0.337782 0.337782 0.337782
6307.246582 0.000000 554.777771 0.000000 0.901983 0.000000 0.431772 0.340520 0.340520 0.340520
6305.938477 0.000000 559.247925 0.000000 0.748403 0.000000 0.663244 0.336314 0.336314 0.336314
6283.621582 0.000000 554.282959 0.000000 0.924211 0.000000 0.381882 0.342981 0.342981 0.342981
6289.270508 0.000000 559.177002 0.000000 0.743619 0.000000 0.668604 0.337458 0.337458 0.337458
6304.008789 0.000000 558.843750 0.000000 0.855775 0.000000 0.517348 0.339737 0.339737 0.339737
6280.076660 0.000000 557.798828 0.000000 0.656665 0.000000 0.754183 0.335778 0.335778 0.335778
6302.239746 0.000000 556.541199 0.000000 0.750002 0.000000 0.661435 0.337938 0.337938 0.337938
6276.395996 0.000000 534.945190 0.000000 0.741595 0.000000 0.670848 0.338498 0.338498 0.338498
6329.877930 0.000000 538.940674 0.000000 0.878863 0.000000 0.477074 0.341265 0.341265 0.341265
6309.564453 0.000000 553.013062 0.000000 0.767060 0.000000 0.641576 0.337249 0.337249 0.337249
6284.281738 0.000000 560.361389 0.000000 0.899100 0.000000 0.437742 0.341488 0.341488 0.341488
6314.089355 0.000000 541.972656 0.000000 0.783558 0.000000 0.621319 0.338108 0.338108 0.338108
6324.189941 0.000000 542.433472 0.000000 0.641666 0.000000 0.766984 0.334189 0.334189 0.334189
6319.812988 0.000000 540.463867 0.000000 0.672156 0.000000 0.740409 0.334192 0.334192 0.334192
6329.621582 0.000000 541.250122 0.000000 0.928341 0.000000 0.371729 0.343227 0.343227 0.343227
6332.820312 0.000000 539.020996 0.000000 0.933551 0.000000 0.358444 0.343754 0.343754 0.343754
6311.241699 0.000000 561.258667 0.000000 0.841107 0.000000 0.540868 0.339689 0.339689 0.339689
6318.152832 0.000000 542.251770 0.000000 0.814670 0.000000 0.579925 0.337918 0.337918 0.337918
6285.262207 0.000000 558.309875 0.000000 0.620913 0.000000 0.783880 0.331462 0.331462 0.331462
6343.693359 0.000000 540.191956 0.000000 0.919276 0.000000 0.393614 0.345422 0.345422 0.345422
6365.587891 0.000000 528.027161 0.000000 0.903411 0.000000 0.428776 0.344424 0.344424 0.344424
6350.452148 0.000000 563.954102 0.000000 0.947002 0.000000 0.321229 0.345814 0.345814 0.345814
6396.546387 0.000000 536.299072 0.000000 0.791761 0.000000 0.610831 0.341387 0.341387 0.341387
6356.471191 0.000000 530.184937 0.000000 0.904479 0.000000 0.426519 0.344359 0.344359 0.344359
6391.474609 0.000000 513.430054 0.000000 0.785177 0.000000 0.619271 0.340547 0.340547 0.340547
6347.945801 0.000000 530.427917 0.000000 0.925014 0.000000 0.379932 0.344092 0.344092 0.344092
6359.342285 0.000000 523.870117 0.000000 0.765691 0.000000 0.643209 0.340110 0.340110 0.340110
6356.672363 0.000000 527.916748 0.000000 0.594224 0.000000 0.804300 0.336241 0.336241 0.336241
6342.227051 0.000000 552.934326 0.000000 0.761768 0.000000 0.647850 0.337869 0.337869 0.337869
6341.476562 0.000000 559.637573 0.000000 0.890975 0.000000 0.454053 0.341187 0.341187 0.341187
6345.185059 0.000000 551.894592 0.000000 0.762605 0.000000 0.646864 0.338167 0.338167 0.338167
6383.881836 0.000000 521.091919 0.000000 0.681625 0.000000 0.731701 0.336301 0.336301 0.336301
6351.814941 0.000000 528.991333 0.000000 0.891410 0.000000 0.453197 0.343280 0.343280 0.343280
6388.512207 0.000000 518.213745 0.000000 0.817188 0.000000 0.576371 0.339721 0.339721 0.339721
6395.459473 0.000000 517.719543 0.000000 0.941537 0.000000 0.336910 0.344460 0.344460 0.344460
6397.495117 0.000000 527.519592 0.000000 0.865237 0.000000 0.501362 0.340730 0.340730 0.340730
6345.040527 0.000000 549.883972 0.000000 0.733778 0.000000 0.679390 0.337567 0.337567 0.337567
6345.975098 0.000000 545.871460 0.000000 0.678160 0.000000 0.734914 0.337449 0.337449 0.337449
6338.240723 0.000000 550.676819 0.000000 0.640628 0.000000 0.767851 0.334777 0.334777 0.334777
6377.043945 0.000000 520.375000 0.000000 0.949143 0.000000 0.314846 0.344487 0.344487 0.344487
6389.692383 0.000000 520.094360 0.000000 0.653858 0.000000 0.756617 0.336241 0.336241 0.336241
6346.837402 0.000000 559.967529 0.000000 0.818548 0.000000 0.574438 0.339787 0.339787 0.339787
6341.147461 0.000000 562.348572 0.000000 0.905505 0.000000 0.424336 0.342763 0.342763 0.342763
6390.224609 0.000000 523.538147 0.000000 0.721868 0.000000 0.692031 0.338647 0.338647 0.338647
6337.897461 0.000000 531.150940 0.000000 0.711186 0.000000 0.703004 0.338249 0.338249 0.338249
6343.856445 0.000000 553.041077 0.000000 0.913072 0.000000 0.407798 0.342770 0.342770 0.342770
6342.216797 0.000000 555.591309 0.000000 0.873402 0.000000 0.487000 0.341200 0.341200 0.341200
6360.543945 0.000000 522.860718 0.000000 0.684371 0.000000 0.729134 0.336649 0.336649 0.336649
6371.868164 0.000000 524.200256 0.000000 0.733556 0.000000 0.679630 0.337333 0.337333 0.337333
6346.104492 0.000000 555.450134 0.000000 0.825290 0.000000 0.564709 0.340221 0.340221 0.340221
6342.498535 0.000000 562.902466 0.000000 0.899810 0.000000 0.436283 0.341499 0.341499 0.341499
6347.080078 0.000000 558.166992 0.000000 0.829551 0.000000 0.558431 0.340112 0.340112 0.340112
6340.866211 0.000000 532.317871 0.000000 0.724731 0.000000 0.689032 0.337612 0.337612 0.337612
6340.648926 0.000000 530.469360 0.000000 0.682747 0.000000 0.730655 0.336649 0.336649 0.336649
6336.036621 0.000000 554.954590 0.000000 0.900482 0.000000 0.434894 0.342668 0.342668 0.342668
6398.576172 0.000000 520.622864 0.000000 0.731583 0.000000 0.681752 0.337185 0.337185 0.337185
6266.815430 0.000000 572.412903 0.000000 0.824680 0.000000 0.565599 0.342567 0.342567 0.342567
6258.335449 0.000000 585.736816 0.000000 0.772137 0.000000 0.635456 0.341396 0.341396 0.341396
6263.542480 0.000000 587.973511 0.000000 0.716472 0.000000 0.697616 0.340353 0.340353 0.340353
6264.357422 0.000000 573.190674 0.000000 0.683452 0.000000 0.729995 0.339453 0.339453 0.339453
6271.450684 0.000000 572.773071 0.000000 0.776797 0.000000 0.629750 0.341369 0.341369 0.341369
6248.628906 0.000000 570.984009 0.000000 0.606124 0.000000 0.795370 0.336982 0.336982 0.336982
6267.596680 0.000000 581.370178 0.000000 0.710910 0.000000 0.703283 0.339674 0.339674 0.339674
6269.061035 0.000000 565.400085 0.000000 0.832561 0.000000 0.553933 0.341536 0.341536 0.341536
6249.191406 0.000000 566.974243 0.000000 0.686352 0.000000 0.727269 0.338010 0.338010 0.338010
6269.359375 0.000000 585.917297 0.000000 0.936432 0.000000 0.350850 0.344879 0.344879 0.344879
6254.326660 0.000000 575.961853 0.000000 0.827984 0.000000 0.560752 0.341365 0.341365 0.341365
6257.047363 0.000000 573.668213 0.000000 0.770372 0.000000 0.637595 0.339096 0.339096 0.339096
6255.569336 0.000000 564.946960 0.000000 0.761561 0.000000 0.648093 0.338387 0.338387 0.338387
6269.495117 0.000000 584.003967 0.000000 0.674684 0.000000 0.738107 0.338138 0.338138 0.338138
6251.041992 0.000000 573.714539 0.000000 0.665147 0.000000 0.746713 0.337918 0.337918 0.337918
6258.757324 0.000000 566.191956 0.000000 0.946004 0.000000 0.324154 0.344043 0.344043 0.344043
6261.482910 0.000000 566.165894 0.000000 0.870735 0.000000 0.491753 0.339803 0.339803 0.339803
6255.227539 0.000000 566.363037 0.000000 0.917431 0.000000 0.397895 0.343474 0.343474 0.343474
6258.898438 0.000000 564.950623 0.000000 0.902545 0.000000 0.430596 0.340781 0.340781 0.340781
6274.759766 0.000000 573.958374 0.000000 0.640309 0.000000 0.768118 0.338558 0.338558 0.338558
6276.015137 0.000000 570.930847 0.000000 0.946496 0.000000 0.322715 0.345506 0.345506 0.345506
6311.590820 0.000000 568.458923 0.000000 0.697268 0.000000 0.716811 0.339839 0.339839 0.339839
6278.927734 0.000000 571.191162 0.000000 0.823347 0.000000 0.567538 0.341721 0.341721 0.341721
6308.142090 0.000000 564.938965 0.000000 0.941683 0.000000 0.336501 0.345412 0.345412 0.345412
6272.013672 0.000000 569.366516 0.000000 0.704633 0.000000 0.709572 0.339109 0.339109 0.339109
6295.989746 0.000000 577.873596 0.000000 0.805319 0.000000 0.592842 0.338716 0.338716 0.338716
6322.636719 0.000000 575.298096 0.000000 0.846767 0.000000 0.531963 0.341031 0.341031 0.341031
6287.288574 0.000000 579.381714 0.000000 0.879581 0.000000 0.475750 0.342115 0.342115 0.342115
6326.278809 0.000000 564.875671 0.000000 0.729407 0.000000 0.684080 0.338184 0.338184 0.338184
6282.587402 0.000000 578.124084 0.000000 0.774918 0.000000 0.632062 0.339298 0.339298 0.339298
6320.094238 0.000000 581.953003 0.000000 0.726991 0.000000 0.686647 0.337831 0.337831 0.337831
6324.512207 0.000000 574.698120 0.000000 0.811152 0.000000 0.584835 0.339957 0.339957 0.339957
6324.288574 0.000000 585.673889 0.000000 0.766839 0.000000 0.641839 0.337425 0.337425 0.337425
6327.633301 0.000000 583.561646 0.000000 0.764948 0.000000 0.644092 0.338290 0.338290 0.338290
6280.096191 0.000000 567.028748 0.000000 0.939475 0.000000 0.342618 0.345004 0.345004 0.345004
6299.430664 0.000000 576.871460 0.000000 0.595335 0.000000 0.803478 0.334549 0.334549 0.334549
6307.805176 0.000000 583.758118 0.000000 0.809263 0.000000 0.587446 0.339905 0.339905 0.339905
6283.861328 0.000000 579.513306 0.000000 0.794028 0.000000 0.607881 0.339780 0.339780 0.339780
6298.396484 0.000000 574.881470 0.000000 0.909361 0.000000 0.416009 0.343739 0.343739 0.343739
6306.022949 0.000000 586.879517 0.000000 0.792844 0.000000 0.609424 0.338920 0.338920 0.338920
6331.648926 0.000000 586.356445 0.000000 0.906186 0.000000 0.422880 0.342599 0.342599 0.342599
6317.137695 0.000000 579.903870 0.000000 0.896329 0.000000 0.443389 0.342935 0.342935 0.342935
6296.050781 0.000000 582.556763 0.000000 0.950090 0.000000 0.311976 0.344857 0.344857 0.344857
6335.180664 0.000000 570.945190 0.000000 0.913502 0.000000 0.406834 0.342714 0.342714 0.342714
6303.070801 0.000000 585.500977 0.000000 0.729250 0.000000 0.684248 0.337127 0.337127 0.337127
6325.819336 0.000000 573.469482 0.000000 0.615477 0.000000 0.788155 0.335682 0.335682 0.335682
6330.833496 0.000000 568.109253 0.000000 0.779926 0.000000 0.625872 0.339777 0.339777 0.339777
6333.973633 0.000000 568.818909 0.000000 0.867684 0.000000 0.497116 0.341590 0.341590 0.341590
6315.719727 0.000000 582.430420 0.000000 0.817321 0.000000 0.576183 0.339269 0.339269 0.339269
6297.662598 0.000000 587.639038 0.000000 0.866645 0.000000 0.498925 0.341739 0.341739 0.341739
6302.637207 0.000000 583.012634 0.000000 0.909019 0.000000 0.416756 0.343220 0.343220 0.343220
6331.157715 0.000000 566.595520 0.000000 0.780634 0.000000 0.624989 0.339470 0.339470 0.339470
6329.855957 0.000000 573.665894 0.000000 0.946080 0.000000 0.323934 0.344912 0.344912 0.344912
6326.014648 0.000000 570.363831 0.000000 0.886079 0.000000 0.463534 0.342609 0.342609 0.342609
6285.914551 0.000000 583.086792 0.000000 0.823258 0.000000 0.567668 0.340611 0.340611 0.340611
6298.808105 0.000000 581.849609 0.000000 0.735909 0.000000 0.677080 0.337944 0.337944 0.337944
6310.613281 0.000000 585.714539 0.000000 0.771610 0.000000 0.636095 0.337048 0.337048 0.337048
6325.702637 0.000000 582.680725 0.000000 0.713483 0.000000 0.700673 0.335890 0.335890 0.335890
6288.534668 0.000000 578.671509 0.000000 0.607489 0.000000 0.794328 0.334961 0.334961 0.334961
6315.041992 0.000000 584.922607 0.000000 0.866248 0.000000 0.499613 0.340309 0.340309 0.340309
6318.218262 0.000000 583.720215 0.000000 0.640513 0.000000 0.767947 0.334277 0.334277 0.334277
6352.020996 0.000000 609.072021 0.000000 0.949693 0.000000 0.313183 0.346340 0.346340 0.346340
6367.949707 0.000000 599.099731 0.000000 0.728435 0.000000 0.685114 0.340866 0.340866 0.340866
6377.927734 0.000000 609.577026 0.000000 0.697836 0.000000 0.716258 0.340058 0.340058 0.340058
6340.219238 0.000000 597.477905 0.000000 0.946680 0.000000 0.322176 0.346045 0.346045 0.346045
6374.737793 0.000000 603.321655 0.000000 0.935054 0.000000 0.354506 0.345393 0.345393 0.345393
6399.835938 0.000000 569.327820 0.000000 0.890869 0.000000 0.454260 0.343449 0.343449 0.343449
6385.258789 0.000000 602.300720 0.000000 0.903222 0.000000 0.429175 0.343624 0.343624 0.343624
6398.188965 0.000000 579.918335 0.000000 0.735589 0.000000 0.677428 0.340310 0.340310 0.340310
6380.874023 0.000000 609.833008 0.000000 0.862245 0.000000 0.506491 0.342760 0.342760 0.342760
6396.605469 0.000000 596.770386 0.000000 0.925235 0.000000 0.379394 0.344390 0.344390 0.344390
6347.600586 0.000000 570.565552 0.000000 0.873422 0.000000 0.486964 0.342956 0.342956 0.342956
6369.958496 0.000000 605.072693 0.000000 0.870503 0.000000 0.492162 0.342896 0.342896 0.342896
6340.386230 0.000000 575.260742 0.000000 0.930977 0.000000 0.365078 0.343077 0.343077 0.343077
6347.631836 0.000000 581.360046 0.000000 0.707281 0.000000 0.706932 0.332917 0.332917 0.332917
6350.324707 0.000000 588.731689 0.000000 0.899798 0.000000 0.436306 0.342149 0.342149 0.342149
6388.752441 0.000000 611.241089 0.000000 0.659370 0.000000 0.751819 0.338179 0.338179 0.338179
6351.288574 0.000000 579.381714 0.000000 0.617553 0.000000 0.786530 0.335803 0.335803 0.335803
6391.657227 0.000000 605.217529 0.000000 0.884629 0.000000 0.466295 0.343133 0.343133 0.343133
6385.818848 0.000000 591.591492 0.000000 0.918766 0.000000 0.394803 0.344166 0.344166 0.344166
6338.093750 0.000000 575.910156 0.000000 0.681192 0.000000 0.732105 0.334066 0.334066 0.334066
6383.881836 0.000000 577.576294 0.000000 0.677720 0.000000 0.735320 0.337800 0.337800 0.337800
6349.989746 0.000000 591.758240 0.000000 0.691521 0.000000 0.722356 0.336987 0.336987 0.336987
6389.193359 0.000000 604.178711 0.000000 0.918417 0.000000 0.395613 0.344402 0.344402 0.344402
6388.512207 0.000000 574.698120 0.000000 0.802814 0.000000 0.596230 0.338753 0.338753 0.338753
6350.853027 0.000000 581.745544 0.000000 0.724966 0.000000 0.688785 0.336888 0.336888 0.336888
6395.325195 0.000000 576.959045 0.000000 0.945720 0.000000 0.324984 0.344114 0.344114 0.344114
6390.093750 0.000000 589.111145 0.000000 0.640083 0.000000 0.768306 0.336755 0.336755 0.336755
6394.464844 0.000000 601.131165 0.000000 0.856762 0.000000 0.515711 0.341478 0.341478 0.341478
6389.692383 0.000000 576.578735 0.000000 0.643856 0.000000 0.765147 0.335078 0.335078 0.335078
6399.180664 0.000000 570.945190 0.000000 0.950525 0.000000 0.310647 0.344618 0.344618 0.344618
6336.520996 0.000000 584.613770 0.000000 0.914800 0.000000 0.403908 0.343824 0.343824 0.343824
6343.773438 0.000000 565.390747 0.000000 0.683346 0.000000 0.730095 0.336305 0.336305 0.336305
6337.897461 0.000000 587.635315 0.000000 0.847380 0.000000 0.530988 0.341709 0.341709 0.341709
6389.040527 0.000000 593.491211 0.000000 0.918338 0.000000 0.395798 0.343582 0.343582 0.343582
6393.095215 0.000000 588.623352 0.000000 0.803971 0.000000 0.594669 0.340039 0.340039 0.340039
6338.702148 0.000000 570.006470 0.000000 0.872889 0.000000 0.487919 0.340447 0.340447 0.340447
6386.026855 0.000000 600.927917 0.000000 0.674233 0.000000 0.738519 0.337404 0.337404 0.337404
6393.855957 0.000000 573.665894 0.000000 0.932578 0.000000 0.360970 0.342933 0.342933 0.342933
6357.329102 0.000000 575.468140 0.000000 0.601382 0.000000 0.798962 0.334998 0.334998 0.334998
6349.914551 0.000000 583.086792 0.000000 0.828092 0.000000 0.560593 0.339262 0.339262 0.339262
6390.250977 0.000000 592.607056 0.000000 0.667288 0.000000 0.744800 0.336417 0.336417 0.336417
6396.957031 0.000000 589.609680 0.000000 0.737272 0.000000 0.675596 0.338592 0.338592 0.338592
6342.925293 0.000000 572.940979 0.000000 0.865857 0.000000 0.500291 0.341782 0.341782 0.341782
6347.125000 0.000000 584.100281 0.000000 0.858300 0.000000 0.513148 0.340277 0.340277 0.340277
6336.065918 0.000000 570.880981 0.000000 0.927260 0.000000 0.374419 0.342723 0.342723 0.342723
6391.001953 0.000000 599.878418 0.000000 0.878265 0.000000 0.478175 0.342071 0.342071 0.342071
6394.259766 0.000000 590.975952 0.000000 0.806345 0.000000 0.591445 0.339162 0.339162 0.339162
6398.128906 0.000000 571.704285 0.000000 0.712538 0.000000 0.701633 0.336749 0.336749 0.336749
6345.029297 0.000000 585.446045 0.000000 0.936353 0.000000 0.351059 0.342869 0.342869 0.342869
6346.491211 0.000000 581.731323 0.000000 0.830317 0.000000 0.557292 0.337139 0.337139 0.337139
6407.561523 0.000000 502.848907 0.000000 0.946444 0.000000 0.322868 0.345303 0.345303 0.345303
6401.798828 0.000000 501.814056 0.000000 0.829524 0.000000 0.558471 0.340836 0.340836 0.340836
6401.941895 0.000000 504.503021 0.000000 0.921650 0.000000 0.388023 0.343837 0.343837 0.343837
6400.004883 0.000000 505.189056 0.000000 0.929320 0.000000 0.369277 0.344150 0.344150 0.344150
6407.693359 0.000000 540.191956 0.000000 0.820435 0.000000 0.571740 0.343033 0.343033 0.343033
6424.357910 0.000000 516.870361 0.000000 0.591955 0.000000 0.805971 0.338288 0.338288 0.338288
6413.917480 0.000000 539.805603 0.000000 0.789379 0.000000 0.613906 0.341250 0.341250 0.341250
6423.989746 0.000000 521.389221 0.000000 0.706695 0.000000 0.707519 0.338222 0.338222 0.338222
6417.982910 0.000000 511.613129 0.000000 0.755651 0.000000 0.654975 0.339423 0.339423 0.339423
6401.541504 0.000000 529.523438 0.000000 0.674976 0.000000 0.737840 0.334047 0.334047 0.334047
6408.084473 0.000000 523.994324 0.000000 0.937074 0.000000 0.349131 0.344967 0.344967 0.344967
6406.483887 0.000000 527.291809 0.000000 0.775550 0.000000 0.631287 0.338598 0.338598 0.338598
6407.854492 0.000000 519.107422 0.000000 0.853373 0.000000 0.521300 0.341974 0.341974 0.341974
6412.623047 0.000000 531.990967 0.000000 0.907858 0.000000 0.419277 0.342061 0.342061 0.342061
6400.520996 0.000000 528.129395 0.000000 0.660324 0.000000 0.750981 0.333669 0.333669 0.333669
6413.156250 0.000000 517.295837 0.000000 0.613779 0.000000 0.789478 0.336006 0.336006 0.336006
6420.786621 0.000000 525.695312 0.000000 0.858880 0.000000 0.512177 0.340392 0.340392 0.340392
6424.543945 0.000000 522.860718 0.000000 0.704564 0.000000 0.709641 0.337418 0.337418 0.337418
6405.821289 0.000000 525.965637 0.000000 0.772114 0.000000 0.635484 0.337574 0.337574 0.337574
6411.125000 0.000000 527.615906 0.000000 0.875277 0.000000 0.483622 0.342149 0.342149 0.342149
6414.587891 0.000000 516.128113 0.000000 0.795812 0.000000 0.605543 0.339315 0.339315 0.339315
6404.866211 0.000000 532.317871 0.000000 0.712403 0.000000 0.701771 0.335250 0.335250 0.335250
6407.009277 0.000000 529.999207 0.000000 0.941897 0.000000 0.335901 0.343430 0.343430 0.343430
6410.621582 0.000000 535.575562 0.000000 0.697070 0.000000 0.717003 0.334072 0.334072 0.334072
6411.571777 0.000000 532.898376 0.000000 0.653208 0.000000 0.757179 0.333450 0.333450 0.333450
6403.718262 0.000000 537.153381 0.000000 0.849707 0.000000 0.527255 0.340076 0.340076 0.340076
6400.082520 0.000000 520.139709 0.000000 0.931409 0.000000 0.363975 0.343620 0.343620 0.343620
6419.023926 0.000000 522.613831 0.000000 0.778956 0.000000 0.627078 0.338185 0.338185 0.338185
6401.904785 0.000000 526.196045 0.000000 0.936795 0.000000 0.349880 0.343285 0.343285 0.343285
6408.697754 0.000000 537.280762 0.000000 0.825713 0.000000 0.564090 0.339002 0.339002 0.339002
6400.271973 0.000000 529.314697 0.000000 0.681280 0.000000 0.732023 0.334212 0.334212 0.334212
6404.218262 0.000000 525.790466 0.000000 0.714028 0.000000 0.700118 0.336006 0.336006 0.336006
6412.652344 0.000000 590.270569 0.000000 0.747755 0.000000 0.663975 0.341022 0.341022 0.341022
6423.828125 0.000000 589.020569 0.000000 0.708107 0.000000 0.706105 0.340204 0.340204 0.340204
6422.343750 0.000000 582.235962 0.000000 0.811782 0.000000 0.583960 0.342072 0.342072 0.342072
6407.173340 0.000000 594.050476 0.000000 0.631682 0.000000 0.775227 0.338489 0.338489 0.338489
6411.346680 0.000000 612.807800 0.000000 0.886394 0.000000 0.462932 0.343881 0.343881 0.343881
6419.150879 0.000000 598.605286 0.000000 0.789793 0.000000 0.613373 0.341316 0.341316 0.341316
6400.010254 0.000000 593.530029 0.000000 0.713119 0.000000 0.701043 0.338766 0.338766 0.338766
6401.729980 0.000000 597.436035 0.000000 0.946706 0.000000 0.322099 0.345415 0.345415 0.345415
6409.114258 0.000000 594.957520 0.000000 0.653814 0.000000 0.756655 0.337777 0.337777 0.337777
6405.188477 0.000000 607.583801 0.000000 0.858031 0.000000 0.513598 0.342035 0.342035 0.342035
6402.422852 0.000000 593.243347 0.000000 0.777741 0.000000 0.628585 0.340853 0.340853 0.340853
6423.989746 0.000000 577.873596 0.000000 0.940100 0.000000 0.340899 0.343617 0.343617 0.343617
6414.324707 0.000000 588.731689 0.000000 0.950265 0.000000 0.311443 0.345711 0.345711 0.345711
6417.646484 0.000000 584.168579 0.000000 0.595272 0.000000 0.803524 0.335282 0.335282 0.335282
6406.227051 0.000000 609.418701 0.000000 0.853259 0.000000 0.521487 0.341515 0.341515 0.341515
6421.078125 0.000000 566.971436 0.000000 0.783764 0.000000 0.621058 0.339402 0.339402 0.339402
6408.096191 0.000000 567.028748 0.000000 0.798479 0.000000 0.602022 0.340827 0.340827 0.340827
6409.040527 0.000000 606.368347 0.000000 0.931039 0.000000 0.364920 0.344255 0.344255 0.344255
6409.975098 0.000000 602.355835 0.000000 0.889231 0.000000 0.457459 0.342299 0.342299 0.342299
6407.854492 0.000000 575.591797 0.000000 0.874677 0.000000 0.484706 0.340869 0.340869 0.340869
6415.876465 0.000000 573.291992 0.000000 0.603054 0.000000 0.797700 0.329423 0.329423 0.329423
6415.572266 0.000000 596.443604 0.000000 0.818197 0.000000 0.574938 0.340393 0.340393 0.340393
6406.638672 0.000000 574.396667 0.000000 0.696718 0.000000 0.717345 0.335565 0.335565 0.335565
6410.685059 0.000000 566.807007 0.000000 0.680452 0.000000 0.732792 0.338035 0.338035 0.338035
6413.156250 0.000000 573.780212 0.000000 0.691385 0.000000 0.722487 0.332363 0.332363 0.332363
6403.459473 0.000000 601.359985 0.000000 0.852889 0.000000 0.522093 0.341720 0.341720 0.341720
6421.721191 0.000000 577.016479 0.000000 0.918713 0.000000 0.394927 0.341734 0.341734 0.341734
6419.123535 0.000000 587.533081 0.000000 0.817512 0.000000 0.575912 0.340615 0.340615 0.340615
6402.702148 0.000000 570.006470 0.000000 0.603788 0.000000 0.797145 0.331621 0.331621 0.331621
6419.069824 0.000000 569.872131 0.000000 0.812249 0.000000 0.583310 0.336776 0.336776 0.336776
6402.358887 0.000000 572.490906 0.000000 0.931351 0.000000 0.364122 0.342233 0.342233 0.342233
6414.922852 0.000000 595.064392 0.000000 0.730273 0.000000 0.683155 0.338105 0.338105 0.338105
6417.019043 0.000000 593.461304 0.000000 0.594560 0.000000 0.804051 0.334615 0.334615 0.334615
6419.482422 0.000000 590.533691 0.000000 0.908185 0.000000 0.418568 0.343094 0.343094 0.343094
6414.473633 0.000000 568.367737 0.000000 0.856370 0.000000 0.516362 0.338171 0.338171 0.338171
6425.027344 0.000000 570.042419 0.000000 0.934623 0.000000 0.355640 0.342852 0.342852 0.342852
6405.635742 0.000000 575.221802 0.000000 0.934544 0.000000 0.355846 0.343467 0.343467 0.343467
6207.097656 0.000000 1338.529785 0.000000 0.763279 0.000000 0.646070 0.341898 0.341898 0.341898
6165.636230 0.000000 1353.642822 0.000000 0.909206 0.000000 0.416346 0.344934 0.344934 0.344934
6181.993652 0.000000 1328.703979 0.000000 0.599466 0.000000 0.800400 0.338973 0.338973 0.338973
6177.638184 0.000000 1345.909302 0.000000 0.900384 0.000000 0.435096 0.344533 0.344533 0.344533
6176.344727 0.000000 1337.458252 0.000000 0.738860 0.000000 0.673859 0.340890 0.340890 0.340890
6174.662598 0.000000 1345.331055 0.000000 0.905608 0.000000 0.424116 0.344393 0.344393 0.344393
6170.616211 0.000000 1323.223022 0.000000 0.814696 0.000000 0.579888 0.342054 0.342054 0.342054
6168.755859 0.000000 1318.489868 0.000000 0.806347 0.000000 0.591442 0.341484 0.341484 0.341484
6190.583984 0.000000 1347.921143 0.000000 0.909272 0.000000 0.416202 0.343830 0.343830 0.343830
6174.667969 0.000000 1335.521973 0.000000 0.684543 0.000000 0.728972 0.338331 0.338331 0.338331
6153.640137 0.000000 1332.367676 0.000000 0.934098 0.000000 0.357017 0.344992 0.344992 0.344992
6186.151367 0.000000 1341.652222 0.000000 0.926652 0.000000 0.375920 0.344578 0.344578 0.344578
6163.258789 0.000000 1338.034180 0.000000 0.855090 0.000000 0.518479 0.342784 0.342784 0.342784
6144.668457 0.000000 1316.911011 0.000000 0.598507 0.000000 0.801118 0.337091 0.337091 0.337091
6193.077637 0.000000 1331.528564 0.000000 0.851718 0.000000 0.524001 0.342000 0.342000 0.342000
6175.859863 0.000000 1346.974121 0.000000 0.930348 0.000000 0.366677 0.344522 0.344522 0.344522
6169.195312 0.000000 1344.716431 0.000000 0.861033 0.000000 0.508549 0.341959 0.341959 0.341959
6189.660156 0.000000 1331.090942 0.000000 0.828405 0.000000 0.560130 0.339688 0.339688 0.339688
6150.066895 0.000000 1332.276123 0.000000 0.593802 0.000000 0.804611 0.335171 0.335171 0.335171
6189.863281 0.000000 1345.957764 0.000000 0.661851 0.000000 0.749636 0.334708 0.334708 0.334708
6174.899414 0.000000 1352.002441 0.000000 0.750217 0.000000 0.661191 0.336050 0.336050 0.336050
6191.226074 0.000000 1340.084839 0.000000 0.619305 0.000000 0.785151 0.330749 0.330749 0.330749
6165.837891 0.000000 1344.087891 0.000000 0.870878 0.000000 0.491500 0.341447 0.341447 0.341447
6161.241211 0.000000 1316.771973 0.000000 0.922255 0.000000 0.386583 0.344069 0.344069 0.344069
6190.145508 0.000000 1342.963623 0.000000 0.752579 0.000000 0.658502 0.336496 0.336496 0.336496
6170.534668 0.000000 1353.936035 0.000000 0.795803 0.000000 0.605555 0.338093 0.338093 0.338093
6191.049805 0.000000 1328.350586 0.000000 0.936403 0.000000 0.350925 0.344611 0.344611 0.344611
6192.299805 0.000000 1335.287109 0.000000 0.903042 0.000000 0.429551 0.342512 0.342512 0.342512
6148.650391 0.000000 1336.916748 0.000000 0.806166 0.000000 0.591689 0.340346 0.340346 0.340346
6174.198730 0.000000 1350.388794 0.000000 0.786713 0.000000 0.617319 0.339041 0.339041 0.339041
6166.839355 0.000000 1349.705444 0.000000 0.759101 0.000000 0.650973 0.337829 0.337829 0.337829
6164.786621 0.000000 1316.476562 0.000000 0.773704 0.000000 0.633548 0.339508 0.339508 0.339508
6169.614258 0.000000 1350.876343 0.000000 0.781088 0.000000 0.624421 0.338214 0.338214 0.338214
6167.405273 0.000000 1328.509766 0.000000 0.797912 0.000000 0.602774 0.339824 0.339824 0.339824
6165.357910 0.000000 1323.033325 0.000000 0.719004 0.000000 0.695006 0.336202 0.336202 0.336202
6151.860840 0.000000 1332.480835 0.000000 0.722757 0.000000 0.691102 0.337899 0.337899 0.337899
6173.439453 0.000000 1346.027344 0.000000 0.903259 0.000000 0.429095 0.342947 0.342947 0.342947
6167.490234 0.000000 1322.165039 0.000000 0.759377 0.000000 0.650651 0.336381 0.336381 0.336381
6217.424316 0.000000 1327.014404 0.000000 0.899565 0.000000 0.436787 0.344648 0.344648 0.344648
6241.638184 0.000000 1345.909302 0.000000 0.688065 0.000000 0.725649 0.340351 0.340351 0.340351
6255.152344 0.000000 1344.611328 0.000000 0.847163 0.000000 0.531333 0.343098 0.343098 0.343098
6244.314453 0.000000 1352.536499 0.000000 0.657159 0.000000 0.753752 0.339034 0.339034 0.339034
6212.256348 0.000000 1354.656372 0.000000 0.901677 0.000000 0.432411 0.344022 0.344022 0.344022
6241.762695 0.000000 1310.509155 0.000000 0.726698 0.000000 0.686957 0.339545 0.339545 0.339545
6211.928711 0.000000 1329.272583 0.000000 0.889872 0.000000 0.456211 0.343170 0.343170 0.343170
6252.424316 0.000000 1351.686646 0.000000 0.603879 0.000000 0.797076 0.337668 0.337668 0.337668
6251.827148 0.000000 1337.327393 0.000000 0.911704 0.000000 0.410848 0.344303 0.344303 0.344303
6216.026367 0.000000 1353.594971 0.000000 0.920126 0.000000 0.391622 0.343126 0.343126 0.343126
6250.718262 0.000000 1345.639648 0.000000 0.825457 0.000000 0.564465 0.340724 0.340724 0.340724
6243.859863 0.000000 1304.822998 0.000000 0.787114 0.000000 0.616808 0.340562 0.340562 0.340562
6239.464355 0.000000 1350.776001 0.000000 0.790542 0.000000 0.612408 0.338482 0.338482 0.338482
6318.271484 0.000000 1279.944702 0.000000 0.921083 0.000000 0.389367 0.345422 0.345422 0.345422
6316.877441 0.000000 1276.443237 0.000000 0.742061 0.000000 0.670332 0.341045 0.341045 0.341045
6321.098145 0.000000 1257.032227 0.000000 0.816866 0.000000 0.576827 0.342237 0.342237 0.342237
6292.109863 0.000000 1254.345947 0.000000 0.698368 0.000000 0.715739 0.339649 0.339649 0.339649
6291.875488 0.000000 1258.105103 0.000000 0.682305 0.000000 0.731068 0.339111 0.339111 0.339111
6326.928223 0.000000 1259.541260 0.000000 0.906464 0.000000 0.422283 0.344076 0.344076 0.344076
6335.545410 0.000000 1274.615356 0.000000 0.885667 0.000000 0.464321 0.343355 0.343355 0.343355
6326.375000 0.000000 1274.205933 0.000000 0.894954 0.000000 0.446158 0.343797 0.343797 0.343797
6321.077637 0.000000 1275.044189 0.000000 0.782699 0.000000 0.622401 0.340578 0.340578 0.340578
6292.110352 0.000000 1256.294067 0.000000 0.597180 0.000000 0.802107 0.335075 0.335075 0.335075
6326.093750 0.000000 1266.923584 0.000000 0.757669 0.000000 0.652639 0.338537 0.338537 0.338537
6330.962891 0.000000 1260.794922 0.000000 0.920394 0.000000 0.390993 0.344191 0.344191 0.344191
6327.627441 0.000000 1273.283691 0.000000 0.684509 0.000000 0.729005 0.336938 0.336938 0.336938
6292.786621 0.000000 1259.992188 0.000000 0.866176 0.000000 0.499739 0.339849 0.339849 0.339849
6325.702637 0.000000 1260.493164 0.000000 0.945500 0.000000 0.325621 0.344783 0.344783 0.344783
6334.222168 0.000000 1265.367920 0.000000 0.874529 0.000000 0.484973 0.339979 0.339979 0.339979
6296.170898 0.000000 1254.157104 0.000000 0.910615 0.000000 0.413256 0.342276 0.342276 0.342276
6330.127441 0.000000 1267.248657 0.000000 0.877752 0.000000 0.479115 0.341290 0.341290 0.341290
6323.659180 0.000000 1266.772339 0.000000 0.690566 0.000000 0.723269 0.334493 0.334493 0.334493
6359.759277 0.000000 1286.782104 0.000000 0.732542 0.000000 0.680722 0.340906 0.340906 0.340906
6368.693359 0.000000 1294.644531 0.000000 0.775080 0.000000 0.631863 0.341603 0.341603 0.341603
6339.928711 0.000000 1272.788208 0.000000 0.722093 0.000000 0.691796 0.339386 0.339386 0.339386
6337.273926 0.000000 1270.176025 0.000000 0.685185 0.000000 0.728369 0.336097 0.336097 0.336097
6288.020996 0.000000 1343.368896 0.000000 0.687077 0.000000 0.726584 0.340512 0.340512 0.340512
6285.646484 0.000000 1339.886841 0.000000 0.851538 0.000000 0.524293 0.343514 0.343514 0.343514
6294.371582 0.000000 1351.966675 0.000000 0.937965 0.000000 0.346729 0.344880 0.344880 0.344880
6289.954102 0.000000 1337.164795 0.000000 0.909290 0.000000 0.416164 0.342405 0.342405 0.342405
6290.458496 0.000000 1334.236572 0.000000 0.939829 0.000000 0.341644 0.344486 0.344486 0.344486
6288.015625 0.000000 1332.924927 0.000000 0.661257 0.000000 0.750159 0.336695 0.336695 0.336695
6393.729980 0.000000 1339.930176 0.000000 0.682060 0.000000 0.731297 0.340611 0.340611 0.340611
6385.495117 0.000000 1299.240723 0.000000 0.940637 0.000000 0.339415 0.345522 0.345522 0.345522
6395.206543 0.000000 1329.121338 0.000000 0.779732 0.000000 0.626114 0.341044 0.341044 0.341044
6396.546387 0.000000 1327.080322 0.000000 0.919351 0.000000 0.393437 0.344665 0.344665 0.344665
6205.935547 0.000000 1385.655029 0.000000 0.797730 0.000000 0.603015 0.342393 0.342393 0.342393
6144.390625 0.000000 1399.175171 0.000000 0.641990 0.000000 0.766713 0.339617 0.339617 0.339617
6190.165527 0.000000 1373.167236 0.000000 0.804257 0.000000 0.594281 0.342271 0.342271 0.342271
6193.605957 0.000000 1408.478882 0.000000 0.738317 0.000000 0.674454 0.340395 0.340395 0.340395
6186.622559 0.000000 1409.650024 0.000000 0.901704 0.000000 0.432354 0.344413 0.344413 0.344413
6193.258789 0.000000 1393.082031 0.000000 0.681581 0.000000 0.731743 0.339062 0.339062 0.339062
6178.794434 0.000000 1393.884521 0.000000 0.682802 0.000000 0.730603 0.339406 0.339406 0.339406
6145.278809 0.000000 1401.500244 0.000000 0.637655 0.000000 0.770322 0.337898 0.337898 0.337898
6190.967285 0.000000 1371.001831 0.000000 0.736424 0.000000 0.676520 0.339547 0.339547 0.339547
6169.637695 0.000000 1392.322388 0.000000 0.837342 0.000000 0.546679 0.342065 0.342065 0.342065
6184.272949 0.000000 1405.840576 0.000000 0.593320 0.000000 0.804966 0.337451 0.337451 0.337451
6188.434570 0.000000 1367.403687 0.000000 0.867319 0.000000 0.497752 0.342716 0.342716 0.342716
6191.881836 0.000000 1368.357544 0.000000 0.784866 0.000000 0.619666 0.339284 0.339284 0.339284
6207.011719 0.000000 1364.987305 0.000000 0.813048 0.000000 0.582196 0.339466 0.339466 0.339466
6217.424316 0.000000 1383.498779 0.000000 0.589268 0.000000 0.807938 0.339027 0.339027 0.339027
6264.851562 0.000000 1387.237427 0.000000 0.649647 0.000000 0.760236 0.339736 0.339736 0.339736
6224.326660 0.000000 1378.291992 0.000000 0.866660 0.000000 0.498899 0.342036 0.342036 0.342036
6210.093750 0.000000 1366.691406 0.000000 0.937164 0.000000 0.348888 0.345111 0.345111 0.345111
6263.633301 0.000000 1374.342896 0.000000 0.932719 0.000000 0.360604 0.343585 0.343585 0.343585
6263.086426 0.000000 1392.241333 0.000000 0.681468 0.000000 0.731848 0.338234 0.338234 0.338234
6263.988281 0.000000 1371.248291 0.000000 0.944270 0.000000 0.329170 0.344490 0.344490 0.344490
6266.833496 0.000000 1358.890503 0.000000 0.679356 0.000000 0.733809 0.336033 0.336033 0.336033
6265.095215 0.000000 1379.404663 0.000000 0.798891 0.000000 0.601475 0.339681 0.339681 0.339681
6208.951172 0.000000 1369.860229 0.000000 0.891863 0.000000 0.452305 0.342762 0.342762 0.342762
6205.449707 0.000000 1421.595581 0.000000 0.888671 0.000000 0.458545 0.344235 0.344235 0.344235
6179.373047 0.000000 1439.052734 0.000000 0.898223 0.000000 0.439540 0.344314 0.344314 0.344314
6168.763672 0.000000 1442.840576 0.000000 0.819852 0.000000 0.572575 0.342356 0.342356 0.342356
6155.269531 0.000000 1421.439453 0.000000 0.930264 0.000000 0.366891 0.345191 0.345191 0.345191
6187.550781 0.000000 1418.909180 0.000000 0.771827 0.000000 0.635832 0.340818 0.340818 0.340818
6182.386719 0.000000 1434.457520 0.000000 0.794619 0.000000 0.607109 0.341648 0.341648 0.341648
6205.258301 0.000000 1424.123657 0.000000 0.758386 0.000000 0.651806 0.341036 0.341036 0.341036
6153.114258 0.000000 1442.223145 0.000000 0.898502 0.000000 0.438970 0.343746 0.343746 0.343746
6154.324219 0.000000 1443.602783 0.000000 0.825559 0.000000 0.564317 0.340281 0.340281 0.340281
6174.555664 0.000000 1434.446899 0.000000 0.734693 0.000000 0.678400 0.334397 0.334397 0.334397
6169.702148 0.000000 1437.551636 0.000000 0.762062 0.000000 0.647505 0.336953 0.336953 0.336953
6171.663086 0.000000 1434.905029 0.000000 0.689384 0.000000 0.724396 0.336621 0.336621 0.336621
6189.450195 0.000000 1414.628784 0.000000 0.720695 0.000000 0.693252 0.336881 0.336881 0.336881
6174.429688 0.000000 1437.284302 0.000000 0.595296 0.000000 0.803507 0.332143 0.332143 0.332143
6158.922852 0.000000 1442.330078 0.000000 0.812826 0.000000 0.582506 0.339161 0.339161 0.339161
6154.271484 0.000000 1441.211182 0.000000 0.670821 0.000000 0.741619 0.335947 0.335947 0.335947
6169.687012 0.000000 1441.690430 0.000000 0.880324 0.000000 0.474373 0.341773 0.341773 0.341773
6166.003418 0.000000 1441.325684 0.000000 0.911310 0.000000 0.411721 0.342881 0.342881 0.342881
6169.625977 0.000000 1439.131714 0.000000 0.947673 0.000000 0.319242 0.344279 0.344279 0.344279
6177.384277 0.000000 1437.532837 0.000000 0.914988 0.000000 0.403481 0.342288 0.342288 0.342288
6257.878906 0.000000 1424.453247 0.000000 0.643542 0.000000 0.765411 0.336899 0.336899 0.336899
6257.047363 0.000000 1420.933838 0.000000 0.943840 0.000000 0.330404 0.344880 0.344880 0.344880
6263.476074 0.000000 1424.004639 0.000000 0.904131 0.000000 0.427256 0.342671 0.342671 0.342671
6265.855957 0.000000 1420.931519 0.000000 0.713538 0.000000 0.700616 0.333992 0.333992 0.333992
6225.973633 0.000000 1427.030762 0.000000 0.811754 0.000000 0.583999 0.340000 0.340000 0.340000
6263.597168 0.000000 1419.025513 0.000000 0.593524 0.000000 0.804816 0.333041 0.333041 0.333041
6224.534668 0.000000 1425.937134 0.000000 0.884820 0.000000 0.465933 0.342228 0.342228 0.342228
6266.884277 0.000000 1427.392944 0.000000 0.811291 0.000000 0.584643 0.338624 0.338624 0.338624
6266.285645 0.000000 1428.528076 0.000000 0.752348 0.000000 0.658765 0.336238 0.336238 0.336238
6310.270996 0.000000 1357.031982 0.000000 0.841206 0.000000 0.540715 0.343511 0.343511 0.343511
6286.146973 0.000000 1377.478516 0.000000 0.783347 0.000000 0.621585 0.342322 0.342322 0.342322
6326.117188 0.000000 1362.646362 0.000000 0.722515 0.000000 0.691356 0.341095 0.341095 0.341095
6281.597656 0.000000 1405.500488 0.000000 0.743910 0.000000 0.668280 0.341079 0.341079 0.341079
6294.343750 0.000000 1373.017212 0.000000 0.925056 0.000000 0.379831 0.344893 0.344893 0.344893
6298.002441 0.000000 1369.660400 0.000000 0.824390 0.000000 0.566023 0.342298 0.342298 0.342298
6328.956055 0.000000 1381.040771 0.000000 0.693328 0.000000 0.720622 0.338890 0.338890 0.338890
6274.523438 0.000000 1370.039917 0.000000 0.701060 0.000000 0.713102 0.339039 0.339039 0.339039
6278.227051 0.000000 1400.199951 0.000000 0.946072 0.000000 0.323957 0.345474 0.345474 0.345474
6317.660156 0.000000 1387.575317 0.000000 0.864928 0.000000 0.501896 0.341960 0.341960 0.341960
6278.215332 0.000000 1371.778320 0.000000 0.899429 0.000000 0.437067 0.342135 0.342135 0.342135
6326.093750 0.000000 1379.892334 0.000000 0.604454 0.000000 0.796640 0.336469 0.336469 0.336469
6290.442871 0.000000 1372.004150 0.000000 0.917056 0.000000 0.398758 0.342814 0.342814 0.342814
6291.159180 0.000000 1375.844604 0.000000 0.950977 0.000000 0.309262 0.344176 0.344176 0.344176
6273.717285 0.000000 1400.070190 0.000000 0.812065 0.000000 0.583567 0.339954 0.339954 0.339954
6360.982910 0.000000 1359.498901 0.000000 0.871368 0.000000 0.490631 0.343592 0.343592 0.343592
6375.590820 0.000000 1359.240112 0.000000 0.628780 0.000000 0.777583 0.338636 0.338636 0.338636
6365.269531 0.000000 1357.784424 0.000000 0.929651 0.000000 0.368442 0.344988 0.344988 0.344988
6306.040527 0.000000 1430.414307 0.000000 0.733581 0.000000 0.679601 0.340631 0.340631 0.340631
6293.389160 0.000000 1455.335205 0.000000 0.711096 0.000000 0.703095 0.339337 0.339337 0.339337
6292.737793 0.000000 1412.112305 0.000000 0.909153 0.000000 0.416462 0.344257 0.344257 0.344257
6290.130371 0.000000 1457.202637 0.000000 0.803868 0.000000 0.594807 0.340676 0.340676 0.340676
6297.195312 0.000000 1457.685181 0.000000 0.690964 0.000000 0.722889 0.338457 0.338457 0.338457
6289.373535 0.000000 1412.215820 0.000000 0.840696 0.000000 0.541508 0.340225 0.340225 0.340225
6302.427246 0.000000 1450.396606 0.000000 0.649636 0.000000 0.760246 0.337963 0.337963 0.337963
6288.782227 0.000000 1413.818359 0.000000 0.757377 0.000000 0.652978 0.337846 0.337846 0.337846
6295.132812 0.000000 1450.058105 0.000000 0.916411 0.000000 0.400239 0.343469 0.343469 0.343469
6300.480469 0.000000 1450.670288 0.000000 0.938287 0.000000 0.345859 0.344677 0.344677 0.344677
6296.837891 0.000000 1450.221069 0.000000 0.810491 0.000000 0.585751 0.340212 0.340212 0.340212
6286.473633 0.000000 1415.633423 0.000000 0.828978 0.000000 0.559281 0.340146 0.340146 0.340146
6288.399902 0.000000 1417.786865 0.000000 0.611511 0.000000 0.791236 0.334127 0.334127 0.334127
4535.532715 0.000000 2622.891113 0.000000 0.696320 0.000000 0.717732 0.333387 0.333387 0.333387
4536.805176 0.000000 2637.795410 0.000000 0.640165 0.000000 0.768237 0.334537 0.334537 0.334537
4531.048340 0.000000 2624.971191 0.000000 0.666387 0.000000 0.745606 0.331619 0.331619 0.331619
4571.116211 0.000000 2616.756592 0.000000 0.786047 0.000000 0.618167 0.341644 0.341644 0.341644
4577.051758 0.000000 2630.472656 0.000000 0.848749 0.000000 0.528796 0.341894 0.341894 0.341894
4581.382812 0.000000 2625.863281 0.000000 0.729350 0.000000 0.684140 0.338677 0.338677 0.338677
4590.922852 0.000000 2633.602539 0.000000 0.936490 0.000000 0.350695 0.342783 0.342783 0.342783
4593.818848 0.000000 2625.029053 0.000000 0.829070 0.000000 0.559146 0.337842 0.337842 0.337842
4579.914551 0.000000 2627.040283 0.000000 0.717588 0.000000 0.696468 0.336670 0.336670 0.336670
4584.504883 0.000000 2641.674805 0.000000 0.948825 0.000000 0.315803 0.345438 0.345438 0.345438
4578.170410 0.000000 2626.638672 0.000000 0.920408 0.000000 0.390959 0.343051 0.343051 0.343051
4578.989746 0.000000 2630.495605 0.000000 0.928620 0.000000 0.371033 0.344187 0.344187 0.344187
4574.555664 0.000000 2620.618652 0.000000 0.863455 0.000000 0.504425 0.341892 0.341892 0.341892
4571.871582 0.000000 2618.348633 0.000000 0.803141 0.000000 0.595790 0.337982 0.337982 0.337982
4602.962891 0.000000 2616.419922 0.000000 0.682016 0.000000 0.731337 0.337743 0.337743 0.337743
4605.407227 0.000000 2635.664795 0.000000 0.894931 0.000000 0.446204 0.340119 0.340119 0.340119
4545.897461 0.000000 2621.072754 0.000000 0.665329 0.000000 0.746550 0.334018 0.334018 0.334018
4607.198730 0.000000 2633.301270 0.000000 0.917252 0.000000 0.398308 0.341982 0.341982 0.341982
4581.460449 0.000000 2629.616455 0.000000 0.857006 0.000000 0.515306 0.340634 0.340634 0.340634
4570.288574 0.000000 2618.114014 0.000000 0.785734 0.000000 0.618564 0.337442 0.337442 0.337442
4561.973633 0.000000 2613.202637 0.000000 0.865963 0.000000 0.500107 0.338788 0.338788 0.338788
4583.139160 0.000000 2622.009033 0.000000 0.900369 0.000000 0.435127 0.342388 0.342388 0.342388
4564.371582 0.000000 2634.819336 0.000000 0.694077 0.000000 0.719901 0.335990 0.335990 0.335990
4547.273438 0.000000 2623.114502 0.000000 0.855327 0.000000 0.518089 0.338079 0.338079 0.338079
4591.751465 0.000000 2635.841309 0.000000 0.932839 0.000000 0.360293 0.341787 0.341787 0.341787
4600.805176 0.000000 2637.795410 0.000000 0.625130 0.000000 0.780521 0.333059 0.333059 0.333059
4560.139160 0.000000 2637.237305 0.000000 0.868306 0.000000 0.496028 0.339637 0.339637 0.339637
4546.422363 0.000000 2611.347656 0.000000 0.740808 0.000000 0.671717 0.336871 0.336871 0.336871
4600.429688 0.000000 2635.476562 0.000000 0.676927 0.000000 0.736050 0.336375 0.336375 0.336375
4547.718262 0.000000 2627.075195 0.000000 0.626995 0.000000 0.779023 0.333651 0.333651 0.333651
4578.804199 0.000000 2622.263428 0.000000 0.698880 0.000000 0.715239 0.332799 0.332799 0.332799
4582.447266 0.000000 2624.771973 0.000000 0.698013 0.000000 0.716085 0.332982 0.332982 0.332982
4548.728516 0.000000 2618.527588 0.000000 0.877894 0.000000 0.478855 0.341033 0.341033 0.341033
4592.071777 0.000000 2622.041016 0.000000 0.830258 0.000000 0.557379 0.337756 0.337756 0.337756
4546.696289 0.000000 2627.923828 0.000000 0.762986 0.000000 0.646415 0.337133 0.337133 0.337133
4546.320312 0.000000 2635.328369 0.000000 0.937670 0.000000 0.347526 0.343813 0.343813 0.343813
4547.569824 0.000000 2611.925537 0.000000 0.877049 0.000000 0.480401 0.341067 0.341067 0.341067
4590.152832 0.000000 2632.173584 0.000000 0.888336 0.000000 0.459194 0.340391 0.340391 0.340391
4602.465332 0.000000 2635.813232 0.000000 0.910947 0.000000 0.412524 0.341324 0.341324 0.341324
4578.155762 0.000000 2617.834229 0.000000 0.631366 0.000000 0.775485 0.332358 0.332358 0.332358
4609.729980 0.000000 2630.873535 0.000000 0.886382 0.000000 0.462955 0.343313 0.343313 0.343313
4627.139160 0.000000 2645.945068 0.000000 0.860409 0.000000 0.509604 0.338389 0.338389 0.338389
4638.427246 0.000000 2636.568359 0.000000 0.735865 0.000000 0.677128 0.338918 0.338918 0.338918
4620.416504 0.000000 2640.199219 0.000000 0.845682 0.000000 0.533687 0.337456 0.337456 0.337456
4640.219238 0.000000 2644.436768 0.000000 0.676965 0.000000 0.736015 0.331569 0.331569 0.331569
4618.169922 0.000000 2638.854980 0.000000 0.675339 0.000000 0.737508 0.332970 0.332970 0.332970
4863.011719 0.000000 2664.127930 0.000000 0.915623 0.000000 0.402039 0.342010 0.342010 0.342010
4856.780762 0.000000 2668.713379 0.000000 0.787833 0.000000 0.615889 0.335216 0.335216 0.335216
4890.413574 0.000000 2663.037109 0.000000 0.696393 0.000000 0.717661 0.332165 0.332165 0.332165
4878.121582 0.000000 2656.784180 0.000000 0.939285 0.000000 0.343139 0.344981 0.344981 0.344981
4883.108398 0.000000 2664.742676 0.000000 0.948321 0.000000 0.317311 0.343073 0.343073 0.343073
4891.430664 0.000000 2666.793213 0.000000 0.731570 0.000000 0.681766 0.336562 0.336562 0.336562
4879.104492 0.000000 2659.617676 0.000000 0.799709 0.000000 0.600387 0.339421 0.339421 0.339421
4917.692383 0.000000 2666.500732 0.000000 0.816604 0.000000 0.577198 0.341129 0.341129 0.341129
4880.782227 0.000000 2656.474609 0.000000 0.943318 0.000000 0.331891 0.344147 0.344147 0.344147
4886.760742 0.000000 2663.969971 0.000000 0.932575 0.000000 0.360977 0.341803 0.341803 0.341803
4902.213867 0.000000 2664.778809 0.000000 0.811930 0.000000 0.583755 0.336111 0.336111 0.336111
4887.098145 0.000000 2673.780029 0.000000 0.695279 0.000000 0.718740 0.334583 0.334583 0.334583
4878.208008 0.000000 2666.014160 0.000000 0.831967 0.000000 0.554825 0.340775 0.340775 0.340775
4881.973633 0.000000 2669.687012 0.000000 0.887574 0.000000 0.460664 0.342261 0.342261 0.342261
4885.329102 0.000000 2665.389893 0.000000 0.684590 0.000000 0.728928 0.331801 0.331801 0.331801
4890.442871 0.000000 2670.250732 0.000000 0.813984 0.000000 0.580887 0.339466 0.339466 0.339466
4889.317871 0.000000 2662.025879 0.000000 0.910769 0.000000 0.412917 0.341743 0.341743 0.341743
4880.534668 0.000000 2668.593506 0.000000 0.893556 0.000000 0.448951 0.342474 0.342474 0.342474
4880.399902 0.000000 2660.443115 0.000000 0.652893 0.000000 0.757450 0.335056 0.335056 0.335056
4990.808594 0.000000 2682.793213 0.000000 0.748876 0.000000 0.662710 0.339555 0.339555 0.339555
4937.808594 0.000000 2677.123779 0.000000 0.848635 0.000000 0.528979 0.341136 0.341136 0.341136
4935.009277 0.000000 2676.405518 0.000000 0.915727 0.000000 0.401802 0.343262 0.343262 0.343262
4960.286133 0.000000 2679.643799 0.000000 0.629247 0.000000 0.777206 0.330165 0.330165 0.330165
4963.433105 0.000000 2676.499023 0.000000 0.891055 0.000000 0.453895 0.339502 0.339502 0.339502
5001.120117 0.000000 2679.040527 0.000000 0.889274 0.000000 0.457374 0.342030 0.342030 0.342030
5082.516602 0.000000 2693.544434 0.000000 0.596863 0.000000 0.802343 0.337673 0.337673 0.337673
5111.086426 0.000000 2691.381836 0.000000 0.913248 0.000000 0.407403 0.340650 0.340650 0.340650
5104.299805 0.000000 2690.912109 0.000000 0.877579 0.000000 0.479431 0.341415 0.341415 0.341415
5080.535645 0.000000 2689.809326 0.000000 0.854671 0.000000 0.519170 0.339912 0.339912 0.339912
5080.837891 0.000000 2692.877197 0.000000 0.673407 0.000000 0.739272 0.334006 0.334006 0.334006
5078.663086 0.000000 2689.656982 0.000000 0.925078 0.000000 0.379777 0.342052 0.342052 0.342052
5078.083008 0.000000 2691.207764 0.000000 0.821034 0.000000 0.570879 0.337683 0.337683 0.337683
5076.460938 0.000000 2685.990234 0.000000 0.850864 0.000000 0.525387 0.339970 0.339970 0.339970
5081.071777 0.000000 2688.129639 0.000000 0.811940 0.000000 0.583741 0.338480 0.338480 0.338480
5110.485352 0.000000 2694.468506 0.000000 0.941190 0.000000 0.337879 0.344233 0.344233 0.344233
5104.564941 0.000000 2693.328613 0.000000 0.946706 0.000000 0.322100 0.343137 0.343137 0.343137
5915.921387 0.000000 1879.940063 0.000000 0.729897 0.000000 0.683557 0.340333 0.340333 0.340333
5948.370605 0.000000 1909.880981 0.000000 0.918626 0.000000 0.395127 0.344623 0.344623 0.344623
5943.657227 0.000000 1904.358154 0.000000 0.669047 0.000000 0.743220 0.338286 0.338286 0.338286
5940.105469 0.000000 1906.375366 0.000000 0.720540 0.000000 0.693414 0.334367 0.334367 0.334367
5936.863770 0.000000 1908.460327 0.000000 0.730044 0.000000 0.683400 0.338002 0.338002 0.338002
5935.125977 0.000000 1902.901489 0.000000 0.868841 0.000000 0.495091 0.341424 0.341424 0.341424
5912.050781 0.000000 1881.697388 0.000000 0.802846 0.000000 0.596187 0.340791 0.340791 0.340791
5946.544922 0.000000 1895.955078 0.000000 0.950282 0.000000 0.311390 0.345061 0.345061 0.345061
5942.766602 0.000000 1908.584961 0.000000 0.784020 0.000000 0.620735 0.336102 0.336102 0.336102
5942.213379 0.000000 1906.989746 0.000000 0.892722 0.000000 0.450608 0.340544 0.340544 0.340544
5915.985840 0.000000 1874.742432 0.000000 0.809906 0.000000 0.586560 0.339238 0.339238 0.339238
5912.170898 0.000000 1875.485229 0.000000 0.852186 0.000000 0.523239 0.341027 0.341027 0.341027
5142.076660 0.000000 2696.551514 0.000000 0.919788 0.000000 0.392415 0.341702 0.341702 0.341702
5844.010742 0.000000 2416.552979 0.000000 0.737955 0.000000 0.674850 0.336116 0.336116 0.336116
6105.924805 0.000000 2425.584229 0.000000 0.932646 0.000000 0.360792 0.345807 0.345807 0.345807
6136.590820 0.000000 2426.254395 0.000000 0.783684 0.000000 0.621159 0.336970 0.336970 0.336970
6114.384277 0.000000 2420.613525 0.000000 0.776377 0.000000 0.630269 0.339871 0.339871 0.339871
6136.193359 0.000000 2424.794678 0.000000 0.855499 0.000000 0.517805 0.338182 0.338182 0.338182
6122.991699 0.000000 2427.722656 0.000000 0.909287 0.000000 0.416169 0.341843 0.341843 0.341843
5858.075684 0.000000 2686.026855 0.000000 0.898015 0.000000 0.439965 0.341024 0.341024 0.341024
4420.253418 0.000000 3033.037842 0.000000 0.795158 0.000000 0.606402 0.335483 0.335483 0.335483
4434.552246 0.000000 3047.822754 0.000000 0.690772 0.000000 0.723073 0.333050 0.333050 0.333050
4437.138184 0.000000 3049.488037 0.000000 0.945279 0.000000 0.326262 0.343408 0.343408 0.343408
4433.812988 0.000000 3049.536865 0.000000 0.673800 0.000000 0.738914 0.332237 0.332237 0.332237
4421.125488 0.000000 3062.887451 0.000000 0.946100 0.000000 0.323874 0.342651 0.342651 0.342651
4418.422363 0.000000 3063.222656 0.000000 0.666421 0.000000 0.745576 0.335516 0.335516 0.335516
4419.693359 0.000000 3065.168701 0.000000 0.756765 0.000000 0.653687 0.334125 0.334125 0.334125
4738.240723 0.000000 2866.536133 0.000000 0.588899 0.000000 0.808207 0.336473 0.336473 0.336473
5631.835938 0.000000 2772.218506 0.000000 0.644771 0.000000 0.764376 0.338102 0.338102 0.338102
5611.779785 0.000000 2772.715820 0.000000 0.730628 0.000000 0.682775 0.335585 0.335585 0.335585
5610.270996 0.000000 2775.226074 0.000000 0.934963 0.000000 0.354745 0.343251 0.343251 0.343251
5650.017090 0.000000 2791.519043 0.000000 0.712004 0.000000 0.702176 0.337076 0.337076 0.337076
5650.442871 0.000000 2784.113525 0.000000 0.854796 0.000000 0.518965 0.341227 0.341227 0.341227
5651.123535 0.000000 2790.423584 0.000000 0.756664 0.000000 0.653804 0.338169 0.338169 0.338169
5707.571777 0.000000 2792.273438 0.000000 0.929553 0.000000 0.368689 0.343764 0.343764 0.343764
6631.131348 0.000000 2237.869873 0.000000 0.942599 0.000000 0.333926 0.345657 0.345657 0.345657
6647.370605 0.000000 2236.546143 0.000000 0.916896 0.000000 0.399126 0.344368 0.344368 0.344368
6652.605469 0.000000 2234.817139 0.000000 0.833939 0.000000 0.551856 0.341980 0.341980 0.341980
6636.435059 0.000000 2238.865723 0.000000 0.747211 0.000000 0.664587 0.340027 0.340027 0.340027
6643.339844 0.000000 2238.179932 0.000000 0.702534 0.000000 0.711651 0.339137 0.339137 0.339137
6836.612793 0.000000 2049.149414 0.000000 0.588267 0.000000 0.808667 0.338519 0.338519 0.338519
6844.194824 0.000000 2069.026611 0.000000 0.740185 0.000000 0.672404 0.333568 0.333568 0.333568
6842.544922 0.000000 2065.408203 0.000000 0.609276 0.000000 0.792958 0.331958 0.331958 0.331958
6845.407227 0.000000 2070.821045 0.000000 0.949255 0.000000 0.314507 0.342871 0.342871 0.342871
6838.458008 0.000000 2046.346924 0.000000 0.800700 0.000000 0.599065 0.337231 0.337231 0.337231
6844.820312 0.000000 2064.099121 0.000000 0.592299 0.000000 0.805718 0.329493 0.329493 0.329493
6852.386230 0.000000 2043.854492 0.000000 0.728998 0.000000 0.684516 0.339229 0.339229 0.339229
6853.476562 0.000000 2084.715820 0.000000 0.820761 0.000000 0.571272 0.341419 0.341419 0.341419
6856.026367 0.000000 2087.891846 0.000000 0.909059 0.000000 0.416667 0.341325 0.341325 0.341325
6857.975098 0.000000 2070.949463 0.000000 0.907413 0.000000 0.420241 0.343254 0.343254 0.343254
6854.638672 0.000000 2042.990356 0.000000 0.652304 0.000000 0.757958 0.334855 0.334855 0.334855
6854.676758 0.000000 2058.687744 0.000000 0.866025 0.000000 0.500001 0.341353 0.341353 0.341353
6849.273926 0.000000 2060.957275 0.000000 0.879151 0.000000 0.476543 0.339952 0.339952 0.339952
6690.794434 0.000000 2241.150146 0.000000 0.680233 0.000000 0.732996 0.338714 0.338714 0.338714
6665.975098 0.000000 2240.402588 0.000000 0.922864 0.000000 0.385126 0.344093 0.344093 0.344093
6666.104492 0.000000 2249.981445 0.000000 0.802074 0.000000 0.597224 0.336270 0.336270 0.336270
6666.652832 0.000000 2241.956543 0.000000 0.945795 0.000000 0.324764 0.344104 0.344104 0.344104
6664.949707 0.000000 2249.099121 0.000000 0.940026 0.000000 0.341104 0.342533 0.342533 0.342533
6670.338867 0.000000 2244.711670 0.000000 0.931033 0.000000 0.364936 0.342248 0.342248 0.342248
6662.391602 0.000000 2244.858643 0.000000 0.803804 0.000000 0.594894 0.337279 0.337279 0.337279
6660.237305 0.000000 2254.425293 0.000000 0.833642 0.000000 0.552305 0.337448 0.337448 0.337448
6727.693359 0.000000 2234.723145 0.000000 0.893047 0.000000 0.449964 0.344678 0.344678 0.344678
6730.422852 0.000000 2226.638184 0.000000 0.751371 0.000000 0.659880 0.340806 0.340806 0.340806
6767.961914 0.000000 2258.150635 0.000000 0.608103 0.000000 0.793858 0.337418 0.337418 0.337418
6765.452148 0.000000 2231.460449 0.000000 0.780172 0.000000 0.625565 0.340728 0.340728 0.340728
6736.003418 0.000000 2230.193359 0.000000 0.940339 0.000000 0.340240 0.345237 0.345237 0.345237
6777.532715 0.000000 2217.865234 0.000000 0.753704 0.000000 0.657214 0.340037 0.340037 0.340037
6731.910645 0.000000 2230.573486 0.000000 0.827381 0.000000 0.561642 0.341819 0.341819 0.341819
6743.550293 0.000000 2244.679688 0.000000 0.709252 0.000000 0.704955 0.339541 0.339541 0.339541
6760.581055 0.000000 2233.155029 0.000000 0.689918 0.000000 0.723887 0.338967 0.338967 0.338967
6772.417969 0.000000 2233.215576 0.000000 0.895081 0.000000 0.445904 0.343659 0.343659 0.343659
6736.326660 0.000000 2225.557617 0.000000 0.913916 0.000000 0.405904 0.344266 0.344266 0.344266
6740.672363 0.000000 2222.447998 0.000000 0.925225 0.000000 0.379419 0.344661 0.344661 0.344661
6777.361328 0.000000 2215.679932 0.000000 0.688315 0.000000 0.725412 0.338866 0.338866 0.338866
6771.156250 0.000000 2216.963623 0.000000 0.632556 0.000000 0.774515 0.335795 0.335795 0.335795
6733.989746 0.000000 2229.805176 0.000000 0.840341 0.000000 0.542059 0.342141 0.342141 0.342141
6772.288574 0.000000 2223.720703 0.000000 0.910611 0.000000 0.413264 0.343057 0.343057 0.343057
6747.270508 0.000000 2254.636963 0.000000 0.809851 0.000000 0.586635 0.340743 0.340743 0.340743
6775.988281 0.000000 2218.513916 0.000000 0.841430 0.000000 0.540367 0.340697 0.340697 0.340697
6771.356445 0.000000 2225.065918 0.000000 0.846111 0.000000 0.533006 0.341207 0.341207 0.341207
6756.710938 0.000000 2252.387207 0.000000 0.871727 0.000000 0.489993 0.341812 0.341812 0.341812
6762.998047 0.000000 2239.557617 0.000000 0.946324 0.000000 0.323220 0.344636 0.344636 0.344636
6743.844727 0.000000 2250.411133 0.000000 0.906639 0.000000 0.421907 0.342902 0.342902 0.342902
6736.417480 0.000000 2248.761719 0.000000 0.901703 0.000000 0.432356 0.342714 0.342714 0.342714
6775.532715 0.000000 2227.500488 0.000000 0.814965 0.000000 0.579510 0.338334 0.338334 0.338334
6772.736328 0.000000 2227.741699 0.000000 0.811127 0.000000 0.584871 0.339219 0.339219 0.339219
6758.914062 0.000000 2245.672852 0.000000 0.754985 0.000000 0.655743 0.338345 0.338345 0.338345
6773.912598 0.000000 2225.669434 0.000000 0.794589 0.000000 0.607148 0.337856 0.337856 0.337856
6787.928711 0.000000 2233.022461 0.000000 0.790278 0.000000 0.612749 0.341154 0.341154 0.341154
6797.897461 0.000000 2245.998535 0.000000 0.766858 0.000000 0.641817 0.340379 0.340379 0.340379
6785.729980 0.000000 2235.482910 0.000000 0.915204 0.000000 0.402991 0.343802 0.343802 0.343802
6793.975098 0.000000 2240.402588 0.000000 0.883374 0.000000 0.468669 0.342051 0.342051 0.342051
6788.483398 0.000000 2237.320557 0.000000 0.695883 0.000000 0.718155 0.336944 0.336944 0.336944
6794.960449 0.000000 2237.055420 0.000000 0.814868 0.000000 0.579646 0.339924 0.339924 0.339924
6787.459473 0.000000 2239.406982 0.000000 0.832868 0.000000 0.553471 0.340442 0.340442 0.340442
6796.710449 0.000000 2239.624512 0.000000 0.947095 0.000000 0.320953 0.344675 0.344675 0.344675
6785.437988 0.000000 2240.851318 0.000000 0.871151 0.000000 0.491015 0.341636 0.341636 0.341636
6789.865234 0.000000 2237.716553 0.000000 0.657509 0.000000 0.753447 0.336095 0.336095 0.336095
6794.652832 0.000000 2241.956543 0.000000 0.851953 0.000000 0.523619 0.341019 0.341019 0.341019
6190.877930 0.000000 2425.767334 0.000000 0.670801 0.000000 0.741637 0.334778 0.334778 0.334778
6170.534668 0.000000 2427.139160 0.000000 0.743083 0.000000 0.669199 0.334049 0.334049 0.334049
6186.936523 0.000000 2424.843994 0.000000 0.806002 0.000000 0.591913 0.340093 0.340093 0.340093
6242.589355 0.000000 2429.026367 0.000000 0.872494 0.000000 0.488626 0.342327 0.342327 0.342327
6245.877441 0.000000 2428.882080 0.000000 0.866639 0.000000 0.498935 0.340711 0.340711 0.340711
6233.643555 0.000000 2430.150391 0.000000 0.669111 0.000000 0.743162 0.331443 0.331443 0.331443
6344.816895 0.000000 2420.352051 0.000000 0.931145 0.000000 0.364649 0.344602 0.344602 0.344602
6344.996094 0.000000 2423.562744 0.000000 0.873503 0.000000 0.486819 0.340804 0.340804 0.340804
6342.432129 0.000000 2418.236328 0.000000 0.683214 0.000000 0.730219 0.333834 0.333834 0.333834
6369.615234 0.000000 2482.923828 0.000000 0.882651 0.000000 0.470029 0.343415 0.343415 0.343415
6368.929688 0.000000 2485.305664 0.000000 0.717151 0.000000 0.696918 0.339085 0.339085 0.339085
6644.503418 0.000000 2313.792480 0.000000 0.899087 0.000000 0.437769 0.343784 0.343784 0.343784
6642.714844 0.000000 2309.847900 0.000000 0.945515 0.000000 0.325577 0.345451 0.345451 0.345451
6641.258789 0.000000 2296.832031 0.000000 0.816217 0.000000 0.577746 0.341200 0.341200 0.341200
6640.601562 0.000000 2264.217285 0.000000 0.814660 0.000000 0.579938 0.341513 0.341513 0.341513
6646.447266 0.000000 2308.584473 0.000000 0.872052 0.000000 0.489413 0.343141 0.343141 0.343141
6645.305176 0.000000 2273.025879 0.000000 0.888831 0.000000 0.458235 0.341016 0.341016 0.341016
6643.156250 0.000000 2273.447998 0.000000 0.752179 0.000000 0.658959 0.336421 0.336421 0.336421
6647.476074 0.000000 2271.270264 0.000000 0.885272 0.000000 0.465074 0.340955 0.340955 0.340955
6642.737793 0.000000 2292.872559 0.000000 0.882709 0.000000 0.469919 0.341665 0.341665 0.341665
6651.648926 0.000000 2280.887695 0.000000 0.617403 0.000000 0.786647 0.334653 0.334653 0.334653
6647.988281 0.000000 2274.998291 0.000000 0.850495 0.000000 0.525983 0.339546 0.339546 0.339546
6655.198730 0.000000 2294.395020 0.000000 0.592540 0.000000 0.805541 0.335269 0.335269 0.335269
6641.522949 0.000000 2314.046875 0.000000 0.933672 0.000000 0.358129 0.344143 0.344143 0.344143
6643.356445 0.000000 2281.550293 0.000000 0.863722 0.000000 0.503968 0.341693 0.341693 0.341693
6653.962402 0.000000 2305.163086 0.000000 0.898179 0.000000 0.439631 0.343238 0.343238 0.343238
6651.649902 0.000000 2314.328857 0.000000 0.950882 0.000000 0.309555 0.344665 0.344665 0.344665
6640.912598 0.000000 2275.187988 0.000000 0.865872 0.000000 0.500265 0.341096 0.341096 0.341096
6627.060059 0.000000 2313.369873 0.000000 0.712669 0.000000 0.701501 0.337330 0.337330 0.337330
6655.189941 0.000000 2309.869629 0.000000 0.950780 0.000000 0.309867 0.343324 0.343324 0.343324
6654.218750 0.000000 2260.318848 0.000000 0.861862 0.000000 0.507143 0.340333 0.340333 0.340333
6625.860352 0.000000 2324.600586 0.000000 0.925570 0.000000 0.378575 0.344894 0.344894 0.344894
6614.909180 0.000000 2326.859131 0.000000 0.777215 0.000000 0.629236 0.341288 0.341288 0.341288
6630.386719 0.000000 2338.207520 0.000000 0.675604 0.000000 0.737265 0.339460 0.339460 0.339460
6646.928223 0.000000 2332.744385 0.000000 0.928937 0.000000 0.370237 0.344797 0.344797 0.344797
6615.550293 0.000000 2357.648438 0.000000 0.918059 0.000000 0.396445 0.344408 0.344408 0.344408
6604.076660 0.000000 2351.169922 0.000000 0.925046 0.000000 0.379855 0.344655 0.344655 0.344655
6603.567871 0.000000 2356.012695 0.000000 0.840551 0.000000 0.541732 0.342146 0.342146 0.342146
6646.075195 0.000000 2337.404297 0.000000 0.823652 0.000000 0.567096 0.341728 0.341728 0.341728
6645.305176 0.000000 2329.510254 0.000000 0.674053 0.000000 0.738683 0.336529 0.336529 0.336529
6636.596680 0.000000 2334.810791 0.000000 0.708467 0.000000 0.705744 0.337232 0.337232 0.337232
6649.029297 0.000000 2322.296143 0.000000 0.928072 0.000000 0.372402 0.344698 0.344698 0.344698
6644.201660 0.000000 2322.807373 0.000000 0.791716 0.000000 0.610890 0.340525 0.340525 0.340525
6644.288574 0.000000 2336.689453 0.000000 0.732023 0.000000 0.681280 0.338015 0.338015 0.338015
6623.909668 0.000000 2330.826904 0.000000 0.664655 0.000000 0.747150 0.336582 0.336582 0.336582
6648.123047 0.000000 2319.202881 0.000000 0.933925 0.000000 0.357468 0.344426 0.344426 0.344426
6621.993164 0.000000 2330.657227 0.000000 0.626464 0.000000 0.779451 0.335435 0.335435 0.335435
6635.779785 0.000000 2320.840820 0.000000 0.935743 0.000000 0.352682 0.343465 0.343465 0.343465
6650.833496 0.000000 2319.125000 0.000000 0.724801 0.000000 0.688958 0.337581 0.337581 0.337581
6653.973633 0.000000 2319.834473 0.000000 0.697260 0.000000 0.716818 0.333519 0.333519 0.333519
6651.157715 0.000000 2317.611084 0.000000 0.593598 0.000000 0.804761 0.334186 0.334186 0.334186
6639.227539 0.000000 2317.378662 0.000000 0.819997 0.000000 0.572367 0.340389 0.340389 0.340389
6634.270996 0.000000 2323.351074 0.000000 0.596312 0.000000 0.802752 0.332411 0.332411 0.332411
6638.689453 0.000000 2328.158936 0.000000 0.788276 0.000000 0.615321 0.337925 0.337925 0.337925
6654.648926 0.000000 2320.825928 0.000000 0.910816 0.000000 0.412814 0.340983 0.340983 0.340983
6639.399902 0.000000 2326.097900 0.000000 0.814554 0.000000 0.580088 0.338563 0.338563 0.338563
6390.117188 0.000000 2492.333984 0.000000 0.772543 0.000000 0.634962 0.341855 0.341855 0.341855
6372.142090 0.000000 2485.407715 0.000000 0.647268 0.000000 0.762263 0.337806 0.337806 0.337806
6398.576172 0.000000 2497.575928 0.000000 0.777492 0.000000 0.628893 0.338322 0.338322 0.338322
6404.386230 0.000000 2495.729492 0.000000 0.608113 0.000000 0.793851 0.332931 0.332931 0.332931
6406.638672 0.000000 2494.865479 0.000000 0.599833 0.000000 0.800125 0.333426 0.333426 0.333426
6400.082520 0.000000 2497.092773 0.000000 0.941931 0.000000 0.335807 0.343776 0.343776 0.343776
6514.737793 0.000000 2518.810059 0.000000 0.850971 0.000000 0.525213 0.342173 0.342173 0.342173
6514.714844 0.000000 2592.269775 0.000000 0.856525 0.000000 0.516106 0.342324 0.342324 0.342324
6506.151367 0.000000 2584.308350 0.000000 0.742156 0.000000 0.670227 0.340084 0.340084 0.340084
6509.660156 0.000000 2573.747070 0.000000 0.913690 0.000000 0.406412 0.344076 0.344076 0.344076
6512.736816 0.000000 2588.483643 0.000000 0.631336 0.000000 0.775510 0.337437 0.337437 0.337437
6511.125977 0.000000 2580.714111 0.000000 0.903361 0.000000 0.428880 0.343726 0.343726 0.343726
6709.610352 0.000000 2294.867920 0.000000 0.687512 0.000000 0.726173 0.339241 0.339241 0.339241
6715.279297 0.000000 2284.576416 0.000000 0.896286 0.000000 0.443476 0.343697 0.343697 0.343697
6710.928223 0.000000 2276.260010 0.000000 0.923278 0.000000 0.384133 0.344591 0.344591 0.344591
6689.496582 0.000000 2283.605713 0.000000 0.772124 0.000000 0.635472 0.341095 0.341095 0.341095
6692.534668 0.000000 2276.552979 0.000000 0.771451 0.000000 0.636288 0.340539 0.340539 0.340539
6689.762695 0.000000 2270.743652 0.000000 0.733052 0.000000 0.680172 0.340359 0.340359 0.340359
6659.928711 0.000000 2289.506836 0.000000 0.859778 0.000000 0.510668 0.342647 0.342647 0.342647
6667.910645 0.000000 2287.057861 0.000000 0.672153 0.000000 0.740412 0.338563 0.338563 0.338563
6657.439453 0.000000 2283.754395 0.000000 0.912655 0.000000 0.408730 0.344224 0.344224 0.344224
6689.615234 0.000000 2313.470703 0.000000 0.843466 0.000000 0.537183 0.342220 0.342220 0.342220
6680.466797 0.000000 2285.899170 0.000000 0.892990 0.000000 0.450076 0.343596 0.343596 0.343596
6708.127930 0.000000 2277.257568 0.000000 0.612045 0.000000 0.790823 0.337487 0.337487 0.337487
6689.051758 0.000000 2291.566406 0.000000 0.809317 0.000000 0.587372 0.341552 0.341552 0.341552
6667.945801 0.000000 2281.443604 0.000000 0.694271 0.000000 0.719714 0.338979 0.338979 0.338979
6677.939941 0.000000 2284.708496 0.000000 0.700765 0.000000 0.713392 0.339103 0.339103 0.339103
6688.929688 0.000000 2315.852539 0.000000 0.786246 0.000000 0.617913 0.340862 0.340862 0.340862
6702.326660 0.000000 2270.493164 0.000000 0.798848 0.000000 0.601532 0.340864 0.340864 0.340864
6687.429199 0.000000 2283.303223 0.000000 0.854996 0.000000 0.518635 0.342496 0.342496 0.342496
6702.922852 0.000000 2294.696289 0.000000 0.900920 0.000000 0.433985 0.343175 0.343175 0.343175
6670.324707 0.000000 2283.262939 0.000000 0.832525 0.000000 0.553988 0.341945 0.341945 0.341945
6708.752441 0.000000 2305.772217 0.000000 0.875827 0.000000 0.482624 0.341132 0.341132 0.341132
6665.185059 0.000000 2302.910156 0.000000 0.766008 0.000000 0.642831 0.336365 0.336365 0.336365
6708.512207 0.000000 2269.229492 0.000000 0.911065 0.000000 0.412262 0.342945 0.342945 0.342945
6694.151855 0.000000 2299.698730 0.000000 0.686978 0.000000 0.726678 0.333474 0.333474 0.333474
6704.736816 0.000000 2306.061768 0.000000 0.849053 0.000000 0.528308 0.339495 0.339495 0.339495
6656.004883 0.000000 2312.688965 0.000000 0.835163 0.000000 0.550002 0.337507 0.337507 0.337507
6687.909668 0.000000 2274.342529 0.000000 0.807481 0.000000 0.589893 0.341041 0.341041 0.341041
6703.125977 0.000000 2298.292236 0.000000 0.876938 0.000000 0.480603 0.341764 0.341764 0.341764
6692.653320 0.000000 2297.639893 0.000000 0.923668 0.000000 0.383194 0.342732 0.342732 0.342732
6712.590820 0.000000 2313.285645 0.000000 0.833695 0.000000 0.552226 0.338958 0.338958 0.338958
6665.040527 0.000000 2300.899658 0.000000 0.947834 0.000000 0.318765 0.344288 0.344288 0.344288
6696.804199 0.000000 2293.499268 0.000000 0.745869 0.000000 0.666092 0.336783 0.336783 0.336783
6658.240723 0.000000 2301.692383 0.000000 0.906343 0.000000 0.422542 0.341862 0.341862 0.341862
6707.450195 0.000000 2312.214111 0.000000 0.796608 0.000000 0.604496 0.337692 0.337692 0.337692
6712.204590 0.000000 2269.635742 0.000000 0.719157 0.000000 0.694848 0.335501 0.335501 0.335501
6702.145508 0.000000 2303.197998 0.000000 0.644677 0.000000 0.764455 0.334603 0.334603 0.334603
6671.409668 0.000000 2299.535156 0.000000 0.899517 0.000000 0.436886 0.343304 0.343304 0.343304
6677.555664 0.000000 2275.140869 0.000000 0.703631 0.000000 0.710566 0.338571 0.338571 0.338571
6714.962891 0.000000 2277.513672 0.000000 0.910906 0.000000 0.412614 0.343701 0.343701 0.343701
6708.959961 0.000000 2309.434082 0.000000 0.793332 0.000000 0.608789 0.337646 0.337646 0.337646
6710.766602 0.000000 2303.975586 0.000000 0.812390 0.000000 0.583114 0.338930 0.338930 0.338930
6668.416504 0.000000 2301.292969 0.000000 0.916275 0.000000 0.400550 0.343266 0.343266 0.343266
6661.147461 0.000000 2313.364258 0.000000 0.923564 0.000000 0.383444 0.341558 0.341558 0.341558
6713.390625 0.000000 2301.782227 0.000000 0.909574 0.000000 0.415542 0.343016 0.343016 0.343016
6673.633301 0.000000 2308.203857 0.000000 0.629453 0.000000 0.777039 0.331104 0.331104 0.331104
6709.913086 0.000000 2307.049072 0.000000 0.706896 0.000000 0.707317 0.335995 0.335995 0.335995
6691.246582 0.000000 2305.793457 0.000000 0.763304 0.000000 0.646039 0.338554 0.338554 0.338554
6662.203613 0.000000 2296.670166 0.000000 0.949240 0.000000 0.314552 0.344827 0.344827 0.344827
6675.981934 0.000000 2313.557129 0.000000 0.880613 0.000000 0.473837 0.341481 0.341481 0.341481
6668.826172 0.000000 2298.561035 0.000000 0.897451 0.000000 0.441113 0.342815 0.342815 0.342815
6658.838379 0.000000 2310.673340 0.000000 0.638277 0.000000 0.769807 0.331154 0.331154 0.331154
6717.523438 0.000000 2272.960449 0.000000 0.782943 0.000000 0.622093 0.337328 0.337328 0.337328
6682.510254 0.000000 2290.168213 0.000000 0.927620 0.000000 0.373526 0.343912 0.343912 0.343912
6717.121582 0.000000 2275.600098 0.000000 0.628617 0.000000 0.777715 0.333767 0.333767 0.333767
6661.392090 0.000000 2309.114746 0.000000 0.737264 0.000000 0.675604 0.334088 0.334088 0.334088
6704.143066 0.000000 2311.791504 0.000000 0.933812 0.000000 0.357764 0.342999 0.342999 0.342999
6717.900391 0.000000 2312.442871 0.000000 0.688966 0.000000 0.724793 0.333494 0.333494 0.333494
6680.543945 0.000000 2273.876465 0.000000 0.911908 0.000000 0.410394 0.343109 0.343109 0.343109
6663.681641 0.000000 2298.292969 0.000000 0.701444 0.000000 0.712724 0.337071 0.337071 0.337071
6703.751465 0.000000 2296.935059 0.000000 0.849368 0.000000 0.527801 0.341376 0.341376 0.341376
6696.255371 0.000000 2304.261719 0.000000 0.621819 0.000000 0.783161 0.333019 0.333019 0.333019
6657.437988 0.000000 2297.335693 0.000000 0.618463 0.000000 0.785814 0.335545 0.335545 0.335545
6673.551270 0.000000 2293.316895 0.000000 0.592580 0.000000 0.805511 0.334738 0.334738 0.334738
6696.332520 0.000000 2297.577881 0.000000 0.690998 0.000000 0.722856 0.333128 0.333128 0.333128
6702.419434 0.000000 2315.088867 0.000000 0.947751 0.000000 0.319011 0.344099 0.344099 0.344099
6666.169922 0.000000 2299.948730 0.000000 0.614511 0.000000 0.788908 0.335147 0.335147 0.335147
6699.314453 0.000000 2304.560303 0.000000 0.670482 0.000000 0.741926 0.334223 0.334223 0.334223
6715.111816 0.000000 2300.498047 0.000000 0.759422 0.000000 0.650598 0.338456 0.338456 0.338456
6667.080078 0.000000 2309.182617 0.000000 0.894757 0.000000 0.446554 0.340070 0.340070 0.340070
6700.112305 0.000000 2313.429443 0.000000 0.785368 0.000000 0.619029 0.337372 0.337372 0.337372
6674.552246 0.000000 2313.525879 0.000000 0.599874 0.000000 0.800095 0.333995 0.333995 0.333995
6713.143066 0.000000 2303.153564 0.000000 0.919590 0.000000 0.392879 0.342962 0.342962 0.342962
6698.991699 0.000000 2314.753906 0.000000 0.949463 0.000000 0.313879 0.344560 0.344560 0.344560
6701.468262 0.000000 2312.884766 0.000000 0.899140 0.000000 0.437660 0.341430 0.341430 0.341430
6710.458008 0.000000 2272.284424 0.000000 0.914178 0.000000 0.405313 0.342233 0.342233 0.342233
6665.361328 0.000000 2313.383301 0.000000 0.794237 0.000000 0.607608 0.335991 0.335991 0.335991
6719.412109 0.000000 2312.223145 0.000000 0.864414 0.000000 0.502781 0.339274 0.339274 0.339274
6711.127441 0.000000 2268.310303 0.000000 0.737521 0.000000 0.675325 0.336687 0.336687 0.336687
6716.279297 0.000000 2272.352783 0.000000 0.749137 0.000000 0.662416 0.336335 0.336335 0.336335
6701.109375 0.000000 2310.782715 0.000000 0.854562 0.000000 0.519350 0.339502 0.339502 0.339502
6717.825195 0.000000 2310.041016 0.000000 0.821504 0.000000 0.570202 0.338548 0.338548 0.338548
6707.604980 0.000000 2306.334473 0.000000 0.893099 0.000000 0.449859 0.341254 0.341254 0.341254
6708.335449 0.000000 2273.850586 0.000000 0.927198 0.000000 0.374572 0.343173 0.343173 0.343173
6694.659180 0.000000 2300.873047 0.000000 0.934770 0.000000 0.355254 0.343177 0.343177 0.343177
6662.643066 0.000000 2311.257568 0.000000 0.686061 0.000000 0.727544 0.332523 0.332523 0.332523
6715.795410 0.000000 2266.225586 0.000000 0.791670 0.000000 0.610949 0.337997 0.337997 0.337997
6658.485352 0.000000 2300.512207 0.000000 0.933016 0.000000 0.359836 0.343133 0.343133 0.343133
6731.937012 0.000000 2292.144287 0.000000 0.908585 0.000000 0.417700 0.344804 0.344804 0.344804
6731.443359 0.000000 2289.362061 0.000000 0.941004 0.000000 0.338397 0.345536 0.345536 0.345536
6739.922852 0.000000 2263.174316 0.000000 0.799770 0.000000 0.600307 0.341167 0.341167 0.341167
6725.178223 0.000000 2284.745117 0.000000 0.940400 0.000000 0.340071 0.345240 0.345240 0.345240
6727.173340 0.000000 2288.581787 0.000000 0.893054 0.000000 0.449950 0.343679 0.343679 0.343679
6747.921387 0.000000 2275.330811 0.000000 0.606951 0.000000 0.794739 0.337398 0.337398 0.337398
6739.875488 0.000000 2274.823730 0.000000 0.839660 0.000000 0.543112 0.342124 0.342124 0.342124
6766.630859 0.000000 2283.151611 0.000000 0.702755 0.000000 0.711432 0.339141 0.339141 0.339141
6746.002441 0.000000 2273.410400 0.000000 0.590518 0.000000 0.807025 0.337117 0.337117 0.337117
6737.307129 0.000000 2270.320801 0.000000 0.795208 0.000000 0.606336 0.341063 0.341063 0.341063
6751.881836 0.000000 2262.024414 0.000000 0.745853 0.000000 0.666110 0.339745 0.339745 0.339745
6727.324707 0.000000 2285.985107 0.000000 0.935144 0.000000 0.354267 0.345032 0.345032 0.345032
6729.640137 0.000000 2292.602051 0.000000 0.940221 0.000000 0.340564 0.345430 0.345430 0.345430
6727.561523 0.000000 2310.348877 0.000000 0.810600 0.000000 0.585600 0.340761 0.340761 0.340761
6738.112793 0.000000 2285.566650 0.000000 0.922059 0.000000 0.387050 0.344669 0.344669 0.344669
6729.306152 0.000000 2285.049561 0.000000 0.718748 0.000000 0.695270 0.339117 0.339117 0.339117
6733.897461 0.000000 2302.482910 0.000000 0.799149 0.000000 0.601133 0.341153 0.341153 0.341153
6734.486328 0.000000 2298.056885 0.000000 0.920791 0.000000 0.390055 0.344503 0.344503 0.344503
6742.294922 0.000000 2266.848145 0.000000 0.830694 0.000000 0.556730 0.341900 0.341900 0.341900
6743.342285 0.000000 2274.885742 0.000000 0.743964 0.000000 0.668220 0.339961 0.339961 0.339961
6724.386230 0.000000 2269.791992 0.000000 0.934307 0.000000 0.356469 0.343280 0.343280 0.343280
6721.798828 0.000000 2309.313965 0.000000 0.670498 0.000000 0.741911 0.335793 0.335793 0.335793
6770.491699 0.000000 2283.015381 0.000000 0.899648 0.000000 0.436616 0.343801 0.343801 0.343801
6756.267090 0.000000 2284.265625 0.000000 0.761696 0.000000 0.647935 0.338914 0.338914 0.338914
6734.324707 0.000000 2283.262939 0.000000 0.859013 0.000000 0.511954 0.341382 0.341382 0.341382
6763.705078 0.000000 2286.762695 0.000000 0.686079 0.000000 0.727527 0.338467 0.338467 0.338467
6734.121582 0.000000 2261.393555 0.000000 0.925611 0.000000 0.378477 0.344675 0.344675 0.344675
6764.434570 0.000000 2271.153809 0.000000 0.928905 0.000000 0.370318 0.343984 0.343984 0.343984
6739.108398 0.000000 2269.352051 0.000000 0.626708 0.000000 0.779254 0.337743 0.337743 0.337743
6767.881836 0.000000 2272.107422 0.000000 0.941734 0.000000 0.336359 0.344949 0.344949 0.344949
6732.800293 0.000000 2269.937744 0.000000 0.839424 0.000000 0.543477 0.341540 0.341540 0.341540
6728.026367 0.000000 2313.829346 0.000000 0.875642 0.000000 0.482960 0.340685 0.340685 0.340685
6738.017090 0.000000 2283.159668 0.000000 0.936146 0.000000 0.351612 0.345071 0.345071 0.345071
6761.461914 0.000000 2314.974609 0.000000 0.593334 0.000000 0.804956 0.335612 0.335612 0.335612
6737.040527 0.000000 2311.910400 0.000000 0.862721 0.000000 0.505680 0.341360 0.341360 0.341360
6755.248535 0.000000 2273.736328 0.000000 0.892044 0.000000 0.451949 0.341395 0.341395 0.341395
6750.270508 0.000000 2268.651855 0.000000 0.654638 0.000000 0.755942 0.336108 0.336108 0.336108
6744.941406 0.000000 2309.602783 0.000000 0.746254 0.000000 0.665662 0.338735 0.338735 0.338735
6723.196289 0.000000 2305.125488 0.000000 0.639004 0.000000 0.769203 0.335699 0.335699 0.335699
6722.240723 0.000000 2301.692383 0.000000 0.848742 0.000000 0.528807 0.340920 0.340920 0.340920
6747.848633 0.000000 2313.034180 0.000000 0.663895 0.000000 0.747826 0.336233 0.336233 0.336233
6754.989746 0.000000 2291.589355 0.000000 0.596117 0.000000 0.802897 0.332896 0.332896 0.332896
6765.137695 0.000000 2274.435059 0.000000 0.638375 0.000000 0.769726 0.336952 0.336952 0.336952
6733.681152 0.000000 2273.147705 0.000000 0.939383 0.000000 0.342871 0.344389 0.344389 0.344389
6757.573730 0.000000 2270.879150 0.000000 0.780791 0.000000 0.624792 0.339002 0.339002 0.339002
6747.871582 0.000000 2279.442383 0.000000 0.842975 0.000000 0.537953 0.340843 0.340843 0.340843
6726.638672 0.000000 2268.927979 0.000000 0.861822 0.000000 0.507211 0.340774 0.340774 0.340774
6747.020508 0.000000 2307.583252 0.000000 0.655466 0.000000 0.755225 0.336312 0.336312 0.336312
6727.353027 0.000000 2272.076416 0.000000 0.677220 0.000000 0.735781 0.333997 0.333997 0.333997
6722.931152 0.000000 2290.849609 0.000000 0.801015 0.000000 0.598644 0.339541 0.339541 0.339541
6747.663086 0.000000 2282.170654 0.000000 0.738196 0.000000 0.674586 0.338872 0.338872 0.338872
6754.940430 0.000000 2269.461426 0.000000 0.721849 0.000000 0.692050 0.337544 0.337544 0.337544
6739.981934 0.000000 2313.557129 0.000000 0.804896 0.000000 0.593416 0.338814 0.338814 0.338814
6737.270508 0.000000 2310.192627 0.000000 0.921972 0.000000 0.387257 0.343520 0.343520 0.343520
6764.377930 0.000000 2259.871338 0.000000 0.737711 0.000000 0.675116 0.338991 0.338991 0.338991
6734.941895 0.000000 2285.015625 0.000000 0.649369 0.000000 0.760474 0.336523 0.336523 0.336523
6763.719727 0.000000 2276.961670 0.000000 0.687424 0.000000 0.726256 0.335972 0.335972 0.335972
6762.243164 0.000000 2265.260010 0.000000 0.934683 0.000000 0.355482 0.343696 0.343696 0.343696
6740.687500 0.000000 2312.078125 0.000000 0.747913 0.000000 0.663797 0.337917 0.337917 0.337917
6723.034668 0.000000 2313.533447 0.000000 0.881810 0.000000 0.471604 0.340087 0.340087 0.340087
6722.838379 0.000000 2310.673340 0.000000 0.692293 0.000000 0.721616 0.335173 0.335173 0.335173
6759.927246 0.000000 2272.549072 0.000000 0.866147 0.000000 0.499790 0.340122 0.340122 0.340122
6742.663086 0.000000 2294.266357 0.000000 0.724896 0.000000 0.688858 0.337616 0.337616 0.337616
6759.139160 0.000000 2283.102783 0.000000 0.707548 0.000000 0.706665 0.337691 0.337691 0.337691
6764.527832 0.000000 2267.358643 0.000000 0.901255 0.000000 0.433288 0.342932 0.342932 0.342932
6755.868164 0.000000 2275.215820 0.000000 0.767315 0.000000 0.641270 0.337865 0.337865 0.337865
6752.099609 0.000000 2296.194580 0.000000 0.675521 0.000000 0.737341 0.334387 0.334387 0.334387
6764.179688 0.000000 2262.798096 0.000000 0.812551 0.000000 0.582891 0.339587 0.339587 0.339587
6758.613281 0.000000 2280.245850 0.000000 0.806522 0.000000 0.591204 0.339194 0.339194 0.339194
6731.125000 0.000000 2278.631592 0.000000 0.711399 0.000000 0.702788 0.337300 0.337300 0.337300
6726.498535 0.000000 2313.917969 0.000000 0.890521 0.000000 0.454942 0.340508 0.340508 0.340508
6722.358887 0.000000 2267.022217 0.000000 0.689763 0.000000 0.724035 0.336877 0.336877 0.336877
6755.450684 0.000000 2268.035645 0.000000 0.797703 0.000000 0.603050 0.339451 0.339451 0.339451
6729.120117 0.000000 2283.649902 0.000000 0.941696 0.000000 0.336464 0.344438 0.344438 0.344438
6728.764648 0.000000 2277.840576 0.000000 0.614324 0.000000 0.789053 0.332521 0.332521 0.332521
6741.138184 0.000000 2315.191162 0.000000 0.624266 0.000000 0.781212 0.331628 0.331628 0.331628
6745.071777 0.000000 2292.739014 0.000000 0.753135 0.000000 0.657866 0.338300 0.338300 0.338300
6745.114746 0.000000 2313.701416 0.000000 0.690797 0.000000 0.723049 0.335911 0.335911 0.335911
6722.422363 0.000000 2272.441406 0.000000 0.901962 0.000000 0.431815 0.341573 0.341573 0.341573
6753.452148 0.000000 2296.918701 0.000000 0.843874 0.000000 0.536541 0.339336 0.339336 0.339336
6760.875000 0.000000 2260.248535 0.000000 0.933211 0.000000 0.359329 0.343850 0.343850 0.343850
6754.885254 0.000000 2288.959717 0.000000 0.761792 0.000000 0.647822 0.337284 0.337284 0.337284
6761.506836 0.000000 2279.090820 0.000000 0.893679 0.000000 0.448707 0.341563 0.341563 0.341563
6724.280762 0.000000 2268.524170 0.000000 0.678231 0.000000 0.734848 0.334781 0.334781 0.334781
6752.286133 0.000000 2284.253174 0.000000 0.695560 0.000000 0.718468 0.334871 0.334871 0.334871
6753.111816 0.000000 2292.894531 0.000000 0.781920 0.000000 0.623379 0.337738 0.337738 0.337738
6758.330078 0.000000 2273.723145 0.000000 0.594036 0.000000 0.804438 0.332358 0.332358 0.332358
6731.304199 0.000000 2277.171387 0.000000 0.874999 0.000000 0.484124 0.341168 0.341168 0.341168
6724.237305 0.000000 2310.909668 0.000000 0.918219 0.000000 0.396073 0.342901 0.342901 0.342901
6672.434082 0.000000 2345.920654 0.000000 0.605361 0.000000 0.795951 0.337371 0.337371 0.337371
6695.437012 0.000000 2343.241211 0.000000 0.675665 0.000000 0.737209 0.339135 0.339135 0.339135
6666.112305 0.000000 2334.013184 0.000000 0.873082 0.000000 0.487574 0.343102 0.343102 0.343102
6664.162109 0.000000 2335.580078 0.000000 0.909945 0.000000 0.414728 0.344133 0.344133 0.344133
6694.302734 0.000000 2328.926025 0.000000 0.946231 0.000000 0.323491 0.345481 0.345481 0.345481
6660.386230 0.000000 2326.276367 0.000000 0.810286 0.000000 0.586035 0.336048 0.336048 0.336048
6680.739258 0.000000 2344.428467 0.000000 0.948643 0.000000 0.316347 0.345247 0.345247 0.345247
6692.267090 0.000000 2340.750000 0.000000 0.920168 0.000000 0.391524 0.344481 0.344481 0.344481
6700.434570 0.000000 2327.638184 0.000000 0.643639 0.000000 0.765330 0.337015 0.337015 0.337015
6715.533691 0.000000 2321.434082 0.000000 0.853829 0.000000 0.520554 0.341126 0.341126 0.341126
6658.200195 0.000000 2332.478516 0.000000 0.760864 0.000000 0.648911 0.338770 0.338770 0.338770
6666.858887 0.000000 2323.387939 0.000000 0.600567 0.000000 0.799574 0.330123 0.330123 0.330123
6664.084473 0.000000 2331.494385 0.000000 0.641742 0.000000 0.766921 0.336177 0.336177 0.336177
6705.127930 0.000000 2317.687256 0.000000 0.920897 0.000000 0.389807 0.342285 0.342285 0.342285
6672.782227 0.000000 2317.568359 0.000000 0.829117 0.000000 0.559075 0.337844 0.337844 0.337844
6683.994141 0.000000 2340.892578 0.000000 0.764703 0.000000 0.644383 0.339813 0.339813 0.339813
6663.353027 0.000000 2328.560791 0.000000 0.949234 0.000000 0.314571 0.343960 0.343960 0.343960
6663.773438 0.000000 2316.406250 0.000000 0.921964 0.000000 0.387276 0.341469 0.341469 0.341469
6701.450195 0.000000 2318.378906 0.000000 0.920777 0.000000 0.390089 0.342979 0.342979 0.342979
6695.006836 0.000000 2335.263184 0.000000 0.637753 0.000000 0.770241 0.336632 0.336632 0.336632
6664.235840 0.000000 2323.241943 0.000000 0.919033 0.000000 0.394180 0.341255 0.341255 0.341255
6669.791016 0.000000 2315.912109 0.000000 0.933907 0.000000 0.357517 0.342157 0.342157 0.342157
6665.760254 0.000000 2324.561035 0.000000 0.644348 0.000000 0.764732 0.330601 0.330601 0.330601
6657.194336 0.000000 2325.133789 0.000000 0.816047 0.000000 0.577986 0.336269 0.336269 0.336269
6661.442383 0.000000 2322.799561 0.000000 0.914132 0.000000 0.405418 0.340699 0.340699 0.340699
6700.179688 0.000000 2319.282471 0.000000 0.627924 0.000000 0.778275 0.334374 0.334374 0.334374
6694.613281 0.000000 2336.730225 0.000000 0.799413 0.000000 0.600781 0.339751 0.339751 0.339751
6662.787598 0.000000 2320.750977 0.000000 0.813801 0.000000 0.581144 0.336697 0.336697 0.336697
6675.355469 0.000000 2315.893066 0.000000 0.802525 0.000000 0.596619 0.339275 0.339275 0.339275
6713.597656 0.000000 2316.576172 0.000000 0.891115 0.000000 0.453777 0.339814 0.339814 0.339814
6661.604004 0.000000 2321.458496 0.000000 0.765143 0.000000 0.643860 0.334994 0.334994 0.334994
6698.449707 0.000000 2318.620361 0.000000 0.904954 0.000000 0.425509 0.342549 0.342549 0.342549
6714.127441 0.000000 2340.451904 0.000000 0.745256 0.000000 0.666779 0.336766 0.336766 0.336766
6661.635742 0.000000 2326.237305 0.000000 0.759221 0.000000 0.650833 0.334209 0.334209 0.334209
6660.526367 0.000000 2316.930176 0.000000 0.899305 0.000000 0.437321 0.340291 0.340291 0.340291
6666.391113 0.000000 2321.411865 0.000000 0.729195 0.000000 0.684306 0.333833 0.333833 0.333833
6769.158691 0.000000 2350.487793 0.000000 0.844103 0.000000 0.536180 0.342954 0.342954 0.342954
6767.221680 0.000000 2349.157959 0.000000 0.766811 0.000000 0.641873 0.340744 0.340744 0.340744
6760.507812 0.000000 2340.281738 0.000000 0.755294 0.000000 0.655386 0.340195 0.340195 0.340195
6765.664062 0.000000 2322.854980 0.000000 0.596086 0.000000 0.802920 0.337212 0.337212 0.337212
6724.386230 0.000000 2326.276367 0.000000 0.723244 0.000000 0.690593 0.338277 0.338277 0.338277
6743.051758 0.000000 2318.907227 0.000000 0.713031 0.000000 0.701133 0.336761 0.336761 0.336761
6757.382812 0.000000 2343.441406 0.000000 0.589007 0.000000 0.808128 0.335817 0.335817 0.335817
6769.878906 0.000000 2328.203369 0.000000 0.840013 0.000000 0.542566 0.342133 0.342133 0.342133
6767.881836 0.000000 2328.591797 0.000000 0.757732 0.000000 0.652565 0.340247 0.340247 0.340247
6769.665527 0.000000 2344.622070 0.000000 0.851024 0.000000 0.525126 0.341932 0.341932 0.341932
6755.248535 0.000000 2330.220703 0.000000 0.763467 0.000000 0.645846 0.338742 0.338742 0.338742
6735.104492 0.000000 2320.711426 0.000000 0.806452 0.000000 0.591299 0.335903 0.335903 0.335903
6744.050781 0.000000 2333.572266 0.000000 0.811210 0.000000 0.584755 0.339767 0.339767 0.339767
6729.625488 0.000000 2326.084229 0.000000 0.609047 0.000000 0.793134 0.334553 0.334553 0.334553
6757.573730 0.000000 2327.363525 0.000000 0.748379 0.000000 0.663272 0.337707 0.337707 0.337707
6739.362793 0.000000 2324.170898 0.000000 0.759135 0.000000 0.650934 0.339099 0.339099 0.339099
6757.911621 0.000000 2319.019043 0.000000 0.647292 0.000000 0.762242 0.335875 0.335875 0.335875
6756.465820 0.000000 2317.645264 0.000000 0.673851 0.000000 0.738868 0.336452 0.336452 0.336452
6766.407715 0.000000 2343.029297 0.000000 0.823047 0.000000 0.567973 0.340156 0.340156 0.340156
6734.208008 0.000000 2327.107910 0.000000 0.938442 0.000000 0.345438 0.344237 0.344237 0.344237
6728.235840 0.000000 2323.241943 0.000000 0.772416 0.000000 0.635118 0.334667 0.334667 0.334667
6759.927246 0.000000 2329.033447 0.000000 0.749117 0.000000 0.662438 0.338548 0.338548 0.338548
6724.025391 0.000000 2320.084717 0.000000 0.889867 0.000000 0.456219 0.339444 0.339444 0.339444
6720.976074 0.000000 2316.379639 0.000000 0.933553 0.000000 0.358440 0.341832 0.341832 0.341832
6745.591309 0.000000 2333.841064 0.000000 0.680990 0.000000 0.732293 0.336538 0.336538 0.336538
6759.698242 0.000000 2317.817627 0.000000 0.928433 0.000000 0.371500 0.343265 0.343265 0.343265
6720.065918 0.000000 2321.896729 0.000000 0.814105 0.000000 0.580718 0.337466 0.337466 0.337466
6750.457031 0.000000 2318.910156 0.000000 0.795188 0.000000 0.606363 0.338615 0.338615 0.338615
6731.846680 0.000000 2320.106445 0.000000 0.905637 0.000000 0.424053 0.340243 0.340243 0.340243
6739.355469 0.000000 2315.893066 0.000000 0.828274 0.000000 0.560324 0.337319 0.337319 0.337319
6721.465820 0.000000 2320.418701 0.000000 0.801907 0.000000 0.597449 0.337047 0.337047 0.337047
6732.093750 0.000000 2323.947021 0.000000 0.915962 0.000000 0.401264 0.340800 0.340800 0.340800
6759.477539 0.000000 2321.117188 0.000000 0.914609 0.000000 0.404340 0.342307 0.342307 0.342307
6753.218262 0.000000 2318.678711 0.000000 0.848348 0.000000 0.529439 0.340688 0.340688 0.340688
6736.687012 0.000000 2341.973145 0.000000 0.861994 0.000000 0.506918 0.339920 0.339920 0.339920
6758.902344 0.000000 2344.465088 0.000000 0.884249 0.000000 0.467016 0.339661 0.339661 0.339661
6760.942383 0.000000 2319.291748 0.000000 0.791553 0.000000 0.611101 0.338252 0.338252 0.338252
6745.643555 0.000000 2317.181641 0.000000 0.813393 0.000000 0.581715 0.337713 0.337713 0.337713
6724.526367 0.000000 2316.930176 0.000000 0.747600 0.000000 0.664150 0.333816 0.333816 0.333816
6732.520508 0.000000 2342.493408 0.000000 0.933638 0.000000 0.358217 0.343101 0.343101 0.343101
6758.609863 0.000000 2320.224121 0.000000 0.868486 0.000000 0.495714 0.340415 0.340415 0.340415
6788.866211 0.000000 2339.817871 0.000000 0.741953 0.000000 0.670452 0.335393 0.335393 0.335393
6784.271973 0.000000 2336.814697 0.000000 0.725393 0.000000 0.688335 0.333084 0.333084 0.333084
6786.538086 0.000000 2339.677246 0.000000 0.802567 0.000000 0.596562 0.335757 0.335757 0.335757
6936.739258 0.000000 2570.365967 0.000000 0.919365 0.000000 0.393404 0.340991 0.340991 0.340991
6942.555664 0.000000 2564.134277 0.000000 0.808807 0.000000 0.588074 0.338958 0.338958 0.338958
6288.534668 0.000000 2838.046631 0.000000 0.912553 0.000000 0.408959 0.341017 0.341017 0.341017
6292.673828 0.000000 2849.572021 0.000000 0.655741 0.000000 0.754986 0.333851 0.333851 0.333851
6673.633301 0.000000 2873.047607 0.000000 0.888236 0.000000 0.459388 0.340908 0.340908 0.340908
6675.485352 0.000000 2873.188232 0.000000 0.705939 0.000000 0.708272 0.336418 0.336418 0.336418
7561.640137 0.000000 3252.836426 0.000000 0.854234 0.000000 0.519889 0.342906 0.342906 0.342906
7429.002930 0.000000 3368.706055 0.000000 0.939947 0.000000 0.341319 0.345967 0.345967 0.345967
"}
object={
	name="oak_generator_2_2"
	clamp_to_water_level=no
	render_under_water=no
	generated_content=yes
	layer="semidynamic_medium"
	pdxmesh="oak_tree_03_mesh"
	count=1850
	transform="1759.273193 0.000000 1241.048340 0.000000 0.990910 0.000000 0.134523 0.348426 0.348426 0.348426
1789.935669 0.000000 1216.201904 0.000000 0.994994 0.000000 -0.099933 0.351211 0.351211 0.351211
1784.579102 0.000000 1235.334229 0.000000 0.973596 0.000000 -0.228277 0.352908 0.352908 0.352908
1754.132568 0.000000 1220.623657 0.000000 0.966415 0.000000 -0.256985 0.353304 0.353304 0.353304
1778.335327 0.000000 1207.064941 0.000000 0.968745 0.000000 -0.248060 0.353088 0.353088 0.353088
1778.278564 0.000000 1216.880737 0.000000 0.966619 0.000000 -0.256217 0.353351 0.353351 0.353351
1753.163940 0.000000 1242.031250 0.000000 0.998120 0.000000 0.061282 0.349223 0.349223 0.349223
1764.100952 0.000000 1234.033203 0.000000 0.962318 0.000000 0.271928 0.346499 0.346499 0.346499
1766.352295 0.000000 1235.360352 0.000000 0.991036 0.000000 0.133597 0.348291 0.348291 0.348291
1762.441895 0.000000 1220.135254 0.000000 0.970528 0.000000 -0.240989 0.353147 0.353147 0.353147
1788.546265 0.000000 1214.111572 0.000000 0.997534 0.000000 -0.070187 0.350896 0.350896 0.350896
1763.886841 0.000000 1216.796387 0.000000 0.992512 0.000000 -0.122148 0.351680 0.351680 0.351680
1772.435303 0.000000 1222.146973 0.000000 0.990862 0.000000 0.134877 0.348179 0.348179 0.348179
1763.097656 0.000000 1228.271973 0.000000 0.980143 0.000000 0.198293 0.347357 0.347357 0.347357
1791.035522 0.000000 1227.780029 0.000000 0.992134 0.000000 -0.125179 0.351815 0.351815 0.351815
1777.818970 0.000000 1212.919556 0.000000 0.987001 0.000000 -0.160711 0.352299 0.352299 0.352299
1777.665527 0.000000 1214.934448 0.000000 0.994390 0.000000 -0.105775 0.351509 0.351509 0.351509
1791.474121 0.000000 1231.396362 0.000000 0.976387 0.000000 -0.216027 0.353196 0.353196 0.353196
1770.287964 0.000000 1216.854126 0.000000 0.998020 0.000000 0.062903 0.349051 0.349051 0.349051
1774.407837 0.000000 1213.341919 0.000000 0.997966 0.000000 0.063754 0.348999 0.348999 0.348999
1782.803467 0.000000 1244.722412 0.000000 0.999287 0.000000 -0.037751 0.350424 0.350424 0.350424
1753.924683 0.000000 1295.896729 0.000000 0.955025 0.000000 -0.296525 0.353420 0.353420 0.353420
1783.010986 0.000000 1297.609131 0.000000 0.999951 0.000000 0.009922 0.349876 0.349876 0.349876
1764.176392 0.000000 1286.675903 0.000000 0.962824 0.000000 -0.270131 0.353358 0.353358 0.353358
1780.391968 0.000000 1291.042969 0.000000 0.968196 0.000000 -0.250192 0.353071 0.353071 0.353071
1757.075928 0.000000 1295.056396 0.000000 0.989638 0.000000 -0.143587 0.351838 0.351838 0.351838
1778.616577 0.000000 1288.709473 0.000000 0.989339 0.000000 -0.145631 0.351864 0.351864 0.351864
1783.879395 0.000000 1285.851074 0.000000 0.981756 0.000000 0.190143 0.347584 0.347584 0.347584
1781.008667 0.000000 1286.878052 0.000000 0.958107 0.000000 -0.286409 0.353706 0.353706 0.353706
1784.270874 0.000000 1263.166016 0.000000 0.972493 0.000000 -0.232930 0.352999 0.352999 0.352999
1790.888184 0.000000 1279.281250 0.000000 0.996491 0.000000 -0.083698 0.351062 0.351062 0.351062
1761.496704 0.000000 1266.886963 0.000000 0.953672 0.000000 0.300848 0.345981 0.345981 0.345981
1791.022949 0.000000 1296.821777 0.000000 0.988329 0.000000 0.152335 0.348049 0.348049 0.348049
1783.370483 0.000000 1276.311646 0.000000 0.999423 0.000000 0.033957 0.349567 0.349567 0.349567
1791.545410 0.000000 1274.615356 0.000000 0.996672 0.000000 0.081519 0.348959 0.348959 0.348959
1760.506104 0.000000 1287.314087 0.000000 0.990492 0.000000 -0.137571 0.351984 0.351984 0.351984
1762.794434 0.000000 1280.915771 0.000000 0.999516 0.000000 -0.031107 0.350449 0.350449 0.350449
1775.221924 0.000000 1275.954834 0.000000 0.991981 0.000000 0.126389 0.348145 0.348145 0.348145
1765.593018 0.000000 1284.866943 0.000000 0.975312 0.000000 -0.220832 0.352928 0.352928 0.352928
1768.632446 0.000000 1282.291382 0.000000 0.998147 0.000000 -0.060843 0.350875 0.350875 0.350875
1772.434570 0.000000 1254.434937 0.000000 0.958705 0.000000 -0.284402 0.354284 0.354284 0.354284
1776.094482 0.000000 1259.765503 0.000000 0.974094 0.000000 -0.226144 0.353369 0.353369 0.353369
1759.909790 0.000000 1257.623657 0.000000 0.998435 0.000000 -0.055915 0.350785 0.350785 0.350785
1764.762085 0.000000 1264.161377 0.000000 0.963810 0.000000 -0.266589 0.354032 0.354032 0.354032
1768.327271 0.000000 1264.928101 0.000000 0.967545 0.000000 0.252697 0.345245 0.345245 0.345245
1762.989624 0.000000 1274.870605 0.000000 0.999323 0.000000 0.036790 0.349453 0.349453 0.349453
1769.028320 0.000000 1269.363037 0.000000 0.997737 0.000000 -0.067243 0.351347 0.351347 0.351347
1760.125000 0.000000 1251.798340 0.000000 0.999691 0.000000 0.024847 0.349599 0.349599 0.349599
1760.356323 0.000000 1255.023071 0.000000 0.955420 0.000000 0.295249 0.345181 0.345181 0.345181
1774.407837 0.000000 1269.826294 0.000000 0.996579 0.000000 -0.082650 0.351670 0.351670 0.351670
1765.460205 0.000000 1273.991455 0.000000 0.957708 0.000000 -0.287743 0.354450 0.354450 0.354450
1771.719849 0.000000 1260.242920 0.000000 0.995243 0.000000 0.097420 0.348384 0.348384 0.348384
1776.720703 0.000000 1272.700073 0.000000 0.986194 0.000000 0.165594 0.347492 0.347492 0.347492
1770.833130 0.000000 1266.889038 0.000000 0.995265 0.000000 -0.097196 0.352169 0.352169 0.352169
1770.374146 0.000000 1255.301025 0.000000 0.970958 0.000000 -0.239250 0.354370 0.354370 0.354370
1776.418945 0.000000 1268.932861 0.000000 0.990090 0.000000 0.140438 0.347396 0.347396 0.347396
1750.003418 0.000000 1312.843018 0.000000 0.968866 0.000000 -0.247586 0.352995 0.352995 0.352995
1729.602173 0.000000 1329.513916 0.000000 0.982403 0.000000 -0.186771 0.352233 0.352233 0.352233
1756.263916 0.000000 1308.436646 0.000000 0.993074 0.000000 -0.117490 0.351477 0.351477 0.351477
1763.373291 0.000000 1326.083984 0.000000 0.999198 0.000000 -0.040042 0.350511 0.350511 0.350511
1782.469360 0.000000 1309.294678 0.000000 0.999762 0.000000 -0.021823 0.350278 0.350278 0.350278
1767.443970 0.000000 1310.430054 0.000000 0.998157 0.000000 0.060682 0.349225 0.349225 0.349225
1757.075928 0.000000 1351.540771 0.000000 0.972783 0.000000 0.231717 0.346925 0.346925 0.346925
1788.365845 0.000000 1301.868286 0.000000 0.976983 0.000000 0.213316 0.347333 0.347333 0.347333
1778.714722 0.000000 1349.613525 0.000000 0.985790 0.000000 0.167980 0.347603 0.347603 0.347603
1748.471069 0.000000 1320.966187 0.000000 0.997811 0.000000 -0.066135 0.350876 0.350876 0.350876
1760.506104 0.000000 1343.798462 0.000000 0.997961 0.000000 -0.063828 0.350843 0.350843 0.350843
1783.341309 0.000000 1350.432617 0.000000 0.976524 0.000000 -0.215410 0.353102 0.353102 0.353102
1752.281860 0.000000 1321.155762 0.000000 0.955241 0.000000 -0.295828 0.354317 0.354317 0.354317
1782.447144 0.000000 1348.350098 0.000000 0.997072 0.000000 -0.076472 0.351050 0.351050 0.351050
1777.077515 0.000000 1331.528564 0.000000 0.984119 0.000000 0.177509 0.346507 0.346507 0.346507
1771.936890 0.000000 1355.568115 0.000000 0.978364 0.000000 0.206890 0.347178 0.347178 0.347178
1777.818970 0.000000 1325.888306 0.000000 0.995113 0.000000 0.098745 0.348522 0.348522 0.348522
1768.666260 0.000000 1345.463135 0.000000 0.978189 0.000000 0.207718 0.346654 0.346654 0.346654
1769.461914 0.000000 1354.740234 0.000000 0.999972 0.000000 0.007474 0.349893 0.349893 0.349893
1780.105469 0.000000 1341.531616 0.000000 0.998364 0.000000 -0.057182 0.350995 0.350995 0.350995
1776.863892 0.000000 1343.616577 0.000000 0.996320 0.000000 -0.085712 0.351237 0.351237 0.351237
1758.427490 0.000000 1337.427856 0.000000 0.996449 0.000000 -0.084196 0.351164 0.351164 0.351164
1766.151733 0.000000 1339.464478 0.000000 0.999163 0.000000 -0.040899 0.350611 0.350611 0.350611
1788.200928 0.000000 1343.213257 0.000000 0.965011 0.000000 0.262210 0.345248 0.345248 0.345248
1764.653442 0.000000 1337.405518 0.000000 0.967044 0.000000 0.254607 0.346108 0.346108 0.346108
1787.122925 0.000000 1338.566895 0.000000 0.993129 0.000000 -0.117029 0.352393 0.352393 0.352393
1782.093628 0.000000 1323.407959 0.000000 0.994170 0.000000 0.107821 0.348263 0.348263 0.348263
1786.464966 0.000000 1335.427979 0.000000 0.983654 0.000000 0.180069 0.345966 0.345966 0.345966
1785.096802 0.000000 1333.205566 0.000000 0.986903 0.000000 0.161313 0.346390 0.346390 0.346390
1753.175293 0.000000 1341.510132 0.000000 0.958686 0.000000 0.284467 0.345879 0.345879 0.345879
1786.545166 0.000000 1331.111328 0.000000 0.999893 0.000000 -0.014622 0.350326 0.350326 0.350326
1766.210083 0.000000 1332.640503 0.000000 0.992808 0.000000 0.119719 0.347981 0.347981 0.347981
1785.390381 0.000000 1341.547852 0.000000 0.997172 0.000000 -0.075157 0.351486 0.351486 0.351486
1785.763306 0.000000 1320.156250 0.000000 0.995335 0.000000 -0.096483 0.351516 0.351516 0.351516
1783.627441 0.000000 1329.768066 0.000000 0.999861 0.000000 0.016673 0.349714 0.349714 0.349714
1778.026733 0.000000 1335.224854 0.000000 0.963130 0.000000 0.269037 0.344883 0.344883 0.344883
1789.135376 0.000000 1341.867310 0.000000 0.968858 0.000000 -0.247619 0.355051 0.355051 0.355051
1770.734131 0.000000 1347.154785 0.000000 0.965713 0.000000 -0.259613 0.354119 0.354119 0.354119
1790.039429 0.000000 1339.600952 0.000000 0.971450 0.000000 0.237246 0.344663 0.344663 0.344663
1762.905884 0.000000 1334.521606 0.000000 0.999965 0.000000 0.008314 0.349866 0.349866 0.349866
1787.155518 0.000000 1327.590942 0.000000 0.979001 0.000000 0.203856 0.346143 0.346143 0.346143
1785.142822 0.000000 1342.919189 0.000000 0.997111 0.000000 -0.075960 0.351325 0.351325 0.351325
1786.382690 0.000000 1334.017334 0.000000 0.969591 0.000000 0.244729 0.344491 0.344491 0.344491
1768.307739 0.000000 1330.733154 0.000000 0.976773 0.000000 -0.214277 0.353878 0.353878 0.353878
1786.259521 0.000000 1325.272827 0.000000 0.976678 0.000000 0.214708 0.346247 0.346247 0.346247
1785.621582 0.000000 1332.031372 0.000000 0.962610 0.000000 0.270890 0.343888 0.343888 0.343888
1788.820068 0.000000 1329.802246 0.000000 0.966041 0.000000 0.258390 0.344177 0.344177 0.344177
1774.152832 0.000000 1333.033081 0.000000 0.970193 0.000000 0.242334 0.345434 0.345434 0.345434
1775.941284 0.000000 1333.760010 0.000000 0.964705 0.000000 0.263332 0.345029 0.345029 0.345029
1815.931152 0.000000 1181.404785 0.000000 0.998675 0.000000 0.051466 0.349345 0.349345 0.349345
1860.253662 0.000000 1169.053345 0.000000 0.963212 0.000000 -0.268744 0.354030 0.354030 0.354030
1839.152222 0.000000 1231.642578 0.000000 0.998440 0.000000 0.055833 0.349319 0.349319 0.349319
1792.205078 0.000000 1208.590576 0.000000 0.999822 0.000000 -0.018852 0.350244 0.350244 0.350244
1815.871582 0.000000 1225.652954 0.000000 0.985246 0.000000 -0.171145 0.352111 0.352111 0.352111
1807.660034 0.000000 1237.337158 0.000000 0.959567 0.000000 -0.281481 0.353640 0.353640 0.353640
1834.699829 0.000000 1226.550659 0.000000 0.981637 0.000000 -0.190761 0.352449 0.352449 0.352449
1850.989014 0.000000 1219.805908 0.000000 0.994685 0.000000 -0.102969 0.351316 0.351316 0.351316
1812.724731 0.000000 1215.872314 0.000000 0.991753 0.000000 0.128163 0.348304 0.348304 0.348304
1797.178101 0.000000 1211.541870 0.000000 0.996127 0.000000 0.087930 0.348811 0.348811 0.348811
1796.256348 0.000000 1241.687622 0.000000 0.997566 0.000000 -0.069735 0.350884 0.350884 0.350884
1818.516602 0.000000 1224.950806 0.000000 0.985020 0.000000 0.172438 0.347789 0.347789 0.347789
1794.873169 0.000000 1212.462158 0.000000 0.983429 0.000000 -0.181295 0.352318 0.352318 0.352318
1830.352295 0.000000 1235.360352 0.000000 0.999042 0.000000 -0.043771 0.350593 0.350593 0.350593
1812.386963 0.000000 1212.968994 0.000000 0.971448 0.000000 0.237251 0.346683 0.346683 0.346683
1807.571045 0.000000 1192.784424 0.000000 0.992521 0.000000 -0.122077 0.351577 0.351577 0.351577
1795.928833 0.000000 1216.303833 0.000000 0.998600 0.000000 0.052905 0.349251 0.349251 0.349251
1810.931519 0.000000 1217.498047 0.000000 0.999319 0.000000 -0.036909 0.350502 0.350502 0.350502
1804.076904 0.000000 1221.482300 0.000000 0.996201 0.000000 -0.087086 0.351261 0.351261 0.351261
1801.306274 0.000000 1211.846436 0.000000 0.990132 0.000000 -0.140135 0.351873 0.351873 0.351873
1797.188354 0.000000 1228.911987 0.000000 0.961375 0.000000 0.275242 0.345712 0.345712 0.345712
1799.299561 0.000000 1226.910034 0.000000 0.999379 0.000000 -0.035250 0.350528 0.350528 0.350528
1800.816650 0.000000 1234.180176 0.000000 0.977868 0.000000 0.209223 0.347164 0.347164 0.347164
1806.324707 0.000000 1210.059814 0.000000 0.999854 0.000000 -0.017066 0.350242 0.350242 0.350242
1835.936890 0.000000 1242.599365 0.000000 0.954983 0.000000 0.296659 0.345763 0.345763 0.345763
1813.078003 0.000000 1188.299561 0.000000 0.997710 0.000000 -0.067637 0.351280 0.351280 0.351280
1826.455933 0.000000 1231.124756 0.000000 0.968077 0.000000 -0.250654 0.353885 0.353885 0.353885
1822.899414 0.000000 1239.033691 0.000000 0.999996 0.000000 -0.002929 0.350049 0.350049 0.350049
1821.530396 0.000000 1240.345337 0.000000 0.971387 0.000000 0.237502 0.346490 0.346490 0.346490
1819.848511 0.000000 1239.831055 0.000000 0.995062 0.000000 -0.099257 0.351477 0.351477 0.351477
1796.253662 0.000000 1225.537720 0.000000 0.997784 0.000000 -0.066529 0.351065 0.351065 0.351065
1830.249512 0.000000 1239.864136 0.000000 0.951530 0.000000 -0.307556 0.354726 0.354726 0.354726
1808.782227 0.000000 1187.880859 0.000000 0.995276 0.000000 -0.097084 0.351508 0.351508 0.351508
1807.572021 0.000000 1217.771729 0.000000 0.986001 0.000000 -0.166738 0.352466 0.352466 0.352466
1849.390381 0.000000 1228.579102 0.000000 0.999383 0.000000 0.035125 0.349489 0.349489 0.349489
1825.938477 0.000000 1237.060425 0.000000 0.993608 0.000000 -0.112887 0.352140 0.352140 0.352140
1802.960205 0.000000 1220.336792 0.000000 0.979745 0.000000 -0.200247 0.353092 0.353092 0.353092
1828.710693 0.000000 1235.668457 0.000000 0.992323 0.000000 0.123677 0.347833 0.347833 0.347833
1824.008667 0.000000 1236.656250 0.000000 0.955309 0.000000 -0.295608 0.355677 0.355677 0.355677
1828.175659 0.000000 1241.086548 0.000000 0.999513 0.000000 -0.031193 0.350523 0.350523 0.350523
1818.265869 0.000000 1190.930054 0.000000 0.999305 0.000000 -0.037269 0.350695 0.350695 0.350695
1793.437988 0.000000 1224.132446 0.000000 0.985128 0.000000 0.171824 0.347095 0.347095 0.347095
1793.717041 0.000000 1230.617065 0.000000 0.977071 0.000000 -0.212914 0.353365 0.353365 0.353365
1844.189697 0.000000 1220.245972 0.000000 0.998553 0.000000 -0.053768 0.350900 0.350900 0.350900
1824.533813 0.000000 1241.242920 0.000000 0.996569 0.000000 -0.082765 0.351477 0.351477 0.351477
1823.464233 0.000000 1237.807251 0.000000 0.998948 0.000000 0.045858 0.349210 0.349210 0.349210
1860.861816 0.000000 1214.126465 0.000000 0.983163 0.000000 0.182732 0.347816 0.347816 0.347816
1860.219482 0.000000 1218.806030 0.000000 0.998518 0.000000 -0.054415 0.350695 0.350695 0.350695
1895.553711 0.000000 1203.374146 0.000000 0.996370 0.000000 -0.085130 0.351031 0.351031 0.351031
1898.451904 0.000000 1221.105957 0.000000 0.998039 0.000000 0.062591 0.349201 0.349201 0.349201
1876.724731 0.000000 1215.872314 0.000000 0.996803 0.000000 -0.079895 0.351097 0.351097 0.351097
1879.654907 0.000000 1219.827393 0.000000 0.992786 0.000000 -0.119901 0.351680 0.351680 0.351680
1899.597290 0.000000 1188.196411 0.000000 0.989548 0.000000 -0.144204 0.351846 0.351846 0.351846
1895.437012 0.000000 1213.553833 0.000000 0.999516 0.000000 0.031092 0.349596 0.349596 0.349596
1885.193848 0.000000 1212.383057 0.000000 0.998442 0.000000 -0.055806 0.350803 0.350803 0.350803
1893.382812 0.000000 1213.753906 0.000000 0.999723 0.000000 -0.023543 0.350335 0.350335 0.350335
1870.324707 0.000000 1210.059814 0.000000 0.962095 0.000000 -0.272716 0.353982 0.353982 0.353982
1880.050781 0.000000 1203.884888 0.000000 0.999907 0.000000 0.013635 0.349786 0.349786 0.349786
1881.702271 0.000000 1211.614136 0.000000 0.982825 0.000000 0.184538 0.347219 0.347219 0.347219
1881.273560 0.000000 1207.100464 0.000000 0.974082 0.000000 -0.226196 0.353649 0.353649 0.353649
1958.465210 0.000000 1154.785278 0.000000 0.988604 0.000000 -0.150539 0.351723 0.351723 0.351723
1956.050049 0.000000 1165.977051 0.000000 0.988094 0.000000 -0.153849 0.351768 0.351768 0.351768
1934.716187 0.000000 1139.421143 0.000000 0.983131 0.000000 -0.182903 0.352122 0.352122 0.352122
1929.095337 0.000000 1141.674927 0.000000 0.951170 0.000000 -0.308669 0.353633 0.353633 0.353633
1957.443237 0.000000 1149.489502 0.000000 0.979001 0.000000 -0.203856 0.352377 0.352377 0.352377
1955.651001 0.000000 1152.629883 0.000000 0.977487 0.000000 0.210997 0.347288 0.347288 0.347288
1958.737793 0.000000 1168.165405 0.000000 0.999936 0.000000 0.011333 0.349855 0.349855 0.349855
1946.002319 0.000000 1143.722900 0.000000 0.962209 0.000000 0.272313 0.346409 0.346409 0.346409
1960.273193 0.000000 1179.903076 0.000000 0.997411 0.000000 0.071905 0.348969 0.348969 0.348969
1962.572388 0.000000 1179.266357 0.000000 0.984259 0.000000 0.176735 0.347477 0.347477 0.347477
1947.908447 0.000000 1135.191040 0.000000 0.999922 0.000000 0.012518 0.349805 0.349805 0.349805
1967.844604 0.000000 1193.282349 0.000000 0.957869 0.000000 0.287206 0.346653 0.346653 0.346653
1956.294800 0.000000 1189.828613 0.000000 0.962439 0.000000 -0.271499 0.353484 0.353484 0.353484
1961.191162 0.000000 1188.302368 0.000000 0.985134 0.000000 -0.171786 0.352414 0.352414 0.352414
1855.419312 0.000000 1264.528320 0.000000 0.998859 0.000000 -0.047764 0.350543 0.350543 0.350543
1828.590088 0.000000 1252.662964 0.000000 0.953079 0.000000 0.302723 0.346439 0.346439 0.346439
1833.606079 0.000000 1280.137695 0.000000 0.999700 0.000000 -0.024483 0.350291 0.350291 0.350291
1854.127319 0.000000 1260.096191 0.000000 0.999870 0.000000 -0.016130 0.350192 0.350192 0.350192
1838.444580 0.000000 1294.018433 0.000000 0.997401 0.000000 0.072057 0.349130 0.349130 0.349130
1847.033203 0.000000 1281.104126 0.000000 0.989423 0.000000 0.145058 0.348187 0.348187 0.348187
1824.693359 0.000000 1294.644531 0.000000 0.999568 0.000000 -0.029399 0.350365 0.350365 0.350365
1832.221680 0.000000 1263.099487 0.000000 0.994329 0.000000 0.106348 0.348641 0.348641 0.348641
1841.495239 0.000000 1242.756348 0.000000 0.961203 0.000000 -0.275842 0.353516 0.353516 0.353516
1799.290405 0.000000 1277.328613 0.000000 0.984362 0.000000 -0.176160 0.352398 0.352398 0.352398
1827.024292 0.000000 1263.228394 0.000000 0.999038 0.000000 0.043865 0.349385 0.349385 0.349385
1805.917725 0.000000 1274.102417 0.000000 0.990088 0.000000 -0.140451 0.351933 0.351933 0.351933
1815.825562 0.000000 1296.576660 0.000000 0.961205 0.000000 -0.275837 0.353895 0.353895 0.353895
1825.051514 0.000000 1274.847778 0.000000 0.998754 0.000000 0.049907 0.349261 0.349261 0.349261
1794.422852 0.000000 1271.055908 0.000000 0.996000 0.000000 0.089354 0.348796 0.348796 0.348796
1792.668579 0.000000 1260.426636 0.000000 0.999245 0.000000 0.038856 0.349462 0.349462 0.349462
1823.860107 0.000000 1290.489746 0.000000 0.997136 0.000000 0.075635 0.348978 0.348978 0.348978
1817.195190 0.000000 1288.232056 0.000000 0.996491 0.000000 0.083704 0.348554 0.348554 0.348554
1814.346924 0.000000 1265.299927 0.000000 0.991532 0.000000 -0.129863 0.351787 0.351787 0.351787
1831.709595 0.000000 1242.658569 0.000000 0.958834 0.000000 -0.283966 0.354340 0.354340 0.354340
1826.286743 0.000000 1246.283936 0.000000 0.985835 0.000000 0.167717 0.347593 0.347593 0.347593
1828.999878 0.000000 1277.337769 0.000000 0.998555 0.000000 0.053731 0.349237 0.349237 0.349237
1795.196289 0.000000 1288.406738 0.000000 0.965812 0.000000 0.259245 0.345990 0.345990 0.345990
1794.240967 0.000000 1284.973633 0.000000 0.983276 0.000000 0.182122 0.347071 0.347071 0.347071
1805.842407 0.000000 1294.134033 0.000000 0.987772 0.000000 0.155905 0.347613 0.347613 0.347613
1813.837891 0.000000 1287.603516 0.000000 0.965057 0.000000 0.262041 0.345031 0.345031 0.345031
1826.022705 0.000000 1264.692017 0.000000 0.985458 0.000000 0.169920 0.347493 0.347493 0.347493
1819.871582 0.000000 1262.723755 0.000000 0.999171 0.000000 0.040703 0.349411 0.349411 0.349411
1802.837524 0.000000 1294.264404 0.000000 0.962931 0.000000 0.269749 0.345955 0.345955 0.345955
1804.416504 0.000000 1284.574219 0.000000 0.991339 0.000000 -0.131328 0.352169 0.352169 0.352169
1819.981201 0.000000 1286.598022 0.000000 0.974653 0.000000 -0.223722 0.353756 0.353756 0.353756
1819.020386 0.000000 1290.864502 0.000000 0.997834 0.000000 -0.065780 0.351081 0.351081 0.351081
1804.826050 0.000000 1281.842407 0.000000 0.970932 0.000000 -0.239356 0.353875 0.353875 0.353875
1826.589355 0.000000 1242.854370 0.000000 0.988532 0.000000 -0.151010 0.352854 0.352854 0.352854
1814.839355 0.000000 1293.221069 0.000000 0.980455 0.000000 -0.196745 0.353158 0.353158 0.353158
1802.169800 0.000000 1283.229980 0.000000 0.979183 0.000000 -0.202982 0.353242 0.353242 0.353242
1856.205078 0.000000 1265.074951 0.000000 0.998965 0.000000 0.045475 0.349440 0.349440 0.349440
1865.939697 0.000000 1257.944702 0.000000 0.972607 0.000000 0.232455 0.347161 0.347161 0.347161
1867.346924 0.000000 1290.620239 0.000000 0.963778 0.000000 -0.266704 0.353586 0.353586 0.353586
1872.687988 0.000000 1277.841431 0.000000 0.995459 0.000000 0.095187 0.348659 0.348659 0.348659
1865.306274 0.000000 1268.330811 0.000000 0.968674 0.000000 0.248336 0.346316 0.346316 0.346316
1874.928345 0.000000 1283.561035 0.000000 0.996760 0.000000 -0.080437 0.351288 0.351288 0.351288
1866.323975 0.000000 1274.149658 0.000000 0.997503 0.000000 -0.070631 0.351016 0.351016 0.351016
1873.260742 0.000000 1285.220581 0.000000 0.983473 0.000000 0.181054 0.347216 0.347216 0.347216
1873.954346 0.000000 1280.680420 0.000000 0.953033 0.000000 0.302866 0.345080 0.345080 0.345080
1859.098755 0.000000 1260.780273 0.000000 0.959683 0.000000 -0.281083 0.354369 0.354369 0.354369
1861.821167 0.000000 1260.262451 0.000000 0.999970 0.000000 -0.007711 0.350123 0.350123 0.350123
1841.916626 0.000000 1316.930664 0.000000 0.997552 0.000000 0.069931 0.349187 0.349187 0.349187
1833.396362 0.000000 1312.899536 0.000000 0.956561 0.000000 -0.291533 0.353528 0.353528 0.353528
1820.263916 0.000000 1308.436646 0.000000 0.962356 0.000000 0.271792 0.346561 0.346561 0.346561
1822.089844 0.000000 1328.075928 0.000000 0.972736 0.000000 -0.231915 0.352863 0.352863 0.352863
1803.269287 0.000000 1308.470703 0.000000 0.977981 0.000000 0.208695 0.347391 0.347391 0.347391
1810.867188 0.000000 1342.104492 0.000000 0.991032 0.000000 -0.133623 0.351704 0.351704 0.351704
1802.448364 0.000000 1302.745605 0.000000 0.999845 0.000000 0.017627 0.349776 0.349776 0.349776
1807.844482 0.000000 1302.267822 0.000000 0.999882 0.000000 -0.015374 0.350195 0.350195 0.350195
1804.244629 0.000000 1349.757202 0.000000 0.987518 0.000000 0.157508 0.347899 0.347899 0.347899
1812.862061 0.000000 1347.807617 0.000000 0.963699 0.000000 -0.266993 0.353389 0.353389 0.353389
1808.434082 0.000000 1329.201782 0.000000 0.998669 0.000000 0.051584 0.349279 0.349279 0.349279
1828.534668 0.000000 1316.318726 0.000000 0.994774 0.000000 -0.102102 0.351399 0.351399 0.351399
1800.000732 0.000000 1303.201904 0.000000 0.976106 0.000000 -0.217295 0.352794 0.352794 0.352794
1823.885010 0.000000 1318.330688 0.000000 0.990802 0.000000 -0.135321 0.351939 0.351939 0.351939
1802.112183 0.000000 1317.294556 0.000000 0.992436 0.000000 -0.122767 0.351769 0.351769 0.351769
1800.162109 0.000000 1318.861450 0.000000 0.986154 0.000000 0.165832 0.347671 0.347671 0.347671
1795.661377 0.000000 1320.214233 0.000000 0.994230 0.000000 -0.107272 0.351437 0.351437 0.351437
1812.672607 0.000000 1318.697998 0.000000 0.973454 0.000000 0.228884 0.346681 0.346681 0.346681
1813.939941 0.000000 1324.473999 0.000000 0.967929 0.000000 0.251225 0.346350 0.346350 0.346350
1807.977173 0.000000 1348.207764 0.000000 0.964472 0.000000 -0.264186 0.353656 0.353656 0.353656
1792.668579 0.000000 1316.911011 0.000000 0.999754 0.000000 -0.022159 0.350319 0.350319 0.350319
1815.989624 0.000000 1312.170410 0.000000 0.978149 0.000000 -0.207905 0.353010 0.353010 0.353010
1814.646118 0.000000 1329.806396 0.000000 0.991732 0.000000 0.128330 0.348212 0.348212 0.348212
1793.798950 0.000000 1349.079712 0.000000 0.998141 0.000000 0.060951 0.349121 0.349121 0.349121
1797.887573 0.000000 1329.969238 0.000000 0.970963 0.000000 -0.239228 0.355024 0.355024 0.355024
1803.119385 0.000000 1352.759766 0.000000 0.985394 0.000000 -0.170287 0.352475 0.352475 0.352475
1807.814819 0.000000 1319.772583 0.000000 0.960796 0.000000 -0.277255 0.354038 0.354038 0.354038
1796.483643 0.000000 1333.570435 0.000000 0.993923 0.000000 0.110076 0.347542 0.347542 0.347542
1822.555786 0.000000 1321.478149 0.000000 0.988800 0.000000 0.149250 0.347847 0.347847 0.347847
1804.884766 0.000000 1346.123047 0.000000 0.953359 0.000000 -0.301840 0.354407 0.354407 0.354407
1798.203369 0.000000 1336.435913 0.000000 0.998396 0.000000 -0.056614 0.351057 0.351057 0.351057
1796.645142 0.000000 1343.754517 0.000000 0.982448 0.000000 0.186537 0.346664 0.346664 0.346664
1803.164307 0.000000 1335.695801 0.000000 0.994544 0.000000 -0.104320 0.352087 0.352087 0.352087
1802.169800 0.000000 1339.714355 0.000000 0.999850 0.000000 -0.017337 0.350299 0.350299 0.350299
1797.906494 0.000000 1325.729370 0.000000 0.974240 0.000000 0.225514 0.346383 0.346383 0.346383
1805.583374 0.000000 1331.909546 0.000000 0.996563 0.000000 -0.082836 0.351402 0.351402 0.351402
1795.718384 0.000000 1327.934570 0.000000 0.998951 0.000000 0.045788 0.349105 0.349105 0.349105
1793.285400 0.000000 1328.252563 0.000000 0.981902 0.000000 -0.189391 0.354246 0.354246 0.354246
1805.509277 0.000000 1336.916870 0.000000 0.969281 0.000000 -0.245955 0.354517 0.354517 0.354517
1792.026367 0.000000 1336.257690 0.000000 0.999820 0.000000 0.018954 0.349578 0.349578 0.349578
1801.007690 0.000000 1335.849731 0.000000 0.999878 0.000000 0.015624 0.349678 0.349678 0.349678
1953.638062 0.000000 1289.424927 0.000000 0.993896 0.000000 -0.110318 0.351343 0.351343 0.351343
1969.605835 0.000000 1295.510132 0.000000 0.987648 0.000000 0.156691 0.348082 0.348082 0.348082
1964.263306 0.000000 1292.831299 0.000000 0.998293 0.000000 0.058403 0.349242 0.349242 0.349242
1957.593018 0.000000 1284.866943 0.000000 0.954644 0.000000 -0.297750 0.353949 0.353949 0.353949
1962.572388 0.000000 1292.235107 0.000000 0.967651 0.000000 -0.252292 0.353967 0.353967 0.353967
1956.710693 0.000000 1292.152832 0.000000 0.983307 0.000000 -0.181954 0.352926 0.352926 0.352926
1957.751831 0.000000 1293.189575 0.000000 0.982394 0.000000 0.186820 0.346995 0.346995 0.346995
1965.233887 0.000000 1325.037964 0.000000 0.998577 0.000000 -0.053324 0.350606 0.350606 0.350606
1946.661499 0.000000 1320.578247 0.000000 0.980263 0.000000 0.197696 0.347652 0.347652 0.347652
1961.396362 0.000000 1312.899536 0.000000 0.992897 0.000000 -0.118973 0.351412 0.351412 0.351412
1949.234741 0.000000 1322.849365 0.000000 0.999392 0.000000 0.034878 0.349563 0.349563 0.349563
1949.587891 0.000000 1318.808350 0.000000 0.956175 0.000000 -0.292795 0.353817 0.353817 0.353817
1937.307007 0.000000 1310.086548 0.000000 0.997060 0.000000 0.076620 0.348945 0.348945 0.348945
1976.373535 0.000000 1299.279053 0.000000 0.985029 0.000000 -0.172389 0.352490 0.352490 0.352490
1973.305176 0.000000 1312.791504 0.000000 0.954355 0.000000 -0.298675 0.354386 0.354386 0.354386
1960.327271 0.000000 1321.412476 0.000000 0.996974 0.000000 -0.077733 0.351299 0.351299 0.351299
1954.022705 0.000000 1321.176392 0.000000 0.984622 0.000000 -0.174700 0.352854 0.352854 0.352854
1965.137695 0.000000 1314.200684 0.000000 0.999967 0.000000 -0.008181 0.350122 0.350122 0.350122
1973.482910 0.000000 1300.462769 0.000000 0.964236 0.000000 0.265044 0.344457 0.344457 0.344457
1968.912598 0.000000 1314.953613 0.000000 0.978575 0.000000 0.205890 0.346648 0.346648 0.346648
1972.297241 0.000000 1307.394531 0.000000 0.997908 0.000000 -0.064642 0.351153 0.351153 0.351153
1215.097656 0.000000 1620.951660 0.000000 0.992474 0.000000 0.122455 0.348552 0.348552 0.348552
1202.569214 0.000000 1637.536255 0.000000 0.952749 0.000000 -0.303758 0.353614 0.353614 0.353614
1188.100952 0.000000 1629.423828 0.000000 0.999949 0.000000 0.010139 0.349866 0.349866 0.349866
1173.388916 0.000000 1624.788330 0.000000 0.991631 0.000000 -0.129102 0.351657 0.351657 0.351657
1178.281006 0.000000 1625.408813 0.000000 0.999965 0.000000 -0.008346 0.350116 0.350116 0.350116
1198.877930 0.000000 1634.985962 0.000000 0.996026 0.000000 -0.089068 0.351329 0.351329 0.351329
1177.195190 0.000000 1627.138306 0.000000 0.988907 0.000000 0.148537 0.347948 0.347948 0.347948
1171.138916 0.000000 1629.226196 0.000000 0.993775 0.000000 -0.111410 0.351517 0.351517 0.351517
1169.040649 0.000000 1634.098022 0.000000 0.992544 0.000000 -0.121886 0.351687 0.351687 0.351687
1175.245850 0.000000 1637.223022 0.000000 0.999906 0.000000 0.013705 0.349798 0.349798 0.349798
1176.941406 0.000000 1631.790161 0.000000 0.987011 0.000000 0.160654 0.347512 0.347512 0.347512
1194.572388 0.000000 1631.141357 0.000000 0.999277 0.000000 0.038015 0.349409 0.349409 0.349409
1178.534668 0.000000 1636.357910 0.000000 0.958198 0.000000 -0.286106 0.354893 0.354893 0.354893
1174.839355 0.000000 1632.127319 0.000000 0.953275 0.000000 -0.302104 0.354881 0.354881 0.354881
1188.175659 0.000000 1636.477173 0.000000 0.978064 0.000000 0.208304 0.346635 0.346635 0.346635
1184.238770 0.000000 1635.100952 0.000000 0.953657 0.000000 -0.300896 0.354834 0.354834 0.354834
1181.699463 0.000000 1637.166016 0.000000 0.978584 0.000000 -0.205850 0.353460 0.353460 0.353460
1189.751831 0.000000 1632.095825 0.000000 0.960940 0.000000 0.276758 0.345222 0.345222 0.345222
1192.984863 0.000000 1635.785889 0.000000 0.999967 0.000000 0.008064 0.349863 0.349863 0.349863
1222.599243 0.000000 1634.663452 0.000000 0.997341 0.000000 -0.072877 0.350832 0.350832 0.350832
1246.662720 0.000000 1627.752930 0.000000 0.990243 0.000000 -0.139351 0.351759 0.351759 0.351759
1256.221680 0.000000 1602.005737 0.000000 0.998597 0.000000 0.052957 0.349333 0.349333 0.349333
1243.115967 0.000000 1600.037720 0.000000 0.983105 0.000000 -0.183043 0.352316 0.352316 0.352316
1222.297607 0.000000 1582.910645 0.000000 0.998945 0.000000 -0.045933 0.350572 0.350572 0.350572
1223.290405 0.000000 1616.234863 0.000000 0.991750 0.000000 -0.128189 0.351629 0.351629 0.351629
1230.569336 0.000000 1615.331299 0.000000 0.999815 0.000000 0.019234 0.349755 0.349755 0.349755
1232.326904 0.000000 1604.229492 0.000000 0.953586 0.000000 -0.301121 0.354276 0.354276 0.354276
1248.249146 0.000000 1609.938232 0.000000 0.978370 0.000000 0.206864 0.347069 0.347069 0.347069
1231.977173 0.000000 1630.629639 0.000000 0.983416 0.000000 0.181363 0.347179 0.347179 0.347179
1234.928345 0.000000 1622.467285 0.000000 0.998331 0.000000 -0.057745 0.351000 0.351000 0.351000
1225.975220 0.000000 1619.074585 0.000000 0.964879 0.000000 0.262695 0.345819 0.345819 0.345819
1247.589478 0.000000 1611.607544 0.000000 0.998954 0.000000 0.045732 0.349229 0.349229 0.349229
1250.989624 0.000000 1613.776855 0.000000 0.971664 0.000000 0.236364 0.346320 0.346320 0.346320
1239.132690 0.000000 1619.511230 0.000000 0.992289 0.000000 -0.123943 0.351927 0.351927 0.351927
1238.173218 0.000000 1620.904053 0.000000 0.953733 0.000000 -0.300655 0.354896 0.354896 0.354896
1236.371582 0.000000 1618.100586 0.000000 0.991061 0.000000 0.133410 0.347796 0.347796 0.347796
1231.107910 0.000000 1616.757446 0.000000 0.956256 0.000000 0.292530 0.345214 0.345214 0.345214
1228.710571 0.000000 1618.296265 0.000000 0.998524 0.000000 -0.054319 0.350978 0.350978 0.350978
1239.405151 0.000000 1610.931641 0.000000 0.996128 0.000000 -0.087919 0.351427 0.351427 0.351427
1226.104736 0.000000 1628.653320 0.000000 0.992996 0.000000 0.118149 0.348096 0.348096 0.348096
1242.272827 0.000000 1609.645874 0.000000 0.953037 0.000000 0.302853 0.345053 0.345053 0.345053
1226.169800 0.000000 1622.136230 0.000000 0.996060 0.000000 -0.088682 0.351563 0.351563 0.351563
1232.139404 0.000000 1620.518555 0.000000 0.998115 0.000000 -0.061379 0.351095 0.351095 0.351095
1244.559937 0.000000 1610.838989 0.000000 0.980240 0.000000 -0.197814 0.353393 0.353393 0.353393
1233.435669 0.000000 1625.476440 0.000000 0.965687 0.000000 -0.259709 0.354327 0.354327 0.354327
1235.856934 0.000000 1619.302490 0.000000 0.972428 0.000000 -0.233202 0.353980 0.353980 0.353980
1209.426636 0.000000 1655.445801 0.000000 0.995684 0.000000 0.092813 0.348940 0.348940 0.348940
1211.875732 0.000000 1652.253052 0.000000 0.996234 0.000000 0.086708 0.348968 0.348968 0.348968
1213.449707 0.000000 1647.533081 0.000000 0.996640 0.000000 0.081910 0.348990 0.348990 0.348990
1206.496216 0.000000 1667.355713 0.000000 0.992430 0.000000 -0.122809 0.351533 0.351533 0.351533
1210.989014 0.000000 1671.680908 0.000000 0.960102 0.000000 0.279651 0.346434 0.346434 0.346434
1178.746094 0.000000 1638.073853 0.000000 0.999710 0.000000 -0.024091 0.350376 0.350376 0.350376
1194.243408 0.000000 1643.931763 0.000000 0.951257 0.000000 0.308399 0.345110 0.345110 0.345110
1221.348755 0.000000 1646.488647 0.000000 0.999507 0.000000 0.031408 0.349628 0.349628 0.349628
1235.958252 0.000000 1644.759399 0.000000 0.981042 0.000000 0.193794 0.347572 0.347572 0.347572
1274.107300 0.000000 1749.731689 0.000000 0.961789 0.000000 -0.273792 0.353490 0.353490 0.353490
1274.875244 0.000000 1751.170166 0.000000 0.957647 0.000000 -0.287944 0.353509 0.353509 0.353509
1295.660034 0.000000 1745.696533 0.000000 0.986343 0.000000 0.164705 0.347875 0.347875 0.347875
1322.478760 0.000000 1720.268311 0.000000 0.982880 0.000000 -0.184245 0.352332 0.352332 0.352332
1345.941895 0.000000 1747.159302 0.000000 0.986951 0.000000 0.161019 0.347732 0.347732 0.347732
1341.061157 0.000000 1751.571899 0.000000 0.955357 0.000000 0.295453 0.346016 0.346016 0.346016
1754.844482 0.000000 1357.342529 0.000000 0.957655 0.000000 0.287920 0.346415 0.346415 0.346415
1788.365845 0.000000 1358.352661 0.000000 0.976336 0.000000 0.216261 0.347171 0.347171 0.347171
1771.550903 0.000000 1362.424805 0.000000 0.995353 0.000000 -0.096293 0.351226 0.351226 0.351226
1778.278564 0.000000 1386.333862 0.000000 0.960873 0.000000 0.276990 0.346420 0.346420 0.346420
1786.107300 0.000000 1410.825439 0.000000 0.968768 0.000000 -0.247969 0.353175 0.353175 0.353175
1764.294800 0.000000 1359.281738 0.000000 0.997425 0.000000 0.071724 0.349090 0.349090 0.349090
1788.880859 0.000000 1378.854736 0.000000 0.996034 0.000000 -0.088977 0.351172 0.351172 0.351172
1787.206421 0.000000 1385.605713 0.000000 0.986544 0.000000 -0.163497 0.352081 0.352081 0.352081
1788.341309 0.000000 1408.792847 0.000000 0.998104 0.000000 -0.061552 0.350786 0.350786 0.350786
1766.352295 0.000000 1404.813477 0.000000 0.981012 0.000000 -0.193946 0.352618 0.352618 0.352618
1778.714722 0.000000 1406.097900 0.000000 0.998673 0.000000 0.051500 0.349309 0.349309 0.349309
1777.258545 0.000000 1393.082031 0.000000 0.998726 0.000000 -0.050461 0.350710 0.350710 0.350710
1785.397339 0.000000 1393.775269 0.000000 0.956341 0.000000 0.292253 0.345931 0.345931 0.345931
1791.211670 0.000000 1366.456787 0.000000 0.951488 0.000000 -0.307686 0.354482 0.354482 0.354482
1767.709595 0.000000 1355.627319 0.000000 0.965598 0.000000 -0.260041 0.353620 0.353620 0.353620
1766.151733 0.000000 1395.948853 0.000000 0.977064 0.000000 0.212948 0.346344 0.346344 0.346344
1775.569580 0.000000 1355.728149 0.000000 0.996879 0.000000 0.078946 0.348871 0.348871 0.348871
1775.125977 0.000000 1394.542114 0.000000 0.967810 0.000000 0.251681 0.346332 0.346332 0.346332
1777.127930 0.000000 1357.452881 0.000000 0.995812 0.000000 -0.091424 0.351292 0.351292 0.351292
1751.097900 0.000000 1374.639404 0.000000 0.990905 0.000000 0.134563 0.347983 0.347983 0.347983
1773.060913 0.000000 1404.567749 0.000000 0.974298 0.000000 0.225264 0.346297 0.346297 0.346297
1748.957153 0.000000 1383.786011 0.000000 0.994898 0.000000 0.100888 0.348327 0.348327 0.348327
1771.522339 0.000000 1397.728760 0.000000 0.998917 0.000000 -0.046537 0.350757 0.350757 0.350757
1765.443237 0.000000 1431.911377 0.000000 0.998461 0.000000 -0.055451 0.350657 0.350657 0.350657
1779.006592 0.000000 1420.554443 0.000000 0.986148 0.000000 0.165868 0.347896 0.347896 0.347896
1773.456909 0.000000 1416.322876 0.000000 0.999045 0.000000 -0.043685 0.350557 0.350557 0.350557
1783.033203 0.000000 1450.557251 0.000000 0.968526 0.000000 0.248911 0.346736 0.346736 0.346736
1766.737793 0.000000 1450.587280 0.000000 0.997909 0.000000 0.064631 0.349189 0.349189 0.349189
1771.550903 0.000000 1418.909180 0.000000 0.982386 0.000000 -0.186864 0.352373 0.352373 0.352373
1782.928345 0.000000 1428.994385 0.000000 0.989877 0.000000 0.141928 0.348183 0.348183 0.348183
1762.304321 0.000000 1428.209229 0.000000 0.964920 0.000000 -0.262543 0.353575 0.353575 0.353575
1758.946777 0.000000 1425.348389 0.000000 0.980738 0.000000 -0.195329 0.352877 0.352877 0.352877
1759.953247 0.000000 1417.784546 0.000000 0.999619 0.000000 -0.027599 0.350441 0.350441 0.350441
1760.870728 0.000000 1419.354858 0.000000 0.996767 0.000000 -0.080346 0.351251 0.351251 0.351251
1763.859863 0.000000 1417.791748 0.000000 0.957133 0.000000 0.289647 0.345301 0.345301 0.345301
1760.356323 0.000000 1424.476196 0.000000 0.981502 0.000000 0.191452 0.347189 0.347189 0.347189
1766.213745 0.000000 1422.122681 0.000000 0.952029 0.000000 -0.306009 0.354796 0.354796 0.354796
1808.020752 0.000000 1399.853271 0.000000 0.992421 0.000000 -0.122888 0.351426 0.351426 0.351426
1846.872192 0.000000 1401.959351 0.000000 0.990119 0.000000 0.140232 0.348383 0.348383 0.348383
1797.348755 0.000000 1364.066772 0.000000 0.981331 0.000000 0.192325 0.347675 0.347675 0.347675
1809.114990 0.000000 1410.184814 0.000000 0.983694 0.000000 -0.179852 0.352133 0.352133 0.352133
1797.963745 0.000000 1376.323975 0.000000 0.991602 0.000000 -0.129326 0.351654 0.351654 0.351654
1818.772095 0.000000 1405.535278 0.000000 0.973499 0.000000 -0.228693 0.352913 0.352913 0.352913
1803.269287 0.000000 1364.955078 0.000000 0.961216 0.000000 0.275796 0.346435 0.346435 0.346435
1807.660034 0.000000 1406.790283 0.000000 0.992833 0.000000 -0.119512 0.351523 0.351523 0.351523
1805.152710 0.000000 1400.856079 0.000000 0.975641 0.000000 0.219373 0.347188 0.347188 0.347188
1792.956543 0.000000 1396.744873 0.000000 0.989612 0.000000 -0.143764 0.351840 0.351840 0.351840
1796.206177 0.000000 1357.879883 0.000000 0.998223 0.000000 0.059589 0.349117 0.349117 0.349117
1807.977173 0.000000 1404.692139 0.000000 0.999971 0.000000 0.007661 0.349898 0.349898 0.349898
1809.373657 0.000000 1355.731445 0.000000 0.987183 0.000000 0.159593 0.347738 0.347738 0.347738
1811.138916 0.000000 1403.288696 0.000000 0.967636 0.000000 -0.252350 0.353700 0.353700 0.353700
1802.685181 0.000000 1357.588257 0.000000 0.977884 0.000000 -0.209148 0.353130 0.353130 0.353130
1805.791260 0.000000 1355.677612 0.000000 0.997478 0.000000 0.070978 0.348864 0.348864 0.348864
1798.787476 0.000000 1360.516479 0.000000 0.966390 0.000000 0.257080 0.345786 0.345786 0.345786
1865.163696 0.000000 1394.925781 0.000000 0.995027 0.000000 -0.099604 0.351173 0.351173 0.351173
1860.219482 0.000000 1388.259155 0.000000 0.995360 0.000000 -0.096221 0.351183 0.351183 0.351183
1908.391968 0.000000 1404.011719 0.000000 0.965265 0.000000 -0.261272 0.353338 0.353338 0.353338
1899.534790 0.000000 1371.614746 0.000000 0.999856 0.000000 -0.016956 0.350216 0.350216 0.350216
1899.550903 0.000000 1362.424805 0.000000 0.997995 0.000000 0.063296 0.349192 0.349192 0.349192
1898.478760 0.000000 1381.362061 0.000000 0.964305 0.000000 0.264794 0.346476 0.346476 0.346476
1882.516602 0.000000 1394.403931 0.000000 0.993982 0.000000 0.109545 0.348480 0.348480 0.348480
1863.626831 0.000000 1401.975220 0.000000 0.995446 0.000000 0.095327 0.348757 0.348757 0.348757
1872.434082 0.000000 1385.686157 0.000000 0.981492 0.000000 -0.191501 0.352500 0.352500 0.352500
1875.150757 0.000000 1389.386597 0.000000 0.981710 0.000000 0.190384 0.347498 0.347498 0.347498
1886.667969 0.000000 1392.006348 0.000000 0.996180 0.000000 0.087321 0.348854 0.348854 0.348854
1905.258545 0.000000 1393.082031 0.000000 0.999091 0.000000 0.042634 0.349421 0.349421 0.349421
1899.827026 0.000000 1393.811768 0.000000 0.990640 0.000000 -0.136499 0.351872 0.351872 0.351872
1857.116211 0.000000 1392.124268 0.000000 0.998988 0.000000 0.044968 0.349332 0.349332 0.349332
1900.435303 0.000000 1391.600098 0.000000 0.965643 0.000000 0.259874 0.346221 0.346221 0.346221
1870.936279 0.000000 1402.196899 0.000000 0.952971 0.000000 0.303060 0.345507 0.345507 0.345507
1902.922729 0.000000 1390.946289 0.000000 0.997972 0.000000 -0.063658 0.350935 0.350935 0.350935
1867.621582 0.000000 1401.548584 0.000000 0.982948 0.000000 0.183886 0.347043 0.347043 0.347043
1876.586182 0.000000 1394.928955 0.000000 0.986025 0.000000 0.166598 0.346914 0.346914 0.346914
1873.638672 0.000000 1396.923462 0.000000 0.957617 0.000000 -0.288044 0.356242 0.356242 0.356242
1868.848267 0.000000 1399.528076 0.000000 0.973045 0.000000 -0.230614 0.354606 0.354606 0.354606
1817.550537 0.000000 1423.710815 0.000000 0.982195 0.000000 0.187866 0.347787 0.347787 0.347787
1804.652466 0.000000 1437.536255 0.000000 0.984926 0.000000 0.172974 0.347851 0.347851 0.347851
1845.811401 0.000000 1453.408447 0.000000 0.953605 0.000000 -0.301059 0.353701 0.353701 0.353701
1815.871582 0.000000 1451.590454 0.000000 0.968571 0.000000 0.248739 0.346793 0.346793 0.346793
1794.492065 0.000000 1415.698975 0.000000 0.994913 0.000000 -0.100741 0.351287 0.351287 0.351287
1803.714111 0.000000 1450.112549 0.000000 0.973282 0.000000 0.229614 0.347044 0.347044 0.347044
1842.542358 0.000000 1417.907959 0.000000 0.988409 0.000000 -0.151816 0.351944 0.351944 0.351944
1808.405029 0.000000 1449.664429 0.000000 0.965189 0.000000 -0.261555 0.353769 0.353769 0.353769
1807.784668 0.000000 1453.932007 0.000000 0.977774 0.000000 -0.209663 0.352796 0.352796 0.352796
1810.931519 0.000000 1443.435547 0.000000 0.988284 0.000000 -0.152629 0.352249 0.352249 0.352249
1836.435303 0.000000 1448.084473 0.000000 0.967540 0.000000 0.252718 0.346462 0.346462 0.346462
1810.130249 0.000000 1457.202637 0.000000 0.999994 0.000000 0.003487 0.349954 0.349954 0.349954
1811.258667 0.000000 1451.002930 0.000000 0.967340 0.000000 0.253481 0.346383 0.346383 0.346383
1808.326904 0.000000 1434.776367 0.000000 0.997797 0.000000 -0.066335 0.350919 0.350919 0.350919
1814.646118 0.000000 1442.775146 0.000000 0.999436 0.000000 -0.033591 0.350586 0.350586 0.350586
1829.382812 0.000000 1439.691406 0.000000 0.999972 0.000000 0.007450 0.349840 0.349840 0.349840
1820.897827 0.000000 1433.748291 0.000000 0.984479 0.000000 0.175502 0.346516 0.346516 0.346516
1828.267090 0.000000 1437.000122 0.000000 0.966042 0.000000 0.258386 0.344177 0.344177 0.344177
1836.434570 0.000000 1423.888062 0.000000 0.954857 0.000000 0.297067 0.345665 0.345665 0.345665
1841.818970 0.000000 1438.857056 0.000000 0.962342 0.000000 0.271841 0.345345 0.345345 0.345345
1814.346924 0.000000 1434.753052 0.000000 0.968046 0.000000 0.250771 0.346146 0.346146 0.346146
1841.878906 0.000000 1424.453247 0.000000 0.999912 0.000000 0.013264 0.349818 0.349818 0.349818
1825.555908 0.000000 1438.783691 0.000000 0.999400 0.000000 0.034641 0.349494 0.349494 0.349494
1828.762085 0.000000 1433.614502 0.000000 0.988164 0.000000 -0.153402 0.353432 0.353432 0.353432
1837.502441 0.000000 1434.470215 0.000000 0.952498 0.000000 -0.304546 0.355408 0.355408 0.355408
1825.168701 0.000000 1432.401611 0.000000 0.973333 0.000000 -0.229395 0.355066 0.355066 0.355066
1822.429565 0.000000 1437.284302 0.000000 0.991213 0.000000 0.132272 0.347432 0.347432 0.347432
1817.662842 0.000000 1434.904663 0.000000 0.970042 0.000000 0.242938 0.345733 0.345733 0.345733
1833.913086 0.000000 1429.504150 0.000000 0.989718 0.000000 0.143035 0.347692 0.347692 0.347692
1834.833130 0.000000 1436.342163 0.000000 0.972018 0.000000 0.234905 0.344717 0.344717 0.344717
1831.139160 0.000000 1435.837036 0.000000 0.986387 0.000000 0.164440 0.346319 0.346319 0.346319
1812.461060 0.000000 1443.333984 0.000000 0.999885 0.000000 -0.015165 0.350244 0.350244 0.350244
1821.330444 0.000000 1428.216553 0.000000 0.953427 0.000000 -0.301625 0.354873 0.354873 0.354873
1824.928833 0.000000 1428.100586 0.000000 1.000000 0.000000 0.000031 0.349999 0.349999 0.349999
1837.534546 0.000000 1447.130859 0.000000 0.968640 0.000000 0.248469 0.345425 0.345425 0.345425
1837.479614 0.000000 1436.648926 0.000000 0.993728 0.000000 -0.111828 0.352365 0.352365 0.352365
1834.334229 0.000000 1439.203003 0.000000 0.984227 0.000000 -0.176909 0.353963 0.353963 0.353963
1833.289551 0.000000 1437.522217 0.000000 0.999599 0.000000 -0.028335 0.350631 0.350631 0.350631
1826.155762 0.000000 1431.662354 0.000000 0.993877 0.000000 -0.110493 0.352104 0.352104 0.352104
1833.059570 0.000000 1435.427002 0.000000 0.996549 0.000000 -0.083005 0.351852 0.351852 0.351852
1869.467529 0.000000 1427.664673 0.000000 0.986095 0.000000 0.166180 0.348103 0.348103 0.348103
1881.268799 0.000000 1428.518555 0.000000 0.998124 0.000000 0.061227 0.349301 0.349301 0.349301
1884.263916 0.000000 1421.405396 0.000000 0.998714 0.000000 -0.050704 0.350647 0.350647 0.350647
1856.205078 0.000000 1434.528076 0.000000 0.993911 0.000000 -0.110183 0.351404 0.351404 0.351404
1871.212769 0.000000 1424.562744 0.000000 0.990494 0.000000 0.137553 0.348288 0.348288 0.348288
1858.759888 0.000000 1421.223999 0.000000 0.996049 0.000000 -0.088806 0.351158 0.351158 0.351158
1860.637939 0.000000 1430.682129 0.000000 0.987963 0.000000 0.154692 0.347951 0.347951 0.347951
1871.571045 0.000000 1418.721924 0.000000 0.993084 0.000000 0.117407 0.348293 0.348293 0.348293
1884.442627 0.000000 1412.126831 0.000000 0.993664 0.000000 -0.112390 0.351648 0.351648 0.351648
1890.286743 0.000000 1415.737061 0.000000 0.979604 0.000000 -0.200938 0.352864 0.352864 0.352864
1864.096313 0.000000 1414.294434 0.000000 0.965293 0.000000 0.261169 0.346213 0.346213 0.346213
2012.263916 0.000000 1421.405396 0.000000 0.998100 0.000000 0.061623 0.349240 0.349240 0.349240
2010.616211 0.000000 1436.191772 0.000000 0.999913 0.000000 0.013170 0.349821 0.349821 0.349821
2029.452271 0.000000 1440.679199 0.000000 0.985923 0.000000 0.167198 0.347864 0.347864 0.347864
2023.437012 0.000000 1439.491333 0.000000 0.956931 0.000000 0.290315 0.346242 0.346242 0.346242
2019.024292 0.000000 1432.681519 0.000000 0.983923 0.000000 0.178592 0.347623 0.347623 0.347623
2018.304321 0.000000 1428.209229 0.000000 0.982067 0.000000 0.188530 0.347431 0.347431 0.347431
2008.281860 0.000000 1434.124512 0.000000 0.997814 0.000000 -0.066084 0.350925 0.350925 0.350925
1993.306274 0.000000 1437.783936 0.000000 1.000000 0.000000 0.000346 0.349995 0.349995 0.349995
2023.451416 0.000000 1427.104858 0.000000 0.997543 0.000000 -0.070055 0.350950 0.350950 0.350950
1995.945557 0.000000 1434.177856 0.000000 0.999997 0.000000 -0.002244 0.350033 0.350033 0.350033
1902.584106 0.000000 2195.186768 0.000000 0.966675 0.000000 0.256006 0.346471 0.346471 0.346471
1290.587402 0.000000 2442.108398 0.000000 0.997757 0.000000 -0.066937 0.351168 0.351168 0.351168
1722.107300 0.000000 2653.481689 0.000000 0.998037 0.000000 0.062627 0.349222 0.349222 0.349222
1714.714722 0.000000 2648.754150 0.000000 0.999157 0.000000 0.041041 0.349453 0.349453 0.349453
1725.048584 0.000000 2637.546631 0.000000 0.994064 0.000000 -0.108798 0.351486 0.351486 0.351486
1694.899414 0.000000 2651.143066 0.000000 0.999296 0.000000 0.037521 0.349470 0.349470 0.349470
1714.704468 0.000000 2646.205322 0.000000 0.988757 0.000000 -0.149528 0.352230 0.352230 0.352230
1744.020752 0.000000 2642.509521 0.000000 0.993208 0.000000 -0.116356 0.351340 0.351340 0.351340
1729.469238 0.000000 2652.829346 0.000000 0.994635 0.000000 -0.103445 0.351222 0.351222 0.351222
1741.646240 0.000000 2639.027588 0.000000 0.962533 0.000000 0.271164 0.346665 0.346665 0.346665
1756.691528 0.000000 2646.373535 0.000000 0.994810 0.000000 0.101753 0.348651 0.348651 0.348651
1741.897339 0.000000 2641.389160 0.000000 0.970173 0.000000 0.242415 0.346609 0.346609 0.346609
1760.929810 0.000000 2654.758789 0.000000 0.989703 0.000000 -0.143138 0.352046 0.352046 0.352046
1728.004639 0.000000 2651.595215 0.000000 0.999991 0.000000 -0.004168 0.350059 0.350059 0.350059
1741.842407 0.000000 2649.759033 0.000000 0.986852 0.000000 -0.161626 0.352419 0.352419 0.352419
1738.837524 0.000000 2649.889404 0.000000 0.975510 0.000000 0.219955 0.346551 0.346551 0.346551
1734.734985 0.000000 2648.335205 0.000000 0.992447 0.000000 0.122677 0.347765 0.347765 0.347765
1681.114990 0.000000 2709.325439 0.000000 0.971391 0.000000 -0.237486 0.352870 0.352870 0.352870
1708.877319 0.000000 2688.552490 0.000000 0.964110 0.000000 0.265504 0.346689 0.346689 0.346689
1711.152222 0.000000 2700.236328 0.000000 0.951119 0.000000 -0.308825 0.353800 0.353800 0.353800
1686.343750 0.000000 2672.157959 0.000000 0.991011 0.000000 -0.133779 0.351665 0.351665 0.351665
1689.163940 0.000000 2710.625000 0.000000 0.966332 0.000000 -0.257298 0.353388 0.353388 0.353388
1706.451904 0.000000 2689.699707 0.000000 0.999909 0.000000 -0.013464 0.350175 0.350175 0.350175
1678.569336 0.000000 2688.534424 0.000000 0.980750 0.000000 0.195266 0.347330 0.347330 0.347330
1686.697754 0.000000 2701.284180 0.000000 0.990926 0.000000 -0.134411 0.351791 0.351791 0.351791
1711.774780 0.000000 2673.954102 0.000000 0.960764 0.000000 0.277367 0.345997 0.345997 0.345997
1683.281494 0.000000 2710.420166 0.000000 0.987326 0.000000 -0.158708 0.352214 0.352214 0.352214
1701.593018 0.000000 2696.976318 0.000000 0.968322 0.000000 -0.249703 0.353561 0.353561 0.353561
1710.967163 0.000000 2670.142578 0.000000 0.983696 0.000000 -0.179838 0.352481 0.352481 0.352481
1682.112671 0.000000 2680.957275 0.000000 0.973673 0.000000 0.227949 0.346936 0.346936 0.346936
1683.258667 0.000000 2693.659180 0.000000 0.997088 0.000000 0.076259 0.348879 0.348879 0.348879
1687.342529 0.000000 2670.276367 0.000000 0.987449 0.000000 -0.157936 0.352197 0.352197 0.352197
1675.631714 0.000000 2671.281982 0.000000 0.982694 0.000000 0.185235 0.346842 0.346842 0.346842
1681.646729 0.000000 2674.090332 0.000000 0.981934 0.000000 -0.189222 0.353593 0.353593 0.353593
1708.596680 0.000000 2673.717041 0.000000 0.998010 0.000000 0.063051 0.348972 0.348972 0.348972
1679.288574 0.000000 2669.303711 0.000000 0.990003 0.000000 -0.141043 0.352751 0.352751 0.352751
1683.108398 0.000000 2664.742676 0.000000 0.965208 0.000000 -0.261482 0.354427 0.354427 0.354427
1677.989746 0.000000 2681.680176 0.000000 0.999803 0.000000 0.019859 0.349570 0.349570 0.349570
1698.455933 0.000000 2699.718506 0.000000 0.975324 0.000000 0.220780 0.346820 0.346820 0.346820
1674.587402 0.000000 2668.045898 0.000000 0.997362 0.000000 -0.072588 0.351257 0.351257 0.351257
1678.853149 0.000000 2671.667480 0.000000 0.951247 0.000000 -0.308431 0.356219 0.356219 0.356219
1675.020874 0.000000 2666.007812 0.000000 0.985593 0.000000 -0.169132 0.352940 0.352940 0.352940
1727.474121 0.000000 2699.989990 0.000000 0.954764 0.000000 -0.297365 0.354511 0.354511 0.354511
1703.873657 0.000000 2691.553223 0.000000 0.969430 0.000000 -0.245367 0.354170 0.354170 0.354170
1699.805054 0.000000 2673.679932 0.000000 0.999697 0.000000 0.024611 0.349600 0.349600 0.349600
1684.110352 0.000000 2668.403320 0.000000 0.967858 0.000000 0.251499 0.345990 0.345990 0.345990
1694.270752 0.000000 2664.042480 0.000000 0.994929 0.000000 -0.100584 0.351664 0.351664 0.351664
1705.985107 0.000000 2675.702148 0.000000 0.987941 0.000000 -0.154832 0.352465 0.352465 0.352465
1704.327271 0.000000 2677.037598 0.000000 0.958878 0.000000 0.283819 0.345864 0.345864 0.345864
1699.859863 0.000000 2660.447998 0.000000 0.982912 0.000000 0.184078 0.346724 0.346724 0.346724
1694.385010 0.000000 2696.360352 0.000000 0.991526 0.000000 -0.129908 0.352299 0.352299 0.352299
1677.681030 0.000000 2668.538330 0.000000 0.984160 0.000000 0.177285 0.346441 0.346441 0.346441
1681.241333 0.000000 2672.396973 0.000000 0.999421 0.000000 -0.034021 0.350670 0.350670 0.350670
1695.343506 0.000000 2697.902344 0.000000 0.997724 0.000000 -0.067436 0.351191 0.351191 0.351191
1721.560059 0.000000 2705.409668 0.000000 0.963866 0.000000 0.266388 0.346054 0.346054 0.346054
1676.622803 0.000000 2678.397217 0.000000 0.979694 0.000000 0.200500 0.345881 0.345881 0.345881
1718.766602 0.000000 2699.366211 0.000000 0.996425 0.000000 0.084487 0.348585 0.348585 0.348585
1703.006714 0.000000 2674.169434 0.000000 0.999640 0.000000 -0.026843 0.350432 0.350432 0.350432
1705.913086 0.000000 2672.160400 0.000000 0.999358 0.000000 -0.035822 0.350636 0.350636 0.350636
1681.981812 0.000000 2684.677734 0.000000 0.990197 0.000000 -0.139675 0.352994 0.352994 0.352994
1720.531372 0.000000 2710.226562 0.000000 0.988934 0.000000 0.148355 0.347573 0.347573 0.347573
1694.746948 0.000000 2656.353760 0.000000 0.994449 0.000000 -0.105216 0.352091 0.352091 0.352091
1723.498169 0.000000 2701.799561 0.000000 0.999797 0.000000 -0.020129 0.350327 0.350327 0.350327
1721.142822 0.000000 2698.544189 0.000000 0.955556 0.000000 0.294810 0.344992 0.344992 0.344992
1683.827271 0.000000 2687.267090 0.000000 0.964549 0.000000 0.263904 0.345566 0.345566 0.345566
1699.134155 0.000000 2672.067139 0.000000 0.956954 0.000000 -0.290239 0.354786 0.354786 0.354786
1693.169556 0.000000 2658.365234 0.000000 0.994647 0.000000 0.103330 0.347703 0.347703 0.347703
1674.621582 0.000000 2681.981689 0.000000 0.987786 0.000000 -0.155817 0.353049 0.353049 0.353049
1677.189331 0.000000 2682.806396 0.000000 0.972887 0.000000 -0.231280 0.355068 0.355068 0.355068
1696.756958 0.000000 2694.387695 0.000000 0.985481 0.000000 0.169784 0.346705 0.346705 0.346705
1693.531982 0.000000 2655.609375 0.000000 0.991269 0.000000 0.131858 0.347469 0.347469 0.347469
1691.964233 0.000000 2657.475098 0.000000 0.984754 0.000000 -0.173951 0.353751 0.353751 0.353751
1701.055908 0.000000 2668.208740 0.000000 0.999146 0.000000 0.041312 0.349211 0.349211 0.349211
1702.330078 0.000000 2669.113770 0.000000 0.998645 0.000000 0.052035 0.348976 0.348976 0.348976
1695.716553 0.000000 2696.537842 0.000000 0.988514 0.000000 -0.151126 0.352678 0.352678 0.352678
1676.303711 0.000000 2683.719971 0.000000 0.997341 0.000000 0.072876 0.348416 0.348416 0.348416
1686.916016 0.000000 2661.011719 0.000000 0.995742 0.000000 0.092185 0.348177 0.348177 0.348177
1679.627930 0.000000 2678.515381 0.000000 0.962764 0.000000 0.270342 0.344714 0.344714 0.344714
1696.915405 0.000000 2695.681152 0.000000 0.997952 0.000000 0.063966 0.348764 0.348764 0.348764
1679.370850 0.000000 2676.570557 0.000000 0.999948 0.000000 -0.010216 0.350208 0.350208 0.350208
1679.303955 0.000000 2670.549072 0.000000 0.957415 0.000000 -0.288717 0.355809 0.355809 0.355809
1677.407227 0.000000 2675.646973 0.000000 0.993917 0.000000 -0.110127 0.352237 0.352237 0.352237
1779.521606 0.000000 2682.774414 0.000000 0.997334 0.000000 0.072969 0.349129 0.349129 0.349129
1764.219849 0.000000 2694.923096 0.000000 0.993279 0.000000 0.115746 0.348586 0.348586 0.348586
1784.270874 0.000000 2675.275391 0.000000 0.962951 0.000000 -0.269675 0.353388 0.353388 0.353388
1754.616211 0.000000 2678.848145 0.000000 0.992236 0.000000 0.124365 0.348404 0.348404 0.348404
1755.115234 0.000000 2684.049316 0.000000 0.974820 0.000000 0.222993 0.347003 0.347003 0.347003
1759.881958 0.000000 2657.415039 0.000000 0.999722 0.000000 0.023559 0.349691 0.349691 0.349691
1758.667969 0.000000 2691.146973 0.000000 0.955372 0.000000 -0.295406 0.354271 0.354271 0.354271
1762.794434 0.000000 2693.025146 0.000000 0.974856 0.000000 -0.222836 0.352906 0.352906 0.352906
1768.581299 0.000000 2685.030029 0.000000 0.996615 0.000000 -0.082204 0.351100 0.351100 0.351100
1768.632446 0.000000 2694.400879 0.000000 0.973482 0.000000 -0.228764 0.353227 0.353227 0.353227
1768.507935 0.000000 2679.187988 0.000000 0.998477 0.000000 -0.055169 0.350813 0.350813 0.350813
1785.361084 0.000000 2667.554932 0.000000 0.994873 0.000000 -0.101131 0.351514 0.351514 0.351514
1759.429199 0.000000 2678.693848 0.000000 0.982113 0.000000 0.188295 0.346797 0.346797 0.346797
1777.818970 0.000000 2681.513428 0.000000 0.999681 0.000000 0.025247 0.349624 0.349624 0.349624
1749.078003 0.000000 2656.893311 0.000000 0.955262 0.000000 -0.295760 0.354119 0.354119 0.354119
1767.709595 0.000000 2654.767822 0.000000 0.992846 0.000000 0.119401 0.348201 0.348201 0.348201
1766.151733 0.000000 2695.089355 0.000000 0.989547 0.000000 -0.144212 0.352023 0.352023 0.352023
1756.327393 0.000000 2682.584229 0.000000 0.955459 0.000000 -0.295124 0.354804 0.354804 0.354804
1762.022705 0.000000 2676.801270 0.000000 0.989287 0.000000 -0.145983 0.352746 0.352746 0.352746
1773.746216 0.000000 2674.901611 0.000000 0.982174 0.000000 0.187972 0.347224 0.347224 0.347224
1758.604736 0.000000 2688.045898 0.000000 0.972125 0.000000 -0.234463 0.353443 0.353443 0.353443
1765.460205 0.000000 2686.100830 0.000000 0.967591 0.000000 -0.252524 0.353781 0.353781 0.353781
1770.998291 0.000000 2691.432617 0.000000 0.996414 0.000000 0.084606 0.348694 0.348694 0.348694
1766.613281 0.000000 2675.636475 0.000000 0.958425 0.000000 -0.285346 0.355322 0.355322 0.355322
1786.513306 0.000000 2668.461914 0.000000 0.977625 0.000000 -0.210355 0.353565 0.353565 0.353565
1786.884155 0.000000 2670.049072 0.000000 0.954959 0.000000 -0.296739 0.355041 0.355041 0.355041
1776.071899 0.000000 2678.525391 0.000000 0.999602 0.000000 -0.028202 0.350504 0.350504 0.350504
1805.066528 0.000000 2651.497559 0.000000 0.958646 0.000000 0.284600 0.346659 0.346659 0.346659
1815.427856 0.000000 2647.276611 0.000000 0.980302 0.000000 -0.197507 0.352302 0.352302 0.352302
1824.344604 0.000000 2693.083252 0.000000 0.966203 0.000000 -0.257783 0.353189 0.353189 0.353189
1809.116211 0.000000 2702.013184 0.000000 0.990404 0.000000 -0.138204 0.351720 0.351720 0.351720
1808.434082 0.000000 2684.826904 0.000000 0.956016 0.000000 0.293313 0.345838 0.345838 0.345838
1820.691528 0.000000 2702.857910 0.000000 0.958336 0.000000 -0.285642 0.353797 0.353797 0.353797
1823.881958 0.000000 2657.415039 0.000000 0.996906 0.000000 0.078602 0.348969 0.348969 0.348969
1812.471069 0.000000 2676.591309 0.000000 0.987610 0.000000 0.156927 0.347866 0.347866 0.347866
1818.281006 0.000000 2698.612061 0.000000 0.999938 0.000000 -0.011169 0.350151 0.350151 0.350151
1807.784668 0.000000 2696.588379 0.000000 0.960525 0.000000 0.278195 0.346059 0.346059 0.346059
1811.258667 0.000000 2693.659180 0.000000 0.981949 0.000000 0.189146 0.347340 0.347340 0.347340
1816.196777 0.000000 2661.033691 0.000000 0.988112 0.000000 -0.153736 0.352286 0.352286 0.352286
1815.052002 0.000000 2657.813477 0.000000 0.999281 0.000000 -0.037923 0.350532 0.350532 0.350532
1819.430664 0.000000 2666.793213 0.000000 0.964088 0.000000 0.265584 0.346183 0.346183 0.346183
1712.587158 0.000000 2762.176025 0.000000 0.981613 0.000000 0.190883 0.347080 0.347080 0.347080
1710.877930 0.000000 2764.673584 0.000000 0.997937 0.000000 -0.064197 0.351187 0.351187 0.351187
1716.116699 0.000000 2713.580811 0.000000 0.988949 0.000000 -0.148256 0.352412 0.352412 0.352412
1685.078003 0.000000 2713.377686 0.000000 0.967769 0.000000 0.251840 0.345885 0.345885 0.345885
1718.278564 0.000000 2711.281982 0.000000 0.994677 0.000000 -0.103043 0.351831 0.351831 0.351831
1718.407227 0.000000 2764.285645 0.000000 0.967262 0.000000 0.253781 0.346222 0.346222 0.346222
1722.833618 0.000000 2714.515625 0.000000 0.989647 0.000000 -0.143523 0.352429 0.352429 0.352429
1690.472168 0.000000 2714.483643 0.000000 0.977970 0.000000 -0.208748 0.353850 0.353850 0.353850
1691.479858 0.000000 2725.608887 0.000000 0.997762 0.000000 0.066871 0.348968 0.348968 0.348968
1716.032959 0.000000 2767.013428 0.000000 0.981072 0.000000 0.193643 0.346637 0.346637 0.346637
1688.171021 0.000000 2722.750977 0.000000 0.951339 0.000000 0.308145 0.344539 0.344539 0.344539
1692.146240 0.000000 2712.610596 0.000000 0.953147 0.000000 0.302508 0.344777 0.344777 0.344777
1717.852051 0.000000 2765.516357 0.000000 0.998559 0.000000 0.053669 0.349085 0.349085 0.349085
1738.748779 0.000000 2753.442871 0.000000 0.997998 0.000000 0.063245 0.349226 0.349226 0.349226
1749.078003 0.000000 2713.377686 0.000000 0.997675 0.000000 0.068146 0.348763 0.348763 0.348763
1740.800293 0.000000 2721.812744 0.000000 0.977572 0.000000 0.210602 0.346709 0.346709 0.346709
1743.104492 0.000000 2716.102051 0.000000 0.956265 0.000000 -0.292502 0.354591 0.354591 0.354591
1774.145630 0.000000 2755.072998 0.000000 0.990477 0.000000 -0.137678 0.352046 0.352046 0.352046
1741.156372 0.000000 2720.186523 0.000000 0.980973 0.000000 -0.194142 0.353030 0.353030 0.353030
1732.645142 0.000000 2755.863770 0.000000 0.999332 0.000000 -0.036542 0.350572 0.350572 0.350572
1734.432007 0.000000 2757.142578 0.000000 0.993462 0.000000 0.114166 0.348005 0.348005 0.348005
1724.870728 0.000000 2775.126953 0.000000 0.999469 0.000000 0.032597 0.349551 0.349551 0.349551
1718.278564 0.000000 2767.766357 0.000000 0.985711 0.000000 -0.168446 0.352610 0.352610 0.352610
1714.757324 0.000000 2769.082520 0.000000 0.996547 0.000000 -0.083034 0.351318 0.351318 0.351318
1726.061768 0.000000 2775.922607 0.000000 0.982669 0.000000 -0.185367 0.353079 0.353079 0.353079
1726.648682 0.000000 2772.700928 0.000000 0.961667 0.000000 -0.274220 0.355024 0.355024 0.355024
1748.471069 0.000000 2789.560059 0.000000 0.992135 0.000000 -0.125173 0.351607 0.351607 0.351607
1783.341309 0.000000 2819.026367 0.000000 0.999996 0.000000 0.002873 0.349961 0.349961 0.349961
1775.881714 0.000000 2780.466797 0.000000 0.991964 0.000000 -0.126517 0.352538 0.352538 0.352538
1778.464111 0.000000 2783.662842 0.000000 0.992707 0.000000 -0.120552 0.352693 0.352693 0.352693
1766.058228 0.000000 2784.036865 0.000000 0.981644 0.000000 0.190725 0.346579 0.346579 0.346579
1782.224854 0.000000 2782.913086 0.000000 0.978915 0.000000 -0.204269 0.353469 0.353469 0.353469
1769.913086 0.000000 2785.129150 0.000000 0.983652 0.000000 0.180079 0.346329 0.346329 0.346329
1772.925659 0.000000 2784.301758 0.000000 0.983284 0.000000 -0.182080 0.354080 0.354080 0.354080
1770.374146 0.000000 2780.379150 0.000000 0.956708 0.000000 0.291051 0.344955 0.344955 0.344955
1776.912598 0.000000 2783.547363 0.000000 0.993312 0.000000 0.115460 0.347422 0.347422 0.347422
1775.139038 0.000000 2781.652588 0.000000 0.973763 0.000000 0.227564 0.345406 0.345406 0.345406
1779.522583 0.000000 2784.420898 0.000000 0.953308 0.000000 -0.302001 0.356836 0.356836 0.356836
1780.335327 0.000000 2782.209961 0.000000 0.999039 0.000000 -0.043833 0.350898 0.350898 0.350898
1809.626343 0.000000 2716.459473 0.000000 0.980828 0.000000 0.194877 0.347686 0.347686 0.347686
1792.522339 0.000000 2726.952148 0.000000 0.997533 0.000000 0.070203 0.349131 0.349131 0.349131
1804.424805 0.000000 2729.669678 0.000000 0.976269 0.000000 -0.216562 0.352766 0.352766 0.352766
1804.406494 0.000000 2712.198242 0.000000 0.972529 0.000000 -0.232781 0.353120 0.353120 0.353120
1801.640015 0.000000 2744.477051 0.000000 0.999780 0.000000 0.020987 0.349702 0.349702 0.349702
1794.523438 0.000000 2725.664795 0.000000 0.978053 0.000000 0.208357 0.346864 0.346864 0.346864
1800.383423 0.000000 2733.113770 0.000000 0.952141 0.000000 -0.305660 0.354343 0.354343 0.354343
1794.422852 0.000000 2739.649658 0.000000 0.986761 0.000000 0.162180 0.347658 0.347658 0.347658
1820.806519 0.000000 2761.613037 0.000000 0.960591 0.000000 -0.277967 0.353889 0.353889 0.353889
1800.084595 0.000000 2726.885010 0.000000 0.974430 0.000000 -0.224690 0.353168 0.353168 0.353168
1793.194214 0.000000 2720.524414 0.000000 0.968441 0.000000 -0.249242 0.353995 0.353995 0.353995
1836.084717 0.000000 2798.478271 0.000000 0.996767 0.000000 0.080352 0.349023 0.349023 0.349023
1830.885986 0.000000 2811.895996 0.000000 0.999937 0.000000 -0.011232 0.350147 0.350147 0.350147
1855.545410 0.000000 2799.693359 0.000000 0.992180 0.000000 -0.124813 0.351657 0.351657 0.351657
1792.164185 0.000000 2824.073486 0.000000 0.991376 0.000000 -0.131046 0.351780 0.351780 0.351780
1841.077515 0.000000 2800.122314 0.000000 0.981694 0.000000 0.190463 0.347321 0.347321 0.347321
1817.195190 0.000000 2813.310059 0.000000 0.999908 0.000000 0.013545 0.349811 0.349811 0.349811
1829.990845 0.000000 2804.371826 0.000000 0.991944 0.000000 0.126673 0.347231 0.347231 0.347231
1828.653442 0.000000 2805.999268 0.000000 0.988407 0.000000 0.151825 0.346677 0.346677 0.346677
1820.480591 0.000000 2806.295410 0.000000 0.956953 0.000000 0.290242 0.345433 0.345433 0.345433
1833.330078 0.000000 2808.895996 0.000000 0.954033 0.000000 0.299703 0.345146 0.345146 0.345146
1835.793579 0.000000 2802.390625 0.000000 0.985278 0.000000 0.170961 0.346592 0.346592 0.346592
1831.334595 0.000000 2807.492676 0.000000 0.988177 0.000000 0.153317 0.346570 0.346570 0.346570
1865.597778 0.000000 2817.609863 0.000000 0.997926 0.000000 -0.064374 0.350757 0.350757 0.350757
1912.270874 0.000000 2788.244141 0.000000 0.981315 0.000000 0.192410 0.347420 0.347420 0.347420
1903.961792 0.000000 2822.994385 0.000000 0.997519 0.000000 0.070399 0.349113 0.349113 0.349113
1894.658447 0.000000 2775.955322 0.000000 0.998936 0.000000 0.046120 0.349393 0.349393 0.349393
1900.873901 0.000000 2812.723633 0.000000 0.999740 0.000000 -0.022786 0.350318 0.350318 0.350318
1887.716431 0.000000 2808.185059 0.000000 0.999912 0.000000 0.013275 0.349821 0.349821 0.349821
1896.552612 0.000000 2820.585449 0.000000 0.984245 0.000000 0.176808 0.347290 0.347290 0.347290
1881.195190 0.000000 2813.310059 0.000000 0.999992 0.000000 0.004106 0.349931 0.349931 0.349931
1862.226929 0.000000 2812.309326 0.000000 0.999990 0.000000 -0.004554 0.350064 0.350064 0.350064
1892.845703 0.000000 2813.714355 0.000000 0.972309 0.000000 -0.233700 0.354452 0.354452 0.354452
1904.863892 0.000000 2812.210449 0.000000 0.999609 0.000000 0.027948 0.349597 0.349597 0.349597
1883.270386 0.000000 2819.480713 0.000000 0.995758 0.000000 0.092015 0.348297 0.348297 0.348297
1903.143188 0.000000 2793.411865 0.000000 0.959905 0.000000 0.280326 0.346028 0.346028 0.346028
1890.607544 0.000000 2820.128418 0.000000 0.999185 0.000000 -0.040376 0.350663 0.350663 0.350663
1862.067017 0.000000 2800.869873 0.000000 0.999472 0.000000 0.032487 0.349546 0.349546 0.349546
1884.971191 0.000000 2813.047119 0.000000 0.984378 0.000000 0.176068 0.346659 0.346659 0.346659
1865.975220 0.000000 2805.246338 0.000000 0.985948 0.000000 -0.167053 0.352376 0.352376 0.352376
1878.371582 0.000000 2820.560303 0.000000 0.972680 0.000000 0.232150 0.346448 0.346448 0.346448
1883.705688 0.000000 2807.773193 0.000000 0.987310 0.000000 0.158806 0.347708 0.347708 0.347708
1908.960205 0.000000 2817.793457 0.000000 0.999014 0.000000 0.044401 0.349218 0.349218 0.349218
1877.261719 0.000000 2814.895264 0.000000 0.991685 0.000000 0.128690 0.347525 0.347525 0.347525
1881.614136 0.000000 2819.469971 0.000000 0.997168 0.000000 0.075212 0.348724 0.348724 0.348724
1893.751831 0.000000 2818.267822 0.000000 0.988596 0.000000 0.150589 0.347451 0.347451 0.347451
1872.139404 0.000000 2806.690430 0.000000 0.998819 0.000000 -0.048588 0.350956 0.350956 0.350956
1878.478638 0.000000 2815.640869 0.000000 0.986091 0.000000 -0.166208 0.353276 0.353276 0.353276
1901.661743 0.000000 2817.989746 0.000000 0.972583 0.000000 -0.232556 0.354163 0.354163 0.354163
1883.966187 0.000000 2817.003662 0.000000 0.954524 0.000000 0.298135 0.344141 0.344141 0.344141
1871.678223 0.000000 2804.151611 0.000000 0.992274 0.000000 0.124070 0.347679 0.347679 0.347679
1891.360474 0.000000 2816.983154 0.000000 0.992541 0.000000 0.121910 0.347581 0.347581 0.347581
1874.458984 0.000000 2819.171631 0.000000 0.970690 0.000000 0.240337 0.345970 0.345970 0.345970
1905.428345 0.000000 2817.669434 0.000000 0.997293 0.000000 0.073531 0.348662 0.348662 0.348662
1875.856934 0.000000 2805.474365 0.000000 0.999810 0.000000 -0.019507 0.350355 0.350355 0.350355
1873.638672 0.000000 2809.032715 0.000000 0.980931 0.000000 0.194357 0.346334 0.346334 0.346334
1883.975342 0.000000 2814.780029 0.000000 0.994893 0.000000 -0.100936 0.351952 0.351952 0.351952
1889.146729 0.000000 2815.667725 0.000000 0.966168 0.000000 0.257914 0.344792 0.344792 0.344792
1891.721069 0.000000 2812.932373 0.000000 0.955243 0.000000 -0.295823 0.355786 0.355786 0.355786
1990.599243 0.000000 2764.350830 0.000000 0.952325 0.000000 -0.305086 0.353522 0.353522 0.353522
2015.860107 0.000000 2759.083496 0.000000 0.995803 0.000000 -0.091519 0.351369 0.351369 0.351369
1983.683594 0.000000 2780.774902 0.000000 0.969024 0.000000 0.246966 0.347198 0.347198 0.347198
1951.949707 0.000000 2801.990479 0.000000 0.998953 0.000000 0.045758 0.349454 0.349454 0.349454
1942.003418 0.000000 2781.436768 0.000000 0.996362 0.000000 -0.085226 0.351021 0.351021 0.351021
1979.875732 0.000000 2781.940674 0.000000 0.990028 0.000000 0.140873 0.348296 0.348296 0.348296
1981.258179 0.000000 2779.748779 0.000000 0.992362 0.000000 -0.123364 0.351637 0.351637 0.351637
1965.664185 0.000000 2774.729980 0.000000 0.992753 0.000000 0.120172 0.348274 0.348274 0.348274
1970.636963 0.000000 2778.188721 0.000000 0.966908 0.000000 0.255126 0.346247 0.346247 0.346247
1975.475952 0.000000 2779.629639 0.000000 0.955069 0.000000 -0.296382 0.354286 0.354286 0.354286
1979.459473 0.000000 2777.094482 0.000000 0.999209 0.000000 0.039772 0.349364 0.349364 0.349364
1944.050781 0.000000 2785.447266 0.000000 0.997757 0.000000 -0.066933 0.351007 0.351007 0.351007
1957.573853 0.000000 2779.238525 0.000000 0.990581 0.000000 0.136925 0.347816 0.347816 0.347816
1977.855957 0.000000 2776.556396 0.000000 0.995894 0.000000 -0.090526 0.351461 0.351461 0.351461
1962.833130 0.000000 2791.967285 0.000000 0.951439 0.000000 -0.307836 0.355263 0.355263 0.355263
1955.868042 0.000000 2783.575195 0.000000 0.980620 0.000000 -0.195921 0.353170 0.353170 0.353170
1975.597168 0.000000 2774.650635 0.000000 0.999296 0.000000 -0.037505 0.350711 0.350711 0.350711
1940.652954 0.000000 2801.393555 0.000000 0.999969 0.000000 -0.007909 0.350133 0.350133 0.350133
1972.128174 0.000000 2773.219727 0.000000 0.967326 0.000000 -0.253537 0.354838 0.354838 0.354838
1952.928833 0.000000 2783.725586 0.000000 0.999222 0.000000 -0.039443 0.350671 0.350671 0.350671
1978.349854 0.000000 2774.009766 0.000000 0.989183 0.000000 0.146684 0.347299 0.347299 0.347299
2015.085693 0.000000 2775.363281 0.000000 0.994713 0.000000 0.102696 0.348737 0.348737 0.348737
2003.922729 0.000000 2771.533691 0.000000 0.999793 0.000000 0.020336 0.349733 0.349733 0.349733
2004.737915 0.000000 2767.737305 0.000000 0.969024 0.000000 0.246968 0.346511 0.346511 0.346511
1998.121460 0.000000 2769.752930 0.000000 0.999040 0.000000 0.043800 0.349407 0.349407 0.349407
2001.982788 0.000000 2770.988037 0.000000 0.987014 0.000000 0.160634 0.347787 0.347787 0.347787
1988.025513 0.000000 2771.959717 0.000000 0.998096 0.000000 -0.061685 0.351087 0.351087 0.351087
1897.396362 0.000000 2837.977539 0.000000 0.974348 0.000000 -0.225045 0.352648 0.352648 0.352648
1912.373535 0.000000 2824.357178 0.000000 0.980377 0.000000 0.197132 0.347269 0.347269 0.347269
1886.946777 0.000000 2837.457764 0.000000 0.985905 0.000000 -0.167305 0.352247 0.352247 0.352247
1879.052002 0.000000 2827.266602 0.000000 0.970128 0.000000 0.242592 0.345407 0.345407 0.345407
1887.953247 0.000000 2829.894043 0.000000 0.987764 0.000000 -0.155954 0.352442 0.352442 0.352442
1908.116699 0.000000 2826.549561 0.000000 0.999061 0.000000 -0.043315 0.350630 0.350630 0.350630
1913.029419 0.000000 2830.655518 0.000000 0.974575 0.000000 0.224061 0.346732 0.346732 0.346732
1910.278564 0.000000 2824.250732 0.000000 0.998173 0.000000 -0.060415 0.350850 0.350850 0.350850
1908.201538 0.000000 2831.166748 0.000000 0.964067 0.000000 0.265660 0.345512 0.345512 0.345512
1886.270752 0.000000 2833.495605 0.000000 0.996278 0.000000 0.086197 0.348367 0.348367 0.348367
1905.127930 0.000000 2826.046631 0.000000 0.992816 0.000000 -0.119654 0.351808 0.351808 0.351808
1888.356323 0.000000 2836.585693 0.000000 0.991622 0.000000 -0.129176 0.351930 0.351930 0.351930
1890.527588 0.000000 2831.326416 0.000000 0.993642 0.000000 -0.112584 0.352115 0.352115 0.352115
1890.940674 0.000000 2834.305176 0.000000 0.993375 0.000000 -0.114916 0.351967 0.351967 0.351967
1890.589355 0.000000 2824.416992 0.000000 0.977846 0.000000 -0.209325 0.353556 0.353556 0.353556
1910.014893 0.000000 2829.738770 0.000000 0.994245 0.000000 0.107126 0.348274 0.348274 0.348274
1882.265869 0.000000 2828.976807 0.000000 0.994332 0.000000 -0.106320 0.351764 0.351764 0.351764
1879.808105 0.000000 2829.052490 0.000000 0.995813 0.000000 -0.091411 0.351800 0.351800 0.351800
1883.908447 0.000000 2829.722412 0.000000 0.979523 0.000000 -0.201334 0.353357 0.353357 0.353357
1886.456787 0.000000 2827.269531 0.000000 0.997881 0.000000 0.065065 0.348936 0.348936 0.348936
1896.668823 0.000000 2828.872070 0.000000 0.967451 0.000000 0.253057 0.345372 0.345372 0.345372
1891.450684 0.000000 2832.879395 0.000000 0.960461 0.000000 0.278413 0.344737 0.344737 0.344737
1885.169556 0.000000 2827.818359 0.000000 0.973858 0.000000 0.227157 0.346195 0.346195 0.346195
1889.012085 0.000000 2834.431885 0.000000 0.974402 0.000000 -0.224811 0.353774 0.353774 0.353774
1895.477661 0.000000 2829.476562 0.000000 0.998886 0.000000 0.047184 0.349159 0.349159 0.349159
1891.814331 0.000000 2835.390137 0.000000 0.987492 0.000000 0.157667 0.347295 0.347295 0.347295
1884.146240 0.000000 2825.579346 0.000000 0.989034 0.000000 -0.147689 0.352713 0.352713 0.352713
1905.868164 0.000000 2828.659912 0.000000 0.993627 0.000000 0.112716 0.348056 0.348056 0.348056
1893.009521 0.000000 2830.280518 0.000000 0.981409 0.000000 0.191927 0.346389 0.346389 0.346389
2070.295166 0.000000 2323.332520 0.000000 0.990418 0.000000 -0.138099 0.352010 0.352010 0.352010
2233.532715 0.000000 2330.833984 0.000000 0.978031 0.000000 -0.208460 0.353074 0.353074 0.353074
2230.224854 0.000000 2331.038086 0.000000 0.999593 0.000000 0.028516 0.349583 0.349583 0.349583
2090.718262 0.000000 2418.842773 0.000000 0.960993 0.000000 0.276572 0.346082 0.346082 0.346082
2106.542236 0.000000 2477.999268 0.000000 0.998266 0.000000 -0.058859 0.351014 0.351014 0.351014
2111.399414 0.000000 2477.320557 0.000000 0.999541 0.000000 0.030287 0.349452 0.349452 0.349452
2103.307129 0.000000 2429.673584 0.000000 0.996626 0.000000 -0.082073 0.351508 0.351508 0.351508
2109.468506 0.000000 2477.314697 0.000000 0.983276 0.000000 0.182122 0.346447 0.346447 0.346447
2109.235596 0.000000 2473.609619 0.000000 0.974297 0.000000 -0.225265 0.354090 0.354090 0.354090
2115.898438 0.000000 2481.584717 0.000000 0.971750 0.000000 0.236014 0.346742 0.346742 0.346742
2114.760010 0.000000 2437.942627 0.000000 0.960484 0.000000 -0.278337 0.353623 0.353623 0.353623
2129.260742 0.000000 2471.392334 0.000000 0.997148 0.000000 0.075472 0.348551 0.348551 0.348551
2132.429443 0.000000 2478.850830 0.000000 0.999927 0.000000 0.012081 0.349805 0.349805 0.349805
2089.423340 0.000000 2517.734619 0.000000 0.977537 0.000000 -0.210763 0.352384 0.352384 0.352384
2107.279297 0.000000 2510.513916 0.000000 0.993372 0.000000 -0.114946 0.351510 0.351510 0.351510
2110.677246 0.000000 2487.858643 0.000000 0.996592 0.000000 -0.082492 0.351144 0.351144 0.351144
2109.061279 0.000000 2485.868896 0.000000 0.953070 0.000000 -0.302751 0.354448 0.354448 0.354448
2105.361084 0.000000 2498.101807 0.000000 0.975345 0.000000 -0.220685 0.353286 0.353286 0.353286
2109.973633 0.000000 2489.287598 0.000000 0.982519 0.000000 0.186164 0.346850 0.346850 0.346850
2090.445068 0.000000 2524.168457 0.000000 0.999702 0.000000 -0.024424 0.350379 0.350379 0.350379
2103.532715 0.000000 2509.922363 0.000000 0.987823 0.000000 0.155583 0.347086 0.347086 0.347086
2093.321289 0.000000 2523.795410 0.000000 0.973445 0.000000 0.228922 0.346115 0.346115 0.346115
2097.158936 0.000000 2632.909668 0.000000 0.968967 0.000000 0.247189 0.346944 0.346944 0.346944
2105.560059 0.000000 2705.409668 0.000000 0.988790 0.000000 -0.149315 0.352377 0.352377 0.352377
2104.254883 0.000000 2702.147949 0.000000 0.995071 0.000000 -0.099168 0.351593 0.351593 0.351593
2089.423340 0.000000 2743.672119 0.000000 0.998979 0.000000 -0.045184 0.350508 0.350508 0.350508
2068.724609 0.000000 2740.950439 0.000000 0.988390 0.000000 0.151937 0.347928 0.347928 0.347928
2071.655029 0.000000 2744.905518 0.000000 0.982406 0.000000 0.186758 0.347571 0.347571 0.347571
2064.434082 0.000000 2741.311279 0.000000 0.994771 0.000000 -0.102129 0.351430 0.351430 0.351430
2108.546387 0.000000 2739.189697 0.000000 0.976414 0.000000 0.215905 0.347186 0.347186 0.347186
2104.956055 0.000000 2736.665771 0.000000 0.974917 0.000000 0.222570 0.346911 0.346911 0.346911
2103.776123 0.000000 2738.974854 0.000000 0.983605 0.000000 -0.180335 0.352535 0.352535 0.352535
4462.444824 0.000000 1294.018433 0.000000 0.978522 0.000000 -0.206145 0.352486 0.352486 0.352486
4824.535645 0.000000 995.277954 0.000000 0.992426 0.000000 -0.122840 0.352454 0.352454 0.352454
4820.371582 0.000000 996.772461 0.000000 0.988502 0.000000 -0.151210 0.352964 0.352964 0.352964
4894.427246 0.000000 998.521545 0.000000 0.990844 0.000000 -0.135013 0.352095 0.352095 0.352095
4889.027344 0.000000 1021.917419 0.000000 0.966574 0.000000 -0.256389 0.354577 0.354577 0.354577
4699.871582 0.000000 1319.208130 0.000000 0.955082 0.000000 0.296340 0.345623 0.345623 0.345623
4699.663086 0.000000 1321.936279 0.000000 0.997381 0.000000 -0.072321 0.351154 0.351154 0.351154
6076.200684 0.000000 1343.213257 0.000000 0.999980 0.000000 0.006358 0.349896 0.349896 0.349896
6075.123047 0.000000 1338.566895 0.000000 0.997581 0.000000 -0.069513 0.351009 0.351009 0.351009
6077.407227 0.000000 1336.524170 0.000000 0.998580 0.000000 0.053268 0.349134 0.349134 0.349134
6077.369629 0.000000 1346.436401 0.000000 0.958915 0.000000 -0.283694 0.354486 0.354486 0.354486
6078.039551 0.000000 1339.600952 0.000000 0.968655 0.000000 -0.248409 0.355418 0.355418 0.355418
6119.866699 0.000000 1340.844238 0.000000 0.961699 0.000000 -0.274106 0.353142 0.353142 0.353142
6123.827148 0.000000 1337.327393 0.000000 0.974557 0.000000 -0.224142 0.353269 0.353269 0.353269
6081.798828 0.000000 1349.079712 0.000000 0.996183 0.000000 0.087291 0.348606 0.348606 0.348606
6130.463867 0.000000 1315.068970 0.000000 0.975007 0.000000 -0.222174 0.353377 0.353377 0.353377
6130.737793 0.000000 1332.638306 0.000000 0.965719 0.000000 -0.259591 0.354142 0.354142 0.354142
6082.240723 0.000000 1341.458008 0.000000 0.998100 0.000000 -0.061611 0.351277 0.351277 0.351277
6143.487793 0.000000 1315.468750 0.000000 0.954912 0.000000 -0.296888 0.354636 0.354636 0.354636
6135.988281 0.000000 1314.763916 0.000000 0.998126 0.000000 0.061186 0.348959 0.348959 0.348959
6087.856445 0.000000 1343.822266 0.000000 0.991701 0.000000 0.128567 0.347950 0.347950 0.347950
6086.216797 0.000000 1346.372559 0.000000 0.967942 0.000000 -0.251175 0.354182 0.354182 0.354182
6128.299805 0.000000 1335.287109 0.000000 0.983114 0.000000 0.182993 0.346615 0.346615 0.346615
6083.034668 0.000000 1353.298950 0.000000 0.966644 0.000000 -0.256122 0.355183 0.355183 0.355183
6082.838379 0.000000 1350.438965 0.000000 0.959795 0.000000 -0.280703 0.355619 0.355619 0.355619
6130.026855 0.000000 1335.224854 0.000000 0.956741 0.000000 0.290942 0.344647 0.344647 0.344647
6127.751465 0.000000 1336.700806 0.000000 0.989336 0.000000 -0.145649 0.352465 0.352465 0.352465
6080.096680 0.000000 1339.178101 0.000000 0.970303 0.000000 0.241892 0.344663 0.344663 0.344663
6138.884277 0.000000 1314.424194 0.000000 0.977560 0.000000 0.210659 0.345707 0.345707 0.345707
6080.003906 0.000000 1341.220581 0.000000 0.998422 0.000000 -0.056164 0.351218 0.351218 0.351218
6084.023926 0.000000 1346.191895 0.000000 0.993933 0.000000 -0.109985 0.352003 0.352003 0.352003
6136.202637 0.000000 1316.097168 0.000000 0.958945 0.000000 0.283592 0.344787 0.344787 0.344787
6081.433105 0.000000 1346.396362 0.000000 0.973103 0.000000 -0.230369 0.354032 0.354032 0.354032
6082.485352 0.000000 1340.277954 0.000000 0.969231 0.000000 0.246152 0.344850 0.344850 0.344850
6065.916504 0.000000 1373.415039 0.000000 0.966721 0.000000 -0.255834 0.352961 0.352961 0.352961
6075.669434 0.000000 1375.329834 0.000000 0.998005 0.000000 0.063137 0.349197 0.349197 0.349197
6036.724609 0.000000 1385.325439 0.000000 0.992319 0.000000 0.123707 0.348299 0.348299 0.348299
6044.691406 0.000000 1403.717285 0.000000 0.996284 0.000000 0.086124 0.348862 0.348862 0.348862
6039.550293 0.000000 1397.413940 0.000000 0.993613 0.000000 -0.112845 0.351626 0.351626 0.351626
6060.435059 0.000000 1391.600098 0.000000 0.977444 0.000000 -0.211193 0.352984 0.352984 0.352984
6068.417969 0.000000 1385.950073 0.000000 0.991677 0.000000 -0.128754 0.351929 0.351929 0.351929
6038.294922 0.000000 1363.098145 0.000000 0.999128 0.000000 -0.041761 0.350600 0.350600 0.350600
6059.937012 0.000000 1412.052490 0.000000 0.974398 0.000000 0.224828 0.346939 0.346939 0.346939
6041.195312 0.000000 1401.200806 0.000000 0.951713 0.000000 -0.306989 0.354512 0.354512 0.354512
6068.948730 0.000000 1382.351074 0.000000 0.951344 0.000000 0.308129 0.345169 0.345169 0.345169
6061.863281 0.000000 1402.442139 0.000000 0.960114 0.000000 -0.279609 0.353974 0.353974 0.353974
6046.899414 0.000000 1408.486816 0.000000 0.999342 0.000000 -0.036277 0.350531 0.350531 0.350531
6051.248535 0.000000 1369.986328 0.000000 0.999927 0.000000 -0.012075 0.350223 0.350223 0.350223
6054.058105 0.000000 1371.927490 0.000000 0.955574 0.000000 -0.294750 0.354588 0.354588 0.354588
6053.573730 0.000000 1367.129272 0.000000 0.985276 0.000000 -0.170969 0.353003 0.353003 0.353003
6073.095215 0.000000 1379.404663 0.000000 0.997654 0.000000 -0.068455 0.351042 0.351042 0.351042
6051.060059 0.000000 1409.619873 0.000000 0.999981 0.000000 0.006100 0.349902 0.349902 0.349902
6119.866699 0.000000 1397.328613 0.000000 0.999185 0.000000 -0.040367 0.350459 0.350459 0.350459
6102.690430 0.000000 1383.641968 0.000000 0.982610 0.000000 -0.185683 0.352187 0.352187 0.352187
6083.605469 0.000000 1378.901611 0.000000 0.954435 0.000000 -0.298420 0.353667 0.353667 0.353667
6125.602051 0.000000 1395.549927 0.000000 0.951735 0.000000 0.306922 0.345979 0.345979 0.345979
6107.115234 0.000000 1384.908691 0.000000 0.996338 0.000000 0.085507 0.348904 0.348904 0.348904
6084.015137 0.000000 1361.712036 0.000000 0.986624 0.000000 0.163014 0.347890 0.347890 0.347890
6106.280762 0.000000 1399.471313 0.000000 0.987568 0.000000 0.157190 0.347876 0.347876 0.347876
6113.651855 0.000000 1391.822510 0.000000 0.986389 0.000000 -0.164430 0.352280 0.352280 0.352280
6081.439453 0.000000 1380.004395 0.000000 0.964922 0.000000 0.262537 0.346356 0.346356 0.346356
6117.990723 0.000000 1392.262329 0.000000 0.982883 0.000000 0.184230 0.347426 0.347426 0.347426
6107.020508 0.000000 1403.833252 0.000000 0.999320 0.000000 -0.036877 0.350550 0.350550 0.350550
6110.637207 0.000000 1373.793945 0.000000 0.955863 0.000000 0.293813 0.345466 0.345466 0.345466
6086.675781 0.000000 1358.510132 0.000000 0.985407 0.000000 0.170214 0.347190 0.347190 0.347190
6088.166504 0.000000 1361.209595 0.000000 0.955345 0.000000 -0.295494 0.354810 0.354810 0.354810
6061.791016 0.000000 1425.447510 0.000000 0.993492 0.000000 -0.113900 0.351332 0.351332 0.351332
6067.720703 0.000000 1449.981201 0.000000 0.985811 0.000000 0.167858 0.348047 0.348047 0.348047
6072.634766 0.000000 1447.897949 0.000000 0.962099 0.000000 0.272699 0.346802 0.346802 0.346802
6055.443848 0.000000 1423.398804 0.000000 0.993324 0.000000 -0.115359 0.351455 0.351455 0.351455
6069.610352 0.000000 1447.602173 0.000000 0.966059 0.000000 0.258321 0.346575 0.346575 0.346575
6056.628906 0.000000 1418.249634 0.000000 0.999876 0.000000 -0.015770 0.350213 0.350213 0.350213
6062.915039 0.000000 1421.195190 0.000000 0.999996 0.000000 0.002815 0.349962 0.349962 0.349962
6076.194824 0.000000 1447.698486 0.000000 0.965586 0.000000 0.260085 0.346448 0.346448 0.346448
6074.962891 0.000000 1430.248047 0.000000 0.999919 0.000000 0.012736 0.349806 0.349806 0.349806
6050.589355 0.000000 1412.307495 0.000000 0.999842 0.000000 -0.017799 0.350267 0.350267 0.350267
6076.396973 0.000000 1438.397339 0.000000 0.977057 0.000000 0.212979 0.346343 0.346343 0.346343
6095.347656 0.000000 1412.393433 0.000000 0.983045 0.000000 -0.183367 0.352079 0.352079 0.352079
6143.291016 0.000000 1412.514404 0.000000 0.983869 0.000000 0.178892 0.347910 0.347910 0.347910
6085.348633 0.000000 1420.551147 0.000000 0.985899 0.000000 -0.167339 0.351998 0.351998 0.351998
6089.808105 0.000000 1447.814941 0.000000 0.988464 0.000000 -0.151453 0.351853 0.351853 0.351853
6115.650879 0.000000 1435.051758 0.000000 0.988666 0.000000 0.150129 0.348189 0.348189 0.348189
6143.835938 0.000000 1416.593506 0.000000 0.984858 0.000000 0.173364 0.347777 0.347777 0.347777
6087.852051 0.000000 1449.286865 0.000000 0.970716 0.000000 -0.240231 0.353169 0.353169 0.353169
6124.424316 0.000000 1464.655396 0.000000 0.999362 0.000000 0.035704 0.349538 0.349538 0.349538
6081.116211 0.000000 1448.608643 0.000000 0.961079 0.000000 0.276275 0.346258 0.346258 0.346258
6130.491699 0.000000 1435.749634 0.000000 0.996297 0.000000 0.085981 0.348710 0.348710 0.348710
6099.108398 0.000000 1422.086548 0.000000 0.995287 0.000000 -0.096968 0.351502 0.351502 0.351502
6110.384766 0.000000 1453.704102 0.000000 0.998075 0.000000 -0.062012 0.350927 0.350927 0.350927
6118.249512 0.000000 1465.801636 0.000000 0.996775 0.000000 -0.080252 0.351176 0.351176 0.351176
6095.876465 0.000000 1420.557617 0.000000 0.960229 0.000000 -0.279215 0.355019 0.355019 0.355019
6093.156250 0.000000 1421.045776 0.000000 0.985769 0.000000 0.168107 0.347004 0.347004 0.347004
6100.698242 0.000000 1417.293457 0.000000 0.999961 0.000000 0.008886 0.349868 0.349868 0.349868
6084.650391 0.000000 1449.885498 0.000000 0.975603 0.000000 0.219542 0.346644 0.346644 0.346644
6101.329102 0.000000 1422.733765 0.000000 0.994408 0.000000 0.105610 0.348105 0.348105 0.348105
6137.877930 0.000000 1442.690674 0.000000 0.995130 0.000000 -0.098572 0.351587 0.351587 0.351587
6096.744141 0.000000 1421.704102 0.000000 0.954458 0.000000 0.298346 0.344586 0.344586 0.344586
6100.915039 0.000000 1419.831299 0.000000 0.983340 0.000000 -0.181775 0.353458 0.353458 0.353458
6135.635742 0.000000 1444.392822 0.000000 0.999471 0.000000 -0.032513 0.350564 0.350564 0.350564
6133.027344 0.000000 1443.626465 0.000000 0.956789 0.000000 -0.290782 0.355350 0.355350 0.355350
6130.147461 0.000000 1437.182007 0.000000 0.999577 0.000000 0.029078 0.349493 0.349493 0.349493
6131.659180 0.000000 1436.225464 0.000000 0.968747 0.000000 0.248051 0.345630 0.345630 0.345630
5853.062500 0.000000 1712.207520 0.000000 0.972281 0.000000 -0.233817 0.353361 0.353361 0.353361
5864.686523 0.000000 1713.184326 0.000000 0.998823 0.000000 -0.048500 0.350736 0.350736 0.350736
5849.702148 0.000000 1719.973511 0.000000 0.974513 0.000000 0.224329 0.346629 0.346629 0.346629
5849.625977 0.000000 1721.553589 0.000000 0.969787 0.000000 -0.243954 0.354673 0.354673 0.354673
6245.443359 0.000000 528.161377 0.000000 0.999439 0.000000 -0.033484 0.350392 0.350392 0.350392
6266.165039 0.000000 530.910095 0.000000 0.966745 0.000000 -0.255743 0.353028 0.353028 0.353028
6223.712891 0.000000 526.973511 0.000000 0.986870 0.000000 -0.161516 0.351985 0.351985 0.351985
6263.879395 0.000000 551.554199 0.000000 0.980348 0.000000 0.197276 0.347519 0.347519 0.347519
6270.830566 0.000000 555.594482 0.000000 0.999615 0.000000 -0.027747 0.350344 0.350344 0.350344
6255.560547 0.000000 551.123047 0.000000 0.953081 0.000000 -0.302715 0.353910 0.353910 0.353910
6259.473145 0.000000 548.737244 0.000000 0.998329 0.000000 0.057792 0.349245 0.349245 0.349245
6244.267090 0.000000 533.250122 0.000000 0.996918 0.000000 0.078452 0.348816 0.348816 0.348816
6253.660156 0.000000 540.309692 0.000000 0.956820 0.000000 0.290681 0.344781 0.344781 0.344781
6260.948730 0.000000 535.085449 0.000000 0.962017 0.000000 -0.272991 0.354361 0.354361 0.354361
6264.590820 0.000000 562.270081 0.000000 0.970864 0.000000 0.239630 0.346088 0.346088 0.346088
6265.096680 0.000000 542.424316 0.000000 0.953533 0.000000 0.301287 0.345093 0.345093 0.345093
6249.028320 0.000000 535.066223 0.000000 0.999979 0.000000 -0.006440 0.350142 0.350142 0.350142
6266.544922 0.000000 540.330078 0.000000 0.951144 0.000000 0.308748 0.345118 0.345118 0.345118
6271.537598 0.000000 538.625732 0.000000 0.979229 0.000000 -0.202755 0.353158 0.353158 0.353158
6261.526855 0.000000 542.294861 0.000000 0.997773 0.000000 -0.066704 0.351050 0.351050 0.351050
6267.144043 0.000000 560.549011 0.000000 0.966865 0.000000 -0.255289 0.354049 0.354049 0.354049
6264.531250 0.000000 563.820312 0.000000 0.989203 0.000000 -0.146550 0.352378 0.352378 0.352378
6262.250977 0.000000 536.122681 0.000000 0.956523 0.000000 -0.291655 0.354642 0.354642 0.354642
6254.419434 0.000000 564.073303 0.000000 0.996303 0.000000 0.085914 0.348583 0.348583 0.348583
6261.732422 0.000000 563.921692 0.000000 0.979533 0.000000 0.201284 0.346007 0.346007 0.346007
6253.009277 0.000000 535.520630 0.000000 0.970195 0.000000 0.242326 0.344546 0.344546 0.344546
6249.625977 0.000000 537.947327 0.000000 0.995400 0.000000 0.095810 0.348030 0.348030 0.348030
6385.158691 0.000000 486.503357 0.000000 0.982090 0.000000 -0.188413 0.352277 0.352277 0.352277
6383.560547 0.000000 494.638641 0.000000 0.953478 0.000000 -0.301464 0.354027 0.354027 0.354027
6396.194824 0.000000 487.464142 0.000000 0.990093 0.000000 0.140412 0.347538 0.347538 0.347538
6388.752441 0.000000 498.272339 0.000000 0.983886 0.000000 -0.178794 0.353165 0.353165 0.353165
6392.393555 0.000000 497.001678 0.000000 0.972303 0.000000 0.233724 0.345805 0.345805 0.345805
6390.407227 0.000000 504.910645 0.000000 0.967646 0.000000 -0.252312 0.353655 0.353655 0.353655
6389.498535 0.000000 489.351196 0.000000 0.989867 0.000000 -0.141998 0.352092 0.352092 0.352092
6387.333496 0.000000 496.282715 0.000000 0.999789 0.000000 -0.020541 0.350362 0.350362 0.350362
6397.369629 0.000000 499.170746 0.000000 0.994554 0.000000 -0.104227 0.351638 0.351638 0.351638
6383.452637 0.000000 501.854126 0.000000 0.999654 0.000000 0.026317 0.349583 0.349583 0.349583
6386.837402 0.000000 493.551208 0.000000 0.998185 0.000000 -0.060219 0.351029 0.351029 0.351029
6397.805664 0.000000 487.521393 0.000000 0.996899 0.000000 -0.078689 0.351377 0.351377 0.351377
6392.805176 0.000000 491.389160 0.000000 0.992667 0.000000 0.120883 0.347792 0.347792 0.347792
6395.498047 0.000000 498.909027 0.000000 0.956218 0.000000 0.292654 0.344900 0.344900 0.344900
6329.614258 0.000000 560.740540 0.000000 0.978184 0.000000 -0.207739 0.352432 0.352432 0.352432
6275.856934 0.000000 558.431335 0.000000 0.981237 0.000000 0.192807 0.347677 0.347677 0.347677
6308.219727 0.000000 548.516846 0.000000 0.979371 0.000000 -0.202071 0.352542 0.352542 0.352542
6301.075684 0.000000 560.759583 0.000000 0.995261 0.000000 0.097242 0.348796 0.348796 0.348796
6276.256348 0.000000 563.875061 0.000000 0.988486 0.000000 -0.151312 0.352071 0.352071 0.352071
6310.985352 0.000000 540.223816 0.000000 0.996038 0.000000 -0.088931 0.351155 0.351155 0.351155
6279.852051 0.000000 545.536865 0.000000 0.999981 0.000000 -0.006107 0.350084 0.350084 0.350084
6316.263184 0.000000 558.534485 0.000000 0.999339 0.000000 -0.036343 0.350476 0.350476 0.350476
6279.561523 0.000000 559.333252 0.000000 0.953570 0.000000 -0.301172 0.354357 0.354357 0.354357
6281.114258 0.000000 538.473145 0.000000 0.969828 0.000000 -0.243789 0.353508 0.353508 0.353508
6277.887695 0.000000 539.187988 0.000000 0.973557 0.000000 0.228445 0.346073 0.346073 0.346073
6280.816895 0.000000 556.367676 0.000000 0.986457 0.000000 -0.164021 0.352743 0.352743 0.352743
6289.040527 0.000000 560.894836 0.000000 0.988282 0.000000 0.152640 0.347349 0.347349 0.347349
6322.737793 0.000000 541.857056 0.000000 0.974810 0.000000 -0.223037 0.354403 0.354403 0.354403
6319.049805 0.000000 537.569336 0.000000 0.995746 0.000000 0.092145 0.348351 0.348351 0.348351
6333.998047 0.000000 540.985413 0.000000 0.984072 0.000000 0.177770 0.347314 0.347314 0.347314
6286.515625 0.000000 558.306091 0.000000 0.995099 0.000000 -0.098886 0.351982 0.351982 0.351982
6332.396973 0.000000 534.647339 0.000000 0.994527 0.000000 -0.104481 0.351884 0.351884 0.351884
6322.026855 0.000000 544.443542 0.000000 0.996220 0.000000 -0.086869 0.351649 0.351649 0.351649
6326.250977 0.000000 536.122681 0.000000 0.999997 0.000000 -0.002526 0.350044 0.350044 0.350044
6282.104492 0.000000 555.450134 0.000000 0.953727 0.000000 -0.300675 0.355471 0.355471 0.355471
6322.992676 0.000000 537.765442 0.000000 0.980002 0.000000 0.198988 0.346219 0.346219 0.346219
6279.860840 0.000000 541.699585 0.000000 0.975402 0.000000 0.220435 0.346427 0.346427 0.346427
6331.155762 0.000000 536.809692 0.000000 0.974684 0.000000 -0.223589 0.353832 0.353832 0.353832
6317.534668 0.000000 543.380859 0.000000 0.961911 0.000000 0.273363 0.344919 0.344919 0.344919
6272.049316 0.000000 539.057678 0.000000 0.995373 0.000000 -0.096087 0.351568 0.351568 0.351568
6330.078125 0.000000 537.632019 0.000000 0.999840 0.000000 -0.017885 0.350304 0.350304 0.350304
6316.932129 0.000000 545.547974 0.000000 0.970750 0.000000 -0.240094 0.354153 0.354153 0.354153
6311.001953 0.000000 558.678833 0.000000 0.966603 0.000000 0.256277 0.344825 0.344825 0.344825
6313.750000 0.000000 561.507263 0.000000 0.953463 0.000000 -0.301509 0.355393 0.355393 0.355393
6368.264648 0.000000 530.227905 0.000000 0.972813 0.000000 0.231592 0.347386 0.347386 0.347386
6385.916504 0.000000 526.149353 0.000000 0.996985 0.000000 -0.077588 0.350899 0.350899 0.350899
6390.928223 0.000000 525.244446 0.000000 0.985083 0.000000 -0.172081 0.352388 0.352388 0.352388
6369.762695 0.000000 519.727905 0.000000 0.986331 0.000000 0.164774 0.347816 0.347816 0.347816
6398.677246 0.000000 510.905426 0.000000 0.972745 0.000000 -0.231876 0.353220 0.353220 0.353220
6339.661133 0.000000 529.432922 0.000000 0.962475 0.000000 -0.271369 0.353650 0.353650 0.353650
6352.326660 0.000000 531.026306 0.000000 0.987509 0.000000 -0.157563 0.352212 0.352212 0.352212
6337.798828 0.000000 558.298462 0.000000 0.951117 0.000000 0.308831 0.345336 0.345336 0.345336
6387.156250 0.000000 522.432434 0.000000 0.999727 0.000000 -0.023370 0.350322 0.350322 0.350322
6393.029297 0.000000 514.796143 0.000000 0.982297 0.000000 -0.187329 0.352956 0.352956 0.352956
6388.201660 0.000000 515.307373 0.000000 0.995507 0.000000 0.094684 0.348492 0.348492 0.348492
6383.569336 0.000000 508.462555 0.000000 0.992516 0.000000 0.122118 0.348176 0.348176 0.348176
6368.410645 0.000000 525.728882 0.000000 0.999924 0.000000 -0.012367 0.350216 0.350216 0.350216
6338.331055 0.000000 548.305176 0.000000 0.954039 0.000000 0.299684 0.344615 0.344615 0.344615
6360.050781 0.000000 526.072388 0.000000 0.986056 0.000000 0.166411 0.347137 0.347137 0.347137
6374.058105 0.000000 524.661804 0.000000 0.962826 0.000000 -0.270123 0.354003 0.354003 0.354003
6399.487793 0.000000 524.687561 0.000000 0.989646 0.000000 -0.143528 0.352548 0.352548 0.352548
6391.988281 0.000000 523.982666 0.000000 0.991474 0.000000 -0.130305 0.351941 0.351941 0.351941
6347.621582 0.000000 554.282959 0.000000 0.995083 0.000000 0.099044 0.348383 0.348383 0.348383
6338.838379 0.000000 559.657715 0.000000 0.998996 0.000000 -0.044805 0.350799 0.350799 0.350799
6396.606934 0.000000 526.214417 0.000000 0.968291 0.000000 0.249825 0.345543 0.345543 0.345543
6361.591309 0.000000 526.341125 0.000000 0.998985 0.000000 -0.045046 0.350772 0.350772 0.350772
6398.777344 0.000000 528.787537 0.000000 0.974049 0.000000 0.226338 0.345810 0.345810 0.345810
6343.681641 0.000000 547.277466 0.000000 0.958299 0.000000 -0.285767 0.355318 0.355318 0.355318
6396.957031 0.000000 533.125305 0.000000 0.997434 0.000000 0.071593 0.348685 0.348685 0.348685
6370.394043 0.000000 521.052429 0.000000 0.998564 0.000000 0.053569 0.349136 0.349136 0.349136
6336.011719 0.000000 533.212463 0.000000 0.998914 0.000000 -0.046594 0.350782 0.350782 0.350782
6337.707031 0.000000 556.863342 0.000000 0.957031 0.000000 0.289984 0.345270 0.345270 0.345270
6398.222168 0.000000 531.071045 0.000000 0.962024 0.000000 0.272964 0.344637 0.344637 0.344637
6343.945312 0.000000 560.765320 0.000000 0.996272 0.000000 -0.086264 0.351660 0.351660 0.351660
6398.787598 0.000000 527.043396 0.000000 0.999648 0.000000 -0.026542 0.350481 0.350481 0.350481
6371.134277 0.000000 525.661011 0.000000 0.981842 0.000000 -0.189703 0.353235 0.353235 0.353235
6344.996094 0.000000 559.578247 0.000000 0.999969 0.000000 -0.007914 0.350139 0.350139 0.350139
6368.142090 0.000000 522.077332 0.000000 0.992501 0.000000 0.122239 0.347725 0.347725 0.347725
6342.432129 0.000000 554.251953 0.000000 0.955831 0.000000 0.293918 0.344839 0.344839 0.344839
6269.258301 0.000000 576.858093 0.000000 0.959901 0.000000 0.280340 0.346425 0.346425 0.346425
6270.677246 0.000000 567.389771 0.000000 0.951792 0.000000 -0.306745 0.354359 0.354359 0.354359
6260.201660 0.000000 571.791748 0.000000 0.980687 0.000000 0.195582 0.347282 0.347282 0.347282
6263.633301 0.000000 583.561646 0.000000 0.995363 0.000000 0.096190 0.348624 0.348624 0.348624
6264.123047 0.000000 568.187317 0.000000 0.967083 0.000000 -0.254463 0.354451 0.354451 0.354451
6257.127930 0.000000 566.671570 0.000000 0.999282 0.000000 -0.037885 0.350634 0.350634 0.350634
6262.518555 0.000000 568.532837 0.000000 0.975234 0.000000 -0.221175 0.353995 0.353995 0.353995
6267.157715 0.000000 566.595520 0.000000 0.997339 0.000000 -0.072907 0.351160 0.351160 0.351160
6263.307129 0.000000 565.689270 0.000000 0.971995 0.000000 0.235002 0.345243 0.345243 0.345243
6289.653320 0.000000 573.313171 0.000000 0.983408 0.000000 0.181408 0.347617 0.347617 0.347617
6305.860352 0.000000 573.584900 0.000000 0.985454 0.000000 0.169942 0.347769 0.347769 0.347769
6284.406250 0.000000 565.792053 0.000000 0.971947 0.000000 0.235201 0.346847 0.346847 0.346847
6308.294922 0.000000 568.500488 0.000000 0.984044 0.000000 0.177926 0.347726 0.347726 0.347726
6323.409180 0.000000 590.330017 0.000000 0.986650 0.000000 -0.162854 0.352173 0.352173 0.352173
6289.307129 0.000000 575.789673 0.000000 0.999975 0.000000 -0.007096 0.350099 0.350099 0.350099
6333.061035 0.000000 565.400085 0.000000 0.978717 0.000000 -0.205214 0.353061 0.353061 0.353061
6283.945801 0.000000 586.912292 0.000000 0.952865 0.000000 -0.303394 0.354094 0.354094 0.354094
6288.326660 0.000000 587.510681 0.000000 0.990413 0.000000 0.138138 0.348099 0.348099 0.348099
6292.672363 0.000000 584.401123 0.000000 0.984798 0.000000 -0.173701 0.352586 0.352586 0.352586
6308.267090 0.000000 589.734497 0.000000 0.992404 0.000000 -0.123023 0.351762 0.351762 0.351762
6289.646484 0.000000 584.168579 0.000000 0.955713 0.000000 -0.294300 0.354398 0.354398 0.354398
6294.347168 0.000000 587.487427 0.000000 0.999961 0.000000 0.008810 0.349862 0.349862 0.349862
6329.029297 0.000000 571.280518 0.000000 0.997087 0.000000 0.076277 0.348772 0.348772 0.348772
6291.108398 0.000000 574.820923 0.000000 0.957113 0.000000 -0.289716 0.354687 0.354687 0.354687
6287.814941 0.000000 585.475708 0.000000 0.997215 0.000000 -0.074582 0.351148 0.351148 0.351148
6332.870605 0.000000 572.236267 0.000000 0.983307 0.000000 0.181953 0.346627 0.346627 0.346627
6278.215332 0.000000 580.997131 0.000000 0.999999 0.000000 0.001017 0.349984 0.349984 0.349984
6304.410645 0.000000 582.213257 0.000000 0.980636 0.000000 0.195837 0.346839 0.346839 0.346839
6280.084473 0.000000 580.478699 0.000000 0.990739 0.000000 -0.135780 0.352106 0.352106 0.352106
6278.483887 0.000000 583.776184 0.000000 0.956491 0.000000 0.291763 0.345369 0.345369 0.345369
6317.502441 0.000000 587.204529 0.000000 0.982938 0.000000 0.183937 0.346630 0.346630 0.346630
6284.302734 0.000000 585.242188 0.000000 0.983639 0.000000 0.180152 0.347151 0.347151 0.347151
6305.168457 0.000000 585.136047 0.000000 0.999192 0.000000 -0.040184 0.350697 0.350697 0.350697
6317.746094 0.000000 584.979736 0.000000 0.993948 0.000000 -0.109850 0.351981 0.351981 0.351981
6329.095215 0.000000 588.623352 0.000000 0.998845 0.000000 -0.048055 0.350844 0.350844 0.350844
6329.763184 0.000000 585.859375 0.000000 0.955017 0.000000 -0.296552 0.355117 0.355117 0.355117
6297.591309 0.000000 582.825500 0.000000 0.999947 0.000000 -0.010288 0.350167 0.350167 0.350167
6332.446777 0.000000 569.101685 0.000000 0.994290 0.000000 0.106709 0.348272 0.348272 0.348272
6314.500977 0.000000 579.629333 0.000000 0.999072 0.000000 0.043082 0.349301 0.349301 0.349301
6316.925781 0.000000 581.411133 0.000000 0.999233 0.000000 0.039150 0.349307 0.349307 0.349307
6327.532715 0.000000 589.453613 0.000000 0.999329 0.000000 0.036634 0.349379 0.349379 0.349379
6324.736328 0.000000 589.694763 0.000000 0.995278 0.000000 -0.097062 0.351555 0.351555 0.351555
6326.872070 0.000000 585.229126 0.000000 0.973523 0.000000 -0.228588 0.354171 0.354171 0.354171
6296.170898 0.000000 576.344604 0.000000 0.999990 0.000000 0.004374 0.349923 0.349923 0.349923
6309.055664 0.000000 578.286987 0.000000 0.995027 0.000000 -0.099601 0.351696 0.351696 0.351696
6332.279297 0.000000 577.821533 0.000000 0.963057 0.000000 -0.269297 0.355087 0.355087 0.355087
6392.579102 0.000000 614.006165 0.000000 0.982877 0.000000 -0.184262 0.352275 0.352275 0.352275
6360.357910 0.000000 573.354736 0.000000 0.992133 0.000000 -0.125192 0.351541 0.351541 0.351541
6375.131348 0.000000 599.822876 0.000000 0.969166 0.000000 0.246409 0.346824 0.346824 0.346824
6385.605957 0.000000 617.697632 0.000000 0.999576 0.000000 -0.029104 0.350370 0.350370 0.350370
6362.132812 0.000000 599.295593 0.000000 0.997943 0.000000 -0.064110 0.350816 0.350816 0.350816
6343.173340 0.000000 594.050476 0.000000 0.971408 0.000000 -0.237417 0.353288 0.353288 0.353288
6381.452148 0.000000 593.413574 0.000000 0.976788 0.000000 -0.214208 0.352971 0.352971 0.352971
6359.654785 0.000000 598.499207 0.000000 0.996960 0.000000 0.077916 0.348957 0.348957 0.348957
6387.473145 0.000000 605.221619 0.000000 0.999962 0.000000 -0.008756 0.350116 0.350116 0.350116
6366.667969 0.000000 601.225098 0.000000 0.968923 0.000000 -0.247363 0.353527 0.353527 0.353527
6369.651855 0.000000 601.041199 0.000000 0.954076 0.000000 -0.299564 0.354214 0.354214 0.354214
6383.774902 0.000000 584.032288 0.000000 0.995552 0.000000 -0.094217 0.351270 0.351270 0.351270
6384.749512 0.000000 587.451355 0.000000 0.987601 0.000000 -0.156985 0.352107 0.352107 0.352107
6345.306152 0.000000 590.518372 0.000000 0.994185 0.000000 0.107682 0.348440 0.348440 0.348440
6390.075195 0.000000 586.388794 0.000000 0.997822 0.000000 -0.065965 0.350885 0.350885 0.350885
6361.637695 0.000000 601.541138 0.000000 0.999947 0.000000 -0.010257 0.350147 0.350147 0.350147
6353.646484 0.000000 584.168579 0.000000 0.983473 0.000000 -0.181056 0.352617 0.352617 0.352617
6380.596680 0.000000 583.795044 0.000000 0.988535 0.000000 -0.150990 0.352251 0.352251 0.352251
6350.121582 0.000000 566.862244 0.000000 0.995550 0.000000 0.094237 0.348470 0.348470 0.348470
6396.870605 0.000000 572.236267 0.000000 0.963281 0.000000 0.268495 0.344549 0.344549 0.344549
6342.215332 0.000000 580.997131 0.000000 0.991072 0.000000 -0.133332 0.352723 0.352723 0.352723
6395.533691 0.000000 570.418579 0.000000 0.999994 0.000000 -0.003545 0.350059 0.350059 0.350059
6384.863770 0.000000 609.319763 0.000000 0.995324 0.000000 0.096594 0.348635 0.348635 0.348635
6366.427246 0.000000 603.130920 0.000000 0.996779 0.000000 -0.080202 0.351147 0.351147 0.351147
6391.633301 0.000000 583.561646 0.000000 0.977169 0.000000 -0.212466 0.353031 0.353031 0.353031
6383.143066 0.000000 590.521240 0.000000 0.995398 0.000000 0.095822 0.348637 0.348637 0.348637
6385.665527 0.000000 593.606323 0.000000 0.968996 0.000000 -0.247078 0.353654 0.353654 0.353654
6395.459473 0.000000 574.203918 0.000000 0.996454 0.000000 -0.084141 0.351748 0.351748 0.351748
6344.607910 0.000000 578.679199 0.000000 0.961244 0.000000 -0.275700 0.355565 0.355565 0.355565
6348.231934 0.000000 567.680298 0.000000 0.997651 0.000000 0.068508 0.348736 0.348736 0.348736
6381.137695 0.000000 579.903870 0.000000 0.988845 0.000000 0.148947 0.347799 0.347799 0.347799
6353.241211 0.000000 582.475098 0.000000 0.966199 0.000000 -0.257797 0.353999 0.353999 0.353999
6351.876465 0.000000 573.291992 0.000000 0.954568 0.000000 -0.297993 0.354706 0.354706 0.354706
6363.789062 0.000000 600.023438 0.000000 0.959440 0.000000 -0.281912 0.354083 0.354083 0.354083
6347.004883 0.000000 590.663696 0.000000 0.994860 0.000000 0.101264 0.348436 0.348436 0.348436
6358.760742 0.000000 574.048157 0.000000 0.999597 0.000000 0.028380 0.349581 0.349581 0.349581
6397.407227 0.000000 602.227295 0.000000 0.983530 0.000000 -0.180746 0.352684 0.352684 0.352684
6353.197754 0.000000 571.636841 0.000000 0.976535 0.000000 -0.215356 0.353689 0.353689 0.353689
6345.291016 0.000000 581.637024 0.000000 0.999669 0.000000 0.025730 0.349433 0.349433 0.349433
6378.998047 0.000000 601.510681 0.000000 0.993413 0.000000 -0.114592 0.351776 0.351776 0.351776
6349.791016 0.000000 564.896423 0.000000 0.988400 0.000000 0.151876 0.347462 0.347462 0.347462
6336.942871 0.000000 567.993164 0.000000 0.996724 0.000000 -0.080872 0.351266 0.351266 0.351266
6349.933594 0.000000 570.712646 0.000000 0.983303 0.000000 0.181974 0.346898 0.346898 0.346898
6337.194336 0.000000 574.118103 0.000000 0.981095 0.000000 0.193527 0.346103 0.346103 0.346103
6378.445312 0.000000 603.699646 0.000000 0.985748 0.000000 0.168227 0.347393 0.347393 0.347393
6341.442383 0.000000 571.783875 0.000000 0.983007 0.000000 0.183567 0.346967 0.346967 0.346967
6395.166992 0.000000 588.536499 0.000000 0.957870 0.000000 -0.287202 0.354747 0.354747 0.354747
6399.011719 0.000000 574.206055 0.000000 0.991003 0.000000 -0.133839 0.352645 0.352645 0.352645
6340.395996 0.000000 591.429565 0.000000 0.995999 0.000000 -0.089361 0.351403 0.351403 0.351403
6350.473633 0.000000 568.367737 0.000000 0.957332 0.000000 0.288990 0.344544 0.344544 0.344544
6344.764648 0.000000 583.309326 0.000000 0.997906 0.000000 -0.064681 0.351372 0.351372 0.351372
6390.458008 0.000000 577.753235 0.000000 0.976331 0.000000 -0.216282 0.353915 0.353915 0.353915
6337.633789 0.000000 590.574341 0.000000 0.957614 0.000000 -0.288056 0.355157 0.355157 0.355157
6397.779785 0.000000 575.622742 0.000000 0.999100 0.000000 0.042421 0.349118 0.349118 0.349118
6340.280762 0.000000 573.992920 0.000000 0.952583 0.000000 -0.304279 0.355511 0.355511 0.355511
6345.788574 0.000000 584.244629 0.000000 0.999888 0.000000 -0.014997 0.350298 0.350298 0.350298
6341.138184 0.000000 580.279114 0.000000 0.996764 0.000000 0.080385 0.348523 0.348523 0.348523
6396.279297 0.000000 577.821533 0.000000 0.994604 0.000000 0.103746 0.348193 0.348193 0.348193
6336.082520 0.000000 576.624084 0.000000 0.997951 0.000000 -0.063976 0.351298 0.351298 0.351298
6339.130371 0.000000 575.162964 0.000000 0.987592 0.000000 0.157040 0.346941 0.346941 0.346941
6396.005859 0.000000 573.110840 0.000000 0.952786 0.000000 -0.303644 0.356187 0.356187 0.356187
6349.813477 0.000000 589.884705 0.000000 0.998108 0.000000 -0.061492 0.351132 0.351132 0.351132
6427.116211 0.000000 526.834595 0.000000 0.981780 0.000000 -0.190023 0.352556 0.352556 0.352556
6409.114258 0.000000 538.473145 0.000000 0.966606 0.000000 0.256267 0.346365 0.346365 0.346365
6404.386230 0.000000 518.776367 0.000000 0.958457 0.000000 -0.285238 0.354335 0.354335 0.354335
6415.814941 0.000000 528.991333 0.000000 0.969972 0.000000 0.243216 0.346190 0.346190 0.346190
6411.020996 0.000000 519.601624 0.000000 0.971407 0.000000 0.237422 0.346324 0.346324 0.346324
6420.110352 0.000000 521.997192 0.000000 0.996290 0.000000 -0.086057 0.351363 0.351363 0.351363
6415.104492 0.000000 513.211487 0.000000 0.958974 0.000000 -0.283494 0.354646 0.354646 0.354646
6411.004883 0.000000 534.179321 0.000000 0.991061 0.000000 0.133408 0.347334 0.347334 0.347334
6421.721191 0.000000 520.532104 0.000000 0.999860 0.000000 -0.016725 0.350265 0.350265 0.350265
6405.125488 0.000000 521.090454 0.000000 0.962023 0.000000 -0.272968 0.354228 0.354228 0.354228
6405.528809 0.000000 537.697571 0.000000 0.970854 0.000000 0.239671 0.345654 0.345654 0.345654
6409.808594 0.000000 530.717651 0.000000 0.994387 0.000000 -0.105807 0.352010 0.352010 0.352010
6400.011719 0.000000 533.212463 0.000000 0.994310 0.000000 0.106529 0.347836 0.347836 0.347836
6404.395996 0.000000 534.945190 0.000000 0.956318 0.000000 0.292328 0.344116 0.344116 0.344116
6409.120117 0.000000 532.634338 0.000000 0.995528 0.000000 -0.094464 0.351748 0.351748 0.351748
6405.138184 0.000000 523.794739 0.000000 0.954461 0.000000 0.298335 0.344772 0.344772 0.344772
6423.267578 0.000000 522.561401 0.000000 0.974636 0.000000 -0.223797 0.353836 0.353836 0.353836
6403.393555 0.000000 535.858032 0.000000 0.980317 0.000000 0.197428 0.346049 0.346049 0.346049
6402.951172 0.000000 530.460266 0.000000 0.977508 0.000000 0.210897 0.345859 0.345859 0.345859
6400.212402 0.000000 531.999512 0.000000 0.974976 0.000000 -0.222312 0.354359 0.354359 0.354359
6412.520508 0.000000 534.993469 0.000000 0.955094 0.000000 -0.296302 0.355835 0.355835 0.355835
6401.469238 0.000000 619.391846 0.000000 0.990359 0.000000 0.138522 0.348373 0.348373 0.348373
6412.424805 0.000000 583.263489 0.000000 0.985779 0.000000 0.168044 0.347935 0.347935 0.347935
6406.202148 0.000000 576.356567 0.000000 0.997716 0.000000 -0.067546 0.350895 0.350895 0.350895
6407.626953 0.000000 611.193970 0.000000 0.990535 0.000000 -0.137262 0.351835 0.351835 0.351835
6420.387207 0.000000 591.640869 0.000000 0.989785 0.000000 0.142567 0.347956 0.347956 0.347956
6402.854492 0.000000 612.390686 0.000000 0.970114 0.000000 0.242651 0.346595 0.346595 0.346595
6401.278809 0.000000 610.718994 0.000000 0.981018 0.000000 -0.193915 0.352788 0.352788 0.352788
6409.185059 0.000000 608.378967 0.000000 0.990140 0.000000 -0.140084 0.351940 0.351940 0.351940
6412.800293 0.000000 575.406555 0.000000 0.977246 0.000000 0.212107 0.346368 0.346368 0.346368
6406.066895 0.000000 597.979248 0.000000 0.993170 0.000000 0.116673 0.348268 0.348268 0.348268
6410.324219 0.000000 596.337219 0.000000 0.980917 0.000000 -0.194429 0.352907 0.352907 0.352907
6426.396484 0.000000 574.881470 0.000000 0.995245 0.000000 0.097408 0.348538 0.348538 0.348538
6409.625488 0.000000 575.068604 0.000000 0.952243 0.000000 -0.305340 0.355165 0.355165 0.355165
6424.543945 0.000000 575.021240 0.000000 0.993794 0.000000 -0.111234 0.351967 0.351967 0.351967
6421.480469 0.000000 568.601807 0.000000 0.961031 0.000000 0.276441 0.344175 0.344175 0.344175
6401.437988 0.000000 602.804382 0.000000 0.954254 0.000000 0.298998 0.345251 0.345251 0.345251
6425.317871 0.000000 572.104126 0.000000 0.995353 0.000000 0.096297 0.348129 0.348129 0.348129
6427.908691 0.000000 570.347290 0.000000 0.990981 0.000000 0.134005 0.347622 0.347622 0.347622
6411.846680 0.000000 569.090881 0.000000 0.971126 0.000000 -0.238567 0.354852 0.354852 0.354852
6416.534668 0.000000 578.671509 0.000000 0.964732 0.000000 -0.263236 0.354329 0.354329 0.354329
6421.351074 0.000000 571.272888 0.000000 0.983082 0.000000 -0.183164 0.354104 0.354104 0.354104
6406.787598 0.000000 569.735291 0.000000 0.997766 0.000000 -0.066804 0.351230 0.351230 0.351230
6418.493652 0.000000 571.143066 0.000000 0.998018 0.000000 0.062926 0.348597 0.348597 0.348597
6412.093750 0.000000 572.931274 0.000000 0.997351 0.000000 -0.072733 0.351590 0.351590 0.351590
6409.044434 0.000000 568.045105 0.000000 0.971434 0.000000 -0.237311 0.354731 0.354731 0.354731
6420.947754 0.000000 579.473511 0.000000 0.998422 0.000000 -0.056154 0.351009 0.351009 0.351009
6423.642578 0.000000 572.262817 0.000000 0.989272 0.000000 0.146083 0.346733 0.346733 0.346733
6422.916016 0.000000 571.089844 0.000000 0.962814 0.000000 0.270166 0.343904 0.343904 0.343904
6416.399902 0.000000 570.521301 0.000000 0.993971 0.000000 -0.109640 0.352448 0.352448 0.352448
6422.991211 0.000000 577.122620 0.000000 0.971892 0.000000 0.235429 0.345639 0.345639 0.345639
6402.810059 0.000000 571.284119 0.000000 0.999635 0.000000 -0.027018 0.350538 0.350538 0.350538
6425.454590 0.000000 573.952454 0.000000 0.980234 0.000000 -0.197841 0.353863 0.353863 0.353863
6412.818359 0.000000 570.270325 0.000000 0.956835 0.000000 -0.290631 0.356571 0.356571 0.356571
6173.565918 0.000000 1342.439331 0.000000 0.960111 0.000000 -0.279618 0.353405 0.353405 0.353405
6156.424805 0.000000 1317.560425 0.000000 0.998052 0.000000 -0.062382 0.350796 0.350796 0.350796
6185.246582 0.000000 1347.452393 0.000000 0.981119 0.000000 -0.193406 0.352474 0.352474 0.352474
6169.164062 0.000000 1355.000000 0.000000 0.999724 0.000000 -0.023502 0.350317 0.350317 0.350317
6179.895020 0.000000 1311.654297 0.000000 0.980239 0.000000 0.197816 0.347416 0.347416 0.347416
6182.885742 0.000000 1343.302368 0.000000 0.953598 0.000000 -0.301081 0.353968 0.353968 0.353968
6167.931152 0.000000 1350.857910 0.000000 0.989236 0.000000 -0.146330 0.352079 0.352079 0.352079
6201.397461 0.000000 1337.290894 0.000000 0.991691 0.000000 0.128643 0.348129 0.348129 0.348129
6159.784668 0.000000 1340.963257 0.000000 0.954155 0.000000 -0.299312 0.354409 0.354409 0.354409
6197.305176 0.000000 1312.791504 0.000000 0.999933 0.000000 0.011573 0.349843 0.349843 0.349843
6149.887695 0.000000 1329.969238 0.000000 0.996345 0.000000 -0.085415 0.351181 0.351181 0.351181
6204.194824 0.000000 1334.729736 0.000000 0.991735 0.000000 0.128301 0.348246 0.348246 0.348246
6197.193359 0.000000 1338.475586 0.000000 0.976722 0.000000 -0.214510 0.353079 0.353079 0.353079
6162.017090 0.000000 1322.925293 0.000000 0.970518 0.000000 0.241028 0.346512 0.346512 0.346512
6199.476074 0.000000 1311.035889 0.000000 0.991613 0.000000 0.129242 0.348148 0.348148 0.348148
6187.248535 0.000000 1331.966675 0.000000 0.991009 0.000000 -0.133794 0.352046 0.352046 0.352046
6193.177734 0.000000 1340.753906 0.000000 0.996693 0.000000 0.081257 0.348632 0.348632 0.348632
6177.938477 0.000000 1350.029175 0.000000 0.999734 0.000000 -0.023061 0.350349 0.350349 0.350349
6150.203613 0.000000 1336.435913 0.000000 0.975038 0.000000 0.222037 0.346478 0.346478 0.346478
6166.790527 0.000000 1325.669434 0.000000 0.983527 0.000000 0.180762 0.346919 0.346919 0.346919
6149.865234 0.000000 1333.966675 0.000000 0.954028 0.000000 0.299718 0.345053 0.345053 0.345053
6187.314453 0.000000 1344.326050 0.000000 0.997657 0.000000 -0.068412 0.351149 0.351149 0.351149
6150.769043 0.000000 1335.147949 0.000000 0.955707 0.000000 -0.294321 0.355169 0.355169 0.355169
6166.478516 0.000000 1347.047119 0.000000 0.979362 0.000000 -0.202115 0.353930 0.353930 0.353930
6171.966309 0.000000 1348.409790 0.000000 0.998146 0.000000 0.060864 0.348741 0.348741 0.348741
6189.920898 0.000000 1340.464600 0.000000 0.999898 0.000000 0.014255 0.349753 0.349753 0.349753
6194.554199 0.000000 1336.384644 0.000000 0.996818 0.000000 -0.079706 0.351457 0.351457 0.351457
6247.866699 0.000000 1340.844238 0.000000 0.970068 0.000000 -0.242833 0.352786 0.352786 0.352786
6238.773926 0.000000 1315.612305 0.000000 0.967910 0.000000 0.251296 0.347026 0.347026 0.347026
6241.860352 0.000000 1307.881836 0.000000 0.999160 0.000000 0.040970 0.349481 0.349481 0.349481
6270.830566 0.000000 1346.375732 0.000000 0.988135 0.000000 -0.153588 0.352028 0.352028 0.352028
6250.572266 0.000000 1348.719482 0.000000 0.982756 0.000000 0.184909 0.347213 0.347213 0.347213
6242.527344 0.000000 1306.248169 0.000000 0.978709 0.000000 -0.205253 0.353080 0.353080 0.353080
6241.938477 0.000000 1350.029175 0.000000 0.972440 0.000000 0.233152 0.346145 0.346145 0.346145
6250.734375 0.000000 1347.154785 0.000000 0.979470 0.000000 0.201591 0.346825 0.346825 0.346825
6253.321289 0.000000 1337.623535 0.000000 0.998717 0.000000 0.050649 0.349194 0.349194 0.349194
6269.311523 0.000000 1353.431519 0.000000 0.954191 0.000000 0.299200 0.344716 0.344716 0.344716
6331.596680 0.000000 1259.182617 0.000000 0.958077 0.000000 0.286509 0.345887 0.345887 0.345887
6319.774902 0.000000 1261.844849 0.000000 0.986563 0.000000 -0.163384 0.352201 0.352201 0.352201
6325.305176 0.000000 1256.307129 0.000000 0.968110 0.000000 -0.250527 0.353452 0.353452 0.353452
6324.948730 0.000000 1269.382324 0.000000 0.999926 0.000000 -0.012185 0.350217 0.350217 0.350217
6317.502441 0.000000 1265.017090 0.000000 0.994202 0.000000 -0.107526 0.351539 0.351539 0.351539
6293.555664 0.000000 1258.421997 0.000000 0.966257 0.000000 -0.257580 0.355054 0.355054 0.355054
6319.049805 0.000000 1271.866211 0.000000 0.970540 0.000000 -0.240941 0.353795 0.353795 0.353795
6318.407715 0.000000 1269.826294 0.000000 0.980361 0.000000 0.197213 0.346696 0.346696 0.346696
6329.095215 0.000000 1266.435913 0.000000 0.996433 0.000000 -0.084392 0.351333 0.351333 0.351333
6334.777344 0.000000 1263.084473 0.000000 0.983735 0.000000 0.179628 0.347246 0.347246 0.347246
6331.166992 0.000000 1266.348999 0.000000 0.980126 0.000000 0.198375 0.346519 0.346519 0.346519
6332.957031 0.000000 1267.422119 0.000000 0.986751 0.000000 0.162241 0.347088 0.347088 0.347088
6324.736328 0.000000 1267.507324 0.000000 0.998732 0.000000 -0.050348 0.350838 0.350838 0.350838
6326.872070 0.000000 1263.041626 0.000000 0.998306 0.000000 0.058188 0.348901 0.348901 0.348901
6322.147461 0.000000 1267.728882 0.000000 1.000000 0.000000 0.000300 0.349994 0.349994 0.349994
6294.991211 0.000000 1254.935059 0.000000 0.999797 0.000000 0.020160 0.349651 0.349651 0.349651
6327.306152 0.000000 1264.479858 0.000000 0.999192 0.000000 -0.040192 0.350783 0.350783 0.350783
6297.134766 0.000000 1255.396973 0.000000 0.999989 0.000000 0.004789 0.349913 0.349913 0.349913
6347.937012 0.000000 1275.425659 0.000000 0.981333 0.000000 -0.192317 0.352283 0.352283 0.352283
6385.605957 0.000000 1295.510132 0.000000 0.990954 0.000000 -0.134203 0.351700 0.351700 0.351700
6377.246582 0.000000 1290.968018 0.000000 0.999866 0.000000 -0.016380 0.350213 0.350213 0.350213
6341.178223 0.000000 1268.026245 0.000000 0.999749 0.000000 -0.022422 0.350306 0.350306 0.350306
6383.961914 0.000000 1297.916138 0.000000 0.995363 0.000000 -0.096186 0.351229 0.351229 0.351229
6388.503418 0.000000 1297.073853 0.000000 0.998647 0.000000 -0.051992 0.350679 0.350679 0.350679
6359.550293 0.000000 1284.445190 0.000000 0.990158 0.000000 -0.139957 0.351822 0.351822 0.351822
6281.597656 0.000000 1349.016113 0.000000 0.977469 0.000000 -0.211079 0.352565 0.352565 0.352565
6284.884766 0.000000 1346.123047 0.000000 0.988676 0.000000 -0.150065 0.352244 0.352244 0.352244
6283.621582 0.000000 1345.064209 0.000000 0.989060 0.000000 -0.147513 0.352419 0.352419 0.352419
6394.165039 0.000000 1321.691284 0.000000 0.984778 0.000000 -0.173815 0.352053 0.352053 0.352053
6396.718750 0.000000 1340.372070 0.000000 0.988796 0.000000 -0.149274 0.351846 0.351846 0.351846
6395.743652 0.000000 1349.868164 0.000000 0.963257 0.000000 -0.268583 0.353493 0.353493 0.353493
6391.341309 0.000000 1350.432617 0.000000 0.982627 0.000000 0.185594 0.347512 0.347512 0.347512
6400.073242 0.000000 1337.702148 0.000000 0.976895 0.000000 0.213720 0.347469 0.347469 0.347469
6183.553711 0.000000 1372.827271 0.000000 0.994816 0.000000 0.101687 0.348767 0.348767 0.348767
6204.365723 0.000000 1358.352661 0.000000 0.997486 0.000000 0.070858 0.349117 0.349117 0.349117
6206.830566 0.000000 1402.860107 0.000000 0.969173 0.000000 -0.246381 0.353089 0.353089 0.353089
6190.583984 0.000000 1404.405518 0.000000 0.994549 0.000000 -0.104270 0.351337 0.351337 0.351337
6169.025879 0.000000 1355.872925 0.000000 0.968300 0.000000 0.249791 0.346592 0.346592 0.346592
6186.572266 0.000000 1405.203857 0.000000 0.967743 0.000000 0.251938 0.346361 0.346361 0.346361
6219.443359 0.000000 1385.612061 0.000000 0.998798 0.000000 -0.049019 0.350630 0.350630 0.350630
6267.743652 0.000000 1406.352539 0.000000 0.998267 0.000000 0.058840 0.349161 0.349161 0.349161
6264.956055 0.000000 1381.040771 0.000000 0.999133 0.000000 -0.041627 0.350597 0.350597 0.350597
6208.013672 0.000000 1360.147705 0.000000 0.961472 0.000000 0.274903 0.346240 0.346240 0.346240
6262.224609 0.000000 1370.803711 0.000000 0.991843 0.000000 -0.127463 0.352100 0.352100 0.352100
6267.157715 0.000000 1357.376709 0.000000 0.951414 0.000000 0.307914 0.345063 0.345063 0.345063
6269.900391 0.000000 1408.692871 0.000000 0.994365 0.000000 0.106009 0.348381 0.348381 0.348381
6268.833984 0.000000 1405.353271 0.000000 0.961281 0.000000 -0.275571 0.354550 0.354550 0.354550
6266.349609 0.000000 1361.900391 0.000000 0.977223 0.000000 0.212216 0.346422 0.346422 0.346422
6145.476562 0.000000 1418.568115 0.000000 0.986306 0.000000 -0.164927 0.351911 0.351911 0.351911
6178.040527 0.000000 1430.414307 0.000000 0.996373 0.000000 -0.085088 0.351046 0.351046 0.351046
6174.089844 0.000000 1441.044678 0.000000 0.990284 0.000000 0.139059 0.348324 0.348324 0.348324
6183.443848 0.000000 1423.398804 0.000000 0.994134 0.000000 -0.108154 0.351420 0.351420 0.351420
6165.939941 0.000000 1437.442749 0.000000 0.994993 0.000000 -0.099945 0.351400 0.351400 0.351400
6168.739258 0.000000 1440.678589 0.000000 0.970997 0.000000 -0.239090 0.354019 0.354019 0.354019
6157.989746 0.000000 1439.023804 0.000000 0.983105 0.000000 -0.183045 0.352638 0.352638 0.352638
6178.717285 0.000000 1437.472412 0.000000 0.979486 0.000000 -0.201512 0.353404 0.353404 0.353404
6156.962891 0.000000 1442.230103 0.000000 0.987094 0.000000 0.160145 0.347421 0.347421 0.347421
6161.384766 0.000000 1443.314697 0.000000 0.999490 0.000000 0.031925 0.349453 0.349453 0.349453
6157.189453 0.000000 1440.150024 0.000000 0.966072 0.000000 -0.258274 0.354588 0.354588 0.354588
6156.303711 0.000000 1441.063721 0.000000 0.998581 0.000000 0.053261 0.349064 0.349064 0.349064
6217.808105 0.000000 1447.814941 0.000000 0.963138 0.000000 -0.269009 0.353332 0.353332 0.353332
6220.424805 0.000000 1430.529175 0.000000 0.972247 0.000000 0.233957 0.346925 0.346925 0.346925
6223.814941 0.000000 1432.741333 0.000000 0.969237 0.000000 0.246129 0.346588 0.346588 0.346588
6255.143066 0.000000 1437.786865 0.000000 0.999998 0.000000 0.001952 0.349970 0.349970 0.349970
6267.325195 0.000000 1424.224731 0.000000 0.992616 0.000000 -0.121302 0.352114 0.352114 0.352114
6264.204590 0.000000 1422.370239 0.000000 0.994780 0.000000 -0.102047 0.351858 0.351858 0.351858
6220.623047 0.000000 1435.740967 0.000000 0.983895 0.000000 0.178750 0.347142 0.347142 0.347142
6263.988281 0.000000 1427.732666 0.000000 0.975974 0.000000 -0.217886 0.354059 0.354059 0.354059
6262.014648 0.000000 1417.629517 0.000000 0.999731 0.000000 0.023212 0.349620 0.349620 0.349620
6260.127930 0.000000 1417.594727 0.000000 0.955620 0.000000 0.294603 0.345101 0.345101 0.345101
6265.149414 0.000000 1428.214966 0.000000 0.988206 0.000000 -0.153128 0.352781 0.352781 0.352781
6329.426758 0.000000 1373.023926 0.000000 0.999952 0.000000 -0.009815 0.350111 0.350111 0.350111
6276.861816 0.000000 1383.579590 0.000000 0.982772 0.000000 0.184824 0.347775 0.347775 0.347775
6306.139648 0.000000 1357.351318 0.000000 0.994174 0.000000 -0.107788 0.351321 0.351321 0.351321
6276.219238 0.000000 1388.259155 0.000000 0.994918 0.000000 -0.100685 0.351243 0.351243 0.351243
6284.406250 0.000000 1356.573364 0.000000 0.960323 0.000000 0.278890 0.346518 0.346518 0.346518
6308.294922 0.000000 1359.281738 0.000000 0.999826 0.000000 -0.018662 0.350242 0.350242 0.350242
6328.270996 0.000000 1376.134766 0.000000 0.999762 0.000000 -0.021796 0.350294 0.350294 0.350294
6277.178223 0.000000 1380.994995 0.000000 0.994170 0.000000 -0.107825 0.351388 0.351388 0.351388
6275.661133 0.000000 1376.698608 0.000000 0.999392 0.000000 0.034879 0.349505 0.349505 0.349505
6326.075195 0.000000 1377.170044 0.000000 0.966689 0.000000 -0.255955 0.353675 0.353675 0.353675
6276.679688 0.000000 1369.861328 0.000000 0.952119 0.000000 0.305728 0.345140 0.345140 0.345140
6324.288574 0.000000 1376.455078 0.000000 0.999811 0.000000 0.019431 0.349732 0.349732 0.349732
6327.775879 0.000000 1383.349976 0.000000 0.960874 0.000000 0.276987 0.345242 0.345242 0.345242
6324.948730 0.000000 1382.351074 0.000000 0.999275 0.000000 0.038084 0.349381 0.349381 0.349381
6276.837402 0.000000 1403.864746 0.000000 0.983198 0.000000 0.182543 0.347345 0.347345 0.347345
6280.084473 0.000000 1371.260010 0.000000 0.998224 0.000000 -0.059569 0.350992 0.350992 0.350992
6280.607910 0.000000 1369.460449 0.000000 0.988214 0.000000 0.153077 0.347603 0.347603 0.347603
6318.407715 0.000000 1382.795044 0.000000 0.954984 0.000000 -0.296657 0.354553 0.354553 0.354553
6274.838379 0.000000 1406.923340 0.000000 0.997002 0.000000 -0.077381 0.351168 0.351168 0.351168
6277.125488 0.000000 1368.356079 0.000000 0.961505 0.000000 0.274788 0.345646 0.345646 0.345646
6277.821289 0.000000 1373.231201 0.000000 0.961223 0.000000 -0.275772 0.354455 0.354455 0.354455
6319.812988 0.000000 1387.729492 0.000000 0.999896 0.000000 -0.014414 0.350242 0.350242 0.350242
6292.947754 0.000000 1370.254761 0.000000 0.999266 0.000000 -0.038318 0.350675 0.350675 0.350675
6349.467773 0.000000 1371.180298 0.000000 0.991692 0.000000 -0.128635 0.351465 0.351465 0.351465
6372.294922 0.000000 1359.281738 0.000000 0.993666 0.000000 -0.112371 0.351451 0.351451 0.351451
6298.840820 0.000000 1438.813721 0.000000 0.998301 0.000000 -0.058262 0.350672 0.350672 0.350672
6298.280762 0.000000 1455.955688 0.000000 0.988720 0.000000 -0.149778 0.351984 0.351984 0.351984
6297.637695 0.000000 1448.806763 0.000000 0.998112 0.000000 0.061420 0.349114 0.349114 0.349114
6303.070801 0.000000 1432.766602 0.000000 0.953514 0.000000 -0.301349 0.354520 0.354520 0.354520
6301.245605 0.000000 1447.944214 0.000000 0.990131 0.000000 0.140144 0.347629 0.347629 0.347629
6288.411621 0.000000 1416.503906 0.000000 1.000000 0.000000 0.000821 0.349986 0.349986 0.349986
4899.886719 0.000000 2064.062012 0.000000 0.981775 0.000000 0.190047 0.347477 0.347477 0.347477
4896.511719 0.000000 2064.434814 0.000000 0.999774 0.000000 -0.021278 0.350443 0.350443 0.350443
4526.165527 0.000000 2615.823486 0.000000 0.995259 0.000000 -0.097265 0.351158 0.351158 0.351158
4537.095215 0.000000 2622.060791 0.000000 0.987279 0.000000 -0.158998 0.353544 0.353544 0.353544
4528.720703 0.000000 2628.324951 0.000000 0.998984 0.000000 -0.045056 0.350863 0.350863 0.350863
4539.166992 0.000000 2621.973877 0.000000 0.974168 0.000000 -0.225826 0.354777 0.354777 0.354777
4538.127441 0.000000 2622.873779 0.000000 0.993857 0.000000 -0.110674 0.352471 0.352471 0.352471
4600.270996 0.000000 2618.791016 0.000000 0.980959 0.000000 0.194215 0.347344 0.347344 0.347344
4596.417969 0.000000 2628.606201 0.000000 0.997810 0.000000 -0.066145 0.350969 0.350969 0.350969
4572.897949 0.000000 2619.920166 0.000000 0.982021 0.000000 -0.188773 0.353535 0.353535 0.353535
4580.267090 0.000000 2623.171875 0.000000 0.998357 0.000000 0.057302 0.349211 0.349211 0.349211
4599.775879 0.000000 2626.006104 0.000000 0.994987 0.000000 0.100008 0.348547 0.348547 0.348547
4562.928223 0.000000 2639.186035 0.000000 0.981299 0.000000 0.192489 0.347114 0.347114 0.347114
4579.805176 0.000000 2617.195557 0.000000 0.974927 0.000000 -0.222525 0.354461 0.354461 0.354461
4602.464844 0.000000 2634.568604 0.000000 0.968822 0.000000 -0.247759 0.355108 0.355108 0.355108
4603.648926 0.000000 2619.793945 0.000000 0.971409 0.000000 -0.237414 0.354304 0.354304 0.354304
4566.173340 0.000000 2637.622803 0.000000 0.984433 0.000000 0.175760 0.347376 0.347376 0.347376
4594.333496 0.000000 2637.217773 0.000000 0.984978 0.000000 -0.172680 0.353768 0.353768 0.353768
4575.070801 0.000000 2618.938477 0.000000 0.995810 0.000000 0.091451 0.348011 0.348011 0.348011
4581.219727 0.000000 2621.860596 0.000000 0.997534 0.000000 -0.070183 0.351378 0.351378 0.351378
4592.299805 0.000000 2634.427734 0.000000 0.978142 0.000000 -0.207940 0.354548 0.354548 0.354548
4574.637207 0.000000 2616.450195 0.000000 0.995432 0.000000 -0.095473 0.351587 0.351587 0.351587
4561.954102 0.000000 2636.305420 0.000000 0.999764 0.000000 -0.021727 0.350434 0.350434 0.350434
4565.721191 0.000000 2610.454102 0.000000 0.999931 0.000000 0.011784 0.349762 0.349762 0.349762
4583.991211 0.000000 2631.172852 0.000000 0.998550 0.000000 0.053829 0.348915 0.348915 0.348915
4604.552246 0.000000 2627.700439 0.000000 0.983710 0.000000 -0.179765 0.353230 0.353230 0.353230
4545.273926 0.000000 2625.801025 0.000000 0.962937 0.000000 0.269726 0.345585 0.345585 0.345585
4583.114258 0.000000 2628.736084 0.000000 0.994161 0.000000 -0.107906 0.352409 0.352409 0.352409
4548.648926 0.000000 2620.391357 0.000000 0.976956 0.000000 0.213441 0.345207 0.345207 0.345207
4607.335449 0.000000 2624.510742 0.000000 0.996768 0.000000 -0.080339 0.351578 0.351578 0.351578
4598.485352 0.000000 2637.984131 0.000000 0.995576 0.000000 0.093960 0.347903 0.347903 0.347903
4602.127441 0.000000 2622.873779 0.000000 0.999468 0.000000 0.032625 0.349384 0.349384 0.349384
4592.498535 0.000000 2631.833984 0.000000 0.996741 0.000000 -0.080672 0.351687 0.351687 0.351687
4550.992676 0.000000 2618.348389 0.000000 0.999988 0.000000 0.004843 0.349899 0.349899 0.349899
4610.240723 0.000000 2640.598633 0.000000 0.956178 0.000000 0.292787 0.343379 0.343379 0.343379
4639.343262 0.000000 2641.417969 0.000000 0.962377 0.000000 -0.271718 0.355675 0.355675 0.355675
4625.260742 0.000000 2640.845459 0.000000 0.980763 0.000000 -0.195202 0.354378 0.354378 0.354378
4642.384277 0.000000 2646.551025 0.000000 0.997573 0.000000 -0.069627 0.351126 0.351126 0.351126
4638.635254 0.000000 2642.844482 0.000000 0.984288 0.000000 -0.176573 0.353955 0.353955 0.353955
4638.239746 0.000000 2646.463135 0.000000 0.967960 0.000000 0.251104 0.344489 0.344489 0.344489
4624.417480 0.000000 2644.152344 0.000000 0.979043 0.000000 -0.203653 0.354337 0.354337 0.354337
4639.716309 0.000000 2640.053467 0.000000 0.999919 0.000000 0.012720 0.349738 0.349738 0.349738
4620.848145 0.000000 2642.184326 0.000000 0.981444 0.000000 0.191750 0.346055 0.346055 0.346055
4641.146973 0.000000 2646.214600 0.000000 0.988319 0.000000 0.152402 0.346678 0.346678 0.346678
4616.482910 0.000000 2638.631348 0.000000 0.953241 0.000000 0.302211 0.344259 0.344259 0.344259
4860.241699 0.000000 2665.508057 0.000000 0.999535 0.000000 0.030485 0.349480 0.349480 0.349480
4900.534668 0.000000 2671.943604 0.000000 0.978950 0.000000 0.204102 0.347207 0.347207 0.347207
4904.628906 0.000000 2660.906006 0.000000 0.985836 0.000000 0.167713 0.347681 0.347681 0.347681
4875.600586 0.000000 2660.487549 0.000000 0.971853 0.000000 -0.235588 0.353439 0.353439 0.353439
4908.434570 0.000000 2666.544434 0.000000 0.967429 0.000000 0.253142 0.345505 0.345505 0.345505
4913.878906 0.000000 2667.109619 0.000000 0.998090 0.000000 0.061780 0.349160 0.349160 0.349160
4913.047363 0.000000 2663.590088 0.000000 0.999937 0.000000 -0.011210 0.350197 0.350197 0.350197
4884.110352 0.000000 2668.403320 0.000000 0.968426 0.000000 -0.249300 0.355614 0.355614 0.355614
4903.815430 0.000000 2664.319336 0.000000 0.962521 0.000000 -0.271208 0.356120 0.356120 0.356120
4883.362793 0.000000 2663.077148 0.000000 0.994716 0.000000 -0.102661 0.352103 0.352103 0.352103
4888.543945 0.000000 2664.943115 0.000000 0.997419 0.000000 -0.071803 0.351432 0.351432 0.351432
4905.913086 0.000000 2672.160400 0.000000 0.988160 0.000000 -0.153424 0.352409 0.352409 0.352409
4888.543945 0.000000 2669.267090 0.000000 0.988428 0.000000 -0.151694 0.353393 0.353393 0.353393
4906.500977 0.000000 2669.551270 0.000000 0.990663 0.000000 -0.136330 0.352880 0.352880 0.352880
4891.479980 0.000000 2669.124512 0.000000 0.995712 0.000000 -0.092513 0.351704 0.351704 0.351704
4878.473633 0.000000 2658.289551 0.000000 0.998668 0.000000 -0.051591 0.350848 0.350848 0.350848
4887.642578 0.000000 2662.184570 0.000000 0.957961 0.000000 -0.286898 0.356458 0.356458 0.356458
4886.916016 0.000000 2661.011719 0.000000 0.987440 0.000000 -0.157995 0.352870 0.352870 0.352870
4904.788574 0.000000 2669.651855 0.000000 0.977935 0.000000 0.208908 0.345338 0.345338 0.345338
4936.162109 0.000000 2674.486328 0.000000 0.999504 0.000000 0.031494 0.349546 0.349546 0.349546
4934.215332 0.000000 2670.918945 0.000000 0.999303 0.000000 0.037343 0.349444 0.349444 0.349444
4964.762207 0.000000 2676.270752 0.000000 0.995968 0.000000 -0.089714 0.351354 0.351354 0.351354
4962.804199 0.000000 2678.747803 0.000000 0.999648 0.000000 -0.026514 0.350509 0.350509 0.350509
5002.271484 0.000000 2683.867432 0.000000 0.995166 0.000000 -0.098208 0.351732 0.351732 0.351732
5089.651855 0.000000 2690.963135 0.000000 0.959688 0.000000 -0.281066 0.353747 0.353747 0.353747
5111.657227 0.000000 2695.139404 0.000000 0.982390 0.000000 0.186844 0.346855 0.346855 0.346855
5082.051758 0.000000 2687.059814 0.000000 0.992878 0.000000 -0.119137 0.352337 0.352337 0.352337
5079.875000 0.000000 2686.841309 0.000000 0.987960 0.000000 -0.154708 0.352497 0.352497 0.352497
5068.962891 0.000000 2684.886230 0.000000 0.955903 0.000000 -0.293682 0.354792 0.354792 0.354792
5073.551270 0.000000 2688.707520 0.000000 0.995285 0.000000 -0.096992 0.351515 0.351515 0.351515
5068.118652 0.000000 2686.098389 0.000000 0.962829 0.000000 0.270110 0.344659 0.344659 0.344659
5085.621094 0.000000 2691.913086 0.000000 0.998947 0.000000 0.045883 0.349118 0.349118 0.349118
5912.357910 0.000000 1872.495361 0.000000 0.988724 0.000000 0.149751 0.348135 0.348135 0.348135
5932.435059 0.000000 1899.959473 0.000000 0.990368 0.000000 0.138460 0.347997 0.347997 0.347997
5937.177734 0.000000 1905.597656 0.000000 0.997022 0.000000 -0.077123 0.351177 0.351177 0.351177
5939.333496 0.000000 1908.392090 0.000000 0.985565 0.000000 -0.169295 0.353092 0.353092 0.353092
5945.594238 0.000000 1909.802246 0.000000 0.983999 0.000000 0.178176 0.346079 0.346079 0.346079
5945.621582 0.000000 1896.875122 0.000000 0.981839 0.000000 0.189714 0.346648 0.346648 0.346648
5232.015137 0.000000 2400.125244 0.000000 0.981946 0.000000 0.189162 0.347614 0.347614 0.347614
5871.481934 0.000000 2419.901855 0.000000 0.966379 0.000000 0.257121 0.344831 0.344831 0.344831
6122.064453 0.000000 2423.667480 0.000000 0.998237 0.000000 -0.059348 0.350713 0.350713 0.350713
6107.270508 0.000000 2424.090088 0.000000 0.952630 0.000000 0.304131 0.343114 0.343114 0.343114
6122.718262 0.000000 2418.842773 0.000000 0.996029 0.000000 -0.089026 0.351807 0.351807 0.351807
6122.572266 0.000000 2421.922607 0.000000 0.998359 0.000000 -0.057269 0.350931 0.350931 0.350931
6103.844727 0.000000 2419.864258 0.000000 0.953066 0.000000 0.302763 0.344396 0.344396 0.344396
4431.150391 0.000000 3047.282959 0.000000 0.992735 0.000000 0.120322 0.348235 0.348235 0.348235
4418.331055 0.000000 3033.617676 0.000000 0.992069 0.000000 -0.125696 0.352202 0.352202 0.352202
4436.687500 0.000000 3046.375000 0.000000 0.954215 0.000000 -0.299122 0.355256 0.355256 0.355256
4435.869141 0.000000 3044.991455 0.000000 0.962239 0.000000 -0.272206 0.354396 0.354396 0.354396
4411.648926 0.000000 3071.668945 0.000000 0.999149 0.000000 -0.041239 0.350916 0.350916 0.350916
4409.095215 0.000000 3073.935791 0.000000 0.955365 0.000000 0.295428 0.344851 0.344851 0.344851
4409.763184 0.000000 3071.171875 0.000000 0.980726 0.000000 0.195388 0.346349 0.346349 0.346349
4415.538574 0.000000 3064.641357 0.000000 0.997909 0.000000 -0.064638 0.351133 0.351133 0.351133
4418.200195 0.000000 3066.775391 0.000000 0.988965 0.000000 0.148147 0.347362 0.347362 0.347362
4416.951172 0.000000 3064.391357 0.000000 0.983221 0.000000 0.182418 0.346049 0.346049 0.346049
4435.355469 0.000000 3050.189941 0.000000 0.983328 0.000000 -0.181839 0.353699 0.353699 0.353699
4421.138184 0.000000 3065.591553 0.000000 0.997819 0.000000 0.066017 0.348528 0.348528 0.348528
4417.854492 0.000000 3065.599609 0.000000 0.989901 0.000000 -0.141762 0.353064 0.353064 0.353064
5618.542480 0.000000 2773.532959 0.000000 0.958854 0.000000 -0.283898 0.353785 0.353785 0.353785
5659.871582 0.000000 2787.801758 0.000000 0.973961 0.000000 -0.226715 0.353387 0.353387 0.353387
5706.276367 0.000000 2788.341797 0.000000 0.994085 0.000000 0.108605 0.348702 0.348702 0.348702
5707.004883 0.000000 2793.554443 0.000000 0.958443 0.000000 0.285283 0.345222 0.345222 0.345222
5705.808594 0.000000 2790.092529 0.000000 0.952952 0.000000 0.303120 0.345089 0.345089 0.345089
6118.249512 0.000000 2821.426514 0.000000 0.991699 0.000000 -0.128584 0.352873 0.352873 0.352873
6650.133789 0.000000 2230.354980 0.000000 0.995202 0.000000 -0.097845 0.351126 0.351126 0.351126
6649.397461 0.000000 2241.041016 0.000000 0.989590 0.000000 0.143914 0.348019 0.348019 0.348019
6632.581055 0.000000 2233.155029 0.000000 0.983851 0.000000 -0.178989 0.352469 0.352469 0.352469
6644.417969 0.000000 2233.215576 0.000000 0.966594 0.000000 0.256314 0.346444 0.346444 0.346444
6638.922852 0.000000 2238.211914 0.000000 0.975562 0.000000 -0.219724 0.353039 0.353039 0.353039
6637.660156 0.000000 2234.840820 0.000000 0.967478 0.000000 0.252957 0.346492 0.346492 0.346492
6655.412109 0.000000 2255.738770 0.000000 0.955825 0.000000 -0.293936 0.355044 0.355044 0.355044
6844.365723 0.000000 2036.165161 0.000000 0.999770 0.000000 0.021424 0.349726 0.349726 0.349726
6841.532715 0.000000 2048.412109 0.000000 0.984626 0.000000 0.174675 0.347653 0.347653 0.347653
6842.464844 0.000000 2069.724854 0.000000 0.999987 0.000000 0.005061 0.349917 0.349917 0.349917
6847.198730 0.000000 2068.457520 0.000000 0.955081 0.000000 0.296346 0.345412 0.345412 0.345412
6845.998047 0.000000 2066.063477 0.000000 0.990342 0.000000 0.138648 0.347047 0.347047 0.347047
6839.597168 0.000000 2040.353638 0.000000 0.996922 0.000000 0.078396 0.348334 0.348334 0.348334
6837.702637 0.000000 2051.274414 0.000000 0.999984 0.000000 0.005598 0.349911 0.349911 0.349911
6846.782227 0.000000 2071.457520 0.000000 0.987455 0.000000 0.157899 0.346959 0.346959 0.346959
6843.613770 0.000000 2064.644775 0.000000 0.991947 0.000000 -0.126652 0.352502 0.352502 0.352502
6851.196289 0.000000 2079.187988 0.000000 0.994653 0.000000 -0.103272 0.351505 0.351505 0.351505
6852.395996 0.000000 2060.023193 0.000000 0.990455 0.000000 0.137839 0.347638 0.347638 0.347638
6853.906250 0.000000 2060.026123 0.000000 0.990108 0.000000 0.140309 0.347595 0.347595 0.347595
6866.458984 0.000000 2084.874756 0.000000 0.953744 0.000000 0.300619 0.344797 0.344797 0.344797
6849.285645 0.000000 2062.549561 0.000000 0.969866 0.000000 -0.243641 0.354979 0.354979 0.354979
6677.389160 0.000000 2246.116455 0.000000 0.998965 0.000000 0.045488 0.349418 0.349418 0.349418
6690.441895 0.000000 2236.854004 0.000000 0.981021 0.000000 -0.193899 0.352677 0.352677 0.352677
6686.667969 0.000000 2239.271973 0.000000 0.972927 0.000000 0.231112 0.346801 0.346801 0.346801
6699.827148 0.000000 2241.077393 0.000000 0.954567 0.000000 -0.297998 0.354151 0.354151 0.354151
6698.151367 0.000000 2245.402100 0.000000 0.979207 0.000000 -0.202863 0.352802 0.352802 0.352802
6675.139160 0.000000 2250.554443 0.000000 0.998801 0.000000 0.048945 0.349328 0.349328 0.349328
6693.990723 0.000000 2239.528076 0.000000 0.973226 0.000000 0.229851 0.346818 0.346818 0.346818
6659.196289 0.000000 2248.641113 0.000000 0.999915 0.000000 -0.013024 0.350195 0.350195 0.350195
6671.300293 0.000000 2245.978760 0.000000 0.976623 0.000000 0.214960 0.345504 0.345504 0.345504
6673.638672 0.000000 2244.188965 0.000000 0.999941 0.000000 0.010825 0.349802 0.349802 0.349802
6662.734863 0.000000 2252.944580 0.000000 0.961495 0.000000 -0.274823 0.355753 0.355753 0.355753
6669.262207 0.000000 2252.841064 0.000000 0.968563 0.000000 -0.248769 0.355393 0.355393 0.355393
6776.851562 0.000000 2234.502930 0.000000 0.970339 0.000000 0.241750 0.347109 0.347109 0.347109
6735.712891 0.000000 2221.504883 0.000000 0.980183 0.000000 -0.198094 0.352448 0.352448 0.352448
6740.109863 0.000000 2214.580322 0.000000 0.962541 0.000000 -0.271136 0.353455 0.353455 0.353455
6734.569336 0.000000 2236.659424 0.000000 0.970601 0.000000 0.240694 0.346941 0.346941 0.346941
6779.279297 0.000000 2228.092041 0.000000 0.980671 0.000000 0.195664 0.347505 0.347505 0.347505
6740.471191 0.000000 2224.716309 0.000000 0.969853 0.000000 0.243691 0.346623 0.346623 0.346623
6763.827148 0.000000 2241.077393 0.000000 0.990736 0.000000 0.135799 0.348096 0.348096 0.348096
6739.281738 0.000000 2258.545166 0.000000 0.993556 0.000000 0.113338 0.348486 0.348486 0.348486
6776.956055 0.000000 2228.306396 0.000000 0.971363 0.000000 -0.237602 0.353417 0.353417 0.353417
6732.076660 0.000000 2238.201172 0.000000 0.996881 0.000000 0.078919 0.348958 0.348958 0.348958
6768.749512 0.000000 2225.498291 0.000000 0.961703 0.000000 0.274092 0.346215 0.346215 0.346215
6733.897461 0.000000 2245.998535 0.000000 1.000000 0.000000 0.000666 0.349991 0.349991 0.349991
6734.486328 0.000000 2241.572510 0.000000 0.984647 0.000000 -0.174558 0.352407 0.352407 0.352407
6729.114258 0.000000 2233.004395 0.000000 0.963097 0.000000 -0.269154 0.353738 0.353738 0.353738
6773.305176 0.000000 2216.541504 0.000000 0.980742 0.000000 -0.195307 0.353195 0.353195 0.353195
6766.877930 0.000000 2256.314209 0.000000 0.998290 0.000000 0.058462 0.349152 0.349152 0.349152
6734.324707 0.000000 2226.778564 0.000000 0.969478 0.000000 -0.245179 0.353669 0.353669 0.353669
6737.646484 0.000000 2222.215332 0.000000 0.954669 0.000000 0.297668 0.345854 0.345854 0.345854
6763.937012 0.000000 2259.318115 0.000000 0.975749 0.000000 0.218894 0.345951 0.345951 0.345951
6760.666504 0.000000 2249.213135 0.000000 0.998147 0.000000 0.060856 0.349008 0.349008 0.349008
6777.789062 0.000000 2222.252441 0.000000 0.999480 0.000000 -0.032230 0.350525 0.350525 0.350525
6765.863281 0.000000 2249.707764 0.000000 0.992278 0.000000 -0.124038 0.351793 0.351793 0.351793
6774.093750 0.000000 2227.157959 0.000000 0.988737 0.000000 0.149665 0.347165 0.347165 0.347165
6760.504883 0.000000 2246.284180 0.000000 0.971780 0.000000 0.235887 0.346119 0.346119 0.346119
6762.572266 0.000000 2252.469482 0.000000 0.995888 0.000000 0.090593 0.348522 0.348522 0.348522
6747.848633 0.000000 2256.549805 0.000000 0.996884 0.000000 -0.078882 0.351204 0.351204 0.351204
6771.232422 0.000000 2222.244629 0.000000 0.999344 0.000000 -0.036222 0.350590 0.350590 0.350590
6740.010742 0.000000 2247.099854 0.000000 0.977151 0.000000 0.212544 0.346510 0.346510 0.346510
6740.232910 0.000000 2245.010254 0.000000 0.999961 0.000000 0.008805 0.349862 0.349862 0.349862
6745.614258 0.000000 2254.626221 0.000000 0.999020 0.000000 -0.044266 0.350760 0.350760 0.350760
6757.666016 0.000000 2250.726562 0.000000 0.951119 0.000000 0.308825 0.344925 0.344925 0.344925
6773.702637 0.000000 2220.727539 0.000000 0.979798 0.000000 -0.199988 0.353281 0.353281 0.353281
6760.984863 0.000000 2257.114014 0.000000 0.959803 0.000000 -0.280674 0.354636 0.354636 0.354636
6742.478516 0.000000 2250.797119 0.000000 0.993472 0.000000 -0.114079 0.351863 0.351863 0.351863
6763.855957 0.000000 2242.464844 0.000000 0.995798 0.000000 -0.091577 0.351494 0.351494 0.351494
6738.752930 0.000000 2249.244873 0.000000 0.971752 0.000000 -0.236005 0.353883 0.353883 0.353883
6793.040527 0.000000 2244.415283 0.000000 0.999974 0.000000 -0.007252 0.350114 0.350114 0.350114
6789.526367 0.000000 2243.956543 0.000000 0.998368 0.000000 -0.057107 0.350931 0.350931 0.350931
6796.826172 0.000000 2242.076660 0.000000 0.991368 0.000000 0.131110 0.347932 0.347932 0.347932
6786.917480 0.000000 2236.320068 0.000000 0.987486 0.000000 -0.157707 0.352581 0.352581 0.352581
6158.452148 0.000000 2427.938477 0.000000 0.972724 0.000000 -0.231965 0.353017 0.353017 0.353017
6167.825684 0.000000 2426.264160 0.000000 0.995884 0.000000 -0.090633 0.351352 0.351352 0.351352
6171.270508 0.000000 2424.090088 0.000000 0.990139 0.000000 0.140086 0.347212 0.347212 0.347212
6192.143066 0.000000 2424.760254 0.000000 0.980369 0.000000 -0.197173 0.353208 0.353208 0.353208
6195.676270 0.000000 2423.656250 0.000000 0.952659 0.000000 0.304042 0.343656 0.343656 0.343656
6237.530273 0.000000 2426.517090 0.000000 0.994041 0.000000 0.109007 0.348277 0.348277 0.348277
6250.936523 0.000000 2424.843994 0.000000 0.998162 0.000000 0.060607 0.348895 0.348895 0.348895
6252.112305 0.000000 2426.398193 0.000000 0.998189 0.000000 -0.060152 0.350981 0.350981 0.350981
6231.051758 0.000000 2431.875977 0.000000 0.994093 0.000000 -0.108534 0.351896 0.351896 0.351896
6232.548340 0.000000 2430.885010 0.000000 0.995134 0.000000 -0.098526 0.352186 0.352186 0.352186
6639.681152 0.000000 2262.276855 0.000000 0.995139 0.000000 0.098476 0.348647 0.348647 0.348647
6643.473145 0.000000 2299.752930 0.000000 0.975847 0.000000 0.218455 0.346979 0.346979 0.346979
6636.424316 0.000000 2311.921143 0.000000 0.985535 0.000000 0.169472 0.347545 0.347545 0.347545
6651.060547 0.000000 2301.967285 0.000000 0.972199 0.000000 0.234155 0.346376 0.346376 0.346376
6638.877930 0.000000 2312.798584 0.000000 0.998398 0.000000 0.056577 0.349078 0.349078 0.349078
6638.922852 0.000000 2294.696289 0.000000 0.961731 0.000000 0.273996 0.345865 0.345865 0.345865
6635.937012 0.000000 2315.802490 0.000000 0.973577 0.000000 -0.228358 0.353754 0.353754 0.353754
6647.657227 0.000000 2299.748779 0.000000 0.999388 0.000000 -0.034977 0.350488 0.350488 0.350488
6641.047363 0.000000 2268.199463 0.000000 0.973898 0.000000 -0.226987 0.353151 0.353151 0.353151
6643.232422 0.000000 2278.729004 0.000000 0.988038 0.000000 0.154209 0.347477 0.347477 0.347477
6639.049805 0.000000 2288.584961 0.000000 0.998336 0.000000 -0.057661 0.350940 0.350940 0.350940
6650.732422 0.000000 2313.047852 0.000000 0.998314 0.000000 -0.058039 0.350984 0.350984 0.350984
6638.407715 0.000000 2286.544922 0.000000 0.964073 0.000000 -0.265639 0.354076 0.354076 0.354076
6622.198730 0.000000 2310.623047 0.000000 0.980332 0.000000 0.197355 0.346763 0.346763 0.346763
6649.763184 0.000000 2280.390625 0.000000 0.974930 0.000000 -0.222513 0.354235 0.354235 0.354235
6646.250977 0.000000 2287.138184 0.000000 0.997979 0.000000 0.063538 0.348817 0.348817 0.348817
6643.138184 0.000000 2291.387207 0.000000 0.954862 0.000000 -0.297051 0.355455 0.355455 0.355455
6647.532715 0.000000 2283.984863 0.000000 0.994973 0.000000 -0.100146 0.351714 0.351714 0.351714
6652.833984 0.000000 2309.103271 0.000000 0.993020 0.000000 -0.117948 0.352267 0.352267 0.352267
6654.782227 0.000000 2297.395020 0.000000 0.967559 0.000000 -0.252645 0.354162 0.354162 0.354162
6637.468262 0.000000 2312.884766 0.000000 0.983043 0.000000 -0.183373 0.353005 0.353005 0.353005
6645.027344 0.000000 2290.892090 0.000000 0.987917 0.000000 -0.154982 0.352985 0.352985 0.352985
6649.029297 0.000000 2287.523193 0.000000 0.972028 0.000000 -0.234865 0.354060 0.354060 0.354060
6648.202637 0.000000 2276.331543 0.000000 0.952338 0.000000 -0.305045 0.355539 0.355539 0.355539
6645.735840 0.000000 2275.755615 0.000000 0.956012 0.000000 -0.293328 0.355619 0.355619 0.355619
6645.912598 0.000000 2282.153809 0.000000 0.953879 0.000000 -0.300191 0.355688 0.355688 0.355688
6645.814941 0.000000 2289.750000 0.000000 0.998012 0.000000 -0.063023 0.351141 0.351141 0.351141
6644.335449 0.000000 2273.850586 0.000000 0.973357 0.000000 0.229297 0.345633 0.345633 0.345633
6603.937012 0.000000 2348.628662 0.000000 0.999247 0.000000 -0.038808 0.350466 0.350466 0.350466
6653.258301 0.000000 2327.873779 0.000000 0.983351 0.000000 0.181715 0.347469 0.347469 0.347469
6613.389160 0.000000 2359.085205 0.000000 0.999901 0.000000 0.014043 0.349807 0.349807 0.349807
6616.755859 0.000000 2335.208496 0.000000 0.981418 0.000000 0.191879 0.347351 0.347351 0.347351
6654.188965 0.000000 2330.934082 0.000000 0.998554 0.000000 0.053755 0.349257 0.349257 0.349257
6615.342285 0.000000 2331.370117 0.000000 0.997757 0.000000 -0.066947 0.350928 0.350928 0.350928
6639.881836 0.000000 2328.591797 0.000000 0.999823 0.000000 0.018832 0.349657 0.349657 0.349657
6640.094238 0.000000 2332.968750 0.000000 0.963509 0.000000 0.267675 0.345584 0.345584 0.345584
6631.709473 0.000000 2315.861572 0.000000 0.997284 0.000000 0.073657 0.348705 0.348705 0.348705
6642.463867 0.000000 2331.787842 0.000000 0.991167 0.000000 0.132620 0.347844 0.347844 0.347844
6619.430664 0.000000 2327.886963 0.000000 0.998509 0.000000 0.054595 0.349220 0.349220 0.349220
6637.137695 0.000000 2330.919434 0.000000 0.987956 0.000000 0.154733 0.347604 0.347604 0.347604
6655.180664 0.000000 2321.960693 0.000000 0.998634 0.000000 0.052243 0.348892 0.348892 0.348892
6634.243164 0.000000 2321.744385 0.000000 0.999288 0.000000 -0.037732 0.350684 0.350684 0.350684
6636.527832 0.000000 2323.843018 0.000000 0.976073 0.000000 0.217445 0.346035 0.346035 0.346035
6616.543945 0.000000 2330.360840 0.000000 0.994931 0.000000 0.100556 0.348381 0.348381 0.348381
6652.446777 0.000000 2320.117188 0.000000 0.970984 0.000000 -0.239145 0.354600 0.354600 0.354600
6618.808105 0.000000 2332.865234 0.000000 0.985919 0.000000 -0.167225 0.352628 0.352628 0.352628
6636.179688 0.000000 2319.282471 0.000000 0.983085 0.000000 -0.183148 0.353002 0.353002 0.353002
6634.374023 0.000000 2328.504150 0.000000 0.961220 0.000000 -0.275784 0.354553 0.354553 0.354553
6621.330566 0.000000 2331.966553 0.000000 0.999915 0.000000 0.013061 0.349787 0.349787 0.349787
6635.614258 0.000000 2326.083740 0.000000 0.979051 0.000000 0.203617 0.346300 0.346300 0.346300
6638.835449 0.000000 2319.909912 0.000000 0.957308 0.000000 -0.289069 0.354779 0.354779 0.354779
6631.477539 0.000000 2321.117188 0.000000 0.986009 0.000000 0.166694 0.347249 0.347249 0.347249
6650.349609 0.000000 2322.134766 0.000000 0.968504 0.000000 -0.248998 0.354189 0.354189 0.354189
6634.238770 0.000000 2325.698242 0.000000 0.981715 0.000000 0.190355 0.346385 0.346385 0.346385
6637.161133 0.000000 2326.577393 0.000000 0.991236 0.000000 0.132102 0.347499 0.347499 0.347499
6654.218750 0.000000 2316.803223 0.000000 0.988919 0.000000 0.148458 0.346804 0.346804 0.346804
6390.469238 0.000000 2495.466553 0.000000 0.967300 0.000000 -0.253635 0.353316 0.353316 0.353316
6377.191406 0.000000 2487.442871 0.000000 0.998192 0.000000 -0.060101 0.350880 0.350880 0.350880
6378.449707 0.000000 2488.073486 0.000000 0.993299 0.000000 -0.115576 0.351989 0.351989 0.351989
6402.523438 0.000000 2499.727295 0.000000 0.999992 0.000000 -0.003912 0.350055 0.350055 0.350055
6412.800293 0.000000 2495.875244 0.000000 0.988436 0.000000 0.151640 0.347147 0.347147 0.347147
6410.587402 0.000000 2498.592773 0.000000 0.999962 0.000000 0.008735 0.349842 0.349842 0.349842
6411.020996 0.000000 2496.554688 0.000000 0.972563 0.000000 -0.232639 0.354749 0.354749 0.354749
6408.607910 0.000000 2499.147949 0.000000 0.985731 0.000000 0.168330 0.347369 0.347369 0.347369
6411.861328 0.000000 2499.981934 0.000000 0.993596 0.000000 -0.112989 0.352048 0.352048 0.352048
6413.681152 0.000000 2499.085205 0.000000 0.998372 0.000000 -0.057030 0.351017 0.351017 0.351017
6409.625488 0.000000 2495.537354 0.000000 0.974217 0.000000 0.225614 0.345615 0.345615 0.345615
6416.717773 0.000000 2497.649658 0.000000 0.961205 0.000000 -0.275834 0.354737 0.354737 0.354737
6513.258789 0.000000 2522.769531 0.000000 0.962654 0.000000 -0.270733 0.353689 0.353689 0.353689
6512.736816 0.000000 2531.999268 0.000000 0.975185 0.000000 0.221389 0.346840 0.346840 0.346840
6513.177734 0.000000 2526.925781 0.000000 0.997878 0.000000 0.065114 0.349078 0.349078 0.349078
6519.086426 0.000000 2521.928711 0.000000 0.985296 0.000000 -0.170857 0.352806 0.352806 0.352806
6521.096680 0.000000 2519.377441 0.000000 0.968703 0.000000 0.248222 0.345693 0.345693 0.345693
6516.503418 0.000000 2596.214355 0.000000 0.988849 0.000000 -0.148919 0.351985 0.351985 0.351985
6510.922852 0.000000 2577.118164 0.000000 0.969841 0.000000 0.243740 0.346515 0.346515 0.346515
6507.248535 0.000000 2574.622803 0.000000 0.958684 0.000000 -0.284474 0.354083 0.354083 0.354083
6689.639160 0.000000 2289.412598 0.000000 0.974304 0.000000 0.225237 0.347429 0.347429 0.347429
6662.798828 0.000000 2273.642090 0.000000 0.965317 0.000000 0.261079 0.346780 0.346780 0.346780
6682.616211 0.000000 2283.457520 0.000000 0.997150 0.000000 0.075445 0.348964 0.348964 0.348964
6675.958008 0.000000 2266.087646 0.000000 0.993378 0.000000 -0.114896 0.351560 0.351560 0.351560
6683.115234 0.000000 2288.658691 0.000000 0.999174 0.000000 0.040644 0.349432 0.349432 0.349432
6707.473145 0.000000 2299.752930 0.000000 0.976769 0.000000 0.214293 0.347037 0.347037 0.347037
6676.387207 0.000000 2286.172119 0.000000 0.991039 0.000000 -0.133571 0.351838 0.351838 0.351838
6680.755859 0.000000 2278.724121 0.000000 0.991202 0.000000 0.132361 0.348167 0.348167 0.348167
6703.221680 0.000000 2292.673584 0.000000 0.993262 0.000000 -0.115889 0.351644 0.351644 0.351644
6657.729980 0.000000 2291.967285 0.000000 0.999494 0.000000 0.031799 0.349525 0.349525 0.349525
6686.946777 0.000000 2272.614014 0.000000 0.999135 0.000000 0.041587 0.349429 0.349429 0.349429
6718.808594 0.000000 2287.402588 0.000000 0.999769 0.000000 0.021497 0.349705 0.349705 0.349705
6687.716309 0.000000 2299.825684 0.000000 0.993256 0.000000 -0.115942 0.351767 0.351767 0.351767
6718.998535 0.000000 2283.356689 0.000000 0.984486 0.000000 0.175463 0.347580 0.347580 0.347580
6665.114258 0.000000 2289.488770 0.000000 0.975044 0.000000 0.222010 0.346929 0.346929 0.346929
6681.637695 0.000000 2296.072510 0.000000 0.994379 0.000000 0.105884 0.348545 0.348545 0.348545
6709.305176 0.000000 2273.025879 0.000000 0.976382 0.000000 0.216053 0.346128 0.346128 0.346128
6716.194824 0.000000 2294.964111 0.000000 0.978527 0.000000 0.206118 0.347152 0.347152 0.347152
6673.646484 0.000000 2278.699707 0.000000 0.975841 0.000000 -0.218482 0.353022 0.353022 0.353022
6687.859863 0.000000 2307.208496 0.000000 0.959523 0.000000 -0.281631 0.353867 0.353867 0.353867
6711.657227 0.000000 2299.748779 0.000000 0.981435 0.000000 0.191795 0.347218 0.347218 0.347218
6667.119141 0.000000 2312.994141 0.000000 0.996133 0.000000 -0.087855 0.351887 0.351887 0.351887
6682.051758 0.000000 2291.669189 0.000000 0.986839 0.000000 -0.161703 0.352583 0.352583 0.352583
6664.026367 0.000000 2313.829346 0.000000 0.969542 0.000000 0.244925 0.344692 0.344692 0.344692
6657.941895 0.000000 2312.002930 0.000000 0.997935 0.000000 0.064227 0.348621 0.348621 0.348621
6697.461914 0.000000 2314.974609 0.000000 0.974128 0.000000 -0.225997 0.353805 0.353805 0.353805
6710.407227 0.000000 2312.410645 0.000000 0.977987 0.000000 0.208665 0.346033 0.346033 0.346033
6715.459473 0.000000 2268.735107 0.000000 0.998226 0.000000 0.059541 0.348876 0.348876 0.348876
6698.718262 0.000000 2305.874023 0.000000 0.983151 0.000000 0.182795 0.346530 0.346530 0.346530
6719.474121 0.000000 2304.599365 0.000000 0.982748 0.000000 0.184949 0.346863 0.346863 0.346863
6696.504883 0.000000 2302.768555 0.000000 0.998473 0.000000 -0.055251 0.351014 0.351014 0.351014
6658.331055 0.000000 2299.320801 0.000000 0.984983 0.000000 -0.172652 0.352661 0.352661 0.352661
6659.196289 0.000000 2305.125488 0.000000 0.961326 0.000000 0.275411 0.344015 0.344015 0.344015
6668.884766 0.000000 2306.357422 0.000000 0.976675 0.000000 -0.214721 0.354642 0.354642 0.354642
6712.254883 0.000000 2306.757324 0.000000 0.999410 0.000000 -0.034333 0.350582 0.350582 0.350582
6661.526367 0.000000 2300.440918 0.000000 0.992203 0.000000 -0.124634 0.352331 0.352331 0.352331
6657.867188 0.000000 2315.578125 0.000000 0.964006 0.000000 0.265882 0.344227 0.344227 0.344227
6694.209961 0.000000 2292.875000 0.000000 0.980741 0.000000 -0.195314 0.353126 0.353126 0.353126
6710.224609 0.000000 2274.553711 0.000000 0.993710 0.000000 0.111981 0.348196 0.348196 0.348196
6719.487793 0.000000 2275.703125 0.000000 0.999111 0.000000 -0.042158 0.350774 0.350774 0.350774
6711.988281 0.000000 2274.998291 0.000000 0.983745 0.000000 0.179572 0.347097 0.347097 0.347097
6666.945312 0.000000 2259.521240 0.000000 0.991320 0.000000 0.131470 0.347886 0.347886 0.347886
6673.270508 0.000000 2310.192627 0.000000 0.992863 0.000000 -0.119262 0.352564 0.352564 0.352564
6695.682617 0.000000 2307.625977 0.000000 0.964833 0.000000 -0.262863 0.354462 0.354462 0.354462
6697.330078 0.000000 2300.536621 0.000000 0.992716 0.000000 0.120474 0.347689 0.347689 0.347689
6669.010254 0.000000 2293.399170 0.000000 0.996986 0.000000 -0.077583 0.351201 0.351201 0.351201
6675.869141 0.000000 2310.694580 0.000000 0.976294 0.000000 -0.216447 0.353803 0.353803 0.353803
6681.591309 0.000000 2277.356689 0.000000 0.965256 0.000000 -0.261306 0.354100 0.354100 0.354100
6703.481934 0.000000 2306.933105 0.000000 0.999565 0.000000 -0.029476 0.350556 0.350556 0.350556
6710.014648 0.000000 2264.895020 0.000000 0.996176 0.000000 0.087374 0.348590 0.348590 0.348590
6674.551758 0.000000 2271.267578 0.000000 0.978063 0.000000 -0.208308 0.353355 0.353355 0.353355
6682.442871 0.000000 2274.860107 0.000000 0.973117 0.000000 0.230312 0.346213 0.346213 0.346213
6657.717285 0.000000 2303.820068 0.000000 0.996542 0.000000 -0.083097 0.351574 0.351574 0.351574
6701.321289 0.000000 2297.857910 0.000000 0.979345 0.000000 0.202198 0.346033 0.346033 0.346033
6719.011719 0.000000 2268.737305 0.000000 0.954600 0.000000 -0.297891 0.355709 0.355709 0.355709
6712.805176 0.000000 2298.889160 0.000000 0.985249 0.000000 -0.171125 0.352802 0.352802 0.352802
6704.308105 0.000000 2313.238770 0.000000 0.970560 0.000000 0.240859 0.345218 0.345218 0.345218
6666.652832 0.000000 2298.440918 0.000000 0.975674 0.000000 0.219225 0.346389 0.346389 0.346389
6693.564453 0.000000 2304.028564 0.000000 0.999689 0.000000 -0.024940 0.350417 0.350417 0.350417
6678.136230 0.000000 2292.953613 0.000000 0.974289 0.000000 0.225301 0.346297 0.346297 0.346297
6673.383301 0.000000 2295.882324 0.000000 0.997750 0.000000 0.067039 0.348915 0.348915 0.348915
6700.225586 0.000000 2305.609375 0.000000 0.955108 0.000000 0.296259 0.344547 0.344547 0.344547
6718.061523 0.000000 2267.563232 0.000000 0.986606 0.000000 -0.163124 0.352892 0.352892 0.352892
6708.127930 0.000000 2264.860352 0.000000 0.996210 0.000000 -0.086986 0.351419 0.351419 0.351419
6719.399414 0.000000 2307.867432 0.000000 0.986938 0.000000 -0.161101 0.352849 0.352849 0.352849
6704.909180 0.000000 2302.422119 0.000000 0.999378 0.000000 0.035253 0.349336 0.349336 0.349336
6696.031738 0.000000 2310.925537 0.000000 0.971142 0.000000 0.238502 0.346002 0.346002 0.346002
6671.887695 0.000000 2307.112305 0.000000 0.987195 0.000000 -0.159518 0.353437 0.353437 0.353437
6715.031250 0.000000 2305.113770 0.000000 0.963808 0.000000 -0.266596 0.355034 0.355034 0.355034
6709.717285 0.000000 2304.857422 0.000000 0.978732 0.000000 -0.205142 0.353638 0.353638 0.353638
6718.576172 0.000000 2271.638428 0.000000 0.992914 0.000000 -0.118837 0.352248 0.352248 0.352248
6718.128906 0.000000 2266.235596 0.000000 0.999595 0.000000 0.028475 0.349497 0.349497 0.349497
6664.949707 0.000000 2305.583496 0.000000 0.958703 0.000000 -0.284409 0.356186 0.356186 0.356186
6699.740234 0.000000 2308.306885 0.000000 0.967311 0.000000 0.253592 0.345194 0.345194 0.345194
6707.676270 0.000000 2310.687500 0.000000 0.999844 0.000000 0.017648 0.349667 0.349667 0.349667
6712.780762 0.000000 2273.322754 0.000000 0.967051 0.000000 -0.254584 0.354847 0.354847 0.354847
6692.453613 0.000000 2300.801514 0.000000 0.998435 0.000000 -0.055930 0.350980 0.350980 0.350980
6661.362305 0.000000 2312.059814 0.000000 0.957863 0.000000 -0.287226 0.356249 0.356249 0.356249
6661.619141 0.000000 2314.822998 0.000000 0.998627 0.000000 0.052384 0.348876 0.348876 0.348876
6662.391602 0.000000 2301.343018 0.000000 0.988454 0.000000 -0.151519 0.352804 0.352804 0.352804
6693.650391 0.000000 2298.527344 0.000000 0.970714 0.000000 0.240236 0.345516 0.345516 0.345516
6658.946289 0.000000 2261.820312 0.000000 0.994392 0.000000 -0.105758 0.352074 0.352074 0.352074
6669.262207 0.000000 2309.325439 0.000000 0.983688 0.000000 0.179882 0.346120 0.346120 0.346120
6738.853027 0.000000 2295.982422 0.000000 0.996887 0.000000 0.078847 0.349059 0.349059 0.349059
6742.690430 0.000000 2287.391846 0.000000 0.967665 0.000000 0.252238 0.347003 0.347003 0.347003
6773.757812 0.000000 2278.739746 0.000000 0.997772 0.000000 0.066723 0.349198 0.349198 0.349198
6732.406250 0.000000 2260.323242 0.000000 0.997951 0.000000 0.063989 0.349197 0.349197 0.349197
6770.542480 0.000000 2265.173584 0.000000 0.976648 0.000000 -0.214844 0.352971 0.352971 0.352971
6771.409180 0.000000 2284.861328 0.000000 0.996734 0.000000 0.080754 0.348891 0.348891 0.348891
6735.784668 0.000000 2301.197754 0.000000 0.952814 0.000000 -0.303556 0.354231 0.354231 0.354231
6753.615234 0.000000 2313.470703 0.000000 0.965942 0.000000 0.258760 0.346409 0.346409 0.346409
6721.116211 0.000000 2295.874268 0.000000 0.994865 0.000000 -0.101207 0.351391 0.351391 0.351391
6760.581055 0.000000 2289.639404 0.000000 0.998142 0.000000 -0.060933 0.350836 0.350836 0.350836
6722.422852 0.000000 2287.774658 0.000000 0.991562 0.000000 0.129635 0.348217 0.348217 0.348217
6720.060059 0.000000 2267.623291 0.000000 0.999771 0.000000 0.021409 0.349634 0.349634 0.349634
6751.429199 0.000000 2283.303223 0.000000 0.999347 0.000000 -0.036125 0.350540 0.350540 0.350540
6739.139160 0.000000 2307.038818 0.000000 0.972276 0.000000 0.233837 0.346618 0.346618 0.346618
6734.008789 0.000000 2279.120117 0.000000 0.953127 0.000000 -0.302569 0.354217 0.354217 0.354217
6729.185059 0.000000 2302.910156 0.000000 0.990743 0.000000 0.135754 0.347781 0.347781 0.347781
6737.982910 0.000000 2262.628662 0.000000 0.981442 0.000000 0.191758 0.347353 0.347353 0.347353
6730.587402 0.000000 2272.655273 0.000000 0.983492 0.000000 0.180952 0.346868 0.346868 0.346868
6766.857422 0.000000 2264.878906 0.000000 0.955309 0.000000 -0.295608 0.354458 0.354458 0.354458
6755.914551 0.000000 2288.134033 0.000000 0.994102 0.000000 -0.108448 0.351961 0.351961 0.351961
6755.805176 0.000000 2278.289307 0.000000 0.997188 0.000000 0.074941 0.348778 0.348778 0.348778
6749.993164 0.000000 2274.172852 0.000000 0.979502 0.000000 -0.201432 0.353013 0.353013 0.353013
6743.245605 0.000000 2315.035400 0.000000 0.997870 0.000000 0.065237 0.348691 0.348691 0.348691
6728.607910 0.000000 2273.210449 0.000000 0.965027 0.000000 -0.262152 0.355029 0.355029 0.355029
6749.530273 0.000000 2313.548340 0.000000 0.970571 0.000000 -0.240815 0.353570 0.353570 0.353570
6763.041992 0.000000 2268.245850 0.000000 0.974928 0.000000 0.222519 0.346422 0.346422 0.346422
6752.870605 0.000000 2266.620605 0.000000 0.999771 0.000000 -0.021380 0.350307 0.350307 0.350307
6731.861328 0.000000 2274.044434 0.000000 0.981295 0.000000 -0.192508 0.353656 0.353656 0.353656
6760.327148 0.000000 2281.646973 0.000000 0.989087 0.000000 -0.147329 0.352364 0.352364 0.352364
6722.331055 0.000000 2299.320801 0.000000 0.994146 0.000000 -0.108042 0.351764 0.351764 0.351764
6755.859863 0.000000 2265.057373 0.000000 0.994811 0.000000 -0.101743 0.351656 0.351656 0.351656
6761.043945 0.000000 2271.390625 0.000000 0.953779 0.000000 0.300510 0.345026 0.345026 0.345026
6754.170410 0.000000 2287.732422 0.000000 0.998424 0.000000 -0.056128 0.351018 0.351018 0.351018
6751.589355 0.000000 2289.420166 0.000000 0.999635 0.000000 0.027002 0.349434 0.349434 0.349434
6763.779785 0.000000 2264.356445 0.000000 0.992368 0.000000 0.123314 0.347856 0.347856 0.347856
6758.039062 0.000000 2277.476807 0.000000 0.998822 0.000000 -0.048515 0.350910 0.350910 0.350910
6758.058105 0.000000 2275.677490 0.000000 0.966637 0.000000 0.256152 0.345111 0.345111 0.345111
6745.175293 0.000000 2301.744629 0.000000 0.997882 0.000000 0.065049 0.348968 0.348968 0.348968
6747.705566 0.000000 2299.413818 0.000000 0.978490 0.000000 0.206294 0.346614 0.346614 0.346614
6742.173340 0.000000 2298.716553 0.000000 0.969800 0.000000 -0.243904 0.353940 0.353940 0.353940
6732.623047 0.000000 2283.006592 0.000000 0.993004 0.000000 0.118079 0.348071 0.348071 0.348071
6725.526367 0.000000 2300.440918 0.000000 0.991940 0.000000 0.126707 0.347930 0.347930 0.347930
6750.632324 0.000000 2286.685059 0.000000 0.999486 0.000000 0.032058 0.349395 0.349395 0.349395
6723.807617 0.000000 2267.176758 0.000000 0.992338 0.000000 -0.123550 0.352008 0.352008 0.352008
6769.566406 0.000000 2266.557617 0.000000 0.992733 0.000000 -0.120335 0.351792 0.351792 0.351792
6757.219727 0.000000 2282.954346 0.000000 0.975947 0.000000 -0.218008 0.353389 0.353389 0.353389
6758.213867 0.000000 2269.388184 0.000000 0.999851 0.000000 0.017262 0.349719 0.349719 0.349719
6720.129395 0.000000 2291.419678 0.000000 0.998484 0.000000 0.055034 0.349103 0.349103 0.349103
6731.621582 0.000000 2305.298584 0.000000 0.955151 0.000000 0.296120 0.345193 0.345193 0.345193
6754.717285 0.000000 2284.738037 0.000000 0.996679 0.000000 -0.081426 0.351478 0.351478 0.351478
6759.006836 0.000000 2278.778809 0.000000 1.000000 0.000000 -0.000197 0.350003 0.350003 0.350003
6745.662598 0.000000 2282.170410 0.000000 0.967993 0.000000 0.250977 0.345999 0.345999 0.345999
6746.288574 0.000000 2279.207764 0.000000 0.955463 0.000000 -0.295112 0.354830 0.354830 0.354830
6725.125488 0.000000 2272.106201 0.000000 0.982037 0.000000 0.188689 0.346417 0.346417 0.346417
6761.913086 0.000000 2276.769775 0.000000 0.974403 0.000000 -0.224807 0.354280 0.354280 0.354280
6741.261719 0.000000 2306.535889 0.000000 0.989093 0.000000 0.147293 0.347668 0.347668 0.347668
6756.175781 0.000000 2314.289795 0.000000 0.983606 0.000000 0.180334 0.347180 0.347180 0.347180
6762.833008 0.000000 2283.607910 0.000000 0.974604 0.000000 -0.223935 0.353680 0.353680 0.353680
6720.951172 0.000000 2273.610107 0.000000 0.998873 0.000000 -0.047457 0.350896 0.350896 0.350896
6740.371582 0.000000 2295.913086 0.000000 0.975731 0.000000 0.218972 0.346518 0.346518 0.346518
6759.698242 0.000000 2261.333252 0.000000 0.969219 0.000000 0.246200 0.346153 0.346153 0.346153
6727.681641 0.000000 2298.292969 0.000000 0.983189 0.000000 -0.182588 0.352992 0.352992 0.352992
6757.195312 0.000000 2267.967285 0.000000 0.985607 0.000000 0.169053 0.347232 0.347232 0.347232
6742.083008 0.000000 2295.817139 0.000000 0.993090 0.000000 -0.117354 0.351917 0.351917 0.351917
6760.668945 0.000000 2264.028320 0.000000 0.983395 0.000000 -0.181477 0.352974 0.352974 0.352974
6749.245605 0.000000 2295.209717 0.000000 0.998698 0.000000 -0.051019 0.350963 0.350963 0.350963
6762.270996 0.000000 2266.866699 0.000000 0.980758 0.000000 -0.195227 0.353219 0.353219 0.353219
6754.905762 0.000000 2294.755859 0.000000 0.998601 0.000000 0.052880 0.349062 0.349062 0.349062
6740.429199 0.000000 2309.397705 0.000000 0.974441 0.000000 0.224645 0.346367 0.346367 0.346367
6738.552246 0.000000 2313.525879 0.000000 0.990548 0.000000 0.137167 0.347577 0.347577 0.347577
6742.136230 0.000000 2292.953613 0.000000 0.991958 0.000000 -0.126569 0.352068 0.352068 0.352068
6720.096680 0.000000 2299.412354 0.000000 0.978167 0.000000 0.207822 0.346588 0.346588 0.346588
6752.928711 0.000000 2275.366211 0.000000 0.951377 0.000000 -0.308028 0.355445 0.355445 0.355445
6720.049316 0.000000 2290.073242 0.000000 0.967103 0.000000 0.254386 0.345808 0.345808 0.345808
6729.361328 0.000000 2313.383301 0.000000 0.987326 0.000000 -0.158704 0.352945 0.352945 0.352945
6755.771973 0.000000 2293.531738 0.000000 0.954321 0.000000 0.298782 0.344485 0.344485 0.344485
6747.789062 0.000000 2289.795898 0.000000 0.961792 0.000000 0.273780 0.344766 0.344766 0.344766
6747.110840 0.000000 2296.984375 0.000000 0.951794 0.000000 0.306737 0.344552 0.344552 0.344552
6749.621094 0.000000 2296.522461 0.000000 0.998034 0.000000 -0.062681 0.351167 0.351167 0.351167
6751.658691 0.000000 2294.908691 0.000000 0.981265 0.000000 0.192665 0.346341 0.346341 0.346341
6720.082520 0.000000 2271.155273 0.000000 0.978106 0.000000 -0.208106 0.353957 0.353957 0.353957
6723.130371 0.000000 2269.694092 0.000000 0.987305 0.000000 0.158836 0.346989 0.346989 0.346989
6724.983887 0.000000 2270.906006 0.000000 0.992931 0.000000 0.118693 0.347755 0.347755 0.347755
6760.788574 0.000000 2274.261230 0.000000 0.989578 0.000000 0.143994 0.347273 0.347273 0.347273
6724.218262 0.000000 2276.806152 0.000000 0.997850 0.000000 -0.065539 0.351238 0.351238 0.351238
6753.384277 0.000000 2284.798340 0.000000 0.986441 0.000000 0.164119 0.346888 0.346888 0.346888
6666.276367 0.000000 2336.466797 0.000000 0.994529 0.000000 -0.104465 0.351239 0.351239 0.351239
6716.880859 0.000000 2339.089111 0.000000 0.996707 0.000000 -0.081088 0.351046 0.351046 0.351046
6683.115234 0.000000 2345.143066 0.000000 0.978199 0.000000 -0.207669 0.352797 0.352797 0.352797
6675.150879 0.000000 2349.620850 0.000000 0.979079 0.000000 0.203482 0.347314 0.347314 0.347314
6687.885254 0.000000 2335.049561 0.000000 0.966320 0.000000 0.257342 0.346429 0.346429 0.346429
6699.536621 0.000000 2329.422363 0.000000 0.971947 0.000000 -0.235199 0.353257 0.353257 0.353257
6717.359375 0.000000 2336.932861 0.000000 0.965612 0.000000 -0.259988 0.353643 0.353643 0.353643
6684.897949 0.000000 2337.498291 0.000000 0.955455 0.000000 -0.295138 0.354110 0.354110 0.354110
6673.373535 0.000000 2315.965820 0.000000 0.956467 0.000000 -0.291842 0.356275 0.356275 0.356275
6708.116699 0.000000 2318.190186 0.000000 0.999398 0.000000 -0.034684 0.350565 0.350565 0.350565
6658.093750 0.000000 2326.925781 0.000000 0.973592 0.000000 -0.228294 0.355132 0.355132 0.355132
6668.800293 0.000000 2326.422119 0.000000 0.967913 0.000000 -0.251286 0.353707 0.353707 0.353707
6673.982910 0.000000 2319.113037 0.000000 0.997966 0.000000 0.063755 0.348854 0.348854 0.348854
6666.587402 0.000000 2329.139648 0.000000 0.999262 0.000000 0.038402 0.349423 0.349423 0.349423
6674.017090 0.000000 2339.644043 0.000000 0.999588 0.000000 -0.028711 0.350440 0.350440 0.350440
6667.020996 0.000000 2327.101562 0.000000 0.958959 0.000000 -0.283544 0.355489 0.355489 0.355489
6699.779785 0.000000 2320.840820 0.000000 0.994921 0.000000 -0.100655 0.351643 0.351643 0.351643
6665.625488 0.000000 2326.084229 0.000000 0.996848 0.000000 -0.079332 0.351721 0.351721 0.351721
6692.465820 0.000000 2317.645264 0.000000 0.960744 0.000000 0.277438 0.345419 0.345419 0.345419
6659.807617 0.000000 2323.661133 0.000000 0.963661 0.000000 0.267128 0.343975 0.343975 0.343975
6666.685059 0.000000 2317.822754 0.000000 0.983862 0.000000 0.178931 0.346141 0.346141 0.346141
6669.156250 0.000000 2324.795898 0.000000 0.992558 0.000000 0.121773 0.347957 0.347957 0.347957
6666.945312 0.000000 2316.005615 0.000000 0.993622 0.000000 -0.112761 0.352424 0.352424 0.352424
6714.833496 0.000000 2319.125000 0.000000 0.959926 0.000000 -0.280255 0.355523 0.355523 0.355523
6679.098145 0.000000 2334.873779 0.000000 0.969875 0.000000 0.243603 0.346269 0.346269 0.346269
6662.675781 0.000000 2318.744385 0.000000 0.985085 0.000000 0.172066 0.346290 0.346290 0.346290
6661.125488 0.000000 2328.590576 0.000000 0.999638 0.000000 0.026904 0.349492 0.349492 0.349492
6656.976074 0.000000 2316.379639 0.000000 0.989463 0.000000 -0.144785 0.353117 0.353117 0.353117
6716.446777 0.000000 2320.117188 0.000000 0.966574 0.000000 0.256388 0.345106 0.345106 0.345106
6662.925293 0.000000 2323.956543 0.000000 0.987961 0.000000 -0.154700 0.353400 0.353400 0.353400
6661.821289 0.000000 2333.465576 0.000000 0.971597 0.000000 0.236640 0.346201 0.346201 0.346201
6678.790527 0.000000 2342.388184 0.000000 0.993134 0.000000 0.116978 0.348100 0.348100 0.348100
6698.270996 0.000000 2323.351074 0.000000 0.953762 0.000000 -0.300563 0.354975 0.354975 0.354975
6702.835449 0.000000 2319.909912 0.000000 0.988270 0.000000 -0.152716 0.352760 0.352760 0.352760
6668.093750 0.000000 2323.947021 0.000000 0.998139 0.000000 -0.060975 0.351240 0.351240 0.351240
6658.422363 0.000000 2328.925781 0.000000 0.999511 0.000000 0.031276 0.349410 0.349410 0.349410
6665.044434 0.000000 2319.060791 0.000000 0.979194 0.000000 -0.202926 0.354384 0.354384 0.354384
6717.398438 0.000000 2317.721191 0.000000 0.996318 0.000000 0.085735 0.348087 0.348087 0.348087
6718.128906 0.000000 2322.719971 0.000000 0.978783 0.000000 0.204901 0.346376 0.346376 0.346376
6671.355469 0.000000 2317.462646 0.000000 0.963101 0.000000 0.269140 0.344154 0.344154 0.344154
6711.307129 0.000000 2316.704834 0.000000 0.998721 0.000000 -0.050555 0.350950 0.350950 0.350950
6658.946289 0.000000 2318.304688 0.000000 0.999522 0.000000 0.030918 0.349337 0.349337 0.349337
6718.218750 0.000000 2316.803223 0.000000 0.982294 0.000000 0.187343 0.345801 0.345801 0.345801
6732.396484 0.000000 2328.367188 0.000000 0.972788 0.000000 -0.231696 0.353034 0.353034 0.353034
6730.422852 0.000000 2339.606934 0.000000 0.984642 0.000000 0.174584 0.347777 0.347777 0.347777
6758.386719 0.000000 2338.207520 0.000000 0.956479 0.000000 0.291802 0.345938 0.345938 0.345938
6770.542480 0.000000 2321.657959 0.000000 0.968951 0.000000 0.247253 0.346747 0.346747 0.346747
6771.409180 0.000000 2341.345703 0.000000 0.959903 0.000000 0.280334 0.346102 0.346102 0.346102
6748.903809 0.000000 2322.480713 0.000000 0.981491 0.000000 -0.191507 0.352652 0.352652 0.352652
6768.749512 0.000000 2338.467041 0.000000 0.996436 0.000000 -0.084346 0.351118 0.351118 0.351118
6772.417969 0.000000 2346.184326 0.000000 0.970872 0.000000 0.239599 0.346681 0.346681 0.346681
6763.536621 0.000000 2329.422363 0.000000 0.964272 0.000000 0.264913 0.346345 0.346345 0.346345
6768.601562 0.000000 2320.701660 0.000000 0.967908 0.000000 -0.251305 0.353485 0.353485 0.353485
6720.060059 0.000000 2324.107666 0.000000 0.995878 0.000000 -0.090698 0.351480 0.351480 0.351480
6769.077637 0.000000 2348.247314 0.000000 0.999996 0.000000 0.002791 0.349962 0.349962 0.349962
6722.305176 0.000000 2317.209229 0.000000 0.998583 0.000000 -0.053212 0.351186 0.351186 0.351186
6734.121582 0.000000 2317.877930 0.000000 0.995227 0.000000 0.097586 0.347822 0.347822 0.347822
6759.709473 0.000000 2315.861572 0.000000 0.960871 0.000000 -0.276996 0.354022 0.354022 0.354022
6728.096191 0.000000 2318.044434 0.000000 0.985312 0.000000 -0.170764 0.353824 0.353824 0.353824
6750.270508 0.000000 2325.136230 0.000000 0.971335 0.000000 0.237714 0.346540 0.346540 0.346540
6755.859863 0.000000 2321.541748 0.000000 0.979582 0.000000 0.201043 0.346595 0.346595 0.346595
6727.854492 0.000000 2326.607422 0.000000 0.997841 0.000000 0.065673 0.348966 0.348966 0.348966
6742.760742 0.000000 2325.063721 0.000000 0.992683 0.000000 -0.120752 0.351798 0.351798 0.351798
6730.685059 0.000000 2317.822754 0.000000 0.967539 0.000000 -0.252720 0.355693 0.355693 0.355693
6754.940430 0.000000 2325.945801 0.000000 0.986930 0.000000 0.161147 0.346952 0.346952 0.346952
6754.717285 0.000000 2341.222412 0.000000 0.999999 0.000000 0.001137 0.349983 0.349983 0.349983
6735.744141 0.000000 2326.819824 0.000000 0.987901 0.000000 -0.155087 0.352544 0.352544 0.352544
6729.455566 0.000000 2320.626465 0.000000 0.959979 0.000000 0.280072 0.343675 0.343675 0.343675
6725.380859 0.000000 2316.017334 0.000000 0.999932 0.000000 -0.011652 0.350260 0.350260 0.350260
6757.208008 0.000000 2341.898682 0.000000 0.999931 0.000000 0.011791 0.349737 0.349737 0.349737
6736.744141 0.000000 2325.454102 0.000000 0.999993 0.000000 -0.003829 0.350076 0.350076 0.350076
6726.787598 0.000000 2320.750977 0.000000 0.990590 0.000000 -0.136861 0.353059 0.353059 0.353059
6734.473633 0.000000 2319.383301 0.000000 0.997453 0.000000 0.071325 0.348409 0.348409 0.348409
6755.814453 0.000000 2327.030762 0.000000 0.993223 0.000000 0.116223 0.348025 0.348025 0.348025
6751.390625 0.000000 2319.801514 0.000000 0.996593 0.000000 -0.082474 0.351443 0.351443 0.351443
6742.916016 0.000000 2322.105469 0.000000 0.981743 0.000000 0.190215 0.346697 0.346697 0.346697
6735.627930 0.000000 2339.609131 0.000000 0.996371 0.000000 0.085116 0.348418 0.348418 0.348418
6722.168457 0.000000 2315.878906 0.000000 0.972255 0.000000 -0.233922 0.355117 0.355117 0.355117
6743.747070 0.000000 2315.967529 0.000000 0.972389 0.000000 0.233366 0.345277 0.345277 0.345277
6741.606445 0.000000 2316.687012 0.000000 0.999155 0.000000 0.041099 0.349111 0.349111 0.349111
6733.407227 0.000000 2336.740723 0.000000 0.964738 0.000000 -0.263210 0.355120 0.355120 0.355120
6791.324707 0.000000 2342.469482 0.000000 0.992400 0.000000 -0.123057 0.351612 0.351612 0.351612
6801.981934 0.000000 2345.771484 0.000000 0.995215 0.000000 0.097705 0.347837 0.347837 0.347837
6790.676758 0.000000 2341.109619 0.000000 0.983585 0.000000 0.180445 0.346052 0.346052 0.346052
6801.019043 0.000000 2344.477051 0.000000 0.996270 0.000000 -0.086292 0.351910 0.351910 0.351910
6803.367188 0.000000 2345.866699 0.000000 0.966489 0.000000 -0.256709 0.355592 0.355592 0.355592
6803.060547 0.000000 2343.070068 0.000000 1.000000 0.000000 -0.000745 0.350016 0.350016 0.350016
7020.877441 0.000000 2349.646240 0.000000 0.997480 0.000000 0.070943 0.349131 0.349131 0.349131
6994.931641 0.000000 2347.185547 0.000000 0.999910 0.000000 0.013425 0.349810 0.349810 0.349810
6940.327637 0.000000 2569.615479 0.000000 0.976137 0.000000 0.217156 0.345123 0.345123 0.345123
6954.288086 0.000000 2572.479248 0.000000 0.984578 0.000000 -0.174945 0.353918 0.353918 0.353918
6959.049805 0.000000 2571.006836 0.000000 0.987177 0.000000 -0.159630 0.352739 0.352739 0.352739
6941.245605 0.000000 2577.631592 0.000000 0.999976 0.000000 -0.006963 0.350121 0.350121 0.350121
6940.560059 0.000000 2571.073242 0.000000 0.985422 0.000000 -0.170129 0.352988 0.352988 0.352988
6931.367188 0.000000 2571.804199 0.000000 0.999946 0.000000 0.010427 0.349818 0.349818 0.349818
6934.003418 0.000000 2571.013184 0.000000 0.999438 0.000000 -0.033532 0.350695 0.350695 0.350695
6282.112305 0.000000 2842.372559 0.000000 0.973824 0.000000 0.227304 0.346624 0.346624 0.346624
6286.008789 0.000000 2843.963867 0.000000 0.982115 0.000000 0.188281 0.345780 0.345780 0.345780
6289.973633 0.000000 2839.140137 0.000000 0.996898 0.000000 -0.078704 0.351680 0.351680 0.351680
6293.357910 0.000000 2848.111328 0.000000 0.960994 0.000000 -0.276568 0.355289 0.355289 0.355289
6561.556152 0.000000 2794.408691 0.000000 0.996291 0.000000 0.086050 0.348690 0.348690 0.348690
6675.100098 0.000000 2876.965576 0.000000 0.954467 0.000000 -0.298317 0.353825 0.353825 0.353825
6673.270508 0.000000 2875.036377 0.000000 0.993903 0.000000 -0.110262 0.351998 0.351998 0.351998
6675.869141 0.000000 2875.538330 0.000000 0.961054 0.000000 0.276360 0.345461 0.345461 0.345461
7580.116211 0.000000 3162.056152 0.000000 0.999499 0.000000 -0.031636 0.350411 0.350411 0.350411
7585.615234 0.000000 3160.736328 0.000000 0.984906 0.000000 -0.173093 0.352273 0.352273 0.352273
7584.929688 0.000000 3163.118164 0.000000 0.989703 0.000000 0.143135 0.348067 0.348067 0.348067
7409.665527 0.000000 3361.340820 0.000000 0.973538 0.000000 -0.228525 0.353274 0.353274 0.353274
7525.993652 0.000000 3249.172607 0.000000 0.958466 0.000000 0.285206 0.346588 0.346588 0.346588
7518.089844 0.000000 3248.544678 0.000000 0.956851 0.000000 0.290580 0.346406 0.346406 0.346406
"}
object={
	name="oak_generator_2_3"
	clamp_to_water_level=no
	render_under_water=no
	generated_content=yes
	layer="semidynamic_medium"
	pdxmesh="oak_tree_04_mesh"
	count=1960
	transform="1786.308594 0.000000 1230.771484 0.000000 0.588222 0.000000 -0.808699 0.361152 0.361152 0.361152
1757.536743 0.000000 1226.185059 0.000000 0.923370 0.000000 -0.383911 0.355113 0.355113 0.355113
1760.693359 0.000000 1238.160156 0.000000 0.647514 0.000000 -0.762053 0.361092 0.361092 0.361092
1766.737793 0.000000 1224.649780 0.000000 0.890740 0.000000 -0.454513 0.356081 0.356081 0.356081
1788.718994 0.000000 1227.403320 0.000000 0.900309 0.000000 -0.435252 0.355607 0.355607 0.355607
1786.107300 0.000000 1241.372314 0.000000 0.693482 0.000000 -0.720474 0.360158 0.360158 0.360158
1764.314209 0.000000 1239.567749 0.000000 0.705749 0.000000 -0.708462 0.360044 0.360044 0.360044
1788.880859 0.000000 1209.401611 0.000000 0.665716 0.000000 -0.746205 0.360746 0.360746 0.360746
1761.210693 0.000000 1235.614746 0.000000 0.938395 0.000000 -0.345564 0.354455 0.354455 0.354455
1774.630737 0.000000 1209.948486 0.000000 0.902813 0.000000 -0.430033 0.355710 0.355710 0.355710
1758.667969 0.000000 1222.553223 0.000000 0.753780 0.000000 -0.657127 0.360306 0.360306 0.360306
1771.827026 0.000000 1224.358643 0.000000 0.947923 0.000000 -0.318500 0.354249 0.354249 0.354249
1752.466675 0.000000 1212.695923 0.000000 0.805803 0.000000 -0.592183 0.359387 0.359387 0.359387
1751.825562 0.000000 1240.092285 0.000000 0.706658 0.000000 -0.707555 0.360440 0.360440 0.360440
1761.051514 0.000000 1218.363403 0.000000 0.909874 0.000000 -0.414884 0.355813 0.355813 0.355813
1761.958618 0.000000 1226.400879 0.000000 0.933207 0.000000 -0.359339 0.355042 0.355042 0.355042
1771.248413 0.000000 1218.997925 0.000000 0.897661 0.000000 -0.440686 0.357178 0.357178 0.357178
1759.343506 0.000000 1229.308716 0.000000 0.913564 0.000000 -0.406694 0.356002 0.356002 0.356002
1782.117310 0.000000 1249.677612 0.000000 0.600071 0.000000 -0.799947 0.360897 0.360897 0.360897
1756.263916 0.000000 1251.952271 0.000000 0.891999 0.000000 -0.452037 0.355902 0.355902 0.355902
1754.772095 0.000000 1292.566528 0.000000 0.839249 0.000000 -0.543748 0.356932 0.356932 0.356932
1788.880859 0.000000 1265.885986 0.000000 0.621420 0.000000 -0.783478 0.361445 0.361445 0.361445
1775.560791 0.000000 1285.419922 0.000000 0.750760 0.000000 -0.660576 0.359206 0.359206 0.359206
1786.085693 0.000000 1289.814819 0.000000 0.846308 0.000000 -0.532694 0.357216 0.357216 0.357216
1763.024292 0.000000 1263.228394 0.000000 0.936167 0.000000 -0.351556 0.354599 0.354599 0.354599
1761.051514 0.000000 1274.847778 0.000000 0.744758 0.000000 -0.667335 0.360662 0.360662 0.360662
1760.249146 0.000000 1271.031982 0.000000 0.674278 0.000000 -0.738477 0.361942 0.361942 0.361942
1777.077515 0.000000 1275.044189 0.000000 0.851042 0.000000 -0.525097 0.357463 0.357463 0.357463
1759.860107 0.000000 1290.489746 0.000000 0.722549 0.000000 -0.691320 0.360372 0.360372 0.360372
1777.047241 0.000000 1251.480713 0.000000 0.808748 0.000000 -0.588155 0.359038 0.359038 0.359038
1765.990845 0.000000 1279.293579 0.000000 0.944166 0.000000 -0.329469 0.355105 0.355105 0.355105
1775.143188 0.000000 1268.333740 0.000000 0.853767 0.000000 -0.520656 0.361053 0.361053 0.361053
1773.502441 0.000000 1265.017090 0.000000 0.857509 0.000000 -0.514468 0.360058 0.360058 0.360058
1771.434082 0.000000 1271.746338 0.000000 0.670272 0.000000 -0.742115 0.365198 0.365198 0.365198
1775.049927 0.000000 1271.866211 0.000000 0.940713 0.000000 -0.339204 0.356532 0.356532 0.356532
1765.219971 0.000000 1266.235718 0.000000 0.944426 0.000000 -0.328723 0.355254 0.355254 0.355254
1769.112671 0.000000 1253.093994 0.000000 0.687197 0.000000 -0.726471 0.364850 0.364850 0.364850
1769.913086 0.000000 1260.051025 0.000000 0.856554 0.000000 -0.516058 0.358221 0.358221 0.358221
1771.594971 0.000000 1265.056030 0.000000 0.634365 0.000000 -0.773033 0.367797 0.367797 0.367797
1763.450684 0.000000 1251.317017 0.000000 0.799654 0.000000 -0.600461 0.360271 0.360271 0.360271
1775.419800 0.000000 1265.310669 0.000000 0.679265 0.000000 -0.733893 0.364149 0.364149 0.364149
1772.932007 0.000000 1279.844849 0.000000 0.784168 0.000000 -0.620549 0.361611 0.361611 0.361611
1770.334229 0.000000 1269.749878 0.000000 0.787107 0.000000 -0.616816 0.363852 0.363852 0.363852
1766.330078 0.000000 1257.004395 0.000000 0.766049 0.000000 -0.642782 0.362383 0.362383 0.362383
1769.626221 0.000000 1272.244141 0.000000 0.791343 0.000000 -0.611372 0.361381 0.361381 0.361381
1768.788330 0.000000 1257.542480 0.000000 0.903895 0.000000 -0.427754 0.358381 0.358381 0.358381
1766.465210 0.000000 1324.238403 0.000000 0.610809 0.000000 -0.791778 0.360619 0.360619 0.360619
1761.456543 0.000000 1313.065552 0.000000 0.687288 0.000000 -0.726385 0.359875 0.359875 0.359875
1777.098145 0.000000 1313.516602 0.000000 0.812290 0.000000 -0.583253 0.357944 0.357944 0.357944
1732.219482 0.000000 1331.774780 0.000000 0.850523 0.000000 -0.525937 0.356968 0.356968 0.356968
1755.115967 0.000000 1317.615845 0.000000 0.928115 0.000000 -0.372294 0.355167 0.355167 0.355167
1770.549194 0.000000 1310.251953 0.000000 0.903081 0.000000 -0.429470 0.355644 0.355644 0.355644
1789.258179 0.000000 1311.154907 0.000000 0.853730 0.000000 -0.520716 0.356987 0.356987 0.356987
1730.873169 0.000000 1325.430908 0.000000 0.840243 0.000000 -0.542210 0.357286 0.357286 0.357286
1774.630737 0.000000 1322.917236 0.000000 0.850305 0.000000 -0.526289 0.357216 0.357216 0.357216
1767.437012 0.000000 1326.522583 0.000000 0.746675 0.000000 -0.665190 0.359507 0.359507 0.359507
1754.281006 0.000000 1342.986938 0.000000 0.721692 0.000000 -0.692215 0.360990 0.360990 0.360990
1772.424194 0.000000 1351.686646 0.000000 0.721927 0.000000 -0.691970 0.360751 0.360751 0.360751
1751.550293 0.000000 1340.929565 0.000000 0.822712 0.000000 -0.568458 0.358242 0.358242 0.358242
1752.466675 0.000000 1325.664673 0.000000 0.743576 0.000000 -0.668651 0.359599 0.359599 0.359599
1790.298462 0.000000 1348.611328 0.000000 0.628467 0.000000 -0.777836 0.362265 0.362265 0.362265
1770.151367 0.000000 1341.652222 0.000000 0.811392 0.000000 -0.584502 0.359000 0.359000 0.359000
1768.552612 0.000000 1351.991821 0.000000 0.921122 0.000000 -0.389273 0.355677 0.355677 0.355677
1774.877930 0.000000 1352.564087 0.000000 0.949027 0.000000 -0.315194 0.354609 0.354609 0.354609
1788.194946 0.000000 1334.729736 0.000000 0.794385 0.000000 -0.607414 0.364546 0.364546 0.364546
1753.195190 0.000000 1344.716431 0.000000 0.909246 0.000000 -0.416260 0.356171 0.356171 0.356171
1783.657227 0.000000 1339.514404 0.000000 0.903604 0.000000 -0.428368 0.358607 0.358607 0.358607
1754.051758 0.000000 1331.434814 0.000000 0.630440 0.000000 -0.776238 0.362774 0.362774 0.362774
1764.845703 0.000000 1345.120483 0.000000 0.850458 0.000000 -0.526044 0.357817 0.357817 0.357817
1785.788940 0.000000 1318.502441 0.000000 0.890408 0.000000 -0.455162 0.356586 0.356586 0.356586
1756.530762 0.000000 1340.815552 0.000000 0.606479 0.000000 -0.795100 0.362851 0.362851 0.362851
1762.607544 0.000000 1351.534546 0.000000 0.656362 0.000000 -0.754446 0.362287 0.362287 0.362287
1791.474121 0.000000 1344.365112 0.000000 0.780280 0.000000 -0.625430 0.361808 0.361808 0.361808
1767.873657 0.000000 1335.928101 0.000000 0.600079 0.000000 -0.799941 0.364340 0.364340 0.364340
1771.631348 0.000000 1342.690552 0.000000 0.848059 0.000000 -0.529902 0.357857 0.357857 0.357857
1768.804443 0.000000 1333.264893 0.000000 0.742396 0.000000 -0.669961 0.362477 0.362477 0.362477
1787.649170 0.000000 1320.653320 0.000000 0.603089 0.000000 -0.797674 0.364282 0.364282 0.364282
1778.333252 0.000000 1338.077148 0.000000 0.792519 0.000000 -0.609847 0.362465 0.362465 0.362465
1789.407227 0.000000 1336.524170 0.000000 0.617847 0.000000 -0.786298 0.370160 0.370160 0.370160
1782.213257 0.000000 1342.145996 0.000000 0.667394 0.000000 -0.744705 0.363690 0.363690 0.363690
1775.049927 0.000000 1328.350586 0.000000 0.930725 0.000000 -0.365720 0.356625 0.356625 0.356625
1776.299683 0.000000 1335.287109 0.000000 0.650980 0.000000 -0.759095 0.365628 0.365628 0.365628
1765.460205 0.000000 1330.475830 0.000000 0.722520 0.000000 -0.691350 0.362040 0.362040 0.362040
1785.095215 0.000000 1322.920288 0.000000 0.690621 0.000000 -0.723216 0.363422 0.363422 0.363422
1781.526611 0.000000 1333.076172 0.000000 0.841204 0.000000 -0.540717 0.362130 0.362130 0.362130
1788.956909 0.000000 1323.906494 0.000000 0.882088 0.000000 -0.471084 0.358422 0.358422 0.358422
1783.532715 0.000000 1323.750488 0.000000 0.743316 0.000000 -0.668940 0.361782 0.361782 0.361782
1788.552368 0.000000 1328.559814 0.000000 0.642414 0.000000 -0.766358 0.369455 0.369455 0.369455
1784.805054 0.000000 1338.654785 0.000000 0.776436 0.000000 -0.630197 0.363107 0.363107 0.363107
1783.001831 0.000000 1334.175293 0.000000 0.788077 0.000000 -0.615576 0.364746 0.364746 0.364746
1778.095459 0.000000 1339.477539 0.000000 0.851713 0.000000 -0.524009 0.360482 0.360482 0.360482
1770.089600 0.000000 1332.753906 0.000000 0.752454 0.000000 -0.658644 0.362503 0.362503 0.362503
1771.793579 0.000000 1333.796997 0.000000 0.808763 0.000000 -0.588134 0.360933 0.360933 0.360933
1780.189697 0.000000 1333.214722 0.000000 0.922138 0.000000 -0.386861 0.358434 0.358434 0.358434
1786.078369 0.000000 1328.413330 0.000000 0.658858 0.000000 -0.752267 0.368750 0.368750 0.368750
1784.776245 0.000000 1325.983765 0.000000 0.595715 0.000000 -0.803196 0.366176 0.366176 0.366176
1790.371094 0.000000 1330.430298 0.000000 0.764330 0.000000 -0.644825 0.365615 0.365615 0.365615
1784.508789 0.000000 1340.583374 0.000000 0.936178 0.000000 -0.351527 0.357093 0.357093 0.357093
1775.812744 0.000000 1331.245117 0.000000 0.805978 0.000000 -0.591945 0.361845 0.361845 0.361845
1776.498535 0.000000 1332.693237 0.000000 0.935021 0.000000 -0.354592 0.357111 0.357111 0.357111
1781.739014 0.000000 1331.765747 0.000000 0.905283 0.000000 -0.424808 0.358798 0.358798 0.358798
1830.720825 0.000000 1176.422119 0.000000 0.711535 0.000000 -0.702651 0.359020 0.359020 0.359020
1847.033203 0.000000 1168.135376 0.000000 0.892586 0.000000 -0.450877 0.355967 0.355967 0.355967
1813.436035 0.000000 1180.985474 0.000000 0.933612 0.000000 -0.358286 0.354675 0.354675 0.354675
1850.107300 0.000000 1184.887939 0.000000 0.944413 0.000000 -0.328760 0.354274 0.354274 0.354274
1830.885986 0.000000 1173.849243 0.000000 0.852727 0.000000 -0.522358 0.357036 0.357036 0.357036
1852.341309 0.000000 1182.855347 0.000000 0.741501 0.000000 -0.670951 0.359383 0.359383 0.359383
1806.452148 0.000000 1185.282227 0.000000 0.588726 0.000000 -0.808333 0.361803 0.361803 0.361803
1811.281494 0.000000 1185.341919 0.000000 0.687424 0.000000 -0.726256 0.360974 0.360974 0.360974
1834.151367 0.000000 1172.199097 0.000000 0.676338 0.000000 -0.736591 0.361432 0.361432 0.361432
1873.216431 0.000000 1169.568726 0.000000 0.749852 0.000000 -0.661605 0.358686 0.358686 0.358686
1867.714111 0.000000 1167.690674 0.000000 0.644181 0.000000 -0.764873 0.360691 0.360691 0.360691
1894.885986 0.000000 1173.849243 0.000000 0.759854 0.000000 -0.650093 0.359740 0.359740 0.359740
1872.434082 0.000000 1159.748657 0.000000 0.919227 0.000000 -0.393729 0.355163 0.355163 0.355163
1872.687988 0.000000 1164.872681 0.000000 0.595901 0.000000 -0.803058 0.362139 0.362139 0.362139
1863.851929 0.000000 1166.864990 0.000000 0.834203 0.000000 -0.551457 0.358192 0.358192 0.358192
1888.506104 0.000000 1174.345337 0.000000 0.930770 0.000000 -0.365604 0.355069 0.355069 0.355069
1893.593018 0.000000 1171.898193 0.000000 0.770945 0.000000 -0.636901 0.359563 0.359563 0.359563
1891.097656 0.000000 1171.787598 0.000000 0.912008 0.000000 -0.410172 0.355761 0.355761 0.355761
1859.459351 0.000000 1166.203735 0.000000 0.878814 0.000000 -0.477164 0.357845 0.357845 0.357845
1817.550537 0.000000 1197.773315 0.000000 0.670914 0.000000 -0.741535 0.359818 0.359818 0.359818
1812.194824 0.000000 1232.084717 0.000000 0.913095 0.000000 -0.407748 0.355101 0.355101 0.355101
1828.219849 0.000000 1226.329346 0.000000 0.622752 0.000000 -0.782420 0.361188 0.361188 0.361188
1840.887695 0.000000 1211.047363 0.000000 0.926450 0.000000 -0.376417 0.354839 0.354839 0.354839
1809.216431 0.000000 1226.053101 0.000000 0.946432 0.000000 -0.322904 0.354151 0.354151 0.354151
1820.263916 0.000000 1195.467896 0.000000 0.627713 0.000000 -0.778445 0.360992 0.360992 0.360992
1846.496216 0.000000 1215.480713 0.000000 0.926908 0.000000 -0.375288 0.354807 0.354807 0.354807
1810.867188 0.000000 1229.135742 0.000000 0.914495 0.000000 -0.404597 0.355114 0.355114 0.355114
1831.443970 0.000000 1197.461304 0.000000 0.661445 0.000000 -0.749994 0.360819 0.360819 0.360819
1840.015381 0.000000 1213.953369 0.000000 0.730104 0.000000 -0.683336 0.359598 0.359598 0.359598
1852.718994 0.000000 1227.403320 0.000000 0.874025 0.000000 -0.485881 0.356495 0.356495 0.356495
1851.206421 0.000000 1216.152588 0.000000 0.785689 0.000000 -0.618622 0.358509 0.358509 0.358509
1854.888184 0.000000 1222.796875 0.000000 0.827287 0.000000 -0.561780 0.357610 0.357610 0.357610
1837.601929 0.000000 1226.096802 0.000000 0.774957 0.000000 -0.632014 0.358728 0.358728 0.358728
1830.658447 0.000000 1194.392822 0.000000 0.622577 0.000000 -0.782559 0.361466 0.361466 0.361466
1839.560791 0.000000 1228.935547 0.000000 0.945608 0.000000 -0.325310 0.354256 0.354256 0.354256
1846.928345 0.000000 1203.056885 0.000000 0.726952 0.000000 -0.686688 0.359656 0.359656 0.359656
1838.630737 0.000000 1209.948486 0.000000 0.906687 0.000000 -0.421804 0.355555 0.355555 0.355555
1843.473267 0.000000 1226.549805 0.000000 0.810314 0.000000 -0.585996 0.358863 0.358863 0.358863
1817.026123 0.000000 1186.419800 0.000000 0.935814 0.000000 -0.352493 0.355084 0.355084 0.355084
1800.162109 0.000000 1205.892700 0.000000 0.874357 0.000000 -0.485283 0.356730 0.356730 0.356730
1810.112671 0.000000 1212.363525 0.000000 0.835388 0.000000 -0.549661 0.358314 0.358314 0.358314
1827.097656 0.000000 1228.271973 0.000000 0.919842 0.000000 -0.392290 0.355319 0.355319 0.355319
1815.825562 0.000000 1240.092285 0.000000 0.671068 0.000000 -0.741396 0.361968 0.361968 0.361968
1851.060547 0.000000 1228.764160 0.000000 0.769891 0.000000 -0.638176 0.360009 0.360009 0.360009
1813.939941 0.000000 1211.505249 0.000000 0.737519 0.000000 -0.675326 0.360074 0.360074 0.360074
1815.052002 0.000000 1189.219727 0.000000 0.661689 0.000000 -0.749779 0.364741 0.364741 0.364741
1798.226929 0.000000 1230.746826 0.000000 0.904731 0.000000 -0.425984 0.356960 0.356960 0.356960
1797.476685 0.000000 1237.450073 0.000000 0.921714 0.000000 -0.387871 0.355604 0.355604 0.355604
1805.989746 0.000000 1213.086304 0.000000 0.936760 0.000000 -0.349972 0.355311 0.355311 0.355311
1833.461914 0.000000 1241.771484 0.000000 0.881510 0.000000 -0.472166 0.357455 0.357455 0.357455
1798.067017 0.000000 1219.307373 0.000000 0.681032 0.000000 -0.732254 0.364430 0.364430 0.364430
1800.084595 0.000000 1201.806885 0.000000 0.816902 0.000000 -0.576776 0.358837 0.358837 0.358837
1801.040405 0.000000 1227.696411 0.000000 0.904882 0.000000 -0.425662 0.356397 0.356397 0.356397
1816.941406 0.000000 1236.399536 0.000000 0.813064 0.000000 -0.582175 0.359149 0.359149 0.359149
1816.548584 0.000000 1188.228882 0.000000 0.881553 0.000000 -0.472085 0.357969 0.357969 0.357969
1845.498657 0.000000 1223.648071 0.000000 0.800048 0.000000 -0.599936 0.361048 0.361048 0.361048
1814.760498 0.000000 1195.376343 0.000000 0.777581 0.000000 -0.628783 0.360487 0.360487 0.360487
1826.384521 0.000000 1234.441650 0.000000 0.842482 0.000000 -0.538724 0.360986 0.360986 0.360986
1827.246582 0.000000 1232.590332 0.000000 0.794324 0.000000 -0.607494 0.361695 0.361695 0.361695
1798.216797 0.000000 1233.403809 0.000000 0.690692 0.000000 -0.723149 0.362008 0.362008 0.362008
1796.650269 0.000000 1223.947998 0.000000 0.722878 0.000000 -0.690976 0.362231 0.362231 0.362231
1796.645142 0.000000 1230.785767 0.000000 0.926152 0.000000 -0.377151 0.355829 0.355829 0.355829
1844.391724 0.000000 1222.626953 0.000000 0.930476 0.000000 -0.366353 0.356440 0.356440 0.356440
1829.666260 0.000000 1234.007690 0.000000 0.718826 0.000000 -0.695190 0.363433 0.363433 0.363433
1817.317871 0.000000 1193.432251 0.000000 0.646379 0.000000 -0.763017 0.366913 0.366913 0.366913
1815.808105 0.000000 1191.005615 0.000000 0.707109 0.000000 -0.707104 0.365510 0.365510 0.365510
1794.917725 0.000000 1219.601318 0.000000 0.719386 0.000000 -0.694611 0.362782 0.362782 0.362782
1847.001831 0.000000 1221.206543 0.000000 0.936257 0.000000 -0.351315 0.355913 0.355913 0.355913
1810.493530 0.000000 1192.471191 0.000000 0.620875 0.000000 -0.783910 0.365036 0.365036 0.365036
1801.015747 0.000000 1218.153931 0.000000 0.732396 0.000000 -0.680879 0.362892 0.362892 0.362892
1827.728149 0.000000 1238.203247 0.000000 0.855127 0.000000 -0.518419 0.360024 0.360024 0.360024
1872.913574 0.000000 1218.741943 0.000000 0.784900 0.000000 -0.619623 0.357941 0.357941 0.357941
1857.602173 0.000000 1216.545166 0.000000 0.715764 0.000000 -0.698342 0.359390 0.359390 0.359390
1901.456909 0.000000 1190.385376 0.000000 0.813966 0.000000 -0.580912 0.357881 0.357881 0.357881
1895.443970 0.000000 1197.461304 0.000000 0.614825 0.000000 -0.788663 0.361314 0.361314 0.361314
1899.550903 0.000000 1192.971680 0.000000 0.638155 0.000000 -0.769908 0.361210 0.361210 0.361210
1883.115234 0.000000 1215.455566 0.000000 0.710959 0.000000 -0.703233 0.360904 0.360904 0.360904
1890.441895 0.000000 1220.135254 0.000000 0.918609 0.000000 -0.395168 0.355626 0.355626 0.355626
1892.534668 0.000000 1203.349976 0.000000 0.789828 0.000000 -0.613328 0.358423 0.358423 0.358423
1894.985352 0.000000 1218.036255 0.000000 0.626540 0.000000 -0.779389 0.361479 0.361479 0.361479
1876.672607 0.000000 1205.729248 0.000000 0.654967 0.000000 -0.755657 0.362351 0.362351 0.362351
1880.739258 0.000000 1214.741089 0.000000 0.773425 0.000000 -0.633888 0.359329 0.359329 0.359329
1884.327393 0.000000 1213.990479 0.000000 0.913688 0.000000 -0.406416 0.356016 0.356016 0.356016
1883.663208 0.000000 1208.967529 0.000000 0.893338 0.000000 -0.449386 0.357188 0.357188 0.357188
1879.097900 0.000000 1205.186279 0.000000 0.891197 0.000000 -0.453616 0.357199 0.357199 0.357199
1882.288574 0.000000 1206.004639 0.000000 0.924394 0.000000 -0.381440 0.356463 0.356463 0.356463
1954.040283 0.000000 1147.992432 0.000000 0.612387 0.000000 -0.790558 0.361233 0.361233 0.361233
1936.764038 0.000000 1145.639526 0.000000 0.905702 0.000000 -0.423915 0.355470 0.355470 0.355470
1966.877930 0.000000 1183.110962 0.000000 0.872850 0.000000 -0.487989 0.357595 0.357595 0.357595
1951.953247 0.000000 1135.362671 0.000000 0.777106 0.000000 -0.629370 0.360856 0.360856 0.360856
1958.249512 0.000000 1183.379761 0.000000 0.642176 0.000000 -0.766557 0.362746 0.362746 0.362746
1933.681030 0.000000 1143.460205 0.000000 0.942249 0.000000 -0.334914 0.354879 0.354879 0.354879
1952.356323 0.000000 1142.054321 0.000000 0.692978 0.000000 -0.720958 0.362418 0.362418 0.362418
1947.986084 0.000000 1140.445557 0.000000 0.863597 0.000000 -0.504182 0.358750 0.358750 0.358750
1950.441772 0.000000 1141.651611 0.000000 0.906243 0.000000 -0.422757 0.357323 0.357323 0.357323
1959.590698 0.000000 1189.786987 0.000000 0.776909 0.000000 -0.629612 0.359016 0.359016 0.359016
1970.757324 0.000000 1187.520020 0.000000 0.911895 0.000000 -0.410423 0.356578 0.356578 0.356578
1833.927490 0.000000 1287.389526 0.000000 0.728088 0.000000 -0.685483 0.359206 0.359206 0.359206
1831.553711 0.000000 1259.858521 0.000000 0.769013 0.000000 -0.639233 0.358847 0.358847 0.358847
1844.391968 0.000000 1291.042969 0.000000 0.839023 0.000000 -0.544096 0.357339 0.357339 0.357339
1814.343750 0.000000 1260.048462 0.000000 0.905744 0.000000 -0.423825 0.355660 0.355660 0.355660
1794.492065 0.000000 1246.245850 0.000000 0.921396 0.000000 -0.388625 0.354952 0.354952 0.354952
1852.718994 0.000000 1283.887695 0.000000 0.923617 0.000000 -0.383316 0.355001 0.355001 0.355001
1798.827515 0.000000 1298.655151 0.000000 0.807614 0.000000 -0.589712 0.358101 0.358101 0.358101
1819.115967 0.000000 1261.131470 0.000000 0.744947 0.000000 -0.667124 0.359477 0.359477 0.359477
1798.297607 0.000000 1244.004395 0.000000 0.787082 0.000000 -0.616849 0.358480 0.358480 0.358480
1817.163940 0.000000 1298.515625 0.000000 0.920361 0.000000 -0.391070 0.355214 0.355214 0.355214
1828.100952 0.000000 1290.517578 0.000000 0.880555 0.000000 -0.473944 0.356299 0.356299 0.356299
1834.478760 0.000000 1268.393311 0.000000 0.838966 0.000000 -0.544184 0.357240 0.357240 0.357240
1830.386963 0.000000 1265.004395 0.000000 0.945480 0.000000 -0.325681 0.354420 0.354420 0.354420
1797.178101 0.000000 1268.026245 0.000000 0.660850 0.000000 -0.750518 0.360977 0.360977 0.360977
1796.256348 0.000000 1298.171997 0.000000 0.799016 0.000000 -0.601310 0.358230 0.358230 0.358230
1839.681152 0.000000 1245.558105 0.000000 0.761148 0.000000 -0.648578 0.359373 0.359373 0.359373
1853.258179 0.000000 1254.670532 0.000000 0.754085 0.000000 -0.656777 0.359016 0.359016 0.359016
1794.786255 0.000000 1277.556885 0.000000 0.894052 0.000000 -0.447962 0.356108 0.356108 0.356108
1808.434082 0.000000 1272.717407 0.000000 0.926050 0.000000 -0.377401 0.354954 0.354954 0.354954
1847.370483 0.000000 1276.311646 0.000000 0.589371 0.000000 -0.807863 0.361999 0.361999 0.361999
1793.278687 0.000000 1288.531494 0.000000 0.592350 0.000000 -0.805680 0.363548 0.363548 0.363548
1832.581299 0.000000 1272.920654 0.000000 0.873467 0.000000 -0.486883 0.356843 0.356843 0.356843
1811.258667 0.000000 1281.549805 0.000000 0.820232 0.000000 -0.572031 0.359046 0.359046 0.359046
1829.382812 0.000000 1270.238281 0.000000 0.670411 0.000000 -0.741990 0.362163 0.362163 0.362163
1820.897827 0.000000 1264.295166 0.000000 0.920577 0.000000 -0.390561 0.355925 0.355925 0.355925
1828.267090 0.000000 1267.546997 0.000000 0.836527 0.000000 -0.547925 0.358817 0.358817 0.358817
1820.530762 0.000000 1284.331177 0.000000 0.887095 0.000000 -0.461586 0.357295 0.357295 0.357295
1820.971191 0.000000 1287.968994 0.000000 0.950030 0.000000 -0.312159 0.354938 0.354938 0.354938
1819.848511 0.000000 1296.315430 0.000000 0.680519 0.000000 -0.732730 0.361640 0.361640 0.361640
1796.253662 0.000000 1282.022095 0.000000 0.892814 0.000000 -0.450426 0.357267 0.357267 0.357267
1822.555786 0.000000 1264.993774 0.000000 0.593217 0.000000 -0.805043 0.363859 0.363859 0.363859
1814.173218 0.000000 1281.997803 0.000000 0.885284 0.000000 -0.465050 0.358051 0.358051 0.358051
1825.168701 0.000000 1262.948486 0.000000 0.849795 0.000000 -0.527113 0.358102 0.358102 0.358102
1829.911865 0.000000 1245.816040 0.000000 0.871846 0.000000 -0.489781 0.358855 0.358855 0.358855
1828.465698 0.000000 1244.442139 0.000000 0.943487 0.000000 -0.331410 0.355844 0.355844 0.355844
1809.633179 0.000000 1291.485107 0.000000 0.705290 0.000000 -0.708919 0.363082 0.363082 0.363082
1809.260742 0.000000 1285.220581 0.000000 0.908067 0.000000 -0.418825 0.358081 0.358081 0.358081
1817.412720 0.000000 1282.767700 0.000000 0.884514 0.000000 -0.466514 0.358270 0.358270 0.358270
1817.662842 0.000000 1265.451538 0.000000 0.906763 0.000000 -0.421641 0.356770 0.356770 0.356770
1816.838135 0.000000 1280.767944 0.000000 0.756817 0.000000 -0.653627 0.361422 0.361422 0.361422
1812.687622 0.000000 1295.359375 0.000000 0.748109 0.000000 -0.663576 0.361222 0.361222 0.361222
1809.954346 0.000000 1280.680420 0.000000 0.819040 0.000000 -0.573737 0.359130 0.359130 0.359130
1796.645142 0.000000 1287.270142 0.000000 0.709162 0.000000 -0.705045 0.362102 0.362102 0.362102
1806.515747 0.000000 1292.602905 0.000000 0.758638 0.000000 -0.651512 0.361346 0.361346 0.361346
1813.261719 0.000000 1289.817139 0.000000 0.826091 0.000000 -0.563537 0.359599 0.359599 0.359599
1799.681641 0.000000 1281.574341 0.000000 0.700405 0.000000 -0.713746 0.362675 0.362675 0.362675
1802.104736 0.000000 1289.747070 0.000000 0.888902 0.000000 -0.458098 0.357360 0.357360 0.357360
1814.083252 0.000000 1279.098389 0.000000 0.627441 0.000000 -0.778664 0.364350 0.364350 0.364350
1814.808716 0.000000 1285.675171 0.000000 0.810978 0.000000 -0.585077 0.360977 0.360977 0.360977
1829.877441 0.000000 1242.710205 0.000000 0.892994 0.000000 -0.450069 0.358158 0.358158 0.358158
1827.260010 0.000000 1245.220703 0.000000 0.663420 0.000000 -0.748247 0.364442 0.364442 0.364442
1815.770020 0.000000 1288.213867 0.000000 0.769762 0.000000 -0.638331 0.362280 0.362280 0.362280
1809.638672 0.000000 1283.954712 0.000000 0.828544 0.000000 -0.559925 0.360671 0.360671 0.360671
1817.036621 0.000000 1286.891602 0.000000 0.881350 0.000000 -0.472464 0.358707 0.358707 0.358707
1818.048218 0.000000 1289.183228 0.000000 0.676594 0.000000 -0.736356 0.364283 0.364283 0.364283
1827.340820 0.000000 1243.911377 0.000000 0.912782 0.000000 -0.408447 0.357923 0.357923 0.357923
1869.467529 0.000000 1258.211548 0.000000 0.641391 0.000000 -0.767214 0.359857 0.359857 0.359857
1879.427856 0.000000 1291.651611 0.000000 0.944177 0.000000 -0.329438 0.353960 0.353960 0.353960
1860.219482 0.000000 1275.290405 0.000000 0.748420 0.000000 -0.663225 0.359314 0.359314 0.359314
1862.798706 0.000000 1256.923218 0.000000 0.628332 0.000000 -0.777945 0.361450 0.361450 0.361450
1862.113892 0.000000 1281.614746 0.000000 0.722508 0.000000 -0.691362 0.359772 0.359772 0.359772
1863.290405 0.000000 1277.328613 0.000000 0.671649 0.000000 -0.740869 0.360899 0.360899 0.360899
1868.244629 0.000000 1293.272827 0.000000 0.633259 0.000000 -0.773940 0.361755 0.361755 0.361755
1876.862061 0.000000 1291.323242 0.000000 0.810322 0.000000 -0.585985 0.358288 0.358288 0.358288
1878.697754 0.000000 1289.174927 0.000000 0.638839 0.000000 -0.769341 0.361812 0.361812 0.361812
1861.178101 0.000000 1268.026245 0.000000 0.727553 0.000000 -0.686051 0.359777 0.359777 0.359777
1872.003174 0.000000 1269.958984 0.000000 0.857631 0.000000 -0.514266 0.356938 0.356938 0.356938
1869.917725 0.000000 1274.102417 0.000000 0.934807 0.000000 -0.355157 0.355235 0.355235 0.355235
1858.523438 0.000000 1257.071167 0.000000 0.745039 0.000000 -0.667021 0.359730 0.359730 0.359730
1875.258667 0.000000 1281.549805 0.000000 0.837471 0.000000 -0.546481 0.358512 0.358512 0.358512
1871.409668 0.000000 1282.816406 0.000000 0.833705 0.000000 -0.552210 0.359303 0.359303 0.359303
1876.233154 0.000000 1284.775879 0.000000 0.875183 0.000000 -0.483793 0.357810 0.357810 0.357810
1872.139404 0.000000 1281.612305 0.000000 0.767928 0.000000 -0.640536 0.361116 0.361116 0.361116
1794.492065 0.000000 1302.730225 0.000000 0.917167 0.000000 -0.398503 0.355104 0.355104 0.355104
1832.221680 0.000000 1319.583862 0.000000 0.620977 0.000000 -0.783829 0.361571 0.361571 0.361571
1821.260010 0.000000 1333.409912 0.000000 0.843623 0.000000 -0.536936 0.357652 0.357652 0.357652
1796.256348 0.000000 1354.656372 0.000000 0.613342 0.000000 -0.789817 0.362093 0.362093 0.362093
1792.974365 0.000000 1311.848389 0.000000 0.701144 0.000000 -0.713020 0.360127 0.360127 0.360127
1811.150757 0.000000 1332.902222 0.000000 0.943299 0.000000 -0.331944 0.354760 0.354760 0.354760
1808.003174 0.000000 1326.443359 0.000000 0.934653 0.000000 -0.355561 0.354844 0.354844 0.354844
1807.784668 0.000000 1340.963257 0.000000 0.878107 0.000000 -0.478464 0.357149 0.357149 0.357149
1810.112671 0.000000 1325.332275 0.000000 0.767044 0.000000 -0.641594 0.359830 0.359830 0.359830
1812.737915 0.000000 1299.143555 0.000000 0.592398 0.000000 -0.805646 0.362933 0.362933 0.362933
1822.946777 0.000000 1312.379639 0.000000 0.807401 0.000000 -0.590004 0.358437 0.358437 0.358437
1803.945557 0.000000 1321.209106 0.000000 0.686770 0.000000 -0.726874 0.361697 0.361697 0.361697
1815.342529 0.000000 1314.651367 0.000000 0.655664 0.000000 -0.755053 0.362300 0.362300 0.362300
1807.150513 0.000000 1352.751587 0.000000 0.860939 0.000000 -0.508708 0.358510 0.358510 0.358510
1823.429199 0.000000 1323.068726 0.000000 0.899827 0.000000 -0.436246 0.356430 0.356430 0.356430
1809.373657 0.000000 1299.247070 0.000000 0.605024 0.000000 -0.796207 0.363238 0.363238 0.363238
1798.215454 0.000000 1315.293945 0.000000 0.940281 0.000000 -0.340399 0.354871 0.354871 0.354871
1812.110352 0.000000 1312.778442 0.000000 0.865112 0.000000 -0.501579 0.357529 0.357529 0.357529
1801.040405 0.000000 1340.665161 0.000000 0.733253 0.000000 -0.679956 0.362315 0.362315 0.362315
1828.762085 0.000000 1320.645752 0.000000 0.816838 0.000000 -0.576867 0.358838 0.358838 0.358838
1794.331055 0.000000 1339.086426 0.000000 0.777792 0.000000 -0.628522 0.365144 0.365144 0.365144
1826.022705 0.000000 1321.176392 0.000000 0.730843 0.000000 -0.682545 0.360798 0.360798 0.360798
1794.930908 0.000000 1330.615356 0.000000 0.842770 0.000000 -0.538274 0.362665 0.362665 0.362665
1795.459351 0.000000 1335.656860 0.000000 0.861432 0.000000 -0.507873 0.361428 0.361428 0.361428
1805.010498 0.000000 1333.164917 0.000000 0.627406 0.000000 -0.778692 0.366846 0.366846 0.366846
1799.681641 0.000000 1338.058716 0.000000 0.653336 0.000000 -0.757068 0.365309 0.365309 0.365309
1799.944946 0.000000 1327.078979 0.000000 0.846837 0.000000 -0.531852 0.359996 0.359996 0.359996
1794.917725 0.000000 1332.570068 0.000000 0.938281 0.000000 -0.345874 0.357869 0.357869 0.357869
1804.118530 0.000000 1330.473389 0.000000 0.905889 0.000000 -0.423515 0.357394 0.357394 0.357394
1798.769043 0.000000 1335.147949 0.000000 0.678345 0.000000 -0.734743 0.366694 0.366694 0.366694
1792.022583 0.000000 1334.847412 0.000000 0.908768 0.000000 -0.417301 0.359592 0.359592 0.359592
1805.373169 0.000000 1334.409546 0.000000 0.618041 0.000000 -0.786146 0.367586 0.367586 0.367586
1796.622925 0.000000 1330.527832 0.000000 0.795758 0.000000 -0.605615 0.364495 0.364495 0.364495
1794.320068 0.000000 1336.187866 0.000000 0.742617 0.000000 -0.669717 0.366255 0.366255 0.366255
1800.482910 0.000000 1339.490723 0.000000 0.811513 0.000000 -0.584335 0.361315 0.361315 0.361315
1800.697632 0.000000 1328.062012 0.000000 0.902790 0.000000 -0.430081 0.358236 0.358236 0.358236
1956.314209 0.000000 1296.052124 0.000000 0.760247 0.000000 -0.649634 0.359083 0.359083 0.359083
1960.504761 0.000000 1286.049927 0.000000 0.844189 0.000000 -0.536045 0.358404 0.358404 0.358404
1954.384521 0.000000 1290.926025 0.000000 0.653769 0.000000 -0.756694 0.362674 0.362674 0.362674
1947.921387 0.000000 1315.096313 0.000000 0.913656 0.000000 -0.406488 0.355322 0.355322 0.355322
1955.024292 0.000000 1319.712769 0.000000 0.863181 0.000000 -0.504894 0.357423 0.357423 0.357423
1951.885010 0.000000 1318.330688 0.000000 0.847536 0.000000 -0.530737 0.357260 0.357260 0.357260
1967.774780 0.000000 1318.329224 0.000000 0.779881 0.000000 -0.625928 0.359899 0.359899 0.359899
1966.326538 0.000000 1310.258667 0.000000 0.911917 0.000000 -0.410375 0.355986 0.355986 0.355986
1971.156128 0.000000 1313.213745 0.000000 0.864269 0.000000 -0.503031 0.359119 0.359119 0.359119
1974.278564 0.000000 1299.172485 0.000000 0.738954 0.000000 -0.673756 0.362597 0.362597 0.362597
1968.094482 0.000000 1316.249878 0.000000 0.788995 0.000000 -0.614400 0.359510 0.359510 0.359510
1961.985107 0.000000 1320.077271 0.000000 0.755368 0.000000 -0.655300 0.361926 0.361926 0.361926
1973.692383 0.000000 1310.875610 0.000000 0.659731 0.000000 -0.751502 0.364006 0.364006 0.364006
1969.566528 0.000000 1306.323242 0.000000 0.738459 0.000000 -0.674298 0.361510 0.361510 0.361510
1970.757324 0.000000 1300.488770 0.000000 0.887959 0.000000 -0.459922 0.358644 0.358644 0.358644
1957.219971 0.000000 1322.720093 0.000000 0.795393 0.000000 -0.606094 0.360241 0.360241 0.360241
1974.518433 0.000000 1302.829712 0.000000 0.758127 0.000000 -0.652107 0.363128 0.363128 0.363128
1974.014893 0.000000 1304.660767 0.000000 0.922657 0.000000 -0.385623 0.356521 0.356521 0.356521
1973.412354 0.000000 1301.936646 0.000000 0.683649 0.000000 -0.729811 0.366905 0.366905 0.366905
1970.150146 0.000000 1308.427124 0.000000 0.643114 0.000000 -0.765771 0.366005 0.366005 0.366005
1206.872192 0.000000 1627.896851 0.000000 0.638509 0.000000 -0.769614 0.360130 0.360130 0.360130
1193.927490 0.000000 1626.295776 0.000000 0.703956 0.000000 -0.710244 0.359593 0.359593 0.359593
1207.033203 0.000000 1620.010376 0.000000 0.855665 0.000000 -0.517530 0.356631 0.356631 0.356631
1180.691528 0.000000 1629.654785 0.000000 0.887721 0.000000 -0.460381 0.356480 0.356480 0.356480
1184.929810 0.000000 1638.040039 0.000000 0.812154 0.000000 -0.583442 0.358601 0.358601 0.358601
1180.806519 0.000000 1631.925537 0.000000 0.872142 0.000000 -0.489253 0.357125 0.357125 0.357125
1186.607544 0.000000 1633.956421 0.000000 0.938631 0.000000 -0.344923 0.355939 0.355939 0.355939
1197.863159 0.000000 1628.379639 0.000000 0.910109 0.000000 -0.414369 0.356104 0.356104 0.356104
1194.718262 0.000000 1628.061523 0.000000 0.624096 0.000000 -0.781347 0.363439 0.363439 0.363439
1177.114868 0.000000 1635.888916 0.000000 0.817591 0.000000 -0.575799 0.360026 0.360026 0.360026
1261.233887 0.000000 1607.459839 0.000000 0.600110 0.000000 -0.799917 0.360572 0.360572 0.360572
1231.712891 0.000000 1600.176636 0.000000 0.877163 0.000000 -0.480194 0.356302 0.356302 0.356302
1255.131470 0.000000 1616.541626 0.000000 0.855882 0.000000 -0.517172 0.356673 0.356673 0.356673
1228.406494 0.000000 1582.510864 0.000000 0.780562 0.000000 -0.625078 0.358260 0.358260 0.358260
1254.386963 0.000000 1603.910645 0.000000 0.911117 0.000000 -0.412148 0.355345 0.355345 0.355345
1238.697754 0.000000 1628.081177 0.000000 0.943080 0.000000 -0.332567 0.354399 0.354399 0.354399
1243.921387 0.000000 1597.518188 0.000000 0.889000 0.000000 -0.457908 0.355985 0.355985 0.355985
1241.450073 0.000000 1629.259277 0.000000 0.915034 0.000000 -0.403376 0.355388 0.355388 0.355388
1247.716431 0.000000 1622.013062 0.000000 0.928352 0.000000 -0.371703 0.355275 0.355275 0.355275
1249.958618 0.000000 1621.791504 0.000000 0.911755 0.000000 -0.410734 0.355825 0.355825 0.355825
1235.138916 0.000000 1629.226196 0.000000 0.856219 0.000000 -0.516613 0.357756 0.357756 0.357756
1241.175293 0.000000 1623.932007 0.000000 0.600626 0.000000 -0.799530 0.364410 0.364410 0.364410
1228.416504 0.000000 1623.480469 0.000000 0.839249 0.000000 -0.543748 0.359369 0.359369 0.359369
1243.981201 0.000000 1625.504272 0.000000 0.847846 0.000000 -0.530242 0.358229 0.358229 0.358229
1236.010742 0.000000 1625.771851 0.000000 0.806336 0.000000 -0.591458 0.359899 0.359899 0.359899
1241.412720 0.000000 1621.673950 0.000000 0.744524 0.000000 -0.667595 0.361369 0.361369 0.361369
1227.621582 0.000000 1627.486084 0.000000 0.766434 0.000000 -0.642323 0.362037 0.362037 0.362037
1242.510254 0.000000 1612.355713 0.000000 0.877005 0.000000 -0.480482 0.358321 0.358321 0.358321
1227.164307 0.000000 1618.117676 0.000000 0.696509 0.000000 -0.717548 0.364370 0.364370 0.364370
1228.418213 0.000000 1630.638428 0.000000 0.933324 0.000000 -0.359035 0.355664 0.355664 0.355664
1238.083252 0.000000 1618.004639 0.000000 0.683994 0.000000 -0.729488 0.362680 0.362680 0.362680
1236.586182 0.000000 1620.866455 0.000000 0.646881 0.000000 -0.762591 0.365005 0.365005 0.365005
1231.086670 0.000000 1619.097778 0.000000 0.636199 0.000000 -0.771525 0.365169 0.365169 0.365169
1234.405518 0.000000 1621.326660 0.000000 0.921088 0.000000 -0.389354 0.357111 0.357111 0.357111
1169.653076 0.000000 1646.516235 0.000000 0.620865 0.000000 -0.783917 0.361061 0.361061 0.361061
1172.109741 0.000000 1649.736572 0.000000 0.904932 0.000000 -0.425556 0.355531 0.355531 0.355531
1180.442627 0.000000 1638.064331 0.000000 0.821805 0.000000 -0.569769 0.358767 0.358767 0.358767
1198.914917 0.000000 1647.132690 0.000000 0.880049 0.000000 -0.474883 0.356961 0.356961 0.356961
1198.857178 0.000000 1643.550781 0.000000 0.750894 0.000000 -0.660423 0.360936 0.360936 0.360936
1196.378174 0.000000 1638.543091 0.000000 0.861792 0.000000 -0.507262 0.358391 0.358391 0.358391
1279.290771 0.000000 1751.420654 0.000000 0.610385 0.000000 -0.792105 0.360585 0.360585 0.360585
1331.720459 0.000000 1732.403076 0.000000 0.774640 0.000000 -0.632402 0.357927 0.357927 0.357927
1338.989014 0.000000 1728.165283 0.000000 0.758716 0.000000 -0.651422 0.358741 0.358741 0.358741
1344.004639 0.000000 1747.845337 0.000000 0.884302 0.000000 -0.466914 0.356813 0.356813 0.356813
1344.975952 0.000000 1751.535889 0.000000 0.760279 0.000000 -0.649596 0.360781 0.360781 0.360781
1772.877319 0.000000 1389.411987 0.000000 0.929806 0.000000 -0.368050 0.354594 0.354594 0.354594
1783.010986 0.000000 1410.577881 0.000000 0.683998 0.000000 -0.729484 0.360251 0.360251 0.360251
1779.006592 0.000000 1364.070068 0.000000 0.878260 0.000000 -0.478183 0.356143 0.356143 0.356143
1790.830811 0.000000 1402.860107 0.000000 0.819881 0.000000 -0.572534 0.357777 0.357777 0.357777
1791.450562 0.000000 1363.554321 0.000000 0.790366 0.000000 -0.612634 0.358758 0.358758 0.358758
1779.473267 0.000000 1396.002930 0.000000 0.731305 0.000000 -0.682051 0.360592 0.360592 0.360592
1783.370483 0.000000 1389.280396 0.000000 0.944177 0.000000 -0.329439 0.354444 0.354444 0.354444
1791.836060 0.000000 1360.109131 0.000000 0.800274 0.000000 -0.599635 0.358485 0.358485 0.358485
1752.281860 0.000000 1377.640137 0.000000 0.771996 0.000000 -0.635628 0.360112 0.360112 0.360112
1776.587158 0.000000 1406.551025 0.000000 0.940328 0.000000 -0.340268 0.355082 0.355082 0.355082
1773.863159 0.000000 1402.442139 0.000000 0.748365 0.000000 -0.663288 0.361248 0.361248 0.361248
1771.631348 0.000000 1399.174927 0.000000 0.701645 0.000000 -0.712527 0.362855 0.362855 0.362855
1770.998291 0.000000 1392.291992 0.000000 0.605436 0.000000 -0.795894 0.363834 0.363834 0.363834
1767.682861 0.000000 1403.875977 0.000000 0.606993 0.000000 -0.794707 0.364527 0.364527 0.364527
1749.358154 0.000000 1379.517700 0.000000 0.724456 0.000000 -0.689321 0.362959 0.362959 0.362959
1767.334595 0.000000 1395.383301 0.000000 0.859810 0.000000 -0.510615 0.359131 0.359131 0.359131
1776.446289 0.000000 1422.940186 0.000000 0.631632 0.000000 -0.775268 0.361201 0.361201 0.361201
1777.098145 0.000000 1426.485352 0.000000 0.653534 0.000000 -0.756897 0.360840 0.360840 0.360840
1782.496216 0.000000 1441.418213 0.000000 0.869936 0.000000 -0.493165 0.356354 0.356354 0.356354
1782.469360 0.000000 1422.263428 0.000000 0.687007 0.000000 -0.726651 0.360235 0.360235 0.360235
1770.699829 0.000000 1452.488159 0.000000 0.702137 0.000000 -0.712042 0.360213 0.360213 0.360213
1786.989014 0.000000 1445.743408 0.000000 0.926507 0.000000 -0.376277 0.354837 0.354837 0.354837
1791.450562 0.000000 1420.038696 0.000000 0.870409 0.000000 -0.492329 0.356567 0.356567 0.356567
1783.370483 0.000000 1445.764771 0.000000 0.654415 0.000000 -0.756136 0.361537 0.361537 0.361537
1777.258545 0.000000 1449.566406 0.000000 0.921083 0.000000 -0.389366 0.355469 0.355469 0.355469
1772.435303 0.000000 1448.084473 0.000000 0.907082 0.000000 -0.420954 0.356245 0.356245 0.356245
1767.451416 0.000000 1427.104858 0.000000 0.833445 0.000000 -0.552603 0.358492 0.358492 0.358492
1754.413818 0.000000 1420.380859 0.000000 0.938502 0.000000 -0.345273 0.355144 0.355144 0.355144
1774.922729 0.000000 1447.430664 0.000000 0.930011 0.000000 -0.367532 0.355114 0.355114 0.355114
1773.660034 0.000000 1444.059692 0.000000 0.683779 0.000000 -0.729689 0.361363 0.361363 0.361363
1762.286743 0.000000 1415.737061 0.000000 0.607597 0.000000 -0.794246 0.364194 0.364194 0.364194
1771.248413 0.000000 1444.935425 0.000000 0.905857 0.000000 -0.423584 0.356287 0.356287 0.356287
1755.430664 0.000000 1424.137085 0.000000 0.632896 0.000000 -0.774237 0.362303 0.362303 0.362303
1770.287964 0.000000 1442.791626 0.000000 0.804397 0.000000 -0.594093 0.359144 0.359144 0.359144
1767.815552 0.000000 1421.663086 0.000000 0.949664 0.000000 -0.313270 0.354636 0.354636 0.354636
1765.911865 0.000000 1415.269165 0.000000 0.950938 0.000000 -0.309381 0.354631 0.354631 0.354631
1762.940674 0.000000 1422.195801 0.000000 0.801170 0.000000 -0.598437 0.359866 0.359866 0.359866
1812.194824 0.000000 1401.537842 0.000000 0.686436 0.000000 -0.727190 0.359711 0.359711 0.359711
1792.073120 0.000000 1394.186523 0.000000 0.880023 0.000000 -0.474931 0.355989 0.355989 0.355989
1802.748779 0.000000 1397.817871 0.000000 0.764461 0.000000 -0.644670 0.358938 0.358938 0.358938
1804.396729 0.000000 1368.132812 0.000000 0.797654 0.000000 -0.603116 0.358259 0.358259 0.358259
1798.827515 0.000000 1411.623901 0.000000 0.695834 0.000000 -0.718202 0.360221 0.360221 0.360221
1850.107300 0.000000 1410.825439 0.000000 0.873220 0.000000 -0.487326 0.356494 0.356494 0.356494
1801.349487 0.000000 1408.180054 0.000000 0.942111 0.000000 -0.335300 0.354317 0.354317 0.354317
1799.290405 0.000000 1390.297363 0.000000 0.761686 0.000000 -0.647946 0.358992 0.358992 0.358992
1852.341309 0.000000 1408.792847 0.000000 0.711967 0.000000 -0.702213 0.359932 0.359932 0.359932
1797.178101 0.000000 1380.994995 0.000000 0.914686 0.000000 -0.404166 0.355308 0.355308 0.355308
1792.974365 0.000000 1368.332764 0.000000 0.804027 0.000000 -0.594593 0.358457 0.358457 0.358457
1806.121460 0.000000 1357.643433 0.000000 0.822334 0.000000 -0.569004 0.358357 0.358357 0.358357
1819.270386 0.000000 1407.371216 0.000000 0.750358 0.000000 -0.661031 0.360065 0.360065 0.360065
1897.927490 0.000000 1400.358276 0.000000 0.671508 0.000000 -0.740997 0.360063 0.360063 0.360063
1896.221680 0.000000 1376.068237 0.000000 0.679852 0.000000 -0.733349 0.360646 0.360646 0.360646
1906.616577 0.000000 1401.678223 0.000000 0.813764 0.000000 -0.581196 0.358183 0.358183 0.358183
1909.008667 0.000000 1399.846802 0.000000 0.706868 0.000000 -0.707346 0.360230 0.360230 0.360230
1903.961792 0.000000 1410.884888 0.000000 0.751687 0.000000 -0.659520 0.359188 0.359188 0.359188
1894.352295 0.000000 1404.813477 0.000000 0.792875 0.000000 -0.609384 0.358360 0.358360 0.358360
1908.503296 0.000000 1410.042603 0.000000 0.732620 0.000000 -0.680638 0.359551 0.359551 0.359551
1867.910645 0.000000 1383.307983 0.000000 0.743692 0.000000 -0.668522 0.359501 0.359501 0.359501
1900.873901 0.000000 1400.614258 0.000000 0.717265 0.000000 -0.696801 0.360509 0.360509 0.360509
1903.221924 0.000000 1388.923584 0.000000 0.885232 0.000000 -0.465149 0.356975 0.356975 0.356975
1874.130249 0.000000 1400.718262 0.000000 0.634436 0.000000 -0.772976 0.362622 0.362622 0.362622
1881.637573 0.000000 1392.322388 0.000000 0.728398 0.000000 -0.685154 0.361476 0.361476 0.361476
1870.324707 0.000000 1379.512939 0.000000 0.810725 0.000000 -0.585427 0.359509 0.359509 0.359509
1873.646729 0.000000 1374.949829 0.000000 0.928935 0.000000 -0.370244 0.355816 0.355816 0.355816
1870.008911 0.000000 1375.370117 0.000000 0.693082 0.000000 -0.720859 0.362240 0.362240 0.362240
1869.989746 0.000000 1382.539429 0.000000 0.836176 0.000000 -0.548460 0.358218 0.358218 0.358218
1871.814819 0.000000 1376.256958 0.000000 0.734597 0.000000 -0.678504 0.361892 0.361892 0.361892
1904.863892 0.000000 1400.100952 0.000000 0.931214 0.000000 -0.364473 0.355362 0.355362 0.355362
1883.568481 0.000000 1389.032349 0.000000 0.942911 0.000000 -0.333045 0.354910 0.354910 0.354910
1879.132690 0.000000 1393.573730 0.000000 0.659082 0.000000 -0.752071 0.363537 0.363537 0.363537
1878.173218 0.000000 1394.966553 0.000000 0.863286 0.000000 -0.504714 0.358344 0.358344 0.358344
1868.302734 0.000000 1376.023438 0.000000 0.595379 0.000000 -0.803445 0.364227 0.364227 0.364227
1868.416504 0.000000 1397.542969 0.000000 0.846273 0.000000 -0.532749 0.360555 0.360555 0.360555
1868.826050 0.000000 1394.811157 0.000000 0.822707 0.000000 -0.568466 0.359695 0.359695 0.359695
1872.417358 0.000000 1401.495972 0.000000 0.862829 0.000000 -0.505496 0.359007 0.359007 0.359007
1876.371582 0.000000 1392.163086 0.000000 0.609114 0.000000 -0.793082 0.365725 0.365725 0.365725
1866.104736 0.000000 1402.715820 0.000000 0.666658 0.000000 -0.745364 0.362972 0.362972 0.362972
1878.083252 0.000000 1392.067139 0.000000 0.830662 0.000000 -0.556777 0.359391 0.359391 0.359391
1871.300537 0.000000 1398.713135 0.000000 0.807102 0.000000 -0.590411 0.362803 0.362803 0.362803
1875.856934 0.000000 1393.364990 0.000000 0.665451 0.000000 -0.746442 0.365205 0.365205 0.365205
1870.338867 0.000000 1397.446167 0.000000 0.700171 0.000000 -0.713975 0.366432 0.366432 0.366432
1874.405518 0.000000 1395.389160 0.000000 0.718922 0.000000 -0.695091 0.365546 0.365546 0.365546
1807.347534 0.000000 1412.393433 0.000000 0.635061 0.000000 -0.772462 0.359950 0.359950 0.359950
1814.003418 0.000000 1425.811768 0.000000 0.782900 0.000000 -0.622147 0.357980 0.357980 0.357980
1853.449707 0.000000 1421.595581 0.000000 0.947466 0.000000 -0.319857 0.353983 0.353983 0.353983
1852.365845 0.000000 1414.837036 0.000000 0.722875 0.000000 -0.690979 0.359732 0.359732 0.359732
1845.610352 0.000000 1447.602173 0.000000 0.854153 0.000000 -0.520022 0.356881 0.356881 0.356881
1847.542480 0.000000 1435.239136 0.000000 0.946999 0.000000 -0.321238 0.354501 0.354501 0.354501
1839.681152 0.000000 1415.011230 0.000000 0.846500 0.000000 -0.532389 0.357162 0.357162 0.357162
1813.388916 0.000000 1455.335205 0.000000 0.847365 0.000000 -0.531012 0.357362 0.357362 0.357362
1846.928345 0.000000 1428.994385 0.000000 0.632932 0.000000 -0.774207 0.362225 0.362225 0.362225
1835.597290 0.000000 1414.133911 0.000000 0.916206 0.000000 -0.400708 0.355260 0.355260 0.355260
1832.628784 0.000000 1418.249634 0.000000 0.602604 0.000000 -0.798040 0.362475 0.362475 0.362475
1846.075073 0.000000 1433.654419 0.000000 0.590947 0.000000 -0.806710 0.363163 0.363163 0.363163
1842.491943 0.000000 1435.749634 0.000000 0.938578 0.000000 -0.345066 0.355403 0.355403 0.355403
1839.881714 0.000000 1424.841919 0.000000 0.948442 0.000000 -0.316951 0.354636 0.354636 0.354636
1839.143188 0.000000 1437.786865 0.000000 0.678922 0.000000 -0.734211 0.365129 0.365129 0.365129
1844.948608 0.000000 1438.835449 0.000000 0.699899 0.000000 -0.714242 0.361748 0.361748 0.361748
1842.737793 0.000000 1445.607056 0.000000 0.917475 0.000000 -0.397793 0.357203 0.357203 0.357203
1846.093628 0.000000 1436.376709 0.000000 0.948325 0.000000 -0.317300 0.354585 0.354585 0.354585
1826.022705 0.000000 1434.145142 0.000000 0.878546 0.000000 -0.477658 0.361096 0.361096 0.361096
1830.039062 0.000000 1430.211060 0.000000 0.725900 0.000000 -0.687800 0.363917 0.363917 0.363917
1833.028320 0.000000 1438.816162 0.000000 0.811285 0.000000 -0.584651 0.363914 0.363914 0.363914
1834.287964 0.000000 1442.791626 0.000000 0.731757 0.000000 -0.681566 0.366709 0.366709 0.366709
1830.058228 0.000000 1428.411865 0.000000 0.821783 0.000000 -0.569800 0.360039 0.360039 0.360039
1819.871582 0.000000 1432.176880 0.000000 0.621395 0.000000 -0.783497 0.366638 0.366638 0.366638
1819.994141 0.000000 1437.142578 0.000000 0.641944 0.000000 -0.766751 0.365919 0.365919 0.365919
1840.528931 0.000000 1432.990356 0.000000 0.850887 0.000000 -0.525348 0.359159 0.359159 0.359159
1840.720703 0.000000 1442.153198 0.000000 0.734056 0.000000 -0.679089 0.366634 0.366634 0.366634
1832.266113 0.000000 1440.872803 0.000000 0.872837 0.000000 -0.488013 0.361359 0.361359 0.361359
1815.405151 0.000000 1441.478516 0.000000 0.644936 0.000000 -0.764236 0.364935 0.364935 0.364935
1817.273560 0.000000 1433.037964 0.000000 0.708581 0.000000 -0.705629 0.363210 0.363210 0.363210
1840.418945 0.000000 1438.385986 0.000000 0.948279 0.000000 -0.317438 0.355462 0.355462 0.355462
1839.419800 0.000000 1434.763794 0.000000 0.619659 0.000000 -0.784871 0.365259 0.365259 0.365259
1824.531982 0.000000 1435.296997 0.000000 0.895787 0.000000 -0.444483 0.360263 0.360263 0.360263
1817.165405 0.000000 1436.307983 0.000000 0.715600 0.000000 -0.698510 0.363176 0.363176 0.363176
1833.506714 0.000000 1431.825195 0.000000 0.688795 0.000000 -0.724956 0.364102 0.364102 0.364102
1833.626221 0.000000 1441.697266 0.000000 0.854978 0.000000 -0.518665 0.362150 0.362150 0.362150
1828.226440 0.000000 1432.261353 0.000000 0.687701 0.000000 -0.725994 0.368103 0.368103 0.368103
1856.110718 0.000000 1422.473877 0.000000 0.850079 0.000000 -0.526655 0.356713 0.356713 0.356713
1884.682983 0.000000 1425.543335 0.000000 0.860545 0.000000 -0.509374 0.356491 0.356491 0.356491
1873.653076 0.000000 1420.578735 0.000000 0.946037 0.000000 -0.324058 0.354282 0.354282 0.354282
1905.495239 0.000000 1412.209473 0.000000 0.863985 0.000000 -0.503518 0.356732 0.356732 0.356732
1873.307007 0.000000 1423.055298 0.000000 0.841610 0.000000 -0.540086 0.357328 0.357328 0.357328
1885.269653 0.000000 1414.268799 0.000000 0.813407 0.000000 -0.581695 0.358408 0.358408 0.358408
1868.800293 0.000000 1422.672119 0.000000 0.746668 0.000000 -0.665197 0.360079 0.360079 0.360079
2026.157837 0.000000 1434.945679 0.000000 0.876613 0.000000 -0.481197 0.356185 0.356185 0.356185
2013.565796 0.000000 1455.408081 0.000000 0.944720 0.000000 -0.327878 0.354087 0.354087 0.354087
2023.443970 0.000000 1423.398804 0.000000 0.770647 0.000000 -0.637263 0.358633 0.358633 0.358633
1996.424805 0.000000 1430.529175 0.000000 0.738270 0.000000 -0.674505 0.359024 0.359024 0.359024
2024.221680 0.000000 1432.552612 0.000000 0.915031 0.000000 -0.403384 0.355497 0.355497 0.355497
2014.946777 0.000000 1425.348389 0.000000 0.948643 0.000000 -0.316348 0.354261 0.354261 0.354261
2008.739258 0.000000 1440.678589 0.000000 0.770590 0.000000 -0.637332 0.359963 0.359963 0.359963
1918.112061 0.000000 2190.324951 0.000000 0.839874 0.000000 -0.542781 0.356743 0.356743 0.356743
1903.226074 0.000000 2187.350342 0.000000 0.916495 0.000000 -0.400047 0.357372 0.357372 0.357372
1893.666260 0.000000 2194.242188 0.000000 0.788607 0.000000 -0.614898 0.361197 0.361197 0.361197
1906.837158 0.000000 2188.082520 0.000000 0.772342 0.000000 -0.635206 0.361727 0.361727 0.361727
1306.413818 0.000000 2437.099609 0.000000 0.942175 0.000000 -0.335121 0.357092 0.357092 0.357092
1290.491211 0.000000 2445.715820 0.000000 0.950738 0.000000 -0.309996 0.356128 0.356128 0.356128
1988.206177 0.000000 2318.114258 0.000000 0.870199 0.000000 -0.492701 0.357630 0.357630 0.357630
1992.166748 0.000000 2321.444092 0.000000 0.915492 0.000000 -0.402336 0.357489 0.357489 0.357489
1993.044312 0.000000 2319.060791 0.000000 0.936536 0.000000 -0.350572 0.357981 0.357981 0.357981
1726.830811 0.000000 2645.516357 0.000000 0.784654 0.000000 -0.619934 0.358384 0.358384 0.358384
1704.273193 0.000000 2648.496826 0.000000 0.840306 0.000000 -0.542113 0.358010 0.358010 0.358010
1697.773193 0.000000 2653.706543 0.000000 0.920725 0.000000 -0.390212 0.356778 0.356778 0.356778
1751.871582 0.000000 2637.762207 0.000000 0.789714 0.000000 -0.613475 0.358541 0.358541 0.358541
1761.210693 0.000000 2647.724121 0.000000 0.902511 0.000000 -0.430666 0.356186 0.356186 0.356186
1751.825562 0.000000 2652.201660 0.000000 0.756137 0.000000 -0.654414 0.360628 0.360628 0.360628
1733.476685 0.000000 2649.559570 0.000000 0.808381 0.000000 -0.588659 0.361632 0.361632 0.361632
1739.577515 0.000000 2642.302490 0.000000 0.780876 0.000000 -0.624686 0.360229 0.360229 0.360229
1732.837402 0.000000 2646.520996 0.000000 0.710978 0.000000 -0.703215 0.366594 0.366594 0.366594
1757.530396 0.000000 2652.454590 0.000000 0.914982 0.000000 -0.403494 0.357077 0.357077 0.357077
1766.249512 0.000000 2651.973389 0.000000 0.807606 0.000000 -0.589722 0.359479 0.359479 0.359479
1764.916992 0.000000 2650.022461 0.000000 0.782963 0.000000 -0.622069 0.360824 0.360824 0.360824
1754.534668 0.000000 2653.076660 0.000000 0.672637 0.000000 -0.739972 0.363029 0.363029 0.363029
1735.856445 0.000000 2642.962891 0.000000 0.942864 0.000000 -0.333178 0.355595 0.355595 0.355595
1736.569824 0.000000 2654.218262 0.000000 0.856482 0.000000 -0.516178 0.358720 0.358720 0.358720
1731.320435 0.000000 2647.069336 0.000000 0.627467 0.000000 -0.778643 0.366962 0.366962 0.366962
1738.106323 0.000000 2646.827881 0.000000 0.802802 0.000000 -0.596246 0.361248 0.361248 0.361248
1732.024048 0.000000 2645.332520 0.000000 0.735705 0.000000 -0.677303 0.365019 0.365019 0.365019
1732.237427 0.000000 2649.815918 0.000000 0.874640 0.000000 -0.484773 0.359353 0.359353 0.359353
1692.116333 0.000000 2710.181152 0.000000 0.900510 0.000000 -0.434834 0.355798 0.355798 0.355798
1684.672607 0.000000 2674.322998 0.000000 0.829292 0.000000 -0.558816 0.358445 0.358445 0.358445
1690.413818 0.000000 2663.037109 0.000000 0.677538 0.000000 -0.735488 0.365344 0.365344 0.365344
1683.138916 0.000000 2702.429443 0.000000 0.713799 0.000000 -0.700351 0.363051 0.363051 0.363051
1682.017090 0.000000 2678.550293 0.000000 0.750252 0.000000 -0.661152 0.359941 0.359941 0.359941
1701.990845 0.000000 2691.403076 0.000000 0.938496 0.000000 -0.345290 0.355622 0.355622 0.355622
1712.863892 0.000000 2699.241699 0.000000 0.747570 0.000000 -0.664183 0.361869 0.361869 0.361869
1702.151733 0.000000 2695.089355 0.000000 0.661551 0.000000 -0.749900 0.362299 0.362299 0.362299
1700.653442 0.000000 2693.030518 0.000000 0.874396 0.000000 -0.485212 0.358521 0.358521 0.358521
1696.666016 0.000000 2655.404541 0.000000 0.913682 0.000000 -0.406431 0.357004 0.357004 0.357004
1672.084595 0.000000 2670.400635 0.000000 0.816853 0.000000 -0.576846 0.358999 0.358999 0.358999
1696.870728 0.000000 2662.011230 0.000000 0.945073 0.000000 -0.326859 0.356677 0.356677 0.356677
1675.861206 0.000000 2669.435059 0.000000 0.846327 0.000000 -0.532664 0.359719 0.359719 0.359719
1688.548584 0.000000 2656.822510 0.000000 0.910381 0.000000 -0.413771 0.357921 0.357921 0.357921
1690.396606 0.000000 2664.803467 0.000000 0.751978 0.000000 -0.659189 0.362264 0.362264 0.362264
1691.705688 0.000000 2694.804443 0.000000 0.948824 0.000000 -0.315805 0.355124 0.355124 0.355124
1683.362671 0.000000 2663.077148 0.000000 0.650938 0.000000 -0.759131 0.363972 0.363972 0.363972
1720.254761 0.000000 2702.147949 0.000000 0.908814 0.000000 -0.417203 0.356562 0.356562 0.356562
1682.442993 0.000000 2671.144775 0.000000 0.944049 0.000000 -0.329806 0.356020 0.356020 0.356020
1698.527588 0.000000 2661.873291 0.000000 0.882694 0.000000 -0.469949 0.358657 0.358657 0.358657
1707.719849 0.000000 2672.352295 0.000000 0.911429 0.000000 -0.411457 0.357133 0.357133 0.357133
1683.123779 0.000000 2677.454834 0.000000 0.866379 0.000000 -0.499386 0.357996 0.357996 0.357996
1703.927368 0.000000 2667.939697 0.000000 0.747788 0.000000 -0.663937 0.363228 0.363228 0.363228
1677.914429 0.000000 2673.008789 0.000000 0.672028 0.000000 -0.740525 0.365811 0.365811 0.365811
1680.717651 0.000000 2667.102783 0.000000 0.870337 0.000000 -0.492457 0.358751 0.358751 0.358751
1687.808105 0.000000 2659.599365 0.000000 0.852965 0.000000 -0.521969 0.359429 0.359429 0.359429
1694.456787 0.000000 2657.816406 0.000000 0.849036 0.000000 -0.528334 0.361041 0.361041 0.361041
1681.019165 0.000000 2683.383301 0.000000 0.894156 0.000000 -0.447757 0.359371 0.359371 0.359371
1680.744019 0.000000 2664.360352 0.000000 0.843294 0.000000 -0.537452 0.359470 0.359470 0.359470
1673.120239 0.000000 2679.040527 0.000000 0.606893 0.000000 -0.794784 0.365894 0.365894 0.365894
1721.594482 0.000000 2700.583496 0.000000 0.908786 0.000000 -0.417262 0.357296 0.357296 0.357296
1691.986084 0.000000 2665.523682 0.000000 0.949398 0.000000 -0.314076 0.355444 0.355444 0.355444
1684.914795 0.000000 2662.487549 0.000000 0.628423 0.000000 -0.777872 0.365926 0.365926 0.365926
1692.146240 0.000000 2656.126221 0.000000 0.843952 0.000000 -0.536418 0.362146 0.362146 0.362146
1681.509277 0.000000 2682.135986 0.000000 0.679616 0.000000 -0.733568 0.366623 0.366623 0.366623
1694.751343 0.000000 2694.357178 0.000000 0.762675 0.000000 -0.646781 0.364136 0.364136 0.364136
1677.813599 0.000000 2679.806641 0.000000 0.677325 0.000000 -0.735684 0.366867 0.366867 0.366867
1681.163452 0.000000 2675.186279 0.000000 0.678666 0.000000 -0.734447 0.365568 0.365568 0.365568
1697.700073 0.000000 2693.521240 0.000000 0.939312 0.000000 -0.343063 0.356716 0.356716 0.356716
1750.302124 0.000000 2659.819580 0.000000 0.864949 0.000000 -0.501860 0.356363 0.356363 0.356363
1754.772095 0.000000 2704.676025 0.000000 0.904042 0.000000 -0.427443 0.355345 0.355345 0.355345
1770.478760 0.000000 2680.502686 0.000000 0.611574 0.000000 -0.791187 0.362203 0.362203 0.362203
1783.542480 0.000000 2677.895508 0.000000 0.914089 0.000000 -0.405514 0.355491 0.355491 0.355491
1762.441895 0.000000 2688.729004 0.000000 0.863391 0.000000 -0.504536 0.357486 0.357486 0.357486
1767.437012 0.000000 2682.147461 0.000000 0.935810 0.000000 -0.352504 0.354911 0.354911 0.354911
1791.836060 0.000000 2659.249756 0.000000 0.861249 0.000000 -0.508183 0.356940 0.356940 0.356940
1736.000732 0.000000 2658.826904 0.000000 0.920698 0.000000 -0.390276 0.355395 0.355395 0.355395
1757.269653 0.000000 2656.925049 0.000000 0.861634 0.000000 -0.507529 0.357186 0.357186 0.357186
1771.827026 0.000000 2692.952393 0.000000 0.753927 0.000000 -0.656958 0.360209 0.360209 0.360209
1748.737915 0.000000 2654.768555 0.000000 0.806237 0.000000 -0.591592 0.359376 0.359376 0.359376
1772.435303 0.000000 2690.740723 0.000000 0.749936 0.000000 -0.661511 0.359632 0.359632 0.359632
1769.191162 0.000000 2656.895996 0.000000 0.864483 0.000000 -0.502661 0.357156 0.357156 0.357156
1761.051514 0.000000 2686.957031 0.000000 0.923803 0.000000 -0.382868 0.355579 0.355579 0.355579
1728.013672 0.000000 2659.288330 0.000000 0.899784 0.000000 -0.436336 0.356313 0.356313 0.356313
1751.052002 0.000000 2657.813477 0.000000 0.891141 0.000000 -0.453726 0.356584 0.356584 0.356584
1742.121460 0.000000 2656.784180 0.000000 0.940291 0.000000 -0.340372 0.354719 0.354719 0.354719
1787.533813 0.000000 2660.340332 0.000000 0.644810 0.000000 -0.764342 0.362125 0.362125 0.362125
1771.248413 0.000000 2687.591553 0.000000 0.944203 0.000000 -0.329365 0.355719 0.355719 0.355719
1736.096313 0.000000 2656.950684 0.000000 0.840808 0.000000 -0.541334 0.358722 0.358722 0.358722
1760.666016 0.000000 2655.404541 0.000000 0.899939 0.000000 -0.436015 0.356426 0.356426 0.356426
1768.327271 0.000000 2677.037598 0.000000 0.792557 0.000000 -0.609797 0.360573 0.360573 0.360573
1769.043945 0.000000 2666.781250 0.000000 0.699476 0.000000 -0.714656 0.361339 0.361339 0.361339
1762.170532 0.000000 2683.123047 0.000000 0.928440 0.000000 -0.371483 0.355870 0.355870 0.355870
1762.989624 0.000000 2686.979980 0.000000 0.824604 0.000000 -0.565710 0.358906 0.358906 0.358906
1767.815552 0.000000 2664.319336 0.000000 0.923419 0.000000 -0.383794 0.355989 0.355989 0.355989
1738.685181 0.000000 2656.729004 0.000000 0.741251 0.000000 -0.671228 0.361124 0.361124 0.361124
1747.982056 0.000000 2708.947754 0.000000 0.934864 0.000000 -0.355007 0.355740 0.355740 0.355740
1769.112671 0.000000 2665.203369 0.000000 0.918691 0.000000 -0.394978 0.356262 0.356262 0.356262
1773.479614 0.000000 2679.305176 0.000000 0.937782 0.000000 -0.347224 0.356615 0.356615 0.356615
1762.804321 0.000000 2678.747803 0.000000 0.870515 0.000000 -0.492142 0.359015 0.359015 0.359015
1789.779541 0.000000 2665.544678 0.000000 0.936194 0.000000 -0.351484 0.355994 0.355994 0.355994
1820.116333 0.000000 2653.696777 0.000000 0.731558 0.000000 -0.681779 0.359308 0.359308 0.359308
1817.163940 0.000000 2654.140625 0.000000 0.794931 0.000000 -0.606700 0.358801 0.358801 0.358801
1811.281494 0.000000 2653.935791 0.000000 0.682244 0.000000 -0.731124 0.361464 0.361464 0.361464
1811.298462 0.000000 2672.712891 0.000000 0.722510 0.000000 -0.691360 0.358738 0.358738 0.358738
1814.596802 0.000000 2675.296875 0.000000 0.825432 0.000000 -0.564502 0.357207 0.357207 0.357207
1804.652466 0.000000 2680.192383 0.000000 0.802748 0.000000 -0.596318 0.357592 0.357592 0.357592
1801.888916 0.000000 2710.030762 0.000000 0.851695 0.000000 -0.524039 0.356989 0.356989 0.356989
1801.349487 0.000000 2707.320801 0.000000 0.620319 0.000000 -0.784349 0.362212 0.362212 0.362212
1812.724731 0.000000 2684.466064 0.000000 0.734203 0.000000 -0.678930 0.359880 0.359880 0.359880
1819.115234 0.000000 2684.049316 0.000000 0.950946 0.000000 -0.309358 0.354397 0.354397 0.354397
1813.388916 0.000000 2697.991455 0.000000 0.858921 0.000000 -0.512107 0.357517 0.357517 0.357517
1808.687988 0.000000 2689.950684 0.000000 0.787432 0.000000 -0.616401 0.359285 0.359285 0.359285
1808.003174 0.000000 2682.068359 0.000000 0.630348 0.000000 -0.776313 0.362426 0.362426 0.362426
1816.466675 0.000000 2681.289795 0.000000 0.687957 0.000000 -0.725752 0.361354 0.361354 0.361354
1810.130249 0.000000 2699.858887 0.000000 0.786267 0.000000 -0.617887 0.358904 0.358904 0.358904
1821.291748 0.000000 2666.056641 0.000000 0.895318 0.000000 -0.445427 0.356454 0.356454 0.356454
1823.716431 0.000000 2695.216309 0.000000 0.808875 0.000000 -0.587980 0.358788 0.358788 0.358788
1815.989624 0.000000 2667.795410 0.000000 0.837305 0.000000 -0.546736 0.357860 0.357860 0.357860
1818.413818 0.000000 2663.037109 0.000000 0.817859 0.000000 -0.575419 0.358572 0.358572 0.358572
1816.739258 0.000000 2683.334717 0.000000 0.622404 0.000000 -0.782696 0.362568 0.362568 0.362568
1806.324707 0.000000 2678.653564 0.000000 0.763224 0.000000 -0.646134 0.359760 0.359760 0.359760
1817.195190 0.000000 2700.341309 0.000000 0.760534 0.000000 -0.649298 0.359880 0.359880 0.359880
1803.119385 0.000000 2708.384766 0.000000 0.892490 0.000000 -0.451067 0.356542 0.356542 0.356542
1816.050781 0.000000 2672.478516 0.000000 0.657981 0.000000 -0.753034 0.363038 0.363038 0.363038
1724.365845 0.000000 2713.977783 0.000000 0.827147 0.000000 -0.561986 0.357301 0.357301 0.357301
1714.542358 0.000000 2717.048584 0.000000 0.947828 0.000000 -0.318782 0.354210 0.354210 0.354210
1723.533813 0.000000 2716.824707 0.000000 0.724286 0.000000 -0.689500 0.363861 0.363861 0.363861
1696.870728 0.000000 2718.495605 0.000000 0.861032 0.000000 -0.508552 0.357995 0.357995 0.357995
1688.548584 0.000000 2713.306885 0.000000 0.897780 0.000000 -0.440444 0.357074 0.357074 0.357074
1696.356323 0.000000 2723.616943 0.000000 0.744437 0.000000 -0.667692 0.361755 0.361755 0.361755
1717.482910 0.000000 2712.572266 0.000000 0.892174 0.000000 -0.451693 0.357596 0.357596 0.357596
1693.555054 0.000000 2719.223145 0.000000 0.877269 0.000000 -0.479999 0.359340 0.359340 0.359340
1687.808105 0.000000 2716.083740 0.000000 0.933593 0.000000 -0.358335 0.355716 0.355716 0.355716
1717.412354 0.000000 2714.045898 0.000000 0.762199 0.000000 -0.647343 0.361382 0.361382 0.361382
1721.597534 0.000000 2711.966797 0.000000 0.786924 0.000000 -0.617050 0.360837 0.360837 0.360837
1694.441772 0.000000 2723.214111 0.000000 0.722117 0.000000 -0.691771 0.363718 0.363718 0.363718
1720.681396 0.000000 2716.511719 0.000000 0.913432 0.000000 -0.406991 0.357765 0.357765 0.357765
1721.383423 0.000000 2714.606201 0.000000 0.910787 0.000000 -0.412877 0.358256 0.358256 0.358256
1785.614258 0.000000 2763.631104 0.000000 0.809119 0.000000 -0.587645 0.357437 0.357437 0.357437
1776.763550 0.000000 2751.056396 0.000000 0.836010 0.000000 -0.548714 0.357232 0.357232 0.357232
1734.226929 0.000000 2755.824951 0.000000 0.691197 0.000000 -0.722667 0.363091 0.363091 0.363091
1747.108398 0.000000 2721.227051 0.000000 0.657124 0.000000 -0.753782 0.361937 0.361937 0.361937
1776.863892 0.000000 2755.726074 0.000000 0.681252 0.000000 -0.732049 0.361411 0.361411 0.361411
1740.884766 0.000000 2758.232422 0.000000 0.886331 0.000000 -0.463052 0.358582 0.358582 0.358582
1745.197510 0.000000 2718.043213 0.000000 0.784897 0.000000 -0.619627 0.360394 0.360394 0.360394
1734.216797 0.000000 2758.481934 0.000000 0.865153 0.000000 -0.501508 0.357964 0.357964 0.357964
1738.106323 0.000000 2759.796631 0.000000 0.770304 0.000000 -0.637677 0.362749 0.362749 0.362749
1747.231201 0.000000 2713.939697 0.000000 0.928525 0.000000 -0.371269 0.356780 0.356780 0.356780
1684.698120 0.000000 2772.918457 0.000000 0.774057 0.000000 -0.633116 0.360304 0.360304 0.360304
1737.453857 0.000000 2774.053711 0.000000 0.823987 0.000000 -0.566608 0.356869 0.356869 0.356869
1782.447144 0.000000 2816.943848 0.000000 0.740238 0.000000 -0.672345 0.360019 0.360019 0.360019
1731.807495 0.000000 2775.536133 0.000000 0.789584 0.000000 -0.613642 0.362498 0.362498 0.362498
1773.746216 0.000000 2787.870361 0.000000 0.865242 0.000000 -0.501355 0.360302 0.360302 0.360302
1730.702148 0.000000 2772.897217 0.000000 0.702798 0.000000 -0.711389 0.363866 0.363866 0.363866
1730.359009 0.000000 2775.381592 0.000000 0.942574 0.000000 -0.333998 0.356442 0.356442 0.356442
1774.218384 0.000000 2786.610840 0.000000 0.946307 0.000000 -0.323269 0.356716 0.356716 0.356716
1781.735840 0.000000 2784.114990 0.000000 0.696277 0.000000 -0.717773 0.366300 0.366300 0.366300
1768.788330 0.000000 2782.620605 0.000000 0.647052 0.000000 -0.762446 0.368184 0.368184 0.368184
1775.274292 0.000000 2785.817139 0.000000 0.836724 0.000000 -0.547625 0.362913 0.362913 0.362913
1794.873169 0.000000 2737.540283 0.000000 0.901057 0.000000 -0.433701 0.356330 0.356330 0.356330
1799.324707 0.000000 2737.860107 0.000000 0.605043 0.000000 -0.796193 0.363318 0.363318 0.363318
1802.112183 0.000000 2729.403809 0.000000 0.725602 0.000000 -0.688115 0.360610 0.360610 0.360610
1801.306274 0.000000 2736.924561 0.000000 0.851998 0.000000 -0.523545 0.357728 0.357728 0.357728
1806.121460 0.000000 2713.268555 0.000000 0.636598 0.000000 -0.771196 0.362275 0.362275 0.362275
1809.373657 0.000000 2711.356445 0.000000 0.942832 0.000000 -0.333267 0.354750 0.354750 0.354750
1800.607910 0.000000 2725.085449 0.000000 0.605495 0.000000 -0.795849 0.362868 0.362868 0.362868
1799.854370 0.000000 2721.998047 0.000000 0.602833 0.000000 -0.797867 0.364489 0.364489 0.364489
1796.253662 0.000000 2750.615967 0.000000 0.794261 0.000000 -0.607577 0.359700 0.359700 0.359700
1799.352905 0.000000 2723.951416 0.000000 0.932252 0.000000 -0.361809 0.355435 0.355435 0.355435
1796.650269 0.000000 2749.026123 0.000000 0.743345 0.000000 -0.668908 0.362229 0.362229 0.362229
1797.125366 0.000000 2723.981201 0.000000 0.838438 0.000000 -0.544997 0.359066 0.359066 0.359066
1798.925415 0.000000 2719.347168 0.000000 0.924512 0.000000 -0.381152 0.356133 0.356133 0.356133
1875.281494 0.000000 2766.904541 0.000000 0.843229 0.000000 -0.537555 0.357389 0.357389 0.357389
1855.836060 0.000000 2772.218506 0.000000 0.917360 0.000000 -0.398058 0.355724 0.355724 0.355724
1849.682983 0.000000 2769.890137 0.000000 0.935659 0.000000 -0.352906 0.354712 0.354712 0.354712
1823.953247 0.000000 2773.409668 0.000000 0.810315 0.000000 -0.585995 0.358753 0.358753 0.358753
1846.278564 0.000000 2767.766357 0.000000 0.895420 0.000000 -0.445223 0.356552 0.356552 0.356552
1831.873657 0.000000 2804.521973 0.000000 0.865066 0.000000 -0.501658 0.361709 0.361709 0.361709
1823.343506 0.000000 2810.871094 0.000000 0.855789 0.000000 -0.517326 0.358504 0.358504 0.358504
1833.198730 0.000000 2803.742432 0.000000 0.712039 0.000000 -0.702139 0.365780 0.365780 0.365780
1824.099487 0.000000 2804.553955 0.000000 0.866444 0.000000 -0.499275 0.360118 0.360118 0.360118
1824.756958 0.000000 2807.356445 0.000000 0.738154 0.000000 -0.674632 0.366499 0.366499 0.366499
1829.650635 0.000000 2806.886719 0.000000 0.868602 0.000000 -0.495511 0.361551 0.361551 0.361551
1901.059937 0.000000 2810.126221 0.000000 0.920622 0.000000 -0.390455 0.354697 0.354697 0.354697
1863.290405 0.000000 2802.406738 0.000000 0.855249 0.000000 -0.518218 0.357402 0.357402 0.357402
1916.546265 0.000000 2795.674072 0.000000 0.795532 0.000000 -0.605912 0.359100 0.359100 0.359100
1859.928833 0.000000 2797.866211 0.000000 0.655831 0.000000 -0.754908 0.361064 0.361064 0.361064
1912.956177 0.000000 2793.150146 0.000000 0.875233 0.000000 -0.483701 0.356728 0.356728 0.356728
1918.808594 0.000000 2795.761963 0.000000 0.685048 0.000000 -0.728498 0.361410 0.361410 0.361410
1871.977173 0.000000 2816.801514 0.000000 0.914015 0.000000 -0.405681 0.356132 0.356132 0.356132
1906.491943 0.000000 2791.374756 0.000000 0.629335 0.000000 -0.777134 0.362444 0.362444 0.362444
1908.752563 0.000000 2814.131592 0.000000 0.772177 0.000000 -0.635407 0.361100 0.361100 0.361100
1867.577515 0.000000 2811.755615 0.000000 0.928912 0.000000 -0.370300 0.355237 0.355237 0.355237
1911.776123 0.000000 2795.459229 0.000000 0.949827 0.000000 -0.312774 0.354447 0.354447 0.354447
1908.948608 0.000000 2794.460449 0.000000 0.804865 0.000000 -0.593458 0.358883 0.358883 0.358883
1898.718262 0.000000 2814.233398 0.000000 0.691863 0.000000 -0.722029 0.362547 0.362547 0.362547
1885.530396 0.000000 2821.907715 0.000000 0.847415 0.000000 -0.530931 0.359512 0.359512 0.359512
1873.260742 0.000000 2810.298584 0.000000 0.690557 0.000000 -0.723278 0.364695 0.364695 0.364695
1881.412720 0.000000 2807.845947 0.000000 0.925523 0.000000 -0.378693 0.356652 0.356652 0.356652
1882.534668 0.000000 2822.529785 0.000000 0.726302 0.000000 -0.687376 0.363708 0.363708 0.363708
1909.912964 0.000000 2815.408447 0.000000 0.795171 0.000000 -0.606386 0.360503 0.360503 0.360503
1873.270264 0.000000 2818.552002 0.000000 0.639883 0.000000 -0.768473 0.363594 0.363594 0.363594
1868.826050 0.000000 2806.920410 0.000000 0.710960 0.000000 -0.703232 0.363903 0.363903 0.363903
1892.710693 0.000000 2817.230957 0.000000 0.724966 0.000000 -0.688784 0.364141 0.364141 0.364141
1886.635132 0.000000 2812.297607 0.000000 0.882315 0.000000 -0.470659 0.359827 0.359827 0.359827
1875.869141 0.000000 2819.053955 0.000000 0.906515 0.000000 -0.422173 0.357236 0.357236 0.357236
1889.783813 0.000000 2811.298584 0.000000 0.823811 0.000000 -0.566864 0.360138 0.360138 0.360138
1879.844482 0.000000 2815.254883 0.000000 0.913337 0.000000 -0.407204 0.358227 0.358227 0.358227
1898.734131 0.000000 2815.748535 0.000000 0.884509 0.000000 -0.466524 0.357549 0.357549 0.357549
1903.452637 0.000000 2817.713623 0.000000 0.809291 0.000000 -0.587407 0.361493 0.361493 0.361493
1885.439453 0.000000 2814.621094 0.000000 0.819271 0.000000 -0.573406 0.362032 0.362032 0.362032
1876.429321 0.000000 2817.757080 0.000000 0.616956 0.000000 -0.786997 0.365555 0.365555 0.365555
1893.564209 0.000000 2812.387939 0.000000 0.872645 0.000000 -0.488355 0.359630 0.359630 0.359630
1915.498169 0.000000 2814.768311 0.000000 0.929783 0.000000 -0.368107 0.356341 0.356341 0.356341
1873.383301 0.000000 2804.241699 0.000000 0.936358 0.000000 -0.351047 0.356707 0.356707 0.356707
1878.880737 0.000000 2808.297607 0.000000 0.627352 0.000000 -0.778736 0.366536 0.366536 0.366536
1873.435669 0.000000 2811.648438 0.000000 0.832316 0.000000 -0.554301 0.360678 0.360678 0.360678
1871.300537 0.000000 2810.822510 0.000000 0.612234 0.000000 -0.790677 0.365379 0.365379 0.365379
1880.281372 0.000000 2808.444580 0.000000 0.850951 0.000000 -0.525246 0.359882 0.359882 0.359882
1871.086670 0.000000 2805.269775 0.000000 0.699009 0.000000 -0.715113 0.364864 0.364864 0.364864
2013.565796 0.000000 2754.548828 0.000000 0.632139 0.000000 -0.774855 0.360883 0.360883 0.360883
2011.270386 0.000000 2762.996338 0.000000 0.675628 0.000000 -0.737243 0.361988 0.361988 0.361988
2012.806519 0.000000 2761.613037 0.000000 0.902547 0.000000 -0.430592 0.357118 0.357118 0.357118
2015.343506 0.000000 2754.386719 0.000000 0.917671 0.000000 -0.397341 0.355909 0.355909 0.355909
1954.040283 0.000000 2786.039307 0.000000 0.929234 0.000000 -0.369491 0.354762 0.354762 0.354762
1956.193237 0.000000 2775.193359 0.000000 0.948554 0.000000 -0.316616 0.354180 0.354180 0.354180
1927.626831 0.000000 2814.084717 0.000000 0.783039 0.000000 -0.621973 0.359385 0.359385 0.359385
1959.437012 0.000000 2795.116211 0.000000 0.909714 0.000000 -0.415236 0.355631 0.355631 0.355631
1936.003174 0.000000 2795.037109 0.000000 0.711830 0.000000 -0.702352 0.360819 0.360819 0.360819
1963.536621 0.000000 2781.297363 0.000000 0.750529 0.000000 -0.660838 0.360472 0.360472 0.360472
1968.601685 0.000000 2772.576660 0.000000 0.619812 0.000000 -0.784750 0.363285 0.363285 0.363285
1952.249146 0.000000 2796.110107 0.000000 0.818907 0.000000 -0.573927 0.358546 0.358546 0.358546
1966.326538 0.000000 2778.852539 0.000000 0.606390 0.000000 -0.795168 0.364178 0.364178 0.364178
1969.878906 0.000000 2780.078369 0.000000 0.587925 0.000000 -0.808916 0.363009 0.363009 0.363009
1977.029419 0.000000 2774.171143 0.000000 0.903432 0.000000 -0.428730 0.358440 0.358440 0.358440
1938.017090 0.000000 2791.519043 0.000000 0.618841 0.000000 -0.785516 0.363737 0.363737 0.363737
1972.201538 0.000000 2774.682373 0.000000 0.935939 0.000000 -0.352162 0.356808 0.356808 0.356808
1949.993286 0.000000 2782.532227 0.000000 0.751770 0.000000 -0.659425 0.360413 0.360413 0.360413
1961.985107 0.000000 2788.670898 0.000000 0.662467 0.000000 -0.749091 0.362984 0.362984 0.362984
1965.502441 0.000000 2790.095215 0.000000 0.648206 0.000000 -0.761465 0.364030 0.364030 0.364030
1961.043945 0.000000 2779.750000 0.000000 0.730365 0.000000 -0.683057 0.361465 0.361465 0.361465
1976.204712 0.000000 2777.995117 0.000000 0.920739 0.000000 -0.390180 0.356462 0.356462 0.356462
1965.746216 0.000000 2787.870361 0.000000 0.596848 0.000000 -0.802354 0.366071 0.366071 0.366071
1958.213745 0.000000 2777.747559 0.000000 0.743853 0.000000 -0.668344 0.361449 0.361449 0.361449
1963.719849 0.000000 2785.321045 0.000000 0.932060 0.000000 -0.362303 0.355782 0.355782 0.355782
1946.510254 0.000000 2798.527588 0.000000 0.816557 0.000000 -0.577264 0.359733 0.359733 0.359733
1961.112671 0.000000 2778.172119 0.000000 0.620636 0.000000 -0.784098 0.363742 0.363742 0.363742
1971.249023 0.000000 2772.144531 0.000000 0.671077 0.000000 -0.741388 0.363464 0.363464 0.363464
1954.393921 0.000000 2780.427490 0.000000 0.932916 0.000000 -0.360094 0.356003 0.356003 0.356003
1940.461060 0.000000 2798.958984 0.000000 0.806590 0.000000 -0.591112 0.360113 0.360113 0.360113
1982.128906 0.000000 2774.594971 0.000000 0.776284 0.000000 -0.630383 0.361830 0.361830 0.361830
1982.648682 0.000000 2772.700928 0.000000 0.714569 0.000000 -0.699565 0.365402 0.365402 0.365402
2003.921631 0.000000 2792.059814 0.000000 0.740593 0.000000 -0.671954 0.358306 0.358306 0.358306
1990.927612 0.000000 2774.081787 0.000000 0.815954 0.000000 -0.578117 0.357864 0.357864 0.357864
2004.672607 0.000000 2787.291748 0.000000 0.718886 0.000000 -0.695128 0.360880 0.360880 0.360880
1984.060181 0.000000 2775.982666 0.000000 0.839215 0.000000 -0.543800 0.358063 0.358063 0.358063
1984.975952 0.000000 2768.254639 0.000000 0.755319 0.000000 -0.655357 0.361490 0.361490 0.361490
1993.455688 0.000000 2772.501465 0.000000 0.770748 0.000000 -0.637140 0.361016 0.361016 0.361016
1878.003418 0.000000 2837.921143 0.000000 0.827309 0.000000 -0.561747 0.357115 0.357115 0.357115
1875.922729 0.000000 2828.018066 0.000000 0.896812 0.000000 -0.442411 0.355867 0.355867 0.355867
1913.682983 0.000000 2826.374512 0.000000 0.900330 0.000000 -0.435207 0.355961 0.355961 0.355961
1885.291748 0.000000 2835.509766 0.000000 0.920830 0.000000 -0.389963 0.355951 0.355951 0.355951
1891.859863 0.000000 2829.901123 0.000000 0.723295 0.000000 -0.690539 0.363454 0.363454 0.363454
1882.396606 0.000000 2834.256592 0.000000 0.745771 0.000000 -0.666203 0.360958 0.360958 0.360958
1888.125000 0.000000 2833.360840 0.000000 0.862691 0.000000 -0.505731 0.359822 0.359822 0.359822
1894.213745 0.000000 2834.231934 0.000000 0.802303 0.000000 -0.596916 0.359446 0.359446 0.359446
1886.455078 0.000000 2830.297363 0.000000 0.713919 0.000000 -0.700228 0.364675 0.364675 0.364675
1886.746948 0.000000 2825.806885 0.000000 0.624125 0.000000 -0.781325 0.364928 0.364928 0.364928
1893.195312 0.000000 2832.811035 0.000000 0.671927 0.000000 -0.740617 0.364939 0.364939 0.364939
1885.555054 0.000000 2832.191895 0.000000 0.821207 0.000000 -0.570631 0.360480 0.360480 0.360480
1901.066284 0.000000 2829.817139 0.000000 0.747332 0.000000 -0.664451 0.363558 0.363558 0.363558
1908.128174 0.000000 2829.704102 0.000000 0.938227 0.000000 -0.346020 0.355943 0.355943 0.355943
1878.916016 0.000000 2830.464844 0.000000 0.894763 0.000000 -0.446541 0.358352 0.358352 0.358352
1881.643677 0.000000 2825.541016 0.000000 0.766067 0.000000 -0.642761 0.362840 0.362840 0.362840
2100.201660 0.000000 2322.807373 0.000000 0.732917 0.000000 -0.680318 0.362552 0.362552 0.362552
2228.127686 0.000000 2333.741943 0.000000 0.734299 0.000000 -0.678826 0.360106 0.360106 0.360106
2231.988525 0.000000 2331.482666 0.000000 0.768038 0.000000 -0.640405 0.360172 0.360172 0.360172
2104.579102 0.000000 2421.506104 0.000000 0.907008 0.000000 -0.421113 0.355393 0.355393 0.355393
2107.743408 0.000000 2423.071289 0.000000 0.936676 0.000000 -0.350196 0.354799 0.354799 0.354799
2076.897705 0.000000 2393.982666 0.000000 0.676774 0.000000 -0.736191 0.363918 0.363918 0.363918
2093.863037 0.000000 2419.160889 0.000000 0.651885 0.000000 -0.758318 0.361996 0.361996 0.361996
2104.590820 0.000000 2426.254395 0.000000 0.906157 0.000000 -0.422941 0.357880 0.357880 0.357880
2075.871582 0.000000 2392.411133 0.000000 0.725257 0.000000 -0.688479 0.361247 0.361247 0.361247
2101.732422 0.000000 2427.906006 0.000000 0.876968 0.000000 -0.480549 0.358213 0.358213 0.358213
2102.159912 0.000000 2422.990479 0.000000 0.675304 0.000000 -0.737540 0.364024 0.364024 0.364024
2104.579102 0.000000 2477.990479 0.000000 0.620137 0.000000 -0.784493 0.361545 0.361545 0.361545
2104.393799 0.000000 2473.954834 0.000000 0.808266 0.000000 -0.588818 0.358802 0.358802 0.358802
2109.900391 0.000000 2481.895996 0.000000 0.857669 0.000000 -0.514202 0.358494 0.358494 0.358494
2107.498047 0.000000 2475.862061 0.000000 0.608996 0.000000 -0.793173 0.367168 0.367168 0.367168
2111.189697 0.000000 2479.322754 0.000000 0.896714 0.000000 -0.442610 0.358594 0.358594 0.358594
2113.476562 0.000000 2435.286865 0.000000 0.669590 0.000000 -0.742731 0.359729 0.359729 0.359729
2133.388916 0.000000 2472.053955 0.000000 0.895414 0.000000 -0.445234 0.355846 0.355846 0.355846
2112.974365 0.000000 2441.535889 0.000000 0.821898 0.000000 -0.569635 0.358473 0.358473 0.358473
2126.486328 0.000000 2467.510010 0.000000 0.788806 0.000000 -0.614643 0.359196 0.359196 0.359196
2131.258789 0.000000 2467.721680 0.000000 0.882073 0.000000 -0.471112 0.356644 0.356644 0.356644
2113.799072 0.000000 2478.767090 0.000000 0.897161 0.000000 -0.441704 0.357735 0.357735 0.357735
2130.928467 0.000000 2469.732910 0.000000 0.760105 0.000000 -0.649801 0.361867 0.361867 0.361867
2092.084717 0.000000 2516.056396 0.000000 0.732795 0.000000 -0.680449 0.359155 0.359155 0.359155
2100.288330 0.000000 2506.142578 0.000000 0.757241 0.000000 -0.653135 0.360728 0.360728 0.360728
2095.125977 0.000000 2524.229736 0.000000 0.598251 0.000000 -0.801309 0.363360 0.363360 0.363360
2102.224854 0.000000 2500.491211 0.000000 0.693024 0.000000 -0.720915 0.363754 0.363754 0.363754
2092.260742 0.000000 2526.245850 0.000000 0.853325 0.000000 -0.521380 0.358123 0.358123 0.358123
2106.833496 0.000000 2488.578125 0.000000 0.756285 0.000000 -0.654243 0.361903 0.361903 0.361903
2105.763428 0.000000 2506.328125 0.000000 0.708625 0.000000 -0.705585 0.364851 0.364851 0.364851
2107.157471 0.000000 2487.064209 0.000000 0.771670 0.000000 -0.636023 0.360932 0.360932 0.360932
2107.166748 0.000000 2509.005127 0.000000 0.870161 0.000000 -0.492767 0.358014 0.358014 0.358014
2108.341309 0.000000 2707.933350 0.000000 0.769636 0.000000 -0.638483 0.359349 0.359349 0.359349
2102.447266 0.000000 2703.975098 0.000000 0.690262 0.000000 -0.723559 0.361910 0.361910 0.361910
2115.898438 0.000000 2707.522217 0.000000 0.880675 0.000000 -0.473722 0.356576 0.356576 0.356576
2119.856445 0.000000 2699.447266 0.000000 0.660239 0.000000 -0.751056 0.363215 0.363215 0.363215
2120.076660 0.000000 2704.205078 0.000000 0.896043 0.000000 -0.443966 0.358160 0.358160 0.358160
2107.206543 0.000000 2741.230713 0.000000 0.833800 0.000000 -0.552067 0.357946 0.357946 0.357946
2066.931396 0.000000 2742.576172 0.000000 0.928604 0.000000 -0.371072 0.355315 0.355315 0.355315
2104.713623 0.000000 2740.673096 0.000000 0.827610 0.000000 -0.561304 0.358332 0.358332 0.358332
2100.417969 0.000000 2741.574951 0.000000 0.940555 0.000000 -0.339641 0.354845 0.354845 0.354845
4830.667969 0.000000 996.615723 0.000000 0.947166 0.000000 -0.320744 0.354365 0.354365 0.354365
4827.110840 0.000000 997.843750 0.000000 0.921659 0.000000 -0.388002 0.358878 0.358878 0.358878
4897.651855 0.000000 996.431824 0.000000 0.868770 0.000000 -0.495215 0.357402 0.357402 0.357402
6077.048828 0.000000 1338.406006 0.000000 0.809466 0.000000 -0.587166 0.361570 0.361570 0.361570
6077.962402 0.000000 1344.928711 0.000000 0.702575 0.000000 -0.711610 0.362938 0.362938 0.362938
6077.135254 0.000000 1341.867310 0.000000 0.672017 0.000000 -0.740536 0.364755 0.364755 0.364755
6076.154785 0.000000 1339.240356 0.000000 0.923256 0.000000 -0.384184 0.357270 0.357270 0.357270
6077.826172 0.000000 1340.860474 0.000000 0.947365 0.000000 -0.320155 0.355766 0.355766 0.355766
6090.048340 0.000000 1344.640991 0.000000 0.632904 0.000000 -0.774230 0.360020 0.360020 0.360020
6118.465332 0.000000 1324.238403 0.000000 0.928704 0.000000 -0.370821 0.354382 0.354382 0.354382
6133.757812 0.000000 1318.505371 0.000000 0.825394 0.000000 -0.564557 0.357365 0.357365 0.357365
6135.033203 0.000000 1337.588501 0.000000 0.762897 0.000000 -0.646519 0.358784 0.358784 0.358784
6143.940430 0.000000 1318.590088 0.000000 0.679919 0.000000 -0.733288 0.361328 0.361328 0.361328
6124.435059 0.000000 1335.115723 0.000000 0.805078 0.000000 -0.593170 0.359155 0.359155 0.359155
6118.302734 0.000000 1312.207275 0.000000 0.946550 0.000000 -0.322558 0.354477 0.354477 0.354477
6126.922852 0.000000 1334.461914 0.000000 0.744827 0.000000 -0.667257 0.362766 0.362766 0.362766
6115.805176 0.000000 1318.054932 0.000000 0.810099 0.000000 -0.586293 0.359853 0.359853 0.359853
6083.196289 0.000000 1344.891113 0.000000 0.801142 0.000000 -0.598474 0.362474 0.362474 0.362474
6138.544922 0.000000 1331.111328 0.000000 0.785654 0.000000 -0.618666 0.361599 0.361599 0.361599
6085.147461 0.000000 1353.129761 0.000000 0.855610 0.000000 -0.517621 0.361362 0.361362 0.361362
6141.998047 0.000000 1331.766724 0.000000 0.925310 0.000000 -0.379211 0.356746 0.356746 0.356746
6141.121582 0.000000 1315.365601 0.000000 0.683085 0.000000 -0.730339 0.365562 0.365562 0.365562
6132.391602 0.000000 1335.595703 0.000000 0.664421 0.000000 -0.747359 0.363534 0.363534 0.363534
6115.868164 0.000000 1314.981445 0.000000 0.810549 0.000000 -0.585671 0.360251 0.360251 0.360251
6080.313965 0.000000 1348.882690 0.000000 0.937679 0.000000 -0.347503 0.355660 0.355660 0.355660
6142.787598 0.000000 1317.824707 0.000000 0.710501 0.000000 -0.703696 0.363505 0.363505 0.363505
6083.614258 0.000000 1341.719604 0.000000 0.714877 0.000000 -0.699250 0.366036 0.366036 0.366036
6132.189941 0.000000 1333.214722 0.000000 0.786397 0.000000 -0.617721 0.361956 0.361956 0.361956
6137.621582 0.000000 1332.031372 0.000000 0.920598 0.000000 -0.390511 0.357239 0.357239 0.357239
6081.457031 0.000000 1350.257568 0.000000 0.683175 0.000000 -0.730255 0.364594 0.364594 0.364594
6029.333984 0.000000 1359.954346 0.000000 0.606578 0.000000 -0.795024 0.360841 0.360841 0.360841
6060.877441 0.000000 1389.411987 0.000000 0.878377 0.000000 -0.477968 0.356140 0.356140 0.356140
6051.373047 0.000000 1382.568359 0.000000 0.664647 0.000000 -0.747157 0.360506 0.360506 0.360506
6055.131348 0.000000 1390.604126 0.000000 0.596968 0.000000 -0.802265 0.361471 0.361471 0.361471
6031.844238 0.000000 1358.752197 0.000000 0.840099 0.000000 -0.542433 0.357640 0.357640 0.357640
6041.164062 0.000000 1411.484375 0.000000 0.676815 0.000000 -0.736153 0.360338 0.360338 0.360338
6045.260254 0.000000 1389.894287 0.000000 0.941533 0.000000 -0.336920 0.354414 0.354414 0.354414
6038.697754 0.000000 1402.143677 0.000000 0.712215 0.000000 -0.701961 0.360063 0.360063 0.360063
6052.534668 0.000000 1372.803101 0.000000 0.677656 0.000000 -0.735379 0.361696 0.361696 0.361696
6060.874023 0.000000 1400.614258 0.000000 0.791015 0.000000 -0.611797 0.359578 0.359578 0.359578
6053.505371 0.000000 1411.312622 0.000000 0.819171 0.000000 -0.573550 0.358113 0.358113 0.358113
6044.903809 0.000000 1362.246338 0.000000 0.619054 0.000000 -0.785348 0.362036 0.362036 0.362036
6051.886719 0.000000 1386.249512 0.000000 0.751445 0.000000 -0.659796 0.360200 0.360200 0.360200
6038.645996 0.000000 1386.290771 0.000000 0.778627 0.000000 -0.627487 0.360965 0.360965 0.360965
6042.051758 0.000000 1387.919189 0.000000 0.775133 0.000000 -0.631799 0.359561 0.359561 0.359561
6073.029297 0.000000 1362.061768 0.000000 0.881530 0.000000 -0.472128 0.357218 0.357218 0.357218
6075.533691 0.000000 1361.199829 0.000000 0.941427 0.000000 -0.337216 0.354734 0.354734 0.354734
6071.476074 0.000000 1367.520264 0.000000 0.804890 0.000000 -0.593424 0.358965 0.358965 0.358965
6068.512207 0.000000 1365.479370 0.000000 0.695135 0.000000 -0.718879 0.361776 0.361776 0.361776
6043.430664 0.000000 1367.652710 0.000000 0.913340 0.000000 -0.407197 0.355955 0.355955 0.355955
6056.804199 0.000000 1389.749268 0.000000 0.669592 0.000000 -0.742729 0.362874 0.362874 0.362874
6042.396484 0.000000 1365.662720 0.000000 0.926053 0.000000 -0.377395 0.355884 0.355884 0.355884
6050.940430 0.000000 1365.711426 0.000000 0.865139 0.000000 -0.501532 0.357896 0.357896 0.357896
6055.286133 0.000000 1362.447144 0.000000 0.769636 0.000000 -0.638483 0.361195 0.361195 0.361195
6050.394043 0.000000 1368.317993 0.000000 0.716857 0.000000 -0.697221 0.364258 0.364258 0.364258
6048.238770 0.000000 1409.163452 0.000000 0.660230 0.000000 -0.751063 0.363364 0.363364 0.363364
6093.066406 0.000000 1408.841187 0.000000 0.793925 0.000000 -0.608016 0.357567 0.357567 0.357567
6110.600098 0.000000 1405.328613 0.000000 0.741930 0.000000 -0.670478 0.358540 0.358540 0.358540
6128.763672 0.000000 1395.431396 0.000000 0.835895 0.000000 -0.548889 0.357082 0.357082 0.357082
6097.653320 0.000000 1364.094360 0.000000 0.930727 0.000000 -0.365714 0.354695 0.354695 0.354695
6118.737793 0.000000 1394.102905 0.000000 0.892345 0.000000 -0.451353 0.355994 0.355994 0.355994
6086.656738 0.000000 1404.442749 0.000000 0.801288 0.000000 -0.598279 0.357846 0.357846 0.357846
6102.343750 0.000000 1373.017212 0.000000 0.716401 0.000000 -0.697688 0.359716 0.359716 0.359716
6088.260254 0.000000 1364.630615 0.000000 0.738976 0.000000 -0.673732 0.359399 0.359399 0.359399
6109.260254 0.000000 1389.894287 0.000000 0.920084 0.000000 -0.391720 0.355100 0.355100 0.355100
6127.961914 0.000000 1410.884888 0.000000 0.873151 0.000000 -0.487449 0.356384 0.356384 0.356384
6132.503418 0.000000 1410.042603 0.000000 0.911391 0.000000 -0.411541 0.355837 0.355837 0.355837
6097.307129 0.000000 1366.570923 0.000000 0.896974 0.000000 -0.442084 0.356162 0.356162 0.356162
6138.541992 0.000000 1404.796021 0.000000 0.937326 0.000000 -0.348455 0.355318 0.355318 0.355318
6088.096191 0.000000 1357.810059 0.000000 0.900853 0.000000 -0.434124 0.356671 0.356671 0.356671
6104.050781 0.000000 1373.338013 0.000000 0.942023 0.000000 -0.335548 0.354963 0.354963 0.354963
6095.876465 0.000000 1364.073242 0.000000 0.944039 0.000000 -0.329833 0.354846 0.354846 0.354846
6089.044434 0.000000 1358.826416 0.000000 0.827083 0.000000 -0.562081 0.359753 0.359753 0.359753
6066.278320 0.000000 1442.818237 0.000000 0.936849 0.000000 -0.349734 0.354402 0.354402 0.354402
6058.549316 0.000000 1423.220703 0.000000 0.929314 0.000000 -0.369289 0.354991 0.354991 0.354991
6075.206543 0.000000 1442.090088 0.000000 0.886564 0.000000 -0.462607 0.356556 0.356556 0.356556
6052.193359 0.000000 1419.568359 0.000000 0.850044 0.000000 -0.526711 0.357004 0.357004 0.357004
6079.487793 0.000000 1428.437500 0.000000 0.729391 0.000000 -0.684097 0.361257 0.361257 0.361257
6076.957031 0.000000 1436.875244 0.000000 0.950307 0.000000 -0.311314 0.355090 0.355090 0.355090
6076.552246 0.000000 1441.528564 0.000000 0.906824 0.000000 -0.421509 0.357585 0.357585 0.357585
6079.335449 0.000000 1438.338745 0.000000 0.874877 0.000000 -0.484345 0.360117 0.360117 0.360117
6077.635254 0.000000 1440.731323 0.000000 0.763543 0.000000 -0.645757 0.362238 0.362238 0.362238
6081.476562 0.000000 1418.568115 0.000000 0.846960 0.000000 -0.531657 0.356416 0.356416 0.356416
6122.064453 0.000000 1463.433228 0.000000 0.948802 0.000000 -0.315873 0.353875 0.353875 0.353875
6083.605469 0.000000 1435.385986 0.000000 0.913501 0.000000 -0.406836 0.355144 0.355144 0.355144
6133.757812 0.000000 1431.474121 0.000000 0.703767 0.000000 -0.710431 0.359355 0.359355 0.359355
6138.308594 0.000000 1456.708984 0.000000 0.946435 0.000000 -0.322895 0.353922 0.353922 0.353922
6132.392090 0.000000 1460.496094 0.000000 0.833997 0.000000 -0.551769 0.357354 0.357354 0.357354
6132.340820 0.000000 1412.445435 0.000000 0.947957 0.000000 -0.318398 0.354261 0.354261 0.354261
6135.879395 0.000000 1455.304199 0.000000 0.668735 0.000000 -0.743501 0.360658 0.360658 0.360658
6136.270996 0.000000 1432.619141 0.000000 0.869006 0.000000 -0.494802 0.356490 0.356490 0.356490
6087.290527 0.000000 1446.781738 0.000000 0.660710 0.000000 -0.750642 0.361314 0.361314 0.361314
6082.873047 0.000000 1438.399658 0.000000 0.899899 0.000000 -0.436098 0.356191 0.356191 0.356191
6084.637695 0.000000 1430.682129 0.000000 0.922305 0.000000 -0.386463 0.355478 0.355478 0.355478
6083.928711 0.000000 1442.241333 0.000000 0.723640 0.000000 -0.690178 0.361016 0.361016 0.361016
6136.713379 0.000000 1441.532349 0.000000 0.904875 0.000000 -0.425678 0.355898 0.355898 0.355898
6111.716309 0.000000 1452.559937 0.000000 0.943629 0.000000 -0.331006 0.355041 0.355041 0.355041
6082.422852 0.000000 1440.509033 0.000000 0.591890 0.000000 -0.806018 0.364293 0.364293 0.364293
6103.989746 0.000000 1425.139160 0.000000 0.944803 0.000000 -0.327640 0.354754 0.354754 0.354754
6121.461914 0.000000 1467.708984 0.000000 0.748131 0.000000 -0.663551 0.361126 0.361126 0.361126
6090.858887 0.000000 1419.638062 0.000000 0.950940 0.000000 -0.309375 0.354768 0.354768 0.354768
6134.093750 0.000000 1436.376709 0.000000 0.787805 0.000000 -0.615925 0.360263 0.360263 0.360263
6138.464844 0.000000 1448.396729 0.000000 0.835864 0.000000 -0.548936 0.358556 0.358556 0.358556
6095.104492 0.000000 1416.961426 0.000000 0.778776 0.000000 -0.627302 0.362413 0.362413 0.362413
6137.390625 0.000000 1454.516602 0.000000 0.658550 0.000000 -0.752537 0.362394 0.362394 0.362394
6081.273926 0.000000 1439.629150 0.000000 0.681042 0.000000 -0.732245 0.364215 0.364215 0.364215
6080.049316 0.000000 1442.807617 0.000000 0.823049 0.000000 -0.567970 0.360398 0.360398 0.360398
6104.170898 0.000000 1423.610229 0.000000 0.911953 0.000000 -0.410294 0.357555 0.357555 0.357555
5855.885254 0.000000 1713.721313 0.000000 0.888546 0.000000 -0.458788 0.356559 0.356559 0.356559
5867.719727 0.000000 1712.117920 0.000000 0.598571 0.000000 -0.801070 0.364816 0.364816 0.364816
5867.041992 0.000000 1714.610107 0.000000 0.868170 0.000000 -0.496266 0.358735 0.358735 0.358735
6270.112305 0.000000 552.278076 0.000000 0.654633 0.000000 -0.755946 0.360298 0.360298 0.360298
6242.997070 0.000000 564.322815 0.000000 0.696580 0.000000 -0.717479 0.359544 0.359544 0.359544
6243.650879 0.000000 531.301697 0.000000 0.727715 0.000000 -0.685879 0.359081 0.359081 0.359081
6250.699707 0.000000 548.738159 0.000000 0.833699 0.000000 -0.552220 0.357259 0.357259 0.357259
6248.221680 0.000000 528.802612 0.000000 0.790959 0.000000 -0.611869 0.358371 0.358371 0.358371
6263.542480 0.000000 531.489136 0.000000 0.600279 0.000000 -0.799791 0.361947 0.361947 0.361947
6253.602051 0.000000 548.284363 0.000000 0.802627 0.000000 -0.596482 0.358125 0.358125 0.358125
6227.150879 0.000000 542.120911 0.000000 0.705764 0.000000 -0.708447 0.360009 0.360009 0.360009
6267.743652 0.000000 559.086914 0.000000 0.837783 0.000000 -0.546004 0.357898 0.357898 0.357898
6245.382812 0.000000 535.941406 0.000000 0.659092 0.000000 -0.752062 0.362979 0.362979 0.362979
6257.077637 0.000000 540.747314 0.000000 0.825395 0.000000 -0.564556 0.360064 0.360064 0.360064
6268.194824 0.000000 543.948486 0.000000 0.680780 0.000000 -0.732488 0.362820 0.362820 0.362820
6269.048828 0.000000 547.624695 0.000000 0.640249 0.000000 -0.768167 0.362170 0.362170 0.362170
6255.143066 0.000000 534.036865 0.000000 0.764816 0.000000 -0.644249 0.363977 0.363977 0.363977
6257.665527 0.000000 537.121948 0.000000 0.891963 0.000000 -0.452108 0.358670 0.358670 0.358670
6263.086426 0.000000 544.975708 0.000000 0.928633 0.000000 -0.370999 0.355679 0.355679 0.355679
6253.502441 0.000000 530.720154 0.000000 0.939075 0.000000 -0.343712 0.355702 0.355702 0.355702
6259.450195 0.000000 561.198547 0.000000 0.633179 0.000000 -0.774006 0.367982 0.367982 0.367982
6260.959961 0.000000 558.418457 0.000000 0.658201 0.000000 -0.752842 0.365790 0.365790 0.365790
6267.649902 0.000000 563.313171 0.000000 0.792000 0.000000 -0.610521 0.359985 0.359985 0.359985
6248.266113 0.000000 537.122864 0.000000 0.657597 0.000000 -0.753370 0.367519 0.367519 0.367519
6250.833008 0.000000 532.592163 0.000000 0.790184 0.000000 -0.612869 0.364699 0.364699 0.364699
6265.877930 0.000000 538.940674 0.000000 0.906637 0.000000 -0.421911 0.356965 0.356965 0.356965
6263.001953 0.000000 543.394043 0.000000 0.848258 0.000000 -0.529584 0.359241 0.359241 0.359241
6256.418945 0.000000 534.635986 0.000000 0.864691 0.000000 -0.502304 0.359404 0.359404 0.359404
6257.428223 0.000000 558.294556 0.000000 0.679054 0.000000 -0.734089 0.363793 0.363793 0.363793
6246.902344 0.000000 536.965149 0.000000 0.943845 0.000000 -0.330389 0.355840 0.355840 0.355840
6252.637695 0.000000 537.912537 0.000000 0.623192 0.000000 -0.782069 0.368832 0.368832 0.368832
6378.699707 0.000000 492.253815 0.000000 0.726012 0.000000 -0.687682 0.359641 0.359641 0.359641
6388.503418 0.000000 506.292572 0.000000 0.950737 0.000000 -0.309997 0.354448 0.354448 0.354448
6385.258789 0.000000 489.331970 0.000000 0.707361 0.000000 -0.706853 0.360324 0.360324 0.360324
6382.877930 0.000000 505.298492 0.000000 0.899190 0.000000 -0.437558 0.356609 0.356609 0.356609
6395.123047 0.000000 491.301239 0.000000 0.940498 0.000000 -0.339798 0.356589 0.356589 0.356589
6386.704590 0.000000 499.799072 0.000000 0.851397 0.000000 -0.524522 0.359312 0.359312 0.359312
6388.959961 0.000000 501.934052 0.000000 0.691230 0.000000 -0.722635 0.363373 0.363373 0.363373
6390.766602 0.000000 496.475555 0.000000 0.728102 0.000000 -0.685469 0.363628 0.363628 0.363628
6385.522949 0.000000 506.546783 0.000000 0.937480 0.000000 -0.348039 0.355358 0.355358 0.355358
6395.144043 0.000000 504.064667 0.000000 0.949231 0.000000 -0.314581 0.354907 0.354907 0.354907
6398.039551 0.000000 492.335266 0.000000 0.765380 0.000000 -0.643578 0.363165 0.363165 0.363165
6395.111816 0.000000 492.998047 0.000000 0.630634 0.000000 -0.776081 0.367467 0.367467 0.367467
6390.485352 0.000000 491.577942 0.000000 0.615575 0.000000 -0.788078 0.365466 0.365466 0.365466
6386.104492 0.000000 496.588684 0.000000 0.882562 0.000000 -0.470197 0.358619 0.358619 0.358619
6303.273438 0.000000 563.235779 0.000000 0.786670 0.000000 -0.617373 0.357820 0.357820 0.357820
6272.226074 0.000000 559.676392 0.000000 0.794223 0.000000 -0.607627 0.357875 0.357875 0.357875
6283.443359 0.000000 538.346436 0.000000 0.781592 0.000000 -0.623791 0.358534 0.358534 0.358534
6334.830566 0.000000 555.594482 0.000000 0.866780 0.000000 -0.498691 0.356752 0.356752 0.356752
6292.862305 0.000000 557.026428 0.000000 0.845820 0.000000 -0.533469 0.357129 0.357129 0.357129
6319.961914 0.000000 563.619263 0.000000 0.911925 0.000000 -0.410358 0.355616 0.355616 0.355616
6279.626953 0.000000 554.709595 0.000000 0.900750 0.000000 -0.434337 0.355948 0.355948 0.355948
6324.503418 0.000000 562.776978 0.000000 0.777354 0.000000 -0.629063 0.359036 0.359036 0.359036
6300.691406 0.000000 556.451660 0.000000 0.627069 0.000000 -0.778964 0.362095 0.362095 0.362095
6316.424316 0.000000 560.905396 0.000000 0.935874 0.000000 -0.352336 0.354751 0.354751 0.354751
6309.593262 0.000000 550.570068 0.000000 0.923579 0.000000 -0.383409 0.355793 0.355793 0.355793
6273.116211 0.000000 544.858582 0.000000 0.889680 0.000000 -0.456585 0.356588 0.356588 0.356588
6272.164062 0.000000 564.698425 0.000000 0.625702 0.000000 -0.780063 0.362783 0.362783 0.362783
6321.077637 0.000000 540.747314 0.000000 0.642509 0.000000 -0.766278 0.367240 0.367240 0.367240
6321.818848 0.000000 535.107117 0.000000 0.910527 0.000000 -0.413450 0.356034 0.356034 0.356034
6317.660156 0.000000 540.309692 0.000000 0.657355 0.000000 -0.753581 0.365960 0.365960 0.365960
6315.248535 0.000000 541.185425 0.000000 0.941083 0.000000 -0.338177 0.356119 0.356119 0.356119
6306.384277 0.000000 556.629211 0.000000 0.805957 0.000000 -0.591975 0.363839 0.363839 0.363839
6274.931152 0.000000 539.834106 0.000000 0.739294 0.000000 -0.673382 0.362652 0.362652 0.362652
6308.710938 0.000000 557.856018 0.000000 0.613809 0.000000 -0.789454 0.370116 0.370116 0.370116
6327.627441 0.000000 538.986877 0.000000 0.881613 0.000000 -0.471974 0.359728 0.359728 0.359728
6320.720703 0.000000 538.403137 0.000000 0.603480 0.000000 -0.797378 0.368548 0.368548 0.368548
6304.219238 0.000000 554.514954 0.000000 0.834875 0.000000 -0.550439 0.361205 0.361205 0.361205
6284.418457 0.000000 557.435303 0.000000 0.642862 0.000000 -0.765982 0.367727 0.367727 0.367727
6324.391602 0.000000 544.814392 0.000000 0.852768 0.000000 -0.522289 0.359243 0.359243 0.359243
6309.666016 0.000000 556.195190 0.000000 0.797571 0.000000 -0.603225 0.364315 0.364315 0.364315
6332.957031 0.000000 533.125305 0.000000 0.835859 0.000000 -0.548945 0.359190 0.359190 0.359190
6319.751465 0.000000 545.919556 0.000000 0.762248 0.000000 -0.647285 0.363072 0.363072 0.363072
6274.917480 0.000000 541.788818 0.000000 0.800349 0.000000 -0.599535 0.360786 0.360786 0.360786
6309.751953 0.000000 558.892700 0.000000 0.808900 0.000000 -0.587947 0.363510 0.363510 0.363510
6283.080078 0.000000 558.166992 0.000000 0.682060 0.000000 -0.731296 0.365911 0.365911 0.365911
6327.001953 0.000000 543.394043 0.000000 0.846813 0.000000 -0.531891 0.359433 0.359433 0.359433
6312.031738 0.000000 559.909912 0.000000 0.770229 0.000000 -0.637767 0.362721 0.362721 0.362721
6287.887695 0.000000 556.096680 0.000000 0.912783 0.000000 -0.408445 0.358162 0.358162 0.358162
6276.623047 0.000000 539.746643 0.000000 0.604500 0.000000 -0.796605 0.365704 0.365704 0.365704
6274.696289 0.000000 538.002014 0.000000 0.796050 0.000000 -0.605231 0.361133 0.361133 0.361133
6320.498535 0.000000 541.911987 0.000000 0.898911 0.000000 -0.438131 0.358956 0.358956 0.358956
6305.146973 0.000000 556.292664 0.000000 0.844165 0.000000 -0.536084 0.361569 0.361569 0.361569
6316.637695 0.000000 537.912537 0.000000 0.771900 0.000000 -0.635745 0.362010 0.362010 0.362010
6307.721191 0.000000 553.557251 0.000000 0.693074 0.000000 -0.720867 0.364315 0.364315 0.364315
6344.162109 0.000000 528.080200 0.000000 0.640526 0.000000 -0.767937 0.362624 0.362624 0.362624
6345.306152 0.000000 534.033997 0.000000 0.666809 0.000000 -0.745229 0.361315 0.361315 0.361315
6397.061035 0.000000 508.915710 0.000000 0.802806 0.000000 -0.596241 0.358791 0.358791 0.358791
6382.915039 0.000000 517.445129 0.000000 0.884840 0.000000 -0.465895 0.356797 0.356797 0.356797
6389.305176 0.000000 522.010315 0.000000 0.687505 0.000000 -0.726180 0.361860 0.361860 0.361860
6350.324707 0.000000 532.247314 0.000000 0.894348 0.000000 -0.447373 0.356424 0.356424 0.356424
6353.646484 0.000000 527.684204 0.000000 0.593160 0.000000 -0.805085 0.363370 0.363370 0.363370
6385.878906 0.000000 520.703247 0.000000 0.800839 0.000000 -0.598879 0.359903 0.359903 0.359903
6388.116699 0.000000 510.690247 0.000000 0.744040 0.000000 -0.668136 0.360070 0.360070 0.360070
6350.008789 0.000000 528.104431 0.000000 0.640645 0.000000 -0.767837 0.362507 0.362507 0.362507
6347.577637 0.000000 552.380493 0.000000 0.799392 0.000000 -0.600810 0.359687 0.359687 0.359687
6396.870605 0.000000 515.751892 0.000000 0.909667 0.000000 -0.415339 0.356344 0.356344 0.356344
6390.278809 0.000000 508.391296 0.000000 0.929942 0.000000 -0.367706 0.355379 0.355379 0.355379
6391.476074 0.000000 520.254639 0.000000 0.687205 0.000000 -0.726463 0.362719 0.362719 0.362719
6363.430664 0.000000 520.387085 0.000000 0.715280 0.000000 -0.698838 0.361190 0.361190 0.361190
6392.204590 0.000000 518.620239 0.000000 0.923315 0.000000 -0.384044 0.356423 0.356423 0.356423
6386.757324 0.000000 509.707581 0.000000 0.910658 0.000000 -0.413160 0.356383 0.356383 0.356383
6397.523438 0.000000 521.944824 0.000000 0.940039 0.000000 -0.341066 0.355702 0.355702 0.355702
6396.396973 0.000000 534.647339 0.000000 0.625905 0.000000 -0.779899 0.364499 0.364499 0.364499
6375.927246 0.000000 521.533386 0.000000 0.926393 0.000000 -0.376557 0.356359 0.356359 0.356359
6362.808105 0.000000 525.365234 0.000000 0.947862 0.000000 -0.318682 0.355881 0.355881 0.355881
6378.500977 0.000000 523.144958 0.000000 0.689816 0.000000 -0.723985 0.362804 0.362804 0.362804
6363.479980 0.000000 522.718384 0.000000 0.814500 0.000000 -0.580164 0.360681 0.360681 0.360681
6339.273438 0.000000 533.192627 0.000000 0.868242 0.000000 -0.496140 0.358574 0.358574 0.358574
6362.442871 0.000000 523.844482 0.000000 0.817146 0.000000 -0.576431 0.360602 0.360602 0.360602
6391.597168 0.000000 515.275574 0.000000 0.781968 0.000000 -0.623319 0.360849 0.360849 0.360849
6337.717285 0.000000 552.804504 0.000000 0.717064 0.000000 -0.697007 0.362332 0.362332 0.362332
6339.614258 0.000000 550.938293 0.000000 0.750171 0.000000 -0.661244 0.362563 0.362563 0.362563
6368.928711 0.000000 524.350586 0.000000 0.922870 0.000000 -0.385112 0.356909 0.356909 0.356909
6337.633789 0.000000 534.089966 0.000000 0.915596 0.000000 -0.402098 0.356979 0.356979 0.356979
6339.320312 0.000000 557.147461 0.000000 0.901326 0.000000 -0.433141 0.358318 0.358318 0.358318
6343.451660 0.000000 556.077148 0.000000 0.892741 0.000000 -0.450571 0.358066 0.358066 0.358066
6341.362305 0.000000 561.044250 0.000000 0.891364 0.000000 -0.453288 0.358818 0.358818 0.358818
6342.391602 0.000000 550.327454 0.000000 0.790784 0.000000 -0.612095 0.361511 0.361511 0.361511
6342.643066 0.000000 560.242065 0.000000 0.941326 0.000000 -0.337500 0.356618 0.356618 0.356618
6244.193359 0.000000 572.302734 0.000000 0.916937 0.000000 -0.399031 0.355147 0.355147 0.355147
6246.658203 0.000000 573.064758 0.000000 0.871147 0.000000 -0.491023 0.356929 0.356929 0.356929
6247.590820 0.000000 568.458923 0.000000 0.939972 0.000000 -0.341253 0.354899 0.354899 0.354899
6271.835938 0.000000 569.327820 0.000000 0.873651 0.000000 -0.486553 0.357015 0.357015 0.357015
6260.127930 0.000000 582.726196 0.000000 0.763742 0.000000 -0.645521 0.359749 0.359749 0.359749
6254.915039 0.000000 573.929504 0.000000 0.910454 0.000000 -0.413610 0.356539 0.356539 0.356539
6255.881836 0.000000 577.576294 0.000000 0.804806 0.000000 -0.593537 0.359078 0.359078 0.359078
6262.278809 0.000000 564.875671 0.000000 0.627075 0.000000 -0.778959 0.367908 0.367908 0.367908
6247.709473 0.000000 564.846008 0.000000 0.636125 0.000000 -0.771586 0.362091 0.362091 0.362091
6253.450195 0.000000 567.363220 0.000000 0.906433 0.000000 -0.422349 0.356915 0.356915 0.356915
6252.377930 0.000000 565.340027 0.000000 0.755042 0.000000 -0.655676 0.361216 0.361216 0.361216
6264.234863 0.000000 566.586670 0.000000 0.834259 0.000000 -0.551372 0.361278 0.361278 0.361278
6314.549316 0.000000 575.955139 0.000000 0.906265 0.000000 -0.422710 0.355453 0.355453 0.355453
6298.616211 0.000000 588.926147 0.000000 0.634774 0.000000 -0.772698 0.361536 0.361536 0.361536
6308.193359 0.000000 572.302734 0.000000 0.633769 0.000000 -0.773522 0.361244 0.361244 0.361244
6305.496582 0.000000 589.074524 0.000000 0.625911 0.000000 -0.779895 0.361880 0.361880 0.361880
6315.597168 0.000000 566.868225 0.000000 0.646379 0.000000 -0.763016 0.361983 0.361983 0.361983
6287.571289 0.000000 571.456238 0.000000 0.783059 0.000000 -0.621947 0.358739 0.358739 0.358739
6333.359375 0.000000 585.917297 0.000000 0.801423 0.000000 -0.598098 0.358963 0.358963 0.358963
6318.326660 0.000000 575.961853 0.000000 0.639222 0.000000 -0.769022 0.362150 0.362150 0.362150
6276.679688 0.000000 579.080078 0.000000 0.621703 0.000000 -0.783253 0.362384 0.362384 0.362384
6300.897949 0.000000 586.482666 0.000000 0.636951 0.000000 -0.770904 0.363307 0.363307 0.363307
6322.491699 0.000000 588.484009 0.000000 0.608091 0.000000 -0.793867 0.363624 0.363624 0.363624
6284.800293 0.000000 575.406555 0.000000 0.692097 0.000000 -0.721805 0.361168 0.361168 0.361168
6286.853027 0.000000 581.745544 0.000000 0.622884 0.000000 -0.782314 0.363384 0.363384 0.363384
6333.495117 0.000000 584.003967 0.000000 0.877943 0.000000 -0.478766 0.356980 0.356980 0.356980
6312.686523 0.000000 583.496826 0.000000 0.810152 0.000000 -0.586220 0.360208 0.360208 0.360208
6308.762207 0.000000 586.348877 0.000000 0.796046 0.000000 -0.605236 0.361644 0.361644 0.361644
6325.692383 0.000000 576.578735 0.000000 0.781676 0.000000 -0.623685 0.359739 0.359739 0.359739
6285.681152 0.000000 578.616455 0.000000 0.946689 0.000000 -0.322148 0.355073 0.355073 0.355073
6328.204590 0.000000 575.104614 0.000000 0.797832 0.000000 -0.602880 0.360432 0.360432 0.360432
6323.232422 0.000000 584.197693 0.000000 0.740465 0.000000 -0.672095 0.362333 0.362333 0.362333
6310.058105 0.000000 581.146179 0.000000 0.863477 0.000000 -0.504388 0.358846 0.358846 0.358846
6302.555664 0.000000 587.181213 0.000000 0.880710 0.000000 -0.473656 0.357890 0.357890 0.357890
6293.555664 0.000000 580.609497 0.000000 0.684705 0.000000 -0.728820 0.363593 0.363593 0.363593
6330.962891 0.000000 582.982483 0.000000 0.685190 0.000000 -0.728364 0.361906 0.361906 0.361906
6321.566406 0.000000 572.026367 0.000000 0.727320 0.000000 -0.686299 0.362558 0.362558 0.362558
6296.543945 0.000000 575.021240 0.000000 0.704324 0.000000 -0.709879 0.361794 0.361794 0.361794
6304.356445 0.000000 577.210632 0.000000 0.631821 0.000000 -0.775114 0.363988 0.363988 0.363988
6326.518555 0.000000 568.532837 0.000000 0.622253 0.000000 -0.782816 0.364221 0.364221 0.364221
6281.291016 0.000000 581.637024 0.000000 0.919133 0.000000 -0.393947 0.356263 0.356263 0.356263
6293.721191 0.000000 577.016479 0.000000 0.819899 0.000000 -0.572508 0.360599 0.360599 0.360599
6332.396973 0.000000 591.131714 0.000000 0.801526 0.000000 -0.597960 0.360753 0.360753 0.360753
6313.913086 0.000000 582.238525 0.000000 0.625336 0.000000 -0.780356 0.364589 0.364589 0.364589
6289.973633 0.000000 579.765137 0.000000 0.938744 0.000000 -0.344616 0.355764 0.355764 0.355764
6296.543945 0.000000 579.345093 0.000000 0.697694 0.000000 -0.716396 0.364864 0.364864 0.364864
6290.551758 0.000000 576.736328 0.000000 0.859056 0.000000 -0.511881 0.359180 0.359180 0.359180
6335.335449 0.000000 591.073120 0.000000 0.918128 0.000000 -0.396284 0.357050 0.357050 0.357050
6319.419922 0.000000 587.498169 0.000000 0.841135 0.000000 -0.540825 0.359836 0.359836 0.359836
6325.912598 0.000000 587.622498 0.000000 0.935046 0.000000 -0.354527 0.356302 0.356302 0.356302
6332.908691 0.000000 579.779480 0.000000 0.911185 0.000000 -0.411997 0.357495 0.357495 0.357495
6324.518555 0.000000 583.924988 0.000000 0.918615 0.000000 -0.395155 0.357383 0.357383 0.357383
6320.708984 0.000000 583.075500 0.000000 0.892566 0.000000 -0.450917 0.358318 0.358318 0.358318
6306.155762 0.000000 584.396729 0.000000 0.857151 0.000000 -0.515065 0.359527 0.359527 0.359527
6319.274414 0.000000 582.926453 0.000000 0.714033 0.000000 -0.700112 0.363926 0.363926 0.363926
6377.396484 0.000000 578.602661 0.000000 0.777546 0.000000 -0.628826 0.357962 0.357962 0.357962
6382.444824 0.000000 616.205994 0.000000 0.803156 0.000000 -0.595768 0.357807 0.357807 0.357807
6380.817383 0.000000 574.369751 0.000000 0.623454 0.000000 -0.781860 0.360902 0.360902 0.360902
6388.392090 0.000000 613.230469 0.000000 0.943005 0.000000 -0.332779 0.354313 0.354313 0.354313
6396.718750 0.000000 606.075195 0.000000 0.831176 0.000000 -0.556010 0.357650 0.357650 0.357650
6398.830566 0.000000 612.078857 0.000000 0.593628 0.000000 -0.804740 0.362381 0.362381 0.362381
6365.260254 0.000000 599.112976 0.000000 0.791570 0.000000 -0.611078 0.358186 0.358186 0.358186
6356.724609 0.000000 594.544128 0.000000 0.602961 0.000000 -0.797771 0.361581 0.361581 0.361581
6388.503418 0.000000 619.261353 0.000000 0.778282 0.000000 -0.627915 0.358631 0.358631 0.358631
6356.387207 0.000000 591.640869 0.000000 0.769255 0.000000 -0.638942 0.359115 0.359115 0.359115
6347.910645 0.000000 592.526733 0.000000 0.940844 0.000000 -0.338841 0.354531 0.354531 0.354531
6376.632324 0.000000 604.478882 0.000000 0.925102 0.000000 -0.379718 0.355599 0.355599 0.355599
6355.258789 0.000000 603.737305 0.000000 0.885053 0.000000 -0.465491 0.356388 0.356388 0.356388
6398.808594 0.000000 592.871277 0.000000 0.837092 0.000000 -0.547062 0.358725 0.358725 0.358725
6388.417969 0.000000 595.168762 0.000000 0.795501 0.000000 -0.605952 0.359783 0.359783 0.359783
6379.536621 0.000000 578.406799 0.000000 0.678764 0.000000 -0.734356 0.360918 0.360918 0.360918
6352.326660 0.000000 587.510681 0.000000 0.903568 0.000000 -0.428445 0.356326 0.356326 0.356326
6385.077637 0.000000 597.231689 0.000000 0.842899 0.000000 -0.538072 0.358638 0.358638 0.358638
6385.878906 0.000000 577.187622 0.000000 0.631145 0.000000 -0.775665 0.363459 0.363459 0.363459
6388.105469 0.000000 607.234741 0.000000 0.721588 0.000000 -0.692323 0.360925 0.360925 0.360925
6391.476074 0.000000 576.739014 0.000000 0.838375 0.000000 -0.545093 0.360352 0.360352 0.360352
6391.775879 0.000000 592.568726 0.000000 0.722479 0.000000 -0.691393 0.362341 0.362341 0.362341
6388.948730 0.000000 591.569824 0.000000 0.946234 0.000000 -0.323484 0.355296 0.355296 0.355296
6344.084473 0.000000 580.478699 0.000000 0.854939 0.000000 -0.518729 0.362009 0.362009 0.362009
6347.861328 0.000000 579.513306 0.000000 0.920100 0.000000 -0.391684 0.357895 0.357895 0.357895
6351.104492 0.000000 569.695862 0.000000 0.950287 0.000000 -0.311377 0.355893 0.355893 0.355893
6343.854492 0.000000 575.591797 0.000000 0.814222 0.000000 -0.580553 0.360906 0.360906 0.360906
6393.096680 0.000000 598.908691 0.000000 0.860816 0.000000 -0.508916 0.358608 0.358608 0.358608
6394.544922 0.000000 596.814453 0.000000 0.797663 0.000000 -0.603103 0.360522 0.360522 0.360522
6348.623047 0.000000 588.475342 0.000000 0.612901 0.000000 -0.790160 0.366758 0.366758 0.366758
6390.224609 0.000000 580.022522 0.000000 0.838379 0.000000 -0.545088 0.359067 0.359067 0.359067
6396.241699 0.000000 575.586182 0.000000 0.908073 0.000000 -0.418811 0.358987 0.358987 0.358987
6389.526855 0.000000 598.779236 0.000000 0.800284 0.000000 -0.599621 0.360029 0.360029 0.360029
6396.396973 0.000000 591.131714 0.000000 0.664142 0.000000 -0.747606 0.363356 0.363356 0.363356
6345.808594 0.000000 587.202026 0.000000 0.928490 0.000000 -0.371356 0.357114 0.357114 0.357114
6393.877930 0.000000 595.425049 0.000000 0.646062 0.000000 -0.763285 0.364075 0.364075 0.364075
6338.358887 0.000000 572.490906 0.000000 0.885834 0.000000 -0.464003 0.359086 0.359086 0.359086
6347.846680 0.000000 569.090881 0.000000 0.885993 0.000000 -0.463698 0.358068 0.358068 0.358068
6383.139160 0.000000 578.762024 0.000000 0.942338 0.000000 -0.334664 0.355546 0.355546 0.355546
6343.009277 0.000000 586.483582 0.000000 0.933982 0.000000 -0.357320 0.356306 0.356306 0.356306
6394.382812 0.000000 599.720459 0.000000 0.776625 0.000000 -0.629964 0.361076 0.361076 0.361076
6341.604004 0.000000 570.442749 0.000000 0.760053 0.000000 -0.649861 0.361621 0.361621 0.361621
6347.571777 0.000000 589.382751 0.000000 0.826714 0.000000 -0.562623 0.360756 0.360756 0.360756
6391.127441 0.000000 573.778992 0.000000 0.872726 0.000000 -0.488211 0.358936 0.358936 0.358936
6338.810059 0.000000 571.284119 0.000000 0.903838 0.000000 -0.427875 0.358287 0.358287 0.358287
6351.627930 0.000000 588.593567 0.000000 0.736300 0.000000 -0.676656 0.362923 0.362923 0.362923
6339.693359 0.000000 579.856140 0.000000 0.877651 0.000000 -0.479301 0.359565 0.359565 0.359565
6344.640625 0.000000 587.943481 0.000000 0.608707 0.000000 -0.793395 0.367135 0.367135 0.367135
6339.569824 0.000000 578.488037 0.000000 0.710238 0.000000 -0.703962 0.364944 0.364944 0.364944
6404.837402 0.000000 500.114716 0.000000 0.636220 0.000000 -0.771507 0.362204 0.362204 0.362204
6400.313965 0.000000 501.617065 0.000000 0.843756 0.000000 -0.536727 0.358762 0.358762 0.358762
6400.036621 0.000000 496.902344 0.000000 0.769762 0.000000 -0.638331 0.361010 0.361010 0.361010
6428.683105 0.000000 521.793274 0.000000 0.874989 0.000000 -0.484143 0.356227 0.356227 0.356227
6410.448242 0.000000 511.964325 0.000000 0.771005 0.000000 -0.636829 0.358536 0.358536 0.358536
6404.015137 0.000000 514.446472 0.000000 0.940889 0.000000 -0.338716 0.354559 0.354559 0.354559
6403.928711 0.000000 538.491272 0.000000 0.868095 0.000000 -0.496397 0.356854 0.356854 0.356854
6420.672363 0.000000 527.916748 0.000000 0.679798 0.000000 -0.733399 0.362518 0.362518 0.362518
6400.060059 0.000000 516.607605 0.000000 0.613999 0.000000 -0.789307 0.363354 0.363354 0.363354
6405.887695 0.000000 539.187988 0.000000 0.731177 0.000000 -0.682188 0.360201 0.360201 0.360201
6414.121582 0.000000 510.377838 0.000000 0.950951 0.000000 -0.309340 0.354273 0.354273 0.354273
6419.108398 0.000000 518.336548 0.000000 0.938398 0.000000 -0.345556 0.355349 0.355349 0.355349
6402.093750 0.000000 519.425781 0.000000 0.705383 0.000000 -0.708826 0.361806 0.361806 0.361806
6413.989746 0.000000 535.273865 0.000000 0.664237 0.000000 -0.747522 0.366378 0.366378 0.366378
6412.800293 0.000000 518.922180 0.000000 0.949432 0.000000 -0.313972 0.355219 0.355219 0.355219
6410.587402 0.000000 521.639709 0.000000 0.732129 0.000000 -0.681166 0.360837 0.360837 0.360837
6402.200195 0.000000 524.978638 0.000000 0.832032 0.000000 -0.554728 0.361124 0.361124 0.361124
6408.607910 0.000000 522.194824 0.000000 0.749496 0.000000 -0.662009 0.360210 0.360210 0.360210
6413.681152 0.000000 522.132080 0.000000 0.601397 0.000000 -0.798950 0.363223 0.363223 0.363223
6424.050781 0.000000 526.072388 0.000000 0.872040 0.000000 -0.489435 0.357508 0.357508 0.357508
6418.442871 0.000000 524.738464 0.000000 0.684315 0.000000 -0.729186 0.363102 0.363102 0.363102
6401.897461 0.000000 531.150940 0.000000 0.942459 0.000000 -0.334322 0.356627 0.356627 0.356627
6417.197754 0.000000 515.152466 0.000000 0.938368 0.000000 -0.345639 0.355643 0.355643 0.355643
6423.098145 0.000000 527.373718 0.000000 0.911948 0.000000 -0.410306 0.356576 0.356576 0.356576
6417.973633 0.000000 523.280762 0.000000 0.651251 0.000000 -0.758862 0.364417 0.364417 0.364417
6401.273926 0.000000 535.879150 0.000000 0.908890 0.000000 -0.417035 0.358307 0.358307 0.358307
6410.271484 0.000000 537.461182 0.000000 0.928793 0.000000 -0.370600 0.357132 0.357132 0.357132
6416.534668 0.000000 522.187134 0.000000 0.930757 0.000000 -0.365637 0.356263 0.356263 0.356263
6405.906250 0.000000 534.948120 0.000000 0.715530 0.000000 -0.698582 0.365341 0.365341 0.365341
6401.633789 0.000000 534.089966 0.000000 0.740196 0.000000 -0.672392 0.364240 0.364240 0.364240
6408.591797 0.000000 535.118469 0.000000 0.832491 0.000000 -0.554039 0.361262 0.361262 0.361262
6403.569824 0.000000 522.003662 0.000000 0.791601 0.000000 -0.611038 0.362091 0.362091 0.362091
6409.029297 0.000000 528.961670 0.000000 0.860631 0.000000 -0.509229 0.359454 0.359454 0.359454
6413.813477 0.000000 533.400330 0.000000 0.774838 0.000000 -0.632159 0.363215 0.363215 0.363215
6406.992676 0.000000 528.426453 0.000000 0.780067 0.000000 -0.625696 0.362966 0.362966 0.362966
6402.538086 0.000000 532.177307 0.000000 0.693965 0.000000 -0.720009 0.365909 0.365909 0.365909
6406.599121 0.000000 617.944702 0.000000 0.670629 0.000000 -0.741793 0.359530 0.359530 0.359530
6409.597656 0.000000 614.719177 0.000000 0.894309 0.000000 -0.447450 0.355635 0.355635 0.355635
6400.173340 0.000000 566.668396 0.000000 0.658476 0.000000 -0.752602 0.360236 0.360236 0.360236
6400.226074 0.000000 616.160767 0.000000 0.653764 0.000000 -0.756698 0.360761 0.360761 0.360761
6406.656738 0.000000 613.661499 0.000000 0.803136 0.000000 -0.595796 0.358142 0.358142 0.358142
6403.898438 0.000000 617.600403 0.000000 0.741915 0.000000 -0.670493 0.359343 0.359343 0.359343
6402.873047 0.000000 591.133972 0.000000 0.722741 0.000000 -0.691119 0.360701 0.360701 0.360701
6411.910645 0.000000 592.526733 0.000000 0.772874 0.000000 -0.634560 0.359551 0.359551 0.359551
6423.342285 0.000000 580.354492 0.000000 0.774975 0.000000 -0.631992 0.359445 0.359445 0.359445
6420.672363 0.000000 584.401123 0.000000 0.852072 0.000000 -0.523424 0.357870 0.357870 0.357870
6400.013672 0.000000 569.366516 0.000000 0.778833 0.000000 -0.627232 0.360101 0.360101 0.360101
6400.060059 0.000000 573.091980 0.000000 0.894907 0.000000 -0.446253 0.359054 0.359054 0.359054
6423.051758 0.000000 567.891541 0.000000 0.932987 0.000000 -0.359911 0.355582 0.355582 0.355582
6414.121582 0.000000 566.862244 0.000000 0.807863 0.000000 -0.589370 0.360216 0.360216 0.360216
6414.008789 0.000000 584.588806 0.000000 0.838315 0.000000 -0.545186 0.357860 0.357860 0.357860
6419.108398 0.000000 574.820923 0.000000 0.638173 0.000000 -0.769893 0.369578 0.369578 0.369578
6417.982910 0.000000 568.097473 0.000000 0.919673 0.000000 -0.392684 0.358763 0.358763 0.358763
6418.017090 0.000000 588.628479 0.000000 0.931747 0.000000 -0.363109 0.355715 0.355715 0.355715
6410.858887 0.000000 572.372375 0.000000 0.664866 0.000000 -0.746962 0.368426 0.368426 0.368426
6412.231934 0.000000 567.680298 0.000000 0.910757 0.000000 -0.412943 0.356472 0.356472 0.356472
6415.104492 0.000000 569.695862 0.000000 0.913596 0.000000 -0.406622 0.359129 0.359129 0.359129
6404.483398 0.000000 599.273621 0.000000 0.775584 0.000000 -0.631245 0.360058 0.360058 0.360058
6417.241211 0.000000 582.475098 0.000000 0.930995 0.000000 -0.365031 0.355812 0.355812 0.355812
6419.362793 0.000000 573.155396 0.000000 0.655913 0.000000 -0.754837 0.369060 0.369060 0.369060
6407.856445 0.000000 609.525452 0.000000 0.614389 0.000000 -0.789004 0.364062 0.364062 0.364062
6410.960449 0.000000 599.008667 0.000000 0.913479 0.000000 -0.406887 0.356444 0.356444 0.356444
6420.698242 0.000000 570.027771 0.000000 0.671995 0.000000 -0.740556 0.368581 0.368581 0.368581
6404.650391 0.000000 602.619812 0.000000 0.931255 0.000000 -0.364368 0.355687 0.355687 0.355687
6414.208008 0.000000 576.092285 0.000000 0.933587 0.000000 -0.358351 0.355748 0.355748 0.355748
6413.933594 0.000000 570.712646 0.000000 0.873396 0.000000 -0.487011 0.361334 0.361334 0.361334
6401.194336 0.000000 574.118103 0.000000 0.787257 0.000000 -0.616625 0.362105 0.362105 0.362105
6421.329102 0.000000 575.468140 0.000000 0.637670 0.000000 -0.770310 0.369593 0.369593 0.369593
6427.648926 0.000000 572.277222 0.000000 0.675722 0.000000 -0.737157 0.364340 0.364340 0.364340
6405.442383 0.000000 571.783875 0.000000 0.950777 0.000000 -0.309875 0.356745 0.356745 0.356745
6416.717773 0.000000 577.180908 0.000000 0.589958 0.000000 -0.807434 0.367614 0.367614 0.367614
6414.587891 0.000000 572.612488 0.000000 0.609129 0.000000 -0.793071 0.370406 0.370406 0.370406
6400.065918 0.000000 570.880981 0.000000 0.849133 0.000000 -0.528179 0.360162 0.360162 0.360162
6416.744141 0.000000 574.438538 0.000000 0.939743 0.000000 -0.341883 0.357775 0.357775 0.357775
6404.280762 0.000000 573.992920 0.000000 0.873863 0.000000 -0.486172 0.360980 0.360980 0.360980
6412.047363 0.000000 571.725586 0.000000 0.813305 0.000000 -0.581837 0.363837 0.363837 0.363837
6189.233887 0.000000 1325.037964 0.000000 0.607380 0.000000 -0.794411 0.360428 0.360428 0.360428
6150.113770 0.000000 1338.099121 0.000000 0.601893 0.000000 -0.798577 0.361961 0.361961 0.361961
6189.452148 0.000000 1327.710449 0.000000 0.914208 0.000000 -0.405244 0.355268 0.355268 0.355268
6147.928711 0.000000 1329.272583 0.000000 0.843911 0.000000 -0.536483 0.357892 0.357892 0.357892
6187.827148 0.000000 1337.327393 0.000000 0.807269 0.000000 -0.590184 0.358826 0.358826 0.358826
6168.281738 0.000000 1321.155762 0.000000 0.848385 0.000000 -0.529380 0.357751 0.357751 0.357751
6167.825684 0.000000 1353.061035 0.000000 0.688688 0.000000 -0.725058 0.360844 0.360844 0.360844
6184.632324 0.000000 1338.775757 0.000000 0.907455 0.000000 -0.420150 0.355854 0.355854 0.355854
6176.929688 0.000000 1355.618164 0.000000 0.872440 0.000000 -0.488722 0.357384 0.357384 0.357384
6168.739258 0.000000 1327.709839 0.000000 0.600478 0.000000 -0.799641 0.365952 0.365952 0.365952
6171.270508 0.000000 1350.886841 0.000000 0.898731 0.000000 -0.438500 0.360114 0.360114 0.360114
6186.718262 0.000000 1345.639648 0.000000 0.807309 0.000000 -0.590129 0.360590 0.360590 0.360590
6146.200195 0.000000 1315.759888 0.000000 0.889794 0.000000 -0.456363 0.357267 0.357267 0.357267
6173.381836 0.000000 1329.735840 0.000000 0.733236 0.000000 -0.679974 0.360911 0.360911 0.360911
6153.975098 0.000000 1336.652710 0.000000 0.794697 0.000000 -0.607006 0.362340 0.362340 0.362340
6171.568359 0.000000 1332.547974 0.000000 0.708178 0.000000 -0.706034 0.363185 0.363185 0.363185
6189.740723 0.000000 1329.349854 0.000000 0.684510 0.000000 -0.729004 0.362420 0.362420 0.362420
6163.159180 0.000000 1319.360229 0.000000 0.749576 0.000000 -0.661918 0.361441 0.361441 0.361441
6170.510254 0.000000 1329.933838 0.000000 0.852696 0.000000 -0.522408 0.359270 0.359270 0.359270
6167.844727 0.000000 1346.661255 0.000000 0.800452 0.000000 -0.599397 0.362412 0.362412 0.362412
6155.164062 0.000000 1335.695801 0.000000 0.896475 0.000000 -0.443094 0.357300 0.357300 0.357300
6191.751465 0.000000 1336.700806 0.000000 0.752468 0.000000 -0.658629 0.361843 0.361843 0.361843
6146.917480 0.000000 1332.570068 0.000000 0.818671 0.000000 -0.574264 0.360850 0.360850 0.360850
6173.699219 0.000000 1354.744141 0.000000 0.853301 0.000000 -0.521419 0.359849 0.359849 0.359849
6152.168945 0.000000 1334.916260 0.000000 0.883877 0.000000 -0.467719 0.358378 0.358378 0.358378
6173.388672 0.000000 1348.331665 0.000000 0.727154 0.000000 -0.686475 0.364809 0.364809 0.364809
6188.297363 0.000000 1331.193115 0.000000 0.740690 0.000000 -0.671847 0.362778 0.362778 0.362778
6152.816895 0.000000 1337.231079 0.000000 0.876242 0.000000 -0.481872 0.359512 0.359512 0.359512
6192.564941 0.000000 1337.703613 0.000000 0.887053 0.000000 -0.461669 0.359518 0.359518 0.359518
6167.062988 0.000000 1320.814575 0.000000 0.686923 0.000000 -0.726730 0.364395 0.364395 0.364395
6225.116211 0.000000 1346.388184 0.000000 0.865936 0.000000 -0.500154 0.356659 0.356659 0.356659
6244.294922 0.000000 1302.797363 0.000000 0.926673 0.000000 -0.375868 0.354815 0.354815 0.354815
6244.101074 0.000000 1347.001953 0.000000 0.853088 0.000000 -0.521766 0.357458 0.357458 0.357458
6250.452148 0.000000 1334.074707 0.000000 0.696624 0.000000 -0.717437 0.360872 0.360872 0.360872
6215.173340 0.000000 1328.347290 0.000000 0.614370 0.000000 -0.789018 0.362314 0.362314 0.362314
6255.560547 0.000000 1341.904297 0.000000 0.637022 0.000000 -0.770845 0.361382 0.361382 0.361382
6209.116211 0.000000 1335.639893 0.000000 0.871717 0.000000 -0.490009 0.357070 0.357070 0.357070
6213.887695 0.000000 1329.969238 0.000000 0.949689 0.000000 -0.313195 0.354704 0.354704 0.354704
6219.119141 0.000000 1352.759766 0.000000 0.942695 0.000000 -0.333654 0.355350 0.355350 0.355350
6242.607422 0.000000 1351.534546 0.000000 0.869562 0.000000 -0.493823 0.357401 0.357401 0.357401
6251.248535 0.000000 1331.966675 0.000000 0.877700 0.000000 -0.479211 0.357074 0.357074 0.357074
6238.899414 0.000000 1352.002441 0.000000 0.759217 0.000000 -0.650838 0.361889 0.361889 0.361889
6221.842285 0.000000 1350.618408 0.000000 0.917813 0.000000 -0.397013 0.355833 0.355833 0.355833
6218.837402 0.000000 1350.748779 0.000000 0.918296 0.000000 -0.395894 0.357540 0.357540 0.357540
6238.198730 0.000000 1350.388794 0.000000 0.911262 0.000000 -0.411827 0.357418 0.357418 0.357418
6269.091309 0.000000 1350.852173 0.000000 0.814490 0.000000 -0.580177 0.359843 0.359843 0.359843
6269.900391 0.000000 1352.208496 0.000000 0.901049 0.000000 -0.433717 0.357801 0.357801 0.357801
6329.915527 0.000000 1253.370972 0.000000 0.915940 0.000000 -0.401315 0.354817 0.354817 0.354817
6296.357910 0.000000 1251.167236 0.000000 0.638243 0.000000 -0.769835 0.361170 0.361170 0.361170
6326.469238 0.000000 1252.810303 0.000000 0.857321 0.000000 -0.514782 0.356899 0.356899 0.356899
6316.193359 0.000000 1263.600830 0.000000 0.810039 0.000000 -0.586376 0.357966 0.357966 0.357966
6329.532715 0.000000 1257.630859 0.000000 0.732814 0.000000 -0.680429 0.360659 0.360659 0.360659
6316.304199 0.000000 1266.355591 0.000000 0.693864 0.000000 -0.720106 0.361626 0.361626 0.361626
6321.818848 0.000000 1269.403931 0.000000 0.939736 0.000000 -0.341900 0.355641 0.355641 0.355641
6329.789062 0.000000 1262.018066 0.000000 0.734768 0.000000 -0.678319 0.363875 0.363875 0.363875
6319.143066 0.000000 1268.333740 0.000000 0.855602 0.000000 -0.517635 0.359057 0.359057 0.359057
6322.737793 0.000000 1276.153931 0.000000 0.873642 0.000000 -0.486569 0.357615 0.357615 0.357615
6299.430664 0.000000 1254.683960 0.000000 0.790920 0.000000 -0.611920 0.359465 0.359465 0.359465
6335.537598 0.000000 1272.922607 0.000000 0.614771 0.000000 -0.788706 0.363617 0.363617 0.363617
6325.040527 0.000000 1271.303711 0.000000 0.898340 0.000000 -0.439301 0.358465 0.358465 0.358465
6326.250977 0.000000 1270.419556 0.000000 0.854282 0.000000 -0.519810 0.359959 0.359959 0.359959
6329.877930 0.000000 1273.237549 0.000000 0.895440 0.000000 -0.445182 0.357539 0.357539 0.357539
6331.155762 0.000000 1271.106567 0.000000 0.878462 0.000000 -0.477812 0.358162 0.358162 0.358162
6325.912598 0.000000 1265.434937 0.000000 0.706205 0.000000 -0.708007 0.366188 0.366188 0.366188
6324.879395 0.000000 1264.654663 0.000000 0.648037 0.000000 -0.761609 0.367816 0.367816 0.367816
6338.164551 0.000000 1262.027832 0.000000 0.946109 0.000000 -0.323847 0.353804 0.353804 0.353804
6353.216309 0.000000 1282.537476 0.000000 0.793698 0.000000 -0.608312 0.357885 0.357885 0.357885
6386.714844 0.000000 1293.129150 0.000000 0.795837 0.000000 -0.605511 0.358297 0.358297 0.358297
6382.583984 0.000000 1291.436768 0.000000 0.749951 0.000000 -0.661494 0.359632 0.359632 0.359632
6352.405273 0.000000 1280.211304 0.000000 0.665212 0.000000 -0.746654 0.361013 0.361013 0.361013
6368.505859 0.000000 1287.314087 0.000000 0.825979 0.000000 -0.563701 0.357849 0.357849 0.357849
6337.897461 0.000000 1265.447754 0.000000 0.878009 0.000000 -0.478645 0.357610 0.357610 0.357610
6336.011719 0.000000 1267.509399 0.000000 0.949585 0.000000 -0.313509 0.355099 0.355099 0.355099
6273.469238 0.000000 1353.688721 0.000000 0.809285 0.000000 -0.587417 0.357406 0.357406 0.357406
6290.867188 0.000000 1342.104492 0.000000 0.877518 0.000000 -0.479545 0.356140 0.356140 0.356140
6300.116211 0.000000 1354.556274 0.000000 0.734472 0.000000 -0.678639 0.359288 0.359288 0.359288
6295.825684 0.000000 1353.061035 0.000000 0.926902 0.000000 -0.375304 0.355194 0.355194 0.355194
6290.928223 0.000000 1340.045410 0.000000 0.922429 0.000000 -0.386168 0.356184 0.356184 0.356184
6287.107910 0.000000 1334.335571 0.000000 0.941192 0.000000 -0.337872 0.355632 0.355632 0.355632
6282.104492 0.000000 1346.231445 0.000000 0.688106 0.000000 -0.725610 0.363409 0.363409 0.363409
6289.551270 0.000000 1333.082642 0.000000 0.836151 0.000000 -0.548500 0.359106 0.359106 0.359106
6394.308594 0.000000 1343.740234 0.000000 0.588256 0.000000 -0.808674 0.361769 0.361769 0.361769
6392.579102 0.000000 1348.302979 0.000000 0.755096 0.000000 -0.655614 0.359121 0.359121 0.359121
6385.605957 0.000000 1351.994507 0.000000 0.864852 0.000000 -0.502027 0.356687 0.356687 0.356687
6398.888184 0.000000 1335.765625 0.000000 0.722286 0.000000 -0.691594 0.359876 0.359876 0.359876
6207.291016 0.000000 1356.030029 0.000000 0.895147 0.000000 -0.445771 0.355349 0.355349 0.355349
6176.344727 0.000000 1393.942627 0.000000 0.932185 0.000000 -0.361982 0.354450 0.354450 0.354450
6147.167969 0.000000 1399.577637 0.000000 0.812769 0.000000 -0.582586 0.357717 0.357717 0.357717
6180.101074 0.000000 1403.486328 0.000000 0.614633 0.000000 -0.788813 0.361913 0.361913 0.361913
6205.258301 0.000000 1367.639282 0.000000 0.796746 0.000000 -0.604315 0.358675 0.358675 0.358675
6188.263184 0.000000 1405.800049 0.000000 0.692038 0.000000 -0.721861 0.360923 0.360923 0.360923
6187.827148 0.000000 1393.811768 0.000000 0.808314 0.000000 -0.588751 0.358498 0.358498 0.358498
6193.878906 0.000000 1367.968872 0.000000 0.845187 0.000000 -0.534471 0.357933 0.357933 0.357933
6193.047363 0.000000 1364.449463 0.000000 0.651653 0.000000 -0.758517 0.364596 0.364596 0.364596
6176.666016 0.000000 1356.263916 0.000000 0.866961 0.000000 -0.498375 0.357499 0.357499 0.357499
6170.746094 0.000000 1355.651978 0.000000 0.747195 0.000000 -0.664605 0.360957 0.360957 0.360957
6208.173340 0.000000 1357.449585 0.000000 0.769710 0.000000 -0.638394 0.358228 0.358228 0.358228
6257.158691 0.000000 1390.253418 0.000000 0.785817 0.000000 -0.618459 0.358186 0.358186 0.358186
6217.808105 0.000000 1391.330566 0.000000 0.601522 0.000000 -0.798856 0.361563 0.361563 0.361563
6212.061523 0.000000 1371.834595 0.000000 0.821246 0.000000 -0.570575 0.357587 0.357587 0.357587
6214.297363 0.000000 1356.973145 0.000000 0.831734 0.000000 -0.555174 0.357817 0.357817 0.357817
6227.875488 0.000000 1371.073853 0.000000 0.779869 0.000000 -0.625942 0.358599 0.358599 0.358599
6264.357422 0.000000 1363.971924 0.000000 0.785486 0.000000 -0.618879 0.358688 0.358688 0.358688
6271.545410 0.000000 1387.584106 0.000000 0.823348 0.000000 -0.567536 0.357726 0.357726 0.357726
6236.442383 0.000000 1355.642456 0.000000 0.893687 0.000000 -0.448690 0.356749 0.356749 0.356749
6210.422852 0.000000 1384.024658 0.000000 0.745991 0.000000 -0.665956 0.361144 0.361144 0.361144
6260.288574 0.000000 1376.455078 0.000000 0.838736 0.000000 -0.544539 0.358805 0.358805 0.358805
6208.129395 0.000000 1387.669678 0.000000 0.808113 0.000000 -0.589028 0.359934 0.359934 0.359934
6269.091309 0.000000 1407.336548 0.000000 0.731254 0.000000 -0.682105 0.361970 0.361970 0.361970
6205.524414 0.000000 1417.622803 0.000000 0.921507 0.000000 -0.388363 0.354583 0.354583 0.354583
6188.817383 0.000000 1421.635376 0.000000 0.889763 0.000000 -0.456424 0.355840 0.355840 0.355840
6193.495117 0.000000 1412.209473 0.000000 0.677047 0.000000 -0.735940 0.360876 0.360876 0.360876
6160.003418 0.000000 1439.412109 0.000000 0.928453 0.000000 -0.371449 0.355387 0.355387 0.355387
6200.373535 0.000000 1412.247803 0.000000 0.805023 0.000000 -0.593243 0.358768 0.358768 0.358768
6162.112793 0.000000 1438.301025 0.000000 0.812025 0.000000 -0.583623 0.359121 0.359121 0.359121
6189.664062 0.000000 1419.104980 0.000000 0.778240 0.000000 -0.627967 0.359344 0.359344 0.359344
6174.632324 0.000000 1439.419556 0.000000 0.921899 0.000000 -0.387430 0.356136 0.356136 0.356136
6171.994141 0.000000 1437.142578 0.000000 0.783742 0.000000 -0.621086 0.363673 0.363673 0.363673
6181.219727 0.000000 1435.688843 0.000000 0.724612 0.000000 -0.689158 0.362224 0.362224 0.362224
6188.377930 0.000000 1412.605591 0.000000 0.942865 0.000000 -0.333174 0.355090 0.355090 0.355090
6156.118652 0.000000 1443.442139 0.000000 0.705940 0.000000 -0.708272 0.362620 0.362620 0.362620
6161.019043 0.000000 1440.726929 0.000000 0.909565 0.000000 -0.415561 0.357302 0.357302 0.357302
6178.804199 0.000000 1436.091553 0.000000 0.609431 0.000000 -0.792839 0.365358 0.365358 0.365358
6169.165527 0.000000 1436.307983 0.000000 0.859168 0.000000 -0.511693 0.359950 0.359950 0.359950
6176.286133 0.000000 1436.987549 0.000000 0.879612 0.000000 -0.475691 0.359205 0.359205 0.359205
6221.066406 0.000000 1465.325562 0.000000 0.899824 0.000000 -0.436254 0.355207 0.355207 0.355207
6208.110840 0.000000 1422.473877 0.000000 0.756984 0.000000 -0.653433 0.358774 0.358774 0.358774
6224.764160 0.000000 1428.061401 0.000000 0.720869 0.000000 -0.693071 0.360204 0.360204 0.360204
6264.270996 0.000000 1432.619141 0.000000 0.916019 0.000000 -0.401135 0.355464 0.355464 0.355464
6228.471191 0.000000 1433.934937 0.000000 0.852660 0.000000 -0.522467 0.357157 0.357157 0.357157
6215.561523 0.000000 1463.083252 0.000000 0.773219 0.000000 -0.634140 0.360203 0.360203 0.360203
6256.601562 0.000000 1416.951660 0.000000 0.898338 0.000000 -0.439306 0.356736 0.356736 0.356736
6219.945801 0.000000 1434.177856 0.000000 0.633126 0.000000 -0.774049 0.362685 0.362685 0.362685
6217.114258 0.000000 1442.223145 0.000000 0.791812 0.000000 -0.610765 0.358784 0.358784 0.358784
6222.324707 0.000000 1435.997314 0.000000 0.634307 0.000000 -0.773082 0.362432 0.362432 0.362432
6258.636719 0.000000 1422.563721 0.000000 0.906101 0.000000 -0.423062 0.356584 0.356584 0.356584
6221.989746 0.000000 1439.023804 0.000000 0.658722 0.000000 -0.752386 0.362837 0.362837 0.362837
6258.463867 0.000000 1428.037720 0.000000 0.593728 0.000000 -0.804666 0.363482 0.363482 0.363482
6263.633301 0.000000 1430.827271 0.000000 0.869565 0.000000 -0.493819 0.358597 0.358597 0.358597
6218.324219 0.000000 1443.602783 0.000000 0.893395 0.000000 -0.449273 0.356820 0.356820 0.356820
6219.861328 0.000000 1426.778931 0.000000 0.831498 0.000000 -0.555528 0.358389 0.358389 0.358389
6261.692383 0.000000 1423.844360 0.000000 0.944051 0.000000 -0.329800 0.355815 0.355815 0.355815
6221.681152 0.000000 1425.882080 0.000000 0.612374 0.000000 -0.790568 0.364738 0.364738 0.364738
6261.819336 0.000000 1420.735107 0.000000 0.767937 0.000000 -0.640525 0.361602 0.361602 0.361602
6262.518555 0.000000 1415.798462 0.000000 0.843057 0.000000 -0.537824 0.358460 0.358460 0.358460
6268.241699 0.000000 1422.851807 0.000000 0.637381 0.000000 -0.770549 0.363298 0.363298 0.363298
6208.976074 0.000000 1412.629639 0.000000 0.637172 0.000000 -0.770721 0.363264 0.363264 0.363264
6266.513184 0.000000 1425.805786 0.000000 0.905454 0.000000 -0.424444 0.357622 0.357622 0.357622
6262.458008 0.000000 1425.018799 0.000000 0.876965 0.000000 -0.480554 0.358322 0.358322 0.358322
6264.780762 0.000000 1426.057251 0.000000 0.651748 0.000000 -0.758435 0.364970 0.364970 0.364970
6264.202637 0.000000 1429.065918 0.000000 0.917205 0.000000 -0.398415 0.357412 0.357412 0.357412
6265.509277 0.000000 1419.744995 0.000000 0.612082 0.000000 -0.790794 0.368371 0.368371 0.368371
6325.757812 0.000000 1374.989746 0.000000 0.861791 0.000000 -0.507263 0.356276 0.356276 0.356276
6273.602051 0.000000 1385.998291 0.000000 0.706040 0.000000 -0.708172 0.359351 0.359351 0.359351
6323.006836 0.000000 1364.070068 0.000000 0.782045 0.000000 -0.623222 0.358437 0.358437 0.358437
6278.656738 0.000000 1404.442749 0.000000 0.675206 0.000000 -0.737630 0.360728 0.360728 0.360728
6315.550781 0.000000 1362.424805 0.000000 0.896385 0.000000 -0.443276 0.355979 0.355979 0.355979
6291.100098 0.000000 1408.371948 0.000000 0.635985 0.000000 -0.771701 0.361554 0.361554 0.361554
6286.452148 0.000000 1411.219727 0.000000 0.661574 0.000000 -0.749880 0.360891 0.360891 0.360891
6274.873047 0.000000 1381.915283 0.000000 0.907283 0.000000 -0.420520 0.355575 0.355575 0.355575
6292.471191 0.000000 1377.450562 0.000000 0.904765 0.000000 -0.425911 0.356132 0.356132 0.356132
6297.450195 0.000000 1403.321777 0.000000 0.822401 0.000000 -0.568908 0.358329 0.358329 0.358329
6319.221680 0.000000 1388.923584 0.000000 0.588057 0.000000 -0.808820 0.363460 0.363460 0.363460
6316.435059 0.000000 1391.600098 0.000000 0.825299 0.000000 -0.564696 0.358940 0.358940 0.358940
6289.646484 0.000000 1374.949829 0.000000 0.676754 0.000000 -0.736209 0.362111 0.362111 0.362111
6282.685059 0.000000 1357.588257 0.000000 0.915123 0.000000 -0.403175 0.356219 0.356219 0.356219
6319.049805 0.000000 1384.834961 0.000000 0.813809 0.000000 -0.581132 0.360945 0.360945 0.360945
6326.250977 0.000000 1383.388306 0.000000 0.813703 0.000000 -0.581280 0.360515 0.360515 0.360515
6345.095215 0.000000 1367.612427 0.000000 0.819954 0.000000 -0.572430 0.357136 0.357136 0.357136
6345.939941 0.000000 1370.913452 0.000000 0.673581 0.000000 -0.739113 0.360647 0.360647 0.360647
6307.373047 0.000000 1439.052734 0.000000 0.893037 0.000000 -0.449983 0.355689 0.355689 0.355689
6287.571289 0.000000 1418.721924 0.000000 0.937843 0.000000 -0.347059 0.355079 0.355079 0.355079
6304.410645 0.000000 1429.478882 0.000000 0.597611 0.000000 -0.801786 0.363453 0.363453 0.363453
6303.909668 0.000000 1427.076782 0.000000 0.743825 0.000000 -0.668374 0.360330 0.360330 0.360330
6301.381836 0.000000 1442.704590 0.000000 0.712276 0.000000 -0.701900 0.361184 0.361184 0.361184
6303.589355 0.000000 1442.154419 0.000000 0.765959 0.000000 -0.642890 0.360006 0.360006 0.360006
6301.201660 0.000000 1444.776001 0.000000 0.668129 0.000000 -0.744046 0.363088 0.363088 0.363088
4889.924805 0.000000 2086.677979 0.000000 0.894409 0.000000 -0.447249 0.355287 0.355287 0.355287
4895.949707 0.000000 2067.693604 0.000000 0.602633 0.000000 -0.798019 0.360940 0.360940 0.360940
4901.460449 0.000000 2064.772705 0.000000 0.949983 0.000000 -0.312301 0.354885 0.354885 0.354885
4541.768066 0.000000 2625.479492 0.000000 0.914146 0.000000 -0.405385 0.359209 0.359209 0.359209
4539.392090 0.000000 2625.349121 0.000000 0.794435 0.000000 -0.607349 0.364544 0.364544 0.364544
4561.983398 0.000000 2619.649414 0.000000 0.686307 0.000000 -0.727312 0.359749 0.359749 0.359749
4558.569336 0.000000 2632.050049 0.000000 0.682049 0.000000 -0.731306 0.360357 0.360357 0.360357
4560.003418 0.000000 2625.583984 0.000000 0.838069 0.000000 -0.545564 0.357589 0.357589 0.357589
4578.794434 0.000000 2636.540771 0.000000 0.920470 0.000000 -0.390814 0.355403 0.355403 0.355403
4568.281738 0.000000 2620.296387 0.000000 0.737516 0.000000 -0.675330 0.360916 0.360916 0.360916
4560.326660 0.000000 2620.948242 0.000000 0.724128 0.000000 -0.689666 0.361138 0.361138 0.361138
4581.000000 0.000000 2632.962891 0.000000 0.905064 0.000000 -0.425276 0.358291 0.358291 0.358291
4551.854492 0.000000 2609.029297 0.000000 0.773792 0.000000 -0.633440 0.360460 0.360460 0.360460
4597.498535 0.000000 2635.757568 0.000000 0.766090 0.000000 -0.642734 0.361772 0.361772 0.361772
4561.241211 0.000000 2615.912598 0.000000 0.746159 0.000000 -0.665767 0.362127 0.362127 0.362127
4567.132812 0.000000 2636.229980 0.000000 0.837710 0.000000 -0.546115 0.358582 0.358582 0.358582
4582.209961 0.000000 2631.781250 0.000000 0.765825 0.000000 -0.643049 0.364068 0.364068 0.364068
4591.049805 0.000000 2627.491211 0.000000 0.630740 0.000000 -0.775994 0.364204 0.364204 0.364204
4590.407715 0.000000 2625.451172 0.000000 0.943491 0.000000 -0.331397 0.355062 0.355062 0.355062
4547.459473 0.000000 2634.797607 0.000000 0.866396 0.000000 -0.499358 0.359115 0.359115 0.359115
4563.123535 0.000000 2620.970459 0.000000 0.598017 0.000000 -0.801483 0.366249 0.366249 0.366249
4556.710449 0.000000 2635.015137 0.000000 0.767443 0.000000 -0.641117 0.362102 0.362102 0.362102
4595.138184 0.000000 2630.293457 0.000000 0.773527 0.000000 -0.633763 0.363045 0.363045 0.363045
4569.273438 0.000000 2619.209717 0.000000 0.652531 0.000000 -0.757762 0.363900 0.363900 0.363900
4570.272949 0.000000 2626.364746 0.000000 0.944366 0.000000 -0.328897 0.355681 0.355681 0.355681
4544.011719 0.000000 2623.134277 0.000000 0.845672 0.000000 -0.533702 0.359174 0.359174 0.359174
4560.534668 0.000000 2612.109131 0.000000 0.893019 0.000000 -0.450018 0.359993 0.359993 0.359993
4603.155762 0.000000 2626.731445 0.000000 0.699727 0.000000 -0.714410 0.364185 0.364185 0.364185
4559.678223 0.000000 2634.698486 0.000000 0.728788 0.000000 -0.684739 0.364664 0.364664 0.364664
4602.078125 0.000000 2627.553955 0.000000 0.867521 0.000000 -0.497400 0.359280 0.359280 0.359280
4576.531738 0.000000 2621.468994 0.000000 0.853804 0.000000 -0.520594 0.360621 0.360621 0.360621
4557.509277 0.000000 2636.057617 0.000000 0.929582 0.000000 -0.368615 0.357241 0.357241 0.357241
4563.023926 0.000000 2612.535645 0.000000 0.833264 0.000000 -0.552875 0.363027 0.363027 0.363027
4580.226562 0.000000 2618.433105 0.000000 0.784783 0.000000 -0.619771 0.361682 0.361682 0.361682
4549.635742 0.000000 2608.659180 0.000000 0.935005 0.000000 -0.354634 0.356320 0.356320 0.356320
4573.867188 0.000000 2619.138916 0.000000 0.798640 0.000000 -0.601808 0.362019 0.362019 0.362019
4544.212402 0.000000 2621.921387 0.000000 0.834236 0.000000 -0.551407 0.361074 0.361074 0.361074
4591.941406 0.000000 2632.900635 0.000000 0.950197 0.000000 -0.311651 0.356383 0.356383 0.356383
4546.538086 0.000000 2622.099121 0.000000 0.927101 0.000000 -0.374811 0.358409 0.358409 0.358409
4608.010254 0.000000 2626.967529 0.000000 0.871032 0.000000 -0.491227 0.356910 0.356910 0.356910
4639.859863 0.000000 2646.114746 0.000000 0.668217 0.000000 -0.743966 0.368218 0.368218 0.368218
4617.185059 0.000000 2641.816406 0.000000 0.910301 0.000000 -0.413946 0.359509 0.359509 0.359509
4643.246582 0.000000 2644.699707 0.000000 0.789414 0.000000 -0.613861 0.364727 0.364727 0.364727
4629.261719 0.000000 2645.442139 0.000000 0.605880 0.000000 -0.795556 0.369975 0.369975 0.369975
4611.614258 0.000000 2640.860107 0.000000 0.868189 0.000000 -0.496234 0.361570 0.361570 0.361570
4839.927246 0.000000 2667.939697 0.000000 0.884154 0.000000 -0.467195 0.358092 0.358092 0.358092
4919.430664 0.000000 2668.642578 0.000000 0.873252 0.000000 -0.487268 0.356315 0.356315 0.356315
4875.269531 0.000000 2664.095703 0.000000 0.948548 0.000000 -0.316634 0.353927 0.353927 0.353927
4887.989746 0.000000 2667.795410 0.000000 0.793130 0.000000 -0.609053 0.364591 0.364591 0.364591
4908.596680 0.000000 2673.717041 0.000000 0.765687 0.000000 -0.643213 0.360745 0.360745 0.360745
4893.062500 0.000000 2672.441895 0.000000 0.691007 0.000000 -0.722848 0.362142 0.362142 0.362142
4916.512207 0.000000 2664.620117 0.000000 0.922795 0.000000 -0.385293 0.355962 0.355962 0.355962
4907.041992 0.000000 2663.636475 0.000000 0.950201 0.000000 -0.311636 0.354832 0.354832 0.354832
4905.984863 0.000000 2675.702148 0.000000 0.939139 0.000000 -0.343537 0.355056 0.355056 0.355056
4890.396484 0.000000 2664.803467 0.000000 0.690696 0.000000 -0.723145 0.365928 0.365928 0.365928
4905.043945 0.000000 2666.781250 0.000000 0.639018 0.000000 -0.769192 0.368135 0.368135 0.368135
4902.058105 0.000000 2671.068115 0.000000 0.826826 0.000000 -0.562457 0.362083 0.362083 0.362083
4901.573730 0.000000 2666.269775 0.000000 0.888686 0.000000 -0.458517 0.357804 0.357804 0.357804
4885.555664 0.000000 2670.531494 0.000000 0.864841 0.000000 -0.502046 0.359536 0.359536 0.359536
4905.112793 0.000000 2665.203369 0.000000 0.856278 0.000000 -0.516515 0.362094 0.362094 0.362094
4879.744141 0.000000 2665.726074 0.000000 0.813350 0.000000 -0.581774 0.360932 0.360932 0.360932
4884.786621 0.000000 2672.101562 0.000000 0.657196 0.000000 -0.753719 0.365068 0.365068 0.365068
4882.551758 0.000000 2666.658203 0.000000 0.643574 0.000000 -0.765384 0.369422 0.369422 0.369422
4883.069824 0.000000 2659.793945 0.000000 0.848680 0.000000 -0.528906 0.360494 0.360494 0.360494
4893.330566 0.000000 2670.872803 0.000000 0.651842 0.000000 -0.758355 0.364629 0.364629 0.364629
4880.744141 0.000000 2664.360352 0.000000 0.944455 0.000000 -0.328641 0.355442 0.355442 0.355442
4882.493652 0.000000 2661.064941 0.000000 0.804450 0.000000 -0.594021 0.362755 0.362755 0.362755
4885.588379 0.000000 2673.310303 0.000000 0.864486 0.000000 -0.502656 0.359296 0.359296 0.359296
4884.915039 0.000000 2662.487549 0.000000 0.626467 0.000000 -0.779448 0.369915 0.369915 0.369915
4892.656250 0.000000 2669.638184 0.000000 0.818723 0.000000 -0.574189 0.360742 0.360742 0.360742
4887.267578 0.000000 2668.967773 0.000000 0.746715 0.000000 -0.665145 0.366214 0.366214 0.366214
4886.991211 0.000000 2667.044434 0.000000 0.897301 0.000000 -0.441418 0.360187 0.360187 0.360187
4890.409180 0.000000 2667.622070 0.000000 0.921308 0.000000 -0.388833 0.357154 0.357154 0.357154
4889.454590 0.000000 2663.874268 0.000000 0.942219 0.000000 -0.334996 0.356626 0.356626 0.356626
4889.134766 0.000000 2667.506348 0.000000 0.834334 0.000000 -0.551260 0.362372 0.362372 0.362372
4936.607910 0.000000 2668.601074 0.000000 0.645584 0.000000 -0.763690 0.362719 0.362719 0.362719
4958.429688 0.000000 2679.940674 0.000000 0.597559 0.000000 -0.801825 0.370730 0.370730 0.370730
4988.396973 0.000000 2681.053711 0.000000 0.755233 0.000000 -0.655457 0.361523 0.361523 0.361523
5026.989746 0.000000 2686.979980 0.000000 0.654018 0.000000 -0.756479 0.362781 0.362781 0.362781
5004.303711 0.000000 2683.719971 0.000000 0.594900 0.000000 -0.803800 0.366520 0.366520 0.366520
5067.443359 0.000000 2684.752686 0.000000 0.910311 0.000000 -0.413924 0.355631 0.355631 0.355631
5106.737793 0.000000 2688.263184 0.000000 0.604027 0.000000 -0.796964 0.364143 0.364143 0.364143
5106.333496 0.000000 2693.702148 0.000000 0.732096 0.000000 -0.681201 0.366698 0.366698 0.366698
5086.604492 0.000000 2688.045898 0.000000 0.644249 0.000000 -0.764816 0.362820 0.362820 0.362820
5106.026855 0.000000 2690.849854 0.000000 0.646435 0.000000 -0.762969 0.364523 0.364523 0.364523
5076.652832 0.000000 2688.424805 0.000000 0.786467 0.000000 -0.617632 0.360849 0.360849 0.360849
5085.245605 0.000000 2690.600342 0.000000 0.683963 0.000000 -0.729516 0.365717 0.365717 0.365717
5106.554199 0.000000 2692.009766 0.000000 0.810180 0.000000 -0.586181 0.363956 0.363956 0.363956
5107.655762 0.000000 2693.958496 0.000000 0.927755 0.000000 -0.373190 0.358522 0.358522 0.358522
5071.281250 0.000000 2687.571777 0.000000 0.783395 0.000000 -0.621524 0.364944 0.364944 0.364944
5935.152344 0.000000 1909.455078 0.000000 0.694440 0.000000 -0.719551 0.359965 0.359965 0.359965
5916.683105 0.000000 1877.418335 0.000000 0.849495 0.000000 -0.527597 0.356872 0.356872 0.356872
5917.587891 0.000000 1883.652100 0.000000 0.757006 0.000000 -0.653408 0.358866 0.358866 0.358866
5937.258789 0.000000 1901.441406 0.000000 0.687553 0.000000 -0.726134 0.360971 0.360971 0.360971
5912.543945 0.000000 1874.161865 0.000000 0.793593 0.000000 -0.608449 0.360659 0.360659 0.360659
5943.627441 0.000000 1894.611816 0.000000 0.621841 0.000000 -0.783143 0.364623 0.364623 0.364623
5945.877930 0.000000 1894.565674 0.000000 0.599519 0.000000 -0.800361 0.367027 0.367027 0.367027
5142.173340 0.000000 2694.107178 0.000000 0.725300 0.000000 -0.688433 0.366919 0.366919 0.366919
5142.880859 0.000000 2695.328857 0.000000 0.767034 0.000000 -0.641607 0.365521 0.365521 0.365521
5872.863770 0.000000 2416.819824 0.000000 0.835475 0.000000 -0.549528 0.362379 0.362379 0.362379
5845.837891 0.000000 2417.291016 0.000000 0.929144 0.000000 -0.369717 0.357098 0.357098 0.357098
5851.274902 0.000000 2414.963623 0.000000 0.865012 0.000000 -0.501750 0.358313 0.358313 0.358313
6118.643555 0.000000 2424.045898 0.000000 0.885445 0.000000 -0.464744 0.355849 0.355849 0.355849
6120.666504 0.000000 2418.666260 0.000000 0.846246 0.000000 -0.532792 0.359721 0.359721 0.359721
6096.417480 0.000000 2418.214844 0.000000 0.935731 0.000000 -0.352714 0.355496 0.355496 0.355496
6113.146973 0.000000 2420.277100 0.000000 0.941455 0.000000 -0.337138 0.356490 0.356490 0.356490
6117.367676 0.000000 2425.216309 0.000000 0.884564 0.000000 -0.466420 0.360112 0.360112 0.360112
5836.962891 0.000000 2684.886230 0.000000 0.827480 0.000000 -0.561495 0.359664 0.359664 0.359664
4437.436035 0.000000 3044.969727 0.000000 0.717148 0.000000 -0.696921 0.359568 0.359568 0.359568
4418.240723 0.000000 3035.989258 0.000000 0.594817 0.000000 -0.803861 0.369092 0.369092 0.369092
4431.857910 0.000000 3048.962158 0.000000 0.702103 0.000000 -0.712075 0.363329 0.363329 0.363329
4410.962891 0.000000 3068.294922 0.000000 0.666918 0.000000 -0.745131 0.364692 0.364692 0.364692
4408.549805 0.000000 3072.132080 0.000000 0.894058 0.000000 -0.447951 0.357975 0.357975 0.357975
4411.166992 0.000000 3073.848877 0.000000 0.601067 0.000000 -0.799199 0.370511 0.370511 0.370511
4423.353027 0.000000 3062.857666 0.000000 0.630242 0.000000 -0.776399 0.363399 0.363399 0.363399
4420.218262 0.000000 3067.587402 0.000000 0.865861 0.000000 -0.500284 0.360346 0.360346 0.360346
4742.227051 0.000000 2868.793701 0.000000 0.644116 0.000000 -0.764927 0.361910 0.361910 0.361910
5560.234863 0.000000 2769.477295 0.000000 0.811964 0.000000 -0.583708 0.360076 0.360076 0.360076
5608.628906 0.000000 2773.874756 0.000000 0.682773 0.000000 -0.730630 0.360917 0.360917 0.360917
5611.041992 0.000000 2776.605225 0.000000 0.794950 0.000000 -0.606675 0.359712 0.359712 0.359712
5651.159180 0.000000 2787.953857 0.000000 0.947093 0.000000 -0.320959 0.356238 0.356238 0.356238
5709.813477 0.000000 2792.775391 0.000000 0.835887 0.000000 -0.548901 0.360992 0.360992 0.360992
6120.552734 0.000000 2820.585449 0.000000 0.660347 0.000000 -0.750960 0.361988 0.361988 0.361988
6119.001953 0.000000 2818.053711 0.000000 0.642408 0.000000 -0.766363 0.369456 0.369456 0.369456
6637.602051 0.000000 2242.815674 0.000000 0.835350 0.000000 -0.549719 0.357959 0.357959 0.357959
6641.258789 0.000000 2240.347656 0.000000 0.669297 0.000000 -0.742995 0.361490 0.361490 0.361490
6639.221680 0.000000 2236.189209 0.000000 0.875654 0.000000 -0.482939 0.356914 0.356914 0.356914
6849.798828 0.000000 2026.892212 0.000000 0.949731 0.000000 -0.313069 0.354354 0.354354 0.354354
6836.201660 0.000000 2040.385498 0.000000 0.813890 0.000000 -0.581019 0.359074 0.359074 0.359074
6841.789062 0.000000 2052.799316 0.000000 0.792072 0.000000 -0.610427 0.360815 0.360815 0.360815
6839.633301 0.000000 2052.155273 0.000000 0.687674 0.000000 -0.726020 0.366400 0.366400 0.366400
6844.529297 0.000000 2066.870850 0.000000 0.671992 0.000000 -0.740559 0.367706 0.367706 0.367706
6843.155762 0.000000 2061.887695 0.000000 0.777918 0.000000 -0.628366 0.361013 0.361013 0.361013
6838.872070 0.000000 2053.822754 0.000000 0.901581 0.000000 -0.432610 0.359030 0.359030 0.359030
6842.382812 0.000000 2068.314209 0.000000 0.785506 0.000000 -0.618854 0.360932 0.360932 0.360932
6842.884277 0.000000 2048.720947 0.000000 0.902766 0.000000 -0.430133 0.357207 0.357207 0.357207
6842.078125 0.000000 2062.710205 0.000000 0.663711 0.000000 -0.747989 0.365284 0.365284 0.365284
6843.589355 0.000000 2066.002441 0.000000 0.935112 0.000000 -0.354352 0.358071 0.358071 0.358071
6855.290527 0.000000 2068.109863 0.000000 0.918423 0.000000 -0.395601 0.355135 0.355135 0.355135
6852.015137 0.000000 2039.524536 0.000000 0.887642 0.000000 -0.460535 0.356168 0.356168 0.356168
6848.956543 0.000000 2074.557373 0.000000 0.752627 0.000000 -0.658447 0.359515 0.359515 0.359515
6852.650391 0.000000 2071.213623 0.000000 0.845886 0.000000 -0.533364 0.358627 0.358627 0.358627
6867.869141 0.000000 2084.757080 0.000000 0.874747 0.000000 -0.484580 0.358620 0.358620 0.358620
6853.528809 0.000000 2062.775635 0.000000 0.930533 0.000000 -0.366207 0.358321 0.358321 0.358321
6856.825684 0.000000 2067.946533 0.000000 0.785289 0.000000 -0.619129 0.362543 0.362543 0.362543
6857.361328 0.000000 2087.445801 0.000000 0.931119 0.000000 -0.364715 0.357535 0.357535 0.357535
6676.724609 0.000000 2232.591064 0.000000 0.643858 0.000000 -0.765145 0.361610 0.361610 0.361610
6701.602051 0.000000 2242.815674 0.000000 0.813951 0.000000 -0.580934 0.358504 0.358504 0.358504
6689.651855 0.000000 2239.088135 0.000000 0.901480 0.000000 -0.432821 0.356141 0.356141 0.356141
6689.958496 0.000000 2243.119629 0.000000 0.597319 0.000000 -0.802004 0.362767 0.362767 0.362767
6682.051758 0.000000 2235.184814 0.000000 0.940253 0.000000 -0.340476 0.354766 0.354766 0.354766
6668.281738 0.000000 2254.892578 0.000000 0.747422 0.000000 -0.664350 0.364317 0.364317 0.364317
6665.361328 0.000000 2256.898926 0.000000 0.875830 0.000000 -0.482620 0.358824 0.358824 0.358824
6670.955566 0.000000 2255.182861 0.000000 0.898825 0.000000 -0.438308 0.357929 0.357929 0.357929
6666.106445 0.000000 2251.437256 0.000000 0.922628 0.000000 -0.385691 0.358494 0.358494 0.358494
6660.023926 0.000000 2249.941895 0.000000 0.933951 0.000000 -0.357402 0.356962 0.356962 0.356962
6669.509277 0.000000 2240.666992 0.000000 0.600318 0.000000 -0.799762 0.367413 0.367413 0.367413
6664.482910 0.000000 2243.240723 0.000000 0.697322 0.000000 -0.716758 0.366235 0.366235 0.366235
6756.049805 0.000000 2239.180176 0.000000 0.807264 0.000000 -0.590191 0.357226 0.357226 0.357226
6781.935547 0.000000 2232.920654 0.000000 0.892146 0.000000 -0.451747 0.355509 0.355509 0.355509
6748.691406 0.000000 2250.982910 0.000000 0.758043 0.000000 -0.652204 0.359747 0.359747 0.359747
6733.917480 0.000000 2234.336914 0.000000 0.632142 0.000000 -0.774853 0.362161 0.362161 0.362161
6779.596680 0.000000 2219.416992 0.000000 0.629986 0.000000 -0.776607 0.362199 0.362199 0.362199
6780.605469 0.000000 2234.817139 0.000000 0.841115 0.000000 -0.540856 0.357839 0.357839 0.357839
6774.375000 0.000000 2234.440430 0.000000 0.678366 0.000000 -0.734724 0.361321 0.361321 0.361321
6731.567871 0.000000 2243.043945 0.000000 0.884988 0.000000 -0.465614 0.356644 0.356644 0.356644
6781.359375 0.000000 2223.964111 0.000000 0.932601 0.000000 -0.360909 0.355065 0.355065 0.355065
6735.977051 0.000000 2251.957764 0.000000 0.831833 0.000000 -0.555026 0.358560 0.358560 0.358560
6769.077637 0.000000 2235.278564 0.000000 0.836568 0.000000 -0.547863 0.358055 0.358055 0.358055
6770.491699 0.000000 2226.531006 0.000000 0.940257 0.000000 -0.340466 0.355662 0.355662 0.355662
6780.194824 0.000000 2238.479736 0.000000 0.923526 0.000000 -0.383536 0.355469 0.355469 0.355469
6769.818848 0.000000 2229.638428 0.000000 0.665742 0.000000 -0.746182 0.361666 0.361666 0.361666
6742.347168 0.000000 2225.534180 0.000000 0.672711 0.000000 -0.739905 0.361427 0.361427 0.361427
6765.660156 0.000000 2234.840820 0.000000 0.878062 0.000000 -0.478546 0.357325 0.357325 0.357325
6761.461914 0.000000 2258.490234 0.000000 0.801459 0.000000 -0.598049 0.361763 0.361763 0.361763
6738.928223 0.000000 2243.795410 0.000000 0.862221 0.000000 -0.506532 0.357565 0.357565 0.357565
6762.718262 0.000000 2249.389648 0.000000 0.645545 0.000000 -0.763722 0.364162 0.364162 0.364162
6763.631348 0.000000 2246.440430 0.000000 0.911501 0.000000 -0.411299 0.356908 0.356908 0.356908
6760.804199 0.000000 2237.014893 0.000000 0.934055 0.000000 -0.357130 0.355680 0.355680 0.355680
6741.837891 0.000000 2247.837891 0.000000 0.763920 0.000000 -0.645311 0.361431 0.361431 0.361431
6758.249512 0.000000 2256.582764 0.000000 0.630928 0.000000 -0.775841 0.364472 0.364472 0.364472
6774.224609 0.000000 2218.069336 0.000000 0.747351 0.000000 -0.664430 0.361843 0.361843 0.361843
6737.260742 0.000000 2245.454834 0.000000 0.895552 0.000000 -0.444957 0.357515 0.357515 0.357515
6764.260742 0.000000 2243.823975 0.000000 0.804297 0.000000 -0.594228 0.360369 0.360369 0.360369
6768.528809 0.000000 2223.771729 0.000000 0.703599 0.000000 -0.710598 0.361878 0.361878 0.361878
6783.198730 0.000000 2237.910645 0.000000 0.844995 0.000000 -0.534774 0.358529 0.358529 0.358529
6768.299805 0.000000 2239.037109 0.000000 0.667767 0.000000 -0.744371 0.362949 0.362949 0.362949
6777.095215 0.000000 2226.670166 0.000000 0.877799 0.000000 -0.479030 0.359385 0.359385 0.359385
6777.763184 0.000000 2223.906250 0.000000 0.678336 0.000000 -0.734751 0.363449 0.363449 0.363449
6742.839355 0.000000 2253.455566 0.000000 0.924820 0.000000 -0.380405 0.356359 0.356359 0.356359
6762.734375 0.000000 2250.904785 0.000000 0.767382 0.000000 -0.641191 0.361343 0.361343 0.361343
6757.751953 0.000000 2253.424072 0.000000 0.794624 0.000000 -0.607101 0.360432 0.360432 0.360432
6763.314453 0.000000 2248.075928 0.000000 0.865654 0.000000 -0.500642 0.358545 0.358545 0.358545
6757.564453 0.000000 2247.544189 0.000000 0.716855 0.000000 -0.697222 0.362505 0.362505 0.362505
6762.991699 0.000000 2258.269531 0.000000 0.727890 0.000000 -0.685694 0.363864 0.363864 0.363864
6765.468262 0.000000 2256.400391 0.000000 0.914979 0.000000 -0.403501 0.356768 0.356768 0.356768
6758.916016 0.000000 2258.838379 0.000000 0.828892 0.000000 -0.559409 0.359623 0.359623 0.359623
6763.522461 0.000000 2244.994385 0.000000 0.701457 0.000000 -0.712711 0.362929 0.362929 0.362929
6786.331055 0.000000 2242.836426 0.000000 0.863935 0.000000 -0.503603 0.358139 0.358139 0.358139
6784.129395 0.000000 2234.935303 0.000000 0.763920 0.000000 -0.645311 0.360481 0.360481 0.360481
6791.860840 0.000000 2236.230713 0.000000 0.883033 0.000000 -0.469312 0.357961 0.357961 0.357961
6790.769043 0.000000 2238.897949 0.000000 0.633020 0.000000 -0.774135 0.364428 0.364428 0.364428
6784.022461 0.000000 2238.597412 0.000000 0.654773 0.000000 -0.755826 0.363964 0.363964 0.363964
6785.603027 0.000000 2236.843994 0.000000 0.735023 0.000000 -0.678042 0.362142 0.362142 0.362142
6167.245605 0.000000 2428.004150 0.000000 0.914955 0.000000 -0.403555 0.356497 0.356497 0.356497
6173.530273 0.000000 2426.517090 0.000000 0.808194 0.000000 -0.588916 0.359959 0.359959 0.359959
6171.848633 0.000000 2426.002930 0.000000 0.796627 0.000000 -0.604471 0.364123 0.364123 0.364123
6173.699219 0.000000 2427.947266 0.000000 0.710008 0.000000 -0.704193 0.362357 0.362357 0.362357
6169.114746 0.000000 2426.670166 0.000000 0.914523 0.000000 -0.404534 0.357569 0.357569 0.357569
6254.419434 0.000000 2428.057617 0.000000 0.879466 0.000000 -0.475962 0.358539 0.358539 0.358539
6237.699219 0.000000 2427.947266 0.000000 0.876182 0.000000 -0.481981 0.357932 0.357932 0.357932
6236.442383 0.000000 2428.845459 0.000000 0.633487 0.000000 -0.773753 0.361944 0.361944 0.361944
6229.078125 0.000000 2430.955811 0.000000 0.678487 0.000000 -0.734612 0.361752 0.361752 0.361752
6227.355469 0.000000 2428.861816 0.000000 0.712931 0.000000 -0.701234 0.362868 0.362868 0.362868
6621.075684 0.000000 2311.775146 0.000000 0.675476 0.000000 -0.737382 0.360433 0.360433 0.360433
6635.597168 0.000000 2261.399414 0.000000 0.792927 0.000000 -0.609317 0.358988 0.358988 0.358988
6652.605469 0.000000 2291.301514 0.000000 0.793842 0.000000 -0.608123 0.359025 0.359025 0.359025
6636.435059 0.000000 2295.350098 0.000000 0.848854 0.000000 -0.528628 0.357738 0.357738 0.357738
6640.587402 0.000000 2310.301025 0.000000 0.813743 0.000000 -0.581225 0.358536 0.358536 0.358536
6654.998535 0.000000 2283.356689 0.000000 0.836237 0.000000 -0.548368 0.358393 0.358393 0.358393
6638.915039 0.000000 2268.460693 0.000000 0.715547 0.000000 -0.698565 0.360610 0.360610 0.360610
6644.752441 0.000000 2305.772217 0.000000 0.612941 0.000000 -0.790129 0.362498 0.362498 0.362498
6645.193359 0.000000 2298.709961 0.000000 0.895525 0.000000 -0.445011 0.356327 0.356327 0.356327
6640.094238 0.000000 2276.484375 0.000000 0.936371 0.000000 -0.351011 0.355625 0.355625 0.355625
6644.201660 0.000000 2266.322998 0.000000 0.594570 0.000000 -0.804044 0.362855 0.362855 0.362855
6647.775879 0.000000 2287.099854 0.000000 0.829845 0.000000 -0.557993 0.361018 0.361018 0.361018
6647.633301 0.000000 2278.092773 0.000000 0.789079 0.000000 -0.614292 0.360838 0.360838 0.360838
6626.607422 0.000000 2311.769043 0.000000 0.936183 0.000000 -0.351513 0.355853 0.355853 0.355853
6650.541992 0.000000 2308.546143 0.000000 0.650239 0.000000 -0.759730 0.363685 0.363685 0.363685
6646.093750 0.000000 2283.642334 0.000000 0.710317 0.000000 -0.703882 0.363339 0.363339 0.363339
6649.096680 0.000000 2293.439941 0.000000 0.855056 0.000000 -0.518536 0.358884 0.358884 0.358884
6653.407227 0.000000 2296.758545 0.000000 0.856055 0.000000 -0.516884 0.358852 0.358852 0.358852
6655.537598 0.000000 2289.641357 0.000000 0.797949 0.000000 -0.602725 0.360542 0.360542 0.360542
6645.526855 0.000000 2293.310547 0.000000 0.698021 0.000000 -0.716078 0.362937 0.362937 0.362937
6652.396973 0.000000 2285.663086 0.000000 0.782868 0.000000 -0.622188 0.360943 0.360943 0.360943
6647.627441 0.000000 2290.002441 0.000000 0.922988 0.000000 -0.384829 0.357145 0.357145 0.357145
6653.900391 0.000000 2312.442871 0.000000 0.736847 0.000000 -0.676060 0.365342 0.365342 0.365342
6652.957031 0.000000 2284.140869 0.000000 0.625944 0.000000 -0.779868 0.364576 0.364576 0.364576
6653.369629 0.000000 2306.670654 0.000000 0.934338 0.000000 -0.356387 0.356304 0.356304 0.356304
6642.992676 0.000000 2288.781006 0.000000 0.922112 0.000000 -0.386923 0.357412 0.357412 0.357412
6624.238770 0.000000 2312.913330 0.000000 0.747935 0.000000 -0.663772 0.361829 0.361829 0.361829
6644.736328 0.000000 2284.226074 0.000000 0.926910 0.000000 -0.375283 0.356975 0.356975 0.356975
6638.419434 0.000000 2315.088867 0.000000 0.726860 0.000000 -0.686785 0.362304 0.362304 0.362304
6649.877930 0.000000 2289.956299 0.000000 0.854819 0.000000 -0.518926 0.358891 0.358891 0.358891
6652.552246 0.000000 2288.794189 0.000000 0.763340 0.000000 -0.645996 0.361445 0.361445 0.361445
6654.566406 0.000000 2315.003662 0.000000 0.905436 0.000000 -0.424483 0.359404 0.359404 0.359404
6646.872070 0.000000 2279.760254 0.000000 0.818175 0.000000 -0.574970 0.360036 0.360036 0.360036
6634.991699 0.000000 2314.753906 0.000000 0.686331 0.000000 -0.727289 0.363271 0.363271 0.363271
6655.399414 0.000000 2307.867432 0.000000 0.934541 0.000000 -0.355855 0.357709 0.357709 0.357709
6647.635742 0.000000 2291.658447 0.000000 0.690220 0.000000 -0.723600 0.364633 0.364633 0.364633
6648.776367 0.000000 2286.218262 0.000000 0.931567 0.000000 -0.363569 0.356373 0.356373 0.356373
6650.127441 0.000000 2283.967529 0.000000 0.703043 0.000000 -0.711148 0.363687 0.363687 0.363687
6648.164062 0.000000 2272.298096 0.000000 0.624213 0.000000 -0.781255 0.366806 0.366806 0.366806
6614.343750 0.000000 2333.251709 0.000000 0.921036 0.000000 -0.389477 0.355034 0.355034 0.355034
6613.175293 0.000000 2351.077393 0.000000 0.663259 0.000000 -0.748390 0.361527 0.361527 0.361527
6608.687988 0.000000 2351.044434 0.000000 0.686123 0.000000 -0.727486 0.361176 0.361176 0.361176
6647.474609 0.000000 2320.929932 0.000000 0.646765 0.000000 -0.762689 0.361900 0.361900 0.361900
6623.885254 0.000000 2335.049561 0.000000 0.893082 0.000000 -0.449894 0.356381 0.356381 0.356381
6626.304199 0.000000 2331.959229 0.000000 0.872288 0.000000 -0.488993 0.357545 0.357545 0.357545
6644.127930 0.000000 2333.741943 0.000000 0.767485 0.000000 -0.641067 0.360155 0.360155 0.360155
6606.486328 0.000000 2354.541260 0.000000 0.633806 0.000000 -0.773492 0.362132 0.362132 0.362132
6611.258789 0.000000 2354.752930 0.000000 0.691712 0.000000 -0.722173 0.361070 0.361070 0.361070
6621.291992 0.000000 2327.150391 0.000000 0.593620 0.000000 -0.804745 0.363361 0.363361 0.363361
6653.359375 0.000000 2336.932861 0.000000 0.605658 0.000000 -0.795725 0.362624 0.362624 0.362624
6618.413574 0.000000 2324.130859 0.000000 0.624912 0.000000 -0.780695 0.362289 0.362289 0.362289
6620.897949 0.000000 2337.498291 0.000000 0.874505 0.000000 -0.485017 0.356925 0.356925 0.356925
6642.636719 0.000000 2326.313721 0.000000 0.770419 0.000000 -0.637538 0.361266 0.361266 0.361266
6636.434570 0.000000 2327.638184 0.000000 0.828506 0.000000 -0.559980 0.361218 0.361218 0.361218
6646.278809 0.000000 2315.891357 0.000000 0.865975 0.000000 -0.500087 0.357184 0.357184 0.357184
6651.325195 0.000000 2327.974609 0.000000 0.620003 0.000000 -0.784600 0.362769 0.362769 0.362769
6645.692383 0.000000 2327.594482 0.000000 0.802804 0.000000 -0.596244 0.360410 0.360410 0.360410
6630.039062 0.000000 2333.961182 0.000000 0.852855 0.000000 -0.522148 0.358785 0.358785 0.358785
6629.573730 0.000000 2327.363525 0.000000 0.614056 0.000000 -0.789262 0.364823 0.364823 0.364823
6631.815430 0.000000 2325.413086 0.000000 0.818591 0.000000 -0.574378 0.360345 0.360345 0.360345
6637.746094 0.000000 2335.995361 0.000000 0.933691 0.000000 -0.358079 0.355968 0.355968 0.355968
6633.913086 0.000000 2333.254150 0.000000 0.931638 0.000000 -0.363388 0.356061 0.356061 0.356061
6634.500977 0.000000 2330.645020 0.000000 0.749068 0.000000 -0.662493 0.361801 0.361801 0.361801
6618.442871 0.000000 2331.344482 0.000000 0.773039 0.000000 -0.634359 0.361198 0.361198 0.361198
6626.394043 0.000000 2328.552490 0.000000 0.914730 0.000000 -0.404065 0.356688 0.356688 0.356688
6640.912598 0.000000 2331.672363 0.000000 0.664598 0.000000 -0.747201 0.363678 0.363678 0.363678
6654.061523 0.000000 2324.047607 0.000000 0.777838 0.000000 -0.628465 0.364519 0.364519 0.364519
6655.877441 0.000000 2318.979248 0.000000 0.869502 0.000000 -0.493930 0.361082 0.361082 0.361082
6377.896973 0.000000 2485.340820 0.000000 0.776059 0.000000 -0.630660 0.358109 0.358109 0.358109
6395.459473 0.000000 2494.672607 0.000000 0.734571 0.000000 -0.678532 0.360557 0.360557 0.360557
6396.241699 0.000000 2496.054932 0.000000 0.864938 0.000000 -0.501879 0.357810 0.357810 0.357810
6378.243164 0.000000 2491.197510 0.000000 0.928222 0.000000 -0.372027 0.355679 0.355679 0.355679
6380.179688 0.000000 2488.735596 0.000000 0.923042 0.000000 -0.384700 0.356780 0.356780 0.356780
6399.011719 0.000000 2494.674805 0.000000 0.856556 0.000000 -0.516055 0.358742 0.358742 0.358742
6410.112305 0.000000 2503.466309 0.000000 0.796466 0.000000 -0.604683 0.358454 0.358454 0.358454
6414.208008 0.000000 2496.561035 0.000000 0.728135 0.000000 -0.685434 0.362934 0.362934 0.362934
6409.760254 0.000000 2494.014160 0.000000 0.832047 0.000000 -0.554705 0.361329 0.361329 0.361329
6404.280762 0.000000 2494.461670 0.000000 0.935375 0.000000 -0.353658 0.356728 0.356728 0.356728
6513.158691 0.000000 2519.940918 0.000000 0.825317 0.000000 -0.564670 0.357445 0.357445 0.357445
6508.874023 0.000000 2530.301758 0.000000 0.848038 0.000000 -0.529936 0.357394 0.357394 0.357394
6516.105469 0.000000 2527.703369 0.000000 0.588939 0.000000 -0.808177 0.363321 0.363321 0.363321
6511.125977 0.000000 2524.229736 0.000000 0.733548 0.000000 -0.679637 0.360578 0.360578 0.360578
6517.498535 0.000000 2522.788818 0.000000 0.861062 0.000000 -0.508499 0.358507 0.358507 0.358507
6521.621582 0.000000 2518.203369 0.000000 0.823225 0.000000 -0.567715 0.360366 0.360366 0.360366
6511.221680 0.000000 2575.095459 0.000000 0.820338 0.000000 -0.571878 0.358139 0.358139 0.358139
6509.863281 0.000000 2588.614014 0.000000 0.651680 0.000000 -0.758494 0.362188 0.362188 0.362188
6511.226074 0.000000 2582.740967 0.000000 0.813401 0.000000 -0.581703 0.358788 0.358788 0.358788
6700.084473 0.000000 2290.118896 0.000000 0.828290 0.000000 -0.560299 0.357561 0.357561 0.357561
6663.290527 0.000000 2294.047363 0.000000 0.901508 0.000000 -0.432763 0.355749 0.355749 0.355749
6694.386719 0.000000 2281.723145 0.000000 0.720601 0.000000 -0.693350 0.360477 0.360477 0.360477
6711.542480 0.000000 2282.504883 0.000000 0.683020 0.000000 -0.730400 0.361234 0.361234 0.361234
6661.178223 0.000000 2284.745117 0.000000 0.590811 0.000000 -0.806810 0.362878 0.362878 0.362878
6663.173340 0.000000 2288.581787 0.000000 0.679888 0.000000 -0.733316 0.361293 0.361293 0.361293
6682.516602 0.000000 2298.153809 0.000000 0.925845 0.000000 -0.377903 0.355316 0.355316 0.355316
6658.873047 0.000000 2285.665283 0.000000 0.861539 0.000000 -0.507691 0.357305 0.357305 0.357305
6690.441895 0.000000 2293.338379 0.000000 0.910527 0.000000 -0.413449 0.355847 0.355847 0.355847
6694.985352 0.000000 2291.239502 0.000000 0.800119 0.000000 -0.599841 0.358488 0.358488 0.358488
6660.637695 0.000000 2277.947754 0.000000 0.860041 0.000000 -0.510224 0.357018 0.357018 0.357018
6665.640137 0.000000 2292.602051 0.000000 0.825005 0.000000 -0.565125 0.358239 0.358239 0.358239
6656.010254 0.000000 2288.061279 0.000000 0.746530 0.000000 -0.665352 0.360527 0.360527 0.360527
6664.162109 0.000000 2279.095703 0.000000 0.907776 0.000000 -0.419455 0.355938 0.355938 0.355938
6712.956055 0.000000 2284.790771 0.000000 0.643468 0.000000 -0.765473 0.361959 0.361959 0.361959
6680.281738 0.000000 2281.390137 0.000000 0.716799 0.000000 -0.697279 0.360585 0.360585 0.360585
6665.306152 0.000000 2285.049561 0.000000 0.834588 0.000000 -0.550875 0.358004 0.358004 0.358004
6707.339844 0.000000 2294.664307 0.000000 0.911767 0.000000 -0.410707 0.355603 0.355603 0.355603
6670.486328 0.000000 2298.056885 0.000000 0.772489 0.000000 -0.635028 0.360190 0.360190 0.360190
6675.258789 0.000000 2298.268555 0.000000 0.949347 0.000000 -0.314230 0.354385 0.354385 0.354385
6685.291992 0.000000 2270.666016 0.000000 0.669983 0.000000 -0.742376 0.361477 0.361477 0.361477
6717.359375 0.000000 2280.448486 0.000000 0.667301 0.000000 -0.744788 0.361527 0.361527 0.361527
6672.326660 0.000000 2282.041992 0.000000 0.938049 0.000000 -0.346504 0.354854 0.354854 0.354854
6658.422852 0.000000 2287.774658 0.000000 0.886447 0.000000 -0.462830 0.356601 0.356601 0.356601
6680.739258 0.000000 2287.944092 0.000000 0.786913 0.000000 -0.617064 0.359123 0.359123 0.359123
6702.877930 0.000000 2312.798584 0.000000 0.665014 0.000000 -0.746831 0.366690 0.366690 0.366690
6661.887695 0.000000 2290.203613 0.000000 0.787298 0.000000 -0.616573 0.359114 0.359114 0.359114
6664.816895 0.000000 2307.383301 0.000000 0.588626 0.000000 -0.808406 0.370195 0.370195 0.370195
6706.491699 0.000000 2283.015381 0.000000 0.740846 0.000000 -0.671675 0.360103 0.360103 0.360103
6667.631836 0.000000 2275.891357 0.000000 0.830603 0.000000 -0.556865 0.358102 0.358102 0.358102
6671.288574 0.000000 2273.913086 0.000000 0.867423 0.000000 -0.497572 0.357145 0.357145 0.357145
6675.139160 0.000000 2307.038818 0.000000 0.678681 0.000000 -0.734434 0.361748 0.361748 0.361748
6678.347168 0.000000 2282.018555 0.000000 0.852916 0.000000 -0.522049 0.357535 0.357535 0.357535
6685.062500 0.000000 2277.051270 0.000000 0.909912 0.000000 -0.414801 0.356970 0.356970 0.356970
6705.878906 0.000000 2271.718994 0.000000 0.827854 0.000000 -0.560944 0.359549 0.359549 0.359549
6705.047363 0.000000 2268.199463 0.000000 0.628505 0.000000 -0.777805 0.364523 0.364523 0.364523
6690.456055 0.000000 2304.327881 0.000000 0.876101 0.000000 -0.482127 0.358198 0.358198 0.358198
6706.463867 0.000000 2275.303467 0.000000 0.890279 0.000000 -0.455416 0.356838 0.356838 0.356838
6708.105469 0.000000 2301.765869 0.000000 0.924767 0.000000 -0.380533 0.355765 0.355765 0.355765
6704.863770 0.000000 2303.851074 0.000000 0.926541 0.000000 -0.376194 0.357263 0.357263 0.357263
6711.476074 0.000000 2271.270264 0.000000 0.671007 0.000000 -0.741451 0.365764 0.365764 0.365764
6708.201660 0.000000 2266.322998 0.000000 0.897430 0.000000 -0.441156 0.357446 0.357446 0.357446
6690.607422 0.000000 2311.769043 0.000000 0.852411 0.000000 -0.522873 0.358125 0.358125 0.358125
6701.863281 0.000000 2306.192139 0.000000 0.807918 0.000000 -0.589295 0.361894 0.361894 0.361894
6693.000000 0.000000 2294.056641 0.000000 0.937706 0.000000 -0.347429 0.355286 0.355286 0.355286
6714.464844 0.000000 2295.662354 0.000000 0.945759 0.000000 -0.324868 0.354640 0.354640 0.354640
6665.975098 0.000000 2296.886963 0.000000 0.793357 0.000000 -0.608757 0.360523 0.360523 0.360523
6698.572266 0.000000 2308.953857 0.000000 0.754127 0.000000 -0.656729 0.363429 0.363429 0.363429
6694.249512 0.000000 2313.067139 0.000000 0.815993 0.000000 -0.578061 0.360287 0.360287 0.360287
6683.568359 0.000000 2292.782471 0.000000 0.894649 0.000000 -0.446770 0.356779 0.356779 0.356779
6686.555664 0.000000 2281.712402 0.000000 0.745562 0.000000 -0.666436 0.361632 0.361632 0.361632
6707.333496 0.000000 2303.782715 0.000000 0.943510 0.000000 -0.331345 0.356035 0.356035 0.356035
6700.260742 0.000000 2300.308350 0.000000 0.905554 0.000000 -0.424231 0.358384 0.358384 0.358384
6690.384277 0.000000 2307.644775 0.000000 0.878414 0.000000 -0.477901 0.358120 0.358120 0.358120
6709.819336 0.000000 2268.000732 0.000000 0.692266 0.000000 -0.721642 0.363384 0.363384 0.363384
6705.522949 0.000000 2314.046875 0.000000 0.942862 0.000000 -0.333184 0.356441 0.356441 0.356441
6714.732422 0.000000 2313.047852 0.000000 0.744878 0.000000 -0.667201 0.364808 0.364808 0.364808
6716.241699 0.000000 2270.117432 0.000000 0.857706 0.000000 -0.514141 0.360192 0.360192 0.360192
6660.645020 0.000000 2303.988770 0.000000 0.692116 0.000000 -0.721787 0.365678 0.365678 0.365678
6670.515625 0.000000 2309.321777 0.000000 0.931373 0.000000 -0.364067 0.357994 0.357994 0.357994
6664.076660 0.000000 2308.814453 0.000000 0.942563 0.000000 -0.334029 0.357306 0.357306 0.357306
6717.091309 0.000000 2311.086670 0.000000 0.696313 0.000000 -0.717738 0.365109 0.365109 0.365109
6713.855957 0.000000 2268.197021 0.000000 0.602133 0.000000 -0.798396 0.367451 0.367451 0.367451
6697.198730 0.000000 2295.383057 0.000000 0.877033 0.000000 -0.480430 0.359459 0.359459 0.359459
6656.313965 0.000000 2309.116943 0.000000 0.949764 0.000000 -0.312967 0.356828 0.356828 0.356828
6711.597168 0.000000 2266.291260 0.000000 0.607703 0.000000 -0.794164 0.365235 0.365235 0.365235
6698.936523 0.000000 2311.875244 0.000000 0.875539 0.000000 -0.483147 0.358680 0.358680 0.358680
6701.061035 0.000000 2308.317871 0.000000 0.930675 0.000000 -0.365847 0.357069 0.357069 0.357069
6670.479004 0.000000 2303.855713 0.000000 0.671052 0.000000 -0.741410 0.363865 0.363865 0.363865
6698.734375 0.000000 2307.389160 0.000000 0.945899 0.000000 -0.324461 0.356237 0.356237 0.356237
6695.991211 0.000000 2292.266602 0.000000 0.917522 0.000000 -0.397685 0.356504 0.356504 0.356504
6693.751953 0.000000 2309.908447 0.000000 0.882673 0.000000 -0.469987 0.357973 0.357973 0.357973
6663.945312 0.000000 2311.781006 0.000000 0.839240 0.000000 -0.543761 0.362333 0.362333 0.362333
6696.984863 0.000000 2313.598389 0.000000 0.871377 0.000000 -0.490614 0.359656 0.359656 0.359656
6713.594238 0.000000 2305.192871 0.000000 0.626314 0.000000 -0.779571 0.366873 0.366873 0.366873
6669.528320 0.000000 2313.893311 0.000000 0.697797 0.000000 -0.716296 0.367129 0.367129 0.367129
6694.914062 0.000000 2302.157227 0.000000 0.937808 0.000000 -0.347154 0.356691 0.356691 0.356691
6699.855957 0.000000 2298.949219 0.000000 0.598718 0.000000 -0.800960 0.369926 0.369926 0.369926
6701.534668 0.000000 2294.396484 0.000000 0.857165 0.000000 -0.515042 0.359975 0.359975 0.359975
6701.661621 0.000000 2309.630371 0.000000 0.856473 0.000000 -0.516192 0.360237 0.360237 0.360237
6717.311523 0.000000 2313.666016 0.000000 0.686154 0.000000 -0.727456 0.366585 0.366585 0.366585
6698.089355 0.000000 2292.988281 0.000000 0.814530 0.000000 -0.580122 0.361248 0.361248 0.361248
6699.793457 0.000000 2294.031250 0.000000 0.826637 0.000000 -0.562736 0.361281 0.361281 0.361281
6674.458984 0.000000 2310.812256 0.000000 0.818124 0.000000 -0.575042 0.360680 0.360680 0.360680
6703.430664 0.000000 2303.510010 0.000000 0.715716 0.000000 -0.698391 0.363680 0.363680 0.363680
6663.451660 0.000000 2307.092773 0.000000 0.748477 0.000000 -0.663161 0.365553 0.365553 0.365553
6657.433105 0.000000 2306.630859 0.000000 0.747789 0.000000 -0.663936 0.365575 0.365575 0.365575
6662.432129 0.000000 2305.267578 0.000000 0.881235 0.000000 -0.472678 0.360518 0.360518 0.360518
6667.079590 0.000000 2315.174072 0.000000 0.835124 0.000000 -0.550061 0.362494 0.362494 0.362494
6658.168457 0.000000 2259.394531 0.000000 0.754959 0.000000 -0.655772 0.365342 0.365342 0.365342
6713.509277 0.000000 2267.010498 0.000000 0.864426 0.000000 -0.502760 0.359413 0.359413 0.359413
6660.526367 0.000000 2260.445801 0.000000 0.792196 0.000000 -0.610267 0.363536 0.363536 0.363536
6701.685059 0.000000 2295.594727 0.000000 0.858575 0.000000 -0.512689 0.359925 0.359925 0.359925
6768.446289 0.000000 2270.205811 0.000000 0.614090 0.000000 -0.789236 0.361325 0.361325 0.361325
6739.958008 0.000000 2266.087646 0.000000 0.886947 0.000000 -0.461872 0.356586 0.356586 0.356586
6767.681152 0.000000 2262.276855 0.000000 0.903590 0.000000 -0.428399 0.356073 0.356073 0.356073
6740.471191 0.000000 2281.200684 0.000000 0.948515 0.000000 -0.316732 0.354421 0.354421 0.354421
6727.852051 0.000000 2296.552490 0.000000 0.889361 0.000000 -0.457206 0.356722 0.356722 0.356722
6745.025879 0.000000 2259.622803 0.000000 0.949484 0.000000 -0.313816 0.354379 0.354379 0.354379
6721.439453 0.000000 2283.754395 0.000000 0.839367 0.000000 -0.543566 0.357884 0.357884 0.357884
6755.097656 0.000000 2301.475098 0.000000 0.846518 0.000000 -0.532359 0.357701 0.357701 0.357701
6768.601562 0.000000 2264.217285 0.000000 0.899843 0.000000 -0.436213 0.356192 0.356192 0.356192
6725.188477 0.000000 2302.114990 0.000000 0.785611 0.000000 -0.618721 0.360085 0.360085 0.360085
6746.413574 0.000000 2267.646484 0.000000 0.723625 0.000000 -0.690194 0.360450 0.360450 0.360450
6742.645996 0.000000 2290.040771 0.000000 0.856319 0.000000 -0.516448 0.358346 0.358346 0.358346
6757.382812 0.000000 2286.957031 0.000000 0.873834 0.000000 -0.486225 0.358275 0.358275 0.358275
6725.887695 0.000000 2290.203613 0.000000 0.603170 0.000000 -0.797613 0.364885 0.364885 0.364885
6748.897949 0.000000 2281.013916 0.000000 0.930346 0.000000 -0.366684 0.355675 0.355675 0.355675
6728.816895 0.000000 2307.383301 0.000000 0.735458 0.000000 -0.677570 0.362132 0.362132 0.362132
6731.631836 0.000000 2275.891357 0.000000 0.838107 0.000000 -0.545506 0.360890 0.360890 0.360890
6737.646484 0.000000 2278.699707 0.000000 0.786210 0.000000 -0.617959 0.359139 0.359139 0.359139
6764.596680 0.000000 2278.326416 0.000000 0.753465 0.000000 -0.657488 0.361692 0.361692 0.361692
6745.195312 0.000000 2304.950684 0.000000 0.842746 0.000000 -0.538312 0.359238 0.359238 0.359238
6725.476562 0.000000 2310.653320 0.000000 0.605731 0.000000 -0.795670 0.366040 0.366040 0.366040
6769.818848 0.000000 2286.122803 0.000000 0.877381 0.000000 -0.479795 0.356865 0.356865 0.356865
6722.093750 0.000000 2270.441406 0.000000 0.769795 0.000000 -0.638291 0.363066 0.363066 0.363066
6726.215332 0.000000 2275.528320 0.000000 0.907626 0.000000 -0.419779 0.358933 0.358933 0.358933
6750.427246 0.000000 2297.662109 0.000000 0.946158 0.000000 -0.323704 0.356222 0.356222 0.356222
6738.928223 0.000000 2300.279785 0.000000 0.812221 0.000000 -0.583350 0.360150 0.360150 0.360150
6765.502441 0.000000 2281.735840 0.000000 0.681606 0.000000 -0.731720 0.361978 0.361978 0.361978
6742.371582 0.000000 2312.200928 0.000000 0.846152 0.000000 -0.532942 0.359356 0.359356 0.359356
6729.625488 0.000000 2269.599854 0.000000 0.747758 0.000000 -0.663971 0.361357 0.361357 0.361357
6752.125000 0.000000 2268.517090 0.000000 0.826583 0.000000 -0.562815 0.358906 0.358906 0.358906
6759.815430 0.000000 2268.928711 0.000000 0.948957 0.000000 -0.315406 0.355229 0.355229 0.355229
6721.867188 0.000000 2315.578125 0.000000 0.677648 0.000000 -0.735386 0.367905 0.367905 0.367905
6747.994141 0.000000 2284.408203 0.000000 0.849875 0.000000 -0.526985 0.358681 0.358681 0.358681
6740.010742 0.000000 2303.584229 0.000000 0.792433 0.000000 -0.609959 0.360690 0.360690 0.360690
6725.147461 0.000000 2313.364258 0.000000 0.605547 0.000000 -0.795809 0.368577 0.368577 0.368577
6752.356445 0.000000 2271.741943 0.000000 0.865790 0.000000 -0.500408 0.358014 0.358014 0.358014
6754.527344 0.000000 2266.482666 0.000000 0.856287 0.000000 -0.516500 0.358845 0.358845 0.358845
6726.216797 0.000000 2306.606934 0.000000 0.650367 0.000000 -0.759621 0.364059 0.364059 0.364059
6743.875000 0.000000 2291.450684 0.000000 0.939457 0.000000 -0.342666 0.355379 0.355379 0.355379
6750.429688 0.000000 2284.550049 0.000000 0.660506 0.000000 -0.750821 0.365399 0.365399 0.365399
6740.232910 0.000000 2301.494629 0.000000 0.633465 0.000000 -0.773771 0.364418 0.364418 0.364418
6742.839355 0.000000 2309.939941 0.000000 0.863250 0.000000 -0.504776 0.358761 0.358761 0.358761
6729.760254 0.000000 2268.076660 0.000000 0.761698 0.000000 -0.647932 0.361025 0.361025 0.361025
6721.194336 0.000000 2268.649414 0.000000 0.724657 0.000000 -0.689110 0.364349 0.364349 0.364349
6729.808594 0.000000 2281.733154 0.000000 0.902171 0.000000 -0.431379 0.357268 0.357268 0.357268
6720.313965 0.000000 2309.116943 0.000000 0.913571 0.000000 -0.406679 0.357118 0.357118 0.357118
6754.394043 0.000000 2272.068115 0.000000 0.741296 0.000000 -0.671179 0.363502 0.363502 0.363502
6725.821289 0.000000 2276.981201 0.000000 0.764846 0.000000 -0.644213 0.363212 0.363212 0.363212
6745.273438 0.000000 2280.303467 0.000000 0.917622 0.000000 -0.397453 0.356339 0.356339 0.356339
6721.717285 0.000000 2303.820068 0.000000 0.698814 0.000000 -0.715303 0.362989 0.362989 0.362989
6749.555176 0.000000 2267.348145 0.000000 0.902359 0.000000 -0.430986 0.357008 0.357008 0.357008
6757.208008 0.000000 2285.414307 0.000000 0.900510 0.000000 -0.434836 0.357075 0.357075 0.357075
6748.560059 0.000000 2288.651367 0.000000 0.808755 0.000000 -0.588146 0.363186 0.363186 0.363186
6742.808594 0.000000 2302.394043 0.000000 0.917520 0.000000 -0.397689 0.356665 0.356665 0.356665
6742.478516 0.000000 2307.281494 0.000000 0.897038 0.000000 -0.441954 0.357460 0.357460 0.357460
6746.960938 0.000000 2295.663330 0.000000 0.876673 0.000000 -0.481086 0.359210 0.359210 0.359210
6727.009277 0.000000 2281.014893 0.000000 0.833296 0.000000 -0.552827 0.359520 0.359520 0.359520
6723.614258 0.000000 2301.953857 0.000000 0.942409 0.000000 -0.334463 0.355558 0.355558 0.355558
6763.041992 0.000000 2279.453857 0.000000 0.851010 0.000000 -0.525149 0.359541 0.359541 0.359541
6751.819336 0.000000 2292.110840 0.000000 0.615267 0.000000 -0.788319 0.366980 0.366980 0.366980
6754.075684 0.000000 2290.636230 0.000000 0.905674 0.000000 -0.423974 0.358034 0.358034 0.358034
6722.944824 0.000000 2314.841797 0.000000 0.588460 0.000000 -0.808526 0.370405 0.370405 0.370405
6721.433105 0.000000 2306.630859 0.000000 0.943488 0.000000 -0.331405 0.355800 0.355800 0.355800
6723.693359 0.000000 2274.387451 0.000000 0.849970 0.000000 -0.526831 0.360473 0.360473 0.360473
6721.457031 0.000000 2310.491943 0.000000 0.638306 0.000000 -0.769783 0.366581 0.366581 0.366581
6742.251465 0.000000 2315.749756 0.000000 0.798583 0.000000 -0.601885 0.362952 0.362952 0.362952
6736.364258 0.000000 2312.946289 0.000000 0.792873 0.000000 -0.609387 0.361938 0.361938 0.361938
6706.542480 0.000000 2321.657959 0.000000 0.875182 0.000000 -0.483794 0.356928 0.356928 0.356928
6675.922852 0.000000 2319.658691 0.000000 0.656812 0.000000 -0.754055 0.361345 0.361345 0.361345
6689.496582 0.000000 2340.090088 0.000000 0.754861 0.000000 -0.655885 0.359814 0.359814 0.359814
6695.590820 0.000000 2319.474609 0.000000 0.830149 0.000000 -0.557542 0.358113 0.358113 0.358113
6691.024414 0.000000 2336.431396 0.000000 0.612438 0.000000 -0.790518 0.362785 0.362785 0.362785
6685.193848 0.000000 2342.070557 0.000000 0.743563 0.000000 -0.668666 0.360048 0.360048 0.360048
6674.931641 0.000000 2347.185547 0.000000 0.769945 0.000000 -0.638110 0.359494 0.359494 0.359494
6674.112793 0.000000 2342.051025 0.000000 0.701073 0.000000 -0.713089 0.360891 0.360891 0.360891
6659.661133 0.000000 2336.932861 0.000000 0.866779 0.000000 -0.498693 0.357162 0.357162 0.357162
6667.631836 0.000000 2332.375732 0.000000 0.923312 0.000000 -0.384050 0.355408 0.355408 0.355408
6685.062500 0.000000 2333.535645 0.000000 0.765567 0.000000 -0.643356 0.359587 0.359587 0.359587
6713.029297 0.000000 2322.296143 0.000000 0.720127 0.000000 -0.693843 0.360519 0.360519 0.360519
6710.278809 0.000000 2315.891357 0.000000 0.783053 0.000000 -0.621955 0.362698 0.362698 0.362698
6695.709473 0.000000 2315.861572 0.000000 0.763083 0.000000 -0.646300 0.361452 0.361452 0.361452
6703.569336 0.000000 2315.962646 0.000000 0.798338 0.000000 -0.602209 0.361746 0.361746 0.361746
6671.104492 0.000000 2320.711426 0.000000 0.706327 0.000000 -0.707885 0.365738 0.365738 0.365738
6663.854492 0.000000 2326.607422 0.000000 0.738666 0.000000 -0.674072 0.366482 0.366482 0.366482
6719.180664 0.000000 2321.960693 0.000000 0.892348 0.000000 -0.451349 0.358838 0.358838 0.358838
6706.757324 0.000000 2317.207520 0.000000 0.751967 0.000000 -0.659200 0.362987 0.362987 0.362987
6681.702148 0.000000 2341.301514 0.000000 0.815619 0.000000 -0.578590 0.360055 0.360055 0.360055
6700.377930 0.000000 2316.355713 0.000000 0.686165 0.000000 -0.727446 0.365232 0.365232 0.365232
6710.518555 0.000000 2319.548340 0.000000 0.718199 0.000000 -0.695838 0.362541 0.362541 0.362541
6681.662598 0.000000 2338.654785 0.000000 0.786733 0.000000 -0.617293 0.360842 0.360842 0.360842
6658.702148 0.000000 2321.022217 0.000000 0.604328 0.000000 -0.796736 0.369776 0.369776 0.369776
6656.942871 0.000000 2319.008789 0.000000 0.767985 0.000000 -0.640468 0.364911 0.364911 0.364911
6700.527832 0.000000 2323.843018 0.000000 0.818242 0.000000 -0.574874 0.359981 0.359981 0.359981
6709.482910 0.000000 2317.181641 0.000000 0.592693 0.000000 -0.805429 0.366814 0.366814 0.366814
6677.357910 0.000000 2339.751953 0.000000 0.848201 0.000000 -0.529674 0.359097 0.359097 0.359097
6667.846680 0.000000 2320.106445 0.000000 0.908034 0.000000 -0.418896 0.359272 0.359272 0.359272
6696.668945 0.000000 2320.512695 0.000000 0.910264 0.000000 -0.414028 0.356845 0.356845 0.356845
6670.473633 0.000000 2319.383301 0.000000 0.612961 0.000000 -0.790113 0.369184 0.369184 0.369184
6709.412598 0.000000 2318.655273 0.000000 0.889848 0.000000 -0.456257 0.357721 0.357721 0.357721
6677.588379 0.000000 2334.404053 0.000000 0.787321 0.000000 -0.616543 0.360826 0.360826 0.360826
6660.280762 0.000000 2325.008545 0.000000 0.628866 0.000000 -0.777514 0.369846 0.369846 0.369846
6661.392090 0.000000 2318.586670 0.000000 0.837655 0.000000 -0.546200 0.362395 0.362395 0.362395
6706.898438 0.000000 2315.966309 0.000000 0.686154 0.000000 -0.727457 0.364556 0.364556 0.364556
6658.810059 0.000000 2322.299805 0.000000 0.946484 0.000000 -0.322752 0.357323 0.357323 0.357323
6659.569824 0.000000 2329.503662 0.000000 0.847965 0.000000 -0.530052 0.360544 0.360544 0.360544
6660.983887 0.000000 2327.390381 0.000000 0.602125 0.000000 -0.798402 0.370602 0.370602 0.370602
6668.047363 0.000000 2322.741211 0.000000 0.786675 0.000000 -0.617367 0.363518 0.363518 0.363518
6767.681152 0.000000 2318.761230 0.000000 0.648613 0.000000 -0.761119 0.361867 0.361867 0.361867
6756.534668 0.000000 2333.037354 0.000000 0.732221 0.000000 -0.681067 0.360278 0.360278 0.360278
6748.442383 0.000000 2315.876709 0.000000 0.754489 0.000000 -0.656312 0.359821 0.359821 0.359821
6749.291992 0.000000 2327.150391 0.000000 0.812942 0.000000 -0.582344 0.358528 0.358528 0.358528
6766.326660 0.000000 2326.977539 0.000000 0.887056 0.000000 -0.461663 0.356583 0.356583 0.356583
6756.267090 0.000000 2340.750000 0.000000 0.642761 0.000000 -0.766067 0.369445 0.369445 0.369445
6734.324707 0.000000 2339.747314 0.000000 0.662759 0.000000 -0.748833 0.365714 0.365714 0.365714
6763.705078 0.000000 2343.247070 0.000000 0.885298 0.000000 -0.465024 0.357142 0.357142 0.357142
6737.373535 0.000000 2315.965820 0.000000 0.833606 0.000000 -0.552359 0.362579 0.362579 0.362579
6765.660156 0.000000 2347.809570 0.000000 0.828766 0.000000 -0.559595 0.359081 0.359081 0.359081
6741.078125 0.000000 2317.987061 0.000000 0.823244 0.000000 -0.567688 0.363056 0.363056 0.363056
6739.108398 0.000000 2325.836426 0.000000 0.832145 0.000000 -0.554559 0.359040 0.359040 0.359040
6732.800293 0.000000 2326.422119 0.000000 0.754725 0.000000 -0.656041 0.362474 0.362474 0.362474
6754.286621 0.000000 2319.487061 0.000000 0.808758 0.000000 -0.588141 0.360246 0.360246 0.360246
6767.143066 0.000000 2341.536865 0.000000 0.590904 0.000000 -0.806742 0.365296 0.365296 0.365296
6731.020996 0.000000 2327.101562 0.000000 0.828356 0.000000 -0.560201 0.360366 0.360366 0.360366
6752.666016 0.000000 2316.498291 0.000000 0.916080 0.000000 -0.400996 0.356724 0.356724 0.356724
6732.231934 0.000000 2318.695801 0.000000 0.892333 0.000000 -0.451378 0.360435 0.360435 0.360435
6759.815430 0.000000 2325.413086 0.000000 0.698800 0.000000 -0.715317 0.364382 0.364382 0.364382
6736.782227 0.000000 2317.568359 0.000000 0.933460 0.000000 -0.358680 0.358174 0.358174 0.358174
6727.773438 0.000000 2316.406250 0.000000 0.836447 0.000000 -0.548047 0.362924 0.362924 0.362924
6765.740723 0.000000 2346.068604 0.000000 0.941979 0.000000 -0.335673 0.355235 0.355235 0.355235
6767.049805 0.000000 2345.069336 0.000000 0.920246 0.000000 -0.391340 0.356430 0.356430 0.356430
6737.197754 0.000000 2322.652588 0.000000 0.640355 0.000000 -0.768079 0.369515 0.369515 0.369515
6734.941895 0.000000 2341.500000 0.000000 0.947151 0.000000 -0.320789 0.356649 0.356649 0.356649
6740.698242 0.000000 2321.043457 0.000000 0.932415 0.000000 -0.361389 0.356979 0.356979 0.356979
6754.589355 0.000000 2316.057617 0.000000 0.923075 0.000000 -0.384620 0.356434 0.356434 0.356434
6722.702148 0.000000 2321.022217 0.000000 0.719144 0.000000 -0.694861 0.367117 0.367117 0.367117
6733.933594 0.000000 2321.728271 0.000000 0.939089 0.000000 -0.343674 0.357817 0.357817 0.357817
6722.358887 0.000000 2323.506592 0.000000 0.826057 0.000000 -0.563586 0.360568 0.360568 0.360568
6755.450684 0.000000 2324.520020 0.000000 0.949776 0.000000 -0.312931 0.355993 0.355993 0.355993
6729.044434 0.000000 2319.060791 0.000000 0.930293 0.000000 -0.366817 0.358369 0.358369 0.358369
6733.189453 0.000000 2343.900146 0.000000 0.819823 0.000000 -0.572617 0.361481 0.361481 0.361481
6755.236328 0.000000 2320.380615 0.000000 0.825495 0.000000 -0.564409 0.360088 0.360088 0.360088
6737.638672 0.000000 2340.861084 0.000000 0.854639 0.000000 -0.519223 0.360352 0.360352 0.360352
6740.239746 0.000000 2317.011230 0.000000 0.704658 0.000000 -0.709547 0.367060 0.367060 0.367060
6732.047363 0.000000 2322.741211 0.000000 0.665187 0.000000 -0.746677 0.368785 0.368785 0.368785
6803.482422 0.000000 2341.549316 0.000000 0.779482 0.000000 -0.626425 0.363960 0.363960 0.363960
6800.687012 0.000000 2341.973145 0.000000 0.913103 0.000000 -0.407728 0.357137 0.357137 0.357137
6803.671875 0.000000 2344.594238 0.000000 0.925625 0.000000 -0.378442 0.358360 0.358360 0.358360
6792.591797 0.000000 2342.618408 0.000000 0.659885 0.000000 -0.751366 0.367011 0.367011 0.367011
6801.638672 0.000000 2340.861084 0.000000 0.846327 0.000000 -0.532664 0.359547 0.359547 0.359547
6790.064453 0.000000 2340.034180 0.000000 0.612304 0.000000 -0.790623 0.369839 0.369839 0.369839
7019.248535 0.000000 2348.685303 0.000000 0.819268 0.000000 -0.573411 0.358911 0.358911 0.358911
7018.288086 0.000000 2346.541748 0.000000 0.889744 0.000000 -0.456460 0.357331 0.357331 0.357331
6934.645996 0.000000 2572.462646 0.000000 0.778048 0.000000 -0.628205 0.361841 0.361841 0.361841
6955.434082 0.000000 2570.886963 0.000000 0.929740 0.000000 -0.368217 0.358402 0.358402 0.358402
6957.740723 0.000000 2572.006104 0.000000 0.885162 0.000000 -0.465283 0.358944 0.358944 0.358944
6938.510254 0.000000 2572.590088 0.000000 0.887908 0.000000 -0.460020 0.357602 0.357602 0.357602
6935.405273 0.000000 2571.166016 0.000000 0.715373 0.000000 -0.698743 0.366021 0.366021 0.366021
6946.394043 0.000000 2554.489990 0.000000 0.713343 0.000000 -0.700815 0.367303 0.367303 0.367303
6931.671875 0.000000 2570.531738 0.000000 0.945709 0.000000 -0.325013 0.355770 0.355770 0.355770
6949.055664 0.000000 2555.239990 0.000000 0.844292 0.000000 -0.535883 0.359711 0.359711 0.359711
6290.112793 0.000000 2850.410400 0.000000 0.917382 0.000000 -0.398008 0.355866 0.355866 0.355866
6671.150391 0.000000 2877.829834 0.000000 0.879478 0.000000 -0.475939 0.357802 0.357802 0.357802
"}
object={
	name="oak_generator_2_4"
	clamp_to_water_level=no
	render_under_water=no
	generated_content=yes
	layer="semidynamic_medium"
	pdxmesh="oak_tree_dense_01_mesh"
	count=1887
	transform="1754.548950 0.000000 1227.484985 0.000000 0.469866 0.000000 -0.882738 0.362807 0.362807 0.362807
1787.669312 0.000000 1205.876709 0.000000 0.492374 0.000000 -0.870384 0.362826 0.362826 0.362826
1743.660034 0.000000 1237.337158 0.000000 0.507988 0.000000 -0.861364 0.363196 0.363196 0.363196
1757.075928 0.000000 1238.572021 0.000000 0.566706 0.000000 -0.823920 0.362395 0.362395 0.362395
1758.662720 0.000000 1232.362305 0.000000 0.343685 0.000000 -0.939085 0.365830 0.365830 0.365830
1784.270874 0.000000 1206.681641 0.000000 0.541796 0.000000 -0.840510 0.362735 0.362735 0.362735
1770.478760 0.000000 1211.908936 0.000000 0.295110 0.000000 -0.955463 0.366106 0.366106 0.366106
1748.862061 0.000000 1234.838867 0.000000 0.145592 0.000000 -0.989345 0.368984 0.368984 0.368984
1788.341309 0.000000 1239.339722 0.000000 0.228244 0.000000 -0.973604 0.367102 0.367102 0.367102
1779.409058 0.000000 1211.658081 0.000000 0.318556 0.000000 -0.947904 0.365849 0.365849 0.365849
1773.452271 0.000000 1214.741699 0.000000 0.201133 0.000000 -0.979564 0.369129 0.369129 0.369129
1760.506104 0.000000 1230.829712 0.000000 0.315435 0.000000 -0.948947 0.366928 0.366928 0.366928
1747.281494 0.000000 1241.826294 0.000000 0.406481 0.000000 -0.913659 0.365404 0.365404 0.365404
1768.632446 0.000000 1225.807007 0.000000 0.002722 0.000000 -0.999996 0.371169 0.371169 0.371169
1775.143188 0.000000 1211.849365 0.000000 0.298679 0.000000 -0.954354 0.368219 0.368219 0.368219
1771.434082 0.000000 1215.261963 0.000000 0.543749 0.000000 -0.839248 0.364532 0.364532 0.364532
1766.210083 0.000000 1219.671753 0.000000 0.000156 0.000000 -1.000000 0.373331 0.373331 0.373331
1754.272827 0.000000 1214.255249 0.000000 0.054881 0.000000 -0.998493 0.374240 0.374240 0.374240
1756.559937 0.000000 1215.448364 0.000000 0.216672 0.000000 -0.976244 0.371625 0.371625 0.371625
1750.302124 0.000000 1247.710327 0.000000 0.334534 0.000000 -0.942384 0.364613 0.364613 0.364613
1780.612793 0.000000 1258.368286 0.000000 0.374708 0.000000 -0.927143 0.365139 0.365139 0.365139
1773.456909 0.000000 1246.869751 0.000000 0.011382 0.000000 -0.999935 0.369826 0.369826 0.369826
1782.469360 0.000000 1252.810303 0.000000 0.320924 0.000000 -0.947105 0.365871 0.365871 0.365871
1778.542358 0.000000 1248.454834 0.000000 0.307453 0.000000 -0.951563 0.365832 0.365832 0.365832
1779.473267 0.000000 1283.034180 0.000000 0.408669 0.000000 -0.912683 0.364568 0.364568 0.364568
1791.836060 0.000000 1247.140381 0.000000 0.146874 0.000000 -0.989155 0.368159 0.368159 0.368159
1788.370483 0.000000 1288.552856 0.000000 0.546445 0.000000 -0.837495 0.363228 0.363228 0.363228
1772.596680 0.000000 1261.607544 0.000000 0.022845 0.000000 -0.999739 0.375834 0.375834 0.375834
1778.636963 0.000000 1253.110596 0.000000 0.310845 0.000000 -0.950461 0.367377 0.367377 0.367377
1777.818970 0.000000 1269.403931 0.000000 0.347582 0.000000 -0.937650 0.372469 0.372469 0.372469
1777.878906 0.000000 1255.000122 0.000000 0.330262 0.000000 -0.943889 0.367363 0.367363 0.367363
1766.151733 0.000000 1282.980103 0.000000 0.383786 0.000000 -0.923422 0.366968 0.366968 0.366968
1777.665527 0.000000 1271.418823 0.000000 0.346898 0.000000 -0.937903 0.372217 0.372217 0.372217
1764.999878 0.000000 1277.337769 0.000000 0.438107 0.000000 -0.898923 0.367671 0.367671 0.367671
1768.686523 0.000000 1261.309326 0.000000 0.344335 0.000000 -0.938847 0.368484 0.368484 0.368484
1760.870728 0.000000 1249.901733 0.000000 0.338340 0.000000 -0.941024 0.367296 0.367296 0.367296
1769.043945 0.000000 1254.671875 0.000000 0.502899 0.000000 -0.864345 0.369975 0.369975 0.369975
1766.039062 0.000000 1260.757935 0.000000 0.576693 0.000000 -0.816961 0.363910 0.363910 0.363910
1770.287964 0.000000 1273.338501 0.000000 0.454085 0.000000 -0.890959 0.367485 0.367485 0.367485
1773.740601 0.000000 1272.865479 0.000000 0.320607 0.000000 -0.947212 0.369844 0.369844 0.369844
1762.940674 0.000000 1252.742676 0.000000 0.425036 0.000000 -0.905176 0.368988 0.368988 0.368988
1768.266113 0.000000 1271.419678 0.000000 0.016845 0.000000 -0.999858 0.379465 0.379465 0.379465
1767.754639 0.000000 1268.564697 0.000000 0.528198 0.000000 -0.849121 0.367859 0.367859 0.367859
1771.860962 0.000000 1267.962280 0.000000 0.018993 0.000000 -0.999820 0.384577 0.384577 0.384577
1763.814331 0.000000 1253.827637 0.000000 0.335403 0.000000 -0.942075 0.370615 0.370615 0.370615
1766.447388 0.000000 1269.146973 0.000000 0.313994 0.000000 -0.949425 0.372033 0.372033 0.372033
1766.902344 0.000000 1271.262085 0.000000 0.417783 0.000000 -0.908547 0.370118 0.370118 0.370118
1747.298462 0.000000 1317.087769 0.000000 0.019511 0.000000 -0.999810 0.367825 0.367825 0.367825
1789.449707 0.000000 1308.626831 0.000000 0.272361 0.000000 -0.962195 0.366011 0.366011 0.366011
1767.553711 0.000000 1316.342896 0.000000 0.294652 0.000000 -0.955605 0.365946 0.365946 0.365946
1759.085693 0.000000 1306.769531 0.000000 0.580377 0.000000 -0.814348 0.361641 0.361641 0.361641
1768.221680 0.000000 1319.583862 0.000000 0.476068 0.000000 -0.879409 0.363568 0.363568 0.363568
1755.115234 0.000000 1328.424316 0.000000 0.280207 0.000000 -0.959940 0.367934 0.367934 0.367934
1754.516602 0.000000 1337.919556 0.000000 0.156451 0.000000 -0.987686 0.368467 0.368467 0.368467
1782.928345 0.000000 1316.025635 0.000000 0.474271 0.000000 -0.880379 0.363688 0.363688 0.363688
1780.503296 0.000000 1353.558228 0.000000 0.342144 0.000000 -0.939648 0.366118 0.366118 0.366118
1748.386963 0.000000 1325.937744 0.000000 0.036620 0.000000 -0.999329 0.369572 0.369572 0.369572
1763.024292 0.000000 1319.712769 0.000000 0.496807 0.000000 -0.867861 0.364003 0.364003 0.364003
1752.755737 0.000000 1318.489868 0.000000 0.564753 0.000000 -0.825260 0.363740 0.363740 0.363740
1753.450073 0.000000 1346.837402 0.000000 0.348800 0.000000 -0.937197 0.367298 0.367298 0.367298
1772.873901 0.000000 1344.129883 0.000000 0.530206 0.000000 -0.847869 0.364590 0.364590 0.364590
1757.062500 0.000000 1316.816895 0.000000 0.479445 0.000000 -0.877572 0.364783 0.364783 0.364783
1765.990845 0.000000 1335.777954 0.000000 0.178858 0.000000 -0.983875 0.372242 0.372242 0.372242
1778.737793 0.000000 1332.638306 0.000000 0.189953 0.000000 -0.981793 0.377969 0.377969 0.377969
1773.863159 0.000000 1345.957764 0.000000 0.481584 0.000000 -0.876400 0.365403 0.365403 0.365403
1771.248413 0.000000 1331.966675 0.000000 0.189795 0.000000 -0.981824 0.375862 0.375862 0.375862
1760.410645 0.000000 1316.510132 0.000000 0.231601 0.000000 -0.972811 0.369219 0.369219 0.369219
1789.495117 0.000000 1318.300903 0.000000 0.466634 0.000000 -0.884450 0.365742 0.365742 0.365742
1756.971191 0.000000 1344.453369 0.000000 0.208700 0.000000 -0.977980 0.369556 0.369556 0.369556
1777.177856 0.000000 1340.753906 0.000000 0.029216 0.000000 -0.999573 0.373101 0.373101 0.373101
1770.572388 0.000000 1348.719482 0.000000 0.512984 0.000000 -0.858398 0.365242 0.365242 0.365242
1783.086548 0.000000 1335.756958 0.000000 0.501055 0.000000 -0.865415 0.373260 0.373260 0.373260
1775.226074 0.000000 1340.084839 0.000000 0.332406 0.000000 -0.943136 0.368192 0.368192 0.368192
1781.498657 0.000000 1336.616821 0.000000 0.182852 0.000000 -0.983141 0.376298 0.376298 0.376298
1762.989624 0.000000 1331.354980 0.000000 0.042184 0.000000 -0.999110 0.371772 0.371772 0.371772
1791.537720 0.000000 1329.406982 0.000000 0.432874 0.000000 -0.901454 0.375025 0.375025 0.375025
1774.407837 0.000000 1326.310669 0.000000 0.308566 0.000000 -0.951203 0.369882 0.369882 0.369882
1770.998291 0.000000 1335.807617 0.000000 0.532588 0.000000 -0.846374 0.367106 0.367106 0.367106
1789.998047 0.000000 1331.766724 0.000000 0.274800 0.000000 -0.961501 0.378797 0.378797 0.378797
1780.391724 0.000000 1335.595703 0.000000 0.436439 0.000000 -0.899734 0.372981 0.372981 0.372981
1770.445190 0.000000 1337.996460 0.000000 0.520766 0.000000 -0.853699 0.365957 0.365957 0.365957
1784.550049 0.000000 1321.116455 0.000000 0.436290 0.000000 -0.899806 0.367556 0.367556 0.367556
1782.250977 0.000000 1326.903931 0.000000 0.554603 0.000000 -0.832115 0.366018 0.366018 0.366018
1768.255371 0.000000 1344.027344 0.000000 0.587224 0.000000 -0.809424 0.365082 0.365082 0.365082
1790.782349 0.000000 1337.160645 0.000000 0.556428 0.000000 -0.830896 0.371852 0.371852 0.371852
1773.534546 0.000000 1334.162109 0.000000 0.070723 0.000000 -0.997496 0.376083 0.376083 0.376083
1783.635620 0.000000 1331.424072 0.000000 0.461911 0.000000 -0.886926 0.371776 0.371776 0.371776
1779.655518 0.000000 1338.333496 0.000000 0.130862 0.000000 -0.991401 0.377359 0.377359 0.377359
1789.235596 0.000000 1343.921997 0.000000 0.261763 0.000000 -0.965132 0.373393 0.373393 0.373393
1823.822266 0.000000 1155.748657 0.000000 0.001786 0.000000 -0.999998 0.368988 0.368988 0.368988
1820.116333 0.000000 1185.103149 0.000000 0.269078 0.000000 -0.963118 0.366110 0.366110 0.366110
1850.989014 0.000000 1163.321533 0.000000 0.308135 0.000000 -0.951343 0.366373 0.366373 0.366373
1855.545410 0.000000 1161.646606 0.000000 0.168001 0.000000 -0.985787 0.368008 0.368008 0.368008
1852.194946 0.000000 1165.276611 0.000000 0.311140 0.000000 -0.950364 0.367921 0.367921 0.367921
1869.917725 0.000000 1161.133667 0.000000 0.214902 0.000000 -0.976636 0.368104 0.368104 0.368104
1857.729858 0.000000 1162.279785 0.000000 0.566416 0.000000 -0.824120 0.363881 0.363881 0.363881
1896.666260 0.000000 1176.010010 0.000000 0.210237 0.000000 -0.977650 0.369831 0.369831 0.369831
1892.710693 0.000000 1179.184082 0.000000 0.307833 0.000000 -0.951440 0.369180 0.369180 0.369180
1895.682861 0.000000 1177.938477 0.000000 0.572883 0.000000 -0.819637 0.365111 0.365111 0.365111
1893.666260 0.000000 1177.523315 0.000000 0.429887 0.000000 -0.902883 0.368012 0.368012 0.368012
1818.548950 0.000000 1227.484985 0.000000 0.277773 0.000000 -0.960647 0.365265 0.365265 0.365265
1809.114990 0.000000 1240.731689 0.000000 0.284284 0.000000 -0.958740 0.365465 0.365465 0.365465
1851.742432 0.000000 1223.848877 0.000000 0.540093 0.000000 -0.841606 0.362717 0.362717 0.362717
1816.763672 0.000000 1216.903076 0.000000 0.287668 0.000000 -0.957730 0.366317 0.366317 0.366317
1831.131470 0.000000 1221.151001 0.000000 0.320795 0.000000 -0.947149 0.365873 0.365873 0.365873
1830.737793 0.000000 1224.649780 0.000000 0.187617 0.000000 -0.982242 0.367631 0.367631 0.367631
1842.278564 0.000000 1216.880737 0.000000 0.120058 0.000000 -0.992767 0.368757 0.368757 0.368757
1802.423096 0.000000 1209.919434 0.000000 0.580165 0.000000 -0.814499 0.362518 0.362518 0.362518
1821.260010 0.000000 1220.441162 0.000000 0.488903 0.000000 -0.872338 0.363522 0.363522 0.363522
1804.244629 0.000000 1236.788452 0.000000 0.325518 0.000000 -0.945536 0.365809 0.365809 0.365809
1847.542480 0.000000 1209.301636 0.000000 0.270616 0.000000 -0.962687 0.366543 0.366543 0.366543
1828.193237 0.000000 1193.630859 0.000000 0.506186 0.000000 -0.862424 0.363223 0.363223 0.363223
1813.175049 0.000000 1221.389893 0.000000 0.454452 0.000000 -0.890771 0.364021 0.364021 0.364021
1843.409058 0.000000 1211.658081 0.000000 0.313931 0.000000 -0.949446 0.365965 0.365965 0.365965
1803.346924 0.000000 1234.135864 0.000000 0.137295 0.000000 -0.990530 0.368595 0.368595 0.368595
1815.931152 0.000000 1237.889160 0.000000 0.100096 0.000000 -0.994978 0.370174 0.370174 0.370174
1811.150757 0.000000 1219.933472 0.000000 0.579077 0.000000 -0.815273 0.362535 0.362535 0.362535
1826.441895 0.000000 1220.135254 0.000000 0.567093 0.000000 -0.823654 0.362347 0.362347 0.362347
1852.546265 0.000000 1214.111572 0.000000 0.011861 0.000000 -0.999930 0.369888 0.369888 0.369888
1821.269653 0.000000 1188.331299 0.000000 0.373819 0.000000 -0.927502 0.365826 0.365826 0.365826
1799.324707 0.000000 1212.781860 0.000000 0.325785 0.000000 -0.945444 0.366401 0.366401 0.366401
1841.258545 0.000000 1223.628906 0.000000 0.228862 0.000000 -0.973459 0.369142 0.369142 0.369142
1849.397339 0.000000 1224.322144 0.000000 0.539199 0.000000 -0.842178 0.363343 0.363343 0.363343
1807.784668 0.000000 1227.994507 0.000000 0.067933 0.000000 -0.997690 0.369566 0.369566 0.369566
1803.910645 0.000000 1213.854858 0.000000 0.208852 0.000000 -0.977947 0.369316 0.369316 0.369316
1799.561523 0.000000 1237.145752 0.000000 0.454688 0.000000 -0.890651 0.365266 0.365266 0.365266
1806.486328 0.000000 1224.853638 0.000000 0.553848 0.000000 -0.832618 0.363153 0.363153 0.363153
1803.567871 0.000000 1226.325195 0.000000 0.319137 0.000000 -0.947709 0.367910 0.367910 0.367910
1832.552612 0.000000 1239.023071 0.000000 0.231000 0.000000 -0.972954 0.370338 0.370338 0.370338
1809.373657 0.000000 1186.278320 0.000000 0.349613 0.000000 -0.936894 0.368823 0.368823 0.368823
1847.657227 0.000000 1226.545654 0.000000 0.083082 0.000000 -0.996543 0.372943 0.372943 0.372943
1826.607544 0.000000 1238.565796 0.000000 0.303012 0.000000 -0.952987 0.373230 0.373230 0.373230
1796.837402 0.000000 1234.411621 0.000000 0.433935 0.000000 -0.900944 0.366617 0.366617 0.366617
1820.971191 0.000000 1231.484619 0.000000 0.080410 0.000000 -0.996762 0.370770 0.370770 0.370770
1800.607910 0.000000 1200.007324 0.000000 0.566223 0.000000 -0.824252 0.363927 0.363927 0.363927
1802.323975 0.000000 1217.665283 0.000000 0.460540 0.000000 -0.887639 0.366844 0.366844 0.366844
1801.975220 0.000000 1223.683960 0.000000 0.297734 0.000000 -0.954649 0.369397 0.369397 0.369397
1799.856445 0.000000 1230.853516 0.000000 0.046871 0.000000 -0.998901 0.374102 0.374102 0.374102
1822.198853 0.000000 1237.420044 0.000000 0.268796 0.000000 -0.963197 0.372355 0.372355 0.372355
1822.635132 0.000000 1230.735107 0.000000 0.216585 0.000000 -0.976264 0.371449 0.371449 0.371449
1804.962891 0.000000 1216.292603 0.000000 0.233810 0.000000 -0.972282 0.370294 0.370294 0.370294
1824.219360 0.000000 1232.327515 0.000000 0.557401 0.000000 -0.830243 0.368702 0.368702 0.368702
1797.865234 0.000000 1220.997925 0.000000 0.464221 0.000000 -0.885720 0.369490 0.369490 0.369490
1829.751831 0.000000 1236.705200 0.000000 0.568012 0.000000 -0.823020 0.368077 0.368077 0.368077
1813.351196 0.000000 1192.600952 0.000000 0.394550 0.000000 -0.918875 0.372145 0.372145 0.372145
1825.773193 0.000000 1241.597290 0.000000 0.351624 0.000000 -0.936141 0.371595 0.371595 0.371595
1811.231201 0.000000 1188.861572 0.000000 0.575771 0.000000 -0.817611 0.368151 0.368151 0.368151
1821.388550 0.000000 1235.362915 0.000000 0.393043 0.000000 -0.919520 0.370647 0.370647 0.370647
1823.835327 0.000000 1235.369385 0.000000 0.348992 0.000000 -0.937126 0.372547 0.372547 0.372547
1794.320068 0.000000 1223.219116 0.000000 0.009596 0.000000 -0.999954 0.377624 0.377624 0.377624
1856.173096 0.000000 1187.996460 0.000000 0.421900 0.000000 -0.906642 0.363392 0.363392 0.363392
1891.651001 0.000000 1209.114258 0.000000 0.140484 0.000000 -0.990083 0.368241 0.368241 0.368241
1895.131470 0.000000 1221.151001 0.000000 0.256637 0.000000 -0.966508 0.366957 0.366957 0.366957
1867.714111 0.000000 1224.175049 0.000000 0.176770 0.000000 -0.984252 0.367285 0.367285 0.367285
1882.002319 0.000000 1200.207275 0.000000 0.112178 0.000000 -0.993688 0.370007 0.370007 0.370007
1872.003174 0.000000 1213.474609 0.000000 0.032365 0.000000 -0.999476 0.371508 0.371508 0.371508
1876.386963 0.000000 1212.968994 0.000000 0.496725 0.000000 -0.867908 0.364418 0.364418 0.364418
1889.051514 0.000000 1218.363403 0.000000 0.007480 0.000000 -0.999972 0.372129 0.372129 0.372129
1861.188354 0.000000 1228.911987 0.000000 0.549222 0.000000 -0.835676 0.363832 0.363832 0.363832
1888.249146 0.000000 1214.547607 0.000000 0.575979 0.000000 -0.817464 0.363672 0.363672 0.363672
1878.646118 0.000000 1216.837646 0.000000 0.258803 0.000000 -0.965930 0.368873 0.368873 0.368873
1885.062500 0.000000 1203.848145 0.000000 0.263517 0.000000 -0.964655 0.369486 0.369486 0.369486
1882.051758 0.000000 1218.466064 0.000000 0.455188 0.000000 -0.890395 0.366025 0.366025 0.366025
1874.017090 0.000000 1209.956543 0.000000 0.349379 0.000000 -0.936981 0.367554 0.367554 0.367554
1883.871582 0.000000 1206.239380 0.000000 0.223831 0.000000 -0.974628 0.372213 0.372213 0.372213
1883.994141 0.000000 1211.205078 0.000000 0.435090 0.000000 -0.900387 0.366500 0.366500 0.366500
1881.662842 0.000000 1208.967163 0.000000 0.050677 0.000000 -0.998715 0.373244 0.373244 0.373244
1882.808105 0.000000 1203.177734 0.000000 0.115192 0.000000 -0.993343 0.373017 0.373017 0.373017
1965.059937 0.000000 1172.079346 0.000000 0.574960 0.000000 -0.818182 0.361345 0.361345 0.361345
1955.895264 0.000000 1142.201172 0.000000 0.234629 0.000000 -0.972085 0.368417 0.368417 0.368417
1972.503296 0.000000 1184.105103 0.000000 0.146297 0.000000 -0.989241 0.370281 0.370281 0.370281
1957.505493 0.000000 1185.375122 0.000000 0.532275 0.000000 -0.846572 0.364511 0.364511 0.364511
1960.552612 0.000000 1182.538696 0.000000 0.469914 0.000000 -0.882712 0.365594 0.365594 0.365594
1946.413818 0.000000 1137.958984 0.000000 0.283481 0.000000 -0.958978 0.372484 0.372484 0.372484
1946.265869 0.000000 1134.445679 0.000000 0.320078 0.000000 -0.947391 0.369418 0.369418 0.369418
1949.555054 0.000000 1137.660767 0.000000 0.487809 0.000000 -0.872950 0.368685 0.368685 0.368685
1969.127930 0.000000 1187.999756 0.000000 0.576364 0.000000 -0.817193 0.364627 0.364627 0.364627
1793.602173 0.000000 1273.029541 0.000000 0.074006 0.000000 -0.997258 0.368440 0.368440 0.368440
1802.276367 0.000000 1263.263672 0.000000 0.574939 0.000000 -0.818196 0.361513 0.361513 0.361513
1796.219482 0.000000 1275.290405 0.000000 0.161421 0.000000 -0.986886 0.367048 0.367048 0.367048
1830.737793 0.000000 1281.134155 0.000000 0.128885 0.000000 -0.991660 0.368138 0.368138 0.368138
1835.550903 0.000000 1249.456055 0.000000 0.431108 0.000000 -0.902300 0.364255 0.364255 0.364255
1842.616577 0.000000 1288.709473 0.000000 0.145770 0.000000 -0.989318 0.367675 0.367675 0.367675
1850.989014 0.000000 1276.290283 0.000000 0.150837 0.000000 -0.988559 0.368108 0.368108 0.368108
1803.443359 0.000000 1272.643311 0.000000 0.083920 0.000000 -0.996472 0.369617 0.369617 0.369617
1827.895264 0.000000 1255.169922 0.000000 0.011603 0.000000 -0.999933 0.369891 0.369891 0.369891
1812.724731 0.000000 1272.356689 0.000000 0.000802 0.000000 -1.000000 0.371401 0.371401 0.371401
1835.597290 0.000000 1244.680786 0.000000 0.301592 0.000000 -0.953437 0.367125 0.367125 0.367125
1822.667969 0.000000 1279.037598 0.000000 0.405880 0.000000 -0.913926 0.365110 0.365110 0.365110
1826.794434 0.000000 1280.915771 0.000000 0.386442 0.000000 -0.922314 0.366670 0.366670 0.366670
1817.026123 0.000000 1242.904175 0.000000 0.305084 0.000000 -0.952326 0.366855 0.366855 0.366855
1825.651611 0.000000 1278.853760 0.000000 0.275924 0.000000 -0.961179 0.367150 0.367150 0.367150
1793.439453 0.000000 1267.035645 0.000000 0.068713 0.000000 -0.997636 0.369884 0.369884 0.369884
1799.561523 0.000000 1293.630127 0.000000 0.575120 0.000000 -0.818069 0.363980 0.363980 0.363980
1820.442627 0.000000 1242.673706 0.000000 0.582361 0.000000 -0.812931 0.363809 0.363809 0.363809
1833.191162 0.000000 1244.786743 0.000000 0.279120 0.000000 -0.960256 0.367950 0.367950 0.367950
1804.277832 0.000000 1297.912476 0.000000 0.568396 0.000000 -0.822755 0.364057 0.364057 0.364057
1814.646118 0.000000 1273.322021 0.000000 0.516241 0.000000 -0.856443 0.363973 0.363973 0.363973
1803.577515 0.000000 1286.677368 0.000000 0.564787 0.000000 -0.825237 0.364460 0.364460 0.364460
1819.270386 0.000000 1294.402466 0.000000 0.134243 0.000000 -0.990948 0.372023 0.372023 0.372023
1820.327393 0.000000 1270.474854 0.000000 0.289465 0.000000 -0.957189 0.368859 0.368859 0.368859
1801.040405 0.000000 1284.180786 0.000000 0.232508 0.000000 -0.972594 0.369439 0.369439 0.369439
1828.762085 0.000000 1264.161377 0.000000 0.071265 0.000000 -0.997457 0.371422 0.371422 0.371422
1816.941406 0.000000 1292.883911 0.000000 0.154542 0.000000 -0.987986 0.372884 0.372884 0.372884
1794.331055 0.000000 1282.602051 0.000000 0.513134 0.000000 -0.858309 0.366502 0.366502 0.366502
1826.989624 0.000000 1274.870605 0.000000 0.336308 0.000000 -0.941752 0.367970 0.367970 0.367970
1807.409668 0.000000 1282.816406 0.000000 0.575410 0.000000 -0.817865 0.367448 0.367448 0.367448
1797.526245 0.000000 1283.722168 0.000000 0.038623 0.000000 -0.999254 0.373830 0.373830 0.373830
1812.010742 0.000000 1286.865601 0.000000 0.495857 0.000000 -0.868404 0.369717 0.369717 0.369717
1829.219971 0.000000 1266.235718 0.000000 0.118005 0.000000 -0.993013 0.372084 0.372084 0.372084
1798.216797 0.000000 1289.888184 0.000000 0.396147 0.000000 -0.918187 0.367791 0.367791 0.367791
1809.270264 0.000000 1293.473877 0.000000 0.475246 0.000000 -0.879853 0.368608 0.368608 0.368608
1815.844482 0.000000 1290.176880 0.000000 0.479997 0.000000 -0.877270 0.366738 0.366738 0.366738
1808.417358 0.000000 1288.527222 0.000000 0.554646 0.000000 -0.832087 0.365587 0.365587 0.365587
1812.371582 0.000000 1279.194336 0.000000 0.099922 0.000000 -0.994995 0.373003 0.373003 0.373003
1819.274780 0.000000 1285.276245 0.000000 0.263454 0.000000 -0.964672 0.371196 0.371196 0.371196
1806.478760 0.000000 1287.136841 0.000000 0.533528 0.000000 -0.845783 0.366119 0.366119 0.366119
1812.429321 0.000000 1292.678955 0.000000 0.271514 0.000000 -0.962435 0.370721 0.370721 0.370721
1814.880737 0.000000 1283.219482 0.000000 0.115991 0.000000 -0.993250 0.374148 0.374148 0.374148
1807.887817 0.000000 1290.393555 0.000000 0.358825 0.000000 -0.933405 0.370301 0.370301 0.370301
1807.300537 0.000000 1285.744385 0.000000 0.073846 0.000000 -0.997270 0.376944 0.376944 0.376944
1816.281372 0.000000 1283.366577 0.000000 0.090122 0.000000 -0.995931 0.375227 0.375227 0.375227
1856.315308 0.000000 1269.081787 0.000000 0.519463 0.000000 -0.854493 0.361728 0.361728 0.361728
1859.168213 0.000000 1286.608887 0.000000 0.349825 0.000000 -0.936815 0.365480 0.365480 0.365480
1858.786255 0.000000 1277.556885 0.000000 0.442406 0.000000 -0.896815 0.364193 0.364193 0.364193
1875.150757 0.000000 1276.417847 0.000000 0.276248 0.000000 -0.961086 0.366638 0.366638 0.366638
1863.324707 0.000000 1269.266235 0.000000 0.282953 0.000000 -0.959134 0.367445 0.367445 0.367445
1865.640015 0.000000 1275.883301 0.000000 0.406668 0.000000 -0.913576 0.366307 0.366307 0.366307
1867.910645 0.000000 1270.339233 0.000000 0.262035 0.000000 -0.965058 0.368539 0.368539 0.368539
1859.661377 0.000000 1263.729858 0.000000 0.556242 0.000000 -0.831020 0.364743 0.364743 0.364743
1865.114258 0.000000 1272.770020 0.000000 0.406447 0.000000 -0.913674 0.366159 0.366159 0.366159
1861.852539 0.000000 1265.501831 0.000000 0.112136 0.000000 -0.993693 0.371409 0.371409 0.371409
1862.215454 0.000000 1258.809570 0.000000 0.297738 0.000000 -0.954648 0.367790 0.367790 0.367790
1858.200317 0.000000 1259.275513 0.000000 0.229952 0.000000 -0.973202 0.369360 0.369360 0.369360
1862.483765 0.000000 1261.588623 0.000000 0.294709 0.000000 -0.955587 0.369279 0.369279 0.369279
1877.837891 0.000000 1287.603516 0.000000 0.564278 0.000000 -0.825585 0.365149 0.365149 0.365149
1877.261719 0.000000 1289.817139 0.000000 0.135468 0.000000 -0.990782 0.371942 0.371942 0.371942
1872.417358 0.000000 1288.527222 0.000000 0.289287 0.000000 -0.957242 0.369476 0.369476 0.369476
1837.790894 0.000000 1312.478760 0.000000 0.500591 0.000000 -0.865684 0.361979 0.361979 0.361979
1823.949707 0.000000 1333.396606 0.000000 0.352672 0.000000 -0.935747 0.364648 0.364648 0.364648
1812.194824 0.000000 1345.053467 0.000000 0.317332 0.000000 -0.948314 0.364557 0.364557 0.364557
1821.536743 0.000000 1339.153809 0.000000 0.007390 0.000000 -0.999973 0.370286 0.370286 0.370286
1815.871582 0.000000 1338.621704 0.000000 0.484705 0.000000 -0.874678 0.363677 0.363677 0.363677
1804.406494 0.000000 1300.088989 0.000000 0.512164 0.000000 -0.858888 0.363541 0.363541 0.363541
1835.534790 0.000000 1315.130371 0.000000 0.024257 0.000000 -0.999706 0.369392 0.369392 0.369392
1798.827515 0.000000 1355.139526 0.000000 0.283611 0.000000 -0.958939 0.367043 0.367043 0.367043
1807.212769 0.000000 1311.593994 0.000000 0.531393 0.000000 -0.847126 0.363245 0.363245 0.363245
1794.759888 0.000000 1308.255249 0.000000 0.301443 0.000000 -0.953484 0.366133 0.366133 0.366133
1815.931152 0.000000 1350.857910 0.000000 0.125081 0.000000 -0.992147 0.368376 0.368376 0.368376
1818.002319 0.000000 1313.176025 0.000000 0.165203 0.000000 -0.986260 0.369518 0.369518 0.369518
1821.193848 0.000000 1325.351807 0.000000 0.436604 0.000000 -0.899654 0.365400 0.365400 0.365400
1810.931519 0.000000 1330.466797 0.000000 0.562575 0.000000 -0.826746 0.363990 0.363990 0.363990
1816.739258 0.000000 1327.709839 0.000000 0.023423 0.000000 -0.999726 0.372242 0.372242 0.372242
1820.897827 0.000000 1320.779541 0.000000 0.197408 0.000000 -0.980322 0.369722 0.369722 0.369722
1803.631714 0.000000 1315.656982 0.000000 0.133317 0.000000 -0.991073 0.369652 0.369652 0.369652
1806.324707 0.000000 1323.028564 0.000000 0.566385 0.000000 -0.824141 0.363924 0.363924 0.363924
1798.226929 0.000000 1343.715576 0.000000 0.387671 0.000000 -0.921798 0.368547 0.368547 0.368547
1821.062500 0.000000 1316.816895 0.000000 0.291302 0.000000 -0.956631 0.368330 0.368330 0.368330
1809.040649 0.000000 1351.676147 0.000000 0.242609 0.000000 -0.970124 0.369462 0.369462 0.369462
1824.410645 0.000000 1316.510132 0.000000 0.553496 0.000000 -0.832852 0.364018 0.364018 0.364018
1827.805054 0.000000 1318.054932 0.000000 0.479172 0.000000 -0.877721 0.365396 0.365396 0.365396
1793.541504 0.000000 1320.304688 0.000000 0.532794 0.000000 -0.846245 0.364370 0.364370 0.364370
1802.323975 0.000000 1330.634033 0.000000 0.010797 0.000000 -0.999942 0.379102 0.379102 0.379102
1801.975220 0.000000 1336.652710 0.000000 0.035918 0.000000 -0.999355 0.380042 0.380042 0.380042
1819.568481 0.000000 1332.547974 0.000000 0.561132 0.000000 -0.827726 0.363930 0.363930 0.363930
1813.555786 0.000000 1314.906372 0.000000 0.541347 0.000000 -0.840799 0.364356 0.364356 0.364356
1797.526245 0.000000 1340.206543 0.000000 0.009235 0.000000 -0.999957 0.380564 0.380564 0.380564
1804.416504 0.000000 1341.058594 0.000000 0.394022 0.000000 -0.919101 0.367776 0.367776 0.367776
1799.856445 0.000000 1343.822266 0.000000 0.064530 0.000000 -0.997916 0.373822 0.373822 0.373822
1792.129395 0.000000 1331.185303 0.000000 0.285454 0.000000 -0.958393 0.378550 0.378550 0.378550
1798.216797 0.000000 1346.372559 0.000000 0.459101 0.000000 -0.888384 0.366200 0.366200 0.366200
1809.954346 0.000000 1337.164795 0.000000 0.390014 0.000000 -0.920809 0.368967 0.368967 0.368967
1807.107910 0.000000 1334.335571 0.000000 0.321285 0.000000 -0.946982 0.373039 0.373039 0.373039
1798.455566 0.000000 1327.045776 0.000000 0.400379 0.000000 -0.916350 0.370657 0.370657 0.370657
1793.717041 0.000000 1343.585815 0.000000 0.066639 0.000000 -0.997777 0.380886 0.380886 0.380886
1792.011719 0.000000 1323.993774 0.000000 0.232502 0.000000 -0.972596 0.371074 0.371074 0.371074
1799.860718 0.000000 1332.480835 0.000000 0.189712 0.000000 -0.981840 0.379662 0.379662 0.379662
1793.273926 0.000000 1326.660400 0.000000 0.524920 0.000000 -0.851152 0.369662 0.369662 0.369662
1802.652832 0.000000 1338.206421 0.000000 0.018296 0.000000 -0.999833 0.376792 0.376792 0.376792
1800.168701 0.000000 1334.916260 0.000000 0.500693 0.000000 -0.865625 0.371533 0.371533 0.371533
1795.614258 0.000000 1341.719604 0.000000 0.137333 0.000000 -0.990525 0.381930 0.381930 0.381930
1792.049316 0.000000 1329.838867 0.000000 0.146129 0.000000 -0.989266 0.381732 0.381732 0.381732
1793.603149 0.000000 1333.093994 0.000000 0.219820 0.000000 -0.975541 0.380003 0.380003 0.380003
1792.003906 0.000000 1341.220581 0.000000 0.401525 0.000000 -0.915848 0.375794 0.375794 0.375794
1807.678223 0.000000 1335.557861 0.000000 0.026253 0.000000 -0.999655 0.378612 0.378612 0.378612
1801.015747 0.000000 1331.122681 0.000000 0.029680 0.000000 -0.999559 0.380568 0.380568 0.380568
1794.696289 0.000000 1328.783203 0.000000 0.189216 0.000000 -0.981936 0.379914 0.379914 0.379914
1793.581055 0.000000 1334.384521 0.000000 0.024726 0.000000 -0.999694 0.384449 0.384449 0.384449
1965.059937 0.000000 1285.048096 0.000000 0.433140 0.000000 -0.901327 0.363196 0.363196 0.363196
1970.969971 0.000000 1296.914917 0.000000 0.323089 0.000000 -0.946369 0.369477 0.369477 0.369477
1973.732422 0.000000 1298.218628 0.000000 0.394995 0.000000 -0.918683 0.371830 0.371830 0.371830
1945.550537 0.000000 1310.742065 0.000000 0.476202 0.000000 -0.879336 0.362628 0.362628 0.362628
1972.612793 0.000000 1314.852661 0.000000 0.093116 0.000000 -0.995655 0.368075 0.368075 0.368075
1947.115967 0.000000 1317.615845 0.000000 0.352799 0.000000 -0.935699 0.365439 0.365439 0.365439
1966.914917 0.000000 1308.226440 0.000000 0.550790 0.000000 -0.834644 0.363547 0.363547 0.363547
1951.429199 0.000000 1323.068726 0.000000 0.019993 0.000000 -0.999800 0.372020 0.372020 0.372020
1969.878906 0.000000 1311.484497 0.000000 0.402260 0.000000 -0.915525 0.370317 0.370317 0.370317
1972.116699 0.000000 1301.471558 0.000000 0.179901 0.000000 -0.983685 0.378723 0.378723 0.378723
1969.047241 0.000000 1307.965088 0.000000 0.424254 0.000000 -0.905543 0.367617 0.367617 0.367617
1939.108398 0.000000 1309.117798 0.000000 0.280703 0.000000 -0.959795 0.370568 0.370568 0.370568
1965.502441 0.000000 1321.501465 0.000000 0.217274 0.000000 -0.976111 0.369785 0.369785 0.369785
1950.555786 0.000000 1321.478149 0.000000 0.321930 0.000000 -0.946764 0.367921 0.367921 0.367921
1939.362671 0.000000 1307.452271 0.000000 0.399057 0.000000 -0.916926 0.367388 0.367388 0.367388
1959.006714 0.000000 1318.544434 0.000000 0.234869 0.000000 -0.972027 0.369812 0.369812 0.369812
1963.719849 0.000000 1316.727295 0.000000 0.455003 0.000000 -0.890490 0.366508 0.366508 0.366508
1972.128174 0.000000 1304.625977 0.000000 0.351755 0.000000 -0.936092 0.373868 0.373868 0.373868
1184.909058 0.000000 1623.805786 0.000000 0.311513 0.000000 -0.950242 0.364354 0.364354 0.364354
1210.308594 0.000000 1626.162109 0.000000 0.136402 0.000000 -0.990654 0.367542 0.367542 0.367542
1182.662720 0.000000 1627.752930 0.000000 0.352354 0.000000 -0.935867 0.365710 0.365710 0.365710
1174.697754 0.000000 1628.081177 0.000000 0.560921 0.000000 -0.827870 0.363039 0.363039 0.363039
1182.899414 0.000000 1634.424316 0.000000 0.204586 0.000000 -0.978849 0.372061 0.372061 0.372061
1181.530396 0.000000 1635.735962 0.000000 0.143563 0.000000 -0.989641 0.373437 0.373437 0.373437
1190.249512 0.000000 1635.254761 0.000000 0.529618 0.000000 -0.848236 0.367962 0.367962 0.367962
1185.938477 0.000000 1632.451050 0.000000 0.410573 0.000000 -0.911828 0.368352 0.368352 0.368352
1190.915771 0.000000 1637.510254 0.000000 0.163626 0.000000 -0.986522 0.373841 0.373841 0.373841
1191.241577 0.000000 1634.461792 0.000000 0.277675 0.000000 -0.960675 0.372872 0.372872 0.372872
1231.347534 0.000000 1581.846558 0.000000 0.534225 0.000000 -0.845342 0.361397 0.361397 0.361397
1221.348755 0.000000 1590.004272 0.000000 0.540082 0.000000 -0.841613 0.361756 0.361756 0.361756
1249.638062 0.000000 1628.331177 0.000000 0.489137 0.000000 -0.872207 0.362639 0.362639 0.362639
1229.243652 0.000000 1588.803589 0.000000 0.390589 0.000000 -0.920565 0.364716 0.364716 0.364716
1251.895264 0.000000 1594.076172 0.000000 0.163288 0.000000 -0.986579 0.367701 0.367701 0.367701
1237.939941 0.000000 1606.895874 0.000000 0.147180 0.000000 -0.989110 0.370331 0.370331 0.370331
1223.299561 0.000000 1622.300659 0.000000 0.188467 0.000000 -0.982080 0.371181 0.371181 0.371181
1224.816650 0.000000 1629.570801 0.000000 0.418945 0.000000 -0.908012 0.366763 0.366763 0.366763
1222.226929 0.000000 1626.137451 0.000000 0.130874 0.000000 -0.991399 0.371132 0.371132 0.371132
1246.427490 0.000000 1619.849731 0.000000 0.187329 0.000000 -0.982297 0.369387 0.369387 0.369387
1251.914307 0.000000 1610.321655 0.000000 0.369754 0.000000 -0.929129 0.367916 0.367916 0.367916
1244.327393 0.000000 1609.381104 0.000000 0.535929 0.000000 -0.844263 0.365590 0.365590 0.365590
1225.040405 0.000000 1623.087036 0.000000 0.217098 0.000000 -0.976150 0.372800 0.372800 0.372800
1228.884766 0.000000 1628.544922 0.000000 0.173103 0.000000 -0.984904 0.373556 0.373556 0.373556
1243.705688 0.000000 1621.601318 0.000000 0.363994 0.000000 -0.931401 0.368061 0.368061 0.368061
1231.409668 0.000000 1621.722656 0.000000 0.388091 0.000000 -0.921621 0.369922 0.369922 0.369922
1246.604736 0.000000 1614.842651 0.000000 0.207473 0.000000 -0.978241 0.369872 0.369872 0.369872
1233.633179 0.000000 1630.391357 0.000000 0.504787 0.000000 -0.863244 0.365200 0.365200 0.365200
1233.260742 0.000000 1624.126831 0.000000 0.111873 0.000000 -0.993722 0.374026 0.374026 0.374026
1223.856445 0.000000 1626.244141 0.000000 0.278288 0.000000 -0.960498 0.368919 0.368919 0.368919
1239.874878 0.000000 1613.638306 0.000000 0.346174 0.000000 -0.938170 0.368508 0.368508 0.368508
1240.838135 0.000000 1619.674194 0.000000 0.502528 0.000000 -0.864561 0.365603 0.365603 0.365603
1226.652832 0.000000 1620.628296 0.000000 0.085943 0.000000 -0.996300 0.377180 0.377180 0.377180
1231.887817 0.000000 1629.299805 0.000000 0.176823 0.000000 -0.984243 0.373127 0.373127 0.373127
1233.638672 0.000000 1622.860962 0.000000 0.116993 0.000000 -0.993133 0.375021 0.375021 0.375021
1166.716187 0.000000 1647.780518 0.000000 0.235551 0.000000 -0.971862 0.365375 0.365375 0.365375
1174.908936 0.000000 1649.046753 0.000000 0.461178 0.000000 -0.887308 0.363734 0.363734 0.363734
1171.958252 0.000000 1644.759399 0.000000 0.216835 0.000000 -0.976208 0.366955 0.366955 0.366955
1197.450073 0.000000 1640.566284 0.000000 0.276464 0.000000 -0.961024 0.370639 0.370639 0.370639
1240.358154 0.000000 1646.557861 0.000000 0.073757 0.000000 -0.997276 0.368836 0.368836 0.368836
1268.885132 0.000000 1746.282349 0.000000 0.552765 0.000000 -0.833337 0.361190 0.361190 0.361190
1308.116333 0.000000 1749.946899 0.000000 0.308174 0.000000 -0.951330 0.365823 0.365823 0.365823
1337.397339 0.000000 1732.681519 0.000000 0.070271 0.000000 -0.997528 0.371043 0.371043 0.371043
1347.856934 0.000000 1744.603149 0.000000 0.066353 0.000000 -0.997796 0.367746 0.367746 0.367746
1764.050049 0.000000 1391.914551 0.000000 0.265371 0.000000 -0.964146 0.364963 0.364963 0.364963
1767.131470 0.000000 1390.604126 0.000000 0.000762 0.000000 -1.000000 0.370098 0.370098 0.370098
1778.616577 0.000000 1401.678223 0.000000 0.397534 0.000000 -0.917588 0.364976 0.364976 0.364976
1786.989014 0.000000 1389.259033 0.000000 0.304757 0.000000 -0.952430 0.365703 0.365703 0.365703
1770.451904 0.000000 1390.559082 0.000000 0.302595 0.000000 -0.953119 0.367056 0.367056 0.367056
1764.193237 0.000000 1363.083984 0.000000 0.332287 0.000000 -0.943178 0.365718 0.365718 0.365718
1787.279419 0.000000 1380.826538 0.000000 0.283721 0.000000 -0.958907 0.366369 0.366369 0.366369
1786.085693 0.000000 1402.783569 0.000000 0.268953 0.000000 -0.963153 0.366395 0.366395 0.366395
1771.597290 0.000000 1357.649536 0.000000 0.219214 0.000000 -0.975677 0.367809 0.367809 0.367809
1779.339844 0.000000 1390.914307 0.000000 0.549367 0.000000 -0.835581 0.364002 0.364002 0.364002
1769.191162 0.000000 1357.755493 0.000000 0.508404 0.000000 -0.861119 0.363961 0.363961 0.363961
1748.672607 0.000000 1375.182373 0.000000 0.125684 0.000000 -0.992070 0.370704 0.370704 0.370704
1783.657227 0.000000 1395.998779 0.000000 0.095836 0.000000 -0.995397 0.370039 0.370039 0.370039
1768.666260 0.000000 1401.947510 0.000000 0.302505 0.000000 -0.953148 0.370093 0.370093 0.370093
1787.533813 0.000000 1361.199829 0.000000 0.098109 0.000000 -0.995176 0.370394 0.370394 0.370394
1780.105469 0.000000 1398.015991 0.000000 0.300296 0.000000 -0.953846 0.367586 0.367586 0.367586
1778.737793 0.000000 1389.122681 0.000000 0.033200 0.000000 -0.999449 0.371362 0.371362 0.371362
1770.718262 0.000000 1402.124023 0.000000 0.529436 0.000000 -0.848350 0.366329 0.366329 0.366329
1778.333252 0.000000 1394.561523 0.000000 0.553812 0.000000 -0.832642 0.364314 0.364314 0.364314
1753.702271 0.000000 1381.067261 0.000000 0.513856 0.000000 -0.857877 0.365632 0.365632 0.365632
1747.482422 0.000000 1381.314941 0.000000 0.300016 0.000000 -0.953934 0.371739 0.371739 0.371739
1773.661743 0.000000 1405.880493 0.000000 0.476407 0.000000 -0.879225 0.367506 0.367506 0.367506
1789.449707 0.000000 1421.595581 0.000000 0.358960 0.000000 -0.933353 0.364935 0.364935 0.364935
1767.131470 0.000000 1447.088501 0.000000 0.099234 0.000000 -0.995064 0.368900 0.368900 0.368900
1786.815186 0.000000 1419.678467 0.000000 0.163283 0.000000 -0.986579 0.367271 0.367271 0.367271
1788.365845 0.000000 1414.837036 0.000000 0.462194 0.000000 -0.886779 0.363719 0.363719 0.363719
1788.718994 0.000000 1453.340820 0.000000 0.125310 0.000000 -0.992118 0.368436 0.368436 0.368436
1752.982788 0.000000 1415.983276 0.000000 0.428912 0.000000 -0.903346 0.364384 0.364384 0.364384
1770.549194 0.000000 1423.220703 0.000000 0.523188 0.000000 -0.852217 0.363015 0.363015 0.363015
1784.357544 0.000000 1420.456299 0.000000 0.100695 0.000000 -0.994917 0.368688 0.368688 0.368688
1764.534668 0.000000 1429.287476 0.000000 0.578269 0.000000 -0.815846 0.363007 0.363007 0.363007
1769.191162 0.000000 1414.239868 0.000000 0.438328 0.000000 -0.898815 0.364788 0.364788 0.364788
1759.909790 0.000000 1427.076782 0.000000 0.305212 0.000000 -0.952285 0.367735 0.367735 0.367735
1775.226074 0.000000 1453.053589 0.000000 0.415926 0.000000 -0.909398 0.366462 0.366462 0.366462
1760.706299 0.000000 1416.258667 0.000000 0.103899 0.000000 -0.994588 0.373453 0.373453 0.373453
1767.927368 0.000000 1425.283325 0.000000 0.243690 0.000000 -0.969853 0.369908 0.369908 0.369908
1765.430054 0.000000 1416.576660 0.000000 0.443441 0.000000 -0.896303 0.367771 0.367771 0.367771
1809.893799 0.000000 1368.939819 0.000000 0.200583 0.000000 -0.979677 0.366267 0.366267 0.366267
1804.652466 0.000000 1381.051880 0.000000 0.405159 0.000000 -0.914246 0.364012 0.364012 0.364012
1799.290527 0.000000 1398.470093 0.000000 0.185311 0.000000 -0.982680 0.367177 0.367177 0.367177
1841.605835 0.000000 1408.478882 0.000000 0.018062 0.000000 -0.999837 0.369809 0.369809 0.369809
1798.656738 0.000000 1404.442749 0.000000 0.325634 0.000000 -0.945496 0.365808 0.365808 0.365808
1852.718994 0.000000 1396.856445 0.000000 0.211859 0.000000 -0.977300 0.367316 0.367316 0.367316
1802.423096 0.000000 1379.372559 0.000000 0.096494 0.000000 -0.995334 0.368806 0.368806 0.368806
1804.244629 0.000000 1406.241577 0.000000 0.272815 0.000000 -0.962067 0.366514 0.366514 0.366514
1794.759888 0.000000 1364.739624 0.000000 0.128727 0.000000 -0.991680 0.369463 0.369463 0.369463
1815.931152 0.000000 1407.342285 0.000000 0.363589 0.000000 -0.931560 0.366968 0.366968 0.366968
1844.503296 0.000000 1410.042603 0.000000 0.551950 0.000000 -0.833877 0.362580 0.362580 0.362580
1794.854492 0.000000 1403.171997 0.000000 0.364355 0.000000 -0.931260 0.365281 0.365281 0.365281
1806.936279 0.000000 1402.196899 0.000000 0.171283 0.000000 -0.985222 0.368821 0.368821 0.368821
1794.305054 0.000000 1356.974854 0.000000 0.282306 0.000000 -0.959325 0.367960 0.367960 0.367960
1853.048584 0.000000 1394.890381 0.000000 0.282749 0.000000 -0.959194 0.368570 0.368570 0.368570
1809.633179 0.000000 1404.453857 0.000000 0.266355 0.000000 -0.963875 0.369044 0.369044 0.369044
1872.913574 0.000000 1388.195068 0.000000 0.127571 0.000000 -0.991830 0.367462 0.367462 0.367462
1874.408936 0.000000 1384.034546 0.000000 0.454414 0.000000 -0.890791 0.363205 0.363205 0.363205
1904.763550 0.000000 1395.431396 0.000000 0.296412 0.000000 -0.955060 0.366145 0.366145 0.366145
1905.605835 0.000000 1408.478882 0.000000 0.474206 0.000000 -0.880414 0.363501 0.363501 0.363501
1900.084717 0.000000 1386.368774 0.000000 0.422490 0.000000 -0.906368 0.364475 0.364475 0.364475
1897.246460 0.000000 1403.936768 0.000000 0.499594 0.000000 -0.866260 0.363365 0.363365 0.363365
1886.841187 0.000000 1387.257202 0.000000 0.473962 0.000000 -0.880545 0.363787 0.363787 0.363787
1898.622314 0.000000 1409.650024 0.000000 0.411177 0.000000 -0.911556 0.364633 0.364633 0.364633
1901.452271 0.000000 1384.194824 0.000000 0.132986 0.000000 -0.991118 0.368338 0.368338 0.368338
1889.210693 0.000000 1405.067871 0.000000 0.214802 0.000000 -0.976658 0.367632 0.367632 0.367632
1872.687988 0.000000 1390.810181 0.000000 0.267157 0.000000 -0.963653 0.367669 0.367669 0.367669
1872.003174 0.000000 1382.927734 0.000000 0.522204 0.000000 -0.852820 0.364324 0.364324 0.364324
1903.774780 0.000000 1374.813599 0.000000 0.010271 0.000000 -0.999947 0.370454 0.370454 0.370454
1907.339844 0.000000 1390.914307 0.000000 0.370239 0.000000 -0.928936 0.366294 0.366294 0.366294
1867.567871 0.000000 1395.778320 0.000000 0.265544 0.000000 -0.964099 0.367577 0.367577 0.367577
1900.596680 0.000000 1374.576294 0.000000 0.551733 0.000000 -0.834021 0.363359 0.363359 0.363359
1903.143188 0.000000 1381.302490 0.000000 0.004169 0.000000 -0.999991 0.375051 0.375051 0.375051
1905.665527 0.000000 1384.387573 0.000000 0.111621 0.000000 -0.993751 0.372373 0.372373 0.372373
1903.226074 0.000000 1396.569214 0.000000 0.291408 0.000000 -0.956599 0.368272 0.368272 0.368272
1901.502441 0.000000 1377.985840 0.000000 0.398326 0.000000 -0.917244 0.366740 0.366740 0.366740
1883.789307 0.000000 1390.804688 0.000000 0.133662 0.000000 -0.991027 0.371342 0.371342 0.371342
1903.049927 0.000000 1384.834961 0.000000 0.063594 0.000000 -0.997976 0.372322 0.372322 0.372322
1902.407837 0.000000 1382.795044 0.000000 0.428562 0.000000 -0.903512 0.367937 0.367937 0.367937
1870.942017 0.000000 1381.265503 0.000000 0.129127 0.000000 -0.991628 0.371914 0.371914 0.371914
1880.838135 0.000000 1393.736694 0.000000 0.373232 0.000000 -0.927738 0.368067 0.368067 0.368067
1904.720703 0.000000 1385.668823 0.000000 0.577406 0.000000 -0.816457 0.364649 0.364649 0.364649
1812.194824 0.000000 1458.022217 0.000000 0.195203 0.000000 -0.980763 0.366272 0.366272 0.366272
1837.456909 0.000000 1416.322876 0.000000 0.412783 0.000000 -0.910829 0.364010 0.364010 0.364010
1816.358154 0.000000 1420.620361 0.000000 0.153830 0.000000 -0.988097 0.367574 0.367574 0.367574
1835.550903 0.000000 1418.909180 0.000000 0.474806 0.000000 -0.880091 0.364010 0.364010 0.364010
1799.290405 0.000000 1446.781738 0.000000 0.191017 0.000000 -0.981587 0.367286 0.367286 0.367286
1813.228027 0.000000 1450.014526 0.000000 0.194429 0.000000 -0.980917 0.368144 0.368144 0.368144
1806.569336 0.000000 1445.878174 0.000000 0.521143 0.000000 -0.853469 0.363582 0.363582 0.363582
1848.357544 0.000000 1420.456299 0.000000 0.309189 0.000000 -0.951001 0.366029 0.366029 0.366029
1838.967163 0.000000 1427.486206 0.000000 0.122277 0.000000 -0.992496 0.369424 0.369424 0.369424
1844.127808 0.000000 1429.991821 0.000000 0.452449 0.000000 -0.891790 0.364916 0.364916 0.364916
1831.451416 0.000000 1427.104858 0.000000 0.516627 0.000000 -0.856210 0.365403 0.365403 0.365403
1844.417847 0.000000 1442.434448 0.000000 0.234269 0.000000 -0.972172 0.368422 0.368422 0.368422
1812.672607 0.000000 1431.666748 0.000000 0.419709 0.000000 -0.907659 0.365607 0.365607 0.365607
1838.922729 0.000000 1447.430664 0.000000 0.443952 0.000000 -0.896050 0.371936 0.371936 0.371936
1810.017090 0.000000 1435.894043 0.000000 0.345707 0.000000 -0.938343 0.368037 0.368037 0.368037
1844.288452 0.000000 1432.939453 0.000000 0.537110 0.000000 -0.843512 0.365086 0.365086 0.365086
1847.776123 0.000000 1439.834351 0.000000 0.136520 0.000000 -0.990637 0.370485 0.370485 0.370485
1847.633301 0.000000 1430.827271 0.000000 0.560453 0.000000 -0.828186 0.363899 0.363899 0.363899
1810.928345 0.000000 1453.014160 0.000000 0.388366 0.000000 -0.921505 0.366487 0.366487 0.366487
1824.410645 0.000000 1429.478882 0.000000 0.421023 0.000000 -0.907050 0.368466 0.368466 0.368466
1822.555786 0.000000 1434.446899 0.000000 0.529046 0.000000 -0.848593 0.372579 0.372579 0.372579
1837.746216 0.000000 1432.245361 0.000000 0.549655 0.000000 -0.835392 0.365121 0.365121 0.365121
1819.663208 0.000000 1434.905029 0.000000 0.165189 0.000000 -0.986262 0.377742 0.377742 0.377742
1829.219971 0.000000 1435.688843 0.000000 0.522922 0.000000 -0.852381 0.372739 0.372739 0.372739
1822.637329 0.000000 1430.278320 0.000000 0.082566 0.000000 -0.996586 0.377112 0.377112 0.377112
1814.790405 0.000000 1438.638184 0.000000 0.331572 0.000000 -0.943430 0.370952 0.370952 0.370952
1835.860962 0.000000 1437.415405 0.000000 0.305567 0.000000 -0.952171 0.378081 0.378081 0.378081
1827.134155 0.000000 1429.411011 0.000000 0.160717 0.000000 -0.987001 0.373399 0.373399 0.373399
1834.089600 0.000000 1445.722656 0.000000 0.161606 0.000000 -0.986855 0.379106 0.379106 0.379106
1835.041992 0.000000 1432.188232 0.000000 0.457433 0.000000 -0.889244 0.368765 0.368765 0.368765
1826.804321 0.000000 1436.091553 0.000000 0.428688 0.000000 -0.903453 0.375128 0.375128 0.375128
1816.008911 0.000000 1432.519409 0.000000 0.486654 0.000000 -0.873595 0.367919 0.367919 0.367919
1840.498535 0.000000 1445.661987 0.000000 0.247697 0.000000 -0.968837 0.379423 0.379423 0.379423
1827.433105 0.000000 1433.842896 0.000000 0.082441 0.000000 -0.996596 0.382966 0.382966 0.382966
1838.152832 0.000000 1446.001831 0.000000 0.330856 0.000000 -0.943681 0.374361 0.374361 0.374361
1839.941284 0.000000 1446.728760 0.000000 0.490324 0.000000 -0.871540 0.370900 0.370900 0.370900
1886.227295 0.000000 1416.666748 0.000000 0.035875 0.000000 -0.999356 0.368978 0.368978 0.368978
1878.908936 0.000000 1423.109253 0.000000 0.321012 0.000000 -0.947075 0.366685 0.366685 0.366685
1875.922729 0.000000 1415.908813 0.000000 0.022076 0.000000 -0.999756 0.369622 0.369622 0.369622
1887.881958 0.000000 1414.758789 0.000000 0.318890 0.000000 -0.947792 0.367478 0.367478 0.367478
1881.026123 0.000000 1412.357300 0.000000 0.111041 0.000000 -0.993816 0.370023 0.370023 0.370023
1867.600586 0.000000 1417.831177 0.000000 0.559407 0.000000 -0.828893 0.364045 0.364045 0.364045
2011.115234 0.000000 1441.393066 0.000000 0.125346 0.000000 -0.992113 0.369635 0.369635 0.369635
1992.162109 0.000000 1431.830200 0.000000 0.094774 0.000000 -0.995499 0.369924 0.369924 0.369924
2008.466675 0.000000 1438.633423 0.000000 0.574413 0.000000 -0.818565 0.364160 0.364160 0.364160
2022.302734 0.000000 1425.176025 0.000000 0.551309 0.000000 -0.834301 0.363193 0.363193 0.363193
2027.705322 0.000000 1439.497070 0.000000 0.440923 0.000000 -0.897545 0.366015 0.366015 0.366015
2009.702271 0.000000 1437.551636 0.000000 0.055994 0.000000 -0.998431 0.372435 0.372435 0.372435
1993.808472 0.000000 1434.467651 0.000000 0.111974 0.000000 -0.993711 0.373196 0.373196 0.373196
1892.845703 0.000000 2192.386230 0.000000 0.456321 0.000000 -0.889815 0.366151 0.366151 0.366151
1892.710693 0.000000 2195.902832 0.000000 0.292542 0.000000 -0.956253 0.371539 0.371539 0.371539
1311.953247 0.000000 2434.503418 0.000000 0.079632 0.000000 -0.996824 0.372279 0.372279 0.372279
1293.681030 0.000000 2442.600830 0.000000 0.472786 0.000000 -0.881177 0.369929 0.369929 0.369929
1307.648804 0.000000 2436.261719 0.000000 0.494528 0.000000 -0.869162 0.371863 0.371863 0.371863
1307.908447 0.000000 2434.331787 0.000000 0.339864 0.000000 -0.940475 0.377273 0.377273 0.377273
1996.231934 0.000000 2318.695801 0.000000 0.458610 0.000000 -0.888638 0.367212 0.367212 0.367212
1990.675903 0.000000 2318.744385 0.000000 0.071457 0.000000 -0.997444 0.372860 0.372860 0.372860
1993.455688 0.000000 2320.626465 0.000000 0.407685 0.000000 -0.913122 0.370817 0.370817 0.370817
1726.112061 0.000000 2642.199951 0.000000 0.254935 0.000000 -0.966958 0.365833 0.365833 0.365833
1713.605835 0.000000 2651.135010 0.000000 0.054562 0.000000 -0.998510 0.369674 0.369674 0.369674
1727.035522 0.000000 2639.889404 0.000000 0.082569 0.000000 -0.996585 0.370415 0.370415 0.370415
1693.530396 0.000000 2652.454590 0.000000 0.294835 0.000000 -0.955548 0.370888 0.370888 0.370888
1702.249512 0.000000 2651.973389 0.000000 0.449917 0.000000 -0.893070 0.367704 0.367704 0.367704
1746.867188 0.000000 2641.245117 0.000000 0.503352 0.000000 -0.864082 0.362717 0.362717 0.362717
1766.352295 0.000000 2647.469727 0.000000 0.288097 0.000000 -0.957601 0.367093 0.367093 0.367093
1736.816650 0.000000 2646.289551 0.000000 0.535381 0.000000 -0.844611 0.370302 0.370302 0.370302
1736.026367 0.000000 2652.735596 0.000000 0.187157 0.000000 -0.982330 0.369631 0.369631 0.369631
1755.270386 0.000000 2650.027588 0.000000 0.432892 0.000000 -0.901446 0.367615 0.367615 0.367615
1758.899414 0.000000 2651.143066 0.000000 0.532712 0.000000 -0.846297 0.365120 0.365120 0.365120
1730.240967 0.000000 2640.598633 0.000000 0.457724 0.000000 -0.889094 0.365697 0.365697 0.365697
1729.707153 0.000000 2646.785156 0.000000 0.191178 0.000000 -0.981555 0.373608 0.373608 0.373608
1736.996094 0.000000 2649.500244 0.000000 0.506450 0.000000 -0.862269 0.368034 0.368034 0.368034
1735.451538 0.000000 2645.999023 0.000000 0.027650 0.000000 -0.999618 0.380743 0.380743 0.380743
1736.949829 0.000000 2644.489746 0.000000 0.350102 0.000000 -0.936712 0.371094 0.371094 0.371094
1713.258545 0.000000 2692.222656 0.000000 0.268045 0.000000 -0.963407 0.368167 0.368167 0.368167
1684.737915 0.000000 2654.768555 0.000000 0.499193 0.000000 -0.866491 0.364654 0.364654 0.364654
1707.536621 0.000000 2668.328613 0.000000 0.317970 0.000000 -0.948101 0.367600 0.367600 0.367600
1687.052002 0.000000 2657.813477 0.000000 0.318305 0.000000 -0.947988 0.368739 0.368739 0.368739
1710.877930 0.000000 2708.189209 0.000000 0.019333 0.000000 -0.999813 0.373182 0.373182 0.373182
1695.953247 0.000000 2660.440918 0.000000 0.384147 0.000000 -0.923272 0.373439 0.373439 0.373439
1716.105469 0.000000 2697.156494 0.000000 0.561555 0.000000 -0.827439 0.363625 0.363625 0.363625
1720.393677 0.000000 2699.892334 0.000000 0.156979 0.000000 -0.987602 0.373647 0.373647 0.373647
1698.286743 0.000000 2658.393311 0.000000 0.215867 0.000000 -0.976423 0.372052 0.372052 0.372052
1694.427490 0.000000 2693.052734 0.000000 0.210704 0.000000 -0.977550 0.376590 0.376590 0.376590
1718.407227 0.000000 2707.801270 0.000000 0.149750 0.000000 -0.988724 0.370728 0.370728 0.370728
1712.736572 0.000000 2701.452393 0.000000 0.585012 0.000000 -0.811025 0.363762 0.363762 0.363762
1724.200928 0.000000 2698.838379 0.000000 0.041677 0.000000 -0.999131 0.373449 0.373449 0.373449
1687.245850 0.000000 2710.426025 0.000000 0.558533 0.000000 -0.829482 0.364146 0.364146 0.364146
1672.607910 0.000000 2668.601074 0.000000 0.098766 0.000000 -0.995111 0.371349 0.371349 0.371349
1700.762085 0.000000 2676.270752 0.000000 0.025885 0.000000 -0.999665 0.373084 0.373084 0.373084
1704.804443 0.000000 2688.889893 0.000000 0.471958 0.000000 -0.881621 0.365749 0.365749 0.365749
1702.039062 0.000000 2672.867432 0.000000 0.567453 0.000000 -0.823406 0.366272 0.366272 0.366272
1702.058228 0.000000 2671.068115 0.000000 0.239539 0.000000 -0.970887 0.374269 0.374269 0.374269
1676.302734 0.000000 2675.164062 0.000000 0.498876 0.000000 -0.866673 0.371255 0.371255 0.371255
1709.746216 0.000000 2674.901611 0.000000 0.362574 0.000000 -0.931955 0.369656 0.369656 0.369656
1694.604736 0.000000 2688.045898 0.000000 0.353718 0.000000 -0.935352 0.367910 0.367910 0.367910
1681.260742 0.000000 2697.329834 0.000000 0.545326 0.000000 -0.838224 0.365026 0.365026 0.365026
1677.156372 0.000000 2663.702148 0.000000 0.418942 0.000000 -0.908013 0.368553 0.368553 0.368553
1692.480591 0.000000 2693.326660 0.000000 0.262395 0.000000 -0.964961 0.373666 0.373666 0.373666
1676.962891 0.000000 2684.886230 0.000000 0.482656 0.000000 -0.875810 0.370840 0.370840 0.370840
1680.417358 0.000000 2700.636719 0.000000 0.500656 0.000000 -0.865646 0.366001 0.366001 0.366001
1699.868042 0.000000 2670.606445 0.000000 0.101694 0.000000 -0.994816 0.373232 0.373232 0.373232
1690.265869 0.000000 2659.523682 0.000000 0.329475 0.000000 -0.944164 0.377519 0.377519 0.377519
1675.124878 0.000000 2674.022217 0.000000 0.146852 0.000000 -0.989158 0.376368 0.376368 0.376368
1691.908447 0.000000 2660.269287 0.000000 0.438989 0.000000 -0.898492 0.374483 0.374483 0.374483
1678.588013 0.000000 2662.534424 0.000000 0.057667 0.000000 -0.998336 0.376310 0.376310 0.376310
1678.923096 0.000000 2684.986328 0.000000 0.182769 0.000000 -0.983156 0.380905 0.380905 0.380905
1676.118530 0.000000 2686.098389 0.000000 0.069405 0.000000 -0.997589 0.374532 0.374532 0.374532
1712.909302 0.000000 2697.812744 0.000000 0.312443 0.000000 -0.949936 0.370420 0.370420 0.370420
1697.218384 0.000000 2657.584961 0.000000 0.343172 0.000000 -0.939273 0.370849 0.370849 0.370849
1695.658936 0.000000 2690.299316 0.000000 0.125321 0.000000 -0.992116 0.375129 0.375129 0.375129
1687.642456 0.000000 2662.184570 0.000000 0.023927 0.000000 -0.999714 0.378857 0.378857 0.378857
1689.643677 0.000000 2656.087891 0.000000 0.504665 0.000000 -0.863315 0.369344 0.369344 0.369344
1704.130127 0.000000 2670.838135 0.000000 0.225109 0.000000 -0.974334 0.373542 0.373542 0.373542
1681.695801 0.000000 2677.351074 0.000000 0.546888 0.000000 -0.837206 0.367425 0.367425 0.367425
1683.793213 0.000000 2671.433105 0.000000 0.497405 0.000000 -0.867519 0.368812 0.368812 0.368812
1741.333862 0.000000 2659.094971 0.000000 0.192164 0.000000 -0.981363 0.366429 0.366429 0.366429
1762.040283 0.000000 2673.070557 0.000000 0.494707 0.000000 -0.869060 0.363069 0.363069 0.363069
1771.550903 0.000000 2661.565430 0.000000 0.089722 0.000000 -0.995967 0.368764 0.368764 0.368764
1738.448364 0.000000 2658.370605 0.000000 0.102671 0.000000 -0.994715 0.368919 0.368919 0.368919
1773.452271 0.000000 2683.335449 0.000000 0.240868 0.000000 -0.970558 0.367400 0.367400 0.367400
1775.774780 0.000000 2673.954102 0.000000 0.021236 0.000000 -0.999775 0.371732 0.371732 0.371732
1766.302734 0.000000 2667.832275 0.000000 0.370417 0.000000 -0.928865 0.366552 0.366552 0.366552
1754.051758 0.000000 2687.059814 0.000000 0.216935 0.000000 -0.976186 0.368490 0.368490 0.368490
1783.633301 0.000000 2673.483398 0.000000 0.387892 0.000000 -0.921705 0.367467 0.367467 0.367467
1761.555908 0.000000 2681.439941 0.000000 0.229869 0.000000 -0.973222 0.370239 0.370239 0.370239
1757.381714 0.000000 2685.360840 0.000000 0.528631 0.000000 -0.848852 0.365015 0.365015 0.365015
1759.589478 0.000000 2684.810791 0.000000 0.397494 0.000000 -0.917605 0.366500 0.366500 0.366500
1750.371582 0.000000 2707.591553 0.000000 0.279603 0.000000 -0.960116 0.368899 0.368899 0.368899
1770.287964 0.000000 2685.447998 0.000000 0.403346 0.000000 -0.915047 0.366560 0.366560 0.366560
1779.232544 0.000000 2674.119629 0.000000 0.523916 0.000000 -0.851770 0.367146 0.367146 0.367146
1758.632446 0.000000 2682.075684 0.000000 0.361343 0.000000 -0.932433 0.369363 0.369363 0.369363
1765.911865 0.000000 2657.925293 0.000000 0.044972 0.000000 -0.998988 0.374132 0.374132 0.374132
1766.210083 0.000000 2688.265625 0.000000 0.403068 0.000000 -0.915170 0.366918 0.366918 0.366918
1738.945435 0.000000 2654.911865 0.000000 0.308216 0.000000 -0.951317 0.369338 0.369338 0.369338
1788.241577 0.000000 2665.508057 0.000000 0.193106 0.000000 -0.981178 0.372972 0.372972 0.372972
1789.523560 0.000000 2668.351074 0.000000 0.510736 0.000000 -0.859737 0.367224 0.367224 0.367224
1770.833130 0.000000 2678.998535 0.000000 0.174737 0.000000 -0.984615 0.371578 0.371578 0.371578
1767.139160 0.000000 2678.493408 0.000000 0.586829 0.000000 -0.809711 0.365378 0.365378 0.365378
1771.793579 0.000000 2689.421875 0.000000 0.490066 0.000000 -0.871686 0.367945 0.367945 0.367945
1760.286133 0.000000 2679.643799 0.000000 0.568357 0.000000 -0.822782 0.366887 0.366887 0.366887
1777.942505 0.000000 2676.876465 0.000000 0.028956 0.000000 -0.999581 0.377484 0.377484 0.377484
1764.226440 0.000000 2674.917480 0.000000 0.216698 0.000000 -0.976239 0.373988 0.373988 0.373988
1763.433105 0.000000 2676.499023 0.000000 0.100387 0.000000 -0.994948 0.377556 0.377556 0.377556
1815.931152 0.000000 2649.998535 0.000000 0.467957 0.000000 -0.883751 0.364016 0.364016 0.364016
1801.597778 0.000000 2704.641113 0.000000 0.552106 0.000000 -0.833774 0.361673 0.361673 0.361673
1818.772095 0.000000 2704.676025 0.000000 0.445458 0.000000 -0.895303 0.363859 0.363859 0.363859
1812.109741 0.000000 2666.455322 0.000000 0.324096 0.000000 -0.946024 0.365937 0.365937 0.365937
1814.697754 0.000000 2701.284180 0.000000 0.524786 0.000000 -0.851234 0.364059 0.364059 0.364059
1815.654907 0.000000 2688.421143 0.000000 0.447948 0.000000 -0.894060 0.365467 0.365467 0.365467
1822.667969 0.000000 2691.146973 0.000000 0.082247 0.000000 -0.996612 0.369834 0.369834 0.369834
1817.450073 0.000000 2702.462402 0.000000 0.296523 0.000000 -0.955026 0.367752 0.367752 0.367752
1820.530762 0.000000 2696.440674 0.000000 0.259933 0.000000 -0.965627 0.368285 0.368285 0.368285
1810.928345 0.000000 2695.670410 0.000000 0.370238 0.000000 -0.928937 0.366658 0.366658 0.366658
1816.543945 0.000000 2669.267090 0.000000 0.501776 0.000000 -0.864997 0.367260 0.367260 0.367260
1689.026123 0.000000 2711.497803 0.000000 0.210171 0.000000 -0.977665 0.367694 0.367694 0.367694
1694.946777 0.000000 2724.489014 0.000000 0.306716 0.000000 -0.951801 0.368538 0.368538 0.368538
1690.413818 0.000000 2719.521484 0.000000 0.118324 0.000000 -0.992975 0.378424 0.378424 0.378424
1721.029419 0.000000 2717.686768 0.000000 0.323216 0.000000 -0.946325 0.373001 0.373001 0.373001
1690.396606 0.000000 2721.287842 0.000000 0.427683 0.000000 -0.903929 0.371849 0.371849 0.371849
1715.450317 0.000000 2764.089111 0.000000 0.482193 0.000000 -0.876065 0.370617 0.370617 0.370617
1696.125000 0.000000 2720.392090 0.000000 0.561396 0.000000 -0.827547 0.366182 0.366182 0.366182
1696.706299 0.000000 2715.399170 0.000000 0.274315 0.000000 -0.961640 0.369996 0.369996 0.369996
1714.757324 0.000000 2712.598145 0.000000 0.437363 0.000000 -0.899285 0.366365 0.366365 0.366365
1713.522705 0.000000 2765.921875 0.000000 0.299355 0.000000 -0.954142 0.374684 0.374684 0.374684
1712.143311 0.000000 2763.666504 0.000000 0.041616 0.000000 -0.999134 0.373249 0.373249 0.373249
1694.456787 0.000000 2714.300781 0.000000 0.276051 0.000000 -0.961143 0.372676 0.372676 0.372676
1693.531982 0.000000 2712.093750 0.000000 0.585918 0.000000 -0.810370 0.366057 0.366057 0.366057
1717.067017 0.000000 2764.452881 0.000000 0.267896 0.000000 -0.963448 0.372144 0.372144 0.372144
1693.126709 0.000000 2716.457275 0.000000 0.270464 0.000000 -0.962730 0.373855 0.373855 0.373855
1689.454346 0.000000 2720.358643 0.000000 0.189427 0.000000 -0.981895 0.376171 0.376171 0.376171
1790.830811 0.000000 2758.485107 0.000000 0.498102 0.000000 -0.867118 0.363433 0.363433 0.363433
1773.601929 0.000000 2751.175049 0.000000 0.417570 0.000000 -0.908645 0.364643 0.364643 0.364643
1787.743408 0.000000 2761.977539 0.000000 0.410108 0.000000 -0.912037 0.365150 0.365150 0.365150
1753.026123 0.000000 2711.497803 0.000000 0.417607 0.000000 -0.908628 0.365788 0.365788 0.365788
1788.605713 0.000000 2743.176514 0.000000 0.539066 0.000000 -0.842263 0.363476 0.363476 0.363476
1770.151367 0.000000 2753.761475 0.000000 0.584489 0.000000 -0.811402 0.363606 0.363606 0.363606
1771.631348 0.000000 2754.799805 0.000000 0.528381 0.000000 -0.849007 0.364621 0.364621 0.364621
1775.226074 0.000000 2752.194092 0.000000 0.123755 0.000000 -0.992313 0.371996 0.371996 0.371996
1744.782227 0.000000 2712.958984 0.000000 0.554206 0.000000 -0.832380 0.365209 0.365209 0.365209
1681.653076 0.000000 2776.203857 0.000000 0.239047 0.000000 -0.971008 0.366205 0.366205 0.366205
1707.597290 0.000000 2769.758789 0.000000 0.350139 0.000000 -0.936698 0.365847 0.365847 0.365847
1727.180664 0.000000 2773.835693 0.000000 0.344667 0.000000 -0.938725 0.372047 0.372047 0.372047
1685.351196 0.000000 2774.163574 0.000000 0.199488 0.000000 -0.979900 0.372624 0.372624 0.372624
1766.302734 0.000000 2780.801025 0.000000 0.476856 0.000000 -0.878981 0.365762 0.365762 0.365762
1728.060181 0.000000 2775.982666 0.000000 0.294296 0.000000 -0.955714 0.373676 0.373676 0.373676
1730.305054 0.000000 2769.084229 0.000000 0.257891 0.000000 -0.966174 0.367913 0.367913 0.367913
1777.404663 0.000000 2787.192383 0.000000 0.447306 0.000000 -0.894381 0.372394 0.372394 0.372394
1783.988525 0.000000 2783.357666 0.000000 0.393062 0.000000 -0.919512 0.369678 0.369678 0.369678
1728.942993 0.000000 2770.883789 0.000000 0.455315 0.000000 -0.890330 0.370485 0.370485 0.370485
1770.500732 0.000000 2782.520020 0.000000 0.452851 0.000000 -0.891586 0.374528 0.374528 0.374528
1781.702759 0.000000 2785.571289 0.000000 0.260725 0.000000 -0.965413 0.376610 0.376610 0.376610
1771.041992 0.000000 2787.813232 0.000000 0.213893 0.000000 -0.976857 0.372855 0.372855 0.372855
1730.810181 0.000000 2774.174805 0.000000 0.244945 0.000000 -0.969537 0.375034 0.375034 0.375034
1768.130127 0.000000 2783.806885 0.000000 0.565027 0.000000 -0.825073 0.370349 0.370349 0.370349
1794.164551 0.000000 2730.621582 0.000000 0.461472 0.000000 -0.887155 0.362442 0.362442 0.362442
1812.194824 0.000000 2757.162842 0.000000 0.226252 0.000000 -0.974069 0.366072 0.366072 0.366072
1797.963745 0.000000 2731.948975 0.000000 0.461328 0.000000 -0.887230 0.363636 0.363636 0.363636
1794.492065 0.000000 2714.839600 0.000000 0.221867 0.000000 -0.975077 0.367008 0.367008 0.367008
1814.697754 0.000000 2757.768555 0.000000 0.222918 0.000000 -0.974837 0.367171 0.367171 0.367171
1800.000732 0.000000 2715.311279 0.000000 0.503092 0.000000 -0.864233 0.364408 0.364408 0.364408
1795.928833 0.000000 2741.381836 0.000000 0.440479 0.000000 -0.897763 0.365876 0.365876 0.365876
1792.010498 0.000000 2739.936279 0.000000 0.228377 0.000000 -0.973573 0.367627 0.367627 0.367627
1800.162109 0.000000 2730.970703 0.000000 0.090852 0.000000 -0.995864 0.370689 0.370689 0.370689
1803.600586 0.000000 2716.971924 0.000000 0.362025 0.000000 -0.932168 0.366729 0.366729 0.366729
1793.729858 0.000000 2743.842285 0.000000 0.408663 0.000000 -0.912686 0.366125 0.366125 0.366125
1799.299561 0.000000 2751.988037 0.000000 0.253268 0.000000 -0.967396 0.367807 0.367807 0.367807
1796.679565 0.000000 2725.486328 0.000000 0.439724 0.000000 -0.898133 0.366083 0.366083 0.366083
1794.093750 0.000000 2722.316406 0.000000 0.007545 0.000000 -0.999972 0.375748 0.375748 0.375748
1792.004639 0.000000 2764.563965 0.000000 0.353152 0.000000 -0.935566 0.368870 0.368870 0.368870
1802.859009 0.000000 2718.778564 0.000000 0.503636 0.000000 -0.863916 0.364582 0.364582 0.364582
1796.483643 0.000000 2745.679932 0.000000 0.502318 0.000000 -0.864683 0.365470 0.365470 0.365470
1798.203369 0.000000 2748.545166 0.000000 0.360002 0.000000 -0.932951 0.367863 0.367863 0.367863
1797.528809 0.000000 2740.588135 0.000000 0.053082 0.000000 -0.998590 0.373340 0.373340 0.373340
1798.455566 0.000000 2739.155273 0.000000 0.039563 0.000000 -0.999217 0.374418 0.374418 0.374418
1856.004639 0.000000 2764.563965 0.000000 0.281326 0.000000 -0.959612 0.367974 0.367974 0.367974
1815.427856 0.000000 2816.729736 0.000000 0.220283 0.000000 -0.975436 0.365733 0.365733 0.365733
1822.662720 0.000000 2813.924805 0.000000 0.582723 0.000000 -0.812671 0.361564 0.361564 0.361564
1825.651611 0.000000 2803.931885 0.000000 0.018389 0.000000 -0.999831 0.371907 0.371907 0.371907
1817.450073 0.000000 2815.431152 0.000000 0.307369 0.000000 -0.951590 0.367538 0.367538 0.367538
1820.903564 0.000000 2774.355713 0.000000 0.274688 0.000000 -0.961533 0.367167 0.367167 0.367167
1822.427490 0.000000 2806.021484 0.000000 0.437634 0.000000 -0.899153 0.371830 0.371830 0.371830
1830.151733 0.000000 2808.058105 0.000000 0.433618 0.000000 -0.901097 0.370839 0.370839 0.370839
1832.804443 0.000000 2801.858643 0.000000 0.023025 0.000000 -0.999735 0.373059 0.373059 0.373059
1822.385010 0.000000 2809.329102 0.000000 0.088682 0.000000 -0.996060 0.378748 0.378748 0.378748
1834.445190 0.000000 2806.590332 0.000000 0.541767 0.000000 -0.840529 0.368623 0.368623 0.368623
1832.332397 0.000000 2805.937256 0.000000 0.443777 0.000000 -0.896137 0.374755 0.374755 0.374755
1827.054199 0.000000 2808.563721 0.000000 0.058549 0.000000 -0.998285 0.383298 0.383298 0.383298
1824.915405 0.000000 2808.649902 0.000000 0.467192 0.000000 -0.884156 0.374169 0.374169 0.374169
1919.419312 0.000000 2789.606445 0.000000 0.020843 0.000000 -0.999783 0.367539 0.367539 0.367539
1856.315308 0.000000 2794.159912 0.000000 0.170878 0.000000 -0.985292 0.366015 0.366015 0.366015
1884.263916 0.000000 2777.030518 0.000000 0.389293 0.000000 -0.921114 0.364887 0.364887 0.364887
1916.880859 0.000000 2790.964111 0.000000 0.134132 0.000000 -0.990963 0.369390 0.369390 0.369390
1858.786255 0.000000 2802.635010 0.000000 0.009921 0.000000 -0.999951 0.370731 0.370731 0.370731
1867.346924 0.000000 2815.698486 0.000000 0.481582 0.000000 -0.876401 0.364516 0.364516 0.364516
1919.022949 0.000000 2821.899902 0.000000 0.237493 0.000000 -0.971389 0.368608 0.368608 0.368608
1908.503296 0.000000 2822.151855 0.000000 0.209189 0.000000 -0.977875 0.368598 0.368598 0.368598
1863.851929 0.000000 2804.911865 0.000000 0.543532 0.000000 -0.839389 0.363927 0.363927 0.363927
1865.640015 0.000000 2800.961426 0.000000 0.054505 0.000000 -0.998513 0.371198 0.371198 0.371198
1900.304199 0.000000 2791.433838 0.000000 0.359433 0.000000 -0.933171 0.365874 0.365874 0.365874
1884.903564 0.000000 2774.355713 0.000000 0.538441 0.000000 -0.842663 0.364012 0.364012 0.364012
1904.749756 0.000000 2790.342041 0.000000 0.218250 0.000000 -0.975893 0.368885 0.368885 0.368885
1912.713501 0.000000 2797.157471 0.000000 0.087654 0.000000 -0.996151 0.370151 0.370151 0.370151
1867.567871 0.000000 2807.887695 0.000000 0.207297 0.000000 -0.978278 0.370351 0.370351 0.370351
1861.188354 0.000000 2810.474365 0.000000 0.348655 0.000000 -0.937251 0.366982 0.366982 0.366982
1856.013672 0.000000 2772.257080 0.000000 0.584485 0.000000 -0.811405 0.363109 0.363109 0.363109
1905.818970 0.000000 2794.482178 0.000000 0.093031 0.000000 -0.995663 0.370658 0.370658 0.370658
1896.666260 0.000000 2814.056885 0.000000 0.188289 0.000000 -0.982114 0.369976 0.369976 0.369976
1874.928345 0.000000 2808.639160 0.000000 0.136986 0.000000 -0.990573 0.376051 0.376051 0.376051
1904.736572 0.000000 2814.421143 0.000000 0.453513 0.000000 -0.891249 0.368264 0.368264 0.368264
1919.474121 0.000000 2812.958740 0.000000 0.114008 0.000000 -0.993480 0.373227 0.373227 0.373227
1877.837891 0.000000 2812.681641 0.000000 0.258964 0.000000 -0.965887 0.374589 0.374589 0.374589
1907.450317 0.000000 2820.573486 0.000000 0.232958 0.000000 -0.972487 0.370483 0.370483 0.370483
1894.249512 0.000000 2821.426514 0.000000 0.048193 0.000000 -0.998838 0.373016 0.373016 0.373016
1892.916992 0.000000 2819.475586 0.000000 0.547892 0.000000 -0.836549 0.366712 0.366712 0.366712
1879.132690 0.000000 2805.683105 0.000000 0.446127 0.000000 -0.894970 0.367190 0.367190 0.367190
1912.254761 0.000000 2815.116699 0.000000 0.239329 0.000000 -0.970939 0.372356 0.372356 0.372356
1868.416504 0.000000 2809.652344 0.000000 0.425251 0.000000 -0.905075 0.368341 0.368341 0.368341
1883.020386 0.000000 2815.942627 0.000000 0.447643 0.000000 -0.894212 0.371371 0.371371 0.371371
1890.384521 0.000000 2816.004150 0.000000 0.361507 0.000000 -0.932370 0.373768 0.373768 0.373768
1886.198853 0.000000 2818.982422 0.000000 0.344311 0.000000 -0.938856 0.371734 0.371734 0.371734
1876.687622 0.000000 2820.437500 0.000000 0.016831 0.000000 -0.999858 0.374102 0.374102 0.374102
1878.839355 0.000000 2818.299316 0.000000 0.253891 0.000000 -0.967233 0.371644 0.371644 0.371644
1873.954346 0.000000 2805.758545 0.000000 0.231225 0.000000 -0.972900 0.375009 0.375009 0.375009
1892.175659 0.000000 2822.649170 0.000000 0.158916 0.000000 -0.987292 0.373367 0.373367 0.373367
1886.239746 0.000000 2815.916260 0.000000 0.207138 0.000000 -0.978312 0.377792 0.377792 0.377792
1872.417358 0.000000 2813.605469 0.000000 0.148351 0.000000 -0.988935 0.373855 0.373855 0.373855
1893.666260 0.000000 2815.570312 0.000000 0.266417 0.000000 -0.963858 0.376092 0.376092 0.376092
1901.060913 0.000000 2816.677246 0.000000 0.112223 0.000000 -0.993683 0.375868 0.375868 0.375868
1885.699463 0.000000 2823.337891 0.000000 0.399590 0.000000 -0.916694 0.368950 0.368950 0.368950
1878.808716 0.000000 2810.753418 0.000000 0.438925 0.000000 -0.898524 0.368339 0.368339 0.368339
1879.770020 0.000000 2813.291992 0.000000 0.207110 0.000000 -0.978318 0.373984 0.373984 0.373984
1874.752686 0.000000 2814.088623 0.000000 0.568100 0.000000 -0.822959 0.367483 0.367483 0.367483
1881.114868 0.000000 2822.060791 0.000000 0.522856 0.000000 -0.852421 0.367122 0.367122 0.367122
1881.668701 0.000000 2816.831055 0.000000 0.351532 0.000000 -0.936176 0.373291 0.373291 0.373291
1869.373169 0.000000 2803.003174 0.000000 0.000600 0.000000 -1.000000 0.376754 0.376754 0.376754
1887.835327 0.000000 2816.931885 0.000000 0.109964 0.000000 -0.993936 0.375972 0.375972 0.375972
1870.338867 0.000000 2809.555420 0.000000 0.401222 0.000000 -0.915981 0.371400 0.371400 0.371400
1882.048218 0.000000 2814.261475 0.000000 0.079128 0.000000 -0.996864 0.378804 0.378804 0.378804
1887.464233 0.000000 2819.369629 0.000000 0.030171 0.000000 -0.999545 0.377462 0.377462 0.377462
2022.720825 0.000000 2757.984619 0.000000 0.207763 0.000000 -0.978179 0.366120 0.366120 0.366120
2009.163940 0.000000 2767.109375 0.000000 0.030500 0.000000 -0.999535 0.370659 0.370659 0.370659
2022.885986 0.000000 2755.411621 0.000000 0.140541 0.000000 -0.990075 0.368678 0.368678 0.368678
2024.632446 0.000000 2750.885254 0.000000 0.405451 0.000000 -0.914117 0.366527 0.366527 0.366527
2020.845703 0.000000 2757.229980 0.000000 0.011926 0.000000 -0.999929 0.371522 0.371522 0.371522
2019.246582 0.000000 2757.668457 0.000000 0.439057 0.000000 -0.898459 0.367654 0.367654 0.367654
2016.219360 0.000000 2757.405518 0.000000 0.419395 0.000000 -0.907804 0.369142 0.369142 0.369142
1966.630737 0.000000 2791.510986 0.000000 0.543104 0.000000 -0.839665 0.362671 0.362671 0.362671
1943.342529 0.000000 2783.245117 0.000000 0.388771 0.000000 -0.921334 0.366481 0.366481 0.366481
1940.672607 0.000000 2787.291748 0.000000 0.296580 0.000000 -0.955008 0.367751 0.367751 0.367751
1958.302734 0.000000 2780.801025 0.000000 0.306323 0.000000 -0.951928 0.367113 0.367113 0.367113
1944.739258 0.000000 2796.303467 0.000000 0.024747 0.000000 -0.999694 0.372358 0.372358 0.372358
1948.897827 0.000000 2789.373291 0.000000 0.299863 0.000000 -0.953982 0.367703 0.367703 0.367703
1928.816650 0.000000 2815.742676 0.000000 0.466845 0.000000 -0.884339 0.365170 0.365170 0.365170
1964.596680 0.000000 2786.685791 0.000000 0.384002 0.000000 -0.923332 0.370306 0.370306 0.370306
1964.434570 0.000000 2779.513184 0.000000 0.247383 0.000000 -0.968918 0.371351 0.371351 0.371351
1972.116699 0.000000 2770.065186 0.000000 0.008002 0.000000 -0.999968 0.373829 0.373829 0.373829
1979.533813 0.000000 2773.309082 0.000000 0.117182 0.000000 -0.993110 0.377811 0.377811 0.377811
1976.122925 0.000000 2771.077881 0.000000 0.100329 0.000000 -0.994954 0.376401 0.376401 0.376401
1960.327271 0.000000 2790.006348 0.000000 0.462973 0.000000 -0.886372 0.368325 0.368325 0.368325
1969.566528 0.000000 2774.916992 0.000000 0.559969 0.000000 -0.828514 0.366424 0.366424 0.366424
1952.356323 0.000000 2780.101318 0.000000 0.532018 0.000000 -0.846733 0.367339 0.367339 0.367339
1981.973755 0.000000 2771.709473 0.000000 0.241711 0.000000 -0.970348 0.376488 0.376488 0.376488
1974.518433 0.000000 2771.423340 0.000000 0.443199 0.000000 -0.896423 0.369524 0.369524 0.369524
1980.446655 0.000000 2771.992188 0.000000 0.515406 0.000000 -0.856946 0.370551 0.370551 0.370551
1921.717041 0.000000 2812.179443 0.000000 0.207118 0.000000 -0.978316 0.371424 0.371424 0.371424
1939.482422 0.000000 2793.424316 0.000000 0.332497 0.000000 -0.943104 0.370128 0.370128 0.370128
1939.827271 0.000000 2800.235840 0.000000 0.166899 0.000000 -0.985974 0.373601 0.373601 0.373601
1920.036377 0.000000 2814.329590 0.000000 0.376729 0.000000 -0.926324 0.369355 0.369355 0.369355
1977.509155 0.000000 2775.369873 0.000000 0.388216 0.000000 -0.921568 0.372327 0.372327 0.372327
1976.681396 0.000000 2772.996094 0.000000 0.067528 0.000000 -0.997717 0.379160 0.379160 0.379160
1979.795532 0.000000 2774.584961 0.000000 0.441376 0.000000 -0.897322 0.370435 0.370435 0.370435
1996.406494 0.000000 2768.682617 0.000000 0.278370 0.000000 -0.960474 0.366440 0.366440 0.366440
2008.281860 0.000000 2789.749512 0.000000 0.087777 0.000000 -0.996140 0.371833 0.371833 0.371833
2005.078003 0.000000 2769.862061 0.000000 0.255514 0.000000 -0.966805 0.367890 0.367890 0.367890
1994.859009 0.000000 2775.262939 0.000000 0.155564 0.000000 -0.987826 0.370457 0.370457 0.370457
1996.231934 0.000000 2770.570801 0.000000 0.491870 0.000000 -0.870669 0.366110 0.366110 0.366110
1991.773682 0.000000 2768.281250 0.000000 0.115223 0.000000 -0.993340 0.371618 0.371618 0.371618
1986.702148 0.000000 2772.897217 0.000000 0.114595 0.000000 -0.993412 0.374045 0.374045 0.374045
1984.065918 0.000000 2773.771729 0.000000 0.466761 0.000000 -0.884383 0.369154 0.369154 0.369154
1995.846924 0.000000 2771.981445 0.000000 0.232668 0.000000 -0.972556 0.371771 0.371771 0.371771
1985.465698 0.000000 2772.293701 0.000000 0.305468 0.000000 -0.952202 0.372246 0.372246 0.372246
1986.946411 0.000000 2770.179688 0.000000 0.312426 0.000000 -0.949942 0.374252 0.374252 0.374252
1904.446289 0.000000 2835.049561 0.000000 0.409046 0.000000 -0.912514 0.364362 0.364362 0.364362
1882.002319 0.000000 2838.254150 0.000000 0.170449 0.000000 -0.985367 0.368282 0.368282 0.368282
1882.413818 0.000000 2832.490234 0.000000 0.062755 0.000000 -0.998029 0.376024 0.376024 0.376024
1905.047241 0.000000 2833.043213 0.000000 0.363995 0.000000 -0.931401 0.368323 0.368323 0.368323
1890.286743 0.000000 2827.846436 0.000000 0.369373 0.000000 -0.929281 0.370735 0.370735 0.370735
1880.548584 0.000000 2826.275635 0.000000 0.113038 0.000000 -0.993591 0.375344 0.375344 0.375344
1899.779663 0.000000 2829.200195 0.000000 0.015130 0.000000 -0.999886 0.378410 0.378410 0.378410
1893.911865 0.000000 2827.378418 0.000000 0.230473 0.000000 -0.973079 0.372627 0.372627 0.372627
1882.746094 0.000000 2824.245850 0.000000 0.335613 0.000000 -0.942000 0.374153 0.374153 0.374153
1882.472168 0.000000 2827.452393 0.000000 0.102890 0.000000 -0.994693 0.375714 0.375714 0.375714
1907.249023 0.000000 2828.628906 0.000000 0.416738 0.000000 -0.909027 0.369191 0.369191 0.369191
1881.317871 0.000000 2831.479004 0.000000 0.078693 0.000000 -0.996899 0.379138 0.379138 0.379138
1893.640869 0.000000 2831.345215 0.000000 0.478771 0.000000 -0.877940 0.370037 0.370037 0.370037
1893.430054 0.000000 2828.686035 0.000000 0.548055 0.000000 -0.836442 0.367271 0.367271 0.367271
1902.835327 0.000000 2828.269287 0.000000 0.535116 0.000000 -0.844779 0.369034 0.369034 0.369034
1889.218384 0.000000 2827.038086 0.000000 0.311761 0.000000 -0.950161 0.371308 0.371308 0.371308
1885.531982 0.000000 2825.062500 0.000000 0.035153 0.000000 -0.999382 0.378111 0.378111 0.378111
1879.642456 0.000000 2831.637695 0.000000 0.534855 0.000000 -0.844944 0.368160 0.368160 0.368160
1881.027344 0.000000 2829.417480 0.000000 0.250056 0.000000 -0.968231 0.375222 0.375222 0.375222
1876.239868 0.000000 2825.370605 0.000000 0.514368 0.000000 -0.857570 0.368234 0.368234 0.368234
1877.606323 0.000000 2825.046387 0.000000 0.441061 0.000000 -0.897477 0.369712 0.369712 0.369712
1894.609985 0.000000 2828.583496 0.000000 0.463736 0.000000 -0.885974 0.369404 0.369404 0.369404
2107.459473 0.000000 2325.219482 0.000000 0.406462 0.000000 -0.913668 0.367619 0.367619 0.367619
2073.317871 0.000000 2323.119629 0.000000 0.197331 0.000000 -0.980337 0.371282 0.371282 0.371282
2078.773926 0.000000 2388.815430 0.000000 0.094818 0.000000 -0.995495 0.367280 0.367280 0.367280
2089.246582 0.000000 2420.655518 0.000000 0.475894 0.000000 -0.879503 0.363430 0.363430 0.363430
2079.885010 0.000000 2391.533936 0.000000 0.481696 0.000000 -0.876338 0.364841 0.364841 0.364841
2102.407227 0.000000 2425.379395 0.000000 0.202160 0.000000 -0.979352 0.375865 0.375865 0.375865
2078.555908 0.000000 2394.681152 0.000000 0.308751 0.000000 -0.951143 0.368232 0.368232 0.368232
2106.732422 0.000000 2426.016602 0.000000 0.172840 0.000000 -0.984950 0.371424 0.371424 0.371424
2107.649902 0.000000 2427.297607 0.000000 0.292320 0.000000 -0.956321 0.369539 0.369539 0.369539
2104.531494 0.000000 2427.804688 0.000000 0.492843 0.000000 -0.870118 0.369044 0.369044 0.369044
2109.962402 0.000000 2474.616211 0.000000 0.411582 0.000000 -0.911373 0.372543 0.372543 0.372543
2108.833740 0.000000 2478.556396 0.000000 0.261032 0.000000 -0.965330 0.373692 0.373692 0.373692
2105.597656 0.000000 2429.544922 0.000000 0.163496 0.000000 -0.986544 0.374335 0.374335 0.374335
2114.523438 0.000000 2443.242920 0.000000 0.116076 0.000000 -0.993240 0.369953 0.369953 0.369953
2114.093750 0.000000 2439.894531 0.000000 0.157343 0.000000 -0.987544 0.369567 0.369567 0.369567
2113.941895 0.000000 2481.456055 0.000000 0.472513 0.000000 -0.881324 0.367766 0.367766 0.367766
2127.409668 0.000000 2468.988281 0.000000 0.090906 0.000000 -0.995860 0.372757 0.372757 0.372757
2105.789062 0.000000 2504.674316 0.000000 0.186168 0.000000 -0.982518 0.376354 0.376354 0.376354
2103.633301 0.000000 2504.030273 0.000000 0.513264 0.000000 -0.858231 0.370286 0.370286 0.370286
2105.095215 0.000000 2509.092041 0.000000 0.497361 0.000000 -0.867543 0.370281 0.370281 0.370281
2104.202881 0.000000 2502.269043 0.000000 0.110616 0.000000 -0.993863 0.377746 0.377746 0.377746
2103.305908 0.000000 2507.136230 0.000000 0.269777 0.000000 -0.962923 0.375342 0.375342 0.375342
2090.451904 0.000000 2633.215332 0.000000 0.522913 0.000000 -0.852386 0.362886 0.362886 0.362886
2125.883301 0.000000 2703.261719 0.000000 0.055610 0.000000 -0.998453 0.367674 0.367674 0.367674
2118.827393 0.000000 2710.764404 0.000000 0.283861 0.000000 -0.958865 0.366199 0.366199 0.366199
2123.346924 0.000000 2702.729736 0.000000 0.077159 0.000000 -0.997019 0.370359 0.370359 0.370359
2116.837402 0.000000 2703.005371 0.000000 0.252950 0.000000 -0.967479 0.371488 0.371488 0.371488
2116.645020 0.000000 2699.379395 0.000000 0.004822 0.000000 -0.999988 0.376204 0.376204 0.376204
2120.996094 0.000000 2705.984619 0.000000 0.100850 0.000000 -0.994902 0.376071 0.376071 0.376071
2119.451660 0.000000 2702.483398 0.000000 0.559289 0.000000 -0.828973 0.367121 0.367121 0.367121
2092.084717 0.000000 2741.993896 0.000000 0.158952 0.000000 -0.987286 0.368434 0.368434 0.368434
2087.451416 0.000000 2726.245605 0.000000 0.112802 0.000000 -0.993617 0.370317 0.370317 0.370317
2102.374756 0.000000 2742.799805 0.000000 0.516916 0.000000 -0.856036 0.364276 0.364276 0.364276
4827.568359 0.000000 993.641724 0.000000 0.334596 0.000000 -0.942362 0.369555 0.369555 0.369555
4827.789062 0.000000 995.414062 0.000000 0.069234 0.000000 -0.997600 0.383456 0.383456 0.383456
6072.579102 0.000000 1348.302979 0.000000 0.559639 0.000000 -0.828736 0.362249 0.362249 0.362249
6078.298340 0.000000 1348.611328 0.000000 0.285936 0.000000 -0.958249 0.368130 0.368130 0.368130
6074.541992 0.000000 1348.311646 0.000000 0.314372 0.000000 -0.949300 0.368419 0.368419 0.368419
6072.590820 0.000000 1353.051270 0.000000 0.055582 0.000000 -0.998454 0.371713 0.371713 0.371713
6079.399414 0.000000 1347.632935 0.000000 0.020003 0.000000 -0.999800 0.375746 0.375746 0.375746
6113.456543 0.000000 1313.065552 0.000000 0.066279 0.000000 -0.997801 0.368667 0.368667 0.368667
6082.892090 0.000000 1337.341919 0.000000 0.545410 0.000000 -0.838170 0.362332 0.362332 0.362332
6127.221680 0.000000 1332.439209 0.000000 0.221631 0.000000 -0.975131 0.368248 0.368248 0.368248
6132.417969 0.000000 1329.465698 0.000000 0.040730 0.000000 -0.999170 0.370656 0.370656 0.370656
6088.816895 0.000000 1347.148926 0.000000 0.577545 0.000000 -0.816359 0.362894 0.362894 0.362894
6135.633301 0.000000 1317.858521 0.000000 0.556735 0.000000 -0.830690 0.368117 0.368117 0.368117
6084.837402 0.000000 1347.380371 0.000000 0.045140 0.000000 -0.998981 0.377728 0.377728 0.377728
6112.410645 0.000000 1316.510132 0.000000 0.319864 0.000000 -0.947464 0.369857 0.369857 0.369857
6085.526367 0.000000 1340.206543 0.000000 0.532845 0.000000 -0.846213 0.366661 0.366661 0.366661
6081.867188 0.000000 1355.343750 0.000000 0.371557 0.000000 -0.928410 0.368302 0.368302 0.368302
6134.224609 0.000000 1314.319336 0.000000 0.397339 0.000000 -0.917672 0.369752 0.369752 0.369752
6085.392090 0.000000 1348.880493 0.000000 0.362902 0.000000 -0.931827 0.372323 0.372323 0.372323
6081.707031 0.000000 1347.644531 0.000000 0.106344 0.000000 -0.994329 0.375397 0.375397 0.375397
6140.529297 0.000000 1332.574097 0.000000 0.010339 0.000000 -0.999947 0.375430 0.375430 0.375430
6115.134277 0.000000 1316.442261 0.000000 0.306612 0.000000 -0.951835 0.371180 0.371180 0.371180
6083.320312 0.000000 1347.928711 0.000000 0.072421 0.000000 -0.997374 0.376053 0.376053 0.376053
6085.362305 0.000000 1351.825439 0.000000 0.533678 0.000000 -0.845688 0.369639 0.369639 0.369639
6140.908691 0.000000 1314.076416 0.000000 0.479242 0.000000 -0.877683 0.370354 0.370354 0.370354
6137.149414 0.000000 1315.246216 0.000000 0.144745 0.000000 -0.989469 0.376906 0.376906 0.376906
6046.227539 0.000000 1360.182373 0.000000 0.145844 0.000000 -0.989308 0.367052 0.367052 0.367052
6072.270996 0.000000 1376.134766 0.000000 0.120958 0.000000 -0.992658 0.369506 0.369506 0.369506
6063.560547 0.000000 1398.388672 0.000000 0.232658 0.000000 -0.972559 0.366869 0.366869 0.366869
6070.375000 0.000000 1387.174683 0.000000 0.587465 0.000000 -0.809249 0.362935 0.362935 0.362935
6046.946777 0.000000 1368.864014 0.000000 0.362402 0.000000 -0.932022 0.367510 0.367510 0.367510
6057.380859 0.000000 1371.572632 0.000000 0.522170 0.000000 -0.852841 0.364146 0.364146 0.364146
6070.278809 0.000000 1355.656860 0.000000 0.484242 0.000000 -0.874934 0.364707 0.364707 0.364707
6044.806641 0.000000 1405.988037 0.000000 0.174161 0.000000 -0.984717 0.372623 0.372623 0.372623
6059.248535 0.000000 1388.451050 0.000000 0.278449 0.000000 -0.960451 0.368973 0.368973 0.368973
6048.410645 0.000000 1372.994507 0.000000 0.176602 0.000000 -0.984282 0.369357 0.369357 0.369357
6072.123047 0.000000 1358.968506 0.000000 0.491826 0.000000 -0.870693 0.365649 0.365649 0.365649
6070.093750 0.000000 1379.892334 0.000000 0.244933 0.000000 -0.969540 0.368790 0.368790 0.368790
6049.938477 0.000000 1406.513550 0.000000 0.242817 0.000000 -0.970072 0.370732 0.370732 0.370732
6069.040527 0.000000 1384.272461 0.000000 0.310994 0.000000 -0.950412 0.368745 0.368745 0.368745
6046.198730 0.000000 1406.873169 0.000000 0.482482 0.000000 -0.875906 0.368605 0.368605 0.368605
6071.532715 0.000000 1380.234863 0.000000 0.289814 0.000000 -0.957083 0.371866 0.371866 0.371866
6116.219727 0.000000 1395.782471 0.000000 0.014325 0.000000 -0.999897 0.368496 0.368496 0.368496
6106.771973 0.000000 1405.535278 0.000000 0.246744 0.000000 -0.969081 0.365877 0.365877 0.365877
6090.749023 0.000000 1397.817871 0.000000 0.452334 0.000000 -0.891848 0.364147 0.364147 0.364147
6110.841309 0.000000 1387.257202 0.000000 0.104157 0.000000 -0.994561 0.368067 0.368067 0.368067
6089.349609 0.000000 1408.180054 0.000000 0.251493 0.000000 -0.967859 0.367429 0.367429 0.367429
6108.691406 0.000000 1403.717285 0.000000 0.098248 0.000000 -0.995162 0.370070 0.370070 0.370070
6105.450195 0.000000 1403.321777 0.000000 0.536455 0.000000 -0.843929 0.364308 0.364308 0.364308
6093.897461 0.000000 1398.732910 0.000000 0.536693 0.000000 -0.843777 0.363207 0.363207 0.363207
6105.195312 0.000000 1401.200806 0.000000 0.578368 0.000000 -0.815776 0.364922 0.364922 0.364922
6109.062500 0.000000 1373.301270 0.000000 0.136848 0.000000 -0.990592 0.373173 0.373173 0.373173
6134.407227 0.000000 1408.660645 0.000000 0.529980 0.000000 -0.848010 0.364726 0.364726 0.364726
6090.858887 0.000000 1363.153687 0.000000 0.193647 0.000000 -0.981071 0.369777 0.369777 0.369777
6087.773438 0.000000 1356.171997 0.000000 0.276418 0.000000 -0.961037 0.371542 0.371542 0.371542
6080.976074 0.000000 1356.145264 0.000000 0.176858 0.000000 -0.984236 0.371118 0.371118 0.371118
6038.797363 0.000000 1413.083984 0.000000 0.234795 0.000000 -0.972045 0.365151 0.365151 0.365151
6073.915527 0.000000 1422.824097 0.000000 0.142765 0.000000 -0.989757 0.366341 0.366341 0.366341
6065.158691 0.000000 1446.737793 0.000000 0.397540 0.000000 -0.917585 0.363910 0.363910 0.363910
6070.496094 0.000000 1441.418213 0.000000 0.167958 0.000000 -0.985794 0.367029 0.367029 0.367029
6047.085938 0.000000 1419.738281 0.000000 0.544999 0.000000 -0.838436 0.362816 0.362816 0.362816
6070.928223 0.000000 1428.994385 0.000000 0.233386 0.000000 -0.972384 0.368434 0.368434 0.368434
6052.142090 0.000000 1412.204590 0.000000 0.134850 0.000000 -0.990866 0.370258 0.370258 0.370258
6047.881836 0.000000 1414.758789 0.000000 0.278978 0.000000 -0.960297 0.366939 0.366939 0.366939
6072.956055 0.000000 1437.525146 0.000000 0.340929 0.000000 -0.940089 0.367204 0.367204 0.367204
6071.775879 0.000000 1439.834351 0.000000 0.403139 0.000000 -0.915139 0.366261 0.366261 0.366261
6077.495117 0.000000 1431.269653 0.000000 0.485776 0.000000 -0.874083 0.366588 0.366588 0.366588
6073.095215 0.000000 1435.889038 0.000000 0.309568 0.000000 -0.950877 0.369207 0.369207 0.369207
6076.241699 0.000000 1422.851807 0.000000 0.267861 0.000000 -0.963458 0.369589 0.369589 0.369589
6077.768066 0.000000 1439.307495 0.000000 0.288144 0.000000 -0.957587 0.371784 0.371784 0.371784
6118.643555 0.000000 1463.811523 0.000000 0.063315 0.000000 -0.997994 0.369494 0.369494 0.369494
6095.844238 0.000000 1415.236572 0.000000 0.443133 0.000000 -0.896456 0.365008 0.365008 0.365008
6086.202148 0.000000 1423.622192 0.000000 0.350848 0.000000 -0.936432 0.365890 0.365890 0.365890
6136.956055 0.000000 1437.525146 0.000000 0.391842 0.000000 -0.920033 0.366536 0.366536 0.366536
6134.075195 0.000000 1433.654419 0.000000 0.209593 0.000000 -0.977789 0.368118 0.368118 0.368118
6113.958496 0.000000 1452.338379 0.000000 0.105957 0.000000 -0.994371 0.370157 0.370157 0.370157
6132.948730 0.000000 1438.835449 0.000000 0.065972 0.000000 -0.997821 0.377152 0.377152 0.377152
6081.541504 0.000000 1433.273438 0.000000 0.254489 0.000000 -0.967076 0.368478 0.368478 0.368478
6104.543945 0.000000 1422.286865 0.000000 0.002285 0.000000 -0.999997 0.378028 0.378028 0.378028
6133.040527 0.000000 1440.756836 0.000000 0.280984 0.000000 -0.959713 0.375788 0.375788 0.375788
6135.627441 0.000000 1442.736816 0.000000 0.382402 0.000000 -0.923996 0.371881 0.371881 0.371881
6093.933594 0.000000 1417.978271 0.000000 0.057818 0.000000 -0.998327 0.374391 0.374391 0.374391
6132.736328 0.000000 1436.960449 0.000000 0.432220 0.000000 -0.901768 0.368609 0.368609 0.368609
6101.351074 0.000000 1418.538452 0.000000 0.510472 0.000000 -0.859895 0.369581 0.369581 0.369581
6096.411621 0.000000 1416.503906 0.000000 0.015381 0.000000 -0.999882 0.379357 0.379357 0.379357
6092.093750 0.000000 1420.196899 0.000000 0.386862 0.000000 -0.922138 0.370817 0.370817 0.370817
6081.285645 0.000000 1441.221313 0.000000 0.436602 0.000000 -0.899655 0.370239 0.370239 0.370239
6133.814941 0.000000 1442.484497 0.000000 0.566059 0.000000 -0.824365 0.367571 0.367571 0.367571
6092.047363 0.000000 1418.991211 0.000000 0.509658 0.000000 -0.860377 0.369463 0.369463 0.369463
6127.569336 0.000000 1468.696899 0.000000 0.506173 0.000000 -0.862432 0.365359 0.365359 0.365359
5865.913086 0.000000 1711.926025 0.000000 0.263862 0.000000 -0.964560 0.372500 0.372500 0.372500
5867.614258 0.000000 1704.755493 0.000000 0.060257 0.000000 -0.998183 0.379763 0.379763 0.379763
6257.916504 0.000000 526.149353 0.000000 0.299913 0.000000 -0.953966 0.364494 0.364494 0.364494
6224.913574 0.000000 540.929443 0.000000 0.340089 0.000000 -0.940393 0.364757 0.364757 0.364757
6243.373047 0.000000 535.302673 0.000000 0.056001 0.000000 -0.998431 0.369324 0.369324 0.369324
6264.579102 0.000000 557.521790 0.000000 0.541736 0.000000 -0.840548 0.362212 0.362212 0.362212
6258.335449 0.000000 529.252441 0.000000 0.483912 0.000000 -0.875117 0.363223 0.363223 0.363223
6261.008789 0.000000 552.581238 0.000000 0.112790 0.000000 -0.993619 0.368024 0.368024 0.368024
6257.258789 0.000000 545.816345 0.000000 0.537976 0.000000 -0.842960 0.364194 0.364194 0.364194
6252.263184 0.000000 558.534485 0.000000 0.547628 0.000000 -0.836722 0.364032 0.364032 0.364032
6261.193359 0.000000 547.694336 0.000000 0.567070 0.000000 -0.823669 0.363531 0.363531 0.363531
6263.775879 0.000000 536.084351 0.000000 0.194671 0.000000 -0.980869 0.371564 0.371564 0.371564
6262.407227 0.000000 561.395020 0.000000 0.406795 0.000000 -0.913519 0.370784 0.370784 0.370784
6265.560059 0.000000 559.003357 0.000000 0.199330 0.000000 -0.979932 0.369814 0.369814 0.369814
6269.998047 0.000000 540.985413 0.000000 0.499182 0.000000 -0.866497 0.365844 0.365844 0.365844
6256.720703 0.000000 538.403137 0.000000 0.564251 0.000000 -0.825603 0.367441 0.367441 0.367441
6247.139160 0.000000 532.087097 0.000000 0.154362 0.000000 -0.988014 0.377835 0.377835 0.377835
6258.969727 0.000000 562.618042 0.000000 0.545330 0.000000 -0.838221 0.370455 0.370455 0.370455
6251.860840 0.000000 533.665405 0.000000 0.497425 0.000000 -0.867507 0.373400 0.373400 0.373400
6256.308105 0.000000 562.223145 0.000000 0.223385 0.000000 -0.974730 0.376336 0.376336 0.376336
6246.447266 0.000000 534.850098 0.000000 0.282828 0.000000 -0.959171 0.375750 0.375750 0.375750
6261.852051 0.000000 562.625732 0.000000 0.101607 0.000000 -0.994825 0.378945 0.378945 0.378945
6261.738770 0.000000 540.984497 0.000000 0.394781 0.000000 -0.918775 0.370308 0.370308 0.370308
6261.814941 0.000000 538.734497 0.000000 0.127817 0.000000 -0.991798 0.374896 0.374896 0.374896
6377.927734 0.000000 496.608276 0.000000 0.243035 0.000000 -0.970018 0.366039 0.366039 0.366039
6384.587402 0.000000 502.801056 0.000000 0.351602 0.000000 -0.936150 0.367785 0.367785 0.367785
6388.105469 0.000000 494.265961 0.000000 0.119141 0.000000 -0.992877 0.377583 0.377583 0.377583
6394.541992 0.000000 501.046051 0.000000 0.406097 0.000000 -0.913830 0.368985 0.368985 0.368985
6392.590820 0.000000 505.785706 0.000000 0.481094 0.000000 -0.876669 0.366065 0.366065 0.366065
6385.177734 0.000000 493.488220 0.000000 0.357192 0.000000 -0.934031 0.368066 0.368066 0.368066
6394.464844 0.000000 488.162415 0.000000 0.561438 0.000000 -0.827519 0.366863 0.366863 0.366863
6391.086426 0.000000 488.491302 0.000000 0.518323 0.000000 -0.855185 0.366001 0.366001 0.366001
6393.096680 0.000000 485.939941 0.000000 0.364814 0.000000 -0.931081 0.369617 0.369617 0.369617
6393.560059 0.000000 502.519012 0.000000 0.119507 0.000000 -0.992833 0.373012 0.373012 0.373012
6392.254883 0.000000 499.257385 0.000000 0.069339 0.000000 -0.997593 0.376894 0.376894 0.376894
6386.333496 0.000000 490.811584 0.000000 0.497466 0.000000 -0.867484 0.365599 0.365599 0.365599
6393.390625 0.000000 494.282166 0.000000 0.448329 0.000000 -0.893869 0.369278 0.369278 0.369278
6397.962402 0.000000 497.663055 0.000000 0.248046 0.000000 -0.968748 0.371109 0.371109 0.371109
6397.998047 0.000000 484.501038 0.000000 0.513885 0.000000 -0.857859 0.365812 0.365812 0.365812
6391.190918 0.000000 493.765564 0.000000 0.280529 0.000000 -0.959846 0.373381 0.373381 0.373381
6398.782227 0.000000 489.895081 0.000000 0.294931 0.000000 -0.955518 0.370608 0.370608 0.370608
6392.429688 0.000000 489.070435 0.000000 0.006402 0.000000 -0.999979 0.376245 0.376245 0.376245
6388.551758 0.000000 493.003326 0.000000 0.401560 0.000000 -0.915833 0.371342 0.371342 0.371342
6311.131348 0.000000 543.338501 0.000000 0.260249 0.000000 -0.965542 0.366395 0.366395 0.366395
6321.605957 0.000000 561.213257 0.000000 0.329672 0.000000 -0.944095 0.365537 0.365537 0.365537
6278.113770 0.000000 547.317871 0.000000 0.013070 0.000000 -0.999915 0.369804 0.369804 0.369804
6274.892090 0.000000 546.560669 0.000000 0.204381 0.000000 -0.978891 0.367652 0.367652 0.367652
6332.880859 0.000000 531.589050 0.000000 0.567251 0.000000 -0.823545 0.362344 0.362344 0.362344
6314.622559 0.000000 562.384460 0.000000 0.510774 0.000000 -0.859715 0.363562 0.363562 0.363562
6275.898438 0.000000 561.116028 0.000000 0.547481 0.000000 -0.836818 0.362432 0.362432 0.362432
6332.341309 0.000000 561.527222 0.000000 0.010807 0.000000 -0.999942 0.369901 0.369901 0.369901
6305.615234 0.000000 562.455078 0.000000 0.088251 0.000000 -0.996098 0.369301 0.369301 0.369301
6277.852539 0.000000 531.204956 0.000000 0.516828 0.000000 -0.856090 0.364053 0.364053 0.364053
6303.859863 0.000000 556.192871 0.000000 0.469713 0.000000 -0.882819 0.368055 0.368055 0.368055
6312.666504 0.000000 554.681885 0.000000 0.049740 0.000000 -0.998762 0.375784 0.375784 0.375784
6313.461914 0.000000 563.959045 0.000000 0.429634 0.000000 -0.903003 0.365801 0.365801 0.365801
6321.665527 0.000000 537.121948 0.000000 0.347913 0.000000 -0.937527 0.371878 0.371878 0.371878
6314.718262 0.000000 554.858398 0.000000 0.552078 0.000000 -0.833792 0.364258 0.364258 0.364258
6319.125977 0.000000 547.276489 0.000000 0.550148 0.000000 -0.835067 0.364464 0.364464 0.364464
6314.572266 0.000000 557.938293 0.000000 0.267216 0.000000 -0.963637 0.368463 0.368463 0.368463
6276.483398 0.000000 542.789246 0.000000 0.079722 0.000000 -0.996817 0.373125 0.373125 0.373125
6330.544922 0.000000 540.330078 0.000000 0.543802 0.000000 -0.839213 0.366185 0.366185 0.366185
6322.333496 0.000000 547.295959 0.000000 0.250659 0.000000 -0.968075 0.370203 0.370203 0.370203
6289.633301 0.000000 557.188232 0.000000 0.249570 0.000000 -0.968357 0.371257 0.371257 0.371257
6317.740723 0.000000 538.568542 0.000000 0.293464 0.000000 -0.955970 0.374359 0.374359 0.374359
6325.040527 0.000000 537.006836 0.000000 0.479377 0.000000 -0.877609 0.369696 0.369696 0.369696
6314.998047 0.000000 545.026306 0.000000 0.476036 0.000000 -0.879426 0.366996 0.366996 0.366996
6311.682617 0.000000 556.610352 0.000000 0.510354 0.000000 -0.859965 0.370171 0.370171 0.370171
6277.528809 0.000000 537.697571 0.000000 0.159962 0.000000 -0.987123 0.372857 0.372857 0.372857
6332.552246 0.000000 537.778564 0.000000 0.330320 0.000000 -0.943869 0.372269 0.372269 0.372269
6335.335449 0.000000 534.588745 0.000000 0.381005 0.000000 -0.924573 0.372012 0.372012 0.372012
6327.635742 0.000000 540.642822 0.000000 0.528500 0.000000 -0.848934 0.369403 0.369403 0.369403
6315.793457 0.000000 543.015686 0.000000 0.373295 0.000000 -0.927713 0.370973 0.370973 0.370973
6286.955566 0.000000 560.651550 0.000000 0.334107 0.000000 -0.942535 0.373916 0.373916 0.373916
6333.768066 0.000000 535.557556 0.000000 0.471045 0.000000 -0.882109 0.369446 0.369446 0.369446
6325.027344 0.000000 539.876465 0.000000 0.223061 0.000000 -0.974804 0.377871 0.377871 0.377871
6333.635254 0.000000 536.981384 0.000000 0.351755 0.000000 -0.936092 0.371857 0.371857 0.371857
6322.554199 0.000000 545.603394 0.000000 0.497285 0.000000 -0.867587 0.369916 0.369916 0.369916
6316.297363 0.000000 540.411865 0.000000 0.245438 0.000000 -0.969412 0.374736 0.374736 0.374736
6325.738770 0.000000 540.984497 0.000000 0.181913 0.000000 -0.983315 0.377346 0.377346 0.377346
6319.941406 0.000000 542.978760 0.000000 0.461615 0.000000 -0.887080 0.371306 0.371306 0.371306
6338.164551 0.000000 527.730896 0.000000 0.241813 0.000000 -0.970323 0.365301 0.365301 0.365301
6361.550293 0.000000 519.960815 0.000000 0.282718 0.000000 -0.959203 0.364868 0.364868 0.364868
6389.757812 0.000000 527.724121 0.000000 0.003640 0.000000 -0.999993 0.368623 0.368623 0.368623
6381.457031 0.000000 512.572937 0.000000 0.380211 0.000000 -0.924900 0.364599 0.364599 0.364599
6396.365723 0.000000 511.087036 0.000000 0.274862 0.000000 -0.961484 0.366882 0.366882 0.366882
6352.764160 0.000000 524.311340 0.000000 0.055505 0.000000 -0.998458 0.370191 0.370191 0.370191
6392.373535 0.000000 508.497803 0.000000 0.162901 0.000000 -0.986642 0.370042 0.370042 0.370042
6393.683105 0.000000 510.515106 0.000000 0.302414 0.000000 -0.953177 0.367224 0.367224 0.367224
6382.967285 0.000000 523.736206 0.000000 0.420376 0.000000 -0.907350 0.366789 0.366789 0.366789
6336.164062 0.000000 564.698425 0.000000 0.088404 0.000000 -0.996085 0.370011 0.370011 0.370011
6398.808594 0.000000 536.386902 0.000000 0.048817 0.000000 -0.998808 0.372541 0.372541 0.372541
6347.567871 0.000000 548.512695 0.000000 0.223733 0.000000 -0.974651 0.367925 0.367925 0.367925
6344.816895 0.000000 556.367676 0.000000 0.425569 0.000000 -0.904926 0.369868 0.369868 0.369868
6380.434570 0.000000 520.138062 0.000000 0.260412 0.000000 -0.965498 0.372162 0.372162 0.372162
6385.047363 0.000000 517.183838 0.000000 0.000695 0.000000 -1.000000 0.373529 0.373529 0.373529
6340.837402 0.000000 556.599121 0.000000 0.155492 0.000000 -0.987837 0.375402 0.375402 0.375402
6371.248535 0.000000 522.720764 0.000000 0.184475 0.000000 -0.982837 0.375358 0.375358 0.375358
6339.196289 0.000000 554.109863 0.000000 0.302246 0.000000 -0.953230 0.373300 0.373300 0.373300
6385.127930 0.000000 510.187195 0.000000 0.244951 0.000000 -0.969535 0.369773 0.369773 0.369773
6395.648926 0.000000 529.872070 0.000000 0.371605 0.000000 -0.928391 0.370589 0.370589 0.370589
6381.137695 0.000000 523.419495 0.000000 0.034188 0.000000 -0.999415 0.373900 0.373900 0.373900
6394.962891 0.000000 526.498108 0.000000 0.056190 0.000000 -0.998420 0.375145 0.375145 0.375145
6368.356445 0.000000 520.726257 0.000000 0.269170 0.000000 -0.963093 0.371157 0.371157 0.371157
6389.819336 0.000000 516.985107 0.000000 0.542224 0.000000 -0.840234 0.366564 0.366564 0.366564
6359.098145 0.000000 527.373718 0.000000 0.567220 0.000000 -0.823567 0.365431 0.365431 0.365431
6340.650391 0.000000 546.135437 0.000000 0.303987 0.000000 -0.952676 0.373156 0.373156 0.373156
6377.112793 0.000000 518.797180 0.000000 0.265527 0.000000 -0.964103 0.369853 0.369853 0.369853
6340.645020 0.000000 552.973267 0.000000 0.280240 0.000000 -0.959930 0.372375 0.372375 0.372375
6341.392090 0.000000 558.099182 0.000000 0.366631 0.000000 -0.930366 0.372353 0.372353 0.372353
6345.808594 0.000000 530.717651 0.000000 0.537218 0.000000 -0.843443 0.366751 0.366751 0.366751
6378.374023 0.000000 521.004150 0.000000 0.205060 0.000000 -0.978749 0.373305 0.373305 0.373305
6365.330566 0.000000 524.466553 0.000000 0.227830 0.000000 -0.973701 0.374547 0.374547 0.374547
6344.569824 0.000000 564.296326 0.000000 0.071035 0.000000 -0.997474 0.378567 0.378567 0.378567
6345.361328 0.000000 562.367615 0.000000 0.232113 0.000000 -0.972689 0.375284 0.375284 0.375284
6364.656250 0.000000 523.231873 0.000000 0.120039 0.000000 -0.992769 0.375538 0.375538 0.375538
6340.237305 0.000000 559.893982 0.000000 0.426260 0.000000 -0.904601 0.371138 0.371138 0.371138
6370.137695 0.000000 523.262512 0.000000 0.488337 0.000000 -0.872655 0.369415 0.369415 0.369415
6244.294922 0.000000 568.500488 0.000000 0.389547 0.000000 -0.921007 0.365139 0.365139 0.365139
6262.928223 0.000000 581.728821 0.000000 0.583388 0.000000 -0.812194 0.362507 0.362507 0.362507
6259.156250 0.000000 578.916809 0.000000 0.186805 0.000000 -0.982397 0.369213 0.369213 0.369213
6257.878906 0.000000 577.187622 0.000000 0.114797 0.000000 -0.993389 0.370797 0.370797 0.370797
6260.512207 0.000000 574.698120 0.000000 0.484182 0.000000 -0.874967 0.365220 0.365220 0.365220
6265.789062 0.000000 584.205505 0.000000 0.140054 0.000000 -0.990144 0.370434 0.370434 0.370434
6261.692383 0.000000 576.578735 0.000000 0.512009 0.000000 -0.858980 0.364672 0.364672 0.364672
6257.566406 0.000000 572.026367 0.000000 0.090222 0.000000 -0.995922 0.373350 0.373350 0.373350
6266.833496 0.000000 568.109253 0.000000 0.100733 0.000000 -0.994913 0.372220 0.372220 0.372220
6261.412598 0.000000 567.639771 0.000000 0.474845 0.000000 -0.880069 0.371343 0.371343 0.371343
6265.597656 0.000000 565.560486 0.000000 0.394191 0.000000 -0.919029 0.371185 0.371185 0.371185
6306.139648 0.000000 566.570068 0.000000 0.436425 0.000000 -0.899741 0.364082 0.364082 0.364082
6288.310547 0.000000 589.638367 0.000000 0.299870 0.000000 -0.953980 0.365103 0.365103 0.365103
6296.357910 0.000000 573.354736 0.000000 0.555306 0.000000 -0.831646 0.362614 0.362614 0.362614
6287.844238 0.000000 567.970947 0.000000 0.273418 0.000000 -0.961895 0.367241 0.367241 0.367241
6310.658203 0.000000 573.064758 0.000000 0.090369 0.000000 -0.995908 0.368820 0.368820 0.368820
6280.000977 0.000000 568.904968 0.000000 0.502582 0.000000 -0.864529 0.364918 0.364918 0.364918
6335.940430 0.000000 584.293213 0.000000 0.522490 0.000000 -0.852645 0.364141 0.364141 0.364141
6283.600586 0.000000 570.565552 0.000000 0.554570 0.000000 -0.832137 0.363742 0.363742 0.363742
6276.206055 0.000000 567.098694 0.000000 0.470698 0.000000 -0.882295 0.365251 0.365251 0.365251
6317.664062 0.000000 571.839355 0.000000 0.395306 0.000000 -0.918550 0.367551 0.367551 0.367551
6272.668457 0.000000 582.614197 0.000000 0.516106 0.000000 -0.856524 0.364694 0.364694 0.364694
6274.305176 0.000000 566.193604 0.000000 0.149561 0.000000 -0.988752 0.370296 0.370296 0.370296
6283.631836 0.000000 581.360046 0.000000 0.579806 0.000000 -0.814755 0.364978 0.364978 0.364978
6316.596680 0.000000 583.795044 0.000000 0.115106 0.000000 -0.993353 0.376516 0.376516 0.376516
6327.476074 0.000000 576.739014 0.000000 0.106778 0.000000 -0.994283 0.372640 0.372640 0.372640
6331.459473 0.000000 574.203918 0.000000 0.390150 0.000000 -0.920751 0.369833 0.369833 0.369833
6331.325195 0.000000 576.959045 0.000000 0.027571 0.000000 -0.999620 0.376362 0.376362 0.376362
6303.909668 0.000000 579.811218 0.000000 0.009818 0.000000 -0.999952 0.374756 0.374756 0.374756
6307.248535 0.000000 579.205139 0.000000 0.350710 0.000000 -0.936484 0.370500 0.370500 0.370500
6292.110352 0.000000 578.481567 0.000000 0.447995 0.000000 -0.894036 0.369381 0.369381 0.369381
6280.607910 0.000000 578.679199 0.000000 0.304548 0.000000 -0.952497 0.369618 0.369618 0.369618
6313.043945 0.000000 576.859375 0.000000 0.566939 0.000000 -0.823760 0.364845 0.364845 0.364845
6310.039062 0.000000 582.945435 0.000000 0.425084 0.000000 -0.905154 0.368443 0.368443 0.368443
6289.241211 0.000000 582.475098 0.000000 0.447774 0.000000 -0.894147 0.366292 0.366292 0.366292
6299.871582 0.000000 584.911194 0.000000 0.351944 0.000000 -0.936021 0.369208 0.369208 0.369208
6294.760742 0.000000 574.048157 0.000000 0.426062 0.000000 -0.904694 0.367388 0.367388 0.367388
6290.442871 0.000000 581.222839 0.000000 0.084631 0.000000 -0.996412 0.372659 0.372659 0.372659
6320.528809 0.000000 585.724731 0.000000 0.156568 0.000000 -0.987667 0.373098 0.373098 0.373098
6299.663086 0.000000 587.639404 0.000000 0.535291 0.000000 -0.844668 0.365690 0.365690 0.365690
6311.006836 0.000000 584.247498 0.000000 0.563549 0.000000 -0.826082 0.368263 0.368263 0.368263
6295.098145 0.000000 583.858093 0.000000 0.224995 0.000000 -0.974360 0.371548 0.371548 0.371548
6332.241699 0.000000 575.586182 0.000000 0.554248 0.000000 -0.832352 0.367958 0.367958 0.367958
6298.288574 0.000000 584.676453 0.000000 0.104802 0.000000 -0.994493 0.373247 0.373247 0.373247
6286.208008 0.000000 576.092285 0.000000 0.140465 0.000000 -0.990086 0.371990 0.371990 0.371990
6333.121582 0.000000 581.068726 0.000000 0.116182 0.000000 -0.993228 0.373446 0.373446 0.373446
6292.786621 0.000000 582.179688 0.000000 0.211893 0.000000 -0.977293 0.370755 0.370755 0.370755
6314.833008 0.000000 589.076538 0.000000 0.262930 0.000000 -0.964815 0.370008 0.370008 0.370008
6328.549805 0.000000 586.819519 0.000000 0.473050 0.000000 -0.881036 0.369970 0.369970 0.369970
6307.868164 0.000000 580.684631 0.000000 0.519539 0.000000 -0.854447 0.365890 0.365890 0.365890
6297.273438 0.000000 585.772278 0.000000 0.118391 0.000000 -0.992967 0.373030 0.373030 0.373030
6335.011719 0.000000 574.206055 0.000000 0.054292 0.000000 -0.998525 0.380079 0.380079 0.380079
6320.912598 0.000000 580.656799 0.000000 0.020022 0.000000 -0.999800 0.374933 0.374933 0.374933
6330.349609 0.000000 571.119141 0.000000 0.373570 0.000000 -0.927602 0.370345 0.370345 0.370345
6333.779785 0.000000 575.622742 0.000000 0.583963 0.000000 -0.811780 0.367298 0.367298 0.367298
6334.128906 0.000000 571.704285 0.000000 0.542025 0.000000 -0.840363 0.367353 0.367353 0.367353
6295.267578 0.000000 579.045776 0.000000 0.174003 0.000000 -0.984745 0.375309 0.375309 0.375309
6324.879395 0.000000 586.842224 0.000000 0.222437 0.000000 -0.974947 0.373413 0.373413 0.373413
6332.005859 0.000000 573.110840 0.000000 0.355413 0.000000 -0.934709 0.372262 0.372262 0.372262
6334.648926 0.000000 569.810181 0.000000 0.325173 0.000000 -0.945655 0.371934 0.371934 0.371934
6398.612305 0.000000 616.484009 0.000000 0.498666 0.000000 -0.866794 0.362554 0.362554 0.362554
6393.786621 0.000000 569.368591 0.000000 0.368184 0.000000 -0.929753 0.364916 0.364916 0.364916
6391.010742 0.000000 619.796692 0.000000 0.080895 0.000000 -0.996723 0.368811 0.368811 0.368811
6359.871582 0.000000 604.324768 0.000000 0.081142 0.000000 -0.996703 0.368547 0.368547 0.368547
6355.922852 0.000000 568.643188 0.000000 0.164191 0.000000 -0.986429 0.368058 0.368058 0.368058
6355.875488 0.000000 580.292542 0.000000 0.092821 0.000000 -0.995683 0.368918 0.368918 0.368918
6352.434082 0.000000 594.904907 0.000000 0.272027 0.000000 -0.962290 0.367996 0.367996 0.367996
6342.927734 0.000000 571.191162 0.000000 0.038941 0.000000 -0.999242 0.371416 0.371416 0.371416
6399.545410 0.000000 596.802856 0.000000 0.426296 0.000000 -0.904584 0.365557 0.365557 0.365557
6344.000977 0.000000 568.904968 0.000000 0.512953 0.000000 -0.858416 0.364295 0.364295 0.364295
6339.928711 0.000000 594.975647 0.000000 0.187236 0.000000 -0.982315 0.369207 0.369207 0.369207
6358.294922 0.000000 572.316833 0.000000 0.004676 0.000000 -0.999989 0.372443 0.372443 0.372443
6399.035645 0.000000 606.451904 0.000000 0.326095 0.000000 -0.945337 0.366992 0.366992 0.366992
6336.060059 0.000000 573.091980 0.000000 0.540051 0.000000 -0.841632 0.368530 0.368530 0.368530
6387.156250 0.000000 578.916809 0.000000 0.233311 0.000000 -0.972402 0.371061 0.371061 0.371061
6341.887695 0.000000 595.672363 0.000000 0.473852 0.000000 -0.880605 0.365012 0.365012 0.365012
6340.679688 0.000000 579.080078 0.000000 0.133200 0.000000 -0.991089 0.378507 0.378507 0.378507
6338.305176 0.000000 566.193604 0.000000 0.116491 0.000000 -0.993192 0.370011 0.370011 0.370011
6393.029297 0.000000 571.280518 0.000000 0.258131 0.000000 -0.966110 0.370313 0.370313 0.370313
6355.108398 0.000000 574.820923 0.000000 0.439724 0.000000 -0.898133 0.368422 0.368422 0.368422
6351.814941 0.000000 585.475708 0.000000 0.023192 0.000000 -0.999731 0.375220 0.375220 0.375220
6346.587402 0.000000 578.124084 0.000000 0.451793 0.000000 -0.892123 0.371618 0.371618 0.371618
6384.094238 0.000000 581.953003 0.000000 0.380692 0.000000 -0.924702 0.371502 0.371502 0.371502
6386.463867 0.000000 580.772095 0.000000 0.391675 0.000000 -0.920103 0.369397 0.369397 0.369397
6337.541504 0.000000 586.007812 0.000000 0.340264 0.000000 -0.940330 0.368122 0.368122 0.368122
6391.086426 0.000000 601.460083 0.000000 0.406067 0.000000 -0.913843 0.367323 0.367323 0.367323
6349.681152 0.000000 578.616455 0.000000 0.393260 0.000000 -0.919427 0.370643 0.370643 0.370643
6392.204590 0.000000 575.104614 0.000000 0.568873 0.000000 -0.822425 0.369745 0.369745 0.369745
6345.625488 0.000000 575.068604 0.000000 0.448396 0.000000 -0.893835 0.368359 0.368359 0.368359
6355.362793 0.000000 573.155396 0.000000 0.283424 0.000000 -0.958995 0.372149 0.372149 0.372149
6348.302734 0.000000 585.242188 0.000000 0.582843 0.000000 -0.812585 0.365458 0.365458 0.365458
6342.638672 0.000000 574.396667 0.000000 0.542462 0.000000 -0.840080 0.367562 0.367562 0.367562
6343.353027 0.000000 577.545044 0.000000 0.043261 0.000000 -0.999064 0.378230 0.378230 0.378230
6350.941895 0.000000 590.484314 0.000000 0.348996 0.000000 -0.937124 0.369735 0.369735 0.369735
6341.125488 0.000000 577.574829 0.000000 0.209951 0.000000 -0.977712 0.377318 0.377318 0.377318
6391.627441 0.000000 595.471252 0.000000 0.229975 0.000000 -0.973197 0.370588 0.370588 0.370588
6336.951172 0.000000 579.078918 0.000000 0.002898 0.000000 -0.999996 0.379866 0.379866 0.379866
6380.925781 0.000000 581.411133 0.000000 0.334455 0.000000 -0.942412 0.369503 0.369503 0.369503
6341.821289 0.000000 582.450012 0.000000 0.153386 0.000000 -0.988166 0.374450 0.374450 0.374450
6336.011719 0.000000 589.696838 0.000000 0.471473 0.000000 -0.881881 0.367125 0.367125 0.367125
6348.990723 0.000000 581.846008 0.000000 0.408529 0.000000 -0.912745 0.371754 0.371754 0.371754
6337.273926 0.000000 592.363525 0.000000 0.506067 0.000000 -0.862494 0.366996 0.366996 0.366996
6384.912598 0.000000 580.656799 0.000000 0.087976 0.000000 -0.996123 0.377013 0.377013 0.377013
6395.155762 0.000000 593.294067 0.000000 0.429407 0.000000 -0.903111 0.368710 0.368710 0.368710
6398.061523 0.000000 573.031860 0.000000 0.473334 0.000000 -0.880883 0.370718 0.370718 0.370718
6338.422363 0.000000 577.910034 0.000000 0.186113 0.000000 -0.982528 0.378290 0.378290 0.378290
6392.776367 0.000000 591.686951 0.000000 0.210088 0.000000 -0.977683 0.373752 0.373752 0.373752
6392.881836 0.000000 576.367188 0.000000 0.417039 0.000000 -0.908889 0.370830 0.370830 0.370830
6395.392090 0.000000 591.911621 0.000000 0.262813 0.000000 -0.964847 0.372347 0.372347 0.372347
6393.509277 0.000000 572.479309 0.000000 0.095526 0.000000 -0.995427 0.378228 0.378228 0.378228
6340.983887 0.000000 576.374695 0.000000 0.268934 0.000000 -0.963159 0.376096 0.376096 0.376096
6342.992676 0.000000 584.910828 0.000000 0.510568 0.000000 -0.859838 0.368901 0.368901 0.368901
6392.164062 0.000000 577.766907 0.000000 0.177847 0.000000 -0.984058 0.375421 0.375421 0.375421
6407.290527 0.000000 494.720093 0.000000 0.052160 0.000000 -0.998639 0.368909 0.368909 0.368909
6402.892090 0.000000 490.076294 0.000000 0.426150 0.000000 -0.904653 0.364769 0.364769 0.364769
6403.196289 0.000000 497.625519 0.000000 0.088266 0.000000 -0.996097 0.372020 0.372020 0.372020
6402.240723 0.000000 494.192413 0.000000 0.302772 0.000000 -0.953063 0.369482 0.369482 0.369482
6401.717285 0.000000 496.320129 0.000000 0.377779 0.000000 -0.925896 0.368820 0.368820 0.368820
6426.661621 0.000000 529.797058 0.000000 0.576732 0.000000 -0.816933 0.361027 0.361027 0.361027
6420.471191 0.000000 530.184937 0.000000 0.475935 0.000000 -0.879481 0.364040 0.364040 0.364040
6411.600586 0.000000 514.081177 0.000000 0.067988 0.000000 -0.997686 0.370090 0.370090 0.370090
6400.668457 0.000000 526.129822 0.000000 0.488879 0.000000 -0.872352 0.369914 0.369914 0.369914
6411.631836 0.000000 524.875671 0.000000 0.131119 0.000000 -0.991367 0.371128 0.371128 0.371128
6414.324707 0.000000 532.247314 0.000000 0.395730 0.000000 -0.918367 0.370646 0.370646 0.370646
6415.288574 0.000000 522.897339 0.000000 0.355001 0.000000 -0.934866 0.368892 0.368892 0.368892
6418.017090 0.000000 532.144104 0.000000 0.403400 0.000000 -0.915024 0.366358 0.366358 0.366358
6410.324219 0.000000 539.852844 0.000000 0.109120 0.000000 -0.994029 0.370751 0.370751 0.370751
6415.876465 0.000000 516.807617 0.000000 0.330155 0.000000 -0.943927 0.370277 0.370277 0.370277
6409.625488 0.000000 518.584229 0.000000 0.499057 0.000000 -0.866569 0.365297 0.365297 0.365297
6421.555664 0.000000 524.125122 0.000000 0.350504 0.000000 -0.936561 0.371670 0.371670 0.371670
6414.941895 0.000000 533.999939 0.000000 0.039890 0.000000 -0.999204 0.377155 0.377155 0.377155
6409.291016 0.000000 525.152649 0.000000 0.543235 0.000000 -0.839581 0.364803 0.364803 0.364803
6414.208008 0.000000 519.607910 0.000000 0.180831 0.000000 -0.983514 0.373909 0.373909 0.373909
6403.098633 0.000000 526.483398 0.000000 0.159069 0.000000 -0.987267 0.376509 0.376509 0.376509
6418.551758 0.000000 520.251953 0.000000 0.109209 0.000000 -0.994019 0.374900 0.374900 0.374900
6416.717773 0.000000 520.696533 0.000000 0.571998 0.000000 -0.820255 0.366893 0.366893 0.366893
6403.585449 0.000000 527.952698 0.000000 0.072327 0.000000 -0.997381 0.378150 0.378150 0.378150
6408.764648 0.000000 526.824951 0.000000 0.278211 0.000000 -0.960520 0.370722 0.370722 0.370722
6404.648926 0.000000 530.469360 0.000000 0.083954 0.000000 -0.996470 0.379230 0.379230 0.379230
6416.411621 0.000000 512.753906 0.000000 0.261703 0.000000 -0.965149 0.371968 0.371968 0.371968
6413.189453 0.000000 536.400085 0.000000 0.284095 0.000000 -0.958796 0.372641 0.372641 0.372641
6420.947754 0.000000 522.989136 0.000000 0.075285 0.000000 -0.997162 0.376657 0.376657 0.376657
6412.303711 0.000000 537.313660 0.000000 0.184000 0.000000 -0.982926 0.374459 0.374459 0.374459
6403.693359 0.000000 523.371765 0.000000 0.249294 0.000000 -0.968428 0.374258 0.374258 0.374258
6408.640625 0.000000 531.459106 0.000000 0.304709 0.000000 -0.952445 0.373913 0.373913 0.373913
6406.064453 0.000000 532.534302 0.000000 0.223132 0.000000 -0.974788 0.374283 0.374283 0.374283
6409.437988 0.000000 565.661438 0.000000 0.029682 0.000000 -0.999559 0.367977 0.367977 0.367977
6422.690430 0.000000 592.860657 0.000000 0.087421 0.000000 -0.996171 0.368015 0.368015 0.368015
6417.216309 0.000000 604.725037 0.000000 0.560763 0.000000 -0.827976 0.361805 0.361805 0.361805
6413.152832 0.000000 610.074829 0.000000 0.203135 0.000000 -0.979151 0.367370 0.367370 0.367370
6406.297363 0.000000 566.191895 0.000000 0.347098 0.000000 -0.937829 0.366420 0.366420 0.366420
6405.178223 0.000000 590.213806 0.000000 0.478977 0.000000 -0.877828 0.363854 0.363854 0.363854
6401.439453 0.000000 589.223145 0.000000 0.132428 0.000000 -0.991193 0.370292 0.370292 0.370292
6421.939941 0.000000 590.177185 0.000000 0.016541 0.000000 -0.999863 0.372205 0.372205 0.372205
6426.413574 0.000000 573.115295 0.000000 0.060339 0.000000 -0.998178 0.376132 0.376132 0.376132
6402.093750 0.000000 575.910156 0.000000 0.005876 0.000000 -0.999983 0.377622 0.377622 0.377622
6420.110352 0.000000 578.481567 0.000000 0.111479 0.000000 -0.993767 0.376200 0.376200 0.376200
6418.442871 0.000000 581.222839 0.000000 0.558214 0.000000 -0.829697 0.365776 0.365776 0.365776
6406.203613 0.000000 602.139038 0.000000 0.017190 0.000000 -0.999852 0.374164 0.374164 0.374164
6415.744141 0.000000 575.804077 0.000000 0.527131 0.000000 -0.849784 0.369301 0.369301 0.369301
6417.981934 0.000000 594.755981 0.000000 0.101850 0.000000 -0.994800 0.374449 0.374449 0.374449
6412.710449 0.000000 601.577515 0.000000 0.078160 0.000000 -0.996941 0.373410 0.373410 0.373410
6429.555176 0.000000 572.817017 0.000000 0.145536 0.000000 -0.989353 0.372160 0.372160 0.372160
6406.769043 0.000000 600.851074 0.000000 0.572161 0.000000 -0.820141 0.365293 0.365293 0.365293
6419.367188 0.000000 594.851074 0.000000 0.059563 0.000000 -0.998225 0.374759 0.374759 0.374759
6405.604004 0.000000 570.442749 0.000000 0.402716 0.000000 -0.915325 0.374754 0.374754 0.374754
6419.023926 0.000000 579.098206 0.000000 0.459950 0.000000 -0.887945 0.369290 0.369290 0.369290
6410.391113 0.000000 570.396362 0.000000 0.412004 0.000000 -0.911182 0.375538 0.375538 0.375538
6147.589355 0.000000 1311.522827 0.000000 0.395260 0.000000 -0.918569 0.363126 0.363126 0.363126
6180.219727 0.000000 1339.298096 0.000000 0.425147 0.000000 -0.905124 0.363696 0.363696 0.363696
6196.612793 0.000000 1314.852661 0.000000 0.522955 0.000000 -0.852360 0.362885 0.362885 0.362885
6154.749023 0.000000 1341.333496 0.000000 0.474163 0.000000 -0.880437 0.363643 0.363643 0.363643
6165.389160 0.000000 1342.366455 0.000000 0.281151 0.000000 -0.959664 0.366740 0.366740 0.366740
6188.435059 0.000000 1335.115723 0.000000 0.413090 0.000000 -0.910690 0.365857 0.365857 0.365857
6158.486328 0.000000 1337.822388 0.000000 0.160200 0.000000 -0.987085 0.368664 0.368664 0.368664
6165.939941 0.000000 1324.473999 0.000000 0.434852 0.000000 -0.900502 0.366406 0.366406 0.366406
6166.645996 0.000000 1329.806396 0.000000 0.096594 0.000000 -0.995324 0.373184 0.373184 0.373184
6190.922852 0.000000 1334.461914 0.000000 0.507284 0.000000 -0.861779 0.364523 0.364523 0.364523
6170.051758 0.000000 1331.434814 0.000000 0.153881 0.000000 -0.988089 0.377474 0.377474 0.377474
6184.666504 0.000000 1345.463135 0.000000 0.074110 0.000000 -0.997250 0.371905 0.371905 0.371905
6172.806641 0.000000 1349.503662 0.000000 0.015565 0.000000 -0.999879 0.380440 0.380440 0.380440
6191.125977 0.000000 1338.057739 0.000000 0.291267 0.000000 -0.956642 0.374960 0.374960 0.374960
6173.530273 0.000000 1353.314087 0.000000 0.574104 0.000000 -0.818783 0.371375 0.371375 0.371375
6197.498535 0.000000 1336.616821 0.000000 0.499679 0.000000 -0.866210 0.366431 0.366431 0.366431
6194.333496 0.000000 1338.077148 0.000000 0.168023 0.000000 -0.985783 0.372173 0.372173 0.372173
6174.604492 0.000000 1332.420776 0.000000 0.061193 0.000000 -0.998126 0.373875 0.373875 0.373875
6146.931152 0.000000 1330.615356 0.000000 0.143721 0.000000 -0.989618 0.371378 0.371378 0.371378
6169.702148 0.000000 1324.582886 0.000000 0.213593 0.000000 -0.976923 0.370610 0.370610 0.370610
6144.129395 0.000000 1331.185303 0.000000 0.454355 0.000000 -0.890821 0.367768 0.367768 0.367768
6167.875000 0.000000 1331.216431 0.000000 0.273001 0.000000 -0.962014 0.371601 0.371601 0.371601
6147.459473 0.000000 1335.656860 0.000000 0.009728 0.000000 -0.999953 0.374280 0.374280 0.374280
6173.201660 0.000000 1331.807251 0.000000 0.383891 0.000000 -0.923378 0.372108 0.372108 0.372108
6169.071777 0.000000 1332.504639 0.000000 0.499720 0.000000 -0.866187 0.367299 0.367299 0.367299
6167.770020 0.000000 1344.698242 0.000000 0.228045 0.000000 -0.973651 0.372083 0.372083 0.372083
6169.668945 0.000000 1348.237427 0.000000 0.027338 0.000000 -0.999626 0.379131 0.379131 0.379131
6191.430664 0.000000 1343.275757 0.000000 0.565037 0.000000 -0.825066 0.368229 0.368229 0.368229
6171.789062 0.000000 1329.561646 0.000000 0.237412 0.000000 -0.971409 0.372448 0.372448 0.372448
6166.552246 0.000000 1323.388916 0.000000 0.114238 0.000000 -0.993453 0.377995 0.377995 0.377995
6226.867188 0.000000 1342.104492 0.000000 0.450660 0.000000 -0.892696 0.364220 0.364220 0.364220
6243.895020 0.000000 1311.654297 0.000000 0.092181 0.000000 -0.995742 0.370412 0.370412 0.370412
6244.193359 0.000000 1306.599609 0.000000 0.479587 0.000000 -0.877495 0.363518 0.363518 0.363518
6241.615234 0.000000 1353.236328 0.000000 0.107169 0.000000 -0.994241 0.371674 0.371674 0.371674
6270.298340 0.000000 1348.611328 0.000000 0.528572 0.000000 -0.848888 0.364042 0.364042 0.364042
6248.552734 0.000000 1351.991821 0.000000 0.110630 0.000000 -0.993862 0.371049 0.371049 0.371049
6248.666504 0.000000 1345.463135 0.000000 0.484157 0.000000 -0.874981 0.364616 0.364616 0.364616
6253.863281 0.000000 1345.957764 0.000000 0.456248 0.000000 -0.889853 0.366823 0.366823 0.366823
6237.530273 0.000000 1353.314087 0.000000 0.523693 0.000000 -0.851907 0.365458 0.365458 0.365458
6244.710938 0.000000 1348.637207 0.000000 0.225933 0.000000 -0.974143 0.369889 0.369889 0.369889
6240.008789 0.000000 1349.625000 0.000000 0.327011 0.000000 -0.945020 0.370331 0.370331 0.370331
6217.361328 0.000000 1353.148804 0.000000 0.266889 0.000000 -0.963727 0.372218 0.372218 0.372218
6314.157715 0.000000 1265.492554 0.000000 0.144647 0.000000 -0.989483 0.367129 0.367129 0.367129
6294.909180 0.000000 1253.656128 0.000000 0.137773 0.000000 -0.990464 0.369215 0.369215 0.369215
6323.339844 0.000000 1277.945557 0.000000 0.173159 0.000000 -0.984894 0.370931 0.370931 0.370931
6295.989746 0.000000 1255.686035 0.000000 0.532764 0.000000 -0.846264 0.367456 0.367456 0.367456
6322.491699 0.000000 1266.296509 0.000000 0.492690 0.000000 -0.870205 0.370246 0.370246 0.370246
6327.775879 0.000000 1270.381226 0.000000 0.399724 0.000000 -0.916636 0.371126 0.371126 0.371126
6321.665527 0.000000 1271.418823 0.000000 0.350231 0.000000 -0.936663 0.368124 0.368124 0.368124
6333.495117 0.000000 1261.816528 0.000000 0.453618 0.000000 -0.891196 0.366820 0.366820 0.366820
6331.648926 0.000000 1264.168945 0.000000 0.543227 0.000000 -0.839586 0.369331 0.369331 0.369331
6323.356445 0.000000 1264.831543 0.000000 0.476268 0.000000 -0.879300 0.369011 0.369011 0.369011
6295.098145 0.000000 1261.670654 0.000000 0.170177 0.000000 -0.985414 0.374218 0.374218 0.374218
6332.396973 0.000000 1268.944214 0.000000 0.506059 0.000000 -0.862499 0.367042 0.367042 0.367042
6296.543945 0.000000 1257.157593 0.000000 0.566938 0.000000 -0.823761 0.368312 0.368312 0.368312
6327.532715 0.000000 1267.266113 0.000000 0.435385 0.000000 -0.900245 0.368061 0.368061 0.368061
6320.418945 0.000000 1268.932861 0.000000 0.378831 0.000000 -0.925466 0.369111 0.369111 0.369111
6343.173340 0.000000 1271.862915 0.000000 0.206623 0.000000 -0.978421 0.367086 0.367086 0.367086
6337.285645 0.000000 1271.768188 0.000000 0.147570 0.000000 -0.989052 0.374241 0.374241 0.374241
6272.226074 0.000000 1350.457642 0.000000 0.373105 0.000000 -0.927789 0.364642 0.364642 0.364642
6297.164062 0.000000 1355.000000 0.000000 0.365216 0.000000 -0.930923 0.365061 0.365061 0.365061
6291.150879 0.000000 1332.902222 0.000000 0.390882 0.000000 -0.920441 0.365222 0.365222 0.365222
6295.550293 0.000000 1340.929565 0.000000 0.558743 0.000000 -0.829341 0.363288 0.363288 0.363288
6292.232910 0.000000 1341.260254 0.000000 0.423979 0.000000 -0.905672 0.367523 0.367523 0.367523
6289.383301 0.000000 1335.648071 0.000000 0.566368 0.000000 -0.824152 0.368368 0.368368 0.368368
6381.901367 0.000000 1300.095093 0.000000 0.423328 0.000000 -0.905976 0.362828 0.362828 0.362828
6367.273438 0.000000 1354.017090 0.000000 0.248236 0.000000 -0.968700 0.365397 0.365397 0.365397
6378.622559 0.000000 1353.165649 0.000000 0.576347 0.000000 -0.817205 0.362579 0.362579 0.362579
6399.545410 0.000000 1331.099731 0.000000 0.129435 0.000000 -0.991588 0.368698 0.368698 0.368698
6179.530762 0.000000 1406.213501 0.000000 0.440305 0.000000 -0.897848 0.362518 0.362518 0.362518
6174.600098 0.000000 1405.328613 0.000000 0.089037 0.000000 -0.996028 0.367089 0.367089 0.367089
6178.139648 0.000000 1357.351318 0.000000 0.037088 0.000000 -0.999312 0.368561 0.368561 0.368561
6202.815430 0.000000 1363.194092 0.000000 0.317319 0.000000 -0.948319 0.365375 0.365375 0.365375
6196.503418 0.000000 1410.042603 0.000000 0.508545 0.000000 -0.861036 0.363822 0.363822 0.363822
6188.424316 0.000000 1408.171021 0.000000 0.227688 0.000000 -0.973734 0.367753 0.367753 0.367753
6206.677246 0.000000 1358.171021 0.000000 0.471141 0.000000 -0.882058 0.364205 0.364205 0.364205
6190.877930 0.000000 1409.048462 0.000000 0.097709 0.000000 -0.995215 0.370013 0.370013 0.370013
6182.151855 0.000000 1395.948853 0.000000 0.424814 0.000000 -0.905281 0.366816 0.366816 0.366816
6189.137695 0.000000 1370.685059 0.000000 0.159720 0.000000 -0.987162 0.370273 0.370273 0.370273
6223.347656 0.000000 1355.909058 0.000000 0.430131 0.000000 -0.902766 0.362694 0.362694 0.362694
6215.693359 0.000000 1387.457520 0.000000 0.501302 0.000000 -0.865272 0.361970 0.361970 0.361970
6211.856934 0.000000 1405.696899 0.000000 0.507922 0.000000 -0.861403 0.362245 0.362245 0.362245
6208.522461 0.000000 1371.327026 0.000000 0.248140 0.000000 -0.968724 0.366090 0.366090 0.366090
6266.107422 0.000000 1410.825439 0.000000 0.309207 0.000000 -0.950995 0.366194 0.366194 0.366194
6210.786133 0.000000 1390.525635 0.000000 0.537624 0.000000 -0.843185 0.363368 0.363368 0.363368
6260.503418 0.000000 1410.042603 0.000000 0.093136 0.000000 -0.995653 0.369366 0.369366 0.369366
6265.532715 0.000000 1370.599609 0.000000 0.447230 0.000000 -0.894419 0.366301 0.366301 0.366301
6259.339844 0.000000 1390.914307 0.000000 0.313661 0.000000 -0.949535 0.367391 0.367391 0.367391
6265.789062 0.000000 1374.986816 0.000000 0.541889 0.000000 -0.840450 0.366178 0.366178 0.366178
6262.093750 0.000000 1379.892334 0.000000 0.081146 0.000000 -0.996702 0.374795 0.374795 0.374795
6182.465332 0.000000 1437.207153 0.000000 0.489003 0.000000 -0.872282 0.362178 0.362178 0.362178
6189.791016 0.000000 1425.447510 0.000000 0.438678 0.000000 -0.898644 0.362831 0.362831 0.362831
6161.893555 0.000000 1425.424194 0.000000 0.009809 0.000000 -0.999952 0.368277 0.368277 0.368277
6202.875000 0.000000 1412.263916 0.000000 0.581973 0.000000 -0.813208 0.361576 0.361576 0.361576
6144.173340 0.000000 1413.933960 0.000000 0.404603 0.000000 -0.914492 0.363666 0.363666 0.363666
6150.113770 0.000000 1451.067871 0.000000 0.500657 0.000000 -0.865645 0.363715 0.363715 0.363715
6196.340820 0.000000 1412.445435 0.000000 0.126578 0.000000 -0.991957 0.368420 0.368420 0.368420
6191.681152 0.000000 1415.011230 0.000000 0.563412 0.000000 -0.826176 0.363551 0.363551 0.363551
6182.658203 0.000000 1420.330322 0.000000 0.185330 0.000000 -0.982676 0.368750 0.368750 0.368750
6207.835938 0.000000 1416.593506 0.000000 0.088737 0.000000 -0.996055 0.369488 0.369488 0.369488
6161.307129 0.000000 1423.055298 0.000000 0.331157 0.000000 -0.943576 0.366488 0.366488 0.366488
6201.532715 0.000000 1427.083984 0.000000 0.276340 0.000000 -0.961060 0.367200 0.367200 0.367200
6168.281738 0.000000 1434.124512 0.000000 0.051334 0.000000 -0.998682 0.370977 0.370977 0.370977
6172.897949 0.000000 1433.748291 0.000000 0.074357 0.000000 -0.997232 0.371836 0.371836 0.371836
6191.569336 0.000000 1412.212524 0.000000 0.565412 0.000000 -0.824809 0.363644 0.363644 0.363644
6172.327637 0.000000 1439.927979 0.000000 0.143913 0.000000 -0.989590 0.375426 0.375426 0.375426
6180.762207 0.000000 1433.614502 0.000000 0.022197 0.000000 -0.999754 0.373207 0.373207 0.373207
6178.022949 0.000000 1434.145142 0.000000 0.260215 0.000000 -0.965551 0.374621 0.374621 0.374621
6159.572266 0.000000 1443.709229 0.000000 0.304682 0.000000 -0.952454 0.371985 0.371985 0.371985
6157.156250 0.000000 1421.045776 0.000000 0.433539 0.000000 -0.901135 0.366967 0.366967 0.366967
6188.179688 0.000000 1415.532349 0.000000 0.378987 0.000000 -0.925402 0.370245 0.370245 0.370245
6176.531738 0.000000 1435.296997 0.000000 0.575132 0.000000 -0.818060 0.370886 0.370886 0.370886
6233.268555 0.000000 1428.518555 0.000000 0.077561 0.000000 -0.996988 0.366961 0.366961 0.366961
6246.465332 0.000000 1437.207153 0.000000 0.327204 0.000000 -0.944954 0.364273 0.364273 0.364273
6256.015137 0.000000 1439.890869 0.000000 0.366510 0.000000 -0.930414 0.364991 0.364991 0.364991
6268.365723 0.000000 1414.837036 0.000000 0.170944 0.000000 -0.985281 0.367909 0.367909 0.367909
6210.492188 0.000000 1415.698975 0.000000 0.521567 0.000000 -0.853210 0.362593 0.362593 0.362593
6219.910645 0.000000 1439.792358 0.000000 0.216419 0.000000 -0.976301 0.368970 0.368970 0.368970
6208.013672 0.000000 1416.632080 0.000000 0.566679 0.000000 -0.823939 0.364596 0.364596 0.364596
6208.060059 0.000000 1420.357544 0.000000 0.478279 0.000000 -0.878208 0.366160 0.366160 0.366160
6261.305176 0.000000 1425.760254 0.000000 0.496800 0.000000 -0.867865 0.367309 0.367309 0.367309
6223.288574 0.000000 1426.647339 0.000000 0.485881 0.000000 -0.874025 0.368213 0.368213 0.368213
6260.116699 0.000000 1414.440308 0.000000 0.331004 0.000000 -0.943630 0.368699 0.368699 0.368699
6265.029297 0.000000 1418.546143 0.000000 0.517256 0.000000 -0.855831 0.370688 0.370688 0.370688
6260.512207 0.000000 1421.963745 0.000000 0.144585 0.000000 -0.989492 0.373794 0.373794 0.373794
6297.550293 0.000000 1367.226440 0.000000 0.084400 0.000000 -0.996432 0.367598 0.367598 0.367598
6294.596680 0.000000 1376.156128 0.000000 0.299426 0.000000 -0.954120 0.364998 0.364998 0.364998
6310.192871 0.000000 1361.331909 0.000000 0.144897 0.000000 -0.989447 0.367499 0.367499 0.367499
6316.817383 0.000000 1365.151001 0.000000 0.473802 0.000000 -0.880632 0.363036 0.363036 0.363036
6322.335449 0.000000 1376.518066 0.000000 0.360493 0.000000 -0.932762 0.365124 0.365124 0.365124
6288.764160 0.000000 1371.577026 0.000000 0.087795 0.000000 -0.996139 0.368270 0.368270 0.368270
6318.922852 0.000000 1390.946289 0.000000 0.465995 0.000000 -0.884787 0.366227 0.366227 0.366227
6282.587402 0.000000 1368.905273 0.000000 0.534029 0.000000 -0.845466 0.364041 0.364041 0.364041
6274.200195 0.000000 1372.244263 0.000000 0.217299 0.000000 -0.976105 0.369135 0.369135 0.369135
6296.941406 0.000000 1405.852661 0.000000 0.095070 0.000000 -0.995471 0.371597 0.371597 0.371597
6279.854492 0.000000 1366.373047 0.000000 0.159493 0.000000 -0.987199 0.370091 0.370091 0.370091
6279.353027 0.000000 1368.326294 0.000000 0.568126 0.000000 -0.822942 0.366723 0.366723 0.366723
6325.040527 0.000000 1384.272461 0.000000 0.298864 0.000000 -0.954296 0.369877 0.369877 0.369877
6276.645020 0.000000 1400.238892 0.000000 0.421208 0.000000 -0.906964 0.369208 0.369208 0.369208
6320.720703 0.000000 1385.668823 0.000000 0.372185 0.000000 -0.928159 0.371982 0.371982 0.371982
6292.786621 0.000000 1372.960938 0.000000 0.097899 0.000000 -0.995196 0.372971 0.372971 0.372971
6322.992676 0.000000 1385.031128 0.000000 0.221566 0.000000 -0.975145 0.371781 0.371781 0.371781
6272.036621 0.000000 1400.652344 0.000000 0.017058 0.000000 -0.999855 0.375049 0.375049 0.375049
6301.234863 0.000000 1435.818115 0.000000 0.204524 0.000000 -0.978862 0.366756 0.366756 0.366756
6289.653320 0.000000 1420.578735 0.000000 0.405022 0.000000 -0.914307 0.364366 0.364366 0.364366
6307.024414 0.000000 1432.681519 0.000000 0.302707 0.000000 -0.953084 0.366999 0.366999 0.366999
6303.429199 0.000000 1436.037476 0.000000 0.153302 0.000000 -0.988179 0.369747 0.369747 0.369747
6286.121582 0.000000 1414.127808 0.000000 0.326101 0.000000 -0.945335 0.370564 0.370564 0.370564
6289.982910 0.000000 1415.363159 0.000000 0.211276 0.000000 -0.977426 0.374858 0.374858 0.374858
6290.928223 0.000000 1453.014160 0.000000 0.162441 0.000000 -0.986718 0.371033 0.371033 0.371033
6287.104492 0.000000 1416.961426 0.000000 0.205975 0.000000 -0.978557 0.372098 0.372098 0.372098
6305.168457 0.000000 1432.401611 0.000000 0.520367 0.000000 -0.853943 0.365517 0.365517 0.365517
4890.548828 0.000000 2074.750488 0.000000 0.412296 0.000000 -0.911050 0.363466 0.363466 0.363466
4899.914551 0.000000 2062.196533 0.000000 0.372788 0.000000 -0.927916 0.368646 0.368646 0.368646
4897.111816 0.000000 2066.957031 0.000000 0.239032 0.000000 -0.971012 0.373233 0.373233 0.373233
4529.077637 0.000000 2630.669189 0.000000 0.156732 0.000000 -0.987641 0.376862 0.376862 0.376862
4532.948730 0.000000 2625.007324 0.000000 0.184296 0.000000 -0.982871 0.377359 0.377359 0.377359
4530.737793 0.000000 2631.778809 0.000000 0.350544 0.000000 -0.936546 0.367536 0.367536 0.367536
4534.093750 0.000000 2622.548584 0.000000 0.028729 0.000000 -0.999587 0.382002 0.382002 0.382002
4528.299805 0.000000 2634.427734 0.000000 0.218218 0.000000 -0.975900 0.375082 0.375082 0.375082
4540.396973 0.000000 2624.569336 0.000000 0.330710 0.000000 -0.943732 0.377220 0.377220 0.377220
4540.957031 0.000000 2623.047119 0.000000 0.528091 0.000000 -0.849188 0.372604 0.372604 0.372604
4530.992676 0.000000 2627.687256 0.000000 0.377960 0.000000 -0.925822 0.373210 0.373210 0.373210
4532.736328 0.000000 2623.132324 0.000000 0.169831 0.000000 -0.985473 0.377772 0.377772 0.377772
4542.222168 0.000000 2620.992920 0.000000 0.548564 0.000000 -0.836109 0.370764 0.370764 0.370764
4538.259766 0.000000 2624.413330 0.000000 0.325577 0.000000 -0.945516 0.377611 0.377611 0.377611
4602.988770 0.000000 2631.915283 0.000000 0.407231 0.000000 -0.913325 0.364588 0.364588 0.364588
4544.974121 0.000000 2610.989014 0.000000 0.033808 0.000000 -0.999428 0.369742 0.369742 0.369742
4593.077637 0.000000 2630.669189 0.000000 0.373750 0.000000 -0.927530 0.374804 0.374804 0.374804
4604.194824 0.000000 2633.870361 0.000000 0.319246 0.000000 -0.947672 0.371119 0.371119 0.371119
4559.288574 0.000000 2612.819336 0.000000 0.111093 0.000000 -0.993810 0.370213 0.370213 0.370213
4566.347168 0.000000 2620.924805 0.000000 0.581714 0.000000 -0.813394 0.363613 0.363613 0.363613
4563.108398 0.000000 2608.258301 0.000000 0.268603 0.000000 -0.963251 0.372245 0.372245 0.372245
4546.093750 0.000000 2609.347656 0.000000 0.495718 0.000000 -0.868483 0.364985 0.364985 0.364985
4607.474121 0.000000 2643.505615 0.000000 0.341352 0.000000 -0.939936 0.373019 0.373019 0.373019
4591.125977 0.000000 2637.198486 0.000000 0.335669 0.000000 -0.941980 0.373723 0.373723 0.373723
4580.762207 0.000000 2619.786377 0.000000 0.170624 0.000000 -0.985336 0.374455 0.374455 0.374455
4585.984863 0.000000 2619.217773 0.000000 0.239135 0.000000 -0.970986 0.369049 0.369049 0.369049
4591.226074 0.000000 2639.225342 0.000000 0.467919 0.000000 -0.883772 0.367710 0.367710 0.367710
4578.022949 0.000000 2620.316895 0.000000 0.308509 0.000000 -0.951221 0.371201 0.371201 0.371201
4575.589355 0.000000 2628.326416 0.000000 0.411632 0.000000 -0.911350 0.367232 0.367232 0.367232
4589.137695 0.000000 2613.341309 0.000000 0.490141 0.000000 -0.871643 0.367851 0.367851 0.367851
4589.740723 0.000000 2628.490479 0.000000 0.535185 0.000000 -0.844735 0.365428 0.365428 0.365428
4546.931152 0.000000 2629.755859 0.000000 0.270567 0.000000 -0.962701 0.373626 0.373626 0.373626
4597.040527 0.000000 2626.928711 0.000000 0.185426 0.000000 -0.982658 0.380844 0.380844 0.380844
4596.391602 0.000000 2634.736328 0.000000 0.020943 0.000000 -0.999781 0.376137 0.376137 0.376137
4565.329102 0.000000 2608.905518 0.000000 0.493667 0.000000 -0.869651 0.372528 0.372528 0.372528
4583.754395 0.000000 2624.189697 0.000000 0.020827 0.000000 -0.999783 0.383046 0.383046 0.383046
4560.717773 0.000000 2610.618408 0.000000 0.081357 0.000000 -0.996685 0.373750 0.373750 0.373750
4594.992676 0.000000 2627.687256 0.000000 0.238648 0.000000 -0.971106 0.373472 0.373472 0.373472
4582.613281 0.000000 2619.152100 0.000000 0.457485 0.000000 -0.889217 0.369243 0.369243 0.369243
4605.805664 0.000000 2633.927734 0.000000 0.551488 0.000000 -0.834183 0.366725 0.366725 0.366725
4561.383301 0.000000 2634.788574 0.000000 0.440697 0.000000 -0.897656 0.370887 0.370887 0.370887
4548.866211 0.000000 2622.239746 0.000000 0.401348 0.000000 -0.915926 0.372965 0.372965 0.372965
4602.382812 0.000000 2633.157959 0.000000 0.541032 0.000000 -0.841002 0.372262 0.372262 0.372262
4600.776367 0.000000 2625.124512 0.000000 0.310483 0.000000 -0.950579 0.374566 0.374566 0.374566
4589.920898 0.000000 2639.605225 0.000000 0.582842 0.000000 -0.812586 0.365997 0.365997 0.365997
4591.812988 0.000000 2630.385742 0.000000 0.471067 0.000000 -0.882097 0.372136 0.372136 0.372136
4578.885254 0.000000 2627.865967 0.000000 0.508514 0.000000 -0.861054 0.367947 0.367947 0.367947
4596.551758 0.000000 2639.409668 0.000000 0.025715 0.000000 -0.999669 0.378149 0.378149 0.378149
4547.393555 0.000000 2625.779785 0.000000 0.037830 0.000000 -0.999284 0.380540 0.380540 0.380540
4546.951172 0.000000 2620.382080 0.000000 0.021020 0.000000 -0.999779 0.384532 0.384532 0.384532
4595.655762 0.000000 2637.474121 0.000000 0.288668 0.000000 -0.957429 0.377749 0.377749 0.377749
4580.714355 0.000000 2627.959473 0.000000 0.086880 0.000000 -0.996219 0.381247 0.381247 0.381247
4630.697754 0.000000 2644.799805 0.000000 0.059748 0.000000 -0.998214 0.370069 0.370069 0.370069
4610.786133 0.000000 2633.181885 0.000000 0.389223 0.000000 -0.921144 0.366320 0.366320 0.366320
4617.040527 0.000000 2639.805908 0.000000 0.310481 0.000000 -0.950580 0.373469 0.373469 0.373469
4622.479004 0.000000 2642.761963 0.000000 0.446200 0.000000 -0.894933 0.371402 0.371402 0.371402
4609.717285 0.000000 2642.726318 0.000000 0.294551 0.000000 -0.955636 0.375004 0.375004 0.375004
4622.338867 0.000000 2640.102295 0.000000 0.509948 0.000000 -0.860205 0.373076 0.373076 0.373076
4614.391602 0.000000 2640.249268 0.000000 0.201882 0.000000 -0.979410 0.379993 0.379993 0.379993
4836.590332 0.000000 2664.772217 0.000000 0.534869 0.000000 -0.844935 0.362048 0.362048 0.362048
4841.043945 0.000000 2666.781250 0.000000 0.205109 0.000000 -0.978739 0.369848 0.369848 0.369848
4861.779785 0.000000 2665.544678 0.000000 0.408394 0.000000 -0.912806 0.369597 0.369597 0.369597
4879.288574 0.000000 2669.303711 0.000000 0.068082 0.000000 -0.997680 0.371008 0.371008 0.371008
4911.881836 0.000000 2667.498047 0.000000 0.585807 0.000000 -0.810451 0.363995 0.363995 0.363995
4876.800293 0.000000 2665.328369 0.000000 0.516518 0.000000 -0.856276 0.368864 0.368864 0.368864
4904.686523 0.000000 2673.418701 0.000000 0.570384 0.000000 -0.821378 0.365075 0.365075 0.365075
4902.039062 0.000000 2672.867432 0.000000 0.293387 0.000000 -0.955994 0.369411 0.369411 0.369411
4909.137695 0.000000 2669.825684 0.000000 0.061590 0.000000 -0.998102 0.381187 0.381187 0.381187
4882.442871 0.000000 2671.144775 0.000000 0.554716 0.000000 -0.832040 0.364942 0.364942 0.364942
4881.197754 0.000000 2661.558838 0.000000 0.231341 0.000000 -0.972873 0.373254 0.373254 0.373254
4907.719727 0.000000 2672.352295 0.000000 0.158267 0.000000 -0.987396 0.371651 0.371651 0.371651
4903.286133 0.000000 2661.587891 0.000000 0.319159 0.000000 -0.947701 0.374605 0.374605 0.374605
4908.925781 0.000000 2671.333008 0.000000 0.097323 0.000000 -0.995253 0.379223 0.379223 0.379223
4898.394043 0.000000 2667.458740 0.000000 0.509539 0.000000 -0.860448 0.367429 0.367429 0.367429
4902.613281 0.000000 2675.636475 0.000000 0.476065 0.000000 -0.879410 0.369202 0.369202 0.369202
4885.351074 0.000000 2661.194824 0.000000 0.582403 0.000000 -0.812901 0.370692 0.370692 0.370692
4911.139160 0.000000 2668.683838 0.000000 0.256548 0.000000 -0.966532 0.373261 0.373261 0.373261
4907.614258 0.000000 2664.989990 0.000000 0.565532 0.000000 -0.824726 0.365845 0.365845 0.365845
4888.170898 0.000000 2666.266602 0.000000 0.583022 0.000000 -0.812456 0.370095 0.370095 0.370095
4903.969727 0.000000 2662.690430 0.000000 0.342642 0.000000 -0.939466 0.377207 0.377207 0.377207
4883.023926 0.000000 2669.020020 0.000000 0.084558 0.000000 -0.996419 0.381296 0.381296 0.381296
4938.112305 0.000000 2672.919434 0.000000 0.000544 0.000000 -1.000000 0.372571 0.372571 0.372571
4937.291016 0.000000 2671.558838 0.000000 0.156121 0.000000 -0.987738 0.373167 0.373167 0.373167
4960.531738 0.000000 2677.953369 0.000000 0.246412 0.000000 -0.969165 0.379452 0.379452 0.379452
5083.568359 0.000000 2688.173096 0.000000 0.112922 0.000000 -0.993604 0.379040 0.379040 0.379040
5109.526855 0.000000 2688.701172 0.000000 0.119347 0.000000 -0.992853 0.372127 0.372127 0.372127
5071.107910 0.000000 2689.960693 0.000000 0.121748 0.000000 -0.992561 0.377976 0.377976 0.377976
5108.391602 0.000000 2691.220703 0.000000 0.340737 0.000000 -0.940159 0.377253 0.377253 0.377253
5082.960938 0.000000 2691.053955 0.000000 0.557088 0.000000 -0.830454 0.371834 0.371834 0.371834
5069.583496 0.000000 2687.534668 0.000000 0.118031 0.000000 -0.993010 0.378366 0.378366 0.378366
5914.002441 0.000000 1878.019775 0.000000 0.086047 0.000000 -0.996291 0.369070 0.369070 0.369070
5934.922852 0.000000 1899.305664 0.000000 0.523737 0.000000 -0.851880 0.363764 0.363764 0.363764
5944.393555 0.000000 1909.111084 0.000000 0.051652 0.000000 -0.998665 0.383251 0.383251 0.383251
5915.430664 0.000000 1876.012085 0.000000 0.307646 0.000000 -0.951501 0.371381 0.371381 0.371381
5944.254883 0.000000 1911.366699 0.000000 0.103751 0.000000 -0.994603 0.373327 0.373327 0.373327
5935.751465 0.000000 1901.544556 0.000000 0.057110 0.000000 -0.998368 0.374865 0.374865 0.374865
5936.909180 0.000000 1907.031494 0.000000 0.428839 0.000000 -0.903381 0.369706 0.369706 0.369706
5947.031250 0.000000 1909.723145 0.000000 0.281057 0.000000 -0.959691 0.373821 0.373821 0.373821
5938.104492 0.000000 1908.697998 0.000000 0.406085 0.000000 -0.913835 0.370949 0.370949 0.370949
5939.778809 0.000000 1909.565063 0.000000 0.070450 0.000000 -0.997515 0.377268 0.377268 0.377268
5852.530762 0.000000 2414.018799 0.000000 0.410523 0.000000 -0.911850 0.367551 0.367551 0.367551
6094.936035 0.000000 2418.915771 0.000000 0.523544 0.000000 -0.851998 0.364480 0.364480 0.364480
6115.246582 0.000000 2418.762207 0.000000 0.523793 0.000000 -0.851846 0.367727 0.367727 0.367727
6116.175781 0.000000 2427.258545 0.000000 0.138642 0.000000 -0.990343 0.373331 0.373331 0.373331
6122.734375 0.000000 2420.357910 0.000000 0.545819 0.000000 -0.837903 0.366146 0.366146 0.366146
6140.833984 0.000000 2422.072021 0.000000 0.353660 0.000000 -0.935374 0.369126 0.369126 0.369126
6120.984863 0.000000 2426.567139 0.000000 0.453380 0.000000 -0.891318 0.374515 0.374515 0.374515
6107.975586 0.000000 2419.389404 0.000000 0.037286 0.000000 -0.999305 0.377804 0.377804 0.377804
5858.989746 0.000000 2686.979980 0.000000 0.203052 0.000000 -0.979168 0.376922 0.376922 0.376922
4433.040527 0.000000 3046.207275 0.000000 0.285959 0.000000 -0.958242 0.375125 0.375125 0.375125
4432.364258 0.000000 3047.243164 0.000000 0.576295 0.000000 -0.817241 0.368765 0.368765 0.368765
4418.485352 0.000000 3034.809082 0.000000 0.151341 0.000000 -0.988482 0.379011 0.379011 0.379011
4420.386230 0.000000 3060.573242 0.000000 0.114943 0.000000 -0.993372 0.374420 0.374420 0.374420
4416.668457 0.000000 3067.926758 0.000000 0.398795 0.000000 -0.917040 0.368558 0.368558 0.368558
4433.373535 0.000000 3050.262695 0.000000 0.169814 0.000000 -0.985476 0.375998 0.375998 0.375998
4437.555664 0.000000 3065.922119 0.000000 0.494546 0.000000 -0.869151 0.365925 0.365925 0.365925
4421.821289 0.000000 3067.762451 0.000000 0.414685 0.000000 -0.909965 0.372576 0.372576 0.372576
5563.157715 0.000000 2769.486084 0.000000 0.481625 0.000000 -0.876378 0.367082 0.367082 0.367082
5610.243164 0.000000 2773.619385 0.000000 0.325291 0.000000 -0.945614 0.373773 0.373773 0.373773
5667.024414 0.000000 2788.306396 0.000000 0.197198 0.000000 -0.980364 0.369425 0.369425 0.369425
5649.646484 0.000000 2787.059082 0.000000 0.473278 0.000000 -0.880913 0.369212 0.369212 0.369212
5649.241211 0.000000 2785.365723 0.000000 0.284264 0.000000 -0.958746 0.372302 0.372302 0.372302
5708.623047 0.000000 2791.365967 0.000000 0.483794 0.000000 -0.875182 0.369371 0.369371 0.369371
6120.272949 0.000000 2817.949951 0.000000 0.395984 0.000000 -0.918257 0.367845 0.367845 0.367845
6654.888184 0.000000 2239.515625 0.000000 0.389664 0.000000 -0.920957 0.365137 0.365137 0.365137
6655.545410 0.000000 2234.849609 0.000000 0.202355 0.000000 -0.979312 0.367499 0.367499 0.367499
6630.985352 0.000000 2234.755127 0.000000 0.387340 0.000000 -0.921937 0.364965 0.364965 0.364965
6635.827148 0.000000 2241.077393 0.000000 0.005136 0.000000 -0.999987 0.371479 0.371479 0.371479
6648.713379 0.000000 2232.313721 0.000000 0.361444 0.000000 -0.932394 0.366476 0.366476 0.366476
6652.194824 0.000000 2238.479736 0.000000 0.378889 0.000000 -0.925442 0.366218 0.366218 0.366218
6838.469238 0.000000 2043.591553 0.000000 0.517731 0.000000 -0.855544 0.363411 0.363411 0.363411
6847.835938 0.000000 2037.921631 0.000000 0.173996 0.000000 -0.984746 0.367991 0.367991 0.367991
6845.061035 0.000000 2033.993774 0.000000 0.560143 0.000000 -0.828396 0.363648 0.363648 0.363648
6845.805664 0.000000 2069.083984 0.000000 0.203528 0.000000 -0.979069 0.380433 0.380433 0.380433
6845.398438 0.000000 2035.299316 0.000000 0.063167 0.000000 -0.998003 0.376280 0.376280 0.376280
6840.780762 0.000000 2047.385376 0.000000 0.346205 0.000000 -0.938159 0.371113 0.371113 0.371113
6854.455566 0.000000 2061.342773 0.000000 0.190732 0.000000 -0.981642 0.372892 0.372892 0.372892
6853.865234 0.000000 2068.263428 0.000000 0.082478 0.000000 -0.996593 0.383030 0.383030 0.383030
6852.623047 0.000000 2064.824707 0.000000 0.529808 0.000000 -0.848118 0.367206 0.367206 0.367206
6850.696289 0.000000 2063.080078 0.000000 0.563699 0.000000 -0.825980 0.367622 0.367622 0.367622
6851.393555 0.000000 2060.936035 0.000000 0.362132 0.000000 -0.932127 0.376691 0.376691 0.376691
6677.175293 0.000000 2238.108643 0.000000 0.168130 0.000000 -0.985765 0.369231 0.369231 0.369231
6683.115234 0.000000 2232.174316 0.000000 0.464037 0.000000 -0.885816 0.363693 0.363693 0.363693
6682.516602 0.000000 2241.669434 0.000000 0.464682 0.000000 -0.885478 0.364919 0.364919 0.364919
6675.150879 0.000000 2236.652100 0.000000 0.416741 0.000000 -0.909025 0.365652 0.365652 0.365652
6674.931641 0.000000 2234.216797 0.000000 0.171652 0.000000 -0.985158 0.368999 0.368999 0.368999
6700.435059 0.000000 2238.865723 0.000000 0.458422 0.000000 -0.888735 0.364681 0.364681 0.364681
6668.418457 0.000000 2251.966553 0.000000 0.073506 0.000000 -0.997295 0.382118 0.382118 0.382118
6670.479004 0.000000 2247.371338 0.000000 0.049740 0.000000 -0.998762 0.382629 0.382629 0.382629
6666.169922 0.000000 2243.464355 0.000000 0.312134 0.000000 -0.950038 0.376886 0.376886 0.376886
6673.435547 0.000000 2246.804688 0.000000 0.386999 0.000000 -0.922080 0.372660 0.372660 0.372660
6671.887695 0.000000 2250.627930 0.000000 0.233264 0.000000 -0.972413 0.377654 0.377654 0.377654
6659.320312 0.000000 2251.678711 0.000000 0.507594 0.000000 -0.861596 0.368510 0.368510 0.368510
6668.848145 0.000000 2246.793701 0.000000 0.229868 0.000000 -0.973222 0.378721 0.378721 0.378721
6662.432129 0.000000 2248.783203 0.000000 0.125759 0.000000 -0.992061 0.380991 0.380991 0.380991
6666.229004 0.000000 2247.158447 0.000000 0.507382 0.000000 -0.861721 0.372281 0.372281 0.372281
6661.619141 0.000000 2258.338623 0.000000 0.509398 0.000000 -0.860531 0.372231 0.372231 0.372231
6662.643066 0.000000 2254.773193 0.000000 0.437676 0.000000 -0.899133 0.373978 0.373978 0.373978
6657.457031 0.000000 2254.007568 0.000000 0.185158 0.000000 -0.982709 0.376314 0.376314 0.376314
6664.459473 0.000000 2245.451660 0.000000 0.103181 0.000000 -0.994663 0.381479 0.381479 0.381479
6737.893555 0.000000 2216.205322 0.000000 0.063174 0.000000 -0.998003 0.367520 0.367520 0.367520
6774.469238 0.000000 2213.044678 0.000000 0.128287 0.000000 -0.991737 0.368776 0.368776 0.368776
6747.921387 0.000000 2218.846436 0.000000 0.076295 0.000000 -0.997085 0.370501 0.370501 0.370501
6739.875488 0.000000 2218.339355 0.000000 0.420973 0.000000 -0.907073 0.365588 0.365588 0.365588
6736.434082 0.000000 2232.951904 0.000000 0.460099 0.000000 -0.887868 0.364990 0.364990 0.364990
6740.387207 0.000000 2229.687744 0.000000 0.347547 0.000000 -0.937663 0.365830 0.365830 0.365830
6744.755859 0.000000 2222.239746 0.000000 0.259804 0.000000 -0.965661 0.367943 0.367943 0.367943
6769.258789 0.000000 2240.347656 0.000000 0.582232 0.000000 -0.813023 0.363023 0.363023 0.363023
6743.342285 0.000000 2218.401367 0.000000 0.407400 0.000000 -0.913250 0.365793 0.365793 0.365793
6766.922852 0.000000 2238.211914 0.000000 0.496296 0.000000 -0.868153 0.367089 0.367089 0.367089
6745.195312 0.000000 2248.466309 0.000000 0.311981 0.000000 -0.950089 0.368456 0.368456 0.368456
6739.139160 0.000000 2250.554443 0.000000 0.050662 0.000000 -0.998716 0.374772 0.374772 0.374772
6734.008789 0.000000 2222.635742 0.000000 0.563750 0.000000 -0.825946 0.363333 0.363333 0.363333
6735.814941 0.000000 2223.522705 0.000000 0.229287 0.000000 -0.973359 0.368375 0.368375 0.368375
6768.094238 0.000000 2220.000000 0.000000 0.342897 0.000000 -0.939373 0.369894 0.369894 0.369894
6758.151855 0.000000 2243.214355 0.000000 0.311858 0.000000 -0.950129 0.369280 0.369280 0.369280
6763.248535 0.000000 2235.716553 0.000000 0.311918 0.000000 -0.950109 0.368183 0.368183 0.368183
6744.941406 0.000000 2253.118408 0.000000 0.520730 0.000000 -0.853721 0.365913 0.365913 0.365913
6767.226074 0.000000 2243.834717 0.000000 0.144722 0.000000 -0.989472 0.370989 0.370989 0.370989
6737.633301 0.000000 2251.719482 0.000000 0.155593 0.000000 -0.987821 0.372434 0.372434 0.372434
6759.682617 0.000000 2251.141602 0.000000 0.185554 0.000000 -0.982634 0.372557 0.372557 0.372557
6762.936523 0.000000 2255.390869 0.000000 0.307102 0.000000 -0.951677 0.370511 0.370511 0.370511
6760.255371 0.000000 2247.777344 0.000000 0.301381 0.000000 -0.953504 0.370609 0.370609 0.370609
6734.479004 0.000000 2247.371338 0.000000 0.572843 0.000000 -0.819665 0.365658 0.365658 0.365658
6768.912598 0.000000 2218.703613 0.000000 0.423870 0.000000 -0.905723 0.368168 0.368168 0.368168
6740.429199 0.000000 2252.913330 0.000000 0.233056 0.000000 -0.972463 0.371765 0.371765 0.371765
6764.112305 0.000000 2256.945068 0.000000 0.400424 0.000000 -0.916330 0.368884 0.368884 0.368884
6741.857422 0.000000 2252.477783 0.000000 0.054689 0.000000 -0.998503 0.374706 0.374706 0.374706
6744.647461 0.000000 2255.837891 0.000000 0.513596 0.000000 -0.858032 0.367710 0.367710 0.367710
6788.253418 0.000000 2242.256592 0.000000 0.573470 0.000000 -0.819226 0.365645 0.365645 0.365645
6786.931152 0.000000 2234.365234 0.000000 0.450987 0.000000 -0.892531 0.366528 0.366528 0.366528
6788.650391 0.000000 2240.666748 0.000000 0.193741 0.000000 -0.981053 0.372421 0.372421 0.372421
6795.164062 0.000000 2239.445801 0.000000 0.260891 0.000000 -0.965368 0.371297 0.371297 0.371297
6794.169922 0.000000 2243.464355 0.000000 0.361063 0.000000 -0.932541 0.369578 0.369578 0.369578
6792.168945 0.000000 2238.666260 0.000000 0.018893 0.000000 -0.999822 0.375290 0.375290 0.375290
6184.031738 0.000000 2423.894287 0.000000 0.515141 0.000000 -0.857105 0.367004 0.367004 0.367004
6246.643555 0.000000 2424.045898 0.000000 0.005732 0.000000 -0.999984 0.369351 0.369351 0.369351
6254.877930 0.000000 2425.767334 0.000000 0.222175 0.000000 -0.975007 0.369240 0.369240 0.369240
6244.175781 0.000000 2427.258545 0.000000 0.490139 0.000000 -0.871644 0.369193 0.369193 0.369193
6373.505371 0.000000 2484.515869 0.000000 0.029069 0.000000 -0.999577 0.371689 0.371689 0.371689
6630.270996 0.000000 2260.781982 0.000000 0.028187 0.000000 -0.999603 0.367658 0.367658 0.367658
6642.542480 0.000000 2265.173584 0.000000 0.577586 0.000000 -0.816330 0.363102 0.363102 0.363102
6639.560547 0.000000 2302.138672 0.000000 0.310146 0.000000 -0.950689 0.367223 0.367223 0.367223
6637.452148 0.000000 2287.944824 0.000000 0.159821 0.000000 -0.987146 0.368977 0.368977 0.368977
6655.940430 0.000000 2278.824463 0.000000 0.565875 0.000000 -0.824491 0.362959 0.362959 0.362959
6638.583984 0.000000 2308.155518 0.000000 0.546184 0.000000 -0.837665 0.363622 0.363622 0.363622
6632.628906 0.000000 2265.515381 0.000000 0.445215 0.000000 -0.895424 0.365219 0.365219 0.365219
6636.263184 0.000000 2309.550049 0.000000 0.329719 0.000000 -0.944079 0.366940 0.366940 0.366940
6636.874023 0.000000 2304.364258 0.000000 0.223539 0.000000 -0.974695 0.368456 0.368456 0.368456
6632.272949 0.000000 2309.590576 0.000000 0.374919 0.000000 -0.927058 0.366277 0.366277 0.366277
6638.326660 0.000000 2270.493164 0.000000 0.521877 0.000000 -0.853021 0.364017 0.364017 0.364017
6642.636719 0.000000 2269.829346 0.000000 0.545274 0.000000 -0.838258 0.365765 0.365765 0.365765
6641.818848 0.000000 2286.122803 0.000000 0.355531 0.000000 -0.934665 0.370202 0.370202 0.370202
6633.461914 0.000000 2314.974609 0.000000 0.411573 0.000000 -0.911377 0.368686 0.368686 0.368686
6644.105469 0.000000 2301.765869 0.000000 0.056176 0.000000 -0.998421 0.370778 0.370778 0.370778
6644.512207 0.000000 2269.229492 0.000000 0.003173 0.000000 -0.999995 0.375546 0.375546 0.375546
6644.288574 0.000000 2280.205078 0.000000 0.585824 0.000000 -0.810439 0.365729 0.365729 0.365729
6641.665527 0.000000 2288.137695 0.000000 0.447766 0.000000 -0.894151 0.369773 0.369773 0.369773
6653.495117 0.000000 2278.535156 0.000000 0.223777 0.000000 -0.974640 0.370098 0.370098 0.370098
6650.464844 0.000000 2295.662354 0.000000 0.460130 0.000000 -0.887852 0.367806 0.367806 0.367806
6647.086426 0.000000 2295.991211 0.000000 0.496260 0.000000 -0.868174 0.365482 0.365482 0.365482
6645.692383 0.000000 2271.110107 0.000000 0.321671 0.000000 -0.946852 0.373249 0.373249 0.373249
6630.249512 0.000000 2313.067139 0.000000 0.260733 0.000000 -0.965411 0.373241 0.373241 0.373241
6628.916992 0.000000 2311.116211 0.000000 0.132248 0.000000 -0.991217 0.374568 0.374568 0.374568
6649.560059 0.000000 2310.019043 0.000000 0.442639 0.000000 -0.896700 0.365939 0.365939 0.365939
6650.962891 0.000000 2277.513672 0.000000 0.080047 0.000000 -0.996791 0.371557 0.371557 0.371557
6646.224609 0.000000 2274.553711 0.000000 0.323591 0.000000 -0.946197 0.373428 0.373428 0.373428
6645.819336 0.000000 2268.000732 0.000000 0.550058 0.000000 -0.835127 0.366107 0.366107 0.366107
6640.299805 0.000000 2295.521484 0.000000 0.497053 0.000000 -0.867720 0.365698 0.365698 0.365698
6628.710938 0.000000 2308.871582 0.000000 0.012687 0.000000 -0.999920 0.377093 0.377093 0.377093
6645.040527 0.000000 2288.022461 0.000000 0.365958 0.000000 -0.930632 0.371635 0.371635 0.371635
6649.095215 0.000000 2283.154541 0.000000 0.296897 0.000000 -0.954910 0.373958 0.373958 0.373958
6624.008789 0.000000 2309.859375 0.000000 0.206582 0.000000 -0.978429 0.372207 0.372207 0.372207
6653.091309 0.000000 2311.086670 0.000000 0.075230 0.000000 -0.997166 0.379729 0.379729 0.379729
6628.175781 0.000000 2314.289795 0.000000 0.407376 0.000000 -0.913261 0.367755 0.367755 0.367755
6644.391602 0.000000 2295.830078 0.000000 0.105491 0.000000 -0.994420 0.372980 0.372980 0.372980
6648.549805 0.000000 2281.350830 0.000000 0.175394 0.000000 -0.984498 0.376319 0.376319 0.376319
6651.166992 0.000000 2283.067627 0.000000 0.245912 0.000000 -0.969292 0.372878 0.372878 0.372878
6651.155762 0.000000 2287.825195 0.000000 0.322168 0.000000 -0.946683 0.371556 0.371556 0.371556
6636.112305 0.000000 2313.429443 0.000000 0.525209 0.000000 -0.850973 0.366587 0.366587 0.366587
6630.916016 0.000000 2315.322754 0.000000 0.549834 0.000000 -0.835274 0.367364 0.367364 0.367364
6646.458008 0.000000 2272.284424 0.000000 0.496796 0.000000 -0.867867 0.369834 0.369834 0.369834
6655.412109 0.000000 2312.223145 0.000000 0.167564 0.000000 -0.985861 0.380085 0.380085 0.380085
6643.522461 0.000000 2276.061523 0.000000 0.262872 0.000000 -0.964831 0.373373 0.373373 0.373373
6648.780762 0.000000 2273.322754 0.000000 0.296779 0.000000 -0.954946 0.373794 0.373794 0.373794
6631.241699 0.000000 2312.274170 0.000000 0.060054 0.000000 -0.998195 0.376863 0.376863 0.376863
6643.791016 0.000000 2270.190186 0.000000 0.458120 0.000000 -0.888891 0.370139 0.370139 0.370139
6598.113770 0.000000 2354.817871 0.000000 0.191667 0.000000 -0.981460 0.367699 0.367699 0.367699
6608.405273 0.000000 2353.414551 0.000000 0.471286 0.000000 -0.881980 0.364817 0.364817 0.364817
6651.596680 0.000000 2332.385742 0.000000 0.501937 0.000000 -0.864904 0.364335 0.364335 0.364335
6607.784668 0.000000 2357.682129 0.000000 0.082991 0.000000 -0.996550 0.370409 0.370409 0.370409
6636.304199 0.000000 2339.558838 0.000000 0.387272 0.000000 -0.921965 0.366504 0.366504 0.366504
6622.946777 0.000000 2329.098389 0.000000 0.191370 0.000000 -0.981518 0.370894 0.370894 0.370894
6643.156250 0.000000 2329.932373 0.000000 0.485689 0.000000 -0.874132 0.367426 0.367426 0.367426
6651.533691 0.000000 2321.434082 0.000000 0.527294 0.000000 -0.849683 0.366547 0.366547 0.366547
6644.512207 0.000000 2325.713867 0.000000 0.106884 0.000000 -0.994272 0.373853 0.373853 0.373853
6639.569336 0.000000 2315.962646 0.000000 0.367842 0.000000 -0.929888 0.369407 0.369407 0.369407
6635.041992 0.000000 2324.730225 0.000000 0.283532 0.000000 -0.958963 0.374221 0.374221 0.374221
6633.043945 0.000000 2327.875000 0.000000 0.428485 0.000000 -0.903549 0.369072 0.369072 0.369072
6648.204590 0.000000 2326.120117 0.000000 0.501746 0.000000 -0.865015 0.366256 0.366256 0.366256
6616.050781 0.000000 2333.572266 0.000000 0.381853 0.000000 -0.924223 0.367668 0.367668 0.367668
6643.232422 0.000000 2335.213379 0.000000 0.462676 0.000000 -0.886527 0.367759 0.367759 0.367759
6630.058105 0.000000 2332.161865 0.000000 0.127607 0.000000 -0.991825 0.373072 0.373072 0.373072
6641.566406 0.000000 2323.041992 0.000000 0.129271 0.000000 -0.991609 0.373486 0.373486 0.373486
6641.404785 0.000000 2335.317383 0.000000 0.288639 0.000000 -0.957438 0.370826 0.370826 0.370826
6630.213867 0.000000 2325.872559 0.000000 0.407409 0.000000 -0.913246 0.369464 0.369464 0.369464
6637.450195 0.000000 2318.378906 0.000000 0.516158 0.000000 -0.856493 0.366760 0.366760 0.366760
6631.286133 0.000000 2322.681641 0.000000 0.209199 0.000000 -0.977873 0.373174 0.373174 0.373174
6631.698242 0.000000 2317.817627 0.000000 0.523455 0.000000 -0.852054 0.367333 0.367333 0.367333
6637.066406 0.000000 2321.457764 0.000000 0.412410 0.000000 -0.910998 0.370873 0.370873 0.370873
6639.139160 0.000000 2329.777588 0.000000 0.242831 0.000000 -0.970069 0.374149 0.374149 0.374149
6637.988281 0.000000 2325.706543 0.000000 0.094042 0.000000 -0.995568 0.377289 0.377289 0.377289
6398.188965 0.000000 2500.387207 0.000000 0.345086 0.000000 -0.938571 0.367248 0.367248 0.367248
6379.779785 0.000000 2490.293945 0.000000 0.323458 0.000000 -0.946243 0.368495 0.368495 0.368495
6411.631836 0.000000 2501.828857 0.000000 0.436461 0.000000 -0.899723 0.369216 0.369216 0.369216
6415.288574 0.000000 2499.850586 0.000000 0.387116 0.000000 -0.922031 0.366608 0.366608 0.366608
6402.200195 0.000000 2501.931641 0.000000 0.474164 0.000000 -0.880437 0.365242 0.365242 0.365242
6408.084473 0.000000 2500.947510 0.000000 0.289167 0.000000 -0.957279 0.369590 0.369590 0.369590
6407.854492 0.000000 2496.060547 0.000000 0.333452 0.000000 -0.942767 0.374306 0.374306 0.374306
6413.156250 0.000000 2494.249023 0.000000 0.348066 0.000000 -0.937470 0.372778 0.372778 0.372778
6400.951172 0.000000 2499.547607 0.000000 0.262003 0.000000 -0.965067 0.369852 0.369852 0.369852
6401.194336 0.000000 2494.586914 0.000000 0.261222 0.000000 -0.965279 0.373175 0.373175 0.373175
6403.130371 0.000000 2495.631592 0.000000 0.129107 0.000000 -0.991631 0.377518 0.377518 0.377518
6404.983887 0.000000 2496.843506 0.000000 0.305009 0.000000 -0.952350 0.374513 0.374513 0.374513
6515.339844 0.000000 2520.601807 0.000000 0.073968 0.000000 -0.997261 0.371645 0.371645 0.371645
6519.657227 0.000000 2525.686279 0.000000 0.300095 0.000000 -0.953909 0.369248 0.369248 0.369248
6516.391602 0.000000 2521.767578 0.000000 0.072372 0.000000 -0.997378 0.373436 0.373436 0.373436
6515.473145 0.000000 2582.174805 0.000000 0.098850 0.000000 -0.995102 0.369612 0.369612 0.369612
6510.583984 0.000000 2590.577393 0.000000 0.031282 0.000000 -0.999511 0.371053 0.371053 0.371053
6513.258789 0.000000 2579.253906 0.000000 0.385722 0.000000 -0.922615 0.365911 0.365911 0.365911
6507.827148 0.000000 2579.983643 0.000000 0.482982 0.000000 -0.875630 0.365100 0.365100 0.365100
6508.874023 0.000000 2586.786133 0.000000 0.451960 0.000000 -0.892038 0.365597 0.365597 0.365597
6508.435059 0.000000 2577.771973 0.000000 0.090018 0.000000 -0.995940 0.369795 0.369795 0.369795
6670.716309 0.000000 2269.108643 0.000000 0.466518 0.000000 -0.884512 0.362520 0.362520 0.362520
6700.817383 0.000000 2268.900879 0.000000 0.554558 0.000000 -0.832145 0.361767 0.361767 0.361767
6673.983398 0.000000 2280.743164 0.000000 0.275041 0.000000 -0.961433 0.365920 0.365920 0.365920
6710.496094 0.000000 2288.683838 0.000000 0.276874 0.000000 -0.960906 0.366066 0.366066 0.366066
6676.724609 0.000000 2289.075439 0.000000 0.450169 0.000000 -0.892943 0.365143 0.365143 0.365143
6707.409180 0.000000 2284.861328 0.000000 0.264186 0.000000 -0.964472 0.367710 0.367710 0.367710
6675.875488 0.000000 2274.823730 0.000000 0.275140 0.000000 -0.961404 0.367838 0.367838 0.367838
6672.434082 0.000000 2289.436279 0.000000 0.169207 0.000000 -0.985580 0.369217 0.369217 0.369217
6662.927734 0.000000 2265.722412 0.000000 0.007137 0.000000 -0.999975 0.371451 0.371451 0.371451
6719.940430 0.000000 2278.824463 0.000000 0.546001 0.000000 -0.837784 0.363625 0.363625 0.363625
6686.667969 0.000000 2295.756348 0.000000 0.211979 0.000000 -0.977274 0.368619 0.368619 0.368619
6663.324707 0.000000 2285.985107 0.000000 0.138430 0.000000 -0.990372 0.369644 0.369644 0.369644
6705.258789 0.000000 2296.832031 0.000000 0.022475 0.000000 -0.999747 0.371241 0.371241 0.371241
6669.917480 0.000000 2290.821289 0.000000 0.377250 0.000000 -0.926112 0.366346 0.366346 0.366346
6666.112305 0.000000 2277.528809 0.000000 0.132922 0.000000 -0.991127 0.369720 0.369720 0.369720
6674.112793 0.000000 2285.566650 0.000000 0.146219 0.000000 -0.989252 0.369536 0.369536 0.369536
6690.304199 0.000000 2275.474854 0.000000 0.421253 0.000000 -0.906943 0.365584 0.365584 0.365584
6695.451172 0.000000 2274.370605 0.000000 0.068796 0.000000 -0.997631 0.370342 0.370342 0.370342
6664.383301 0.000000 2281.238770 0.000000 0.412438 0.000000 -0.910986 0.365717 0.365717 0.365717
6678.294922 0.000000 2266.848145 0.000000 0.366113 0.000000 -0.930570 0.366407 0.366407 0.366407
6679.989746 0.000000 2272.404785 0.000000 0.096280 0.000000 -0.995354 0.374027 0.374027 0.374027
6678.645996 0.000000 2290.040771 0.000000 0.532364 0.000000 -0.846515 0.366097 0.366097 0.366097
6657.798828 0.000000 2309.313965 0.000000 0.510101 0.000000 -0.860115 0.372213 0.372213 0.372213
6707.156250 0.000000 2273.447998 0.000000 0.444210 0.000000 -0.895923 0.368291 0.368291 0.368291
6684.897949 0.000000 2281.013916 0.000000 0.550879 0.000000 -0.834585 0.363675 0.363675 0.363675
6661.476562 0.000000 2310.653320 0.000000 0.298487 0.000000 -0.954414 0.377194 0.377194 0.377194
6717.048828 0.000000 2298.640381 0.000000 0.484189 0.000000 -0.874963 0.367361 0.367361 0.367361
6667.577637 0.000000 2303.396240 0.000000 0.168042 0.000000 -0.985780 0.377257 0.377257 0.377257
6692.845703 0.000000 2305.354980 0.000000 0.241894 0.000000 -0.970303 0.372196 0.372196 0.372196
6666.587402 0.000000 2272.655273 0.000000 0.398094 0.000000 -0.917345 0.365932 0.365932 0.365932
6704.094238 0.000000 2276.484375 0.000000 0.429829 0.000000 -0.902910 0.365454 0.365454 0.365454
6693.990723 0.000000 2296.012451 0.000000 0.064374 0.000000 -0.997926 0.377839 0.377839 0.377839
6664.096191 0.000000 2261.560059 0.000000 0.287559 0.000000 -0.957763 0.370565 0.370565 0.370565
6716.200684 0.000000 2303.447754 0.000000 0.302399 0.000000 -0.953181 0.370592 0.370592 0.370592
6703.226074 0.000000 2300.319092 0.000000 0.421335 0.000000 -0.906905 0.371091 0.371091 0.371091
6709.692383 0.000000 2271.110107 0.000000 0.306732 0.000000 -0.951796 0.372333 0.372333 0.372333
6706.704590 0.000000 2307.299072 0.000000 0.243297 0.000000 -0.969952 0.374835 0.374835 0.374835
6680.050781 0.000000 2277.087891 0.000000 0.285613 0.000000 -0.958345 0.369870 0.369870 0.369870
6683.871582 0.000000 2279.442383 0.000000 0.307673 0.000000 -0.951492 0.368303 0.368303 0.368303
6713.560059 0.000000 2310.019043 0.000000 0.386760 0.000000 -0.922180 0.372152 0.372152 0.372152
6666.837402 0.000000 2310.983154 0.000000 0.254932 0.000000 -0.966959 0.378166 0.378166 0.378166
6687.070801 0.000000 2280.032227 0.000000 0.264733 0.000000 -0.964322 0.370776 0.370776 0.370776
6663.856445 0.000000 2304.056641 0.000000 0.401408 0.000000 -0.915899 0.374734 0.374734 0.374734
6667.621582 0.000000 2305.298584 0.000000 0.283069 0.000000 -0.959099 0.377540 0.377540 0.377540
6719.537598 0.000000 2289.641357 0.000000 0.499633 0.000000 -0.866237 0.366431 0.366431 0.366431
6692.710938 0.000000 2308.871582 0.000000 0.081166 0.000000 -0.996701 0.374274 0.374274 0.374274
6717.962402 0.000000 2305.163086 0.000000 0.404261 0.000000 -0.914643 0.371439 0.371439 0.371439
6659.034668 0.000000 2313.533447 0.000000 0.524976 0.000000 -0.851117 0.371840 0.371840 0.371840
6698.998047 0.000000 2296.041992 0.000000 0.234235 0.000000 -0.972180 0.376467 0.376467 0.376467
6686.637207 0.000000 2277.543945 0.000000 0.183524 0.000000 -0.983015 0.371682 0.371682 0.371682
6689.783691 0.000000 2302.939209 0.000000 0.441291 0.000000 -0.897364 0.366788 0.366788 0.366788
6715.144043 0.000000 2311.564697 0.000000 0.565453 0.000000 -0.824781 0.368304 0.368304 0.368304
6712.531250 0.000000 2314.835938 0.000000 0.172142 0.000000 -0.985072 0.378397 0.378397 0.378397
6672.417480 0.000000 2305.246094 0.000000 0.400439 0.000000 -0.916323 0.368884 0.368884 0.368884
6698.445312 0.000000 2298.230957 0.000000 0.052575 0.000000 -0.998617 0.382568 0.382568 0.382568
6682.808105 0.000000 2276.380859 0.000000 0.519371 0.000000 -0.854549 0.366698 0.366698 0.366698
6683.479980 0.000000 2273.733887 0.000000 0.381525 0.000000 -0.924359 0.368601 0.368601 0.368601
6674.458496 0.000000 2294.470947 0.000000 0.261375 0.000000 -0.965237 0.371060 0.371060 0.371060
6717.369629 0.000000 2306.670654 0.000000 0.533875 0.000000 -0.845563 0.367257 0.367257 0.367257
6706.969727 0.000000 2313.633789 0.000000 0.483258 0.000000 -0.875478 0.370221 0.370221 0.370221
6718.039551 0.000000 2299.835205 0.000000 0.481033 0.000000 -0.876702 0.367420 0.367420 0.367420
6662.498535 0.000000 2313.917969 0.000000 0.213560 0.000000 -0.976930 0.379079 0.379079 0.379079
6718.566406 0.000000 2315.003662 0.000000 0.199421 0.000000 -0.979914 0.379689 0.379689 0.379689
6716.833984 0.000000 2309.103271 0.000000 0.526087 0.000000 -0.850431 0.368658 0.368658 0.368658
6719.538574 0.000000 2273.860107 0.000000 0.052218 0.000000 -0.998636 0.378661 0.378661 0.378661
6712.193359 0.000000 2311.825928 0.000000 0.130286 0.000000 -0.991476 0.377181 0.377181 0.377181
6715.498047 0.000000 2306.408936 0.000000 0.512429 0.000000 -0.858729 0.367643 0.367643 0.367643
6709.732422 0.000000 2314.937256 0.000000 0.558980 0.000000 -0.829181 0.367897 0.367897 0.367897
6664.569824 0.000000 2315.312012 0.000000 0.275602 0.000000 -0.961272 0.377706 0.377706 0.377706
6708.032715 0.000000 2315.138428 0.000000 0.249193 0.000000 -0.968454 0.374145 0.374145 0.374145
6656.036621 0.000000 2305.970215 0.000000 0.419374 0.000000 -0.907813 0.374413 0.374413 0.374413
6694.916016 0.000000 2315.322754 0.000000 0.582137 0.000000 -0.813091 0.365472 0.365472 0.365472
6657.465820 0.000000 2263.934326 0.000000 0.387698 0.000000 -0.921786 0.369110 0.369110 0.369110
6707.251465 0.000000 2308.539062 0.000000 0.186570 0.000000 -0.982442 0.376105 0.376105 0.376105
6706.359863 0.000000 2311.122070 0.000000 0.355828 0.000000 -0.934552 0.372781 0.372781 0.372781
6670.955566 0.000000 2311.667236 0.000000 0.460698 0.000000 -0.887557 0.373425 0.373425 0.373425
6701.920898 0.000000 2300.698975 0.000000 0.522504 0.000000 -0.852637 0.369538 0.369538 0.369538
6692.342773 0.000000 2302.082275 0.000000 0.130848 0.000000 -0.991403 0.375975 0.375975 0.375975
6666.106445 0.000000 2307.921631 0.000000 0.197254 0.000000 -0.980352 0.379437 0.379437 0.379437
6709.066895 0.000000 2312.577881 0.000000 0.553171 0.000000 -0.833068 0.368584 0.368584 0.368584
6717.779785 0.000000 2270.154053 0.000000 0.187500 0.000000 -0.982265 0.376087 0.376087 0.376087
6700.932129 0.000000 2296.563721 0.000000 0.321537 0.000000 -0.946897 0.374229 0.374229 0.374229
6712.881836 0.000000 2270.898438 0.000000 0.236812 0.000000 -0.971555 0.375135 0.375135 0.375135
6709.852051 0.000000 2313.641357 0.000000 0.504462 0.000000 -0.863434 0.369667 0.369667 0.369667
6660.023926 0.000000 2306.426270 0.000000 0.331897 0.000000 -0.943316 0.376439 0.376439 0.376439
6711.150391 0.000000 2307.457764 0.000000 0.549639 0.000000 -0.835402 0.367022 0.367022 0.367022
6658.944824 0.000000 2314.841797 0.000000 0.145819 0.000000 -0.989311 0.380557 0.380557 0.380557
6719.189941 0.000000 2309.869629 0.000000 0.004231 0.000000 -0.999991 0.377309 0.377309 0.377309
6712.262695 0.000000 2309.790039 0.000000 0.449195 0.000000 -0.893434 0.370854 0.370854 0.370854
6666.229004 0.000000 2303.642822 0.000000 0.431051 0.000000 -0.902328 0.371875 0.371875 0.371875
6716.005859 0.000000 2267.642090 0.000000 0.191975 0.000000 -0.981400 0.374978 0.374978 0.374978
6662.734863 0.000000 2309.428955 0.000000 0.021045 0.000000 -0.999779 0.383245 0.383245 0.383245
6657.457031 0.000000 2310.491943 0.000000 0.032197 0.000000 -0.999482 0.383005 0.383005 0.383005
6672.364258 0.000000 2312.946289 0.000000 0.097660 0.000000 -0.995220 0.381598 0.381598 0.381598
6712.164062 0.000000 2272.298096 0.000000 0.201801 0.000000 -0.979427 0.375752 0.375752 0.375752
6722.786133 0.000000 2294.275635 0.000000 0.419183 0.000000 -0.907902 0.365615 0.365615 0.365615
6744.755859 0.000000 2278.724121 0.000000 0.470345 0.000000 -0.882483 0.365304 0.365304 0.365304
6735.571289 0.000000 2265.987549 0.000000 0.525026 0.000000 -0.851086 0.363966 0.363966 0.363966
6764.304199 0.000000 2283.074463 0.000000 0.142686 0.000000 -0.989768 0.370396 0.370396 0.370396
6744.466797 0.000000 2285.899170 0.000000 0.303935 0.000000 -0.952693 0.367974 0.367974 0.367974
6740.737793 0.000000 2259.377930 0.000000 0.236739 0.000000 -0.971573 0.368270 0.368270 0.368270
6748.442383 0.000000 2259.392334 0.000000 0.477448 0.000000 -0.878660 0.364439 0.364439 0.364439
6723.661133 0.000000 2280.448486 0.000000 0.307578 0.000000 -0.951523 0.367260 0.367260 0.367260
6734.936035 0.000000 2305.947021 0.000000 0.468795 0.000000 -0.883307 0.364855 0.364855 0.364855
6731.567871 0.000000 2299.528320 0.000000 0.308842 0.000000 -0.951113 0.367626 0.367626 0.367626
6766.915039 0.000000 2268.460693 0.000000 0.479619 0.000000 -0.877477 0.365716 0.365716 0.365716
6740.672363 0.000000 2278.932373 0.000000 0.276380 0.000000 -0.961048 0.367707 0.367707 0.367707
6766.326660 0.000000 2270.493164 0.000000 0.528670 0.000000 -0.848827 0.364705 0.364705 0.364705
6735.977051 0.000000 2308.442139 0.000000 0.037244 0.000000 -0.999306 0.371775 0.371775 0.371775
6743.989746 0.000000 2272.404785 0.000000 0.458154 0.000000 -0.888873 0.365020 0.365020 0.365020
6743.051758 0.000000 2262.422852 0.000000 0.163379 0.000000 -0.986563 0.369298 0.369298 0.369298
6744.739258 0.000000 2287.944092 0.000000 0.543329 0.000000 -0.839520 0.365454 0.365454 0.365454
6735.150391 0.000000 2312.986084 0.000000 0.148579 0.000000 -0.988900 0.376646 0.376646 0.376646
6751.953125 0.000000 2265.050293 0.000000 0.222472 0.000000 -0.974939 0.370707 0.370707 0.370707
6731.119141 0.000000 2312.994141 0.000000 0.083569 0.000000 -0.996502 0.379043 0.379043 0.379043
6731.577637 0.000000 2303.396240 0.000000 0.559694 0.000000 -0.828699 0.365918 0.365918 0.365918
6741.078125 0.000000 2261.502686 0.000000 0.346003 0.000000 -0.938233 0.366702 0.366702 0.366702
6735.814941 0.000000 2280.007080 0.000000 0.155605 0.000000 -0.987819 0.371878 0.371878 0.371878
6721.941895 0.000000 2312.002930 0.000000 0.218971 0.000000 -0.975731 0.377250 0.377250 0.377250
6731.020996 0.000000 2270.617188 0.000000 0.100135 0.000000 -0.994974 0.373899 0.373899 0.373899
6751.909668 0.000000 2274.342529 0.000000 0.509154 0.000000 -0.860675 0.368025 0.368025 0.368025
6753.556152 0.000000 2286.049316 0.000000 0.466764 0.000000 -0.884382 0.370481 0.370481 0.370481
6728.084473 0.000000 2275.010010 0.000000 0.304551 0.000000 -0.952496 0.376010 0.376010 0.376010
6748.327637 0.000000 2287.193604 0.000000 0.432417 0.000000 -0.901674 0.370373 0.370373 0.370373
6756.762207 0.000000 2280.880127 0.000000 0.539107 0.000000 -0.842237 0.367107 0.367107 0.367107
6726.483887 0.000000 2278.307373 0.000000 0.134745 0.000000 -0.990880 0.374399 0.374399 0.374399
6749.381836 0.000000 2289.970215 0.000000 0.133597 0.000000 -0.991036 0.380131 0.380131 0.380131
6727.854492 0.000000 2270.123047 0.000000 0.136263 0.000000 -0.990673 0.376566 0.376566 0.376566
6724.253418 0.000000 2298.740967 0.000000 0.146660 0.000000 -0.989187 0.373199 0.373199 0.373199
6747.568359 0.000000 2292.782471 0.000000 0.105290 0.000000 -0.994442 0.376888 0.376888 0.376888
6743.132812 0.000000 2297.323730 0.000000 0.208443 0.000000 -0.978035 0.372176 0.372176 0.372176
6732.302734 0.000000 2279.773438 0.000000 0.430396 0.000000 -0.902640 0.367413 0.367413 0.367413
6765.746094 0.000000 2279.510986 0.000000 0.091754 0.000000 -0.995782 0.374101 0.374101 0.374101
6737.633301 0.000000 2308.203857 0.000000 0.090395 0.000000 -0.995906 0.371665 0.371665 0.371665
6745.412598 0.000000 2299.486572 0.000000 0.337860 0.000000 -0.941196 0.369982 0.369982 0.369982
6727.856445 0.000000 2304.056641 0.000000 0.413011 0.000000 -0.910726 0.367859 0.367859 0.367859
6748.480469 0.000000 2297.936035 0.000000 0.087792 0.000000 -0.996139 0.377599 0.377599 0.377599
6744.535645 0.000000 2294.418701 0.000000 0.280918 0.000000 -0.959732 0.370958 0.370958 0.370958
6744.837891 0.000000 2297.486572 0.000000 0.334847 0.000000 -0.942272 0.370034 0.370034 0.370034
6729.291016 0.000000 2276.168213 0.000000 0.551217 0.000000 -0.834362 0.368973 0.368973 0.368973
6750.637207 0.000000 2277.543945 0.000000 0.448289 0.000000 -0.893888 0.368506 0.368506 0.368506
6761.112793 0.000000 2269.812744 0.000000 0.037772 0.000000 -0.999286 0.374982 0.374982 0.374982
6723.098633 0.000000 2277.499023 0.000000 0.242987 0.000000 -0.970029 0.372351 0.372351 0.372351
6724.645020 0.000000 2303.988770 0.000000 0.544189 0.000000 -0.838962 0.365047 0.365047 0.365047
6739.869141 0.000000 2310.694580 0.000000 0.507756 0.000000 -0.861501 0.366919 0.366919 0.366919
6747.274902 0.000000 2301.994873 0.000000 0.176430 0.000000 -0.984313 0.372708 0.372708 0.372708
6746.272949 0.000000 2287.458496 0.000000 0.081365 0.000000 -0.996684 0.374401 0.374401 0.374401
6720.046387 0.000000 2314.138428 0.000000 0.004312 0.000000 -0.999991 0.383946 0.383946 0.383946
6721.707031 0.000000 2307.878906 0.000000 0.430199 0.000000 -0.902734 0.369335 0.369335 0.369335
6763.860840 0.000000 2284.681152 0.000000 0.568429 0.000000 -0.822732 0.365661 0.365661 0.365661
6762.374023 0.000000 2272.019775 0.000000 0.088625 0.000000 -0.996065 0.374152 0.374152 0.374152
6757.430176 0.000000 2263.842285 0.000000 0.381291 0.000000 -0.924455 0.369223 0.369223 0.369223
6733.528320 0.000000 2313.893311 0.000000 0.099171 0.000000 -0.995070 0.378737 0.378737 0.378737
6728.569824 0.000000 2315.312012 0.000000 0.097612 0.000000 -0.995225 0.382822 0.382822 0.382822
6755.134277 0.000000 2276.676514 0.000000 0.490618 0.000000 -0.871375 0.367241 0.367241 0.367241
6750.551758 0.000000 2294.129883 0.000000 0.353180 0.000000 -0.935555 0.372834 0.372834 0.372834
6753.198730 0.000000 2294.226074 0.000000 0.441750 0.000000 -0.897138 0.370817 0.370817 0.370817
6743.770020 0.000000 2304.932617 0.000000 0.052652 0.000000 -0.998613 0.374740 0.374740 0.374740
6762.488281 0.000000 2260.623291 0.000000 0.206308 0.000000 -0.978487 0.372271 0.372271 0.372271
6762.449707 0.000000 2262.135986 0.000000 0.424564 0.000000 -0.905398 0.370481 0.370481 0.370481
6752.511719 0.000000 2290.372314 0.000000 0.480710 0.000000 -0.876880 0.372051 0.372051 0.372051
6725.138184 0.000000 2274.810303 0.000000 0.443135 0.000000 -0.896455 0.371516 0.371516 0.371516
6725.362305 0.000000 2312.059814 0.000000 0.280948 0.000000 -0.959723 0.375958 0.375958 0.375958
6731.079590 0.000000 2315.174072 0.000000 0.067626 0.000000 -0.997711 0.383492 0.383492 0.383492
6725.619141 0.000000 2314.822998 0.000000 0.407937 0.000000 -0.913010 0.374682 0.374682 0.374682
6723.569824 0.000000 2273.019287 0.000000 0.438620 0.000000 -0.898673 0.371077 0.371077 0.371077
6760.130371 0.000000 2275.447510 0.000000 0.524157 0.000000 -0.851622 0.369234 0.369234 0.369234
6692.193359 0.000000 2323.318359 0.000000 0.447820 0.000000 -0.894124 0.365179 0.365179 0.365179
6694.658203 0.000000 2324.080322 0.000000 0.156357 0.000000 -0.987701 0.369395 0.369395 0.369395
6712.357422 0.000000 2324.206299 0.000000 0.438741 0.000000 -0.898614 0.365318 0.365318 0.365318
6711.474609 0.000000 2320.929932 0.000000 0.053459 0.000000 -0.998570 0.370815 0.370815 0.370815
6672.326660 0.000000 2338.526367 0.000000 0.356746 0.000000 -0.934201 0.366545 0.366545 0.366545
6697.380859 0.000000 2331.806885 0.000000 0.136991 0.000000 -0.990572 0.369664 0.369664 0.369664
6702.326660 0.000000 2326.977539 0.000000 0.556463 0.000000 -0.830873 0.363453 0.363453 0.363453
6656.060059 0.000000 2324.107666 0.000000 0.586439 0.000000 -0.809993 0.371037 0.371037 0.371037
6687.429199 0.000000 2339.787598 0.000000 0.348063 0.000000 -0.937471 0.366672 0.366672 0.366672
6658.305176 0.000000 2317.209229 0.000000 0.473860 0.000000 -0.880600 0.373106 0.373106 0.373106
6716.870605 0.000000 2323.251953 0.000000 0.210737 0.000000 -0.977543 0.373266 0.373266 0.373266
6691.805176 0.000000 2334.773682 0.000000 0.182440 0.000000 -0.983217 0.372608 0.372608 0.372608
6691.248535 0.000000 2330.220703 0.000000 0.233993 0.000000 -0.972238 0.372915 0.372915 0.372915
6668.231934 0.000000 2318.695801 0.000000 0.546036 0.000000 -0.837762 0.371305 0.371305 0.371305
6699.041992 0.000000 2324.730225 0.000000 0.020181 0.000000 -0.999796 0.375066 0.375066 0.375066
6662.638672 0.000000 2325.412354 0.000000 0.463615 0.000000 -0.886037 0.374259 0.374259 0.374259
6717.973633 0.000000 2319.834473 0.000000 0.173234 0.000000 -0.984881 0.381121 0.381121 0.381121
6675.159180 0.000000 2336.078857 0.000000 0.482408 0.000000 -0.875947 0.366369 0.366369 0.366369
6698.243164 0.000000 2321.744385 0.000000 0.162049 0.000000 -0.986783 0.372946 0.372946 0.372946
6675.123535 0.000000 2338.548584 0.000000 0.144044 0.000000 -0.989571 0.371872 0.371872 0.371872
6715.157715 0.000000 2317.611084 0.000000 0.581225 0.000000 -0.813743 0.371180 0.371180 0.371180
6656.951172 0.000000 2330.094482 0.000000 0.373462 0.000000 -0.927646 0.368946 0.368946 0.368946
6665.455566 0.000000 2320.626465 0.000000 0.156081 0.000000 -0.987744 0.380334 0.380334 0.380334
6719.011719 0.000000 2325.221680 0.000000 0.272180 0.000000 -0.962246 0.371049 0.371049 0.371049
6670.587891 0.000000 2323.628174 0.000000 0.159454 0.000000 -0.987205 0.372495 0.372495 0.372495
6658.358887 0.000000 2323.506592 0.000000 0.170800 0.000000 -0.985306 0.381176 0.381176 0.381176
6698.488281 0.000000 2317.107666 0.000000 0.036585 0.000000 -0.999331 0.377080 0.377080 0.377080
6704.982910 0.000000 2319.290527 0.000000 0.082895 0.000000 -0.996558 0.376651 0.376651 0.376651
6719.877441 0.000000 2318.979248 0.000000 0.421307 0.000000 -0.906918 0.375310 0.375310 0.375310
6659.130371 0.000000 2326.178467 0.000000 0.344948 0.000000 -0.938622 0.377153 0.377153 0.377153
6718.648926 0.000000 2320.825928 0.000000 0.250732 0.000000 -0.968057 0.374864 0.374864 0.374864
6713.383301 0.000000 2319.215576 0.000000 0.534478 0.000000 -0.845182 0.368872 0.368872 0.368872
6668.818359 0.000000 2321.285889 0.000000 0.314617 0.000000 -0.949219 0.376830 0.376830 0.376830
6769.098145 0.000000 2330.235352 0.000000 0.320410 0.000000 -0.947279 0.364954 0.364954 0.364954
6774.496094 0.000000 2345.168213 0.000000 0.103685 0.000000 -0.994610 0.368330 0.368330 0.368330
6764.193359 0.000000 2336.803955 0.000000 0.546554 0.000000 -0.837424 0.363616 0.363616 0.363616
6763.597168 0.000000 2317.883789 0.000000 0.043400 0.000000 -0.999058 0.370953 0.370953 0.370953
6755.024414 0.000000 2336.431396 0.000000 0.035798 0.000000 -0.999359 0.371393 0.371393 0.371393
6750.946777 0.000000 2329.098389 0.000000 0.217918 0.000000 -0.975967 0.370247 0.370247 0.370247
6761.380859 0.000000 2331.806885 0.000000 0.138302 0.000000 -0.990390 0.369646 0.369646 0.369646
6746.413574 0.000000 2324.130859 0.000000 0.409410 0.000000 -0.912350 0.365762 0.365762 0.365762
6769.047363 0.000000 2324.683838 0.000000 0.428182 0.000000 -0.903693 0.365479 0.365479 0.365479
6733.989746 0.000000 2342.773926 0.000000 0.097359 0.000000 -0.995249 0.377742 0.377742 0.377742
6737.982910 0.000000 2319.113037 0.000000 0.485338 0.000000 -0.874326 0.373709 0.373709 0.373709
6765.502441 0.000000 2338.220215 0.000000 0.298944 0.000000 -0.954271 0.368325 0.368325 0.368325
6744.548340 0.000000 2317.916260 0.000000 0.332712 0.000000 -0.943028 0.374375 0.374375 0.374375
6761.043945 0.000000 2327.875000 0.000000 0.574508 0.000000 -0.818499 0.364159 0.364159 0.364159
6763.434082 0.000000 2344.949463 0.000000 0.130415 0.000000 -0.991459 0.371265 0.371265 0.371265
6735.876465 0.000000 2324.307617 0.000000 0.231996 0.000000 -0.972717 0.379783 0.379783 0.379783
6752.125000 0.000000 2325.001465 0.000000 0.012081 0.000000 -0.999927 0.375674 0.375674 0.375674
6732.302734 0.000000 2336.257812 0.000000 0.575612 0.000000 -0.817723 0.368405 0.368405 0.368405
6726.638672 0.000000 2325.412354 0.000000 0.575728 0.000000 -0.817641 0.366981 0.366981 0.366981
6723.807617 0.000000 2323.661133 0.000000 0.534163 0.000000 -0.845382 0.367779 0.367779 0.367779
6746.746094 0.000000 2315.886475 0.000000 0.478499 0.000000 -0.878088 0.366484 0.366484 0.366484
6754.527344 0.000000 2322.967041 0.000000 0.481575 0.000000 -0.876405 0.368904 0.368904 0.368904
6726.675781 0.000000 2318.744385 0.000000 0.248822 0.000000 -0.968549 0.379397 0.379397 0.379397
6741.480469 0.000000 2319.617432 0.000000 0.398567 0.000000 -0.917139 0.372468 0.372468 0.372468
6750.455078 0.000000 2321.937988 0.000000 0.321219 0.000000 -0.947005 0.370269 0.370269 0.370269
6759.286133 0.000000 2322.681641 0.000000 0.519373 0.000000 -0.854548 0.365803 0.365803 0.365803
6782.777344 0.000000 2336.287598 0.000000 0.327646 0.000000 -0.944800 0.370050 0.370050 0.370050
6750.747070 0.000000 2317.447510 0.000000 0.070611 0.000000 -0.997504 0.373398 0.373398 0.373398
6725.442383 0.000000 2322.799561 0.000000 0.337400 0.000000 -0.941361 0.374491 0.374491 0.374491
6757.195312 0.000000 2324.451660 0.000000 0.139827 0.000000 -0.990176 0.376999 0.376999 0.376999
6755.868164 0.000000 2331.700195 0.000000 0.360614 0.000000 -0.932715 0.369271 0.369271 0.369271
6739.069824 0.000000 2320.887695 0.000000 0.168937 0.000000 -0.985627 0.380973 0.380973 0.380973
6734.587891 0.000000 2323.628174 0.000000 0.268038 0.000000 -0.963408 0.378954 0.378954 0.378954
6728.166504 0.000000 2321.444092 0.000000 0.414227 0.000000 -0.910173 0.375484 0.375484 0.375484
6741.351074 0.000000 2322.288574 0.000000 0.223017 0.000000 -0.974815 0.375108 0.375108 0.375108
6757.641113 0.000000 2322.985840 0.000000 0.133335 0.000000 -0.991071 0.375051 0.375051 0.375051
6738.493652 0.000000 2322.158691 0.000000 0.547400 0.000000 -0.836871 0.371703 0.371703 0.371703
6753.012207 0.000000 2326.072510 0.000000 0.486976 0.000000 -0.873415 0.367309 0.367309 0.367309
6725.604004 0.000000 2321.458496 0.000000 0.034464 0.000000 -0.999406 0.384232 0.384232 0.384232
6758.447266 0.000000 2342.350098 0.000000 0.151096 0.000000 -0.988519 0.377714 0.377714 0.377714
6739.230957 0.000000 2318.549072 0.000000 0.510462 0.000000 -0.859900 0.373063 0.373063 0.373063
6735.355469 0.000000 2317.462646 0.000000 0.128994 0.000000 -0.991645 0.382118 0.382118 0.382118
6743.642578 0.000000 2323.278320 0.000000 0.049725 0.000000 -0.998763 0.376249 0.376249 0.376249
6725.392090 0.000000 2318.586670 0.000000 0.236519 0.000000 -0.971627 0.379680 0.379680 0.379680
6733.813477 0.000000 2340.900391 0.000000 0.411064 0.000000 -0.911606 0.373857 0.373857 0.373857
6729.470215 0.000000 2317.898438 0.000000 0.388597 0.000000 -0.921408 0.376107 0.376107 0.376107
6793.306152 0.000000 2341.533936 0.000000 0.125322 0.000000 -0.992116 0.371467 0.371467 0.371467
6785.897461 0.000000 2338.650879 0.000000 0.088377 0.000000 -0.996087 0.383028 0.383028 0.383028
6801.509277 0.000000 2343.229736 0.000000 0.051875 0.000000 -0.998654 0.383844 0.383844 0.383844
6786.951172 0.000000 2337.960205 0.000000 0.319747 0.000000 -0.947503 0.377748 0.377748 0.377748
6784.212402 0.000000 2339.499512 0.000000 0.204025 0.000000 -0.978966 0.380422 0.380422 0.380422
6943.429199 0.000000 2565.725098 0.000000 0.468248 0.000000 -0.883597 0.369030 0.369030 0.369030
6937.687012 0.000000 2571.377930 0.000000 0.279020 0.000000 -0.960285 0.378699 0.378699 0.378699
6955.135742 0.000000 2573.419922 0.000000 0.586547 0.000000 -0.809915 0.371034 0.371034 0.371034
6289.241211 0.000000 2841.850098 0.000000 0.144953 0.000000 -0.989439 0.381759 0.381759 0.381759
6287.969727 0.000000 2841.622803 0.000000 0.190525 0.000000 -0.981682 0.377596 0.377596 0.377596
6287.304199 0.000000 2840.002197 0.000000 0.574392 0.000000 -0.818580 0.369188 0.369188 0.369188
7412.417969 0.000000 3362.903076 0.000000 0.490751 0.000000 -0.871300 0.364189 0.364189 0.364189
7428.253418 0.000000 3371.944092 0.000000 0.210526 0.000000 -0.977588 0.370064 0.370064 0.370064
"}
