object={
	name="palm_dense_generator_3_0"
	clamp_to_water_level=no
	render_under_water=no
	generated_content=yes
	layer="semidynamic_high"
	pdxmesh="tree_palm_01_mesh"
	count=565
	transform="511.099701 0.000000 777.258118 0.000000 0.220871 0.000000 0.975303 0.288474 0.288474 0.288474
495.634247 0.000000 774.179626 0.000000 0.631517 0.000000 0.775362 0.728688 0.728688 0.728688
499.067017 0.000000 770.630310 0.000000 0.348794 0.000000 0.937199 0.603508 0.603508 0.603508
456.833984 0.000000 745.277527 0.000000 0.740285 0.000000 0.672293 0.847673 0.847673 0.847673
378.540375 0.000000 823.638672 0.000000 0.780860 0.000000 0.624706 0.957044 0.957044 0.957044
379.129517 0.000000 825.511475 0.000000 0.266563 0.000000 0.963817 0.917178 0.917178 0.917178
480.665985 0.000000 791.420166 0.000000 0.144053 0.000000 0.989570 0.230279 0.230279 0.230279
461.483307 0.000000 801.756714 0.000000 0.714137 0.000000 0.700006 0.950636 0.950636 0.950636
595.281555 0.000000 846.435669 0.000000 0.488544 0.000000 0.872539 0.286762 0.286762 0.286762
579.486206 0.000000 855.886597 0.000000 0.714167 0.000000 0.699975 0.950639 0.950639 0.950639
578.160828 0.000000 854.159363 0.000000 0.792286 0.000000 0.610150 0.958222 0.958222 0.958222
688.863892 0.000000 835.257263 0.000000 0.670195 0.000000 0.742185 0.339961 0.339961 0.339961
668.530762 0.000000 832.456238 0.000000 0.618100 0.000000 0.786099 0.334371 0.334371 0.334371
694.766541 0.000000 835.381836 0.000000 0.840642 0.000000 0.541591 0.396909 0.396909 0.396909
696.429443 0.000000 827.976685 0.000000 0.839078 0.000000 0.544012 0.438417 0.438417 0.438417
691.150269 0.000000 833.424377 0.000000 0.757960 0.000000 0.652301 0.867790 0.867790 0.867790
695.679504 0.000000 826.586792 0.000000 0.190452 0.000000 0.981697 0.887408 0.887408 0.887408
691.694702 0.000000 832.188660 0.000000 0.773675 0.000000 0.633583 0.871326 0.871326 0.871326
703.681274 0.000000 825.102844 0.000000 0.333676 0.000000 0.942688 0.921658 0.921658 0.921658
688.470886 0.000000 833.162415 0.000000 0.064046 0.000000 0.997947 0.883768 0.883768 0.883768
689.281616 0.000000 829.020630 0.000000 0.728811 0.000000 0.684715 0.951985 0.951985 0.951985
689.524109 0.000000 830.595215 0.000000 0.703336 0.000000 0.710858 0.949661 0.949661 0.949661
644.386230 0.000000 857.682617 0.000000 0.382984 0.000000 0.923755 0.277267 0.277267 0.277267
643.807434 0.000000 855.067444 0.000000 0.399092 0.000000 0.916911 0.296219 0.296219 0.296219
650.945435 0.000000 847.411743 0.000000 0.070635 0.000000 0.997502 0.235410 0.235410 0.235410
642.113831 0.000000 857.222778 0.000000 0.719545 0.000000 0.694446 0.500495 0.500495 0.500495
651.115173 0.000000 850.127808 0.000000 0.692546 0.000000 0.721373 0.659187 0.659187 0.659187
746.814575 0.000000 885.119080 0.000000 0.511010 0.000000 0.859575 0.721705 0.721705 0.721705
747.986328 0.000000 884.134033 0.000000 0.497153 0.000000 0.867663 0.719213 0.719213 0.719213
759.007812 0.000000 874.322327 0.000000 0.517133 0.000000 0.855905 0.613298 0.613298 0.613298
757.407532 0.000000 874.751648 0.000000 0.439762 0.000000 0.898114 0.865494 0.865494 0.865494
758.564941 0.000000 883.082703 0.000000 0.462789 0.000000 0.886468 0.920837 0.920837 0.920837
735.110168 0.000000 888.410095 0.000000 0.075506 0.000000 0.997145 0.904811 0.904811 0.904811
757.960815 0.000000 875.833496 0.000000 0.427422 0.000000 0.904052 0.863842 0.863842 0.863842
738.335754 0.000000 886.631470 0.000000 0.216555 0.000000 0.976270 0.913896 0.913896 0.913896
739.610657 0.000000 888.691895 0.000000 0.815819 0.000000 0.578308 0.960743 0.960743 0.960743
740.810730 0.000000 888.027222 0.000000 0.362464 0.000000 0.931998 0.923613 0.923613 0.923613
797.523560 0.000000 773.150452 0.000000 0.344456 0.000000 0.938802 0.665938 0.665938 0.665938
841.808472 0.000000 756.655151 0.000000 0.366714 0.000000 0.930334 0.311549 0.311549 0.311549
843.529236 0.000000 757.449646 0.000000 0.556497 0.000000 0.830850 0.386367 0.386367 0.386367
944.094421 0.000000 751.406128 0.000000 0.287636 0.000000 0.957740 0.260032 0.260032 0.260032
928.238831 0.000000 787.835327 0.000000 0.231707 0.000000 0.972786 0.302236 0.302236 0.302236
931.887817 0.000000 752.217102 0.000000 0.656144 0.000000 0.754635 0.686928 0.686928 0.686928
974.774048 0.000000 747.854004 0.000000 0.677429 0.000000 0.735588 0.732964 0.732964 0.732964
986.603394 0.000000 741.580811 0.000000 0.538464 0.000000 0.842648 0.848237 0.848237 0.848237
1010.007019 0.000000 736.534607 0.000000 0.020517 0.000000 0.999789 0.704720 0.704720 0.704720
975.881104 0.000000 747.419434 0.000000 0.859871 0.000000 0.510511 0.778618 0.778618 0.778618
806.453369 0.000000 845.631165 0.000000 0.727358 0.000000 0.686258 0.657113 0.657113 0.657113
808.336975 0.000000 846.487305 0.000000 0.406223 0.000000 0.913774 0.394816 0.394816 0.394816
807.600769 0.000000 846.313477 0.000000 0.206781 0.000000 0.978387 0.913260 0.913260 0.913260
874.699829 0.000000 831.160034 0.000000 0.415338 0.000000 0.909667 0.259127 0.259127 0.259127
842.960205 0.000000 824.946167 0.000000 0.540710 0.000000 0.841209 0.319213 0.319213 0.319213
875.314514 0.000000 835.966675 0.000000 0.025868 0.000000 0.999665 0.281516 0.281516 0.281516
851.857605 0.000000 830.977783 0.000000 0.813398 0.000000 0.581707 0.664079 0.664079 0.664079
842.871216 0.000000 826.055786 0.000000 0.715094 0.000000 0.699028 0.480951 0.480951 0.480951
836.331055 0.000000 844.335632 0.000000 0.142009 0.000000 0.989865 0.909071 0.909071 0.909071
878.016357 0.000000 821.859924 0.000000 0.825184 0.000000 0.564863 0.961786 0.961786 0.961786
893.901917 0.000000 815.781311 0.000000 0.571743 0.000000 0.820433 0.938747 0.938747 0.938747
869.422485 0.000000 800.284790 0.000000 0.746377 0.000000 0.665524 0.953642 0.953642 0.953642
894.440979 0.000000 810.278320 0.000000 0.148940 0.000000 0.988846 0.656081 0.656081 0.656081
874.678101 0.000000 797.449097 0.000000 0.041507 0.000000 0.999138 0.902643 0.902643 0.902643
891.186523 0.000000 816.973022 0.000000 0.793242 0.000000 0.608906 0.822608 0.822608 0.822608
857.615845 0.000000 819.476074 0.000000 0.414162 0.000000 0.910203 0.759833 0.759833 0.759833
886.842957 0.000000 819.198975 0.000000 0.626279 0.000000 0.779599 0.943085 0.943085 0.943085
852.415466 0.000000 829.235535 0.000000 0.683939 0.000000 0.729540 0.868841 0.868841 0.868841
894.671509 0.000000 826.554443 0.000000 0.285885 0.000000 0.958264 0.918458 0.918458 0.918458
885.407532 0.000000 818.267273 0.000000 0.645855 0.000000 0.763460 0.944700 0.944700 0.944700
889.400269 0.000000 817.025757 0.000000 0.259454 0.000000 0.965756 0.916708 0.916708 0.916708
885.960815 0.000000 819.349121 0.000000 0.466354 0.000000 0.884598 0.930887 0.930887 0.930887
887.878235 0.000000 817.589600 0.000000 0.042867 0.000000 0.999081 0.902730 0.902730 0.902730
858.466064 0.000000 820.739319 0.000000 0.763384 0.000000 0.645945 0.955293 0.955293 0.955293
895.653992 0.000000 826.787476 0.000000 0.445806 0.000000 0.895130 0.929417 0.929417 0.929417
873.661377 0.000000 800.020935 0.000000 0.204376 0.000000 0.978892 0.829274 0.829274 0.829274
893.421570 0.000000 813.417236 0.000000 0.122032 0.000000 0.992526 0.907788 0.907788 0.907788
892.535217 0.000000 811.995178 0.000000 0.233323 0.000000 0.972399 0.914992 0.914992 0.914992
890.951172 0.000000 813.170349 0.000000 0.098016 0.000000 0.995185 0.906250 0.906250 0.906250
891.978027 0.000000 814.257141 0.000000 0.863556 0.000000 0.504253 0.966354 0.966354 0.966354
860.105835 0.000000 811.717590 0.000000 0.127986 0.000000 0.991776 0.908170 0.908170 0.908170
877.515015 0.000000 835.224670 0.000000 0.624182 0.000000 0.781279 0.942914 0.942914 0.942914
837.698975 0.000000 845.361267 0.000000 0.846945 0.000000 0.531681 0.964312 0.964312 0.964312
867.737915 0.000000 846.383179 0.000000 0.248391 0.000000 0.968660 0.915980 0.915980 0.915980
894.744995 0.000000 808.674805 0.000000 0.350577 0.000000 0.936534 0.922803 0.922803 0.922803
884.194885 0.000000 819.209351 0.000000 0.623460 0.000000 0.781855 0.942855 0.942855 0.942855
892.690918 0.000000 814.769043 0.000000 0.238465 0.000000 0.971151 0.915329 0.915329 0.915329
792.358154 0.000000 855.776611 0.000000 0.704224 0.000000 0.709977 0.333554 0.333554 0.333554
792.281860 0.000000 869.280823 0.000000 0.633833 0.000000 0.773470 0.324157 0.324157 0.324157
811.042175 0.000000 856.136414 0.000000 0.673940 0.000000 0.738786 0.349022 0.349022 0.349022
781.681091 0.000000 861.038330 0.000000 0.669649 0.000000 0.742678 0.343581 0.343581 0.343581
791.363831 0.000000 849.192810 0.000000 0.352141 0.000000 0.935947 0.635335 0.635335 0.635335
788.728271 0.000000 859.964111 0.000000 0.719883 0.000000 0.694096 0.685670 0.685670 0.685670
821.057739 0.000000 859.883240 0.000000 0.454279 0.000000 0.890860 0.766513 0.766513 0.766513
785.590820 0.000000 859.154663 0.000000 0.822475 0.000000 0.568801 0.930667 0.930667 0.930667
812.048706 0.000000 856.118774 0.000000 0.166535 0.000000 0.986036 0.811843 0.811843 0.811843
782.367126 0.000000 862.892822 0.000000 0.180556 0.000000 0.983565 0.911558 0.911558 0.911558
802.382385 0.000000 849.977051 0.000000 0.357211 0.000000 0.934024 0.903391 0.903391 0.903391
784.563416 0.000000 858.729004 0.000000 0.791896 0.000000 0.610656 0.924726 0.924726 0.924726
806.781250 0.000000 847.545593 0.000000 0.860064 0.000000 0.510187 0.965915 0.965915 0.965915
784.090210 0.000000 879.579651 0.000000 0.788349 0.000000 0.615229 0.957813 0.957813 0.957813
806.075378 0.000000 875.760742 0.000000 0.491993 0.000000 0.870599 0.932746 0.932746 0.932746
792.855713 0.000000 848.356018 0.000000 0.700130 0.000000 0.714015 0.949375 0.949375 0.949375
768.740479 0.000000 882.402344 0.000000 0.506083 0.000000 0.862485 0.896387 0.896387 0.896387
787.995789 0.000000 864.719543 0.000000 0.583707 0.000000 0.811965 0.890004 0.890004 0.890004
822.176453 0.000000 855.096924 0.000000 0.575673 0.000000 0.817680 0.939052 0.939052 0.939052
827.159668 0.000000 853.588806 0.000000 0.657386 0.000000 0.753554 0.945668 0.945668 0.945668
805.552979 0.000000 874.058228 0.000000 0.550850 0.000000 0.834604 0.937139 0.937139 0.937139
787.200073 0.000000 863.336426 0.000000 0.202933 0.000000 0.979193 0.913009 0.913009 0.913009
785.534607 0.000000 879.325989 0.000000 0.636994 0.000000 0.770869 0.943964 0.943964 0.943964
829.539917 0.000000 853.598938 0.000000 0.599691 0.000000 0.800232 0.940942 0.940942 0.940942
805.463074 0.000000 877.416321 0.000000 0.206627 0.000000 0.978420 0.913250 0.913250 0.913250
787.333557 0.000000 859.171570 0.000000 0.612544 0.000000 0.790437 0.941971 0.941971 0.941971
851.922729 0.000000 851.065063 0.000000 0.799629 0.000000 0.600495 0.367575 0.367575 0.367575
856.170959 0.000000 858.766479 0.000000 0.839623 0.000000 0.543169 0.414633 0.414633 0.414633
849.910461 0.000000 849.291809 0.000000 0.816771 0.000000 0.576963 0.567481 0.567481 0.567481
840.898926 0.000000 862.160522 0.000000 0.425550 0.000000 0.904935 0.701261 0.701261 0.701261
836.661926 0.000000 850.680420 0.000000 0.052039 0.000000 0.998645 0.715287 0.715287 0.715287
846.957336 0.000000 849.827698 0.000000 0.675770 0.000000 0.737112 0.645398 0.645398 0.645398
841.038330 0.000000 863.126587 0.000000 0.082143 0.000000 0.996621 0.645605 0.645605 0.645605
857.389282 0.000000 867.299377 0.000000 0.746692 0.000000 0.665170 0.953672 0.953672 0.953672
866.382385 0.000000 849.977051 0.000000 0.749670 0.000000 0.661812 0.953957 0.953957 0.953957
836.896362 0.000000 853.414185 0.000000 0.037313 0.000000 0.999304 0.902376 0.902376 0.902376
854.216553 0.000000 860.145630 0.000000 0.170460 0.000000 0.985365 0.774061 0.774061 0.774061
836.987183 0.000000 865.026367 0.000000 0.727910 0.000000 0.685673 0.934926 0.934926 0.934926
855.796631 0.000000 862.093750 0.000000 0.322221 0.000000 0.946664 0.920886 0.920886 0.920886
856.026062 0.000000 861.132324 0.000000 0.613445 0.000000 0.789738 0.942043 0.942043 0.942043
952.393738 0.000000 835.907898 0.000000 0.863877 0.000000 0.503703 0.404520 0.404520 0.404520
901.138184 0.000000 806.216614 0.000000 0.015887 0.000000 0.999874 0.324104 0.324104 0.324104
899.569946 0.000000 804.425537 0.000000 0.633305 0.000000 0.773902 0.528683 0.528683 0.528683
901.154907 0.000000 807.428772 0.000000 0.043054 0.000000 0.999073 0.328292 0.328292 0.328292
901.718872 0.000000 805.293091 0.000000 0.506264 0.000000 0.862379 0.466370 0.466370 0.466370
951.760864 0.000000 835.065735 0.000000 0.193832 0.000000 0.981035 0.473023 0.473023 0.473023
995.248779 0.000000 805.142639 0.000000 0.264062 0.000000 0.964506 0.266170 0.266170 0.266170
18.120268 0.000000 997.365356 0.000000 0.392886 0.000000 0.919587 0.925705 0.925705 0.925705
18.150122 0.000000 996.396179 0.000000 0.080514 0.000000 0.996754 0.905131 0.905131 0.905131
11.257467 0.000000 1048.649048 0.000000 0.074847 0.000000 0.997195 0.672572 0.672572 0.672572
118.928299 0.000000 1033.603760 0.000000 0.853986 0.000000 0.520297 0.391190 0.391190 0.391190
119.607147 0.000000 1045.610840 0.000000 0.731617 0.000000 0.681716 0.569637 0.569637 0.569637
117.360901 0.000000 1027.372803 0.000000 0.062385 0.000000 0.998052 0.331275 0.331275 0.331275
105.629929 0.000000 1035.173828 0.000000 0.825898 0.000000 0.563819 0.920592 0.920592 0.920592
17.019217 0.000000 1101.820679 0.000000 0.422016 0.000000 0.906589 0.322739 0.322739 0.322739
17.509258 0.000000 1100.573608 0.000000 0.757900 0.000000 0.652370 0.389017 0.389017 0.389017
21.379679 0.000000 1106.426025 0.000000 0.686560 0.000000 0.727074 0.948176 0.948176 0.948176
122.360474 0.000000 1087.765015 0.000000 0.488454 0.000000 0.872590 0.908660 0.908660 0.908660
123.111816 0.000000 1087.503784 0.000000 0.616628 0.000000 0.787255 0.921936 0.921936 0.921936
122.760086 0.000000 1084.436401 0.000000 0.292167 0.000000 0.956367 0.918875 0.918875 0.918875
137.448059 0.000000 1086.321167 0.000000 0.337718 0.000000 0.941247 0.450347 0.450347 0.450347
135.818359 0.000000 1087.814453 0.000000 0.148422 0.000000 0.988924 0.601708 0.601708 0.601708
134.077942 0.000000 1088.536011 0.000000 0.193542 0.000000 0.981092 0.910338 0.910338 0.910338
233.112701 0.000000 1083.640869 0.000000 0.362347 0.000000 0.932043 0.284746 0.284746 0.284746
322.951050 0.000000 982.335266 0.000000 0.825287 0.000000 0.564713 0.410336 0.410336 0.410336
385.439514 0.000000 928.129395 0.000000 0.545012 0.000000 0.838428 0.303754 0.303754 0.303754
388.060883 0.000000 931.745422 0.000000 0.541285 0.000000 0.840840 0.936412 0.936412 0.936412
386.088684 0.000000 930.178223 0.000000 0.592379 0.000000 0.805659 0.940362 0.940362 0.940362
435.015015 0.000000 998.637024 0.000000 0.198472 0.000000 0.980107 0.912720 0.912720 0.912720
505.915649 0.000000 1027.433472 0.000000 0.495347 0.000000 0.868695 0.269413 0.269413 0.269413
506.467651 0.000000 1029.464111 0.000000 0.268499 0.000000 0.963280 0.917306 0.917306 0.917306
505.677277 0.000000 1030.725708 0.000000 0.214615 0.000000 0.976699 0.891452 0.891452 0.891452
102.914261 0.000000 1172.469604 0.000000 0.800108 0.000000 0.599856 0.400021 0.400021 0.400021
99.772079 0.000000 1163.844360 0.000000 0.105864 0.000000 0.994381 0.293366 0.293366 0.293366
99.353882 0.000000 1161.074707 0.000000 0.444361 0.000000 0.895848 0.929314 0.929314 0.929314
104.163055 0.000000 1173.790649 0.000000 0.588810 0.000000 0.808271 0.940081 0.940081 0.940081
141.917679 0.000000 1217.618042 0.000000 0.400235 0.000000 0.916413 0.265188 0.265188 0.265188
137.639999 0.000000 1219.398926 0.000000 0.695018 0.000000 0.718992 0.338650 0.338650 0.338650
175.774765 0.000000 1205.360474 0.000000 0.735528 0.000000 0.677495 0.351986 0.351986 0.351986
187.325302 0.000000 1198.287231 0.000000 0.727926 0.000000 0.685656 0.357124 0.357124 0.357124
132.483612 0.000000 1220.601685 0.000000 0.443857 0.000000 0.896097 0.299066 0.299066 0.299066
184.204742 0.000000 1196.432739 0.000000 0.635216 0.000000 0.772334 0.337733 0.337733 0.337733
211.829285 0.000000 1191.848267 0.000000 0.109545 0.000000 0.993982 0.538053 0.538053 0.538053
230.190735 0.000000 1198.341431 0.000000 0.087956 0.000000 0.996124 0.841197 0.841197 0.841197
215.507980 0.000000 1191.810059 0.000000 0.021891 0.000000 0.999760 0.722617 0.722617 0.722617
188.446426 0.000000 1308.721313 0.000000 0.191476 0.000000 0.981497 0.730432 0.730432 0.730432
186.467636 0.000000 1311.885986 0.000000 0.770981 0.000000 0.636858 0.956047 0.956047 0.956047
171.701294 0.000000 1323.545044 0.000000 0.334234 0.000000 0.942490 0.921695 0.921695 0.921695
170.224503 0.000000 1322.829468 0.000000 0.657796 0.000000 0.753196 0.945702 0.945702 0.945702
170.211838 0.000000 1324.080688 0.000000 0.600507 0.000000 0.799620 0.941007 0.941007 0.941007
201.077911 0.000000 1304.652344 0.000000 0.856468 0.000000 0.516200 0.965469 0.965469 0.965469
203.700821 0.000000 1302.583008 0.000000 0.650696 0.000000 0.759338 0.945105 0.945105 0.945105
200.804810 0.000000 1305.945068 0.000000 0.238693 0.000000 0.971095 0.915344 0.915344 0.915344
450.485138 0.000000 1340.277954 0.000000 0.570052 0.000000 0.821609 0.515887 0.515887 0.515887
449.714020 0.000000 1340.685547 0.000000 0.715734 0.000000 0.698373 0.950782 0.950782 0.950782
473.893127 0.000000 1323.767944 0.000000 0.400770 0.000000 0.916179 0.926251 0.926251 0.926251
681.701782 0.000000 1006.138306 0.000000 0.630897 0.000000 0.775866 0.702374 0.702374 0.702374
779.841797 0.000000 904.063232 0.000000 0.829319 0.000000 0.558775 0.962254 0.962254 0.962254
882.878662 0.000000 910.716309 0.000000 0.337663 0.000000 0.941267 0.392055 0.392055 0.392055
935.120850 0.000000 1014.221558 0.000000 0.677636 0.000000 0.735397 0.947399 0.947399 0.947399
928.381775 0.000000 1043.897949 0.000000 0.271680 0.000000 0.962388 0.403165 0.403165 0.403165
929.384155 0.000000 1042.142212 0.000000 0.730958 0.000000 0.682422 0.489194 0.489194 0.489194
914.358032 0.000000 1047.402222 0.000000 0.614283 0.000000 0.789086 0.833493 0.833493 0.833493
933.010986 0.000000 1016.738220 0.000000 0.321044 0.000000 0.947064 0.920807 0.920807 0.920807
932.161194 0.000000 1017.713501 0.000000 0.004607 0.000000 0.999989 0.900293 0.900293 0.900293
911.232178 0.000000 1050.966064 0.000000 0.315637 0.000000 0.948880 0.920444 0.920444 0.920444
915.725891 0.000000 1048.399902 0.000000 0.864132 0.000000 0.503265 0.966426 0.966426 0.966426
912.729126 0.000000 1048.506104 0.000000 0.198000 0.000000 0.980202 0.912689 0.912689 0.912689
914.906189 0.000000 1048.834717 0.000000 0.282324 0.000000 0.959319 0.918221 0.918221 0.918221
132.341843 0.000000 1371.101318 0.000000 0.156988 0.000000 0.987600 0.910036 0.910036 0.910036
226.382385 0.000000 1358.336426 0.000000 0.442656 0.000000 0.896692 0.929193 0.929193 0.929193
227.451019 0.000000 1359.070801 0.000000 0.593343 0.000000 0.804950 0.940438 0.940438 0.940438
415.795258 0.000000 1368.602417 0.000000 0.290838 0.000000 0.956772 0.918787 0.918787 0.918787
1628.691528 0.000000 1573.170410 0.000000 0.477515 0.000000 0.878624 0.281818 0.281818 0.281818
1654.374756 0.000000 1556.627808 0.000000 0.690499 0.000000 0.723333 0.346474 0.346474 0.346474
1630.899414 0.000000 1577.939941 0.000000 0.101997 0.000000 0.994785 0.228863 0.228863 0.228863
1654.213257 0.000000 1568.083496 0.000000 0.588431 0.000000 0.808547 0.342369 0.342369 0.342369
1661.900391 0.000000 1578.145996 0.000000 0.557074 0.000000 0.830463 0.331561 0.331561 0.331561
1625.114868 0.000000 1579.404541 0.000000 0.414037 0.000000 0.910260 0.331649 0.331649 0.331649
1654.485107 0.000000 1564.781006 0.000000 0.839855 0.000000 0.542811 0.411688 0.411688 0.411688
1624.647583 0.000000 1578.025391 0.000000 0.204567 0.000000 0.978853 0.299144 0.299144 0.299144
1657.562134 0.000000 1573.371948 0.000000 0.063992 0.000000 0.997950 0.287156 0.287156 0.287156
1659.589600 0.000000 1557.643066 0.000000 0.303193 0.000000 0.952929 0.313213 0.313213 0.313213
1656.393433 0.000000 1558.220703 0.000000 0.282656 0.000000 0.959221 0.357323 0.357323 0.357323
1626.143677 0.000000 1580.779541 0.000000 0.171714 0.000000 0.985147 0.513077 0.513077 0.513077
1660.698730 0.000000 1575.875977 0.000000 0.291251 0.000000 0.956647 0.836673 0.836673 0.836673
1658.069092 0.000000 1559.012207 0.000000 0.860805 0.000000 0.508935 0.758506 0.758506 0.758506
1660.037598 0.000000 1568.249512 0.000000 0.415272 0.000000 0.909697 0.927263 0.927263 0.927263
1658.366455 0.000000 1571.393921 0.000000 0.812190 0.000000 0.583393 0.941684 0.941684 0.941684
1662.671509 0.000000 1560.851318 0.000000 0.459704 0.000000 0.888072 0.930409 0.930409 0.930409
1663.644043 0.000000 1577.080933 0.000000 0.627393 0.000000 0.778703 0.878998 0.878998 0.878998
1663.673828 0.000000 1572.463257 0.000000 0.414247 0.000000 0.910165 0.870657 0.870657 0.870657
1662.625366 0.000000 1577.646729 0.000000 0.116555 0.000000 0.993184 0.802895 0.802895 0.802895
1663.654053 0.000000 1561.084351 0.000000 0.679225 0.000000 0.733930 0.947537 0.947537 0.947537
1663.631348 0.000000 1563.657715 0.000000 0.143707 0.000000 0.989620 0.909180 0.909180 0.909180
1661.111328 0.000000 1570.637451 0.000000 0.262327 0.000000 0.964979 0.916898 0.916898 0.916898
1661.441772 0.000000 1566.004395 0.000000 0.450079 0.000000 0.892989 0.929721 0.929721 0.929721
1709.255371 0.000000 1523.469238 0.000000 0.575134 0.000000 0.818059 0.287970 0.287970 0.287970
1714.616577 0.000000 1514.646973 0.000000 0.683367 0.000000 0.730075 0.332351 0.332351 0.332351
1717.008667 0.000000 1512.815552 0.000000 0.330442 0.000000 0.943826 0.247220 0.247220 0.247220
1727.474121 0.000000 1513.818237 0.000000 0.302567 0.000000 0.953128 0.264857 0.264857 0.264857
1724.200928 0.000000 1512.666382 0.000000 0.730888 0.000000 0.682498 0.358505 0.358505 0.358505
1749.228027 0.000000 1506.498901 0.000000 0.175860 0.000000 0.984415 0.210271 0.210271 0.210271
1736.162109 0.000000 1488.314575 0.000000 0.843082 0.000000 0.537786 0.388792 0.388792 0.388792
1740.076904 0.000000 1503.904175 0.000000 0.049260 0.000000 0.998786 0.204284 0.204284 0.204284
1737.306274 0.000000 1494.268311 0.000000 0.504478 0.000000 0.863424 0.299038 0.299038 0.299038
1734.216797 0.000000 1515.825684 0.000000 0.136368 0.000000 0.990658 0.257809 0.257809 0.257809
1729.070068 0.000000 1522.103516 0.000000 0.806034 0.000000 0.591869 0.569306 0.569306 0.569306
1728.795654 0.000000 1517.475342 0.000000 0.284325 0.000000 0.958728 0.822300 0.822300 0.822300
1728.990112 0.000000 1518.959351 0.000000 0.253829 0.000000 0.967249 0.910432 0.910432 0.910432
1730.403320 0.000000 1517.583130 0.000000 0.070228 0.000000 0.997531 0.879750 0.879750 0.879750
1731.586914 0.000000 1519.521362 0.000000 0.760822 0.000000 0.648961 0.955041 0.955041 0.955041
1728.002808 0.000000 1519.084106 0.000000 0.680338 0.000000 0.732898 0.943937 0.943937 0.943937
1733.739136 0.000000 1519.051270 0.000000 0.839870 0.000000 0.542787 0.963474 0.963474 0.963474
1718.872192 0.000000 1571.412476 0.000000 0.051822 0.000000 0.998656 0.168378 0.168378 0.168378
1694.599976 0.000000 1574.781738 0.000000 0.185074 0.000000 0.982725 0.197699 0.197699 0.197699
1703.553711 0.000000 1542.280396 0.000000 0.207156 0.000000 0.978308 0.214858 0.214858 0.214858
1703.443970 0.000000 1536.367554 0.000000 0.588622 0.000000 0.808409 0.305743 0.305743 0.305743
1713.495239 0.000000 1525.178223 0.000000 0.854625 0.000000 0.519246 0.386118 0.386118 0.386118
1671.173218 0.000000 1554.284790 0.000000 0.664530 0.000000 0.747262 0.328392 0.328392 0.328392
1702.658447 0.000000 1533.299072 0.000000 0.550597 0.000000 0.834771 0.296934 0.296934 0.296934
1667.928833 0.000000 1555.210083 0.000000 0.748434 0.000000 0.663209 0.355271 0.355271 0.355271
1704.581299 0.000000 1555.342529 0.000000 0.241129 0.000000 0.970493 0.242037 0.242037 0.242037
1664.164185 0.000000 1581.417236 0.000000 0.253144 0.000000 0.967429 0.245432 0.245432 0.245432
1710.877930 0.000000 1578.501587 0.000000 0.418545 0.000000 0.908196 0.288021 0.288021 0.288021
1706.718262 0.000000 1571.577148 0.000000 0.707302 0.000000 0.706911 0.350347 0.350347 0.350347
1707.248413 0.000000 1557.904175 0.000000 0.163323 0.000000 0.986573 0.231860 0.231860 0.231860
1695.909790 0.000000 1540.045532 0.000000 0.373901 0.000000 0.927469 0.273633 0.273633 0.273633
1704.804443 0.000000 1559.202393 0.000000 0.355804 0.000000 0.934560 0.274448 0.274448 0.274448
1691.871582 0.000000 1545.145630 0.000000 0.297247 0.000000 0.954801 0.279026 0.279026 0.279026
1666.930908 0.000000 1556.552856 0.000000 0.811554 0.000000 0.584277 0.389005 0.389005 0.389005
1683.982056 0.000000 1579.260254 0.000000 0.667988 0.000000 0.744172 0.360765 0.360765 0.360765
1700.710693 0.000000 1574.574707 0.000000 0.569511 0.000000 0.821984 0.325476 0.325476 0.325476
1667.034790 0.000000 1579.236450 0.000000 0.741562 0.000000 0.670884 0.376348 0.376348 0.376348
1682.552002 0.000000 1536.970703 0.000000 0.863660 0.000000 0.504075 0.418291 0.418291 0.418291
1680.717651 0.000000 1537.415283 0.000000 0.186172 0.000000 0.982517 0.259080 0.259080 0.259080
1714.969971 0.000000 1579.336792 0.000000 0.480123 0.000000 0.877201 0.321690 0.321690 0.321690
1724.833740 0.000000 1574.806396 0.000000 0.185467 0.000000 0.982650 0.297315 0.297315 0.297315
1684.429321 0.000000 1575.100830 0.000000 0.569668 0.000000 0.821875 0.341406 0.341406 0.341406
1701.564209 0.000000 1569.731812 0.000000 0.687273 0.000000 0.726399 0.368160 0.368160 0.368160
1682.552246 0.000000 1579.228882 0.000000 0.589472 0.000000 0.807789 0.343993 0.343993 0.343993
1685.857300 0.000000 1574.665283 0.000000 0.210296 0.000000 0.977638 0.276597 0.276597 0.276597
1709.661743 0.000000 1575.333618 0.000000 0.628176 0.000000 0.778071 0.413004 0.413004 0.413004
1727.412231 0.000000 1577.926270 0.000000 0.338947 0.000000 0.940806 0.387910 0.387910 0.387910
1707.721924 0.000000 1576.471802 0.000000 0.856367 0.000000 0.516367 0.416080 0.416080 0.416080
1717.067017 0.000000 1578.281006 0.000000 0.626472 0.000000 0.779444 0.365784 0.365784 0.365784
1727.189697 0.000000 1575.572754 0.000000 0.863852 0.000000 0.503746 0.422304 0.422304 0.422304
1672.816772 0.000000 1563.168579 0.000000 0.212579 0.000000 0.977144 0.429449 0.429449 0.429449
1699.721069 0.000000 1570.276001 0.000000 0.014635 0.000000 0.999893 0.291597 0.291597 0.291597
1705.291626 0.000000 1574.584106 0.000000 0.243878 0.000000 0.969806 0.434606 0.434606 0.434606
1684.287598 0.000000 1545.742920 0.000000 0.055828 0.000000 0.998440 0.499082 0.499082 0.499082
1719.320923 0.000000 1578.823730 0.000000 0.537759 0.000000 0.843099 0.547927 0.547927 0.547927
1722.635864 0.000000 1576.253418 0.000000 0.626908 0.000000 0.779094 0.430540 0.430540 0.430540
1668.587402 0.000000 1566.879883 0.000000 0.263922 0.000000 0.964544 0.428806 0.428806 0.428806
1705.291504 0.000000 1575.641113 0.000000 0.055679 0.000000 0.998449 0.404023 0.404023 0.404023
1725.047485 0.000000 1533.515015 0.000000 0.852830 0.000000 0.522189 0.558927 0.558927 0.558927
1687.253296 0.000000 1542.062134 0.000000 0.347010 0.000000 0.937862 0.522984 0.522984 0.522984
1681.484985 0.000000 1541.733765 0.000000 0.085569 0.000000 0.996332 0.479333 0.479333 0.479333
1684.694580 0.000000 1541.340210 0.000000 0.159400 0.000000 0.987214 0.582359 0.582359 0.582359
1671.151611 0.000000 1564.889160 0.000000 0.533858 0.000000 0.845574 0.672962 0.672962 0.672962
1668.870972 0.000000 1563.753418 0.000000 0.707744 0.000000 0.706469 0.829900 0.829900 0.829900
1664.484131 0.000000 1567.833862 0.000000 0.247338 0.000000 0.968929 0.915911 0.915911 0.915911
1664.347900 0.000000 1564.383179 0.000000 0.440866 0.000000 0.897573 0.929066 0.929066 0.929066
1666.963013 0.000000 1565.599243 0.000000 0.701215 0.000000 0.712950 0.949472 0.949472 0.949472
1728.390503 0.000000 1568.628296 0.000000 0.792658 0.000000 0.609667 0.360296 0.360296 0.360296
1764.294800 0.000000 1528.734863 0.000000 0.769816 0.000000 0.638266 0.359236 0.359236 0.359236
1730.200317 0.000000 1541.697388 0.000000 0.436294 0.000000 0.899804 0.289160 0.289160 0.289160
1754.396606 0.000000 1535.115845 0.000000 0.732695 0.000000 0.680557 0.359565 0.359565 0.359565
1730.838379 0.000000 1576.376465 0.000000 0.860870 0.000000 0.508825 0.404245 0.404245 0.404245
1732.280640 0.000000 1534.227295 0.000000 0.398997 0.000000 0.916952 0.325750 0.325750 0.325750
1728.249878 0.000000 1532.180542 0.000000 0.014943 0.000000 0.999888 0.607444 0.607444 0.607444
1728.316650 0.000000 1534.170654 0.000000 0.515941 0.000000 0.856624 0.877498 0.877498 0.877498
1638.270874 0.000000 1582.969482 0.000000 0.773335 0.000000 0.633998 0.349046 0.349046 0.349046
1631.273193 0.000000 1636.438965 0.000000 0.708641 0.000000 0.705569 0.329004 0.329004 0.329004
1639.437012 0.000000 1608.944458 0.000000 0.800968 0.000000 0.598707 0.368515 0.368515 0.368515
1638.985352 0.000000 1613.426880 0.000000 0.218835 0.000000 0.975762 0.229495 0.229495 0.229495
1632.506104 0.000000 1626.220337 0.000000 0.828930 0.000000 0.559353 0.383740 0.383740 0.383740
1633.051514 0.000000 1613.754028 0.000000 0.174060 0.000000 0.984735 0.226618 0.226618 0.226618
1622.295044 0.000000 1589.035645 0.000000 0.809987 0.000000 0.586448 0.380550 0.380550 0.380550
1631.953247 0.000000 1587.237671 0.000000 0.464955 0.000000 0.885334 0.295208 0.295208 0.295208
1650.636963 0.000000 1592.016846 0.000000 0.123567 0.000000 0.992336 0.233955 0.233955 0.233955
1636.845703 0.000000 1627.542358 0.000000 0.147247 0.000000 0.989100 0.228758 0.228758 0.228758
1634.455933 0.000000 1626.515381 0.000000 0.787818 0.000000 0.615909 0.376504 0.376504 0.376504
1652.512451 0.000000 1591.416870 0.000000 0.177110 0.000000 0.984191 0.244958 0.244958 0.244958
1634.607544 0.000000 1633.956421 0.000000 0.625311 0.000000 0.780375 0.329352 0.329352 0.329352
1636.762085 0.000000 1603.067627 0.000000 0.798128 0.000000 0.602488 0.377716 0.377716 0.377716
1640.327271 0.000000 1603.834351 0.000000 0.261043 0.000000 0.965327 0.255823 0.255823 0.255823
1632.706299 0.000000 1585.711792 0.000000 0.769190 0.000000 0.639020 0.379286 0.379286 0.379286
1636.175659 0.000000 1636.477173 0.000000 0.532415 0.000000 0.846484 0.324994 0.324994 0.324994
1623.808105 0.000000 1586.396240 0.000000 0.235138 0.000000 0.971962 0.283782 0.283782 0.283782
1647.139038 0.000000 1595.480713 0.000000 0.855142 0.000000 0.518393 0.417755 0.417755 0.417755
1648.730957 0.000000 1587.715576 0.000000 0.749309 0.000000 0.662221 0.394023 0.394023 0.394023
1646.689453 0.000000 1593.862061 0.000000 0.843345 0.000000 0.537373 0.439598 0.439598 0.439598
1647.400146 0.000000 1591.800903 0.000000 0.195340 0.000000 0.980736 0.381994 0.381994 0.381994
1625.613892 0.000000 1584.025146 0.000000 0.751698 0.000000 0.659507 0.512722 0.512722 0.512722
1624.195679 0.000000 1584.689941 0.000000 0.434791 0.000000 0.900532 0.448867 0.448867 0.448867
1624.019165 0.000000 1582.677612 0.000000 0.027575 0.000000 0.999620 0.479665 0.479665 0.479665
1643.801636 0.000000 1615.222046 0.000000 0.658690 0.000000 0.752414 0.646726 0.646726 0.646726
1642.238647 0.000000 1617.532104 0.000000 0.668309 0.000000 0.743884 0.860280 0.860280 0.860280
1627.333862 0.000000 1582.368774 0.000000 0.176745 0.000000 0.984257 0.504052 0.504052 0.504052
1661.061157 0.000000 1638.603149 0.000000 0.443275 0.000000 0.896386 0.283131 0.283131 0.283131
1656.122925 0.000000 1641.390381 0.000000 0.659601 0.000000 0.751616 0.340431 0.340431 0.340431
1658.349854 0.000000 1644.322266 0.000000 0.308815 0.000000 0.951122 0.353068 0.353068 0.353068
1692.691528 0.000000 1629.654785 0.000000 0.345690 0.000000 0.938349 0.258748 0.258748 0.258748
1725.061157 0.000000 1582.118774 0.000000 0.223812 0.000000 0.974632 0.236562 0.236562 0.236562
1675.020874 0.000000 1592.804810 0.000000 0.427783 0.000000 0.903881 0.294991 0.294991 0.294991
1686.760498 0.000000 1590.766968 0.000000 0.370183 0.000000 0.928959 0.298751 0.298751 0.298751
1681.260742 0.000000 1624.126831 0.000000 0.848403 0.000000 0.529351 0.397430 0.397430 0.397430
1694.198853 0.000000 1632.810669 0.000000 0.265951 0.000000 0.963986 0.266522 0.266522 0.266522
1688.838135 0.000000 1619.674194 0.000000 0.639936 0.000000 0.768429 0.348048 0.348048 0.348048
1681.973755 0.000000 1596.483887 0.000000 0.111947 0.000000 0.993714 0.241635 0.241635 0.241635
1686.076782 0.000000 1623.348267 0.000000 0.860183 0.000000 0.509985 0.417230 0.417230 0.417230
1686.880737 0.000000 1622.125732 0.000000 0.622037 0.000000 0.782988 0.360889 0.360889 0.360889
1696.756958 0.000000 1621.184570 0.000000 0.391202 0.000000 0.920305 0.374985 0.374985 0.374985
1695.716553 0.000000 1623.334595 0.000000 0.469568 0.000000 0.882896 0.410151 0.410151 0.410151
1683.024048 0.000000 1595.817017 0.000000 0.652266 0.000000 0.757991 0.490409 0.490409 0.490409
1697.949341 0.000000 1623.168213 0.000000 0.315801 0.000000 0.948825 0.419389 0.419389 0.419389
1664.212158 0.000000 1605.202637 0.000000 0.226002 0.000000 0.974127 0.311380 0.311380 0.311380
1666.538086 0.000000 1605.380493 0.000000 0.464796 0.000000 0.885418 0.378827 0.378827 0.378827
1680.341919 0.000000 1582.220703 0.000000 0.655412 0.000000 0.755271 0.640986 0.640986 0.640986
1676.104858 0.000000 1592.958130 0.000000 0.570657 0.000000 0.821189 0.478574 0.478574 0.478574
1676.431885 0.000000 1591.195557 0.000000 0.167660 0.000000 0.985845 0.537408 0.537408 0.537408
1678.957397 0.000000 1584.124634 0.000000 0.753652 0.000000 0.657274 0.899552 0.899552 0.899552
1679.711304 0.000000 1591.419434 0.000000 0.302694 0.000000 0.953088 0.830639 0.830639 0.830639
1678.951660 0.000000 1587.369751 0.000000 0.269861 0.000000 0.962899 0.851312 0.851312 0.851312
1683.322510 0.000000 1592.684326 0.000000 0.748321 0.000000 0.663337 0.881998 0.881998 0.881998
1681.425049 0.000000 1595.705811 0.000000 0.651686 0.000000 0.758489 0.650279 0.650279 0.650279
1679.315674 0.000000 1585.465942 0.000000 0.076570 0.000000 0.997064 0.790735 0.790735 0.790735
1685.817139 0.000000 1584.461548 0.000000 0.242072 0.000000 0.970258 0.861925 0.861925 0.861925
1683.891357 0.000000 1586.269043 0.000000 0.733598 0.000000 0.679584 0.952432 0.952432 0.952432
1685.473145 0.000000 1586.253784 0.000000 0.672805 0.000000 0.739820 0.920785 0.920785 0.920785
1679.121582 0.000000 1590.479126 0.000000 0.099126 0.000000 0.995075 0.802723 0.802723 0.802723
1678.886230 0.000000 1592.157715 0.000000 0.507902 0.000000 0.861415 0.826084 0.826084 0.826084
1684.594604 0.000000 1587.605713 0.000000 0.062151 0.000000 0.998067 0.856504 0.856504 0.856504
1787.206421 0.000000 1611.543213 0.000000 0.208268 0.000000 0.978072 0.220193 0.220193 0.220193
1766.985352 0.000000 1613.426880 0.000000 0.752932 0.000000 0.658099 0.356630 0.356630 0.356630
1763.886841 0.000000 1612.187012 0.000000 0.566006 0.000000 0.824401 0.308738 0.308738 0.308738
1788.200928 0.000000 1625.635132 0.000000 0.193160 0.000000 0.981167 0.241763 0.241763 0.241763
1787.122925 0.000000 1620.988770 0.000000 0.763129 0.000000 0.646247 0.370276 0.370276 0.370276
1765.911865 0.000000 1584.722290 0.000000 0.360533 0.000000 0.932747 0.297900 0.297900 0.297900
1791.537720 0.000000 1611.828857 0.000000 0.399572 0.000000 0.916702 0.298917 0.298917 0.298917
1772.527954 0.000000 1589.546265 0.000000 0.839128 0.000000 0.543934 0.401575 0.401575 0.401575
1767.991211 0.000000 1614.454102 0.000000 0.749760 0.000000 0.661710 0.383832 0.383832 0.383832
1770.270874 0.000000 1589.054321 0.000000 0.358859 0.000000 0.933392 0.303008 0.303008 0.303008
1761.012085 0.000000 1591.775757 0.000000 0.855448 0.000000 0.517889 0.447603 0.447603 0.447603
1771.522339 0.000000 1623.666260 0.000000 0.861163 0.000000 0.508328 0.418726 0.418726 0.418726
1775.430908 0.000000 1625.697632 0.000000 0.862566 0.000000 0.505944 0.458878 0.458878 0.458878
1773.920898 0.000000 1622.886475 0.000000 0.750253 0.000000 0.661151 0.443340 0.443340 0.443340
1760.142334 0.000000 1595.280396 0.000000 0.475122 0.000000 0.879920 0.393593 0.393593 0.393593
1768.130127 0.000000 1597.635010 0.000000 0.727279 0.000000 0.686342 0.549435 0.549435 0.549435
1784.164185 0.000000 1594.485596 0.000000 0.758071 0.000000 0.652171 0.509590 0.509590 0.509590
1766.609985 0.000000 1585.927368 0.000000 0.583621 0.000000 0.812026 0.378365 0.378365 0.378365
1765.766479 0.000000 1619.369385 0.000000 0.196747 0.000000 0.980454 0.422300 0.422300 0.422300
1772.866455 0.000000 1599.291992 0.000000 0.482150 0.000000 0.876088 0.532591 0.532591 0.532591
1765.796265 0.000000 1614.005493 0.000000 0.527455 0.000000 0.849583 0.416105 0.416105 0.416105
1781.360962 0.000000 1592.216553 0.000000 0.301794 0.000000 0.953373 0.453483 0.453483 0.453483
1767.639282 0.000000 1602.972290 0.000000 0.602113 0.000000 0.798411 0.550976 0.550976 0.550976
1771.124146 0.000000 1585.233887 0.000000 0.699149 0.000000 0.714976 0.523989 0.523989 0.523989
1765.083374 0.000000 1617.591919 0.000000 0.287456 0.000000 0.957794 0.498257 0.498257 0.498257
1767.104126 0.000000 1597.828613 0.000000 0.448060 0.000000 0.894003 0.540888 0.540888 0.540888
1764.104614 0.000000 1616.807251 0.000000 0.778018 0.000000 0.628242 0.595630 0.595630 0.595630
1764.266113 0.000000 1595.673828 0.000000 0.230834 0.000000 0.972993 0.615096 0.615096 0.615096
1781.633179 0.000000 1591.172241 0.000000 0.069783 0.000000 0.997562 0.654856 0.654856 0.654856
1770.687134 0.000000 1586.558105 0.000000 0.182541 0.000000 0.983198 0.514864 0.514864 0.514864
1777.371460 0.000000 1620.629395 0.000000 0.066213 0.000000 0.997806 0.665575 0.665575 0.665575
1762.358521 0.000000 1595.550415 0.000000 0.084893 0.000000 0.996390 0.696977 0.696977 0.696977
1764.620239 0.000000 1600.913452 0.000000 0.215778 0.000000 0.976443 0.855058 0.855058 0.855058
1777.989380 0.000000 1622.818604 0.000000 0.134336 0.000000 0.990936 0.841894 0.841894 0.841894
1766.289307 0.000000 1601.586548 0.000000 0.799775 0.000000 0.600299 0.959010 0.959010 0.959010
1765.616089 0.000000 1597.076416 0.000000 0.522850 0.000000 0.852425 0.828595 0.828595 0.828595
1768.332397 0.000000 1599.454224 0.000000 0.330563 0.000000 0.943784 0.914055 0.914055 0.914055
1769.423340 0.000000 1598.343872 0.000000 0.605138 0.000000 0.796120 0.935859 0.935859 0.935859
1664.013672 0.000000 1642.569580 0.000000 0.561810 0.000000 0.827266 0.317950 0.317950 0.317950
1679.288574 0.000000 1652.584839 0.000000 0.600284 0.000000 0.799787 0.324009 0.324009 0.324009
1674.587402 0.000000 1651.327148 0.000000 0.812148 0.000000 0.583452 0.382654 0.382654 0.382654
1681.197510 0.000000 1644.839966 0.000000 0.038734 0.000000 0.999250 0.232070 0.232070 0.232070
1693.555054 0.000000 1646.020142 0.000000 0.296221 0.000000 0.955120 0.280741 0.280741 0.280741
1691.908447 0.000000 1643.550415 0.000000 0.713747 0.000000 0.700404 0.378826 0.378826 0.378826
1685.351196 0.000000 1644.475952 0.000000 0.840353 0.000000 0.542040 0.413117 0.413117 0.413117
1693.531982 0.000000 1638.890503 0.000000 0.116516 0.000000 0.993189 0.269675 0.269675 0.269675
1684.728271 0.000000 1650.745361 0.000000 0.786009 0.000000 0.618215 0.666647 0.666647 0.666647
1677.643799 0.000000 1647.935425 0.000000 0.060006 0.000000 0.998198 0.413823 0.413823 0.413823
1687.302979 0.000000 1646.406494 0.000000 0.529316 0.000000 0.848425 0.864192 0.864192 0.864192
1679.711304 0.000000 1647.903809 0.000000 0.700161 0.000000 0.713985 0.615967 0.615967 0.615967
1682.540649 0.000000 1646.832031 0.000000 0.628024 0.000000 0.778194 0.901816 0.901816 0.901816
1684.308228 0.000000 1646.465332 0.000000 0.262313 0.000000 0.964983 0.864102 0.864102 0.864102
1684.985474 0.000000 1649.570190 0.000000 0.764187 0.000000 0.644995 0.955372 0.955372 0.955372
1688.142090 0.000000 1647.427002 0.000000 0.050571 0.000000 0.998720 0.674542 0.674542 0.674542
1684.719116 0.000000 1648.007935 0.000000 0.812922 0.000000 0.582373 0.960425 0.960425 0.960425
1638.643433 0.000000 1746.233398 0.000000 0.634822 0.000000 0.772659 0.314491 0.314491 0.314491
1644.263306 0.000000 1744.706299 0.000000 0.591904 0.000000 0.806008 0.312901 0.312901 0.312901
1652.752563 0.000000 1740.928589 0.000000 0.701317 0.000000 0.712850 0.347551 0.347551 0.347551
1648.909302 0.000000 1737.578369 0.000000 0.693458 0.000000 0.720497 0.374970 0.374970 0.374970
1635.360474 0.000000 1743.780029 0.000000 0.838455 0.000000 0.544971 0.498093 0.498093 0.498093
1651.604858 0.000000 1741.490601 0.000000 0.619984 0.000000 0.784614 0.366565 0.366565 0.366565
1642.775757 0.000000 1738.651489 0.000000 0.166666 0.000000 0.986013 0.594056 0.594056 0.594056
1645.241699 0.000000 1740.491333 0.000000 0.090919 0.000000 0.995858 0.669389 0.669389 0.669389
1643.352783 0.000000 1741.756714 0.000000 0.354359 0.000000 0.935109 0.744491 0.744491 0.744491
1648.601685 0.000000 1755.857910 0.000000 0.668469 0.000000 0.743740 0.338888 0.338888 0.338888
1661.359375 0.000000 1772.089233 0.000000 0.817845 0.000000 0.575439 0.380832 0.380832 0.380832
1639.815552 0.000000 1760.569336 0.000000 0.597852 0.000000 0.801607 0.327611 0.327611 0.327611
1644.925659 0.000000 1767.583008 0.000000 0.687063 0.000000 0.726598 0.376033 0.376033 0.376033
1645.161133 0.000000 1761.733765 0.000000 0.418054 0.000000 0.908422 0.410017 0.410017 0.410017
1643.927246 0.000000 1765.860596 0.000000 0.778213 0.000000 0.628001 0.505243 0.505243 0.505243
1645.578491 0.000000 1763.073975 0.000000 0.800626 0.000000 0.599164 0.700638 0.700638 0.700638
1792.205078 0.000000 1603.981201 0.000000 0.169628 0.000000 0.985508 0.203712 0.203712 0.203712
1793.116211 0.000000 1618.061768 0.000000 0.277459 0.000000 0.960737 0.246451 0.246451 0.246451
2338.794434 0.000000 1506.853271 0.000000 0.841125 0.000000 0.540841 0.389366 0.389366 0.389366
2344.552490 0.000000 1521.444946 0.000000 0.546046 0.000000 0.837755 0.309949 0.309949 0.309949
2326.346924 0.000000 1491.237427 0.000000 0.633291 0.000000 0.773914 0.335286 0.335286 0.335286
2351.430908 0.000000 1512.728882 0.000000 0.350225 0.000000 0.936666 0.402921 0.402921 0.402921
2334.751221 0.000000 1508.185303 0.000000 0.072553 0.000000 0.997365 0.264924 0.264924 0.264924
2335.716553 0.000000 1510.365845 0.000000 0.019233 0.000000 0.999815 0.402704 0.402704 0.402704
2355.604980 0.000000 1515.553101 0.000000 0.699048 0.000000 0.715074 0.477375 0.477375 0.477375
2348.969482 0.000000 1512.412598 0.000000 0.097003 0.000000 0.995284 0.379425 0.379425 0.379425
2350.064453 0.000000 1513.616699 0.000000 0.012216 0.000000 0.999925 0.348727 0.348727 0.348727
2380.277832 0.000000 1523.849976 0.000000 0.777721 0.000000 0.628610 0.370938 0.370938 0.370938
2359.474609 0.000000 1530.148804 0.000000 0.762220 0.000000 0.647318 0.362107 0.362107 0.362107
2356.036133 0.000000 1528.615112 0.000000 0.260058 0.000000 0.965593 0.349523 0.349523 0.349523
2381.333984 0.000000 1529.407471 0.000000 0.446947 0.000000 0.894560 0.261537 0.261537 0.261537
2383.571045 0.000000 1531.690674 0.000000 0.159158 0.000000 0.987253 0.214147 0.214147 0.214147
2371.130371 0.000000 1535.397339 0.000000 0.656063 0.000000 0.754706 0.409699 0.409699 0.409699
2371.570068 0.000000 1538.722412 0.000000 0.259971 0.000000 0.965616 0.301652 0.301652 0.301652
2382.957275 0.000000 1527.640259 0.000000 0.742457 0.000000 0.669893 0.675800 0.675800 0.675800
2932.102783 0.000000 1490.251099 0.000000 0.769835 0.000000 0.638244 0.955932 0.955932 0.955932
2932.111084 0.000000 1491.130249 0.000000 0.170049 0.000000 0.985436 0.910879 0.910879 0.910879
2947.459473 0.000000 1505.109985 0.000000 0.628557 0.000000 0.777764 0.348833 0.348833 0.348833
2975.658936 0.000000 1504.127441 0.000000 0.212458 0.000000 0.977170 0.350428 0.350428 0.350428
2947.876465 0.000000 1507.000732 0.000000 0.258953 0.000000 0.965890 0.493448 0.493448 0.493448
2949.303223 0.000000 1505.688232 0.000000 0.629917 0.000000 0.776663 0.915406 0.915406 0.915406
2966.052979 0.000000 1511.254150 0.000000 0.385697 0.000000 0.922626 0.925208 0.925208 0.925208
2966.772705 0.000000 1510.805786 0.000000 0.280679 0.000000 0.959802 0.918112 0.918112 0.918112
2980.365234 0.000000 1502.184204 0.000000 0.204207 0.000000 0.978928 0.913092 0.913092 0.913092
493.660004 0.000000 2008.903442 0.000000 0.830668 0.000000 0.556767 0.390984 0.390984 0.390984
459.621552 0.000000 2022.876709 0.000000 0.354835 0.000000 0.934929 0.300493 0.300493 0.300493
494.016357 0.000000 2008.031860 0.000000 0.033871 0.000000 0.999426 0.876833 0.876833 0.876833
494.481506 0.000000 2009.677979 0.000000 0.214961 0.000000 0.976623 0.891480 0.891480 0.891480
497.490875 0.000000 2007.513306 0.000000 0.309150 0.000000 0.951013 0.920009 0.920009 0.920009
550.257996 0.000000 1973.032471 0.000000 0.051959 0.000000 0.998649 0.635328 0.635328 0.635328
560.240723 0.000000 1964.154175 0.000000 0.371391 0.000000 0.928477 0.713924 0.713924 0.713924
559.984009 0.000000 1965.303467 0.000000 0.600037 0.000000 0.799972 0.940970 0.940970 0.940970
559.107117 0.000000 1962.301270 0.000000 0.590854 0.000000 0.806779 0.940242 0.940242 0.940242
553.763672 0.000000 1954.814575 0.000000 0.692404 0.000000 0.721510 0.948690 0.948690 0.948690
556.304749 0.000000 1962.481079 0.000000 0.331662 0.000000 0.943398 0.891977 0.891977 0.891977
561.524109 0.000000 1960.282715 0.000000 0.482894 0.000000 0.875679 0.932083 0.932083 0.932083
522.630676 0.000000 1999.765991 0.000000 0.247822 0.000000 0.968806 0.744791 0.744791 0.744791
1470.112061 0.000000 2246.809326 0.000000 0.749199 0.000000 0.662345 0.343573 0.343573 0.343573
1563.827881 0.000000 2093.960938 0.000000 0.692880 0.000000 0.721053 0.339862 0.339862 0.339862
1852.546265 0.000000 2117.861572 0.000000 0.040586 0.000000 0.999176 0.192282 0.192282 0.192282
1827.914307 0.000000 2118.680908 0.000000 0.359739 0.000000 0.933053 0.275235 0.275235 0.275235
1872.015625 0.000000 2123.706299 0.000000 0.706127 0.000000 0.708085 0.365941 0.365941 0.365941
1875.367432 0.000000 2119.929199 0.000000 0.846749 0.000000 0.531993 0.414503 0.414503 0.414503
1969.942505 0.000000 2168.517090 0.000000 0.638407 0.000000 0.769699 0.501480 0.501480 0.501480
1964.081299 0.000000 2166.272949 0.000000 0.400729 0.000000 0.916197 0.780178 0.780178 0.780178
1967.587036 0.000000 2167.135254 0.000000 0.567527 0.000000 0.823355 0.938420 0.938420 0.938420
1966.936523 0.000000 2165.676270 0.000000 0.433076 0.000000 0.901358 0.923468 0.923468 0.923468
1361.216431 0.000000 2355.740723 0.000000 0.263139 0.000000 0.964758 0.222032 0.222032 0.222032
1360.405029 0.000000 2353.414551 0.000000 0.839587 0.000000 0.543225 0.385376 0.385376 0.385376
1373.193848 0.000000 2342.070557 0.000000 0.347872 0.000000 0.937542 0.261940 0.261940 0.261940
1375.716431 0.000000 2356.310059 0.000000 0.458205 0.000000 0.888847 0.287215 0.287215 0.287215
1350.203369 0.000000 2353.154541 0.000000 0.377294 0.000000 0.926094 0.305366 0.305366 0.305366
1353.291260 0.000000 2332.652588 0.000000 0.040365 0.000000 0.999185 0.251841 0.251841 0.251841
1418.654663 0.000000 2305.667480 0.000000 0.514032 0.000000 0.857771 0.711532 0.711532 0.711532
2132.957275 0.000000 1835.661011 0.000000 0.787846 0.000000 0.615873 0.385457 0.385457 0.385457
2135.879395 0.000000 1835.113037 0.000000 0.350836 0.000000 0.936437 0.416328 0.416328 0.416328
2135.602295 0.000000 1842.795288 0.000000 0.169520 0.000000 0.985527 0.814346 0.814346 0.814346
2135.003662 0.000000 1844.549805 0.000000 0.539092 0.000000 0.842247 0.842665 0.842665 0.842665
2141.713623 0.000000 1840.988037 0.000000 0.577611 0.000000 0.816312 0.939203 0.939203 0.939203
2134.029053 0.000000 1843.039185 0.000000 0.397229 0.000000 0.917719 0.845918 0.845918 0.845918
2133.215332 0.000000 1832.222168 0.000000 0.531927 0.000000 0.846790 0.935706 0.935706 0.935706
2130.672363 0.000000 1832.991943 0.000000 0.025325 0.000000 0.999679 0.822902 0.822902 0.822902
2132.213135 0.000000 1833.514526 0.000000 0.503626 0.000000 0.863922 0.933600 0.933600 0.933600
2091.434082 0.000000 2006.043213 0.000000 0.263801 0.000000 0.964577 0.270028 0.270028 0.270028
2078.440186 0.000000 2007.016968 0.000000 0.166986 0.000000 0.985959 0.408421 0.408421 0.408421
2090.156738 0.000000 2008.607910 0.000000 0.346975 0.000000 0.937874 0.557510 0.557510 0.557510
2087.558105 0.000000 2008.130493 0.000000 0.654579 0.000000 0.755994 0.928739 0.928739 0.928739
2080.855469 0.000000 2007.161499 0.000000 0.678258 0.000000 0.734823 0.912834 0.912834 0.912834
2262.371582 0.000000 2142.747803 0.000000 0.635223 0.000000 0.772328 0.337073 0.337073 0.337073
2389.329346 0.000000 2044.061890 0.000000 0.524602 0.000000 0.851348 0.334079 0.334079 0.334079
2411.487305 0.000000 2036.321777 0.000000 0.372481 0.000000 0.928040 0.883331 0.883331 0.883331
2403.292969 0.000000 2040.858521 0.000000 0.524284 0.000000 0.851544 0.869504 0.869504 0.869504
4038.677002 0.000000 2341.109619 0.000000 0.377595 0.000000 0.925971 0.298327 0.298327 0.298327
4047.094727 0.000000 2342.615723 0.000000 0.262837 0.000000 0.964840 0.518395 0.518395 0.518395
4605.773926 0.000000 1055.148071 0.000000 0.664525 0.000000 0.747266 0.511682 0.511682 0.511682
4622.840820 0.000000 1044.513062 0.000000 0.729943 0.000000 0.683508 0.550063 0.550063 0.550063
4626.524414 0.000000 1058.636963 0.000000 0.475914 0.000000 0.879492 0.715438 0.715438 0.715438
4633.454590 0.000000 1082.311768 0.000000 0.839881 0.000000 0.542771 0.413844 0.413844 0.413844
4633.643555 0.000000 1074.525391 0.000000 0.231230 0.000000 0.972899 0.297154 0.297154 0.297154
4621.854004 0.000000 1085.570557 0.000000 0.199031 0.000000 0.979993 0.522550 0.522550 0.522550
4324.219727 0.000000 1452.266846 0.000000 0.482099 0.000000 0.876117 0.272484 0.272484 0.272484
4327.873535 0.000000 1448.896851 0.000000 0.626756 0.000000 0.779216 0.335058 0.335058 0.335058
4326.914062 0.000000 1454.891479 0.000000 0.045848 0.000000 0.998948 0.260726 0.260726 0.260726
4326.615234 0.000000 1457.486450 0.000000 0.787132 0.000000 0.616785 0.402182 0.402182 0.402182
4330.814453 0.000000 1449.962891 0.000000 0.621638 0.000000 0.783304 0.608866 0.608866 0.608866
4330.238770 0.000000 1448.078979 0.000000 0.733601 0.000000 0.679581 0.633657 0.633657 0.633657
4354.240723 0.000000 1454.426758 0.000000 0.143272 0.000000 0.989683 0.233336 0.233336 0.233336
4355.459473 0.000000 1448.625610 0.000000 0.285103 0.000000 0.958497 0.270096 0.270096 0.270096
4357.865234 0.000000 1446.935425 0.000000 0.783932 0.000000 0.620847 0.385869 0.385869 0.385869
4359.945312 0.000000 1464.515381 0.000000 0.582467 0.000000 0.812855 0.342559 0.342559 0.342559
6433.215332 0.000000 1534.437988 0.000000 0.330942 0.000000 0.943651 0.921473 0.921473 0.921473
6815.716309 0.000000 1452.559937 0.000000 0.676566 0.000000 0.736382 0.342230 0.342230 0.342230
6816.929688 0.000000 1468.586914 0.000000 0.423343 0.000000 0.905970 0.289005 0.289005 0.289005
6813.439453 0.000000 1458.996094 0.000000 0.821097 0.000000 0.570789 0.409233 0.409233 0.409233
6815.464355 0.000000 1463.744751 0.000000 0.600923 0.000000 0.799307 0.398956 0.398956 0.398956
6778.544922 0.000000 1557.048828 0.000000 0.020514 0.000000 0.999790 0.227721 0.227721 0.227721
6780.814941 0.000000 1559.795044 0.000000 0.706780 0.000000 0.707434 0.734140 0.734140 0.734140
6780.515625 0.000000 1562.223511 0.000000 0.257705 0.000000 0.966224 0.871455 0.871455 0.871455
6821.430176 0.000000 1473.061035 0.000000 0.827640 0.000000 0.561259 0.412300 0.412300 0.412300
6865.910645 0.000000 1470.619873 0.000000 0.005474 0.000000 0.999985 0.369277 0.369277 0.369277
6882.780762 0.000000 1480.263672 0.000000 0.385958 0.000000 0.922516 0.651675 0.651675 0.651675
6879.367676 0.000000 1480.869629 0.000000 0.209504 0.000000 0.977808 0.768014 0.768014 0.768014
7225.855957 0.000000 1703.353394 0.000000 0.699147 0.000000 0.714978 0.372622 0.372622 0.372622
7227.085449 0.000000 1705.048340 0.000000 0.429427 0.000000 0.903102 0.518160 0.518160 0.518160
7222.640625 0.000000 1705.769531 0.000000 0.687824 0.000000 0.725877 0.766775 0.766775 0.766775
7227.330078 0.000000 1707.721313 0.000000 0.383171 0.000000 0.923677 0.845657 0.845657 0.845657
7226.360352 0.000000 1709.093140 0.000000 0.241497 0.000000 0.970402 0.915528 0.915528 0.915528
7224.336426 0.000000 1706.649048 0.000000 0.594324 0.000000 0.804226 0.906925 0.906925 0.906925
7932.370605 0.000000 1683.943481 0.000000 0.544867 0.000000 0.838523 0.302230 0.302230 0.302230
7984.909180 0.000000 1681.093994 0.000000 0.827127 0.000000 0.562015 0.408589 0.408589 0.408589
7984.024902 0.000000 1679.778687 0.000000 0.242416 0.000000 0.970172 0.590759 0.590759 0.590759
7953.425293 0.000000 1652.190186 0.000000 0.743214 0.000000 0.669054 0.900641 0.900641 0.900641
7956.985352 0.000000 1649.570190 0.000000 0.740728 0.000000 0.671806 0.915587 0.915587 0.915587
7953.699707 0.000000 1653.800293 0.000000 0.481873 0.000000 0.876241 0.855218 0.855218 0.855218
7955.851562 0.000000 1650.566284 0.000000 0.847506 0.000000 0.530785 0.964379 0.964379 0.964379
7956.719238 0.000000 1648.007935 0.000000 0.765741 0.000000 0.643149 0.919946 0.919946 0.919946
5279.077637 0.000000 1878.278809 0.000000 0.734500 0.000000 0.678609 0.503958 0.503958 0.503958
5283.929199 0.000000 1887.922974 0.000000 0.120016 0.000000 0.992772 0.465670 0.465670 0.465670
5281.141113 0.000000 1881.816772 0.000000 0.748562 0.000000 0.663065 0.950593 0.950593 0.950593
5329.638672 0.000000 1905.282837 0.000000 0.820386 0.000000 0.571809 0.406768 0.406768 0.406768
5326.338867 0.000000 1905.805542 0.000000 0.342461 0.000000 0.939532 0.309289 0.309289 0.309289
5346.153320 0.000000 1906.638184 0.000000 0.663650 0.000000 0.748043 0.767033 0.767033 0.767033
5342.478516 0.000000 1907.607666 0.000000 0.735328 0.000000 0.677711 0.745822 0.745822 0.745822
5317.303223 0.000000 1901.078857 0.000000 0.521765 0.000000 0.853089 0.859941 0.859941 0.859941
5316.335449 0.000000 1900.673218 0.000000 0.609691 0.000000 0.792639 0.874572 0.874572 0.874572
5319.893555 0.000000 1902.046021 0.000000 0.573798 0.000000 0.818997 0.928844 0.928844 0.928844
7896.837891 0.000000 1958.580444 0.000000 0.118016 0.000000 0.993012 0.242718 0.242718 0.242718
7896.405762 0.000000 1957.520996 0.000000 0.078801 0.000000 0.996890 0.435344 0.435344 0.435344
7896.776855 0.000000 1956.522217 0.000000 0.128599 0.000000 0.991697 0.443437 0.443437 0.443437
7886.248047 0.000000 1957.803101 0.000000 0.800825 0.000000 0.598898 0.931227 0.931227 0.931227
7887.892090 0.000000 1956.057495 0.000000 0.857980 0.000000 0.513684 0.942221 0.942221 0.942221
7942.882324 0.000000 1846.576294 0.000000 0.771025 0.000000 0.636805 0.956051 0.956051 0.956051
"}
object={
	name="palm_dense_generator_3_1"
	clamp_to_water_level=no
	render_under_water=no
	generated_content=yes
	layer="semidynamic_high"
	pdxmesh="tree_palm_02_mesh"
	count=568
	transform="480.929779 0.000000 790.774353 0.000000 0.993913 0.000000 -0.110166 0.520876 0.520876 0.520876
483.060181 0.000000 788.291809 0.000000 0.936826 0.000000 0.349796 0.442590 0.442590 0.442590
456.579926 0.000000 744.282410 0.000000 0.956873 0.000000 -0.290508 0.999142 0.999142 0.999142
463.711273 0.000000 744.153748 0.000000 0.981148 0.000000 -0.193260 0.931784 0.931784 0.931784
460.073120 0.000000 743.184448 0.000000 0.953176 0.000000 0.302416 0.972158 0.972158 0.972158
461.483307 0.000000 745.272339 0.000000 0.926315 0.000000 0.376749 0.975408 0.975408 0.975408
379.206451 0.000000 820.762024 0.000000 0.960635 0.000000 -0.277815 0.557034 0.557034 0.557034
380.814911 0.000000 825.498230 0.000000 0.906482 0.000000 -0.422244 0.996750 0.996750 0.996750
379.735779 0.000000 824.094238 0.000000 0.898363 0.000000 -0.439255 1.028952 1.028952 1.028952
461.161041 0.000000 803.484253 0.000000 0.987707 0.000000 0.156318 0.990008 0.990008 0.990008
596.263062 0.000000 846.956360 0.000000 0.880837 0.000000 0.473420 0.785309 0.785309 0.785309
580.174866 0.000000 871.911377 0.000000 0.996937 0.000000 0.078207 0.993961 0.993961 0.993961
580.935425 0.000000 870.252808 0.000000 0.984249 0.000000 -0.176787 1.013710 1.013710 1.013710
579.572266 0.000000 854.197693 0.000000 0.994060 0.000000 -0.108837 1.006943 1.006943 1.006943
633.017578 0.000000 857.888489 0.000000 0.959382 0.000000 -0.282112 1.037913 1.037913 1.037913
632.336243 0.000000 859.383484 0.000000 0.920571 0.000000 0.390576 0.974455 0.974455 0.974455
633.483276 0.000000 859.293274 0.000000 0.982394 0.000000 -0.186822 1.011964 1.011964 1.011964
670.427490 0.000000 829.068420 0.000000 0.946031 0.000000 0.324077 0.440799 0.440799 0.440799
687.125977 0.000000 829.698364 0.000000 0.951310 0.000000 0.308237 0.441213 0.441213 0.441213
694.485107 0.000000 830.484192 0.000000 0.924204 0.000000 -0.381899 0.562544 0.562544 0.562544
692.552002 0.000000 831.909607 0.000000 0.998798 0.000000 0.049009 0.492527 0.492527 0.492527
698.465332 0.000000 828.313110 0.000000 0.955766 0.000000 -0.294128 0.689971 0.689971 0.689971
692.507324 0.000000 828.212769 0.000000 0.956816 0.000000 0.290693 0.958690 0.958690 0.958690
689.989319 0.000000 832.037354 0.000000 0.999903 0.000000 0.013914 0.998927 0.998927 0.998927
671.110168 0.000000 831.925720 0.000000 0.999039 0.000000 -0.043837 1.002792 1.002792 1.002792
702.230530 0.000000 825.712402 0.000000 0.900154 0.000000 -0.435571 1.028691 1.028691 1.028691
689.265381 0.000000 831.345337 0.000000 0.982885 0.000000 -0.184218 1.011795 1.011795 1.011795
671.105286 0.000000 833.115662 0.000000 0.958000 0.000000 0.286769 0.981484 0.981484 0.981484
696.888489 0.000000 829.533081 0.000000 0.947700 0.000000 -0.319164 1.020680 1.020680 1.020680
643.098755 0.000000 865.389648 0.000000 0.893060 0.000000 -0.449938 0.579171 0.579171 0.579171
661.606384 0.000000 848.093262 0.000000 0.983080 0.000000 0.183175 0.472889 0.472889 0.472889
650.256775 0.000000 848.407532 0.000000 0.952401 0.000000 -0.304848 1.019721 1.019721 1.019721
765.900330 0.000000 900.333496 0.000000 0.999091 0.000000 0.042639 0.492605 0.492605 0.492605
741.564209 0.000000 891.919312 0.000000 0.981137 0.000000 0.193315 0.467727 0.467727 0.467727
734.751282 0.000000 886.857239 0.000000 0.913110 0.000000 -0.407713 0.633549 0.633549 0.633549
725.435547 0.000000 893.273193 0.000000 0.923853 0.000000 0.382748 0.507907 0.507907 0.507907
740.907471 0.000000 884.349731 0.000000 0.943022 0.000000 -0.332732 0.741194 0.741194 0.741194
756.644958 0.000000 882.334656 0.000000 0.928570 0.000000 -0.371157 0.898633 0.898633 0.898633
739.242615 0.000000 891.562866 0.000000 0.887103 0.000000 -0.461571 0.933363 0.933363 0.933363
744.903137 0.000000 884.143860 0.000000 0.995263 0.000000 -0.097223 1.011013 1.011013 1.011013
766.689819 0.000000 879.366943 0.000000 0.982847 0.000000 0.184425 0.981245 0.981245 0.981245
737.042358 0.000000 891.187256 0.000000 0.998006 0.000000 -0.063114 1.004021 1.004021 1.004021
797.191406 0.000000 772.264282 0.000000 0.965636 0.000000 -0.259898 0.899229 0.899229 0.899229
799.321960 0.000000 772.775452 0.000000 0.983950 0.000000 0.178443 0.988579 0.988579 0.988579
842.822510 0.000000 756.023499 0.000000 0.997952 0.000000 0.063960 0.524658 0.524658 0.524658
929.773193 0.000000 789.722290 0.000000 0.966674 0.000000 -0.256010 0.539071 0.539071 0.539071
947.522583 0.000000 750.983337 0.000000 0.983047 0.000000 -0.183355 0.651868 0.651868 0.651868
904.364197 0.000000 781.363037 0.000000 0.998155 0.000000 0.060718 0.759767 0.759767 0.759767
930.829468 0.000000 753.168701 0.000000 0.959760 0.000000 -0.280823 0.869002 0.869002 0.869002
947.777893 0.000000 752.964233 0.000000 0.996047 0.000000 -0.088830 1.005663 1.005663 1.005663
904.595398 0.000000 778.445923 0.000000 0.986961 0.000000 -0.160962 1.010292 1.010292 1.010292
1011.185974 0.000000 737.646057 0.000000 0.949041 0.000000 0.315153 0.888386 0.888386 0.888386
1012.705933 0.000000 735.411316 0.000000 0.992244 0.000000 -0.124305 1.007934 1.007934 1.007934
1012.699219 0.000000 737.418518 0.000000 0.928940 0.000000 0.370230 0.975856 0.975856 0.975856
807.974426 0.000000 844.529785 0.000000 0.955247 0.000000 0.295810 0.730853 0.730853 0.730853
870.302734 0.000000 803.847961 0.000000 0.999867 0.000000 -0.016292 0.503142 0.503142 0.503142
855.874939 0.000000 822.857056 0.000000 0.992580 0.000000 -0.121593 0.520678 0.520678 0.520678
835.034729 0.000000 844.939575 0.000000 0.930653 0.000000 -0.365902 0.560181 0.560181 0.560181
892.529114 0.000000 824.214722 0.000000 0.880355 0.000000 -0.474315 0.579392 0.579392 0.579392
832.096802 0.000000 830.818665 0.000000 0.999976 0.000000 0.006964 0.498855 0.498855 0.498855
875.522278 0.000000 832.885071 0.000000 0.959552 0.000000 0.281530 0.457144 0.457144 0.457144
893.768066 0.000000 817.979431 0.000000 0.997062 0.000000 0.076596 0.527604 0.527604 0.527604
882.898621 0.000000 790.888123 0.000000 0.953329 0.000000 0.301934 0.559390 0.559390 0.559390
833.115173 0.000000 833.048157 0.000000 0.971009 0.000000 -0.239044 0.818443 0.818443 0.818443
872.114258 0.000000 801.308289 0.000000 0.930156 0.000000 -0.367164 1.047024 1.047024 1.047024
872.764893 0.000000 800.204224 0.000000 0.943966 0.000000 -0.330042 1.042069 1.042069 1.042069
891.972534 0.000000 811.400330 0.000000 0.962132 0.000000 0.272586 0.962160 0.962160 0.962160
853.980530 0.000000 829.184204 0.000000 0.934696 0.000000 -0.355448 1.037050 1.037050 1.037050
836.919006 0.000000 845.661377 0.000000 0.930318 0.000000 0.366754 0.976094 0.976094 0.976094
889.530334 0.000000 812.675537 0.000000 0.907497 0.000000 -0.420058 1.027598 1.027598 1.027598
870.521301 0.000000 798.114014 0.000000 0.989022 0.000000 0.147770 0.884197 0.884197 0.884197
883.585083 0.000000 820.845093 0.000000 0.892915 0.000000 0.450226 0.959076 0.959076 0.959076
869.566650 0.000000 801.404175 0.000000 0.906702 0.000000 -0.421771 1.027718 1.027718 1.027718
884.948792 0.000000 792.817505 0.000000 0.987962 0.000000 -0.154695 1.009888 1.009888 1.009888
894.278503 0.000000 824.268860 0.000000 0.972732 0.000000 0.231933 0.985099 0.985099 0.985099
882.718018 0.000000 819.350464 0.000000 0.981970 0.000000 0.189039 0.987893 0.987893 0.987893
885.946045 0.000000 792.896240 0.000000 0.887195 0.000000 -0.461394 1.030530 1.030530 1.030530
837.970703 0.000000 844.453186 0.000000 0.992053 0.000000 -0.125818 1.008031 1.008031 1.008031
888.372559 0.000000 813.622131 0.000000 0.998312 0.000000 0.058075 0.996301 0.996301 0.996301
895.499878 0.000000 828.080627 0.000000 0.999949 0.000000 -0.010117 1.001356 1.001356 1.001356
854.682800 0.000000 820.606323 0.000000 0.976901 0.000000 0.213691 0.986290 0.986290 0.986290
895.631287 0.000000 829.360840 0.000000 0.869292 0.000000 0.494299 0.930685 0.930685 0.930685
836.622681 0.000000 843.069519 0.000000 0.998420 0.000000 0.056189 0.996421 0.996421 0.996421
843.921021 0.000000 840.551880 0.000000 0.943964 0.000000 -0.330049 1.021413 1.021413 1.021413
895.681274 0.000000 825.102844 0.000000 0.866342 0.000000 0.499451 0.966707 0.966707 0.966707
894.232605 0.000000 828.159668 0.000000 0.928994 0.000000 0.370094 0.949175 0.949175 0.949175
887.351746 0.000000 816.190430 0.000000 0.869444 0.000000 0.494031 0.967105 0.967105 0.967105
857.538696 0.000000 821.157166 0.000000 0.994065 0.000000 0.108786 0.993061 0.993061 0.993061
872.413818 0.000000 799.451599 0.000000 0.917588 0.000000 -0.397533 1.026027 1.026027 1.026027
837.845581 0.000000 842.780212 0.000000 0.922071 0.000000 0.387020 0.974701 0.974701 0.974701
839.165344 0.000000 843.270508 0.000000 0.922124 0.000000 0.386894 0.974710 0.974710 0.974710
839.464905 0.000000 842.562683 0.000000 0.880644 0.000000 -0.473779 1.031422 1.031422 1.031422
884.699219 0.000000 793.902893 0.000000 0.972071 0.000000 -0.234687 1.015081 1.015081 1.015081
839.251465 0.000000 845.533447 0.000000 0.973439 0.000000 0.228947 0.985294 0.985294 0.985294
840.805237 0.000000 840.495911 0.000000 0.994104 0.000000 0.108428 0.993084 0.993084 0.993084
842.544434 0.000000 838.684570 0.000000 0.919616 0.000000 0.392819 0.974300 0.974300 0.974300
873.586121 0.000000 798.673767 0.000000 0.945252 0.000000 -0.326341 1.021163 1.021163 1.021163
893.567993 0.000000 812.585083 0.000000 0.871836 0.000000 0.489797 0.967414 0.967414 0.967414
889.394714 0.000000 815.558960 0.000000 0.873314 0.000000 0.487158 0.967607 0.967607 0.967607
804.294861 0.000000 850.922363 0.000000 0.879744 0.000000 -0.475448 0.601494 0.601494 0.601494
787.108337 0.000000 857.242798 0.000000 0.980233 0.000000 -0.197845 0.536769 0.536769 0.536769
809.044006 0.000000 859.281250 0.000000 0.996504 0.000000 0.083550 0.484996 0.484996 0.484996
792.544067 0.000000 857.443115 0.000000 0.873221 0.000000 0.487324 0.406406 0.406406 0.406406
814.835327 0.000000 851.316162 0.000000 0.975273 0.000000 0.221005 0.464533 0.464533 0.464533
800.928772 0.000000 863.256836 0.000000 0.990393 0.000000 -0.138284 0.522599 0.522599 0.522599
788.122986 0.000000 857.807739 0.000000 0.978647 0.000000 -0.205547 0.685219 0.685219 0.685219
800.945374 0.000000 865.921082 0.000000 0.944845 0.000000 -0.327519 0.799285 0.799285 0.799285
783.096924 0.000000 865.119934 0.000000 0.923497 0.000000 0.383605 0.831389 0.831389 0.831389
820.625000 0.000000 858.603271 0.000000 0.955367 0.000000 0.295421 0.886395 0.886395 0.886395
813.445435 0.000000 847.286194 0.000000 0.867703 0.000000 0.497083 0.884790 0.884790 0.884790
785.425110 0.000000 861.408997 0.000000 0.911237 0.000000 0.411883 0.955169 0.955169 0.955169
823.332031 0.000000 857.108582 0.000000 0.996815 0.000000 0.079747 0.994918 0.994918 0.994918
829.303833 0.000000 851.866638 0.000000 0.960704 0.000000 -0.277575 1.017906 1.017906 1.017906
809.717041 0.000000 873.437195 0.000000 0.900970 0.000000 0.433881 0.900442 0.900442 0.900442
793.275818 0.000000 873.482727 0.000000 0.994639 0.000000 0.103405 0.980506 0.980506 0.980506
805.010986 0.000000 847.285095 0.000000 0.994625 0.000000 -0.103546 1.006604 1.006604 1.006604
811.789917 0.000000 859.938660 0.000000 0.997820 0.000000 0.065993 0.980841 0.980841 0.980841
829.162048 0.000000 851.010010 0.000000 0.935982 0.000000 0.352049 0.977097 0.977097 0.977097
813.529907 0.000000 856.360840 0.000000 0.999213 0.000000 -0.039657 1.005318 1.005318 1.005318
785.071838 0.000000 860.381104 0.000000 0.999037 0.000000 -0.043880 1.004635 1.004635 1.004635
823.805420 0.000000 854.984131 0.000000 0.919715 0.000000 -0.392588 1.025684 1.025684 1.025684
786.064758 0.000000 859.796692 0.000000 0.972980 0.000000 -0.230889 1.014833 1.014833 1.014833
793.455750 0.000000 899.836304 0.000000 0.906065 0.000000 0.423138 0.972186 0.972186 0.972186
822.417114 0.000000 856.578430 0.000000 0.999988 0.000000 0.004961 0.999684 0.999684 0.999684
830.404297 0.000000 850.574036 0.000000 0.879025 0.000000 0.476776 0.968361 0.968361 0.968361
807.235901 0.000000 873.838318 0.000000 0.930707 0.000000 -0.365765 1.023839 1.023839 1.023839
803.361328 0.000000 847.318604 0.000000 0.983582 0.000000 0.180461 0.988176 0.988176 0.988176
827.894714 0.000000 852.107666 0.000000 0.964707 0.000000 0.263325 0.983036 0.983036 0.983036
784.729126 0.000000 879.052979 0.000000 0.919946 0.000000 -0.392045 1.025646 1.025646 1.025646
782.431946 0.000000 860.136230 0.000000 0.997267 0.000000 0.073881 0.995292 0.995292 0.995292
773.487976 0.000000 870.796997 0.000000 0.932426 0.000000 0.361361 0.975355 0.975355 0.975355
811.058105 0.000000 860.243591 0.000000 0.986285 0.000000 0.165053 0.989444 0.989444 0.989444
857.273621 0.000000 868.194153 0.000000 0.995529 0.000000 0.094452 0.485441 0.485441 0.485441
854.981201 0.000000 860.523682 0.000000 0.972833 0.000000 0.231508 0.941864 0.941864 0.941864
837.572266 0.000000 865.760193 0.000000 0.997977 0.000000 -0.063570 1.005479 1.005479 1.005479
857.845642 0.000000 864.367798 0.000000 0.980684 0.000000 0.195598 0.987467 0.987467 0.987467
859.047241 0.000000 869.464050 0.000000 0.999207 0.000000 0.039829 0.996509 0.996509 0.996509
856.740356 0.000000 865.498596 0.000000 0.938123 0.000000 -0.346303 1.022513 1.022513 1.022513
857.355408 0.000000 866.039734 0.000000 0.993949 0.000000 0.109847 0.992993 0.992993 0.992993
837.842529 0.000000 852.053528 0.000000 0.988254 0.000000 0.152817 0.990233 0.990233 0.990233
854.405945 0.000000 865.844849 0.000000 0.983554 0.000000 -0.180613 1.011562 1.011562 1.011562
867.361328 0.000000 847.318604 0.000000 0.992299 0.000000 0.123862 0.992094 0.992094 0.992094
866.572998 0.000000 848.338989 0.000000 0.961528 0.000000 0.274706 0.982284 0.982284 0.982284
857.307983 0.000000 861.658386 0.000000 0.895509 0.000000 -0.445043 1.029362 1.029362 1.029362
902.215393 0.000000 806.934631 0.000000 0.909649 0.000000 -0.415379 0.581329 0.581329 0.581329
938.238525 0.000000 800.620117 0.000000 0.982884 0.000000 -0.184225 0.597271 0.597271 0.597271
899.693176 0.000000 805.793640 0.000000 0.940703 0.000000 -0.339232 0.727449 0.727449 0.727449
899.649231 0.000000 830.898376 0.000000 0.896804 0.000000 -0.442428 1.060069 1.060069 1.060069
948.807007 0.000000 835.965271 0.000000 0.934908 0.000000 -0.354890 1.033422 1.033422 1.033422
896.859619 0.000000 828.103027 0.000000 0.983372 0.000000 0.181605 0.988374 0.988374 0.988374
896.187317 0.000000 793.438599 0.000000 0.984743 0.000000 0.174017 0.982315 0.982315 0.982315
979.159363 0.000000 811.000793 0.000000 0.925333 0.000000 -0.379156 0.564805 0.564805 0.564805
979.341675 0.000000 812.220886 0.000000 0.996804 0.000000 0.079884 0.751744 0.751744 0.751744
995.053345 0.000000 806.108093 0.000000 0.939899 0.000000 -0.341452 0.845446 0.845446 0.845446
908.302673 0.000000 867.664062 0.000000 0.982229 0.000000 0.187685 0.465709 0.465709 0.465709
938.916077 0.000000 897.877258 0.000000 0.966319 0.000000 0.257347 0.547528 0.547528 0.547528
16.405039 0.000000 997.789490 0.000000 0.944966 0.000000 0.327169 0.434221 0.434221 0.434221
19.633539 0.000000 997.102722 0.000000 0.972336 0.000000 -0.233587 1.015009 1.015009 1.015009
11.194858 0.000000 1045.926636 0.000000 0.942881 0.000000 -0.333129 1.021621 1.021621 1.021621
10.321417 0.000000 1044.711182 0.000000 0.962697 0.000000 -0.270582 1.017443 1.017443 1.017443
113.631866 0.000000 1027.897461 0.000000 0.939079 0.000000 0.343703 0.500210 0.500210 0.500210
119.548134 0.000000 1056.045288 0.000000 0.953309 0.000000 0.301998 0.617189 0.617189 0.617189
110.625092 0.000000 1029.953613 0.000000 0.961921 0.000000 0.273328 0.961225 0.961225 0.961225
127.499847 0.000000 1054.018188 0.000000 0.876697 0.000000 0.481043 0.968052 0.968052 0.968052
127.631287 0.000000 1055.298340 0.000000 0.992967 0.000000 0.118394 0.992445 0.992445 0.992445
104.332458 0.000000 1034.610474 0.000000 0.878963 0.000000 -0.476890 1.065901 1.065901 1.065901
126.232590 0.000000 1054.097168 0.000000 0.970222 0.000000 -0.242219 1.015575 1.015575 1.015575
17.981823 0.000000 1103.115356 0.000000 0.968678 0.000000 0.248319 0.456490 0.456490 0.456490
21.351246 0.000000 1079.632202 0.000000 0.998795 0.000000 0.049074 0.492628 0.492628 0.492628
21.473175 0.000000 1077.894409 0.000000 0.999918 0.000000 -0.012847 1.001395 1.001395 1.001395
120.881691 0.000000 1084.726562 0.000000 0.959732 0.000000 -0.280916 0.544253 0.544253 0.544253
129.707184 0.000000 1065.222656 0.000000 0.984717 0.000000 0.174163 0.470959 0.470959 0.470959
130.433594 0.000000 1064.918701 0.000000 0.999954 0.000000 0.009568 0.999391 0.999391 0.999391
138.491241 0.000000 1090.090698 0.000000 1.000000 0.000000 0.000068 0.671558 0.671558 0.671558
135.653168 0.000000 1086.846558 0.000000 0.940106 0.000000 0.340883 0.772962 0.772962 0.772962
141.118713 0.000000 1091.119873 0.000000 0.933049 0.000000 0.359748 0.953421 0.953421 0.953421
133.972763 0.000000 1103.211548 0.000000 0.961098 0.000000 -0.276208 1.017816 1.017816 1.017816
233.102097 0.000000 1080.463257 0.000000 0.999479 0.000000 -0.032285 0.558865 0.558865 0.558865
334.208160 0.000000 971.482910 0.000000 0.887227 0.000000 -0.461334 0.579547 0.579547 0.579547
323.346619 0.000000 984.266663 0.000000 0.958796 0.000000 -0.284095 1.018339 1.018339 1.018339
387.656738 0.000000 930.018127 0.000000 0.912945 0.000000 0.408083 0.973239 0.973239 0.973239
504.336212 0.000000 1028.836548 0.000000 0.999988 0.000000 -0.004954 1.000315 1.000315 1.000315
105.330017 0.000000 1170.849243 0.000000 0.976165 0.000000 -0.217028 0.536129 0.536129 0.536129
100.230316 0.000000 1161.450439 0.000000 0.997402 0.000000 -0.072030 0.800849 0.800849 0.800849
163.650986 0.000000 1209.114258 0.000000 0.974933 0.000000 0.222499 0.452526 0.452526 0.452526
184.270874 0.000000 1206.681641 0.000000 0.904163 0.000000 -0.427187 0.591074 0.591074 0.591074
135.851929 0.000000 1223.349365 0.000000 0.944528 0.000000 0.328432 0.433958 0.433958 0.433958
138.271698 0.000000 1215.273682 0.000000 0.959671 0.000000 -0.281125 0.542579 0.542579 0.542579
183.181061 0.000000 1313.968628 0.000000 0.895643 0.000000 -0.444774 0.958621 0.958621 0.958621
187.330276 0.000000 1312.330688 0.000000 0.934111 0.000000 -0.356983 1.036362 1.036362 1.036362
184.222214 0.000000 1313.845215 0.000000 0.999594 0.000000 0.028497 0.863183 0.863183 0.863183
188.781204 0.000000 1313.216431 0.000000 0.999924 0.000000 0.012342 0.999214 0.999214 0.999214
171.037384 0.000000 1324.217285 0.000000 0.884524 0.000000 -0.466495 1.030897 1.030897 1.030897
187.533615 0.000000 1310.401733 0.000000 0.981729 0.000000 -0.190285 1.012188 1.012188 1.012188
202.084351 0.000000 1306.204468 0.000000 0.945218 0.000000 0.326439 0.969366 0.969366 0.969366
448.390503 0.000000 1342.690796 0.000000 0.927308 0.000000 0.374298 0.417392 0.417392 0.417392
471.644531 0.000000 1325.919434 0.000000 0.990201 0.000000 0.139652 0.989191 0.989191 0.989191
470.695374 0.000000 1324.854248 0.000000 0.985096 0.000000 -0.172003 1.013335 1.013335 1.013335
800.610718 0.000000 905.532654 0.000000 0.994908 0.000000 0.100783 0.567587 0.567587 0.567587
943.751404 0.000000 997.794556 0.000000 0.994483 0.000000 0.104898 0.482094 0.482094 0.482094
934.915833 0.000000 1016.182068 0.000000 0.984646 0.000000 0.174561 0.503044 0.503044 0.503044
945.183960 0.000000 996.795288 0.000000 0.888288 0.000000 0.459287 0.969621 0.969621 0.969621
944.458130 0.000000 997.285400 0.000000 0.945351 0.000000 -0.326054 1.021144 1.021144 1.021144
945.841858 0.000000 997.193115 0.000000 0.878204 0.000000 -0.478287 1.031748 1.031748 1.031748
913.981812 0.000000 1046.630981 0.000000 0.983751 0.000000 -0.179537 0.530082 0.530082 0.530082
910.923035 0.000000 1046.939453 0.000000 0.997195 0.000000 -0.074846 0.511194 0.511194 0.511194
913.384644 0.000000 1047.924072 0.000000 0.914721 0.000000 0.404087 0.430679 0.430679 0.430679
911.898438 0.000000 1051.491821 0.000000 0.999993 0.000000 -0.003810 1.000243 1.000243 1.000243
912.090210 0.000000 1049.032715 0.000000 0.981662 0.000000 0.190627 0.987790 0.987790 0.987790
915.049072 0.000000 1049.575195 0.000000 0.960248 0.000000 -0.279148 1.018010 1.018010 1.018010
914.134094 0.000000 1048.259644 0.000000 0.881824 0.000000 0.471579 0.968737 0.968737 0.968737
913.572449 0.000000 1049.808594 0.000000 0.968849 0.000000 -0.247651 1.015932 1.015932 1.015932
913.534607 0.000000 1048.779053 0.000000 0.965179 0.000000 0.261591 0.983151 0.983151 0.983151
909.030640 0.000000 1032.928833 0.000000 0.957371 0.000000 0.288860 0.976077 0.976077 0.976077
136.607941 0.000000 1369.460449 0.000000 0.999992 0.000000 -0.003959 0.500713 0.500713 0.500713
134.265060 0.000000 1368.778564 0.000000 0.920715 0.000000 0.390235 0.660360 0.660360 0.660360
226.423492 0.000000 1360.354370 0.000000 0.968238 0.000000 -0.250030 1.016088 1.016088 1.016088
413.686951 0.000000 1368.480103 0.000000 0.999232 0.000000 0.039186 0.675032 0.675032 0.675032
1636.176392 0.000000 1569.097778 0.000000 0.977850 0.000000 0.209307 0.455226 0.455226 0.455226
1629.565796 0.000000 1568.376831 0.000000 0.968819 0.000000 -0.247771 0.552413 0.552413 0.552413
1657.560059 0.000000 1575.722168 0.000000 0.999756 0.000000 -0.022078 0.503895 0.503895 0.503895
1655.001831 0.000000 1560.112793 0.000000 0.997175 0.000000 0.075107 0.488317 0.488317 0.488317
1662.371094 0.000000 1556.367798 0.000000 0.980920 0.000000 -0.194412 0.578868 0.578868 0.578868
1622.251587 0.000000 1581.452881 0.000000 0.981674 0.000000 -0.190566 0.538136 0.538136 0.538136
1657.517212 0.000000 1561.981445 0.000000 0.999201 0.000000 0.039968 0.733702 0.733702 0.733702
1660.064453 0.000000 1576.756592 0.000000 0.944910 0.000000 0.327329 0.775255 0.775255 0.775255
1657.340088 0.000000 1569.857178 0.000000 0.910251 0.000000 0.414056 0.795713 0.795713 0.795713
1662.705200 0.000000 1559.306763 0.000000 0.984690 0.000000 0.174313 0.935190 0.935190 0.935190
1660.515869 0.000000 1562.223511 0.000000 0.968801 0.000000 0.247838 0.984056 0.984056 0.984056
1661.965820 0.000000 1561.670044 0.000000 0.891677 0.000000 -0.452671 1.029906 1.029906 1.029906
1663.683472 0.000000 1567.431519 0.000000 0.991440 0.000000 -0.130562 1.008336 1.008336 1.008336
1662.232544 0.000000 1562.456543 0.000000 0.922429 0.000000 0.386167 0.974760 0.974760 0.974760
1659.912842 0.000000 1565.989746 0.000000 0.911730 0.000000 0.410789 0.947052 0.947052 0.947052
1658.282715 0.000000 1570.472412 0.000000 0.938210 0.000000 0.346065 0.966917 0.966917 0.966917
1661.073486 0.000000 1567.021118 0.000000 0.988161 0.000000 0.153418 0.990194 0.990194 0.990194
1726.888184 0.000000 1505.218750 0.000000 0.911843 0.000000 0.410539 0.413026 0.413026 0.413026
1715.473267 0.000000 1508.971680 0.000000 0.999878 0.000000 0.015650 0.496794 0.496794 0.496794
1723.060547 0.000000 1511.186035 0.000000 0.931347 0.000000 -0.364133 0.569925 0.569925 0.569925
1723.122925 0.000000 1508.020020 0.000000 0.999861 0.000000 0.016672 0.496847 0.496847 0.496847
1725.900391 0.000000 1521.661621 0.000000 0.978316 0.000000 0.207120 0.464608 0.464608 0.464608
1727.399414 0.000000 1517.086060 0.000000 0.970856 0.000000 0.239662 0.463838 0.463838 0.463838
1746.852783 0.000000 1505.201172 0.000000 0.998436 0.000000 0.055905 0.487830 0.487830 0.487830
1728.205078 0.000000 1491.012451 0.000000 0.987901 0.000000 0.155088 0.467520 0.467520 0.467520
1749.436035 0.000000 1519.891724 0.000000 0.979114 0.000000 -0.203310 0.542246 0.542246 0.542246
1749.388916 0.000000 1511.819580 0.000000 0.977018 0.000000 0.213158 0.455999 0.455999 0.455999
1730.873169 0.000000 1494.884033 0.000000 0.929525 0.000000 -0.368760 0.575666 0.575666 0.575666
1731.928833 0.000000 1498.725708 0.000000 0.991753 0.000000 -0.128168 0.525749 0.525749 0.525749
1737.114258 0.000000 1498.707520 0.000000 0.977979 0.000000 -0.208703 0.540548 0.540548 0.540548
1733.188354 0.000000 1511.333862 0.000000 0.978911 0.000000 -0.204286 0.539523 0.539523 0.539523
1736.076660 0.000000 1518.033203 0.000000 0.902657 0.000000 0.430360 0.427194 0.427194 0.427194
1736.996094 0.000000 1519.812622 0.000000 0.959730 0.000000 -0.280925 0.546600 0.546600 0.546600
1732.024048 0.000000 1515.645020 0.000000 0.999984 0.000000 0.005617 0.499144 0.499144 0.499144
1734.643066 0.000000 1520.476440 0.000000 0.960717 0.000000 -0.277529 0.721922 0.721922 0.721922
1731.805054 0.000000 1516.547607 0.000000 0.996126 0.000000 -0.087941 1.007057 1.007057 1.007057
1733.822998 0.000000 1517.600220 0.000000 0.886414 0.000000 0.462894 0.944852 0.944852 0.944852
1730.414307 0.000000 1519.150391 0.000000 0.919946 0.000000 0.392044 0.974354 0.974354 0.974354
1735.567871 0.000000 1518.722900 0.000000 0.895486 0.000000 0.445090 0.938159 0.938159 0.938159
1732.622681 0.000000 1520.882080 0.000000 0.873283 0.000000 0.487214 0.937873 0.937873 0.937873
1730.433594 0.000000 1516.793701 0.000000 0.999253 0.000000 -0.038640 1.003097 1.003097 1.003097
1722.308594 0.000000 1569.677734 0.000000 0.904081 0.000000 0.427362 0.406240 0.406240 0.406240
1693.565796 0.000000 1568.376831 0.000000 0.887137 0.000000 -0.461506 0.601494 0.601494 0.601494
1716.968994 0.000000 1529.436035 0.000000 0.885770 0.000000 0.464125 0.401134 0.401134 0.401134
1686.697754 0.000000 1571.596802 0.000000 0.951451 0.000000 0.307799 0.436378 0.436378 0.436378
1697.496704 0.000000 1549.308838 0.000000 0.972536 0.000000 -0.232752 0.547591 0.547591 0.547591
1666.873169 0.000000 1551.368408 0.000000 0.991165 0.000000 -0.132634 0.526950 0.526950 0.526950
1710.584106 0.000000 1573.858643 0.000000 0.954130 0.000000 -0.299393 0.559778 0.559778 0.559778
1724.370483 0.000000 1570.974731 0.000000 0.979780 0.000000 0.200076 0.459341 0.459341 0.459341
1670.226929 0.000000 1569.653076 0.000000 0.956662 0.000000 -0.291202 0.554109 0.554109 0.554109
1678.008911 0.000000 1544.823242 0.000000 0.998908 0.000000 0.046720 0.491196 0.491196 0.491196
1688.941406 0.000000 1575.305786 0.000000 0.954040 0.000000 -0.299679 0.552999 0.552999 0.552999
1716.960205 0.000000 1575.137207 0.000000 0.989776 0.000000 -0.142632 0.526530 0.526530 0.526530
1713.522705 0.000000 1579.749878 0.000000 0.867125 0.000000 0.498090 0.409598 0.409598 0.409598
1722.833618 0.000000 1528.343628 0.000000 0.902919 0.000000 0.429811 0.419308 0.419308 0.419308
1690.288574 0.000000 1544.910889 0.000000 0.982106 0.000000 -0.188329 0.532991 0.532991 0.532991
1668.645142 0.000000 1569.692017 0.000000 0.873065 0.000000 -0.487604 0.589457 0.589457 0.589457
1697.783813 0.000000 1568.642334 0.000000 0.936124 0.000000 -0.351670 0.561768 0.561768 0.561768
1687.844482 0.000000 1572.598755 0.000000 0.957289 0.000000 -0.289133 0.550198 0.550198 0.550198
1712.143311 0.000000 1577.494751 0.000000 0.980124 0.000000 -0.198385 0.531785 0.531785 0.531785
1706.936646 0.000000 1577.578369 0.000000 0.959143 0.000000 -0.282922 0.544363 0.544363 0.544363
1674.652832 0.000000 1564.143921 0.000000 0.886000 0.000000 0.463685 0.447743 0.447743 0.447743
1672.168701 0.000000 1560.853760 0.000000 0.928655 0.000000 0.370944 0.437240 0.437240 0.437240
1714.359985 0.000000 1576.825317 0.000000 0.943964 0.000000 0.330049 0.447223 0.447223 0.447223
1725.779541 0.000000 1535.857178 0.000000 0.994323 0.000000 0.106406 0.484390 0.484390 0.484390
1688.008911 0.000000 1545.488159 0.000000 0.993265 0.000000 -0.115867 0.606398 0.606398 0.606398
1717.852051 0.000000 1579.344482 0.000000 0.904856 0.000000 0.425717 0.433963 0.433963 0.433963
1725.825317 0.000000 1575.744141 0.000000 0.978884 0.000000 0.204419 0.469856 0.469856 0.469856
1670.391357 0.000000 1567.046143 0.000000 0.997249 0.000000 0.074122 0.566893 0.566893 0.566893
1703.001709 0.000000 1575.397583 0.000000 0.999710 0.000000 0.024091 0.496400 0.496400 0.496400
1724.005859 0.000000 1533.345215 0.000000 0.996224 0.000000 -0.086820 0.661003 0.661003 0.661003
1705.666016 0.000000 1572.211304 0.000000 0.866123 0.000000 0.499831 0.606370 0.606370 0.606370
1682.167725 0.000000 1543.346191 0.000000 0.990329 0.000000 -0.138736 0.826297 0.826297 0.826297
1721.721436 0.000000 1579.198364 0.000000 0.987899 0.000000 -0.155096 0.789946 0.789946 0.789946
1685.764893 0.000000 1544.782349 0.000000 0.995621 0.000000 0.093487 0.729894 0.729894 0.729894
1703.874390 0.000000 1572.177734 0.000000 0.996486 0.000000 0.083755 0.633608 0.633608 0.633608
1671.023926 0.000000 1563.098755 0.000000 0.941325 0.000000 0.337500 0.718794 0.718794 0.718794
1724.750244 0.000000 1531.380371 0.000000 0.969895 0.000000 0.243523 0.583436 0.583436 0.583436
1686.499634 0.000000 1541.381958 0.000000 0.924435 0.000000 -0.381339 0.813514 0.813514 0.813514
1669.609131 0.000000 1563.149902 0.000000 0.972489 0.000000 0.232951 0.911260 0.911260 0.911260
1685.271973 0.000000 1545.635376 0.000000 0.984589 0.000000 0.174884 0.716551 0.716551 0.716551
1682.842163 0.000000 1540.453003 0.000000 0.996643 0.000000 -0.081872 0.895082 0.895082 0.895082
1685.576172 0.000000 1541.862671 0.000000 0.998726 0.000000 -0.050454 0.816926 0.816926 0.816926
1682.490723 0.000000 1542.418457 0.000000 0.956965 0.000000 -0.290203 0.851257 0.851257 0.851257
1726.282959 0.000000 1535.049927 0.000000 0.990623 0.000000 -0.136627 1.009610 1.009610 1.009610
1669.303223 0.000000 1562.172607 0.000000 0.989709 0.000000 0.143096 0.924814 0.924814 0.924814
1667.096191 0.000000 1566.899048 0.000000 0.896469 0.000000 -0.443107 1.032423 1.032423 1.032423
1664.859619 0.000000 1562.399902 0.000000 0.876851 0.000000 0.480763 0.968072 0.968072 0.968072
1766.270874 0.000000 1526.485107 0.000000 0.893444 0.000000 -0.449175 0.602402 0.602402 0.602402
1767.675415 0.000000 1579.852051 0.000000 0.976441 0.000000 -0.215783 0.547321 0.547321 0.547321
1762.139526 0.000000 1526.804443 0.000000 0.887097 0.000000 0.461583 0.398846 0.398846 0.398846
1759.881958 0.000000 1527.727539 0.000000 0.966611 0.000000 0.256247 0.447694 0.447694 0.447694
1761.762817 0.000000 1536.446655 0.000000 0.998481 0.000000 -0.055099 0.511003 0.511003 0.511003
1729.278687 0.000000 1570.953369 0.000000 0.978112 0.000000 0.208079 0.459575 0.459575 0.459575
1750.295044 0.000000 1532.551270 0.000000 0.893348 0.000000 -0.449365 0.592675 0.592675 0.592675
1760.929810 0.000000 1581.555664 0.000000 0.993827 0.000000 0.110937 0.479227 0.479227 0.479227
1751.052002 0.000000 1528.125977 0.000000 0.985738 0.000000 0.168288 0.466756 0.466756 0.466756
1759.953247 0.000000 1530.753296 0.000000 0.994186 0.000000 0.107673 0.479840 0.479840 0.479840
1734.215454 0.000000 1541.231445 0.000000 0.945133 0.000000 0.326685 0.439806 0.439806 0.439806
1760.870728 0.000000 1532.323608 0.000000 0.999394 0.000000 0.034815 0.493493 0.493493 0.493493
1728.951294 0.000000 1539.313354 0.000000 0.970735 0.000000 -0.240153 0.540052 0.540052 0.540052
1728.065918 0.000000 1531.115356 0.000000 0.993650 0.000000 0.112512 0.481802 0.481802 0.481802
1729.886230 0.000000 1537.200073 0.000000 0.985898 0.000000 0.167349 0.831376 0.831376 0.831376
1730.113770 0.000000 1535.035278 0.000000 0.943123 0.000000 -0.332445 0.949200 0.949200 0.949200
1731.737915 0.000000 1536.332886 0.000000 0.982688 0.000000 0.185268 0.853414 0.853414 0.853414
1641.927490 0.000000 1626.295776 0.000000 0.953700 0.000000 0.300761 0.434677 0.434677 0.434677
1638.737793 0.000000 1620.040405 0.000000 0.870972 0.000000 0.491333 0.392866 0.392866 0.392866
1643.550903 0.000000 1588.362305 0.000000 0.920592 0.000000 0.390527 0.417817 0.417817 0.417817
1645.601929 0.000000 1621.487427 0.000000 0.999464 0.000000 0.032727 0.493319 0.493319 0.493319
1656.357544 0.000000 1589.909424 0.000000 0.926641 0.000000 -0.375949 0.576930 0.576930 0.576930
1634.441895 0.000000 1615.525879 0.000000 0.923018 0.000000 -0.384756 0.580605 0.580605 0.580605
1641.380981 0.000000 1597.510132 0.000000 0.919465 0.000000 -0.393172 0.579443 0.579443 0.579443
1650.464111 0.000000 1597.490845 0.000000 0.981890 0.000000 -0.189454 0.535761 0.535761 0.535761
1656.122925 0.000000 1584.906006 0.000000 0.922646 0.000000 -0.385649 0.575465 0.575465 0.575465
1642.287964 0.000000 1612.244751 0.000000 0.995189 0.000000 0.097975 0.482397 0.482397 0.482397
1654.518433 0.000000 1585.251587 0.000000 0.999999 0.000000 -0.001183 0.500204 0.500204 0.500204
1627.964233 0.000000 1584.271973 0.000000 0.999181 0.000000 -0.040466 0.619154 0.619154 0.619154
1623.746948 0.000000 1581.670654 0.000000 0.992373 0.000000 -0.123275 0.528066 0.528066 0.528066
1645.685181 0.000000 1617.782227 0.000000 0.936045 0.000000 -0.351882 0.674702 0.674702 0.674702
1622.253296 0.000000 1583.628174 0.000000 0.899161 0.000000 0.437618 0.560059 0.560059 0.560059
1623.363892 0.000000 1583.489624 0.000000 0.966774 0.000000 -0.255632 0.673611 0.673611 0.673611
1641.318970 0.000000 1616.579224 0.000000 0.989563 0.000000 -0.144103 0.832038 0.832038 0.832038
1642.975220 0.000000 1615.699707 0.000000 0.993555 0.000000 -0.113349 0.802664 0.802664 0.802664
1654.469360 0.000000 1648.200928 0.000000 0.925649 0.000000 0.378383 0.419058 0.419058 0.419058
1656.204712 0.000000 1648.307739 0.000000 0.957863 0.000000 0.287225 0.449052 0.449052 0.449052
1636.465698 0.000000 1639.832764 0.000000 0.911902 0.000000 -0.410407 0.577126 0.577126 0.577126
1690.132568 0.000000 1616.014282 0.000000 0.955254 0.000000 -0.295786 0.562859 0.562859 0.562859
1690.281006 0.000000 1625.408813 0.000000 0.919882 0.000000 -0.392196 0.581649 0.581649 0.581649
1697.615479 0.000000 1635.658203 0.000000 0.892603 0.000000 -0.450843 0.590202 0.590202 0.590202
1688.196777 0.000000 1587.830566 0.000000 0.999972 0.000000 -0.007524 0.501491 0.501491 0.501491
1698.455933 0.000000 1626.515381 0.000000 0.946049 0.000000 0.324024 0.439079 0.439079 0.439079
1670.215454 0.000000 1597.715820 0.000000 0.988926 0.000000 0.148413 0.472052 0.472052 0.472052
1687.245850 0.000000 1637.223022 0.000000 0.998476 0.000000 0.055181 0.489973 0.489973 0.489973
1687.132690 0.000000 1619.511230 0.000000 0.999977 0.000000 0.006841 0.498783 0.498783 0.498783
1683.355347 0.000000 1581.596191 0.000000 0.998009 0.000000 0.063075 0.490758 0.490758 0.490758
1688.647583 0.000000 1634.509766 0.000000 0.885958 0.000000 -0.463765 0.632897 0.632897 0.632897
1687.642456 0.000000 1588.981567 0.000000 0.987143 0.000000 0.159840 0.475653 0.475653 0.475653
1696.915405 0.000000 1622.478027 0.000000 0.977141 0.000000 0.212592 0.583656 0.583656 0.583656
1697.700073 0.000000 1620.317993 0.000000 0.890461 0.000000 -0.455060 0.626245 0.626245 0.626245
1677.854248 0.000000 1593.929932 0.000000 0.986961 0.000000 -0.160957 0.658155 0.658155 0.658155
1677.379150 0.000000 1584.508789 0.000000 0.973788 0.000000 0.227459 0.514013 0.514013 0.514013
1684.122925 0.000000 1592.104614 0.000000 0.981837 0.000000 0.189727 0.597041 0.597041 0.597041
1683.857544 0.000000 1621.759033 0.000000 0.948039 0.000000 0.318155 0.480754 0.480754 0.480754
1690.963867 0.000000 1634.395020 0.000000 0.918326 0.000000 0.395824 0.519858 0.519858 0.519858
1678.093872 0.000000 1621.287964 0.000000 0.915102 0.000000 0.403222 0.570895 0.570895 0.570895
1685.880737 0.000000 1590.064941 0.000000 0.997537 0.000000 0.070148 0.738603 0.738603 0.738603
1686.567871 0.000000 1585.580078 0.000000 0.866879 0.000000 -0.498518 0.755831 0.755831 0.755831
1693.523560 0.000000 1620.416016 0.000000 0.940885 0.000000 -0.338725 0.737275 0.737275 0.737275
1677.643799 0.000000 1591.451050 0.000000 0.960509 0.000000 0.278250 0.719003 0.719003 0.719003
1695.778320 0.000000 1620.824951 0.000000 0.952774 0.000000 -0.303680 0.726340 0.726340 0.726340
1678.077515 0.000000 1586.436523 0.000000 0.999102 0.000000 -0.042375 1.004857 1.004857 1.004857
1684.308228 0.000000 1589.980957 0.000000 0.904631 0.000000 -0.426195 0.955425 0.955425 0.955425
1681.662354 0.000000 1587.615723 0.000000 0.987484 0.000000 -0.157722 1.011744 1.011744 1.011744
1680.636963 0.000000 1585.166992 0.000000 0.955335 0.000000 0.295524 0.980901 0.980901 0.980901
1683.292114 0.000000 1587.814453 0.000000 0.977528 0.000000 0.210807 0.986478 0.986478 0.986478
1765.993652 0.000000 1611.125854 0.000000 0.986104 0.000000 0.166130 0.463811 0.463811 0.463811
1728.173096 0.000000 1583.387085 0.000000 0.885823 0.000000 0.464023 0.396098 0.396098 0.396098
1785.786499 0.000000 1586.087280 0.000000 0.886953 0.000000 0.461860 0.398421 0.398421 0.398421
1776.446289 0.000000 1592.393311 0.000000 0.956240 0.000000 0.292584 0.437398 0.437398 0.437398
1788.546265 0.000000 1609.502197 0.000000 0.995053 0.000000 -0.099345 0.519713 0.519713 0.519713
1764.142212 0.000000 1581.657715 0.000000 0.967038 0.000000 0.254634 0.448609 0.448609 0.448609
1761.651611 0.000000 1617.760010 0.000000 0.875006 0.000000 0.484113 0.398754 0.398754 0.398754
1775.774780 0.000000 1600.751099 0.000000 0.974347 0.000000 -0.225050 0.545818 0.545818 0.545818
1788.605713 0.000000 1613.489136 0.000000 0.968941 0.000000 -0.247293 0.548192 0.548192 0.548192
1787.060547 0.000000 1624.154785 0.000000 0.954614 0.000000 0.297845 0.440314 0.440314 0.440314
1759.953247 0.000000 1587.237671 0.000000 0.934447 0.000000 0.356101 0.432236 0.432236 0.432236
1781.498657 0.000000 1619.038696 0.000000 0.925035 0.000000 0.379882 0.428643 0.428643 0.428643
1783.988525 0.000000 1597.185791 0.000000 0.998437 0.000000 0.055898 0.490219 0.490219 0.490219
1769.330078 0.000000 1622.724243 0.000000 0.969717 0.000000 -0.244230 0.541300 0.541300 0.541300
1778.026733 0.000000 1617.646729 0.000000 0.878868 0.000000 -0.477065 0.578405 0.578405 0.578405
1771.594971 0.000000 1603.962280 0.000000 0.980389 0.000000 0.197071 0.469469 0.469469 0.469469
1786.513306 0.000000 1595.258911 0.000000 0.994009 0.000000 -0.109300 0.517102 0.517102 0.517102
1780.128174 0.000000 1587.047852 0.000000 0.960166 0.000000 0.279431 0.454503 0.454503 0.454503
1771.856201 0.000000 1621.136719 0.000000 0.944939 0.000000 -0.327248 0.610033 0.610033 0.610033
1760.928833 0.000000 1597.553711 0.000000 0.964062 0.000000 -0.265677 0.539575 0.539575 0.539575
1763.772095 0.000000 1615.719360 0.000000 0.912061 0.000000 -0.410055 0.568195 0.568195 0.568195
1777.868164 0.000000 1586.003540 0.000000 0.941112 0.000000 -0.338095 0.550500 0.550500 0.550500
1763.236572 0.000000 1586.083618 0.000000 0.968557 0.000000 -0.248793 0.557084 0.557084 0.557084
1766.330078 0.000000 1595.910645 0.000000 0.999907 0.000000 -0.013660 0.502123 0.502123 0.502123
1768.942383 0.000000 1584.994995 0.000000 0.996531 0.000000 0.083220 0.648344 0.648344 0.648344
1771.927246 0.000000 1596.407471 0.000000 0.944878 0.000000 0.327422 0.540828 0.540828 0.540828
1779.404297 0.000000 1591.084961 0.000000 0.981312 0.000000 -0.192422 0.683067 0.683067 0.683067
1770.449585 0.000000 1597.948975 0.000000 0.948712 0.000000 -0.316140 0.643578 0.643578 0.643578
1769.406372 0.000000 1603.471069 0.000000 0.938372 0.000000 -0.345628 0.648479 0.648479 0.648479
1781.175537 0.000000 1589.187256 0.000000 0.999903 0.000000 -0.013952 0.835554 0.835554 0.835554
1769.787598 0.000000 1621.352783 0.000000 0.971770 0.000000 0.235931 0.618546 0.618546 0.618546
1769.350952 0.000000 1620.301636 0.000000 0.998928 0.000000 0.046290 0.649413 0.649413 0.649413
1765.004272 0.000000 1593.969238 0.000000 0.931297 0.000000 -0.364260 0.844543 0.844543 0.844543
1763.463013 0.000000 1588.184082 0.000000 0.870444 0.000000 -0.492267 0.833554 0.833554 0.833554
1774.635742 0.000000 1621.619873 0.000000 0.988631 0.000000 -0.150361 0.779394 0.779394 0.779394
1766.486206 0.000000 1596.931396 0.000000 0.958909 0.000000 -0.283714 0.767319 0.767319 0.767319
1771.641357 0.000000 1600.180298 0.000000 0.993937 0.000000 0.109947 0.969603 0.969603 0.969603
1764.752930 0.000000 1592.517944 0.000000 0.992632 0.000000 -0.121165 0.803935 0.803935 0.803935
1777.975220 0.000000 1623.703125 0.000000 0.914047 0.000000 -0.405608 1.045982 1.045982 1.045982
1762.677246 0.000000 1590.748169 0.000000 0.914955 0.000000 -0.403555 0.894671 0.894671 0.894671
1780.885498 0.000000 1590.508301 0.000000 0.963340 0.000000 -0.268283 0.929309 0.929309 0.929309
1779.694702 0.000000 1622.969971 0.000000 0.990274 0.000000 -0.139128 0.966749 0.966749 0.966749
1769.166992 0.000000 1599.329468 0.000000 0.891159 0.000000 -0.453692 1.032800 1.032800 1.032800
1664.110718 0.000000 1648.411377 0.000000 0.926985 0.000000 0.375099 0.417782 0.417782 0.417782
1674.448364 0.000000 1641.651855 0.000000 0.998761 0.000000 -0.049768 0.510422 0.510422 0.510422
1693.291748 0.000000 1649.337891 0.000000 0.924152 0.000000 -0.382025 0.575891 0.575891 0.575891
1695.953247 0.000000 1643.722046 0.000000 0.920896 0.000000 -0.389808 0.574226 0.574226 0.574226
1672.235718 0.000000 1645.429443 0.000000 0.984355 0.000000 -0.176196 0.528455 0.528455 0.528455
1673.760254 0.000000 1646.748535 0.000000 0.998703 0.000000 0.050907 0.491475 0.491475 0.491475
1690.265869 0.000000 1642.805054 0.000000 0.975621 0.000000 -0.219461 0.534552 0.534552 0.534552
1678.588013 0.000000 1645.815674 0.000000 0.999727 0.000000 -0.023353 0.503962 0.503962 0.503962
1692.146240 0.000000 1639.407471 0.000000 0.984698 0.000000 -0.174269 0.527747 0.527747 0.527747
1686.916016 0.000000 1644.292969 0.000000 0.944375 0.000000 -0.328872 0.675830 0.675830 0.675830
1686.991211 0.000000 1650.325684 0.000000 0.983332 0.000000 0.181820 0.487570 0.487570 0.487570
1678.774048 0.000000 1651.604004 0.000000 0.990199 0.000000 0.139663 0.609989 0.609989 0.609989
1676.104858 0.000000 1649.442505 0.000000 0.956384 0.000000 -0.292111 0.714475 0.714475 0.714475
1680.750732 0.000000 1646.728882 0.000000 0.898431 0.000000 0.439115 0.847689 0.847689 0.847689
1685.781006 0.000000 1647.464600 0.000000 0.927479 0.000000 0.373875 0.960108 0.960108 0.960108
1648.763550 0.000000 1734.337646 0.000000 0.999566 0.000000 0.029444 0.493835 0.493835 0.493835
1652.105469 0.000000 1736.922241 0.000000 0.945353 0.000000 -0.326049 0.562311 0.562311 0.562311
1647.482178 0.000000 1742.089355 0.000000 0.881470 0.000000 0.472239 0.421723 0.421723 0.421723
1650.837158 0.000000 1736.207520 0.000000 0.885055 0.000000 -0.465486 0.578148 0.578148 0.578148
1650.104370 0.000000 1739.244873 0.000000 0.996976 0.000000 0.077705 0.610182 0.610182 0.610182
1638.615479 0.000000 1739.908325 0.000000 0.866479 0.000000 0.499214 0.460057 0.460057 0.460057
1649.885254 0.000000 1741.552002 0.000000 0.921680 0.000000 -0.387950 0.745824 0.745824 0.745824
1641.663208 0.000000 1738.125244 0.000000 0.921763 0.000000 -0.387754 0.795087 0.795087 0.795087
1648.238770 0.000000 1740.215820 0.000000 0.997634 0.000000 -0.068755 0.692504 0.692504 0.692504
1651.963013 0.000000 1738.015259 0.000000 0.927702 0.000000 0.373321 0.561719 0.561719 0.561719
1637.622314 0.000000 1741.272095 0.000000 0.915585 0.000000 0.402124 0.717462 0.717462 0.717462
1644.064819 0.000000 1739.004028 0.000000 0.978050 0.000000 -0.208370 0.842520 0.842520 0.842520
1644.897827 0.000000 1741.425415 0.000000 0.995784 0.000000 0.091726 0.882926 0.882926 0.882926
1645.456909 0.000000 1755.229126 0.000000 0.977953 0.000000 0.208826 0.455488 0.455488 0.455488
1645.664185 0.000000 1758.011230 0.000000 0.999690 0.000000 0.024890 0.495386 0.495386 0.495386
1652.288452 0.000000 1771.845703 0.000000 0.875891 0.000000 -0.482509 0.591828 0.591828 0.591828
1657.788940 0.000000 1770.377441 0.000000 0.891180 0.000000 -0.453650 0.584108 0.584108 0.584108
1656.122925 0.000000 1754.359131 0.000000 0.978341 0.000000 -0.207002 0.538963 0.538963 0.538963
1656.550049 0.000000 1772.991455 0.000000 0.873049 0.000000 -0.487632 0.580688 0.580688 0.580688
1642.270874 0.000000 1758.507446 0.000000 0.959524 0.000000 -0.281628 0.548217 0.548217 0.548217
1647.139038 0.000000 1764.933838 0.000000 0.931892 0.000000 -0.362737 0.559357 0.559357 0.559357
1645.988525 0.000000 1760.862671 0.000000 0.994691 0.000000 0.102905 0.572112 0.572112 0.572112
1792.390503 0.000000 1625.112671 0.000000 0.936143 0.000000 -0.351619 0.577367 0.577367 0.577367
1795.605225 0.000000 1604.839111 0.000000 0.996092 0.000000 0.088324 0.480957 0.480957 0.480957
1792.956543 0.000000 1622.682373 0.000000 0.875544 0.000000 0.483138 0.399733 0.399733 0.399733
1793.439453 0.000000 1605.941895 0.000000 0.972902 0.000000 0.231218 0.452903 0.452903 0.452903
2352.763672 0.000000 1508.400146 0.000000 0.906300 0.000000 -0.422634 0.592651 0.592651 0.592651
2339.097656 0.000000 1510.693848 0.000000 0.944053 0.000000 -0.329794 0.565069 0.565069 0.565069
2346.151367 0.000000 1511.105347 0.000000 0.985953 0.000000 0.167025 0.467385 0.467385 0.467385
2347.631348 0.000000 1512.143677 0.000000 0.900818 0.000000 0.434198 0.415733 0.415733 0.415733
2353.885254 0.000000 1515.614502 0.000000 0.930519 0.000000 0.366244 0.615867 0.615867 0.615867
2352.238770 0.000000 1514.278320 0.000000 0.996256 0.000000 -0.086451 0.690461 0.690461 0.690461
2354.757324 0.000000 1526.426270 0.000000 0.970154 0.000000 -0.242490 0.543201 0.543201 0.543201
2357.412354 0.000000 1527.874146 0.000000 0.993874 0.000000 0.110522 0.483535 0.483535 0.483535
2373.635742 0.000000 1535.456177 0.000000 0.999987 0.000000 0.005126 0.523743 0.523743 0.523743
2385.910400 0.000000 1527.104248 0.000000 0.998625 0.000000 -0.052418 0.581662 0.581662 0.581662
2384.955811 0.000000 1527.898193 0.000000 0.946788 0.000000 0.321857 0.522715 0.522715 0.522715
2966.543701 0.000000 1512.680420 0.000000 0.876788 0.000000 -0.480878 0.777415 0.777415 0.777415
2946.178223 0.000000 1507.514648 0.000000 0.866813 0.000000 0.498633 0.621156 0.621156 0.621156
2949.930420 0.000000 1504.994995 0.000000 0.884875 0.000000 0.465828 0.953908 0.953908 0.953908
459.038818 0.000000 2021.962524 0.000000 0.999674 0.000000 0.025549 0.873471 0.873471 0.873471
497.905701 0.000000 2008.514282 0.000000 0.981640 0.000000 -0.190745 1.012218 1.012218 1.012218
496.134521 0.000000 2008.207764 0.000000 0.999666 0.000000 0.025838 0.998355 0.998355 0.998355
496.319214 0.000000 2009.705688 0.000000 0.943774 0.000000 0.330590 0.978550 0.978550 0.978550
556.873901 0.000000 1965.458008 0.000000 0.963706 0.000000 -0.266967 0.553738 0.553738 0.553738
562.333313 0.000000 1959.405273 0.000000 0.974951 0.000000 -0.222420 0.537882 0.537882 0.537882
557.661743 0.000000 1970.724243 0.000000 0.947403 0.000000 -0.320042 0.551605 0.551605 0.551605
547.772095 0.000000 1954.625610 0.000000 0.957344 0.000000 -0.288951 0.558211 0.558211 0.558211
564.449463 0.000000 1960.536865 0.000000 0.890326 0.000000 0.455324 0.778349 0.778349 0.778349
563.694702 0.000000 1961.876221 0.000000 0.959213 0.000000 0.282684 0.971881 0.971881 0.971881
558.923523 0.000000 1963.853394 0.000000 0.902216 0.000000 -0.431284 1.028388 1.028388 1.028388
561.265381 0.000000 1961.032837 0.000000 0.982540 0.000000 -0.186054 1.011914 1.011914 1.011914
562.812134 0.000000 1961.330566 0.000000 0.917734 0.000000 -0.397194 1.040076 1.040076 1.040076
558.698059 0.000000 1964.934448 0.000000 0.881264 0.000000 0.472625 0.968661 0.968661 0.968661
560.470886 0.000000 1962.849976 0.000000 0.950195 0.000000 -0.311655 1.025399 1.025399 1.025399
552.186096 0.000000 1954.109375 0.000000 0.934128 0.000000 0.356939 0.976764 0.976764 0.976764
1566.746948 0.000000 2091.510010 0.000000 0.980354 0.000000 0.197245 0.468549 0.468549 0.468549
1627.274780 0.000000 2132.541748 0.000000 0.958871 0.000000 0.283841 0.455920 0.455920 0.455920
1826.170532 0.000000 2118.279297 0.000000 0.982478 0.000000 0.186379 0.464967 0.464967 0.464967
1872.434082 0.000000 2119.983154 0.000000 0.893796 0.000000 -0.448474 0.593522 0.593522 0.593522
1875.671875 0.000000 2118.656738 0.000000 0.911190 0.000000 0.411986 0.435280 0.435280 0.435280
1873.554077 0.000000 2136.102539 0.000000 0.908334 0.000000 0.418246 0.483191 0.483191 0.483191
1874.010010 0.000000 2137.754150 0.000000 0.998609 0.000000 -0.052728 0.694816 0.694816 0.694816
1953.456543 0.000000 2160.331055 0.000000 0.898971 0.000000 0.438009 0.403733 0.403733 0.403733
1954.304321 0.000000 2162.506104 0.000000 0.998636 0.000000 -0.052211 0.509917 0.509917 0.509917
1960.686523 0.000000 2165.059326 0.000000 0.893599 0.000000 -0.448865 0.586985 0.586985 0.586985
1968.912598 0.000000 2162.219238 0.000000 0.866786 0.000000 0.498680 0.416909 0.416909 0.416909
1967.923462 0.000000 2168.132324 0.000000 0.998771 0.000000 0.049555 0.820526 0.820526 0.820526
1964.906616 0.000000 2166.814697 0.000000 0.957360 0.000000 -0.288897 0.994190 0.994190 0.994190
1966.370850 0.000000 2167.090576 0.000000 0.996795 0.000000 0.080003 0.994901 0.994901 0.994901
1353.163696 0.000000 2355.160156 0.000000 0.971961 0.000000 0.235141 0.448000 0.448000 0.448000
1397.692383 0.000000 2327.594482 0.000000 0.898848 0.000000 -0.438261 0.585114 0.585114 0.585114
1418.104736 0.000000 2306.465820 0.000000 0.872630 0.000000 0.488383 0.416883 0.416883 0.416883
2126.941895 0.000000 1833.140503 0.000000 0.998596 0.000000 -0.052963 0.509346 0.509346 0.509346
2131.827393 0.000000 1840.001343 0.000000 0.920951 0.000000 0.389677 0.435094 0.435094 0.435094
2133.472412 0.000000 1841.769043 0.000000 0.996638 0.000000 0.081929 0.854802 0.854802 0.854802
2132.463135 0.000000 1842.079102 0.000000 0.933295 0.000000 0.359110 0.952407 0.952407 0.952407
2143.083984 0.000000 1841.525879 0.000000 0.999935 0.000000 -0.011422 1.001052 1.001052 1.001052
2130.918457 0.000000 1833.845093 0.000000 0.978741 0.000000 -0.205102 1.023671 1.023671 1.023671
2131.725830 0.000000 1839.181152 0.000000 0.880477 0.000000 0.474089 0.968555 0.968555 0.968555
2142.949463 0.000000 1840.039551 0.000000 0.951259 0.000000 -0.308394 1.028881 1.028881 1.028881
2130.134033 0.000000 1839.040894 0.000000 0.985276 0.000000 0.170973 0.989062 0.989062 0.989062
2078.632324 0.000000 2004.263306 0.000000 0.984150 0.000000 -0.177340 0.532113 0.532113 0.532113
2087.507568 0.000000 2006.435669 0.000000 0.997734 0.000000 0.067279 0.670480 0.670480 0.670480
2209.051514 0.000000 2009.144653 0.000000 0.873284 0.000000 0.487211 0.400712 0.400712 0.400712
2389.720947 0.000000 2045.610229 0.000000 0.999882 0.000000 -0.015380 0.502506 0.502506 0.502506
2402.942871 0.000000 2039.286377 0.000000 0.989787 0.000000 -0.142552 0.885205 0.885205 0.885205
4604.028320 0.000000 1055.501831 0.000000 0.987144 0.000000 -0.159832 0.672808 0.672808 0.672808
4605.491699 0.000000 1076.143433 0.000000 0.934833 0.000000 -0.355088 0.833260 0.833260 0.833260
4605.851562 0.000000 1073.270020 0.000000 0.961994 0.000000 -0.273069 0.901380 0.901380 0.901380
4602.150391 0.000000 1080.287964 0.000000 0.909836 0.000000 0.414968 0.952888 0.952888 0.952888
4620.303711 0.000000 1045.673096 0.000000 0.989960 0.000000 -0.141347 0.585581 0.585581 0.585581
4613.452637 0.000000 1061.988647 0.000000 0.990462 0.000000 0.137783 0.925609 0.925609 0.925609
4623.892090 0.000000 1052.307495 0.000000 0.989273 0.000000 -0.146081 1.017239 1.017239 1.017239
4621.156250 0.000000 1082.139526 0.000000 0.888241 0.000000 -0.459377 0.581326 0.581326 0.581326
4621.107910 0.000000 1084.852173 0.000000 0.986712 0.000000 0.162480 0.718595 0.718595 0.718595
4625.590820 0.000000 1085.092163 0.000000 0.929224 0.000000 -0.369517 0.912663 0.912663 0.912663
4333.321289 0.000000 1450.592285 0.000000 0.992642 0.000000 -0.121083 0.518228 0.518228 0.518228
4333.534668 0.000000 1447.130859 0.000000 0.997921 0.000000 -0.064455 0.509734 0.509734 0.509734
4329.787598 0.000000 1451.899658 0.000000 0.992984 0.000000 0.118249 0.623174 0.623174 0.623174
4356.650391 0.000000 1449.885498 0.000000 0.881881 0.000000 -0.471472 0.585493 0.585493 0.585493
4244.232910 0.000000 1680.166504 0.000000 0.997658 0.000000 -0.068405 0.511716 0.511716 0.511716
6440.875000 0.000000 1525.951782 0.000000 0.975925 0.000000 0.218107 0.466982 0.466982 0.466982
6441.647461 0.000000 1526.433105 0.000000 0.975580 0.000000 0.219643 0.985902 0.985902 0.985902
6781.965820 0.000000 1561.670044 0.000000 0.972546 0.000000 -0.232713 1.014952 1.014952 1.014952
6816.666016 0.000000 1469.232666 0.000000 0.999978 0.000000 -0.006576 0.501224 0.501224 0.501224
6816.805664 0.000000 1473.739014 0.000000 0.983696 0.000000 0.179838 0.944431 0.944431 0.944431
6875.648926 0.000000 1476.027222 0.000000 0.998197 0.000000 0.060026 0.490486 0.490486 0.490486
6897.021973 0.000000 1481.702148 0.000000 0.926153 0.000000 -0.377147 0.602901 0.602901 0.602901
6864.956055 0.000000 1471.413818 0.000000 0.922652 0.000000 0.385634 0.554830 0.554830 0.554830
6880.474609 0.000000 1479.822876 0.000000 0.991522 0.000000 0.129942 0.679840 0.679840 0.679840
6876.488281 0.000000 1476.796021 0.000000 0.920476 0.000000 -0.390799 0.681353 0.681353 0.681353
6883.124512 0.000000 1481.961182 0.000000 0.917670 0.000000 -0.397344 0.903139 0.903139 0.903139
6867.748047 0.000000 1470.509277 0.000000 0.972527 0.000000 0.232789 0.985043 0.985043 0.985043
6878.761230 0.000000 1479.809204 0.000000 0.918250 0.000000 0.396002 0.974079 0.974079 0.974079
6983.842285 0.000000 1602.427246 0.000000 0.966139 0.000000 0.258022 0.561811 0.561811 0.561811
7226.467773 0.000000 1707.276611 0.000000 0.993306 0.000000 0.115509 0.984827 0.984827 0.984827
7227.111816 0.000000 1708.831909 0.000000 0.972799 0.000000 0.231649 0.985118 0.985118 0.985118
7935.683594 0.000000 1680.400269 0.000000 0.932002 0.000000 0.362453 0.976388 0.976388 0.976388
7788.444336 0.000000 1777.446899 0.000000 0.961428 0.000000 -0.275059 0.935167 0.935167 0.935167
7984.431641 0.000000 1678.828247 0.000000 0.964230 0.000000 0.265066 0.760793 0.760793 0.760793
7938.463379 0.000000 1681.288818 0.000000 0.943588 0.000000 0.331122 0.906351 0.906351 0.906351
7938.064941 0.000000 1683.555298 0.000000 0.994131 0.000000 0.108187 0.993099 0.993099 0.993099
7941.777344 0.000000 1684.509644 0.000000 0.882425 0.000000 -0.470453 1.031182 1.031182 1.031182
7936.422363 0.000000 1683.822632 0.000000 0.962821 0.000000 -0.270141 1.017414 1.017414 1.017414
7954.064941 0.000000 1650.577881 0.000000 0.928743 0.000000 0.370723 0.975822 0.975822 0.975822
7936.484375 0.000000 1680.802612 0.000000 0.999906 0.000000 0.013735 0.999126 0.999126 0.999126
5277.193848 0.000000 1890.195557 0.000000 0.881532 0.000000 0.472124 0.402226 0.402226 0.402226
5280.945312 0.000000 1882.639771 0.000000 0.994381 0.000000 0.105863 0.542532 0.542532 0.542532
5299.584961 0.000000 1894.048218 0.000000 0.912842 0.000000 0.408314 0.904540 0.904540 0.904540
5280.933594 0.000000 1880.762695 0.000000 0.920511 0.000000 -0.390716 1.027358 1.027358 1.027358
5340.483398 0.000000 1906.919800 0.000000 0.937622 0.000000 -0.347656 0.694027 0.694027 0.694027
5323.498535 0.000000 1905.262573 0.000000 0.945359 0.000000 0.326030 0.536294 0.536294 0.536294
5341.473145 0.000000 1906.160278 0.000000 0.973973 0.000000 0.226666 0.600696 0.600696 0.600696
5321.779297 0.000000 1902.494507 0.000000 0.937885 0.000000 -0.346945 0.993875 0.993875 0.993875
7897.919434 0.000000 1956.075439 0.000000 0.991830 0.000000 -0.127566 0.697144 0.697144 0.697144
7886.374512 0.000000 1956.114136 0.000000 0.870671 0.000000 0.491866 0.944925 0.944925 0.944925
"}
object={
	name="palm_dense_generator_3_2"
	clamp_to_water_level=no
	render_under_water=no
	generated_content=yes
	layer="semidynamic_high"
	pdxmesh="tree_palm_03_mesh"
	count=609
	transform="497.177795 0.000000 775.910095 0.000000 0.081433 0.000000 -0.996679 0.762680 0.762680 0.762680
457.798401 0.000000 745.525269 0.000000 0.517417 0.000000 -0.855733 1.106604 1.106604 1.106604
494.635712 0.000000 774.354309 0.000000 0.810810 0.000000 -0.585309 0.965570 0.965570 0.965570
478.264526 0.000000 789.117615 0.000000 0.677979 0.000000 -0.735082 1.041962 1.041962 1.041962
461.568726 0.000000 742.365601 0.000000 0.826813 0.000000 -0.562478 1.054137 1.054137 1.054137
510.433960 0.000000 775.419434 0.000000 0.628757 0.000000 -0.777602 1.056713 1.056713 1.056713
377.751831 0.000000 822.296997 0.000000 0.145698 0.000000 -0.989329 1.140976 1.140976 1.140976
381.417542 0.000000 824.120850 0.000000 0.012671 0.000000 -0.999920 1.165055 1.165055 1.165055
482.589355 0.000000 790.979370 0.000000 0.533179 0.000000 -0.846002 0.661254 0.661254 0.661254
596.261780 0.000000 846.006592 0.000000 0.064665 0.000000 -0.997907 1.099228 1.099228 1.099228
582.676941 0.000000 872.515808 0.000000 0.116791 0.000000 -0.993156 0.723748 0.723748 0.723748
632.056396 0.000000 856.546082 0.000000 0.156092 0.000000 -0.987743 1.187458 1.187458 1.187458
632.977478 0.000000 856.208618 0.000000 0.321681 0.000000 -0.946848 1.164819 1.164819 1.164819
581.388367 0.000000 871.802979 0.000000 0.759325 0.000000 -0.650711 1.054658 1.054658 1.054658
694.564941 0.000000 826.598328 0.000000 0.675309 0.000000 -0.737535 1.067711 1.067711 1.067711
702.278503 0.000000 824.268860 0.000000 0.663782 0.000000 -0.747926 1.053790 1.053790 1.053790
697.536987 0.000000 830.727234 0.000000 0.317298 0.000000 -0.948326 1.079445 1.079445 1.079445
643.693176 0.000000 862.278015 0.000000 0.146567 0.000000 -0.989201 0.848913 0.848913 0.848913
643.130371 0.000000 857.584839 0.000000 0.203141 0.000000 -0.979149 0.839776 0.839776 0.839776
660.239807 0.000000 848.417603 0.000000 0.763458 0.000000 -0.645857 0.603336 0.603336 0.603336
642.886597 0.000000 863.027100 0.000000 0.563291 0.000000 -0.826259 0.777163 0.777163 0.777163
650.836365 0.000000 851.875244 0.000000 0.357073 0.000000 -0.934076 0.983772 0.983772 0.983772
722.017090 0.000000 871.050354 0.000000 0.732775 0.000000 -0.680471 0.635368 0.635368 0.635368
741.766541 0.000000 885.072571 0.000000 0.506443 0.000000 -0.862274 0.854618 0.854618 0.854618
722.831909 0.000000 891.443359 0.000000 0.524015 0.000000 -0.851709 0.779370 0.779370 0.779370
742.864319 0.000000 884.643250 0.000000 0.010359 0.000000 -0.999946 0.993663 0.993663 0.993663
726.543701 0.000000 891.352295 0.000000 0.162903 0.000000 -0.986642 1.043809 1.043809 1.043809
725.270752 0.000000 873.420837 0.000000 0.705094 0.000000 -0.709114 1.004767 1.004767 1.004767
757.996826 0.000000 874.009277 0.000000 0.717730 0.000000 -0.696321 1.092880 1.092880 1.092880
758.581604 0.000000 872.396484 0.000000 0.334316 0.000000 -0.942461 1.168573 1.168573 1.168573
767.527466 0.000000 902.880371 0.000000 0.481749 0.000000 -0.876310 0.970970 0.970970 0.970970
724.889404 0.000000 891.261719 0.000000 0.490317 0.000000 -0.871544 1.116521 1.116521 1.116521
767.271851 0.000000 878.360840 0.000000 0.081193 0.000000 -0.996698 1.150605 1.150605 1.150605
735.105286 0.000000 889.600037 0.000000 0.526796 0.000000 -0.849992 1.064679 1.064679 1.064679
737.225647 0.000000 890.243591 0.000000 0.771104 0.000000 -0.636709 1.043941 1.043941 1.043941
796.635681 0.000000 773.924988 0.000000 0.339133 0.000000 -0.940738 1.050640 1.050640 1.050640
904.816650 0.000000 782.305176 0.000000 0.584269 0.000000 -0.811560 0.684020 0.684020 0.684020
900.645081 0.000000 778.910767 0.000000 0.657882 0.000000 -0.753121 0.650417 0.650417 0.650417
928.533752 0.000000 789.367920 0.000000 0.658753 0.000000 -0.752360 0.628526 0.628526 0.628526
903.034851 0.000000 781.230164 0.000000 0.513834 0.000000 -0.857889 1.065645 1.065645 1.065645
905.223877 0.000000 779.784546 0.000000 0.057943 0.000000 -0.998320 1.096309 1.096309 1.096309
1010.968262 0.000000 736.699585 0.000000 0.682842 0.000000 -0.730566 1.058625 1.058625 1.058625
987.886902 0.000000 740.800293 0.000000 0.163075 0.000000 -0.986614 1.189496 1.189496 1.189496
1013.597229 0.000000 737.982422 0.000000 0.749125 0.000000 -0.662428 1.046095 1.046095 1.046095
1012.948792 0.000000 736.333130 0.000000 0.506497 0.000000 -0.862242 1.066188 1.066188 1.066188
1013.946045 0.000000 736.411865 0.000000 0.266096 0.000000 -0.963946 1.082853 1.082853 1.082853
1011.564941 0.000000 734.844177 0.000000 0.305901 0.000000 -0.952063 1.080208 1.080208 1.080208
803.737915 0.000000 846.383179 0.000000 0.297576 0.000000 -0.954698 1.082665 1.082665 1.082665
844.884766 0.000000 837.763672 0.000000 0.620343 0.000000 -0.784330 0.658353 0.658353 0.658353
841.361511 0.000000 844.789490 0.000000 0.065396 0.000000 -0.997859 0.743983 0.743983 0.743983
895.208679 0.000000 792.315613 0.000000 0.766605 0.000000 -0.642119 0.763975 0.763975 0.763975
868.441345 0.000000 846.759155 0.000000 0.256646 0.000000 -0.966506 0.825703 0.825703 0.825703
870.861633 0.000000 799.996033 0.000000 0.599216 0.000000 -0.800587 1.048723 1.048723 1.048723
885.317871 0.000000 791.001648 0.000000 0.159431 0.000000 -0.987209 1.021494 1.021494 1.021494
856.848328 0.000000 818.319824 0.000000 0.584243 0.000000 -0.811579 1.073378 1.073378 1.073378
878.166443 0.000000 820.166382 0.000000 0.231104 0.000000 -0.972929 1.085153 1.085153 1.085153
878.706177 0.000000 820.900757 0.000000 0.803730 0.000000 -0.594995 1.040569 1.040569 1.040569
879.984009 0.000000 835.615967 0.000000 0.257150 0.000000 -0.966372 1.087370 1.087370 1.087370
859.556274 0.000000 818.096497 0.000000 0.318805 0.000000 -0.947820 1.079344 1.079344 1.079344
878.923523 0.000000 834.165833 0.000000 0.191856 0.000000 -0.981423 1.091837 1.091837 1.091837
888.570557 0.000000 815.412231 0.000000 0.739526 0.000000 -0.673128 1.047010 1.047010 1.047010
890.024841 0.000000 810.972046 0.000000 0.637979 0.000000 -0.770054 1.120466 1.120466 1.120466
860.741089 0.000000 810.491028 0.000000 0.774491 0.000000 -0.632584 1.043601 1.043601 1.043601
842.327148 0.000000 840.174072 0.000000 0.321749 0.000000 -0.946825 1.079146 1.079146 1.079146
894.230530 0.000000 825.712402 0.000000 0.587647 0.000000 -0.809117 1.060011 1.060011 1.060011
840.235779 0.000000 842.391418 0.000000 0.042668 0.000000 -0.999089 1.097283 1.097283 1.097283
840.007812 0.000000 824.939026 0.000000 0.386685 0.000000 -0.922212 1.138020 1.138020 1.138020
859.961304 0.000000 819.493286 0.000000 0.430864 0.000000 -0.902417 1.071642 1.071642 1.071642
889.776917 0.000000 816.254089 0.000000 0.836990 0.000000 -0.547219 1.036863 1.036863 1.036863
876.091431 0.000000 836.211182 0.000000 0.763903 0.000000 -0.645332 1.044656 1.044656 1.044656
842.917664 0.000000 838.000610 0.000000 0.717703 0.000000 -0.696349 1.049039 1.049039 1.049039
852.558167 0.000000 837.480530 0.000000 0.635467 0.000000 -0.772128 1.065412 1.065412 1.065412
858.412720 0.000000 819.666382 0.000000 0.760990 0.000000 -0.648763 1.044943 1.044943 1.044943
878.698059 0.000000 835.246948 0.000000 0.033420 0.000000 -0.999441 1.102478 1.102478 1.102478
883.507385 0.000000 819.571106 0.000000 0.443167 0.000000 -0.896439 1.070771 1.070771 1.070771
890.986755 0.000000 815.228210 0.000000 0.600097 0.000000 -0.799927 1.059026 1.059026 1.059026
858.757751 0.000000 818.270142 0.000000 0.788649 0.000000 -0.614844 1.042156 1.042156 1.042156
859.906372 0.000000 820.438232 0.000000 0.665312 0.000000 -0.746566 1.053660 1.053660 1.053660
788.110352 0.000000 860.903442 0.000000 0.706245 0.000000 -0.707967 0.641690 0.641690 0.641690
787.827271 0.000000 879.766968 0.000000 0.320451 0.000000 -0.947265 0.702744 0.702744 0.702744
793.165405 0.000000 871.464233 0.000000 0.746274 0.000000 -0.665638 0.681227 0.681227 0.681227
827.795532 0.000000 854.116089 0.000000 0.123531 0.000000 -0.992341 0.935716 0.935716 0.935716
830.648743 0.000000 852.232056 0.000000 0.849976 0.000000 -0.526821 0.669875 0.669875 0.669875
827.234192 0.000000 851.637817 0.000000 0.839471 0.000000 -0.543404 0.678086 0.678086 0.678086
821.360901 0.000000 857.919678 0.000000 0.860872 0.000000 -0.508821 0.732688 0.732688 0.732688
792.600769 0.000000 870.372009 0.000000 0.299691 0.000000 -0.954036 0.764411 0.764411 0.764411
784.733398 0.000000 865.795166 0.000000 0.769371 0.000000 -0.638802 0.881844 0.881844 0.881844
774.691101 0.000000 870.657227 0.000000 0.107032 0.000000 -0.994256 0.963270 0.963270 0.963270
825.652954 0.000000 852.824158 0.000000 0.781833 0.000000 -0.623488 0.854420 0.854420 0.854420
800.005737 0.000000 865.505493 0.000000 0.592821 0.000000 -0.805334 0.897137 0.897137 0.897137
786.490784 0.000000 864.606018 0.000000 0.057375 0.000000 -0.998353 1.175689 1.175689 1.175689
823.523438 0.000000 858.207947 0.000000 0.361723 0.000000 -0.932286 1.150178 1.150178 1.150178
783.972168 0.000000 863.735229 0.000000 0.792425 0.000000 -0.609970 1.041764 1.041764 1.041764
812.178162 0.000000 858.182312 0.000000 0.243604 0.000000 -0.969875 1.084334 1.084334 1.084334
782.050049 0.000000 864.616943 0.000000 0.547698 0.000000 -0.836676 1.045149 1.045149 1.045149
787.851440 0.000000 859.785095 0.000000 0.252323 0.000000 -0.967643 1.083761 1.083761 1.083761
792.819336 0.000000 899.336426 0.000000 0.386972 0.000000 -0.922091 1.074704 1.074704 1.074704
811.226624 0.000000 861.610291 0.000000 0.547267 0.000000 -0.836958 1.063134 1.063134 1.063134
807.660339 0.000000 875.459473 0.000000 0.249391 0.000000 -0.968403 1.083954 1.083954 1.083954
806.920410 0.000000 873.044434 0.000000 0.618848 0.000000 -0.785511 1.057520 1.057520 1.057520
786.227661 0.000000 861.390564 0.000000 0.030563 0.000000 -0.999533 1.128047 1.128047 1.128047
799.221619 0.000000 865.954163 0.000000 0.205402 0.000000 -0.978678 1.086830 1.086830 1.086830
802.572998 0.000000 848.338989 0.000000 0.722820 0.000000 -0.691036 1.061140 1.061140 1.061140
773.388367 0.000000 871.802979 0.000000 0.750173 0.000000 -0.661241 1.048158 1.048158 1.048158
804.569397 0.000000 875.608398 0.000000 0.585051 0.000000 -0.810996 1.060215 1.060215 1.060215
783.721130 0.000000 861.123291 0.000000 0.472813 0.000000 -0.881163 1.068648 1.068648 1.068648
848.399719 0.000000 852.943176 0.000000 0.680778 0.000000 -0.732489 0.742887 0.742887 0.742887
893.822571 0.000000 871.232422 0.000000 0.107660 0.000000 -0.994188 0.849770 0.849770 0.849770
849.996155 0.000000 848.232849 0.000000 0.631375 0.000000 -0.775478 0.809795 0.809795 0.809795
846.447571 0.000000 848.248291 0.000000 0.393607 0.000000 -0.919279 0.967993 0.967993 0.967993
839.100342 0.000000 859.085449 0.000000 0.428573 0.000000 -0.903507 1.095456 1.095456 1.095456
832.751587 0.000000 851.269104 0.000000 0.503683 0.000000 -0.863889 1.066396 1.066396 1.066396
833.654724 0.000000 850.866211 0.000000 0.804619 0.000000 -0.593792 1.040474 1.040474 1.040474
838.077942 0.000000 862.598572 0.000000 0.828073 0.000000 -0.560621 1.069980 1.069980 1.069980
848.637024 0.000000 850.870178 0.000000 0.430925 0.000000 -0.902388 1.071638 1.071638 1.071638
858.247559 0.000000 869.490112 0.000000 0.690757 0.000000 -0.723087 1.070827 1.070827 1.070827
846.213440 0.000000 850.048523 0.000000 0.624503 0.000000 -0.781023 1.057060 1.057060 1.057060
857.661926 0.000000 860.599121 0.000000 0.107238 0.000000 -0.994233 1.093160 1.093160 1.093160
867.710754 0.000000 849.210388 0.000000 0.726570 0.000000 -0.687092 1.048223 1.048223 1.048223
931.805054 0.000000 809.695618 0.000000 0.701222 0.000000 -0.712943 0.639397 0.639397 0.639397
897.153992 0.000000 809.590332 0.000000 0.382670 0.000000 -0.923885 0.974627 0.974627 0.974627
899.662903 0.000000 794.021912 0.000000 0.454820 0.000000 -0.890583 1.012736 1.012736 1.012736
928.005737 0.000000 809.021118 0.000000 0.864351 0.000000 -0.502889 0.964186 0.964186 0.964186
897.388245 0.000000 830.972534 0.000000 0.799914 0.000000 -0.600115 0.954501 0.954501 0.954501
899.097900 0.000000 795.063477 0.000000 0.467042 0.000000 -0.884235 1.010549 1.010549 1.010549
899.639343 0.000000 795.926025 0.000000 0.820211 0.000000 -0.572061 0.934969 0.934969 0.934969
897.979309 0.000000 793.577698 0.000000 0.104237 0.000000 -0.994553 1.148265 1.148265 1.148265
897.410950 0.000000 792.017822 0.000000 0.598630 0.000000 -0.801026 1.093932 1.093932 1.093932
948.174683 0.000000 835.217712 0.000000 0.711295 0.000000 -0.702894 1.071806 1.071806 1.071806
896.930786 0.000000 829.322632 0.000000 0.103683 0.000000 -0.994610 1.093387 1.093387 1.093387
939.740417 0.000000 896.197571 0.000000 0.523222 0.000000 -0.852196 0.747791 0.747791 0.747791
19.806591 0.000000 995.535645 0.000000 0.527127 0.000000 -0.849787 0.725631 0.725631 0.725631
19.066935 0.000000 996.019348 0.000000 0.766178 0.000000 -0.642629 1.044431 1.044431 1.044431
110.326492 0.000000 1027.836792 0.000000 0.420633 0.000000 -0.907231 0.715808 0.715808 0.715808
108.434555 0.000000 1028.497437 0.000000 0.204660 0.000000 -0.978833 0.757057 0.757057 0.757057
118.758163 0.000000 1057.572388 0.000000 0.565078 0.000000 -0.825038 0.823149 0.823149 0.823149
117.308319 0.000000 1031.471558 0.000000 0.807280 0.000000 -0.590168 1.044052 1.044052 1.044052
121.536987 0.000000 1056.664795 0.000000 0.358656 0.000000 -0.933470 1.076647 1.076647 1.076647
126.500732 0.000000 1055.452271 0.000000 0.833288 0.000000 -0.552839 1.037291 1.037291 1.037291
18.295275 0.000000 1077.479126 0.000000 0.364954 0.000000 -0.931025 0.890190 0.890190 0.890190
21.817122 0.000000 1076.102173 0.000000 0.396854 0.000000 -0.917882 1.126270 1.126270 1.126270
20.721794 0.000000 1077.423096 0.000000 0.709885 0.000000 -0.704318 1.084867 1.084867 1.084867
20.642319 0.000000 1106.010986 0.000000 0.720374 0.000000 -0.693586 1.048794 1.048794 1.048794
21.139297 0.000000 1109.278687 0.000000 0.229821 0.000000 -0.973233 1.085237 1.085237 1.085237
20.507957 0.000000 1108.832397 0.000000 0.654616 0.000000 -0.755962 1.054566 1.054566 1.054566
122.467636 0.000000 1085.948486 0.000000 0.498508 0.000000 -0.866885 1.066776 1.066776 1.066776
123.533615 0.000000 1084.464233 0.000000 0.111297 0.000000 -0.993787 1.092900 1.092900 1.092900
130.305008 0.000000 1018.068604 0.000000 0.305540 0.000000 -0.952179 0.739282 0.739282 0.739282
130.403320 0.000000 1065.708130 0.000000 0.798714 0.000000 -0.601711 1.041103 1.041103 1.041103
139.304031 0.000000 1090.999390 0.000000 0.428563 0.000000 -0.903512 0.853675 0.853675 0.853675
140.170944 0.000000 1090.628296 0.000000 0.428641 0.000000 -0.903475 1.142752 1.142752 1.142752
137.986649 0.000000 1089.395264 0.000000 0.285265 0.000000 -0.958449 1.081584 1.081584 1.081584
138.918427 0.000000 1089.467163 0.000000 0.784881 0.000000 -0.619647 1.042545 1.042545 1.042545
335.744293 0.000000 971.194702 0.000000 0.615518 0.000000 -0.788123 0.650592 0.650592 0.650592
323.207642 0.000000 985.832031 0.000000 0.454288 0.000000 -0.890855 1.069979 1.069979 1.069979
389.675323 0.000000 931.222229 0.000000 0.406704 0.000000 -0.913560 1.073336 1.073336 1.073336
389.015045 0.000000 930.802124 0.000000 0.491500 0.000000 -0.870878 1.067290 1.067290 1.067290
387.207642 0.000000 929.347656 0.000000 0.730602 0.000000 -0.682804 1.047848 1.047848 1.047848
426.936707 0.000000 1012.734680 0.000000 0.688717 0.000000 -0.725030 0.637592 0.637592 0.637592
434.872467 0.000000 999.908142 0.000000 0.387931 0.000000 -0.921688 1.074638 1.074638 1.074638
501.692383 0.000000 1028.453735 0.000000 0.153277 0.000000 -0.988183 0.763713 0.763713 0.763713
506.513306 0.000000 1030.415161 0.000000 0.331969 0.000000 -0.943290 0.693374 0.693374 0.693374
505.483276 0.000000 1028.746460 0.000000 0.831201 0.000000 -0.555973 1.037531 1.037531 1.037531
103.114044 0.000000 1160.142334 0.000000 0.031934 0.000000 -0.999490 0.754833 0.754833 0.754833
87.879372 0.000000 1213.784912 0.000000 0.277143 0.000000 -0.960829 0.734576 0.734576 0.734576
89.615829 0.000000 1214.866699 0.000000 0.066463 0.000000 -0.997789 1.095766 1.095766 1.095766
89.275803 0.000000 1212.388916 0.000000 0.169441 0.000000 -0.985540 1.089161 1.089161 1.089161
185.532776 0.000000 1201.146484 0.000000 0.777766 0.000000 -0.628554 0.632612 0.632612 0.632612
176.749695 0.000000 1208.779541 0.000000 0.735320 0.000000 -0.677720 0.645844 0.645844 0.645844
146.017105 0.000000 1209.956543 0.000000 0.660665 0.000000 -0.750681 0.661847 0.661847 0.661847
183.475952 0.000000 1198.067139 0.000000 0.436943 0.000000 -0.899489 0.710704 0.710704 0.710704
142.941986 0.000000 1211.812378 0.000000 0.843657 0.000000 -0.536882 0.593170 0.593170 0.593170
213.077988 0.000000 1188.299561 0.000000 0.851192 0.000000 -0.524855 0.606149 0.606149 0.606149
208.308121 0.000000 1193.613892 0.000000 0.122748 0.000000 -0.992438 1.008815 1.008815 1.008815
210.295273 0.000000 1190.447876 0.000000 0.808026 0.000000 -0.589147 0.876471 0.876471 0.876471
215.555878 0.000000 1190.057861 0.000000 0.514282 0.000000 -0.857621 1.102932 1.102932 1.102932
182.398209 0.000000 1313.197266 0.000000 0.510686 0.000000 -0.859768 1.047479 1.047479 1.047479
189.041916 0.000000 1309.466431 0.000000 0.412731 0.000000 -0.910853 1.107347 1.107347 1.107347
186.360474 0.000000 1313.702515 0.000000 0.392289 0.000000 -0.919842 1.116315 1.116315 1.116315
189.657349 0.000000 1313.552734 0.000000 0.672486 0.000000 -0.740110 1.053045 1.053045 1.053045
186.760086 0.000000 1310.373901 0.000000 0.804025 0.000000 -0.594595 1.040538 1.040538 1.040538
200.000793 0.000000 1303.201904 0.000000 0.797379 0.000000 -0.603479 0.627371 0.627371 0.627371
202.751495 0.000000 1307.670288 0.000000 0.735127 0.000000 -0.677929 1.068626 1.068626 1.068626
202.105194 0.000000 1307.095825 0.000000 0.171968 0.000000 -0.985103 1.128785 1.128785 1.128785
473.338013 0.000000 1321.024780 0.000000 0.747035 0.000000 -0.664784 1.097532 1.097532 1.097532
473.832031 0.000000 1322.776489 0.000000 0.569357 0.000000 -0.822091 1.061438 1.061438 1.061438
448.484192 0.000000 1341.896362 0.000000 0.279963 0.000000 -0.960011 1.081936 1.081936 1.081936
680.733887 0.000000 1007.707153 0.000000 0.594347 0.000000 -0.804209 0.991232 0.991232 0.991232
803.340759 0.000000 905.005127 0.000000 0.799478 0.000000 -0.600695 0.770589 0.770589 0.770589
769.383484 0.000000 905.826355 0.000000 0.840159 0.000000 -0.542341 0.657245 0.657245 0.657245
778.256775 0.000000 904.891907 0.000000 0.528120 0.000000 -0.849170 1.064579 1.064579 1.064579
778.092102 0.000000 904.057800 0.000000 0.475204 0.000000 -0.879876 1.068475 1.068475 1.068475
935.241577 0.000000 1013.133667 0.000000 0.508925 0.000000 -0.860811 0.659585 0.659585 0.659585
933.367859 0.000000 1013.106812 0.000000 0.530501 0.000000 -0.847685 0.741115 0.741115 0.741115
933.203613 0.000000 1014.472778 0.000000 0.452648 0.000000 -0.891689 0.722479 0.722479 0.722479
936.701111 0.000000 1015.222290 0.000000 0.493563 0.000000 -0.869710 1.070298 1.070298 1.070298
935.600769 0.000000 1015.766602 0.000000 0.645423 0.000000 -0.763826 1.055336 1.055336 1.055336
915.692322 0.000000 1047.528198 0.000000 0.295447 0.000000 -0.955359 1.150441 1.150441 1.150441
909.118713 0.000000 1034.635498 0.000000 0.400003 0.000000 -0.916514 1.073802 1.073802 1.073802
910.290466 0.000000 1049.746216 0.000000 0.645111 0.000000 -0.764089 1.055362 1.055362 1.055362
909.739685 0.000000 1035.739136 0.000000 0.561205 0.000000 -0.827677 1.062068 1.062068 1.062068
130.523407 0.000000 1370.039917 0.000000 0.395588 0.000000 -0.918428 0.727992 0.727992 0.727992
133.821167 0.000000 1373.231201 0.000000 0.173825 0.000000 -0.984777 0.741015 0.741015 0.741015
1634.996948 0.000000 1581.041504 0.000000 0.821788 0.000000 -0.569794 0.629635 0.629635 0.629635
1632.693359 0.000000 1577.066406 0.000000 0.809584 0.000000 -0.587003 0.629448 0.629448 0.629448
1642.451904 0.000000 1560.012207 0.000000 0.772759 0.000000 -0.634700 0.640853 0.640853 0.640853
1656.713501 0.000000 1554.501099 0.000000 0.711283 0.000000 -0.702905 0.652079 0.652079 0.652079
1654.766602 0.000000 1569.678711 0.000000 0.552705 0.000000 -0.833377 0.664914 0.664914 0.664914
1659.144043 0.000000 1577.267822 0.000000 0.618868 0.000000 -0.785495 0.647179 0.647179 0.647179
1625.614136 0.000000 1576.813843 0.000000 0.062356 0.000000 -0.998054 0.764924 0.764924 0.764924
1655.191162 0.000000 1566.968628 0.000000 0.134922 0.000000 -0.990856 0.725235 0.725235 0.725235
1659.613647 0.000000 1556.285400 0.000000 0.515475 0.000000 -0.856905 0.652245 0.652245 0.652245
1659.659912 0.000000 1574.619507 0.000000 0.160329 0.000000 -0.987064 0.939685 0.939685 0.939685
1656.056152 0.000000 1559.684326 0.000000 0.484525 0.000000 -0.874778 0.716955 0.716955 0.716955
1624.192993 0.000000 1580.097290 0.000000 0.063760 0.000000 -0.997965 0.945457 0.945457 0.945457
1627.171875 0.000000 1581.038330 0.000000 0.164695 0.000000 -0.986345 0.968472 0.968472 0.968472
1657.070557 0.000000 1571.796875 0.000000 0.820844 0.000000 -0.571152 0.824255 0.824255 0.824255
1657.621094 0.000000 1560.720215 0.000000 0.371114 0.000000 -0.928587 0.933588 0.933588 0.933588
1658.615723 0.000000 1565.347900 0.000000 0.836474 0.000000 -0.548007 1.072542 1.072542 1.072542
1663.230713 0.000000 1574.455811 0.000000 0.611887 0.000000 -0.790945 1.099081 1.099081 1.099081
1661.417480 0.000000 1558.417725 0.000000 0.746908 0.000000 -0.664927 1.088893 1.088893 1.088893
1662.041016 0.000000 1571.770874 0.000000 0.845302 0.000000 -0.534288 1.035884 1.035884 1.035884
1660.244507 0.000000 1570.111572 0.000000 0.310521 0.000000 -0.950566 1.079899 1.079899 1.079899
1662.278564 0.000000 1558.565674 0.000000 0.294987 0.000000 -0.955501 1.146501 1.146501 1.146501
1662.230469 0.000000 1560.009277 0.000000 0.088457 0.000000 -0.996080 1.094361 1.094361 1.094361
1663.499878 0.000000 1562.377563 0.000000 0.831095 0.000000 -0.556131 1.037543 1.037543 1.037543
1662.801880 0.000000 1570.827148 0.000000 0.058738 0.000000 -0.998273 1.096259 1.096259 1.096259
1662.500732 0.000000 1563.811646 0.000000 0.685927 0.000000 -0.727670 1.051879 1.051879 1.051879
1662.433960 0.000000 1566.200684 0.000000 0.178734 0.000000 -0.983897 1.088560 1.088560 1.088560
1710.444580 0.000000 1519.955933 0.000000 0.756174 0.000000 -0.654370 0.650932 0.650932 0.650932
1722.085693 0.000000 1515.752319 0.000000 0.578352 0.000000 -0.815787 0.691864 0.691864 0.691864
1712.587158 0.000000 1519.519775 0.000000 0.723996 0.000000 -0.689805 0.648518 0.648518 0.648518
1725.091431 0.000000 1520.305298 0.000000 0.634088 0.000000 -0.773261 0.649957 0.649957 0.649957
1729.602173 0.000000 1498.967041 0.000000 0.809604 0.000000 -0.586976 0.635079 0.635079 0.635079
1748.862061 0.000000 1517.260742 0.000000 0.278084 0.000000 -0.960557 0.764040 0.764040 0.764040
1730.786255 0.000000 1503.494385 0.000000 0.809805 0.000000 -0.586699 0.628901 0.628901 0.628901
1735.851929 0.000000 1505.771240 0.000000 0.262596 0.000000 -0.964906 0.761471 0.761471 0.761471
1741.917725 0.000000 1500.039917 0.000000 0.325908 0.000000 -0.945401 0.743557 0.743557 0.743557
1733.852539 0.000000 1491.439331 0.000000 0.323160 0.000000 -0.946344 0.743198 0.743198 0.743198
1728.036377 0.000000 1515.188965 0.000000 0.312714 0.000000 -0.949847 0.687183 0.687183 0.687183
1729.433228 0.000000 1515.849487 0.000000 0.111053 0.000000 -0.993814 0.718078 0.718078 0.718078
1731.062012 0.000000 1520.818604 0.000000 0.313714 0.000000 -0.949518 1.100310 1.100310 1.100310
1734.366211 0.000000 1519.555420 0.000000 0.196777 0.000000 -0.980448 1.184034 1.184034 1.184034
1730.092163 0.000000 1520.334473 0.000000 0.768156 0.000000 -0.640262 1.055684 1.055684 1.055684
1728.005737 0.000000 1520.706909 0.000000 0.127504 0.000000 -0.991838 1.148058 1.148058 1.148058
1729.119507 0.000000 1518.156860 0.000000 0.526615 0.000000 -0.850104 1.069259 1.069259 1.069259
1700.050049 0.000000 1561.367676 0.000000 0.436870 0.000000 -0.899525 0.745910 0.745910 0.745910
1701.443237 0.000000 1544.880127 0.000000 0.814356 0.000000 -0.580365 0.635181 0.635181 0.635181
1703.131470 0.000000 1560.057251 0.000000 0.600971 0.000000 -0.799271 0.695249 0.695249 0.695249
1706.622314 0.000000 1579.103149 0.000000 0.508213 0.000000 -0.861232 0.711007 0.711007 0.711007
1700.193237 0.000000 1532.537109 0.000000 0.198737 0.000000 -0.980053 0.781809 0.781809 0.781809
1720.357544 0.000000 1533.425049 0.000000 0.744147 0.000000 -0.668016 0.650946 0.650946 0.650946
1695.885010 0.000000 1544.268188 0.000000 0.578323 0.000000 -0.815808 0.690442 0.690442 0.690442
1680.326904 0.000000 1547.745117 0.000000 0.854871 0.000000 -0.518841 0.602752 0.602752 0.602752
1701.382812 0.000000 1552.660156 0.000000 0.047022 0.000000 -0.998894 0.785881 0.785881 0.785881
1679.814819 0.000000 1545.710083 0.000000 0.603904 0.000000 -0.797057 0.673749 0.673749 0.673749
1689.662842 0.000000 1547.873413 0.000000 0.305944 0.000000 -0.952050 0.710894 0.710894 0.710894
1683.123779 0.000000 1547.767456 0.000000 0.647273 0.000000 -0.762258 0.646394 0.646394 0.646394
1675.164307 0.000000 1561.633301 0.000000 0.235287 0.000000 -0.971926 0.732170 0.732170 0.732170
1696.219360 0.000000 1571.233765 0.000000 0.831059 0.000000 -0.556185 0.596518 0.596518 0.596518
1688.543945 0.000000 1539.579468 0.000000 0.408055 0.000000 -0.912957 0.679657 0.679657 0.679657
1689.273560 0.000000 1546.006714 0.000000 0.437757 0.000000 -0.899093 0.687095 0.687095 0.687095
1711.452637 0.000000 1575.057251 0.000000 0.106370 0.000000 -0.994327 0.751682 0.751682 0.751682
1669.865234 0.000000 1559.904175 0.000000 0.464556 0.000000 -0.885543 0.668219 0.668219 0.668219
1726.566406 0.000000 1580.706787 0.000000 0.558769 0.000000 -0.829323 0.660031 0.660031 0.660031
1670.769043 0.000000 1561.085449 0.000000 0.248453 0.000000 -0.968644 0.699034 0.699034 0.699034
1726.576294 0.000000 1537.341675 0.000000 0.816933 0.000000 -0.576732 0.674038 0.674038 0.674038
1715.676392 0.000000 1576.390625 0.000000 0.117560 0.000000 -0.993066 0.727982 0.727982 0.727982
1702.615479 0.000000 1570.455200 0.000000 0.820779 0.000000 -0.571246 0.589028 0.589028 0.589028
1672.482910 0.000000 1565.428223 0.000000 0.245311 0.000000 -0.969444 0.900472 0.900472 0.900472
1726.648682 0.000000 1530.044556 0.000000 0.769699 0.000000 -0.638407 0.763199 0.763199 0.763199
1683.108887 0.000000 1538.075439 0.000000 0.100717 0.000000 -0.994915 0.969208 0.969208 0.969208
1683.455444 0.000000 1544.178833 0.000000 0.134969 0.000000 -0.990850 0.807218 0.807218 0.807218
1720.844116 0.000000 1576.608521 0.000000 0.124675 0.000000 -0.992198 0.889453 0.889453 0.889453
1688.134033 0.000000 1541.543457 0.000000 0.075369 0.000000 -0.997156 0.782840 0.782840 0.782840
1686.291138 0.000000 1539.922852 0.000000 0.788914 0.000000 -0.614503 0.768362 0.768362 0.768362
1684.360107 0.000000 1543.459351 0.000000 0.611388 0.000000 -0.791331 0.992430 0.992430 0.992430
1718.354980 0.000000 1576.930176 0.000000 0.570693 0.000000 -0.821164 0.847283 0.847283 0.847283
1706.916016 0.000000 1575.689697 0.000000 0.138730 0.000000 -0.990330 0.918066 0.918066 0.918066
1680.389526 0.000000 1540.015015 0.000000 0.020893 0.000000 -0.999782 0.972367 0.972367 0.972367
1665.070068 0.000000 1578.587891 0.000000 0.445844 0.000000 -0.895111 0.804074 0.804074 0.804074
1669.281494 0.000000 1564.679443 0.000000 0.435100 0.000000 -0.900382 1.103658 1.103658 1.103658
1664.795654 0.000000 1573.959717 0.000000 0.678838 0.000000 -0.734288 0.936490 0.936490 0.936490
1727.109863 0.000000 1532.120850 0.000000 0.171564 0.000000 -0.985173 1.141096 1.141096 1.141096
1665.713989 0.000000 1566.623047 0.000000 0.014477 0.000000 -0.999895 1.099078 1.099078 1.099078
1727.645508 0.000000 1535.173828 0.000000 0.169650 0.000000 -0.985504 1.188551 1.188551 1.188551
1664.740479 0.000000 1560.214844 0.000000 0.649116 0.000000 -0.760689 1.055028 1.055028 1.055028
1664.930786 0.000000 1563.619507 0.000000 0.603456 0.000000 -0.797396 1.058758 1.058758 1.058758
1734.599243 0.000000 1578.179077 0.000000 0.501519 0.000000 -0.865147 0.730593 0.730593 0.730593
1732.956909 0.000000 1571.245239 0.000000 0.782226 0.000000 -0.622995 0.646333 0.646333 0.646333
1728.522339 0.000000 1540.780151 0.000000 0.832881 0.000000 -0.553452 0.624094 0.624094 0.624094
1737.939697 0.000000 1540.366577 0.000000 0.110639 0.000000 -0.993861 0.807802 0.807802 0.807802
1764.314209 0.000000 1578.473999 0.000000 0.707805 0.000000 -0.706408 0.661268 0.661268 0.661268
1757.269653 0.000000 1527.237549 0.000000 0.673595 0.000000 -0.739100 0.662276 0.662276 0.662276
1765.505493 0.000000 1580.765747 0.000000 0.548606 0.000000 -0.836081 0.697623 0.697623 0.697623
1754.413818 0.000000 1533.349609 0.000000 0.386198 0.000000 -0.922416 0.719436 0.719436 0.719436
1763.859863 0.000000 1530.760498 0.000000 0.773119 0.000000 -0.634261 0.628387 0.628387 0.628387
1728.314087 0.000000 1574.820190 0.000000 0.642840 0.000000 -0.766000 0.637571 0.637571 0.637571
1728.046631 0.000000 1579.841431 0.000000 0.825809 0.000000 -0.563949 0.598052 0.598052 0.598052
1730.359009 0.000000 1532.725342 0.000000 0.838407 0.000000 -0.545045 0.589153 0.589153 0.589153
1731.569946 0.000000 1538.722412 0.000000 0.420819 0.000000 -0.907145 0.808498 0.808498 0.808498
1733.635864 0.000000 1535.456177 0.000000 0.056703 0.000000 -0.998391 0.727363 0.727363 0.727363
1728.950073 0.000000 1536.160889 0.000000 0.419587 0.000000 -0.907715 1.036946 1.036946 1.036946
1733.718872 0.000000 1539.589966 0.000000 0.505530 0.000000 -0.862809 0.803668 0.803668 0.803668
1729.819946 0.000000 1533.569824 0.000000 0.743159 0.000000 -0.669115 0.968603 0.968603 0.968603
1730.820557 0.000000 1536.835449 0.000000 0.801891 0.000000 -0.597471 0.981798 0.981798 0.981798
1728.964233 0.000000 1535.170654 0.000000 0.576196 0.000000 -0.817311 1.113932 1.113932 1.113932
1642.157837 0.000000 1604.398804 0.000000 0.862917 0.000000 -0.505346 0.612490 0.612490 0.612490
1632.344604 0.000000 1619.880127 0.000000 0.432573 0.000000 -0.901599 0.741068 0.741068 0.741068
1660.880859 0.000000 1604.792236 0.000000 0.426291 0.000000 -0.904586 0.734095 0.734095 0.734095
1633.496704 0.000000 1605.793213 0.000000 0.850675 0.000000 -0.525692 0.613386 0.613386 0.613386
1635.024292 0.000000 1602.134644 0.000000 0.585761 0.000000 -0.810484 0.687201 0.687201 0.687201
1633.615479 0.000000 1635.658203 0.000000 0.718684 0.000000 -0.695337 0.651166 0.651166 0.651166
1634.286743 0.000000 1585.190186 0.000000 0.489357 0.000000 -0.872083 0.697975 0.697975 0.697975
1646.857178 0.000000 1587.066406 0.000000 0.705882 0.000000 -0.708330 0.640603 0.640603 0.640603
1632.666016 0.000000 1582.201416 0.000000 0.728884 0.000000 -0.684637 0.634140 0.634140 0.634140
1641.985107 0.000000 1602.499146 0.000000 0.614155 0.000000 -0.789186 0.669952 0.669952 0.669952
1645.137695 0.000000 1596.622559 0.000000 0.157043 0.000000 -0.987592 0.742894 0.742894 0.742894
1638.210083 0.000000 1615.062378 0.000000 0.773126 0.000000 -0.634253 0.621696 0.621696 0.621696
1651.249023 0.000000 1585.972778 0.000000 0.817444 0.000000 -0.576009 0.608269 0.608269 0.608269
1621.480591 0.000000 1585.320557 0.000000 0.119506 0.000000 -0.992833 0.742889 0.742889 0.742889
1654.014893 0.000000 1587.082642 0.000000 0.072582 0.000000 -0.997362 0.751903 0.751903 0.751903
1662.777100 0.000000 1601.990723 0.000000 0.201493 0.000000 -0.979490 0.739225 0.739225 0.739225
1640.332397 0.000000 1619.765503 0.000000 0.260627 0.000000 -0.965439 0.694329 0.694329 0.694329
1653.412354 0.000000 1584.358521 0.000000 0.409096 0.000000 -0.912492 0.689809 0.689809 0.689809
1652.128174 0.000000 1587.047852 0.000000 0.782159 0.000000 -0.623078 0.598998 0.598998 0.598998
1649.868164 0.000000 1586.003540 0.000000 0.131757 0.000000 -0.991282 0.710652 0.710652 0.710652
1652.297241 0.000000 1589.816406 0.000000 0.254512 0.000000 -0.967070 0.702156 0.702156 0.702156
1631.390869 0.000000 1585.504639 0.000000 0.456816 0.000000 -0.889561 0.683025 0.683025 0.683025
1650.878662 0.000000 1588.528809 0.000000 0.276841 0.000000 -0.960916 0.773613 0.773613 0.773613
1649.943604 0.000000 1589.758423 0.000000 0.339642 0.000000 -0.940555 0.806581 0.806581 0.806581
1642.814575 0.000000 1619.416016 0.000000 0.065347 0.000000 -0.997863 0.856510 0.856510 0.856510
1657.532715 0.000000 1653.021484 0.000000 0.175385 0.000000 -0.984500 0.777296 0.777296 0.777296
1663.211670 0.000000 1648.878662 0.000000 0.479010 0.000000 -0.877809 0.709813 0.709813 0.709813
1663.180664 0.000000 1644.148315 0.000000 0.033864 0.000000 -0.999426 0.761876 0.761876 0.761876
1660.241577 0.000000 1648.789307 0.000000 0.395520 0.000000 -0.918457 0.700105 0.700105 0.700105
1657.855957 0.000000 1646.869019 0.000000 0.088244 0.000000 -0.996099 0.739268 0.739268 0.739268
1658.513306 0.000000 1651.743286 0.000000 0.234753 0.000000 -0.972055 0.726272 0.726272 0.726272
1659.795532 0.000000 1644.897339 0.000000 0.439824 0.000000 -0.898084 0.713665 0.713665 0.713665
1659.234253 0.000000 1642.419067 0.000000 0.037226 0.000000 -0.999307 0.759872 0.759872 0.759872
1713.495239 0.000000 1581.662598 0.000000 0.003059 0.000000 -0.999995 0.823487 0.823487 0.823487
1670.202026 0.000000 1593.075317 0.000000 0.698789 0.000000 -0.715328 0.666263 0.666263 0.666263
1684.862061 0.000000 1630.229492 0.000000 0.020820 0.000000 -0.999783 0.820982 0.820982 0.820982
1669.178101 0.000000 1606.932495 0.000000 0.838151 0.000000 -0.545439 0.616015 0.616015 0.616015
1721.682983 0.000000 1583.718262 0.000000 0.144652 0.000000 -0.989483 0.783488 0.783488 0.783488
1701.593018 0.000000 1623.773193 0.000000 0.786470 0.000000 -0.617628 0.629387 0.629387 0.629387
1679.288574 0.000000 1596.100464 0.000000 0.643587 0.000000 -0.765373 0.658960 0.658960 0.658960
1695.343506 0.000000 1624.699341 0.000000 0.500309 0.000000 -0.865847 0.683075 0.683075 0.683075
1682.442993 0.000000 1597.941650 0.000000 0.087253 0.000000 -0.996186 0.773871 0.773871 0.773871
1676.826050 0.000000 1620.748657 0.000000 0.433261 0.000000 -0.901268 0.681204 0.681204 0.681204
1669.821167 0.000000 1599.168701 0.000000 0.678143 0.000000 -0.734930 0.626446 0.626446 0.626446
1668.648926 0.000000 1603.672485 0.000000 0.828799 0.000000 -0.559547 0.589175 0.589175 0.589175
1691.966187 0.000000 1630.831665 0.000000 0.767645 0.000000 -0.640875 0.603941 0.603941 0.603941
1689.114868 0.000000 1635.888916 0.000000 0.695244 0.000000 -0.718774 0.682019 0.682019 0.682019
1684.586182 0.000000 1620.866455 0.000000 0.499986 0.000000 -0.866034 0.655689 0.655689 0.655689
1689.668701 0.000000 1630.659302 0.000000 0.562804 0.000000 -0.826591 0.651946 0.651946 0.651946
1693.621216 0.000000 1618.709961 0.000000 0.343649 0.000000 -0.939098 0.690513 0.690513 0.690513
1679.355225 0.000000 1583.165771 0.000000 0.613554 0.000000 -0.789653 0.682481 0.682481 0.682481
1668.728394 0.000000 1601.808838 0.000000 0.855485 0.000000 -0.517828 0.611209 0.611209 0.611209
1686.916016 0.000000 1587.808594 0.000000 0.551593 0.000000 -0.834113 0.794989 0.794989 0.794989
1666.951050 0.000000 1603.663330 0.000000 0.532285 0.000000 -0.846565 0.788273 0.788273 0.788273
1699.054199 0.000000 1622.391846 0.000000 0.005291 0.000000 -0.999986 0.741133 0.741133 0.741133
1664.271973 0.000000 1602.517822 0.000000 0.442214 0.000000 -0.896910 0.724265 0.724265 0.724265
1682.405518 0.000000 1621.326660 0.000000 0.464763 0.000000 -0.885435 0.692828 0.692828 0.692828
1676.818481 0.000000 1586.989014 0.000000 0.752091 0.000000 -0.659059 0.852194 0.852194 0.852194
1680.442261 0.000000 1622.370117 0.000000 0.750741 0.000000 -0.660597 0.767887 0.767887 0.767887
1683.108887 0.000000 1594.559814 0.000000 0.100578 0.000000 -0.994929 0.861643 0.861643 0.861643
1666.524048 0.000000 1602.063599 0.000000 0.690327 0.000000 -0.723498 0.756309 0.756309 0.756309
1678.774048 0.000000 1595.119629 0.000000 0.192328 0.000000 -0.981331 0.878427 0.878427 0.878427
1681.996094 0.000000 1582.529663 0.000000 0.108587 0.000000 -0.994087 1.015815 1.015815 1.015815
1678.657104 0.000000 1622.415527 0.000000 0.026537 0.000000 -0.999648 0.936303 0.936303 0.936303
1683.869141 0.000000 1590.830444 0.000000 0.566968 0.000000 -0.823740 1.123158 1.123158 1.123158
1682.540649 0.000000 1590.347656 0.000000 0.422347 0.000000 -0.906434 1.146912 1.146912 1.146912
1683.207031 0.000000 1588.951660 0.000000 0.540541 0.000000 -0.841317 1.126539 1.126539 1.126539
1680.515503 0.000000 1592.028320 0.000000 0.644243 0.000000 -0.764821 1.080217 1.080217 1.080217
1680.750732 0.000000 1590.244507 0.000000 0.025827 0.000000 -0.999666 1.170097 1.170097 1.170097
1683.747803 0.000000 1583.478027 0.000000 0.358832 0.000000 -0.933402 1.116075 1.116075 1.116075
1684.721802 0.000000 1585.782471 0.000000 0.809854 0.000000 -0.586631 1.065263 1.065263 1.065263
1680.563477 0.000000 1593.025879 0.000000 0.070655 0.000000 -0.997501 1.138192 1.138192 1.138192
1679.439819 0.000000 1589.152588 0.000000 0.407790 0.000000 -0.913076 1.133592 1.133592 1.133592
1679.052368 0.000000 1593.089233 0.000000 0.412965 0.000000 -0.910747 1.140303 1.140303 1.140303
1681.132812 0.000000 1589.286133 0.000000 0.725566 0.000000 -0.688153 1.101747 1.101747 1.101747
1682.436157 0.000000 1587.064941 0.000000 0.767104 0.000000 -0.641522 1.044339 1.044339 1.044339
1769.897095 0.000000 1581.590820 0.000000 0.598348 0.000000 -0.801236 0.698028 0.698028 0.698028
1772.817139 0.000000 1591.088501 0.000000 0.767430 0.000000 -0.641132 0.647256 0.647256 0.647256
1761.496704 0.000000 1605.793213 0.000000 0.715448 0.000000 -0.698666 0.657293 0.657293 0.657293
1787.596436 0.000000 1598.088867 0.000000 0.192184 0.000000 -0.981359 0.779056 0.779056 0.779056
1770.151367 0.000000 1624.074097 0.000000 0.579772 0.000000 -0.814779 0.684381 0.684381 0.684381
1758.946777 0.000000 1594.801514 0.000000 0.125522 0.000000 -0.992091 0.788409 0.788409 0.788409
1776.863892 0.000000 1626.038452 0.000000 0.055061 0.000000 -0.998483 0.784370 0.784370 0.784370
1760.666016 0.000000 1582.201416 0.000000 0.803855 0.000000 -0.594825 0.619043 0.619043 0.619043
1782.224854 0.000000 1596.741211 0.000000 0.653644 0.000000 -0.756802 0.650121 0.650121 0.650121
1770.998291 0.000000 1618.229492 0.000000 0.074433 0.000000 -0.997226 0.739263 0.739263 0.739263
1769.198730 0.000000 1617.570557 0.000000 0.567992 0.000000 -0.823034 0.661825 0.661825 0.661825
1775.751465 0.000000 1619.122681 0.000000 0.862666 0.000000 -0.505773 0.580028 0.580028 0.580028
1790.039429 0.000000 1622.022827 0.000000 0.493197 0.000000 -0.869918 0.678187 0.678187 0.678187
1762.905884 0.000000 1616.943481 0.000000 0.587891 0.000000 -0.808940 0.643627 0.643627 0.643627
1767.334595 0.000000 1621.320801 0.000000 0.532931 0.000000 -0.846159 0.702906 0.702906 0.702906
1776.730957 0.000000 1587.715576 0.000000 0.267822 0.000000 -0.963468 0.690300 0.690300 0.690300
1784.781006 0.000000 1595.510376 0.000000 0.612154 0.000000 -0.790738 0.767557 0.767557 0.767557
1778.554443 0.000000 1618.806519 0.000000 0.185378 0.000000 -0.982667 0.714363 0.714363 0.714363
1778.150146 0.000000 1590.848999 0.000000 0.731889 0.000000 -0.681424 0.772400 0.772400 0.772400
1768.788330 0.000000 1596.448730 0.000000 0.861828 0.000000 -0.507201 0.757453 0.757453 0.757453
1765.009521 0.000000 1587.624268 0.000000 0.699242 0.000000 -0.714885 0.769716 0.769716 0.769716
1769.102051 0.000000 1588.822632 0.000000 0.441128 0.000000 -0.897444 0.696812 0.696812 0.696812
1765.939209 0.000000 1616.963745 0.000000 0.377439 0.000000 -0.926035 0.898014 0.898014 0.898014
1764.907471 0.000000 1618.646606 0.000000 0.199371 0.000000 -0.979924 0.861585 0.861585 0.861585
1766.864258 0.000000 1618.940063 0.000000 0.133652 0.000000 -0.991028 0.903541 0.903541 0.903541
1779.963013 0.000000 1625.046509 0.000000 0.811811 0.000000 -0.583920 0.797178 0.797178 0.797178
1766.974487 0.000000 1617.651367 0.000000 0.524402 0.000000 -0.851471 0.810482 0.810482 0.810482
1782.973877 0.000000 1589.408936 0.000000 0.411803 0.000000 -0.911273 0.836123 0.836123 0.836123
1775.634277 0.000000 1621.445312 0.000000 0.028758 0.000000 -0.999586 1.005125 1.005125 1.005125
1762.781006 0.000000 1593.232422 0.000000 0.047256 0.000000 -0.998883 1.110506 1.110506 1.110506
1782.640503 0.000000 1592.800781 0.000000 0.809741 0.000000 -0.586787 0.817534 0.817534 0.817534
1764.410767 0.000000 1586.355713 0.000000 0.547028 0.000000 -0.837114 0.801031 0.801031 0.801031
1769.650879 0.000000 1586.635010 0.000000 0.616282 0.000000 -0.787526 0.921266 0.921266 0.921266
1763.124390 0.000000 1594.929932 0.000000 0.553283 0.000000 -0.832994 1.070384 1.070384 1.070384
1771.332275 0.000000 1587.425903 0.000000 0.584495 0.000000 -0.811397 0.893946 0.893946 0.893946
1770.778687 0.000000 1599.367920 0.000000 0.462998 0.000000 -0.886359 1.144421 1.144421 1.144421
1763.887817 0.000000 1599.482666 0.000000 0.079798 0.000000 -0.996811 1.130588 1.130588 1.130588
1763.053345 0.000000 1596.889404 0.000000 0.648270 0.000000 -0.761411 1.025747 1.025747 1.025747
1771.229126 0.000000 1598.413574 0.000000 0.005677 0.000000 -0.999984 1.207483 1.207483 1.207483
1767.345947 0.000000 1601.839844 0.000000 0.618483 0.000000 -0.785798 1.057549 1.057549 1.057549
1763.953125 0.000000 1596.518921 0.000000 0.683640 0.000000 -0.729820 1.018426 1.018426 1.018426
1777.265381 0.000000 1622.126587 0.000000 0.407062 0.000000 -0.913401 1.126784 1.126784 1.126784
1766.727905 0.000000 1600.133423 0.000000 0.543369 0.000000 -0.839494 1.063430 1.063430 1.063430
1768.742065 0.000000 1601.346191 0.000000 0.666049 0.000000 -0.745908 1.071252 1.071252 1.071252
1689.026123 0.000000 1638.294800 0.000000 0.736150 0.000000 -0.676818 0.647275 0.647275 0.647275
1690.746094 0.000000 1638.073853 0.000000 0.624623 0.000000 -0.780927 0.649338 0.649338 0.649338
1691.986084 0.000000 1648.804932 0.000000 0.751640 0.000000 -0.659573 0.618947 0.618947 0.618947
1684.914795 0.000000 1645.768799 0.000000 0.640051 0.000000 -0.768333 0.632894 0.632894 0.632894
1687.642456 0.000000 1645.465942 0.000000 0.663588 0.000000 -0.748098 0.756932 0.756932 0.756932
1691.100952 0.000000 1647.200195 0.000000 0.167696 0.000000 -0.985839 0.887651 0.887651 0.887651
1689.362671 0.000000 1644.254517 0.000000 0.002032 0.000000 -0.999998 0.950432 0.950432 0.950432
1678.198364 0.000000 1646.759277 0.000000 0.198942 0.000000 -0.980011 0.967661 0.967661 0.967661
1677.108032 0.000000 1649.695923 0.000000 0.335760 0.000000 -0.941948 0.864777 0.864777 0.864777
1686.024780 0.000000 1649.336182 0.000000 0.620069 0.000000 -0.784547 1.122273 1.122273 1.122273
1689.222534 0.000000 1646.279419 0.000000 0.022909 0.000000 -0.999738 1.143413 1.143413 1.143413
1680.515503 0.000000 1648.512695 0.000000 0.612232 0.000000 -0.790678 1.078544 1.078544 1.078544
1680.563477 0.000000 1649.510254 0.000000 0.114752 0.000000 -0.993394 1.125389 1.125389 1.125389
1683.333618 0.000000 1649.952881 0.000000 0.738576 0.000000 -0.674170 1.047100 1.047100 1.047100
1653.811401 0.000000 1735.830322 0.000000 0.097112 0.000000 -0.995273 0.815084 0.815084 0.815084
1636.314209 0.000000 1747.927124 0.000000 0.535055 0.000000 -0.844817 0.706116 0.706116 0.706116
1640.504761 0.000000 1737.924927 0.000000 0.337900 0.000000 -0.941182 0.730038 0.730038 0.730038
1642.572388 0.000000 1744.110107 0.000000 0.714089 0.000000 -0.700055 0.644329 0.644329 0.644329
1639.001709 0.000000 1744.850708 0.000000 0.345385 0.000000 -0.938461 0.680189 0.680189 0.680189
1651.779053 0.000000 1740.111938 0.000000 0.815064 0.000000 -0.579371 0.591408 0.591408 0.591408
1649.451660 0.000000 1740.226318 0.000000 0.205381 0.000000 -0.978682 0.902021 0.902021 0.902021
1645.730347 0.000000 1742.472168 0.000000 0.837111 0.000000 -0.547034 0.658110 0.658110 0.658110
1647.026245 0.000000 1741.131348 0.000000 0.283159 0.000000 -0.959073 1.042134 1.042134 1.042134
1638.685913 0.000000 1742.417603 0.000000 0.830810 0.000000 -0.556556 1.006222 1.006222 1.006222
1636.157715 0.000000 1741.394775 0.000000 0.702137 0.000000 -0.712042 0.912319 0.912319 0.912319
1636.942749 0.000000 1743.058105 0.000000 0.201658 0.000000 -0.979456 1.059927 1.059927 1.059927
1640.486938 0.000000 1743.508911 0.000000 0.801752 0.000000 -0.597656 0.944669 0.944669 0.944669
1649.540405 0.000000 1738.305420 0.000000 0.810778 0.000000 -0.585354 0.885328 0.885328 0.885328
1646.279663 0.000000 1740.464600 0.000000 0.674064 0.000000 -0.738673 0.970243 0.970243 0.970243
1640.733887 0.000000 1742.004028 0.000000 0.163810 0.000000 -0.986492 1.066029 1.066029 1.066029
1649.098145 0.000000 1765.391602 0.000000 0.535342 0.000000 -0.844635 0.709814 0.709814 0.709814
1659.279419 0.000000 1776.217163 0.000000 0.691041 0.000000 -0.722816 0.666090 0.666090 0.666090
1640.628784 0.000000 1757.155884 0.000000 0.003899 0.000000 -0.999992 0.808057 0.808057 0.808057
1657.029419 0.000000 1757.452393 0.000000 0.009564 0.000000 -0.999954 0.791742 0.791742 0.791742
1652.201538 0.000000 1757.963623 0.000000 0.861816 0.000000 -0.507221 0.602194 0.602194 0.602194
1654.093628 0.000000 1775.282959 0.000000 0.312512 0.000000 -0.949914 0.725691 0.725691 0.725691
1651.232544 0.000000 1770.369507 0.000000 0.094371 0.000000 -0.995537 0.759283 0.759283 0.759283
1651.356323 0.000000 1773.190918 0.000000 0.099342 0.000000 -0.995053 0.750692 0.750692 0.750692
1657.095215 0.000000 1774.795288 0.000000 0.517313 0.000000 -0.855797 0.675005 0.675005 0.675005
1646.218384 0.000000 1769.892090 0.000000 0.642384 0.000000 -0.766383 0.631125 0.631125 0.631125
1643.276611 0.000000 1762.979980 0.000000 0.856642 0.000000 -0.515911 0.914870 0.914870 0.914870
1644.707520 0.000000 1765.073242 0.000000 0.657676 0.000000 -0.753301 0.824393 0.824393 0.824393
2286.857178 0.000000 1530.582031 0.000000 0.379389 0.000000 -0.925237 0.720813 0.720813 0.720813
2289.566406 0.000000 1532.260742 0.000000 0.076802 0.000000 -0.997046 0.756786 0.756786 0.756786
2284.527832 0.000000 1533.061890 0.000000 0.796078 0.000000 -0.605194 0.606373 0.606373 0.606373
2285.066406 0.000000 1530.676514 0.000000 0.579646 0.000000 -0.814869 0.659443 0.659443 0.659443
2334.667969 0.000000 1504.975098 0.000000 0.468766 0.000000 -0.883323 0.714524 0.714524 0.714524
2337.958740 0.000000 1508.822754 0.000000 0.332875 0.000000 -0.942971 0.730116 0.730116 0.730116
2336.219238 0.000000 1514.749390 0.000000 0.584358 0.000000 -0.811496 0.662727 0.662727 0.662727
2355.251709 0.000000 1517.757812 0.000000 0.821953 0.000000 -0.569555 0.588727 0.588727 0.588727
2337.452148 0.000000 1506.137573 0.000000 0.793002 0.000000 -0.609219 0.597880 0.597880 0.597880
2355.779053 0.000000 1514.174438 0.000000 0.381108 0.000000 -0.924531 0.788880 0.788880 0.788880
2353.451660 0.000000 1514.288818 0.000000 0.300408 0.000000 -0.953811 0.881032 0.881032 0.881032
2332.483643 0.000000 1511.529175 0.000000 0.288413 0.000000 -0.957506 0.793584 0.793584 0.793584
2335.471680 0.000000 1513.876099 0.000000 0.079652 0.000000 -0.996823 0.854234 0.854234 0.854234
2360.234619 0.000000 1526.821045 0.000000 0.380996 0.000000 -0.924577 0.690442 0.690442 0.690442
2370.422363 0.000000 1538.144409 0.000000 0.303705 0.000000 -0.952766 0.691435 0.691435 0.691435
2372.280762 0.000000 1534.227295 0.000000 0.666427 0.000000 -0.745570 0.650442 0.650442 0.650442
2382.447510 0.000000 1526.060791 0.000000 0.620070 0.000000 -0.784546 0.939498 0.939498 0.939498
2370.820557 0.000000 1536.835449 0.000000 0.833549 0.000000 -0.552445 1.050774 1.050774 1.050774
2933.236328 0.000000 1492.474487 0.000000 0.785117 0.000000 -0.619348 1.013476 1.013476 1.013476
2977.639404 0.000000 1498.631348 0.000000 0.282227 0.000000 -0.959348 0.783362 0.783362 0.783362
2973.260010 0.000000 1502.863037 0.000000 0.847710 0.000000 -0.530460 0.612861 0.612861 0.612861
2973.201660 0.000000 1501.260376 0.000000 0.078300 0.000000 -0.996930 0.759881 0.759881 0.759881
2975.819336 0.000000 1501.329590 0.000000 0.729176 0.000000 -0.684326 0.700886 0.700886 0.700886
2979.633789 0.000000 1501.667603 0.000000 0.773582 0.000000 -0.633696 0.841899 0.841899 0.841899
2947.138672 0.000000 1507.850342 0.000000 0.399827 0.000000 -0.916591 0.894070 0.894070 0.894070
2948.335205 0.000000 1505.282593 0.000000 0.092920 0.000000 -0.995674 1.140561 1.140561 1.140561
2965.300781 0.000000 1510.068970 0.000000 0.417856 0.000000 -0.908513 1.072556 1.072556 1.072556
2967.427002 0.000000 1511.176270 0.000000 0.445589 0.000000 -0.895238 1.070599 1.070599 1.070599
463.784637 0.000000 2018.775757 0.000000 0.334108 0.000000 -0.942535 0.746456 0.746456 0.746456
458.770081 0.000000 2020.292358 0.000000 0.018727 0.000000 -0.999825 1.119188 1.119188 1.119188
460.126648 0.000000 2021.893433 0.000000 0.611125 0.000000 -0.791534 0.907929 0.907929 0.907929
499.585114 0.000000 2007.016968 0.000000 0.509917 0.000000 -0.860224 1.065935 1.065935 1.065935
463.128845 0.000000 2020.873779 0.000000 0.399963 0.000000 -0.916531 1.073805 1.073805 1.073805
498.769836 0.000000 2007.084961 0.000000 0.584822 0.000000 -0.811162 1.060233 1.060233 1.060233
545.452271 0.000000 1958.012573 0.000000 0.638505 0.000000 -0.769618 0.641092 0.641092 0.641092
554.916077 0.000000 1971.080322 0.000000 0.341554 0.000000 -0.939862 0.884163 0.884163 0.884163
565.460388 0.000000 1960.787231 0.000000 0.650248 0.000000 -0.759722 0.989095 0.989095 0.989095
545.564270 0.000000 1965.023804 0.000000 0.025726 0.000000 -0.999669 1.190302 1.190302 1.190302
561.540344 0.000000 1964.242920 0.000000 0.076127 0.000000 -0.997098 1.127013 1.127013 1.127013
556.897766 0.000000 1967.362915 0.000000 0.654272 0.000000 -0.756260 1.096987 1.096987 1.096987
552.903137 0.000000 1957.347046 0.000000 0.534200 0.000000 -0.845358 1.043209 1.043209 1.043209
561.371460 0.000000 1959.535645 0.000000 0.702383 0.000000 -0.711799 1.084831 1.084831 1.084831
562.872437 0.000000 1960.142456 0.000000 0.701718 0.000000 -0.712455 1.077804 1.077804 1.077804
556.260010 0.000000 1963.291504 0.000000 0.042928 0.000000 -0.999078 1.133884 1.133884 1.133884
557.703186 0.000000 1963.491943 0.000000 0.110842 0.000000 -0.993838 1.127914 1.127914 1.127914
561.989319 0.000000 1961.724854 0.000000 0.252829 0.000000 -0.967511 1.083728 1.083728 1.083728
1528.254761 0.000000 2137.304199 0.000000 0.332499 0.000000 -0.943103 0.724655 0.724655 0.724655
1562.534668 0.000000 2088.232910 0.000000 0.861952 0.000000 -0.506989 0.593780 0.593780 0.593780
1562.746094 0.000000 2089.948975 0.000000 0.252900 0.000000 -0.967492 0.731962 0.731962 0.731962
1846.093628 0.000000 2114.189209 0.000000 0.749997 0.000000 -0.661441 0.631267 0.631267 0.631267
1873.551270 0.000000 2123.863770 0.000000 0.746959 0.000000 -0.664871 0.623928 0.623928 0.623928
1876.461060 0.000000 2121.146484 0.000000 0.121200 0.000000 -0.992628 0.744774 0.744774 0.744774
1874.831909 0.000000 2134.099609 0.000000 0.652263 0.000000 -0.757993 0.669493 0.669493 0.669493
1961.985107 0.000000 2167.342773 0.000000 0.834192 0.000000 -0.551474 0.610030 0.610030 0.610030
1963.041992 0.000000 2166.485107 0.000000 0.248823 0.000000 -0.968549 0.698120 0.698120 0.698120
1966.414673 0.000000 2169.119141 0.000000 0.764477 0.000000 -0.644651 0.940143 0.940143 0.940143
1969.437866 0.000000 2164.976807 0.000000 0.533584 0.000000 -0.845747 1.106445 1.106445 1.106445
1383.443970 0.000000 2327.148682 0.000000 0.549202 0.000000 -0.835690 0.705632 0.705632 0.705632
1419.038818 0.000000 2304.384277 0.000000 0.620412 0.000000 -0.784276 1.013358 1.013358 1.013358
1288.260498 0.000000 2437.833740 0.000000 0.641728 0.000000 -0.766932 0.682969 0.682969 0.682969
2141.245361 0.000000 1843.334839 0.000000 0.055353 0.000000 -0.998467 0.734376 0.734376 0.734376
2134.202637 0.000000 1845.027710 0.000000 0.637409 0.000000 -0.770526 1.110580 1.110580 1.110580
2137.615723 0.000000 1836.194824 0.000000 0.786086 0.000000 -0.618117 1.042421 1.042421 1.042421
2131.692383 0.000000 1838.309448 0.000000 0.733768 0.000000 -0.679401 1.047552 1.047552 1.047552
2130.357910 0.000000 1838.183472 0.000000 0.758831 0.000000 -0.651288 1.045154 1.045154 1.045154
2133.139404 0.000000 1843.575562 0.000000 0.604678 0.000000 -0.796470 1.119391 1.119391 1.119391
2134.842773 0.000000 1843.209961 0.000000 0.145841 0.000000 -0.989308 1.188832 1.188832 1.188832
2137.538574 0.000000 1837.875854 0.000000 0.194555 0.000000 -0.980892 1.087535 1.087535 1.087535
2130.906250 0.000000 1839.615967 0.000000 0.066089 0.000000 -0.997814 1.095790 1.095790 1.095790
2090.287842 0.000000 2007.635376 0.000000 0.821515 0.000000 -0.570186 0.607016 0.607016 0.607016
2083.731201 0.000000 2006.716553 0.000000 0.545353 0.000000 -0.838206 1.063279 1.063279 1.063279
2086.255615 0.000000 2008.447266 0.000000 0.633392 0.000000 -0.773831 1.073564 1.073564 1.073564
2208.099609 0.000000 2013.772705 0.000000 0.684655 0.000000 -0.728867 0.640986 0.640986 0.640986
2404.410645 0.000000 2038.230713 0.000000 0.741093 0.000000 -0.671403 0.874348 0.874348 0.874348
2402.693115 0.000000 2041.499268 0.000000 0.447165 0.000000 -0.894452 1.141803 1.141803 1.141803
4048.003174 0.000000 2343.162109 0.000000 0.103984 0.000000 -0.994579 0.799327 0.799327 0.799327
4053.670898 0.000000 2342.943604 0.000000 0.368743 0.000000 -0.929531 0.785620 0.785620 0.785620
4045.813477 0.000000 2340.900391 0.000000 0.607136 0.000000 -0.794598 0.768563 0.768563 0.768563
4605.858887 0.000000 1073.124512 0.000000 0.666763 0.000000 -0.745270 0.990216 0.990216 0.990216
4603.533691 0.000000 1078.777954 0.000000 0.845305 0.000000 -0.534283 0.608284 0.608284 0.608284
4617.889160 0.000000 1071.983765 0.000000 0.809814 0.000000 -0.586687 0.632185 0.632185 0.632185
4618.837402 0.000000 1068.326904 0.000000 0.531516 0.000000 -0.847048 0.673676 0.673676 0.673676
4612.650391 0.000000 1054.494873 0.000000 0.318567 0.000000 -0.947900 0.721740 0.721740 0.721740
4621.189453 0.000000 1044.759399 0.000000 0.242653 0.000000 -0.970113 0.768024 0.768024 0.768024
4619.246582 0.000000 1071.446777 0.000000 0.273997 0.000000 -0.961730 1.016431 1.016431 1.016431
4613.291992 0.000000 1060.511841 0.000000 0.328597 0.000000 -0.944470 1.129118 1.129118 1.129118
4618.321289 0.000000 1070.999023 0.000000 0.234816 0.000000 -0.972040 1.022936 1.022936 1.022936
4622.374512 0.000000 1052.364136 0.000000 0.822881 0.000000 -0.568214 1.071062 1.071062 1.071062
4630.294922 0.000000 1080.676270 0.000000 0.847578 0.000000 -0.530671 0.609978 0.609978 0.609978
4624.534668 0.000000 1087.030884 0.000000 0.128728 0.000000 -0.991680 0.716980 0.716980 0.716980
4627.023926 0.000000 1087.457642 0.000000 0.597043 0.000000 -0.802209 0.821883 0.821883 0.821883
4627.108887 0.000000 1086.200439 0.000000 0.283292 0.000000 -0.959034 0.878810 0.878810 0.878810
4632.195801 0.000000 1076.330566 0.000000 0.662402 0.000000 -0.749149 0.808286 0.808286 0.808286
4620.104980 0.000000 1084.598755 0.000000 0.634360 0.000000 -0.773038 0.888591 0.888591 0.888591
4326.151855 0.000000 1452.433228 0.000000 0.456317 0.000000 -0.889817 0.703339 0.703339 0.703339
4332.932129 0.000000 1449.297974 0.000000 0.537089 0.000000 -0.843526 0.680263 0.680263 0.680263
4333.685059 0.000000 1448.329102 0.000000 0.171486 0.000000 -0.985187 0.739569 0.739569 0.739569
4329.351074 0.000000 1450.848511 0.000000 0.811205 0.000000 -0.584762 0.742189 0.742189 0.742189
4331.986328 0.000000 1448.977783 0.000000 0.187702 0.000000 -0.982226 0.979153 0.979153 0.979153
4358.113770 0.000000 1451.067871 0.000000 0.230140 0.000000 -0.973157 0.778206 0.778206 0.778206
4354.786133 0.000000 1447.010010 0.000000 0.210577 0.000000 -0.977577 0.777287 0.777287 0.777287
4356.047852 0.000000 1466.557983 0.000000 0.382115 0.000000 -0.924115 1.061037 1.061037 1.061037
4356.918945 0.000000 1466.989502 0.000000 0.771024 0.000000 -0.636806 0.984974 0.984974 0.984974
6431.085938 0.000000 1532.707031 0.000000 0.572869 0.000000 -0.819647 0.701848 0.701848 0.701848
6439.698242 0.000000 1527.036377 0.000000 0.572080 0.000000 -0.820198 0.666034 0.666034 0.666034
6432.117676 0.000000 1535.268555 0.000000 0.172420 0.000000 -0.985023 1.088968 1.088968 1.088968
6441.614258 0.000000 1527.950439 0.000000 0.539150 0.000000 -0.842210 1.063749 1.063749 1.063749
6440.486816 0.000000 1526.760254 0.000000 0.112814 0.000000 -0.993616 1.092803 1.092803 1.092803
6441.322266 0.000000 1529.226074 0.000000 0.263804 0.000000 -0.964576 1.083005 1.083005 1.083005
6441.985840 0.000000 1527.204468 0.000000 0.754016 0.000000 -0.656857 1.045623 1.045623 1.045623
6812.691406 0.000000 1460.201660 0.000000 0.475923 0.000000 -0.879487 0.719356 0.719356 0.719356
6778.382812 0.000000 1559.954834 0.000000 0.700658 0.000000 -0.713498 0.622875 0.622875 0.622875
6817.595215 0.000000 1473.205200 0.000000 0.382759 0.000000 -0.923848 1.141000 1.141000 1.141000
6817.903320 0.000000 1475.004517 0.000000 0.815689 0.000000 -0.578490 0.987373 0.987373 0.987373
6818.382324 0.000000 1471.305176 0.000000 0.499001 0.000000 -0.866602 1.066740 1.066740 1.066740
6819.451172 0.000000 1472.039551 0.000000 0.192429 0.000000 -0.981311 1.087673 1.087673 1.087673
6818.423340 0.000000 1473.323120 0.000000 0.425950 0.000000 -0.904746 1.071988 1.071988 1.071988
6819.710938 0.000000 1470.538452 0.000000 0.488339 0.000000 -0.872654 1.067521 1.067521 1.067521
6881.961426 0.000000 1478.405029 0.000000 0.233588 0.000000 -0.972336 0.917560 0.917560 0.917560
6903.181152 0.000000 1483.421753 0.000000 0.851464 0.000000 -0.524413 1.064911 1.064911 1.064911
7226.394531 0.000000 1704.258789 0.000000 0.156401 0.000000 -0.987694 0.930330 0.930330 0.930330
7223.523438 0.000000 1705.473633 0.000000 0.692220 0.000000 -0.721686 1.016601 1.016601 1.016601
7223.332031 0.000000 1704.374268 0.000000 0.429014 0.000000 -0.903298 1.066174 1.066174 1.066174
7225.017578 0.000000 1705.154175 0.000000 0.307310 0.000000 -0.951609 1.080114 1.080114 1.080114
7806.566406 0.000000 1637.191162 0.000000 0.659663 0.000000 -0.751562 0.624522 0.624522 0.624522
7808.926758 0.000000 1637.074341 0.000000 0.815435 0.000000 -0.578849 0.855073 0.855073 0.855073
7808.976074 0.000000 1638.567139 0.000000 0.485876 0.000000 -0.874028 0.666861 0.666861 0.666861
7935.301758 0.000000 1682.145020 0.000000 0.344930 0.000000 -0.938628 0.800354 0.800354 0.800354
7791.470703 0.000000 1777.868286 0.000000 0.865368 0.000000 -0.501136 0.761308 0.761308 0.761308
7982.145508 0.000000 1681.869873 0.000000 0.677685 0.000000 -0.735352 0.646961 0.646961 0.646961
7955.023926 0.000000 1652.301392 0.000000 0.105456 0.000000 -0.994424 0.724406 0.724406 0.724406
7952.371094 0.000000 1657.576294 0.000000 0.163526 0.000000 -0.986539 0.786071 0.786071 0.786071
7937.279785 0.000000 1683.121216 0.000000 0.342820 0.000000 -0.939401 1.077724 1.077724 1.077724
5296.720703 0.000000 1894.028198 0.000000 0.720965 0.000000 -0.692972 0.620703 0.620703 0.620703
5280.928711 0.000000 1879.975586 0.000000 0.648207 0.000000 -0.761465 0.681065 0.681065 0.681065
5300.092285 0.000000 1895.719604 0.000000 0.066590 0.000000 -0.997780 1.180508 1.180508 1.180508
5342.356445 0.000000 1906.668335 0.000000 0.626258 0.000000 -0.779616 1.003127 1.003127 1.003127
5317.930176 0.000000 1900.385620 0.000000 0.197123 0.000000 -0.980379 1.188098 1.188098 1.188098
5225.246582 0.000000 2138.233643 0.000000 0.022429 0.000000 -0.999748 0.821809 0.821809 0.821809
7895.871582 0.000000 1959.949829 0.000000 0.804416 0.000000 -0.594066 0.632206 0.632206 0.632206
"}
