object={
	name="pine_sparse_generator_3_0"
	clamp_to_water_level=no
	render_under_water=no
	generated_content=yes
	layer="semidynamic_high"
	pdxmesh="tree_fir_001_mesh"
	count=708
	transform="1456.587158 0.000000 1350.066650 0.000000 0.097609 0.000000 0.995225 0.394525 0.394525 0.394525
1444.175659 0.000000 1354.055298 0.000000 0.267183 0.000000 0.963646 0.454433 0.454433 0.454433
1479.561523 0.000000 1350.114502 0.000000 0.568944 0.000000 0.822376 0.391091 0.391091 0.391091
1485.842407 0.000000 1350.618408 0.000000 0.345316 0.000000 0.938487 0.409212 0.409212 0.409212
1525.498657 0.000000 1336.616821 0.000000 0.164916 0.000000 0.986308 0.411613 0.411613 0.411613
1480.076660 0.000000 1348.580078 0.000000 0.184812 0.000000 0.982774 0.452808 0.452808 0.452808
1539.856934 0.000000 1349.212524 0.000000 0.250645 0.000000 0.968079 0.382568 0.382568 0.382568
1542.827515 0.000000 1355.139526 0.000000 0.408556 0.000000 0.912733 0.384440 0.384440 0.384440
1392.736572 0.000000 1402.311890 0.000000 0.306046 0.000000 0.952017 0.401342 0.401342 0.401342
1398.766602 0.000000 1400.225586 0.000000 0.558920 0.000000 0.829221 0.435027 0.435027 0.435027
1392.143311 0.000000 1408.041626 0.000000 0.316808 0.000000 0.948490 0.448273 0.448273 0.448273
1407.022949 0.000000 1466.274902 0.000000 0.515029 0.000000 0.857173 0.385860 0.385860 0.385860
1395.450317 0.000000 1464.948608 0.000000 0.014386 0.000000 0.999897 0.416214 0.416214 0.416214
1396.960205 0.000000 1462.168457 0.000000 0.104811 0.000000 0.994492 0.421266 0.421266 0.421266
1404.552368 0.000000 1441.528564 0.000000 0.163297 0.000000 0.986577 0.443549 0.443549 0.443549
1397.067017 0.000000 1465.312256 0.000000 0.495982 0.000000 0.868333 0.517029 0.517029 0.517029
1401.721436 0.000000 1466.229614 0.000000 0.148289 0.000000 0.988944 0.523834 0.523834 0.523834
1439.881958 0.000000 1358.274414 0.000000 0.236946 0.000000 0.971523 0.381583 0.381583 0.381583
1451.536621 0.000000 1369.188110 0.000000 0.427317 0.000000 0.904102 0.397870 0.397870 0.397870
1446.302734 0.000000 1368.691650 0.000000 0.251254 0.000000 0.967921 0.395074 0.395074 0.395074
1416.816650 0.000000 1403.633301 0.000000 0.352604 0.000000 0.935773 0.407526 0.407526 0.407526
1444.845703 0.000000 1401.604858 0.000000 0.498054 0.000000 0.867146 0.399060 0.399060 0.399060
1449.198730 0.000000 1391.633057 0.000000 0.076258 0.000000 0.997088 0.445438 0.445438 0.445438
1464.193359 0.000000 1408.075806 0.000000 0.444904 0.000000 0.895578 0.490535 0.490535 0.490535
1488.020752 0.000000 1399.853271 0.000000 0.548881 0.000000 0.835901 0.387200 0.387200 0.387200
1498.548950 0.000000 1396.938110 0.000000 0.042286 0.000000 0.999106 0.380004 0.380004 0.380004
1484.406494 0.000000 1356.573364 0.000000 0.304859 0.000000 0.952397 0.382748 0.382748 0.382748
1486.936279 0.000000 1402.196899 0.000000 0.352268 0.000000 0.935899 0.396654 0.396654 0.396654
1483.631714 0.000000 1372.141357 0.000000 0.091143 0.000000 0.995838 0.392648 0.392648 0.392648
1524.288452 0.000000 1376.455078 0.000000 0.451073 0.000000 0.892487 0.412854 0.412854 0.412854
1494.173218 0.000000 1394.966553 0.000000 0.276404 0.000000 0.961042 0.415257 0.415257 0.415257
1496.535400 0.000000 1390.668579 0.000000 0.255119 0.000000 0.966910 0.423855 0.423855 0.423855
1494.662964 0.000000 1390.516235 0.000000 0.316299 0.000000 0.948660 0.450053 0.450053 0.450053
1492.371582 0.000000 1392.163086 0.000000 0.199347 0.000000 0.979929 0.447776 0.447776 0.447776
1490.458496 0.000000 1390.720947 0.000000 0.331788 0.000000 0.943354 0.450361 0.450361 0.450361
1514.936646 0.000000 1408.125244 0.000000 0.167512 0.000000 0.985870 0.448935 0.448935 0.448935
1434.516602 0.000000 1450.888306 0.000000 0.451688 0.000000 0.892176 0.384811 0.384811 0.384811
1428.471069 0.000000 1433.934937 0.000000 0.394120 0.000000 0.919059 0.383703 0.383703 0.383703
1416.162109 0.000000 1431.830200 0.000000 0.565123 0.000000 0.825007 0.398399 0.398399 0.398399
1427.258667 0.000000 1451.002930 0.000000 0.539384 0.000000 0.842060 0.399781 0.399781 0.399781
1419.567871 0.000000 1452.262695 0.000000 0.462561 0.000000 0.886588 0.398457 0.398457 0.398457
1412.679565 0.000000 1426.345703 0.000000 0.554892 0.000000 0.831923 0.400057 0.400057 0.400057
1421.842407 0.000000 1463.587158 0.000000 0.232442 0.000000 0.972610 0.430602 0.430602 0.430602
1425.633179 0.000000 1460.938232 0.000000 0.456134 0.000000 0.889911 0.440220 0.440220 0.440220
1431.874878 0.000000 1444.185181 0.000000 0.522192 0.000000 0.852828 0.448866 0.448866 0.448866
1445.460205 0.000000 1443.444580 0.000000 0.503515 0.000000 0.863986 0.439362 0.439362 0.439362
1422.515747 0.000000 1462.056030 0.000000 0.516335 0.000000 0.856387 0.459660 0.459660 0.459660
1422.478760 0.000000 1456.589966 0.000000 0.241731 0.000000 0.970343 0.453927 0.453927 0.453927
1430.076782 0.000000 1453.895142 0.000000 0.494265 0.000000 0.869311 0.459168 0.459168 0.459168
1441.198730 0.000000 1446.960449 0.000000 0.363201 0.000000 0.931711 0.468927 0.468927 0.468927
1439.819336 0.000000 1444.845215 0.000000 0.408114 0.000000 0.912931 0.611917 0.611917 0.611917
1439.658936 0.000000 1447.643066 0.000000 0.443746 0.000000 0.896153 0.508452 0.508452 0.508452
1441.111572 0.000000 1445.629028 0.000000 0.318240 0.000000 0.948010 0.521204 0.521204 0.521204
1436.055420 0.000000 1438.634155 0.000000 0.520343 0.000000 0.853958 0.542899 0.542899 0.542899
1432.386353 0.000000 1441.827637 0.000000 0.550530 0.000000 0.834815 0.556432 0.556432 0.556432
1534.127319 0.000000 1429.549316 0.000000 0.360561 0.000000 0.932736 0.384216 0.384216 0.384216
1508.176392 0.000000 1456.129028 0.000000 0.013493 0.000000 0.999909 0.379316 0.379316 0.379316
1522.278564 0.000000 1442.818237 0.000000 0.077414 0.000000 0.996999 0.379570 0.379570 0.379570
1535.940552 0.000000 1431.558838 0.000000 0.426943 0.000000 0.904278 0.388743 0.388743 0.388743
1490.112671 0.000000 1438.301025 0.000000 0.456158 0.000000 0.889899 0.398349 0.398349 0.398349
1492.737915 0.000000 1412.112305 0.000000 0.497456 0.000000 0.867489 0.399050 0.399050 0.399050
1481.306274 0.000000 1437.783936 0.000000 0.333836 0.000000 0.942631 0.396362 0.396362 0.396362
1534.998657 0.000000 1436.090942 0.000000 0.389487 0.000000 0.921032 0.397252 0.397252 0.397252
1509.382812 0.000000 1439.691406 0.000000 0.106865 0.000000 0.994273 0.403562 0.403562 0.403562
1487.150513 0.000000 1465.720337 0.000000 0.193893 0.000000 0.981023 0.392403 0.392403 0.392403
1478.226929 0.000000 1456.684326 0.000000 0.203460 0.000000 0.979083 0.401512 0.401512 0.401512
1514.287964 0.000000 1442.791626 0.000000 0.474217 0.000000 0.880408 0.438767 0.438767 0.438767
1487.409668 0.000000 1452.269531 0.000000 0.039144 0.000000 0.999234 0.416627 0.416627 0.416627
1489.633179 0.000000 1460.938232 0.000000 0.479447 0.000000 0.877571 0.426131 0.426131 0.426131
1478.203369 0.000000 1449.404663 0.000000 0.317604 0.000000 0.948223 0.421361 0.421361 0.421361
1478.216797 0.000000 1459.341309 0.000000 0.238934 0.000000 0.971036 0.423573 0.423573 0.423573
1486.515747 0.000000 1462.056030 0.000000 0.012987 0.000000 0.999916 0.428490 0.428490 0.428490
1475.273560 0.000000 1436.942627 0.000000 0.035333 0.000000 0.999376 0.446418 0.446418 0.446418
1507.868042 0.000000 1427.950195 0.000000 0.050390 0.000000 0.998730 0.439690 0.439690 0.439690
1483.846924 0.000000 1416.356567 0.000000 0.436488 0.000000 0.899710 0.461525 0.461525 0.461525
1520.308105 0.000000 1465.973145 0.000000 0.134195 0.000000 0.990955 0.479925 0.479925 0.479925
1522.359985 0.000000 1463.856567 0.000000 0.404226 0.000000 0.914659 0.564271 0.564271 0.564271
1512.307739 0.000000 1443.701904 0.000000 0.317622 0.000000 0.948218 0.482199 0.482199 0.482199
1525.469116 0.000000 1460.799683 0.000000 0.028867 0.000000 0.999583 0.554977 0.554977 0.554977
1404.194946 0.000000 1504.182861 0.000000 0.059167 0.000000 0.998248 0.392170 0.392170 0.392170
1406.127319 0.000000 1542.518066 0.000000 0.241079 0.000000 0.970505 0.382570 0.382570 0.382570
1398.928345 0.000000 1541.963135 0.000000 0.128630 0.000000 0.991693 0.379843 0.379843 0.379843
1395.473267 0.000000 1565.456055 0.000000 0.514828 0.000000 0.857293 0.385754 0.385754 0.385754
1420.652466 0.000000 1494.020630 0.000000 0.522725 0.000000 0.852501 0.386545 0.386545 0.386545
1441.615479 0.000000 1522.689453 0.000000 0.448709 0.000000 0.893678 0.387261 0.387261 0.387261
1409.116211 0.000000 1505.093018 0.000000 0.241949 0.000000 0.970289 0.389532 0.389532 0.389532
1448.632446 0.000000 1508.228882 0.000000 0.452765 0.000000 0.891630 0.394639 0.394639 0.394639
1470.808594 0.000000 1496.621216 0.000000 0.554289 0.000000 0.832324 0.394522 0.394522 0.394522
1419.567871 0.000000 1508.747070 0.000000 0.038267 0.000000 0.999268 0.382981 0.382981 0.382981
1448.552612 0.000000 1521.444946 0.000000 0.327631 0.000000 0.944806 0.396264 0.396264 0.396264
1410.422852 0.000000 1496.993408 0.000000 0.063513 0.000000 0.997981 0.392235 0.392235 0.392235
1427.108398 0.000000 1478.570923 0.000000 0.477489 0.000000 0.878638 0.398709 0.398709 0.398709
1438.427490 0.000000 1506.880981 0.000000 0.122908 0.000000 0.992418 0.409150 0.409150 0.409150
1417.040405 0.000000 1510.118286 0.000000 0.051536 0.000000 0.998671 0.422124 0.422124 0.422124
1425.260742 0.000000 1511.158081 0.000000 0.562439 0.000000 0.826839 0.447918 0.447918 0.447918
1433.614136 0.000000 1520.329468 0.000000 0.086576 0.000000 0.996245 0.457918 0.457918 0.457918
1455.139038 0.000000 1482.511963 0.000000 0.373471 0.000000 0.927642 0.456590 0.456590 0.456590
1430.880737 0.000000 1509.156982 0.000000 0.402071 0.000000 0.915608 0.464384 0.464384 0.464384
1426.752686 0.000000 1514.947876 0.000000 0.069952 0.000000 0.997550 0.595247 0.595247 0.595247
1428.586182 0.000000 1507.897705 0.000000 0.066334 0.000000 0.997797 0.455767 0.455767 0.455767
1423.887817 0.000000 1516.331055 0.000000 0.261444 0.000000 0.965219 0.551250 0.551250 0.551250
1418.106323 0.000000 1517.140381 0.000000 0.246175 0.000000 0.969225 0.480609 0.480609 0.480609
1433.036621 0.000000 1512.829102 0.000000 0.149928 0.000000 0.988697 0.561893 0.561893 0.561893
1430.251587 0.000000 1524.968506 0.000000 0.336102 0.000000 0.941826 0.511048 0.511048 0.511048
1434.950439 0.000000 1513.452515 0.000000 0.449354 0.000000 0.893354 0.565689 0.565689 0.565689
1424.364136 0.000000 1522.165161 0.000000 0.415663 0.000000 0.909519 0.496996 0.496996 0.496996
1500.263916 0.000000 1477.889771 0.000000 0.372253 0.000000 0.928131 0.384085 0.384085 0.384085
1512.221680 0.000000 1489.036987 0.000000 0.036206 0.000000 0.999344 0.379005 0.379005 0.379005
1482.448364 0.000000 1472.198730 0.000000 0.443825 0.000000 0.896114 0.384801 0.384801 0.384801
1496.982788 0.000000 1472.467651 0.000000 0.084934 0.000000 0.996387 0.379747 0.379747 0.379747
1477.178101 0.000000 1493.963745 0.000000 0.061347 0.000000 0.998117 0.379199 0.379199 0.379199
1483.910645 0.000000 1496.276733 0.000000 0.231351 0.000000 0.972870 0.387574 0.387574 0.387574
1524.752563 0.000000 1514.991089 0.000000 0.208978 0.000000 0.977920 0.406971 0.406971 0.406971
1486.121460 0.000000 1470.612183 0.000000 0.312800 0.000000 0.949819 0.410472 0.410472 0.410472
1519.881714 0.000000 1481.326294 0.000000 0.376627 0.000000 0.926365 0.397044 0.397044 0.397044
1501.993286 0.000000 1483.391602 0.000000 0.488159 0.000000 0.872755 0.424475 0.424475 0.424475
1532.552368 0.000000 1498.012939 0.000000 0.456501 0.000000 0.889723 0.461960 0.461960 0.461960
1527.001831 0.000000 1503.628418 0.000000 0.241534 0.000000 0.970392 0.459252 0.459252 0.459252
1531.589600 0.000000 1501.158691 0.000000 0.493928 0.000000 0.869503 0.504371 0.504371 0.504371
1471.419312 0.000000 1546.950195 0.000000 0.220169 0.000000 0.975462 0.382692 0.382692 0.382692
1434.516602 0.000000 1563.857056 0.000000 0.217931 0.000000 0.975964 0.381178 0.381178 0.381178
1419.910645 0.000000 1552.761108 0.000000 0.570169 0.000000 0.821527 0.387421 0.387421 0.387421
1443.886841 0.000000 1555.702637 0.000000 0.103005 0.000000 0.994681 0.392826 0.392826 0.392826
1441.051514 0.000000 1557.269653 0.000000 0.340794 0.000000 0.940138 0.391035 0.391035 0.391035
1462.447144 0.000000 1574.287598 0.000000 0.258392 0.000000 0.966040 0.395184 0.395184 0.395184
1413.887573 0.000000 1555.906738 0.000000 0.060499 0.000000 0.998168 0.392190 0.392190 0.392190
1461.193481 0.000000 1564.413086 0.000000 0.265984 0.000000 0.963977 0.402503 0.402503 0.402503
1456.736572 0.000000 1571.765015 0.000000 0.445042 0.000000 0.895510 0.412747 0.412747 0.412747
1410.200317 0.000000 1541.697388 0.000000 0.384369 0.000000 0.923179 0.404432 0.404432 0.404432
1410.838379 0.000000 1576.376465 0.000000 0.399071 0.000000 0.916920 0.435480 0.435480 0.435480
1416.076660 0.000000 1574.517578 0.000000 0.552419 0.000000 0.833567 0.455005 0.455005 0.455005
1415.451538 0.000000 1572.795898 0.000000 0.269627 0.000000 0.962965 0.511153 0.511153 0.511153
1414.432007 0.000000 1570.970703 0.000000 0.416284 0.000000 0.909235 0.527369 0.527369 0.527369
1418.229004 0.000000 1569.346069 0.000000 0.404886 0.000000 0.914367 0.573121 0.573121 0.573121
1429.606323 0.000000 1525.905762 0.000000 0.289689 0.000000 0.957121 0.497520 0.497520 0.497520
1473.116211 0.000000 1561.577393 0.000000 0.479773 0.000000 0.877393 0.385925 0.385925 0.385925
1474.523438 0.000000 1539.493042 0.000000 0.252116 0.000000 0.967697 0.389684 0.389684 0.389684
1472.164185 0.000000 1581.417236 0.000000 0.110950 0.000000 0.993826 0.392945 0.392945 0.392945
1533.061157 0.000000 1525.634399 0.000000 0.303786 0.000000 0.952740 0.395889 0.395889 0.395889
1476.206177 0.000000 1527.333008 0.000000 0.007291 0.000000 0.999973 0.387855 0.387855 0.387855
1505.958618 0.000000 1565.307129 0.000000 0.153391 0.000000 0.988166 0.398943 0.398943 0.398943
1488.326904 0.000000 1547.745117 0.000000 0.401419 0.000000 0.915895 0.397446 0.397446 0.397446
1510.302734 0.000000 1538.144775 0.000000 0.281025 0.000000 0.959701 0.390121 0.390121 0.390121
1486.008911 0.000000 1544.823242 0.000000 0.091096 0.000000 0.995842 0.392647 0.392647 0.392647
1509.990845 0.000000 1561.715454 0.000000 0.140204 0.000000 0.990123 0.414765 0.414765 0.414765
1479.352905 0.000000 1537.779419 0.000000 0.113664 0.000000 0.993519 0.433798 0.433798 0.433798
1476.650269 0.000000 1562.854248 0.000000 0.352688 0.000000 0.935741 0.434599 0.434599 0.434599
1484.962891 0.000000 1555.198853 0.000000 0.408550 0.000000 0.912736 0.432044 0.432044 0.432044
1508.175659 0.000000 1579.992798 0.000000 0.059841 0.000000 0.998208 0.450387 0.450387 0.450387
1479.681641 0.000000 1563.996216 0.000000 0.129483 0.000000 0.991582 0.444680 0.444680 0.444680
1478.769043 0.000000 1561.085449 0.000000 0.582580 0.000000 0.812774 0.461184 0.461184 0.461184
1476.648926 0.000000 1547.188110 0.000000 0.304215 0.000000 0.952604 0.480121 0.480121 0.480121
1517.920898 0.000000 1566.402100 0.000000 0.138208 0.000000 0.990403 0.462463 0.462463 0.462463
1480.591797 0.000000 1551.837280 0.000000 0.360794 0.000000 0.932646 0.490316 0.490316 0.490316
1508.453857 0.000000 1566.504639 0.000000 0.103588 0.000000 0.994620 0.475768 0.475768 0.475768
1517.109253 0.000000 1576.485962 0.000000 0.010539 0.000000 0.999944 0.540843 0.540843 0.540843
1480.640381 0.000000 1548.177856 0.000000 0.359140 0.000000 0.933284 0.499185 0.499185 0.499185
1514.916016 0.000000 1575.689697 0.000000 0.092242 0.000000 0.995737 0.551651 0.551651 0.551651
1393.916626 0.000000 1599.352539 0.000000 0.144906 0.000000 0.989445 0.381567 0.381567 0.381567
1384.581299 0.000000 1611.826904 0.000000 0.063452 0.000000 0.997985 0.392234 0.392234 0.392234
1377.051514 0.000000 1613.754028 0.000000 0.561996 0.000000 0.827140 0.400185 0.400185 0.400185
1369.637573 0.000000 1618.259888 0.000000 0.548334 0.000000 0.836259 0.399940 0.399940 0.399940
1375.860107 0.000000 1629.395996 0.000000 0.306355 0.000000 0.951917 0.395929 0.395929 0.395929
1371.789307 0.000000 1673.226562 0.000000 0.458666 0.000000 0.888609 0.436640 0.436640 0.436640
1380.916992 0.000000 1689.788086 0.000000 0.222329 0.000000 0.974972 0.433986 0.433986 0.433986
1366.173218 0.000000 1677.388428 0.000000 0.039344 0.000000 0.999226 0.416630 0.416630 0.416630
1377.783813 0.000000 1681.611084 0.000000 0.335331 0.000000 0.942100 0.434274 0.434274 0.434274
1388.179810 0.000000 1641.469849 0.000000 0.160949 0.000000 0.986963 0.438194 0.438194 0.438194
1371.110962 0.000000 1675.656250 0.000000 0.006815 0.000000 0.999977 0.485830 0.485830 0.485830
1369.036621 0.000000 1682.282227 0.000000 0.015710 0.000000 0.999877 0.544392 0.544392 0.544392
1376.533813 0.000000 1693.117920 0.000000 0.344163 0.000000 0.938910 0.502377 0.502377 0.502377
1370.048218 0.000000 1684.573853 0.000000 0.448701 0.000000 0.893682 0.481631 0.481631 0.481631
1368.553345 0.000000 1686.520386 0.000000 0.194648 0.000000 0.980873 0.530250 0.530250 0.530250
1370.086426 0.000000 1688.809326 0.000000 0.266029 0.000000 0.963965 0.547889 0.547889 0.547889
1369.893555 0.000000 1682.841553 0.000000 0.355594 0.000000 0.934640 0.553980 0.553980 0.553980
1373.838013 0.000000 1691.137695 0.000000 0.176800 0.000000 0.984247 0.567852 0.567852 0.567852
1456.015381 0.000000 1609.343994 0.000000 0.073457 0.000000 0.997298 0.379815 0.379815 0.379815
1455.774780 0.000000 1600.751099 0.000000 0.230264 0.000000 0.973128 0.389357 0.389357 0.389357
1469.061157 0.000000 1582.118774 0.000000 0.329162 0.000000 0.944274 0.396288 0.396288 0.396288
1416.383423 0.000000 1603.426270 0.000000 0.122485 0.000000 0.992470 0.385977 0.385977 0.385977
1434.413818 0.000000 1589.833984 0.000000 0.512971 0.000000 0.858406 0.404819 0.404819 0.404819
1465.029419 0.000000 1587.999268 0.000000 0.329100 0.000000 0.944295 0.396287 0.396287 0.396287
1468.870728 0.000000 1588.954956 0.000000 0.159861 0.000000 0.987140 0.395469 0.395469 0.395469
1437.381714 0.000000 1612.157715 0.000000 0.281428 0.000000 0.959582 0.418934 0.418934 0.418934
1409.897461 0.000000 1604.354004 0.000000 0.465746 0.000000 0.884918 0.433146 0.433146 0.433146
1469.121704 0.000000 1597.787476 0.000000 0.002815 0.000000 0.999996 0.440563 0.440563 0.440563
1413.380859 0.000000 1581.720581 0.000000 0.120528 0.000000 0.992710 0.458593 0.458593 0.458593
1463.532715 0.000000 1606.172363 0.000000 0.207864 0.000000 0.978158 0.453259 0.453259 0.453259
1468.552368 0.000000 1610.981689 0.000000 0.125601 0.000000 0.992081 0.444607 0.444607 0.444607
1462.872070 0.000000 1601.947876 0.000000 0.163021 0.000000 0.986623 0.452383 0.452383 0.452383
1513.246460 0.000000 1629.874268 0.000000 0.397342 0.000000 0.917671 0.384332 0.384332 0.384332
1516.193481 0.000000 1602.507080 0.000000 0.233924 0.000000 0.972255 0.381474 0.381474 0.381474
1476.256348 0.000000 1637.078247 0.000000 0.179419 0.000000 0.983773 0.380839 0.380839 0.380839
1516.424194 0.000000 1634.108521 0.000000 0.246015 0.000000 0.969266 0.382383 0.382383 0.382383
1479.561523 0.000000 1632.536377 0.000000 0.339599 0.000000 0.940570 0.396453 0.396453 0.396453
1496.281860 0.000000 1603.577637 0.000000 0.040101 0.000000 0.999196 0.391885 0.391885 0.391885
1472.164185 0.000000 1637.901611 0.000000 0.404692 0.000000 0.914453 0.397499 0.397499 0.397499
1474.305054 0.000000 1582.912354 0.000000 0.514880 0.000000 0.857262 0.399351 0.399351 0.399351
1486.324707 0.000000 1605.450439 0.000000 0.475508 0.000000 0.879712 0.398675 0.398675 0.398675
1486.008911 0.000000 1601.307617 0.000000 0.030564 0.000000 0.999533 0.391743 0.391743 0.391743
1511.873657 0.000000 1618.349976 0.000000 0.520327 0.000000 0.853967 0.414115 0.414115 0.414115
1513.985107 0.000000 1602.499146 0.000000 0.172496 0.000000 0.985010 0.406385 0.406385 0.406385
1510.210083 0.000000 1615.062378 0.000000 0.520534 0.000000 0.853841 0.437888 0.437888 0.437888
1475.098755 0.000000 1599.686523 0.000000 0.139142 0.000000 0.990272 0.443096 0.443096 0.443096
1504.099487 0.000000 1618.382080 0.000000 0.171509 0.000000 0.985183 0.454315 0.454315 0.454315
1477.906494 0.000000 1608.151245 0.000000 0.189103 0.000000 0.981957 0.461732 0.461732 0.461732
1474.696289 0.000000 1611.205078 0.000000 0.100277 0.000000 0.994960 0.507031 0.507031 0.507031
1502.440186 0.000000 1611.626343 0.000000 0.148607 0.000000 0.988896 0.504710 0.504710 0.504710
1459.521606 0.000000 1666.055786 0.000000 0.469063 0.000000 0.883165 0.385838 0.385838 0.385838
1441.456543 0.000000 1651.971802 0.000000 0.219975 0.000000 0.975506 0.381948 0.381948 0.381948
1421.152710 0.000000 1683.277954 0.000000 0.060537 0.000000 0.998166 0.379489 0.379489 0.379489
1460.968994 0.000000 1642.404785 0.000000 0.059950 0.000000 0.998201 0.379481 0.379481 0.379481
1437.269653 0.000000 1640.206299 0.000000 0.002381 0.000000 0.999997 0.382468 0.382468 0.382468
1429.939941 0.000000 1663.380249 0.000000 0.331240 0.000000 0.943546 0.396321 0.396321 0.396321
1413.887573 0.000000 1668.875488 0.000000 0.062398 0.000000 0.998051 0.390441 0.390441 0.390441
1412.679565 0.000000 1652.283203 0.000000 0.472907 0.000000 0.881112 0.394972 0.394972 0.394972
1452.434570 0.000000 1649.825562 0.000000 0.202062 0.000000 0.979373 0.399698 0.399698 0.399698
1466.542236 0.000000 1687.217896 0.000000 0.268283 0.000000 0.963340 0.416914 0.416914 0.416914
1434.396606 0.000000 1648.084595 0.000000 0.294615 0.000000 0.955616 0.428140 0.428140 0.428140
1464.204712 0.000000 1648.307739 0.000000 0.449604 0.000000 0.893228 0.429199 0.429199 0.429199
1467.498169 0.000000 1685.080933 0.000000 0.285865 0.000000 0.958270 0.456589 0.456589 0.456589
1430.478638 0.000000 1685.953369 0.000000 0.395870 0.000000 0.918306 0.457056 0.457056 0.457056
1473.602173 0.000000 1668.420166 0.000000 0.527169 0.000000 0.849760 0.386563 0.386563 0.386563
1490.931519 0.000000 1669.373047 0.000000 0.481488 0.000000 0.876453 0.398777 0.398777 0.398777
1473.116211 0.000000 1674.546143 0.000000 0.251939 0.000000 0.967743 0.395084 0.395084 0.395084
1496.466675 0.000000 1664.570923 0.000000 0.304720 0.000000 0.952442 0.395904 0.395904 0.395904
1506.304321 0.000000 1654.146729 0.000000 0.010242 0.000000 0.999948 0.391440 0.391440 0.391440
1501.291748 0.000000 1649.337891 0.000000 0.313771 0.000000 0.949499 0.388810 0.388810 0.388810
1473.798950 0.000000 1687.985962 0.000000 0.462228 0.000000 0.886761 0.409406 0.409406 0.409406
1531.459473 0.000000 1647.406982 0.000000 0.483244 0.000000 0.875486 0.418909 0.418909 0.418909
1533.973755 0.000000 1642.022095 0.000000 0.268575 0.000000 0.963259 0.450897 0.450897 0.450897
1516.378174 0.000000 1638.543091 0.000000 0.363113 0.000000 0.931745 0.450989 0.450989 0.450989
1473.437988 0.000000 1676.007446 0.000000 0.064766 0.000000 0.997900 0.438198 0.438198 0.438198
1473.717041 0.000000 1682.492065 0.000000 0.421132 0.000000 0.906999 0.477393 0.477393 0.477393
1509.430054 0.000000 1642.514160 0.000000 0.197989 0.000000 0.980204 0.451294 0.451294 0.451294
1368.466675 0.000000 1721.055298 0.000000 0.511192 0.000000 0.859466 0.399287 0.399287 0.399287
1378.304321 0.000000 1710.631104 0.000000 0.304489 0.000000 0.952516 0.395900 0.395900 0.395900
1372.897827 0.000000 1716.170166 0.000000 0.076689 0.000000 0.997055 0.392432 0.392432 0.392432
1382.058228 0.000000 1710.833740 0.000000 0.054404 0.000000 0.998519 0.413350 0.413350 0.413350
1386.500732 0.000000 1709.316772 0.000000 0.017366 0.000000 0.999849 0.442581 0.442581 0.442581
1388.925659 0.000000 1711.098633 0.000000 0.217736 0.000000 0.976008 0.453454 0.453454 0.453454
1588.449829 0.000000 1444.869873 0.000000 0.096852 0.000000 0.995299 0.381088 0.381088 0.381088
1566.385010 0.000000 1453.704102 0.000000 0.102024 0.000000 0.994782 0.407038 0.407038 0.407038
1593.560059 0.000000 1462.753418 0.000000 0.286531 0.000000 0.958071 0.436952 0.436952 0.436952
1565.201782 0.000000 1444.776001 0.000000 0.215247 0.000000 0.976560 0.448081 0.448081 0.448081
1570.905884 0.000000 1447.490356 0.000000 0.183228 0.000000 0.983070 0.459847 0.459847 0.459847
1574.914307 0.000000 1454.891479 0.000000 0.570341 0.000000 0.821408 0.482790 0.482790 0.482790
1579.522339 0.000000 1454.213135 0.000000 0.057266 0.000000 0.998359 0.548958 0.548958 0.548958
1581.920898 0.000000 1453.433350 0.000000 0.535275 0.000000 0.844678 0.586389 0.586389 0.586389
1589.717285 0.000000 1457.591675 0.000000 0.471274 0.000000 0.881987 0.482166 0.482166 0.482166
1587.779053 0.000000 1457.690063 0.000000 0.094754 0.000000 0.995501 0.498222 0.498222 0.498222
1577.350952 0.000000 1450.848511 0.000000 0.066387 0.000000 0.997794 0.571388 0.571388 0.571388
1536.173096 0.000000 1470.418335 0.000000 0.279630 0.000000 0.960108 0.382901 0.382901 0.382901
1543.290527 0.000000 1511.438843 0.000000 0.493310 0.000000 0.869853 0.385989 0.385989 0.385989
1582.967163 0.000000 1483.970581 0.000000 0.246254 0.000000 0.969205 0.382387 0.382387 0.382387
1582.877930 0.000000 1522.017212 0.000000 0.180984 0.000000 0.983486 0.402947 0.402947 0.402947
1581.137695 0.000000 1483.653809 0.000000 0.444846 0.000000 0.895607 0.427292 0.427292 0.427292
1564.682983 0.000000 1538.512085 0.000000 0.514188 0.000000 0.857677 0.386310 0.386310 0.386310
1549.897339 0.000000 1568.186035 0.000000 0.061982 0.000000 0.998077 0.393988 0.393988 0.393988
1550.936279 0.000000 1571.650024 0.000000 0.001098 0.000000 0.999999 0.387764 0.387764 0.387764
1557.358154 0.000000 1548.970825 0.000000 0.103585 0.000000 0.994621 0.451230 0.451230 0.451230
1561.273560 0.000000 1546.006714 0.000000 0.345554 0.000000 0.938399 0.466757 0.466757 0.466757
1558.003174 0.000000 1554.294434 0.000000 0.137222 0.000000 0.990540 0.462443 0.462443 0.462443
1553.638672 0.000000 1566.376587 0.000000 0.351902 0.000000 0.936037 0.595953 0.595953 0.595953
1539.928833 0.000000 1611.694458 0.000000 0.526376 0.000000 0.850252 0.385789 0.385789 0.385789
1554.130249 0.000000 1626.655762 0.000000 0.072759 0.000000 0.997350 0.379911 0.379911 0.379911
1545.114258 0.000000 1611.676270 0.000000 0.201164 0.000000 0.979558 0.399684 0.399684 0.399684
1542.226929 0.000000 1626.137451 0.000000 0.452412 0.000000 0.891809 0.414700 0.414700 0.414700
1544.825562 0.000000 1616.071533 0.000000 0.215769 0.000000 0.976444 0.453415 0.453415 0.453415
1550.121460 0.000000 1640.065308 0.000000 0.032291 0.000000 0.999479 0.391769 0.391769 0.391769
635.742432 0.000000 2635.958252 0.000000 0.507540 0.000000 0.861628 0.386156 0.386156 0.386156
631.341309 0.000000 2649.573242 0.000000 0.574146 0.000000 0.818753 0.389335 0.389335 0.389335
630.407288 0.000000 2651.316895 0.000000 0.367141 0.000000 0.930165 0.405958 0.405958 0.405958
600.763733 0.000000 2685.496826 0.000000 0.274859 0.000000 0.961485 0.382642 0.382642 0.382642
631.474670 0.000000 2659.836182 0.000000 0.145826 0.000000 0.989310 0.380156 0.380156 0.380156
609.615417 0.000000 2708.861328 0.000000 0.566628 0.000000 0.823973 0.400268 0.400268 0.400268
632.122925 0.000000 2658.109131 0.000000 0.583711 0.000000 0.811961 0.428202 0.428202 0.428202
594.458496 0.000000 2689.861572 0.000000 0.444543 0.000000 0.895757 0.443612 0.443612 0.443612
632.193359 0.000000 2707.216553 0.000000 0.516963 0.000000 0.856008 0.477834 0.477834 0.477834
627.779053 0.000000 2700.346191 0.000000 0.512889 0.000000 0.858455 0.614054 0.614054 0.614054
637.468506 0.000000 2703.252197 0.000000 0.398639 0.000000 0.917108 0.558798 0.558798 0.558798
629.727783 0.000000 2701.329834 0.000000 0.074684 0.000000 0.997207 0.581840 0.581840 0.581840
686.271301 0.000000 2635.569824 0.000000 0.399282 0.000000 0.916828 0.384998 0.384998 0.384998
684.877319 0.000000 2632.068115 0.000000 0.037668 0.000000 0.999290 0.379638 0.379638 0.379638
672.693359 0.000000 2650.269531 0.000000 0.225505 0.000000 0.974242 0.381823 0.381823 0.381823
659.958191 0.000000 2604.993896 0.000000 0.315543 0.000000 0.948911 0.382964 0.382964 0.382964
698.085754 0.000000 2645.439941 0.000000 0.297784 0.000000 0.954633 0.382583 0.382583 0.382583
686.584106 0.000000 2647.061768 0.000000 0.566982 0.000000 0.823730 0.391057 0.391057 0.391057
684.435303 0.000000 2634.256348 0.000000 0.352627 0.000000 0.935764 0.391219 0.391219 0.391219
686.326477 0.000000 2609.399414 0.000000 0.224340 0.000000 0.974511 0.394661 0.394661 0.394661
687.881775 0.000000 2611.013672 0.000000 0.331663 0.000000 0.943398 0.396327 0.396327 0.396327
660.110352 0.000000 2611.918945 0.000000 0.038175 0.000000 0.999271 0.404252 0.404252 0.404252
682.445190 0.000000 2637.137207 0.000000 0.107795 0.000000 0.994173 0.449553 0.449553 0.449553
658.552002 0.000000 2610.173828 0.000000 0.050737 0.000000 0.998712 0.455460 0.455460 0.455460
666.272827 0.000000 2626.364746 0.000000 0.127950 0.000000 0.991781 0.451702 0.451702 0.451702
669.699402 0.000000 2653.884766 0.000000 0.553174 0.000000 0.833065 0.455022 0.455022 0.455022
667.966125 0.000000 2647.550537 0.000000 0.561525 0.000000 0.827460 0.493479 0.493479 0.493479
640.003845 0.000000 2640.361084 0.000000 0.014120 0.000000 0.999900 0.454741 0.454741 0.454741
641.581055 0.000000 2633.525146 0.000000 0.305622 0.000000 0.952153 0.496126 0.496126 0.496126
677.796326 0.000000 2630.724121 0.000000 0.415078 0.000000 0.909786 0.582272 0.582272 0.582272
676.907471 0.000000 2635.365234 0.000000 0.271207 0.000000 0.962521 0.535785 0.535785 0.535785
677.083374 0.000000 2634.310791 0.000000 0.256651 0.000000 0.966504 0.535391 0.535391 0.535391
725.435974 0.000000 2649.579102 0.000000 0.490532 0.000000 0.871423 0.385683 0.385683 0.385683
709.178101 0.000000 2623.651367 0.000000 0.114744 0.000000 0.993395 0.379720 0.379720 0.379720
709.887573 0.000000 2629.109863 0.000000 0.230567 0.000000 0.973056 0.394756 0.394756 0.394756
721.929260 0.000000 2651.496826 0.000000 0.268035 0.000000 0.963409 0.565386 0.565386 0.565386
682.699829 0.000000 2695.144531 0.000000 0.439705 0.000000 0.898142 0.384850 0.384850 0.384850
646.656677 0.000000 2703.583496 0.000000 0.107092 0.000000 0.994249 0.380343 0.380343 0.380343
640.956543 0.000000 2695.885498 0.000000 0.510270 0.000000 0.860014 0.386419 0.386419 0.386419
697.397339 0.000000 2692.916016 0.000000 0.348536 0.000000 0.937295 0.383138 0.383138 0.383138
703.035522 0.000000 2696.373779 0.000000 0.356235 0.000000 0.934396 0.396718 0.396718 0.396718
688.601685 0.000000 2659.607910 0.000000 0.430128 0.000000 0.902768 0.390619 0.390619 0.390619
699.060547 0.000000 2697.357910 0.000000 0.356104 0.000000 0.934446 0.393088 0.393088 0.393088
701.359436 0.000000 2675.839111 0.000000 0.296835 0.000000 0.954929 0.392168 0.392168 0.392168
685.664185 0.000000 2661.761230 0.000000 0.489372 0.000000 0.872075 0.398911 0.398911 0.398911
701.048584 0.000000 2694.031006 0.000000 0.144629 0.000000 0.989486 0.393451 0.393451 0.393451
683.631287 0.000000 2698.315430 0.000000 0.334361 0.000000 0.942445 0.425260 0.425260 0.425260
672.219360 0.000000 2700.921143 0.000000 0.466935 0.000000 0.884292 0.463999 0.463999 0.463999
693.482849 0.000000 2656.087891 0.000000 0.520040 0.000000 0.854142 0.454283 0.454283 0.454283
696.549988 0.000000 2676.741455 0.000000 0.322119 0.000000 0.946699 0.439414 0.439414 0.439414
680.255310 0.000000 2699.652344 0.000000 0.231058 0.000000 0.972940 0.441271 0.441271 0.441271
685.661743 0.000000 2705.020996 0.000000 0.038187 0.000000 0.999271 0.507268 0.507268 0.507268
703.335266 0.000000 2680.995117 0.000000 0.420541 0.000000 0.907274 0.600070 0.600070 0.600070
698.078369 0.000000 2684.038330 0.000000 0.077918 0.000000 0.996960 0.640911 0.640911 0.640911
701.768066 0.000000 2681.963867 0.000000 0.287378 0.000000 0.957817 0.650591 0.650591 0.650591
700.820068 0.000000 2685.427246 0.000000 0.160448 0.000000 0.987044 0.644695 0.644695 0.644695
703.012207 0.000000 2683.947754 0.000000 0.124363 0.000000 0.992237 0.635967 0.635967 0.635967
703.786316 0.000000 2682.225342 0.000000 0.236457 0.000000 0.971642 0.640166 0.640166 0.640166
696.862610 0.000000 2685.229492 0.000000 0.531573 0.000000 0.847012 0.621885 0.621885 0.621885
754.569153 0.000000 2710.739502 0.000000 0.410321 0.000000 0.911941 0.385039 0.385039 0.385039
726.295105 0.000000 2662.238770 0.000000 0.001725 0.000000 0.999999 0.386003 0.386003 0.386003
733.062500 0.000000 2672.441895 0.000000 0.058356 0.000000 0.998296 0.395708 0.395708 0.395708
746.998230 0.000000 2691.432617 0.000000 0.283010 0.000000 0.959117 0.440464 0.440464 0.440464
730.288513 0.000000 2674.598389 0.000000 0.266947 0.000000 0.963711 0.436588 0.436588 0.436588
720.534607 0.000000 2668.593506 0.000000 0.527252 0.000000 0.849709 0.476267 0.476267 0.476267
755.604858 0.000000 2701.725098 0.000000 0.239522 0.000000 0.970891 0.485761 0.485761 0.485761
725.606384 0.000000 2655.593262 0.000000 0.409326 0.000000 0.912388 0.578556 0.578556 0.578556
731.330688 0.000000 2682.955322 0.000000 0.350506 0.000000 0.936561 0.546784 0.546784 0.546784
1703.437012 0.000000 2173.788086 0.000000 0.577157 0.000000 0.816633 0.386688 0.386688 0.386688
1730.759888 0.000000 2212.005127 0.000000 0.571506 0.000000 0.820598 0.386640 0.386640 0.386640
1833.764648 0.000000 2231.214844 0.000000 0.380952 0.000000 0.924595 0.384446 0.384446 0.384446
1863.851929 0.000000 2240.068115 0.000000 0.025147 0.000000 0.999684 0.378468 0.378468 0.378468
1279.099731 0.000000 2584.758057 0.000000 0.409161 0.000000 0.912462 0.480709 0.480709 0.480709
1276.820068 0.000000 2572.458496 0.000000 0.263126 0.000000 0.964762 0.650187 0.650187 0.650187
1276.028442 0.000000 2580.580078 0.000000 0.579911 0.000000 0.814680 0.577222 0.577222 0.577222
1277.774048 0.000000 2580.226318 0.000000 0.358546 0.000000 0.933512 0.569898 0.569898 0.569898
1279.464722 0.000000 2588.117920 0.000000 0.209098 0.000000 0.977895 0.548029 0.548029 0.548029
1268.417847 0.000000 2685.090576 0.000000 0.086213 0.000000 0.996277 0.392574 0.392574 0.392574
1263.751465 0.000000 2692.325684 0.000000 0.287357 0.000000 0.957824 0.436968 0.436968 0.436968
1277.768066 0.000000 2681.963867 0.000000 0.244365 0.000000 0.969683 0.582013 0.582013 0.582013
1266.554443 0.000000 2692.009766 0.000000 0.387402 0.000000 0.921911 0.567278 0.567278 0.567278
1267.067017 0.000000 2691.099121 0.000000 0.231307 0.000000 0.972881 0.621169 0.621169 0.621169
1284.483643 0.000000 2576.226807 0.000000 0.348814 0.000000 0.937192 0.418304 0.418304 0.418304
1280.022583 0.000000 2577.503662 0.000000 0.478762 0.000000 0.877945 0.658615 0.658615 0.658615
1293.261963 0.000000 2591.747314 0.000000 0.119677 0.000000 0.992813 0.639783 0.639783 0.639783
1292.609009 0.000000 2589.808594 0.000000 0.251131 0.000000 0.967953 0.647296 0.647296 0.647296
1291.736816 0.000000 2588.765625 0.000000 0.164942 0.000000 0.986303 0.606897 0.606897 0.606897
1309.439453 0.000000 2645.167969 0.000000 0.114930 0.000000 0.993374 0.467255 0.467255 0.467255
1318.915771 0.000000 2654.229004 0.000000 0.097103 0.000000 0.995274 0.466888 0.466888 0.466888
1305.114868 0.000000 2652.607666 0.000000 0.439283 0.000000 0.898349 0.618330 0.618330 0.618330
1309.621216 0.000000 2635.428711 0.000000 0.538134 0.000000 0.842859 0.588279 0.588279 0.588279
1302.991211 0.000000 2610.560059 0.000000 0.069010 0.000000 0.997616 0.518369 0.518369 0.518369
1306.826904 0.000000 2609.350098 0.000000 0.183112 0.000000 0.983092 0.514269 0.514269 0.514269
1283.441895 0.000000 2599.666992 0.000000 0.410208 0.000000 0.911992 0.648836 0.648836 0.648836
1305.502808 0.000000 2608.854736 0.000000 0.445238 0.000000 0.895412 0.655507 0.655507 0.655507
1303.302979 0.000000 2606.640869 0.000000 0.327531 0.000000 0.944840 0.652653 0.652653 0.652653
1306.132568 0.000000 2689.217529 0.000000 0.469594 0.000000 0.882883 0.385468 0.385468 0.385468
1321.043945 0.000000 2666.781250 0.000000 0.471046 0.000000 0.882109 0.433250 0.433250 0.433250
1317.911865 0.000000 2657.925293 0.000000 0.216567 0.000000 0.976268 0.430318 0.430318 0.430318
1316.465698 0.000000 2656.551514 0.000000 0.532646 0.000000 0.846338 0.436311 0.436311 0.436311
1317.219971 0.000000 2678.344971 0.000000 0.445496 0.000000 0.895284 0.440007 0.440007 0.440007
1307.648804 0.000000 2662.199219 0.000000 0.067353 0.000000 0.997729 0.441759 0.441759 0.441759
1307.479858 0.000000 2669.124512 0.000000 0.367476 0.000000 0.930033 0.449279 0.449279 0.449279
1280.011719 0.000000 2679.618652 0.000000 0.476113 0.000000 0.879384 0.475057 0.475057 0.475057
1284.648926 0.000000 2676.875732 0.000000 0.271377 0.000000 0.962473 0.470523 0.470523 0.470523
1291.571533 0.000000 2679.304688 0.000000 0.232892 0.000000 0.972503 0.520764 0.520764 0.520764
1311.819336 0.000000 2687.501465 0.000000 0.000279 0.000000 1.000000 0.598009 0.598009 0.598009
1317.055908 0.000000 2668.208740 0.000000 0.230084 0.000000 0.973171 0.487313 0.487313 0.487313
1324.297485 0.000000 2686.818115 0.000000 0.268177 0.000000 0.963370 0.589700 0.589700 0.589700
1302.552368 0.000000 2679.013916 0.000000 0.031422 0.000000 0.999506 0.488108 0.488108 0.488108
1313.146729 0.000000 2702.698975 0.000000 0.044744 0.000000 0.998998 0.493603 0.493603 0.493603
1312.915405 0.000000 2695.681152 0.000000 0.499055 0.000000 0.866570 0.545836 0.545836 0.545836
1290.822510 0.000000 2676.492188 0.000000 0.263037 0.000000 0.964786 0.509230 0.509230 0.509230
1290.164795 0.000000 2679.697510 0.000000 0.517989 0.000000 0.855387 0.528446 0.528446 0.528446
1311.471680 0.000000 2700.047852 0.000000 0.031705 0.000000 0.999497 0.617508 0.617508 0.617508
1311.778320 0.000000 2694.028076 0.000000 0.397605 0.000000 0.917557 0.606282 0.606282 0.606282
1313.091309 0.000000 2669.679443 0.000000 0.255151 0.000000 0.966901 0.547582 0.547582 0.547582
1310.356323 0.000000 2697.449707 0.000000 0.076037 0.000000 0.997105 0.639530 0.639530 0.639530
1313.564331 0.000000 2699.320801 0.000000 0.562347 0.000000 0.826901 0.662229 0.662229 0.662229
1308.632935 0.000000 2688.242188 0.000000 0.198989 0.000000 0.980002 0.592626 0.592626 0.592626
1368.763672 0.000000 2685.496826 0.000000 0.462274 0.000000 0.886737 0.385357 0.385357 0.385357
1374.899414 0.000000 2707.627441 0.000000 0.065987 0.000000 0.997820 0.402919 0.402919 0.402919
1361.435669 0.000000 2698.679688 0.000000 0.482429 0.000000 0.875935 0.467966 0.467966 0.467966
1406.128906 0.000000 2661.626221 0.000000 0.381172 0.000000 0.924504 0.650107 0.650107 0.650107
1358.338867 0.000000 2696.586670 0.000000 0.406402 0.000000 0.913694 0.571404 0.571404 0.571404
1389.109253 0.000000 2706.173340 0.000000 0.280199 0.000000 0.959942 0.534275 0.534275 0.534275
1390.152832 0.000000 2688.657959 0.000000 0.494404 0.000000 0.869232 0.620428 0.620428 0.620428
1392.035400 0.000000 2669.661621 0.000000 0.199704 0.000000 0.979856 0.509434 0.509434 0.509434
1390.978760 0.000000 2709.356934 0.000000 0.346688 0.000000 0.937981 0.525488 0.525488 0.525488
1366.560059 0.000000 2706.424316 0.000000 0.131937 0.000000 0.991258 0.551051 0.551051 0.551051
1394.217041 0.000000 2669.485107 0.000000 0.318173 0.000000 0.948032 0.601774 0.601774 0.601774
1421.261963 0.000000 2704.716064 0.000000 0.432145 0.000000 0.901804 0.581072 0.581072 0.581072
1625.026123 0.000000 2316.107178 0.000000 0.045871 0.000000 0.998947 0.379533 0.379533 0.379533
1621.078003 0.000000 2317.987061 0.000000 0.537531 0.000000 0.843244 0.399748 0.399748 0.399748
1739.269287 0.000000 2325.189453 0.000000 0.478232 0.000000 0.878233 0.385653 0.385653 0.385653
1741.243652 0.000000 2323.100586 0.000000 0.566437 0.000000 0.824105 0.386797 0.386797 0.386797
1743.571045 0.000000 2322.471924 0.000000 0.078941 0.000000 0.996879 0.379219 0.379219 0.379219
1790.808594 0.000000 2343.886963 0.000000 0.289529 0.000000 0.957169 0.386635 0.386635 0.386635
1788.956909 0.000000 2340.625244 0.000000 0.516171 0.000000 0.856486 0.450557 0.450557 0.450557
1833.423462 0.000000 2291.797119 0.000000 0.309187 0.000000 0.951001 0.383940 0.383940 0.383940
1797.963745 0.000000 2280.073975 0.000000 0.255968 0.000000 0.966685 0.382575 0.382575 0.382575
1847.474731 0.000000 2264.445557 0.000000 0.266687 0.000000 0.963783 0.386295 0.386295 0.386295
1826.139526 0.000000 2317.585693 0.000000 0.069545 0.000000 0.997579 0.380137 0.380137 0.380137
1829.219971 0.000000 2339.438721 0.000000 0.009639 0.000000 0.999954 0.416135 0.416135 0.416135
1930.748779 0.000000 2301.567871 0.000000 0.315050 0.000000 0.949075 0.383269 0.383269 0.383269
1942.343750 0.000000 2276.767334 0.000000 0.035008 0.000000 0.999387 0.379142 0.379142 0.379142
1940.471069 0.000000 2281.200684 0.000000 0.579231 0.000000 0.815163 0.386771 0.386771 0.386771
1958.249512 0.000000 2313.067139 0.000000 0.335069 0.000000 0.942193 0.423471 0.423471 0.423471
2001.307007 0.000000 2326.805176 0.000000 0.096678 0.000000 0.995316 0.379614 0.379614 0.379614
1539.614258 0.000000 2584.375732 0.000000 0.109546 0.000000 0.993982 0.640636 0.640636 0.640636
1544.459473 0.000000 2584.357910 0.000000 0.180317 0.000000 0.983609 0.569680 0.569680 0.569680
1547.038818 0.000000 2586.806152 0.000000 0.040065 0.000000 0.999197 0.531378 0.531378 0.531378
1541.198608 0.000000 2588.968994 0.000000 0.203435 0.000000 0.979088 0.639129 0.639129 0.639129
1565.587891 0.000000 2617.948975 0.000000 0.102460 0.000000 0.994737 0.380207 0.380207 0.380207
1590.250977 0.000000 2682.528809 0.000000 0.253615 0.000000 0.967305 0.459496 0.459496 0.459496
1586.992432 0.000000 2684.171631 0.000000 0.232315 0.000000 0.972641 0.469697 0.469697 0.469697
598.302185 0.000000 2716.303955 0.000000 0.305665 0.000000 0.952139 0.383326 0.383326 0.383326
606.841187 0.000000 2742.882080 0.000000 0.554864 0.000000 0.831941 0.386704 0.386704 0.386704
606.667908 0.000000 2747.631348 0.000000 0.021225 0.000000 0.999775 0.384512 0.384512 0.384512
607.885071 0.000000 2730.440186 0.000000 0.483093 0.000000 0.875569 0.387812 0.387812 0.387812
600.196716 0.000000 2717.518066 0.000000 0.560296 0.000000 0.828292 0.396470 0.396470 0.396470
607.716431 0.000000 2751.700684 0.000000 0.389645 0.000000 0.920965 0.399072 0.399072 0.399072
598.346924 0.000000 2733.893555 0.000000 0.325697 0.000000 0.945474 0.396233 0.396233 0.396233
590.008972 0.000000 2730.995117 0.000000 0.374024 0.000000 0.927419 0.397002 0.397002 0.397002
607.909790 0.000000 2726.217529 0.000000 0.047234 0.000000 0.998884 0.416762 0.416762 0.416762
604.327454 0.000000 2739.068604 0.000000 0.207989 0.000000 0.978131 0.421251 0.421251 0.421251
603.871521 0.000000 2731.317383 0.000000 0.540023 0.000000 0.841650 0.425483 0.425483 0.425483
603.994141 0.000000 2736.283203 0.000000 0.346172 0.000000 0.938171 0.418258 0.418258 0.418258
600.544067 0.000000 2721.427490 0.000000 0.522186 0.000000 0.852832 0.443396 0.443396 0.443396
653.646301 0.000000 2751.996338 0.000000 0.321232 0.000000 0.947001 0.383605 0.383605 0.383605
672.344543 0.000000 2749.567627 0.000000 0.113659 0.000000 0.993520 0.380796 0.380796 0.380796
646.297607 0.000000 2712.598145 0.000000 0.217528 0.000000 0.976054 0.381645 0.381645 0.381645
694.928284 0.000000 2728.135010 0.000000 0.064782 0.000000 0.997899 0.379096 0.379096 0.379096
702.298462 0.000000 2760.720703 0.000000 0.332674 0.000000 0.943042 0.396343 0.396343 0.396343
680.632385 0.000000 2750.885254 0.000000 0.459717 0.000000 0.888066 0.398409 0.398409 0.398409
688.587219 0.000000 2762.176025 0.000000 0.253533 0.000000 0.967327 0.395109 0.395109 0.395109
656.326904 0.000000 2733.916992 0.000000 0.370975 0.000000 0.928643 0.398768 0.398768 0.398768
663.989563 0.000000 2724.279785 0.000000 0.239041 0.000000 0.971009 0.394886 0.394886 0.394886
693.305115 0.000000 2724.900879 0.000000 0.256020 0.000000 0.966672 0.395147 0.395147 0.395147
690.464111 0.000000 2727.178467 0.000000 0.023779 0.000000 0.999717 0.396953 0.396953 0.396953
699.122986 0.000000 2750.676270 0.000000 0.024972 0.000000 0.999688 0.421671 0.421671 0.421671
664.050842 0.000000 2728.962891 0.000000 0.022705 0.000000 0.999742 0.409303 0.409303 0.409303
660.786621 0.000000 2728.585938 0.000000 0.116971 0.000000 0.993135 0.430323 0.430323 0.430323
668.559937 0.000000 2740.526367 0.000000 0.188637 0.000000 0.982047 0.477591 0.477591 0.477591
671.819336 0.000000 2743.985840 0.000000 0.385283 0.000000 0.922798 0.508738 0.508738 0.508738
672.511597 0.000000 2742.247314 0.000000 0.388473 0.000000 0.921460 0.501687 0.501687 0.501687
710.201965 0.000000 2722.762695 0.000000 0.016310 0.000000 0.999867 0.378888 0.378888 0.378888
728.281860 0.000000 2733.265137 0.000000 0.581615 0.000000 0.813464 0.400541 0.400541 0.400541
728.739197 0.000000 2739.819092 0.000000 0.209024 0.000000 0.977911 0.406972 0.406972 0.406972
742.249451 0.000000 2764.942139 0.000000 0.430650 0.000000 0.902519 0.423395 0.423395 0.423395
731.994141 0.000000 2736.283203 0.000000 0.542894 0.000000 0.839801 0.431034 0.431034 0.431034
726.839355 0.000000 2761.814941 0.000000 0.505421 0.000000 0.862873 0.432108 0.432108 0.432108
744.266113 0.000000 2740.013428 0.000000 0.469106 0.000000 0.883142 0.453182 0.453182 0.453182
733.523010 0.000000 2739.053955 0.000000 0.385915 0.000000 0.922534 0.522988 0.522988 0.522988
699.649170 0.000000 2789.247070 0.000000 0.573646 0.000000 0.819103 0.426158 0.426158 0.426158
699.166809 0.000000 2791.427002 0.000000 0.213703 0.000000 0.976899 0.439167 0.439167 0.439167
765.449707 0.000000 2777.220459 0.000000 0.323396 0.000000 0.946264 0.383387 0.383387 0.383387
708.206177 0.000000 2769.989258 0.000000 0.510343 0.000000 0.859971 0.399272 0.399272 0.399272
724.672546 0.000000 2787.291748 0.000000 0.190034 0.000000 0.981778 0.394138 0.394138 0.394138
721.373596 0.000000 2767.840820 0.000000 0.150210 0.000000 0.988654 0.393535 0.393535 0.393535
725.078003 0.000000 2769.862061 0.000000 0.072668 0.000000 0.997356 0.406569 0.406569 0.406569
724.698120 0.000000 2772.918457 0.000000 0.371070 0.000000 0.928605 0.447553 0.447553 0.447553
725.351257 0.000000 2774.163574 0.000000 0.201975 0.000000 0.979391 0.463761 0.463761 0.463761
786.973938 0.000000 2769.137207 0.000000 0.064091 0.000000 0.997944 0.379989 0.379989 0.379989
782.936279 0.000000 2814.306396 0.000000 0.050520 0.000000 0.998723 0.386713 0.386713 0.386713
768.668579 0.000000 2785.504883 0.000000 0.161496 0.000000 0.986873 0.393706 0.393706 0.393706
777.625549 0.000000 2777.959229 0.000000 0.071620 0.000000 0.997432 0.420702 0.420702 0.420702
777.455688 0.000000 2772.501465 0.000000 0.366620 0.000000 0.930371 0.456448 0.456448 0.456448
774.925415 0.000000 2775.831543 0.000000 0.140521 0.000000 0.990078 0.446654 0.446654 0.446654
813.450073 0.000000 2826.738281 0.000000 0.575632 0.000000 0.817709 0.448211 0.448211 0.448211
1364.914795 0.000000 2718.971924 0.000000 0.514067 0.000000 0.857750 0.539117 0.539117 0.539117
2168.429443 0.000000 2748.445312 0.000000 0.088546 0.000000 0.996072 0.568646 0.568646 0.568646
2170.465332 0.000000 2748.781982 0.000000 0.582338 0.000000 0.812947 0.589895 0.589895 0.589895
2175.487793 0.000000 2784.062500 0.000000 0.096713 0.000000 0.995312 0.419359 0.419359 0.419359
2178.240967 0.000000 2753.567383 0.000000 0.371652 0.000000 0.928372 0.420514 0.420514 0.420514
2199.770020 0.000000 2756.807617 0.000000 0.403586 0.000000 0.914942 0.469810 0.469810 0.469810
2216.031982 0.000000 2762.800537 0.000000 0.393891 0.000000 0.919157 0.532086 0.532086 0.532086
2212.343018 0.000000 2753.957275 0.000000 0.145775 0.000000 0.989318 0.577220 0.577220 0.577220
2217.701660 0.000000 2757.154053 0.000000 0.345297 0.000000 0.938493 0.649011 0.649011 0.649011
2234.821777 0.000000 2767.382080 0.000000 0.514038 0.000000 0.857767 0.651255 0.651255 0.651255
2217.134033 0.000000 2763.189453 0.000000 0.509604 0.000000 0.860409 0.535392 0.535392 0.535392
2241.581055 0.000000 2746.493896 0.000000 0.587562 0.000000 0.809179 0.661118 0.661118 0.661118
2246.734863 0.000000 2761.303955 0.000000 0.106873 0.000000 0.994273 0.642039 0.642039 0.642039
2243.816650 0.000000 2746.680664 0.000000 0.568531 0.000000 0.822662 0.607295 0.607295 0.607295
2242.932373 0.000000 2764.394043 0.000000 0.302344 0.000000 0.953199 0.649981 0.649981 0.649981
2186.448242 0.000000 2771.339355 0.000000 0.355451 0.000000 0.934695 0.383481 0.383481 0.383481
2182.226807 0.000000 2812.309326 0.000000 0.460906 0.000000 0.887449 0.402082 0.402082 0.402082
2193.197510 0.000000 2774.527588 0.000000 0.149820 0.000000 0.988713 0.437990 0.437990 0.437990
2195.982178 0.000000 2821.916504 0.000000 0.396023 0.000000 0.918240 0.435421 0.435421 0.435421
2179.034668 0.000000 2821.892822 0.000000 0.325295 0.000000 0.945613 0.432290 0.432290 0.432290
2195.869141 0.000000 2819.053955 0.000000 0.073522 0.000000 0.997294 0.447142 0.447142 0.447142
2232.550049 0.000000 2789.710205 0.000000 0.532879 0.000000 0.846192 0.443623 0.443623 0.443623
2190.478760 0.000000 2812.215088 0.000000 0.302072 0.000000 0.953285 0.447984 0.447984 0.447984
2218.270752 0.000000 2775.226074 0.000000 0.142736 0.000000 0.989761 0.444930 0.444930 0.444930
2219.614258 0.000000 2777.958740 0.000000 0.309868 0.000000 0.950779 0.464216 0.464216 0.464216
2192.399658 0.000000 2773.411865 0.000000 0.001920 0.000000 0.999998 0.549113 0.549113 0.549113
2184.816895 0.000000 2805.824951 0.000000 0.409701 0.000000 0.912220 0.486103 0.486103 0.486103
2221.161133 0.000000 2778.452393 0.000000 0.309921 0.000000 0.950762 0.584102 0.584102 0.584102
2235.085449 0.000000 2778.251465 0.000000 0.383785 0.000000 0.923423 0.638930 0.638930 0.638930
2229.597656 0.000000 2793.405518 0.000000 0.517738 0.000000 0.855539 0.539227 0.539227 0.539227
2224.785645 0.000000 2779.663818 0.000000 0.336055 0.000000 0.941842 0.650746 0.650746 0.650746
2198.560059 0.000000 2819.393066 0.000000 0.403736 0.000000 0.914876 0.569555 0.569555 0.569555
2234.394287 0.000000 2777.461914 0.000000 0.410175 0.000000 0.912007 0.655958 0.655958 0.655958
2234.833496 0.000000 2776.316650 0.000000 0.479632 0.000000 0.877470 0.658934 0.658934 0.658934
2232.529297 0.000000 2775.041260 0.000000 0.351989 0.000000 0.936004 0.564426 0.564426 0.564426
2268.683105 0.000000 2781.168213 0.000000 0.421202 0.000000 0.906967 0.384742 0.384742 0.384742
2267.921387 0.000000 2783.690186 0.000000 0.223286 0.000000 0.974753 0.381389 0.381389 0.381389
2267.827881 0.000000 2771.773438 0.000000 0.363006 0.000000 0.931787 0.389564 0.389564 0.389564
2274.527588 0.000000 2774.842041 0.000000 0.089456 0.000000 0.995991 0.421005 0.421005 0.421005
2257.197510 0.000000 2774.527588 0.000000 0.398313 0.000000 0.917250 0.439078 0.439078 0.439078
2260.698242 0.000000 2772.918457 0.000000 0.360025 0.000000 0.932943 0.450926 0.450926 0.450926
2269.330322 0.000000 2783.841553 0.000000 0.526939 0.000000 0.849903 0.476260 0.476260 0.476260
2255.355225 0.000000 2769.337646 0.000000 0.552944 0.000000 0.833218 0.613830 0.613830 0.613830
2259.024170 0.000000 2781.988770 0.000000 0.545414 0.000000 0.838167 0.620658 0.620658 0.620658
2249.470459 0.000000 2769.773438 0.000000 0.228792 0.000000 0.973475 0.593598 0.593598 0.593598
2259.108887 0.000000 2780.731689 0.000000 0.290401 0.000000 0.956905 0.611212 0.611212 0.611212
2260.123047 0.000000 2778.276611 0.000000 0.362378 0.000000 0.932031 0.522362 0.522362 0.522362
2250.294922 0.000000 2779.867432 0.000000 0.042613 0.000000 0.999092 0.580840 0.580840 0.580840
2251.736572 0.000000 2781.277344 0.000000 0.515691 0.000000 0.856775 0.521178 0.521178 0.521178
2262.291260 0.000000 2782.579102 0.000000 0.459952 0.000000 0.887944 0.656455 0.656455 0.656455
2240.041016 0.000000 2781.293701 0.000000 0.159765 0.000000 0.987155 0.605017 0.605017 0.605017
2252.997803 0.000000 2769.593506 0.000000 0.092285 0.000000 0.995733 0.592584 0.592584 0.592584
2248.004395 0.000000 2779.558594 0.000000 0.392363 0.000000 0.919810 0.649396 0.649396 0.649396
2264.019287 0.000000 2768.849365 0.000000 0.152268 0.000000 0.988339 0.645733 0.645733 0.645733
2270.083984 0.000000 2785.016846 0.000000 0.263828 0.000000 0.964570 0.601661 0.601661 0.601661
2269.677246 0.000000 2786.324463 0.000000 0.188756 0.000000 0.982024 0.588861 0.588861 0.588861
2244.661865 0.000000 2771.149170 0.000000 0.013680 0.000000 0.999906 0.579938 0.579938 0.579938
2254.957275 0.000000 2770.296387 0.000000 0.271635 0.000000 0.962400 0.636361 0.636361 0.636361
2266.176025 0.000000 2786.524658 0.000000 0.528651 0.000000 0.848839 0.660757 0.660757 0.660757
2170.349854 0.000000 2830.494141 0.000000 0.439088 0.000000 0.898444 0.558265 0.558265 0.558265
2162.878662 0.000000 2831.185059 0.000000 0.337541 0.000000 0.941311 0.560476 0.560476 0.560476
2182.927734 0.000000 2830.566162 0.000000 0.068709 0.000000 0.997637 0.379301 0.379301 0.379301
2184.166748 0.000000 2829.803467 0.000000 0.493310 0.000000 0.869854 0.448249 0.448249 0.448249
2216.668945 0.000000 2828.872070 0.000000 0.282923 0.000000 0.959143 0.461874 0.461874 0.461874
2213.115234 0.000000 2825.086914 0.000000 0.160473 0.000000 0.987040 0.517191 0.517191 0.517191
2648.050781 0.000000 2898.416016 0.000000 0.439128 0.000000 0.898425 0.438068 0.438068 0.438068
2632.640381 0.000000 2903.802734 0.000000 0.363957 0.000000 0.931416 0.504642 0.504642 0.504642
2678.749512 0.000000 2913.524658 0.000000 0.459236 0.000000 0.888314 0.624363 0.624363 0.624363
5851.848633 0.000000 1013.893555 0.000000 0.271770 0.000000 0.962362 0.431312 0.431312 0.431312
5882.988770 0.000000 1050.352783 0.000000 0.118424 0.000000 0.992963 0.380351 0.380351 0.380351
5880.270996 0.000000 1037.228516 0.000000 0.560100 0.000000 0.828425 0.386741 0.386741 0.386741
5850.616211 0.000000 1040.801147 0.000000 0.515962 0.000000 0.856611 0.385927 0.385927 0.385927
5864.984863 0.000000 1127.426514 0.000000 0.123979 0.000000 0.992285 0.455145 0.455145 0.455145
5910.347168 0.000000 1039.362427 0.000000 0.303695 0.000000 0.952769 0.399499 0.399499 0.399499
5896.607910 0.000000 1030.554199 0.000000 0.335251 0.000000 0.942129 0.419870 0.419870 0.419870
5914.844238 0.000000 1074.920654 0.000000 0.433803 0.000000 0.901008 0.385265 0.385265 0.385265
5952.110840 0.000000 1083.567627 0.000000 0.203525 0.000000 0.979070 0.381928 0.381928 0.381928
5952.010254 0.000000 1101.889404 0.000000 0.182610 0.000000 0.983185 0.381470 0.381470 0.381470
5993.191406 0.000000 1075.333618 0.000000 0.160964 0.000000 0.986960 0.386538 0.386538 0.386538
5981.993164 0.000000 1088.000977 0.000000 0.067099 0.000000 0.997746 0.406480 0.406480 0.406480
6133.819336 0.000000 1081.828857 0.000000 0.089191 0.000000 0.996015 0.419232 0.419232 0.419232
5798.039062 0.000000 1147.789185 0.000000 0.381437 0.000000 0.924395 0.427920 0.427920 0.427920
5819.144043 0.000000 1181.877197 0.000000 0.123558 0.000000 0.992337 0.428670 0.428670 0.428670
5874.616699 0.000000 1175.740723 0.000000 0.048464 0.000000 0.998825 0.379173 0.379173 0.379173
5937.158691 0.000000 1164.315918 0.000000 0.214070 0.000000 0.976818 0.382070 0.382070 0.382070
5891.167969 0.000000 1173.640137 0.000000 0.302608 0.000000 0.953115 0.382905 0.382905 0.382905
5947.279297 0.000000 1154.889038 0.000000 0.225593 0.000000 0.974222 0.381422 0.381422 0.381422
5944.956055 0.000000 1155.103271 0.000000 0.400688 0.000000 0.916215 0.383803 0.383803 0.383803
5911.825684 0.000000 1183.607910 0.000000 0.287541 0.000000 0.957768 0.388413 0.388413 0.388413
5932.596680 0.000000 1148.638794 0.000000 0.251296 0.000000 0.967910 0.395074 0.395074 0.395074
5931.594727 0.000000 1152.087280 0.000000 0.457945 0.000000 0.888981 0.451134 0.451134 0.451134
5952.290527 0.000000 1164.052612 0.000000 0.255130 0.000000 0.966907 0.383219 0.383219 0.383219
5952.205078 0.000000 1152.106201 0.000000 0.041631 0.000000 0.999133 0.379461 0.379461 0.379461
5912.982910 0.000000 1190.045776 0.000000 0.394782 0.000000 0.918775 0.384178 0.384178 0.384178
5919.881836 0.000000 1188.821289 0.000000 0.302455 0.000000 0.953164 0.385019 0.385019 0.385019
5915.828125 0.000000 1190.211060 0.000000 0.240001 0.000000 0.970773 0.382296 0.382296 0.382296
6096.434082 0.000000 1159.748657 0.000000 0.429044 0.000000 0.903283 0.384239 0.384239 0.384239
6100.387207 0.000000 1156.484619 0.000000 0.297737 0.000000 0.954648 0.384949 0.384949 0.384949
6089.114258 0.000000 1159.801270 0.000000 0.433218 0.000000 0.901289 0.394319 0.394319 0.394319
6121.927734 0.000000 1230.905151 0.000000 0.248677 0.000000 0.968586 0.382343 0.382343 0.382343
6127.961914 0.000000 1241.431763 0.000000 0.252403 0.000000 0.967622 0.381935 0.381935 0.381935
6122.151367 0.000000 1228.683472 0.000000 0.540230 0.000000 0.841518 0.396118 0.396118 0.396118
6126.877930 0.000000 1239.595337 0.000000 0.275251 0.000000 0.961372 0.397247 0.397247 0.397247
6162.409180 0.000000 480.284515 0.000000 0.405278 0.000000 0.914194 0.384852 0.384852 0.384852
6186.699707 0.000000 492.253815 0.000000 0.242452 0.000000 0.970163 0.381993 0.381993 0.381993
6155.945801 0.000000 473.943512 0.000000 0.411476 0.000000 0.911421 0.403069 0.403069 0.403069
6206.039551 0.000000 548.819641 0.000000 0.531829 0.000000 0.846852 0.470926 0.470926 0.470926
6219.631836 0.000000 524.875671 0.000000 0.415461 0.000000 0.909611 0.403136 0.403136 0.403136
6219.004883 0.000000 534.179321 0.000000 0.236609 0.000000 0.971605 0.421744 0.421744 0.421744
6223.615723 0.000000 537.113770 0.000000 0.501137 0.000000 0.865368 0.464766 0.464766 0.464766
6224.534668 0.000000 578.671509 0.000000 0.385504 0.000000 0.922706 0.465823 0.465823 0.465823
6157.243652 0.000000 1080.444214 0.000000 0.080125 0.000000 0.996785 0.379830 0.379830 0.379830
6163.108398 0.000000 1083.180298 0.000000 0.218904 0.000000 0.975746 0.405340 0.405340 0.405340
6255.961914 0.000000 1128.463013 0.000000 0.290736 0.000000 0.956803 0.382482 0.382482 0.382482
6271.180664 0.000000 1079.304565 0.000000 0.396865 0.000000 0.917877 0.426397 0.426397 0.426397
6250.734375 0.000000 1121.217285 0.000000 0.073689 0.000000 0.997281 0.457662 0.457662 0.457662
6251.740234 0.000000 1122.135132 0.000000 0.071739 0.000000 0.997423 0.469858 0.469858 0.469858
6248.336914 0.000000 1128.909180 0.000000 0.271604 0.000000 0.962409 0.570714 0.570714 0.570714
6294.343750 0.000000 1090.595337 0.000000 0.560072 0.000000 0.828444 0.386887 0.386887 0.386887
6311.451172 0.000000 1088.198608 0.000000 0.100930 0.000000 0.994893 0.385664 0.385664 0.385664
6291.869141 0.000000 1124.522827 0.000000 0.211528 0.000000 0.977372 0.440905 0.440905 0.440905
6398.112305 0.000000 1117.121826 0.000000 0.274980 0.000000 0.961450 0.383031 0.383031 0.383031
6337.941895 0.000000 1125.831177 0.000000 0.003212 0.000000 0.999995 0.398405 0.398405 0.398405
6363.705566 0.000000 1113.241943 0.000000 0.450258 0.000000 0.892898 0.431028 0.431028 0.431028
6360.837891 0.000000 1111.314819 0.000000 0.494975 0.000000 0.868907 0.435545 0.435545 0.435545
6397.635254 0.000000 1101.825073 0.000000 0.364463 0.000000 0.931218 0.502875 0.502875 0.502875
6400.129395 0.000000 1105.247803 0.000000 0.580169 0.000000 0.814496 0.429966 0.429966 0.429966
6241.651855 0.000000 1165.885010 0.000000 0.568188 0.000000 0.822899 0.392922 0.392922 0.392922
6252.435059 0.000000 1165.662598 0.000000 0.569804 0.000000 0.821781 0.396639 0.396639 0.396639
6256.863770 0.000000 1174.163452 0.000000 0.513974 0.000000 0.857806 0.404837 0.404837 0.404837
6263.775879 0.000000 1157.412476 0.000000 0.421669 0.000000 0.906750 0.405060 0.405060 0.405060
6242.170410 0.000000 1158.044800 0.000000 0.268052 0.000000 0.963404 0.413320 0.413320 0.413320
6247.698242 0.000000 1131.645752 0.000000 0.495256 0.000000 0.868747 0.442834 0.442834 0.442834
6255.812988 0.000000 1161.791992 0.000000 0.377691 0.000000 0.925932 0.474618 0.474618 0.474618
6158.569336 0.000000 1219.940674 0.000000 0.096417 0.000000 0.995341 0.379684 0.379684 0.379684
6160.003418 0.000000 1213.474609 0.000000 0.334996 0.000000 0.942220 0.382815 0.382815 0.382815
6177.051758 0.000000 1218.363403 0.000000 0.514119 0.000000 0.857719 0.393831 0.393831 0.393831
6170.051758 0.000000 1218.466064 0.000000 0.392742 0.000000 0.919648 0.399122 0.399122 0.399122
6169.175293 0.000000 1228.541382 0.000000 0.477970 0.000000 0.878376 0.435205 0.435205 0.435205
6171.705566 0.000000 1226.210693 0.000000 0.236436 0.000000 0.971647 0.425316 0.425316 0.425316
6174.635254 0.000000 1230.735107 0.000000 0.056072 0.000000 0.998427 0.432766 0.432766 0.432766
6177.783691 0.000000 1229.736084 0.000000 0.118719 0.000000 0.992928 0.455041 0.455041 0.455041
6165.261719 0.000000 1233.332764 0.000000 0.428111 0.000000 0.903726 0.455931 0.455931 0.455931
6166.076660 0.000000 1227.957642 0.000000 0.214472 0.000000 0.976730 0.448066 0.448066 0.448066
6173.439453 0.000000 1233.058594 0.000000 0.248136 0.000000 0.968725 0.464711 0.464711 0.464711
6168.739746 0.000000 1232.903687 0.000000 0.185829 0.000000 0.982582 0.510844 0.510844 0.510844
6255.143066 0.000000 1211.849365 0.000000 0.529181 0.000000 0.848509 0.419777 0.419777 0.419777
6250.288086 0.000000 1216.854126 0.000000 0.228322 0.000000 0.973586 0.410867 0.410867 0.410867
6324.449707 0.000000 1162.447998 0.000000 0.320914 0.000000 0.947108 0.384035 0.384035 0.384035
6286.121582 0.000000 1131.705933 0.000000 0.254900 0.000000 0.966967 0.398729 0.398729 0.398729
6395.206543 0.000000 1159.668213 0.000000 0.051676 0.000000 0.998664 0.379293 0.379293 0.379293
6392.956055 0.000000 1155.103271 0.000000 0.183513 0.000000 0.983017 0.381483 0.381483 0.381483
6345.114258 0.000000 1159.801270 0.000000 0.390476 0.000000 0.920613 0.400902 0.400902 0.400902
6341.887695 0.000000 1160.516113 0.000000 0.446139 0.000000 0.894963 0.409124 0.409124 0.409124
6387.450195 0.000000 1182.526733 0.000000 0.196717 0.000000 0.980460 0.419275 0.419275 0.419275
6385.522949 0.000000 1184.359253 0.000000 0.401081 0.000000 0.916043 0.448155 0.448155 0.448155
6375.754395 0.000000 1155.595947 0.000000 0.002552 0.000000 0.999997 0.444051 0.444051 0.444051
6290.112793 0.000000 1212.363525 0.000000 0.029891 0.000000 0.999553 0.388187 0.388187 0.388187
6285.989746 0.000000 1213.086304 0.000000 0.178121 0.000000 0.984008 0.397537 0.397537 0.397537
6284.800293 0.000000 1196.734619 0.000000 0.261724 0.000000 0.965143 0.415009 0.415009 0.415009
6284.302734 0.000000 1206.570312 0.000000 0.412705 0.000000 0.910865 0.419438 0.419438 0.419438
6340.637695 0.000000 1204.744629 0.000000 0.395495 0.000000 0.918468 0.388250 0.388250 0.388250
6359.051758 0.000000 1189.219727 0.000000 0.587782 0.000000 0.809020 0.400655 0.400655 0.400655
6388.116699 0.000000 1188.502808 0.000000 0.223409 0.000000 0.974725 0.394646 0.394646 0.394646
6342.483887 0.000000 1205.104248 0.000000 0.259635 0.000000 0.965707 0.409589 0.409589 0.409589
6404.219238 0.000000 1162.321655 0.000000 0.500674 0.000000 0.865636 0.386050 0.386050 0.386050
6402.786133 0.000000 1164.588135 0.000000 0.062390 0.000000 0.998052 0.378987 0.378987 0.378987
4774.447266 0.000000 2907.193848 0.000000 0.166614 0.000000 0.986022 0.546844 0.546844 0.546844
4777.289551 0.000000 2906.115967 0.000000 0.581064 0.000000 0.813858 0.618526 0.618526 0.618526
4776.736816 0.000000 2908.494385 0.000000 0.515629 0.000000 0.856812 0.659447 0.659447 0.659447
4990.039551 0.000000 2808.194580 0.000000 0.319322 0.000000 0.947646 0.448322 0.448322 0.448322
4987.111816 0.000000 2808.857422 0.000000 0.525743 0.000000 0.850643 0.465329 0.465329 0.465329
4988.820312 0.000000 2798.395996 0.000000 0.165254 0.000000 0.986251 0.644763 0.644763 0.644763
4989.635254 0.000000 2796.356445 0.000000 0.452525 0.000000 0.891752 0.625863 0.625863 0.625863
4991.189941 0.000000 2818.229004 0.000000 0.326704 0.000000 0.945127 0.484184 0.484184 0.484184
4985.597656 0.000000 2824.935547 0.000000 0.390754 0.000000 0.920495 0.655655 0.655655 0.655655
4985.509277 0.000000 2831.854248 0.000000 0.314098 0.000000 0.949391 0.499873 0.499873 0.499873
4985.383301 0.000000 2827.574951 0.000000 0.186479 0.000000 0.982459 0.631490 0.631490 0.631490
4879.615723 0.000000 3361.332520 0.000000 0.284980 0.000000 0.958533 0.442289 0.442289 0.442289
4872.591797 0.000000 3359.337158 0.000000 0.086776 0.000000 0.996228 0.477155 0.477155 0.477155
5408.505859 0.000000 2925.360840 0.000000 0.575134 0.000000 0.818060 0.393044 0.393044 0.393044
5420.304199 0.000000 2904.402588 0.000000 0.459863 0.000000 0.887990 0.394756 0.394756 0.394756
5417.028320 0.000000 2907.409912 0.000000 0.397261 0.000000 0.917706 0.419161 0.419161 0.419161
5419.314453 0.000000 2925.888428 0.000000 0.439878 0.000000 0.898058 0.467012 0.467012 0.467012
5421.920898 0.000000 2922.027100 0.000000 0.475708 0.000000 0.879603 0.626763 0.626763 0.626763
5410.794922 0.000000 2917.611084 0.000000 0.482209 0.000000 0.876056 0.489649 0.489649 0.489649
5420.297363 0.000000 2912.755615 0.000000 0.137116 0.000000 0.990555 0.570101 0.570101 0.570101
5421.612305 0.000000 2913.686279 0.000000 0.429884 0.000000 0.902884 0.579230 0.579230 0.579230
5445.865234 0.000000 2915.529053 0.000000 0.148224 0.000000 0.988954 0.441499 0.441499 0.441499
5440.022461 0.000000 2916.409912 0.000000 0.330070 0.000000 0.943957 0.496707 0.496707 0.496707
5954.759766 0.000000 2833.333252 0.000000 0.195450 0.000000 0.980714 0.380995 0.380995 0.380995
7289.562012 0.000000 2533.606445 0.000000 0.489854 0.000000 0.871804 0.652813 0.652813 0.652813
7291.895996 0.000000 2486.120605 0.000000 0.429987 0.000000 0.902835 0.649807 0.649807 0.649807
7291.585938 0.000000 2521.870361 0.000000 0.301913 0.000000 0.953335 0.650958 0.650958 0.650958
7291.196289 0.000000 2520.918945 0.000000 0.087069 0.000000 0.996202 0.642441 0.642441 0.642441
7298.240723 0.000000 2527.629883 0.000000 0.037125 0.000000 0.999311 0.413066 0.413066 0.413066
7305.044434 0.000000 2488.513916 0.000000 0.539437 0.000000 0.842026 0.586538 0.586538 0.586538
7357.311523 0.000000 2539.603516 0.000000 0.434844 0.000000 0.900506 0.499263 0.499263 0.499263
7296.003906 0.000000 2527.392334 0.000000 0.562403 0.000000 0.826863 0.658574 0.658574 0.658574
7359.189941 0.000000 2535.807129 0.000000 0.559002 0.000000 0.829167 0.524230 0.524230 0.524230
7357.468262 0.000000 2533.799072 0.000000 0.225962 0.000000 0.974136 0.645555 0.645555 0.645555
7309.379395 0.000000 2488.258789 0.000000 0.023091 0.000000 0.999733 0.518937 0.518937 0.518937
7296.006348 0.000000 2502.076172 0.000000 0.265335 0.000000 0.964156 0.641968 0.641968 0.641968
7350.354980 0.000000 2537.164551 0.000000 0.559923 0.000000 0.828545 0.657764 0.657764 0.657764
7297.115234 0.000000 2527.579346 0.000000 0.019618 0.000000 0.999808 0.633992 0.633992 0.633992
7297.134277 0.000000 2501.908936 0.000000 0.574090 0.000000 0.818792 0.657250 0.657250 0.657250
7353.544922 0.000000 2534.875732 0.000000 0.005885 0.000000 0.999983 0.630262 0.630262 0.630262
7306.650879 0.000000 2495.589355 0.000000 0.182701 0.000000 0.983168 0.638188 0.638188 0.638188
7310.572754 0.000000 2492.014893 0.000000 0.208375 0.000000 0.978049 0.639354 0.639354 0.639354
7351.944824 0.000000 2539.957031 0.000000 0.268050 0.000000 0.963405 0.646521 0.646521 0.646521
7353.683105 0.000000 2543.952637 0.000000 0.071307 0.000000 0.997454 0.387015 0.387015 0.387015
7341.841309 0.000000 2550.121094 0.000000 0.219441 0.000000 0.975626 0.497630 0.497630 0.497630
7359.877441 0.000000 2544.916748 0.000000 0.284192 0.000000 0.958767 0.532628 0.532628 0.532628
7341.161133 0.000000 2552.514893 0.000000 0.268285 0.000000 0.963340 0.649142 0.649142 0.649142
7341.988281 0.000000 2551.644043 0.000000 0.208815 0.000000 0.977955 0.497382 0.497382 0.497382
7339.124023 0.000000 2545.468262 0.000000 0.006500 0.000000 0.999979 0.633980 0.633980 0.633980
7394.885254 0.000000 2571.381592 0.000000 0.076080 0.000000 0.997102 0.578486 0.578486 0.578486
7401.059570 0.000000 2565.114502 0.000000 0.416732 0.000000 0.909029 0.649155 0.649155 0.649155
7390.718750 0.000000 2561.218750 0.000000 0.577389 0.000000 0.816469 0.587915 0.587915 0.587915
7401.406250 0.000000 2563.705566 0.000000 0.091935 0.000000 0.995765 0.634103 0.634103 0.634103
7360.006348 0.000000 2558.560547 0.000000 0.014038 0.000000 0.999901 0.626898 0.626898 0.626898
7375.096680 0.000000 2559.651123 0.000000 0.118637 0.000000 0.992938 0.588330 0.588330 0.588330
6160.442383 0.000000 3599.323242 0.000000 0.165563 0.000000 0.986199 0.560627 0.560627 0.560627
7352.713379 0.000000 2740.673096 0.000000 0.334106 0.000000 0.942535 0.399986 0.399986 0.399986
7350.581543 0.000000 2736.380859 0.000000 0.178984 0.000000 0.983852 0.644582 0.644582 0.644582
7377.509277 0.000000 2738.620361 0.000000 0.483845 0.000000 0.875154 0.548950 0.548950 0.548950
7348.822754 0.000000 2871.636475 0.000000 0.395097 0.000000 0.918639 0.648100 0.648100 0.648100
7348.036133 0.000000 2884.240234 0.000000 0.048363 0.000000 0.998830 0.640404 0.640404 0.640404
"}
object={
	name="pine_sparse_generator_3_1"
	clamp_to_water_level=no
	render_under_water=no
	generated_content=yes
	layer="semidynamic_high"
	pdxmesh="tree_fir_002_mesh"
	count=741
	transform="1436.116333 0.000000 1354.556274 0.000000 0.896181 0.000000 0.443688 0.393734 0.393734 0.393734
1458.616577 0.000000 1345.193848 0.000000 0.845883 0.000000 0.533368 0.392275 0.392275 0.392275
1446.352295 0.000000 1348.329102 0.000000 0.726420 0.000000 0.687251 0.390323 0.390323 0.390323
1441.615479 0.000000 1353.236328 0.000000 0.788675 0.000000 0.614810 0.401074 0.401074 0.401074
1525.008667 0.000000 1343.362427 0.000000 0.809059 0.000000 0.587727 0.391342 0.391342 0.391342
1517.601929 0.000000 1339.065552 0.000000 0.701466 0.000000 0.712703 0.389027 0.389027 0.389027
1495.825562 0.000000 1353.061035 0.000000 0.944168 0.000000 0.329465 0.405861 0.405861 0.405861
1534.298462 0.000000 1348.611328 0.000000 0.678132 0.000000 0.734941 0.402398 0.402398 0.402398
1484.277832 0.000000 1354.396851 0.000000 0.905275 0.000000 0.424827 0.402442 0.402442 0.402442
1522.333252 0.000000 1338.077148 0.000000 0.894915 0.000000 0.446236 0.453446 0.453446 0.453446
1536.004639 0.000000 1352.454712 0.000000 0.768714 0.000000 0.639593 0.411861 0.411861 0.411861
1401.560059 0.000000 1406.269043 0.000000 0.607467 0.000000 0.794345 0.423171 0.423171 0.423171
1389.060913 0.000000 1404.567749 0.000000 0.724545 0.000000 0.689227 0.462948 0.462948 0.462948
1390.419189 0.000000 1411.338867 0.000000 0.632118 0.000000 0.774872 0.456866 0.456866 0.456866
1389.862305 0.000000 1408.003052 0.000000 0.812697 0.000000 0.582687 0.521701 0.521701 0.521701
1406.612427 0.000000 1463.749634 0.000000 0.716777 0.000000 0.697302 0.389790 0.389790 0.389790
1385.897095 0.000000 1412.137695 0.000000 0.696159 0.000000 0.717887 0.389405 0.389405 0.389405
1392.601685 0.000000 1416.951660 0.000000 0.789013 0.000000 0.614377 0.412359 0.412359 0.412359
1403.166870 0.000000 1435.802124 0.000000 0.950062 0.000000 0.312061 0.469481 0.469481 0.469481
1398.250977 0.000000 1439.872681 0.000000 0.884185 0.000000 0.467137 0.485215 0.485215 0.485215
1470.612427 0.000000 1407.265259 0.000000 0.739409 0.000000 0.673257 0.390264 0.390264 0.390264
1444.219849 0.000000 1395.782471 0.000000 0.875409 0.000000 0.483383 0.393324 0.393324 0.393324
1437.260010 0.000000 1389.894287 0.000000 0.950920 0.000000 0.309435 0.395727 0.395727 0.395727
1457.047241 0.000000 1364.449463 0.000000 0.712626 0.000000 0.701544 0.419889 0.419889 0.419889
1446.151733 0.000000 1395.948853 0.000000 0.638673 0.000000 0.769478 0.405322 0.405322 0.405322
1440.666016 0.000000 1356.263916 0.000000 0.824962 0.000000 0.565188 0.424610 0.424610 0.424610
1448.804443 0.000000 1389.749268 0.000000 0.806963 0.000000 0.590603 0.422226 0.422226 0.422226
1464.254761 0.000000 1403.007324 0.000000 0.816428 0.000000 0.577447 0.446937 0.446937 0.446937
1444.465698 0.000000 1357.410889 0.000000 0.751215 0.000000 0.660058 0.424536 0.424536 0.424536
1419.621582 0.000000 1401.548584 0.000000 0.734691 0.000000 0.678402 0.429729 0.429729 0.429729
1450.243408 0.000000 1361.509888 0.000000 0.848587 0.000000 0.529057 0.466819 0.466819 0.466819
1447.286377 0.000000 1362.447144 0.000000 0.769792 0.000000 0.638295 0.453050 0.453050 0.453050
1469.369507 0.000000 1402.920776 0.000000 0.869072 0.000000 0.494685 0.461913 0.461913 0.461913
1444.230347 0.000000 1387.387939 0.000000 0.639886 0.000000 0.768470 0.513912 0.513912 0.513912
1517.059937 0.000000 1398.016846 0.000000 0.877302 0.000000 0.479938 0.393501 0.393501 0.393501
1490.973877 0.000000 1357.027954 0.000000 0.812998 0.000000 0.582267 0.391745 0.391745 0.391745
1481.939697 0.000000 1370.913452 0.000000 0.871608 0.000000 0.490203 0.393068 0.393068 0.393068
1499.827881 0.000000 1359.664185 0.000000 0.812925 0.000000 0.582368 0.391309 0.391309 0.391309
1507.097656 0.000000 1397.725098 0.000000 0.721196 0.000000 0.692731 0.392087 0.392087 0.392087
1487.977173 0.000000 1404.692139 0.000000 0.623475 0.000000 0.781843 0.403174 0.403174 0.403174
1487.150513 0.000000 1409.235962 0.000000 0.950445 0.000000 0.310893 0.415758 0.415758 0.415758
1487.409668 0.000000 1395.785156 0.000000 0.643801 0.000000 0.765193 0.440561 0.440561 0.440561
1496.838135 0.000000 1393.736694 0.000000 0.635317 0.000000 0.772251 0.447738 0.447738 0.447738
1512.255371 0.000000 1400.511719 0.000000 0.856992 0.000000 0.515330 0.469012 0.469012 0.469012
1494.083252 0.000000 1392.067139 0.000000 0.819566 0.000000 0.572984 0.465815 0.465815 0.465815
1488.015625 0.000000 1389.409302 0.000000 0.609150 0.000000 0.793055 0.456315 0.456315 0.456315
1420.076904 0.000000 1447.419800 0.000000 0.761135 0.000000 0.648594 0.392931 0.392931 0.392931
1410.523438 0.000000 1426.524292 0.000000 0.749885 0.000000 0.661568 0.403928 0.403928 0.403928
1417.306274 0.000000 1437.783936 0.000000 0.816322 0.000000 0.577597 0.397981 0.397981 0.397981
1417.114258 0.000000 1442.223145 0.000000 0.855343 0.000000 0.518062 0.412268 0.412268 0.412268
1431.989624 0.000000 1425.139160 0.000000 0.738550 0.000000 0.674199 0.403675 0.403675 0.403675
1439.070923 0.000000 1432.766602 0.000000 0.802253 0.000000 0.596984 0.442757 0.442757 0.442757
1425.270264 0.000000 1462.927002 0.000000 0.904043 0.000000 0.427441 0.436699 0.436699 0.436699
1430.808716 0.000000 1455.128296 0.000000 0.922527 0.000000 0.385932 0.471801 0.471801 0.471801
1440.286133 0.000000 1436.987549 0.000000 0.919399 0.000000 0.393325 0.500197 0.500197 0.500197
1431.490234 0.000000 1437.556763 0.000000 0.615726 0.000000 0.787960 0.529577 0.529577 0.529577
1430.552368 0.000000 1436.357666 0.000000 0.640615 0.000000 0.767862 0.530366 0.530366 0.530366
1438.440186 0.000000 1442.173218 0.000000 0.735824 0.000000 0.677173 0.568588 0.568588 0.568588
1434.844604 0.000000 1437.434082 0.000000 0.933659 0.000000 0.358162 0.542926 0.542926 0.542926
1434.425659 0.000000 1445.509277 0.000000 0.947367 0.000000 0.320149 0.660122 0.660122 0.660122
1498.516602 0.000000 1450.888306 0.000000 0.821779 0.000000 0.569806 0.391554 0.391554 0.391554
1499.827881 0.000000 1416.148560 0.000000 0.758243 0.000000 0.651972 0.396619 0.396619 0.396619
1533.359375 0.000000 1433.182983 0.000000 0.744001 0.000000 0.668179 0.407538 0.407538 0.407538
1503.860107 0.000000 1459.942871 0.000000 0.885953 0.000000 0.463776 0.407516 0.407516 0.407516
1524.288452 0.000000 1432.939453 0.000000 0.637029 0.000000 0.770839 0.407141 0.407141 0.407141
1489.260742 0.000000 1454.673706 0.000000 0.639210 0.000000 0.769032 0.444144 0.444144 0.444144
1485.791260 0.000000 1412.161987 0.000000 0.727035 0.000000 0.686600 0.455589 0.455589 0.455589
1480.825562 0.000000 1446.618408 0.000000 0.893088 0.000000 0.449883 0.470448 0.470448 0.470448
1506.393921 0.000000 1424.802368 0.000000 0.764004 0.000000 0.645211 0.452886 0.452886 0.452886
1480.168701 0.000000 1447.885010 0.000000 0.710386 0.000000 0.703812 0.464414 0.464414 0.464414
1514.089600 0.000000 1445.722656 0.000000 0.803958 0.000000 0.594685 0.485888 0.485888 0.485888
1527.150269 0.000000 1460.192017 0.000000 0.603814 0.000000 0.797126 0.560019 0.560019 0.560019
1485.509277 0.000000 1449.885620 0.000000 0.664774 0.000000 0.747045 0.498168 0.498168 0.498168
1529.562134 0.000000 1460.403198 0.000000 0.776206 0.000000 0.630480 0.496126 0.496126 0.496126
1393.495239 0.000000 1468.693848 0.000000 0.717948 0.000000 0.696097 0.389505 0.389505 0.389505
1406.677124 0.000000 1471.139771 0.000000 0.593958 0.000000 0.804496 0.387832 0.387832 0.387832
1404.870728 0.000000 1475.986206 0.000000 0.641416 0.000000 0.767194 0.412784 0.412784 0.412784
1401.855957 0.000000 1477.415894 0.000000 0.900567 0.000000 0.434716 0.446073 0.446073 0.446073
1400.234741 0.000000 1470.336670 0.000000 0.906137 0.000000 0.422985 0.461518 0.461518 0.461518
1396.128174 0.000000 1474.079102 0.000000 0.713623 0.000000 0.700530 0.468208 0.468208 0.468208
1394.616577 0.000000 1571.131348 0.000000 0.743462 0.000000 0.668779 0.390014 0.390014 0.390014
1404.241577 0.000000 1535.820557 0.000000 0.822196 0.000000 0.569204 0.445235 0.445235 0.445235
1429.428101 0.000000 1500.941406 0.000000 0.932944 0.000000 0.360022 0.395274 0.395274 0.395274
1419.714111 0.000000 1506.596924 0.000000 0.887324 0.000000 0.461147 0.393515 0.393515 0.393515
1432.982788 0.000000 1472.467651 0.000000 0.890876 0.000000 0.454246 0.393596 0.393596 0.393596
1430.908936 0.000000 1479.593628 0.000000 0.909074 0.000000 0.416634 0.394142 0.394142 0.394142
1421.917725 0.000000 1500.039917 0.000000 0.893867 0.000000 0.448333 0.402062 0.402062 0.402062
1417.306274 0.000000 1494.268311 0.000000 0.820125 0.000000 0.572184 0.398076 0.398076 0.398076
1413.188354 0.000000 1511.333862 0.000000 0.925370 0.000000 0.379065 0.408910 0.408910 0.408910
1416.816650 0.000000 1516.602051 0.000000 0.900862 0.000000 0.434106 0.409917 0.409917 0.409917
1451.631348 0.000000 1512.143677 0.000000 0.710110 0.000000 0.704091 0.414245 0.414245 0.414245
1423.104492 0.000000 1473.445801 0.000000 0.833581 0.000000 0.552398 0.428631 0.428631 0.428631
1425.197510 0.000000 1475.386841 0.000000 0.817460 0.000000 0.575986 0.452604 0.452604 0.452604
1422.478760 0.000000 1513.074341 0.000000 0.824996 0.000000 0.565139 0.482886 0.482886 0.482886
1423.857666 0.000000 1523.884033 0.000000 0.726480 0.000000 0.687188 0.464858 0.464858 0.464858
1433.114868 0.000000 1522.920166 0.000000 0.609344 0.000000 0.792906 0.487457 0.487457 0.487457
1422.955566 0.000000 1520.885986 0.000000 0.630437 0.000000 0.776240 0.478863 0.478863 0.478863
1432.281372 0.000000 1509.304077 0.000000 0.710396 0.000000 0.703803 0.486619 0.486619 0.486619
1429.435547 0.000000 1514.601318 0.000000 0.592808 0.000000 0.805344 0.624378 0.624378 0.624378
1424.779419 0.000000 1516.830688 0.000000 0.937702 0.000000 0.347440 0.623075 0.623075 0.623075
1535.419312 0.000000 1490.465820 0.000000 0.838979 0.000000 0.544164 0.392616 0.392616 0.392616
1514.157837 0.000000 1491.430054 0.000000 0.916597 0.000000 0.399811 0.394578 0.394578 0.394578
1527.430908 0.000000 1482.470825 0.000000 0.666510 0.000000 0.745496 0.388910 0.388910 0.388910
1476.219482 0.000000 1501.227905 0.000000 0.824734 0.000000 0.565520 0.391897 0.391897 0.391897
1518.326538 0.000000 1479.711792 0.000000 0.782590 0.000000 0.622537 0.404687 0.404687 0.404687
1489.373657 0.000000 1468.700195 0.000000 0.624576 0.000000 0.780964 0.401345 0.401345 0.401345
1525.193481 0.000000 1507.928711 0.000000 0.799325 0.000000 0.600899 0.418261 0.418261 0.418261
1535.474121 0.000000 1513.818237 0.000000 0.913436 0.000000 0.406982 0.418002 0.418002 0.418002
1532.200928 0.000000 1512.666382 0.000000 0.854505 0.000000 0.519444 0.429272 0.429272 0.429272
1484.231934 0.000000 1471.430298 0.000000 0.657562 0.000000 0.753400 0.418677 0.418677 0.418677
1484.622803 0.000000 1492.225342 0.000000 0.674079 0.000000 0.738659 0.441269 0.441269 0.441269
1477.528809 0.000000 1497.931885 0.000000 0.906322 0.000000 0.422589 0.471031 0.471031 0.471031
1523.249023 0.000000 1473.004028 0.000000 0.825571 0.000000 0.564298 0.443458 0.443458 0.443458
1533.805542 0.000000 1504.240112 0.000000 0.938774 0.000000 0.344534 0.478390 0.478390 0.478390
1528.805054 0.000000 1508.107910 0.000000 0.947531 0.000000 0.319664 0.473161 0.473161 0.473161
1528.429443 0.000000 1505.789185 0.000000 0.643349 0.000000 0.765573 0.499379 0.499379 0.499379
1530.465332 0.000000 1506.125610 0.000000 0.719660 0.000000 0.694327 0.514605 0.514605 0.514605
1468.370483 0.000000 1570.974731 0.000000 0.715628 0.000000 0.698481 0.390104 0.390104 0.390104
1408.164185 0.000000 1581.417236 0.000000 0.929869 0.000000 0.367890 0.401429 0.401429 0.401429
1409.729858 0.000000 1557.670410 0.000000 0.780304 0.000000 0.625401 0.402755 0.402755 0.402755
1427.258667 0.000000 1563.971680 0.000000 0.911931 0.000000 0.410345 0.408402 0.408402 0.408402
1470.808594 0.000000 1553.105591 0.000000 0.877087 0.000000 0.480332 0.401536 0.401536 0.401536
1430.295044 0.000000 1532.551270 0.000000 0.939654 0.000000 0.342126 0.409500 0.409500 0.409500
1433.637573 0.000000 1561.775513 0.000000 0.904317 0.000000 0.426862 0.411944 0.411944 0.411944
1429.078003 0.000000 1527.205811 0.000000 0.727286 0.000000 0.686335 0.410899 0.410899 0.410899
1416.026367 0.000000 1579.532471 0.000000 0.854758 0.000000 0.519027 0.412251 0.412251 0.412251
1457.177856 0.000000 1566.691406 0.000000 0.896045 0.000000 0.443962 0.424979 0.424979 0.424979
1425.260742 0.000000 1567.642456 0.000000 0.947557 0.000000 0.319587 0.448245 0.448245 0.448245
1411.034790 0.000000 1579.236450 0.000000 0.860938 0.000000 0.508710 0.461610 0.461610 0.461610
1408.951294 0.000000 1539.313354 0.000000 0.648495 0.000000 0.761219 0.462792 0.462792 0.462792
1438.746948 0.000000 1526.666138 0.000000 0.945569 0.000000 0.325422 0.469214 0.469214 0.469214
1415.945435 0.000000 1577.484131 0.000000 0.840095 0.000000 0.542439 0.492833 0.492833 0.492833
1420.848267 0.000000 1568.981201 0.000000 0.936639 0.000000 0.350297 0.569783 0.569783 0.569783
1414.734985 0.000000 1575.132202 0.000000 0.756013 0.000000 0.654557 0.517703 0.517703 0.517703
1522.569214 0.000000 1581.051880 0.000000 0.886878 0.000000 0.462004 0.393741 0.393741 0.393741
1521.495239 0.000000 1525.178223 0.000000 0.903832 0.000000 0.427887 0.394017 0.394017 0.394017
1524.968994 0.000000 1529.436035 0.000000 0.910383 0.000000 0.413767 0.394164 0.394164 0.394164
1475.898438 0.000000 1577.834717 0.000000 0.849828 0.000000 0.527060 0.392461 0.392461 0.392461
1472.974365 0.000000 1537.785889 0.000000 0.743817 0.000000 0.668384 0.390684 0.390684 0.390684
1486.486328 0.000000 1563.759888 0.000000 0.934419 0.000000 0.356176 0.399693 0.399693 0.399693
1513.380981 0.000000 1541.025757 0.000000 0.856729 0.000000 0.515767 0.408521 0.408521 0.408521
1486.324707 0.000000 1548.966064 0.000000 0.832354 0.000000 0.554244 0.405948 0.405948 0.405948
1474.093750 0.000000 1536.144531 0.000000 0.866161 0.000000 0.499765 0.412593 0.412593 0.412593
1478.067017 0.000000 1558.213623 0.000000 0.675773 0.000000 0.737110 0.428342 0.428342 0.428342
1484.302734 0.000000 1545.476562 0.000000 0.835996 0.000000 0.548735 0.443785 0.443785 0.443785
1484.622803 0.000000 1548.709717 0.000000 0.811272 0.000000 0.584668 0.427987 0.427987 0.427987
1521.566528 0.000000 1532.260742 0.000000 0.726416 0.000000 0.687255 0.451856 0.451856 0.451856
1508.710693 0.000000 1574.574707 0.000000 0.621089 0.000000 0.783740 0.449246 0.449246 0.449246
1472.942993 0.000000 1528.227539 0.000000 0.818226 0.000000 0.574896 0.467646 0.467646 0.467646
1514.445190 0.000000 1563.933960 0.000000 0.914149 0.000000 0.405378 0.479004 0.479004 0.479004
1515.522339 0.000000 1567.181885 0.000000 0.784163 0.000000 0.620555 0.574352 0.574352 0.574352
1517.661743 0.000000 1575.333618 0.000000 0.770436 0.000000 0.637517 0.562660 0.562660 0.562660
1515.740479 0.000000 1574.010132 0.000000 0.705251 0.000000 0.708958 0.571025 0.571025 0.571025
1481.029297 0.000000 1545.680420 0.000000 0.791128 0.000000 0.611651 0.563557 0.563557 0.563557
1510.659058 0.000000 1566.576294 0.000000 0.667688 0.000000 0.744441 0.536735 0.536735 0.536735
1482.491211 0.000000 1541.965698 0.000000 0.882572 0.000000 0.470177 0.545538 0.545538 0.545538
1516.171021 0.000000 1580.342041 0.000000 0.645210 0.000000 0.764005 0.526863 0.526863 0.526863
1483.067627 0.000000 1540.580444 0.000000 0.628539 0.000000 0.777778 0.535442 0.535442 0.535442
1513.787598 0.000000 1564.868408 0.000000 0.933771 0.000000 0.357872 0.548643 0.548643 0.548643
1514.433472 0.000000 1566.520508 0.000000 0.889701 0.000000 0.456543 0.579833 0.579833 0.579833
1391.365356 0.000000 1612.366089 0.000000 0.609032 0.000000 0.793146 0.388109 0.388109 0.388109
1396.612793 0.000000 1597.274536 0.000000 0.727236 0.000000 0.686388 0.389839 0.389839 0.389839
1373.536743 0.000000 1621.575684 0.000000 0.717083 0.000000 0.696988 0.389526 0.389526 0.389526
1367.654907 0.000000 1615.218018 0.000000 0.830926 0.000000 0.556382 0.391751 0.391751 0.391751
1379.886841 0.000000 1612.187012 0.000000 0.781938 0.000000 0.623357 0.404672 0.404672 0.404672
1362.130249 0.000000 1626.655762 0.000000 0.703663 0.000000 0.710534 0.399195 0.399195 0.399195
1394.636963 0.000000 1592.016846 0.000000 0.770672 0.000000 0.637232 0.404405 0.404405 0.404405
1363.138916 0.000000 1629.226196 0.000000 0.885529 0.000000 0.464585 0.405601 0.405601 0.405601
1401.029419 0.000000 1587.999268 0.000000 0.622057 0.000000 0.782972 0.403147 0.403147 0.403147
1388.112549 0.000000 1635.616943 0.000000 0.718074 0.000000 0.695967 0.486848 0.486848 0.486848
1365.436035 0.000000 1689.344849 0.000000 0.808301 0.000000 0.588769 0.391482 0.391482 0.391482
1399.542480 0.000000 1661.176636 0.000000 0.787279 0.000000 0.616597 0.390844 0.390844 0.390844
1380.845703 0.000000 1684.026733 0.000000 0.596526 0.000000 0.802594 0.419262 0.419262 0.419262
1403.649170 0.000000 1659.559570 0.000000 0.712903 0.000000 0.701262 0.423620 0.423620 0.423620
1376.238770 0.000000 1691.585327 0.000000 0.854863 0.000000 0.518854 0.474587 0.474587 0.474587
1369.668701 0.000000 1687.143677 0.000000 0.862466 0.000000 0.506116 0.552009 0.552009 0.552009
1368.109253 0.000000 1681.010132 0.000000 0.932850 0.000000 0.360264 0.597984 0.597984 0.597984
1369.416992 0.000000 1679.385986 0.000000 0.592514 0.000000 0.805560 0.581276 0.581276 0.581276
1446.352295 0.000000 1630.750977 0.000000 0.933427 0.000000 0.358766 0.394943 0.394943 0.394943
1454.584106 0.000000 1630.343018 0.000000 0.723765 0.000000 0.690046 0.392139 0.392139 0.392139
1448.666260 0.000000 1627.885010 0.000000 0.851692 0.000000 0.524043 0.415946 0.415946 0.415946
1464.204712 0.000000 1591.823364 0.000000 0.895201 0.000000 0.445662 0.440160 0.440160 0.440160
1469.523560 0.000000 1595.147949 0.000000 0.723680 0.000000 0.690136 0.464780 0.464780 0.464780
1453.060913 0.000000 1630.505249 0.000000 0.703021 0.000000 0.711169 0.479012 0.479012 0.479012
1430.790405 0.000000 1608.091309 0.000000 0.908025 0.000000 0.418917 0.461601 0.461601 0.461601
1470.222290 0.000000 1604.274170 0.000000 0.861335 0.000000 0.508038 0.469175 0.469175 0.469175
1456.912598 0.000000 1597.375488 0.000000 0.851986 0.000000 0.523565 0.463172 0.463172 0.463172
1409.633667 0.000000 1607.293091 0.000000 0.657044 0.000000 0.753852 0.475896 0.475896 0.475896
1433.165405 0.000000 1605.761108 0.000000 0.855660 0.000000 0.517539 0.489686 0.489686 0.489686
1522.569214 0.000000 1637.536255 0.000000 0.620887 0.000000 0.783900 0.388259 0.388259 0.388259
1525.811401 0.000000 1622.861572 0.000000 0.902442 0.000000 0.430811 0.394084 0.394084 0.394084
1510.658447 0.000000 1589.783447 0.000000 0.632661 0.000000 0.774429 0.387704 0.387704 0.387704
1491.875488 0.000000 1597.011353 0.000000 0.847985 0.000000 0.530020 0.392218 0.392218 0.392218
1489.307007 0.000000 1592.508423 0.000000 0.901350 0.000000 0.433092 0.393782 0.393782 0.393782
1484.076904 0.000000 1616.872925 0.000000 0.602061 0.000000 0.798450 0.400919 0.400919 0.400919
1473.116211 0.000000 1618.061768 0.000000 0.940506 0.000000 0.339777 0.409537 0.409537 0.409537
1473.729858 0.000000 1614.154785 0.000000 0.685338 0.000000 0.728225 0.395097 0.395097 0.395097
1520.587158 0.000000 1632.488525 0.000000 0.697529 0.000000 0.716557 0.402796 0.402796 0.402796
1477.188354 0.000000 1624.302612 0.000000 0.805003 0.000000 0.593271 0.405237 0.405237 0.405237
1526.447144 0.000000 1630.771973 0.000000 0.865689 0.000000 0.500581 0.406890 0.406890 0.406890
1479.299561 0.000000 1622.300659 0.000000 0.739157 0.000000 0.673534 0.401818 0.401818 0.401818
1500.897827 0.000000 1603.201416 0.000000 0.678433 0.000000 0.734663 0.402404 0.402404 0.402404
1521.878906 0.000000 1593.906372 0.000000 0.929927 0.000000 0.367743 0.409092 0.409092 0.409092
1521.047241 0.000000 1590.386963 0.000000 0.642271 0.000000 0.766478 0.401685 0.401685 0.401685
1502.427490 0.000000 1619.849731 0.000000 0.859562 0.000000 0.511031 0.427540 0.427540 0.427540
1507.805054 0.000000 1600.476807 0.000000 0.882684 0.000000 0.469967 0.435899 0.435899 0.435899
1512.327271 0.000000 1603.834351 0.000000 0.883858 0.000000 0.467755 0.420752 0.420752 0.420752
1515.779663 0.000000 1586.543945 0.000000 0.825692 0.000000 0.564122 0.424630 0.424630 0.424630
1511.698120 0.000000 1583.520752 0.000000 0.889340 0.000000 0.457247 0.457018 0.457018 0.457018
1514.488525 0.000000 1582.810669 0.000000 0.891937 0.000000 0.452159 0.500703 0.500703 0.500703
1503.819336 0.000000 1614.298340 0.000000 0.718535 0.000000 0.695491 0.483162 0.483162 0.483162
1504.531982 0.000000 1604.750122 0.000000 0.901200 0.000000 0.433403 0.485984 0.485984 0.485984
1506.794678 0.000000 1618.470337 0.000000 0.608400 0.000000 0.793630 0.478288 0.478288 0.478288
1505.384155 0.000000 1606.985962 0.000000 0.713119 0.000000 0.701043 0.525439 0.525439 0.525439
1421.646240 0.000000 1678.793091 0.000000 0.763290 0.000000 0.646057 0.390706 0.390706 0.390706
1423.212769 0.000000 1650.500244 0.000000 0.821763 0.000000 0.569830 0.391766 0.391766 0.391766
1420.244629 0.000000 1688.663452 0.000000 0.671471 0.000000 0.741030 0.388540 0.388540 0.388540
1428.109741 0.000000 1649.736572 0.000000 0.795444 0.000000 0.606027 0.391028 0.391028 0.391028
1428.386963 0.000000 1664.843994 0.000000 0.856617 0.000000 0.515953 0.393355 0.393355 0.393355
1421.917725 0.000000 1669.493042 0.000000 0.794579 0.000000 0.607160 0.395569 0.395569 0.395569
1445.593018 0.000000 1680.257568 0.000000 0.695477 0.000000 0.718548 0.391570 0.391570 0.391570
1426.931519 0.000000 1669.373047 0.000000 0.750128 0.000000 0.661293 0.400188 0.400188 0.400188
1420.076904 0.000000 1673.357300 0.000000 0.916584 0.000000 0.399843 0.408573 0.408573 0.408573
1416.383423 0.000000 1659.910645 0.000000 0.870541 0.000000 0.492095 0.397543 0.397543 0.397543
1465.361084 0.000000 1650.836182 0.000000 0.688277 0.000000 0.725448 0.404466 0.404466 0.404466
1461.819214 0.000000 1646.672607 0.000000 0.800643 0.000000 0.599142 0.459581 0.459581 0.459581
1431.844482 0.000000 1685.567505 0.000000 0.659453 0.000000 0.751745 0.463070 0.463070 0.463070
1535.450562 0.000000 1645.976196 0.000000 0.681809 0.000000 0.731531 0.389439 0.389439 0.389439
1511.451416 0.000000 1653.042358 0.000000 0.933121 0.000000 0.359562 0.399641 0.399641 0.399641
1498.413818 0.000000 1646.318359 0.000000 0.916071 0.000000 0.401016 0.408554 0.408554 0.408554
1503.953247 0.000000 1643.722046 0.000000 0.860958 0.000000 0.508675 0.406750 0.406750 0.406750
1511.815552 0.000000 1647.600586 0.000000 0.661044 0.000000 0.750347 0.429863 0.429863 0.429863
1511.286377 0.000000 1644.869019 0.000000 0.704032 0.000000 0.710168 0.464241 0.464241 0.464241
1479.681641 0.000000 1676.964966 0.000000 0.589217 0.000000 0.807975 0.454015 0.454015 0.454015
1530.349854 0.000000 1644.322266 0.000000 0.943206 0.000000 0.332209 0.486300 0.486300 0.486300
1528.681396 0.000000 1643.308716 0.000000 0.675162 0.000000 0.737670 0.524171 0.524171 0.524171
1379.024292 0.000000 1715.103394 0.000000 0.913058 0.000000 0.407829 0.394127 0.394127 0.394127
1375.953247 0.000000 1700.206421 0.000000 0.742972 0.000000 0.669322 0.403773 0.403773 0.403773
1393.818970 0.000000 1721.278931 0.000000 0.649004 0.000000 0.760785 0.401817 0.401817 0.401817
1397.692383 0.000000 1706.266235 0.000000 0.914955 0.000000 0.403556 0.431418 0.431418 0.431418
1402.963013 0.000000 1712.669922 0.000000 0.914222 0.000000 0.405214 0.431388 0.431388 0.431388
1374.746948 0.000000 1696.119263 0.000000 0.673902 0.000000 0.738820 0.448664 0.448664 0.448664
1409.439453 0.000000 1718.910645 0.000000 0.692015 0.000000 0.721883 0.398957 0.398957 0.398957
1577.246460 0.000000 1460.421143 0.000000 0.814839 0.000000 0.579688 0.391664 0.391664 0.391664
1591.879395 0.000000 1455.304199 0.000000 0.637109 0.000000 0.770774 0.387916 0.387916 0.387916
1560.281860 0.000000 1434.124512 0.000000 0.705577 0.000000 0.708633 0.389903 0.389903 0.389903
1545.306274 0.000000 1437.783936 0.000000 0.850927 0.000000 0.525285 0.402674 0.402674 0.402674
1536.164185 0.000000 1468.448486 0.000000 0.929376 0.000000 0.369134 0.405240 0.405240 0.405240
1552.326904 0.000000 1434.776367 0.000000 0.838743 0.000000 0.544527 0.406121 0.406121 0.406121
1541.852539 0.000000 1434.954956 0.000000 0.763343 0.000000 0.645993 0.404235 0.404235 0.404235
1558.646118 0.000000 1442.775146 0.000000 0.898900 0.000000 0.438154 0.407944 0.407944 0.407944
1560.739258 0.000000 1440.678589 0.000000 0.819813 0.000000 0.572631 0.405616 0.405616 0.405616
1578.572388 0.000000 1461.688232 0.000000 0.740415 0.000000 0.672150 0.428005 0.428005 0.428005
1588.960205 0.000000 1462.168457 0.000000 0.906276 0.000000 0.422686 0.455819 0.455819 0.455819
1584.720703 0.000000 1442.153198 0.000000 0.945375 0.000000 0.325984 0.471118 0.471118 0.471118
1583.751465 0.000000 1449.669556 0.000000 0.692374 0.000000 0.721539 0.465777 0.465777 0.465777
1568.099487 0.000000 1448.928955 0.000000 0.637909 0.000000 0.770112 0.457007 0.457007 0.457007
1565.245483 0.000000 1447.944214 0.000000 0.835629 0.000000 0.549294 0.473880 0.473880 0.473880
1581.534546 0.000000 1447.130859 0.000000 0.917700 0.000000 0.397274 0.473468 0.473468 0.473468
1575.334595 0.000000 1451.867676 0.000000 0.930449 0.000000 0.366422 0.576914 0.576914 0.576914
1591.150269 0.000000 1460.192017 0.000000 0.679653 0.000000 0.733534 0.524317 0.524317 0.524317
1585.451660 0.000000 1457.804443 0.000000 0.847042 0.000000 0.531526 0.526895 0.526895 0.526895
1576.979370 0.000000 1454.387695 0.000000 0.772823 0.000000 0.634622 0.551667 0.551667 0.551667
1578.433472 0.000000 1453.551758 0.000000 0.926365 0.000000 0.376626 0.654227 0.654227 0.654227
1560.281860 0.000000 1490.608887 0.000000 0.909387 0.000000 0.415952 0.408310 0.408310 0.408310
1576.552612 0.000000 1521.444946 0.000000 0.826248 0.000000 0.563307 0.403897 0.403897 0.403897
1573.573853 0.000000 1480.098022 0.000000 0.596417 0.000000 0.802675 0.441335 0.441335 0.441335
1537.437988 0.000000 1506.554321 0.000000 0.901545 0.000000 0.432685 0.459419 0.459419 0.459419
1542.769043 0.000000 1504.601074 0.000000 0.752864 0.000000 0.658176 0.484207 0.484207 0.484207
1539.716309 0.000000 1566.184326 0.000000 0.726675 0.000000 0.686981 0.390244 0.390244 0.390244
1553.983643 0.000000 1546.446411 0.000000 0.719597 0.000000 0.694392 0.389729 0.389729 0.389729
1565.193848 0.000000 1551.289307 0.000000 0.909114 0.000000 0.416548 0.394036 0.394036 0.394036
1575.709595 0.000000 1525.080444 0.000000 0.613822 0.000000 0.789444 0.415922 0.415922 0.415922
1554.458496 0.000000 1560.174072 0.000000 0.907481 0.000000 0.420093 0.469183 0.469183 0.469183
1559.405151 0.000000 1554.447266 0.000000 0.846862 0.000000 0.531813 0.479934 0.479934 0.479934
1558.790405 0.000000 1551.606934 0.000000 0.916945 0.000000 0.399014 0.484850 0.484850 0.484850
1559.770020 0.000000 1570.635742 0.000000 0.852152 0.000000 0.523294 0.480135 0.480135 0.480135
1557.435547 0.000000 1571.085693 0.000000 0.669065 0.000000 0.743204 0.544092 0.544092 0.544092
1552.365479 0.000000 1568.272827 0.000000 0.890700 0.000000 0.454592 0.585540 0.585540 0.585540
1547.910645 0.000000 1609.245483 0.000000 0.654447 0.000000 0.756108 0.394497 0.394497 0.394497
1546.323975 0.000000 1613.055908 0.000000 0.921716 0.000000 0.387866 0.431699 0.431699 0.431699
1546.104736 0.000000 1628.653320 0.000000 0.724715 0.000000 0.689049 0.449952 0.449952 0.449952
1546.169800 0.000000 1622.136230 0.000000 0.659865 0.000000 0.751384 0.455705 0.455705 0.455705
1544.168701 0.000000 1617.338135 0.000000 0.925985 0.000000 0.377561 0.471974 0.471974 0.471974
635.060547 0.000000 2640.873535 0.000000 0.635770 0.000000 0.771878 0.395999 0.395999 0.395999
637.048584 0.000000 2637.546631 0.000000 0.884122 0.000000 0.467256 0.413160 0.413160 0.413160
596.724670 0.000000 2684.466064 0.000000 0.813104 0.000000 0.582118 0.391500 0.391500 0.391500
622.584106 0.000000 2703.546143 0.000000 0.821561 0.000000 0.570121 0.391519 0.391519 0.391519
595.258667 0.000000 2693.659180 0.000000 0.814436 0.000000 0.580253 0.399820 0.399820 0.399820
637.061157 0.000000 2655.322021 0.000000 0.632268 0.000000 0.774749 0.397786 0.397786 0.397786
600.535400 0.000000 2689.809326 0.000000 0.822020 0.000000 0.569459 0.462141 0.462141 0.462141
630.159851 0.000000 2705.412354 0.000000 0.883275 0.000000 0.468855 0.553109 0.553109 0.553109
631.150269 0.000000 2702.848389 0.000000 0.627668 0.000000 0.778481 0.529953 0.529953 0.529953
639.189758 0.000000 2705.260254 0.000000 0.592263 0.000000 0.805745 0.497944 0.497944 0.497944
639.301819 0.000000 2698.863770 0.000000 0.927404 0.000000 0.374062 0.534900 0.534900 0.534900
629.469116 0.000000 2703.455811 0.000000 0.738407 0.000000 0.674356 0.587057 0.587057 0.587057
693.811401 0.000000 2639.580322 0.000000 0.716977 0.000000 0.697097 0.389755 0.389755 0.389755
642.422791 0.000000 2626.680908 0.000000 0.900901 0.000000 0.434025 0.404200 0.404200 0.404200
671.860107 0.000000 2646.114746 0.000000 0.925410 0.000000 0.378967 0.420387 0.420387 0.420387
690.636902 0.000000 2608.735596 0.000000 0.931144 0.000000 0.364653 0.409141 0.409141 0.409141
684.434570 0.000000 2610.060059 0.000000 0.795546 0.000000 0.605893 0.405002 0.405002 0.405002
643.196289 0.000000 2644.031738 0.000000 0.676729 0.000000 0.736233 0.437629 0.437629 0.437629
641.867004 0.000000 2654.484375 0.000000 0.900638 0.000000 0.434571 0.453680 0.453680 0.453680
658.442932 0.000000 2614.660400 0.000000 0.801889 0.000000 0.597473 0.429605 0.429605 0.429605
640.314148 0.000000 2648.023193 0.000000 0.833485 0.000000 0.552543 0.485072 0.485072 0.485072
646.498657 0.000000 2652.824219 0.000000 0.699603 0.000000 0.714532 0.471521 0.471521 0.471521
641.707214 0.000000 2646.785156 0.000000 0.865693 0.000000 0.500576 0.458007 0.458007 0.458007
668.559937 0.000000 2627.557617 0.000000 0.766612 0.000000 0.642111 0.490225 0.490225 0.490225
656.743958 0.000000 2607.875977 0.000000 0.592162 0.000000 0.805819 0.468732 0.468732 0.468732
676.104614 0.000000 2633.525879 0.000000 0.927552 0.000000 0.373694 0.639213 0.639213 0.639213
711.299622 0.000000 2639.019287 0.000000 0.919211 0.000000 0.393765 0.402937 0.402937 0.402937
713.040466 0.000000 2639.805908 0.000000 0.660866 0.000000 0.750504 0.416894 0.416894 0.416894
657.626343 0.000000 2659.975098 0.000000 0.891217 0.000000 0.453577 0.393865 0.393865 0.393865
692.391907 0.000000 2703.152344 0.000000 0.776986 0.000000 0.629518 0.390786 0.390786 0.390786
695.033203 0.000000 2693.213623 0.000000 0.911968 0.000000 0.410261 0.394280 0.394280 0.394280
642.854553 0.000000 2702.312500 0.000000 0.754420 0.000000 0.656392 0.389989 0.389989 0.389989
657.307007 0.000000 2665.711426 0.000000 0.945596 0.000000 0.325343 0.398241 0.398241 0.398241
671.881897 0.000000 2657.415039 0.000000 0.683776 0.000000 0.729692 0.393203 0.393203 0.393203
655.571045 0.000000 2661.378174 0.000000 0.888376 0.000000 0.459116 0.393379 0.393379 0.393379
659.281555 0.000000 2710.420166 0.000000 0.753281 0.000000 0.657699 0.392760 0.392760 0.392760
655.150574 0.000000 2708.376709 0.000000 0.904774 0.000000 0.425892 0.408147 0.408147 0.408147
645.476685 0.000000 2706.043945 0.000000 0.808161 0.000000 0.588961 0.414732 0.414732 0.414732
689.047241 0.000000 2663.590088 0.000000 0.866386 0.000000 0.499374 0.408807 0.408807 0.408807
671.343445 0.000000 2697.902344 0.000000 0.678980 0.000000 0.734157 0.426561 0.426561 0.426561
659.362671 0.000000 2663.077148 0.000000 0.640428 0.000000 0.768018 0.420165 0.420165 0.420165
670.635132 0.000000 2699.328857 0.000000 0.838283 0.000000 0.545235 0.441973 0.441973 0.441973
640.976013 0.000000 2655.285889 0.000000 0.588164 0.000000 0.808742 0.444824 0.444824 0.444824
667.648804 0.000000 2662.199219 0.000000 0.906466 0.000000 0.422278 0.471037 0.471037 0.471037
641.717102 0.000000 2699.210693 0.000000 0.772284 0.000000 0.635278 0.481102 0.481102 0.481102
640.036377 0.000000 2701.360840 0.000000 0.886587 0.000000 0.462562 0.508012 0.508012 0.508012
694.457947 0.000000 2667.675049 0.000000 0.820630 0.000000 0.571459 0.471479 0.471479 0.471479
696.776306 0.000000 2681.608887 0.000000 0.906832 0.000000 0.421491 0.675072 0.675072 0.675072
697.029053 0.000000 2682.913818 0.000000 0.949191 0.000000 0.314702 0.687496 0.687496 0.687496
699.392273 0.000000 2681.833496 0.000000 0.822079 0.000000 0.569374 0.675811 0.675811 0.675811
693.815125 0.000000 2685.140625 0.000000 0.915799 0.000000 0.401637 0.509503 0.509503 0.509503
675.721069 0.000000 2699.963623 0.000000 0.804696 0.000000 0.593687 0.515789 0.515789 0.515789
699.613708 0.000000 2685.972900 0.000000 0.756283 0.000000 0.654244 0.671770 0.671770 0.671770
681.291626 0.000000 2704.271729 0.000000 0.891683 0.000000 0.452660 0.517710 0.517710 0.517710
701.822571 0.000000 2678.732422 0.000000 0.816222 0.000000 0.577739 0.536768 0.536768 0.536768
753.158875 0.000000 2689.394043 0.000000 0.880982 0.000000 0.473149 0.393479 0.393479 0.393479
740.176453 0.000000 2698.785156 0.000000 0.691753 0.000000 0.722135 0.389243 0.389243 0.389243
746.451965 0.000000 2689.699707 0.000000 0.844081 0.000000 0.536216 0.392257 0.392257 0.392257
726.346924 0.000000 2677.409180 0.000000 0.614484 0.000000 0.788930 0.417782 0.417782 0.417782
747.631287 0.000000 2698.315430 0.000000 0.627132 0.000000 0.778913 0.434652 0.434652 0.434652
725.358154 0.000000 2678.658203 0.000000 0.806520 0.000000 0.591207 0.454140 0.454140 0.454140
726.790405 0.000000 2681.294434 0.000000 0.813111 0.000000 0.582108 0.454345 0.454345 0.454345
709.906433 0.000000 2681.354248 0.000000 0.696655 0.000000 0.717406 0.469591 0.469591 0.469591
704.049255 0.000000 2685.463867 0.000000 0.890738 0.000000 0.454518 0.638131 0.638131 0.638131
705.633606 0.000000 2680.496094 0.000000 0.884996 0.000000 0.465598 0.549437 0.549437 0.549437
729.165405 0.000000 2678.964355 0.000000 0.898698 0.000000 0.438567 0.514284 0.514284 0.514284
706.696228 0.000000 2684.408203 0.000000 0.907072 0.000000 0.420975 0.560160 0.560160 0.560160
707.393616 0.000000 2682.264160 0.000000 0.635172 0.000000 0.772371 0.519248 0.519248 0.519248
729.625916 0.000000 2681.787842 0.000000 0.944122 0.000000 0.329596 0.539859 0.539859 0.539859
733.300476 0.000000 2679.680176 0.000000 0.662838 0.000000 0.748763 0.583936 0.583936 0.583936
732.754395 0.000000 2677.504883 0.000000 0.948045 0.000000 0.318136 0.589772 0.589772 0.589772
1745.114990 0.000000 2200.966064 0.000000 0.603575 0.000000 0.797306 0.387790 0.387790 0.387790
1789.061157 0.000000 2203.447021 0.000000 0.712734 0.000000 0.701435 0.408711 0.408711 0.408711
1825.860474 0.000000 2211.631836 0.000000 0.627469 0.000000 0.778642 0.387879 0.387879 0.387879
1276.552368 0.000000 2571.216064 0.000000 0.589577 0.000000 0.807712 0.454023 0.454023 0.454023
1279.399414 0.000000 2590.289307 0.000000 0.599577 0.000000 0.800317 0.503613 0.503613 0.503613
1277.826050 0.000000 2583.516602 0.000000 0.615736 0.000000 0.787952 0.578521 0.578521 0.578521
1275.219360 0.000000 2585.394043 0.000000 0.892182 0.000000 0.451675 0.608200 0.608200 0.608200
1278.953369 0.000000 2679.923340 0.000000 0.875772 0.000000 0.482726 0.627713 0.627713 0.627713
1297.633179 0.000000 2590.625732 0.000000 0.656368 0.000000 0.754441 0.424207 0.424207 0.424207
1281.603149 0.000000 2575.750244 0.000000 0.640866 0.000000 0.767653 0.646219 0.646219 0.646219
1280.003906 0.000000 2583.876709 0.000000 0.602592 0.000000 0.798049 0.481795 0.481795 0.481795
1299.485352 0.000000 2590.766357 0.000000 0.749509 0.000000 0.661994 0.667759 0.667759 0.667759
1281.161133 0.000000 2581.076904 0.000000 0.948230 0.000000 0.317586 0.620271 0.620271 0.620271
1292.126709 0.000000 2586.737305 0.000000 0.915957 0.000000 0.401277 0.583442 0.583442 0.583442
1532.200928 0.000000 2585.869629 0.000000 0.697419 0.000000 0.716664 0.413965 0.413965 0.413965
1287.773682 0.000000 2598.828125 0.000000 0.860183 0.000000 0.509985 0.448362 0.448362 0.448362
1304.171021 0.000000 2609.782227 0.000000 0.787826 0.000000 0.615898 0.673388 0.673388 0.673388
1323.041992 0.000000 2618.360107 0.000000 0.833649 0.000000 0.552294 0.673925 0.673925 0.673925
1303.267456 0.000000 2612.483398 0.000000 0.801753 0.000000 0.597656 0.500754 0.500754 0.500754
1284.526611 0.000000 2599.352051 0.000000 0.942816 0.000000 0.333314 0.685926 0.685926 0.685926
1303.363892 0.000000 2600.208496 0.000000 0.825149 0.000000 0.564915 0.546483 0.546483 0.546483
1302.567871 0.000000 2602.298828 0.000000 0.672163 0.000000 0.740403 0.662849 0.662849 0.662849
1308.043335 0.000000 2650.795166 0.000000 0.928092 0.000000 0.372350 0.631693 0.631693 0.631693
1324.511963 0.000000 2620.235840 0.000000 0.589917 0.000000 0.807464 0.602753 0.602753 0.602753
1302.245972 0.000000 2608.404297 0.000000 0.681862 0.000000 0.731481 0.668670 0.668670 0.668670
1320.628784 0.000000 2660.906006 0.000000 0.867582 0.000000 0.497293 0.392749 0.392749 0.392749
1308.897827 0.000000 2676.404541 0.000000 0.631824 0.000000 0.775112 0.399631 0.399631 0.399631
1319.927368 0.000000 2667.939697 0.000000 0.670655 0.000000 0.741770 0.448584 0.448584 0.448584
1298.552002 0.000000 2666.658203 0.000000 0.897512 0.000000 0.440991 0.474433 0.474433 0.474433
1300.957153 0.000000 2682.926514 0.000000 0.675519 0.000000 0.737342 0.480082 0.480082 0.480082
1307.908447 0.000000 2660.269287 0.000000 0.883575 0.000000 0.468289 0.460580 0.460580 0.460580
1317.877441 0.000000 2654.819580 0.000000 0.735627 0.000000 0.677387 0.481821 0.481821 0.481821
1313.452271 0.000000 2692.309326 0.000000 0.773381 0.000000 0.633942 0.479274 0.479274 0.479274
1322.089600 0.000000 2688.378906 0.000000 0.902972 0.000000 0.429699 0.486067 0.486067 0.486067
1314.885498 0.000000 2684.350342 0.000000 0.813085 0.000000 0.582146 0.517984 0.517984 0.517984
1311.658936 0.000000 2690.299316 0.000000 0.873626 0.000000 0.486599 0.616347 0.616347 0.616347
1318.330078 0.000000 2669.113770 0.000000 0.636708 0.000000 0.771105 0.544810 0.544810 0.544810
1301.697998 0.000000 2676.248047 0.000000 0.645341 0.000000 0.763894 0.510420 0.510420 0.510420
1312.142334 0.000000 2668.483643 0.000000 0.587968 0.000000 0.808884 0.557673 0.557673 0.557673
1306.409058 0.000000 2667.622070 0.000000 0.598391 0.000000 0.801204 0.594095 0.594095 0.594095
1323.135864 0.000000 2686.388672 0.000000 0.724987 0.000000 0.688763 0.535062 0.535062 0.535062
1320.788330 0.000000 2669.651855 0.000000 0.727591 0.000000 0.686011 0.536998 0.536998 0.536998
1298.772339 0.000000 2679.445068 0.000000 0.922774 0.000000 0.385342 0.540304 0.540304 0.540304
1320.703979 0.000000 2671.911865 0.000000 0.891880 0.000000 0.452272 0.530945 0.530945 0.530945
1324.375000 0.000000 2683.050293 0.000000 0.929484 0.000000 0.368862 0.557850 0.557850 0.557850
1311.322021 0.000000 2692.370850 0.000000 0.894539 0.000000 0.446990 0.625272 0.625272 0.625272
1323.118652 0.000000 2684.854980 0.000000 0.919569 0.000000 0.392929 0.617745 0.617745 0.617745
1325.105713 0.000000 2685.851318 0.000000 0.798973 0.000000 0.601367 0.623107 0.623107 0.623107
1295.096924 0.000000 2672.619873 0.000000 0.760171 0.000000 0.649723 0.602733 0.602733 0.602733
1373.201782 0.000000 2687.432129 0.000000 0.588377 0.000000 0.808587 0.463151 0.463151 0.463151
1387.793579 0.000000 2689.421875 0.000000 0.612025 0.000000 0.790838 0.618007 0.618007 0.618007
1396.335327 0.000000 2669.241211 0.000000 0.935279 0.000000 0.353910 0.584887 0.584887 0.584887
1397.308350 0.000000 2669.518555 0.000000 0.836184 0.000000 0.548449 0.578711 0.578711 0.578711
1412.483643 0.000000 2689.195557 0.000000 0.913607 0.000000 0.406597 0.435177 0.435177 0.435177
1423.887817 0.000000 2702.502930 0.000000 0.869992 0.000000 0.493066 0.616114 0.616114 0.616114
1445.444458 0.000000 2698.197266 0.000000 0.814592 0.000000 0.580035 0.633213 0.633213 0.633213
1417.007690 0.000000 2691.474854 0.000000 0.946154 0.000000 0.323716 0.583887 0.583887 0.583887
1442.307007 0.000000 2704.549316 0.000000 0.921218 0.000000 0.389046 0.683764 0.683764 0.683764
1442.901245 0.000000 2706.169434 0.000000 0.929227 0.000000 0.369509 0.684589 0.684589 0.684589
1623.052002 0.000000 2318.907227 0.000000 0.690953 0.000000 0.722899 0.406383 0.406383 0.406383
1703.553711 0.000000 2276.577393 0.000000 0.849754 0.000000 0.527180 0.392570 0.392570 0.392570
1699.024292 0.000000 2279.947021 0.000000 0.777908 0.000000 0.628378 0.393304 0.393304 0.393304
1750.003418 0.000000 2273.077393 0.000000 0.938065 0.000000 0.346459 0.395354 0.395354 0.395354
1790.998657 0.000000 2339.841064 0.000000 0.850353 0.000000 0.526213 0.408337 0.408337 0.408337
1786.259521 0.000000 2341.991455 0.000000 0.604026 0.000000 0.796965 0.472686 0.472686 0.472686
1575.709595 0.000000 2372.345947 0.000000 0.624913 0.000000 0.780694 0.410602 0.410602 0.410602
1809.893799 0.000000 2272.689697 0.000000 0.795980 0.000000 0.605323 0.391495 0.391495 0.391495
1848.373535 0.000000 2259.513428 0.000000 0.690515 0.000000 0.723318 0.389608 0.389608 0.389608
1914.815186 0.000000 2266.944092 0.000000 0.810184 0.000000 0.586175 0.391587 0.391587 0.391587
1917.258179 0.000000 2271.389404 0.000000 0.711715 0.000000 0.702469 0.389150 0.389150 0.389150
1905.258545 0.000000 2296.832031 0.000000 0.668074 0.000000 0.744095 0.389177 0.389177 0.389177
1872.326904 0.000000 2282.041992 0.000000 0.892457 0.000000 0.451132 0.413438 0.413438 0.413438
1874.017090 0.000000 2283.159668 0.000000 0.855062 0.000000 0.518526 0.419831 0.419831 0.419831
1906.333252 0.000000 2298.311523 0.000000 0.757010 0.000000 0.653403 0.426549 0.426549 0.426549
1826.040283 0.000000 2334.164307 0.000000 0.930649 0.000000 0.365913 0.395043 0.395043 0.395043
1828.762085 0.000000 2337.364502 0.000000 0.830709 0.000000 0.556707 0.419117 0.419117 0.419117
1892.294800 0.000000 2319.516113 0.000000 0.682631 0.000000 0.730763 0.388789 0.388789 0.388789
1960.552612 0.000000 2312.226074 0.000000 0.935425 0.000000 0.353526 0.409319 0.409319 0.409319
1540.024048 0.000000 2588.848145 0.000000 0.936118 0.000000 0.351685 0.683985 0.683985 0.683985
1541.362183 0.000000 2594.481689 0.000000 0.735835 0.000000 0.677161 0.601603 0.601603 0.601603
1537.508423 0.000000 2585.085449 0.000000 0.788807 0.000000 0.614641 0.622563 0.622563 0.622563
1547.498657 0.000000 2583.075195 0.000000 0.928013 0.000000 0.372547 0.586219 0.586219 0.586219
1548.126709 0.000000 2586.737305 0.000000 0.821182 0.000000 0.570666 0.579814 0.579814 0.579814
1541.452637 0.000000 2587.066650 0.000000 0.906290 0.000000 0.422656 0.680554 0.680554 0.680554
1564.897827 0.000000 2619.920166 0.000000 0.718342 0.000000 0.695690 0.406968 0.406968 0.406968
1540.025513 0.000000 2602.506592 0.000000 0.590607 0.000000 0.806960 0.437535 0.437535 0.437535
1576.307739 0.000000 2686.358154 0.000000 0.590978 0.000000 0.806688 0.477842 0.477842 0.477842
1575.327881 0.000000 2688.610596 0.000000 0.950290 0.000000 0.311366 0.540328 0.540328 0.540328
1599.272095 0.000000 2677.686523 0.000000 0.710995 0.000000 0.703197 0.618722 0.618722 0.618722
610.304260 0.000000 2727.349854 0.000000 0.799295 0.000000 0.600938 0.403212 0.403212 0.403212
607.953247 0.000000 2716.925293 0.000000 0.752389 0.000000 0.658719 0.417086 0.417086 0.417086
605.381714 0.000000 2741.845215 0.000000 0.643065 0.000000 0.765812 0.414669 0.414669 0.414669
603.648804 0.000000 2718.683594 0.000000 0.859529 0.000000 0.511087 0.469107 0.469107 0.469107
644.956848 0.000000 2757.416992 0.000000 0.938966 0.000000 0.344011 0.395423 0.395423 0.395423
641.116211 0.000000 2747.749268 0.000000 0.911341 0.000000 0.411652 0.408381 0.408381 0.408381
669.291748 0.000000 2722.541016 0.000000 0.887107 0.000000 0.461564 0.405651 0.405651 0.405651
680.507935 0.000000 2735.672363 0.000000 0.905333 0.000000 0.424703 0.402444 0.402444 0.402444
672.249146 0.000000 2739.625732 0.000000 0.708151 0.000000 0.706061 0.406748 0.406748 0.406748
645.887573 0.000000 2742.078613 0.000000 0.901982 0.000000 0.431773 0.421388 0.421388 0.421388
650.324036 0.000000 2742.743408 0.000000 0.836477 0.000000 0.548001 0.434375 0.434375 0.434375
663.132690 0.000000 2749.198730 0.000000 0.692809 0.000000 0.721121 0.443574 0.443574 0.443574
666.288513 0.000000 2731.082764 0.000000 0.870063 0.000000 0.492941 0.452495 0.452495 0.452495
666.510254 0.000000 2742.043213 0.000000 0.912444 0.000000 0.409201 0.452279 0.452279 0.452279
660.371643 0.000000 2747.788086 0.000000 0.941693 0.000000 0.336474 0.455593 0.455593 0.455593
666.272827 0.000000 2739.333496 0.000000 0.726519 0.000000 0.687147 0.470425 0.470425 0.470425
664.008911 0.000000 2731.660156 0.000000 0.591328 0.000000 0.806431 0.486979 0.486979 0.486979
673.111572 0.000000 2744.769531 0.000000 0.920954 0.000000 0.389671 0.532594 0.532594 0.532594
727.825623 0.000000 2765.170410 0.000000 0.880507 0.000000 0.474034 0.409243 0.409243 0.409243
723.138916 0.000000 2758.913818 0.000000 0.928660 0.000000 0.370931 0.409040 0.409040 0.409040
727.245850 0.000000 2766.910400 0.000000 0.942325 0.000000 0.334698 0.428800 0.428800 0.428800
738.989624 0.000000 2743.464355 0.000000 0.626129 0.000000 0.779719 0.419867 0.419867 0.419867
728.543945 0.000000 2725.751465 0.000000 0.903558 0.000000 0.428465 0.467106 0.467106 0.467106
731.986023 0.000000 2722.008057 0.000000 0.838277 0.000000 0.545245 0.470215 0.470215 0.470215
731.130798 0.000000 2743.650879 0.000000 0.902386 0.000000 0.430928 0.574975 0.574975 0.574975
696.713562 0.000000 2797.157471 0.000000 0.806850 0.000000 0.590756 0.407167 0.407167 0.407167
695.532776 0.000000 2792.344238 0.000000 0.656214 0.000000 0.754574 0.459302 0.459302 0.459302
715.945618 0.000000 2789.802979 0.000000 0.837369 0.000000 0.546638 0.406083 0.406083 0.406083
718.324707 0.000000 2791.622314 0.000000 0.775829 0.000000 0.630943 0.419534 0.419534 0.419534
718.121460 0.000000 2769.752930 0.000000 0.879585 0.000000 0.475741 0.407314 0.407314 0.407314
726.346924 0.000000 2790.377930 0.000000 0.935985 0.000000 0.352041 0.409342 0.409342 0.409342
725.329224 0.000000 2778.358643 0.000000 0.892526 0.000000 0.450995 0.474215 0.474215 0.474215
728.170959 0.000000 2779.235352 0.000000 0.588903 0.000000 0.808204 0.494208 0.494208 0.494208
782.146729 0.000000 2789.587891 0.000000 0.716860 0.000000 0.697217 0.390023 0.390023 0.390023
770.492065 0.000000 2771.323975 0.000000 0.789505 0.000000 0.613745 0.391059 0.391059 0.391059
804.142273 0.000000 2767.829590 0.000000 0.798740 0.000000 0.601677 0.397551 0.397551 0.397551
770.523376 0.000000 2782.149170 0.000000 0.860318 0.000000 0.509758 0.402940 0.402940 0.402940
776.235718 0.000000 2775.116943 0.000000 0.771673 0.000000 0.636019 0.466170 0.466170 0.466170
796.442566 0.000000 2824.236084 0.000000 0.686454 0.000000 0.727173 0.393256 0.393256 0.393256
1391.227539 0.000000 2712.769287 0.000000 0.589604 0.000000 0.807693 0.465011 0.465011 0.465011
1430.253296 0.000000 2713.315674 0.000000 0.723184 0.000000 0.690655 0.667890 0.667890 0.667890
1431.363892 0.000000 2713.177246 0.000000 0.926912 0.000000 0.375279 0.683798 0.683798 0.683798
2171.585693 0.000000 2747.807861 0.000000 0.796300 0.000000 0.604902 0.597114 0.597114 0.597114
2173.091553 0.000000 2819.446045 0.000000 0.931340 0.000000 0.364151 0.464614 0.464614 0.464614
2202.281006 0.000000 2755.096436 0.000000 0.850828 0.000000 0.525444 0.398883 0.398883 0.398883
2212.916992 0.000000 2762.991211 0.000000 0.908493 0.000000 0.417899 0.452108 0.452108 0.452108
2180.645020 0.000000 2755.863770 0.000000 0.669104 0.000000 0.743169 0.455935 0.455935 0.455935
2239.264893 0.000000 2744.701904 0.000000 0.701181 0.000000 0.712983 0.464164 0.464164 0.464164
2219.314453 0.000000 2756.435303 0.000000 0.697369 0.000000 0.716712 0.489926 0.489926 0.489926
2214.659180 0.000000 2752.748047 0.000000 0.603458 0.000000 0.797395 0.579875 0.579875 0.579875
2235.909912 0.000000 2767.359131 0.000000 0.870284 0.000000 0.492550 0.670252 0.670252 0.670252
2233.721436 0.000000 2765.370117 0.000000 0.844067 0.000000 0.536238 0.590313 0.590313 0.590313
2213.458496 0.000000 2752.421875 0.000000 0.740820 0.000000 0.671703 0.598166 0.598166 0.598166
2250.748779 0.000000 2753.442871 0.000000 0.643338 0.000000 0.765582 0.388332 0.388332 0.388332
2242.944824 0.000000 2766.716797 0.000000 0.655420 0.000000 0.755265 0.563659 0.563659 0.563659
2246.215088 0.000000 2754.593018 0.000000 0.884877 0.000000 0.465824 0.679041 0.679041 0.679041
2242.417725 0.000000 2747.157715 0.000000 0.633169 0.000000 0.774013 0.609886 0.609886 0.609886
2258.010010 0.000000 2759.082275 0.000000 0.861580 0.000000 0.507621 0.678274 0.678274 0.678274
2248.417236 0.000000 2761.639404 0.000000 0.854425 0.000000 0.519575 0.677896 0.677896 0.677896
2245.452637 0.000000 2756.519775 0.000000 0.830331 0.000000 0.557271 0.574688 0.574688 0.574688
2259.690918 0.000000 2758.053223 0.000000 0.715025 0.000000 0.699099 0.668411 0.668411 0.668411
2237.973633 0.000000 2771.709473 0.000000 0.833432 0.000000 0.552623 0.462524 0.462524 0.462524
2196.653076 0.000000 2801.393555 0.000000 0.896199 0.000000 0.443653 0.459195 0.459195 0.459195
2201.114990 0.000000 2822.060791 0.000000 0.815952 0.000000 0.578119 0.473195 0.473195 0.473195
2231.127441 0.000000 2776.669678 0.000000 0.597133 0.000000 0.802142 0.487132 0.487132 0.487132
2225.942383 0.000000 2789.845215 0.000000 0.915401 0.000000 0.402543 0.536053 0.536053 0.536053
2229.912354 0.000000 2790.513184 0.000000 0.804456 0.000000 0.594013 0.671656 0.671656 0.671656
2182.643066 0.000000 2819.616943 0.000000 0.670936 0.000000 0.741515 0.606044 0.606044 0.606044
2233.509033 0.000000 2775.369873 0.000000 0.715304 0.000000 0.698813 0.576919 0.576919 0.576919
2233.383301 0.000000 2771.090576 0.000000 0.763805 0.000000 0.645448 0.529100 0.529100 0.529100
2223.400146 0.000000 2777.972900 0.000000 0.924089 0.000000 0.382177 0.682524 0.682524 0.682524
2224.035400 0.000000 2782.630371 0.000000 0.747677 0.000000 0.664063 0.554344 0.554344 0.554344
2226.041260 0.000000 2781.388428 0.000000 0.603497 0.000000 0.797365 0.527379 0.527379 0.527379
2233.227295 0.000000 2777.501465 0.000000 0.946288 0.000000 0.323324 0.685846 0.685846 0.685846
2236.821777 0.000000 2789.773926 0.000000 0.842470 0.000000 0.538743 0.676982 0.676982 0.676982
2187.498535 0.000000 2809.012695 0.000000 0.656559 0.000000 0.754275 0.578244 0.578244 0.578244
2188.609131 0.000000 2815.746094 0.000000 0.877879 0.000000 0.478883 0.612879 0.612879 0.612879
2187.038818 0.000000 2812.743652 0.000000 0.886393 0.000000 0.462933 0.590910 0.590910 0.590910
2188.126709 0.000000 2812.674805 0.000000 0.762608 0.000000 0.646861 0.597333 0.597333 0.597333
2253.243652 0.000000 2774.975586 0.000000 0.757271 0.000000 0.653101 0.390264 0.390264 0.390264
2266.002197 0.000000 2781.769775 0.000000 0.946612 0.000000 0.322375 0.395444 0.395444 0.395444
2271.881836 0.000000 2770.383789 0.000000 0.807358 0.000000 0.590062 0.395874 0.395874 0.395874
2268.897705 0.000000 2789.373291 0.000000 0.936281 0.000000 0.351251 0.418937 0.418937 0.418937
2242.702148 0.000000 2772.897217 0.000000 0.615807 0.000000 0.787897 0.441767 0.441767 0.441767
2272.928711 0.000000 2783.725586 0.000000 0.922861 0.000000 0.385132 0.504192 0.504192 0.504192
2263.267578 0.000000 2781.936523 0.000000 0.888077 0.000000 0.459694 0.678756 0.678756 0.678756
2242.168457 0.000000 2767.753906 0.000000 0.869959 0.000000 0.493125 0.573041 0.573041 0.573041
2261.606445 0.000000 2768.562012 0.000000 0.931181 0.000000 0.364556 0.662244 0.662244 0.662244
2253.407227 0.000000 2788.615723 0.000000 0.660219 0.000000 0.751073 0.574749 0.574749 0.574749
2267.909180 0.000000 2785.230225 0.000000 0.666042 0.000000 0.745914 0.529365 0.529365 0.529365
2250.729004 0.000000 2782.154297 0.000000 0.873301 0.000000 0.487181 0.576982 0.576982 0.576982
2254.561279 0.000000 2788.537109 0.000000 0.831030 0.000000 0.556228 0.650851 0.650851 0.650851
2265.613770 0.000000 2770.197021 0.000000 0.913908 0.000000 0.405922 0.543546 0.543546 0.543546
2256.955811 0.000000 2770.554443 0.000000 0.868511 0.000000 0.495670 0.645894 0.645894 0.645894
2255.213135 0.000000 2787.394043 0.000000 0.914665 0.000000 0.404213 0.556855 0.556855 0.556855
2264.195801 0.000000 2770.861816 0.000000 0.661364 0.000000 0.750065 0.532868 0.532868 0.532868
2251.722656 0.000000 2778.073242 0.000000 0.906919 0.000000 0.421306 0.614888 0.614888 0.614888
2261.880859 0.000000 2776.236816 0.000000 0.720300 0.000000 0.693663 0.595423 0.595423 0.595423
2257.996094 0.000000 2768.701660 0.000000 0.937679 0.000000 0.347504 0.668573 0.668573 0.668573
2258.396729 0.000000 2778.557617 0.000000 0.848316 0.000000 0.529491 0.601736 0.601736 0.601736
2254.447510 0.000000 2768.717041 0.000000 0.766293 0.000000 0.642492 0.623232 0.623232 0.623232
2263.498779 0.000000 2777.742676 0.000000 0.753460 0.000000 0.657494 0.563794 0.563794 0.563794
2243.662842 0.000000 2770.975098 0.000000 0.933019 0.000000 0.359826 0.685816 0.685816 0.685816
2248.372070 0.000000 2780.545166 0.000000 0.618840 0.000000 0.785517 0.654157 0.654157 0.654157
2249.736816 0.000000 2781.920654 0.000000 0.884718 0.000000 0.466127 0.669492 0.669492 0.669492
2250.651123 0.000000 2778.011230 0.000000 0.643306 0.000000 0.765609 0.601275 0.601275 0.601275
2253.467041 0.000000 2768.727295 0.000000 0.609671 0.000000 0.792655 0.610723 0.610723 0.610723
2171.533691 0.000000 2829.793457 0.000000 0.766795 0.000000 0.641892 0.411815 0.411815 0.411815
2170.963135 0.000000 2842.357422 0.000000 0.886718 0.000000 0.462311 0.428449 0.428449 0.428449
2170.884277 0.000000 2839.502197 0.000000 0.891496 0.000000 0.453029 0.640062 0.640062 0.640062
2168.202881 0.000000 2841.175293 0.000000 0.718229 0.000000 0.695807 0.532979 0.532979 0.532979
2165.735840 0.000000 2840.599365 0.000000 0.608465 0.000000 0.793580 0.551125 0.551125 0.551125
2172.908691 0.000000 2839.154541 0.000000 0.848024 0.000000 0.529957 0.500662 0.500662 0.500662
2170.833496 0.000000 2832.801025 0.000000 0.732907 0.000000 0.680329 0.601470 0.601470 0.601470
2225.495361 0.000000 2824.318848 0.000000 0.877065 0.000000 0.480372 0.393195 0.393195 0.393195
2185.470459 0.000000 2826.257812 0.000000 0.633113 0.000000 0.774059 0.508228 0.508228 0.508228
2189.107910 0.000000 2835.867676 0.000000 0.625918 0.000000 0.779889 0.568037 0.568037 0.568037
2533.564209 0.000000 2812.387939 0.000000 0.661748 0.000000 0.749726 0.474182 0.474182 0.474182
2535.001709 0.000000 2818.053711 0.000000 0.694995 0.000000 0.719015 0.630697 0.630697 0.630697
2525.017578 0.000000 2799.354248 0.000000 0.832197 0.000000 0.554480 0.611985 0.611985 0.611985
2613.717285 0.000000 2926.185547 0.000000 0.678586 0.000000 0.734521 0.629933 0.629933 0.629933
2647.342529 0.000000 2896.213867 0.000000 0.897004 0.000000 0.442023 0.417401 0.417401 0.417401
2649.591064 0.000000 2898.684814 0.000000 0.911704 0.000000 0.410849 0.450342 0.450342 0.450342
2633.120117 0.000000 2904.978027 0.000000 0.646382 0.000000 0.763014 0.497634 0.497634 0.497634
2664.307861 0.000000 2912.295654 0.000000 0.866766 0.000000 0.498715 0.548474 0.548474 0.548474
2624.173096 0.000000 2939.012207 0.000000 0.871974 0.000000 0.489553 0.393231 0.393231 0.393231
2639.571045 0.000000 2943.800049 0.000000 0.893117 0.000000 0.449823 0.393524 0.393524 0.393524
2665.112793 0.000000 2947.625244 0.000000 0.687611 0.000000 0.726080 0.460104 0.460104 0.460104
2666.488525 0.000000 2938.435791 0.000000 0.657707 0.000000 0.753273 0.519949 0.519949 0.519949
2682.839844 0.000000 2957.779541 0.000000 0.682989 0.000000 0.730428 0.601110 0.601110 0.601110
2682.765381 0.000000 2956.324951 0.000000 0.855675 0.000000 0.517514 0.609626 0.609626 0.609626
6117.000000 0.000000 543.040894 0.000000 0.595196 0.000000 0.803581 0.417393 0.417393 0.417393
6121.198730 0.000000 544.367432 0.000000 0.798152 0.000000 0.602456 0.472604 0.472604 0.472604
5853.565918 0.000000 1003.533142 0.000000 0.855669 0.000000 0.517524 0.392748 0.392748 0.392748
5850.661621 0.000000 1038.156372 0.000000 0.848130 0.000000 0.529788 0.392751 0.392751 0.392751
5846.596680 0.000000 1037.249878 0.000000 0.792147 0.000000 0.610330 0.391314 0.391314 0.391314
5841.983398 0.000000 1038.087036 0.000000 0.625796 0.000000 0.779987 0.387984 0.387984 0.387984
5845.939941 0.000000 1042.052124 0.000000 0.882598 0.000000 0.470129 0.401705 0.401705 0.401705
5836.231934 0.000000 1019.555298 0.000000 0.842369 0.000000 0.538901 0.428895 0.428895 0.428895
5810.569336 0.000000 1129.176880 0.000000 0.721221 0.000000 0.692705 0.390027 0.390027 0.390027
5868.424316 0.000000 1125.749146 0.000000 0.609454 0.000000 0.792822 0.387202 0.387202 0.387202
5884.605469 0.000000 1105.129761 0.000000 0.895833 0.000000 0.444391 0.400221 0.400221 0.400221
5865.461914 0.000000 1128.802734 0.000000 0.733111 0.000000 0.680109 0.424096 0.424096 0.424096
5980.806641 0.000000 1067.081787 0.000000 0.845207 0.000000 0.534439 0.417646 0.417646 0.417646
5945.532715 0.000000 1088.177734 0.000000 0.889842 0.000000 0.456269 0.403836 0.403836 0.403836
5889.116211 0.000000 1109.702393 0.000000 0.714384 0.000000 0.699754 0.395684 0.395684 0.395684
5925.911621 0.000000 1076.362915 0.000000 0.680555 0.000000 0.732697 0.443275 0.443275 0.443275
5922.394043 0.000000 1085.896118 0.000000 0.722528 0.000000 0.691342 0.448037 0.448037 0.448037
5995.597168 0.000000 1075.227661 0.000000 0.841348 0.000000 0.540493 0.392949 0.392949 0.392949
5956.637695 0.000000 1091.775879 0.000000 0.835172 0.000000 0.549989 0.392790 0.392790 0.392790
6042.548828 0.000000 1114.516235 0.000000 0.613207 0.000000 0.789923 0.388132 0.388132 0.388132
6064.763672 0.000000 1113.009521 0.000000 0.935908 0.000000 0.352244 0.395183 0.395183 0.395183
6112.693359 0.000000 1125.191406 0.000000 0.755428 0.000000 0.655231 0.390403 0.390403 0.390403
6128.749512 0.000000 1095.810791 0.000000 0.719589 0.000000 0.694400 0.401395 0.401395 0.401395
6126.857422 0.000000 1078.707031 0.000000 0.712846 0.000000 0.701321 0.410578 0.410578 0.410578
6129.566406 0.000000 1080.385742 0.000000 0.917207 0.000000 0.398410 0.448677 0.448677 0.448677
6131.356445 0.000000 1095.378418 0.000000 0.898192 0.000000 0.439603 0.447879 0.447879 0.447879
6119.682617 0.000000 1121.454102 0.000000 0.651627 0.000000 0.758540 0.464712 0.464712 0.464712
6112.219238 0.000000 1119.358765 0.000000 0.599114 0.000000 0.800664 0.457912 0.457912 0.457912
5818.107422 0.000000 1184.887939 0.000000 0.714634 0.000000 0.699499 0.389401 0.389401 0.389401
5802.549316 0.000000 1140.798828 0.000000 0.665825 0.000000 0.746108 0.388520 0.388520 0.388520
5798.302734 0.000000 1142.754150 0.000000 0.650055 0.000000 0.759888 0.412961 0.412961 0.412961
5804.596680 0.000000 1148.638794 0.000000 0.871641 0.000000 0.490144 0.405171 0.405171 0.405171
5805.450195 0.000000 1132.206909 0.000000 0.783839 0.000000 0.620964 0.449716 0.449716 0.449716
5797.195312 0.000000 1138.279907 0.000000 0.677541 0.000000 0.735485 0.476452 0.476452 0.476452
5804.179688 0.000000 1133.110474 0.000000 0.657383 0.000000 0.753556 0.446416 0.446416 0.446416
5868.874023 0.000000 1174.676758 0.000000 0.831474 0.000000 0.555564 0.400256 0.400256 0.400256
5895.626953 0.000000 1176.037720 0.000000 0.692942 0.000000 0.720994 0.388903 0.388903 0.388903
5889.439453 0.000000 1154.066895 0.000000 0.907843 0.000000 0.419311 0.396804 0.396804 0.396804
5942.075195 0.000000 1151.232544 0.000000 0.788501 0.000000 0.615034 0.397308 0.397308 0.397308
5950.998535 0.000000 1153.669067 0.000000 0.756727 0.000000 0.653731 0.400335 0.400335 0.400335
5934.922852 0.000000 1165.008789 0.000000 0.813218 0.000000 0.581960 0.401675 0.401675 0.401675
5958.113770 0.000000 1168.645996 0.000000 0.714402 0.000000 0.699736 0.389590 0.389590 0.389590
6127.365234 0.000000 1160.491089 0.000000 0.932498 0.000000 0.361176 0.395203 0.395203 0.395203
6106.661621 0.000000 1151.125122 0.000000 0.801261 0.000000 0.598315 0.391673 0.391673 0.391673
6109.587891 0.000000 1149.355225 0.000000 0.940840 0.000000 0.338850 0.395374 0.395374 0.395374
6096.003418 0.000000 1156.990234 0.000000 0.595976 0.000000 0.803002 0.387012 0.387012 0.387012
6115.024414 0.000000 1150.259644 0.000000 0.657498 0.000000 0.753456 0.388113 0.388113 0.388113
6122.718262 0.000000 1232.670898 0.000000 0.850056 0.000000 0.526692 0.421571 0.421571 0.421571
6132.201660 0.000000 1249.604248 0.000000 0.914417 0.000000 0.404773 0.423765 0.423765 0.423765
6180.314453 0.000000 505.270905 0.000000 0.798009 0.000000 0.602646 0.391216 0.391216 0.391216
6190.630859 0.000000 475.651672 0.000000 0.635194 0.000000 0.772352 0.387882 0.387882 0.387882
6158.008789 0.000000 471.620056 0.000000 0.937291 0.000000 0.348547 0.415149 0.415149 0.415149
6193.404785 0.000000 471.333130 0.000000 0.757945 0.000000 0.652319 0.456444 0.456444 0.456444
6174.802246 0.000000 508.420532 0.000000 0.830801 0.000000 0.556569 0.392455 0.392455 0.392455
6206.782227 0.000000 546.379456 0.000000 0.919180 0.000000 0.393838 0.483061 0.483061 0.483061
6231.654785 0.000000 542.014832 0.000000 0.866432 0.000000 0.499296 0.392717 0.392717 0.392717
6226.112793 0.000000 534.550964 0.000000 0.595350 0.000000 0.803466 0.393404 0.393404 0.393404
6227.258789 0.000000 547.252930 0.000000 0.939189 0.000000 0.343401 0.411398 0.411398 0.411398
6227.922852 0.000000 568.643188 0.000000 0.778688 0.000000 0.627411 0.390721 0.390721 0.390721
6218.587402 0.000000 578.124084 0.000000 0.936733 0.000000 0.350044 0.413208 0.413208 0.413208
6228.110352 0.000000 578.481567 0.000000 0.737139 0.000000 0.675741 0.418593 0.418593 0.418593
6157.333984 0.000000 1077.532471 0.000000 0.933996 0.000000 0.357282 0.395202 0.395202 0.395202
6159.212891 0.000000 1085.656494 0.000000 0.637830 0.000000 0.770177 0.387885 0.387885 0.387885
6244.314453 0.000000 1126.598999 0.000000 0.923125 0.000000 0.384499 0.394601 0.394601 0.394601
6256.587402 0.000000 1124.129150 0.000000 0.882620 0.000000 0.470087 0.407410 0.407410 0.407410
6265.361328 0.000000 1085.992432 0.000000 0.638225 0.000000 0.769850 0.407165 0.407165 0.407165
6248.272949 0.000000 1123.418701 0.000000 0.826181 0.000000 0.563405 0.409558 0.409558 0.409558
6248.984863 0.000000 1127.426514 0.000000 0.823197 0.000000 0.567757 0.499683 0.499683 0.499683
6341.002930 0.000000 1109.331177 0.000000 0.672955 0.000000 0.739683 0.389150 0.389150 0.389150
6378.151367 0.000000 1115.714722 0.000000 0.883502 0.000000 0.468427 0.409339 0.409339 0.409339
6367.070801 0.000000 1093.860352 0.000000 0.707323 0.000000 0.706890 0.425351 0.425351 0.425351
6369.012207 0.000000 1083.416382 0.000000 0.741362 0.000000 0.671105 0.491269 0.491269 0.491269
6400.668457 0.000000 1090.973511 0.000000 0.698370 0.000000 0.715737 0.399086 0.399086 0.399086
6433.198730 0.000000 1108.054199 0.000000 0.882588 0.000000 0.470147 0.507822 0.507822 0.507822
6268.880859 0.000000 1152.917236 0.000000 0.595467 0.000000 0.803379 0.387283 0.387283 0.387283
6254.922852 0.000000 1165.008789 0.000000 0.888500 0.000000 0.458877 0.409501 0.409501 0.409501
6238.427246 0.000000 1167.974731 0.000000 0.931771 0.000000 0.363046 0.418741 0.418741 0.418741
6265.096680 0.000000 1163.752441 0.000000 0.700155 0.000000 0.713991 0.419607 0.419607 0.419607
6255.049805 0.000000 1158.897461 0.000000 0.690314 0.000000 0.723510 0.439805 0.439805 0.439805
6162.931641 0.000000 1217.498047 0.000000 0.827532 0.000000 0.561418 0.405819 0.405819 0.405819
6166.645996 0.000000 1216.837646 0.000000 0.604359 0.000000 0.796712 0.413888 0.413888 0.413888
6161.954102 0.000000 1224.196045 0.000000 0.626442 0.000000 0.779468 0.434636 0.434636 0.434636
6168.405762 0.000000 1223.224121 0.000000 0.871200 0.000000 0.490928 0.531779 0.531779 0.531779
6253.901367 0.000000 1187.126343 0.000000 0.670350 0.000000 0.742045 0.389271 0.389271 0.389271
6251.550781 0.000000 1192.971680 0.000000 0.846593 0.000000 0.532241 0.392434 0.392434 0.392434
6283.937012 0.000000 1162.456909 0.000000 0.924530 0.000000 0.381110 0.394865 0.394865 0.394865
6274.786133 0.000000 1164.588135 0.000000 0.934372 0.000000 0.356298 0.394943 0.394943 0.394943
6278.227051 0.000000 1174.262451 0.000000 0.942563 0.000000 0.334029 0.423058 0.423058 0.423058
6281.185059 0.000000 1173.222656 0.000000 0.950109 0.000000 0.311919 0.417663 0.417663 0.417663
6331.123047 0.000000 1169.113770 0.000000 0.749966 0.000000 0.661476 0.415158 0.415158 0.415158
6276.253418 0.000000 1169.053345 0.000000 0.825647 0.000000 0.564187 0.432165 0.432165 0.432165
6372.590332 0.000000 1139.694214 0.000000 0.700607 0.000000 0.713547 0.389645 0.389645 0.389645
6377.896973 0.000000 1129.715820 0.000000 0.774753 0.000000 0.632264 0.390943 0.390943 0.390943
6371.886719 0.000000 1160.312012 0.000000 0.746766 0.000000 0.665087 0.392621 0.392621 0.392621
6394.464844 0.000000 1165.974854 0.000000 0.914806 0.000000 0.403893 0.433320 0.433320 0.433320
6395.648926 0.000000 1151.200195 0.000000 0.862261 0.000000 0.506464 0.437089 0.437089 0.437089
6375.139160 0.000000 1153.415161 0.000000 0.856745 0.000000 0.515740 0.463344 0.463344 0.463344
6382.419434 0.000000 1185.401367 0.000000 0.588877 0.000000 0.808223 0.461333 0.461333 0.461333
6398.222168 0.000000 1152.399170 0.000000 0.765097 0.000000 0.643915 0.488315 0.488315 0.488315
6397.768066 0.000000 1156.885620 0.000000 0.819489 0.000000 0.573096 0.488310 0.488310 0.488310
6289.983398 0.000000 1207.540161 0.000000 0.932961 0.000000 0.359978 0.395091 0.395091 0.395091
6332.880859 0.000000 1209.401611 0.000000 0.710707 0.000000 0.703488 0.389247 0.389247 0.389247
6321.047363 0.000000 1194.996338 0.000000 0.920632 0.000000 0.390431 0.412549 0.412549 0.412549
6282.324219 0.000000 1217.665283 0.000000 0.595067 0.000000 0.803676 0.415548 0.415548 0.415548
6342.798828 0.000000 1200.438843 0.000000 0.827912 0.000000 0.560857 0.392032 0.392032 0.392032
6387.404297 0.000000 1195.694336 0.000000 0.943057 0.000000 0.332630 0.589334 0.589334 0.589334
5112.634766 0.000000 2577.585449 0.000000 0.716414 0.000000 0.697676 0.389937 0.389937 0.389937
4584.666504 0.000000 2870.541260 0.000000 0.827995 0.000000 0.560735 0.407719 0.407719 0.407719
4774.902344 0.000000 2909.308838 0.000000 0.726753 0.000000 0.686899 0.669233 0.669233 0.669233
4988.529297 0.000000 2801.167725 0.000000 0.806863 0.000000 0.590738 0.491599 0.491599 0.491599
4991.399414 0.000000 2816.226807 0.000000 0.884617 0.000000 0.466319 0.680543 0.680543 0.680543
5009.116211 0.000000 2814.981934 0.000000 0.637425 0.000000 0.770513 0.388097 0.388097 0.388097
4984.758789 0.000000 2828.454346 0.000000 0.708416 0.000000 0.705795 0.667606 0.667606 0.667606
4621.914551 0.000000 3350.821289 0.000000 0.741971 0.000000 0.670432 0.470872 0.470872 0.470872
4613.138184 0.000000 3348.013428 0.000000 0.875022 0.000000 0.484084 0.539497 0.539497 0.539497
4874.271484 0.000000 3361.679932 0.000000 0.604847 0.000000 0.796342 0.483682 0.483682 0.483682
4876.118652 0.000000 3363.910889 0.000000 0.906577 0.000000 0.422040 0.499525 0.499525 0.499525
5414.985352 0.000000 2912.567627 0.000000 0.771756 0.000000 0.635919 0.395044 0.395044 0.395044
5423.226074 0.000000 2921.647217 0.000000 0.840611 0.000000 0.541640 0.425066 0.425066 0.425066
5414.330078 0.000000 2895.051270 0.000000 0.888479 0.000000 0.458917 0.513771 0.513771 0.513771
5419.135742 0.000000 2912.326172 0.000000 0.756971 0.000000 0.653449 0.525144 0.525144 0.525144
5415.327637 0.000000 2914.548096 0.000000 0.823466 0.000000 0.567366 0.587364 0.587364 0.587364
5439.198730 0.000000 2921.215576 0.000000 0.867822 0.000000 0.496875 0.655168 0.655168 0.655168
5421.241699 0.000000 2926.663330 0.000000 0.806252 0.000000 0.591572 0.675884 0.675884 0.675884
5419.641602 0.000000 2899.321045 0.000000 0.946094 0.000000 0.323892 0.595313 0.595313 0.595313
5442.786133 0.000000 2915.603760 0.000000 0.852680 0.000000 0.522434 0.392452 0.392452 0.392452
7295.011719 0.000000 2494.674805 0.000000 0.806958 0.000000 0.590609 0.476638 0.476638 0.476638
7289.597656 0.000000 2486.029297 0.000000 0.752673 0.000000 0.658395 0.668413 0.668413 0.668413
7290.349609 0.000000 2491.587891 0.000000 0.813813 0.000000 0.581126 0.605415 0.605415 0.605415
7290.901367 0.000000 2533.338135 0.000000 0.812854 0.000000 0.582467 0.672292 0.672292 0.672292
7288.056152 0.000000 2519.918701 0.000000 0.942909 0.000000 0.333050 0.685818 0.685818 0.685818
7299.196289 0.000000 2531.062988 0.000000 0.908213 0.000000 0.418508 0.427338 0.427338 0.427338
7355.498047 0.000000 2532.346436 0.000000 0.823176 0.000000 0.567787 0.499682 0.499682 0.499682
7298.422363 0.000000 2498.378906 0.000000 0.753686 0.000000 0.657234 0.532423 0.532423 0.532423
7352.262695 0.000000 2535.727539 0.000000 0.855334 0.000000 0.518077 0.675731 0.675731 0.675731
7299.569824 0.000000 2498.956787 0.000000 0.793245 0.000000 0.608903 0.533954 0.533954 0.533954
7297.904785 0.000000 2503.149170 0.000000 0.917744 0.000000 0.397172 0.681799 0.681799 0.681799
7302.215332 0.000000 2528.655518 0.000000 0.803844 0.000000 0.594840 0.610440 0.610440 0.610440
7302.284668 0.000000 2525.484863 0.000000 0.873400 0.000000 0.487004 0.597611 0.597611 0.597611
7351.350098 0.000000 2541.384277 0.000000 0.817645 0.000000 0.575723 0.533098 0.533098 0.533098
7354.635742 0.000000 2536.487793 0.000000 0.614179 0.000000 0.789167 0.659472 0.659472 0.659472
7300.258301 0.000000 2528.834473 0.000000 0.882818 0.000000 0.469715 0.678210 0.678210 0.678210
7353.721191 0.000000 2539.432617 0.000000 0.826877 0.000000 0.562383 0.540963 0.540963 0.540963
7312.308105 0.000000 2492.754395 0.000000 0.727510 0.000000 0.686097 0.666305 0.666305 0.666305
7300.587402 0.000000 2527.114258 0.000000 0.853479 0.000000 0.521127 0.678829 0.678829 0.678829
7342.835449 0.000000 2545.847412 0.000000 0.920955 0.000000 0.389669 0.612184 0.612184 0.612184
7345.868164 0.000000 2546.238037 0.000000 0.779005 0.000000 0.627017 0.509246 0.509246 0.509246
7337.102051 0.000000 2549.056885 0.000000 0.727923 0.000000 0.685659 0.610385 0.610385 0.610385
7343.891602 0.000000 2547.386475 0.000000 0.813767 0.000000 0.581191 0.585017 0.585017 0.585017
7338.687012 0.000000 2546.792480 0.000000 0.607302 0.000000 0.794471 0.659085 0.659085 0.659085
7384.008789 0.000000 2562.207031 0.000000 0.860950 0.000000 0.508690 0.667706 0.667706 0.667706
7375.969727 0.000000 2559.200928 0.000000 0.790306 0.000000 0.612713 0.613427 0.613427 0.613427
7396.230469 0.000000 2573.559814 0.000000 0.807592 0.000000 0.589741 0.551290 0.551290 0.551290
7396.245605 0.000000 2569.427734 0.000000 0.673268 0.000000 0.739398 0.584348 0.584348 0.584348
7368.372070 0.000000 2554.607666 0.000000 0.807841 0.000000 0.589401 0.640208 0.640208 0.640208
7391.373535 0.000000 2559.163330 0.000000 0.740747 0.000000 0.671784 0.667174 0.667174 0.667174
6629.773926 0.000000 3523.460205 0.000000 0.845062 0.000000 0.534668 0.677720 0.677720 0.677720
7351.606934 0.000000 2740.142090 0.000000 0.821709 0.000000 0.569907 0.576121 0.576121 0.576121
7377.384766 0.000000 2742.455322 0.000000 0.891148 0.000000 0.453713 0.470365 0.470365 0.470365
7379.060547 0.000000 2738.460693 0.000000 0.923168 0.000000 0.384397 0.629380 0.629380 0.629380
7367.816406 0.000000 2741.713135 0.000000 0.786924 0.000000 0.617049 0.673155 0.673155 0.673155
7379.671875 0.000000 2739.984863 0.000000 0.925140 0.000000 0.379626 0.629547 0.629547 0.629547
7373.509277 0.000000 2749.026367 0.000000 0.598435 0.000000 0.801171 0.663055 0.663055 0.663055
7375.281250 0.000000 2744.056152 0.000000 0.830824 0.000000 0.556536 0.674162 0.674162 0.674162
7379.938965 0.000000 2738.964355 0.000000 0.726087 0.000000 0.687603 0.617604 0.617604 0.617604
7349.727539 0.000000 2870.782959 0.000000 0.944867 0.000000 0.327455 0.685133 0.685133 0.685133
"}
object={
	name="pine_sparse_generator_3_2"
	clamp_to_water_level=no
	render_under_water=no
	generated_content=yes
	layer="semidynamic_high"
	pdxmesh="tree_fir_003_mesh"
	count=744
	transform="1466.085693 0.000000 1346.299194 0.000000 0.996660 0.000000 -0.081665 0.402130 0.402130 0.402130
1487.660034 0.000000 1350.305908 0.000000 0.992151 0.000000 -0.125043 0.401684 0.401684 0.401684
1480.816650 0.000000 1347.148926 0.000000 0.994297 0.000000 0.106644 0.422851 0.422851 0.422851
1396.288452 0.000000 1432.939453 0.000000 0.986142 0.000000 0.165903 0.429681 0.429681 0.429681
1398.872070 0.000000 1432.494751 0.000000 0.994462 0.000000 0.105095 0.502686 0.502686 0.502686
1402.078369 0.000000 1441.382080 0.000000 0.977255 0.000000 -0.212065 0.537295 0.537295 0.537295
1401.029053 0.000000 1440.257568 0.000000 0.961790 0.000000 -0.273790 0.522748 0.522748 0.522748
1399.320923 0.000000 1465.854980 0.000000 0.992213 0.000000 -0.124555 0.545140 0.545140 0.545140
1463.474731 0.000000 1360.695679 0.000000 0.985998 0.000000 -0.166758 0.403337 0.403337 0.403337
1432.466675 0.000000 1382.149048 0.000000 0.994501 0.000000 0.104730 0.413142 0.413142 0.413142
1432.281860 0.000000 1377.640137 0.000000 0.995152 0.000000 0.098348 0.413237 0.413237 0.413237
1441.958618 0.000000 1395.854004 0.000000 0.976046 0.000000 -0.217563 0.417976 0.417976 0.417976
1426.017090 0.000000 1379.409668 0.000000 0.957385 0.000000 0.288814 0.421885 0.421885 0.421885
1442.589355 0.000000 1355.823120 0.000000 0.998323 0.000000 -0.057884 0.480524 0.480524 0.480524
1464.531372 0.000000 1411.085938 0.000000 0.975320 0.000000 -0.220798 0.489664 0.489664 0.489664
1467.498169 0.000000 1402.659058 0.000000 0.978625 0.000000 0.205654 0.492818 0.492818 0.492818
1445.877441 0.000000 1355.678955 0.000000 0.998112 0.000000 0.061415 0.478231 0.478231 0.478231
1467.031128 0.000000 1401.363770 0.000000 0.983684 0.000000 0.179906 0.524303 0.524303 0.524303
1475.856934 0.000000 1405.696899 0.000000 0.981450 0.000000 -0.191716 0.402562 0.402562 0.402562
1490.112671 0.000000 1381.816650 0.000000 0.995426 0.000000 -0.095533 0.410215 0.410215 0.410215
1483.600586 0.000000 1361.346802 0.000000 0.958513 0.000000 -0.285049 0.419015 0.419015 0.419015
1533.061157 0.000000 1356.181274 0.000000 0.966849 0.000000 -0.255350 0.424533 0.424533 0.424533
1535.211670 0.000000 1366.456787 0.000000 0.996730 0.000000 -0.080805 0.423795 0.423795 0.423795
1498.051758 0.000000 1387.919189 0.000000 0.986253 0.000000 0.165245 0.412231 0.412231 0.412231
1508.845703 0.000000 1401.604858 0.000000 0.977101 0.000000 -0.212775 0.435790 0.435790 0.435790
1512.504761 0.000000 1399.018677 0.000000 0.999753 0.000000 -0.022235 0.428782 0.428782 0.428782
1535.180664 0.000000 1361.726440 0.000000 0.994408 0.000000 -0.105608 0.443920 0.443920 0.443920
1495.097900 0.000000 1374.639404 0.000000 0.998460 0.000000 0.055485 0.452953 0.452953 0.452953
1532.241577 0.000000 1366.367432 0.000000 0.954131 0.000000 -0.299389 0.469234 0.469234 0.469234
1533.523560 0.000000 1369.210449 0.000000 0.994640 0.000000 0.103399 0.450167 0.450167 0.450167
1489.954346 0.000000 1393.649170 0.000000 0.997164 0.000000 0.075258 0.477965 0.477965 0.477965
1493.329224 0.000000 1366.249390 0.000000 0.974728 0.000000 -0.223396 0.463826 0.463826 0.463826
1498.808105 0.000000 1372.630859 0.000000 0.965662 0.000000 0.259803 0.480136 0.480136 0.480136
1489.551270 0.000000 1389.567017 0.000000 0.998066 0.000000 0.062161 0.472360 0.472360 0.472360
1459.521606 0.000000 1440.118286 0.000000 0.973492 0.000000 0.228722 0.396981 0.396981 0.396981
1462.075073 0.000000 1433.654419 0.000000 0.963712 0.000000 0.266944 0.408749 0.408749 0.408749
1419.631714 0.000000 1428.625732 0.000000 0.978818 0.000000 0.204732 0.411632 0.411632 0.411632
1419.577515 0.000000 1456.130493 0.000000 0.981168 0.000000 -0.193154 0.435469 0.435469 0.435469
1429.837891 0.000000 1457.056641 0.000000 0.982689 0.000000 -0.185263 0.443278 0.443278 0.443278
1442.170532 0.000000 1440.466675 0.000000 0.958502 0.000000 -0.285086 0.442980 0.442980 0.442980
1434.288574 0.000000 1431.942139 0.000000 0.998532 0.000000 -0.054165 0.466675 0.466675 0.466675
1433.591064 0.000000 1430.091187 0.000000 0.964632 0.000000 0.263599 0.468515 0.468515 0.468515
1470.777100 0.000000 1432.537598 0.000000 0.997681 0.000000 0.068057 0.466395 0.466395 0.466395
1467.166870 0.000000 1435.802124 0.000000 0.994739 0.000000 0.102438 0.477441 0.477441 0.477441
1468.956909 0.000000 1436.875244 0.000000 0.965405 0.000000 -0.260755 0.482482 0.482482 0.482482
1429.358154 0.000000 1436.002075 0.000000 0.977965 0.000000 0.208771 0.469576 0.469576 0.469576
1440.511597 0.000000 1443.106689 0.000000 0.975051 0.000000 0.221981 0.494404 0.494404 0.494404
1431.879395 0.000000 1439.722412 0.000000 0.994589 0.000000 0.103884 0.518275 0.518275 0.518275
1433.625977 0.000000 1439.131714 0.000000 0.976625 0.000000 0.214949 0.558176 0.558176 0.558176
1432.987793 0.000000 1443.985718 0.000000 0.954539 0.000000 0.298085 0.594193 0.594193 0.594193
1432.585449 0.000000 1437.328125 0.000000 0.954652 0.000000 0.297724 0.554070 0.554070 0.554070
1436.754395 0.000000 1434.848633 0.000000 0.990089 0.000000 0.140439 0.563993 0.563993 0.563993
1492.724731 0.000000 1441.809814 0.000000 0.993846 0.000000 -0.110773 0.401519 0.401519 0.401519
1505.210693 0.000000 1461.552246 0.000000 0.995631 0.000000 -0.093379 0.401303 0.401303 0.401303
1508.534668 0.000000 1429.287476 0.000000 0.997004 0.000000 -0.077353 0.406009 0.406009 0.406009
1532.370483 0.000000 1458.005981 0.000000 0.955750 0.000000 0.294179 0.396781 0.396781 0.396781
1516.435303 0.000000 1448.084473 0.000000 0.988348 0.000000 0.152213 0.404659 0.404659 0.404659
1534.298462 0.000000 1461.580078 0.000000 0.987827 0.000000 -0.155555 0.417035 0.417035 0.417035
1483.945557 0.000000 1434.177856 0.000000 0.989164 0.000000 0.146818 0.412509 0.412509 0.412509
1521.077515 0.000000 1444.497314 0.000000 0.976643 0.000000 0.214869 0.417280 0.417280 0.417280
1520.736572 0.000000 1458.796265 0.000000 0.997183 0.000000 -0.075007 0.423705 0.423705 0.423705
1493.837891 0.000000 1457.056641 0.000000 0.995330 0.000000 -0.096534 0.443768 0.443768 0.443768
1492.010742 0.000000 1456.318726 0.000000 0.968615 0.000000 0.248564 0.437970 0.437970 0.437970
1497.412720 0.000000 1452.220825 0.000000 0.999994 0.000000 -0.003381 0.463787 0.463787 0.463787
1530.732300 0.000000 1465.782349 0.000000 0.997570 0.000000 -0.069672 0.461049 0.461049 0.461049
1484.826050 0.000000 1451.295532 0.000000 0.998966 0.000000 -0.045468 0.460616 0.460616 0.460616
1477.391968 0.000000 1461.849243 0.000000 0.992028 0.000000 0.126015 0.453661 0.453661 0.453661
1483.164307 0.000000 1448.664551 0.000000 0.997100 0.000000 -0.076097 0.486789 0.486789 0.486789
1526.872070 0.000000 1432.494751 0.000000 0.956852 0.000000 -0.290576 0.485075 0.485075 0.485075
1528.193359 0.000000 1464.560181 0.000000 0.995327 0.000000 -0.096561 0.479295 0.479295 0.479295
1525.067017 0.000000 1465.312256 0.000000 0.968071 0.000000 -0.250677 0.514231 0.514231 0.514231
1488.399780 0.000000 1417.786865 0.000000 0.999925 0.000000 -0.012227 0.552262 0.552262 0.552262
1484.818481 0.000000 1417.535889 0.000000 0.997475 0.000000 -0.071019 0.583297 0.583297 0.583297
1485.379150 0.000000 1415.055664 0.000000 0.996718 0.000000 -0.080948 0.563828 0.563828 0.563828
1523.887939 0.000000 1462.300293 0.000000 0.983814 0.000000 -0.179195 0.602175 0.602175 0.602175
1402.308594 0.000000 1513.193359 0.000000 0.967026 0.000000 -0.254677 0.403433 0.403433 0.403433
1395.473267 0.000000 1508.971680 0.000000 0.985647 0.000000 0.168817 0.397637 0.397637 0.397637
1406.808594 0.000000 1496.621216 0.000000 0.988445 0.000000 -0.151577 0.416974 0.416974 0.416974
1403.459473 0.000000 1477.953857 0.000000 0.978017 0.000000 0.208525 0.425117 0.425117 0.425117
1404.605713 0.000000 1557.004761 0.000000 0.975736 0.000000 0.218952 0.399810 0.399810 0.399810
1395.339844 0.000000 1560.367432 0.000000 0.989935 0.000000 -0.141523 0.416823 0.416823 0.416823
1400.713501 0.000000 1554.501099 0.000000 0.963371 0.000000 0.268171 0.410658 0.410658 0.410658
1396.752563 0.000000 1571.475464 0.000000 0.990213 0.000000 0.139561 0.412618 0.412618 0.412618
1405.048584 0.000000 1564.343506 0.000000 0.999246 0.000000 -0.038826 0.415285 0.415285 0.415285
1398.407227 0.000000 1578.113770 0.000000 0.984894 0.000000 -0.173159 0.429194 0.429194 0.429194
1400.531372 0.000000 1580.539062 0.000000 0.998499 0.000000 0.054774 0.456872 0.456872 0.456872
1455.152222 0.000000 1514.064453 0.000000 0.959038 0.000000 0.283276 0.396157 0.396157 0.396157
1442.441895 0.000000 1502.557129 0.000000 0.955346 0.000000 -0.295488 0.404134 0.404134 0.404134
1423.571045 0.000000 1475.206299 0.000000 0.985971 0.000000 -0.166915 0.402336 0.402336 0.402336
1409.278687 0.000000 1514.468994 0.000000 0.999328 0.000000 0.036646 0.412203 0.412203 0.412203
1417.114258 0.000000 1498.707520 0.000000 0.981385 0.000000 0.192053 0.411825 0.411825 0.411825
1448.273193 0.000000 1518.809326 0.000000 0.994458 0.000000 0.105136 0.413136 0.413136 0.413136
1415.299561 0.000000 1509.331909 0.000000 0.978137 0.000000 -0.207960 0.423789 0.423789 0.423789
1458.636963 0.000000 1479.048096 0.000000 0.972683 0.000000 -0.232138 0.436108 0.436108 0.436108
1421.842407 0.000000 1520.071533 0.000000 0.985121 0.000000 0.171864 0.441216 0.441216 0.441216
1425.954346 0.000000 1506.617920 0.000000 0.970030 0.000000 0.242987 0.445781 0.445781 0.445781
1441.783813 0.000000 1512.157959 0.000000 0.970239 0.000000 -0.242150 0.484110 0.484110 0.484110
1433.668701 0.000000 1517.690552 0.000000 0.998685 0.000000 0.051273 0.574127 0.574127 0.574127
1435.975342 0.000000 1515.639526 0.000000 0.997897 0.000000 0.064824 0.626411 0.626411 0.626411
1425.554077 0.000000 1514.774414 0.000000 0.959833 0.000000 0.280571 0.606195 0.606195 0.606195
1515.534790 0.000000 1484.583496 0.000000 0.956211 0.000000 -0.292678 0.404004 0.404004 0.404004
1530.107300 0.000000 1523.794189 0.000000 0.981820 0.000000 -0.189816 0.402594 0.402594 0.402594
1508.193237 0.000000 1476.052734 0.000000 0.963549 0.000000 -0.267532 0.403705 0.403705 0.403705
1530.085693 0.000000 1515.752319 0.000000 0.999440 0.000000 0.033457 0.399541 0.399541 0.399541
1532.370483 0.000000 1514.490356 0.000000 0.995725 0.000000 -0.092362 0.406225 0.406225 0.406225
1494.295044 0.000000 1476.066895 0.000000 0.980607 0.000000 0.195984 0.411765 0.411765 0.411765
1523.156128 0.000000 1482.666870 0.000000 0.978604 0.000000 -0.205754 0.417796 0.417796 0.417796
1519.569580 0.000000 1468.696899 0.000000 0.972691 0.000000 0.232103 0.436322 0.436322 0.436322
1522.837158 0.000000 1510.270020 0.000000 0.995179 0.000000 -0.098073 0.473402 0.473402 0.473402
1417.114258 0.000000 1555.191895 0.000000 0.965793 0.000000 0.259313 0.408866 0.408866 0.408866
1434.413818 0.000000 1533.349609 0.000000 0.980304 0.000000 0.197495 0.411742 0.411742 0.411742
1453.863159 0.000000 1571.895264 0.000000 0.999644 0.000000 -0.026678 0.442602 0.442602 0.442602
1455.226074 0.000000 1566.022339 0.000000 0.957673 0.000000 -0.287858 0.433038 0.433038 0.433038
1462.766602 0.000000 1569.678711 0.000000 0.994207 0.000000 -0.107486 0.438028 0.438028 0.438028
1412.645142 0.000000 1569.692017 0.000000 0.976016 0.000000 0.217699 0.455887 0.455887 0.455887
1463.191162 0.000000 1566.968628 0.000000 0.999037 0.000000 0.043883 0.474659 0.474659 0.474659
1418.169800 0.000000 1565.651855 0.000000 0.978909 0.000000 0.204298 0.465797 0.465797 0.465797
1416.949829 0.000000 1571.286499 0.000000 0.995069 0.000000 -0.099187 0.595925 0.595925 0.595925
1412.237427 0.000000 1576.612793 0.000000 0.971547 0.000000 -0.236846 0.545872 0.545872 0.545872
1417.139160 0.000000 1569.801758 0.000000 0.976722 0.000000 0.214509 0.569744 0.569744 0.569744
1418.770020 0.000000 1568.417358 0.000000 0.999344 0.000000 -0.036202 0.607922 0.607922 0.607922
1521.098145 0.000000 1539.454102 0.000000 0.999454 0.000000 0.033033 0.399555 0.399555 0.399555
1511.451416 0.000000 1540.073608 0.000000 0.953681 0.000000 0.300820 0.410150 0.410150 0.410150
1504.249146 0.000000 1553.453857 0.000000 0.983195 0.000000 -0.182560 0.417443 0.417443 0.417443
1508.267090 0.000000 1549.968872 0.000000 0.997842 0.000000 -0.065665 0.415686 0.415686 0.415686
1503.860107 0.000000 1572.911621 0.000000 0.968470 0.000000 0.249130 0.424459 0.424459 0.424459
1516.434570 0.000000 1536.856812 0.000000 0.979271 0.000000 0.202556 0.413601 0.413601 0.413601
1521.878906 0.000000 1537.421997 0.000000 1.000000 0.000000 0.000566 0.418619 0.418619 0.418619
1518.857178 0.000000 1530.582031 0.000000 0.999742 0.000000 0.022707 0.428073 0.428073 0.428073
1507.914307 0.000000 1553.837280 0.000000 0.993567 0.000000 -0.113247 0.424297 0.424297 0.424297
1483.020874 0.000000 1536.320435 0.000000 0.974270 0.000000 -0.225384 0.430029 0.430029 0.430029
1481.625610 0.000000 1535.302979 0.000000 0.961818 0.000000 0.273690 0.441386 0.441386 0.441386
1506.384521 0.000000 1573.347900 0.000000 0.951765 0.000000 -0.306828 0.461366 0.461366 0.461366
1505.938477 0.000000 1575.966675 0.000000 0.994992 0.000000 -0.099952 0.457643 0.457643 0.457643
1478.203369 0.000000 1562.373413 0.000000 0.992431 0.000000 0.122807 0.469271 0.469271 0.469271
1505.783813 0.000000 1568.642334 0.000000 0.966659 0.000000 -0.256068 0.466422 0.466422 0.466422
1509.666260 0.000000 1572.913940 0.000000 0.983451 0.000000 -0.181173 0.463056 0.463056 0.463056
1509.564209 0.000000 1569.731812 0.000000 0.960988 0.000000 0.276590 0.483637 0.483637 0.483637
1514.991455 0.000000 1580.457031 0.000000 0.990542 0.000000 -0.137211 0.515723 0.515723 0.515723
1512.031860 0.000000 1576.628662 0.000000 0.989712 0.000000 0.143075 0.494119 0.494119 0.494119
1479.816406 0.000000 1555.541260 0.000000 0.995013 0.000000 0.099747 0.533934 0.533934 0.533934
1481.788452 0.000000 1544.479004 0.000000 0.952136 0.000000 -0.305676 0.589782 0.589782 0.589782
1510.615479 0.000000 1570.455200 0.000000 0.981334 0.000000 0.192311 0.510491 0.510491 0.510491
1517.223145 0.000000 1581.164307 0.000000 0.980300 0.000000 0.197517 0.543197 0.543197 0.543197
1517.862305 0.000000 1577.456177 0.000000 0.990690 0.000000 -0.136139 0.587052 0.587052 0.587052
1479.631958 0.000000 1543.736938 0.000000 0.992733 0.000000 -0.120337 0.552957 0.552957 0.552957
1404.546265 0.000000 1609.502197 0.000000 0.963533 0.000000 0.267589 0.399099 0.399099 0.399099
1381.382812 0.000000 1609.144531 0.000000 0.987898 0.000000 0.155107 0.412384 0.412384 0.412384
1389.468140 0.000000 1635.072144 0.000000 0.999544 0.000000 0.030202 0.502310 0.502310 0.502310
1375.949707 0.000000 1672.302856 0.000000 0.979435 0.000000 0.201760 0.397342 0.397342 0.397342
1372.442627 0.000000 1638.064331 0.000000 0.999855 0.000000 0.017035 0.406617 0.406617 0.406617
1396.127808 0.000000 1655.929321 0.000000 0.999976 0.000000 -0.006973 0.406963 0.406963 0.406963
1401.788940 0.000000 1657.408691 0.000000 0.990972 0.000000 0.134070 0.428254 0.428254 0.428254
1379.246582 0.000000 1684.465332 0.000000 0.960612 0.000000 0.277894 0.460546 0.460546 0.460546
1389.450073 0.000000 1640.566284 0.000000 0.956737 0.000000 0.290955 0.458377 0.458377 0.458377
1380.710693 0.000000 1687.543457 0.000000 0.958270 0.000000 0.285864 0.448862 0.448862 0.448862
1376.008667 0.000000 1688.531250 0.000000 0.993400 0.000000 -0.114700 0.467784 0.467784 0.467784
1366.839355 0.000000 1688.611694 0.000000 0.955364 0.000000 -0.295432 0.475163 0.475163 0.475163
1376.219360 0.000000 1684.202515 0.000000 0.995639 0.000000 0.093292 0.477617 0.477617 0.477617
1386.488525 0.000000 1639.295044 0.000000 0.999026 0.000000 0.044115 0.515699 0.515699 0.515699
1377.773193 0.000000 1693.472290 0.000000 0.964517 0.000000 -0.264022 0.536531 0.536531 0.536531
1368.281372 0.000000 1678.757202 0.000000 0.980357 0.000000 -0.197231 0.614663 0.614663 0.614663
1375.818726 0.000000 1694.031372 0.000000 0.975867 0.000000 0.218364 0.536898 0.536898 0.536898
1370.963867 0.000000 1690.879395 0.000000 0.999663 0.000000 -0.025952 0.576180 0.576180 0.576180
1371.654175 0.000000 1688.635132 0.000000 0.998524 0.000000 0.054316 0.581853 0.581853 0.581853
1370.647827 0.000000 1678.014282 0.000000 0.999990 0.000000 0.004419 0.591053 0.591053 0.591053
1372.533569 0.000000 1692.511230 0.000000 0.999743 0.000000 -0.022674 0.591809 0.591809 0.591809
1372.838257 0.000000 1691.446289 0.000000 0.994537 0.000000 -0.104383 0.611899 0.611899 0.611899
1417.437988 0.000000 1582.380127 0.000000 0.992166 0.000000 0.124930 0.398368 0.398368 0.398368
1422.452148 0.000000 1637.157227 0.000000 0.999500 0.000000 0.031622 0.399563 0.399563 0.399563
1411.928833 0.000000 1611.694458 0.000000 0.963962 0.000000 -0.266038 0.404768 0.404768 0.404768
1452.873901 0.000000 1626.551758 0.000000 0.991068 0.000000 -0.133360 0.410769 0.410769 0.410769
1416.162109 0.000000 1601.283325 0.000000 0.989677 0.000000 -0.143319 0.404981 0.404981 0.404981
1456.749756 0.000000 1604.170166 0.000000 0.968525 0.000000 -0.248915 0.418456 0.418456 0.418456
1470.677124 0.000000 1584.108521 0.000000 0.999836 0.000000 -0.018134 0.413013 0.413013 0.413013
1409.729858 0.000000 1614.154785 0.000000 0.978907 0.000000 -0.204304 0.415788 0.415788 0.415788
1455.881714 0.000000 1594.295044 0.000000 0.999532 0.000000 0.030605 0.427948 0.427948 0.427948
1467.459473 0.000000 1590.922607 0.000000 0.953075 0.000000 0.302735 0.437030 0.437030 0.437030
1455.569580 0.000000 1581.665649 0.000000 0.994156 0.000000 -0.107949 0.440010 0.440010 0.440010
1435.789307 0.000000 1616.742188 0.000000 0.960246 0.000000 -0.279156 0.462856 0.462856 0.462856
1466.963013 0.000000 1599.701172 0.000000 0.979905 0.000000 0.199464 0.458153 0.458153 0.458153
1461.819214 0.000000 1590.188232 0.000000 0.984001 0.000000 -0.178162 0.451095 0.451095 0.451095
1465.763306 0.000000 1602.578125 0.000000 0.996795 0.000000 -0.079996 0.480950 0.480950 0.480950
1470.777100 0.000000 1601.990723 0.000000 0.991213 0.000000 -0.132279 0.479981 0.479981 0.479981
1468.956909 0.000000 1606.328369 0.000000 0.992935 0.000000 -0.118659 0.481697 0.481697 0.481697
1408.011719 0.000000 1606.415649 0.000000 0.975962 0.000000 0.217943 0.488701 0.488701 0.488701
1461.702759 0.000000 1599.399414 0.000000 0.992829 0.000000 -0.119539 0.475782 0.475782 0.475782
1466.513306 0.000000 1595.258911 0.000000 0.993546 0.000000 -0.113432 0.479619 0.479619 0.479619
1412.866455 0.000000 1605.520996 0.000000 0.958951 0.000000 -0.283573 0.484935 0.484935 0.484935
1470.787476 0.000000 1600.246582 0.000000 0.976191 0.000000 0.216911 0.473281 0.473281 0.473281
1453.661743 0.000000 1631.817993 0.000000 0.999106 0.000000 -0.042264 0.495958 0.495958 0.495958
1499.974365 0.000000 1613.291992 0.000000 0.999813 0.000000 0.019347 0.399748 0.399748 0.399748
1501.565796 0.000000 1624.861206 0.000000 0.979148 0.000000 -0.203150 0.402727 0.402727 0.402727
1511.553711 0.000000 1598.764771 0.000000 0.983231 0.000000 -0.182363 0.402463 0.402463 0.402463
1493.436035 0.000000 1632.860474 0.000000 0.971269 0.000000 -0.237984 0.403239 0.403239 0.403239
1518.630737 0.000000 1605.339111 0.000000 0.975000 0.000000 -0.222206 0.403110 0.403110 0.403110
1481.640015 0.000000 1614.789551 0.000000 0.973786 0.000000 -0.227467 0.408184 0.408184 0.408184
1506.304321 0.000000 1597.662354 0.000000 0.957390 0.000000 -0.288799 0.419074 0.419074 0.419074
1491.258667 0.000000 1620.456055 0.000000 0.995427 0.000000 0.095529 0.405483 0.405483 0.405483
1472.060181 0.000000 1589.810669 0.000000 0.956492 0.000000 0.291759 0.410292 0.410292 0.410292
1476.386230 0.000000 1591.979492 0.000000 0.980869 0.000000 -0.194667 0.417627 0.417627 0.417627
1480.816650 0.000000 1629.570801 0.000000 0.983466 0.000000 0.181090 0.411991 0.411991 0.411991
1518.857178 0.000000 1587.066406 0.000000 0.975824 0.000000 -0.218559 0.431908 0.431908 0.431908
1509.219971 0.000000 1605.141968 0.000000 0.982590 0.000000 0.185787 0.440979 0.440979 0.440979
1507.772095 0.000000 1615.719360 0.000000 0.998494 0.000000 0.054856 0.525226 0.525226 0.525226
1504.511597 0.000000 1612.559814 0.000000 0.997062 0.000000 -0.076594 0.545961 0.545961 0.545961
1473.285400 0.000000 1610.674438 0.000000 0.999930 0.000000 0.011838 0.500735 0.500735 0.500735
1505.111572 0.000000 1615.082153 0.000000 0.987831 0.000000 0.155532 0.540363 0.540363 0.540363
1408.290283 0.000000 1672.411987 0.000000 0.970768 0.000000 0.240021 0.396902 0.396902 0.396902
1413.003174 0.000000 1674.174927 0.000000 0.967131 0.000000 -0.254280 0.403351 0.403351 0.403351
1461.757935 0.000000 1657.411621 0.000000 0.999761 0.000000 -0.021883 0.400288 0.400288 0.400288
1437.536743 0.000000 1678.060059 0.000000 0.960283 0.000000 -0.279027 0.403798 0.403798 0.403798
1468.605713 0.000000 1669.973511 0.000000 0.994871 0.000000 0.101156 0.409298 0.409298 0.409298
1464.956177 0.000000 1663.462646 0.000000 0.999325 0.000000 -0.036727 0.401497 0.401497 0.401497
1470.677124 0.000000 1640.592896 0.000000 0.992107 0.000000 0.125393 0.412832 0.412832 0.412832
1410.422852 0.000000 1666.446533 0.000000 0.980977 0.000000 -0.194126 0.417619 0.417619 0.417619
1425.373657 0.000000 1638.153320 0.000000 0.992395 0.000000 0.123094 0.412866 0.412866 0.412866
1460.201538 0.000000 1644.994873 0.000000 0.962430 0.000000 -0.271529 0.442748 0.442748 0.442748
1467.325317 0.000000 1650.162231 0.000000 0.995944 0.000000 -0.089970 0.421965 0.421965 0.421965
1429.837891 0.000000 1682.994141 0.000000 0.998134 0.000000 -0.061053 0.435301 0.435301 0.435301
1429.261719 0.000000 1685.207764 0.000000 0.967605 0.000000 -0.252468 0.484315 0.484315 0.484315
1415.944946 0.000000 1665.985229 0.000000 0.996729 0.000000 -0.080815 0.469135 0.469135 0.469135
1437.555054 0.000000 1646.020142 0.000000 0.997191 0.000000 -0.074903 0.490708 0.490708 0.490708
1483.346924 0.000000 1686.010864 0.000000 0.991225 0.000000 0.132183 0.399116 0.399116 0.399116
1501.193848 0.000000 1664.258057 0.000000 0.981715 0.000000 0.190355 0.402162 0.402162 0.402162
1501.062500 0.000000 1655.723145 0.000000 0.965174 0.000000 -0.261608 0.418652 0.418652 0.418652
1506.286743 0.000000 1641.674561 0.000000 0.973973 0.000000 -0.226663 0.422093 0.422093 0.422093
1531.157593 0.000000 1639.798584 0.000000 0.972599 0.000000 0.232489 0.474904 0.474904 0.474904
1472.096802 0.000000 1678.084351 0.000000 0.992670 0.000000 0.120854 0.492635 0.492635 0.492635
1368.763672 0.000000 1725.262451 0.000000 0.995714 0.000000 0.092491 0.398761 0.398761 0.398761
1371.827881 0.000000 1698.570435 0.000000 0.957109 0.000000 -0.289728 0.407110 0.407110 0.407110
1368.281860 0.000000 1716.546387 0.000000 0.955990 0.000000 0.293400 0.410266 0.410266 0.410266
1384.507935 0.000000 1718.953613 0.000000 0.969767 0.000000 0.244032 0.411031 0.411031 0.411031
1376.249146 0.000000 1722.906982 0.000000 0.963890 0.000000 0.266300 0.410687 0.410687 0.410687
1394.491943 0.000000 1718.171509 0.000000 0.958839 0.000000 -0.283952 0.418998 0.418998 0.418998
1393.047241 0.000000 1703.355713 0.000000 0.999822 0.000000 -0.018852 0.414987 0.414987 0.414987
1403.649170 0.000000 1716.043945 0.000000 0.999118 0.000000 0.041995 0.443412 0.443412 0.443412
1398.224854 0.000000 1709.709961 0.000000 0.968015 0.000000 0.250894 0.453350 0.453350 0.453350
1385.913086 0.000000 1711.926025 0.000000 0.990844 0.000000 -0.135015 0.458264 0.458264 0.458264
1410.873169 0.000000 1720.821533 0.000000 0.966657 0.000000 0.256076 0.396431 0.396431 0.396431
1545.437988 0.000000 1356.442627 0.000000 0.963566 0.000000 0.267471 0.396471 0.396471 0.396471
1598.612427 0.000000 1463.749634 0.000000 0.997143 0.000000 -0.075532 0.400997 0.400997 0.400997
1554.112671 0.000000 1438.301025 0.000000 0.975059 0.000000 -0.221947 0.418043 0.418043 0.418043
1571.097656 0.000000 1454.209473 0.000000 0.999759 0.000000 0.021969 0.410462 0.410462 0.410462
1578.287964 0.000000 1442.791626 0.000000 0.972055 0.000000 -0.234754 0.450090 0.450090 0.450090
1564.480591 0.000000 1450.670288 0.000000 0.997268 0.000000 0.073871 0.460435 0.460435 0.460435
1581.060913 0.000000 1461.052124 0.000000 0.986872 0.000000 -0.161505 0.486495 0.486495 0.486495
1572.453857 0.000000 1453.535889 0.000000 0.986952 0.000000 0.161016 0.501498 0.501498 0.501498
1573.650635 0.000000 1451.261719 0.000000 0.992885 0.000000 -0.119075 0.550946 0.550946 0.550946
1577.663208 0.000000 1455.703369 0.000000 0.958603 0.000000 -0.284746 0.577142 0.577142 0.577142
1576.328003 0.000000 1452.856079 0.000000 0.992810 0.000000 0.119701 0.647967 0.647967 0.647967
1572.142212 0.000000 1468.688965 0.000000 0.971950 0.000000 -0.235187 0.403319 0.403319 0.403319
1548.076904 0.000000 1503.904175 0.000000 0.959954 0.000000 0.280158 0.410472 0.410472 0.410472
1538.305054 0.000000 1469.943604 0.000000 0.994745 0.000000 0.102384 0.413177 0.413177 0.413177
1580.596680 0.000000 1487.545044 0.000000 0.997594 0.000000 -0.069328 0.415740 0.415740 0.415740
1565.062500 0.000000 1486.270020 0.000000 0.975878 0.000000 0.218317 0.411425 0.411425 0.411425
1567.909790 0.000000 1483.561157 0.000000 0.956435 0.000000 0.291947 0.419910 0.419910 0.419910
1578.936646 0.000000 1521.093994 0.000000 0.976272 0.000000 -0.216549 0.479623 0.479623 0.479623
1583.452637 0.000000 1518.572876 0.000000 0.967859 0.000000 0.251494 0.474528 0.474528 0.474528
1541.865234 0.000000 1503.419800 0.000000 0.974402 0.000000 0.224813 0.482773 0.482773 0.482773
1558.343750 0.000000 1542.470337 0.000000 0.976105 0.000000 -0.217301 0.402975 0.402975 0.402975
1538.892212 0.000000 1563.279419 0.000000 0.999523 0.000000 0.030899 0.399582 0.399582 0.399582
1559.097900 0.000000 1544.092529 0.000000 0.957029 0.000000 -0.289991 0.455057 0.455057 0.455057
1556.652954 0.000000 1558.737183 0.000000 0.963658 0.000000 -0.267138 0.488603 0.488603 0.488603
1553.435669 0.000000 1568.992065 0.000000 0.987522 0.000000 -0.157481 0.603537 0.603537 0.603537
1558.552368 0.000000 1549.326416 0.000000 0.994920 0.000000 0.100673 0.508617 0.508617 0.508617
1555.857544 0.000000 1565.274658 0.000000 0.960004 0.000000 0.279985 0.552625 0.552625 0.552625
1555.231201 0.000000 1570.399902 0.000000 0.951742 0.000000 0.306899 0.548090 0.548090 0.548090
1550.093872 0.000000 1564.803589 0.000000 0.983950 0.000000 0.178445 0.588103 0.588103 0.588103
1556.294678 0.000000 1568.271851 0.000000 0.992627 0.000000 0.121207 0.605250 0.605250 0.605250
1537.116211 0.000000 1618.061768 0.000000 0.978471 0.000000 0.206382 0.411607 0.411607 0.411607
1543.561523 0.000000 1632.536377 0.000000 0.994018 0.000000 -0.109221 0.416338 0.416338 0.416338
1550.486328 0.000000 1620.244263 0.000000 0.958785 0.000000 -0.284133 0.419001 0.419001 0.419001
1547.119385 0.000000 1635.181641 0.000000 0.998173 0.000000 -0.060423 0.415607 0.415607 0.415607
1542.067017 0.000000 1614.697998 0.000000 0.983533 0.000000 -0.180726 0.429315 0.429315 0.429315
1547.621582 0.000000 1627.486084 0.000000 0.988333 0.000000 0.152306 0.468715 0.468715 0.468715
1547.164307 0.000000 1618.117676 0.000000 0.996614 0.000000 -0.082222 0.469161 0.469161 0.469161
633.029419 0.000000 2661.202393 0.000000 0.975957 0.000000 -0.217962 0.429910 0.429910 0.429910
598.662903 0.000000 2689.656982 0.000000 0.994242 0.000000 0.107156 0.461780 0.461780 0.461780
596.653015 0.000000 2688.424805 0.000000 0.999061 0.000000 -0.043325 0.468444 0.468444 0.468444
639.399353 0.000000 2703.258057 0.000000 0.979695 0.000000 -0.200496 0.588831 0.588831 0.588831
627.251648 0.000000 2703.929688 0.000000 0.991362 0.000000 0.131151 0.616584 0.616584 0.616584
629.067078 0.000000 2707.968506 0.000000 0.986385 0.000000 -0.164452 0.552063 0.552063 0.552063
634.901367 0.000000 2702.791260 0.000000 0.971656 0.000000 0.236399 0.557613 0.557613 0.557613
647.693176 0.000000 2630.113770 0.000000 0.977428 0.000000 0.211269 0.397258 0.397258 0.397258
685.059875 0.000000 2640.673096 0.000000 0.981680 0.000000 0.190539 0.397511 0.397511 0.397511
644.219482 0.000000 2630.915283 0.000000 0.964636 0.000000 0.263584 0.396404 0.396404 0.396404
695.879456 0.000000 2641.476074 0.000000 0.956490 0.000000 0.291765 0.395979 0.395979 0.395979
687.961853 0.000000 2653.541260 0.000000 0.999998 0.000000 -0.001771 0.400024 0.400024 0.400024
663.931152 0.000000 2649.998535 0.000000 0.989406 0.000000 -0.145178 0.402015 0.402015 0.402015
694.447144 0.000000 2647.490723 0.000000 0.988497 0.000000 -0.151243 0.424887 0.424887 0.424887
663.245850 0.000000 2653.941650 0.000000 0.999693 0.000000 0.024780 0.428040 0.428040 0.428040
643.459412 0.000000 2634.797607 0.000000 0.977148 0.000000 -0.212561 0.451693 0.451693 0.451693
666.510254 0.000000 2629.074463 0.000000 0.989439 0.000000 -0.144950 0.476264 0.476264 0.476264
690.969971 0.000000 2652.540039 0.000000 0.955190 0.000000 -0.295994 0.485184 0.485184 0.485184
675.772095 0.000000 2632.437988 0.000000 0.998865 0.000000 -0.047635 0.645669 0.645669 0.645669
640.026367 0.000000 2635.398438 0.000000 0.979573 0.000000 0.201090 0.514158 0.514158 0.514158
644.237427 0.000000 2649.815918 0.000000 0.971783 0.000000 0.235876 0.505668 0.505668 0.505668
670.440247 0.000000 2628.345215 0.000000 0.967947 0.000000 -0.251154 0.608275 0.608275 0.608275
668.400940 0.000000 2649.739502 0.000000 0.964592 0.000000 -0.263747 0.540527 0.540527 0.540527
678.974487 0.000000 2634.370117 0.000000 0.978782 0.000000 0.204907 0.573859 0.573859 0.573859
678.279236 0.000000 2632.756348 0.000000 0.959207 0.000000 0.282705 0.602306 0.602306 0.602306
710.226929 0.000000 2642.856201 0.000000 0.999808 0.000000 -0.019589 0.426777 0.426777 0.426777
727.245850 0.000000 2653.941650 0.000000 0.985393 0.000000 -0.170297 0.441044 0.441044 0.441044
710.216797 0.000000 2645.513184 0.000000 0.998509 0.000000 0.054579 0.464690 0.464690 0.464690
724.687561 0.000000 2650.984375 0.000000 0.964615 0.000000 0.263664 0.460816 0.460816 0.460816
712.996094 0.000000 2649.500244 0.000000 0.995021 0.000000 0.099665 0.481388 0.481388 0.481388
719.887817 0.000000 2646.018555 0.000000 0.982573 0.000000 -0.185876 0.562543 0.562543 0.562543
720.364197 0.000000 2651.852539 0.000000 0.995651 0.000000 -0.093157 0.605637 0.605637 0.605637
720.040405 0.000000 2650.635742 0.000000 0.995218 0.000000 0.097682 0.600114 0.600114 0.600114
669.075928 0.000000 2707.165771 0.000000 0.999105 0.000000 0.042290 0.399423 0.399423 0.399423
688.015320 0.000000 2682.547119 0.000000 0.971663 0.000000 0.236370 0.396771 0.396771 0.396771
668.903564 0.000000 2661.386963 0.000000 0.988658 0.000000 -0.150188 0.405080 0.405080 0.405080
686.922729 0.000000 2690.086914 0.000000 0.973946 0.000000 -0.226781 0.416128 0.416128 0.416128
690.636902 0.000000 2665.219971 0.000000 0.999819 0.000000 0.019025 0.424214 0.424214 0.424214
659.108337 0.000000 2664.742676 0.000000 0.962763 0.000000 0.270348 0.412552 0.412552 0.412552
697.789001 0.000000 2674.127441 0.000000 0.999996 0.000000 -0.002902 0.428477 0.428477 0.428477
690.737732 0.000000 2688.263184 0.000000 0.997187 0.000000 0.074960 0.438955 0.438955 0.438955
670.384949 0.000000 2696.360352 0.000000 0.977669 0.000000 0.210151 0.436694 0.436694 0.436694
685.137634 0.000000 2669.825684 0.000000 0.960438 0.000000 0.278492 0.427829 0.427829 0.427829
703.198669 0.000000 2689.785645 0.000000 0.969186 0.000000 0.246329 0.439937 0.439937 0.439937
676.710754 0.000000 2704.262207 0.000000 0.979886 0.000000 -0.199559 0.465378 0.465378 0.465378
692.736572 0.000000 2679.616699 0.000000 0.980787 0.000000 -0.195082 0.473245 0.473245 0.473245
688.912659 0.000000 2670.578613 0.000000 0.978215 0.000000 -0.207596 0.487409 0.487409 0.487409
684.112549 0.000000 2708.820068 0.000000 0.954826 0.000000 0.297165 0.488963 0.488963 0.488963
692.128113 0.000000 2660.250977 0.000000 0.999787 0.000000 -0.020632 0.507300 0.507300 0.507300
683.721985 0.000000 2706.159180 0.000000 0.988766 0.000000 -0.149475 0.525906 0.525906 0.525906
697.621643 0.000000 2687.656494 0.000000 0.985288 0.000000 0.170902 0.497415 0.497415 0.497415
685.109192 0.000000 2706.173340 0.000000 0.989908 0.000000 -0.141710 0.537624 0.537624 0.537624
699.589539 0.000000 2687.330566 0.000000 0.995425 0.000000 -0.095541 0.548394 0.548394 0.548394
695.950745 0.000000 2680.744141 0.000000 0.983762 0.000000 -0.179479 0.628074 0.628074 0.628074
761.730042 0.000000 2695.555176 0.000000 0.999964 0.000000 -0.008426 0.400109 0.400109 0.400109
735.885071 0.000000 2673.955811 0.000000 0.958665 0.000000 -0.284538 0.415016 0.415016 0.415016
744.273132 0.000000 2704.981201 0.000000 0.988443 0.000000 -0.151596 0.416975 0.416975 0.416975
744.552612 0.000000 2707.616699 0.000000 0.999761 0.000000 -0.021873 0.415032 0.415032 0.415032
719.814880 0.000000 2675.397705 0.000000 0.968323 0.000000 -0.249700 0.438391 0.438391 0.438391
735.589539 0.000000 2684.810791 0.000000 0.976620 0.000000 0.214975 0.450140 0.450140 0.450140
704.011719 0.000000 2679.618652 0.000000 0.988621 0.000000 0.150428 0.486210 0.486210 0.486210
744.332458 0.000000 2692.968506 0.000000 0.960105 0.000000 -0.279640 0.486856 0.486856 0.486856
707.718445 0.000000 2683.559570 0.000000 0.996645 0.000000 0.081849 0.538251 0.538251 0.538251
731.789185 0.000000 2685.186523 0.000000 0.974963 0.000000 -0.222368 0.515603 0.515603 0.515603
755.779053 0.000000 2700.346191 0.000000 0.999290 0.000000 0.037682 0.513885 0.513885 0.513885
724.239807 0.000000 2655.917480 0.000000 0.981205 0.000000 -0.192966 0.618523 0.618523 0.618523
705.099792 0.000000 2686.176758 0.000000 0.966622 0.000000 -0.256206 0.570362 0.570362 0.570362
730.844666 0.000000 2680.090332 0.000000 0.999699 0.000000 -0.024550 0.599721 0.599721 0.599721
734.298584 0.000000 2678.821289 0.000000 0.952991 0.000000 -0.303000 0.563572 0.563572 0.563572
704.444214 0.000000 2684.490234 0.000000 0.998104 0.000000 0.061556 0.651860 0.651860 0.651860
704.173767 0.000000 2682.441162 0.000000 0.957794 0.000000 0.287455 0.628897 0.628897 0.628897
1727.683594 0.000000 2215.931152 0.000000 0.971828 0.000000 -0.235689 0.403041 0.403041 0.403041
1728.110718 0.000000 2213.255127 0.000000 0.999035 0.000000 0.043922 0.399421 0.399421 0.399421
1823.881958 0.000000 2205.540039 0.000000 0.984143 0.000000 -0.177379 0.407453 0.407453 0.407453
1274.085693 0.000000 2588.955566 0.000000 0.999910 0.000000 0.013410 0.399813 0.399813 0.399813
1273.397339 0.000000 2579.947266 0.000000 0.962521 0.000000 -0.271208 0.404843 0.404843 0.404843
1275.031128 0.000000 2587.535645 0.000000 0.964547 0.000000 0.263910 0.489668 0.489668 0.489668
1276.154541 0.000000 2581.896729 0.000000 0.966799 0.000000 0.255538 0.597390 0.597390 0.597390
1274.465332 0.000000 2579.328857 0.000000 0.994091 0.000000 -0.108550 0.651620 0.651620 0.651620
1278.502197 0.000000 2586.680908 0.000000 0.968836 0.000000 -0.247702 0.620193 0.620193 0.620193
1273.878052 0.000000 2685.346924 0.000000 0.988760 0.000000 0.149510 0.478469 0.478469 0.478469
1279.335327 0.000000 2680.995117 0.000000 0.985088 0.000000 0.172053 0.599875 0.599875 0.599875
1298.458984 0.000000 2593.234131 0.000000 0.976867 0.000000 0.213846 0.690396 0.690396 0.690396
1281.433228 0.000000 2589.052734 0.000000 0.999939 0.000000 -0.011047 0.644477 0.644477 0.644477
1282.320068 0.000000 2578.843994 0.000000 0.972827 0.000000 -0.231533 0.709289 0.709289 0.709289
1280.026367 0.000000 2578.914062 0.000000 0.972343 0.000000 -0.233559 0.593753 0.593753 0.593753
1283.816528 0.000000 2577.227539 0.000000 0.999759 0.000000 -0.021967 0.680200 0.680200 0.680200
1283.876587 0.000000 2580.203857 0.000000 0.999964 0.000000 0.008451 0.659516 0.659516 0.659516
1282.178345 0.000000 2580.717773 0.000000 0.986317 0.000000 0.164859 0.654170 0.654170 0.654170
1317.505493 0.000000 2653.968994 0.000000 0.955246 0.000000 0.295812 0.398682 0.398682 0.398682
1306.409058 0.000000 2611.137695 0.000000 0.984675 0.000000 0.174398 0.671195 0.671195 0.671195
1307.520020 0.000000 2611.458984 0.000000 0.991170 0.000000 -0.132599 0.682197 0.682197 0.682197
1324.866455 0.000000 2616.010742 0.000000 0.998832 0.000000 -0.048320 0.633875 0.633875 0.633875
1309.687012 0.000000 2611.136230 0.000000 0.987217 0.000000 0.159379 0.685252 0.685252 0.685252
1321.406372 0.000000 2620.189941 0.000000 0.976196 0.000000 0.216890 0.691327 0.691327 0.691327
1325.605713 0.000000 2619.496826 0.000000 0.988581 0.000000 0.150690 0.693259 0.693259 0.693259
1309.838013 0.000000 2651.372070 0.000000 0.991526 0.000000 0.129908 0.639875 0.639875 0.639875
1308.838257 0.000000 2651.680664 0.000000 0.971856 0.000000 -0.235574 0.651862 0.651862 0.651862
1319.139160 0.000000 2678.493408 0.000000 0.997511 0.000000 -0.070507 0.463034 0.463034 0.463034
1302.790405 0.000000 2681.294434 0.000000 0.999480 0.000000 -0.032234 0.474135 0.474135 0.474135
1296.139404 0.000000 2693.721680 0.000000 0.977726 0.000000 0.209886 0.492729 0.492729 0.492729
1299.482422 0.000000 2680.455566 0.000000 0.996297 0.000000 0.085980 0.505038 0.505038 0.505038
1325.534546 0.000000 2689.787109 0.000000 0.995154 0.000000 -0.098327 0.499075 0.499075 0.499075
1324.637817 0.000000 2684.318848 0.000000 0.959815 0.000000 -0.280635 0.653381 0.653381 0.653381
1313.317017 0.000000 2700.326904 0.000000 0.998953 0.000000 -0.045750 0.643639 0.643639 0.643639
1310.440186 0.000000 2684.829590 0.000000 0.985134 0.000000 0.171785 0.596020 0.596020 0.596020
1311.106812 0.000000 2683.116211 0.000000 0.981972 0.000000 0.189025 0.566576 0.566576 0.566576
1306.826904 0.000000 2665.834473 0.000000 0.998998 0.000000 0.044766 0.550856 0.550856 0.550856
1406.576294 0.000000 2667.029053 0.000000 0.980655 0.000000 -0.195743 0.586706 0.586706 0.586706
1359.300537 0.000000 2697.853760 0.000000 0.969332 0.000000 0.245756 0.597684 0.597684 0.597684
1400.781006 0.000000 2668.713379 0.000000 0.986251 0.000000 -0.165257 0.516337 0.516337 0.516337
1394.041382 0.000000 2668.419678 0.000000 0.999988 0.000000 -0.004903 0.642316 0.642316 0.642316
1356.522217 0.000000 2695.497559 0.000000 0.990218 0.000000 0.139530 0.562078 0.562078 0.562078
1393.593384 0.000000 2671.460938 0.000000 0.991898 0.000000 -0.127037 0.642315 0.642315 0.642315
1367.544312 0.000000 2707.556885 0.000000 0.968058 0.000000 0.250725 0.584107 0.584107 0.584107
1387.801636 0.000000 2688.425293 0.000000 0.994614 0.000000 -0.103647 0.651458 0.651458 0.651458
1413.178101 0.000000 2680.135742 0.000000 0.999825 0.000000 -0.018704 0.400257 0.400257 0.400257
1443.360474 0.000000 2704.014404 0.000000 0.970307 0.000000 -0.241876 0.709926 0.709926 0.709926
1443.081421 0.000000 2698.096436 0.000000 0.995269 0.000000 -0.097162 0.528677 0.528677 0.528677
1645.601929 0.000000 2299.300049 0.000000 0.987852 0.000000 -0.155399 0.402174 0.402174 0.402174
1580.263306 0.000000 2366.034424 0.000000 0.999346 0.000000 0.036161 0.399496 0.399496 0.399496
1580.424194 0.000000 2368.405518 0.000000 0.996607 0.000000 0.082313 0.398852 0.398852 0.398852
1584.587158 0.000000 2366.785400 0.000000 0.997925 0.000000 0.064386 0.411792 0.411792 0.411792
1614.716187 0.000000 2325.593018 0.000000 0.999987 0.000000 0.005068 0.399934 0.399934 0.399934
1611.910645 0.000000 2343.542236 0.000000 0.982662 0.000000 -0.185407 0.402598 0.402598 0.402598
1601.278687 0.000000 2361.734619 0.000000 0.974751 0.000000 -0.223294 0.403148 0.403148 0.403148
1668.256348 0.000000 2314.890625 0.000000 0.999677 0.000000 0.025418 0.399646 0.399646 0.399646
1697.496704 0.000000 2283.605713 0.000000 0.999099 0.000000 0.042434 0.399413 0.399413 0.399413
1664.956543 0.000000 2300.494873 0.000000 0.984398 0.000000 -0.175957 0.403468 0.403468 0.403468
1750.797119 0.000000 2260.349609 0.000000 0.992071 0.000000 -0.125677 0.401623 0.401623 0.401623
1716.512451 0.000000 2325.713867 0.000000 0.960706 0.000000 0.277568 0.416291 0.416291 0.416291
1795.605225 0.000000 2282.651611 0.000000 0.958036 0.000000 -0.286647 0.403832 0.403832 0.403832
1811.875488 0.000000 2274.823730 0.000000 0.981051 0.000000 -0.193750 0.402716 0.402716 0.402716
1846.374756 0.000000 2290.924805 0.000000 0.999440 0.000000 0.033456 0.410294 0.410294 0.410294
1840.601685 0.000000 2264.217285 0.000000 0.996814 0.000000 0.079765 0.405711 0.405711 0.405711
1856.290283 0.000000 2293.740234 0.000000 0.999965 0.000000 -0.008323 0.400106 0.400106 0.400106
1909.498657 0.000000 2296.851318 0.000000 0.993484 0.000000 0.113973 0.442199 0.442199 0.442199
1962.064331 0.000000 2310.698730 0.000000 0.972619 0.000000 -0.232404 0.403080 0.403080 0.403080
1955.024292 0.000000 2279.947021 0.000000 0.955667 0.000000 -0.294449 0.404164 0.404164 0.404164
1546.229004 0.000000 2586.064697 0.000000 0.969837 0.000000 0.243753 0.565104 0.565104 0.565104
1540.258545 0.000000 2585.318848 0.000000 0.989654 0.000000 0.143472 0.693936 0.693936 0.693936
1545.572998 0.000000 2584.293701 0.000000 0.987243 0.000000 -0.159219 0.615515 0.615515 0.615515
1537.115112 0.000000 2584.063721 0.000000 0.955432 0.000000 -0.295210 0.653876 0.653876 0.653876
1544.068481 0.000000 2585.366699 0.000000 0.999889 0.000000 -0.014876 0.611224 0.611224 0.611224
1540.418335 0.000000 2590.996094 0.000000 0.959515 0.000000 -0.281656 0.611193 0.611193 0.611193
1546.770020 0.000000 2585.135986 0.000000 0.995750 0.000000 0.092095 0.672216 0.672216 0.672216
1543.129761 0.000000 2585.762451 0.000000 0.971406 0.000000 0.237423 0.607532 0.607532 0.607532
1560.050781 0.000000 2615.994141 0.000000 0.975658 0.000000 0.219297 0.451995 0.451995 0.451995
1561.273560 0.000000 2619.209717 0.000000 0.981566 0.000000 -0.191126 0.475157 0.475157 0.475157
1542.787476 0.000000 2603.172852 0.000000 0.967142 0.000000 0.254237 0.487947 0.487947 0.487947
1598.343750 0.000000 2676.370117 0.000000 0.951565 0.000000 -0.307447 0.654294 0.654294 0.654294
635.206482 0.000000 2741.230713 0.000000 0.998061 0.000000 -0.062243 0.400855 0.400855 0.400855
596.672546 0.000000 2730.807373 0.000000 0.969313 0.000000 -0.245829 0.418409 0.418409 0.418409
607.429199 0.000000 2735.178223 0.000000 0.959510 0.000000 -0.281675 0.418963 0.418963 0.418963
593.646667 0.000000 2730.574707 0.000000 0.972362 0.000000 -0.233480 0.418219 0.418219 0.418219
602.051819 0.000000 2743.544189 0.000000 0.993112 0.000000 -0.117168 0.416457 0.416457 0.416457
612.845642 0.000000 2757.229980 0.000000 0.999822 0.000000 0.018859 0.435967 0.435967 0.435967
611.248779 0.000000 2725.611328 0.000000 0.986179 0.000000 -0.165684 0.440967 0.440967 0.440967
601.662781 0.000000 2734.045410 0.000000 0.991137 0.000000 0.132843 0.443823 0.443823 0.443823
603.986023 0.000000 2722.008057 0.000000 0.973773 0.000000 -0.227522 0.483821 0.483821 0.483821
687.844543 0.000000 2718.360352 0.000000 0.971714 0.000000 -0.236162 0.403083 0.403083 0.403083
682.157776 0.000000 2734.086182 0.000000 0.958918 0.000000 0.283684 0.396194 0.396194 0.396194
653.917664 0.000000 2742.696289 0.000000 0.977268 0.000000 0.212007 0.403781 0.403781 0.403781
656.405029 0.000000 2748.805176 0.000000 0.985441 0.000000 -0.170020 0.405365 0.405365 0.405365
654.936279 0.000000 2757.822021 0.000000 0.995019 0.000000 -0.099685 0.416195 0.416195 0.416195
648.383362 0.000000 2733.113770 0.000000 0.997649 0.000000 0.068527 0.413683 0.413683 0.413683
651.945618 0.000000 2733.318604 0.000000 0.985973 0.000000 -0.166906 0.417206 0.417206 0.417206
645.188354 0.000000 2753.989990 0.000000 0.979892 0.000000 0.199528 0.411711 0.411711 0.411711
640.060242 0.000000 2719.498291 0.000000 0.994563 0.000000 -0.104140 0.416261 0.416261 0.416261
651.631714 0.000000 2727.766357 0.000000 0.952814 0.000000 0.303556 0.410108 0.410108 0.410108
652.800354 0.000000 2721.812744 0.000000 0.994867 0.000000 0.101188 0.420988 0.420988 0.420988
659.159363 0.000000 2731.469482 0.000000 0.958546 0.000000 -0.284936 0.464962 0.464962 0.464962
662.790405 0.000000 2737.778809 0.000000 0.976945 0.000000 -0.213489 0.499473 0.499473 0.499473
724.194763 0.000000 2757.162842 0.000000 0.987427 0.000000 0.158077 0.397915 0.397915 0.397915
704.173157 0.000000 2713.074707 0.000000 0.999152 0.000000 0.041171 0.399457 0.399457 0.399457
726.908936 0.000000 2722.249756 0.000000 0.953960 0.000000 -0.299934 0.404152 0.404152 0.404152
737.496704 0.000000 2735.480713 0.000000 0.997330 0.000000 -0.073033 0.401004 0.401004 0.401004
728.466675 0.000000 2737.774170 0.000000 0.989685 0.000000 -0.143260 0.402010 0.402010 0.402010
727.342529 0.000000 2726.760742 0.000000 0.951855 0.000000 -0.306547 0.425348 0.425348 0.425348
729.637573 0.000000 2747.947510 0.000000 0.999956 0.000000 0.009329 0.410648 0.410648 0.410648
719.150574 0.000000 2764.861084 0.000000 0.975690 0.000000 -0.219156 0.418000 0.418000 0.418000
710.215393 0.000000 2727.403320 0.000000 0.991336 0.000000 0.131350 0.434130 0.434130 0.434130
745.461914 0.000000 2766.849609 0.000000 0.999159 0.000000 0.041003 0.418006 0.418006 0.418006
728.941406 0.000000 2761.477783 0.000000 0.955986 0.000000 -0.293411 0.449120 0.449120 0.449120
730.396606 0.000000 2721.287842 0.000000 0.993497 0.000000 0.113860 0.438309 0.438309 0.438309
730.534668 0.000000 2766.045410 0.000000 0.965192 0.000000 0.261542 0.447378 0.447378 0.447378
729.614136 0.000000 2762.985596 0.000000 0.961314 0.000000 0.275455 0.472129 0.472129 0.472129
700.546326 0.000000 2795.674072 0.000000 0.991543 0.000000 -0.129778 0.402811 0.402811 0.402811
691.156128 0.000000 2781.807373 0.000000 0.992838 0.000000 0.119465 0.412921 0.412921 0.412921
695.776062 0.000000 2795.459229 0.000000 0.993874 0.000000 0.110519 0.426684 0.426684 0.426684
712.000793 0.000000 2771.795654 0.000000 0.999254 0.000000 -0.038631 0.400536 0.400536 0.400536
724.737915 0.000000 2767.737305 0.000000 0.987562 0.000000 0.157228 0.412352 0.412352 0.412352
715.600586 0.000000 2773.456299 0.000000 0.999988 0.000000 -0.004819 0.414778 0.414778 0.414778
730.472229 0.000000 2770.968018 0.000000 0.981605 0.000000 0.190922 0.466049 0.466049 0.466049
731.908447 0.000000 2773.238037 0.000000 0.994721 0.000000 0.102617 0.467704 0.467704 0.467704
795.981201 0.000000 2811.676025 0.000000 0.999937 0.000000 -0.011210 0.440381 0.440381 0.440381
776.166687 0.000000 2773.319092 0.000000 0.999390 0.000000 -0.034925 0.480083 0.480083 0.480083
810.549194 0.000000 2835.330078 0.000000 0.954386 0.000000 0.298576 0.395852 0.395852 0.395852
806.658386 0.000000 2832.439697 0.000000 0.998637 0.000000 -0.052195 0.400727 0.400727 0.400727
811.779663 0.000000 2829.200195 0.000000 0.965213 0.000000 -0.261466 0.448561 0.448561 0.448561
1371.827881 0.000000 2715.289062 0.000000 0.975981 0.000000 0.217853 0.397892 0.397892 0.397892
1372.903564 0.000000 2717.871338 0.000000 0.992305 0.000000 -0.123814 0.414581 0.414581 0.414581
2171.123047 0.000000 2750.676270 0.000000 0.993754 0.000000 0.111592 0.436400 0.436400 0.436400
2173.407227 0.000000 2748.633545 0.000000 0.997457 0.000000 -0.071274 0.443346 0.443346 0.443346
2171.196045 0.000000 2746.856445 0.000000 0.984399 0.000000 -0.175951 0.621990 0.621990 0.621990
2170.980713 0.000000 2749.687500 0.000000 0.968663 0.000000 0.248380 0.611029 0.611029 0.611029
2171.144043 0.000000 2819.924072 0.000000 0.995943 0.000000 0.089987 0.452349 0.452349 0.452349
2172.446777 0.000000 2771.992188 0.000000 0.967815 0.000000 0.251664 0.466822 0.466822 0.466822
2175.538818 0.000000 2782.219482 0.000000 0.999960 0.000000 0.008923 0.471402 0.471402 0.471402
2173.311279 0.000000 2822.025391 0.000000 0.999238 0.000000 0.039023 0.607676 0.607676 0.607676
2173.859131 0.000000 2824.140137 0.000000 0.980532 0.000000 -0.196361 0.624610 0.624610 0.624610
2201.195068 0.000000 2756.825684 0.000000 0.997363 0.000000 0.072580 0.421430 0.421430 0.421430
2201.175293 0.000000 2753.619629 0.000000 0.983253 0.000000 0.182247 0.450723 0.450723 0.450723
2232.531494 0.000000 2766.710938 0.000000 0.998880 0.000000 -0.047314 0.472452 0.472452 0.472452
2201.036621 0.000000 2755.485352 0.000000 0.993615 0.000000 -0.112820 0.622050 0.622050 0.622050
2215.974365 0.000000 2764.998535 0.000000 0.986700 0.000000 0.162554 0.621414 0.621414 0.621414
2196.294678 0.000000 2754.443848 0.000000 0.993458 0.000000 -0.114201 0.704480 0.704480 0.704480
2263.427979 0.000000 2760.245361 0.000000 0.993500 0.000000 0.113835 0.398508 0.398508 0.398508
2240.164307 0.000000 2767.589111 0.000000 0.980229 0.000000 0.197868 0.411736 0.411736 0.411736
2251.567871 0.000000 2751.403320 0.000000 0.976667 0.000000 0.214761 0.409545 0.409545 0.409545
2258.752686 0.000000 2757.604248 0.000000 0.998918 0.000000 -0.046510 0.622005 0.622005 0.622005
2249.361572 0.000000 2765.258301 0.000000 0.991280 0.000000 -0.131773 0.513624 0.513624 0.513624
2197.837891 0.000000 2812.681641 0.000000 0.984393 0.000000 0.175983 0.433394 0.433394 0.433394
2195.362549 0.000000 2776.045898 0.000000 0.981404 0.000000 0.191951 0.431193 0.431193 0.431193
2196.010742 0.000000 2811.943604 0.000000 0.984183 0.000000 0.177156 0.439188 0.439188 0.439188
2233.763428 0.000000 2788.750000 0.000000 0.999907 0.000000 0.013674 0.461519 0.461519 0.461519
2178.702148 0.000000 2772.897217 0.000000 0.969910 0.000000 -0.243464 0.474164 0.474164 0.474164
2199.844482 0.000000 2815.254883 0.000000 0.967489 0.000000 0.252911 0.470649 0.470649 0.470649
2238.777100 0.000000 2788.162598 0.000000 0.994223 0.000000 0.107336 0.471508 0.471508 0.471508
2232.234619 0.000000 2769.477295 0.000000 0.964846 0.000000 -0.262815 0.496508 0.496508 0.496508
2222.419189 0.000000 2823.448242 0.000000 0.998936 0.000000 0.046126 0.470708 0.470708 0.470708
2196.429443 0.000000 2817.757080 0.000000 0.958387 0.000000 0.285472 0.470009 0.470009 0.470009
2237.779541 0.000000 2778.513428 0.000000 0.991836 0.000000 -0.127521 0.705195 0.705195 0.705195
2221.841309 0.000000 2776.058594 0.000000 0.969508 0.000000 -0.245062 0.710903 0.710903 0.710903
2232.881592 0.000000 2779.257812 0.000000 0.964590 0.000000 0.263754 0.553052 0.553052 0.553052
2201.036621 0.000000 2811.969727 0.000000 0.983347 0.000000 -0.181740 0.560448 0.560448 0.560448
2224.072021 0.000000 2791.494141 0.000000 0.993486 0.000000 -0.113955 0.527082 0.527082 0.527082
2200.109375 0.000000 2810.697510 0.000000 0.964863 0.000000 0.262754 0.549241 0.549241 0.549241
2221.988525 0.000000 2777.581543 0.000000 0.999933 0.000000 0.011538 0.699492 0.699492 0.699492
2223.924805 0.000000 2776.053711 0.000000 0.958691 0.000000 -0.284450 0.712853 0.712853 0.712853
2225.631836 0.000000 2778.913086 0.000000 0.996421 0.000000 0.084532 0.696606 0.696606 0.696606
2189.742432 0.000000 2813.954346 0.000000 0.969977 0.000000 -0.243199 0.626064 0.626064 0.626064
2234.839844 0.000000 2788.326416 0.000000 0.968883 0.000000 0.247519 0.635973 0.635973 0.635973
2221.578613 0.000000 2779.792725 0.000000 0.965505 0.000000 0.260386 0.614484 0.614484 0.614484
2225.219727 0.000000 2777.746338 0.000000 0.987832 0.000000 -0.155526 0.706550 0.706550 0.706550
2223.433105 0.000000 2779.109375 0.000000 0.981006 0.000000 0.193980 0.691300 0.691300 0.691300
2220.634766 0.000000 2774.449707 0.000000 0.994328 0.000000 0.106359 0.695661 0.695661 0.695661
2224.215332 0.000000 2777.281494 0.000000 0.983178 0.000000 -0.182651 0.707704 0.707704 0.707704
2187.736816 0.000000 2814.703125 0.000000 0.999995 0.000000 -0.003320 0.614805 0.614805 0.614805
2224.181396 0.000000 2781.593018 0.000000 0.975992 0.000000 -0.217807 0.708480 0.708480 0.708480
2201.893555 0.000000 2812.529053 0.000000 0.998317 0.000000 -0.057987 0.580973 0.580973 0.580973
2234.652100 0.000000 2789.316895 0.000000 0.975449 0.000000 -0.220225 0.651348 0.651348 0.651348
2253.333984 0.000000 2772.063721 0.000000 0.989611 0.000000 -0.143772 0.401895 0.401895 0.401895
2252.800293 0.000000 2778.297119 0.000000 0.992077 0.000000 0.125629 0.434223 0.434223 0.434223
2246.215332 0.000000 2783.887695 0.000000 0.999243 0.000000 0.038908 0.423906 0.423906 0.423906
2258.017090 0.000000 2791.519043 0.000000 0.996768 0.000000 0.080338 0.429113 0.429113 0.429113
2255.104492 0.000000 2772.586426 0.000000 0.954823 0.000000 -0.297174 0.453186 0.453186 0.453186
2264.050781 0.000000 2785.447266 0.000000 0.966646 0.000000 -0.256116 0.446474 0.446474 0.446474
2273.012207 0.000000 2777.947510 0.000000 0.998625 0.000000 0.052421 0.548715 0.548715 0.548715
2242.422363 0.000000 2780.800781 0.000000 0.994752 0.000000 -0.102316 0.704012 0.704012 0.704012
2260.947754 0.000000 2782.364014 0.000000 0.978122 0.000000 0.208033 0.594959 0.594959 0.594959
2245.392334 0.000000 2770.461670 0.000000 0.999924 0.000000 -0.012357 0.628816 0.628816 0.628816
2243.570068 0.000000 2781.378662 0.000000 0.999579 0.000000 0.029020 0.698864 0.698864 0.698864
2260.239746 0.000000 2768.886230 0.000000 0.982193 0.000000 -0.187874 0.682199 0.682199 0.682199
2242.946533 0.000000 2770.179688 0.000000 0.952298 0.000000 0.305169 0.688050 0.688050 0.688050
2255.370850 0.000000 2789.539307 0.000000 0.971142 0.000000 -0.238501 0.680027 0.680027 0.680027
2257.163574 0.000000 2788.155029 0.000000 0.962547 0.000000 -0.271115 0.710700 0.710700 0.710700
2265.135010 0.000000 2780.475098 0.000000 0.981293 0.000000 0.192521 0.578057 0.578057 0.578057
2256.823242 0.000000 2789.339111 0.000000 0.987937 0.000000 0.154859 0.693941 0.693941 0.693941
2257.910400 0.000000 2769.760498 0.000000 0.998868 0.000000 0.047570 0.679656 0.679656 0.679656
2258.279053 0.000000 2775.208984 0.000000 0.999453 0.000000 -0.033073 0.609796 0.609796 0.609796
2259.341553 0.000000 2789.174072 0.000000 0.998151 0.000000 -0.060789 0.640183 0.640183 0.640183
2262.253174 0.000000 2769.800049 0.000000 0.996373 0.000000 -0.085099 0.703350 0.703350 0.703350
2249.447998 0.000000 2780.852295 0.000000 0.999988 0.000000 -0.004796 0.687431 0.687431 0.687431
2251.067627 0.000000 2783.236572 0.000000 0.999180 0.000000 0.040483 0.590047 0.590047 0.590047
2272.083008 0.000000 2775.799316 0.000000 0.998829 0.000000 -0.048387 0.689028 0.689028 0.689028
2251.797363 0.000000 2769.591309 0.000000 0.996484 0.000000 0.083784 0.696511 0.696511 0.696511
2249.798340 0.000000 2778.962891 0.000000 0.995657 0.000000 -0.093097 0.704041 0.704041 0.704041
2254.198242 0.000000 2776.446777 0.000000 0.972734 0.000000 -0.231925 0.653742 0.653742 0.653742
2271.373779 0.000000 2785.100830 0.000000 0.998624 0.000000 -0.052437 0.645826 0.645826 0.645826
2248.674316 0.000000 2767.843262 0.000000 0.982148 0.000000 0.188112 0.692592 0.692592 0.692592
2248.497803 0.000000 2768.968994 0.000000 0.999727 0.000000 -0.023347 0.637018 0.637018 0.637018
2142.946777 0.000000 2837.457764 0.000000 0.999683 0.000000 -0.025178 0.415081 0.415081 0.415081
2173.121826 0.000000 2840.443848 0.000000 0.959050 0.000000 0.283237 0.466210 0.466210 0.466210
2161.868164 0.000000 2828.659912 0.000000 0.995756 0.000000 -0.092033 0.524611 0.524611 0.524611
2160.730957 0.000000 2830.371826 0.000000 0.959096 0.000000 0.283082 0.500780 0.500780 0.500780
2169.509033 0.000000 2831.854248 0.000000 0.985452 0.000000 -0.169954 0.578041 0.578041 0.578041
2174.218506 0.000000 2825.162598 0.000000 0.999998 0.000000 -0.001931 0.612803 0.612803 0.612803
2171.085449 0.000000 2834.735840 0.000000 0.997189 0.000000 -0.074930 0.551838 0.551838 0.551838
2170.229980 0.000000 2836.040039 0.000000 0.996137 0.000000 -0.087815 0.587703 0.587703 0.587703
2171.976318 0.000000 2839.730713 0.000000 0.998795 0.000000 -0.049070 0.657534 0.657534 0.657534
2172.368896 0.000000 2825.905273 0.000000 0.978484 0.000000 0.206321 0.612337 0.612337 0.612337
2185.455566 0.000000 2828.985840 0.000000 0.999177 0.000000 0.040561 0.466901 0.466901 0.466901
2185.044434 0.000000 2827.420166 0.000000 0.999778 0.000000 -0.021081 0.528913 0.528913 0.528913
2539.740479 0.000000 2816.666260 0.000000 0.996745 0.000000 -0.080613 0.567766 0.567766 0.567766
2531.721191 0.000000 2812.932373 0.000000 0.964277 0.000000 0.264895 0.508867 0.508867 0.508867
2664.666260 0.000000 2927.025635 0.000000 0.996870 0.000000 -0.079063 0.425739 0.425739 0.425739
2679.150146 0.000000 2928.785889 0.000000 0.955523 0.000000 -0.294916 0.599527 0.599527 0.599527
2705.039551 0.000000 2925.623535 0.000000 0.992010 0.000000 0.126156 0.624492 0.624492 0.624492
2649.454346 0.000000 2946.296143 0.000000 0.955242 0.000000 -0.295825 0.541304 0.541304 0.541304
2655.150879 0.000000 2945.888428 0.000000 0.954393 0.000000 -0.298555 0.603656 0.603656 0.603656
5847.759277 0.000000 1004.360168 0.000000 0.976019 0.000000 -0.217686 0.402893 0.402893 0.402893
5850.280762 0.000000 1004.080750 0.000000 0.988060 0.000000 0.154072 0.398805 0.398805 0.398805
5855.859863 0.000000 1008.067871 0.000000 0.991380 0.000000 -0.131018 0.422596 0.422596 0.422596
5849.614258 0.000000 1011.970032 0.000000 0.957792 0.000000 0.287462 0.458443 0.458443 0.458443
5887.683594 0.000000 1029.759155 0.000000 0.975447 0.000000 -0.220234 0.402838 0.402838 0.402838
5866.572266 0.000000 1122.781982 0.000000 0.978455 0.000000 -0.206461 0.435686 0.435686 0.435686
5907.875488 0.000000 1032.167603 0.000000 0.998390 0.000000 0.056727 0.399209 0.399209 0.399209
5894.927734 0.000000 1023.066162 0.000000 0.999899 0.000000 -0.014218 0.400197 0.400197 0.400197
5972.862305 0.000000 1065.385742 0.000000 0.995208 0.000000 -0.097779 0.401335 0.401335 0.401335
5952.956543 0.000000 1057.838623 0.000000 0.962903 0.000000 0.269846 0.397137 0.397137 0.397137
5888.073242 0.000000 1111.764648 0.000000 0.993713 0.000000 -0.111956 0.401479 0.401479 0.401479
5949.258301 0.000000 1085.217407 0.000000 0.998096 0.000000 0.061677 0.399153 0.399153 0.399153
5958.202148 0.000000 1084.715942 0.000000 0.975716 0.000000 -0.219040 0.402999 0.402999 0.402999
6073.397461 0.000000 1111.353394 0.000000 0.988401 0.000000 -0.151866 0.402116 0.402116 0.402116
6039.132812 0.000000 1111.151855 0.000000 0.955314 0.000000 -0.295593 0.451158 0.451158 0.451158
6132.512207 0.000000 1083.057495 0.000000 0.999854 0.000000 0.017093 0.428162 0.428162 0.428162
6112.008789 0.000000 1123.687500 0.000000 0.999320 0.000000 0.036878 0.457190 0.457190 0.457190
5809.916504 0.000000 1147.477539 0.000000 0.988346 0.000000 0.152221 0.398024 0.398024 0.398024
5820.370605 0.000000 1175.584106 0.000000 0.976415 0.000000 -0.215904 0.403021 0.403021 0.403021
5818.541992 0.000000 1178.858521 0.000000 0.970268 0.000000 -0.242031 0.440255 0.440255 0.440255
5795.248535 0.000000 1144.048828 0.000000 0.999429 0.000000 0.033795 0.431811 0.431811 0.431811
5818.732422 0.000000 1183.360474 0.000000 0.987668 0.000000 0.156564 0.443417 0.443417 0.443417
5881.532715 0.000000 1144.662109 0.000000 0.960380 0.000000 0.278693 0.402789 0.402789 0.402789
5897.597656 0.000000 1179.562988 0.000000 0.995823 0.000000 -0.091303 0.401205 0.401205 0.401205
5928.507812 0.000000 1154.109863 0.000000 0.978835 0.000000 -0.204649 0.423737 0.423737 0.423737
5903.977051 0.000000 1178.754639 0.000000 0.975439 0.000000 -0.220271 0.414041 0.414041 0.414041
5954.164551 0.000000 1149.059082 0.000000 0.981447 0.000000 0.191733 0.397515 0.397515 0.397515
5917.269531 0.000000 1188.331299 0.000000 0.992983 0.000000 0.118258 0.398349 0.398349 0.398349
5913.025879 0.000000 1186.419800 0.000000 0.960307 0.000000 0.278945 0.400858 0.400858 0.400858
6125.452148 0.000000 1214.741699 0.000000 0.999967 0.000000 0.008181 0.399886 0.399886 0.399886
6126.583984 0.000000 1234.952393 0.000000 0.987727 0.000000 0.156193 0.397823 0.397823 0.397823
6125.863281 0.000000 1232.989014 0.000000 0.988532 0.000000 -0.151010 0.436763 0.436763 0.436763
6110.802246 0.000000 1242.717407 0.000000 0.989457 0.000000 -0.144830 0.401858 0.401858 0.401858
6171.921387 0.000000 467.830719 0.000000 0.994483 0.000000 0.104894 0.398562 0.398562 0.398562
6190.967285 0.000000 467.251831 0.000000 0.956472 0.000000 0.291824 0.404517 0.404517 0.404517
6168.739258 0.000000 480.444183 0.000000 0.992976 0.000000 0.118318 0.418776 0.418776 0.418776
6159.814941 0.000000 472.506989 0.000000 0.992854 0.000000 -0.119336 0.422416 0.422416 0.422416
6172.971191 0.000000 497.187683 0.000000 0.974468 0.000000 0.224526 0.440314 0.440314 0.440314
6174.239746 0.000000 500.056793 0.000000 0.993846 0.000000 -0.110770 0.491425 0.491425 0.491425
6206.018555 0.000000 534.254456 0.000000 0.965029 0.000000 -0.262142 0.403483 0.403483 0.403483
6205.359375 0.000000 529.432922 0.000000 0.980797 0.000000 0.195033 0.417589 0.417589 0.417589
6197.193359 0.000000 547.694336 0.000000 0.999731 0.000000 -0.023188 0.420943 0.420943 0.420943
6210.892090 0.000000 546.560669 0.000000 0.991998 0.000000 -0.126253 0.401713 0.401713 0.401713
6223.572266 0.000000 539.959229 0.000000 0.999994 0.000000 -0.003529 0.440254 0.440254 0.440254
6225.973633 0.000000 579.765137 0.000000 0.991691 0.000000 -0.128644 0.491784 0.491784 0.491784
6144.173340 0.000000 1075.027710 0.000000 0.959526 0.000000 -0.281621 0.403763 0.403763 0.403763
6180.675781 0.000000 1106.045166 0.000000 0.953650 0.000000 0.300918 0.395925 0.395925 0.395925
6186.699707 0.000000 1113.581909 0.000000 0.983468 0.000000 0.181080 0.397527 0.397527 0.397527
6263.430664 0.000000 1087.080200 0.000000 0.975990 0.000000 0.217817 0.397084 0.397084 0.397084
6263.476074 0.000000 1085.098389 0.000000 0.953662 0.000000 -0.300879 0.429255 0.429255 0.429255
6230.760742 0.000000 1082.407593 0.000000 0.983158 0.000000 0.182759 0.439093 0.439093 0.439093
6250.936523 0.000000 1125.703369 0.000000 0.993087 0.000000 -0.117377 0.465857 0.465857 0.465857
6276.015137 0.000000 1079.290161 0.000000 0.954668 0.000000 -0.297672 0.404150 0.404150 0.404150
6313.380859 0.000000 1089.150757 0.000000 0.995480 0.000000 0.094968 0.423033 0.423033 0.423033
6313.984863 0.000000 1094.139771 0.000000 0.976296 0.000000 0.216437 0.430789 0.430789 0.430789
6272.942871 0.000000 1076.352539 0.000000 0.962962 0.000000 -0.269638 0.470670 0.470670 0.470670
6374.720703 0.000000 1119.937744 0.000000 0.978394 0.000000 -0.206751 0.402724 0.402724 0.402724
6340.256348 0.000000 1128.718872 0.000000 0.987707 0.000000 -0.156318 0.402163 0.402163 0.402163
6365.193848 0.000000 1099.414307 0.000000 0.998766 0.000000 0.049654 0.406146 0.406146 0.406146
6369.651855 0.000000 1109.400635 0.000000 0.952854 0.000000 -0.303429 0.404310 0.404310 0.404310
6364.897949 0.000000 1094.842041 0.000000 0.961637 0.000000 -0.274326 0.430820 0.430820 0.430820
6336.004883 0.000000 1126.517212 0.000000 0.990123 0.000000 0.140199 0.424269 0.424269 0.424269
6366.270508 0.000000 1082.479858 0.000000 0.999995 0.000000 0.003113 0.447986 0.447986 0.447986
6358.173340 0.000000 1112.544678 0.000000 0.997807 0.000000 0.066197 0.452765 0.452765 0.452765
6360.281250 0.000000 1113.913452 0.000000 0.998061 0.000000 0.062237 0.511398 0.511398 0.511398
6178.304199 0.000000 1145.787354 0.000000 0.999860 0.000000 -0.016753 0.407104 0.407104 0.407104
6168.837891 0.000000 1167.799194 0.000000 0.999156 0.000000 -0.041068 0.460537 0.460537 0.460537
6244.142090 0.000000 1129.782715 0.000000 0.976130 0.000000 0.217185 0.396939 0.396939 0.396939
6264.956055 0.000000 1155.103271 0.000000 0.998572 0.000000 0.053426 0.408046 0.408046 0.408046
6243.886719 0.000000 1160.312012 0.000000 0.969501 0.000000 -0.245086 0.406453 0.406453 0.406453
6254.915039 0.000000 1138.773315 0.000000 0.977529 0.000000 -0.210802 0.419859 0.419859 0.419859
6262.278809 0.000000 1129.719360 0.000000 0.977379 0.000000 -0.211496 0.437757 0.437757 0.437757
6244.762207 0.000000 1151.192627 0.000000 0.975924 0.000000 0.218109 0.442356 0.442356 0.442356
6242.022949 0.000000 1151.723267 0.000000 0.996601 0.000000 0.082376 0.442732 0.442732 0.442732
6246.039062 0.000000 1147.789185 0.000000 0.984179 0.000000 -0.177177 0.453062 0.453062 0.453062
6160.434082 0.000000 1216.233032 0.000000 0.992295 0.000000 0.123901 0.398263 0.398263 0.398263
6156.076660 0.000000 1221.482300 0.000000 0.974419 0.000000 0.224737 0.396831 0.396831 0.396831
6175.343262 0.000000 1229.308716 0.000000 0.995016 0.000000 0.099715 0.440492 0.440492 0.440492
6169.412598 0.000000 1226.283325 0.000000 0.996009 0.000000 0.089256 0.452362 0.452362 0.452362
6164.586426 0.000000 1225.475830 0.000000 0.981804 0.000000 -0.189895 0.564637 0.564637 0.564637
6163.856934 0.000000 1223.911865 0.000000 0.998486 0.000000 0.055005 0.501791 0.501791 0.501791
6249.191406 0.000000 1188.302368 0.000000 0.989671 0.000000 0.143354 0.416448 0.416448 0.416448
6243.914551 0.000000 1214.931030 0.000000 0.983455 0.000000 0.181150 0.425558 0.425558 0.425558
6241.556152 0.000000 1212.846191 0.000000 1.000000 0.000000 0.000709 0.446066 0.446066 0.446066
6253.502441 0.000000 1208.532715 0.000000 0.999629 0.000000 -0.027235 0.438682 0.438682 0.438682
6251.779785 0.000000 1191.153320 0.000000 0.960461 0.000000 -0.278415 0.442866 0.442866 0.442866
6282.749023 0.000000 1171.880371 0.000000 0.990994 0.000000 -0.133907 0.401811 0.401811 0.401811
6279.561523 0.000000 1180.661377 0.000000 0.992550 0.000000 0.121842 0.403155 0.403155 0.403155
6273.729980 0.000000 1162.279785 0.000000 0.995619 0.000000 0.093502 0.411361 0.411361 0.411361
6284.277832 0.000000 1184.943726 0.000000 0.999842 0.000000 -0.017759 0.414971 0.414971 0.414971
6279.299805 0.000000 1170.425659 0.000000 0.988748 0.000000 0.149593 0.408582 0.408582 0.408582
6281.040527 0.000000 1171.212036 0.000000 0.997761 0.000000 0.066874 0.435185 0.435185 0.435185
6322.333496 0.000000 1168.624023 0.000000 0.983368 0.000000 0.181627 0.437175 0.437175 0.437175
6291.355469 0.000000 1129.721191 0.000000 0.956082 0.000000 0.293099 0.490968 0.490968 0.490968
6343.290527 0.000000 1164.359863 0.000000 0.998432 0.000000 0.055987 0.399228 0.399228 0.399228
6379.597168 0.000000 1131.712036 0.000000 0.998851 0.000000 0.047924 0.399337 0.399337 0.399337
6372.534668 0.000000 1146.865601 0.000000 0.994947 0.000000 -0.100403 0.401391 0.401391 0.401391
6368.505859 0.000000 1174.345337 0.000000 0.998052 0.000000 -0.062383 0.407763 0.407763 0.407763
6339.928711 0.000000 1159.819458 0.000000 0.978541 0.000000 -0.206054 0.403899 0.403899 0.403899
6369.651855 0.000000 1165.885010 0.000000 0.989808 0.000000 -0.142409 0.410902 0.410902 0.410902
6396.605469 0.000000 1161.614136 0.000000 0.999700 0.000000 -0.024488 0.407216 0.407216 0.407216
6367.859863 0.000000 1177.520996 0.000000 0.998764 0.000000 0.049704 0.415919 0.415919 0.415919
6372.762207 0.000000 1151.192627 0.000000 0.998376 0.000000 0.056975 0.447067 0.447067 0.447067
6370.717285 0.000000 1155.050537 0.000000 0.984415 0.000000 0.175863 0.458585 0.458585 0.458585
6396.957031 0.000000 1154.453369 0.000000 0.993693 0.000000 -0.112133 0.493429 0.493429 0.493429
6394.127441 0.000000 1154.279907 0.000000 0.989614 0.000000 0.143753 0.513503 0.513503 0.513503
6288.326660 0.000000 1208.838867 0.000000 0.999990 0.000000 0.004451 0.424441 0.424441 0.424441
6287.104492 0.000000 1191.023926 0.000000 0.975105 0.000000 -0.221742 0.435937 0.435937 0.435937
6323.249023 0.000000 1190.582153 0.000000 0.994081 0.000000 0.108641 0.481212 0.481212 0.481212
6345.939941 0.000000 1201.460327 0.000000 0.985802 0.000000 -0.167912 0.402258 0.402258 0.402258
6374.302734 0.000000 1199.238525 0.000000 0.999997 0.000000 0.002482 0.408787 0.408787 0.408787
6385.127930 0.000000 1187.999756 0.000000 0.953649 0.000000 0.300922 0.444746 0.444746 0.444746
6389.138184 0.000000 1192.484985 0.000000 0.992368 0.000000 -0.123309 0.586700 0.586700 0.586700
6405.002930 0.000000 1165.815552 0.000000 0.995801 0.000000 0.091547 0.398805 0.398805 0.398805
6403.928711 0.000000 1159.819458 0.000000 0.967570 0.000000 0.252601 0.396443 0.396443 0.396443
4583.603027 0.000000 2870.220703 0.000000 0.998450 0.000000 0.055660 0.568155 0.568155 0.568155
4773.254883 0.000000 2909.416748 0.000000 0.968067 0.000000 0.250690 0.601371 0.601371 0.601371
4989.369629 0.000000 2815.030029 0.000000 0.977043 0.000000 -0.213043 0.485526 0.485526 0.485526
4991.335449 0.000000 2793.963867 0.000000 0.989497 0.000000 0.144551 0.532876 0.532876 0.532876
4989.311523 0.000000 2822.025391 0.000000 0.975118 0.000000 0.221685 0.691034 0.691034 0.691034
4989.768066 0.000000 2794.932617 0.000000 0.996304 0.000000 0.085898 0.516729 0.516729 0.516729
4987.910156 0.000000 2823.843506 0.000000 0.962834 0.000000 -0.270094 0.712116 0.712116 0.712116
4986.821777 0.000000 2823.866455 0.000000 0.962610 0.000000 0.270890 0.687847 0.687847 0.687847
4986.980469 0.000000 2806.171875 0.000000 0.967401 0.000000 -0.253249 0.658476 0.658476 0.658476
5014.478516 0.000000 2815.640869 0.000000 0.982747 0.000000 -0.184952 0.510806 0.510806 0.510806
4616.764648 0.000000 3351.043701 0.000000 0.994620 0.000000 -0.103587 0.487331 0.487331 0.487331
4867.928711 0.000000 3362.709961 0.000000 0.986256 0.000000 -0.165222 0.402321 0.402321 0.402321
4878.922852 0.000000 3362.798828 0.000000 0.991049 0.000000 -0.133502 0.501780 0.501780 0.501780
5408.219238 0.000000 2926.858643 0.000000 0.983954 0.000000 -0.178424 0.461021 0.461021 0.461021
5420.969727 0.000000 2924.521973 0.000000 0.986165 0.000000 -0.165769 0.564017 0.564017 0.564017
5414.279297 0.000000 2915.178223 0.000000 0.984254 0.000000 -0.176758 0.610068 0.610068 0.610068
5441.161133 0.000000 2919.983154 0.000000 0.987676 0.000000 -0.156515 0.643269 0.643269 0.643269
5956.983887 0.000000 2835.749756 0.000000 0.951606 0.000000 -0.307319 0.713920 0.713920 0.713920
7293.998047 0.000000 2517.938477 0.000000 0.980557 0.000000 0.196236 0.473684 0.473684 0.473684
7291.031250 0.000000 2531.051270 0.000000 0.999423 0.000000 -0.033971 0.497755 0.497755 0.497755
7287.150391 0.000000 2533.395264 0.000000 0.999293 0.000000 0.037600 0.541258 0.541258 0.541258
7291.234375 0.000000 2489.684570 0.000000 0.983258 0.000000 0.182218 0.692186 0.692186 0.692186
7359.412109 0.000000 2538.160645 0.000000 0.981369 0.000000 0.192131 0.566493 0.566493 0.566493
7349.066895 0.000000 2538.515381 0.000000 0.999960 0.000000 -0.008917 0.505090 0.505090 0.505090
7301.392090 0.000000 2488.039795 0.000000 0.957251 0.000000 0.289260 0.596371 0.596371 0.596371
7302.391602 0.000000 2527.280518 0.000000 0.990802 0.000000 -0.135320 0.706049 0.706049 0.706049
7306.391113 0.000000 2490.864990 0.000000 0.996973 0.000000 0.077753 0.557835 0.557835 0.557835
7354.821777 0.000000 2541.444580 0.000000 0.969935 0.000000 -0.243363 0.710203 0.710203 0.710203
7346.547363 0.000000 2538.630127 0.000000 0.995446 0.000000 -0.095329 0.704255 0.704255 0.704255
7300.662109 0.000000 2488.727295 0.000000 0.993797 0.000000 -0.111205 0.608141 0.608141 0.608141
7303.129883 0.000000 2529.278076 0.000000 0.955935 0.000000 0.293580 0.621060 0.621060 0.621060
7310.957520 0.000000 2487.874512 0.000000 0.988431 0.000000 -0.151672 0.706040 0.706040 0.706040
7309.466797 0.000000 2486.305420 0.000000 0.999744 0.000000 -0.022616 0.700889 0.700889 0.700889
7338.488281 0.000000 2543.045166 0.000000 0.996795 0.000000 -0.079994 0.532232 0.532232 0.532232
7338.449707 0.000000 2544.557861 0.000000 0.989685 0.000000 -0.143262 0.706067 0.706067 0.706067
7344.730957 0.000000 2547.949951 0.000000 0.985287 0.000000 -0.170907 0.528378 0.528378 0.528378
7355.234375 0.000000 2546.168945 0.000000 0.996948 0.000000 -0.078065 0.585462 0.585462 0.585462
7340.792969 0.000000 2543.375732 0.000000 0.986740 0.000000 -0.162312 0.707265 0.707265 0.707265
7361.465820 0.000000 2546.356201 0.000000 0.968425 0.000000 -0.249304 0.710370 0.710370 0.710370
7362.810059 0.000000 2548.237305 0.000000 0.952138 0.000000 -0.305669 0.557614 0.557614 0.557614
7396.226562 0.000000 2561.948730 0.000000 0.974572 0.000000 -0.224074 0.701545 0.701545 0.701545
7401.674316 0.000000 2566.095459 0.000000 0.991926 0.000000 0.126819 0.694333 0.694333 0.694333
7363.206055 0.000000 2558.855225 0.000000 0.994226 0.000000 -0.107304 0.570435 0.570435 0.570435
7360.978516 0.000000 2547.322754 0.000000 0.984829 0.000000 0.173527 0.692822 0.692822 0.692822
7399.511230 0.000000 2566.681641 0.000000 0.996877 0.000000 -0.078973 0.668419 0.668419 0.668419
7369.736816 0.000000 2555.983154 0.000000 0.978850 0.000000 -0.204581 0.668811 0.668811 0.668811
7397.557617 0.000000 2559.007812 0.000000 0.962257 0.000000 -0.272144 0.655103 0.655103 0.655103
7368.697754 0.000000 2740.171387 0.000000 0.969369 0.000000 0.245609 0.626454 0.626454 0.626454
7371.079102 0.000000 2739.606201 0.000000 0.965101 0.000000 -0.261878 0.711808 0.711808 0.711808
7332.104492 0.000000 2859.463379 0.000000 0.984962 0.000000 -0.172769 0.707253 0.707253 0.707253
7346.898438 0.000000 2880.810059 0.000000 0.998117 0.000000 -0.061340 0.535742 0.535742 0.535742
"}
object={
	name="pine_sparse_generator_3_3"
	clamp_to_water_level=no
	render_under_water=no
	generated_content=yes
	layer="semidynamic_high"
	pdxmesh="tree_fir_004_mesh"
	count=792
	transform="1448.273193 0.000000 1349.356201 0.000000 0.668677 0.000000 -0.743553 0.418955 0.418955 0.418955
1448.552612 0.000000 1351.991821 0.000000 0.721490 0.000000 -0.692425 0.424055 0.424055 0.424055
1517.059937 0.000000 1341.532471 0.000000 0.861160 0.000000 -0.508334 0.406949 0.406949 0.406949
1485.883423 0.000000 1347.636841 0.000000 0.688259 0.000000 -0.725465 0.410619 0.410619 0.410619
1527.191162 0.000000 1341.031128 0.000000 0.811124 0.000000 -0.584874 0.485272 0.485272 0.485272
1483.080078 0.000000 1348.948242 0.000000 0.889068 0.000000 -0.457776 0.482467 0.482467 0.482467
1386.699829 0.000000 1396.003784 0.000000 0.752975 0.000000 -0.658049 0.409647 0.409647 0.409647
1386.151367 0.000000 1398.136597 0.000000 0.838751 0.000000 -0.544514 0.415168 0.415168 0.415168
1387.936890 0.000000 1412.052490 0.000000 0.933489 0.000000 -0.358607 0.434218 0.434218 0.434218
1396.105469 0.000000 1398.015991 0.000000 0.741000 0.000000 -0.671505 0.450318 0.450318 0.450318
1398.407227 0.000000 1408.660645 0.000000 0.631824 0.000000 -0.775112 0.448642 0.448642 0.448642
1400.254761 0.000000 1403.007324 0.000000 0.781016 0.000000 -0.624511 0.445211 0.445211 0.445211
1395.333496 0.000000 1400.032715 0.000000 0.614043 0.000000 -0.789272 0.457319 0.457319 0.457319
1397.912964 0.000000 1403.298950 0.000000 0.886454 0.000000 -0.462816 0.462319 0.462319 0.462319
1392.308105 0.000000 1409.488770 0.000000 0.599299 0.000000 -0.800525 0.488888 0.488888 0.488888
1394.542358 0.000000 1417.907959 0.000000 0.839973 0.000000 -0.542628 0.407962 0.407962 0.407962
1387.597290 0.000000 1414.133911 0.000000 0.837728 0.000000 -0.546088 0.408048 0.408048 0.408048
1401.361084 0.000000 1424.898682 0.000000 0.827950 0.000000 -0.560802 0.427650 0.427650 0.427650
1390.857178 0.000000 1417.613281 0.000000 0.870115 0.000000 -0.492849 0.436562 0.436562 0.436562
1394.969971 0.000000 1466.368042 0.000000 0.776357 0.000000 -0.630294 0.484294 0.484294 0.484294
1400.193359 0.000000 1464.560181 0.000000 0.889785 0.000000 -0.456380 0.510820 0.510820 0.510820
1397.852051 0.000000 1466.375732 0.000000 0.920787 0.000000 -0.390065 0.553752 0.553752 0.553752
1446.885986 0.000000 1399.786743 0.000000 0.781912 0.000000 -0.623389 0.409175 0.409175 0.409175
1440.249146 0.000000 1384.000732 0.000000 0.622377 0.000000 -0.782718 0.432251 0.432251 0.432251
1460.116699 0.000000 1357.955933 0.000000 0.652170 0.000000 -0.758073 0.427533 0.427533 0.427533
1462.407227 0.000000 1408.660645 0.000000 0.804895 0.000000 -0.593417 0.450704 0.450704 0.450704
1420.884766 0.000000 1402.607422 0.000000 0.889761 0.000000 -0.456428 0.460170 0.460170 0.460170
1452.527954 0.000000 1363.608765 0.000000 0.927208 0.000000 -0.374546 0.484773 0.484773 0.484773
1453.066284 0.000000 1361.223389 0.000000 0.629080 0.000000 -0.777341 0.492350 0.492350 0.492350
1425.435669 0.000000 1399.538940 0.000000 0.947495 0.000000 -0.319772 0.539880 0.539880 0.539880
1530.875244 0.000000 1355.779541 0.000000 0.648810 0.000000 -0.760950 0.411399 0.411399 0.411399
1491.958252 0.000000 1362.337524 0.000000 0.703446 0.000000 -0.710749 0.410934 0.410934 0.410934
1528.357544 0.000000 1363.971924 0.000000 0.626408 0.000000 -0.779495 0.412318 0.412318 0.412318
1503.885010 0.000000 1374.815063 0.000000 0.704528 0.000000 -0.709676 0.412078 0.412078 0.412078
1509.593018 0.000000 1397.835693 0.000000 0.949517 0.000000 -0.313717 0.419463 0.419463 0.419463
1496.466675 0.000000 1382.149048 0.000000 0.736183 0.000000 -0.676783 0.425789 0.425789 0.425789
1483.567871 0.000000 1395.778320 0.000000 0.727636 0.000000 -0.685963 0.428029 0.428029 0.428029
1493.939941 0.000000 1380.958374 0.000000 0.613308 0.000000 -0.789844 0.419996 0.419996 0.419996
1494.646118 0.000000 1386.290771 0.000000 0.893346 0.000000 -0.449370 0.425690 0.425690 0.425690
1531.533813 0.000000 1361.199829 0.000000 0.910180 0.000000 -0.414214 0.439199 0.439199 0.439199
1490.928345 0.000000 1396.529785 0.000000 0.885393 0.000000 -0.464844 0.429995 0.429995 0.429995
1526.093628 0.000000 1379.892334 0.000000 0.657951 0.000000 -0.753061 0.437749 0.437749 0.437749
1502.555786 0.000000 1377.962524 0.000000 0.889335 0.000000 -0.457256 0.444008 0.444008 0.444008
1493.720947 0.000000 1367.797729 0.000000 0.826800 0.000000 -0.562496 0.470468 0.470468 0.470468
1491.869141 0.000000 1406.944702 0.000000 0.626826 0.000000 -0.779159 0.496572 0.496572 0.496572
1514.734131 0.000000 1403.639160 0.000000 0.604592 0.000000 -0.796535 0.482507 0.482507 0.482507
1490.552246 0.000000 1409.775757 0.000000 0.873537 0.000000 -0.486758 0.485116 0.485116 0.485116
1489.383301 0.000000 1392.132446 0.000000 0.936685 0.000000 -0.350172 0.486284 0.486284 0.486284
1427.298462 0.000000 1430.056519 0.000000 0.599610 0.000000 -0.800292 0.411998 0.411998 0.411998
1412.219482 0.000000 1444.743530 0.000000 0.662298 0.000000 -0.749240 0.411375 0.411375 0.411375
1426.931519 0.000000 1443.435547 0.000000 0.943849 0.000000 -0.330377 0.419726 0.419726 0.419726
1426.130249 0.000000 1457.202637 0.000000 0.740244 0.000000 -0.672338 0.411351 0.411351 0.411351
1469.061157 0.000000 1412.665649 0.000000 0.888472 0.000000 -0.458931 0.419795 0.419795 0.419795
1410.422852 0.000000 1440.509033 0.000000 0.692693 0.000000 -0.721232 0.422598 0.422598 0.422598
1445.382812 0.000000 1439.691406 0.000000 0.676455 0.000000 -0.736484 0.427048 0.427048 0.427048
1460.116699 0.000000 1414.440308 0.000000 0.904498 0.000000 -0.426479 0.421275 0.421275 0.421275
1443.914307 0.000000 1440.868530 0.000000 0.626824 0.000000 -0.779161 0.452896 0.452896 0.452896
1432.050781 0.000000 1429.822388 0.000000 0.690298 0.000000 -0.723525 0.445319 0.445319 0.445319
1428.010742 0.000000 1456.318726 0.000000 0.870968 0.000000 -0.491339 0.448691 0.448691 0.448691
1465.095215 0.000000 1435.889038 0.000000 0.903725 0.000000 -0.428113 0.455586 0.455586 0.455586
1468.396973 0.000000 1438.397339 0.000000 0.589010 0.000000 -0.808125 0.480774 0.480774 0.480774
1424.417358 0.000000 1457.980347 0.000000 0.870483 0.000000 -0.492199 0.481171 0.481171 0.481171
1420.418213 0.000000 1461.185303 0.000000 0.658517 0.000000 -0.752566 0.477086 0.477086 0.477086
1433.273560 0.000000 1433.037964 0.000000 0.934918 0.000000 -0.354864 0.504487 0.504487 0.504487
1433.165405 0.000000 1436.307983 0.000000 0.755719 0.000000 -0.654896 0.579941 0.579941 0.579941
1432.008911 0.000000 1432.519409 0.000000 0.639243 0.000000 -0.769005 0.515022 0.515022 0.515022
1437.300537 0.000000 1437.023804 0.000000 0.619081 0.000000 -0.785327 0.584756 0.584756 0.584756
1441.994629 0.000000 1444.878906 0.000000 0.604510 0.000000 -0.796597 0.574694 0.574694 0.574694
1438.740601 0.000000 1438.333374 0.000000 0.923247 0.000000 -0.384206 0.567756 0.567756 0.567756
1435.330688 0.000000 1440.299194 0.000000 0.880506 0.000000 -0.474036 0.664299 0.664299 0.664299
1435.130859 0.000000 1444.510376 0.000000 0.751745 0.000000 -0.659454 0.696862 0.696862 0.696862
1529.729980 0.000000 1452.898926 0.000000 0.941807 0.000000 -0.336153 0.404416 0.404416 0.404416
1528.851562 0.000000 1443.721802 0.000000 0.684027 0.000000 -0.729457 0.410776 0.410776 0.410776
1503.885010 0.000000 1431.299438 0.000000 0.941026 0.000000 -0.338334 0.411841 0.411841 0.411841
1515.827026 0.000000 1450.296143 0.000000 0.620618 0.000000 -0.784113 0.412600 0.412600 0.412600
1528.956177 0.000000 1437.525146 0.000000 0.853090 0.000000 -0.521764 0.420862 0.420862 0.420862
1491.258667 0.000000 1451.002930 0.000000 0.806158 0.000000 -0.591701 0.422108 0.422108 0.422108
1503.716431 0.000000 1452.559937 0.000000 0.843267 0.000000 -0.537495 0.413019 0.413019 0.413019
1512.273193 0.000000 1462.324951 0.000000 0.596818 0.000000 -0.802376 0.424442 0.424442 0.424442
1532.194946 0.000000 1447.698486 0.000000 0.802738 0.000000 -0.596332 0.424231 0.424231 0.424231
1528.393677 0.000000 1457.236084 0.000000 0.834915 0.000000 -0.550378 0.429492 0.429492 0.429492
1528.590820 0.000000 1466.020020 0.000000 0.856844 0.000000 -0.515576 0.434949 0.434949 0.434949
1485.842407 0.000000 1463.587158 0.000000 0.633209 0.000000 -0.773981 0.467291 0.467291 0.467291
1482.837524 0.000000 1463.717529 0.000000 0.798628 0.000000 -0.601825 0.459055 0.459055 0.459055
1485.156372 0.000000 1421.045776 0.000000 0.885060 0.000000 -0.465477 0.464396 0.464396 0.464396
1511.927368 0.000000 1425.283325 0.000000 0.791103 0.000000 -0.611683 0.467456 0.467456 0.467456
1480.076660 0.000000 1461.548828 0.000000 0.880658 0.000000 -0.473753 0.497011 0.497011 0.497011
1488.417358 0.000000 1457.980347 0.000000 0.896817 0.000000 -0.442403 0.478097 0.478097 0.478097
1522.969971 0.000000 1466.368042 0.000000 0.889304 0.000000 -0.457316 0.476381 0.476381 0.476381
1519.452637 0.000000 1462.088501 0.000000 0.894533 0.000000 -0.447002 0.480216 0.480216 0.480216
1488.411865 0.000000 1416.503906 0.000000 0.697020 0.000000 -0.717051 0.571683 0.571683 0.571683
1487.678223 0.000000 1448.526611 0.000000 0.923482 0.000000 -0.383643 0.523282 0.523282 0.523282
1526.159790 0.000000 1462.756104 0.000000 0.707077 0.000000 -0.707137 0.588017 0.588017 0.588017
1521.428345 0.000000 1462.044556 0.000000 0.942455 0.000000 -0.334334 0.544262 0.544262 0.544262
1528.262695 0.000000 1462.524292 0.000000 0.627404 0.000000 -0.778694 0.542519 0.542519 0.542519
1487.086670 0.000000 1449.644653 0.000000 0.936067 0.000000 -0.351821 0.522536 0.522536 0.522536
1484.047363 0.000000 1418.991211 0.000000 0.679289 0.000000 -0.733871 0.553494 0.553494 0.553494
1527.149902 0.000000 1462.207275 0.000000 0.593871 0.000000 -0.804560 0.591894 0.591894 0.591894
1522.141968 0.000000 1461.021851 0.000000 0.623103 0.000000 -0.782140 0.612009 0.612009 0.612009
1526.354980 0.000000 1463.961426 0.000000 0.898645 0.000000 -0.438677 0.579424 0.579424 0.579424
1401.397339 0.000000 1506.744019 0.000000 0.888223 0.000000 -0.459412 0.406626 0.406626 0.406626
1407.035522 0.000000 1510.201904 0.000000 0.741716 0.000000 -0.670714 0.417467 0.417467 0.417467
1403.533813 0.000000 1474.168579 0.000000 0.940342 0.000000 -0.340232 0.431904 0.431904 0.431904
1401.597534 0.000000 1469.310547 0.000000 0.919762 0.000000 -0.392477 0.533594 0.533594 0.533594
1402.815186 0.000000 1532.647217 0.000000 0.618900 0.000000 -0.785470 0.412225 0.412225 0.412225
1406.188843 0.000000 1540.152710 0.000000 0.664793 0.000000 -0.747028 0.414907 0.414907 0.414907
1396.417847 0.000000 1555.403198 0.000000 0.680431 0.000000 -0.732812 0.426968 0.426968 0.426968
1403.060547 0.000000 1567.670410 0.000000 0.853062 0.000000 -0.521810 0.422890 0.422890 0.422890
1399.657227 0.000000 1565.451904 0.000000 0.664055 0.000000 -0.747684 0.427297 0.427297 0.427297
1437.260010 0.000000 1502.863037 0.000000 0.888286 0.000000 -0.459290 0.406576 0.406576 0.406576
1428.109741 0.000000 1480.283447 0.000000 0.819090 0.000000 -0.573665 0.408481 0.408481 0.408481
1419.910645 0.000000 1496.276733 0.000000 0.627873 0.000000 -0.778315 0.421797 0.421797 0.421797
1428.737915 0.000000 1468.596680 0.000000 0.609046 0.000000 -0.793135 0.428361 0.428361 0.428361
1430.295044 0.000000 1476.066895 0.000000 0.850579 0.000000 -0.525848 0.412822 0.412822 0.412822
1429.078003 0.000000 1470.721436 0.000000 0.801115 0.000000 -0.598510 0.430391 0.430391 0.430391
1434.534668 0.000000 1523.389160 0.000000 0.708058 0.000000 -0.706154 0.473799 0.473799 0.473799
1418.104736 0.000000 1515.684570 0.000000 0.725224 0.000000 -0.688513 0.506402 0.506402 0.506402
1456.912598 0.000000 1484.406738 0.000000 0.910641 0.000000 -0.413198 0.487594 0.487594 0.487594
1429.857300 0.000000 1518.180908 0.000000 0.816029 0.000000 -0.578011 0.554824 0.554824 0.554824
1435.966187 0.000000 1517.862915 0.000000 0.710676 0.000000 -0.703519 0.537931 0.537931 0.537931
1425.435669 0.000000 1512.507690 0.000000 0.767240 0.000000 -0.641360 0.573275 0.573275 0.573275
1426.458984 0.000000 1520.030884 0.000000 0.695322 0.000000 -0.718699 0.534251 0.534251 0.534251
1432.739624 0.000000 1515.325562 0.000000 0.783393 0.000000 -0.621527 0.632701 0.632701 0.632701
1432.553345 0.000000 1517.067261 0.000000 0.865225 0.000000 -0.501383 0.589450 0.589450 0.589450
1422.024780 0.000000 1515.906616 0.000000 0.607629 0.000000 -0.794221 0.595664 0.595664 0.595664
1428.242188 0.000000 1516.286865 0.000000 0.734426 0.000000 -0.678689 0.653755 0.653755 0.653755
1430.543701 0.000000 1512.680420 0.000000 0.924372 0.000000 -0.381491 0.612226 0.612226 0.612226
1433.893555 0.000000 1513.388428 0.000000 0.698496 0.000000 -0.715614 0.625990 0.625990 0.625990
1434.932373 0.000000 1515.642334 0.000000 0.854139 0.000000 -0.520045 0.645464 0.645464 0.645464
1427.691040 0.000000 1515.397095 0.000000 0.908940 0.000000 -0.416928 0.658122 0.658122 0.658122
1513.396362 0.000000 1482.352661 0.000000 0.856686 0.000000 -0.515838 0.407090 0.407090 0.407090
1531.279419 0.000000 1493.795288 0.000000 0.781372 0.000000 -0.624065 0.409422 0.409422 0.409422
1520.749756 0.000000 1491.201416 0.000000 0.810223 0.000000 -0.586122 0.424043 0.424043 0.424043
1480.383423 0.000000 1490.457520 0.000000 0.874120 0.000000 -0.485710 0.428337 0.428337 0.428337
1535.035522 0.000000 1510.201904 0.000000 0.628014 0.000000 -0.778202 0.436284 0.436284 0.436284
1520.601685 0.000000 1473.436035 0.000000 0.761064 0.000000 -0.648676 0.417044 0.417044 0.417044
1495.989624 0.000000 1481.623535 0.000000 0.609421 0.000000 -0.792847 0.430427 0.430427 0.430427
1527.657227 0.000000 1508.967529 0.000000 0.782203 0.000000 -0.623023 0.436998 0.436998 0.436998
1521.878906 0.000000 1480.937622 0.000000 0.621130 0.000000 -0.783707 0.428133 0.428133 0.428133
1489.982788 0.000000 1471.847534 0.000000 0.649622 0.000000 -0.760257 0.433784 0.433784 0.433784
1520.863892 0.000000 1513.069702 0.000000 0.906687 0.000000 -0.421804 0.433286 0.433286 0.433286
1526.518433 0.000000 1472.282837 0.000000 0.905346 0.000000 -0.424674 0.461576 0.461576 0.461576
1532.529175 0.000000 1502.027222 0.000000 0.618050 0.000000 -0.786139 0.521851 0.521851 0.521851
1525.412354 0.000000 1471.389771 0.000000 0.663854 0.000000 -0.747862 0.499797 0.499797 0.499797
1529.621582 0.000000 1501.484497 0.000000 0.861966 0.000000 -0.506966 0.526286 0.526286 0.526286
1431.759277 0.000000 1569.203979 0.000000 0.875381 0.000000 -0.483433 0.406676 0.406676 0.406676
1467.742432 0.000000 1562.755127 0.000000 0.710593 0.000000 -0.703603 0.410444 0.410444 0.410444
1410.786255 0.000000 1559.978760 0.000000 0.671229 0.000000 -0.741250 0.411590 0.411590 0.411590
1471.545410 0.000000 1557.037231 0.000000 0.720074 0.000000 -0.693897 0.415871 0.415871 0.415871
1410.854492 0.000000 1572.625122 0.000000 0.668432 0.000000 -0.743773 0.416898 0.416898 0.416898
1470.298462 0.000000 1574.548828 0.000000 0.754783 0.000000 -0.655975 0.425373 0.425373 0.425373
1456.587158 0.000000 1576.004150 0.000000 0.781691 0.000000 -0.623666 0.426789 0.426789 0.426789
1431.874878 0.000000 1557.153931 0.000000 0.831913 0.000000 -0.554905 0.480505 0.480505 0.480505
1430.662964 0.000000 1559.969360 0.000000 0.624659 0.000000 -0.780898 0.469560 0.469560 0.469560
1414.498657 0.000000 1579.621216 0.000000 0.889527 0.000000 -0.456883 0.498662 0.498662 0.498662
1413.362183 0.000000 1577.762939 0.000000 0.855978 0.000000 -0.517012 0.553093 0.553093 0.553093
1431.746948 0.000000 1525.186279 0.000000 0.922375 0.000000 -0.386297 0.549610 0.549610 0.549610
1419.498657 0.000000 1566.356323 0.000000 0.665367 0.000000 -0.746517 0.585313 0.585313 0.585313
1480.000732 0.000000 1529.139404 0.000000 0.934491 0.000000 -0.355987 0.405052 0.405052 0.405052
1501.193848 0.000000 1551.289307 0.000000 0.694153 0.000000 -0.719827 0.411234 0.411234 0.411234
1473.439453 0.000000 1549.457520 0.000000 0.604264 0.000000 -0.796784 0.422233 0.422233 0.422233
1507.886841 0.000000 1555.702637 0.000000 0.717536 0.000000 -0.696522 0.426194 0.426194 0.426194
1522.636963 0.000000 1535.532471 0.000000 0.835562 0.000000 -0.549396 0.427442 0.427442 0.427442
1519.881714 0.000000 1537.810669 0.000000 0.778918 0.000000 -0.627126 0.430944 0.430944 0.430944
1478.638794 0.000000 1534.630981 0.000000 0.605908 0.000000 -0.795534 0.476224 0.476224 0.476224
1504.008667 0.000000 1575.562500 0.000000 0.702857 0.000000 -0.711331 0.469798 0.469798 0.469798
1485.914429 0.000000 1543.321167 0.000000 0.877582 0.000000 -0.479427 0.484957 0.484957 0.484957
1477.865234 0.000000 1559.904175 0.000000 0.937964 0.000000 -0.346733 0.474158 0.474158 0.474158
1484.990845 0.000000 1542.080322 0.000000 0.908769 0.000000 -0.417299 0.483641 0.483641 0.483641
1482.271729 0.000000 1554.179932 0.000000 0.876368 0.000000 -0.481642 0.495157 0.495157 0.495157
1512.984863 0.000000 1579.301514 0.000000 0.648697 0.000000 -0.761047 0.491867 0.491867 0.491867
1483.571533 0.000000 1549.617188 0.000000 0.728159 0.000000 -0.685409 0.506317 0.506317 0.506317
1508.342896 0.000000 1567.785278 0.000000 0.765515 0.000000 -0.643418 0.521677 0.521677 0.521677
1515.721924 0.000000 1576.471802 0.000000 0.651539 0.000000 -0.758615 0.583686 0.583686 0.583686
1511.334595 0.000000 1564.836426 0.000000 0.852199 0.000000 -0.523218 0.522616 0.522616 0.522616
1478.064331 0.000000 1549.253052 0.000000 0.815744 0.000000 -0.578413 0.558948 0.558948 0.558948
1513.663208 0.000000 1568.672119 0.000000 0.946080 0.000000 -0.323933 0.618526 0.618526 0.618526
1512.979370 0.000000 1567.356445 0.000000 0.911830 0.000000 -0.410569 0.623300 0.623300 0.623300
1517.730347 0.000000 1573.019043 0.000000 0.921271 0.000000 -0.388922 0.567885 0.567885 0.567885
1479.842407 0.000000 1545.942871 0.000000 0.818592 0.000000 -0.574375 0.567053 0.567053 0.567053
1513.701782 0.000000 1570.982056 0.000000 0.942384 0.000000 -0.334534 0.580525 0.580525 0.580525
1358.936279 0.000000 1628.134399 0.000000 0.868924 0.000000 -0.494945 0.418378 0.418378 0.418378
1395.156128 0.000000 1595.635620 0.000000 0.629990 0.000000 -0.776604 0.427964 0.427964 0.427964
1403.533813 0.000000 1587.137329 0.000000 0.681112 0.000000 -0.732179 0.437265 0.437265 0.437265
1364.737915 0.000000 1638.049805 0.000000 0.913813 0.000000 -0.406135 0.420941 0.420941 0.420941
1379.097656 0.000000 1680.146973 0.000000 0.919315 0.000000 -0.393523 0.416716 0.416716 0.416716
1399.657227 0.000000 1678.420654 0.000000 0.684352 0.000000 -0.729152 0.426888 0.426888 0.426888
1377.938477 0.000000 1688.935425 0.000000 0.812165 0.000000 -0.583428 0.477057 0.477057 0.477057
1374.635132 0.000000 1682.610107 0.000000 0.714299 0.000000 -0.699841 0.492235 0.492235 0.492235
1366.880737 0.000000 1678.610107 0.000000 0.674417 0.000000 -0.738351 0.520306 0.520306 0.520306
1367.770020 0.000000 1683.604492 0.000000 0.620583 0.000000 -0.784141 0.557392 0.557392 0.557392
1371.966187 0.000000 1687.316040 0.000000 0.810560 0.000000 -0.585655 0.559162 0.559162 0.559162
1372.401001 0.000000 1689.505127 0.000000 0.900704 0.000000 -0.434433 0.565077 0.565077 0.565077
1371.599854 0.000000 1679.167725 0.000000 0.603381 0.000000 -0.797453 0.616925 0.616925 0.616925
1372.043335 0.000000 1690.560791 0.000000 0.777197 0.000000 -0.629257 0.628841 0.628841 0.628841
1418.276367 0.000000 1602.169922 0.000000 0.890512 0.000000 -0.454961 0.406226 0.406226 0.406226
1455.152222 0.000000 1627.033203 0.000000 0.852124 0.000000 -0.523340 0.407315 0.407315 0.407315
1460.116699 0.000000 1583.893433 0.000000 0.863680 0.000000 -0.504041 0.422582 0.422582 0.422582
1460.201538 0.000000 1588.510498 0.000000 0.846093 0.000000 -0.533036 0.439332 0.439332 0.439332
1457.404663 0.000000 1601.020630 0.000000 0.671147 0.000000 -0.741325 0.454007 0.454007 0.454007
1435.663208 0.000000 1604.358154 0.000000 0.936651 0.000000 -0.350263 0.458159 0.458159 0.458159
1459.356323 0.000000 1603.737793 0.000000 0.883730 0.000000 -0.467996 0.468497 0.468497 0.468497
1433.317871 0.000000 1588.822876 0.000000 0.870202 0.000000 -0.492696 0.483213 0.483213 0.483213
1409.273926 0.000000 1609.082275 0.000000 0.763663 0.000000 -0.645615 0.497010 0.497010 0.497010
1471.538696 0.000000 1596.047729 0.000000 0.867012 0.000000 -0.498287 0.489432 0.489432 0.489432
1433.687134 0.000000 1611.143555 0.000000 0.863525 0.000000 -0.504306 0.532336 0.532336 0.532336
1451.740479 0.000000 1630.494507 0.000000 0.929786 0.000000 -0.368100 0.553181 0.553181 0.553181
1488.310547 0.000000 1606.357056 0.000000 0.876073 0.000000 -0.482178 0.406733 0.406733 0.406733
1512.273193 0.000000 1631.778076 0.000000 0.950379 0.000000 -0.311094 0.415424 0.415424 0.415424
1512.552612 0.000000 1634.413696 0.000000 0.884197 0.000000 -0.467114 0.425993 0.425993 0.425993
1517.664185 0.000000 1588.558105 0.000000 0.851323 0.000000 -0.524642 0.422940 0.422940 0.422940
1489.646729 0.000000 1600.887329 0.000000 0.832209 0.000000 -0.554461 0.423468 0.423468 0.423468
1491.138916 0.000000 1629.226196 0.000000 0.862457 0.000000 -0.506130 0.422618 0.422618 0.422618
1477.476685 0.000000 1632.840698 0.000000 0.910083 0.000000 -0.414426 0.421077 0.421077 0.421077
1483.577515 0.000000 1625.583618 0.000000 0.817189 0.000000 -0.576370 0.423864 0.423864 0.423864
1481.185303 0.000000 1625.097656 0.000000 0.846782 0.000000 -0.531940 0.423068 0.423068 0.423068
1472.129395 0.000000 1613.607178 0.000000 0.698352 0.000000 -0.715755 0.478178 0.478178 0.478178
1511.139160 0.000000 1605.290161 0.000000 0.669066 0.000000 -0.743203 0.474760 0.474760 0.474760
1472.011719 0.000000 1606.415649 0.000000 0.912623 0.000000 -0.408802 0.497600 0.497600 0.497600
1475.585327 0.000000 1601.155762 0.000000 0.660133 0.000000 -0.751149 0.495736 0.495736 0.495736
1505.198730 0.000000 1616.413574 0.000000 0.887429 0.000000 -0.460944 0.529203 0.529203 0.529203
1504.286133 0.000000 1606.440674 0.000000 0.874935 0.000000 -0.484240 0.556272 0.556272 0.556272
1504.381714 0.000000 1608.741699 0.000000 0.701352 0.000000 -0.712815 0.559031 0.559031 0.559031
1421.066528 0.000000 1691.263062 0.000000 0.841807 0.000000 -0.539779 0.407374 0.407374 0.407374
1438.773926 0.000000 1654.518555 0.000000 0.916302 0.000000 -0.400488 0.405349 0.405349 0.405349
1409.439453 0.000000 1662.426270 0.000000 0.781963 0.000000 -0.623325 0.409409 0.409409 0.409409
1426.112671 0.000000 1664.238525 0.000000 0.694485 0.000000 -0.719507 0.414332 0.414332 0.414332
1438.946777 0.000000 1651.285889 0.000000 0.945796 0.000000 -0.324760 0.419637 0.419637 0.419637
1471.211670 0.000000 1648.878662 0.000000 0.910025 0.000000 -0.414553 0.419066 0.419066 0.419066
1419.631714 0.000000 1654.563232 0.000000 0.866610 0.000000 -0.498985 0.434647 0.434647 0.434647
1469.048584 0.000000 1677.312256 0.000000 0.863112 0.000000 -0.505013 0.436783 0.436783 0.436783
1469.962402 0.000000 1683.834961 0.000000 0.945965 0.000000 -0.324268 0.479737 0.479737 0.479737
1422.515747 0.000000 1687.993530 0.000000 0.667079 0.000000 -0.744987 0.485177 0.485177 0.485177
1414.455566 0.000000 1665.952026 0.000000 0.615044 0.000000 -0.788493 0.484350 0.484350 0.484350
1469.369507 0.000000 1685.342651 0.000000 0.911716 0.000000 -0.410821 0.499664 0.499664 0.499664
1470.039429 0.000000 1678.507202 0.000000 0.730347 0.000000 -0.683076 0.489728 0.489728 0.489728
1498.661499 0.000000 1659.484497 0.000000 0.875295 0.000000 -0.483590 0.406578 0.406578 0.406578
1507.886841 0.000000 1668.671387 0.000000 0.642803 0.000000 -0.766031 0.427716 0.427716 0.427716
1473.729858 0.000000 1670.639160 0.000000 0.856650 0.000000 -0.515898 0.420760 0.420760 0.420760
1504.249146 0.000000 1666.422607 0.000000 0.591518 0.000000 -0.806292 0.424538 0.424538 0.424538
1496.739258 0.000000 1666.616089 0.000000 0.841343 0.000000 -0.540502 0.423219 0.423219 0.423219
1498.051758 0.000000 1670.341064 0.000000 0.873032 0.000000 -0.487663 0.422301 0.422301 0.422301
1509.911865 0.000000 1641.206665 0.000000 0.750026 0.000000 -0.661408 0.450096 0.450096 0.450096
1517.450073 0.000000 1640.566284 0.000000 0.873934 0.000000 -0.486044 0.456697 0.456697 0.456697
1511.698120 0.000000 1640.005127 0.000000 0.833342 0.000000 -0.552757 0.474337 0.474337 0.474337
1472.036621 0.000000 1683.074219 0.000000 0.673659 0.000000 -0.739043 0.518247 0.518247 0.518247
1509.640869 0.000000 1645.173218 0.000000 0.811895 0.000000 -0.583803 0.491387 0.491387 0.491387
1472.036377 0.000000 1684.642090 0.000000 0.693732 0.000000 -0.720234 0.523907 0.523907 0.523907
1473.433228 0.000000 1685.302612 0.000000 0.761999 0.000000 -0.647579 0.521793 0.521793 0.521793
1529.383423 0.000000 1641.403076 0.000000 0.914100 0.000000 -0.405488 0.554156 0.554156 0.554156
1372.903564 0.000000 1701.152588 0.000000 0.916648 0.000000 -0.399696 0.420836 0.420836 0.420836
1375.429199 0.000000 1718.459351 0.000000 0.763565 0.000000 -0.645731 0.425172 0.425172 0.425172
1380.267090 0.000000 1719.421997 0.000000 0.921055 0.000000 -0.389433 0.420670 0.420670 0.420670
1373.531982 0.000000 1695.374878 0.000000 0.689807 0.000000 -0.723993 0.534419 0.534419 0.534419
1372.146240 0.000000 1695.891846 0.000000 0.778392 0.000000 -0.627778 0.531549 0.531549 0.531549
1540.206177 0.000000 1357.879883 0.000000 0.940918 0.000000 -0.338635 0.419856 0.419856 0.419856
1536.013672 0.000000 1360.147705 0.000000 0.920123 0.000000 -0.391630 0.418695 0.418695 0.418695
1538.305054 0.000000 1356.974854 0.000000 0.661253 0.000000 -0.750163 0.433549 0.433549 0.433549
1573.993652 0.000000 1441.672729 0.000000 0.815487 0.000000 -0.578776 0.408075 0.408075 0.408075
1553.983643 0.000000 1433.477661 0.000000 0.694349 0.000000 -0.719639 0.410789 0.410789 0.410789
1559.654907 0.000000 1445.764893 0.000000 0.910002 0.000000 -0.414603 0.405934 0.405934 0.405934
1580.263306 0.000000 1462.284424 0.000000 0.827039 0.000000 -0.562144 0.408316 0.408316 0.408316
1567.429199 0.000000 1436.037476 0.000000 0.876155 0.000000 -0.482030 0.422205 0.422205 0.422205
1576.666260 0.000000 1458.431885 0.000000 0.602257 0.000000 -0.798302 0.436788 0.436788 0.436788
1575.991211 0.000000 1445.000977 0.000000 0.690903 0.000000 -0.722948 0.488718 0.488718 0.488718
1566.551758 0.000000 1446.864258 0.000000 0.826840 0.000000 -0.562438 0.497018 0.497018 0.497018
1584.909302 0.000000 1455.156494 0.000000 0.935793 0.000000 -0.352550 0.524567 0.524567 0.524567
1579.793579 0.000000 1446.765747 0.000000 0.647604 0.000000 -0.761977 0.510630 0.510630 0.510630
1583.430908 0.000000 1456.244507 0.000000 0.920247 0.000000 -0.391338 0.543673 0.543673 0.543673
1582.064453 0.000000 1457.132324 0.000000 0.611140 0.000000 -0.791522 0.555573 0.555573 0.555573
1582.466309 0.000000 1454.488525 0.000000 0.842728 0.000000 -0.538340 0.555737 0.555737 0.555737
1574.974487 0.000000 1448.198242 0.000000 0.947440 0.000000 -0.319934 0.564017 0.564017 0.564017
1536.522339 0.000000 1484.295776 0.000000 0.933431 0.000000 -0.358758 0.404855 0.404855 0.404855
1538.523438 0.000000 1483.008667 0.000000 0.613379 0.000000 -0.789789 0.426208 0.426208 0.426208
1577.191162 0.000000 1470.724243 0.000000 0.655931 0.000000 -0.754821 0.419201 0.419201 0.419201
1538.422852 0.000000 1496.993408 0.000000 0.880646 0.000000 -0.473775 0.430151 0.430151 0.430151
1586.704468 0.000000 1516.517822 0.000000 0.947369 0.000000 -0.320143 0.447589 0.447589 0.447589
1575.927368 0.000000 1481.767700 0.000000 0.792961 0.000000 -0.609272 0.469450 0.469450 0.469450
1578.991455 0.000000 1523.972656 0.000000 0.845881 0.000000 -0.533372 0.490219 0.490219 0.490219
1539.614258 0.000000 1511.172729 0.000000 0.794834 0.000000 -0.606827 0.493989 0.493989 0.493989
1559.427856 0.000000 1574.073486 0.000000 0.884924 0.000000 -0.465735 0.406314 0.406314 0.406314
1571.895264 0.000000 1537.591797 0.000000 0.808813 0.000000 -0.588065 0.408664 0.408664 0.408664
1563.921387 0.000000 1541.033813 0.000000 0.661229 0.000000 -0.750184 0.411818 0.411818 0.411818
1543.299561 0.000000 1565.816284 0.000000 0.867591 0.000000 -0.497278 0.422465 0.422465 0.422465
1561.195190 0.000000 1570.653931 0.000000 0.691434 0.000000 -0.722440 0.439106 0.439106 0.439106
1554.017090 0.000000 1548.862793 0.000000 0.673495 0.000000 -0.739192 0.429171 0.429171 0.429171
1562.288574 0.000000 1544.910889 0.000000 0.881432 0.000000 -0.472312 0.472638 0.472638 0.472638
1558.662964 0.000000 1559.969360 0.000000 0.617335 0.000000 -0.786701 0.500978 0.500978 0.500978
1556.586182 0.000000 1564.382080 0.000000 0.874126 0.000000 -0.485700 0.515578 0.515578 0.515578
1551.300537 0.000000 1568.166260 0.000000 0.924362 0.000000 -0.381516 0.539385 0.539385 0.539385
1561.165405 0.000000 1549.276733 0.000000 0.795230 0.000000 -0.606308 0.522725 0.522725 0.522725
1550.338867 0.000000 1566.899292 0.000000 0.919562 0.000000 -0.392945 0.608526 0.608526 0.608526
1554.405518 0.000000 1564.842285 0.000000 0.695817 0.000000 -0.718219 0.580072 0.580072 0.580072
1553.039551 0.000000 1569.998413 0.000000 0.606081 0.000000 -0.795403 0.625289 0.625289 0.625289
1556.194824 0.000000 1627.475342 0.000000 0.643194 0.000000 -0.765703 0.411453 0.411453 0.411453
1537.729858 0.000000 1614.154785 0.000000 0.822561 0.000000 -0.568677 0.423724 0.423724 0.423724
1548.277832 0.000000 1636.818726 0.000000 0.861442 0.000000 -0.507856 0.422648 0.422648 0.422648
1553.373657 0.000000 1638.153320 0.000000 0.735019 0.000000 -0.678047 0.425815 0.425815 0.425815
637.962402 0.000000 2644.069336 0.000000 0.861976 0.000000 -0.506949 0.469294 0.469294 0.469294
605.075928 0.000000 2707.165771 0.000000 0.689663 0.000000 -0.724130 0.410998 0.410998 0.410998
624.863892 0.000000 2699.241699 0.000000 0.944442 0.000000 -0.328678 0.439724 0.439724 0.439724
596.371643 0.000000 2691.303711 0.000000 0.923769 0.000000 -0.382950 0.484946 0.484946 0.484946
633.142822 0.000000 2698.544189 0.000000 0.601024 0.000000 -0.799231 0.503469 0.503469 0.503469
633.594482 0.000000 2700.583496 0.000000 0.936494 0.000000 -0.350683 0.518483 0.518483 0.518483
632.262756 0.000000 2705.180664 0.000000 0.644710 0.000000 -0.764427 0.544108 0.544108 0.544108
637.825378 0.000000 2705.431641 0.000000 0.855072 0.000000 -0.518509 0.573593 0.573593 0.573593
626.104370 0.000000 2699.479248 0.000000 0.758415 0.000000 -0.651772 0.536366 0.536366 0.536366
635.659912 0.000000 2704.306885 0.000000 0.876682 0.000000 -0.481070 0.548033 0.548033 0.548033
631.149902 0.000000 2704.863525 0.000000 0.611779 0.000000 -0.791029 0.589205 0.589205 0.589205
628.822632 0.000000 2702.183350 0.000000 0.638785 0.000000 -0.769385 0.634643 0.634643 0.634643
677.993713 0.000000 2627.844482 0.000000 0.806944 0.000000 -0.590628 0.408297 0.408297 0.408297
695.430847 0.000000 2612.158203 0.000000 0.709311 0.000000 -0.704896 0.410390 0.410390 0.410390
647.626770 0.000000 2644.631592 0.000000 0.861860 0.000000 -0.507146 0.407303 0.407303 0.407303
673.651672 0.000000 2634.478760 0.000000 0.854352 0.000000 -0.519695 0.418799 0.418799 0.418799
693.305115 0.000000 2611.932129 0.000000 0.906571 0.000000 -0.422053 0.415161 0.415161 0.415161
645.887573 0.000000 2629.109863 0.000000 0.797045 0.000000 -0.603920 0.424373 0.424373 0.424373
695.657227 0.000000 2638.655029 0.000000 0.829495 0.000000 -0.558513 0.423541 0.423541 0.423541
666.051819 0.000000 2630.575439 0.000000 0.895521 0.000000 -0.445019 0.423599 0.423599 0.423599
691.450317 0.000000 2651.120361 0.000000 0.859801 0.000000 -0.510629 0.463274 0.463274 0.463274
667.981201 0.000000 2642.222900 0.000000 0.862395 0.000000 -0.506236 0.467248 0.467248 0.467248
670.198853 0.000000 2649.529297 0.000000 0.733723 0.000000 -0.679449 0.481383 0.481383 0.481383
665.614136 0.000000 2650.016846 0.000000 0.884392 0.000000 -0.466746 0.488740 0.488740 0.488740
641.603210 0.000000 2632.234619 0.000000 0.916748 0.000000 -0.399466 0.533765 0.533765 0.533765
669.388550 0.000000 2647.472168 0.000000 0.658874 0.000000 -0.752253 0.522826 0.522826 0.522826
674.075500 0.000000 2629.542480 0.000000 0.773128 0.000000 -0.634250 0.523486 0.523486 0.523486
673.111572 0.000000 2631.800781 0.000000 0.819655 0.000000 -0.572858 0.630894 0.630894 0.630894
645.362244 0.000000 2650.966064 0.000000 0.685333 0.000000 -0.728229 0.544966 0.544966 0.544966
679.327820 0.000000 2632.126221 0.000000 0.911425 0.000000 -0.411467 0.623329 0.623329 0.623329
704.290283 0.000000 2632.646484 0.000000 0.775771 0.000000 -0.631014 0.408729 0.408729 0.408729
704.010437 0.000000 2626.967529 0.000000 0.939769 0.000000 -0.341810 0.413897 0.413897 0.413897
723.869202 0.000000 2649.600830 0.000000 0.873605 0.000000 -0.486636 0.491206 0.491206 0.491206
712.949768 0.000000 2644.489746 0.000000 0.897419 0.000000 -0.441178 0.512493 0.512493 0.512493
720.322205 0.000000 2648.451416 0.000000 0.775441 0.000000 -0.631420 0.583300 0.583300 0.583300
685.901306 0.000000 2655.719971 0.000000 0.668469 0.000000 -0.743740 0.410762 0.410762 0.410762
653.883423 0.000000 2703.261719 0.000000 0.890028 0.000000 -0.455906 0.406216 0.406216 0.406216
684.877319 0.000000 2688.552490 0.000000 0.748479 0.000000 -0.663158 0.409630 0.409630 0.409630
702.298462 0.000000 2704.236328 0.000000 0.680208 0.000000 -0.733019 0.422850 0.422850 0.422850
688.736572 0.000000 2701.452393 0.000000 0.599075 0.000000 -0.800693 0.445157 0.445157 0.445157
697.096802 0.000000 2688.830566 0.000000 0.659226 0.000000 -0.751945 0.450132 0.450132 0.450132
693.692383 0.000000 2666.500732 0.000000 0.833281 0.000000 -0.552850 0.458031 0.458031 0.458031
666.746094 0.000000 2654.792725 0.000000 0.842841 0.000000 -0.538163 0.471984 0.471984 0.471984
666.472229 0.000000 2657.999268 0.000000 0.594544 0.000000 -0.804063 0.482736 0.482736 0.482736
640.942993 0.000000 2657.915039 0.000000 0.852810 0.000000 -0.522222 0.467578 0.467578 0.467578
665.317810 0.000000 2662.025879 0.000000 0.866788 0.000000 -0.498677 0.493507 0.493507 0.493507
640.036621 0.000000 2699.792969 0.000000 0.690670 0.000000 -0.723170 0.511535 0.511535 0.511535
685.468140 0.000000 2708.275391 0.000000 0.761581 0.000000 -0.648069 0.509434 0.509434 0.509434
702.371033 0.000000 2686.055176 0.000000 0.674741 0.000000 -0.738055 0.597556 0.597556 0.597556
683.740417 0.000000 2703.697510 0.000000 0.611536 0.000000 -0.791217 0.542971 0.542971 0.542971
676.453796 0.000000 2696.192139 0.000000 0.890710 0.000000 -0.454572 0.527014 0.527014 0.527014
698.127563 0.000000 2679.358154 0.000000 0.947867 0.000000 -0.318668 0.568008 0.568008 0.568008
678.615479 0.000000 2700.142578 0.000000 0.885188 0.000000 -0.465233 0.529310 0.529310 0.529310
677.444458 0.000000 2698.197266 0.000000 0.638456 0.000000 -0.769659 0.565236 0.565236 0.565236
675.081421 0.000000 2698.096436 0.000000 0.615715 0.000000 -0.787969 0.551241 0.551241 0.551241
695.607178 0.000000 2683.657715 0.000000 0.759290 0.000000 -0.650753 0.660929 0.660929 0.660929
692.455078 0.000000 2682.404785 0.000000 0.844738 0.000000 -0.535180 0.608984 0.608984 0.608984
716.424805 0.000000 2673.185303 0.000000 0.750503 0.000000 -0.660867 0.409769 0.409769 0.409769
713.640015 0.000000 2687.992676 0.000000 0.812725 0.000000 -0.582648 0.408665 0.408665 0.408665
741.593079 0.000000 2696.976318 0.000000 0.795681 0.000000 -0.605716 0.422366 0.422366 0.422366
718.008972 0.000000 2674.510742 0.000000 0.913067 0.000000 -0.407810 0.441100 0.441100 0.441100
708.483643 0.000000 2689.195557 0.000000 0.673340 0.000000 -0.739333 0.445690 0.445690 0.445690
731.871521 0.000000 2674.833008 0.000000 0.622660 0.000000 -0.782493 0.475845 0.475845 0.475845
710.455566 0.000000 2682.670898 0.000000 0.621181 0.000000 -0.783667 0.488373 0.488373 0.488373
723.069702 0.000000 2659.793945 0.000000 0.803258 0.000000 -0.595631 0.518333 0.518333 0.518333
708.396179 0.000000 2681.351318 0.000000 0.782382 0.000000 -0.622799 0.498490 0.498490 0.498490
749.920959 0.000000 2696.089600 0.000000 0.943879 0.000000 -0.330292 0.552211 0.552211 0.552211
723.231140 0.000000 2657.455322 0.000000 0.606284 0.000000 -0.795248 0.580955 0.580955 0.580955
705.285461 0.000000 2683.877686 0.000000 0.948402 0.000000 -0.317072 0.648569 0.648569 0.648569
733.523010 0.000000 2682.569580 0.000000 0.813367 0.000000 -0.581751 0.606432 0.606432 0.606432
704.655334 0.000000 2687.910889 0.000000 0.834683 0.000000 -0.550731 0.578665 0.578665 0.578665
1699.373291 0.000000 2173.349609 0.000000 0.775481 0.000000 -0.631371 0.409110 0.409110 0.409110
1768.552612 0.000000 2199.257324 0.000000 0.596514 0.000000 -0.802603 0.426521 0.426521 0.426521
1692.682983 0.000000 2216.324463 0.000000 0.928416 0.000000 -0.371543 0.405056 0.405056 0.405056
1722.085693 0.000000 2250.049316 0.000000 0.685974 0.000000 -0.727626 0.412441 0.412441 0.412441
1695.885010 0.000000 2222.080811 0.000000 0.872865 0.000000 -0.487962 0.407127 0.407127 0.407127
1821.269653 0.000000 2205.050049 0.000000 0.680411 0.000000 -0.732831 0.418726 0.418726 0.418726
1817.026123 0.000000 2203.138428 0.000000 0.642867 0.000000 -0.765978 0.412155 0.412155 0.412155
1276.124512 0.000000 2584.012207 0.000000 0.846211 0.000000 -0.532848 0.722637 0.722637 0.722637
1276.996460 0.000000 2578.171143 0.000000 0.875176 0.000000 -0.483804 0.668770 0.668770 0.668770
1272.956177 0.000000 2680.181396 0.000000 0.707605 0.000000 -0.706608 0.410971 0.410971 0.410971
1278.808594 0.000000 2682.793213 0.000000 0.951008 0.000000 -0.309167 0.423391 0.423391 0.423391
1268.189697 0.000000 2688.839844 0.000000 0.625745 0.000000 -0.780028 0.553043 0.553043 0.553043
1277.822510 0.000000 2678.732422 0.000000 0.812822 0.000000 -0.582512 0.722513 0.722513 0.722513
1294.515747 0.000000 2591.743652 0.000000 0.939589 0.000000 -0.342305 0.466040 0.466040 0.466040
1282.944824 0.000000 2597.263672 0.000000 0.739855 0.000000 -0.672766 0.643054 0.643054 0.643054
1285.619141 0.000000 2597.244873 0.000000 0.799338 0.000000 -0.600882 0.559617 0.559617 0.559617
1295.254395 0.000000 2587.180908 0.000000 0.911319 0.000000 -0.411701 0.718909 0.718909 0.718909
1293.742432 0.000000 2588.016846 0.000000 0.827831 0.000000 -0.560977 0.723834 0.723834 0.723834
1294.024780 0.000000 2589.109863 0.000000 0.743744 0.000000 -0.668464 0.726682 0.726682 0.726682
1282.417725 0.000000 2577.704590 0.000000 0.590045 0.000000 -0.807370 0.713122 0.713122 0.713122
1283.138672 0.000000 2581.053467 0.000000 0.909473 0.000000 -0.415764 0.674389 0.674389 0.674389
1306.960815 0.000000 2634.569580 0.000000 0.938842 0.000000 -0.344350 0.492194 0.492194 0.492194
1305.165405 0.000000 2622.479980 0.000000 0.883590 0.000000 -0.468262 0.543622 0.543622 0.543622
1304.647583 0.000000 2651.228516 0.000000 0.689087 0.000000 -0.724678 0.620075 0.620075 0.620075
1308.656372 0.000000 2613.153809 0.000000 0.910467 0.000000 -0.413582 0.709001 0.709001 0.709001
1305.454346 0.000000 2607.389893 0.000000 0.591172 0.000000 -0.806545 0.566678 0.566678 0.566678
1321.059570 0.000000 2621.598877 0.000000 0.601004 0.000000 -0.799246 0.736736 0.736736 0.736736
1305.135010 0.000000 2611.021973 0.000000 0.762139 0.000000 -0.647413 0.721432 0.721432 0.721432
1308.670166 0.000000 2610.506348 0.000000 0.687926 0.000000 -0.725781 0.721237 0.721237 0.721237
1306.963867 0.000000 2651.113770 0.000000 0.931625 0.000000 -0.363421 0.686663 0.686663 0.686663
1325.368408 0.000000 2621.745605 0.000000 0.929726 0.000000 -0.368252 0.644231 0.644231 0.644231
1324.081299 0.000000 2618.147949 0.000000 0.665048 0.000000 -0.746800 0.737578 0.737578 0.737578
1306.143677 0.000000 2653.982666 0.000000 0.771806 0.000000 -0.635858 0.727639 0.727639 0.727639
1312.870728 0.000000 2662.011230 0.000000 0.798450 0.000000 -0.602061 0.448838 0.448838 0.448838
1312.125000 0.000000 2663.907715 0.000000 0.751806 0.000000 -0.659384 0.450051 0.450051 0.450051
1292.962891 0.000000 2684.886230 0.000000 0.927772 0.000000 -0.373147 0.462607 0.462607 0.462607
1315.868042 0.000000 2670.606445 0.000000 0.685641 0.000000 -0.727940 0.490927 0.490927 0.490927
1287.009521 0.000000 2676.405518 0.000000 0.829271 0.000000 -0.558847 0.505110 0.505110 0.505110
1299.060669 0.000000 2681.976318 0.000000 0.911097 0.000000 -0.412191 0.515868 0.515868 0.515868
1290.621582 0.000000 2681.981689 0.000000 0.790337 0.000000 -0.612672 0.642740 0.642740 0.642740
1312.756958 0.000000 2694.387695 0.000000 0.846459 0.000000 -0.532454 0.588363 0.588363 0.588363
1288.040161 0.000000 2680.009521 0.000000 0.822228 0.000000 -0.569159 0.659696 0.659696 0.659696
1312.511597 0.000000 2685.762939 0.000000 0.943473 0.000000 -0.331450 0.596567 0.596567 0.596567
1309.621216 0.000000 2691.913086 0.000000 0.929183 0.000000 -0.369620 0.648333 0.648333 0.648333
1311.835327 0.000000 2703.963135 0.000000 0.889489 0.000000 -0.456957 0.531135 0.531135 0.531135
1292.303711 0.000000 2683.719971 0.000000 0.920967 0.000000 -0.389640 0.541609 0.541609 0.541609
1282.951050 0.000000 2676.866455 0.000000 0.643681 0.000000 -0.765294 0.558787 0.558787 0.558787
1300.351074 0.000000 2677.830078 0.000000 0.785609 0.000000 -0.618723 0.545718 0.545718 0.545718
1300.673706 0.000000 2680.118896 0.000000 0.817063 0.000000 -0.576548 0.612444 0.612444 0.612444
1295.303955 0.000000 2670.549072 0.000000 0.648154 0.000000 -0.761510 0.579603 0.579603 0.579603
1286.064331 0.000000 2678.940430 0.000000 0.771993 0.000000 -0.635632 0.564815 0.564815 0.564815
1291.529175 0.000000 2677.918457 0.000000 0.888498 0.000000 -0.458880 0.551512 0.551512 0.551512
1282.524048 0.000000 2675.266846 0.000000 0.929927 0.000000 -0.367745 0.565289 0.565289 0.565289
1307.520020 0.000000 2667.943359 0.000000 0.918947 0.000000 -0.394381 0.634961 0.634961 0.634961
1310.718750 0.000000 2674.187500 0.000000 0.883263 0.000000 -0.468879 0.718507 0.718507 0.718507
1313.994629 0.000000 2687.535156 0.000000 0.742426 0.000000 -0.669928 0.665930 0.665930 0.665930
1325.612549 0.000000 2687.748779 0.000000 0.837043 0.000000 -0.547137 0.648524 0.648524 0.648524
1301.270752 0.000000 2680.920898 0.000000 0.866603 0.000000 -0.498998 0.609846 0.609846 0.609846
1373.621216 0.000000 2691.913086 0.000000 0.875807 0.000000 -0.482662 0.650267 0.650267 0.650267
1400.202881 0.000000 2671.722168 0.000000 0.609431 0.000000 -0.792839 0.637865 0.637865 0.637865
1391.941284 0.000000 2689.385010 0.000000 0.870605 0.000000 -0.491983 0.673191 0.673191 0.673191
1401.149658 0.000000 2670.871338 0.000000 0.629746 0.000000 -0.776801 0.637100 0.637100 0.637100
1389.862305 0.000000 2707.143799 0.000000 0.846881 0.000000 -0.531783 0.582188 0.582188 0.582188
1422.515747 0.000000 2704.712402 0.000000 0.708860 0.000000 -0.705349 0.475845 0.475845 0.475845
1418.169800 0.000000 2695.339355 0.000000 0.653130 0.000000 -0.757246 0.514649 0.514649 0.514649
1443.728149 0.000000 2706.797119 0.000000 0.904543 0.000000 -0.426382 0.717936 0.717936 0.717936
1414.284668 0.000000 2694.937988 0.000000 0.588965 0.000000 -0.808159 0.632258 0.632258 0.632258
1419.726318 0.000000 2697.644531 0.000000 0.906229 0.000000 -0.422786 0.593189 0.593189 0.593189
1419.498657 0.000000 2696.043945 0.000000 0.925148 0.000000 -0.379607 0.591912 0.591912 0.591912
1414.943237 0.000000 2688.443359 0.000000 0.729644 0.000000 -0.683827 0.731451 0.731451 0.731451
1660.546265 0.000000 2287.314697 0.000000 0.590536 0.000000 -0.807011 0.413035 0.413035 0.413035
1649.258545 0.000000 2296.832031 0.000000 0.828073 0.000000 -0.560621 0.408291 0.408291 0.408291
1618.973877 0.000000 2317.262207 0.000000 0.801117 0.000000 -0.598508 0.408490 0.408490 0.408490
1666.331055 0.000000 2299.320801 0.000000 0.765409 0.000000 -0.643544 0.455861 0.455861 0.455861
1743.844482 0.000000 2318.986572 0.000000 0.885998 0.000000 -0.463689 0.406524 0.406524 0.406524
1747.922729 0.000000 2319.658691 0.000000 0.890819 0.000000 -0.454358 0.406570 0.406570 0.406570
1594.875244 0.000000 2372.498291 0.000000 0.890481 0.000000 -0.455021 0.406203 0.406203 0.406203
1831.675415 0.000000 2314.148926 0.000000 0.907504 0.000000 -0.420044 0.405628 0.405628 0.405628
1849.682983 0.000000 2261.530762 0.000000 0.709675 0.000000 -0.704529 0.422249 0.422249 0.422249
1919.450562 0.000000 2267.304199 0.000000 0.785327 0.000000 -0.619081 0.409300 0.409300 0.409300
1831.590698 0.000000 2319.474609 0.000000 0.907025 0.000000 -0.421077 0.406055 0.406055 0.406055
1929.163696 0.000000 2298.675781 0.000000 0.789790 0.000000 -0.613378 0.408572 0.408572 0.408572
1954.996948 0.000000 2315.338379 0.000000 0.828913 0.000000 -0.559377 0.407914 0.407914 0.407914
1957.505493 0.000000 2315.062744 0.000000 0.903823 0.000000 -0.427907 0.417269 0.417269 0.417269
1965.233887 0.000000 2341.756592 0.000000 0.921322 0.000000 -0.388801 0.405144 0.405144 0.405144
1959.709595 0.000000 2315.861572 0.000000 0.656299 0.000000 -0.754501 0.441919 0.441919 0.441919
1550.955566 0.000000 2594.089111 0.000000 0.598995 0.000000 -0.800753 0.516071 0.516071 0.516071
1544.482910 0.000000 2582.146973 0.000000 0.668918 0.000000 -0.743336 0.551733 0.551733 0.551733
1549.377197 0.000000 2584.020996 0.000000 0.870185 0.000000 -0.492724 0.601456 0.601456 0.601456
1563.921387 0.000000 2614.237061 0.000000 0.911490 0.000000 -0.411322 0.405884 0.405884 0.405884
1571.236572 0.000000 2602.802490 0.000000 0.889087 0.000000 -0.457738 0.506794 0.506794 0.506794
1581.740601 0.000000 2684.974854 0.000000 0.858234 0.000000 -0.513259 0.455202 0.455202 0.455202
1587.138062 0.000000 2686.777832 0.000000 0.792908 0.000000 -0.609341 0.496102 0.496102 0.496102
1592.776245 0.000000 2681.608887 0.000000 0.589803 0.000000 -0.807547 0.516305 0.516305 0.516305
1593.029053 0.000000 2682.913818 0.000000 0.888218 0.000000 -0.459423 0.506833 0.506833 0.506833
598.295105 0.000000 2718.723145 0.000000 0.741768 0.000000 -0.670656 0.425665 0.425665 0.425665
600.739197 0.000000 2739.819092 0.000000 0.666439 0.000000 -0.745559 0.431378 0.431378 0.431378
636.195007 0.000000 2746.839111 0.000000 0.740145 0.000000 -0.672448 0.425701 0.425701 0.425701
610.455933 0.000000 2756.202881 0.000000 0.763461 0.000000 -0.645854 0.437460 0.437460 0.437460
606.384949 0.000000 2752.844727 0.000000 0.947268 0.000000 -0.320443 0.433578 0.433578 0.433578
606.635132 0.000000 2755.813232 0.000000 0.769107 0.000000 -0.639120 0.466022 0.466022 0.466022
609.783875 0.000000 2754.814209 0.000000 0.792568 0.000000 -0.609784 0.492009 0.492009 0.492009
684.084656 0.000000 2741.993896 0.000000 0.768527 0.000000 -0.639817 0.409394 0.409394 0.409394
659.875549 0.000000 2726.698730 0.000000 0.663312 0.000000 -0.748343 0.411653 0.411653 0.411653
651.600586 0.000000 2716.971924 0.000000 0.701534 0.000000 -0.712636 0.426532 0.426532 0.426532
682.151428 0.000000 2753.761475 0.000000 0.626242 0.000000 -0.779629 0.428035 0.428035 0.428035
701.061157 0.000000 2711.806396 0.000000 0.743370 0.000000 -0.668880 0.421530 0.421530 0.421530
697.361084 0.000000 2724.039307 0.000000 0.919991 0.000000 -0.391940 0.420710 0.420710 0.420710
644.386230 0.000000 2721.666992 0.000000 0.943080 0.000000 -0.332567 0.419760 0.419760 0.419760
654.324707 0.000000 2735.137939 0.000000 0.835901 0.000000 -0.548881 0.423368 0.423368 0.423368
689.818909 0.000000 2737.997803 0.000000 0.810439 0.000000 -0.585822 0.438306 0.438306 0.438306
651.577515 0.000000 2755.271240 0.000000 0.647591 0.000000 -0.761989 0.442100 0.442100 0.442100
649.185303 0.000000 2754.785156 0.000000 0.858834 0.000000 -0.512254 0.430832 0.430832 0.430832
653.989746 0.000000 2738.164551 0.000000 0.798352 0.000000 -0.602191 0.440669 0.440669 0.440669
688.094421 0.000000 2728.359375 0.000000 0.679276 0.000000 -0.733882 0.447627 0.447627 0.447627
658.017090 0.000000 2735.034668 0.000000 0.709382 0.000000 -0.704824 0.434596 0.434596 0.434596
673.168640 0.000000 2731.542236 0.000000 0.658658 0.000000 -0.752442 0.466713 0.466713 0.466713
667.994141 0.000000 2736.283203 0.000000 0.670636 0.000000 -0.741786 0.476794 0.476794 0.476794
672.706360 0.000000 2715.399170 0.000000 0.941350 0.000000 -0.337432 0.461935 0.461935 0.461935
648.825623 0.000000 2745.759033 0.000000 0.708040 0.000000 -0.706173 0.494474 0.494474 0.494474
658.458496 0.000000 2746.345947 0.000000 0.838608 0.000000 -0.544736 0.472125 0.472125 0.472125
703.099670 0.000000 2754.211182 0.000000 0.944677 0.000000 -0.328001 0.528015 0.528015 0.528015
675.772095 0.000000 2745.406738 0.000000 0.771325 0.000000 -0.636441 0.519424 0.519424 0.519424
727.828003 0.000000 2735.426758 0.000000 0.848924 0.000000 -0.528514 0.407424 0.407424 0.407424
716.424805 0.000000 2729.669678 0.000000 0.794250 0.000000 -0.607591 0.408804 0.408804 0.408804
706.892273 0.000000 2749.451172 0.000000 0.724021 0.000000 -0.689778 0.410300 0.410300 0.410300
723.875549 0.000000 2726.698730 0.000000 0.656067 0.000000 -0.754703 0.411700 0.411700 0.411700
704.668579 0.000000 2729.020508 0.000000 0.708860 0.000000 -0.705349 0.426378 0.426378 0.426378
706.093750 0.000000 2722.316406 0.000000 0.683680 0.000000 -0.729782 0.441337 0.441337 0.441337
733.530334 0.000000 2765.423340 0.000000 0.881845 0.000000 -0.471539 0.438201 0.438201 0.438201
727.874939 0.000000 2743.325684 0.000000 0.718163 0.000000 -0.695874 0.467353 0.467353 0.467353
729.591125 0.000000 2729.231689 0.000000 0.869263 0.000000 -0.494350 0.479186 0.479186 0.479186
731.479858 0.000000 2725.608887 0.000000 0.782126 0.000000 -0.623121 0.502608 0.502608 0.502608
731.789185 0.000000 2741.670898 0.000000 0.750394 0.000000 -0.660990 0.578071 0.578071 0.578071
693.702759 0.000000 2785.571289 0.000000 0.912571 0.000000 -0.408919 0.481448 0.481448 0.481448
767.450562 0.000000 2775.663574 0.000000 0.777538 0.000000 -0.628835 0.412587 0.412587 0.412587
735.881897 0.000000 2770.383789 0.000000 0.875584 0.000000 -0.483065 0.410092 0.410092 0.410092
767.211731 0.000000 2778.566162 0.000000 0.856092 0.000000 -0.516823 0.422803 0.422803 0.422803
723.108337 0.000000 2777.711426 0.000000 0.620204 0.000000 -0.784440 0.440585 0.440585 0.440585
722.017090 0.000000 2791.519043 0.000000 0.690026 0.000000 -0.723785 0.437075 0.437075 0.437075
724.110352 0.000000 2781.372070 0.000000 0.928347 0.000000 -0.371714 0.440467 0.440467 0.440467
727.642395 0.000000 2775.153320 0.000000 0.849614 0.000000 -0.527406 0.557475 0.557475 0.557475
726.916016 0.000000 2773.980469 0.000000 0.909832 0.000000 -0.414977 0.552380 0.552380 0.552380
729.454407 0.000000 2776.843018 0.000000 0.847273 0.000000 -0.531157 0.530989 0.530989 0.530989
805.505432 0.000000 2766.937744 0.000000 0.684479 0.000000 -0.729033 0.418646 0.418646 0.418646
786.130249 0.000000 2812.827637 0.000000 0.839969 0.000000 -0.542635 0.423257 0.423257 0.423257
772.386230 0.000000 2778.151367 0.000000 0.909774 0.000000 -0.415105 0.421088 0.421088 0.421088
811.936890 0.000000 2824.161865 0.000000 0.937045 0.000000 -0.349210 0.432054 0.432054 0.432054
789.078003 0.000000 2769.862061 0.000000 0.795989 0.000000 -0.605311 0.424399 0.424399 0.424399
796.971191 0.000000 2813.047119 0.000000 0.929044 0.000000 -0.369968 0.450484 0.450484 0.450484
778.859009 0.000000 2775.262939 0.000000 0.879064 0.000000 -0.476705 0.448415 0.448415 0.448415
799.881897 0.000000 2826.868164 0.000000 0.883005 0.000000 -0.469363 0.406831 0.406831 0.406831
812.179871 0.000000 2827.641846 0.000000 0.930793 0.000000 -0.365547 0.472517 0.472517 0.472517
1365.880737 0.000000 2719.752441 0.000000 0.701065 0.000000 -0.713097 0.586148 0.586148 0.586148
2168.208740 0.000000 2749.652832 0.000000 0.853162 0.000000 -0.521646 0.629073 0.629073 0.629073
2175.180664 0.000000 2773.835693 0.000000 0.783233 0.000000 -0.621729 0.471781 0.471781 0.471781
2170.732422 0.000000 2821.407227 0.000000 0.631886 0.000000 -0.775061 0.469398 0.469398 0.469398
2174.576172 0.000000 2779.997803 0.000000 0.775553 0.000000 -0.631282 0.519284 0.519284 0.519284
2237.900391 0.000000 2764.317871 0.000000 0.646520 0.000000 -0.762897 0.479448 0.479448 0.479448
2219.721924 0.000000 2762.643555 0.000000 0.684740 0.000000 -0.728788 0.576280 0.576280 0.576280
2200.109375 0.000000 2754.213135 0.000000 0.947144 0.000000 -0.320808 0.628513 0.628513 0.628513
2241.603271 0.000000 2745.203369 0.000000 0.697315 0.000000 -0.716765 0.511347 0.511347 0.511347
2246.432129 0.000000 2757.142578 0.000000 0.877283 0.000000 -0.479974 0.721260 0.721260 0.721260
2246.643066 0.000000 2763.132568 0.000000 0.931694 0.000000 -0.363243 0.530866 0.530866 0.530866
2241.456787 0.000000 2762.366943 0.000000 0.894335 0.000000 -0.447398 0.539018 0.539018 0.539018
2257.553955 0.000000 2757.430664 0.000000 0.921529 0.000000 -0.388310 0.715751 0.715751 0.715751
2249.653320 0.000000 2767.629883 0.000000 0.764508 0.000000 -0.644615 0.727422 0.727422 0.727422
2260.242188 0.000000 2758.943115 0.000000 0.628498 0.000000 -0.777811 0.635034 0.635034 0.635034
2244.587402 0.000000 2753.051758 0.000000 0.755473 0.000000 -0.655179 0.611105 0.611105 0.611105
2187.119385 0.000000 2821.353516 0.000000 0.890644 0.000000 -0.454701 0.419725 0.419725 0.419725
2195.108398 0.000000 2777.711426 0.000000 0.636862 0.000000 -0.770978 0.448537 0.448537 0.448537
2197.261719 0.000000 2814.895264 0.000000 0.926281 0.000000 -0.376832 0.478778 0.478778 0.478778
2221.066406 0.000000 2773.332764 0.000000 0.821198 0.000000 -0.570644 0.486989 0.486989 0.486989
2181.906494 0.000000 2794.322998 0.000000 0.763353 0.000000 -0.645982 0.521749 0.521749 0.521749
2192.411865 0.000000 2772.128906 0.000000 0.730855 0.000000 -0.682533 0.614217 0.614217 0.614217
2233.597656 0.000000 2768.451172 0.000000 0.739878 0.000000 -0.672741 0.505971 0.505971 0.505971
2179.320312 0.000000 2816.522461 0.000000 0.697971 0.000000 -0.716127 0.507180 0.507180 0.507180
2226.147461 0.000000 2792.806885 0.000000 0.935673 0.000000 -0.352868 0.536662 0.536662 0.536662
2228.879395 0.000000 2789.732910 0.000000 0.846184 0.000000 -0.532890 0.571971 0.571971 0.571971
2222.689453 0.000000 2780.033936 0.000000 0.949799 0.000000 -0.312862 0.670628 0.670628 0.670628
2184.459473 0.000000 2810.295410 0.000000 0.759161 0.000000 -0.650903 0.546676 0.546676 0.546676
2227.049561 0.000000 2780.641113 0.000000 0.632472 0.000000 -0.774583 0.571717 0.571717 0.571717
2231.950684 0.000000 2793.712891 0.000000 0.832958 0.000000 -0.553336 0.578745 0.578745 0.578745
2222.801025 0.000000 2775.400879 0.000000 0.615519 0.000000 -0.788122 0.680050 0.680050 0.680050
2235.895996 0.000000 2768.542480 0.000000 0.754164 0.000000 -0.656686 0.729046 0.729046 0.729046
2225.021973 0.000000 2780.842773 0.000000 0.820878 0.000000 -0.571104 0.723476 0.723476 0.723476
2180.746582 0.000000 2818.301270 0.000000 0.791501 0.000000 -0.611168 0.690498 0.690498 0.690498
2240.013672 0.000000 2772.257080 0.000000 0.909935 0.000000 -0.414752 0.417056 0.417056 0.417056
2247.352783 0.000000 2780.435791 0.000000 0.816478 0.000000 -0.577376 0.456498 0.456498 0.456498
2245.125244 0.000000 2780.465576 0.000000 0.907206 0.000000 -0.420687 0.463517 0.463517 0.463517
2252.990967 0.000000 2784.736572 0.000000 0.624046 0.000000 -0.781388 0.488305 0.488305 0.488305
2260.914795 0.000000 2775.456299 0.000000 0.942862 0.000000 -0.333182 0.713653 0.713653 0.713653
2263.642334 0.000000 2775.153320 0.000000 0.749616 0.000000 -0.661873 0.655134 0.655134 0.655134
2269.126709 0.000000 2772.941650 0.000000 0.871677 0.000000 -0.490081 0.630033 0.630033 0.630033
2265.643555 0.000000 2769.056641 0.000000 0.689895 0.000000 -0.723910 0.730979 0.730979 0.730979
2249.356689 0.000000 2775.347900 0.000000 0.660479 0.000000 -0.750844 0.680231 0.680231 0.680231
2248.898926 0.000000 2782.629395 0.000000 0.836007 0.000000 -0.548719 0.648583 0.648583 0.648583
2262.567871 0.000000 2771.751953 0.000000 0.923505 0.000000 -0.383585 0.592029 0.592029 0.592029
2270.072510 0.000000 2774.782471 0.000000 0.948618 0.000000 -0.316424 0.656620 0.656620 0.656620
2262.246094 0.000000 2777.857422 0.000000 0.844924 0.000000 -0.534886 0.598703 0.598703 0.598703
2167.474609 0.000000 2829.289307 0.000000 0.718056 0.000000 -0.695986 0.410685 0.410685 0.410685
2168.881592 0.000000 2835.742188 0.000000 0.938917 0.000000 -0.344144 0.562643 0.562643 0.562643
2168.781006 0.000000 2838.166504 0.000000 0.661038 0.000000 -0.750353 0.663302 0.663302 0.663302
2164.335449 0.000000 2838.694336 0.000000 0.924225 0.000000 -0.381848 0.543434 0.543434 0.543434
2169.149658 0.000000 2840.324463 0.000000 0.764345 0.000000 -0.644808 0.569246 0.569246 0.569246
2175.208740 0.000000 2825.753174 0.000000 0.846866 0.000000 -0.531806 0.629429 0.629429 0.629429
2164.712891 0.000000 2841.123535 0.000000 0.594422 0.000000 -0.804153 0.600322 0.600322 0.600322
2166.398193 0.000000 2838.275391 0.000000 0.897701 0.000000 -0.440606 0.605941 0.605941 0.605941
2182.787354 0.000000 2829.110352 0.000000 0.721525 0.000000 -0.692389 0.527218 0.527218 0.527218
2188.093750 0.000000 2832.306396 0.000000 0.649454 0.000000 -0.760401 0.566984 0.566984 0.566984
2189.643799 0.000000 2834.107422 0.000000 0.945198 0.000000 -0.326498 0.602470 0.602470 0.602470
2539.721924 0.000000 2819.127930 0.000000 0.747660 0.000000 -0.664082 0.524323 0.524323 0.524323
2521.893555 0.000000 2812.529053 0.000000 0.626112 0.000000 -0.779733 0.656281 0.656281 0.656281
2632.040039 0.000000 2905.947021 0.000000 0.625846 0.000000 -0.779947 0.536283 0.536283 0.536283
2661.203613 0.000000 2934.941406 0.000000 0.745629 0.000000 -0.666362 0.605276 0.605276 0.605276
2643.455566 0.000000 2899.803955 0.000000 0.902838 0.000000 -0.429981 0.607645 0.607645 0.607645
2664.327881 0.000000 2921.449707 0.000000 0.624067 0.000000 -0.781371 0.614084 0.614084 0.614084
2679.591064 0.000000 2929.699707 0.000000 0.928973 0.000000 -0.370147 0.601753 0.601753 0.601753
2658.680176 0.000000 2935.692383 0.000000 0.640055 0.000000 -0.768329 0.621940 0.621940 0.621940
2669.449951 0.000000 2939.707031 0.000000 0.893234 0.000000 -0.449592 0.462060 0.462060 0.462060
2625.465576 0.000000 2941.746826 0.000000 0.860542 0.000000 -0.509380 0.587649 0.587649 0.587649
2669.578613 0.000000 2949.245850 0.000000 0.948130 0.000000 -0.317884 0.572012 0.572012 0.572012
2654.072510 0.000000 2944.235596 0.000000 0.936602 0.000000 -0.350394 0.605204 0.605204 0.605204
6141.048828 0.000000 547.624695 0.000000 0.654990 0.000000 -0.755638 0.433676 0.433676 0.433676
5849.450195 0.000000 1007.931213 0.000000 0.756880 0.000000 -0.653554 0.419183 0.419183 0.419183
5843.298340 0.000000 1034.665894 0.000000 0.848701 0.000000 -0.528873 0.407207 0.407207 0.407207
5874.335449 0.000000 1037.611816 0.000000 0.790311 0.000000 -0.612705 0.408957 0.408957 0.408957
5848.466797 0.000000 1043.242798 0.000000 0.854416 0.000000 -0.519590 0.410691 0.410691 0.410691
5867.536621 0.000000 1030.281860 0.000000 0.865201 0.000000 -0.501425 0.412415 0.412415 0.412415
5837.791016 0.000000 1016.771423 0.000000 0.941730 0.000000 -0.336369 0.465928 0.465928 0.465928
5905.646484 0.000000 1036.043579 0.000000 0.638874 0.000000 -0.769312 0.429861 0.429861 0.429861
5976.941406 0.000000 1066.946411 0.000000 0.776278 0.000000 -0.630391 0.439192 0.439192 0.439192
5979.020508 0.000000 1064.927002 0.000000 0.882894 0.000000 -0.469573 0.446257 0.446257 0.446257
5892.861816 0.000000 1101.157715 0.000000 0.900195 0.000000 -0.435486 0.405872 0.405872 0.405872
5930.133789 0.000000 1077.340454 0.000000 0.950158 0.000000 -0.311768 0.404148 0.404148 0.404148
5937.098145 0.000000 1087.579102 0.000000 0.804869 0.000000 -0.593452 0.408470 0.408470 0.408470
5948.880859 0.000000 1096.432861 0.000000 0.926215 0.000000 -0.376996 0.405327 0.405327 0.405327
5895.290527 0.000000 1107.875488 0.000000 0.798466 0.000000 -0.602040 0.408871 0.408871 0.408871
5917.269531 0.000000 1075.362549 0.000000 0.692834 0.000000 -0.721097 0.418479 0.418479 0.418479
5891.928711 0.000000 1103.335083 0.000000 0.620943 0.000000 -0.783856 0.419856 0.419856 0.419856
5918.270508 0.000000 1082.479858 0.000000 0.622060 0.000000 -0.782970 0.457149 0.457149 0.457149
5920.125000 0.000000 1082.345215 0.000000 0.890813 0.000000 -0.454371 0.468223 0.468223 0.468223
5918.455078 0.000000 1079.281616 0.000000 0.907160 0.000000 -0.420785 0.463519 0.463519 0.463519
5923.450684 0.000000 1081.863892 0.000000 0.687920 0.000000 -0.725787 0.501235 0.501235 0.501235
5952.205078 0.000000 1095.621826 0.000000 0.866749 0.000000 -0.498744 0.406987 0.406987 0.406987
6010.815430 0.000000 1080.772217 0.000000 0.869510 0.000000 -0.493916 0.407016 0.407016 0.407016
6004.340820 0.000000 1073.539185 0.000000 0.950243 0.000000 -0.311509 0.404286 0.404286 0.404286
5972.109863 0.000000 1084.892822 0.000000 0.658797 0.000000 -0.752320 0.411608 0.411608 0.411608
5954.422852 0.000000 1101.602783 0.000000 0.929204 0.000000 -0.369567 0.414329 0.414329 0.414329
6067.473145 0.000000 1113.581055 0.000000 0.918932 0.000000 -0.394416 0.406683 0.406683 0.406683
6065.258789 0.000000 1110.660156 0.000000 0.730707 0.000000 -0.682692 0.415650 0.415650 0.415650
6038.173340 0.000000 1112.544678 0.000000 0.916898 0.000000 -0.399121 0.457057 0.457057 0.457057
6125.863281 0.000000 1120.020264 0.000000 0.876446 0.000000 -0.481500 0.434333 0.434333 0.434333
6120.255371 0.000000 1118.089844 0.000000 0.946977 0.000000 -0.321303 0.481684 0.481684 0.481684
5799.815430 0.000000 1139.241211 0.000000 0.684762 0.000000 -0.728767 0.453701 0.453701 0.453701
5886.998535 0.000000 1153.669067 0.000000 0.917092 0.000000 -0.398675 0.420820 0.420820 0.420820
5871.125977 0.000000 1168.604614 0.000000 0.738891 0.000000 -0.673825 0.435989 0.435989 0.435989
5870.145508 0.000000 1173.510498 0.000000 0.770031 0.000000 -0.638007 0.447541 0.447541 0.447541
5939.720703 0.000000 1167.559326 0.000000 0.596515 0.000000 -0.802602 0.412141 0.412141 0.412141
5932.193359 0.000000 1150.632080 0.000000 0.793239 0.000000 -0.608910 0.409055 0.409055 0.409055
5926.039062 0.000000 1147.789185 0.000000 0.945106 0.000000 -0.326765 0.445702 0.445702 0.445702
5927.927246 0.000000 1142.861450 0.000000 0.684400 0.000000 -0.729107 0.464043 0.464043 0.464043
5929.913086 0.000000 1147.082275 0.000000 0.613831 0.000000 -0.789437 0.498978 0.498978 0.498978
5930.833008 0.000000 1153.920288 0.000000 0.863515 0.000000 -0.504324 0.481432 0.481432 0.481432
5931.860840 0.000000 1154.993530 0.000000 0.710103 0.000000 -0.704098 0.519272 0.519272 0.519272
5908.737793 0.000000 1186.174805 0.000000 0.730479 0.000000 -0.682936 0.421809 0.421809 0.421809
6121.423340 0.000000 1162.109741 0.000000 0.813017 0.000000 -0.582241 0.407944 0.407944 0.407944
6106.616211 0.000000 1153.769897 0.000000 0.784655 0.000000 -0.619933 0.409148 0.409148 0.409148
6113.496582 0.000000 1153.918213 0.000000 0.709791 0.000000 -0.704413 0.410771 0.410771 0.410771
6131.339844 0.000000 1221.461182 0.000000 0.768047 0.000000 -0.640393 0.416887 0.416887 0.416887
6130.636719 0.000000 1253.110596 0.000000 0.752118 0.000000 -0.659029 0.439783 0.439783 0.439783
6180.219727 0.000000 492.032501 0.000000 0.802367 0.000000 -0.596832 0.408526 0.408526 0.408526
6173.565918 0.000000 495.173737 0.000000 0.828371 0.000000 -0.560179 0.408016 0.408016 0.408016
6193.258789 0.000000 489.331970 0.000000 0.663831 0.000000 -0.747882 0.412863 0.412863 0.412863
6175.885254 0.000000 471.065094 0.000000 0.683594 0.000000 -0.729863 0.420722 0.420722 0.420722
6179.097656 0.000000 493.975067 0.000000 0.836025 0.000000 -0.548692 0.417271 0.417271 0.417271
6164.672363 0.000000 471.432343 0.000000 0.719896 0.000000 -0.694081 0.419981 0.419981 0.419981
6175.429199 0.000000 475.803131 0.000000 0.596829 0.000000 -0.802369 0.424441 0.424441 0.424441
6161.646484 0.000000 471.199829 0.000000 0.862660 0.000000 -0.505784 0.428690 0.428690 0.428690
6178.607422 0.000000 504.268951 0.000000 0.852606 0.000000 -0.522554 0.428989 0.428989 0.428989
6177.938477 0.000000 502.763519 0.000000 0.802357 0.000000 -0.596844 0.454861 0.454861 0.454861
6160.020996 0.000000 552.587646 0.000000 0.806279 0.000000 -0.591535 0.408217 0.408217 0.408217
6202.464844 0.000000 544.646790 0.000000 0.942890 0.000000 -0.333103 0.437796 0.437796 0.437796
6217.424316 0.000000 536.233154 0.000000 0.710850 0.000000 -0.703344 0.410205 0.410205 0.410205
6217.939941 0.000000 523.647827 0.000000 0.811768 0.000000 -0.583980 0.408376 0.408376 0.408376
6222.569336 0.000000 542.128113 0.000000 0.689331 0.000000 -0.724447 0.411125 0.411125 0.411125
6225.646484 0.000000 527.684204 0.000000 0.893833 0.000000 -0.448400 0.427692 0.427692 0.427692
6222.008789 0.000000 528.104431 0.000000 0.899813 0.000000 -0.436276 0.433536 0.433536 0.433536
6223.814941 0.000000 528.991333 0.000000 0.787075 0.000000 -0.616858 0.436875 0.436875 0.436875
6219.020996 0.000000 576.085999 0.000000 0.761562 0.000000 -0.648092 0.437506 0.437506 0.437506
6222.587891 0.000000 572.612488 0.000000 0.785421 0.000000 -0.618961 0.486075 0.486075 0.486075
6168.357910 0.000000 1081.714111 0.000000 0.681734 0.000000 -0.731600 0.411064 0.411064 0.411064
6262.117188 0.000000 1080.224487 0.000000 0.864729 0.000000 -0.502238 0.406884 0.406884 0.406884
6235.828125 0.000000 1077.242310 0.000000 0.941472 0.000000 -0.337091 0.409820 0.409820 0.409820
6230.294922 0.000000 1080.676270 0.000000 0.823744 0.000000 -0.566962 0.425728 0.425728 0.425728
6253.863281 0.000000 1120.020264 0.000000 0.845055 0.000000 -0.534680 0.437331 0.437331 0.437331
6248.255371 0.000000 1118.089844 0.000000 0.688836 0.000000 -0.724918 0.482558 0.482558 0.482558
6249.750000 0.000000 1126.351074 0.000000 0.591373 0.000000 -0.806398 0.533038 0.533038 0.533038
6335.022949 0.000000 1127.368652 0.000000 0.903239 0.000000 -0.429137 0.407219 0.407219 0.407219
6272.060059 0.000000 1081.451294 0.000000 0.677512 0.000000 -0.735512 0.424965 0.424965 0.424965
6274.305176 0.000000 1074.552979 0.000000 0.680849 0.000000 -0.732424 0.422837 0.422837 0.422837
6297.175293 0.000000 1115.572632 0.000000 0.907973 0.000000 -0.419029 0.439284 0.439284 0.439284
6290.552246 0.000000 1127.353882 0.000000 0.875998 0.000000 -0.482315 0.503299 0.503299 0.503299
6324.335449 0.000000 1087.678711 0.000000 0.865376 0.000000 -0.501124 0.522063 0.522063 0.522063
6371.650879 0.000000 1096.145508 0.000000 0.727590 0.000000 -0.686012 0.410079 0.410079 0.410079
6396.605469 0.000000 1105.129761 0.000000 0.642688 0.000000 -0.766128 0.417386 0.417386 0.417386
6382.967285 0.000000 1088.579956 0.000000 0.901183 0.000000 -0.433439 0.421390 0.421390 0.421390
6366.946777 0.000000 1086.442139 0.000000 0.718979 0.000000 -0.695032 0.430273 0.430273 0.430273
6364.480469 0.000000 1111.764038 0.000000 0.872316 0.000000 -0.488942 0.452699 0.452699 0.452699
6396.552246 0.000000 1102.622314 0.000000 0.776193 0.000000 -0.630495 0.498684 0.498684 0.498684
6403.196289 0.000000 1118.953613 0.000000 0.788335 0.000000 -0.615247 0.453203 0.453203 0.453203
6173.536621 0.000000 1169.700684 0.000000 0.822583 0.000000 -0.568646 0.408124 0.408124 0.408124
6173.993164 0.000000 1144.485352 0.000000 0.743570 0.000000 -0.668658 0.448200 0.448200 0.448200
6171.705566 0.000000 1169.726318 0.000000 0.689854 0.000000 -0.723948 0.461848 0.461848 0.461848
6258.569336 0.000000 1185.661255 0.000000 0.830628 0.000000 -0.556828 0.407726 0.407726 0.407726
6257.605957 0.000000 1182.541382 0.000000 0.824102 0.000000 -0.566441 0.408058 0.408058 0.408058
6242.441895 0.000000 1163.650879 0.000000 0.692337 0.000000 -0.721574 0.411189 0.411189 0.411189
6241.958496 0.000000 1169.916504 0.000000 0.794443 0.000000 -0.607338 0.432602 0.432602 0.432602
6257.665527 0.000000 1158.450073 0.000000 0.853949 0.000000 -0.520357 0.445186 0.445186 0.445186
6258.704590 0.000000 1177.611572 0.000000 0.596642 0.000000 -0.802507 0.447284 0.447284 0.447284
6183.131348 0.000000 1221.151001 0.000000 0.895714 0.000000 -0.444631 0.406189 0.406189 0.406189
6182.737793 0.000000 1224.649780 0.000000 0.679027 0.000000 -0.734113 0.411072 0.411072 0.411072
6164.862305 0.000000 1234.838867 0.000000 0.836677 0.000000 -0.547696 0.408045 0.408045 0.408045
6171.020508 0.000000 1234.380127 0.000000 0.935481 0.000000 -0.353377 0.464242 0.464242 0.464242
6179.246582 0.000000 1232.590332 0.000000 0.762386 0.000000 -0.647122 0.453888 0.453888 0.453888
6167.770020 0.000000 1231.729492 0.000000 0.659552 0.000000 -0.751659 0.570847 0.570847 0.570847
6171.110840 0.000000 1223.781250 0.000000 0.898996 0.000000 -0.437957 0.538778 0.538778 0.538778
6169.920898 0.000000 1223.959595 0.000000 0.931655 0.000000 -0.363344 0.553059 0.553059 0.553059
6166.202637 0.000000 1223.699585 0.000000 0.839746 0.000000 -0.542980 0.607187 0.607187 0.607187
6256.749512 0.000000 1208.779541 0.000000 0.930186 0.000000 -0.367090 0.412284 0.412284 0.412284
6251.705078 0.000000 1213.559570 0.000000 0.680165 0.000000 -0.733059 0.443477 0.443477 0.443477
6251.434082 0.000000 1215.261963 0.000000 0.928499 0.000000 -0.371336 0.446489 0.446489 0.446489
6292.737793 0.000000 1129.690430 0.000000 0.887412 0.000000 -0.460977 0.413773 0.413773 0.413773
6283.119141 0.000000 1183.306641 0.000000 0.740965 0.000000 -0.671543 0.425683 0.425683 0.425683
6282.858887 0.000000 1137.216187 0.000000 0.672222 0.000000 -0.740350 0.449848 0.449848 0.449848
6397.524414 0.000000 1135.200928 0.000000 0.745765 0.000000 -0.666209 0.409393 0.409393 0.409393
6380.186523 0.000000 1177.395752 0.000000 0.935363 0.000000 -0.353688 0.404657 0.404657 0.404657
6395.669434 0.000000 1149.392334 0.000000 0.697343 0.000000 -0.716738 0.410733 0.410733 0.410733
6390.375000 0.000000 1161.237183 0.000000 0.761987 0.000000 -0.647592 0.417023 0.417023 0.417023
6338.931152 0.000000 1161.162231 0.000000 0.950083 0.000000 -0.311998 0.445444 0.445444 0.445444
6398.787598 0.000000 1148.371582 0.000000 0.870476 0.000000 -0.492210 0.493362 0.493362 0.493362
6281.640137 0.000000 1219.398926 0.000000 0.639338 0.000000 -0.768925 0.423648 0.423648 0.423648
6283.910645 0.000000 1213.854858 0.000000 0.843488 0.000000 -0.537148 0.413013 0.413013 0.413013
6274.422852 0.000000 1214.571533 0.000000 0.654318 0.000000 -0.756220 0.429556 0.429556 0.429556
6286.121582 0.000000 1188.190308 0.000000 0.708364 0.000000 -0.705847 0.426389 0.426389 0.426389
6284.623047 0.000000 1209.803467 0.000000 0.873518 0.000000 -0.486792 0.456712 0.456712 0.456712
6342.215332 0.000000 1202.325195 0.000000 0.717568 0.000000 -0.696489 0.444703 0.444703 0.444703
6383.569336 0.000000 1186.275024 0.000000 0.822824 0.000000 -0.568296 0.444079 0.444079 0.444079
6392.123047 0.000000 1189.515381 0.000000 0.887090 0.000000 -0.461596 0.444087 0.444087 0.444087
6375.815430 0.000000 1195.725586 0.000000 0.616658 0.000000 -0.787231 0.453109 0.453109 0.453109
6407.650879 0.000000 1147.174927 0.000000 0.935374 0.000000 -0.353659 0.404693 0.404693 0.404693
6403.273438 0.000000 1154.520752 0.000000 0.874042 0.000000 -0.485850 0.503381 0.503381 0.503381
6404.866211 0.000000 1153.645996 0.000000 0.627409 0.000000 -0.778690 0.494474 0.494474 0.494474
6401.904785 0.000000 1147.524170 0.000000 0.891403 0.000000 -0.453211 0.531042 0.531042 0.531042
6400.212402 0.000000 1153.327637 0.000000 0.757364 0.000000 -0.652993 0.536402 0.536402 0.536402
6402.538086 0.000000 1153.505493 0.000000 0.643969 0.000000 -0.765052 0.548313 0.548313 0.548313
5111.370605 0.000000 2575.452393 0.000000 0.735543 0.000000 -0.677478 0.410332 0.410332 0.410332
4583.874512 0.000000 2871.318359 0.000000 0.910742 0.000000 -0.412976 0.580717 0.580717 0.580717
4773.208008 0.000000 2906.742432 0.000000 0.760186 0.000000 -0.649706 0.492997 0.492997 0.492997
4772.245605 0.000000 2908.333984 0.000000 0.748583 0.000000 -0.663041 0.630143 0.630143 0.630143
4774.395508 0.000000 2908.422852 0.000000 0.784136 0.000000 -0.620589 0.727202 0.727202 0.727202
4990.998535 0.000000 2791.716064 0.000000 0.780531 0.000000 -0.625117 0.420687 0.420687 0.420687
4989.825195 0.000000 2818.400391 0.000000 0.818233 0.000000 -0.574886 0.726758 0.726758 0.726758
4989.468262 0.000000 2816.220947 0.000000 0.836519 0.000000 -0.547938 0.568316 0.568316 0.568316
4988.064453 0.000000 2819.412842 0.000000 0.816953 0.000000 -0.576704 0.726856 0.726856 0.726856
4984.681641 0.000000 2829.480469 0.000000 0.901183 0.000000 -0.433439 0.713910 0.713910 0.713910
4987.895996 0.000000 2825.026855 0.000000 0.798295 0.000000 -0.602266 0.727673 0.727673 0.727673
4986.592285 0.000000 2829.358398 0.000000 0.655986 0.000000 -0.754773 0.733557 0.733557 0.733557
4605.121582 0.000000 3348.803223 0.000000 0.881756 0.000000 -0.471706 0.486819 0.486819 0.486819
4611.693359 0.000000 3347.590576 0.000000 0.899876 0.000000 -0.436147 0.554969 0.554969 0.554969
4612.218262 0.000000 3350.009277 0.000000 0.612245 0.000000 -0.790668 0.547146 0.547146 0.547146
4613.154785 0.000000 3349.225586 0.000000 0.687059 0.000000 -0.726602 0.572023 0.572023 0.572023
4758.552246 0.000000 3356.826416 0.000000 0.881914 0.000000 -0.471411 0.582417 0.582417 0.582417
4864.049316 0.000000 3363.276367 0.000000 0.698457 0.000000 -0.715652 0.511315 0.511315 0.511315
4877.189453 0.000000 3360.618896 0.000000 0.632969 0.000000 -0.774177 0.527719 0.527719 0.527719
4876.303711 0.000000 3361.532471 0.000000 0.771345 0.000000 -0.636417 0.523546 0.523546 0.523546
5421.740723 0.000000 2910.912354 0.000000 0.670296 0.000000 -0.742094 0.472658 0.472658 0.472658
5413.055664 0.000000 2894.146240 0.000000 0.642746 0.000000 -0.766080 0.577683 0.577683 0.577683
5436.154785 0.000000 2920.802979 0.000000 0.808380 0.000000 -0.588660 0.699912 0.699912 0.699912
5437.826172 0.000000 2922.422852 0.000000 0.941163 0.000000 -0.337954 0.530262 0.530262 0.530262
5422.466309 0.000000 2923.082275 0.000000 0.741100 0.000000 -0.671395 0.595055 0.595055 0.595055
7291.804199 0.000000 2519.693848 0.000000 0.689098 0.000000 -0.724669 0.735909 0.735909 0.735909
7295.198730 0.000000 2525.824951 0.000000 0.937945 0.000000 -0.346785 0.715782 0.715782 0.715782
7292.996582 0.000000 2521.686768 0.000000 0.718837 0.000000 -0.695179 0.734254 0.734254 0.734254
7289.070312 0.000000 2532.031250 0.000000 0.789546 0.000000 -0.613691 0.729444 0.729444 0.729444
7292.814941 0.000000 2520.029541 0.000000 0.774679 0.000000 -0.632355 0.730508 0.730508 0.730508
7294.496094 0.000000 2501.806396 0.000000 0.925806 0.000000 -0.377999 0.616171 0.616171 0.616171
7352.531250 0.000000 2540.773438 0.000000 0.903321 0.000000 -0.428966 0.491973 0.491973 0.491973
7308.093750 0.000000 2493.400146 0.000000 0.812241 0.000000 -0.583323 0.723619 0.723619 0.723619
7357.825195 0.000000 2535.978516 0.000000 0.917586 0.000000 -0.397538 0.718219 0.718219 0.718219
7312.399902 0.000000 2490.989990 0.000000 0.905785 0.000000 -0.423737 0.522211 0.522211 0.522211
7297.854492 0.000000 2500.755859 0.000000 0.944102 0.000000 -0.329653 0.714970 0.714970 0.714970
7300.526367 0.000000 2486.383301 0.000000 0.950432 0.000000 -0.310932 0.713178 0.713178 0.713178
7308.818359 0.000000 2490.739014 0.000000 0.663336 0.000000 -0.748321 0.734503 0.734503 0.734503
7351.320801 0.000000 2539.058105 0.000000 0.796214 0.000000 -0.605015 0.726742 0.726742 0.726742
7355.910156 0.000000 2541.421631 0.000000 0.857316 0.000000 -0.514791 0.722444 0.722444 0.722444
7352.844238 0.000000 2536.842773 0.000000 0.668645 0.000000 -0.743582 0.737362 0.737362 0.737362
7296.041016 0.000000 2498.871826 0.000000 0.611419 0.000000 -0.791307 0.740684 0.740684 0.740684
7310.447754 0.000000 2486.295166 0.000000 0.900947 0.000000 -0.433930 0.717806 0.717806 0.717806
7309.643555 0.000000 2495.201172 0.000000 0.948497 0.000000 -0.316786 0.713294 0.713294 0.713294
7306.836426 0.000000 2489.922119 0.000000 0.690232 0.000000 -0.723588 0.603271 0.603271 0.603271
7308.431641 0.000000 2494.945557 0.000000 0.771182 0.000000 -0.636615 0.728462 0.728462 0.728462
7301.291992 0.000000 2529.105469 0.000000 0.770712 0.000000 -0.637183 0.730786 0.730786 0.730786
7343.227539 0.000000 2543.316162 0.000000 0.946805 0.000000 -0.321808 0.509791 0.509791 0.509791
7338.238770 0.000000 2551.635742 0.000000 0.779638 0.000000 -0.626231 0.523265 0.523265 0.523265
7358.648926 0.000000 2546.763428 0.000000 0.879507 0.000000 -0.475886 0.607055 0.607055 0.607055
7340.634766 0.000000 2548.512207 0.000000 0.945821 0.000000 -0.324689 0.602417 0.602417 0.602417
7398.386719 0.000000 2564.145020 0.000000 0.756319 0.000000 -0.654203 0.409756 0.409756 0.409756
7384.755859 0.000000 2561.145996 0.000000 0.650041 0.000000 -0.759899 0.412024 0.412024 0.412024
7392.511719 0.000000 2572.794189 0.000000 0.884046 0.000000 -0.467401 0.696859 0.696859 0.696859
7396.921387 0.000000 2560.288086 0.000000 0.653732 0.000000 -0.756726 0.725070 0.725070 0.725070
7399.576660 0.000000 2560.183350 0.000000 0.791213 0.000000 -0.611541 0.729323 0.729323 0.729323
7369.448242 0.000000 2554.914795 0.000000 0.740221 0.000000 -0.672364 0.686983 0.686983 0.686983
7399.639160 0.000000 2563.206543 0.000000 0.864396 0.000000 -0.502812 0.723478 0.723478 0.723478
7361.134277 0.000000 2558.393311 0.000000 0.932323 0.000000 -0.361626 0.696747 0.696747 0.696747
7390.083984 0.000000 2559.079346 0.000000 0.737737 0.000000 -0.675088 0.733025 0.733025 0.733025
7389.677246 0.000000 2560.386963 0.000000 0.947181 0.000000 -0.320700 0.714263 0.714263 0.714263
7386.176270 0.000000 2560.587158 0.000000 0.676971 0.000000 -0.736010 0.713319 0.713319 0.713319
6161.638672 0.000000 3599.813965 0.000000 0.709368 0.000000 -0.704838 0.623455 0.623455 0.623455
6628.226562 0.000000 3522.183105 0.000000 0.727162 0.000000 -0.686466 0.729883 0.729883 0.729883
7349.852051 0.000000 2878.485107 0.000000 0.920905 0.000000 -0.389787 0.571957 0.571957 0.571957
7351.307129 0.000000 2881.548584 0.000000 0.654395 0.000000 -0.756153 0.535468 0.535468 0.535468
7346.968262 0.000000 2883.105957 0.000000 0.818292 0.000000 -0.574803 0.727289 0.727289 0.727289
"}
object={
	name="pine_sparse_generator_3_4"
	clamp_to_water_level=no
	render_under_water=no
	generated_content=yes
	layer="semidynamic_high"
	pdxmesh="tree_fir_005_mesh"
	count=805
	transform="1462.447144 0.000000 1348.350098 0.000000 0.442084 0.000000 -0.896973 0.441789 0.441789 0.441789
1446.915771 0.000000 1355.088379 0.000000 0.482040 0.000000 -0.876149 0.504143 0.504143 0.504143
1478.827515 0.000000 1355.139526 0.000000 0.506987 0.000000 -0.861954 0.414164 0.414164 0.414164
1537.866943 0.000000 1355.343750 0.000000 0.053585 0.000000 -0.998563 0.467446 0.467446 0.467446
1397.811401 0.000000 1396.924072 0.000000 0.267896 0.000000 -0.963448 0.417326 0.417326 0.417326
1384.666260 0.000000 1401.947510 0.000000 0.549865 0.000000 -0.835254 0.439859 0.439859 0.439859
1386.936646 0.000000 1408.125244 0.000000 0.083468 0.000000 -0.996510 0.529684 0.529684 0.529684
1403.596436 0.000000 1428.635742 0.000000 0.371810 0.000000 -0.928309 0.416635 0.416635 0.416635
1393.127930 0.000000 1413.937256 0.000000 0.547716 0.000000 -0.836664 0.460767 0.460767 0.460767
1389.450073 0.000000 1414.628784 0.000000 0.457951 0.000000 -0.888978 0.470928 0.470928 0.470928
1402.259521 0.000000 1438.241577 0.000000 0.013488 0.000000 -0.999909 0.553007 0.553007 0.553007
1400.776245 0.000000 1438.952515 0.000000 0.075140 0.000000 -0.997173 0.580078 0.580078 0.580078
1403.392212 0.000000 1439.177246 0.000000 0.519023 0.000000 -0.854760 0.541257 0.541257 0.541257
1434.844482 0.000000 1357.342529 0.000000 0.177988 0.000000 -0.984033 0.418278 0.418278 0.418278
1437.269653 0.000000 1357.784424 0.000000 0.505659 0.000000 -0.862733 0.417702 0.417702 0.417702
1441.051514 0.000000 1387.816528 0.000000 0.083294 0.000000 -0.996525 0.441168 0.441168 0.441168
1467.650024 0.000000 1410.578857 0.000000 0.324790 0.000000 -0.945786 0.475562 0.475562 0.475562
1448.332397 0.000000 1393.828003 0.000000 0.503015 0.000000 -0.864278 0.499461 0.499461 0.499461
1448.668823 0.000000 1360.278320 0.000000 0.091711 0.000000 -0.995786 0.507822 0.507822 0.507822
1447.114014 0.000000 1386.079834 0.000000 0.478820 0.000000 -0.877913 0.531690 0.531690 0.531690
1423.300537 0.000000 1398.713135 0.000000 0.103537 0.000000 -0.994626 0.561915 0.561915 0.561915
1464.262695 0.000000 1406.039917 0.000000 0.473878 0.000000 -0.880590 0.555138 0.555138 0.555138
1469.235596 0.000000 1400.406372 0.000000 0.016813 0.000000 -0.999859 0.557317 0.557317 0.557317
1423.254395 0.000000 1401.008911 0.000000 0.470745 0.000000 -0.882269 0.559469 0.559469 0.559469
1486.716187 0.000000 1365.358643 0.000000 0.004449 0.000000 -0.999990 0.420334 0.420334 0.420334
1477.003174 0.000000 1391.753052 0.000000 0.339907 0.000000 -0.940459 0.415951 0.415951 0.415951
1472.390503 0.000000 1399.175171 0.000000 0.250237 0.000000 -0.968185 0.417438 0.417438 0.417438
1507.651001 0.000000 1378.567383 0.000000 0.122191 0.000000 -0.992507 0.419308 0.419308 0.419308
1483.269287 0.000000 1364.955078 0.000000 0.203715 0.000000 -0.979030 0.418206 0.418206 0.418206
1482.748779 0.000000 1397.817871 0.000000 0.342998 0.000000 -0.939336 0.416396 0.416396 0.416396
1498.002319 0.000000 1369.660400 0.000000 0.574057 0.000000 -0.818816 0.414474 0.414474 0.414474
1481.640015 0.000000 1388.852051 0.000000 0.069336 0.000000 -0.997593 0.432803 0.432803 0.432803
1495.825562 0.000000 1409.545410 0.000000 0.194032 0.000000 -0.980995 0.435213 0.435213 0.435213
1503.429199 0.000000 1379.553101 0.000000 0.216936 0.000000 -0.976186 0.445503 0.445503 0.445503
1491.108398 0.000000 1365.602173 0.000000 0.154768 0.000000 -0.987951 0.442212 0.442212 0.442212
1513.461914 0.000000 1411.224609 0.000000 0.159522 0.000000 -0.987194 0.452824 0.452824 0.452824
1530.963013 0.000000 1373.763672 0.000000 0.312549 0.000000 -0.949901 0.460919 0.460919 0.460919
1487.572021 0.000000 1387.224854 0.000000 0.531196 0.000000 -0.847249 0.456914 0.456914 0.456914
1489.633179 0.000000 1404.453857 0.000000 0.235195 0.000000 -0.971948 0.464382 0.464382 0.464382
1533.973755 0.000000 1359.600220 0.000000 0.443805 0.000000 -0.896124 0.464884 0.464884 0.464884
1487.107910 0.000000 1390.819946 0.000000 0.241960 0.000000 -0.970286 0.504892 0.504892 0.504892
1513.666016 0.000000 1402.758179 0.000000 0.260732 0.000000 -0.965411 0.556104 0.556104 0.556104
1424.913574 0.000000 1444.679443 0.000000 0.293191 0.000000 -0.956054 0.416783 0.416783 0.416783
1408.110718 0.000000 1422.473877 0.000000 0.511538 0.000000 -0.859261 0.413628 0.413628 0.413628
1419.443359 0.000000 1442.096436 0.000000 0.317411 0.000000 -0.948288 0.416884 0.416884 0.416884
1433.163940 0.000000 1467.968750 0.000000 0.569812 0.000000 -0.821775 0.413196 0.413196 0.413196
1408.974365 0.000000 1424.817139 0.000000 0.253220 0.000000 -0.967409 0.418250 0.418250 0.418250
1427.150757 0.000000 1445.870972 0.000000 0.478942 0.000000 -0.877847 0.414764 0.414764 0.414764
1465.682983 0.000000 1414.265137 0.000000 0.386906 0.000000 -0.922119 0.423789 0.423789 0.423789
1448.581299 0.000000 1442.373779 0.000000 0.110918 0.000000 -0.993830 0.436468 0.436468 0.436468
1431.825562 0.000000 1466.029785 0.000000 0.506651 0.000000 -0.862151 0.430204 0.430204 0.430204
1431.342529 0.000000 1427.620117 0.000000 0.321233 0.000000 -0.947000 0.433249 0.433249 0.433249
1424.326904 0.000000 1434.776367 0.000000 0.224176 0.000000 -0.974549 0.434754 0.434754 0.434754
1413.887573 0.000000 1442.937988 0.000000 0.052065 0.000000 -0.998644 0.437348 0.437348 0.437348
1462.278564 0.000000 1412.141235 0.000000 0.093131 0.000000 -0.995654 0.456036 0.456036 0.456036
1444.999878 0.000000 1446.790894 0.000000 0.220072 0.000000 -0.975484 0.462506 0.462506 0.462506
1433.412720 0.000000 1452.220825 0.000000 0.500017 0.000000 -0.866016 0.480597 0.480597 0.480597
1431.097900 0.000000 1431.123779 0.000000 0.183155 0.000000 -0.983084 0.482409 0.482409 0.482409
1431.844482 0.000000 1459.630005 0.000000 0.381405 0.000000 -0.924408 0.472389 0.472389 0.472389
1423.857666 0.000000 1467.399658 0.000000 0.557840 0.000000 -0.829948 0.491932 0.491932 0.491932
1430.003174 0.000000 1441.325684 0.000000 0.233902 0.000000 -0.972260 0.537308 0.537308 0.537308
1435.789185 0.000000 1442.530396 0.000000 0.445557 0.000000 -0.895254 0.740920 0.740920 0.740920
1437.522949 0.000000 1439.913208 0.000000 0.314376 0.000000 -0.949299 0.602252 0.602252 0.602252
1436.152344 0.000000 1436.034302 0.000000 0.530609 0.000000 -0.847617 0.587512 0.587512 0.587512
1437.017578 0.000000 1443.729126 0.000000 0.512253 0.000000 -0.858835 0.725095 0.725095 0.725095
1436.632935 0.000000 1445.585815 0.000000 0.541911 0.000000 -0.840436 0.738984 0.738984 0.738984
1510.270874 0.000000 1413.516357 0.000000 0.073942 0.000000 -0.997263 0.419282 0.419282 0.419282
1481.437988 0.000000 1412.927002 0.000000 0.304125 0.000000 -0.952632 0.416443 0.416443 0.416443
1535.097656 0.000000 1451.498535 0.000000 0.056430 0.000000 -0.998407 0.419735 0.419735 0.419735
1472.522339 0.000000 1427.811401 0.000000 0.354938 0.000000 -0.934890 0.415923 0.415923 0.415923
1520.763550 0.000000 1451.915771 0.000000 0.200372 0.000000 -0.979720 0.418320 0.418320 0.418320
1483.443359 0.000000 1442.096436 0.000000 0.454919 0.000000 -0.890533 0.414974 0.414974 0.414974
1534.888184 0.000000 1448.734375 0.000000 0.139486 0.000000 -0.990224 0.419719 0.419719 0.419719
1474.854492 0.000000 1459.656372 0.000000 0.527837 0.000000 -0.849346 0.414085 0.414085 0.414085
1501.269653 0.000000 1414.268799 0.000000 0.384069 0.000000 -0.923305 0.416273 0.416273 0.416273
1500.442627 0.000000 1412.126831 0.000000 0.036911 0.000000 -0.999319 0.437574 0.437574 0.437574
1480.383423 0.000000 1433.973145 0.000000 0.374748 0.000000 -0.927127 0.423979 0.423979 0.423979
1489.373657 0.000000 1412.215820 0.000000 0.224811 0.000000 -0.974402 0.436869 0.436869 0.436869
1482.859009 0.000000 1419.638062 0.000000 0.309288 0.000000 -0.950969 0.456732 0.456732 0.456732
1477.526245 0.000000 1453.175293 0.000000 0.303761 0.000000 -0.952748 0.465319 0.465319 0.465319
1530.963013 0.000000 1430.248047 0.000000 0.451379 0.000000 -0.892332 0.471056 0.471056 0.471056
1529.763306 0.000000 1433.125000 0.000000 0.386415 0.000000 -0.922325 0.495598 0.495598 0.495598
1531.144043 0.000000 1464.299072 0.000000 0.459691 0.000000 -0.888079 0.479317 0.479317 0.479317
1487.107910 0.000000 1447.304321 0.000000 0.222404 0.000000 -0.974955 0.490264 0.490264 0.490264
1479.860718 0.000000 1445.449585 0.000000 0.541133 0.000000 -0.840937 0.490210 0.490210 0.490210
1488.744019 0.000000 1421.704102 0.000000 0.257180 0.000000 -0.966364 0.523896 0.523896 0.523896
1523.251587 0.000000 1461.273438 0.000000 0.292124 0.000000 -0.956380 0.622380 0.622380 0.622380
1523.676392 0.000000 1463.421875 0.000000 0.134104 0.000000 -0.990967 0.637843 0.637843 0.637843
1511.327881 0.000000 1445.954346 0.000000 0.412012 0.000000 -0.911179 0.563128 0.563128 0.563128
1399.307251 0.000000 1469.439209 0.000000 0.289537 0.000000 -0.957167 0.548970 0.548970 0.548970
1399.370483 0.000000 1558.733521 0.000000 0.506491 0.000000 -0.862246 0.415604 0.415604 0.415604
1402.732300 0.000000 1578.751099 0.000000 0.358926 0.000000 -0.933366 0.470690 0.470690 0.470690
1414.656738 0.000000 1517.411499 0.000000 0.531524 0.000000 -0.847043 0.413773 0.413773 0.413773
1442.794434 0.000000 1506.853271 0.000000 0.030840 0.000000 -0.999524 0.429075 0.429075 0.429075
1417.640015 0.000000 1501.820801 0.000000 0.301206 0.000000 -0.953559 0.427220 0.427220 0.427220
1445.505493 0.000000 1524.281372 0.000000 0.355071 0.000000 -0.934839 0.428497 0.428497 0.428497
1420.076904 0.000000 1503.904175 0.000000 0.058414 0.000000 -0.998292 0.428676 0.428676 0.428676
1409.729858 0.000000 1501.186035 0.000000 0.433857 0.000000 -0.900982 0.431434 0.431434 0.431434
1420.277832 0.000000 1523.849976 0.000000 0.282642 0.000000 -0.959225 0.427502 0.427502 0.427502
1435.270386 0.000000 1520.339966 0.000000 0.294728 0.000000 -0.955581 0.440016 0.440016 0.440016
1436.806519 0.000000 1518.956787 0.000000 0.206213 0.000000 -0.978507 0.452069 0.452069 0.452069
1448.504761 0.000000 1511.987427 0.000000 0.366356 0.000000 -0.930475 0.466319 0.466319 0.466319
1443.246582 0.000000 1515.012207 0.000000 0.583136 0.000000 -0.812375 0.487172 0.487172 0.487172
1431.770020 0.000000 1514.151367 0.000000 0.503677 0.000000 -0.863892 0.637359 0.637359 0.637359
1427.485352 0.000000 1517.563232 0.000000 0.222262 0.000000 -0.974987 0.672568 0.672568 0.672568
1434.048218 0.000000 1515.120728 0.000000 0.260914 0.000000 -0.965362 0.669130 0.669130 0.669130
1432.109253 0.000000 1511.557007 0.000000 0.537854 0.000000 -0.843038 0.566116 0.566116 0.566116
1426.831909 0.000000 1512.771484 0.000000 0.252262 0.000000 -0.967659 0.627880 0.627880 0.627880
1427.231201 0.000000 1513.915527 0.000000 0.111911 0.000000 -0.993718 0.631865 0.631865 0.631865
1423.009277 0.000000 1517.081909 0.000000 0.131008 0.000000 -0.991381 0.626929 0.626929 0.626929
1426.010010 0.000000 1516.426025 0.000000 0.459640 0.000000 -0.888105 0.664630 0.664630 0.664630
1428.768066 0.000000 1513.533569 0.000000 0.137333 0.000000 -0.990525 0.670848 0.670848 0.670848
1435.925659 0.000000 1513.797729 0.000000 0.362584 0.000000 -0.931951 0.631127 0.631127 0.631127
1430.763916 0.000000 1514.005371 0.000000 0.533869 0.000000 -0.845567 0.636326 0.636326 0.636326
1530.165039 0.000000 1491.144409 0.000000 0.580458 0.000000 -0.814290 0.412448 0.412448 0.412448
1530.875244 0.000000 1468.748291 0.000000 0.172298 0.000000 -0.985045 0.418423 0.418423 0.418423
1516.817139 0.000000 1478.119751 0.000000 0.457096 0.000000 -0.889418 0.414667 0.414667 0.414667
1485.243652 0.000000 1475.834839 0.000000 0.425903 0.000000 -0.904769 0.415528 0.415528 0.415528
1527.542480 0.000000 1491.723511 0.000000 0.090184 0.000000 -0.995925 0.420550 0.420550 0.420550
1534.188843 0.000000 1483.668335 0.000000 0.231710 0.000000 -0.972785 0.418625 0.418625 0.418625
1528.956177 0.000000 1494.009521 0.000000 0.010212 0.000000 -0.999948 0.425077 0.425077 0.425077
1506.304321 0.000000 1484.693604 0.000000 0.297200 0.000000 -0.954815 0.427281 0.427281 0.427281
1493.078003 0.000000 1470.721436 0.000000 0.451520 0.000000 -0.892261 0.435332 0.435332 0.435332
1491.108398 0.000000 1478.570923 0.000000 0.107154 0.000000 -0.994242 0.436524 0.436524 0.436524
1499.430664 0.000000 1480.621460 0.000000 0.211573 0.000000 -0.977362 0.466922 0.466922 0.466922
1483.004761 0.000000 1494.413696 0.000000 0.406322 0.000000 -0.913730 0.469808 0.469808 0.469808
1473.866943 0.000000 1524.796875 0.000000 0.579421 0.000000 -0.815028 0.458038 0.458038 0.458038
1523.333496 0.000000 1513.001465 0.000000 0.121489 0.000000 -0.992593 0.483515 0.483515 0.483515
1433.550537 0.000000 1536.679565 0.000000 0.496234 0.000000 -0.868189 0.413756 0.413756 0.413756
1468.365845 0.000000 1527.805786 0.000000 0.570629 0.000000 -0.821208 0.413086 0.413086 0.413086
1460.503296 0.000000 1579.495728 0.000000 0.237944 0.000000 -0.971279 0.421814 0.421814 0.421814
1467.743408 0.000000 1575.805664 0.000000 0.434646 0.000000 -0.900601 0.415674 0.415674 0.415674
1431.550293 0.000000 1566.867065 0.000000 0.101956 0.000000 -0.994789 0.432323 0.432323 0.432323
1440.249146 0.000000 1553.453857 0.000000 0.481746 0.000000 -0.876311 0.430631 0.430631 0.430631
1422.121460 0.000000 1527.096558 0.000000 0.206877 0.000000 -0.978367 0.437146 0.437146 0.437146
1423.300537 0.000000 1568.166260 0.000000 0.466464 0.000000 -0.884540 0.544713 0.544713 0.544713
1422.338867 0.000000 1566.899292 0.000000 0.042498 0.000000 -0.999097 0.561121 0.561121 0.561121
1419.726318 0.000000 1567.957153 0.000000 0.321717 0.000000 -0.946836 0.595570 0.595570 0.595570
1416.068481 0.000000 1568.647949 0.000000 0.024540 0.000000 -0.999699 0.616589 0.616589 0.616589
1472.205078 0.000000 1547.496826 0.000000 0.518467 0.000000 -0.855098 0.413726 0.413726 0.413726
1478.297607 0.000000 1526.426270 0.000000 0.503841 0.000000 -0.863796 0.414370 0.414370 0.414370
1518.326538 0.000000 1536.196167 0.000000 0.151222 0.000000 -0.988500 0.442267 0.442267 0.442267
1472.060181 0.000000 1533.326294 0.000000 0.022323 0.000000 -0.999751 0.431345 0.431345 0.431345
1474.702148 0.000000 1530.240845 0.000000 0.330808 0.000000 -0.943698 0.475451 0.475451 0.475451
1504.219360 0.000000 1571.233765 0.000000 0.144411 0.000000 -0.989518 0.483105 0.483105 0.483105
1519.482178 0.000000 1572.636230 0.000000 0.481822 0.000000 -0.876269 0.499929 0.499929 0.499929
1516.225342 0.000000 1571.312500 0.000000 0.537664 0.000000 -0.843159 0.530231 0.530231 0.530231
1482.621582 0.000000 1552.294312 0.000000 0.409940 0.000000 -0.912112 0.507834 0.507834 0.507834
1480.040161 0.000000 1550.322021 0.000000 0.454499 0.000000 -0.890747 0.540765 0.540765 0.540765
1483.304077 0.000000 1542.874390 0.000000 0.465191 0.000000 -0.885211 0.615074 0.615074 0.615074
1513.666016 0.000000 1572.211304 0.000000 0.539544 0.000000 -0.841958 0.583004 0.583004 0.583004
1478.992798 0.000000 1545.145142 0.000000 0.320756 0.000000 -0.947162 0.582652 0.582652 0.582652
1513.291626 0.000000 1574.584106 0.000000 0.572649 0.000000 -0.819801 0.554578 0.554578 0.554578
1479.499878 0.000000 1547.800171 0.000000 0.221220 0.000000 -0.975224 0.576523 0.576523 0.576523
1514.775757 0.000000 1569.198364 0.000000 0.067064 0.000000 -0.997749 0.635332 0.635332 0.635332
1380.219849 0.000000 1621.719971 0.000000 0.450041 0.000000 -0.893008 0.414718 0.414718 0.414718
1367.825562 0.000000 1635.482910 0.000000 0.443896 0.000000 -0.896078 0.431267 0.431267 0.431267
1392.587158 0.000000 1632.488525 0.000000 0.393007 0.000000 -0.919536 0.438416 0.438416 0.438416
1376.249146 0.000000 1609.938232 0.000000 0.571437 0.000000 -0.820646 0.429056 0.429056 0.429056
1359.977173 0.000000 1630.629639 0.000000 0.524413 0.000000 -0.851464 0.429895 0.429895 0.429895
1405.973755 0.000000 1585.537720 0.000000 0.570715 0.000000 -0.821148 0.466560 0.466560 0.466560
1397.482910 0.000000 1582.884644 0.000000 0.036258 0.000000 -0.999342 0.500203 0.500203 0.500203
1389.223145 0.000000 1637.648682 0.000000 0.347226 0.000000 -0.937782 0.566916 0.566916 0.566916
1388.171021 0.000000 1636.826416 0.000000 0.491719 0.000000 -0.870754 0.563156 0.563156 0.563156
1401.397339 0.000000 1676.197144 0.000000 0.070552 0.000000 -0.997508 0.420824 0.420824 0.420824
1377.958618 0.000000 1678.275879 0.000000 0.430869 0.000000 -0.902415 0.439881 0.439881 0.439881
1374.427490 0.000000 1676.334106 0.000000 0.345735 0.000000 -0.938332 0.443417 0.443417 0.443417
1374.385010 0.000000 1679.641602 0.000000 0.573429 0.000000 -0.819256 0.470677 0.470677 0.470677
1368.739624 0.000000 1684.778687 0.000000 0.067487 0.000000 -0.997720 0.604431 0.604431 0.604431
1374.679077 0.000000 1692.012207 0.000000 0.291084 0.000000 -0.956698 0.622410 0.622410 0.622410
1374.741699 0.000000 1693.815552 0.000000 0.157716 0.000000 -0.987484 0.626185 0.626185 0.626185
1415.626831 0.000000 1627.912720 0.000000 0.529101 0.000000 -0.848559 0.414166 0.414166 0.414166
1437.193848 0.000000 1607.773682 0.000000 0.069942 0.000000 -0.997551 0.420832 0.420832 0.420832
1427.281494 0.000000 1637.216919 0.000000 0.061630 0.000000 -0.998099 0.430773 0.430773 0.430773
1454.326538 0.000000 1592.680542 0.000000 0.138810 0.000000 -0.990319 0.448876 0.448876 0.448876
1410.305054 0.000000 1582.912354 0.000000 0.305132 0.000000 -0.952310 0.448321 0.448321 0.448321
1463.776123 0.000000 1609.287476 0.000000 0.536786 0.000000 -0.843718 0.454715 0.454715 0.454715
1457.127930 0.000000 1583.390381 0.000000 0.560173 0.000000 -0.828376 0.464691 0.464691 0.464691
1419.621582 0.000000 1627.486084 0.000000 0.113663 0.000000 -0.993519 0.477194 0.477194 0.477194
1468.241577 0.000000 1592.304932 0.000000 0.216438 0.000000 -0.976296 0.492519 0.492519 0.492519
1468.607178 0.000000 1599.417603 0.000000 0.234292 0.000000 -0.972166 0.505044 0.505044 0.505044
1468.396973 0.000000 1607.850464 0.000000 0.246742 0.000000 -0.969081 0.504797 0.504797 0.504797
1411.273560 0.000000 1606.395752 0.000000 0.111379 0.000000 -0.993778 0.490163 0.490163 0.490163
1464.550049 0.000000 1603.538330 0.000000 0.396797 0.000000 -0.917906 0.501748 0.501748 0.501748
1467.166870 0.000000 1605.255249 0.000000 0.256026 0.000000 -0.966670 0.504613 0.504613 0.504613
1451.721924 0.000000 1632.956177 0.000000 0.377510 0.000000 -0.926005 0.546895 0.546895 0.546895
1435.789185 0.000000 1611.983521 0.000000 0.035894 0.000000 -0.999356 0.541580 0.541580 0.541580
1433.625977 0.000000 1608.584839 0.000000 0.390423 0.000000 -0.920636 0.567960 0.567960 0.567960
1506.996948 0.000000 1637.525879 0.000000 0.058160 0.000000 -0.998307 0.420090 0.420090 0.420090
1483.567871 0.000000 1621.715820 0.000000 0.163918 0.000000 -0.986474 0.435670 0.435670 0.435670
1535.035522 0.000000 1623.170654 0.000000 0.483054 0.000000 -0.875591 0.430608 0.430608 0.430608
1518.914917 0.000000 1590.648315 0.000000 0.085354 0.000000 -0.996351 0.436851 0.436851 0.436851
1481.114258 0.000000 1611.676270 0.000000 0.057101 0.000000 -0.998368 0.439419 0.439419 0.439419
1497.637573 0.000000 1618.259888 0.000000 0.462773 0.000000 -0.886477 0.430952 0.430952 0.430952
1518.326538 0.000000 1592.680542 0.000000 0.580832 0.000000 -0.814023 0.428885 0.428885 0.428885
1524.752563 0.000000 1627.959839 0.000000 0.159408 0.000000 -0.987213 0.435738 0.435738 0.435738
1478.226929 0.000000 1626.137451 0.000000 0.180452 0.000000 -0.983584 0.435419 0.435419 0.435419
1487.288574 0.000000 1596.100464 0.000000 0.314983 0.000000 -0.949097 0.433347 0.433347 0.433347
1506.022705 0.000000 1603.598267 0.000000 0.495990 0.000000 -0.868328 0.468080 0.468080 0.468080
1508.465698 0.000000 1583.348389 0.000000 0.028543 0.000000 -0.999593 0.465704 0.465704 0.465704
1509.460205 0.000000 1612.897705 0.000000 0.171270 0.000000 -0.985224 0.480477 0.480477 0.480477
1516.179810 0.000000 1584.985474 0.000000 0.201710 0.000000 -0.979445 0.520752 0.520752 0.520752
1476.396240 0.000000 1608.148315 0.000000 0.135884 0.000000 -0.990725 0.517774 0.517774 0.517774
1519.227539 0.000000 1583.081787 0.000000 0.161736 0.000000 -0.986834 0.538879 0.538879 0.538879
1473.273926 0.000000 1609.082275 0.000000 0.411590 0.000000 -0.911369 0.516288 0.516288 0.516288
1473.633667 0.000000 1607.293091 0.000000 0.501947 0.000000 -0.864898 0.510019 0.510019 0.510019
1475.718384 0.000000 1610.356445 0.000000 0.153902 0.000000 -0.988086 0.575991 0.575991 0.575991
1465.786499 0.000000 1642.571655 0.000000 0.315055 0.000000 -0.949073 0.416606 0.416606 0.416606
1432.763672 0.000000 1668.778076 0.000000 0.053497 0.000000 -0.998568 0.420379 0.420379 0.420379
1460.612793 0.000000 1653.758911 0.000000 0.275918 0.000000 -0.961181 0.417408 0.417408 0.417408
1444.100952 0.000000 1685.908203 0.000000 0.115657 0.000000 -0.993289 0.419832 0.419832 0.419832
1455.560791 0.000000 1680.810547 0.000000 0.006128 0.000000 -0.999981 0.421875 0.421875 0.421875
1443.097656 0.000000 1680.146973 0.000000 0.124218 0.000000 -0.992255 0.425589 0.425589 0.425589
1419.945557 0.000000 1660.115356 0.000000 0.318462 0.000000 -0.947936 0.433293 0.433293 0.433293
1422.008911 0.000000 1657.791992 0.000000 0.427507 0.000000 -0.904012 0.431539 0.431539 0.431539
1427.108398 0.000000 1648.024048 0.000000 0.448995 0.000000 -0.893534 0.431182 0.431182 0.431182
1456.863892 0.000000 1682.522827 0.000000 0.485522 0.000000 -0.874224 0.443121 0.443121 0.443121
1464.393677 0.000000 1683.173584 0.000000 0.331458 0.000000 -0.943470 0.452116 0.452116 0.452116
1410.200317 0.000000 1654.666138 0.000000 0.522381 0.000000 -0.852712 0.440364 0.440364 0.440364
1438.270752 0.000000 1647.323608 0.000000 0.567639 0.000000 -0.823277 0.445772 0.445772 0.445772
1438.635132 0.000000 1682.610107 0.000000 0.226385 0.000000 -0.974038 0.488048 0.488048 0.488048
1435.648804 0.000000 1645.480347 0.000000 0.439432 0.000000 -0.898276 0.515667 0.515667 0.515667
1482.748779 0.000000 1680.239746 0.000000 0.531488 0.000000 -0.847066 0.413673 0.413673 0.413673
1507.024292 0.000000 1658.619019 0.000000 0.323302 0.000000 -0.946296 0.422661 0.422661 0.422661
1500.903564 0.000000 1644.668213 0.000000 0.183873 0.000000 -0.982950 0.435368 0.435368 0.435368
1491.258667 0.000000 1676.940430 0.000000 0.470034 0.000000 -0.882649 0.428737 0.428737 0.428737
1478.226929 0.000000 1682.621826 0.000000 0.310281 0.000000 -0.950645 0.437651 0.437651 0.437651
1511.709595 0.000000 1638.049194 0.000000 0.484508 0.000000 -0.874787 0.447328 0.447328 0.447328
1507.859863 0.000000 1643.729248 0.000000 0.056504 0.000000 -0.998402 0.460932 0.460932 0.460932
1526.014893 0.000000 1643.567017 0.000000 0.513426 0.000000 -0.858134 0.507647 0.507647 0.507647
1532.446655 0.000000 1642.304810 0.000000 0.165388 0.000000 -0.986229 0.502086 0.502086 0.502086
1528.234741 0.000000 1639.789795 0.000000 0.025474 0.000000 -0.999676 0.535248 0.535248 0.535248
1512.668823 0.000000 1642.700195 0.000000 0.286524 0.000000 -0.958073 0.501867 0.501867 0.501867
1529.597534 0.000000 1638.763672 0.000000 0.178664 0.000000 -0.983910 0.532025 0.532025 0.532025
1371.974365 0.000000 1726.260742 0.000000 0.463859 0.000000 -0.885909 0.414130 0.414130 0.414130
1366.596802 0.000000 1715.062378 0.000000 0.366625 0.000000 -0.930369 0.415758 0.415758 0.415758
1403.596436 0.000000 1711.057617 0.000000 0.500827 0.000000 -0.865547 0.421953 0.421953 0.421953
1390.914917 0.000000 1703.617065 0.000000 0.445830 0.000000 -0.895118 0.433332 0.433332 0.433332
1389.664185 0.000000 1701.526855 0.000000 0.329567 0.000000 -0.944132 0.433118 0.433118 0.433118
1394.636963 0.000000 1704.985596 0.000000 0.326697 0.000000 -0.945129 0.441616 0.441616 0.441616
1404.956909 0.000000 1719.297119 0.000000 0.490834 0.000000 -0.871253 0.499731 0.499731 0.499731
1548.652466 0.000000 1437.536255 0.000000 0.321357 0.000000 -0.946958 0.416580 0.416580 0.416580
1569.615479 0.000000 1466.205078 0.000000 0.373712 0.000000 -0.927545 0.421892 0.421892 0.421892
1560.466675 0.000000 1438.633423 0.000000 0.209461 0.000000 -0.977817 0.430726 0.430726 0.430726
1539.661377 0.000000 1433.182983 0.000000 0.532351 0.000000 -0.846524 0.429755 0.429755 0.429755
1557.939941 0.000000 1437.442749 0.000000 0.133951 0.000000 -0.990988 0.436122 0.436122 0.436122
1537.798950 0.000000 1462.048462 0.000000 0.138184 0.000000 -0.990407 0.436058 0.436058 0.436058
1567.589478 0.000000 1442.154419 0.000000 0.441854 0.000000 -0.897087 0.471240 0.471240 0.471240
1563.568481 0.000000 1445.516724 0.000000 0.502602 0.000000 -0.864518 0.457467 0.457467 0.457467
1563.789307 0.000000 1447.289062 0.000000 0.487565 0.000000 -0.873087 0.461948 0.461948 0.461948
1592.254761 0.000000 1459.491699 0.000000 0.555377 0.000000 -0.831598 0.475241 0.475241 0.475241
1590.766602 0.000000 1456.709961 0.000000 0.223613 0.000000 -0.974678 0.460313 0.460313 0.460313
1576.255371 0.000000 1456.996094 0.000000 0.434780 0.000000 -0.900537 0.511533 0.511533 0.511533
1587.251587 0.000000 1461.273438 0.000000 0.030154 0.000000 -0.999545 0.567981 0.567981 0.567981
1571.772095 0.000000 1446.266235 0.000000 0.442606 0.000000 -0.896716 0.509242 0.509242 0.509242
1587.604858 0.000000 1459.068726 0.000000 0.085047 0.000000 -0.996377 0.579839 0.579839 0.579839
1586.104370 0.000000 1456.822998 0.000000 0.339119 0.000000 -0.940744 0.560677 0.560677 0.560677
1593.562134 0.000000 1460.403198 0.000000 0.283590 0.000000 -0.958946 0.538358 0.538358 0.538358
1574.659058 0.000000 1453.607544 0.000000 0.442666 0.000000 -0.896687 0.628641 0.628641 0.628641
1585.885254 0.000000 1459.130127 0.000000 0.382469 0.000000 -0.923968 0.566023 0.566023 0.566023
1580.969604 0.000000 1455.928223 0.000000 0.156169 0.000000 -0.987730 0.617456 0.617456 0.617456
1574.864258 0.000000 1449.486938 0.000000 0.200176 0.000000 -0.979760 0.590087 0.590087 0.590087
1577.787598 0.000000 1451.899658 0.000000 0.384310 0.000000 -0.923204 0.652072 0.652072 0.652072
1558.596802 0.000000 1489.124878 0.000000 0.008405 0.000000 -0.999965 0.420595 0.420595 0.420595
1567.885010 0.000000 1487.783813 0.000000 0.514903 0.000000 -0.857248 0.415466 0.415466 0.415466
1583.774780 0.000000 1487.782349 0.000000 0.191036 0.000000 -0.981583 0.428874 0.428874 0.428874
1570.304321 0.000000 1484.693604 0.000000 0.575492 0.000000 -0.817807 0.428982 0.428982 0.428982
1545.114258 0.000000 1498.707520 0.000000 0.128487 0.000000 -0.991711 0.436204 0.436204 0.436204
1541.887573 0.000000 1499.422363 0.000000 0.044034 0.000000 -0.999030 0.433174 0.433174 0.433174
1539.196289 0.000000 1514.344238 0.000000 0.585160 0.000000 -0.810918 0.449593 0.449593 0.449593
1538.320068 0.000000 1505.640991 0.000000 0.288438 0.000000 -0.957498 0.553298 0.553298 0.553298
1585.495239 0.000000 1525.178223 0.000000 0.311482 0.000000 -0.950252 0.417219 0.417219 0.417219
1576.628784 0.000000 1531.218384 0.000000 0.339196 0.000000 -0.940716 0.424528 0.424528 0.424528
1570.304321 0.000000 1541.177979 0.000000 0.443058 0.000000 -0.896493 0.416618 0.416618 0.416618
1565.062500 0.000000 1542.754395 0.000000 0.586820 0.000000 -0.809717 0.435005 0.435005 0.435005
1563.994141 0.000000 1550.111328 0.000000 0.567142 0.000000 -0.823620 0.464547 0.464547 0.464547
1558.136108 0.000000 1558.656738 0.000000 0.500570 0.000000 -0.865696 0.503728 0.503728 0.503728
1558.808716 0.000000 1568.097046 0.000000 0.526783 0.000000 -0.850000 0.528397 0.528397 0.528397
1554.752686 0.000000 1571.432251 0.000000 0.318141 0.000000 -0.948043 0.587033 0.587033 0.587033
1555.856934 0.000000 1562.818115 0.000000 0.503554 0.000000 -0.863964 0.560714 0.560714 0.560714
1558.587158 0.000000 1557.031616 0.000000 0.007882 0.000000 -0.999969 0.568496 0.568496 0.568496
1552.442261 0.000000 1565.885742 0.000000 0.215941 0.000000 -0.976407 0.668374 0.668374 0.668374
1554.831909 0.000000 1569.255859 0.000000 0.481251 0.000000 -0.876583 0.661714 0.661714 0.661714
1554.524292 0.000000 1566.996338 0.000000 0.417072 0.000000 -0.908873 0.631599 0.631599 0.631599
1550.657104 0.000000 1565.931152 0.000000 0.041509 0.000000 -0.999138 0.636050 0.636050 0.636050
1538.892212 0.000000 1619.763794 0.000000 0.123458 0.000000 -0.992350 0.419725 0.419725 0.419725
1552.405029 0.000000 1619.117554 0.000000 0.365976 0.000000 -0.930624 0.416603 0.416603 0.416603
1551.150513 0.000000 1635.173462 0.000000 0.244349 0.000000 -0.969687 0.434444 0.434444 0.434444
1542.203369 0.000000 1618.857788 0.000000 0.394313 0.000000 -0.918976 0.472147 0.472147 0.472147
1548.418213 0.000000 1630.638428 0.000000 0.180898 0.000000 -0.983502 0.486743 0.486743 0.486743
636.195007 0.000000 2633.870361 0.000000 0.101075 0.000000 -0.994879 0.443040 0.443040 0.443040
602.051819 0.000000 2687.059814 0.000000 0.454948 0.000000 -0.890518 0.439468 0.439468 0.439468
635.533813 0.000000 2660.340332 0.000000 0.375324 0.000000 -0.926894 0.436601 0.436601 0.436601
632.531372 0.000000 2710.226562 0.000000 0.122022 0.000000 -0.992527 0.505076 0.505076 0.505076
635.031128 0.000000 2700.504395 0.000000 0.313838 0.000000 -0.949477 0.574210 0.574210 0.574210
629.717285 0.000000 2700.248047 0.000000 0.474875 0.000000 -0.880053 0.661940 0.661940 0.661940
627.604858 0.000000 2701.725098 0.000000 0.277730 0.000000 -0.960659 0.690490 0.690490 0.690490
626.142029 0.000000 2703.677979 0.000000 0.306964 0.000000 -0.951721 0.658911 0.658911 0.658911
631.960815 0.000000 2700.922363 0.000000 0.120881 0.000000 -0.992667 0.611825 0.611825 0.611825
627.887878 0.000000 2704.956543 0.000000 0.319384 0.000000 -0.947625 0.597793 0.597793 0.597793
639.464722 0.000000 2701.086670 0.000000 0.559921 0.000000 -0.828546 0.641800 0.641800 0.641800
692.449829 0.000000 2631.041748 0.000000 0.458545 0.000000 -0.888671 0.414044 0.414044 0.414044
661.636475 0.000000 2652.783447 0.000000 0.473323 0.000000 -0.880889 0.414153 0.414153 0.414153
691.006592 0.000000 2606.726318 0.000000 0.264307 0.000000 -0.964438 0.417570 0.417570 0.417570
652.800354 0.000000 2608.843994 0.000000 0.169952 0.000000 -0.985452 0.456932 0.456932 0.456932
655.876343 0.000000 2606.729492 0.000000 0.070529 0.000000 -0.997510 0.480103 0.480103 0.480103
689.522766 0.000000 2652.953125 0.000000 0.453073 0.000000 -0.891473 0.460502 0.460502 0.460502
640.129395 0.000000 2630.325928 0.000000 0.225955 0.000000 -0.974138 0.473082 0.473082 0.473082
677.460266 0.000000 2629.616455 0.000000 0.415857 0.000000 -0.909430 0.475962 0.475962 0.475962
640.022522 0.000000 2633.988037 0.000000 0.182348 0.000000 -0.983234 0.555758 0.555758 0.555758
671.819336 0.000000 2631.017090 0.000000 0.387807 0.000000 -0.921741 0.602355 0.602355 0.602355
672.511597 0.000000 2629.278564 0.000000 0.357456 0.000000 -0.933930 0.577392 0.577392 0.577392
677.939209 0.000000 2633.682617 0.000000 0.220827 0.000000 -0.975313 0.696834 0.696834 0.696834
676.230347 0.000000 2630.044189 0.000000 0.092719 0.000000 -0.995692 0.661150 0.661150 0.661150
678.864319 0.000000 2635.658936 0.000000 0.147680 0.000000 -0.989035 0.617687 0.617687 0.617687
673.994629 0.000000 2631.050781 0.000000 0.316181 0.000000 -0.948699 0.649910 0.649910 0.649910
675.633667 0.000000 2631.354980 0.000000 0.223333 0.000000 -0.974742 0.690137 0.690137 0.690137
706.854553 0.000000 2645.828125 0.000000 0.201109 0.000000 -0.979569 0.422349 0.422349 0.422349
705.439514 0.000000 2622.660645 0.000000 0.559528 0.000000 -0.828811 0.427192 0.427192 0.427192
706.422791 0.000000 2626.680908 0.000000 0.549021 0.000000 -0.835809 0.429460 0.429460 0.429460
709.392029 0.000000 2648.020996 0.000000 0.558099 0.000000 -0.829774 0.487737 0.487737 0.487737
718.478760 0.000000 2642.761963 0.000000 0.177785 0.000000 -0.984069 0.501848 0.501848 0.501848
719.857666 0.000000 2653.571533 0.000000 0.249580 0.000000 -0.968354 0.511174 0.511174 0.511174
715.080139 0.000000 2648.088867 0.000000 0.277364 0.000000 -0.960765 0.499910 0.499910 0.499910
718.955566 0.000000 2650.573486 0.000000 0.131534 0.000000 -0.991312 0.585267 0.585267 0.585267
714.106384 0.000000 2646.827881 0.000000 0.341173 0.000000 -0.940000 0.556336 0.556336 0.556336
716.848206 0.000000 2642.184326 0.000000 0.498364 0.000000 -0.866968 0.533326 0.533326 0.533326
719.009338 0.000000 2646.769531 0.000000 0.458112 0.000000 -0.888894 0.585367 0.585367 0.585367
701.061157 0.000000 2655.322021 0.000000 0.404417 0.000000 -0.914575 0.431917 0.431917 0.431917
641.941956 0.000000 2707.393555 0.000000 0.397292 0.000000 -0.917692 0.440449 0.440449 0.440449
690.704468 0.000000 2702.689697 0.000000 0.249859 0.000000 -0.968282 0.453483 0.453483 0.453483
647.773682 0.000000 2655.312500 0.000000 0.315629 0.000000 -0.948883 0.462987 0.462987 0.462987
696.234741 0.000000 2656.508545 0.000000 0.526387 0.000000 -0.850245 0.488436 0.488436 0.488436
698.513306 0.000000 2668.461914 0.000000 0.549698 0.000000 -0.835364 0.500504 0.500504 0.500504
641.707214 0.000000 2703.269531 0.000000 0.582548 0.000000 -0.812796 0.503919 0.503919 0.503919
698.259583 0.000000 2680.897705 0.000000 0.562047 0.000000 -0.827105 0.738892 0.738892 0.738892
676.342896 0.000000 2697.472900 0.000000 0.150643 0.000000 -0.988588 0.547795 0.547795 0.547795
691.522583 0.000000 2671.452148 0.000000 0.181196 0.000000 -0.983447 0.542785 0.542785 0.542785
701.635071 0.000000 2683.387695 0.000000 0.039793 0.000000 -0.999208 0.760869 0.760869 0.760869
685.862366 0.000000 2707.143799 0.000000 0.469544 0.000000 -0.882909 0.559500 0.559500 0.559500
693.597656 0.000000 2680.436768 0.000000 0.061832 0.000000 -0.998087 0.622218 0.622218 0.622218
727.989563 0.000000 2667.795410 0.000000 0.416609 0.000000 -0.909086 0.429618 0.429618 0.429618
705.798950 0.000000 2704.704590 0.000000 0.217310 0.000000 -0.976103 0.434859 0.434859 0.434859
750.877869 0.000000 2708.189209 0.000000 0.457792 0.000000 -0.889060 0.431035 0.431035 0.431035
757.193420 0.000000 2694.100586 0.000000 0.280827 0.000000 -0.959758 0.450845 0.450845 0.450845
749.863098 0.000000 2701.582764 0.000000 0.568041 0.000000 -0.823000 0.449931 0.449931 0.449931
737.555908 0.000000 2681.439941 0.000000 0.177480 0.000000 -0.984124 0.461086 0.461086 0.461086
715.004761 0.000000 2680.585693 0.000000 0.268753 0.000000 -0.963209 0.461676 0.461676 0.461676
729.662781 0.000000 2677.561035 0.000000 0.370040 0.000000 -0.929016 0.481077 0.481077 0.481077
751.751404 0.000000 2692.325684 0.000000 0.307987 0.000000 -0.951391 0.499304 0.499304 0.499304
711.945007 0.000000 2682.703857 0.000000 0.260354 0.000000 -0.965513 0.495965 0.495965 0.495965
749.321228 0.000000 2693.248535 0.000000 0.175848 0.000000 -0.984417 0.525602 0.525602 0.525602
747.522278 0.000000 2696.869385 0.000000 0.068739 0.000000 -0.997635 0.580232 0.580232 0.580232
732.055420 0.000000 2681.290527 0.000000 0.383876 0.000000 -0.923384 0.598166 0.598166 0.598166
731.765930 0.000000 2676.437256 0.000000 0.189963 0.000000 -0.981791 0.585992 0.585992 0.585992
732.152344 0.000000 2678.690430 0.000000 0.447392 0.000000 -0.894338 0.641380 0.641380 0.641380
1769.461914 0.000000 2202.005859 0.000000 0.446505 0.000000 -0.894781 0.437515 0.437515 0.437515
1722.308594 0.000000 2247.490234 0.000000 0.080491 0.000000 -0.996755 0.419718 0.419718 0.419718
1700.176392 0.000000 2246.910156 0.000000 0.208348 0.000000 -0.978055 0.418211 0.418211 0.418211
1688.050781 0.000000 2220.603516 0.000000 0.083642 0.000000 -0.996496 0.456189 0.456189 0.456189
1691.871582 0.000000 2222.958008 0.000000 0.573508 0.000000 -0.819200 0.453990 0.453990 0.453990
1834.133911 0.000000 2207.028076 0.000000 0.110346 0.000000 -0.993893 0.419175 0.419175 0.419175
1832.628784 0.000000 2209.031006 0.000000 0.019883 0.000000 -0.999802 0.422794 0.422794 0.422794
1272.805054 0.000000 2581.311035 0.000000 0.219686 0.000000 -0.975571 0.539777 0.539777 0.539777
1278.371094 0.000000 2573.086426 0.000000 0.546877 0.000000 -0.837213 0.625232 0.625232 0.625232
1277.235596 0.000000 2586.578369 0.000000 0.339065 0.000000 -0.940763 0.747307 0.747307 0.747307
1274.232056 0.000000 2585.200195 0.000000 0.490626 0.000000 -0.871370 0.654943 0.654943 0.654943
1275.585693 0.000000 2578.354736 0.000000 0.394714 0.000000 -0.918804 0.686396 0.686396 0.686396
1274.283813 0.000000 2583.611816 0.000000 0.128140 0.000000 -0.991756 0.702191 0.702191 0.702191
1274.980713 0.000000 2580.234375 0.000000 0.148603 0.000000 -0.988897 0.755527 0.755527 0.755527
1274.127563 0.000000 2679.358154 0.000000 0.540059 0.000000 -0.841627 0.572400 0.572400 0.572400
1264.565063 0.000000 2693.328613 0.000000 0.248018 0.000000 -0.968755 0.740040 0.740040 0.740040
1267.655518 0.000000 2693.958496 0.000000 0.040120 0.000000 -0.999195 0.644960 0.644960 0.644960
1296.417358 0.000000 2587.667969 0.000000 0.500734 0.000000 -0.865601 0.486888 0.486888 0.486888
1295.887817 0.000000 2589.534180 0.000000 0.144826 0.000000 -0.989457 0.752877 0.752877 0.752877
1281.581055 0.000000 2577.040771 0.000000 0.567336 0.000000 -0.823487 0.737368 0.737368 0.737368
1280.655396 0.000000 2574.942139 0.000000 0.479619 0.000000 -0.877477 0.715656 0.715656 0.715656
1300.914795 0.000000 2606.003174 0.000000 0.490853 0.000000 -0.871243 0.527168 0.527168 0.527168
1307.966187 0.000000 2647.550537 0.000000 0.033106 0.000000 -0.999452 0.554762 0.554762 0.554762
1303.642456 0.000000 2605.700195 0.000000 0.407698 0.000000 -0.913117 0.718521 0.718521 0.718521
1302.916016 0.000000 2604.527344 0.000000 0.051483 0.000000 -0.998674 0.731669 0.731669 0.731669
1282.168335 0.000000 2598.300781 0.000000 0.193128 0.000000 -0.981174 0.761339 0.761339 0.761339
1302.253296 0.000000 2600.346924 0.000000 0.265347 0.000000 -0.964153 0.594913 0.594913 0.594913
1323.042480 0.000000 2619.680664 0.000000 0.394112 0.000000 -0.919062 0.751947 0.751947 0.751947
1304.192993 0.000000 2653.300293 0.000000 0.422919 0.000000 -0.906167 0.694045 0.694045 0.694045
1303.498779 0.000000 2608.289551 0.000000 0.041587 0.000000 -0.999135 0.758392 0.758392 0.758392
1302.295044 0.000000 2662.238770 0.000000 0.369053 0.000000 -0.929408 0.438812 0.438812 0.438812
1309.062500 0.000000 2672.441895 0.000000 0.058685 0.000000 -0.998277 0.456590 0.456590 0.456590
1299.108398 0.000000 2664.742676 0.000000 0.143015 0.000000 -0.989721 0.459515 0.459515 0.459515
1318.039062 0.000000 2672.867432 0.000000 0.181604 0.000000 -0.983372 0.454604 0.454604 0.454604
1305.317871 0.000000 2662.025879 0.000000 0.393774 0.000000 -0.919207 0.520934 0.520934 0.520934
1308.559937 0.000000 2684.041992 0.000000 0.039730 0.000000 -0.999210 0.528408 0.528408 0.528408
1284.866455 0.000000 2678.724121 0.000000 0.258396 0.000000 -0.966039 0.523870 0.523870 0.523870
1323.793579 0.000000 2689.421875 0.000000 0.441778 0.000000 -0.897124 0.517733 0.517733 0.517733
1293.189331 0.000000 2682.806396 0.000000 0.358843 0.000000 -0.933398 0.560190 0.560190 0.560190
1327.812744 0.000000 2686.870117 0.000000 0.391287 0.000000 -0.920269 0.523118 0.523118 0.523118
1314.075439 0.000000 2686.026855 0.000000 0.511537 0.000000 -0.859261 0.545679 0.545679 0.545679
1288.591797 0.000000 2681.524658 0.000000 0.365863 0.000000 -0.930669 0.678721 0.678721 0.678721
1310.751343 0.000000 2694.357178 0.000000 0.041721 0.000000 -0.999129 0.693909 0.693909 0.693909
1313.111572 0.000000 2688.285156 0.000000 0.337257 0.000000 -0.941413 0.670991 0.670991 0.670991
1311.716553 0.000000 2696.537842 0.000000 0.415881 0.000000 -0.909419 0.746197 0.746197 0.746197
1301.670776 0.000000 2681.849854 0.000000 0.494046 0.000000 -0.869436 0.624852 0.624852 0.624852
1313.949341 0.000000 2696.371338 0.000000 0.505804 0.000000 -0.862648 0.686594 0.686594 0.686594
1295.969604 0.000000 2672.169678 0.000000 0.483209 0.000000 -0.875505 0.657350 0.657350 0.657350
1320.130127 0.000000 2670.838135 0.000000 0.107147 0.000000 -0.994243 0.577118 0.577118 0.577118
1280.271973 0.000000 2675.720947 0.000000 0.040302 0.000000 -0.999188 0.574328 0.574328 0.574328
1312.504517 0.000000 2698.112793 0.000000 0.045375 0.000000 -0.998970 0.759180 0.759180 0.759180
1312.597290 0.000000 2684.197754 0.000000 0.460202 0.000000 -0.887814 0.617369 0.617369 0.617369
1291.079224 0.000000 2683.121826 0.000000 0.385307 0.000000 -0.922789 0.602426 0.602426 0.602426
1313.302856 0.000000 2682.505859 0.000000 0.458508 0.000000 -0.888690 0.600305 0.600305 0.600305
1311.603760 0.000000 2698.923340 0.000000 0.168963 0.000000 -0.985622 0.757537 0.757537 0.757537
1289.617432 0.000000 2681.445068 0.000000 0.068738 0.000000 -0.997635 0.688569 0.688569 0.688569
1312.601929 0.000000 2701.872314 0.000000 0.361506 0.000000 -0.932370 0.681047 0.681047 0.681047
1398.374756 0.000000 2686.315430 0.000000 0.061159 0.000000 -0.998128 0.441504 0.441504 0.441504
1355.567871 0.000000 2694.918945 0.000000 0.330937 0.000000 -0.943653 0.433096 0.433096 0.433096
1380.267090 0.000000 2679.656250 0.000000 0.558238 0.000000 -0.829681 0.435538 0.435538 0.435538
1370.051758 0.000000 2687.059814 0.000000 0.274387 0.000000 -0.961619 0.450952 0.450952 0.450952
1386.089600 0.000000 2688.378906 0.000000 0.145870 0.000000 -0.989304 0.694936 0.694936 0.694936
1368.987793 0.000000 2686.642090 0.000000 0.127377 0.000000 -0.991854 0.638036 0.638036 0.638036
1367.848022 0.000000 2704.816895 0.000000 0.148503 0.000000 -0.988912 0.608898 0.608898 0.608898
1407.557495 0.000000 2666.563721 0.000000 0.441334 0.000000 -0.897343 0.611520 0.611520 0.611520
1411.459351 0.000000 2691.281982 0.000000 0.393830 0.000000 -0.919183 0.478501 0.478501 0.478501
1443.721069 0.000000 2699.963623 0.000000 0.039535 0.000000 -0.999218 0.561188 0.561188 0.561188
1422.024780 0.000000 2702.078613 0.000000 0.430181 0.000000 -0.902742 0.667820 0.667820 0.667820
1423.009277 0.000000 2703.253906 0.000000 0.105532 0.000000 -0.994416 0.678495 0.678495 0.678495
1649.158813 0.000000 2294.003418 0.000000 0.215005 0.000000 -0.976613 0.418052 0.418052 0.418052
1594.107300 0.000000 2371.059814 0.000000 0.147875 0.000000 -0.989006 0.419247 0.419247 0.419247
1586.714722 0.000000 2366.332275 0.000000 0.269140 0.000000 -0.963101 0.418086 0.418086 0.418086
1598.298462 0.000000 2365.330078 0.000000 0.406432 0.000000 -0.913681 0.429783 0.429783 0.429783
1614.124634 0.000000 2344.868164 0.000000 0.266561 0.000000 -0.963818 0.416824 0.416824 0.416824
1617.653076 0.000000 2324.328857 0.000000 0.113721 0.000000 -0.993513 0.419713 0.419713 0.419713
1616.764038 0.000000 2331.811279 0.000000 0.455765 0.000000 -0.890100 0.414906 0.414906 0.414906
1624.982788 0.000000 2319.733154 0.000000 0.069836 0.000000 -0.997558 0.420309 0.420309 0.420309
1701.084961 0.000000 2274.172607 0.000000 0.215407 0.000000 -0.976524 0.417506 0.417506 0.417506
1726.112061 0.000000 2303.293701 0.000000 0.567990 0.000000 -0.823036 0.412695 0.412695 0.412695
1709.601929 0.000000 2299.300049 0.000000 0.249990 0.000000 -0.968248 0.418297 0.418297 0.418297
1715.473267 0.000000 2299.752930 0.000000 0.080337 0.000000 -0.996768 0.420836 0.420836 0.420836
1698.022705 0.000000 2281.410645 0.000000 0.448946 0.000000 -0.893559 0.468997 0.468997 0.468997
1701.219971 0.000000 2282.954346 0.000000 0.367540 0.000000 -0.930008 0.470531 0.470531 0.470531
1677.467529 0.000000 2331.414551 0.000000 0.089157 0.000000 -0.996018 0.419011 0.419011 0.419011
1673.453857 0.000000 2322.178711 0.000000 0.198645 0.000000 -0.980072 0.417591 0.417591 0.417591
1676.396729 0.000000 2328.367188 0.000000 0.108152 0.000000 -0.994134 0.419570 0.419570 0.419570
1725.258179 0.000000 2327.873779 0.000000 0.336721 0.000000 -0.941604 0.417098 0.417098 0.417098
1789.935669 0.000000 2345.889404 0.000000 0.097023 0.000000 -0.995282 0.419425 0.419425 0.419425
1734.202026 0.000000 2327.372070 0.000000 0.247110 0.000000 -0.968987 0.418008 0.418008 0.418008
1575.590698 0.000000 2375.958984 0.000000 0.578350 0.000000 -0.815789 0.413196 0.413196 0.413196
1835.550903 0.000000 2266.174805 0.000000 0.097185 0.000000 -0.995266 0.419938 0.419938 0.419938
1854.888184 0.000000 2296.000000 0.000000 0.200736 0.000000 -0.979645 0.418998 0.418998 0.418998
1847.370483 0.000000 2293.030518 0.000000 0.393902 0.000000 -0.919152 0.416068 0.416068 0.416068
1874.408936 0.000000 2287.784424 0.000000 0.220390 0.000000 -0.975412 0.417709 0.417709 0.417709
1874.112671 0.000000 2285.566650 0.000000 0.191501 0.000000 -0.981493 0.424614 0.424614 0.424614
1907.339844 0.000000 2294.664307 0.000000 0.182460 0.000000 -0.983213 0.426873 0.426873 0.426873
1909.193481 0.000000 2298.709961 0.000000 0.261758 0.000000 -0.965133 0.446910 0.446910 0.446910
2010.002319 0.000000 2329.894775 0.000000 0.209542 0.000000 -0.977800 0.418738 0.418738 0.418738
1550.452148 0.000000 2597.391602 0.000000 0.434965 0.000000 -0.900447 0.415390 0.415390 0.415390
1538.854492 0.000000 2589.343750 0.000000 0.258449 0.000000 -0.966025 0.418175 0.418175 0.418175
1548.848267 0.000000 2585.699951 0.000000 0.299225 0.000000 -0.954183 0.622175 0.622175 0.622175
1542.215210 0.000000 2585.139893 0.000000 0.468450 0.000000 -0.883490 0.647123 0.647123 0.647123
1547.726318 0.000000 2584.675781 0.000000 0.429417 0.000000 -0.903106 0.715495 0.715495 0.715495
1541.291992 0.000000 2585.589844 0.000000 0.017817 0.000000 -0.999841 0.765406 0.765406 0.765406
1541.837402 0.000000 2589.949951 0.000000 0.014683 0.000000 -0.999892 0.769346 0.769346 0.769346
1578.287964 0.000000 2685.447998 0.000000 0.018233 0.000000 -0.999834 0.485350 0.485350 0.485350
1598.953369 0.000000 2679.923340 0.000000 0.087042 0.000000 -0.996205 0.575412 0.575412 0.575412
632.634888 0.000000 2747.038574 0.000000 0.481741 0.000000 -0.876314 0.413867 0.413867 0.413867
609.860474 0.000000 2719.991211 0.000000 0.050593 0.000000 -0.998719 0.420646 0.420646 0.420646
596.471008 0.000000 2733.075684 0.000000 0.349276 0.000000 -0.937020 0.424373 0.424373 0.424373
601.637573 0.000000 2747.947510 0.000000 0.210932 0.000000 -0.977501 0.434956 0.434956 0.434956
607.343445 0.000000 2754.386719 0.000000 0.137110 0.000000 -0.990556 0.478934 0.478934 0.478934
608.356323 0.000000 2723.616943 0.000000 0.513570 0.000000 -0.858048 0.465634 0.465634 0.465634
616.255310 0.000000 2756.136719 0.000000 0.469332 0.000000 -0.883022 0.500202 0.500202 0.500202
605.555054 0.000000 2719.223145 0.000000 0.486610 0.000000 -0.873620 0.487186 0.487186 0.487186
698.165039 0.000000 2733.800781 0.000000 0.398453 0.000000 -0.917189 0.415188 0.415188 0.415188
698.875183 0.000000 2711.404541 0.000000 0.351161 0.000000 -0.936315 0.416037 0.416037 0.416037
701.449707 0.000000 2720.736084 0.000000 0.300910 0.000000 -0.953652 0.416740 0.416740 0.416740
657.653137 0.000000 2719.719482 0.000000 0.275086 0.000000 -0.961420 0.417419 0.417419 0.417419
658.931519 0.000000 2742.576172 0.000000 0.492923 0.000000 -0.870073 0.417910 0.417910 0.417910
680.581299 0.000000 2741.514404 0.000000 0.152959 0.000000 -0.988233 0.435835 0.435835 0.435835
660.737915 0.000000 2711.252930 0.000000 0.579864 0.000000 -0.814713 0.424749 0.424749 0.424749
668.442566 0.000000 2711.267334 0.000000 0.258859 0.000000 -0.965915 0.429980 0.429980 0.429980
684.435303 0.000000 2747.225098 0.000000 0.480039 0.000000 -0.877247 0.426478 0.426478 0.426478
662.295105 0.000000 2718.723145 0.000000 0.437901 0.000000 -0.899023 0.431367 0.431367 0.431367
663.342529 0.000000 2726.760742 0.000000 0.468784 0.000000 -0.883313 0.437132 0.437132 0.437132
646.226929 0.000000 2755.824951 0.000000 0.311709 0.000000 -0.950178 0.433399 0.433399 0.433399
677.990845 0.000000 2747.887451 0.000000 0.217099 0.000000 -0.976150 0.460422 0.460422 0.460422
654.853088 0.000000 2728.151855 0.000000 0.258973 0.000000 -0.965885 0.451206 0.451206 0.451206
687.569519 0.000000 2711.353271 0.000000 0.064100 0.000000 -0.997944 0.467270 0.467270 0.467270
678.210144 0.000000 2744.750000 0.000000 0.519812 0.000000 -0.854281 0.457135 0.457135 0.457135
701.962402 0.000000 2757.038086 0.000000 0.471918 0.000000 -0.881643 0.485387 0.485387 0.485387
651.164246 0.000000 2747.805176 0.000000 0.346707 0.000000 -0.937973 0.496400 0.496400 0.496400
661.358154 0.000000 2735.142578 0.000000 0.116092 0.000000 -0.993238 0.487921 0.487921 0.487921
667.789185 0.000000 2741.670898 0.000000 0.288441 0.000000 -0.957498 0.521087 0.521087 0.521087
740.050049 0.000000 2747.539551 0.000000 0.420080 0.000000 -0.907487 0.414707 0.414707 0.414707
749.059875 0.000000 2753.641846 0.000000 0.355018 0.000000 -0.934859 0.415681 0.415681 0.415681
738.441833 0.000000 2745.213379 0.000000 0.266614 0.000000 -0.963803 0.417993 0.417993 0.417993
718.936279 0.000000 2757.822021 0.000000 0.587082 0.000000 -0.809528 0.424619 0.424619 0.424619
716.277771 0.000000 2766.506348 0.000000 0.228039 0.000000 -0.973652 0.434695 0.434695 0.434695
731.270386 0.000000 2762.996338 0.000000 0.061624 0.000000 -0.998099 0.465156 0.465156 0.465156
746.718323 0.000000 2757.749023 0.000000 0.381802 0.000000 -0.924244 0.440708 0.440708 0.440708
744.504700 0.000000 2754.643555 0.000000 0.120047 0.000000 -0.992768 0.449172 0.449172 0.449172
734.604736 0.000000 2744.530273 0.000000 0.522480 0.000000 -0.852652 0.454992 0.454992 0.454992
709.821167 0.000000 2728.856201 0.000000 0.221675 0.000000 -0.975121 0.494564 0.494564 0.494564
743.114075 0.000000 2741.704834 0.000000 0.073022 0.000000 -0.997330 0.508183 0.508183 0.508183
729.071655 0.000000 2744.614014 0.000000 0.489627 0.000000 -0.871932 0.522970 0.522970 0.522970
729.687195 0.000000 2740.831055 0.000000 0.372221 0.000000 -0.928144 0.527807 0.527807 0.527807
692.340637 0.000000 2768.070557 0.000000 0.511608 0.000000 -0.859219 0.414143 0.414143 0.414143
700.880859 0.000000 2790.964111 0.000000 0.169572 0.000000 -0.985518 0.419229 0.419229 0.419229
695.305969 0.000000 2789.558105 0.000000 0.251667 0.000000 -0.967814 0.575769 0.575769 0.575769
720.310486 0.000000 2792.529053 0.000000 0.364686 0.000000 -0.931130 0.416024 0.416024 0.416024
719.571045 0.000000 2774.346924 0.000000 0.013919 0.000000 -0.999903 0.422878 0.422878 0.422878
732.903564 0.000000 2774.355713 0.000000 0.072136 0.000000 -0.997395 0.420951 0.420951 0.420951
712.383362 0.000000 2789.598145 0.000000 0.468887 0.000000 -0.883258 0.420389 0.420389 0.420389
730.746094 0.000000 2767.761475 0.000000 0.409946 0.000000 -0.912110 0.471851 0.471851 0.471851
730.265930 0.000000 2772.492432 0.000000 0.277354 0.000000 -0.960768 0.493499 0.493499 0.493499
724.914795 0.000000 2775.456299 0.000000 0.525158 0.000000 -0.851005 0.511584 0.511584 0.511584
729.027344 0.000000 2772.933105 0.000000 0.400956 0.000000 -0.916097 0.578388 0.578388 0.578388
785.893799 0.000000 2781.049072 0.000000 0.196638 0.000000 -0.980476 0.417891 0.417891 0.417891
806.658386 0.000000 2775.955322 0.000000 0.339352 0.000000 -0.940660 0.417059 0.417059 0.417059
782.486389 0.000000 2806.416260 0.000000 0.383459 0.000000 -0.923558 0.432257 0.432257 0.432257
768.060242 0.000000 2775.982666 0.000000 0.355747 0.000000 -0.934582 0.432702 0.432702 0.432702
791.051941 0.000000 2770.782227 0.000000 0.136276 0.000000 -0.990671 0.436087 0.436087 0.436087
772.679565 0.000000 2781.970703 0.000000 0.003604 0.000000 -0.999994 0.438071 0.438071 0.438071
811.705322 0.000000 2795.122070 0.000000 0.321788 0.000000 -0.946812 0.433240 0.433240 0.433240
783.288574 0.000000 2782.272461 0.000000 0.409220 0.000000 -0.912436 0.431839 0.431839 0.431839
770.093750 0.000000 2778.800781 0.000000 0.392294 0.000000 -0.919840 0.432114 0.432114 0.432114
774.787415 0.000000 2772.625977 0.000000 0.107076 0.000000 -0.994251 0.507526 0.507526 0.507526
806.192993 0.000000 2829.925537 0.000000 0.328801 0.000000 -0.944399 0.416228 0.416228 0.416228
1370.413818 0.000000 2719.521484 0.000000 0.179639 0.000000 -0.983733 0.435432 0.435432 0.435432
1367.642456 0.000000 2718.668945 0.000000 0.088783 0.000000 -0.996051 0.553523 0.553523 0.553523
2169.517090 0.000000 2748.153320 0.000000 0.034924 0.000000 -0.999390 0.658443 0.658443 0.658443
2175.450684 0.000000 2775.663574 0.000000 0.054720 0.000000 -0.998502 0.420968 0.420968 0.420968
2172.870850 0.000000 2775.126953 0.000000 0.067803 0.000000 -0.997699 0.458595 0.458595 0.458595
2173.973633 0.000000 2771.709473 0.000000 0.062775 0.000000 -0.998028 0.499708 0.499708 0.499708
2172.241455 0.000000 2778.476807 0.000000 0.364673 0.000000 -0.931135 0.485422 0.485422 0.485422
2175.011719 0.000000 2777.096680 0.000000 0.559235 0.000000 -0.829009 0.521272 0.521272 0.521272
2220.424072 0.000000 2763.796143 0.000000 0.091563 0.000000 -0.995799 0.420679 0.420679 0.420679
2211.097656 0.000000 2753.350098 0.000000 0.368819 0.000000 -0.929501 0.434600 0.434600 0.434600
2238.782227 0.000000 2749.270020 0.000000 0.012373 0.000000 -0.999923 0.522421 0.522421 0.522421
2189.509277 0.000000 2749.026367 0.000000 0.435756 0.000000 -0.900065 0.539098 0.539098 0.539098
2212.453857 0.000000 2752.676514 0.000000 0.479325 0.000000 -0.877638 0.653191 0.653191 0.653191
2215.241699 0.000000 2764.149170 0.000000 0.394359 0.000000 -0.918957 0.662561 0.662561 0.662561
2213.444336 0.000000 2754.681641 0.000000 0.344913 0.000000 -0.938635 0.554101 0.554101 0.554101
2217.749756 0.000000 2764.397949 0.000000 0.304893 0.000000 -0.952387 0.748370 0.748370 0.748370
2217.663330 0.000000 2754.843994 0.000000 0.195718 0.000000 -0.980660 0.644839 0.644839 0.644839
2198.543701 0.000000 2755.336670 0.000000 0.391144 0.000000 -0.920330 0.749333 0.749333 0.749333
2217.895508 0.000000 2765.932129 0.000000 0.142794 0.000000 -0.989752 0.754759 0.754759 0.754759
2252.277832 0.000000 2766.506348 0.000000 0.101787 0.000000 -0.994806 0.436604 0.436604 0.436604
2255.857666 0.000000 2766.540283 0.000000 0.240520 0.000000 -0.970644 0.496347 0.496347 0.496347
2243.614258 0.000000 2753.828857 0.000000 0.280125 0.000000 -0.959964 0.512693 0.512693 0.512693
2240.022461 0.000000 2746.956787 0.000000 0.313067 0.000000 -0.949731 0.751652 0.751652 0.751652
2257.435547 0.000000 2755.164062 0.000000 0.102837 0.000000 -0.994698 0.605712 0.605712 0.605712
2259.485352 0.000000 2760.219482 0.000000 0.502186 0.000000 -0.864760 0.518449 0.518449 0.518449
2247.451660 0.000000 2758.967773 0.000000 0.260142 0.000000 -0.965570 0.719704 0.719704 0.719704
2248.949707 0.000000 2757.458496 0.000000 0.381725 0.000000 -0.924276 0.721712 0.721712 0.721712
2240.026367 0.000000 2748.367188 0.000000 0.124369 0.000000 -0.992236 0.561436 0.561436 0.561436
2244.258545 0.000000 2754.771973 0.000000 0.084301 0.000000 -0.996440 0.764420 0.764420 0.764420
2259.231201 0.000000 2756.571777 0.000000 0.372497 0.000000 -0.928033 0.656789 0.656789 0.656789
2257.039551 0.000000 2756.170410 0.000000 0.479503 0.000000 -0.877540 0.742288 0.742288 0.742288
2256.709717 0.000000 2767.239746 0.000000 0.395335 0.000000 -0.918537 0.671191 0.671191 0.671191
2260.261719 0.000000 2766.475342 0.000000 0.497928 0.000000 -0.867218 0.721383 0.721383 0.721383
2248.364258 0.000000 2758.316162 0.000000 0.270506 0.000000 -0.962718 0.751447 0.751447 0.751447
2242.095459 0.000000 2764.978516 0.000000 0.222585 0.000000 -0.974913 0.753291 0.753291 0.753291
2245.291992 0.000000 2755.042969 0.000000 0.111478 0.000000 -0.993767 0.763237 0.763237 0.763237
2247.129883 0.000000 2755.215576 0.000000 0.092895 0.000000 -0.995676 0.763917 0.763917 0.763917
2247.689453 0.000000 2766.662109 0.000000 0.026343 0.000000 -0.999653 0.638695 0.638695 0.638695
2249.177246 0.000000 2760.213867 0.000000 0.244660 0.000000 -0.969609 0.753549 0.753549 0.753549
2236.446777 0.000000 2771.992188 0.000000 0.245587 0.000000 -0.969375 0.498391 0.498391 0.498391
2198.478516 0.000000 2815.640869 0.000000 0.477819 0.000000 -0.878458 0.495799 0.495799 0.495799
2199.770020 0.000000 2813.291992 0.000000 0.160991 0.000000 -0.986956 0.606378 0.606378 0.606378
2184.949707 0.000000 2813.942871 0.000000 0.496570 0.000000 -0.867997 0.516471 0.516471 0.516471
2181.392334 0.000000 2770.461670 0.000000 0.413887 0.000000 -0.910328 0.590887 0.590887 0.590887
2186.229004 0.000000 2812.002197 0.000000 0.030328 0.000000 -0.999540 0.649684 0.649684 0.649684
2227.659180 0.000000 2791.850586 0.000000 0.100950 0.000000 -0.994891 0.765494 0.765494 0.765494
2180.237305 0.000000 2819.269043 0.000000 0.507331 0.000000 -0.861751 0.703745 0.703745 0.703745
2182.734863 0.000000 2817.788330 0.000000 0.026240 0.000000 -0.999656 0.696652 0.696652 0.696652
2229.369629 0.000000 2788.165527 0.000000 0.466138 0.000000 -0.884712 0.585140 0.585140 0.585140
2234.229980 0.000000 2779.555664 0.000000 0.539434 0.000000 -0.842028 0.717473 0.717473 0.717473
2190.093750 0.000000 2807.459961 0.000000 0.382871 0.000000 -0.923802 0.626190 0.626190 0.626190
2199.544434 0.000000 2820.525635 0.000000 0.373790 0.000000 -0.927513 0.700204 0.700204 0.700204
2222.684082 0.000000 2774.316895 0.000000 0.256732 0.000000 -0.966483 0.693405 0.693405 0.693405
2197.477051 0.000000 2821.171875 0.000000 0.504875 0.000000 -0.863192 0.729728 0.729728 0.729728
2180.418213 0.000000 2816.933594 0.000000 0.420772 0.000000 -0.907167 0.687623 0.687623 0.687623
2227.315430 0.000000 2788.822754 0.000000 0.464696 0.000000 -0.885470 0.668757 0.668757 0.668757
2270.946777 0.000000 2780.973389 0.000000 0.317429 0.000000 -0.948282 0.433309 0.433309 0.433309
2240.976074 0.000000 2768.254639 0.000000 0.116142 0.000000 -0.993233 0.490076 0.490076 0.490076
2253.914307 0.000000 2785.977539 0.000000 0.065513 0.000000 -0.997852 0.499657 0.499657 0.499657
2245.380859 0.000000 2767.892334 0.000000 0.323591 0.000000 -0.946197 0.520337 0.520337 0.520337
2268.418945 0.000000 2786.620850 0.000000 0.057373 0.000000 -0.998353 0.680017 0.680017 0.680017
2262.991211 0.000000 2780.013184 0.000000 0.136890 0.000000 -0.990586 0.763755 0.763755 0.763755
2257.984375 0.000000 2777.367920 0.000000 0.477426 0.000000 -0.878672 0.636097 0.636097 0.636097
2246.658936 0.000000 2767.774414 0.000000 0.578604 0.000000 -0.815609 0.622022 0.622022 0.622022
2263.363770 0.000000 2769.661621 0.000000 0.049278 0.000000 -0.998785 0.759826 0.759826 0.759826
2271.837402 0.000000 2774.542725 0.000000 0.539016 0.000000 -0.842296 0.678872 0.678872 0.678872
2260.728271 0.000000 2780.432861 0.000000 0.190786 0.000000 -0.981632 0.761445 0.761445 0.761445
2271.786865 0.000000 2783.823242 0.000000 0.574824 0.000000 -0.818277 0.647639 0.647639 0.647639
2256.342041 0.000000 2768.392578 0.000000 0.418766 0.000000 -0.908094 0.722438 0.722438 0.722438
2253.011963 0.000000 2787.115479 0.000000 0.131274 0.000000 -0.991346 0.756840 0.756840 0.756840
2271.077637 0.000000 2782.028809 0.000000 0.068851 0.000000 -0.997627 0.664091 0.664091 0.664091
2270.879883 0.000000 2783.079834 0.000000 0.551921 0.000000 -0.833896 0.648479 0.648479 0.648479
2248.579834 0.000000 2777.719971 0.000000 0.350088 0.000000 -0.936717 0.754061 0.754061 0.754061
2255.711182 0.000000 2777.591309 0.000000 0.503058 0.000000 -0.864253 0.680251 0.680251 0.680251
2248.833984 0.000000 2778.715088 0.000000 0.358680 0.000000 -0.933461 0.752179 0.752179 0.752179
2151.553711 0.000000 2841.421143 0.000000 0.529223 0.000000 -0.848483 0.413557 0.413557 0.413557
2162.335205 0.000000 2845.111816 0.000000 0.326960 0.000000 -0.945038 0.416686 0.416686 0.416686
2145.012207 0.000000 2834.431885 0.000000 0.357463 0.000000 -0.933927 0.594597 0.594597 0.594597
2166.458008 0.000000 2837.128174 0.000000 0.200130 0.000000 -0.979769 0.512170 0.512170 0.512170
2170.285400 0.000000 2840.637451 0.000000 0.453884 0.000000 -0.891061 0.619708 0.619708 0.619708
2171.795410 0.000000 2831.069336 0.000000 0.473853 0.000000 -0.880604 0.619083 0.619083 0.619083
2168.164062 0.000000 2837.141846 0.000000 0.472403 0.000000 -0.881383 0.651283 0.651283 0.651283
2169.227295 0.000000 2833.985840 0.000000 0.184716 0.000000 -0.982792 0.647362 0.647362 0.647362
2144.474365 0.000000 2835.447998 0.000000 0.236544 0.000000 -0.971621 0.597843 0.597843 0.597843
2170.394287 0.000000 2833.946289 0.000000 0.313764 0.000000 -0.949501 0.663051 0.663051 0.663051
2219.597168 0.000000 2826.243164 0.000000 0.343125 0.000000 -0.939290 0.416942 0.416942 0.416942
2176.943115 0.000000 2827.368164 0.000000 0.346686 0.000000 -0.937981 0.496401 0.496401 0.496401
2188.104736 0.000000 2835.614258 0.000000 0.565578 0.000000 -0.824695 0.620347 0.620347 0.620347
2613.727783 0.000000 2927.267334 0.000000 0.479944 0.000000 -0.877299 0.694050 0.694050 0.694050
2679.635498 0.000000 2912.986572 0.000000 0.244419 0.000000 -0.969670 0.707040 0.707040 0.707040
2652.055420 0.000000 2907.228027 0.000000 0.387922 0.000000 -0.921692 0.598053 0.598053 0.598053
2642.167725 0.000000 2898.971191 0.000000 0.387566 0.000000 -0.921842 0.628204 0.628204 0.628204
2665.787598 0.000000 2920.493408 0.000000 0.510143 0.000000 -0.860089 0.617927 0.617927 0.617927
2672.476318 0.000000 2928.536133 0.000000 0.099626 0.000000 -0.995025 0.692019 0.692019 0.692019
2705.435547 0.000000 2924.617188 0.000000 0.392997 0.000000 -0.919540 0.664772 0.664772 0.664772
2683.649170 0.000000 2958.700195 0.000000 0.317076 0.000000 -0.948400 0.467207 0.467207 0.467207
2637.933594 0.000000 2943.056396 0.000000 0.282368 0.000000 -0.959306 0.482733 0.482733 0.482733
2636.093750 0.000000 2945.275146 0.000000 0.270259 0.000000 -0.962788 0.538656 0.538656 0.538656
2666.449707 0.000000 2939.948486 0.000000 0.148977 0.000000 -0.988841 0.573931 0.573931 0.573931
2680.202881 0.000000 2954.144043 0.000000 0.112407 0.000000 -0.993662 0.671626 0.671626 0.671626
2680.864014 0.000000 2955.715576 0.000000 0.211424 0.000000 -0.977394 0.668517 0.668517 0.668517
2681.927490 0.000000 2955.514648 0.000000 0.197763 0.000000 -0.980250 0.668949 0.668949 0.668949
6141.733887 0.000000 542.569580 0.000000 0.210196 0.000000 -0.977659 0.417371 0.417371 0.417371
6122.452148 0.000000 543.293518 0.000000 0.408145 0.000000 -0.912917 0.415911 0.415911 0.415911
6114.441895 0.000000 542.322693 0.000000 0.206736 0.000000 -0.978397 0.420145 0.420145 0.420145
6120.804199 0.000000 542.483704 0.000000 0.526266 0.000000 -0.850320 0.465380 0.465380 0.465380
5867.534668 0.000000 1032.708496 0.000000 0.125769 0.000000 -0.992060 0.419621 0.419621 0.419621
5871.774902 0.000000 1035.907349 0.000000 0.494624 0.000000 -0.869107 0.414727 0.414727 0.414727
5877.305176 0.000000 1030.369629 0.000000 0.476311 0.000000 -0.879277 0.434908 0.434908 0.434908
5836.800293 0.000000 1027.281494 0.000000 0.014100 0.000000 -0.999901 0.455148 0.455148 0.455148
5864.031738 0.000000 1124.753662 0.000000 0.299381 0.000000 -0.954134 0.516574 0.516574 0.516574
5949.733887 0.000000 1050.928955 0.000000 0.193751 0.000000 -0.981051 0.417586 0.417586 0.417586
5892.015137 0.000000 1022.805847 0.000000 0.518300 0.000000 -0.855199 0.414241 0.414241 0.414241
5908.471191 0.000000 1038.544312 0.000000 0.230786 0.000000 -0.973004 0.426160 0.426160 0.426160
5895.854492 0.000000 1027.466797 0.000000 0.384093 0.000000 -0.923295 0.449103 0.449103 0.449103
5957.188477 0.000000 1059.458862 0.000000 0.531197 0.000000 -0.847248 0.425608 0.425608 0.425608
5895.852051 0.000000 1110.380615 0.000000 0.017608 0.000000 -0.999845 0.421559 0.421559 0.421559
5937.047363 0.000000 1082.027588 0.000000 0.059947 0.000000 -0.998202 0.452267 0.452267 0.452267
5920.706543 0.000000 1077.352417 0.000000 0.228211 0.000000 -0.973612 0.485873 0.485873 0.485873
5932.527832 0.000000 1081.186890 0.000000 0.122112 0.000000 -0.992516 0.481351 0.481351 0.481351
5954.759766 0.000000 1082.317749 0.000000 0.221935 0.000000 -0.975062 0.418697 0.418697 0.418697
5954.523438 0.000000 1087.618042 0.000000 0.372192 0.000000 -0.928156 0.424019 0.424019 0.424019
5963.945801 0.000000 1095.271606 0.000000 0.547792 0.000000 -0.836615 0.435730 0.435730 0.435730
5976.170898 0.000000 1084.703979 0.000000 0.310854 0.000000 -0.950458 0.509921 0.509921 0.509921
6118.885742 0.000000 1117.364868 0.000000 0.263710 0.000000 -0.964602 0.418165 0.418165 0.418165
6143.835938 0.000000 1077.687256 0.000000 0.290399 0.000000 -0.956906 0.417650 0.417650 0.417650
6116.710938 0.000000 1122.699707 0.000000 0.352550 0.000000 -0.935793 0.492031 0.492031 0.492031
6117.666016 0.000000 1121.038940 0.000000 0.457549 0.000000 -0.889185 0.513142 0.513142 0.513142
5808.763672 0.000000 1169.493896 0.000000 0.455766 0.000000 -0.890099 0.414632 0.414632 0.414632
5799.451172 0.000000 1144.682983 0.000000 0.079744 0.000000 -0.996815 0.428368 0.428368 0.428368
5864.628906 0.000000 1135.827759 0.000000 0.141262 0.000000 -0.989972 0.423211 0.423211 0.423211
5881.789062 0.000000 1149.049316 0.000000 0.538031 0.000000 -0.842925 0.435907 0.435907 0.435907
5903.660156 0.000000 1180.852783 0.000000 0.265105 0.000000 -0.964219 0.417624 0.417624 0.417624
5899.346680 0.000000 1177.651489 0.000000 0.582422 0.000000 -0.812886 0.413269 0.413269 0.413269
5926.058105 0.000000 1145.989990 0.000000 0.546709 0.000000 -0.837322 0.462877 0.462877 0.462877
6120.221680 0.000000 1150.130737 0.000000 0.547650 0.000000 -0.836708 0.413462 0.413462 0.413462
6111.885254 0.000000 1148.877563 0.000000 0.429859 0.000000 -0.902896 0.415749 0.415749 0.415749
6114.304199 0.000000 1145.787354 0.000000 0.350850 0.000000 -0.936432 0.422243 0.422243 0.422243
6129.258789 0.000000 1223.628906 0.000000 0.240783 0.000000 -0.970579 0.419653 0.419653 0.419653
6132.512207 0.000000 1252.510620 0.000000 0.014337 0.000000 -0.999897 0.455144 0.455144 0.455144
6168.763672 0.000000 482.606171 0.000000 0.296111 0.000000 -0.955153 0.417060 0.417060 0.417060
6192.749512 0.000000 474.482635 0.000000 0.367037 0.000000 -0.930206 0.426204 0.426204 0.426204
6172.897949 0.000000 473.513916 0.000000 0.540285 0.000000 -0.841482 0.437951 0.437951 0.437951
6195.232422 0.000000 471.228912 0.000000 0.383500 0.000000 -0.923541 0.457555 0.457555 0.457555
6205.407227 0.000000 545.742920 0.000000 0.085581 0.000000 -0.996331 0.479840 0.479840 0.479840
6224.764160 0.000000 524.311340 0.000000 0.151848 0.000000 -0.988404 0.419334 0.419334 0.419334
6227.362793 0.000000 573.155396 0.000000 0.376120 0.000000 -0.926571 0.468256 0.468256 0.468256
6224.717773 0.000000 577.180908 0.000000 0.462590 0.000000 -0.886572 0.491906 0.491906 0.491906
6181.993652 0.000000 1102.766479 0.000000 0.111151 0.000000 -0.993804 0.419092 0.419092 0.419092
6163.958008 0.000000 1079.915649 0.000000 0.097185 0.000000 -0.995266 0.420379 0.420379 0.420379
6260.503418 0.000000 1127.620728 0.000000 0.517666 0.000000 -0.855583 0.414251 0.414251 0.414251
6258.714844 0.000000 1123.676025 0.000000 0.585477 0.000000 -0.810689 0.416350 0.416350 0.416350
6245.505371 0.000000 1128.890747 0.000000 0.027201 0.000000 -0.999630 0.421580 0.421580 0.421580
6253.061035 0.000000 1122.145874 0.000000 0.393896 0.000000 -0.919155 0.503932 0.503932 0.503932
6252.225586 0.000000 1119.437500 0.000000 0.010801 0.000000 -0.999942 0.531184 0.531184 0.531184
6246.916016 0.000000 1129.150879 0.000000 0.186098 0.000000 -0.982531 0.531867 0.531867 0.531867
6248.031738 0.000000 1124.753662 0.000000 0.247581 0.000000 -0.968867 0.521950 0.521950 0.521950
6277.348633 0.000000 1081.644897 0.000000 0.267662 0.000000 -0.963513 0.417069 0.417069 0.417069
6312.327148 0.000000 1095.474976 0.000000 0.401827 0.000000 -0.915716 0.453011 0.453011 0.453011
6290.442871 0.000000 1089.582275 0.000000 0.504003 0.000000 -0.863702 0.465823 0.465823 0.465823
6313.506836 0.000000 1092.918945 0.000000 0.259076 0.000000 -0.965857 0.575585 0.575585 0.575585
6312.704102 0.000000 1090.349365 0.000000 0.360815 0.000000 -0.932637 0.566573 0.566573 0.566573
6384.446289 0.000000 1084.033936 0.000000 0.204495 0.000000 -0.978868 0.418127 0.418127 0.418127
6394.107422 0.000000 1128.403564 0.000000 0.146199 0.000000 -0.989255 0.419341 0.419341 0.419341
6395.279297 0.000000 1098.404663 0.000000 0.223503 0.000000 -0.974703 0.418809 0.418809 0.418809
6359.550293 0.000000 1114.992065 0.000000 0.422186 0.000000 -0.906509 0.415867 0.415867 0.415867
6371.248535 0.000000 1087.564453 0.000000 0.286211 0.000000 -0.958167 0.465628 0.465628 0.465628
6397.768066 0.000000 1100.401245 0.000000 0.028406 0.000000 -0.999596 0.565827 0.565827 0.565827
6404.645020 0.000000 1117.817017 0.000000 0.331373 0.000000 -0.943500 0.471194 0.471194 0.471194
6181.084961 0.000000 1144.485107 0.000000 0.260594 0.000000 -0.965449 0.416904 0.416904 0.416904
6169.550293 0.000000 1141.288940 0.000000 0.210164 0.000000 -0.977666 0.417779 0.417779 0.417779
6174.946777 0.000000 1142.926514 0.000000 0.363882 0.000000 -0.931445 0.422043 0.422043 0.422043
6196.417969 0.000000 1160.012573 0.000000 0.253608 0.000000 -0.967307 0.440669 0.440669 0.440669
6199.775879 0.000000 1157.412476 0.000000 0.551330 0.000000 -0.834287 0.435665 0.435665 0.435665
6179.805176 0.000000 1148.601807 0.000000 0.521265 0.000000 -0.853395 0.457107 0.457107 0.457107
6167.132812 0.000000 1167.636230 0.000000 0.564652 0.000000 -0.825329 0.462511 0.462511 0.462511
6256.887695 0.000000 1154.562988 0.000000 0.458621 0.000000 -0.888632 0.414535 0.414535 0.414535
6267.742676 0.000000 1167.364502 0.000000 0.107062 0.000000 -0.994252 0.419438 0.419438 0.419438
6262.755859 0.000000 1155.782959 0.000000 0.440688 0.000000 -0.897661 0.414801 0.414801 0.414801
6247.451172 0.000000 1144.682983 0.000000 0.278857 0.000000 -0.960333 0.431793 0.431793 0.431793
6243.914551 0.000000 1158.446655 0.000000 0.494916 0.000000 -0.868941 0.451327 0.451327 0.451327
6243.805176 0.000000 1148.601807 0.000000 0.219042 0.000000 -0.975715 0.456124 0.456124 0.456124
6241.556152 0.000000 1156.361816 0.000000 0.389899 0.000000 -0.920857 0.461663 0.461663 0.461663
6239.589355 0.000000 1159.732544 0.000000 0.137358 0.000000 -0.990521 0.459608 0.459608 0.459608
6164.724609 0.000000 1215.872314 0.000000 0.538936 0.000000 -0.842347 0.413953 0.413953 0.413953
6179.886719 0.000000 1216.796387 0.000000 0.217713 0.000000 -0.976013 0.422108 0.422108 0.422108
6158.486328 0.000000 1224.853638 0.000000 0.232949 0.000000 -0.972489 0.434619 0.434619 0.434619
6180.845703 0.000000 1232.151733 0.000000 0.462611 0.000000 -0.886562 0.443528 0.443528 0.443528
6181.990723 0.000000 1222.809204 0.000000 0.420958 0.000000 -0.907080 0.437948 0.437948 0.437948
6161.260742 0.000000 1228.736206 0.000000 0.040005 0.000000 -0.999199 0.467673 0.467673 0.467673
6162.458496 0.000000 1221.267822 0.000000 0.279281 0.000000 -0.960209 0.493462 0.493462 0.493462
6162.405762 0.000000 1225.936035 0.000000 0.328355 0.000000 -0.944554 0.569539 0.569539 0.569539
6239.429199 0.000000 1210.099976 0.000000 0.157732 0.000000 -0.987482 0.446439 0.446439 0.446439
6283.269531 0.000000 1139.017578 0.000000 0.499050 0.000000 -0.866573 0.414132 0.414132 0.414132
6280.096191 0.000000 1131.872559 0.000000 0.187150 0.000000 -0.982331 0.463063 0.463063 0.463063
6336.290527 0.000000 1164.052612 0.000000 0.455749 0.000000 -0.890108 0.414030 0.414030 0.414030
6391.370605 0.000000 1163.342896 0.000000 0.160071 0.000000 -0.987106 0.422941 0.422941 0.422941
6371.024414 0.000000 1150.259644 0.000000 0.407269 0.000000 -0.913308 0.416096 0.416096 0.416096
6392.373535 0.000000 1129.825928 0.000000 0.117905 0.000000 -0.993025 0.420236 0.420236 0.420236
6373.593262 0.000000 1171.898193 0.000000 0.014509 0.000000 -0.999895 0.422870 0.422870 0.422870
6376.581055 0.000000 1159.951904 0.000000 0.542590 0.000000 -0.839998 0.423328 0.423328 0.423328
6337.798828 0.000000 1179.626587 0.000000 0.510224 0.000000 -0.860041 0.440585 0.440585 0.440585
6342.066895 0.000000 1162.822998 0.000000 0.388917 0.000000 -0.921273 0.459570 0.459570 0.459570
6394.259766 0.000000 1155.819702 0.000000 0.015838 0.000000 -0.999875 0.550764 0.550764 0.550764
6324.969238 0.000000 1190.529785 0.000000 0.234282 0.000000 -0.972169 0.418255 0.418255 0.418255
6289.307129 0.000000 1197.117798 0.000000 0.475514 0.000000 -0.879708 0.416104 0.416104 0.416104
6278.483887 0.000000 1205.104248 0.000000 0.420691 0.000000 -0.907204 0.444260 0.444260 0.444260
6321.566406 0.000000 1193.354492 0.000000 0.282919 0.000000 -0.959144 0.489122 0.489122 0.489122
6326.250977 0.000000 1213.935181 0.000000 0.565766 0.000000 -0.824566 0.495940 0.495940 0.495940
6362.844238 0.000000 1187.889404 0.000000 0.223694 0.000000 -0.974659 0.417665 0.417665 0.417665
6358.302246 0.000000 1191.225952 0.000000 0.293717 0.000000 -0.955892 0.416840 0.416840 0.416840
6338.200195 0.000000 1202.791138 0.000000 0.070409 0.000000 -0.997518 0.465011 0.465011 0.465011
6337.541504 0.000000 1207.335938 0.000000 0.065117 0.000000 -0.997878 0.452185 0.452185 0.452185
6379.041992 0.000000 1195.042603 0.000000 0.012928 0.000000 -0.999916 0.453009 0.453009 0.453009
6386.149902 0.000000 1195.458374 0.000000 0.492802 0.000000 -0.870141 0.629168 0.629168 0.629168
6389.175781 0.000000 1193.796631 0.000000 0.208096 0.000000 -0.978108 0.620402 0.620402 0.620402
6401.116211 0.000000 1166.186768 0.000000 0.313983 0.000000 -0.949429 0.418581 0.418581 0.418581
4778.333984 0.000000 2907.796875 0.000000 0.210383 0.000000 -0.977619 0.613789 0.613789 0.613789
4779.478516 0.000000 2907.031006 0.000000 0.070224 0.000000 -0.997531 0.617578 0.617578 0.617578
4988.194824 0.000000 2803.323486 0.000000 0.124535 0.000000 -0.992215 0.451243 0.451243 0.451243
4991.198730 0.000000 2802.754395 0.000000 0.510625 0.000000 -0.859804 0.478277 0.478277 0.478277
5005.813477 0.000000 2792.775391 0.000000 0.095506 0.000000 -0.995429 0.586156 0.586156 0.586156
4987.234375 0.000000 2828.590820 0.000000 0.131785 0.000000 -0.991278 0.756442 0.756442 0.756442
4985.652832 0.000000 2829.777344 0.000000 0.286971 0.000000 -0.957939 0.745163 0.745163 0.745163
4605.523438 0.000000 3346.163574 0.000000 0.024386 0.000000 -0.999703 0.485241 0.485241 0.485241
4607.538574 0.000000 3347.063232 0.000000 0.021352 0.000000 -0.999772 0.517883 0.517883 0.517883
4611.569824 0.000000 3346.222412 0.000000 0.122258 0.000000 -0.992498 0.578939 0.578939 0.578939
4880.434082 0.000000 3362.639404 0.000000 0.308029 0.000000 -0.951377 0.417520 0.417520 0.417520
4874.621582 0.000000 3359.794189 0.000000 0.277745 0.000000 -0.960655 0.536340 0.536340 0.536340
5414.885742 0.000000 2924.864746 0.000000 0.453742 0.000000 -0.891133 0.415047 0.415047 0.415047
5413.573730 0.000000 2892.207275 0.000000 0.445160 0.000000 -0.895451 0.477499 0.477499 0.477499
5419.855957 0.000000 2920.277344 0.000000 0.113892 0.000000 -0.993493 0.546433 0.546433 0.546433
5416.307617 0.000000 2912.295654 0.000000 0.545460 0.000000 -0.838137 0.509001 0.509001 0.509001
5440.026367 0.000000 2917.820312 0.000000 0.289462 0.000000 -0.957190 0.553274 0.553274 0.553274
5957.635742 0.000000 2834.596680 0.000000 0.146161 0.000000 -0.989261 0.763463 0.763463 0.763463
7294.128906 0.000000 2492.173096 0.000000 0.362103 0.000000 -0.932138 0.551543 0.551543 0.551543
7289.621582 0.000000 2518.203369 0.000000 0.148052 0.000000 -0.988980 0.759401 0.759401 0.759401
7291.613770 0.000000 2516.519775 0.000000 0.046887 0.000000 -0.998900 0.547897 0.547897 0.547897
7295.449219 0.000000 2502.870361 0.000000 0.117154 0.000000 -0.993114 0.583435 0.583435 0.583435
7288.393555 0.000000 2518.455078 0.000000 0.001465 0.000000 -0.999999 0.765547 0.765547 0.765547
7290.592285 0.000000 2490.452148 0.000000 0.425930 0.000000 -0.904756 0.659330 0.659330 0.659330
7289.621094 0.000000 2520.954590 0.000000 0.281555 0.000000 -0.959545 0.743167 0.743167 0.743167
7349.852051 0.000000 2539.578857 0.000000 0.163187 0.000000 -0.986595 0.534518 0.534518 0.534518
7311.355469 0.000000 2486.915771 0.000000 0.305845 0.000000 -0.952081 0.749983 0.749983 0.749983
7308.047363 0.000000 2492.194336 0.000000 0.079064 0.000000 -0.996870 0.756567 0.756567 0.756567
7355.660156 0.000000 2534.853760 0.000000 0.552764 0.000000 -0.833338 0.743900 0.743900 0.743900
7308.998047 0.000000 2487.171631 0.000000 0.169715 0.000000 -0.985493 0.755059 0.755059 0.755059
7307.722656 0.000000 2495.651367 0.000000 0.041875 0.000000 -0.999123 0.768133 0.768133 0.768133
7303.645996 0.000000 2527.133545 0.000000 0.322313 0.000000 -0.946633 0.755376 0.755376 0.755376
7307.797363 0.000000 2487.169434 0.000000 0.449847 0.000000 -0.893106 0.744383 0.744383 0.744383
7296.017578 0.000000 2500.048340 0.000000 0.396205 0.000000 -0.918162 0.751846 0.751846 0.751846
7356.064453 0.000000 2536.990967 0.000000 0.424896 0.000000 -0.905242 0.745498 0.745498 0.745498
7354.349609 0.000000 2548.072266 0.000000 0.265000 0.000000 -0.964248 0.538773 0.538773 0.538773
7335.969727 0.000000 2549.721680 0.000000 0.432177 0.000000 -0.901789 0.748906 0.748906 0.748906
7341.578613 0.000000 2553.855225 0.000000 0.358106 0.000000 -0.933681 0.747153 0.747153 0.747153
7342.579590 0.000000 2544.463135 0.000000 0.284684 0.000000 -0.958621 0.663990 0.663990 0.663990
7331.462891 0.000000 2548.418457 0.000000 0.144274 0.000000 -0.989538 0.763548 0.763548 0.763548
7356.557129 0.000000 2547.063721 0.000000 0.560198 0.000000 -0.828358 0.643918 0.643918 0.643918
7396.267090 0.000000 2566.687500 0.000000 0.296903 0.000000 -0.954908 0.442099 0.442099 0.442099
7398.447266 0.000000 2568.287598 0.000000 0.010324 0.000000 -0.999947 0.557462 0.557462 0.557462
7388.418945 0.000000 2560.683350 0.000000 0.026727 0.000000 -0.999643 0.767460 0.767460 0.767460
7394.075684 0.000000 2573.058105 0.000000 0.023355 0.000000 -0.999727 0.765444 0.765444 0.765444
7361.904785 0.000000 2559.633545 0.000000 0.378648 0.000000 -0.925541 0.726200 0.726200 0.726200
7401.289551 0.000000 2567.209717 0.000000 0.529742 0.000000 -0.848159 0.745120 0.745120 0.745120
7393.640625 0.000000 2558.948730 0.000000 0.382599 0.000000 -0.923914 0.752504 0.752504 0.752504
7365.485352 0.000000 2561.221436 0.000000 0.285336 0.000000 -0.958428 0.592219 0.592219 0.592219
7392.597168 0.000000 2571.229004 0.000000 0.358976 0.000000 -0.933347 0.588100 0.588100 0.588100
6164.586426 0.000000 3597.819580 0.000000 0.031716 0.000000 -0.999497 0.594329 0.594329 0.594329
7351.950684 0.000000 2737.228516 0.000000 0.062551 0.000000 -0.998042 0.760094 0.760094 0.760094
7370.621582 0.000000 2738.466064 0.000000 0.172676 0.000000 -0.984979 0.762266 0.762266 0.762266
7375.678223 0.000000 2747.667236 0.000000 0.576577 0.000000 -0.817043 0.730859 0.730859 0.730859
7373.189453 0.000000 2739.290771 0.000000 0.272581 0.000000 -0.962133 0.757584 0.757584 0.757584
7375.086426 0.000000 2748.785400 0.000000 0.525698 0.000000 -0.850671 0.579173 0.579173 0.579173
7366.752930 0.000000 2741.445557 0.000000 0.058940 0.000000 -0.998262 0.761031 0.761031 0.761031
7333.938965 0.000000 2859.620117 0.000000 0.005673 0.000000 -0.999984 0.765371 0.765371 0.765371
7333.796387 0.000000 2856.661621 0.000000 0.352623 0.000000 -0.935765 0.629266 0.629266 0.629266
7349.240234 0.000000 2866.461670 0.000000 0.118175 0.000000 -0.992993 0.756219 0.756219 0.756219
7351.944824 0.000000 2878.863281 0.000000 0.042390 0.000000 -0.999101 0.700596 0.700596 0.700596
7734.014648 0.000000 2942.707520 0.000000 0.473795 0.000000 -0.880635 0.508548 0.508548 0.508548
"}
